Time,Longitude,Latitude,Altitude,Roll (deg),Pitch (deg),Yaw (deg),Health
0.0,128.182147,37.92003,4571.9990856,0.514,0.087,90.05,1.0
0.1,128.182376,37.92003,4571.8030992,2.783,1.064,90.218,1.0
0.2,128.182606,37.92003,4571.4428256,6.679,2.413,90.462,1.0
0.3,128.182837,37.92003,4570.966118400001,11.952,3.96,90.827,1.0
0.4,128.183069,37.92003,4570.4260128,18.322,5.659,91.399,1.0
0.5,128.183302,37.92003,4569.873105600001,25.465,7.462,92.266,1.0
0.6,128.183536,37.92003,4569.353116800001,33.015,9.171,93.425,1.0
0.7,128.18377,37.920028,4568.9142048,39.872,10.583,94.734,1.0
0.8,128.184005,37.920025,4568.653296,43.948,11.75,96.086,1.0
0.9,128.18424,37.920019,4568.6630496,44.338,12.763,97.436,1.0
1.0,128.184475,37.920011,4569.015703200001,41.594,13.706,98.75,1.0
1.1,128.184708,37.919999,4569.69876,36.882,14.657,99.975,1.0
1.2,128.184942,37.919984,4570.6930176000005,31.523,15.663,101.048,1.0
1.3,128.185174,37.919968,4571.996647200001,26.437,16.739,101.928,1.0
1.4,128.185406,37.91995,4573.6273272,22.049,17.88,102.605,1.0
1.5,128.185637,37.91993,4575.5945064,18.646,19.071,103.108,1.0
1.6,128.185868,37.919909,4577.88264,16.642,20.289,103.487,1.0
1.7,128.186097,37.919886,4580.4926424000005,16.032,21.512,103.783,1.0
1.8,128.186326,37.919863,4583.4812064,15.95,22.724,104.015,1.0
1.9,128.186553,37.919838,4586.887346400001,15.729,23.927,104.217,1.0
2.0,128.186778,37.919812,4590.7168536,15.148,25.132,104.412,1.0
2.1,128.187001,37.919785,4594.9611936,14.233,26.348,104.604,1.0
2.2,128.187223,37.919757,4599.609393600001,13.105,27.577,104.783,1.0
2.3,128.187442,37.919728,4604.6544432,11.863,28.818,104.936,1.0
2.4,128.187659,37.919699,4610.0945136,10.543,30.068,105.052,1.0
2.5,128.187875,37.919669,4615.9305192,9.132,31.328,105.123,1.0
2.6,128.188088,37.919638,4622.1636792,7.599,32.596,105.142,1.0
2.7,128.188298,37.919607,4628.794908,5.917,33.874,105.099,1.0
2.8,128.188506,37.919576,4635.8229864,4.08,35.161,104.979,1.0
2.9,128.188712,37.919545,4643.243952,2.103,36.458,104.769,1.0
3.0,128.188915,37.919514,4651.0501848,0.025,37.76,104.461,1.0
3.1,128.189115,37.919483,4659.222177600001,-2.001,39.063,104.058,1.0
3.2,128.189313,37.919453,4667.726402400001,-3.616,40.36,103.58,1.0
3.3,128.189509,37.919424,4676.5360368,-4.604,41.639,103.047,1.0
3.4,128.189702,37.919395,4685.653824,-5.158,42.889,102.478,1.0
3.5,128.189893,37.919366,4695.0831168,-5.53,44.111,101.895,1.0
3.6,128.190081,37.919338,4704.8208672,-5.897,45.311,101.317,1.0
3.7,128.190266,37.919312,4714.8591504000005,-6.343,46.495,100.748,1.0
3.8,128.190448,37.919285,4725.187908,-6.896,47.666,100.188,1.0
3.9,128.190628,37.91926,4735.7967768,-7.553,48.826,99.631,1.0
4.0,128.190804,37.919236,4746.6753936000005,-8.299,49.975,99.067,1.0
4.1,128.190978,37.919212,4757.8130904,-9.109,51.112,98.488,1.0
4.2,128.191149,37.919189,4769.1998088,-9.952,52.236,97.889,1.0
4.3,128.191317,37.919167,4780.8264048,-10.8,53.346,97.265,1.0
4.4,128.191482,37.919146,4792.6855632,-11.665,54.442,96.611,1.0
4.5,128.191644,37.919126,4804.7717976,-12.577,55.523,95.923,1.0
4.6,128.191804,37.919107,4817.0793168,-13.574,56.59,95.194,1.0
4.7,128.19196,37.919089,4829.603244000001,-14.706,57.643,94.417,1.0
4.8,128.192112,37.919073,4842.3390072,-16.022,58.684,93.58,1.0
4.9,128.192262,37.919057,4855.284168,-17.597,59.715,92.676,1.0
5.0,128.192408,37.919043,4868.438116800001,-19.565,60.738,91.691,1.0
5.1,128.19255,37.91903,4881.8008536,-22.065,61.753,90.59,1.0
5.2,128.192689,37.919018,4895.365368,-25.113,62.755,89.326,1.0
5.3,128.192823,37.919008,4909.119468,-28.627,63.739,87.854,1.0
5.4,128.192955,37.919,4923.0494376,-32.5,64.691,86.123,1.0
5.5,128.193082,37.918994,4937.138208,-36.591,65.595,84.094,1.0
5.6,128.193206,37.918989,4951.370844,-40.776,66.436,81.751,1.0
5.7,128.193327,37.918987,4965.7305816,-44.925,67.2,79.103,1.0
5.8,128.193445,37.918986,4980.2024856,-48.902,67.881,76.182,1.0
5.9,128.193559,37.918987,4994.7725352,-52.597,68.477,73.038,1.0
6.0,128.193671,37.918991,5009.427624000001,-55.891,68.994,69.734,1.0
6.1,128.19378,37.918996,5024.156474400001,-58.685,69.442,66.336,1.0
6.2,128.193886,37.919003,5038.9529904,-60.977,69.836,62.908,1.0
6.3,128.19399,37.919011,5053.8122952,-62.824,70.193,59.5,1.0
6.4,128.19409,37.919022,5068.728597600001,-64.298,70.532,56.143,1.0
6.5,128.194188,37.919033,5083.6973256,-65.51,70.866,52.859,1.0
6.6,128.194284,37.919047,5098.7136024,-66.594,71.206,49.653,1.0
6.7,128.194376,37.919062,5113.773465600001,-67.666,71.558,46.514,1.0
6.8,128.194466,37.919078,5128.872038400001,-68.805,71.924,43.421,1.0
6.9,128.194553,37.919095,5144.0047488,-70.037,72.301,40.353,1.0
7.0,128.194637,37.919114,5159.167024800001,-71.357,72.686,37.292,1.0
7.1,128.194719,37.919133,5174.354904,-72.757,73.073,34.226,1.0
7.2,128.194798,37.919154,5189.565033600001,-74.24,73.456,31.145,1.0
7.3,128.194874,37.919175,5204.7934512,-75.817,73.83,28.042,1.0
7.4,128.194948,37.919198,5220.038328000001,-77.514,74.19,24.905,1.0
7.5,128.195019,37.919221,5235.2975304,-79.428,74.533,21.724,1.0
7.6,128.195087,37.919245,5250.5713632,-81.779,74.848,18.474,1.0
7.7,128.195152,37.919269,5265.8570832000005,-84.684,75.129,15.116,1.0
7.8,128.195214,37.919295,5281.1510328,-88.04,75.363,11.621,1.0
7.9,128.195272,37.919321,5296.4480304,-91.709,75.537,7.997,1.0
8.0,128.195328,37.919348,5311.7444184000005,-95.56,75.639,4.278,1.0
8.1,128.195381,37.919375,5327.0347104,-99.456,75.661,0.509,1.0
8.2,128.19543,37.919403,5342.3152488,-103.235,75.604,356.743,1.0
8.3,128.195477,37.919431,5357.581156800001,-106.752,75.47,353.032,1.0
8.4,128.19552,37.919461,5372.8290816,-109.937,75.268,349.423,1.0
8.5,128.195561,37.91949,5388.054451200001,-112.771,75.008,345.944,1.0
8.6,128.195599,37.919521,5403.2539128,-115.289,74.7,342.606,1.0
8.7,128.195634,37.919551,5418.4238088,-117.558,74.352,339.409,1.0
8.8,128.195666,37.919583,5433.5607864,-119.623,73.973,336.342,1.0
8.9,128.195695,37.919614,5448.6624071999995,-121.495,73.572,333.389,1.0
9.0,128.195721,37.919646,5463.725928000001,-123.165,73.156,330.539,1.0
9.1,128.195745,37.919678,5478.74952,-124.629,72.731,327.787,1.0
9.2,128.195766,37.919711,5493.73044,-125.898,72.302,325.125,1.0
9.3,128.195785,37.919744,5508.6674688,-126.988,71.877,322.543,1.0
9.4,128.195801,37.919777,5523.5590824,-127.911,71.459,320.031,1.0
9.5,128.195815,37.91981,5538.4034520000005,-128.692,71.052,317.58,1.0
9.6,128.195826,37.919843,5553.1993584,-129.362,70.66,315.178,1.0
9.7,128.195835,37.919876,5567.9449728,-129.956,70.284,312.816,1.0
9.8,128.195842,37.919909,5582.6396856,-130.497,69.925,310.484,1.0
9.9,128.195846,37.919942,5597.2819728,-130.992,69.584,308.175,1.0
10.0,128.195848,37.919975,5611.870310400001,-131.423,69.26,305.881,1.0
10.1,128.195848,37.920008,5626.4040888,-131.77,68.954,303.592,1.0
10.2,128.195846,37.92004,5640.8811744,-132.014,68.677,301.345,1.0
10.3,128.195841,37.920073,5655.299738400001,-132.103,68.475,299.272,1.0
10.4,128.195834,37.920105,5669.658256800001,-132.015,68.388,297.475,1.0
10.5,128.195825,37.920136,5683.9573392,-131.815,68.403,295.888,1.0
10.6,128.195814,37.920167,5698.198814400001,-131.581,68.48,294.389,1.0
10.7,128.195801,37.920198,5712.383901600001,-131.373,68.585,292.886,1.0
10.8,128.195785,37.920228,5726.5144296,-131.216,68.695,291.322,1.0
10.9,128.195768,37.920257,5740.5919224,-131.105,68.79,289.675,1.0
11.0,128.195749,37.920286,5754.615465600001,-131.107,68.84,287.891,1.0
11.1,128.195727,37.920314,5768.582316,-131.747,68.754,285.807,1.0
11.2,128.195704,37.920341,5782.484244,-133.753,68.435,283.361,1.0
11.3,128.195678,37.920367,5796.3118008,-136.746,67.931,280.82,1.0
11.4,128.195649,37.920392,5810.0595,-140.362,67.273,278.379,1.0
11.5,128.195618,37.920416,5823.7242936,-144.069,66.501,276.159,1.0
11.6,128.195585,37.920439,5837.3098392,-146.884,65.703,274.241,1.0
11.7,128.19555,37.920461,5850.824061599999,-148.251,65.007,272.735,1.0
11.8,128.195513,37.920483,5864.2693992,-148.39,64.415,271.576,1.0
11.9,128.195475,37.920504,5877.64128,-147.704,63.866,270.622,1.0
12.0,128.195434,37.920523,5890.9333032,-146.745,63.278,269.715,1.0
12.1,128.195391,37.920542,5904.134191200001,-146.187,62.574,268.742,1.0
12.2,128.195347,37.92056,5917.2320568000005,-146.414,61.744,267.686,1.0
12.3,128.195299,37.920577,5930.2232424,-147.369,60.831,266.595,1.0
12.4,128.19525,37.920592,5943.103176,-148.943,59.861,265.518,1.0
12.5,128.195198,37.920606,5955.868504800001,-151.004,58.848,264.498,1.0
12.6,128.195145,37.920619,5968.5164856,-153.313,57.801,263.56,1.0
12.7,128.195089,37.920631,5981.0526048,-155.392,56.742,262.714,1.0
12.8,128.195031,37.920642,5993.484787200001,-156.796,55.725,261.981,1.0
12.9,128.194972,37.920652,6005.817300000001,-157.336,54.806,261.38,1.0
13.0,128.194911,37.920662,6018.0470952000005,-157.102,53.978,260.882,1.0
13.1,128.194848,37.920671,6030.1686864,-156.326,53.207,260.444,1.0
13.2,128.194783,37.920679,6042.1750632,-155.301,52.447,260.018,1.0
13.3,128.194717,37.920686,6054.057386400001,-154.355,51.644,259.556,1.0
13.4,128.194649,37.920692,6065.8062072,-153.798,50.768,259.036,1.0
13.5,128.194579,37.920696,6077.412991200001,-153.781,49.832,258.473,1.0
13.6,128.194506,37.9207,6088.8749952,-154.286,48.853,257.887,1.0
13.7,128.194432,37.920702,6100.1919144,-155.189,47.844,257.295,1.0
13.8,128.194356,37.920704,6111.3643584,-156.314,46.812,256.714,1.0
13.9,128.194279,37.920704,6122.392936800001,-157.493,45.764,256.158,1.0
14.0,128.194199,37.920704,6133.2782592,-158.581,44.704,255.634,1.0
14.1,128.194119,37.920702,6144.0206304,-159.445,43.64,255.148,1.0
14.2,128.194036,37.9207,6154.6206600000005,-159.988,42.585,254.701,1.0
14.3,128.193952,37.920697,6165.0771288000005,-160.181,41.548,254.29,1.0
14.4,128.193866,37.920692,6175.3860744,-160.066,40.526,253.906,1.0
14.5,128.193779,37.920687,6185.5423152,-159.736,39.511,253.536,1.0
14.6,128.19369,37.920681,6195.54006,-159.304,38.496,253.172,1.0
14.7,128.193599,37.920674,6205.3738224,-158.879,37.483,252.809,1.0
14.8,128.193507,37.920667,6215.0393352,-158.54,36.474,252.444,1.0
14.9,128.193414,37.920658,6224.5335504,-158.323,35.467,252.076,1.0
15.0,128.193319,37.920648,6233.8546392,-158.237,34.461,251.702,1.0
15.1,128.193222,37.920637,6243.001382400001,-158.265,33.454,251.324,1.0
15.2,128.193124,37.920625,6251.9731704000005,-158.373,32.445,250.944,1.0
15.3,128.193025,37.920612,6260.7696984,-158.519,31.434,250.563,1.0
15.4,128.192924,37.920598,6269.3906615999995,-158.661,30.42,250.183,1.0
15.5,128.192822,37.920583,6277.835450400001,-158.759,29.404,249.805,1.0
15.6,128.192718,37.920568,6286.103760000001,-158.778,28.387,249.429,1.0
15.7,128.192614,37.920551,6294.194676,-158.694,27.369,249.055,1.0
15.8,128.192508,37.920533,6302.1075888,-158.492,26.352,248.681,1.0
15.9,128.192401,37.920515,6309.840974400001,-158.175,25.337,248.306,1.0
16.0,128.192292,37.920495,6317.3930040000005,-157.761,24.326,247.928,1.0
16.1,128.192183,37.920475,6324.760629599999,-157.273,23.319,247.545,1.0
16.2,128.192073,37.920454,6331.9423272,-156.738,22.317,247.155,1.0
16.3,128.191961,37.920432,6338.9359632000005,-156.182,21.321,246.756,1.0
16.4,128.191848,37.920409,6345.739708800001,-155.623,20.33,246.346,1.0
16.5,128.191735,37.920384,6352.3526496,-155.072,19.344,245.926,1.0
16.6,128.19162,37.920359,6358.773261599999,-154.533,18.364,245.494,1.0
16.7,128.191504,37.920333,6365.0009352,-154.002,17.388,245.05,1.0
16.8,128.191388,37.920306,6371.035365600001,-153.471,16.418,244.594,1.0
16.9,128.19127,37.920278,6376.875333600001,-152.93,15.453,244.127,1.0
17.0,128.191152,37.920249,6382.521144,-152.367,14.492,243.648,1.0
17.1,128.191033,37.920219,6387.9718824,-151.77,13.538,243.158,1.0
17.2,128.190913,37.920188,6393.2269392,-151.132,12.589,242.656,1.0
17.3,128.190793,37.920156,6398.2857048000005,-150.448,11.647,242.143,1.0
17.4,128.190671,37.920123,6403.147874400001,-149.712,10.713,241.619,1.0
17.5,128.190549,37.920089,6407.813448,-148.917,9.787,241.082,1.0
17.6,128.190427,37.920054,6412.281511200001,-148.059,8.87,240.531,1.0
17.7,128.190303,37.920018,6416.552064,-147.137,7.964,239.967,1.0
17.8,128.19018,37.919981,6420.624192,-146.162,7.07,239.389,1.0
17.9,128.190056,37.919943,6424.4963712,-145.148,6.188,238.796,1.0
18.0,128.189931,37.919904,6428.1682968000005,-144.109,5.32,238.188,1.0
18.1,128.189806,37.919864,6431.6390544000005,-143.055,4.465,237.564,1.0
18.2,128.18968,37.919823,6434.907424800001,-142.008,3.624,236.925,1.0
18.3,128.189554,37.91978,6437.971579200001,-141.004,2.796,236.272,1.0
18.4,128.189428,37.919737,6440.8281648,-140.088,1.978,235.607,1.0
18.5,128.189302,37.919692,6443.4747431999995,-139.304,1.168,234.93,1.0
18.6,128.189176,37.919646,6445.9091808,-138.681,0.363,234.245,1.0
18.7,128.189049,37.919599,6448.1296488,-138.229,-0.441,233.553,1.0
18.8,128.188923,37.919551,6450.136452000001,-137.912,-1.248,232.856,1.0
18.9,128.188796,37.919501,6451.930504800001,-137.668,-2.06,232.155,1.0
19.0,128.188669,37.91945,6453.513636000001,-137.416,-2.876,231.452,1.0
19.1,128.188543,37.919398,6454.887369600001,-137.077,-3.698,230.747,1.0
19.2,128.188416,37.919345,6456.054144,-136.58,-4.522,230.04,1.0
19.3,128.18829,37.919291,6457.015178400001,-135.874,-5.345,229.331,1.0
19.4,128.188164,37.919235,6457.770777600001,-134.936,-6.162,228.617,1.0
19.5,128.188038,37.919179,6458.3218560000005,-133.763,-6.969,227.896,1.0
19.6,128.187912,37.919121,6458.6674992,-132.382,-7.76,227.166,1.0
19.7,128.187786,37.919062,6458.8061832,-130.868,-8.53,226.425,1.0
19.8,128.187661,37.919002,6458.734250400001,-129.358,-9.279,225.673,1.0
19.9,128.187536,37.918941,6458.446214400001,-128.05,-10.011,224.912,1.0
20.0,128.187412,37.918878,6457.9359792000005,-127.118,-10.734,224.141,1.0
20.1,128.187288,37.918814,6457.2038496000005,-126.576,-11.454,223.358,1.0
20.2,128.187166,37.918749,6456.253483200001,-126.301,-12.174,222.56,1.0
20.3,128.187044,37.918682,6455.0900616,-126.13,-12.895,221.749,0.9904768939885151
20.4,128.186923,37.918614,6453.715718400001,-125.945,-13.619,220.926,0.9596149619394059
20.5,128.186802,37.918545,6452.129234399999,-125.704,-14.35,220.097,0.9253011162271962
20.6,128.186682,37.918474,6450.330609600001,-125.391,-15.09,219.267,0.8875272640322187
20.7,128.186564,37.918402,6448.3195392,-124.967,-15.845,218.44,0.8462798222240804
20.8,128.186446,37.918329,6446.097547200001,-124.39,-16.622,217.622,0.801555863412235
20.9,128.186328,37.918255,6443.6661576,-123.605,-17.411,216.808,0.7533419303230856
21.0,128.186212,37.91818,6441.029332800001,-122.564,-18.202,215.99,0.7016291972005221
21.1,128.186097,37.918104,6438.1892064,-121.27,-18.981,215.162,0.6464106935448206
21.2,128.185983,37.918026,6435.1454736000005,-119.808,-19.741,214.323,0.5876844301455337
21.3,128.18587,37.917948,6431.897524800001,-118.323,-20.477,213.47,0.5254479086913572
21.4,128.185759,37.917868,6428.4447504,-116.962,-21.187,212.602,0.4596975393850882
21.5,128.185649,37.917787,6424.788064800001,-115.828,-21.874,211.716,0.39043903821051346
21.6,128.18554,37.917705,6420.9283824,-114.969,-22.539,210.811,0.39043903821051346
21.7,128.185433,37.917622,6416.8669224000005,-114.42,-23.19,209.887,0.39043903821051346
21.8,128.185328,37.917537,6412.602465600001,-114.262,-23.837,208.947,0.39043903821051346
21.9,128.185225,37.917452,6408.132573600001,-114.576,-24.494,207.995,0.39043903821051346
22.0,128.185124,37.917366,6403.4572464,-115.302,-25.173,207.032,0.39043903821051346
22.1,128.185024,37.917278,6398.575569600001,-116.326,-25.883,206.064,0.39043903821051346
22.2,128.184927,37.91719,6393.4866288,-117.53,-26.633,205.095,0.39043903821051346
22.3,128.184831,37.917101,6388.1892048,-118.793,-27.426,204.131,0.39043903821051346
22.4,128.184738,37.917011,6382.682078400001,-119.953,-28.262,203.174,0.39043903821051346
22.5,128.184646,37.91692,6376.966164,-120.803,-29.135,202.222,0.39043903821051346
22.6,128.184556,37.916828,6371.041156800001,-121.231,-30.035,201.275,0.39043903821051346
22.7,128.184468,37.916736,6364.900351200001,-121.462,-30.963,200.337,0.39043903821051346
22.8,128.184382,37.916644,6358.536432000001,-121.75,-31.917,199.406,0.39043903821051346
22.9,128.184299,37.91655,6351.9426936,-122.122,-32.88,198.47,0.39043903821051346
23.0,128.184217,37.916456,6345.1121256,-122.561,-33.827,197.514,0.39043903821051346
23.1,128.184138,37.916362,6338.0483856,-122.814,-34.763,196.534,0.39043903821051346
23.2,128.18406,37.916267,6330.7597032,-122.557,-35.691,195.53,0.39043903821051346
23.3,128.183985,37.916171,6323.2445544,-121.874,-36.626,194.519,0.39043903821051346
23.4,128.183912,37.916075,6315.4983672,-120.974,-37.569,193.506,0.39043903821051346
23.5,128.183841,37.915979,6307.5180936,-120.111,-38.513,192.483,0.39043903821051346
23.6,128.183772,37.915882,6299.303124000001,-119.505,-39.454,191.438,0.39043903821051346
23.7,128.183706,37.915785,6290.855287200001,-119.182,-40.385,190.362,0.39043903821051346
23.8,128.183642,37.915688,6282.1751928,-119.14,-41.307,189.251,0.39043903821051346
23.9,128.183581,37.91559,6273.263450400001,-119.363,-42.219,188.103,0.39043903821051346
24.0,128.183523,37.915493,6264.1182312,-119.821,-43.119,186.916,0.39043903821051346
24.1,128.183467,37.915395,6254.737706400001,-120.465,-44.013,185.695,0.39043903821051346
24.2,128.183414,37.915298,6245.1212663999995,-121.235,-44.913,184.447,0.39043903821051346
24.3,128.183364,37.915201,6235.267082400001,-122.068,-45.829,183.18,0.39043903821051346
24.4,128.183316,37.915104,6225.17424,-122.905,-46.771,181.9,0.39043903821051346
24.5,128.183271,37.915007,6214.841520000001,-123.703,-47.744,180.611,0.39043903821051346
24.6,128.183228,37.914911,6204.2686176,-124.425,-48.75,179.313,0.39043903821051346
24.7,128.183188,37.914815,6193.4561424,-125.05,-49.787,178.003,0.39043903821051346
24.8,128.18315,37.91472,6182.402265600001,-125.566,-50.851,176.679,0.39043903821051346
24.9,128.183115,37.914625,6171.1045488,-125.973,-51.939,175.34,0.39043903821051346
25.0,128.183083,37.914532,6159.5608584,-126.276,-53.044,173.981,0.39043903821051346
25.1,128.183053,37.914439,6147.77028,-126.483,-54.164,172.595,0.39043903821051346
25.2,128.183026,37.914347,6135.7331184,-126.602,-55.292,171.174,0.39043903821051346
25.3,128.183001,37.914256,6123.4490688000005,-126.643,-56.424,169.713,0.39043903821051346
25.4,128.182979,37.914166,6110.919045600001,-126.613,-57.557,168.202,0.39043903821051346
25.5,128.182959,37.914078,6098.1439632,-126.52,-58.689,166.635,0.39043903821051346
25.6,128.182941,37.91399,6085.1256504,-126.37,-59.817,165.005,0.39043903821051346
25.7,128.182926,37.913905,6071.866850400001,-126.167,-60.94,163.304,0.39043903821051346
25.8,128.182913,37.91382,6058.3700016,-125.91,-62.057,161.525,0.39043903821051346
25.9,128.182903,37.913738,6044.637542400001,-125.6,-63.168,159.659,0.39043903821051346
26.0,128.182895,37.913657,6030.6713016,-125.232,-64.271,157.699,0.39043903821051346
26.1,128.182889,37.913578,6016.4737176,-124.797,-65.364,155.634,0.39043903821051346
26.2,128.182886,37.913501,6002.046924,-124.282,-66.449,153.452,0.39043903821051346
26.3,128.182884,37.913426,5987.3933592,-123.673,-67.523,151.14,0.39043903821051346
26.4,128.182885,37.913353,5972.5157664,-122.95,-68.585,148.68,0.39043903821051346
26.5,128.182887,37.913282,5957.4178032,-122.088,-69.634,146.054,0.39043903821051346
26.6,128.182892,37.913213,5942.1025176,-121.062,-70.667,143.239,0.39043903821051346
26.7,128.182898,37.913147,5926.5735672,-119.84,-71.681,140.205,0.39043903821051346
26.8,128.182906,37.913083,5910.8346096000005,-118.384,-72.673,136.922,0.39043903821051346
26.9,128.182915,37.913022,5894.889912,-116.652,-73.638,133.35,0.39043903821051346
27.0,128.182926,37.912964,5878.7434368,-114.597,-74.57,129.442,0.39043903821051346
27.1,128.182939,37.912908,5862.399146400001,-112.166,-75.461,125.144,0.39043903821051346
27.2,128.182953,37.912856,5845.8619176,-109.303,-76.301,120.398,0.39043903821051346
27.3,128.182968,37.912806,5829.136322400001,-105.953,-77.077,115.146,0.39043903821051346
27.4,128.182985,37.91276,5812.227847200001,-102.069,-77.775,109.337,0.39043903821051346
27.5,128.183002,37.912717,5795.142283200001,-97.621,-78.376,102.94,0.39043903821051346
27.6,128.18302,37.912677,5777.8863360000005,-92.616,-78.865,95.961,0.39043903821051346
27.7,128.183039,37.912641,5760.463968,-87.106,-79.226,88.459,0.39043903821051346
27.8,128.183058,37.912609,5742.8779224,-81.148,-79.472,80.523,0.39043903821051346
27.9,128.183078,37.91258,5725.131247200001,-74.783,-79.616,72.219,0.39043903821051346
28.0,128.183098,37.912555,5707.230038400001,-68.007,-79.665,63.586,0.39043903821051346
28.1,128.183118,37.912533,5689.180696800001,-60.712,-79.619,54.656,0.39043903821051346
28.2,128.183138,37.912515,5670.991452000001,-52.887,-79.469,45.492,0.39043903821051346
28.3,128.183157,37.912501,5652.670228800001,-44.726,-79.187,36.271,0.39043903821051346
28.4,128.183177,37.91249,5634.2215992,-36.595,-78.742,27.304,0.39043903821051346
28.5,128.183196,37.912482,5615.65044,-28.989,-78.107,19.041,0.39043903821051346
28.6,128.183214,37.912477,5596.961932800001,-22.398,-77.291,11.867,0.39043903821051346
28.7,128.183232,37.912476,5578.161868800001,-17.152,-76.327,6.005,0.39043903821051346
28.8,128.183249,37.912477,5559.2542104,-13.38,-75.263,1.502,0.39043903821051346
28.9,128.183265,37.912481,5540.2432248000005,-11.052,-74.146,358.269,0.39043903821051346
29.0,128.18328,37.912487,5521.132874400001,-9.979,-73.009,356.147,0.39043903821051346
29.1,128.183294,37.912497,5501.929255200001,-9.873,-71.871,354.944,0.39043903821051346
29.2,128.183307,37.912509,5482.639072800001,-10.394,-70.741,354.461,0.39043903821051346
29.3,128.183319,37.912524,5463.2711664,-11.203,-69.619,354.506,0.39043903821051346
29.4,128.18333,37.912542,5443.8358992,-12.005,-68.496,354.908,0.39043903821051346
29.5,128.183339,37.912563,5424.3448536,-12.58,-67.368,355.522,0.39043903821051346
29.6,128.183348,37.912587,5404.8105264,-12.75,-66.235,356.203,0.39043903821051346
29.7,128.183355,37.912615,5385.2484624,-12.379,-65.105,356.799,0.39043903821051346
29.8,128.183361,37.912646,5365.6735968,-11.41,-63.99,357.171,0.39043903821051346
29.9,128.183366,37.91268,5346.1029984,-9.951,-62.896,357.254,0.39043903821051346
30.0,128.18337,37.912719,5326.551297600001,-8.336,-61.808,357.126,0.39043903821051346
30.1,128.183374,37.912761,5307.0294672,-6.93,-60.711,356.928,0.39043903821051346
30.2,128.183376,37.912807,5287.5466512,-5.937,-59.591,356.762,0.39043903821051346
30.3,128.183377,37.912857,5268.1104696,-5.359,-58.45,356.649,0.39043903821051346
30.4,128.183378,37.912911,5248.727323200001,-5.095,-57.292,356.576,0.39043903821051346
30.5,128.183378,37.912969,5229.406051200001,-5.03,-56.125,356.521,0.39043903821051346
30.6,128.183378,37.91303,5210.155188000001,-5.064,-54.951,356.469,0.39043903821051346
30.7,128.183376,37.913095,5190.984792,-5.125,-53.775,356.41,0.39043903821051346
30.8,128.183374,37.913163,5171.9046167999995,-5.172,-52.599,356.342,0.39043903821051346
30.9,128.183372,37.913235,5152.9262448,-5.182,-51.422,356.264,0.39043903821051346
31.0,128.183368,37.913311,5134.0606488,-5.151,-50.245,356.178,0.39043903821051346
31.1,128.183364,37.913391,5115.319106400001,-5.083,-49.068,356.088,0.39043903821051346
31.2,128.183359,37.913474,5096.7128952,-4.989,-47.888,355.995,0.39043903821051346
31.3,128.183354,37.91356,5078.252988000001,-4.876,-46.707,355.903,0.39043903821051346
31.4,128.183347,37.913651,5059.9509672,-4.758,-45.523,355.811,0.39043903821051346
31.5,128.18334,37.913745,5041.817805600001,-4.643,-44.336,355.722,0.39043903821051346
31.6,128.183333,37.913842,5023.8638664,-4.533,-43.147,355.636,0.39043903821051346
31.7,128.183324,37.913943,5006.1004272,-4.429,-41.955,355.552,0.39043903821051346
31.8,128.183315,37.914048,4988.5372416,-4.328,-40.761,355.472,0.39043903821051346
31.9,128.183305,37.914156,4971.1846728,-4.223,-39.568,355.395,0.39043903821051346
32.0,128.183295,37.914268,4954.0524744,-4.114,-38.384,355.322,0.39043903821051346
32.1,128.183283,37.914383,4937.1504,-4.005,-37.21,355.254,0.39043903821051346
32.2,128.183271,37.914501,4920.488508,-3.9,-36.047,355.189,0.39043903821051346
32.3,128.183259,37.914622,4904.0899632,-3.99,-34.875,355.11,0.39043903821051346
32.4,128.183246,37.914748,4888.008105600001,-4.944,-33.674,354.972,0.39043903821051346
32.5,128.183231,37.914877,4872.2953608,-6.73,-32.507,354.798,0.39043903821051346
32.6,128.183216,37.915009,4856.8740048,-7.683,-31.426,354.655,0.39043903821051346
32.7,128.1832,37.915144,4841.700756,-7.874,-30.375,354.481,0.39043903821051346
32.8,128.183183,37.915281,4826.7935976,-7.611,-29.34,354.288,0.39043903821051346
32.9,128.183165,37.915422,4812.1680744000005,-7.145,-28.314,354.094,0.39043903821051346
33.0,128.183147,37.915565,4797.8467416,-6.765,-27.27,353.901,0.39043903821051346
33.1,128.183127,37.915711,4783.8774528,-7.145,-26.118,353.663,0.39043903821051346
33.2,128.183106,37.915861,4770.3391512,-9.027,-24.817,353.338,0.39043903821051346
33.3,128.183083,37.916013,4757.2281792,-11.311,-23.563,353.019,0.39043903821051346
33.4,128.18306,37.916167,4744.445172,-11.992,-22.497,352.765,0.39043903821051346
33.5,128.183035,37.916324,4731.9456288,-11.798,-21.468,352.469,0.39043903821051346
33.6,128.183009,37.916483,4719.7496664,-11.177,-20.455,352.162,0.39043903821051346
33.7,128.182981,37.916644,4707.873744,-10.421,-19.446,351.87,0.39043903821051346
33.8,128.182953,37.916807,4696.3443792,-9.893,-18.401,351.58,0.39043903821051346
33.9,128.182923,37.916972,4685.22558,-10.346,-17.21,351.238,0.39043903821051346
34.0,128.182891,37.917139,4674.5871456,-12.323,-15.851,350.811,0.39043903821051346
34.1,128.182858,37.917309,4664.404692,-14.666,-14.555,350.396,0.39043903821051346
34.2,128.182823,37.91748,4654.5691008,-15.404,-13.462,350.057,0.39043903821051346
34.3,128.182787,37.917652,4645.044405600001,-15.234,-12.428,349.684,0.39043903821051346
34.4,128.182749,37.917826,4635.8568192,-14.634,-11.418,349.303,0.39043903821051346
34.5,128.18271,37.918002,4627.0218864,-13.906,-10.415,348.935,0.39043903821051346
34.6,128.182669,37.918178,4618.5682584,-13.475,-9.372,348.562,0.39043903821051346
34.7,128.182627,37.918356,4610.5703064,-14.157,-8.196,348.126,0.39043903821051346
34.8,128.182582,37.918536,4603.065216,-16.171,-6.913,347.622,0.39043903821051346
34.9,128.182536,37.918716,4595.9865408000005,-18.209,-5.695,347.142,0.39043903821051346
35.0,128.182488,37.918897,4589.241012,-18.928,-4.623,346.71,0.39043903821051346
35.1,128.182438,37.919079,4582.8365544,-18.864,-3.608,346.256,0.39043903821051346
35.2,128.182387,37.919262,4576.7987712,-18.466,-2.615,345.793,0.39043903821051346
35.3,128.182333,37.919445,4571.141378400001,-18.005,-1.624,345.335,0.39043903821051346
35.4,128.182278,37.919629,4565.8905888,-17.878,-0.595,344.862,0.39043903821051346
35.5,128.182221,37.919813,4561.1067528,-18.757,0.517,344.33,0.39043903821051346
35.6,128.182162,37.919998,4556.7862128,-20.517,1.684,343.754,0.39043903821051346
35.7,128.1821,37.920183,4552.8634368,-22.152,2.817,343.186,0.39043903821051346
35.8,128.182037,37.920368,4549.285389600001,-22.945,3.87,342.635,0.39043903821051346
35.9,128.181972,37.920553,4546.0697496,-23.186,4.877,342.065,0.39043903821051346
36.0,128.181904,37.920738,4543.2332808,-23.195,5.868,341.482,0.39043903821051346
36.1,128.181835,37.920922,4540.7848224,-23.163,6.857,340.894,0.39043903821051346
36.2,128.181764,37.921107,4538.7405288,-23.324,7.861,340.292,0.39043903821051346
36.3,128.18169,37.921291,4537.128441600001,-24.035,8.901,339.652,0.39043903821051346
36.4,128.181614,37.921474,4535.941855200001,-25.251,9.967,338.977,0.39043903821051346
36.5,128.181536,37.921656,4535.1490704,-26.557,11.028,338.285,0.39043903821051346
36.6,128.181456,37.921839,4534.717168800001,-27.515,12.057,337.587,0.39043903821051346
36.7,128.181373,37.92202,4534.6415784,-28.047,13.053,336.88,0.39043903821051346
36.8,128.181289,37.9222,4534.9341864,-28.379,14.032,336.154,0.39043903821051346
36.9,128.181202,37.922379,4535.602003200001,-28.675,15.005,335.413,0.39043903821051346
37.0,128.181113,37.922558,4536.6560016,-29.132,15.985,334.649,0.39043903821051346
37.1,128.181022,37.922735,4538.1038016,-29.907,16.977,333.853,0.39043903821051346
37.2,128.180929,37.92291,4539.936259200001,-30.952,17.976,333.027,0.39043903821051346
37.3,128.180833,37.923084,4542.132952800001,-32.029,18.966,332.18,0.39043903821051346
37.4,128.180735,37.923257,4544.6749848,-32.908,19.935,331.32,0.39043903821051346
37.5,128.180635,37.923427,4547.556259200001,-33.539,20.878,330.447,0.39043903821051346
37.6,128.180533,37.923597,4550.7783,-34.026,21.801,329.56,0.39043903821051346
37.7,128.180428,37.923764,4554.3441552,-34.5,22.713,328.657,0.39043903821051346
37.8,128.180322,37.92393,4558.258092000001,-35.101,23.622,327.731,0.39043903821051346
37.9,128.180213,37.924093,4562.5185864000005,-35.909,24.53,326.777,0.39043903821051346
38.0,128.180102,37.924254,4567.1167992,-36.886,25.436,325.794,0.39043903821051346
38.1,128.179989,37.924414,4572.036271200001,-37.871,26.328,324.79,0.39043903821051346
38.2,128.179874,37.924571,4577.261152800001,-38.702,27.198,323.775,0.39043903821051346
38.3,128.179757,37.924725,4582.783824,-39.332,28.044,322.751,0.39043903821051346
38.4,128.179638,37.924878,4588.604284800001,-39.856,28.873,321.711,0.39043903821051346
38.5,128.179517,37.925027,4594.7261928,-40.438,29.695,320.647,0.39043903821051346
38.6,128.179394,37.925175,4601.149548,-41.199,30.518,319.55,0.39043903821051346
38.7,128.179269,37.925319,4607.8679496,-42.137,31.343,318.415,0.39043903821051346
38.8,128.179142,37.925461,4614.868596,-43.135,32.165,317.248,0.39043903821051346
38.9,128.179013,37.925601,4622.138076,-44.05,32.972,316.058,0.39043903821051346
39.0,128.178883,37.925737,4629.6702936,-44.837,33.753,314.856,0.39043903821051346
39.1,128.178751,37.925871,4637.46342,-45.571,34.505,313.646,0.39043903821051346
39.2,128.178617,37.926002,4645.516236,-46.342,35.233,312.424,0.39043903821051346
39.3,128.178482,37.92613,4653.8232552,-47.181,35.939,311.192,0.39043903821051346
39.4,128.178345,37.926254,4662.371676000001,-47.991,36.624,309.955,0.39043903821051346
39.5,128.178206,37.926377,4671.144734400001,-48.588,37.295,308.716,0.39043903821051346
39.6,128.178066,37.926496,4680.1296288,-48.86,37.975,307.457,0.39043903821051346
39.7,128.177925,37.926613,4689.3187392,-48.791,38.699,306.14,0.39043903821051346
39.8,128.177782,37.926726,4698.7047504,-48.322,39.476,304.777,0.382057887152383
39.9,128.177639,37.926838,4708.2846144000005,-47.423,40.272,303.443,0.3540659563089882
40.0,128.177494,37.926946,4718.0757048000005,-46.779,41.06,302.144,0.3218051906451261
40.1,128.177349,37.927051,4728.1319712,-47.604,41.814,300.848,0.31010238937577383
40.2,128.177202,37.927151,4738.4686536,-49.866,42.547,299.512,0.31010238937577383
40.3,128.177055,37.927248,4749.065330400001,-53.283,43.244,298.072,0.31010238937577383
40.4,128.176908,37.92734,4759.8872544000005,-56.913,43.899,296.513,0.31010238937577383
40.5,128.176759,37.927429,4770.871332000001,-58.981,44.53,294.862,0.31010238937577383
40.6,128.17661,37.927515,4781.9803776,-59.565,45.106,293.143,0.31010238937577383
40.7,128.17646,37.927598,4793.243652,-60.049,45.597,291.4,0.31010238937577383
40.8,128.17631,37.927677,4804.690416,-61.471,46.02,289.644,0.31010238937577383
40.9,128.176159,37.927751,4816.3127448000005,-63.81,46.406,287.85,0.31010238937577383
41.0,128.176007,37.927821,4828.0889976,-66.842,46.748,285.985,0.31010238937577383
41.1,128.175855,37.927887,4839.990828000001,-70.101,47.031,284.04,0.31010238937577383
41.2,128.175702,37.927949,4851.9962904,-73.299,47.234,282.028,0.31010238937577383
41.3,128.175549,37.928007,4864.0861824,-76.258,47.349,279.966,0.31010238937577383
41.4,128.175396,37.928061,4876.2446544,-78.895,47.378,277.876,0.31010238937577383
41.5,128.175241,37.928111,4888.4576856,-81.249,47.33,275.779,0.31010238937577383
41.6,128.175086,37.928158,4900.7124744,-83.374,47.216,273.686,0.31010238937577383
41.7,128.174931,37.9282,4912.9974384,-85.295,47.047,271.609,0.31010238937577383
41.8,128.174775,37.928238,4925.3009952,-87.032,46.834,269.553,0.31010238937577383
41.9,128.174619,37.928273,4937.6133912000005,-88.648,46.583,267.523,0.31010238937577383
42.0,128.174462,37.928303,4949.9254824,-90.22,46.296,265.521,0.31010238937577383
42.1,128.174306,37.928329,4962.2272104,-91.773,45.978,263.547,0.31010238937577383
42.2,128.174149,37.928352,4974.5091264,-93.318,45.628,261.602,0.31010238937577383
42.3,128.173991,37.92837,4986.7617816,-94.88,45.244,259.686,0.31010238937577383
42.4,128.173834,37.928384,4998.9763368,-96.573,44.792,257.806,0.31010238937577383
42.5,128.173677,37.928394,5011.1384664,-98.735,44.24,255.968,0.31010238937577383
42.6,128.17352,37.9284,5023.2295776,-101.422,43.642,254.15,0.31010238937577383
42.7,128.173363,37.928401,5035.2295536,-104.56,43.004,252.349,0.31010238937577383
42.8,128.173207,37.928398,5047.119801600001,-107.979,42.289,250.581,0.31010238937577383
42.9,128.17305,37.928391,5058.8808144,-111.537,41.479,248.864,0.31010238937577383
43.0,128.172894,37.92838,5070.492170400001,-115.117,40.564,247.214,0.31010238937577383
43.1,128.172737,37.928364,5081.9346672,-118.628,39.541,245.647,0.31010238937577383
43.2,128.172581,37.928345,5093.188188000001,-122.016,38.413,244.173,0.31010238937577383
43.3,128.172424,37.928322,5104.2344448,-125.258,37.184,242.801,0.31010238937577383
43.4,128.172268,37.928296,5115.0548448,-128.349,35.865,241.533,0.31010238937577383
43.5,128.172111,37.928265,5125.6320144,-131.297,34.466,240.371,0.31010238937577383
43.6,128.171954,37.928232,5135.9494944,-134.115,32.997,239.311,0.31010238937577383
43.7,128.171797,37.928195,5145.9911304,-136.811,31.466,238.354,0.31010238937577383
43.8,128.171639,37.928154,5155.7413776,-139.396,29.877,237.501,0.31010238937577383
43.9,128.171481,37.928111,5165.185605600001,-141.884,28.235,236.751,0.31010238937577383
44.0,128.171323,37.928064,5174.308879200001,-144.3,26.547,236.1,0.31010238937577383
44.1,128.171164,37.928014,5183.0974824,-146.672,24.821,235.541,0.31010238937577383
44.2,128.171005,37.927962,5191.5376992,-149.028,23.065,235.068,0.31010238937577383
44.3,128.170846,37.927907,5199.6164232,-151.395,21.285,234.674,0.31010238937577383
44.4,128.170686,37.927849,5207.320548,-153.797,19.489,234.352,0.31010238937577383
44.5,128.170526,37.927789,5214.638796,-156.252,17.68,234.095,0.31010238937577383
44.6,128.170365,37.927727,5221.5592799999995,-158.77,15.863,233.901,0.31010238937577383
44.7,128.170204,37.927663,5228.0716368,-161.358,14.041,233.766,0.31010238937577383
44.8,128.170042,37.927597,5234.165808,-164.013,12.215,233.691,0.31010238937577383
44.9,128.16988,37.927529,5239.833259200001,-166.719,10.384,233.683,0.31010238937577383
45.0,128.169717,37.927459,5245.0651512,-169.458,8.548,233.754,0.31010238937577383
45.1,128.169554,37.927389,5249.855083200001,-172.221,6.708,233.909,0.31010238937577383
45.2,128.16939,37.927317,5254.1960448,-175.007,4.865,234.152,0.31010238937577383
45.3,128.169225,37.927244,5258.083464,-177.822,3.025,234.481,0.31010238937577383
45.4,128.16906,37.92717,5261.512464,179.326,1.193,234.9,0.31010238937577383
45.5,128.168894,37.927096,5264.479996800001,176.432,-0.623,235.407,0.31010238937577383
45.6,128.168727,37.927021,5266.983624,173.485,-2.421,236.003,0.31010238937577383
45.7,128.16856,37.926946,5269.0221264,170.477,-4.192,236.688,0.31010238937577383
45.8,128.168392,37.926871,5270.609524800001,167.519,-5.931,237.456,0.31010238937577383
45.9,128.168223,37.926796,5271.7702032,164.836,-7.63,238.296,0.31010238937577383
46.0,128.168054,37.926722,5272.4910552,162.263,-9.276,239.207,0.31010238937577383
46.1,128.167884,37.926648,5272.7745192,159.745,-10.865,240.182,0.31010238937577383
46.2,128.167713,37.926575,5272.640711999999,157.432,-12.4,241.208,0.31010238937577383
46.3,128.167542,37.926503,5272.1085312000005,155.478,-13.881,242.271,0.31010238937577383
46.4,128.16737,37.926431,5271.170356800001,153.745,-15.306,243.367,0.31010238937577383
46.5,128.167197,37.926361,5269.819788000001,152.09,-16.679,244.487,0.31010238937577383
46.6,128.167024,37.926291,5268.0522528,150.391,-18.005,245.627,0.31010238937577383
46.7,128.16685,37.926223,5265.8640936,148.54,-19.288,246.789,0.31010238937577383
46.8,128.166676,37.926157,5263.2525672,146.43,-20.528,247.981,0.31010238937577383
46.9,128.166501,37.926093,5260.212492000001,143.93,-21.725,249.215,0.31010238937577383
47.0,128.166326,37.92603,5256.743563200001,140.94,-22.871,250.508,0.31010238937577383
47.1,128.16615,37.92597,5252.8579728,137.497,-23.96,251.874,0.31010238937577383
47.2,128.165975,37.925911,5248.570351200001,133.662,-24.979,253.327,0.31010238937577383
47.3,128.165799,37.925856,5243.8971576,129.497,-25.912,254.873,0.31010238937577383
47.4,128.165622,37.925803,5238.8569848,125.066,-26.743,256.515,0.31010238937577383
47.5,128.165445,37.925753,5233.4702544,120.426,-27.455,258.25,0.31010238937577383
47.6,128.165268,37.925705,5227.7595216,115.632,-28.036,260.069,0.31010238937577383
47.7,128.16509,37.925661,5221.7488656000005,110.732,-28.472,261.959,0.31010238937577383
47.8,128.164912,37.92562,5215.4644992,105.768,-28.757,263.903,0.31010238937577383
47.9,128.164733,37.925582,5208.9335496,100.778,-28.884,265.88,0.31010238937577383
48.0,128.164553,37.925548,5202.1834488,95.795,-28.851,267.868,0.31010238937577383
48.1,128.164373,37.925517,5195.2446768,90.933,-28.662,269.843,0.31010238937577383
48.2,128.164192,37.92549,5188.1461896,86.615,-28.336,271.783,0.31010238937577383
48.3,128.164011,37.925465,5180.909018400001,83.441,-27.895,273.664,0.31010238937577383
48.4,128.163829,37.925442,5173.5438312,81.592,-27.37,275.458,0.31010238937577383
48.5,128.163646,37.925422,5166.0603816,80.901,-26.828,277.15,0.31010238937577383
48.6,128.163463,37.925405,5158.4629368000005,81.326,-26.343,278.747,0.31010238937577383
48.7,128.163278,37.925389,5150.7518016,82.675,-25.959,280.256,0.31010238937577383
48.8,128.163093,37.925377,5142.9260616,84.596,-25.694,281.683,0.31010238937577383
48.9,128.162908,37.925367,5134.983888000001,86.607,-25.553,283.044,0.31010238937577383
49.0,128.162722,37.925359,5126.9213184,88.235,-25.527,284.358,0.31010238937577383
49.1,128.162536,37.925356,5118.7337808,89.22,-25.599,285.646,0.31010238937577383
49.2,128.16235,37.925354,5110.4188368000005,89.597,-25.751,286.925,0.31010238937577383
49.3,128.162164,37.925356,5101.974048,89.634,-25.963,288.199,0.31010238937577383
49.4,128.161977,37.92536,5093.399414400001,89.656,-26.219,289.461,0.31010238937577383
49.5,128.161791,37.925367,5084.6946312,89.911,-26.505,290.698,0.31010238937577383
49.6,128.161604,37.925376,5075.858784000001,90.479,-26.816,291.9,0.31010238937577383
49.7,128.161417,37.925387,5066.890044,91.249,-27.15,293.059,0.31010238937577383
49.8,128.16123,37.9254,5057.7859728,92.075,-27.511,294.157,0.31010238937577383
49.9,128.161043,37.925416,5048.5438272,92.905,-27.902,295.172,0.31010238937577383
50.0,128.160857,37.925435,5039.160864,93.688,-28.323,296.128,0.31010238937577383
50.1,128.160671,37.925455,5029.6340352,94.382,-28.774,297.059,0.31010238937577383
50.2,128.160485,37.925478,5019.9599880000005,94.972,-29.25,297.99,0.31010238937577383
50.3,128.160299,37.925504,5010.1356744,95.464,-29.747,298.937,0.31010238937577383
50.4,128.160114,37.925531,5000.1589608,95.878,-30.262,299.917,0.31010238937577383
50.5,128.159929,37.925562,4990.0264944,96.241,-30.789,300.943,0.31010238937577383
50.6,128.159745,37.925594,4979.7358368000005,96.565,-31.326,302.026,0.31010238937577383
50.7,128.159562,37.925629,4969.2842448,96.852,-31.87,303.165,0.31010238937577383
50.8,128.15938,37.925666,4958.66928,97.098,-32.416,304.331,0.31010238937577383
50.9,128.159198,37.925706,4947.8878944,97.275,-32.96,305.504,0.31010238937577383
51.0,128.159018,37.925749,4936.93704,97.328,-33.498,306.68,0.31010238937577383
51.1,128.158839,37.925794,4925.8136688,97.191,-34.027,307.863,0.31010238937577383
51.2,128.158661,37.925842,4914.5156472,96.822,-34.542,309.061,0.31010238937577383
51.3,128.158485,37.925892,4903.041756,96.217,-35.036,310.28,0.31010238937577383
51.4,128.158311,37.925946,4891.3923,95.399,-35.504,311.524,0.31010238937577383
51.5,128.158139,37.926002,4879.568803200001,94.468,-35.941,312.796,0.31010238937577383
51.6,128.157969,37.926061,4867.5740088,93.533,-36.346,314.096,0.31010238937577383
51.7,128.157801,37.926123,4855.4106600000005,92.632,-36.714,315.42,0.31010238937577383
51.8,128.157635,37.926188,4843.0805856,91.681,-37.045,316.768,0.31010238937577383
51.9,128.157472,37.926256,4830.5868336,90.51,-37.334,318.143,0.31010238937577383
52.0,128.157311,37.926327,4817.9336712,88.948,-37.573,319.551,0.31010238937577383
52.1,128.157154,37.926402,4805.1287184,86.988,-37.758,320.998,0.31010238937577383
52.2,128.157,37.92648,4792.1823384,84.882,-37.885,322.476,0.31010238937577383
52.3,128.156848,37.926561,4779.1030656,82.921,-37.956,323.951,0.31010238937577383
52.4,128.156699,37.926645,4765.8997392,81.299,-37.974,325.402,0.31010238937577383
52.5,128.156554,37.926732,4752.581808,79.986,-37.943,326.824,0.31010238937577383
52.6,128.156411,37.926822,4739.1581112,78.84,-37.871,328.222,0.31010238937577383
52.7,128.156272,37.926915,4725.637488,77.701,-37.758,329.605,0.31010238937577383
52.8,128.156136,37.927012,4712.030606400001,76.356,-37.602,331.007,0.31010238937577383
52.9,128.156004,37.927112,4698.351182400001,74.555,-37.397,332.473,0.31010238937577383
53.0,128.155876,37.927215,4684.6117128,72.325,-37.133,334.002,0.31010238937577383
53.1,128.155752,37.927321,4670.8201224,70.073,-36.818,335.538,0.31010238937577383
53.2,128.155631,37.927431,4656.984336,68.133,-36.456,337.05,0.31010238937577383
53.3,128.155513,37.927544,4643.1119736,66.686,-36.056,338.535,0.31010238937577383
53.4,128.155399,37.927659,4629.2066928,65.925,-35.638,340.001,0.31010238937577383
53.5,128.155287,37.927777,4615.2630072,66.313,-35.253,341.447,0.31010238937577383
53.6,128.155178,37.927898,4601.2632384,68.258,-34.948,342.869,0.31010238937577383
53.7,128.155073,37.928021,4587.211044000001,70.868,-34.706,344.266,0.31010238937577383
53.8,128.154971,37.928146,4573.1305032,72.509,-34.499,345.658,0.31010238937577383
53.9,128.154874,37.928275,4559.032588800001,72.526,-34.315,347.088,0.31010238937577383
54.0,128.154782,37.928406,4544.917605600001,71.227,-34.139,348.576,0.31010238937577383
54.1,128.154695,37.92854,4530.780372,69.46,-33.954,350.096,0.31010238937577383
54.2,128.154612,37.928677,4516.6144872,68.144,-33.759,351.619,0.31010238937577383
54.3,128.154532,37.928815,4502.408978400001,67.999,-33.572,353.123,0.31010238937577383
54.4,128.154455,37.928955,4488.1559208,69.214,-33.412,354.603,0.31010238937577383
54.5,128.154382,37.929098,4473.8714688,70.735,-33.254,356.054,0.31010238937577383
54.6,128.154315,37.929242,4459.5778728000005,71.346,-33.096,357.491,0.31010238937577383
54.7,128.154253,37.929389,4445.2800096,70.931,-32.949,358.945,0.31010238937577383
54.8,128.154196,37.929537,4430.9784888,69.77,-32.791,0.426,0.31010238937577383
54.9,128.154144,37.929688,4416.67392,68.344,-32.609,1.92,0.31010238937577383
55.0,128.154097,37.92984,4402.3675224,67.088,-32.397,3.407,0.31010238937577383
55.1,128.154056,37.929994,4388.064782400001,66.202,-32.155,4.873,0.31010238937577383
55.2,128.154019,37.93015,4373.7754536,65.605,-31.883,6.316,0.31010238937577383
55.3,128.153988,37.930307,4359.5120328,65.058,-31.583,7.743,0.31010238937577383
55.4,128.153962,37.930466,4345.2885408,64.314,-31.249,9.163,0.31010238937577383
55.5,128.153943,37.930626,4331.1174744,63.223,-30.876,10.584,0.31010238937577383
55.6,128.153929,37.930788,4317.01194,61.778,-30.454,12.01,0.31010238937577383
55.7,128.153921,37.930951,4302.983824800001,60.081,-29.976,13.434,0.31010238937577383
55.8,128.15392,37.931116,4289.04654,58.267,-29.436,14.851,0.31010238937577383
55.9,128.153924,37.931281,4275.2153256,56.438,-28.833,16.247,0.31010238937577383
56.0,128.153935,37.931448,4261.5081648,54.63,-28.172,17.603,0.31010238937577383
56.1,128.153952,37.931616,4247.9460888,52.796,-27.453,18.913,0.31010238937577383
56.2,128.153975,37.931785,4234.5510432,50.88,-26.677,20.176,0.31010238937577383
56.3,128.154004,37.931954,4221.3443640000005,48.869,-25.844,21.391,0.31010238937577383
56.4,128.154039,37.932125,4208.3473872,46.77,-24.952,22.556,0.31010238937577383
56.5,128.154081,37.932297,4195.584192,44.57,-24.0,23.666,0.31010238937577383
56.6,128.154129,37.93247,4183.078248000001,42.262,-22.987,24.717,0.31010238937577383
56.7,128.154182,37.932643,4170.8518056,39.894,-21.914,25.707,0.31010238937577383
56.8,128.154242,37.932818,4158.9286392,37.49,-20.783,26.629,0.31010238937577383
56.9,128.154307,37.932993,4147.3352664,35.017,-19.593,27.479,0.31010238937577383
57.0,128.154378,37.933169,4136.0985096,32.44,-18.345,28.252,0.31010238937577383
57.1,128.154454,37.933345,4125.2442768,29.751,-17.041,28.944,0.31010238937577383
57.2,128.154535,37.933523,4114.7957328,26.965,-15.684,29.552,0.31010238937577383
57.3,128.154621,37.933701,4104.7729944,24.138,-14.278,30.074,0.31010238937577383
57.4,128.154711,37.93388,4095.1806336,21.496,-12.833,30.521,0.31010238937577383
57.5,128.154805,37.93406,4086.0052392000002,19.52,-11.365,30.915,0.31010238937577383
57.6,128.154903,37.93424,4077.2437632,18.436,-9.89,31.264,0.31010238937577383
57.7,128.155004,37.934421,4068.9355248,17.826,-8.422,31.563,0.31010238937577383
57.8,128.155109,37.934603,4061.1231960000005,17.135,-6.962,31.823,0.31010238937577383
57.9,128.155217,37.934785,4053.8363424,16.033,-5.503,32.055,0.31010238937577383
58.0,128.155329,37.934968,4047.0853272000004,14.501,-4.038,32.259,0.31010238937577383
58.1,128.155443,37.93515,4040.8710648,12.705,-2.56,32.429,0.31010238937577383
58.2,128.15556,37.935333,4035.1966032000005,10.797,-1.071,32.553,0.31010238937577383
58.3,128.155679,37.935517,4030.0686480000004,8.854,0.427,32.62,0.31010238937577383
58.4,128.155801,37.935701,4025.4957336,6.895,1.932,32.627,0.31010238937577383
58.5,128.155923,37.935884,4021.483956,4.93,3.441,32.572,0.31010238937577383
58.6,128.156048,37.936069,4018.0360584,3.003,4.951,32.458,0.31010238937577383
58.7,128.156173,37.936253,4015.1523456000004,1.162,6.46,32.287,0.31010238937577383
58.8,128.156299,37.936437,4012.8325128,-0.554,7.964,32.062,0.31010238937577383
58.9,128.156426,37.936621,4011.0774744,-2.138,9.459,31.787,0.31010238937577383
59.0,128.156553,37.936806,4009.8911928,-3.632,10.944,31.464,0.31010238937577383
59.1,128.15668,37.93699,4009.2791544,-5.125,12.416,31.093,0.31010238937577383
59.2,128.156806,37.937175,4009.2501984000005,-6.737,13.877,30.672,0.31010238937577383
59.3,128.156932,37.937359,4009.8067632,-8.56,15.325,30.197,0.31010238937577383
59.4,128.157056,37.937543,4010.9436672,-10.555,16.763,29.653,0.31010238937577383
59.5,128.15718,37.937727,4012.6502424,-12.623,18.181,29.008,0.31010238937577383
59.6,128.157302,37.93791,4014.912468,-14.684,19.574,28.265,0.31010238937577383
59.7,128.157422,37.938094,4017.7117512,-16.649,20.944,27.46,0.31010238937577383
59.8,128.157541,37.938277,4021.0371192000002,-18.465,22.289,26.608,0.31010238937577383
59.9,128.157657,37.93846,4024.884,-20.205,23.607,25.719,0.31010238937577383
60.0,128.15777,37.938642,4029.2432496,-21.896,24.903,24.802,0.31010238937577383
60.1,128.157881,37.938824,4034.1051144000003,-23.523,26.178,23.855,0.31010238937577383
60.2,128.157988,37.939006,4039.4644128,-25.135,27.427,22.871,0.31010238937577383
60.3,128.158093,37.939187,4045.316268,-26.828,28.648,21.839,0.31010238937577383
60.4,128.158194,37.939367,4051.6466592,-28.593,29.843,20.758,0.31010238937577383
60.5,128.158291,37.939547,4058.4339456000002,-30.291,31.016,19.634,0.31010238937577383
60.6,128.158385,37.939727,4065.6549624000004,-31.758,32.169,18.479,0.31010238937577383
60.7,128.158475,37.939905,4073.290812,-32.871,33.302,17.303,0.31010238937577383
60.8,128.158562,37.940083,4081.3289976,-33.587,34.413,16.11,0.31010238937577383
60.9,128.158644,37.94026,4089.7612896000005,-33.959,35.504,14.912,0.31010238937577383
61.0,128.158723,37.940436,4098.581287200001,-34.069,36.581,13.719,0.31010238937577383
61.1,128.158798,37.940611,4107.781980000001,-33.97,37.651,12.54,0.31010238937577383
61.2,128.158869,37.940785,4117.3554432,-33.701,38.72,11.383,0.31010238937577383
61.3,128.158936,37.940958,4127.2958856000005,-33.316,39.792,10.251,0.31010238937577383
61.4,128.158999,37.941129,4137.5962968,-32.871,40.867,9.148,0.31010238937577383
61.5,128.159059,37.941298,4148.2514952,-32.422,41.949,8.073,0.31010238937577383
61.6,128.159115,37.941466,4159.25508,-32.014,43.037,7.024,0.31010238937577383
61.7,128.159167,37.941633,4170.6000408,-31.678,44.132,5.997,0.31010238937577383
61.8,128.159216,37.941797,4182.2787576,-31.419,45.231,4.987,0.31010238937577383
61.9,128.159262,37.94196,4194.283305600001,-31.233,46.334,3.99,0.31010238937577383
62.0,128.159304,37.94212,4206.6054552000005,-31.11,47.438,3.0,0.31010238937577383
62.1,128.159343,37.942279,4219.236672,-31.042,48.542,2.014,0.31010238937577383
62.2,128.159379,37.942435,4232.1696408,-31.021,49.645,1.027,0.31010238937577383
62.3,128.159412,37.942589,4245.3958272,-31.041,50.744,0.035,0.31010238937577383
62.4,128.159442,37.94274,4258.9070016,-31.092,51.841,359.036,0.31010238937577383
62.5,128.159469,37.942889,4272.6949344,-31.169,52.934,358.026,0.31010238937577383
62.6,128.159493,37.943036,4286.7517008,-31.265,54.023,357.003,0.31010238937577383
62.7,128.159514,37.94318,4301.0684616,-31.378,55.107,355.965,0.31010238937577383
62.8,128.159532,37.943321,4315.6375968,-31.507,56.186,354.909,0.31010238937577383
62.9,128.159548,37.94346,4330.450572,-31.654,57.261,353.834,0.31010238937577383
63.0,128.159561,37.943596,4345.4997672,-31.827,58.331,352.736,0.31010238937577383
63.1,128.159572,37.943729,4360.777257600001,-32.033,59.397,351.612,0.31010238937577383
63.2,128.15958,37.94386,4376.2745088,-32.28,60.457,350.459,0.31010238937577383
63.3,128.159586,37.943987,4391.983596,-32.569,61.512,349.272,0.31010238937577383
63.4,128.159589,37.944111,4407.8959848,-32.895,62.561,348.049,0.31010238937577383
63.5,128.159591,37.944233,4424.002836000001,-33.25,63.605,346.784,0.31010238937577383
63.6,128.15959,37.944351,4440.2959200000005,-33.625,64.643,345.474,0.31010238937577383
63.7,128.159587,37.944467,4456.7663976,-34.015,65.675,344.116,0.31010238937577383
63.8,128.159583,37.944579,4473.406344,-34.411,66.7,342.707,0.31010238937577383
63.9,128.159577,37.944688,4490.2072248,-34.811,67.718,341.244,0.31010238937577383
64.0,128.159569,37.944794,4507.159896,-35.212,68.73,339.724,0.31010238937577383
64.1,128.159559,37.944897,4524.2567376,-35.622,69.735,338.144,0.31010238937577383
64.2,128.159548,37.944997,4541.48952,-36.064,70.734,336.499,0.31010238937577383
64.3,128.159535,37.945094,4558.8515376,-36.588,71.726,334.779,0.31010238937577383
64.4,128.159522,37.945187,4576.3385232,-37.308,72.71,332.962,0.31010238937577383
64.5,128.159507,37.945277,4593.946209600001,-38.398,73.684,331.012,0.31010238937577383
64.6,128.159491,37.945364,4611.6688056,-39.97,74.647,328.874,0.31010238937577383
64.7,128.159473,37.945447,4629.4977768,-42.016,75.595,326.481,0.31010238937577383
64.8,128.159455,37.945527,4647.4239792,-44.474,76.519,323.764,0.31010238937577383
64.9,128.159436,37.945603,4665.437964000001,-47.301,77.408,320.655,0.31010238937577383
65.0,128.159416,37.945676,4683.5318064,-50.498,78.25,317.091,0.31010238937577383
65.1,128.159395,37.945745,4701.6975816,-54.102,79.037,313.013,0.31010238937577383
65.2,128.159373,37.945811,4719.9279744000005,-58.207,79.759,308.36,0.31010238937577383
65.3,128.15935,37.945874,4738.216584,-62.954,80.404,303.068,0.31010238937577383
65.4,128.159327,37.945932,4756.5570096,-68.572,80.956,297.074,0.31010238937577383
65.5,128.159303,37.945987,4774.9416312,-75.193,81.393,290.354,0.31010238937577383
65.6,128.159278,37.946039,4793.3606952,-82.67,81.698,282.961,0.31010238937577383
65.7,128.159253,37.946087,4811.804752800001,-90.605,81.848,275.085,0.31010238937577383
65.8,128.159227,37.946131,4830.2652696000005,-98.639,81.827,267.056,0.31010238937577383
65.9,128.1592,37.946171,4848.7337112000005,-106.626,81.626,259.244,0.31010238937577383
66.0,128.159173,37.946208,4867.2012384,-114.156,81.264,251.89,0.31010238937577383
66.1,128.159145,37.946242,4885.6614504,-120.399,80.777,245.093,0.31010238937577383
66.2,128.159117,37.946272,4904.109470400001,-125.158,80.198,238.994,0.31010238937577383
66.3,128.159089,37.9463,4922.5358496,-129.322,79.545,233.699,0.31010238937577383
66.4,128.15906,37.946323,4940.9256528000005,-133.894,78.818,229.148,0.31010238937577383
66.5,128.15903,37.946341,4959.2669928000005,-138.841,78.013,225.148,0.31010238937577383
66.6,128.159,37.946356,4977.5540784,-143.584,77.126,221.593,0.31010238937577383
66.7,128.15897,37.946368,4995.789347999999,-147.303,76.176,218.412,0.31010238937577383
66.8,128.158939,37.946377,5013.976764,-149.532,75.195,215.545,0.31010238937577383
66.9,128.158908,37.946384,5032.107792000001,-150.591,74.214,212.999,0.31010238937577383
67.0,128.158877,37.946387,5050.1650584,-151.269,73.243,210.772,0.31010238937577383
67.1,128.158845,37.946386,5068.128446400001,-152.271,72.267,208.83,0.31010238937577383
67.2,128.158814,37.946382,5085.9833256,-153.865,71.265,207.113,0.31010238937577383
67.3,128.158782,37.946373,5103.724514400001,-155.918,70.219,205.577,0.31010238937577383
67.4,128.15875,37.946361,5121.3510983999995,-158.069,69.126,204.207,0.31010238937577383
67.5,128.158718,37.946346,5138.865516,-159.927,67.996,202.997,0.31010238937577383
67.6,128.158685,37.946327,5156.2671576,-161.267,66.841,201.942,0.31010238937577383
67.7,128.158653,37.946306,5173.5502320000005,-162.068,65.678,201.024,0.31010238937577383
67.8,128.15862,37.946281,5190.7052904,-162.478,64.514,200.217,0.31010238937577383
67.9,128.158587,37.946254,5207.721055200001,-162.712,63.356,199.485,0.31010238937577383
68.0,128.158554,37.946223,5224.5871632,-162.962,62.202,198.798,0.31010238937577383
68.1,128.158521,37.946189,5241.294470400001,-163.343,61.049,198.139,0.31010238937577383
68.2,128.158488,37.946152,5257.8356616,-163.88,59.891,197.509,0.31010238937577383
68.3,128.158455,37.946112,5274.206164800001,-164.532,58.725,196.912,0.31010238937577383
68.4,128.158422,37.946068,5290.4017128000005,-165.229,57.549,196.353,0.31010238937577383
68.5,128.158388,37.946022,5306.4192576,-165.901,56.364,195.832,0.31010238937577383
68.6,128.158355,37.945973,5322.2539224,-166.505,55.172,195.352,0.31010238937577383
68.7,128.158321,37.945921,5337.8996112,-167.037,53.975,194.911,0.31010238937577383
68.8,128.158288,37.945866,5353.3496184000005,-167.512,52.773,194.505,0.31010238937577383
68.9,128.158254,37.945808,5368.5960192,-167.964,51.568,194.131,0.31010238937577383
69.0,128.15822,37.945748,5383.6314984,-168.426,50.357,193.787,0.31010238937577383
69.1,128.158187,37.945685,5398.4490456,-168.915,49.14,193.471,0.31010238937577383
69.2,128.158153,37.945619,5413.043174400001,-169.431,47.916,193.181,0.31010238937577383
69.3,128.158119,37.94555,5427.4080936,-169.964,46.684,192.919,0.31010238937577383
69.4,128.158085,37.945478,5441.539536,-170.494,45.443,192.683,0.31010238937577383
69.5,128.158051,37.945404,5455.4347584,-170.99,44.195,192.471,0.31010238937577383
69.6,128.158017,37.945328,5469.0910176,-171.417,42.94,192.281,0.31010238937577383
69.7,128.157983,37.945249,5482.5083136,-171.733,41.68,192.107,0.31010238937577383
69.8,128.157949,37.945168,5495.685732,-171.904,40.419,191.945,0.31010238937577383
69.9,128.157915,37.945084,5508.6211392,-171.922,39.159,191.789,0.31010238937577383
70.0,128.15788,37.944998,5521.3090488,-171.826,37.902,191.635,0.31010238937577383
70.1,128.157846,37.94491,5533.7412312,-171.689,36.651,191.479,0.31010238937577383
70.2,128.157811,37.94482,5545.914333600001,-171.549,35.402,191.318,0.31010238937577383
70.3,128.157777,37.944727,5557.828356000001,-171.386,34.157,191.148,0.31010238937577383
70.4,128.157742,37.944633,5569.485432,-171.161,32.915,190.966,0.31010238937577383
70.5,128.157708,37.944536,5580.8855616,-170.857,31.678,190.771,0.31010238937577383
70.6,128.157674,37.944438,5592.0256968,-170.483,30.448,190.562,0.31010238937577383
70.7,128.157639,37.944337,5602.9024848,-170.068,29.225,190.339,0.31010238937577383
70.8,128.157605,37.944235,5613.5119632000005,-169.641,28.01,190.101,0.31010238937577383
70.9,128.157571,37.944131,5623.8501696,-169.228,26.801,189.85,0.31010238937577383
71.0,128.157537,37.944025,5633.9143608,-168.841,25.598,189.585,0.31010238937577383
71.1,128.157503,37.943917,5643.7033176,-168.476,24.401,189.307,0.31010238937577383
71.2,128.15747,37.943808,5653.2161256,-168.12,23.207,189.016,0.31010238937577383
71.3,128.157436,37.943696,5662.4533944,-167.747,22.017,188.715,0.31010238937577383
71.4,128.157403,37.943584,5671.416647999999,-167.325,20.832,188.401,0.31010238937577383
71.5,128.157371,37.943469,5680.108629599999,-166.815,19.653,188.075,0.31010238937577383
71.6,128.157338,37.943353,5688.5290344,-166.202,18.482,187.736,0.31010238937577383
71.7,128.157306,37.943236,5696.6748144,-165.508,17.321,187.382,0.31010238937577383
71.8,128.157275,37.943117,5704.535911200001,-164.811,16.17,187.016,0.31010238937577383
71.9,128.157244,37.942997,5712.1001328,-164.217,15.027,186.64,0.31010238937577383
72.0,128.157213,37.942875,5719.3592496,-163.823,13.886,186.258,0.31010238937577383
72.1,128.157183,37.942752,5726.3099088,-163.71,12.742,185.874,0.31010238937577383
72.2,128.157154,37.942627,5732.9508912,-163.87,11.591,185.493,0.31010238937577383
72.3,128.157126,37.942501,5739.283111200001,-164.21,10.429,185.121,0.31010238937577383
72.4,128.157098,37.942374,5745.3090071999995,-164.595,9.257,184.759,0.31010238937577383
72.5,128.15707,37.942245,5751.0307128,-164.895,8.074,184.411,0.31010238937577383
72.6,128.157044,37.942116,5756.448837600001,-165.024,6.884,184.076,0.31010238937577383
72.7,128.157018,37.941985,5761.5618576,-164.954,5.689,183.752,0.31010238937577383
72.8,128.156992,37.941853,5766.36642,-164.704,4.492,183.436,0.31010238937577383
72.9,128.156967,37.94172,5770.8597816,-164.313,3.295,183.123,0.31010238937577383
73.0,128.156943,37.941586,5775.0391992,-163.812,2.1,182.806,0.31010238937577383
73.1,128.15692,37.941452,5778.901624800001,-163.249,0.908,182.482,0.31010238937577383
73.2,128.156897,37.941316,5782.437,-162.794,-0.28,182.151,0.31010238937577383
73.3,128.156876,37.941179,5785.6255128,-162.819,-1.471,181.825,0.31010238937577383
73.4,128.156855,37.941042,5788.448570400001,-163.578,-2.674,181.517,0.31010238937577383
73.5,128.156835,37.940904,5790.9131832,-164.766,-3.896,181.226,0.31010238937577383
73.6,128.156816,37.940765,5793.0434304,-165.794,-5.139,180.944,0.31010238937577383
73.7,128.156798,37.940625,5794.858819200001,-166.261,-6.396,180.671,0.31010238937577383
73.8,128.15678,37.940485,5796.3596544,-166.132,-7.66,180.407,0.31010238937577383
73.9,128.156763,37.940344,5797.5361824,-165.553,-8.921,180.151,0.31010238937577383
74.0,128.156746,37.940203,5798.375601600001,-164.794,-10.175,179.896,0.31010238937577383
74.1,128.156731,37.940061,5798.859319200001,-164.32,-11.424,179.647,0.31010238937577383
74.2,128.156716,37.939919,5798.9583792,-164.636,-12.676,179.417,0.31010238937577383
74.3,128.156703,37.939777,5798.6666856,-165.696,-13.942,179.206,0.31010238937577383
74.4,128.15669,37.939634,5797.9900296,-167.196,-15.227,179.011,0.31010238937577383
74.5,128.156678,37.939491,5796.9579768,-168.495,-16.532,178.824,0.31010238937577383
74.6,128.156667,37.939348,5795.5830240000005,-169.374,-17.854,178.653,0.31010238937577383
74.7,128.156656,37.939205,5793.861818400001,-169.798,-19.185,178.507,0.31010238937577383
74.8,128.156646,37.939062,5791.778205600001,-170.064,-20.518,178.391,0.31010238937577383
74.9,128.156636,37.938919,5789.312373600001,-170.554,-21.854,178.309,0.31010238937577383
75.0,128.156627,37.938776,5786.4490824,-171.537,-23.196,178.265,0.31010238937577383
75.1,128.156619,37.938633,5783.1843696000005,-173.06,-24.551,178.263,0.31010238937577383
75.2,128.156611,37.938491,5779.5234168,-174.936,-25.922,178.309,0.31010238937577383
75.3,128.156604,37.938349,5775.4857312,-176.718,-27.308,178.405,0.31010238937577383
75.4,128.156597,37.938207,5771.0822856,-178.153,-28.704,178.57,0.31010238937577383
75.5,128.15659,37.938066,5766.3127752,-179.206,-30.104,178.818,0.31010238937577383
75.6,128.156583,37.937925,5761.1714088,179.968,-31.498,179.132,0.31010238937577383
75.7,128.156577,37.937784,5755.6520904,179.179,-32.885,179.492,0.31010238937577383
75.8,128.15657,37.937645,5749.749638400001,178.27,-34.262,179.886,0.31010238937577383
75.9,128.156564,37.937506,5743.4607000000005,177.125,-35.63,180.31,0.31010238937577383
76.0,128.156557,37.937368,5736.783446400001,175.67,-36.991,180.768,0.31010238937577383
76.1,128.156551,37.937231,5729.7166584,173.869,-38.344,181.27,0.31010238937577383
76.2,128.156544,37.937095,5722.261555200001,171.709,-39.688,181.834,0.31010238937577383
76.3,128.156537,37.93696,5714.418441600001,169.186,-41.02,182.477,0.31010238937577383
76.4,128.156529,37.936827,5706.188232,166.28,-42.335,183.222,0.31010238937577383
76.5,128.156521,37.936695,5697.5703168,162.951,-43.627,184.09,0.31010238937577383
76.6,128.156511,37.936564,5688.5665248000005,159.186,-44.89,185.091,0.31010238937577383
76.7,128.156501,37.936435,5679.182952000001,155.05,-46.118,186.236,0.31010238937577383
76.8,128.15649,37.936307,5669.4305712,150.696,-47.3,187.549,0.31010238937577383
76.9,128.156477,37.936182,5659.3188312,146.228,-48.421,189.049,0.31010238937577383
77.0,128.156462,37.936057,5648.8541328,141.551,-49.467,190.742,0.31010238937577383
77.1,128.156446,37.935935,5638.0492776,136.681,-50.422,192.636,0.31010238937577383
77.2,128.156427,37.935815,5626.919810400001,131.657,-51.255,194.756,0.31010238937577383
77.3,128.156406,37.935697,5615.4824952,126.508,-51.942,197.099,0.31010238937577383
77.4,128.156382,37.935581,5603.7534864,121.232,-52.481,199.616,0.31010238937577383
77.5,128.156356,37.935466,5591.749548,115.838,-52.87,202.262,0.31010238937577383
77.6,128.156327,37.935354,5579.488968000001,110.342,-53.106,204.995,0.31010238937577383
77.7,128.156294,37.935244,5566.9900344,104.766,-53.185,207.776,0.31010238937577383
77.8,128.156258,37.935136,5554.273778400001,99.138,-53.103,210.565,0.31010238937577383
77.9,128.156218,37.935031,5541.3609264,93.491,-52.86,213.322,0.31010238937577383
78.0,128.156174,37.934927,5528.2743384000005,87.856,-52.458,216.011,0.31010238937577383
78.1,128.156126,37.934825,5515.036569600001,82.254,-51.908,218.599,0.31010238937577383
78.2,128.156074,37.934725,5501.6713944,76.701,-51.228,221.06,0.31010238937577383
78.3,128.156018,37.934626,5488.2022824000005,71.222,-50.429,223.375,0.31010238937577383
78.4,128.155957,37.934529,5474.6545320000005,65.864,-49.512,225.526,0.31010238937577383
78.5,128.155892,37.934434,5461.0519176,60.68,-48.478,227.496,0.31010238937577383
78.6,128.155823,37.93434,5447.4182136,55.708,-47.332,229.272,0.31010238937577383
78.7,128.155749,37.934248,5433.7787184,50.967,-46.085,230.849,0.31010238937577383
78.8,128.15567,37.934156,5420.1584256,46.461,-44.75,232.23,0.31010238937577383
78.9,128.155586,37.934065,5406.582633600001,42.188,-43.34,233.418,0.31010238937577383
79.0,128.155498,37.933976,5393.0760312,38.141,-41.868,234.421,0.31010238937577383
79.1,128.155406,37.933887,5379.662392800001,34.316,-40.346,235.247,0.31010238937577383
79.2,128.155309,37.933798,5366.3612256,30.744,-38.786,235.91,0.31010238937577383
79.3,128.155207,37.93371,5353.1899032,27.494,-37.2,236.422,0.31010238937577383
79.4,128.155102,37.933622,5340.163360800001,24.614,-35.604,236.801,0.31010238937577383
79.5,128.154992,37.933534,5327.2947048000005,22.132,-34.011,237.069,0.31010238937577383
79.6,128.154879,37.933446,5314.596432,20.052,-32.437,237.251,0.31010238937577383
79.7,128.154762,37.933358,5302.0810392,18.344,-30.891,237.369,0.31010238937577383
79.8,128.154641,37.93327,5289.7616328,16.957,-29.38,237.445,0.31010238937577383
79.9,128.154517,37.933181,5277.6513192,15.827,-27.907,237.494,0.31010238937577383
80.0,128.154389,37.933093,5265.7625952,14.883,-26.473,237.531,0.31010238937577383
80.1,128.154258,37.933004,5254.1085672,14.053,-25.076,237.562,0.31010238937577383
80.2,128.154124,37.932914,5242.700208,13.279,-23.711,237.59,0.31010238937577383
80.3,128.153986,37.932824,5231.5469664,12.527,-22.374,237.617,0.31010238937577383
80.4,128.153845,37.932734,5220.6558528,11.787,-21.062,237.645,0.31010238937577383
80.5,128.153701,37.932644,5210.033268,11.066,-19.77,237.673,0.31010238937577383
80.6,128.153554,37.932553,5199.6843936,10.378,-18.498,237.7,0.31010238937577383
80.7,128.153405,37.932462,5189.614411200001,9.739,-17.243,237.727,0.31010238937577383
80.8,128.153252,37.93237,5179.8288072,9.16,-16.005,237.752,0.31010238937577383
80.9,128.153098,37.932278,5170.333068,8.645,-14.783,237.776,0.31010238937577383
81.0,128.15294,37.932185,5161.1335944,8.185,-13.576,237.797,0.31010238937577383
81.1,128.15278,37.932092,5152.237092,7.759,-12.382,237.814,0.31010238937577383
81.2,128.152618,37.931999,5143.6499616,7.351,-11.2,237.827,0.31010238937577383
81.3,128.152454,37.931905,5135.375860800001,6.958,-10.028,237.837,0.31010238937577383
81.4,128.152287,37.931811,5127.418142400001,6.593,-8.865,237.845,0.31010238937577383
81.5,128.152119,37.931716,5119.7783303999995,6.272,-7.712,237.85,0.31010238937577383
81.6,128.151948,37.931621,5112.459168,6.01,-6.567,237.855,0.31010238937577383
81.7,128.151776,37.931526,5105.462484000001,5.813,-5.432,237.859,0.31010238937577383
81.8,128.151601,37.93143,5098.790412,5.681,-4.306,237.864,0.31010238937577383
81.9,128.151426,37.931334,5092.4456952,5.602,-3.19,237.871,0.31010238937577383
82.0,128.151248,37.931238,5086.432296,5.558,-2.083,237.88,0.31010238937577383
82.1,128.151069,37.931141,5080.752348,5.529,-0.986,237.892,0.31010238937577383
82.2,128.150889,37.931045,5075.4082896,5.501,0.101,237.907,0.31010238937577383
82.3,128.150707,37.930948,5070.4016448,5.461,1.18,237.925,0.31010238937577383
82.4,128.150524,37.930851,5065.733937600001,5.403,2.252,237.946,0.31010238937577383
82.5,128.150339,37.930753,5061.406387200001,5.327,3.318,237.97,0.31010238937577383
82.6,128.150154,37.930656,5057.4192984,5.237,4.376,237.996,0.31010238937577383
82.7,128.149968,37.930559,5053.7732808,5.138,5.428,238.027,0.31010238937577383
82.8,128.14978,37.930461,5050.467420000001,5.048,6.474,238.061,0.31010238937577383
82.9,128.149592,37.930364,5047.498668,5.006,7.514,238.1,0.31010238937577383
83.0,128.149403,37.930266,5044.8648912,5.037,8.546,238.147,0.31010238937577383
83.1,128.149214,37.930169,5042.5648704000005,5.144,9.569,238.202,0.31010238937577383
83.2,128.149023,37.930071,5040.597691200001,5.323,10.583,238.269,0.31010238937577383
83.3,128.148832,37.929974,5038.9627439999995,5.563,11.588,238.348,0.31010238937577383
83.4,128.148641,37.929877,5037.658504800001,5.851,12.584,238.442,0.31010238937577383
83.5,128.148449,37.92978,5036.6846688000005,6.172,13.572,238.551,0.31010238937577383
83.6,128.148257,37.929683,5036.0391024,6.514,14.551,238.675,0.31010238937577383
83.7,128.148064,37.929587,5035.720586400001,6.869,15.523,238.815,0.31010238937577383
83.8,128.147872,37.929491,5035.7275968,7.228,16.487,238.97,0.31010238937577383
83.9,128.147679,37.929395,5036.058609600001,7.587,17.443,239.14,0.31010238937577383
84.0,128.147486,37.9293,5036.711491200001,7.944,18.393,239.323,0.31010238937577383
84.1,128.147293,37.929205,5037.6847176,8.295,19.336,239.52,0.31010238937577383
84.2,128.147099,37.929111,5038.976764800001,8.64,20.272,239.729,0.31010238937577383
84.3,128.146906,37.929017,5040.5854992,8.976,21.202,239.949,0.31010238937577383
84.4,128.146713,37.928924,5042.509396800001,9.305,22.126,240.18,0.31010238937577383
84.5,128.14652,37.928832,5044.7469336,9.624,23.045,240.42,0.31010238937577383
84.6,128.146327,37.92874,5047.295976,9.933,23.959,240.669,0.31010238937577383
84.7,128.146135,37.928649,5050.1556096,10.228,24.868,240.927,0.31010238937577383
84.8,128.145942,37.928559,5053.323700800001,10.508,25.774,241.191,0.31010238937577383
84.9,128.14575,37.92847,5056.7987256,10.772,26.675,241.463,0.31010238937577383
85.0,128.145559,37.928381,5060.5788552,11.017,27.575,241.74,0.31010238937577383
85.1,128.145368,37.928294,5064.661956000001,11.245,28.471,242.022,0.31010238937577383
85.2,128.145177,37.928207,5069.0468088,11.454,29.366,242.309,0.31010238937577383
85.3,128.144987,37.928121,5073.73128,11.641,30.259,242.599,0.31010238937577383
85.4,128.144798,37.928037,5078.7135408,11.806,31.151,242.893,0.31010238937577383
85.5,128.144609,37.927953,5083.989628800001,11.966,32.043,243.192,0.31010238937577383
85.6,128.144421,37.927871,5089.5543624,12.15,32.933,243.497,0.31010238937577383
85.7,128.144234,37.927789,5095.403474400001,12.377,33.821,243.81,0.31010238937577383
85.8,128.144048,37.927709,5101.533612,12.654,34.705,244.132,0.31010238937577383
85.9,128.143863,37.927629,5107.940508,12.98,35.585,244.466,0.31010238937577383
86.0,128.143678,37.927551,5114.6205048,13.347,36.46,244.813,0.31010238937577383
86.1,128.143495,37.927474,5121.5693352,13.757,37.33,245.175,0.31010238937577383
86.2,128.143312,37.927399,5128.7809032,14.219,38.195,245.554,0.31010238937577383
86.3,128.143131,37.927324,5136.252160800001,14.723,39.052,245.952,0.31010238937577383
86.4,128.14295,37.927251,5143.9791456,15.247,39.903,246.369,0.31010238937577383
86.5,128.142771,37.927179,5151.9591144000005,15.77,40.748,246.807,0.31010238937577383
86.6,128.142593,37.927108,5160.187800000001,16.281,41.586,247.264,0.31010238937577383
86.7,128.142417,37.927039,5168.6621544,16.768,42.419,247.741,0.31010238937577383
86.8,128.142241,37.926971,5177.378824800001,17.224,43.247,248.235,0.31010238937577383
86.9,128.142067,37.926905,5186.3341536,17.648,44.072,248.746,0.31010238937577383
87.0,128.141894,37.92684,5195.524178400001,18.042,44.894,249.271,0.31010238937577383
87.1,128.141723,37.926776,5204.946156000001,18.409,45.715,249.81,0.31010238937577383
87.2,128.141553,37.926714,5214.5967336,18.753,46.536,250.36,0.31010238937577383
87.3,128.141384,37.926654,5224.4722536,19.075,47.359,250.921,0.31010238937577383
87.4,128.141217,37.926595,5234.5708872000005,19.369,48.184,251.491,0.31010238937577383
87.5,128.141052,37.926537,5244.890196,19.624,49.013,252.066,0.31010238937577383
87.6,128.140889,37.926481,5255.428656000001,19.815,49.847,252.644,0.31010238937577383
87.7,128.140727,37.926427,5266.1862672,19.914,50.69,253.219,0.31010238937577383
87.8,128.140567,37.926375,5277.162115200001,19.891,51.543,253.786,0.31010238937577383
87.9,128.140409,37.926324,5288.3549808,19.727,52.411,254.34,0.31010238937577383
88.0,128.140253,37.926275,5299.7636448,19.417,53.296,254.876,0.31010238937577383
88.1,128.1401,37.926227,5311.3856688000005,18.971,54.199,255.391,0.31010238937577383
88.2,128.139948,37.926182,5323.2180048,18.409,55.122,255.88,0.31010238937577383
88.3,128.139799,37.926137,5335.2560808,17.769,56.065,256.343,0.31010238937577383
88.4,128.139652,37.926095,5347.4931912,17.117,57.025,256.784,0.31010238937577383
88.5,128.139508,37.926054,5359.919887200001,16.561,57.998,257.214,0.31010238937577383
88.6,128.139366,37.926014,5372.526415200001,16.207,58.977,257.646,0.31010238937577383
88.7,128.139226,37.925976,5385.3045456,16.113,59.956,258.091,0.31010238937577383
88.8,128.139089,37.925939,5398.2509256,16.243,60.929,258.553,0.31010238937577383
88.9,128.138954,37.925903,5411.361897600001,16.525,61.895,259.034,0.31010238937577383
89.0,128.138822,37.925869,5424.6350232,16.874,62.856,259.538,0.31010238937577383
89.1,128.138693,37.925836,5438.067559200001,17.202,63.814,260.063,0.31010238937577383
89.2,128.138566,37.925804,5451.655847999999,17.448,64.773,260.609,0.31010238937577383
89.3,128.138442,37.925774,5465.393488799999,17.599,65.736,261.178,0.31010238937577383
89.4,128.138321,37.925745,5479.273776,17.689,66.705,261.772,0.31010238937577383
89.5,128.138203,37.925718,5493.288175199999,17.782,67.678,262.397,0.31010238937577383
89.6,128.138087,37.925692,5507.4290664,17.941,68.651,263.058,0.31010238937577383
89.7,128.137975,37.925667,5521.6894391999995,18.213,69.622,263.76,0.31010238937577383
89.8,128.137865,37.925643,5536.0631976,18.614,70.588,264.507,0.31010238937577383
89.9,128.137757,37.925621,5550.545160000001,19.135,71.546,265.307,0.31010238937577383
90.0,128.137653,37.925599,5565.1298400000005,19.747,72.496,266.165,0.31010238937577383
90.1,128.137552,37.925579,5579.8123608000005,20.425,73.44,267.091,0.31010238937577383
90.2,128.137453,37.92556,5594.587236,21.165,74.379,268.101,0.31010238937577383
90.3,128.137358,37.925542,5609.448369600001,21.983,75.312,269.214,0.31010238937577383
90.4,128.137265,37.925525,5624.389056000001,22.923,76.238,270.459,0.31010238937577383
90.5,128.137175,37.925509,5639.4025896,24.053,77.156,271.872,0.31010238937577383
90.6,128.137088,37.925495,5654.48196,25.463,78.06,273.501,0.31010238937577383
90.7,128.137004,37.925481,5669.620766399999,27.244,78.946,275.403,0.31010238937577383
90.8,128.136923,37.925468,5684.8113888,29.524,79.805,277.659,0.31010238937577383
90.9,128.136844,37.925456,5700.0462072,32.5,80.628,280.38,0.31010238937577383
91.0,128.136767,37.925445,5715.316992000001,36.426,81.398,283.708,0.31010238937577383
91.1,128.136693,37.925435,5730.615513600001,41.539,82.093,287.796,0.31010238937577383
91.2,128.13662,37.925426,5745.9368952,47.857,82.687,292.74,0.31010238937577383
91.3,128.13655,37.925417,5761.2783936,55.239,83.155,298.563,0.31010238937577383
91.4,128.136482,37.92541,5776.6369608,63.4,83.483,305.163,0.31010238937577383
91.5,128.136416,37.925403,5792.0080248,72.052,83.661,312.337,0.31010238937577383
91.6,128.136352,37.925397,5807.3857944,80.958,83.678,319.733,0.31010238937577383
91.7,128.13629,37.925392,5822.7644784,89.353,83.536,326.497,0.31010238937577383
91.8,128.136229,37.925388,5838.1401144,96.26,83.274,331.699,0.31010238937577383
91.9,128.13617,37.925384,5853.511483200001,101.86,82.937,335.618,0.31010238937577383
92.0,128.136113,37.925382,5868.876756000001,106.592,82.544,338.762,0.31010238937577383
92.1,128.136057,37.92538,5884.2337992,110.819,82.094,341.553,0.31010238937577383
92.2,128.136003,37.92538,5899.580784000001,114.719,81.582,344.217,0.31010238937577383
92.3,128.13595,37.92538,5914.9158816,118.361,81.006,346.811,0.31010238937577383
92.4,128.135899,37.925382,5930.2363488,121.765,80.369,349.303,0.31010238937577383
92.5,128.135849,37.925384,5945.540052000001,124.917,79.672,351.615,0.31010238937577383
92.6,128.135801,37.925388,5960.824248,127.827,78.92,353.684,0.31010238937577383
92.7,128.135754,37.925392,5976.085888799999,130.533,78.123,355.471,0.31010238937577383
92.8,128.135708,37.925398,5991.3216216,133.086,77.289,356.963,0.31010238937577383
92.9,128.135664,37.925405,6006.5283984,135.514,76.429,358.16,0.31010238937577383
93.0,128.135621,37.925413,6021.7028664,137.815,75.549,359.074,0.31010238937577383
93.1,128.13558,37.925422,6036.8404536,139.984,74.654,359.725,0.31010238937577383
93.2,128.13554,37.925433,6051.9384168,142.015,73.747,0.132,0.31010238937577383
93.3,128.135501,37.925445,6066.9924888,143.896,72.835,0.309,0.31010238937577383
93.4,128.135463,37.925458,6081.999012,145.617,71.927,0.261,0.31010238937577383
93.5,128.135427,37.925473,6096.9546336,147.184,71.032,0.003,0.31010238937577383
93.6,128.135392,37.925489,6111.8538672,148.227,70.136,359.671,0.31010238937577383
93.7,128.135358,37.925507,6126.681168,147.898,69.222,359.541,0.31010238937577383
93.8,128.135326,37.925528,6141.416114400001,146.508,68.322,359.678,0.31010238937577383
93.9,128.135296,37.92555,6156.0434663999995,144.351,67.448,0.087,0.31010238937577383
94.0,128.135268,37.925574,6170.5681008,142.188,66.597,0.734,0.31010238937577383
94.1,128.135241,37.925601,6185.008915200001,141.313,65.737,1.503,0.31010238937577383
94.2,128.135215,37.925629,6199.374444,141.744,64.865,2.359,0.31010238937577383
94.3,128.135191,37.925658,6213.6701736,143.381,63.992,3.27,0.31010238937577383
94.4,128.135168,37.925689,6227.8918368,145.823,63.131,4.184,0.31010238937577383
94.5,128.135147,37.925721,6242.025108,148.172,62.3,5.086,0.31010238937577383
94.6,128.135127,37.925755,6256.0480416,149.792,61.494,5.979,0.31010238937577383
94.7,128.135108,37.925791,6269.934120000001,150.501,60.703,6.897,0.31010238937577383
94.8,128.135092,37.925829,6283.6745040000005,150.381,59.915,7.86,0.31010238937577383
94.9,128.135077,37.925869,6297.26706,149.517,59.12,8.864,0.31010238937577383
95.0,128.135064,37.92591,6310.710873600001,148.022,58.316,9.908,0.31010238937577383
95.1,128.135053,37.925954,6324.004116,146.029,57.507,10.989,0.31010238937577383
95.2,128.135044,37.925998,6337.147092,143.704,56.698,12.119,0.31010238937577383
95.3,128.135036,37.926045,6350.1398016,141.236,55.907,13.324,0.31010238937577383
95.4,128.135031,37.926092,6362.983464000001,138.784,55.145,14.62,0.31010238937577383
95.5,128.135028,37.926141,6375.686918400001,136.638,54.417,16.0,0.31010238937577383
95.6,128.135026,37.926191,6388.266624000001,135.18,53.717,17.441,0.31010238937577383
95.7,128.135027,37.926242,6400.7219712,134.152,53.054,18.944,0.31010238937577383
95.8,128.13503,37.926294,6413.0496072,133.4,52.426,20.498,0.31010238937577383
95.9,128.135035,37.926347,6425.2446552,132.817,51.828,22.092,0.31010238937577383
96.0,128.135042,37.926401,6437.2976664,132.322,51.251,23.722,0.31010238937577383
96.1,128.135052,37.926456,6449.2071168,131.876,50.69,25.373,0.31010238937577383
96.2,128.135063,37.926511,6460.9730064000005,131.447,50.141,27.031,0.31010238937577383
96.3,128.135077,37.926567,6472.5959448,131.004,49.6,28.686,0.31010238937577383
96.4,128.135094,37.926624,6484.0768464,130.527,49.067,30.331,0.31010238937577383
96.5,128.135112,37.92668,6495.4166256,130.0,48.542,31.961,0.31010238937577383
96.6,128.135133,37.926738,6506.615892000001,129.411,48.026,33.575,0.31010238937577383
96.7,128.135156,37.926795,6517.675560000001,128.757,47.518,35.17,0.31010238937577383
96.8,128.135181,37.926853,6528.5971536,128.034,47.022,36.748,0.31010238937577383
96.9,128.135208,37.926911,6539.3815872000005,127.245,46.536,38.309,0.31010238937577383
97.0,128.135238,37.926969,6550.0300799999995,126.393,46.064,39.855,0.31010238937577383
97.1,128.13527,37.927027,6560.544156000001,125.484,45.607,41.388,0.31010238937577383
97.2,128.135304,37.927085,6570.9253392,124.523,45.166,42.909,0.31010238937577383
97.3,128.13534,37.927144,6581.1751536,123.518,44.743,44.42,0.31010238937577383
97.4,128.135379,37.927201,6591.296037600001,122.478,44.339,45.924,0.31010238937577383
97.5,128.135419,37.927259,6601.290124800001,121.424,43.962,47.426,0.31010238937577383
97.6,128.135462,37.927316,6611.1598536,120.376,43.623,48.935,0.31010238937577383
97.7,128.135507,37.927374,6620.9076624,119.331,43.319,50.45,0.31010238937577383
97.8,128.135554,37.92743,6630.5356848,118.272,43.046,51.968,0.31010238937577383
97.9,128.135603,37.927486,6640.046054400001,117.187,42.799,53.484,0.31010238937577383
98.0,128.135653,37.927542,6649.441209600001,116.062,42.575,54.996,0.31010238937577383
98.1,128.135706,37.927597,6658.7241984,114.885,42.372,56.499,0.31010238937577383
98.2,128.135761,37.927652,6667.8971544000005,113.649,42.185,57.992,0.31010238937577383
98.3,128.135818,37.927706,6676.9628207999995,112.355,42.016,59.474,0.31010238937577383
98.4,128.135876,37.927759,6685.9245504,111.006,41.865,60.943,0.31010238937577383
98.5,128.135936,37.927811,6694.7844768,109.61,41.734,62.401,0.31010238937577383
98.6,128.135998,37.927863,6703.5508296,108.392,41.611,63.84,0.31010238937577383
98.7,128.136062,37.927913,6712.236410400001,107.776,41.472,65.244,0.31010238937577383
98.8,128.136127,37.927964,6720.8454864000005,107.465,41.332,66.616,0.31010238937577383
98.9,128.136194,37.928013,6729.377448,107.334,41.191,67.951,0.31010238937577383
99.0,128.136262,37.928062,6737.8322952,107.321,41.048,69.246,0.31010238937577383
99.1,128.136332,37.928109,6746.2103328,107.355,40.9,70.501,0.31010238937577383
99.2,128.136403,37.928156,6754.510646400001,107.363,40.746,71.717,0.31010238937577383
99.3,128.136476,37.928202,6762.7329312,107.29,40.583,72.896,0.31010238937577383
99.4,128.136551,37.928247,6770.8777968,107.099,40.412,74.044,0.31010238937577383
99.5,128.136626,37.928291,6778.9452432,106.77,40.234,75.164,0.31010238937577383
99.6,128.136704,37.928334,6786.9355752,106.29,40.05,76.26,0.31010238937577383
99.7,128.136782,37.928376,6794.8497072,105.657,39.862,77.338,0.31010238937577383
99.8,128.136863,37.928417,6802.6882488,104.878,39.673,78.402,0.31010238937577383
99.9,128.136944,37.928457,6810.452724000001,103.963,39.488,79.456,0.31010238937577383
100.0,128.137027,37.928496,6818.144352000001,102.93,39.309,80.503,0.31010238937577383
100.1,128.137111,37.928533,6825.764656800001,101.798,39.141,81.547,0.31010238937577383
100.2,128.137196,37.92857,6833.3154672,100.587,38.985,82.588,0.31010238937577383
100.3,128.137282,37.928605,6840.7983072,99.318,38.847,83.63,0.31010238937577383
100.4,128.137369,37.928639,6848.215615200001,98.011,38.728,84.673,0.31010238937577383
100.5,128.137458,37.928672,6855.569524800001,96.69,38.63,85.717,0.31010238937577383
100.6,128.137547,37.928704,6862.861864800001,95.379,38.555,86.763,0.31010238937577383
100.7,128.137638,37.928735,6870.0953784,94.105,38.503,87.81,0.31010238937577383
100.8,128.137729,37.928764,6877.2721992,92.894,38.474,88.856,0.31010238937577383
100.9,128.137821,37.928792,6884.394156,91.769,38.466,89.898,0.31010238937577383
101.0,128.137914,37.928819,6891.4633824,90.75,38.478,90.924,0.31010238937577383
101.1,128.138008,37.928845,6898.482012,89.86,38.506,91.918,0.31010238937577383
101.2,128.138102,37.92887,6905.451264,89.126,38.547,92.865,0.31010238937577383
101.3,128.138197,37.928893,6912.3726624,88.564,38.596,93.752,0.31010238937577383
101.4,128.138293,37.928916,6919.2474264,88.178,38.648,94.576,0.31010238937577383
101.5,128.138389,37.928937,6926.075860800001,87.966,38.699,95.343,0.31010238937577383
101.6,128.138486,37.928957,6932.8591848,87.924,38.744,96.061,0.31010238937577383
101.7,128.138584,37.928977,6939.5973984,88.041,38.778,96.739,0.31010238937577383
101.8,128.138682,37.928995,6946.2905016,88.304,38.799,97.385,0.31010238937577383
101.9,128.13878,37.929012,6952.939104,88.696,38.801,98.007,0.31010238937577383
102.0,128.13888,37.929029,6959.542596,89.194,38.781,98.61,0.31010238937577383
102.1,128.138979,37.929044,6966.1009776,89.78,38.736,99.2,0.31010238937577383
102.2,128.13908,37.929058,6972.613944,90.432,38.665,99.781,0.31010238937577383
102.3,128.13918,37.929072,6979.0808856,91.135,38.563,100.356,0.31010238937577383
102.4,128.139281,37.929084,6985.501192800001,91.87,38.431,100.928,0.31010238937577383
102.5,128.139383,37.929096,6991.874560800001,92.623,38.266,101.5,0.31010238937577383
102.6,128.139485,37.929107,6998.200075199999,93.386,38.067,102.071,0.31010238937577383
102.7,128.139588,37.929117,7004.4771264,94.151,37.834,102.643,0.31010238937577383
102.8,128.139691,37.929126,7010.7048,94.916,37.568,103.214,0.31010238937577383
102.9,128.139795,37.929134,7016.8818768,95.676,37.268,103.783,0.31010238937577383
103.0,128.139899,37.929142,7023.0074424,96.429,36.936,104.348,0.31010238937577383
103.1,128.140004,37.929148,7029.0799728,97.176,36.572,104.908,0.31010238937577383
103.2,128.140109,37.929154,7035.097944,97.917,36.18,105.459,0.31010238937577383
103.3,128.140215,37.929159,7041.060136800001,98.654,35.759,106.0,0.31010238937577383
103.4,128.140321,37.929163,7046.9650272,99.387,35.313,106.528,0.31010238937577383
103.5,128.140428,37.929167,7052.8110912,100.112,34.843,107.04,0.31010238937577383
103.6,128.140535,37.929169,7058.5971096,100.822,34.352,107.536,0.31010238937577383
103.7,128.140642,37.929171,7064.3212536,101.51,33.842,108.013,0.31010238937577383
103.8,128.14075,37.929172,7069.9826088,102.173,33.315,108.474,0.31010238937577383
103.9,128.140858,37.929172,7075.579041600001,102.807,32.771,108.918,0.31010238937577383
104.0,128.140967,37.929171,7081.1096376000005,103.412,32.214,109.346,0.31010238937577383
104.1,128.141077,37.92917,7086.5725680000005,103.99,31.643,109.761,0.31010238937577383
104.2,128.141186,37.929168,7091.9669184,104.544,31.061,110.164,0.31010238937577383
104.3,128.141297,37.929165,7097.291164800001,105.077,30.468,110.557,0.31010238937577383
104.4,128.141407,37.929161,7102.543783200001,105.593,29.864,110.944,0.31010238937577383
104.5,128.141518,37.929156,7107.7238592,106.098,29.251,111.326,0.31010238937577383
104.6,128.14163,37.929151,7112.829564000001,106.596,28.629,111.705,0.31010238937577383
104.7,128.141742,37.929144,7117.859983200001,107.091,27.999,112.083,0.31010238937577383
104.8,128.141854,37.929137,7122.813897600001,107.588,27.36,112.461,0.31010238937577383
104.9,128.141967,37.929129,7127.6897832,108.09,26.714,112.839,0.31010238937577383
105.0,128.14208,37.92912,7132.4864208,108.6,26.06,113.219,0.31010238937577383
105.1,128.142194,37.929111,7137.2022864,109.119,25.399,113.6,0.31010238937577383
105.2,128.142308,37.9291,7141.8361608000005,109.651,24.73,113.983,0.31010238937577383
105.3,128.142423,37.929089,7146.386215200001,110.196,24.055,114.368,0.31010238937577383
105.4,128.142538,37.929077,7150.8512304,110.755,23.372,114.755,0.31010238937577383
105.5,128.142654,37.929064,7155.229377600001,111.326,22.683,115.145,0.31010238937577383
105.6,128.142769,37.92905,7159.519437600001,111.909,21.985,115.536,0.31010238937577383
105.7,128.142886,37.929036,7163.7198864,112.502,21.28,115.928,0.31010238937577383
105.8,128.143003,37.92902,7167.8285904,113.103,20.566,116.322,0.31010238937577383
105.9,128.14312,37.929004,7171.8440256,113.709,19.844,116.716,0.31010238937577383
106.0,128.143237,37.928987,7175.764972800001,114.317,19.114,117.11,0.31010238937577383
106.1,128.143356,37.928969,7179.5892984,114.927,18.376,117.504,0.31010238937577383
106.2,128.143474,37.92895,7183.315173600001,115.535,17.628,117.897,0.31010238937577383
106.3,128.143593,37.928931,7186.941074400001,116.139,16.872,118.29,0.31010238937577383
106.4,128.143712,37.92891,7190.465172,116.738,16.107,118.682,0.31010238937577383
106.5,128.143832,37.928889,7193.8856376,117.331,15.332,119.075,0.31010238937577383
106.6,128.143952,37.928866,7197.2003376,117.917,14.547,119.468,0.31010238937577383
106.7,128.144072,37.928843,7200.4074432,118.495,13.752,119.863,0.31010238937577383
106.8,128.144193,37.928819,7203.5051256,119.064,12.946,120.261,0.31010238937577383
106.9,128.144314,37.928795,7206.491251200001,119.625,12.13,120.661,0.31010238937577383
107.0,128.144435,37.928769,7209.364296000001,120.177,11.302,121.065,0.31010238937577383
107.1,128.144557,37.928742,7212.1215168,120.72,10.464,121.473,0.31010238937577383
107.2,128.144679,37.928715,7214.7610848,121.255,9.615,121.886,0.31010238937577383
107.3,128.144801,37.928686,7217.2808664,121.782,8.754,122.304,0.31010238937577383
107.4,128.144924,37.928657,7219.678728000001,122.303,7.884,122.727,0.31010238937577383
107.5,128.145047,37.928627,7221.9522312,122.818,7.005,123.154,0.31010238937577383
107.6,128.14517,37.928596,7224.0995472,123.328,6.117,123.584,0.31010238937577383
107.7,128.145294,37.928564,7226.117932800001,123.833,5.221,124.018,0.31010238937577383
107.8,128.145417,37.928531,7228.0052544,124.332,4.317,124.454,0.31010238937577383
107.9,128.145541,37.928497,7229.759378400001,124.825,3.409,124.889,0.31010238937577383
108.0,128.145665,37.928462,7231.3775616,125.311,2.498,125.321,0.31010238937577383
108.1,128.14579,37.928426,7232.8582799999995,125.791,1.585,125.749,0.31010238937577383
108.2,128.145914,37.92839,7234.1984856,126.264,0.67,126.172,0.31010238937577383
108.3,128.146039,37.928352,7235.396349600001,126.73,-0.246,126.59,0.31010238937577383
108.4,128.146164,37.928314,7236.449738400001,127.188,-1.165,127.003,0.31010238937577383
108.5,128.146289,37.928274,7237.356518400001,127.639,-2.085,127.411,0.31010238937577383
108.6,128.146414,37.928234,7238.114251200001,128.083,-3.004,127.811,0.31010238937577383
108.7,128.146539,37.928193,7238.721108,128.522,-3.922,128.204,0.31010238937577383
108.8,128.146664,37.928151,7239.175260000001,128.956,-4.84,128.589,0.31010238937577383
108.9,128.146789,37.928108,7239.474268800001,129.386,-5.757,128.967,0.31010238937577383
109.0,128.146914,37.928064,7239.6166104,129.814,-6.673,129.338,0.31010238937577383
109.1,128.147039,37.928019,7239.600760800001,130.242,-7.591,129.703,0.31010238937577383
109.2,128.147164,37.927974,7239.425196,130.67,-8.508,130.062,0.31010238937577383
109.3,128.147288,37.927927,7239.0890016,131.101,-9.424,130.412,0.31010238937577383
109.4,128.147413,37.92788,7238.5906536,131.537,-10.338,130.754,0.31010238937577383
109.5,128.147537,37.927832,7237.928628000001,131.978,-11.25,131.088,0.31010238937577383
109.6,128.147662,37.927784,7237.1014008,132.428,-12.158,131.41,0.31010238937577383
109.7,128.147786,37.927734,7236.1077528,132.888,-13.062,131.721,0.31010238937577383
109.8,128.147909,37.927684,7234.945855200001,133.36,-13.962,132.022,0.31010238937577383
109.9,128.148033,37.927633,7233.6144888,133.846,-14.861,132.314,0.31010238937577383
110.0,128.148156,37.927581,7232.111824800001,134.347,-15.761,132.6,0.31010238937577383
110.1,128.148279,37.927529,7230.4363392,134.864,-16.664,132.881,0.31010238937577383
110.2,128.148402,37.927476,7228.586508,135.399,-17.571,133.158,0.31010238937577383
110.3,128.148524,37.927422,7226.5605024,135.953,-18.485,133.433,0.31010238937577383
110.4,128.148646,37.927368,7224.3567984,136.527,-19.407,133.707,0.31010238937577383
110.5,128.148768,37.927312,7221.9732624,137.121,-20.34,133.982,0.31010238937577383
110.6,128.14889,37.927257,7219.408370400001,137.736,-21.285,134.259,0.31010238937577383
110.7,128.149011,37.9272,7216.659684000001,138.371,-22.245,134.54,0.31010238937577383
110.8,128.149132,37.927143,7213.725679200001,139.027,-23.222,134.827,0.31010238937577383
110.9,128.149252,37.927085,7210.6039176,139.703,-24.215,135.117,0.31010238937577383
111.0,128.149373,37.927026,7207.292265600001,140.4,-25.222,135.41,0.31010238937577383
111.1,128.149492,37.926967,7203.7882848,141.117,-26.239,135.7,0.31010238937577383
111.2,128.149612,37.926908,7200.089841600001,141.856,-27.264,135.984,0.31010238937577383
111.3,128.149731,37.926847,7196.194802399999,142.617,-28.293,136.261,0.31010238937577383
111.4,128.149849,37.926786,7192.100728800001,143.399,-29.327,136.527,0.31010238937577383
111.5,128.149967,37.926725,7187.8054872,144.202,-30.363,136.782,0.31010238937577383
111.6,128.150084,37.926663,7183.3063344,145.027,-31.402,137.025,0.31010238937577383
111.7,128.150201,37.9266,7178.600832,145.875,-32.443,137.253,0.31010238937577383
111.8,128.150318,37.926537,7173.6862368,146.746,-33.485,137.466,0.31010238937577383
111.9,128.150434,37.926474,7168.559805600001,147.641,-34.53,137.663,0.31010238937577383
112.0,128.150549,37.92641,7163.2178808,148.565,-35.575,137.843,0.31010238937577383
112.1,128.150664,37.926346,7157.656804800001,149.494,-36.622,138.009,0.31010238937577383
112.2,128.150778,37.926281,7151.8692624000005,150.27,-37.667,138.167,0.31010238937577383
112.3,128.150892,37.926216,7145.838794400001,150.573,-38.706,138.337,0.31010238937577383
112.4,128.151004,37.92615,7139.5486368,150.121,-39.732,138.538,0.31010238937577383
112.5,128.151115,37.926084,7132.985073600001,148.701,-40.743,138.8,0.31010238937577383
112.6,128.151225,37.926018,7126.1423136,146.274,-41.736,139.15,0.31010238937577383
112.7,128.151333,37.925952,7119.024319200001,142.986,-42.705,139.614,0.31010238937577383
112.8,128.151439,37.925885,7111.6390152,139.064,-43.638,140.216,0.31010238937577383
112.9,128.151544,37.925818,7103.9985936,134.835,-44.523,140.971,0.31010238937577383
113.0,128.151648,37.925751,7096.1125032,130.58,-45.346,141.887,0.31010238937577383
113.1,128.15175,37.925683,7087.9892784,126.489,-46.094,142.966,0.31010238937577383
113.2,128.15185,37.925614,7079.6362344,122.74,-46.76,144.199,0.31010238937577383
113.3,128.151949,37.925545,7071.062515200001,119.544,-47.342,145.564,0.31010238937577383
113.4,128.152047,37.925476,7062.2742168,117.001,-47.847,147.037,0.31010238937577383
113.5,128.152142,37.925405,7053.2725584,114.877,-48.274,148.593,0.31010238937577383
113.6,128.152236,37.925334,7044.054796800001,112.721,-48.619,150.211,0.31010238937577383
113.7,128.152327,37.925263,7034.6242848,110.268,-48.889,151.877,0.31010238937577383
113.8,128.152417,37.92519,7024.987728000001,107.494,-49.095,153.579,0.31010238937577383
113.9,128.152503,37.925117,7015.153660800001,104.404,-49.241,155.312,0.31010238937577383
114.0,128.152588,37.925043,7005.1318368,101.022,-49.321,157.07,0.31010238937577383
114.1,128.15267,37.924968,6994.9304856,97.387,-49.332,158.844,0.31010238937577383
114.2,128.152749,37.924893,6984.557836800001,93.551,-49.265,160.621,0.31010238937577383
114.3,128.152826,37.924816,6974.0209008,89.576,-49.111,162.389,0.31010238937577383
114.4,128.1529,37.924738,6963.3285168,85.53,-48.859,164.132,0.31010238937577383
114.5,128.152972,37.92466,6952.491048,81.454,-48.513,165.835,0.31010238937577383
114.6,128.153041,37.92458,6941.5200768,77.38,-48.083,167.488,0.31010238937577383
114.7,128.153108,37.924499,6930.4256616,73.365,-47.569,169.076,0.31010238937577383
114.8,128.153172,37.924417,6919.217251200001,69.5,-46.973,170.588,0.31010238937577383
114.9,128.153234,37.924333,6907.9036848,65.891,-46.302,172.017,0.31010238937577383
115.0,128.153293,37.924248,6896.4953256,62.592,-45.565,173.356,0.31010238937577383
115.1,128.15335,37.924162,6885.0016224,59.664,-44.771,174.603,0.31010238937577383
115.2,128.153404,37.924074,6873.4311096,57.254,-43.937,175.768,0.31010238937577383
115.3,128.153456,37.923985,6861.7892736,55.549,-43.086,176.862,0.31010238937577383
115.4,128.153506,37.923895,6850.0828200000005,54.523,-42.235,177.896,0.31010238937577383
115.5,128.153554,37.923803,6838.321197600001,53.963,-41.403,178.872,0.31010238937577383
115.6,128.153599,37.923709,6826.515074400001,53.59,-40.599,179.799,0.31010238937577383
115.7,128.153642,37.923614,6814.6732896,53.141,-39.828,180.687,0.31010238937577383
115.8,128.153683,37.923518,6802.8049872,52.407,-39.087,181.545,0.31010238937577383
115.9,128.15372,37.92342,6790.9174824,51.275,-38.367,182.381,0.31010238937577383
116.0,128.153755,37.923321,6779.0180904,49.744,-37.657,183.198,0.31010238937577383
116.1,128.153788,37.92322,6767.112907199999,47.909,-36.948,183.993,0.31010238937577383
116.2,128.153818,37.923118,6755.2071144,45.924,-36.232,184.762,0.31010238937577383
116.3,128.153845,37.923014,6743.306808,43.947,-35.505,185.501,0.31010238937577383
116.4,128.15387,37.922908,6731.4183888,42.104,-34.765,186.205,0.31010238937577383
116.5,128.153893,37.922802,6719.549172,40.471,-34.013,186.869,0.31010238937577383
116.6,128.153913,37.922693,6707.7070824,39.068,-33.25,187.495,0.31010238937577383
116.7,128.153931,37.922584,6695.900044800001,37.876,-32.48,188.085,0.31010238937577383
116.8,128.153946,37.922472,6684.1365936,36.852,-31.706,188.644,0.31010238937577383
116.9,128.153959,37.92236,6672.4246536,35.944,-30.93,189.177,0.31010238937577383
117.0,128.15397,37.922245,6660.7718448000005,35.102,-30.153,189.688,0.31010238937577383
117.1,128.153979,37.92213,6649.1851776,34.283,-29.376,190.182,0.31010238937577383
117.2,128.153985,37.922012,6637.6713576,33.462,-28.599,190.661,0.31010238937577383
117.3,128.153989,37.921894,6626.2370904,32.627,-27.822,191.126,0.31010238937577383
117.4,128.15399,37.921774,6614.8881672,31.779,-27.043,191.58,0.31010238937577383
117.5,128.153989,37.921652,6603.6312935999995,30.924,-26.263,192.02,0.31010238937577383
117.6,128.153986,37.921529,6592.472260800001,30.072,-25.481,192.447,0.31010238937577383
117.7,128.153981,37.921404,6581.417469600001,29.231,-24.697,192.861,0.31010238937577383
117.8,128.153974,37.921279,6570.4736256,28.411,-23.91,193.262,0.31010238937577383
117.9,128.153964,37.921151,6559.6501776000005,27.618,-23.122,193.649,0.31010238937577383
118.0,128.153952,37.921023,6548.955355200001,26.858,-22.331,194.023,0.31010238937577383
118.1,128.153938,37.920893,6538.396168800001,26.129,-21.536,194.387,0.31010238937577383
118.2,128.153922,37.920761,6527.9771904,25.431,-20.737,194.74,0.31010238937577383
118.3,128.153903,37.920629,6517.7048208,24.761,-19.933,195.084,0.31010238937577383
118.4,128.153883,37.920494,6507.583632000001,24.118,-19.125,195.419,0.31010238937577383
118.5,128.15386,37.920359,6497.619110400001,23.5,-18.314,195.745,0.31010238937577383
118.6,128.153836,37.920223,6487.8164376,22.905,-17.5,196.062,0.31010238937577383
118.7,128.153809,37.920085,6478.1807952,22.332,-16.685,196.371,0.31010238937577383
118.8,128.15378,37.919946,6468.717364800001,21.781,-15.868,196.673,0.31010238937577383
118.9,128.15375,37.919806,6459.4304136,21.25,-15.05,196.966,0.31010238937577383
119.0,128.153718,37.919664,6450.3245136000005,20.741,-14.231,197.252,0.31010238937577383
119.1,128.153683,37.919522,6441.404541600001,20.256,-13.412,197.532,0.31010238937577383
119.2,128.153647,37.919378,6432.67446,19.796,-12.592,197.804,0.31010238937577383
119.3,128.153609,37.919234,6424.1382312000005,19.361,-11.773,198.071,0.31010238937577383
119.4,128.153569,37.919088,6415.8001224,18.953,-10.954,198.332,0.31010238937577383
119.5,128.153528,37.918941,6407.663486400001,18.57,-10.136,198.587,0.31010238937577383
119.6,128.153484,37.918794,6399.7325904,18.212,-9.318,198.838,0.31010238937577383
119.7,128.153439,37.918645,6392.010787200001,17.876,-8.502,199.085,0.31010238937577383
119.8,128.153393,37.918496,6384.5014296,17.56,-7.687,199.328,0.31010238937577383
119.9,128.153345,37.918346,6377.2078704000005,17.262,-6.872,199.568,0.31010238937577383
120.0,128.153295,37.918195,6370.1331576,16.982,-6.059,199.805,0.31010238937577383
120.1,128.153243,37.918043,6363.2797296,16.723,-5.247,200.04,0.31010238937577383
120.2,128.15319,37.91789,6356.64972,16.486,-4.437,200.273,0.31010238937577383
120.3,128.153136,37.917737,6350.2461768,16.274,-3.628,200.504,0.31010238937577383
120.4,128.15308,37.917583,6344.071233600001,16.083,-2.821,200.734,0.31010238937577383
120.5,128.153022,37.917428,6338.127024,15.913,-2.017,200.963,0.31010238937577383
120.6,128.152963,37.917273,6332.4159864,15.761,-1.214,201.191,0.31010238937577383
120.7,128.152903,37.917117,6326.939949600001,15.624,-0.413,201.42,0.31010238937577383
120.8,128.152841,37.916961,6321.7007424,15.499,0.385,201.648,0.31010238937577383
120.9,128.152778,37.916804,6316.7008032,15.383,1.183,201.877,0.31010238937577383
121.0,128.152714,37.916647,6311.941351200001,15.274,1.979,202.106,0.31010238937577383
121.1,128.152648,37.916489,6307.4245200000005,15.173,2.774,202.336,0.31010238937577383
121.2,128.152581,37.916331,6303.151224,15.079,3.568,202.566,0.31010238937577383
121.3,128.152513,37.916173,6299.1226824000005,14.995,4.361,202.797,0.31010238937577383
121.4,128.152443,37.916014,6295.340724000001,14.918,5.151,203.028,0.31010238937577383
121.5,128.152372,37.915855,6291.8074824000005,14.841,5.94,203.26,0.31010238937577383
121.6,128.1523,37.915696,6288.5287488,14.727,6.728,203.491,0.31010238937577383
121.7,128.152227,37.915537,6285.5188488,14.459,7.515,203.718,0.31010238937577383
121.8,128.152153,37.915378,6282.8018616,13.836,8.305,203.934,0.31010238937577383
121.9,128.152077,37.915219,6280.3954656000005,12.753,9.109,204.132,0.31010238937577383
122.0,128.152001,37.91506,6278.298746400001,11.329,9.938,204.307,0.31010238937577383
122.1,128.151923,37.9149,6276.503169600001,9.787,10.795,204.451,0.31010238937577383
122.2,128.151844,37.914741,6274.9971528,8.367,11.677,204.56,0.31010238937577383
122.3,128.151765,37.914582,6273.765456000001,7.326,12.577,204.636,0.31010238937577383
122.4,128.151685,37.914423,6272.784000000001,6.941,13.484,204.69,0.31010238937577383
122.5,128.151605,37.914263,6272.0375448,7.313,14.385,204.736,0.31010238937577383
122.6,128.151524,37.914104,6271.5346248000005,8.241,15.262,204.788,0.31010238937577383
122.7,128.151442,37.913945,6271.29048,9.406,16.111,204.86,0.31010238937577383
122.8,128.15136,37.913786,6271.314864000001,10.535,16.937,204.964,0.31010238937577383
122.9,128.151277,37.913628,6271.6117392,11.453,17.747,205.104,0.31010238937577383
123.0,128.151194,37.91347,6272.1841536,12.046,18.549,205.278,0.31010238937577383
123.1,128.15111,37.913312,6273.042470400001,12.179,19.347,205.477,0.31010238937577383
123.2,128.151025,37.913155,6274.2068064000005,11.678,20.149,205.682,0.31010238937577383
123.3,128.15094,37.912999,6275.685391200001,10.544,20.964,205.879,0.31010238937577383
123.4,128.150854,37.912843,6277.4696904,9.006,21.801,206.054,0.31010238937577383
123.5,128.150768,37.912688,6279.547512,7.347,22.663,206.192,0.31010238937577383
123.6,128.150681,37.912533,6281.907578400001,5.822,23.543,206.284,0.31010238937577383
123.7,128.150594,37.912379,6284.535564000001,4.676,24.435,206.331,0.31010238937577383
123.8,128.150508,37.912226,6287.409523200001,4.176,25.33,206.345,0.31010238937577383
123.9,128.150421,37.912073,6290.5093392,4.466,26.218,206.344,0.31010238937577383
124.0,128.150334,37.91192,6293.8408032,5.363,27.084,206.344,0.31010238937577383
124.1,128.150247,37.911768,6297.420069600001,6.519,27.921,206.361,0.31010238937577383
124.2,128.15016,37.911617,6301.2571968,7.631,28.736,206.412,0.31010238937577383
124.3,128.150073,37.911467,6305.3537088,8.527,29.539,206.501,0.31010238937577383
124.4,128.149986,37.911318,6309.7065575999995,9.139,30.337,206.628,0.31010238937577383
124.5,128.149899,37.91117,6314.313609600001,9.442,31.135,206.786,0.31010238937577383
124.6,128.149812,37.911022,6319.1794368,9.387,31.933,206.961,0.31010238937577383
124.7,128.149725,37.910876,6324.3147072,8.878,32.735,207.138,0.31010238937577383
124.8,128.149638,37.910731,6329.728564800001,7.883,33.546,207.299,0.31010238937577383
124.9,128.149551,37.910587,6335.416742400001,6.534,34.373,207.432,0.31010238937577383
125.0,128.149464,37.910444,6341.3643048,5.087,35.219,207.526,0.31010238937577383
125.1,128.149377,37.910303,6347.5502208,3.866,36.082,207.578,0.31010238937577383
125.2,128.149291,37.910162,6353.9546784,3.132,36.951,207.59,0.31010238937577383
125.3,128.149205,37.910022,6360.572800800001,2.922,37.815,207.57,0.31010238937577383
125.4,128.14912,37.909884,6367.4112936,3.08,38.664,207.53,0.31010238937577383
125.5,128.149035,37.909746,6374.4765576,3.417,39.498,207.486,0.31010238937577383
125.6,128.148951,37.90961,6381.7710312,3.77,40.321,207.45,0.31010238937577383
125.7,128.148867,37.909475,6389.295019200001,4.036,41.139,207.43,0.31010238937577383
125.8,128.148784,37.909342,6397.0451688,4.162,41.957,207.427,0.31010238937577383
125.9,128.148701,37.909209,6405.0175176,4.133,42.777,207.439,0.31010238937577383
126.0,128.148619,37.909078,6413.2074936,3.962,43.6,207.46,0.31010238937577383
126.1,128.148538,37.908949,6421.6108296,3.675,44.425,207.484,0.31010238937577383
126.2,128.148457,37.908821,6430.2229536,3.299,45.252,207.503,0.31010238937577383
126.3,128.148377,37.908694,6439.0405128,2.859,46.08,207.513,0.31010238937577383
126.4,128.148297,37.908569,6448.0601544,2.377,46.908,207.509,0.31010238937577383
126.5,128.148219,37.908445,6457.27944,1.865,47.736,207.487,0.31010238937577383
126.6,128.148141,37.908322,6466.6947119999995,1.336,48.564,207.446,0.31010238937577383
126.7,128.148064,37.908201,6476.3029224,0.796,49.392,207.385,0.31010238937577383
126.8,128.147988,37.908082,6486.101023200001,0.25,50.22,207.302,0.31010238937577383
126.9,128.147913,37.907964,6496.0859664,-0.303,51.048,207.198,0.31010238937577383
127.0,128.147839,37.907848,6506.254704,-0.869,51.877,207.071,0.31010238937577383
127.1,128.147766,37.907733,6516.604188000001,-1.455,52.707,206.922,0.31010238937577383
127.2,128.147694,37.90762,6527.130456000001,-2.065,53.538,206.751,0.31010238937577383
127.3,128.147623,37.907509,6537.83046,-2.702,54.37,206.557,0.31010238937577383
127.4,128.147554,37.907399,6548.700542400001,-3.378,55.204,206.338,0.31010238937577383
127.5,128.147485,37.907291,6559.737350400001,-4.099,56.04,206.091,0.31010238937577383
127.6,128.147418,37.907184,6570.937836,-4.873,56.876,205.813,0.31010238937577383
127.7,128.147352,37.907079,6582.297732,-5.707,57.715,205.5,0.31010238937577383
127.8,128.147288,37.906976,6593.8133808,-6.608,58.554,205.147,0.31010238937577383
127.9,128.147225,37.906874,6605.4811248000005,-7.58,59.395,204.748,0.31010238937577383
128.0,128.147163,37.906775,6617.296696800001,-8.627,60.236,204.296,0.31010238937577383
128.1,128.147103,37.906677,6629.2561344,-9.753,61.076,203.784,0.31010238937577383
128.2,128.147045,37.90658,6641.3542560000005,-10.961,61.916,203.204,0.31010238937577383
128.3,128.146988,37.906486,6653.5867944,-12.251,62.753,202.547,0.31010238937577383
128.4,128.146933,37.906393,6665.9482632,-13.619,63.587,201.804,0.31010238937577383
128.5,128.146879,37.906302,6678.4334808,-15.066,64.414,200.967,0.31010238937577383
128.6,128.146828,37.906212,6691.036960800001,-16.595,65.234,200.027,0.31010238937577383
128.7,128.146778,37.906125,6703.7532168,-18.21,66.043,198.977,0.31010238937577383
128.8,128.146729,37.906039,6716.5770672,-19.922,66.84,197.809,0.31010238937577383
128.9,128.146683,37.905955,6729.5039400000005,-21.746,67.622,196.52,0.31010238937577383
129.0,128.146639,37.905872,6742.5289584,-23.71,68.387,195.103,0.31010238937577383
129.1,128.146596,37.905791,6755.648160000001,-25.845,69.132,193.55,0.31010238937577383
129.2,128.146556,37.905712,6768.8572776,-28.189,69.857,191.846,0.31010238937577383
129.3,128.146518,37.905635,6782.1514344,-30.777,70.556,189.976,0.31010238937577383
129.4,128.146481,37.905559,6795.5254488,-33.648,71.228,187.923,0.31010238937577383
129.5,128.146447,37.905485,6808.974444,-36.882,71.867,185.673,0.31010238937577383
129.6,128.146415,37.905413,6822.4947624,-40.633,72.468,183.217,0.31010238937577383
129.7,128.146386,37.905342,6836.0809176,-44.998,73.025,180.536,0.31010238937577383
129.8,128.146359,37.905273,6849.7249848,-49.903,73.528,177.6,0.31010238937577383
129.9,128.146334,37.905205,6863.4202584,-55.259,73.957,174.368,0.31010238937577383
130.0,128.146311,37.905139,6877.1569848,-60.885,74.292,170.84,0.31010238937577383
130.1,128.146291,37.905074,6890.925715200001,-66.439,74.524,167.065,0.31010238937577383
130.2,128.146273,37.905011,6904.717305600001,-71.548,74.653,163.126,0.31010238937577383
130.3,128.146257,37.904948,6918.524440800001,-75.914,74.687,159.133,0.31010238937577383
130.4,128.146243,37.904886,6932.3419392,-79.38,74.643,155.197,0.31010238937577383
130.5,128.146231,37.904826,6946.164619200001,-81.9,74.547,151.406,0.31010238937577383
130.6,128.146221,37.904766,6959.989128,-83.484,74.431,147.815,0.31010238937577383
130.7,128.146213,37.904707,6973.8124176,-84.272,74.321,144.444,0.31010238937577383
130.8,128.146207,37.904649,6987.632964,-84.514,74.237,141.29,0.31010238937577383
130.9,128.146203,37.904593,7001.4498528,-84.487,74.195,138.322,0.31010238937577383
131.0,128.1462,37.904538,7015.262169600001,-84.472,74.201,135.495,0.31010238937577383
131.1,128.1462,37.904484,7029.069914400001,-84.791,74.254,132.755,0.31010238937577383
131.2,128.146201,37.904431,7042.872782400001,-85.721,74.345,130.05,0.31010238937577383
131.3,128.146204,37.90438,7056.6695544,-87.297,74.463,127.323,0.31010238937577383
131.4,128.146208,37.90433,7070.4574872,-89.447,74.594,124.537,0.31010238937577383
131.5,128.146214,37.904282,7084.2344472,-92.058,74.72,121.679,0.31010238937577383
131.6,128.146222,37.904235,7097.997996,-94.998,74.824,118.755,0.31010238937577383
131.7,128.146231,37.904189,7111.7453904,-98.122,74.89,115.785,0.31010238937577383
131.8,128.146242,37.904145,7125.473582400001,-101.287,74.91,112.796,0.31010238937577383
131.9,128.146254,37.904102,7139.180438400001,-104.354,74.878,109.82,0.31010238937577383
132.0,128.146268,37.904061,7152.863520000001,-107.209,74.794,106.887,0.31010238937577383
132.1,128.146283,37.904021,7166.519779200001,-109.788,74.661,104.022,0.31010238937577383
132.2,128.146299,37.903982,7180.1476920000005,-112.072,74.484,101.245,0.31010238937577383
132.3,128.146317,37.903944,7193.744820000001,-114.069,74.269,98.563,0.31010238937577383
132.4,128.146336,37.903908,7207.3090296,-115.806,74.026,95.974,0.31010238937577383
132.5,128.146356,37.903873,7220.838796800001,-117.314,73.761,93.473,0.31010238937577383
132.6,128.146378,37.90384,7234.332292800001,-118.624,73.481,91.05,0.31010238937577383
132.7,128.146401,37.903808,7247.7879936,-119.758,73.192,88.694,0.31010238937577383
132.8,128.146425,37.903777,7261.2043752,-120.737,72.898,86.393,0.31010238937577383
132.9,128.14645,37.903748,7274.580828,-121.577,72.605,84.139,0.31010238937577383
133.0,128.146476,37.90372,7287.9152184,-122.325,72.315,81.922,0.31010238937577383
133.1,128.146503,37.903693,7301.2069368,-123.046,72.031,79.737,0.31010238937577383
133.2,128.146532,37.903668,7314.4544592,-123.769,71.753,77.574,0.31010238937577383
133.3,128.146561,37.903644,7327.6565664,-124.725,71.475,75.442,0.31010238937577383
133.4,128.146591,37.903621,7340.809905600001,-126.446,71.18,73.387,0.31010238937577383
133.5,128.146622,37.903601,7353.9086856,-128.863,70.861,71.409,0.31010238937577383
133.6,128.146654,37.903582,7366.950468,-131.855,70.507,69.506,0.31010238937577383
133.7,128.146688,37.903565,7379.931595200001,-135.263,70.102,67.69,0.31010238937577383
133.8,128.146722,37.90355,7392.850238400001,-138.577,69.647,65.969,0.31010238937577383
133.9,128.146757,37.903536,7405.7079216,-140.869,69.157,64.295,0.31010238937577383
134.0,128.146794,37.903524,7418.5083024,-142.117,68.619,62.661,0.31010238937577383
134.1,128.146831,37.903512,7431.255648,-142.365,68.044,61.088,0.31010238937577383
134.2,128.146868,37.903502,7443.946605600001,-142.037,67.445,59.623,0.31010238937577383
134.3,128.146907,37.903493,7456.574774400001,-141.961,66.824,58.329,0.31010238937577383
134.4,128.146946,37.903486,7469.131620000001,-142.209,66.194,57.183,0.31010238937577383
134.5,128.146986,37.90348,7481.610132000001,-142.809,65.558,56.154,0.31010238937577383
134.6,128.147027,37.903476,7494.007872,-143.77,64.909,55.213,0.31010238937577383
134.7,128.147069,37.903474,7506.322706400001,-145.071,64.24,54.341,0.31010238937577383
134.8,128.147112,37.903474,7518.552501600001,-146.669,63.545,53.534,0.31010238937577383
134.9,128.147156,37.903475,7530.6945144,-148.503,62.819,52.793,0.31010238937577383
135.0,128.1472,37.903478,7542.746611200001,-150.504,62.057,52.125,0.31010238937577383
135.1,128.147246,37.903482,7554.7054392,-152.603,61.257,51.538,0.31010238937577383
135.2,128.147292,37.903488,7566.568255200001,-154.736,60.417,51.037,0.31010238937577383
135.3,128.147339,37.903495,7578.332316,-156.844,59.538,50.628,0.31010238937577383
135.4,128.147387,37.903504,7589.9964024,-158.595,58.641,50.292,0.31010238937577383
135.5,128.147436,37.903514,7601.566915200001,-159.327,57.764,49.975,0.31010238937577383
135.6,128.147486,37.903525,7613.0529984,-159.25,56.884,49.667,0.31010238937577383
135.7,128.147537,37.903537,7624.4552616,-158.501,56.002,49.355,0.31010238937577383
135.8,128.147588,37.90355,7635.768828,-157.426,55.122,49.044,0.31010238937577383
135.9,128.147641,37.903565,7646.981200800001,-156.614,54.237,48.754,0.31010238937577383
136.0,128.147694,37.903581,7658.079883200001,-156.136,53.356,48.47,0.31010238937577383
136.1,128.147748,37.903598,7669.060608,-156.017,52.48,48.183,0.31010238937577383
136.2,128.147803,37.903617,7679.921851200001,-156.259,51.606,47.89,0.31010238937577383
136.3,128.147859,37.903637,7690.661784000001,-156.841,50.729,47.593,0.31010238937577383
136.4,128.147915,37.903659,7701.2785776,-157.729,49.844,47.299,0.31010238937577383
136.5,128.147973,37.903682,7711.7697935999995,-158.874,48.947,47.017,0.31010238937577383
136.6,128.148031,37.903706,7722.1336032,-160.225,48.035,46.756,0.31010238937577383
136.7,128.14809,37.903732,7732.3678728,-161.728,47.106,46.526,0.31010238937577383
136.8,128.148151,37.903759,7742.4698592,-163.331,46.159,46.335,0.31010238937577383
136.9,128.148211,37.903787,7752.437428800001,-164.986,45.193,46.19,0.31010238937577383
137.0,128.148273,37.903816,7762.267838400001,-166.652,44.208,46.095,0.31010238937577383
137.1,128.148336,37.903847,7771.961088000001,-168.045,43.207,46.034,0.31010238937577383
137.2,128.1484,37.903878,7781.527845600001,-168.606,42.194,45.967,0.31010238937577383
137.3,128.148464,37.903911,7790.9796936,-168.532,41.171,45.905,0.31010238937577383
137.4,128.14853,37.903944,7800.316632,-167.919,40.146,45.841,0.31010238937577383
137.5,128.148596,37.903978,7809.533479200001,-166.889,39.127,45.771,0.31010238937577383
137.6,128.148662,37.904014,7818.6238344,-165.697,38.12,45.694,0.31010238937577383
137.7,128.14873,37.90405,7827.5724576,-164.77,37.128,45.626,0.31010238937577383
137.8,128.148798,37.904087,7836.3662424,-164.158,36.152,45.555,0.31010238937577383
137.9,128.148868,37.904126,7845.002750400001,-163.881,35.187,45.477,0.31010238937577383
138.0,128.148938,37.904166,7853.481372,-163.938,34.228,45.389,0.31010238937577383
138.1,128.149009,37.904207,7861.7999736,-164.316,33.27,45.293,0.31010238937577383
138.2,128.14908,37.904249,7869.9576408,-164.989,32.309,45.194,0.31010238937577383
138.3,128.149153,37.904292,7877.9522400000005,-165.92,31.342,45.098,0.31010238937577383
138.4,128.149226,37.904336,7885.782856800001,-167.071,30.364,45.012,0.31010238937577383
138.5,128.1493,37.904381,7893.446748,-168.4,29.373,44.942,0.31010238937577383
138.6,128.149375,37.904427,7900.9429992000005,-169.866,28.368,44.897,0.31010238937577383
138.7,128.14945,37.904474,7908.269172,-171.429,27.346,44.882,0.31010238937577383
138.8,128.149527,37.904522,7915.4264856,-172.836,26.31,44.888,0.31010238937577383
138.9,128.149604,37.904571,7922.4280464,-173.612,25.26,44.89,0.31010238937577383
139.0,128.149682,37.904621,7929.285132000001,-173.953,24.196,44.9,0.31010238937577383
139.1,128.14976,37.904671,7935.9946944,-173.923,23.124,44.917,0.31010238937577383
139.2,128.149839,37.904722,7942.5524664,-173.59,22.049,44.939,0.31010238937577383
139.3,128.149919,37.904774,7948.9547904,-173.014,20.976,44.958,0.31010238937577383
139.4,128.15,37.904827,7955.200142400001,-172.233,19.909,44.969,0.31010238937577383
139.5,128.150082,37.90488,7961.289132000001,-171.257,18.849,44.962,0.31010238937577383
139.6,128.150164,37.904934,7967.2181016,-170.243,17.799,44.937,0.31010238937577383
139.7,128.150247,37.904989,7972.9687632000005,-169.559,16.76,44.908,0.31010238937577383
139.8,128.15033,37.905045,7978.527400800001,-169.225,15.73,44.875,0.31010238937577383
139.9,128.150414,37.905102,7983.891576,-169.239,14.705,44.836,0.31010238937577383
140.0,128.150499,37.905159,7989.0597648,-169.586,13.68,44.793,0.31010238937577383
140.1,128.150584,37.905217,7994.0310528,-170.243,12.65,44.749,0.31010238937577383
140.2,128.15067,37.905276,7998.803916,-171.178,11.613,44.71,0.31010238937577383
140.3,128.150757,37.905336,8003.3771352,-172.357,10.566,44.683,0.31010238937577383
140.4,128.150844,37.905397,8007.748576800001,-173.742,9.506,44.672,0.31010238937577383
140.5,128.150932,37.905458,8011.9176312,-175.3,8.432,44.683,0.31010238937577383
140.6,128.15102,37.90552,8015.8836888,-176.981,7.344,44.719,0.31010238937577383
140.7,128.151109,37.905582,8019.6510168,-178.561,6.242,44.779,0.31010238937577383
140.8,128.151199,37.905645,8023.2348552,-179.683,5.125,44.85,0.31010238937577383
140.9,128.151289,37.905709,8026.642519200001,179.579,3.995,44.938,0.31010238937577383
141.0,128.15138,37.905773,8029.870351200001,179.195,2.857,45.043,0.31010238937577383
141.1,128.151471,37.905837,8032.914084000001,179.112,1.715,45.162,0.31010238937577383
141.2,128.151563,37.905902,8035.7688408,179.269,0.572,45.29,0.31010238937577383
141.3,128.151656,37.905968,8038.430964,179.613,-0.568,45.421,0.31010238937577383
141.4,128.151749,37.906034,8040.8977104000005,-179.901,-1.705,45.55,0.31010238937577383
141.5,128.151843,37.9061,8043.166032,-179.321,-2.836,45.669,0.31010238937577383
141.6,128.151937,37.906167,8045.2301376000005,-178.742,-3.96,45.778,0.31010238937577383
141.7,128.152031,37.906235,8047.0747872,-178.385,-5.076,45.88,0.31010238937577383
141.8,128.152126,37.906302,8048.6893128,-178.377,-6.183,45.978,0.31010238937577383
141.9,128.152222,37.906371,8050.071276,-178.719,-7.287,46.074,0.31010238937577383
142.0,128.152318,37.906439,8051.220676800001,-179.395,-8.392,46.17,0.31010238937577383
142.1,128.152414,37.906508,8052.1366008,179.628,-9.5,46.271,0.31010238937577383
142.2,128.152511,37.906577,8052.823924800001,178.445,-10.616,46.382,0.31010238937577383
142.3,128.152608,37.906647,8053.289659200001,177.229,-11.741,46.501,0.31010238937577383
142.4,128.152705,37.906716,8053.545691200001,176.19,-12.873,46.628,0.31010238937577383
142.5,128.152803,37.906786,8053.597812,175.454,-14.013,46.761,0.31010238937577383
142.6,128.152902,37.906857,8053.442364,174.982,-15.155,46.904,0.31010238937577383
142.7,128.153,37.906927,8053.0759944,174.745,-16.295,47.056,0.31010238937577383
142.8,128.153099,37.906998,8052.495045600001,174.699,-17.431,47.215,0.31010238937577383
142.9,128.153199,37.907068,8051.695555200001,174.797,-18.561,47.378,0.31010238937577383
143.0,128.153298,37.907139,8050.6763040000005,175.012,-19.686,47.54,0.31010238937577383
143.1,128.153398,37.90721,8049.435158400001,175.322,-20.803,47.697,0.31010238937577383
143.2,128.153498,37.907281,8047.967851200001,175.666,-21.913,47.846,0.31010238937577383
143.3,128.153599,37.907352,8046.265238400001,175.913,-23.016,47.989,0.31010238937577383
143.4,128.153699,37.907424,8044.321528800001,175.974,-24.111,48.126,0.31010238937577383
143.5,128.1538,37.907495,8042.1330648,175.811,-25.202,48.26,0.31010238937577383
143.6,128.153901,37.907566,8039.699846400001,175.434,-26.291,48.392,0.31010238937577383
143.7,128.154002,37.907637,8037.022788000001,174.892,-27.379,48.525,0.31010238937577383
143.8,128.154103,37.907708,8034.105852000001,174.265,-28.469,48.661,0.31010238937577383
143.9,128.154204,37.907779,8030.9530008,173.653,-29.562,48.801,0.31010238937577383
144.0,128.154305,37.90785,8027.568196800001,173.152,-30.657,48.945,0.31010238937577383
144.1,128.154407,37.907921,8023.954792800001,172.836,-31.754,49.093,0.31010238937577383
144.2,128.154508,37.907992,8020.1133984,172.743,-32.85,49.242,0.31010238937577383
144.3,128.15461,37.908063,8016.0430992,172.866,-33.944,49.392,0.31010238937577383
144.4,128.154711,37.908133,8011.740237600001,173.159,-35.032,49.538,0.31010238937577383
144.5,128.154813,37.908204,8007.199632000001,173.546,-36.113,49.679,0.31010238937577383
144.6,128.154914,37.908274,8002.415796,173.928,-37.186,49.814,0.31010238937577383
144.7,128.155015,37.908344,7997.383548,174.212,-38.252,49.942,0.31010238937577383
144.8,128.155117,37.908414,7992.0992304,174.336,-39.312,50.064,0.31010238937577383
144.9,128.155217,37.908483,7986.5607096,174.27,-40.369,50.181,0.31010238937577383
145.0,128.155318,37.908552,7980.7679856,174.027,-41.424,50.296,0.31010238937577383
145.1,128.155419,37.908621,7974.7219728,173.653,-42.48,50.411,0.31010238937577383
145.2,128.155519,37.908689,7968.424804800001,173.218,-43.537,50.528,0.31010238937577383
145.3,128.155619,37.908757,7961.877700800001,172.789,-44.595,50.652,0.31010238937577383
145.4,128.155718,37.908825,7955.0824896,172.42,-45.654,50.783,0.31010238937577383
145.5,128.155818,37.908892,7948.0391712,172.146,-46.713,50.923,0.31010238937577383
145.6,128.155917,37.908959,7940.747745600001,171.983,-47.77,51.074,0.31010238937577383
145.7,128.156016,37.909025,7933.2072984,171.931,-48.824,51.234,0.31010238937577383
145.8,128.156114,37.909091,7925.4150864,171.939,-49.874,51.404,0.31010238937577383
145.9,128.156212,37.909157,7917.364404,171.755,-50.917,51.599,0.31010238937577383
146.0,128.156309,37.909221,7909.0406207999995,170.981,-51.95,51.848,0.31010238937577383
146.1,128.156405,37.909285,7900.4385552,169.628,-52.976,52.161,0.31010238937577383
146.2,128.156501,37.909348,7891.5591216,167.743,-53.999,52.553,0.31010238937577383
146.3,128.156595,37.90941,7882.4050632,165.391,-55.019,53.045,0.31010238937577383
146.4,128.15669,37.909471,7872.9818664,162.668,-56.035,53.671,0.31010238937577383
146.5,128.156783,37.909532,7863.291969600001,159.612,-57.037,54.468,0.31010238937577383
146.6,128.156876,37.909591,7853.337811200001,156.228,-58.017,55.468,0.31010238937577383
146.7,128.156968,37.909649,7843.1233536,152.55,-58.963,56.691,0.30875037065698197
146.8,128.157059,37.909705,7832.654083200001,148.61,-59.864,58.153,0.3059874483473364
146.9,128.15715,37.909761,7821.9348768,144.431,-60.708,59.862,0.30300975407021313
147.0,128.15724,37.909814,7810.9718304,140.037,-61.483,61.816,0.30300975407021313
147.1,128.15733,37.909867,7799.7710400000005,135.45,-62.177,64.004,0.30300975407021313
147.2,128.157419,37.909918,7788.339211200001,130.692,-62.779,66.412,0.30300975407021313
147.3,128.157508,37.909967,7776.683964000001,125.791,-63.278,69.014,0.30300975407021313
147.4,128.157597,37.910014,7764.8126136,120.777,-63.665,71.779,0.30300975407021313
147.5,128.157685,37.91006,7752.7324751999995,115.685,-63.935,74.665,0.30300975407021313
147.6,128.157773,37.910103,7740.4511688,110.552,-64.085,77.627,0.30300975407021313
147.7,128.157862,37.910145,7727.9754,105.417,-64.113,80.618,0.30300975407021313
147.8,128.15795,37.910185,7715.310655200001,100.323,-64.02,83.592,0.30300975407021313
147.9,128.158038,37.910222,7702.462116,95.302,-63.809,86.504,0.30300975407021313
148.0,128.158126,37.910258,7689.436488000001,90.427,-63.492,89.317,0.30300975407021313
148.1,128.158215,37.910292,7676.2392576,85.965,-63.093,92.007,0.30300975407021313
148.2,128.158304,37.910323,7662.874692,82.55,-62.654,94.568,0.30300975407021313
148.3,128.158393,37.910353,7649.3434008,80.846,-62.219,97.01,0.30300975407021313
148.4,128.158483,37.910382,7635.645384000001,80.686,-61.806,99.326,0.30300975407021313
148.5,128.158573,37.910409,7621.782470400001,81.798,-61.444,101.502,0.30300975407021313
148.6,128.158663,37.910434,7607.7567936,83.814,-61.159,103.542,0.30300975407021313
148.7,128.158754,37.910458,7593.570182400001,86.254,-60.966,105.465,0.30300975407021313
148.8,128.158845,37.91048,7579.223551200001,88.61,-60.875,107.31,0.30300975407021313
148.9,128.158935,37.9105,7564.7159856,90.445,-60.894,109.124,0.30300975407021313
149.0,128.159026,37.910518,7550.0471808,91.379,-61.014,110.95,0.30300975407021313
149.1,128.159116,37.910533,7535.217746400001,91.14,-61.214,112.822,0.30300975407021313
149.2,128.159205,37.910547,7520.228596800001,89.592,-61.458,114.757,0.30300975407021313
149.3,128.159294,37.910558,7505.08278,86.712,-61.701,116.753,0.30300975407021313
149.4,128.159382,37.910567,7489.7851728000005,82.632,-61.895,118.789,0.30300975407021313
149.5,128.15947,37.910574,7474.3440048,77.529,-61.992,120.829,0.30300975407021313
149.6,128.159556,37.910577,7458.7696392,71.47,-61.951,122.815,0.30300975407021313
149.7,128.159643,37.910578,7443.0745728,64.819,-61.747,124.697,0.30300975407021313
149.8,128.159728,37.910576,7427.268559200001,58.057,-61.372,126.435,0.30300975407021313
149.9,128.159814,37.910572,7411.3579992,52.093,-60.854,128.034,0.30300975407021313
150.0,128.159899,37.910564,7395.341368800001,48.228,-60.244,129.555,0.30300975407021313
150.1,128.159985,37.910555,7379.2147056,46.634,-59.552,130.989,0.30300975407021313
150.2,128.160071,37.910543,7362.9819720000005,46.922,-58.82,132.33,0.30300975407021313
150.3,128.160158,37.910529,7346.6556648000005,48.193,-58.094,133.581,0.30300975407021313
150.4,128.160244,37.910512,7330.2507192,49.278,-57.395,134.761,0.30300975407021313
150.5,128.16033,37.910492,7313.7848136,49.137,-56.714,135.892,0.30300975407021313
150.6,128.160416,37.910469,7297.2710544,47.682,-56.038,137.008,0.30300975407021313
150.7,128.160501,37.910442,7280.716452000001,45.014,-55.341,138.112,0.30300975407021313
150.8,128.160587,37.910412,7264.131064800001,41.362,-54.6,139.172,0.30300975407021313
150.9,128.160672,37.910379,7247.523732000001,37.23,-53.8,140.155,0.30300975407021313
151.0,128.160757,37.910343,7230.892015200001,33.503,-52.941,141.058,0.30300975407021313
151.1,128.160843,37.910304,7214.2438392,30.48,-52.025,141.854,0.30300975407021313
151.2,128.160929,37.910262,7197.603892800001,27.843,-51.056,142.514,0.30300975407021313
151.3,128.161016,37.910216,7180.9989984,25.166,-50.039,143.029,0.30300975407021313
151.4,128.161103,37.910167,7164.4495776,22.319,-48.975,143.416,0.30300975407021313
151.5,128.161191,37.910115,7147.9711752,19.35,-47.866,143.687,0.30300975407021313
151.6,128.16128,37.910059,7131.5802504,16.336,-46.714,143.844,0.30300975407021313
151.7,128.16137,37.91,7115.2929576,13.348,-45.52,143.886,0.30300975407021313
151.8,128.161461,37.909938,7099.126670400001,10.445,-44.291,143.812,0.30300975407021313
151.9,128.161554,37.909873,7083.097847999999,7.674,-43.032,143.619,0.30300975407021313
152.0,128.161648,37.909804,7067.223254400001,5.073,-41.748,143.3,0.30300975407021313
152.1,128.161744,37.909733,7051.517824800001,2.653,-40.447,142.853,0.30300975407021313
152.2,128.161842,37.909659,7035.9943608,0.382,-39.137,142.293,0.30300975407021313
152.3,128.161942,37.909583,7020.6635304,-1.812,-37.825,141.65,0.30300975407021313
152.4,128.162045,37.909504,7005.535696800001,-3.976,-36.519,140.942,0.30300975407021313
152.5,128.16215,37.909423,6990.620918400001,-6.136,-35.224,140.177,0.30300975407021313
152.6,128.162257,37.909339,6975.9283392,-8.305,-33.944,139.36,0.30300975407021313
152.7,128.162367,37.909254,6961.4661888,-10.491,-32.684,138.493,0.30300975407021313
152.8,128.16248,37.909167,6947.2417824,-12.696,-31.448,137.577,0.30300975407021313
152.9,128.162595,37.909078,6933.2615208,-14.917,-30.238,136.612,0.30300975407021313
153.0,128.162714,37.908988,6919.5308904,-17.152,-29.059,135.598,0.30300975407021313
153.1,128.162836,37.908897,6906.054768,-19.397,-27.911,134.537,0.30300975407021313
153.2,128.162961,37.908805,6892.835592,-21.646,-26.799,133.427,0.30300975407021313
153.3,128.16309,37.908712,6879.875191200001,-23.895,-25.726,132.27,0.30300975407021313
153.4,128.163221,37.908618,6867.1747847999995,-26.144,-24.693,131.066,0.30300975407021313
153.5,128.163357,37.908525,6854.7337632,-28.393,-23.703,129.817,0.30300975407021313
153.6,128.163495,37.908431,6842.5396296,-30.493,-22.753,128.534,0.30300975407021313
153.7,128.163638,37.908337,6830.5570272,-32.021,-21.829,127.239,0.30300975407021313
153.8,128.163783,37.908243,6818.770106400001,-32.816,-20.933,125.952,0.30300975407021313
153.9,128.163931,37.90815,6807.181305600001,-32.937,-20.067,124.692,0.30300975407021313
154.0,128.164083,37.908057,6795.79794,-32.508,-19.224,123.48,0.30300975407021313
154.1,128.164238,37.907965,6784.6306776,-31.702,-18.395,122.333,0.30300975407021313
154.2,128.164396,37.907872,6773.692015200001,-30.726,-17.571,121.255,0.30300975407021313
154.3,128.164557,37.907781,6762.9935352,-29.759,-16.743,120.249,0.30300975407021313
154.4,128.164722,37.90769,6752.543772,-28.927,-15.907,119.309,0.30300975407021313
154.5,128.16489,37.9076,6742.3488216000005,-28.299,-15.06,118.429,0.30300975407021313
154.6,128.165061,37.907511,6732.412951200001,-27.901,-14.201,117.598,0.30300975407021313
154.7,128.165235,37.907422,6722.7401232,-27.723,-13.334,116.805,0.30300975407021313
154.8,128.165412,37.907334,6713.3330808,-27.741,-12.463,116.041,0.30300975407021313
154.9,128.165592,37.907247,6704.1957864000005,-27.923,-11.591,115.295,0.30300975407021313
155.0,128.165774,37.907161,6695.331288,-28.238,-10.723,114.56,0.30300975407021313
155.1,128.16596,37.907076,6686.742328800001,-28.661,-9.861,113.83,0.30300975407021313
155.2,128.166148,37.906992,6678.4322616,-29.171,-9.007,113.098,0.30300975407021313
155.3,128.166339,37.906909,6670.4044392,-29.753,-8.162,112.36,0.30300975407021313
155.4,128.166532,37.906827,6662.661300000001,-30.393,-7.326,111.612,0.30300975407021313
155.5,128.166728,37.906746,6655.2049776,-31.079,-6.501,110.851,0.30300975407021313
155.6,128.166927,37.906667,6648.036996000001,-31.801,-5.686,110.075,0.30300975407021313
155.7,128.167128,37.90659,6641.159184000001,-32.55,-4.881,109.283,0.30300975407021313
155.8,128.167332,37.906514,6634.5718464,-33.32,-4.087,108.473,0.30300975407021313
155.9,128.167537,37.906439,6628.276202399999,-34.106,-3.304,107.645,0.30300975407021313
156.0,128.167746,37.906367,6622.271337600001,-34.901,-2.532,106.799,0.30300975407021313
156.1,128.167956,37.906296,6616.556642400001,-35.705,-1.771,105.935,0.30300975407021313
156.2,128.168168,37.906227,6611.130592800001,-36.51,-1.022,105.055,0.30300975407021313
156.3,128.168383,37.906161,6605.991969600001,-37.311,-0.286,104.158,0.30300975407021313
156.4,128.168599,37.906096,6601.138944,-38.102,0.438,103.246,0.30300975407021313
156.5,128.168818,37.906034,6596.5687728,-38.871,1.152,102.321,0.30300975407021313
156.6,128.169038,37.905973,6592.2787128,-39.606,1.855,101.383,0.30300975407021313
156.7,128.16926,37.905916,6588.2660208,-40.3,2.548,100.436,0.30300975407021313
156.8,128.169483,37.90586,6584.528258400001,-40.957,3.234,99.482,0.30300975407021313
156.9,128.169708,37.905807,6581.0626824,-41.586,3.919,98.53,0.30300975407021313
157.0,128.169935,37.905756,6577.867464000001,-42.185,4.602,97.58,0.30300975407021313
157.1,128.170163,37.905708,6574.941079200001,-42.752,5.284,96.63,0.30300975407021313
157.2,128.170392,37.905663,6572.2810896,-43.285,5.964,95.68,0.30300975407021313
157.3,128.170622,37.90562,6569.886276,-43.78,6.642,94.731,0.30300975407021313
157.4,128.170854,37.90558,6567.7542,-44.234,7.318,93.782,0.30300975407021313
157.5,128.171086,37.905543,6565.883642400001,-44.638,7.992,92.832,0.30300975407021313
157.6,128.171319,37.905508,6564.2727744,-44.985,8.661,91.878,0.30300975407021313
157.7,128.171553,37.905477,6562.9206816000005,-45.278,9.325,90.921,0.30300975407021313
157.8,128.171788,37.905448,6561.8252304,-45.522,9.985,89.962,0.30300975407021313
157.9,128.172024,37.905422,6560.985506400001,-45.723,10.642,89.001,0.30300975407021313
158.0,128.17226,37.905399,6560.4002904,-45.887,11.297,88.041,0.30300975407021313
158.1,128.172496,37.905378,6560.0680584,-46.02,11.951,87.082,0.30300975407021313
158.2,128.172733,37.905361,6559.987896000001,-46.124,12.605,86.125,0.30300975407021313
158.3,128.17297,37.905346,6560.1588888,-46.206,13.26,85.171,0.30300975407021313
158.4,128.173207,37.905335,6560.5795128,-46.269,13.915,84.22,0.30300975407021313
158.5,128.173444,37.905326,6561.249768000001,-46.322,14.572,83.272,0.30300975407021313
158.6,128.173681,37.90532,6562.1693496,-46.374,15.23,82.327,0.30300975407021313
158.7,128.173917,37.905317,6563.3379528,-46.436,15.888,81.385,0.30300975407021313
158.8,128.174154,37.905317,6564.7552728,-46.523,16.547,80.445,0.30300975407021313
158.9,128.17439,37.905319,6566.4210048,-46.651,17.206,79.506,0.30300975407021313
159.0,128.174625,37.905325,6568.334844,-46.832,17.863,78.565,0.30300975407021313
159.1,128.17486,37.905333,6570.4967904000005,-47.082,18.518,77.621,0.30300975407021313
159.2,128.175095,37.905344,6572.906234399999,-47.413,19.169,76.67,0.30300975407021313
159.3,128.175328,37.905359,6575.5613472000005,-47.821,19.815,75.71,0.30300975407021313
159.4,128.17556,37.905376,6578.457252000001,-48.267,20.457,74.739,0.30300975407021313
159.5,128.175792,37.905395,6581.5878528,-48.681,21.093,73.758,0.30300975407021313
159.6,128.176022,37.905418,6584.9501016,-49.037,21.721,72.768,0.30300975407021313
159.7,128.176251,37.905443,6588.5418648,-49.328,22.343,71.771,0.30300975407021313
159.8,128.176479,37.905471,6592.3603992,-49.562,22.957,70.768,0.30300975407021313
159.9,128.176706,37.905502,6596.403876,-49.754,23.566,69.76,0.30300975407021313
160.0,128.176931,37.905536,6600.6707712,-49.928,24.171,68.75,0.30300975407021313
160.1,128.177154,37.905572,6605.159256000001,-50.098,24.772,67.736,0.30300975407021313
160.2,128.177376,37.905611,6609.866892000001,-50.276,25.371,66.72,0.30300975407021313
160.3,128.177597,37.905653,6614.7915456,-50.468,25.967,65.701,0.30300975407021313
160.4,128.177815,37.905697,6619.9304736,-50.676,26.561,64.677,0.30300975407021313
160.5,128.178031,37.905744,6625.2797136,-50.875,27.152,63.65,0.30300975407021313
160.6,128.178246,37.905793,6630.8343888,-51.024,27.742,62.621,0.30300975407021313
160.7,128.178459,37.905845,6636.5908416,-51.105,28.33,61.59,0.30300975407021313
160.8,128.178669,37.905899,6642.546633600001,-51.118,28.915,60.561,0.30300975407021313
160.9,128.178878,37.905955,6648.6996312,-51.079,29.5,59.535,0.30300975407021313
161.0,128.179084,37.906014,6655.0486152,-51.012,30.083,58.513,0.30300975407021313
161.1,128.179288,37.906075,6661.5926712,-50.95,30.666,57.495,0.30300975407021313
161.2,128.179489,37.906138,6668.3311896000005,-50.928,31.249,56.48,0.30300975407021313
161.3,128.179688,37.906204,6675.263560800001,-50.984,31.831,55.466,0.30300975407021313
161.4,128.179885,37.906271,6682.3891752,-51.147,32.412,54.448,0.30300975407021313
161.5,128.180079,37.906341,6689.7074232,-51.442,32.988,53.424,0.30300975407021313
161.6,128.18027,37.906412,6697.2161712,-51.884,33.558,52.387,0.30300975407021313
161.7,128.180459,37.906486,6704.9138952,-52.481,34.119,51.334,0.30300975407021313
161.8,128.180644,37.906561,6712.797852000001,-53.236,34.667,50.26,0.30300975407021313
161.9,128.180827,37.906639,6720.8649936,-54.149,35.199,49.158,0.30300975407021313
162.0,128.181007,37.906719,6729.1113576,-55.209,35.712,48.026,0.30300975407021313
162.1,128.181183,37.9068,6737.532372000001,-56.409,36.201,46.858,0.30300975407021313
162.2,128.181356,37.906883,6746.121940800001,-57.737,36.663,45.653,0.30300975407021313
162.3,128.181527,37.906969,6754.8727488,-59.163,37.095,44.411,0.30300975407021313
162.4,128.181693,37.907056,6763.7765664,-60.64,37.494,43.131,0.30300975407021313
162.5,128.181857,37.907145,6772.8236400000005,-62.099,37.861,41.814,0.30300975407021313
162.6,128.182017,37.907236,6782.0039112,-63.472,38.194,40.464,0.30300975407021313
162.7,128.182173,37.907329,6791.3091504,-64.717,38.495,39.087,0.30300975407021313
162.8,128.182326,37.907423,6800.7314328,-65.817,38.767,37.689,0.30300975407021313
162.9,128.182476,37.90752,6810.263748,-66.771,39.013,36.276,0.30300975407021313
163.0,128.182623,37.907618,6819.9003048,-67.594,39.238,34.854,0.30300975407021313
163.1,128.182765,37.907717,6829.6347024,-68.305,39.447,33.428,0.30300975407021313
163.2,128.182905,37.907819,6839.462673600001,-68.928,39.644,32.003,0.30300975407021313
163.3,128.18304,37.907922,6849.379036800001,-69.485,39.833,30.579,0.30300975407021313
163.4,128.183172,37.908026,6859.3798295999995,-69.992,40.017,29.16,0.30300975407021313
163.5,128.183301,37.908132,6869.4607848,-70.467,40.198,27.746,0.30300975407021313
163.6,128.183426,37.908239,6879.61794,-70.922,40.377,26.338,0.30300975407021313
163.7,128.183547,37.908348,6889.847637600001,-71.361,40.554,24.936,0.30300975407021313
163.8,128.183665,37.908458,6900.1462200000005,-71.787,40.73,23.541,0.30300975407021313
163.9,128.183779,37.908569,6910.510944,-72.205,40.905,22.151,0.30300975407021313
164.0,128.183889,37.908681,6920.938152000001,-72.631,41.077,20.768,0.30300975407021313
164.1,128.183996,37.908795,6931.426015200001,-73.078,41.246,19.391,0.30300975407021313
164.2,128.184099,37.908909,6941.970876,-73.556,41.411,18.017,0.30300975407021313
164.3,128.184199,37.909025,6952.570600800001,-74.068,41.571,16.647,0.30300975407021313
164.4,128.184294,37.909141,6963.2218368,-74.617,41.724,15.279,0.30300975407021313
164.5,128.184386,37.909258,6973.9212312,-75.202,41.868,13.911,0.30300975407021313
164.6,128.184474,37.909376,6984.666040800001,-75.823,42.003,12.541,0.30300975407021313
164.7,128.184559,37.909495,6995.4529128,-76.476,42.127,11.168,0.30300975407021313
164.8,128.18464,37.909615,7006.2781896,-77.155,42.236,9.791,0.30300975407021313
164.9,128.184717,37.909735,7017.139128000001,-77.853,42.326,8.409,0.30300975407021313
165.0,128.18479,37.909856,7028.031765600001,-78.567,42.395,7.022,0.30300975407021313
165.1,128.184859,37.909978,7038.9530544,-79.296,42.44,5.63,0.30300975407021313
165.2,128.184925,37.9101,7049.8993368,-80.039,42.461,4.235,0.30300975407021313
165.3,128.184987,37.910222,7060.8666504,-80.796,42.457,2.836,0.30300975407021313
165.4,128.185045,37.910345,7071.8510328,-81.569,42.427,1.435,0.30300975407021313
165.5,128.185099,37.910468,7082.849131200001,-82.359,42.372,0.034,0.30300975407021313
165.6,128.18515,37.910592,7093.856373600001,-83.179,42.295,358.634,0.30300975407021313
165.7,128.185197,37.910716,7104.8691024,-84.041,42.2,357.238,0.30300975407021313
165.8,128.18524,37.91084,7115.882745600001,-84.949,42.088,355.845,0.30300975407021313
165.9,128.185279,37.910965,7126.8933408,-85.905,41.959,354.457,0.30300975407021313
166.0,128.185314,37.911089,7137.8966208,-86.907,41.812,353.073,0.30300975407021313
166.1,128.185346,37.911214,7148.887404,-87.953,41.645,351.695,0.30300975407021313
166.2,128.185374,37.911339,7159.861728000001,-89.04,41.456,350.323,0.30300975407021313
166.3,128.185398,37.911464,7170.814106400001,-90.166,41.243,348.958,0.30300975407021313
166.4,128.185419,37.911589,7181.7396624,-91.325,41.007,347.6,0.30300975407021313
166.5,128.185435,37.911714,7192.633214400001,-92.512,40.744,346.25,0.30300975407021313
166.6,128.185448,37.911839,7203.489276,-93.72,40.454,344.91,0.30300975407021313
166.7,128.185457,37.911965,7214.302056,-94.948,40.136,343.579,0.30300975407021313
166.8,128.185462,37.91209,7225.0657632,-96.191,39.789,342.258,0.30300975407021313
166.9,128.185463,37.912214,7235.774911200001,-97.441,39.413,340.949,0.30300975407021313
167.0,128.185461,37.912339,7246.423404,-98.691,39.008,339.652,0.30300975407021313
167.1,128.185454,37.912464,7257.0051456,-99.935,38.573,338.369,0.30300975407021313
167.2,128.185444,37.912588,7267.5143448,-101.165,38.11,337.1,0.30300975407021313
167.3,128.185431,37.912712,7277.9446008,-102.374,37.618,335.846,0.30300975407021313
167.4,128.185413,37.912836,7288.2904272000005,-103.55,37.099,334.609,0.30300975407021313
167.5,128.185392,37.91296,7298.545728000001,-104.682,36.555,333.388,0.30300975407021313
167.6,128.185367,37.913083,7308.7056264,-105.76,35.987,332.185,0.30300975407021313
167.7,128.185339,37.913206,7318.7643312,-106.775,35.396,331.0,0.30300975407021313
167.8,128.185307,37.913329,7328.716965600001,-107.72,34.786,329.834,0.30300975407021313
167.9,128.185271,37.913452,7338.5592624,-108.596,34.16,328.685,0.30300975407021313
168.0,128.185232,37.913574,7348.2872592,-109.405,33.521,327.553,0.30300975407021313
168.1,128.18519,37.913695,7357.897908,-110.157,32.873,326.439,0.30300975407021313
168.2,128.185144,37.913817,7367.3875512,-110.861,32.218,325.342,0.30300975407021313
168.3,128.185095,37.913938,7376.752836000001,-111.524,31.559,324.262,0.30300975407021313
168.4,128.185043,37.914058,7385.9916288,-112.153,30.898,323.201,0.30300975407021313
168.5,128.184987,37.914178,7395.1005768,-112.759,30.234,322.157,0.30300975407021313
168.6,128.184928,37.914298,7404.077241600001,-113.347,29.568,321.132,0.30300975407021313
168.7,128.184867,37.914417,7412.918270400001,-113.922,28.901,320.125,0.30300975407021313
168.8,128.184802,37.914535,7421.620310400001,-114.486,28.232,319.136,0.30300975407021313
168.9,128.184734,37.914653,7430.1793992,-115.042,27.561,318.165,0.30300975407021313
169.0,128.184663,37.914771,7438.5927936,-115.589,26.886,317.21,0.30300975407021313
169.1,128.184589,37.914888,7446.8562264,-116.129,26.206,316.269,0.30300975407021313
169.2,128.184512,37.915004,7454.967259200001,-116.661,25.521,315.343,0.30300975407021313
169.3,128.184433,37.915119,7462.9222344,-117.184,24.831,314.43,0.30300975407021313
169.4,128.18435,37.915234,7470.717799200001,-117.694,24.135,313.526,0.30300975407021313
169.5,128.184264,37.915348,7478.351210400001,-118.186,23.437,312.632,0.30300975407021313
169.6,128.184175,37.915461,7485.819724800001,-118.642,22.734,311.746,0.30300975407021313
169.7,128.184084,37.915574,7493.1205992000005,-119.037,22.025,310.869,0.30300975407021313
169.8,128.183989,37.915686,7500.2513952,-119.358,21.309,310.0,0.30300975407021313
169.9,128.183892,37.915797,7507.209674400001,-119.617,20.587,309.141,0.30300975407021313
170.0,128.183792,37.915907,7513.9923888,-119.833,19.859,308.29,0.30300975407021313
170.1,128.18369,37.916016,7520.5971,-120.027,19.127,307.446,0.30300975407021313
170.2,128.183585,37.916124,7527.021674400001,-120.217,18.391,306.608,0.30300975407021313
170.3,128.183477,37.916231,7533.2612352,-120.502,17.634,305.788,0.30300975407021313
170.4,128.183366,37.916337,7539.3069432,-121.117,16.828,305.002,0.30300975407021313
170.5,128.183252,37.916442,7545.153312,-122.069,15.983,304.24,0.30300975407021313
170.6,128.183136,37.916546,7550.796074400001,-123.324,15.104,303.494,0.30300975407021313
170.7,128.183018,37.916649,7556.229744,-124.828,14.19,302.767,0.30300975407021313
170.8,128.182896,37.91675,7561.448224800001,-126.521,13.237,302.06,0.30300975407021313
170.9,128.182772,37.91685,7566.444506400001,-128.34,12.241,301.378,0.30300975407021313
171.0,128.182646,37.91695,7571.212188,-130.227,11.2,300.726,0.30300975407021313
171.1,128.182518,37.917048,7575.7433448,-132.135,10.114,300.107,0.30300975407021313
171.2,128.182387,37.917145,7580.0309664,-134.025,8.982,299.525,0.30300975407021313
171.3,128.182254,37.917241,7584.0677376,-135.873,7.807,298.981,0.30300975407021313
171.4,128.182118,37.917336,7587.846648,-137.663,6.591,298.475,0.30300975407021313
171.5,128.181981,37.91743,7591.3600776,-139.39,5.339,298.007,0.30300975407021313
171.6,128.181842,37.917523,7594.6013207999995,-141.056,4.054,297.577,0.30300975407021313
171.7,128.181701,37.917615,7597.563672,-142.669,2.74,297.184,0.30300975407021313
171.8,128.181558,37.917706,7600.2407304,-144.242,1.403,296.826,0.30300975407021313
171.9,128.181413,37.917796,7602.6257904,-145.787,0.045,296.502,0.30300975407021313
172.0,128.181266,37.917885,7604.712756000001,-147.32,-1.329,296.211,0.30300975407021313
172.1,128.181118,37.917974,7606.495836,-148.851,-2.718,295.952,0.30300975407021313
172.2,128.180969,37.918061,7607.9689344,-150.395,-4.12,295.725,0.30300975407021313
172.3,128.180818,37.918148,7609.126564800001,-151.963,-5.531,295.529,0.30300975407021313
172.4,128.180666,37.918233,7609.962936,-153.564,-6.951,295.365,0.30300975407021313
172.5,128.180512,37.918318,7610.473476,-155.209,-8.379,295.235,0.30300975407021313
172.6,128.180358,37.918403,7610.6526984,-156.904,-9.814,295.14,0.30300975407021313
172.7,128.180202,37.918486,7610.4960312,-158.654,-11.256,295.082,0.30300975407021313
172.8,128.180046,37.918569,7609.9992072,-160.465,-12.702,295.063,0.30300975407021313
172.9,128.179889,37.918651,7609.1576544,-162.341,-14.154,295.086,0.30300975407021313
173.0,128.179731,37.918732,7607.9677152,-164.284,-15.608,295.153,0.30300975407021313
173.1,128.179573,37.918812,7606.429999200001,-165.981,-17.057,295.237,0.30300975407021313
173.2,128.179414,37.918893,7604.5685856,-166.757,-18.489,295.282,0.30300975407021313
173.3,128.179254,37.918972,7602.389570400001,-166.854,-19.903,295.312,0.30300975407021313
173.4,128.179095,37.919052,7599.8804568000005,-166.668,-21.298,295.352,0.30300975407021313
173.5,128.178935,37.91913,7597.011679200001,-166.84,-22.675,295.442,0.30300975407021313
173.6,128.178775,37.919208,7593.7747032,-167.451,-24.036,295.556,0.30300975407021313
173.7,128.178615,37.919285,7590.1686144000005,-168.524,-25.385,295.683,0.30300975407021313
173.8,128.178455,37.919362,7586.1928032,-170.047,-26.727,295.828,0.30300975407021313
173.9,128.178295,37.919438,7581.8463552,-171.985,-28.069,296.001,0.30300975407021313
174.0,128.178136,37.919513,7577.1298799999995,-174.287,-29.41,296.218,0.30300975407021313
174.1,128.177977,37.919587,7572.0470352,-176.603,-30.751,296.474,0.30300975407021313
174.2,128.177819,37.919662,7566.6200712,-178.254,-32.09,296.737,0.30300975407021313
174.3,128.177661,37.919736,7560.852036,-179.459,-33.423,297.031,0.30300975407021313
174.4,128.177503,37.919809,7554.735309600001,179.605,-34.742,297.358,0.30300975407021313
174.5,128.177347,37.919882,7548.265624800001,178.798,-36.044,297.711,0.30300975407021313
174.6,128.177191,37.919955,7541.439019200001,178.009,-37.33,298.083,0.30300975407021313
174.7,128.177036,37.920027,7534.2542736000005,177.162,-38.6,298.469,0.30300975407021313
174.8,128.176882,37.920099,7526.710473600001,176.208,-39.858,298.868,0.30300975407021313
174.9,128.176729,37.920171,7518.807924000001,175.119,-41.104,299.283,0.30300975407021313
175.0,128.176577,37.920242,7510.5469296,173.882,-42.34,299.721,0.30300975407021313
175.1,128.176427,37.920313,7501.929014400001,172.496,-43.567,300.189,0.30300975407021313
175.2,128.176278,37.920383,7492.954788000001,170.962,-44.785,300.7,0.30300975407021313
175.3,128.176131,37.920453,7483.6257744,169.282,-45.991,301.265,0.30300975407021313
175.4,128.175985,37.920523,7473.9438024,167.447,-47.185,301.897,0.30300975407021313
175.5,128.175841,37.920592,7463.909481600001,165.434,-48.364,302.61,0.30300975407021313
175.6,128.175699,37.920662,7453.5240312000005,163.186,-49.523,303.421,0.30300975407021313
175.7,128.175559,37.92073,7442.787146400001,160.608,-50.657,304.352,0.30300975407021313
175.8,128.175421,37.920799,7431.6997416,157.586,-51.759,305.426,0.30300975407021313
175.9,128.175286,37.920868,7420.265779200001,154.078,-52.82,306.669,0.30300975407021313
176.0,128.175153,37.920936,7408.493184000001,150.134,-53.829,308.101,0.30300975407021313
176.1,128.175023,37.921004,7396.3904904,145.807,-54.775,309.736,0.30300975407021313
176.2,128.174895,37.921073,7383.9665376,141.151,-55.644,311.578,0.30300975407021313
176.3,128.174771,37.921142,7371.2316888,136.215,-56.422,313.625,0.30300975407021313
176.4,128.174649,37.921211,7358.1963072,131.051,-57.095,315.866,0.30300975407021313
176.5,128.17453,37.921281,7344.870756000001,125.708,-57.651,318.281,0.30300975407021313
176.6,128.174415,37.921351,7331.267532000001,120.234,-58.08,320.847,0.30300975407021313
176.7,128.174303,37.921422,7317.3997416,114.666,-58.372,323.533,0.30300975407021313
176.8,128.174195,37.921494,7303.281405600001,109.039,-58.523,326.304,0.30300975407021313
176.9,128.17409,37.921567,7288.928068800001,103.388,-58.528,329.12,0.30300975407021313
177.0,128.173989,37.921642,7274.355276,97.746,-58.386,331.937,0.30300975407021313
177.1,128.173892,37.921717,7259.580096000001,92.143,-58.1,334.713,0.30300975407021313
177.2,128.173798,37.921795,7244.6208168,86.603,-57.675,337.411,0.30300975407021313
177.3,128.173708,37.921874,7229.497250400001,81.171,-57.116,339.999,0.30300975407021313
177.4,128.173623,37.921954,7214.230123200001,75.96,-56.43,342.452,0.30300975407021313
177.5,128.17354,37.922037,7198.8401616,71.101,-55.624,344.747,0.30300975407021313
177.6,128.173462,37.922122,7183.346568,66.681,-54.708,346.869,0.30300975407021313
177.7,128.173387,37.922208,7167.764887200001,62.776,-53.705,348.815,0.30300975407021313
177.8,128.173315,37.922297,7152.1070064000005,59.486,-52.645,350.593,0.30300975407021313
177.9,128.173247,37.922387,7136.381155200001,56.911,-51.556,352.221,0.30300975407021313
178.0,128.173182,37.92248,7120.603488000001,54.822,-50.456,353.705,0.30300975407021313
178.1,128.17312,37.922575,7104.784063200001,53.146,-49.367,355.075,0.30300975407021313
178.2,128.173061,37.922672,7088.926233600001,51.944,-48.307,356.368,0.30300975407021313
178.3,128.173005,37.922771,7073.032742400001,51.272,-47.294,357.61,0.30300975407021313
178.4,128.172952,37.922872,7057.105113600001,51.117,-46.342,358.823,0.30300975407021313
178.5,128.172902,37.922975,7041.147309600001,51.385,-45.462,0.023,0.30300975407021313
178.6,128.172855,37.92308,7025.1639024,51.913,-44.662,1.224,0.30300975407021313
178.7,128.172811,37.923187,7009.15794,52.555,-43.945,2.436,0.30300975407021313
178.8,128.17277,37.923296,6993.132165600001,53.224,-43.307,3.663,0.30300975407021313
178.9,128.172732,37.923407,6977.0881032,53.876,-42.731,4.901,0.30300975407021313
179.0,128.172698,37.923519,6961.0272768,54.487,-42.208,6.148,0.30300975407021313
179.1,128.172667,37.923633,6944.9499912,55.051,-41.731,7.405,0.30300975407021313
179.2,128.172639,37.923748,6928.8565512000005,55.57,-41.294,8.67,0.30300975407021313
179.3,128.172614,37.923865,6912.748176,56.023,-40.892,9.939,0.30300975407021313
179.4,128.172593,37.923984,6896.6269992,56.383,-40.519,11.212,0.30300975407021313
179.5,128.172575,37.924104,6880.49424,56.641,-40.17,12.487,0.30300975407021313
179.6,128.172561,37.924225,6864.3517272,56.796,-39.84,13.763,0.30300975407021313
179.7,128.17255,37.924347,6848.2018992,56.849,-39.525,15.037,0.30300975407021313
179.8,128.172543,37.92447,6832.0471944,56.79,-39.218,16.307,0.30300975407021313
179.9,128.17254,37.924595,6815.890051200001,56.621,-38.916,17.572,0.30300975407021313
180.0,128.172541,37.924721,6799.731993599999,56.392,-38.616,18.835,0.30300975407021313
180.1,128.172545,37.924848,6783.5730216,56.213,-38.316,20.096,0.30300975407021313
180.2,128.172554,37.924975,6767.4125256,56.189,-38.018,21.355,0.30300975407021313
180.3,128.172566,37.925104,6751.251724800001,56.383,-37.724,22.612,0.30300975407021313
180.4,128.172582,37.925233,6735.0921432,56.789,-37.437,23.867,0.30300975407021313
180.5,128.172601,37.925364,6718.935914400001,57.347,-37.163,25.118,0.30300975407021313
180.6,128.172625,37.925494,6702.785476800001,57.973,-36.91,26.355,0.30300975407021313
180.7,128.172653,37.925626,6686.6417448,58.598,-36.684,27.576,0.30300975407021313
180.8,128.172685,37.925758,6670.504413600001,59.17,-36.484,28.789,0.30300975407021313
180.9,128.172721,37.92589,6654.373178400001,59.669,-36.308,30.003,0.30300975407021313
181.0,128.172761,37.926023,6638.2465152,60.109,-36.152,31.224,0.30300975407021313
181.1,128.172806,37.926156,6622.1235096,60.513,-36.011,32.455,0.30300975407021313
181.2,128.172855,37.926289,6606.0029424,60.902,-35.884,33.696,0.30300975407021313
181.3,128.172908,37.926422,6589.8845088,61.291,-35.768,34.947,0.30300975407021313
181.4,128.172965,37.926555,6573.7682088,61.677,-35.66,36.209,0.30300975407021313
181.5,128.173027,37.926688,6557.654652000001,62.021,-35.555,37.486,0.30300975407021313
181.6,128.173093,37.926821,6541.5456672,62.28,-35.449,38.78,0.30300975407021313
181.7,128.173164,37.926953,6525.4415592000005,62.441,-35.339,40.093,0.30300975407021313
181.8,128.17324,37.927085,6509.343547200001,62.523,-35.223,41.424,0.30300975407021313
181.9,128.17332,37.927216,6493.2522408,62.568,-35.101,42.772,0.30300975407021313
182.0,128.173404,37.927347,6477.1679448,62.621,-34.972,44.136,0.30300975407021313
182.1,128.173494,37.927477,6461.0921832,62.716,-34.836,45.514,0.30300975407021313
182.2,128.173588,37.927606,6445.0261752,62.864,-34.692,46.907,0.30300975407021313
182.3,128.173687,37.927734,6428.9717496,63.05,-34.541,48.317,0.30300975407021313
182.4,128.17379,37.927861,6412.93104,63.24,-34.382,49.744,0.30300975407021313
182.5,128.173899,37.927986,6396.90618,63.406,-34.215,51.19,0.30300975407021313
182.6,128.174012,37.92811,6380.8993032,63.531,-34.039,52.656,0.30300975407021313
182.7,128.17413,37.928233,6364.9125432,63.611,-33.854,54.143,0.30300975407021313
182.8,128.174252,37.928354,6348.9483384000005,63.644,-33.657,55.651,0.30300975407021313
182.9,128.17438,37.928473,6333.0091272,63.645,-33.45,57.177,0.30300975407021313
183.0,128.174512,37.92859,6317.097348,63.641,-33.235,58.709,0.30300975407021313
183.1,128.174649,37.928705,6301.2154392,63.657,-33.018,60.237,0.30300975407021313
183.2,128.174791,37.928818,6285.3658392,63.712,-32.802,61.757,0.30300975407021313
183.3,128.174937,37.928928,6269.550072,63.812,-32.586,63.271,0.30300975407021313
183.4,128.175088,37.929036,6253.7711856000005,63.939,-32.372,64.78,0.30300975407021313
183.5,128.175244,37.929141,6238.0313136,64.058,-32.157,66.285,0.30300975407021313
183.6,128.175404,37.929244,6222.333504,64.12,-31.94,67.788,0.30300975407021313
183.7,128.175569,37.929344,6206.6805,64.085,-31.719,69.289,0.30300975407021313
183.8,128.175738,37.92944,6191.0756544000005,63.941,-31.49,70.79,0.30300975407021313
183.9,128.175911,37.929533,6175.522015200001,63.704,-31.251,72.289,0.30300975407021313
184.0,128.176089,37.929624,6160.0229352,63.399,-30.998,73.785,0.30300975407021313
184.1,128.176271,37.92971,6144.5823768,63.046,-30.73,75.275,0.30300975407021313
184.2,128.176457,37.929793,6129.204912,62.659,-30.443,76.759,0.30300975407021313
184.3,128.176647,37.929873,6113.896941600001,62.23,-30.137,78.234,0.30300975407021313
184.4,128.176841,37.929949,6098.664256800001,61.731,-29.808,79.698,0.30300975407021313
184.5,128.177039,37.930021,6083.514172800001,61.144,-29.455,81.15,0.30300975407021313
184.6,128.177241,37.930089,6068.4524808,60.487,-29.077,82.592,0.30300975407021313
184.7,128.177446,37.930153,6053.484972,59.837,-28.676,84.024,0.30300975407021313
184.8,128.177655,37.930213,6038.617742400001,59.248,-28.253,85.444,0.30300975407021313
184.9,128.177867,37.930269,6023.8578024,58.724,-27.807,86.849,0.30300975407021313
185.0,128.178083,37.930321,6009.2133816000005,58.231,-27.34,88.24,0.30300975407021313
185.1,128.178301,37.930368,5994.6924048,57.73,-26.853,89.616,0.30300975407021313
185.2,128.178523,37.930411,5980.3015776,57.208,-26.347,90.981,0.30300975407021313
185.3,128.178748,37.93045,5966.046996,56.693,-25.825,92.334,0.30300975407021313
185.4,128.178976,37.930485,5951.934146400001,56.245,-25.286,93.676,0.30300975407021313
185.5,128.179206,37.930515,5937.967296000001,55.936,-24.726,95.003,0.30300975407021313
185.6,128.179439,37.93054,5924.152845600001,55.778,-24.137,96.304,0.30300975407021313
185.7,128.179674,37.930561,5910.5005488,55.645,-23.521,97.58,0.30300975407021313
185.8,128.179912,37.930577,5897.0253408,55.288,-22.879,98.83,0.30300975407021313
185.9,128.180151,37.930589,5883.7497768,54.163,-22.181,100.032,0.30300975407021313
186.0,128.180393,37.930594,5870.722015200001,51.569,-21.398,101.159,0.30300975407021313
186.1,128.180637,37.930595,5857.959734399999,47.891,-20.546,102.24,0.30300975407021313
186.2,128.180883,37.930591,5845.4537904,44.392,-19.644,103.306,0.30300975407021313
186.3,128.181131,37.930583,5833.1862,42.1,-18.699,104.349,0.30300975407021313
186.4,128.18138,37.930571,5821.184700000001,40.677,-17.696,105.311,0.30300975407021313
186.5,128.181631,37.930555,5809.5190896,38.915,-16.645,106.169,0.30300975407021313
186.6,128.181884,37.930534,5798.217105600001,36.582,-15.564,106.973,0.30300975407021313
186.7,128.182139,37.930509,5787.2875872,33.958,-14.437,107.73,0.30300975407021313
186.8,128.182395,37.93048,5776.7378496,31.35,-13.259,108.426,0.30300975407021313
186.9,128.182653,37.930447,5766.5761224,28.994,-12.034,109.058,0.30300975407021313
187.0,128.182912,37.930411,5756.8088064,27.074,-10.776,109.631,0.30300975407021313
187.1,128.183173,37.930372,5747.435292,25.812,-9.502,110.17,0.30300975407021313
187.2,128.183435,37.93033,5738.4689904,25.226,-8.222,110.678,0.30300975407021313
187.3,128.183697,37.930284,5729.958669600001,24.587,-6.937,111.124,0.30300975407021313
187.4,128.183961,37.930236,5721.9430391999995,23.351,-5.644,111.519,0.30300975407021313
187.5,128.184226,37.930184,5714.4434352,21.383,-4.332,111.867,0.30300975407021313
187.6,128.184491,37.930129,5707.4766216,18.709,-2.989,112.147,0.30300975407021313
187.7,128.184757,37.930072,5701.0572288,15.406,-1.607,112.335,0.30300975407021313
187.8,128.185024,37.930013,5695.1937912,11.617,-0.184,112.404,0.30300975407021313
187.9,128.185291,37.929952,5689.8899664,7.526,1.273,112.33,0.30300975407021313
188.0,128.185559,37.929889,5685.1497168,3.217,2.755,112.097,0.30300975407021313
188.1,128.185827,37.929825,5680.9556688,-1.016,4.247,111.719,0.30300975407021313
188.2,128.186096,37.929761,5677.271856,-4.653,5.735,111.218,0.30300975407021313
188.3,128.186366,37.929697,5674.1001072,-7.728,7.195,110.582,0.30300975407021313
188.4,128.186636,37.929633,5671.4678544,-10.741,8.604,109.809,0.30300975407021313
188.5,128.186906,37.929569,5669.390032800001,-14.048,9.958,108.915,0.30300975407021313
188.6,128.187177,37.929507,5667.8666424,-17.762,11.25,107.881,0.30300975407021313
188.7,128.187449,37.929445,5666.885491200001,-21.865,12.462,106.681,0.30300975407021313
188.8,128.18772,37.929386,5666.423719200001,-26.256,13.576,105.304,0.30300975407021313
188.9,128.187993,37.929328,5666.4490176,-30.753,14.573,103.763,0.30300975407021313
189.0,128.188265,37.929272,5666.920848,-35.077,15.448,102.093,0.30300975407021313
189.1,128.188538,37.92922,5667.794709600001,-38.854,16.214,100.352,0.30300975407021313
189.2,128.188811,37.929169,5669.0321976000005,-41.787,16.902,98.604,0.30300975407021313
189.3,128.189085,37.929122,5670.610756800001,-43.774,17.553,96.906,0.30300975407021313
189.4,128.189359,37.929077,5672.521548,-44.864,18.209,95.305,0.30300975407021313
189.5,128.189634,37.929036,5674.7654856,-45.189,18.906,93.828,0.30300975407021313
189.6,128.189908,37.928998,5677.353542400001,-44.878,19.618,92.437,0.30300975407021313
189.7,128.190182,37.928963,5680.298824800001,-44.182,20.337,91.11,0.30300975407021313
189.8,128.190456,37.928932,5683.622364000001,-43.563,21.075,89.85,0.30300975407021313
189.9,128.190729,37.928905,5687.3488488,-43.586,21.836,88.648,0.30300975407021313
190.0,128.191002,37.928882,5691.474012,-44.262,22.622,87.479,0.30300975407021313
190.1,128.191273,37.928863,5695.972860000001,-45.08,23.43,86.32,0.30300975407021313
190.2,128.191544,37.928847,5700.8325912,-45.828,24.237,85.151,0.30300975407021313
190.3,128.191813,37.928834,5706.0507672,-46.525,25.027,83.968,0.30300975407021313
190.4,128.192081,37.928826,5711.6261688,-47.309,25.794,82.767,0.30300975407021313
190.5,128.192348,37.928821,5717.547518400001,-48.131,26.547,81.549,0.30300975407021313
190.6,128.192613,37.928821,5723.802624000001,-48.866,27.291,80.319,0.30300975407021313
190.7,128.192877,37.928823,5730.3805128,-49.426,28.027,79.078,0.30300975407021313
190.8,128.193139,37.92883,5737.2729552,-49.761,28.757,77.833,0.30300975407021313
190.9,128.193399,37.92884,5744.473855200001,-49.876,29.484,76.589,0.30300975407021313
191.0,128.193657,37.928853,5751.9801648,-49.807,30.215,75.353,0.30300975407021313
191.1,128.193914,37.92887,5759.7894456,-49.607,30.951,74.128,0.30300975407021313
191.2,128.194167,37.928891,5767.8998688,-49.327,31.699,72.918,0.30300975407021313
191.3,128.194419,37.928915,5776.308996000001,-48.999,32.459,71.723,0.30300975407021313
191.4,128.194668,37.928942,5785.0153032,-48.645,33.234,70.544,0.30300975407021313
191.5,128.194914,37.928973,5794.016047200001,-48.279,34.024,69.38,0.30300975407021313
191.6,128.195158,37.929006,5803.3090944,-47.91,34.828,68.23,0.30300975407021313
191.7,128.195399,37.929043,5812.8917016000005,-47.544,35.646,67.093,0.30300975407021313
191.8,128.195637,37.929082,5822.7617352,-47.176,36.477,65.968,0.30300975407021313
191.9,128.195872,37.929125,5832.915537600001,-46.796,37.32,64.855,0.30300975407021313
192.0,128.196103,37.92917,5843.350365600001,-46.391,38.174,63.754,0.30300975407021313
192.1,128.196332,37.929218,5854.062256800001,-45.944,39.04,62.665,0.30300975407021313
192.2,128.196557,37.929268,5865.0472488,-45.443,39.917,61.59,0.30300975407021313
192.3,128.196778,37.929321,5876.3129616,-45.598,40.753,60.467,0.30300975407021313
192.4,128.196996,37.929376,5887.9063344,-48.088,41.486,59.235,0.30300975407021313
192.5,128.197208,37.929434,5899.8298056,-51.322,42.241,58.009,0.30300975407021313
192.6,128.197415,37.929495,5912.012052000001,-52.2,43.095,56.781,0.30300975407021313
192.7,128.19762,37.929558,5924.404610400001,-51.903,43.92,55.432,0.30300975407021313
192.8,128.197821,37.929624,5937.016320000001,-51.273,44.71,54.052,0.30300975407021313
192.9,128.198018,37.929691,5949.8615064000005,-51.307,45.442,52.64,0.30300975407021313
193.0,128.198209,37.929761,5962.976136,-53.477,46.073,51.155,0.30300975407021313
193.1,128.198395,37.929833,5976.361732800001,-57.528,46.642,49.592,0.30300975407021313
193.2,128.198575,37.929909,5989.978368,-61.893,47.213,47.953,0.30300975407021313
193.3,128.198752,37.929986,6003.7653864,-63.922,47.842,46.247,0.30300975407021313
193.4,128.198924,37.930065,6017.6871264,-64.486,48.412,44.421,0.30300975407021313
193.5,128.199092,37.930146,6031.746636,-64.282,48.924,42.578,0.30300975407021313
193.6,128.199257,37.93023,6045.9506208,-63.795,49.411,40.773,0.30300975407021313
193.7,128.199416,37.930315,6060.3015192,-63.324,49.902,39.012,0.30300975407021313
193.8,128.199572,37.930402,6074.7990264,-63.029,50.409,37.284,0.30300975407021313
193.9,128.199722,37.93049,6089.446800000001,-63.46,50.892,35.546,0.30300975407021313
194.0,128.199866,37.930581,6104.264042400001,-65.77,51.285,33.758,0.30300975407021313
194.1,128.200005,37.930673,6119.241,-69.738,51.61,31.903,0.30300975407021313
194.2,128.200137,37.930767,6134.345364000001,-74.12,51.911,29.958,0.30300975407021313
194.3,128.200265,37.930863,6149.5353768,-76.721,52.235,27.922,0.30300975407021313
194.4,128.200388,37.93096,6164.7875688,-77.939,52.493,25.791,0.30300975407021313
194.5,128.200508,37.931059,6180.100416,-78.25,52.69,23.666,0.30300975407021313
194.6,128.200623,37.931159,6195.474223200001,-78.067,52.862,21.594,0.30300975407021313
194.7,128.200733,37.93126,6210.9096,-77.708,53.037,19.58,0.30300975407021313
194.8,128.200838,37.931363,6226.4098992,-77.849,53.196,17.604,0.30300975407021313
194.9,128.200938,37.931466,6241.9839600000005,-79.66,53.287,15.649,0.30300975407021313
195.0,128.201031,37.931571,6257.6229432,-82.993,53.319,13.677,0.30300975407021313
195.1,128.201118,37.931677,6273.30216,-87.315,53.287,11.641,0.30300975407021313
195.2,128.2012,37.931785,6288.994788000001,-91.085,53.229,9.527,0.30300975407021313
195.3,128.201278,37.931893,6304.685587200001,-92.87,53.148,7.352,0.30300975407021313
195.4,128.201352,37.932002,6320.3696808,-93.07,53.017,5.195,0.30300975407021313
195.5,128.201422,37.932112,6336.0461544,-92.266,52.868,3.127,0.30300975407021313
195.6,128.201487,37.932223,6351.715922400001,-91.502,52.713,1.158,0.30300975407021313
195.7,128.201547,37.932335,6367.3795944,-92.223,52.529,359.283,0.30300975407021313
195.8,128.2016,37.932447,6383.029245600001,-94.443,52.326,357.446,0.30300975407021313
195.9,128.201648,37.93256,6398.6499408,-97.932,52.068,355.589,0.30300975407021313
196.0,128.201689,37.932674,6414.2224776,-101.91,51.743,353.696,0.30300975407021313
196.1,128.201726,37.932788,6429.7383216,-104.817,51.371,351.75,0.30300975407021313
196.2,128.201758,37.932903,6445.1980824,-106.168,50.947,349.787,0.30300975407021313
196.3,128.201787,37.933018,6460.596883200001,-106.262,50.488,347.882,0.30300975407021313
196.4,128.201812,37.933134,6475.9280184,-105.596,50.03,346.068,0.30300975407021313
196.5,128.201832,37.933251,6491.1829536000005,-105.201,49.573,344.354,0.30300975407021313
196.6,128.201846,37.933367,6506.3479728,-106.088,49.104,342.723,0.30300975407021313
196.7,128.201854,37.933484,6521.410884000001,-108.206,48.614,341.122,0.30300975407021313
196.8,128.201857,37.933601,6536.360714400001,-111.289,48.073,339.522,0.30300975407021313
196.9,128.201854,37.933718,6551.1901488,-114.544,47.473,337.916,0.30300975407021313
197.0,128.201847,37.933835,6565.9080264,-116.743,46.83,336.309,0.30300975407021313
197.1,128.201837,37.933953,6580.528368,-117.214,46.18,334.77,0.30300975407021313
197.2,128.201823,37.934071,6595.050564,-116.091,45.555,333.33,0.30300975407021313
197.3,128.201806,37.934189,6609.4578504,-114.531,44.941,331.936,0.30300975407021313
197.4,128.201784,37.934307,6623.7264528,-113.824,44.333,330.564,0.30300975407021313
197.5,128.201756,37.934425,6637.838692800001,-114.456,43.735,329.215,0.30300975407021313
197.6,128.201723,37.934542,6651.7878648000005,-116.305,43.121,327.863,0.30300975407021313
197.7,128.201684,37.934658,6665.568482400001,-119.031,42.459,326.507,0.30300975407021313
197.8,128.201641,37.934775,6679.181764800001,-121.873,41.739,325.151,0.30300975407021313
197.9,128.201594,37.934891,6692.641732800001,-123.836,40.965,323.799,0.30300975407021313
198.0,128.201544,37.935007,6705.9700272,-124.205,40.162,322.462,0.30300975407021313
198.1,128.201491,37.935124,6719.1687816,-123.03,39.365,321.161,0.30300975407021313
198.2,128.201435,37.93524,6732.216660000001,-121.243,38.606,319.927,0.30300975407021313
198.3,128.201374,37.935355,6745.0840968,-120.013,37.893,318.76,0.30300975407021313
198.4,128.201308,37.93547,6757.7473176,-120.005,37.217,317.632,0.30300975407021313
198.5,128.201237,37.935584,6770.1996168,-121.204,36.547,316.507,0.30300975407021313
198.6,128.201162,37.935696,6782.4428232,-123.258,35.847,315.37,0.30300975407021313
198.7,128.201082,37.935808,6794.4860808,-125.466,35.099,314.222,0.30300975407021313
198.8,128.200999,37.93592,6806.3452392,-127.083,34.3,313.075,0.30300975407021313
198.9,128.200913,37.936031,6818.0373672000005,-127.58,33.467,311.94,0.30300975407021313
199.0,128.200824,37.936141,6829.567341600001,-126.881,32.629,310.828,0.30300975407021313
199.1,128.200732,37.936251,6840.9193128,-125.445,31.817,309.754,0.30300975407021313
199.2,128.200636,37.93636,6852.0707256,-123.998,31.048,308.718,0.30300975407021313
199.3,128.200536,37.936468,6863.002682400001,-123.15,30.319,307.704,0.30300975407021313
199.4,128.200432,37.936575,6873.705124800001,-123.159,29.615,306.694,0.30300975407021313
199.5,128.200325,37.936681,6884.1798816,-123.905,28.911,305.671,0.30300975407021313
199.6,128.200213,37.936785,6894.434572800001,-125.035,28.19,304.634,0.30300975407021313
199.7,128.200099,37.936888,6904.4798664,-126.096,27.443,303.59,0.30300975407021313
199.8,128.199981,37.93699,6914.3282592000005,-126.651,26.672,302.546,0.30300975407021313
199.9,128.19986,37.937091,6923.989504800001,-126.46,25.892,301.51,0.30300975407021313
