Time,Longitude,Latitude,Altitude,Roll (deg),Pitch (deg),Yaw (deg),Health
0.0,128.182547,37.913721,4449.5779944,12.521,4.076,253.071,1.0
0.1,128.182329,37.913668,4450.7883552,14.659,5.223,253.489,1.0
0.2,128.18211,37.913615,4451.9593968,17.567,7.601,254.261,1.0
0.3,128.18189,37.913563,4453.201152000001,20.341,10.231,255.196,1.0
0.4,128.18167,37.913511,4454.6370648,21.787,12.656,256.137,1.0
0.5,128.181449,37.913461,4456.396675200001,20.955,14.805,256.99,1.0
0.6,128.181229,37.913413,4458.5421624,18.209,16.735,257.713,1.0
0.7,128.181009,37.913366,4461.0942528000005,14.009,18.54,258.234,1.0
0.8,128.18079,37.91332,4464.070624800001,8.748,20.277,258.523,1.0
0.9,128.180571,37.913276,4467.4715832,2.874,21.962,258.587,1.0
1.0,128.180354,37.913232,4471.266952800001,-2.843,23.596,258.444,1.0
1.1,128.180138,37.913188,4475.4097944,-7.432,25.175,258.119,1.0
1.2,128.179923,37.913144,4479.8400624000005,-10.169,26.689,257.646,1.0
1.3,128.17971,37.9131,4484.5815312,-11.444,28.121,257.051,1.0
1.4,128.179498,37.913056,4489.679616,-11.951,29.474,256.382,1.0
1.5,128.179288,37.913011,4495.166016,-12.281,30.768,255.683,1.0
1.6,128.17908,37.912966,4501.059324,-12.868,32.027,254.972,1.0
1.7,128.178875,37.912921,4507.3638072,-13.933,33.267,254.246,1.0
1.8,128.178673,37.912875,4514.0770272,-15.556,34.493,253.477,1.0
1.9,128.178473,37.912829,4521.1855728,-17.666,35.701,252.627,1.0
2.0,128.178277,37.912782,4528.66506,-20.051,36.884,251.674,1.0
2.1,128.178083,37.912735,4536.4880568,-22.452,38.033,250.618,1.0
2.2,128.177893,37.912686,4544.6262168,-24.608,39.146,249.482,1.0
2.3,128.177704,37.912637,4553.0420496,-26.115,40.223,248.296,1.0
2.4,128.177519,37.912587,4561.69776,-26.625,41.266,247.102,1.0
2.5,128.177335,37.912537,4570.5768888,-26.151,42.278,245.943,1.0
2.6,128.177154,37.912486,4579.680960000001,-24.964,43.267,244.867,1.0
2.7,128.176976,37.912434,4589.021556,-23.496,44.252,243.915,1.0
2.8,128.1768,37.912381,4598.621232,-22.342,45.243,243.094,1.0
2.9,128.176628,37.912328,4608.492789600001,-21.845,46.245,242.361,1.0
3.0,128.176459,37.912275,4618.641105600001,-22.15,47.26,241.67,1.0
3.1,128.176294,37.912222,4629.0606936,-23.206,48.287,240.978,1.0
3.2,128.176132,37.912168,4639.7329608,-24.714,49.317,240.249,1.0
3.3,128.175973,37.912114,4650.636571200001,-26.329,50.336,239.452,1.0
3.4,128.175817,37.912059,4661.753846400001,-27.768,51.332,238.57,1.0
3.5,128.175664,37.912004,4673.0707656,-28.849,52.297,237.615,1.0
3.6,128.175514,37.911949,4684.575746400001,-29.494,53.234,236.613,1.0
3.7,128.175366,37.911893,4696.2605592,-29.691,54.149,235.602,1.0
3.8,128.175222,37.911837,4708.120632,-29.508,55.048,234.607,1.0
3.9,128.175081,37.911781,4720.1544408,-29.091,55.936,233.64,1.0
4.0,128.174943,37.911724,4732.3598520000005,-28.577,56.819,232.706,1.0
4.1,128.174808,37.911668,4744.732903200001,-28.066,57.705,231.81,1.0
4.2,128.174676,37.911611,4757.2687176,-27.62,58.596,230.95,1.0
4.3,128.174547,37.911555,4769.9618088,-27.263,59.491,230.121,1.0
4.4,128.17442,37.911498,4782.8060808,-27.005,60.391,229.317,1.0
4.5,128.174297,37.911442,4795.796352,-26.838,61.291,228.529,1.0
4.6,128.174177,37.911386,4808.9262216,-26.748,62.191,227.75,1.0
4.7,128.17406,37.91133,4822.1911176,-26.721,63.087,226.974,1.0
4.8,128.173946,37.911275,4835.5855536,-26.74,63.978,226.195,1.0
4.9,128.173834,37.91122,4849.104652800001,-26.793,64.864,225.407,1.0
5.0,128.173725,37.911165,4862.7435384,-26.87,65.742,224.606,1.0
5.1,128.17362,37.911111,4876.4973336,-26.965,66.615,223.787,1.0
5.2,128.173517,37.911057,4890.3617712000005,-27.076,67.481,222.948,1.0
5.3,128.173417,37.911003,4904.3319744,-27.205,68.342,222.085,1.0
5.4,128.173319,37.91095,4918.4033712,-27.353,69.198,221.196,1.0
5.5,128.173225,37.910898,4932.571389600001,-27.525,70.049,220.277,1.0
5.6,128.173133,37.910846,4946.8311528,-27.724,70.896,219.326,1.0
5.7,128.173044,37.910795,4961.1780888,-27.954,71.739,218.338,1.0
5.8,128.172958,37.910745,4975.6079304,-28.218,72.577,217.308,1.0
5.9,128.172875,37.910696,4990.115496,-28.52,73.412,216.233,1.0
6.0,128.172794,37.910647,5004.697128000001,-28.868,74.242,215.105,1.0
6.1,128.172716,37.910599,5019.3494736,-29.765,75.06,213.855,1.0
6.2,128.172642,37.910552,5034.0871632,-32.348,75.852,212.33,1.0
6.3,128.172571,37.910506,5048.919950400001,-35.844,76.642,210.503,1.0
6.4,128.172505,37.910462,5063.82528,-38.711,77.458,208.325,1.0
6.5,128.172441,37.910418,5078.7778536,-41.23,78.268,205.646,1.0
6.6,128.172379,37.910375,5093.770356000001,-43.556,79.04,202.517,1.0
6.7,128.17232,37.910333,5108.803396800001,-45.891,79.764,199.022,1.0
6.8,128.172264,37.910292,5123.878804800001,-48.616,80.44,195.18,1.0
6.9,128.172211,37.910252,5138.9953608000005,-52.348,81.065,190.856,1.0
7.0,128.172162,37.910213,5154.1555032,-57.994,81.614,185.779,1.0
7.1,128.172117,37.910175,5169.3543552,-65.127,82.098,179.813,1.0
7.2,128.172075,37.910139,5184.577896000001,-72.627,82.523,172.872,1.0
7.3,128.172036,37.910104,5199.814238400001,-80.42,82.829,165.003,1.0
7.4,128.171999,37.910069,5215.0575912,-88.121,82.989,156.65,1.0
7.5,128.171965,37.910035,5230.3033824,-95.255,83.01,148.305,1.0
7.6,128.171932,37.910002,5245.54704,-101.456,82.923,140.323,1.0
7.7,128.171902,37.90997,5260.784906400001,-106.991,82.744,132.934,1.0
7.8,128.171875,37.909938,5276.0166768,-112.978,82.467,126.304,1.0
7.9,128.171851,37.909909,5291.2380840000005,-119.507,82.109,120.305,1.0
8.0,128.171831,37.909881,5306.4424224,-126.541,81.651,114.795,1.0
8.1,128.171815,37.909854,5321.6211576,-133.824,81.061,109.808,1.0
8.2,128.171803,37.909829,5336.766669600001,-140.501,80.339,105.387,1.0
8.3,128.171794,37.909805,5351.877434399999,-145.171,79.545,101.429,1.0
8.4,128.171787,37.909782,5366.958633600001,-147.771,78.728,98.03,1.0
8.5,128.171781,37.909759,5382.013315200001,-148.653,77.894,95.025,1.0
8.6,128.171777,37.909737,5397.035688000001,-148.381,77.076,92.343,1.0
8.7,128.171776,37.909716,5412.014779200001,-147.975,76.277,89.948,1.0
8.8,128.171777,37.909696,5426.9368728,-148.425,75.49,87.839,1.0
8.9,128.171782,37.909678,5441.7897768,-149.861,74.699,85.902,1.0
9.0,128.171789,37.909662,5456.568919200001,-152.237,73.877,84.082,1.0
9.1,128.1718,37.909647,5471.2691184000005,-155.374,73.006,82.401,1.0
9.2,128.171815,37.909633,5485.8861072,-159.005,72.074,80.928,1.0
9.3,128.171832,37.909621,5500.417142400001,-162.704,71.081,79.715,1.0
9.4,128.171851,37.90961,5514.8664912,-165.722,70.039,78.73,1.0
9.5,128.171873,37.9096,5529.2466504,-167.499,68.966,77.91,1.0
9.6,128.171897,37.909591,5543.5588392,-168.032,67.885,77.252,1.0
9.7,128.171923,37.909582,5557.7945232,-167.541,66.817,76.734,1.0
9.8,128.171951,37.909574,5571.943644,-166.424,65.775,76.33,1.0
9.9,128.171981,37.909567,5585.9949240000005,-165.116,64.76,76.005,1.0
10.0,128.172014,37.909562,5599.939524,-164.069,63.764,75.726,1.0
10.1,128.17205,37.909557,5613.7664712,-163.681,62.776,75.469,1.0
10.2,128.172088,37.909554,5627.470279200001,-164.065,61.784,75.206,1.0
10.3,128.172129,37.909552,5641.050643199999,-165.107,60.782,74.916,1.0
10.4,128.172173,37.909551,5654.5075632,-166.586,59.767,74.603,1.0
10.5,128.172218,37.909551,5667.8431728000005,-168.208,58.738,74.282,1.0
10.6,128.172266,37.909552,5681.060824800001,-169.62,57.7,73.967,1.0
10.7,128.172316,37.909554,5694.163872,-170.556,56.657,73.667,1.0
10.8,128.172368,37.909556,5707.153533600001,-170.889,55.617,73.387,1.0
10.9,128.172422,37.909559,5720.027676,-170.607,54.587,73.118,1.0
11.0,128.172478,37.909563,5732.7817272,-169.825,53.574,72.85,1.0
11.1,128.172536,37.909568,5745.4086768,-168.753,52.581,72.573,1.0
11.2,128.172596,37.909574,5757.8999904,-167.639,51.608,72.278,1.0
11.3,128.172658,37.909581,5770.2477432,-166.715,50.649,71.96,1.0
11.4,128.172722,37.909588,5782.443096000001,-166.195,49.697,71.621,1.0
11.5,128.172788,37.909597,5794.478733600001,-166.209,48.742,71.271,1.0
11.6,128.172857,37.909607,5806.3513032,-166.731,47.776,70.917,1.0
11.7,128.172927,37.909617,5818.062328800001,-167.617,46.792,70.57,1.0
11.8,128.173,37.909629,5829.6142488,-168.671,45.789,70.239,1.0
11.9,128.173074,37.909642,5841.010111200001,-169.69,44.77,69.933,1.0
12.0,128.17315,37.909655,5852.2523544000005,-170.506,43.749,69.658,1.0
12.1,128.173228,37.909669,5863.3425024,-171.013,42.745,69.417,1.0
12.2,128.173308,37.909684,5874.280860000001,-171.163,41.764,69.204,1.0
12.3,128.173389,37.9097,5885.0649888,-170.977,40.802,69.011,1.0
12.4,128.173472,37.909717,5895.692755200001,-170.511,39.854,68.828,1.0
12.5,128.173556,37.909734,5906.161111200001,-169.842,38.914,68.643,1.0
12.6,128.173643,37.909752,5916.4673136,-169.057,37.973,68.449,1.0
12.7,128.173731,37.909771,5926.6074,-168.24,37.029,68.237,1.0
12.8,128.17382,37.909791,5936.578932,-167.459,36.075,68.002,1.0
12.9,128.173911,37.909812,5946.378556800001,-166.764,35.109,67.742,1.0
13.0,128.174004,37.909833,5956.0047504,-166.181,34.128,67.456,1.0
13.1,128.174098,37.909856,5965.455379200001,-165.714,33.134,67.146,1.0
13.2,128.174193,37.909879,5974.7295288000005,-165.347,32.128,66.816,1.0
13.3,128.17429,37.909903,5983.8262847999995,-165.053,31.114,66.469,1.0
13.4,128.174388,37.909928,5992.7453424000005,-164.797,30.098,66.111,1.0
13.5,128.174488,37.909954,6001.4854824,-164.541,29.082,65.744,1.0
13.6,128.174589,37.909981,6010.0467048,-164.255,28.071,65.371,1.0
13.7,128.174691,37.910008,6018.4277904,-163.913,27.066,64.995,1.0
13.8,128.174795,37.910037,6026.6281296,-163.496,26.069,64.615,1.0
13.9,128.174899,37.910066,6034.646808,-162.994,25.082,64.23,1.0
14.0,128.175005,37.910096,6042.482911200001,-162.404,24.105,63.841,1.0
14.1,128.175112,37.910127,6050.135524800001,-161.727,23.138,63.444,1.0
14.2,128.175221,37.910159,6057.6034296,-160.968,22.18,63.037,1.0
14.3,128.17533,37.910192,6064.8857112000005,-160.136,21.233,62.62,1.0
14.4,128.17544,37.910225,6071.981760000001,-159.241,20.295,62.189,1.0
14.5,128.175551,37.91026,6078.8909664,-158.291,19.368,61.743,1.0
14.6,128.175663,37.910295,6085.612111200001,-157.296,18.451,61.281,1.0
14.7,128.175776,37.910332,6092.1454992,-156.26,17.547,60.801,1.0
14.8,128.17589,37.910369,6098.4908256,-155.182,16.657,60.304,1.0
14.9,128.176005,37.910407,6104.6483952,-154.063,15.782,59.79,1.0
15.0,128.176121,37.910447,6110.618208,-152.903,14.926,59.259,1.0
15.1,128.176237,37.910487,6116.3999592,-151.703,14.091,58.711,1.0
15.2,128.176354,37.910528,6121.9942584,-150.467,13.28,58.15,1.0
15.3,128.176472,37.91057,6127.401105600001,-149.198,12.496,57.576,1.0
15.4,128.176591,37.910613,6132.6208056000005,-147.9,11.746,56.995,1.0
15.5,128.17671,37.910658,6137.6545776,-146.576,11.037,56.411,1.0
15.6,128.176829,37.910703,6142.5030312,-145.231,10.38,55.836,1.0
15.7,128.176949,37.910749,6147.1676904000005,-143.864,9.784,55.276,1.0
15.8,128.17707,37.910796,6151.6503840000005,-142.478,9.253,54.738,1.0
15.9,128.17719,37.910845,6155.9538552,-141.077,8.794,54.234,1.0
16.0,128.177312,37.910894,6160.0799328,-139.663,8.414,53.771,1.0
16.1,128.177433,37.910944,6164.032884000001,-138.237,8.102,53.349,1.0
16.2,128.177555,37.910996,6167.815756800001,-136.793,7.854,52.968,1.0
16.3,128.177678,37.911048,6171.433428,-135.318,7.656,52.621,1.0
16.4,128.1778,37.911102,6174.890774400001,-133.798,7.498,52.304,1.0
16.5,128.177923,37.911156,6178.192368,-132.213,7.373,52.011,1.0
16.6,128.178047,37.911212,6181.3436952,-130.547,7.272,51.74,1.0
16.7,128.17817,37.911268,6184.349328,-128.783,7.192,51.489,1.0
16.8,128.178294,37.911325,6187.2150576,-126.896,7.132,51.258,1.0
16.9,128.178418,37.911384,6189.945760800001,-124.87,7.089,51.046,1.0
17.0,128.178542,37.911443,6192.5463144000005,-122.691,7.058,50.848,1.0
17.1,128.178667,37.911503,6195.0215952,-120.345,7.037,50.661,1.0
17.2,128.178791,37.911564,6197.3761752,-117.811,7.024,50.481,1.0
17.3,128.178916,37.911626,6199.6155408,-115.062,7.016,50.303,1.0
17.4,128.179042,37.911688,6201.744568800001,-112.06,7.014,50.12,1.0
17.5,128.179168,37.911752,6203.768136000001,-108.761,7.016,49.924,1.0
17.6,128.179294,37.911816,6205.6905096,-105.118,7.025,49.704,1.0
17.7,128.17942,37.911881,6207.515652000001,-101.094,7.042,49.449,1.0
17.8,128.179547,37.911946,6209.2472208,-96.671,7.074,49.15,1.0
17.9,128.179674,37.912013,6210.8879592,-91.864,7.128,48.8,1.0
18.0,128.179802,37.91208,6212.440610400001,-86.715,7.215,48.393,1.0
18.1,128.17993,37.912148,6213.909441600001,-81.274,7.349,47.929,1.0
18.2,128.180058,37.912216,6215.299024800001,-75.594,7.548,47.405,1.0
18.3,128.180186,37.912286,6216.6142368,-69.733,7.83,46.824,1.0
18.4,128.180315,37.912356,6217.8626976000005,-63.755,8.215,46.201,1.0
18.5,128.180443,37.912427,6219.052332,-57.726,8.71,45.568,1.0
18.6,128.180572,37.912499,6220.1928935999995,-51.742,9.319,44.954,1.0
18.7,128.180701,37.912572,6221.3011464,-46.059,10.039,44.376,1.0
18.8,128.180829,37.912646,6222.405132000001,-41.296,10.894,43.786,1.0
18.9,128.180957,37.912722,6223.5411216,-38.139,11.929,43.119,1.0
19.0,128.181085,37.912798,6224.7426432,-36.528,13.083,42.432,1.0
19.1,128.181211,37.912875,6226.0240224,-36.329,14.26,41.775,1.0
19.2,128.181337,37.912953,6227.390745600001,-37.351,15.293,41.238,1.0
19.3,128.181462,37.913033,6228.8431176,-39.353,16.027,40.906,1.0
19.4,128.181585,37.913113,6230.379309600001,-42.094,16.468,40.755,1.0
19.5,128.181708,37.913195,6231.9932256,-45.354,16.71,40.695,1.0
19.6,128.18183,37.913277,6233.677550400001,-48.947,16.852,40.621,1.0
19.7,128.181951,37.913361,6235.4240544,-52.737,17.017,40.376,1.0
19.8,128.182071,37.913446,6237.224508,-56.625,17.288,39.808,1.0
19.9,128.18219,37.913532,6239.067633600001,-60.038,17.615,38.977,1.0
20.0,128.182308,37.91362,6240.9320952,-61.794,17.949,38.019,1.0
20.1,128.182425,37.913708,6242.8002144,-61.858,18.202,37.103,1.0
20.2,128.182541,37.913797,6244.661932800001,-60.355,18.358,36.306,1.0
20.3,128.182657,37.913887,6246.5270040000005,-57.682,18.433,35.626,1.0
20.4,128.182773,37.913979,6248.4140208,-54.421,18.473,34.98,1.0
20.5,128.182887,37.914071,6250.33548,-50.903,18.547,34.315,1.0
20.6,128.183,37.914165,6252.282847200001,-46.917,18.716,33.643,1.0
20.7,128.183113,37.914259,6254.2606944,-42.761,19.024,32.955,1.0
20.8,128.183225,37.914354,6256.300416,-39.259,19.481,32.234,1.0
20.9,128.183335,37.91445,6258.437064000001,-37.058,20.067,31.492,1.0
21.0,128.183445,37.914547,6260.6901456000005,-36.22,20.737,30.757,1.0
21.1,128.183552,37.914645,6263.0630136,-36.649,21.452,30.037,1.0
21.2,128.183658,37.914743,6265.5550584,-38.181,22.176,29.322,1.0
21.3,128.183763,37.914842,6268.164756000001,-40.611,22.874,28.598,1.0
21.4,128.183866,37.914942,6270.888144,-43.708,23.519,27.85,1.0
21.5,128.183967,37.915043,6273.718212,-47.231,24.09,27.063,1.0
21.6,128.184066,37.915144,6276.6461208,-50.949,24.572,26.222,1.0
21.7,128.184163,37.915246,6279.6612024,-54.655,24.957,25.317,1.0
21.8,128.184258,37.915348,6282.751874400001,-58.177,25.239,24.342,1.0
21.9,128.184351,37.915452,6285.9050304,-61.344,25.419,23.299,1.0
22.0,128.184442,37.915556,6289.1069544,-63.946,25.503,22.195,1.0
22.1,128.18453,37.915661,6292.345454400001,-65.827,25.503,21.045,1.0
22.2,128.184617,37.915766,6295.610472,-66.725,25.445,19.875,1.0
22.3,128.184702,37.915872,6298.8892056,-66.163,25.372,18.72,1.0
22.4,128.184786,37.915979,6302.1737304,-64.259,25.311,17.609,1.0
22.5,128.184867,37.916086,6305.476848,-62.049,25.257,16.559,1.0
22.6,128.184947,37.916194,6308.815932,-60.209,25.218,15.573,1.0
22.7,128.185024,37.916303,6312.202869600001,-58.891,25.217,14.649,1.0
22.8,128.185099,37.916412,6315.6388799999995,-58.15,25.264,13.772,1.0
22.9,128.185171,37.916521,6319.1245728,-57.953,25.357,12.928,1.0
23.0,128.185241,37.91663,6322.663300800001,-58.345,25.481,12.1,1.0
23.1,128.185309,37.91674,6326.255064000001,-59.266,25.623,11.274,1.0
23.2,128.185374,37.916851,6329.8962048,-60.633,25.772,10.437,1.0
23.3,128.185438,37.916962,6333.583370400001,-62.343,25.914,9.582,1.0
23.4,128.185498,37.917073,6337.3119888,-64.286,26.033,8.698,1.0
23.5,128.185557,37.917185,6341.0768784,-66.357,26.117,7.781,1.0
23.6,128.185613,37.917297,6344.8725527999995,-68.458,26.158,6.829,1.0
23.7,128.185666,37.917409,6348.6932208,-70.511,26.148,5.841,1.0
23.8,128.185717,37.917522,6352.5330912,-72.451,26.085,4.82,1.0
23.9,128.185766,37.917636,6356.386068000001,-74.234,25.969,3.768,1.0
24.0,128.185812,37.91775,6360.2454456000005,-75.832,25.8,2.691,1.0
24.1,128.185856,37.917864,6364.106042400001,-77.243,25.586,1.595,1.0
24.2,128.185898,37.917979,6367.962372,-78.479,25.336,0.487,1.0
24.3,128.185936,37.918094,6371.810472,-79.551,25.059,359.374,1.0
24.4,128.185973,37.91821,6375.64638,-80.474,24.758,358.261,1.0
24.5,128.186006,37.918326,6379.466438400001,-81.265,24.437,357.149,1.0
24.6,128.186038,37.918442,6383.2672944,-81.947,24.101,356.044,1.0
24.7,128.186066,37.918559,6387.0462048,-82.542,23.754,354.946,1.0
24.8,128.186092,37.918676,6390.8004264,-83.072,23.399,353.857,1.0
24.9,128.186116,37.918793,6394.5275208,-83.56,23.041,352.778,1.0
25.0,128.186137,37.918911,6398.225049600001,-84.026,22.68,351.708,1.0
25.1,128.186155,37.919029,6401.890879200001,-84.487,22.318,350.648,1.0
25.2,128.186171,37.919147,6405.522876,-84.961,21.956,349.596,1.0
25.3,128.186184,37.919265,6409.118601600001,-85.458,21.593,348.552,1.0
25.4,128.186194,37.919384,6412.6756176,-85.985,21.228,347.515,1.0
25.5,128.186202,37.919502,6416.1920952,-86.548,20.86,346.483,1.0
25.6,128.186207,37.919621,6419.6652912,-87.146,20.488,345.456,1.0
25.7,128.18621,37.91974,6423.0924624,-87.778,20.109,344.434,1.0
25.8,128.18621,37.919859,6426.4714752,-88.44,19.724,343.415,1.0
25.9,128.186207,37.919979,6429.7989768,-89.125,19.33,342.398,1.0
26.0,128.186201,37.920098,6433.072833600001,-89.827,18.926,341.385,1.0
26.1,128.186193,37.920217,6436.289692800001,-90.537,18.511,340.374,1.0
26.2,128.186183,37.920336,6439.4465064000005,-91.249,18.084,339.365,1.0
26.3,128.186169,37.920455,6442.540836,-91.955,17.645,338.358,1.0
26.4,128.186153,37.920575,6445.569328800001,-92.648,17.192,337.353,1.0
26.5,128.186134,37.920694,6448.5289368,-93.324,16.726,336.351,1.0
26.6,128.186113,37.920813,6451.416612,-93.979,16.249,335.35,1.0
26.7,128.186088,37.920932,6454.2293064000005,-94.615,15.762,334.352,1.0
26.8,128.186061,37.92105,6456.9639720000005,-95.229,15.267,333.356,1.0
26.9,128.186032,37.921169,6459.617865600001,-95.817,14.763,332.363,1.0
27.0,128.186,37.921287,6462.1876344,-96.375,14.249,331.371,1.0
27.1,128.185965,37.921405,6464.6705352,-96.901,13.726,330.382,1.0
27.2,128.185927,37.921523,6467.0638248000005,-97.395,13.192,329.396,1.0
27.3,128.185887,37.921641,6469.36476,-97.859,12.649,328.412,1.0
27.4,128.185844,37.921758,6471.570597600001,-98.295,12.097,327.431,1.0
27.5,128.185799,37.921874,6473.6788992,-98.705,11.537,326.453,1.0
27.6,128.18575,37.921991,6475.6875312,-99.091,10.969,325.479,1.0
27.7,128.1857,37.922106,6477.5934456,-99.459,10.394,324.507,1.0
27.8,128.185646,37.922222,6479.3948136,-99.81,9.813,323.538,1.0
27.9,128.18559,37.922337,6481.0891968000005,-100.15,9.226,322.572,1.0
28.0,128.185531,37.922451,6482.674156800001,-100.481,8.633,321.608,1.0
28.1,128.18547,37.922565,6484.14756,-100.807,8.035,320.647,1.0
28.2,128.185406,37.922678,6485.506968000001,-101.129,7.431,319.687,1.0
28.3,128.18534,37.92279,6486.750247200001,-101.45,6.822,318.729,1.0
28.4,128.185271,37.922902,6487.8749592,-101.772,6.208,317.772,1.0
28.5,128.185199,37.923013,6488.8792752,-102.094,5.587,316.816,1.0
28.6,128.185125,37.923123,6489.760147200001,-102.418,4.961,315.861,1.0
28.7,128.185049,37.923233,6490.5160512,-102.742,4.328,314.906,1.0
28.8,128.18497,37.923341,6491.144244,-103.068,3.689,313.953,1.0
28.9,128.184888,37.923449,6491.6422872,-103.395,3.043,313.0,1.0
29.0,128.184804,37.923556,6492.008352000001,-103.722,2.391,312.048,1.0
29.1,128.184718,37.923662,6492.2396952,-104.05,1.732,311.097,1.0
29.2,128.184629,37.923767,6492.334183200001,-104.377,1.067,310.147,1.0
29.3,128.184537,37.923871,6492.2893776,-104.704,0.394,309.197,1.0
29.4,128.184444,37.923973,6492.1025352,-105.03,-0.284,308.248,1.0
29.5,128.184348,37.924075,6491.7718272,-105.355,-0.971,307.3,1.0
29.6,128.184249,37.924176,6491.2942056,-105.679,-1.664,306.352,1.0
29.7,128.184149,37.924276,6490.667536800001,-106.002,-2.365,305.403,1.0
29.8,128.184046,37.924374,6489.889382400001,-106.323,-3.073,304.454,1.0
29.9,128.18394,37.924471,6488.9569992,-106.644,-3.788,303.505,1.0
30.0,128.183833,37.924567,6487.8682536,-106.963,-4.51,302.555,1.0
30.1,128.183723,37.924662,6486.620097600001,-107.283,-5.24,301.603,1.0
30.2,128.183611,37.924755,6485.210397600001,-107.602,-5.976,300.651,1.0
30.3,128.183497,37.924847,6483.636715200001,-107.922,-6.72,299.697,1.0
30.4,128.183381,37.924937,6481.8960024,-108.242,-7.471,298.74,1.0
30.5,128.183263,37.925026,6479.9861255999995,-108.564,-8.229,297.783,1.0
30.6,128.183143,37.925114,6477.9043416,-108.886,-8.994,296.823,1.0
30.7,128.183021,37.9252,6475.648212,-109.209,-9.766,295.86,1.0
30.8,128.182897,37.925285,6473.2146888,-109.534,-10.544,294.896,1.0
30.9,128.182771,37.925368,6470.601943199999,-109.859,-11.33,293.928,1.0
31.0,128.182643,37.925449,6467.8063176000005,-110.187,-12.123,292.958,1.0
31.1,128.182514,37.925529,6464.826288000001,-110.515,-12.922,291.985,1.0
31.2,128.182382,37.925607,6461.658196800001,-110.845,-13.728,291.008,1.0
31.3,128.182249,37.925683,6458.299910400001,-111.177,-14.539,290.027,1.0
31.4,128.182115,37.925758,6454.7489904,-111.51,-15.357,289.043,1.0
31.5,128.181979,37.925831,6451.0023888,-111.843,-16.18,288.054,1.0
31.6,128.181841,37.925901,6447.0573624,-112.176,-17.008,287.06,1.0
31.7,128.181701,37.925971,6442.9114728,-112.51,-17.841,286.061,1.0
31.8,128.181561,37.926038,6438.5622816000005,-112.843,-18.676,285.055,1.0
31.9,128.181419,37.926103,6434.0067408,-113.173,-19.516,284.043,1.0
32.0,128.181275,37.926166,6429.2427168,-113.495,-20.36,283.025,1.0
32.1,128.181131,37.926228,6424.2677711999995,-113.808,-21.211,282.002,1.0
32.2,128.180985,37.926287,6419.078856000001,-114.108,-22.069,280.973,1.0
32.3,128.180839,37.926344,6413.674142400001,-114.395,-22.934,279.937,1.0
32.4,128.180691,37.926399,6408.050887200001,-114.67,-23.806,278.895,1.0
32.5,128.180542,37.926453,6402.206652000001,-114.933,-24.684,277.846,1.0
32.6,128.180392,37.926504,6396.139608,-115.185,-25.569,276.79,1.0
32.7,128.180242,37.926552,6389.847012,-115.428,-26.46,275.726,1.0
32.8,128.180091,37.926599,6383.3270352,-115.663,-27.356,274.652,1.0
32.9,128.179939,37.926643,6376.5772392,-115.892,-28.257,273.57,1.0
33.0,128.179787,37.926686,6369.5954904,-116.116,-29.163,272.478,1.0
33.1,128.179634,37.926726,6362.37996,-116.337,-30.074,271.375,1.0
33.2,128.179481,37.926763,6354.9285144000005,-116.556,-30.99,270.262,1.0
33.3,128.179328,37.926799,6347.239020000001,-116.773,-31.91,269.136,1.0
33.4,128.179175,37.926832,6339.3096479999995,-116.989,-32.836,267.999,1.0
33.5,128.179021,37.926863,6331.138569600001,-117.205,-33.766,266.849,1.0
33.6,128.178867,37.926891,6322.723956000001,-117.42,-34.701,265.685,1.0
33.7,128.178714,37.926917,6314.0639784,-117.635,-35.64,264.508,1.0
33.8,128.178561,37.926941,6305.1571128000005,-117.849,-36.585,263.315,1.0
33.9,128.178408,37.926962,6296.0012256,-118.062,-37.536,262.107,1.0
34.0,128.178255,37.926981,6286.5947928000005,-118.274,-38.491,260.883,1.0
34.1,128.178103,37.926998,6276.9362904,-118.483,-39.452,259.641,1.0
34.2,128.177952,37.927012,6267.0241944,-118.689,-40.418,258.382,1.0
34.3,128.177801,37.927024,6256.8572856,-118.892,-41.39,257.103,1.0
34.4,128.177651,37.927034,6246.43404,-119.089,-42.367,255.804,1.0
34.5,128.177502,37.927041,6235.752933600001,-119.281,-43.35,254.484,1.0
34.6,128.177355,37.927046,6224.813052,-119.466,-44.338,253.141,1.0
34.7,128.177208,37.927049,6213.613176,-119.643,-45.332,251.775,1.0
34.8,128.177063,37.927049,6202.1523912,-119.81,-46.332,250.383,1.0
34.9,128.176919,37.927047,6190.4297832,-119.967,-47.336,248.964,1.0
35.0,128.176777,37.927043,6178.444437600001,-120.111,-48.347,247.517,1.0
35.1,128.176637,37.927036,6166.19544,-120.242,-49.364,246.04,1.0
35.2,128.176498,37.927027,6153.681876,-120.357,-50.386,244.53,1.0
35.3,128.176362,37.927016,6140.9013072,-120.457,-51.414,242.984,1.0
35.4,128.176227,37.927003,6127.8528192,-120.54,-52.447,241.397,1.0
35.5,128.176095,37.926988,6114.535497600001,-120.607,-53.486,239.764,1.0
35.6,128.175966,37.926971,6100.948123200001,-120.656,-54.531,238.08,1.0
35.7,128.175839,37.926951,6087.0903912,-120.687,-55.582,236.337,1.0
35.8,128.175715,37.92693,6072.961996800001,-120.697,-56.639,234.53,1.0
35.9,128.175595,37.926906,6058.56294,-120.682,-57.701,232.651,1.0
36.0,128.175477,37.926881,6043.8935255999995,-120.637,-58.767,230.691,1.0
36.1,128.175363,37.926854,6028.954058400001,-120.556,-59.835,228.641,1.0
36.2,128.175252,37.926825,6013.7460624,-120.427,-60.906,226.492,1.0
36.3,128.175145,37.926794,5998.2707568000005,-120.24,-61.981,224.236,1.0
36.4,128.175042,37.926762,5982.529360800001,-119.98,-63.061,221.862,1.0
36.5,128.174944,37.926729,5966.5243128,-119.635,-64.144,219.357,1.0
36.6,128.174849,37.926694,5950.258660800001,-119.188,-65.229,216.705,1.0
36.7,128.174759,37.926658,5933.737281600001,-118.621,-66.313,213.885,1.0
36.8,128.174673,37.926622,5916.9659664,-117.912,-67.394,210.876,1.0
36.9,128.174592,37.926584,5899.950811200001,-117.039,-68.467,207.658,1.0
37.0,128.174516,37.926546,5882.697912,-115.972,-69.527,204.205,1.0
37.1,128.174444,37.926507,5865.214584000001,-114.679,-70.569,200.487,1.0
37.2,128.174378,37.926468,5847.507228,-113.13,-71.587,196.468,1.0
37.3,128.174316,37.926429,5829.584073600001,-111.292,-72.572,192.108,1.0
37.4,128.174259,37.92639,5811.454264800001,-109.124,-73.516,187.362,1.0
37.5,128.174207,37.926352,5793.1281648,-106.583,-74.411,182.186,1.0
37.6,128.17416,37.926314,5774.6130888,-103.632,-75.241,176.54,1.0
37.7,128.174119,37.926277,5755.915132800001,-100.173,-75.99,170.391,1.0
37.8,128.174081,37.92624,5737.040088000001,-95.89,-76.625,163.725,1.0
37.9,128.174048,37.926205,5717.9934408,-90.412,-77.105,156.606,1.0
38.0,128.174019,37.92617,5698.7812872,-83.727,-77.396,149.215,1.0
38.1,128.173994,37.926137,5679.411247200001,-76.184,-77.477,141.827,1.0
38.2,128.173974,37.926104,5659.894293599999,-68.345,-77.374,134.681,1.0
38.3,128.173958,37.926073,5640.243837600001,-60.817,-77.113,127.907,1.0
38.4,128.173947,37.926044,5620.476033600001,-54.122,-76.723,121.523,1.0
38.5,128.173942,37.926015,5600.6064264,-48.474,-76.226,115.473,1.0
38.6,128.173941,37.925989,5580.645379200001,-43.772,-75.636,109.698,1.0
38.7,128.173946,37.925964,5560.5965496,-39.68,-74.949,104.261,1.0
38.8,128.173955,37.92594,5540.4571944,-35.856,-74.16,99.314,1.0
38.9,128.173969,37.925918,5520.226704,-32.195,-73.279,94.978,1.0
39.0,128.173986,37.925897,5499.9090408,-28.769,-72.321,91.309,1.0
39.1,128.174007,37.925878,5479.5170064,-25.917,-71.307,88.264,1.0
39.2,128.174033,37.925861,5459.07468,-24.254,-70.26,85.687,1.0
39.3,128.174064,37.925846,5438.6094936,-24.185,-69.192,83.395,1.0
39.4,128.174102,37.925834,5418.1421736,-25.694,-68.104,81.251,1.0
39.5,128.174144,37.925824,5397.6815592,-28.333,-66.998,79.142,1.0
39.6,128.174192,37.925818,5377.235575199999,-31.568,-65.898,76.933,1.0
39.7,128.174244,37.925815,5356.811232,-34.907,-64.836,74.499,1.0
39.8,128.174301,37.925816,5336.413406400001,-38.077,-63.827,71.813,1.0
39.9,128.174361,37.925821,5316.0439272,-40.972,-62.875,68.904,1.0
40.0,128.174425,37.92583,5295.704928,-43.573,-61.985,65.797,1.0
40.1,128.174491,37.925843,5275.3979328000005,-45.93,-61.159,62.524,1.0
40.2,128.174559,37.92586,5255.123856000001,-48.116,-60.397,59.114,1.0
40.3,128.174629,37.925883,5234.8848312,-50.178,-59.71,55.577,1.0
40.4,128.1747,37.925909,5214.683296800001,-52.122,-59.116,51.9,1.0
40.5,128.174771,37.925941,5194.5223008,-53.972,-58.631,48.076,1.0
40.6,128.174843,37.925977,5174.401843199999,-55.769,-58.261,44.109,1.0
40.7,128.174913,37.926018,5154.3197904,-57.559,-58.006,40.011,1.0
40.8,128.174982,37.926063,5134.2663888,-59.043,-57.833,35.833,1.0
40.9,128.175049,37.926111,5114.2075008,-59.219,-57.651,31.723,1.0
41.0,128.175116,37.926163,5094.112951200001,-57.302,-57.352,27.873,1.0
41.1,128.17518,37.926217,5073.967500000001,-53.286,-56.857,24.467,1.0
41.2,128.175244,37.926274,5053.8083328,-49.033,-56.236,21.504,1.0
41.3,128.175304,37.926335,5033.697019200001,-46.324,-55.58,18.828,1.0
41.4,128.175361,37.926401,5013.6920808,-45.204,-54.876,16.353,1.0
41.5,128.175415,37.926472,4993.8115008,-45.427,-54.128,13.973,1.0
41.6,128.175466,37.926547,4974.059546400001,-46.692,-53.364,11.611,1.0
41.7,128.175512,37.926627,4954.4176248,-48.356,-52.595,9.255,1.0
41.8,128.175555,37.926709,4934.840625600001,-49.064,-51.774,6.991,1.0
41.9,128.175596,37.926795,4915.281304800001,-47.7,-50.872,4.901,1.0
42.0,128.175633,37.926884,4895.7536832,-44.95,-49.962,2.95,1.0
42.1,128.175666,37.926976,4876.3098816,-42.183,-49.071,1.121,1.0
42.2,128.175695,37.927072,4857.010250400001,-40.671,-48.189,359.385,1.0
42.3,128.175719,37.927172,4837.886793600001,-40.725,-47.287,357.704,1.0
42.4,128.175738,37.927276,4818.9449976000005,-42.096,-46.365,356.017,1.0
42.5,128.175752,37.927384,4800.1848624,-44.463,-45.449,354.269,1.0
42.6,128.175761,37.927495,4781.601206400001,-47.528,-44.57,352.42,1.0
42.7,128.175764,37.927609,4763.180618400001,-51.011,-43.751,350.454,1.0
42.8,128.175761,37.927726,4744.8971904,-54.522,-43.006,348.368,1.0
42.9,128.175753,37.927845,4726.722576,-57.669,-42.346,346.174,1.0
43.0,128.175739,37.927966,4708.629648,-60.118,-41.77,343.898,1.0
43.1,128.17572,37.928088,4690.6028616,-61.767,-41.275,341.571,1.0
43.2,128.175695,37.928211,4672.6413024,-62.91,-40.857,339.218,1.0
43.3,128.175664,37.928335,4654.7440560000005,-63.728,-40.506,336.853,1.0
43.4,128.175626,37.928459,4636.910208,-64.304,-40.22,334.477,1.0
43.5,128.175583,37.928584,4619.1400632,-64.727,-39.991,332.094,1.0
43.6,128.175533,37.928709,4601.433012,-65.07,-39.806,329.71,1.0
43.7,128.175477,37.928834,4583.787530400001,-65.379,-39.643,327.336,1.0
43.8,128.175414,37.928958,4566.201789600001,-65.685,-39.481,324.985,1.0
43.9,128.175345,37.929082,4548.6727416,-65.991,-39.298,322.67,1.0
44.0,128.17527,37.929205,4531.198557600001,-66.285,-39.077,320.402,1.0
44.1,128.175188,37.929327,4513.7777136,-66.553,-38.807,318.188,1.0
44.2,128.175101,37.929447,4496.411124,-66.744,-38.509,316.016,1.0
44.3,128.175006,37.929566,4479.1009224,-66.831,-38.213,313.868,1.0
44.4,128.174906,37.929682,4461.8495472,-66.853,-37.922,311.739,1.0
44.5,128.174799,37.929797,4444.659132000001,-66.848,-37.631,309.628,1.0
44.6,128.174687,37.92991,4427.5324200000005,-66.851,-37.341,307.533,1.0
44.7,128.174568,37.93002,4410.4715448,-66.891,-37.049,305.453,1.0
44.8,128.174443,37.930128,4393.47864,-66.989,-36.758,303.385,1.0
44.9,128.174312,37.930232,4376.55462,-67.155,-36.468,301.326,1.0
45.0,128.174176,37.930334,4359.7003992,-67.389,-36.182,299.274,1.0
45.1,128.174034,37.930432,4342.9156728,-67.689,-35.903,297.225,1.0
45.2,128.173886,37.930527,4326.1998312000005,-68.054,-35.632,295.178,1.0
45.3,128.173733,37.930619,4309.551655200001,-68.477,-35.374,293.132,1.0
45.4,128.173575,37.930706,4292.9702304,-68.96,-35.129,291.083,1.0
45.5,128.173412,37.93079,4276.453118400001,-69.511,-34.902,289.03,1.0
45.6,128.173245,37.930869,4259.997271200001,-70.118,-34.693,286.973,1.0
45.7,128.173072,37.930944,4243.5987264,-70.759,-34.504,284.911,1.0
45.8,128.172896,37.931015,4227.2526072,-71.415,-34.337,282.843,1.0
45.9,128.172716,37.931081,4210.9528176,-72.018,-34.187,280.771,1.0
46.0,128.172532,37.931143,4194.692652,-72.449,-34.049,278.701,1.0
46.1,128.172344,37.9312,4178.4678432,-72.627,-33.919,276.637,1.0
46.2,128.172154,37.931252,4162.2774768,-72.555,-33.789,274.586,1.0
46.3,128.17196,37.931299,4146.1233816,-72.29,-33.653,272.553,1.0
46.4,128.171764,37.931341,4130.0089104,-71.886,-33.502,270.539,1.0
46.5,128.171564,37.931378,4113.9392448,-71.402,-33.331,268.547,1.0
46.6,128.171363,37.931409,4097.9189568,-70.872,-33.136,266.576,1.0
46.7,128.171159,37.931435,4081.9538376,-70.315,-32.915,264.627,1.0
46.8,128.170953,37.931456,4066.0499832,-69.742,-32.667,262.698,1.0
46.9,128.170746,37.931471,4050.2134896000002,-69.167,-32.393,260.79,1.0
47.0,128.170537,37.931481,4034.4507576000005,-68.593,-32.094,258.9,1.0
47.1,128.170326,37.931485,4018.7663592000004,-67.957,-31.767,257.032,1.0
47.2,128.170114,37.931483,4003.1651712000003,-67.192,-31.41,255.188,1.0
47.3,128.169902,37.931476,3987.6566424000002,-66.347,-31.026,253.37,1.0
47.4,128.169688,37.931463,3972.2499168000004,-65.494,-30.615,251.579,1.0
47.5,128.169474,37.931445,3956.9550528000004,-64.665,-30.174,249.815,1.0
47.6,128.16926,37.93142,3941.7802800000004,-63.87,-29.704,248.078,1.0
47.7,128.169045,37.931391,3926.7344376,-63.108,-29.211,246.379,1.0
47.8,128.16883,37.931355,3911.8257552000005,-62.368,-28.701,244.727,1.0
47.9,128.168615,37.931314,3897.0612432000003,-61.632,-28.176,243.119,1.0
48.0,128.168401,37.931267,3882.4485216,-60.884,-27.634,241.554,1.0
48.1,128.168187,37.931215,3867.9946008,-60.113,-27.076,240.028,1.0
48.2,128.167973,37.931158,3853.7067960000004,-59.311,-26.501,238.539,1.0
48.3,128.167761,37.931095,3839.5927272000004,-58.476,-25.906,237.087,1.0
48.4,128.167549,37.931027,3825.660624,-57.607,-25.291,235.67,1.0
48.5,128.167338,37.930953,3811.9184112000003,-56.705,-24.656,234.289,1.0
48.6,128.167129,37.930875,3798.3746232000003,-55.77,-24.0,232.943,1.0
48.7,128.16692,37.930791,3785.0371848000004,-54.794,-23.321,231.635,1.0
48.8,128.166713,37.930703,3771.9143256,-53.757,-22.621,230.365,1.0
48.9,128.166507,37.93061,3759.0148848000003,-52.649,-21.898,229.137,1.0
49.0,128.166303,37.930512,3746.3477016,-51.463,-21.153,227.951,1.0
49.1,128.1661,37.930409,3733.9222248,-50.192,-20.384,226.811,1.0
49.2,128.165899,37.930302,3721.748208,-48.826,-19.59,225.72,1.0
49.3,128.1657,37.93019,3709.8357096000004,-47.365,-18.773,224.678,1.0
49.4,128.165502,37.930075,3698.1960072,-45.816,-17.93,223.689,1.0
49.5,128.165306,37.929955,3686.8403784000006,-44.187,-17.061,222.752,1.0
49.6,128.165111,37.929831,3675.7807104,-42.491,-16.167,221.87,1.0
49.7,128.164918,37.929703,3665.0276712000004,-40.727,-15.247,221.043,1.0
49.8,128.164727,37.929571,3654.5928432,-38.892,-14.302,220.274,1.0
49.9,128.164538,37.929436,3644.4862848000002,-36.98,-13.334,219.564,1.0
50.0,128.16435,37.929297,3634.7183592,-34.973,-12.344,218.916,1.0
50.1,128.164163,37.929156,3625.2966864,-32.843,-11.333,218.333,1.0
50.2,128.163978,37.929011,3616.2282768,-30.544,-10.306,217.822,1.0
50.3,128.163794,37.928863,3607.5180072000003,-28.022,-9.271,217.392,1.0
50.4,128.163612,37.928712,3599.16984,-25.225,-8.231,217.052,1.0
50.5,128.16343,37.928559,3591.1856040000002,-22.101,-7.188,216.806,1.0
50.6,128.163249,37.928404,3583.5689568000003,-18.632,-6.137,216.66,1.0
50.7,128.163069,37.928247,3576.3241656,-14.832,-5.075,216.617,1.0
50.8,128.162889,37.928088,3569.4554976,-10.737,-4.003,216.684,1.0
50.9,128.162709,37.927927,3562.9647816,-6.367,-2.929,216.87,1.0
51.0,128.162529,37.927765,3556.8526272000004,-1.731,-1.868,217.182,1.0
51.1,128.162349,37.927602,3551.1187296000003,3.132,-0.836,217.623,1.0
51.2,128.162168,37.927438,3545.7908256000005,7.271,0.293,218.107,1.0
51.3,128.161986,37.927273,3541.010952,8.482,1.74,218.574,1.0
51.4,128.161803,37.927108,3536.9345568000003,6.252,3.421,219.002,1.0
51.5,128.161618,37.926943,3533.5887672,2.331,5.103,219.421,1.0
51.6,128.161434,37.926777,3530.8461768,0.486,6.635,219.879,1.0
51.7,128.161249,37.926611,3528.5504232000003,2.05,7.845,220.323,1.0
51.8,128.161063,37.926445,3526.575624,6.385,8.88,220.787,1.0
51.9,128.160876,37.926278,3524.9345808,11.888,9.929,221.292,1.0
52.0,128.160689,37.926112,3523.7687208,15.253,11.23,221.809,1.0
52.1,128.1605,37.925947,3523.2347112,14.648,12.738,222.345,1.0
52.2,128.160311,37.925783,3523.4593488000005,10.763,14.253,222.833,1.0
52.3,128.160121,37.92562,3524.4408048,6.102,15.779,223.316,1.0
52.4,128.15993,37.925459,3526.045272,5.27,17.199,223.834,1.0
52.5,128.15974,37.925298,3528.116388,7.872,18.431,224.287,1.0
52.6,128.159549,37.925137,3530.5819152,12.377,19.654,224.753,1.0
52.7,128.159358,37.924978,3533.5497528000005,16.092,20.969,225.25,1.0
52.8,128.159166,37.92482,3537.1409064,17.017,22.414,225.794,1.0
52.9,128.158975,37.924665,3541.4303568,14.799,23.87,226.322,1.0
53.0,128.158783,37.924513,3546.343428,11.945,25.332,226.909,1.0
53.1,128.158591,37.924362,3551.7813648,10.693,26.812,227.459,1.0
53.2,128.1584,37.924213,3557.7715992,9.677,28.299,227.854,1.0
53.3,128.15821,37.924066,3564.3589368000003,8.059,29.778,228.142,1.0
53.4,128.158021,37.923921,3571.5561792000003,5.668,31.265,228.332,1.0
53.5,128.157834,37.923778,3579.35784,2.647,32.766,228.404,1.0
53.6,128.157648,37.923637,3587.753556,-0.824,34.282,228.33,1.0
53.7,128.157466,37.923499,3596.7247344,-4.531,35.806,228.092,1.0
53.8,128.157286,37.923362,3606.2509536,-8.277,37.327,227.676,1.0
53.9,128.157109,37.923226,3616.310268,-11.925,38.835,227.078,1.0
54.0,128.156935,37.923092,3626.8801224,-15.375,40.318,226.304,1.0
54.1,128.156765,37.922958,3637.9358280000006,-18.526,41.767,225.365,1.0
54.2,128.1566,37.922826,3649.4581824,-21.363,43.174,224.276,1.0
54.3,128.156438,37.922695,3661.4328600000003,-23.968,44.535,223.05,1.0
54.4,128.156281,37.922565,3673.8449256000004,-26.441,45.849,221.702,1.0
54.5,128.156129,37.922435,3686.67792,-28.832,47.117,220.244,1.0
54.6,128.155982,37.922306,3699.9086784000006,-31.071,48.345,218.692,1.0
54.7,128.155839,37.922178,3713.5097688000005,-32.936,49.538,217.071,1.0
54.8,128.155702,37.922051,3727.4583312,-34.229,50.701,215.404,1.0
54.9,128.155569,37.921924,3741.7467456000004,-35.08,51.83,213.703,1.0
55.0,128.155442,37.921799,3756.3740976000004,-35.803,52.928,211.974,1.0
55.1,128.15532,37.921674,3771.337644,-36.714,54.002,210.211,1.0
55.2,128.155204,37.921551,3786.6267168000004,-37.96,55.06,208.402,1.0
55.3,128.155094,37.921428,3802.221504,-39.446,56.106,206.537,1.0
55.4,128.154989,37.921307,3818.1018888000003,-40.984,57.135,204.606,1.0
55.5,128.154889,37.921188,3834.2492784000005,-42.428,58.143,202.604,1.0
55.6,128.154795,37.921069,3850.6490424,-43.731,59.123,200.529,1.0
55.7,128.154706,37.920952,3867.2871600000003,-44.896,60.078,198.389,1.0
55.8,128.154622,37.920836,3884.1490008000005,-45.872,61.014,196.197,1.0
55.9,128.154543,37.920722,3901.2168864,-46.452,61.945,193.977,1.0
56.0,128.154469,37.920609,3918.4731384,-46.379,62.881,191.761,1.0
56.1,128.1544,37.920498,3935.9098320000003,-45.677,63.825,189.575,1.0
56.2,128.154335,37.920388,3953.5361112,-45.113,64.762,187.399,1.0
56.3,128.154275,37.920281,3971.3614248000003,-45.451,65.696,185.205,1.0
56.4,128.15422,37.920177,3989.3714472,-46.549,66.644,182.949,1.0
56.5,128.15417,37.920074,4007.5466712,-48.031,67.598,180.588,1.0
56.6,128.154124,37.919974,4025.8709424,-49.559,68.54,178.102,1.0
56.7,128.154082,37.919876,4044.3320688000003,-50.939,69.46,175.49,1.0
56.8,128.154044,37.919781,4062.9209064,-52.117,70.355,172.759,1.0
56.9,128.15401,37.919687,4081.6298352000003,-53.151,71.229,169.915,1.0
57.0,128.15398,37.919597,4100.4521496,-54.126,72.088,166.961,1.0
57.1,128.153953,37.919508,4119.3808392,-55.123,72.937,163.892,1.0
57.2,128.153929,37.919422,4138.409808,-56.243,73.777,160.688,1.0
57.3,128.153909,37.919339,4157.5338744,-57.614,74.605,157.323,1.0
57.4,128.153892,37.919259,4176.7463328,-59.348,75.418,153.754,1.0
57.5,128.153878,37.919182,4196.0410872,-61.517,76.207,149.932,1.0
57.6,128.153867,37.919108,4215.4111272,-64.145,76.965,145.804,1.0
57.7,128.153859,37.919036,4234.848223200001,-67.185,77.682,141.327,1.0
57.8,128.153853,37.918967,4254.343536,-70.537,78.351,136.473,1.0
57.9,128.15385,37.918902,4273.8906648,-74.174,78.961,131.228,1.0
58.0,128.153849,37.918839,4293.485952,-78.515,79.488,125.563,1.0
58.1,128.15385,37.91878,4313.12574,-84.082,79.908,119.444,1.0
58.2,128.153854,37.918725,4332.8008848,-90.491,80.218,112.826,1.0
58.3,128.153861,37.918673,4352.5016328,-97.265,80.387,105.843,1.0
58.4,128.153869,37.918624,4372.2197544,-103.854,80.409,98.741,1.0
58.5,128.153879,37.918578,4391.9473248,-109.816,80.293,91.769,1.0
58.6,128.153891,37.918535,4411.6776384,-114.799,80.07,85.088,1.0
58.7,128.153905,37.918494,4431.4052088,-118.735,79.771,78.788,1.0
58.8,128.15392,37.918457,4451.123330400001,-122.084,79.421,72.883,1.0
58.9,128.153937,37.918423,4470.827736,-125.306,79.053,67.2,1.0
59.0,128.153954,37.918392,4490.5135488000005,-128.552,78.686,61.59,1.0
59.1,128.153973,37.918364,4510.17894,-131.73,78.333,55.954,1.0
59.2,128.153993,37.918338,4529.8196424,-135.532,77.974,50.393,1.0
59.3,128.154013,37.918316,4549.4201112,-141.778,77.548,45.231,1.0
59.4,128.154035,37.918299,4568.9577912,-149.929,77.035,40.397,1.0
59.5,128.154058,37.918287,4588.415004,-157.948,76.427,35.915,1.0
59.6,128.154082,37.918279,4607.7996744,-162.996,75.776,31.711,1.0
59.7,128.154106,37.918273,4627.1294808,-164.874,75.033,27.967,1.0
59.8,128.154132,37.91827,4646.400156,-164.32,74.22,24.817,1.0
59.9,128.154157,37.918271,4665.5940216,-162.328,73.424,22.258,1.0
60.0,128.154184,37.918275,4684.6964472,-160.264,72.606,20.102,1.0
60.1,128.15421,37.918284,4703.6754288,-159.757,71.606,18.198,1.0
60.2,128.154235,37.918298,4722.5050584,-160.735,70.504,16.568,1.0
60.3,128.154261,37.918316,4741.1743632,-162.954,69.311,15.223,1.0
60.4,128.154286,37.91834,4759.6720656,-166.059,68.029,14.208,1.0
60.5,128.154311,37.918368,4777.985973600001,-169.688,66.666,13.568,1.0
60.6,128.154337,37.9184,4796.104200000001,-173.564,65.236,13.301,1.0
60.7,128.154362,37.918437,4814.0148576,-177.504,63.753,13.364,1.0
60.8,128.154389,37.918477,4831.7152032,179.427,62.232,13.624,1.0
60.9,128.154416,37.918521,4849.2408984,179.178,60.682,13.902,1.0
61.0,128.154444,37.918567,4866.6327864,-178.968,59.138,14.195,1.0
61.1,128.154472,37.918616,4883.8817232,-176.064,57.643,14.404,1.0
61.2,128.154501,37.918667,4900.956924,-173.164,56.223,14.473,1.0
61.3,128.154531,37.918722,4917.798952800001,-171.526,54.868,14.424,1.0
61.4,128.154561,37.918782,4934.3608704,-171.482,53.541,14.283,1.0
61.5,128.154591,37.918845,4950.632923200001,-172.809,52.201,14.109,1.0
61.6,128.154622,37.918911,4966.612368,-175.151,50.825,13.973,1.0
61.7,128.154653,37.918982,4982.3123112,-177.924,49.412,13.918,1.0
61.8,128.154685,37.919055,4997.758965600001,179.89,47.969,13.937,1.0
61.9,128.154718,37.91913,5013.0053664,179.431,46.514,13.989,1.0
62.0,128.154751,37.919208,5028.079860000001,-179.518,45.075,14.06,1.0
62.1,128.154784,37.919287,5042.9470896,-177.654,43.685,14.115,1.0
62.2,128.154819,37.91937,5057.5625544,-175.802,42.347,14.124,1.0
62.3,128.154853,37.919455,5071.8735240000005,-174.782,41.046,14.09,1.0
62.4,128.154889,37.919544,5085.827268,-175.093,39.752,14.033,1.0
62.5,128.154924,37.919635,5099.414947200001,-176.57,38.435,13.978,1.0
62.6,128.154961,37.91973,5112.6487536,-178.734,37.094,13.954,1.0
62.7,128.154998,37.919827,5125.588732800001,179.386,35.799,13.966,1.0
62.8,128.155035,37.919926,5138.2927968,178.439,34.616,14.009,1.0
62.9,128.155074,37.920027,5150.7670416,178.422,33.502,14.08,1.0
63.0,128.155112,37.92013,5162.993179200001,179.06,32.419,14.166,1.0
63.1,128.155151,37.920234,5174.9474352,179.981,31.346,14.247,1.0
63.2,128.155191,37.920341,5186.6069496,-179.157,30.268,14.311,1.0
63.3,128.155232,37.92045,5197.956482400001,-178.577,29.169,14.352,1.0
63.4,128.155273,37.920561,5208.9865848,-178.382,28.036,14.37,1.0
63.5,128.155314,37.920674,5219.6951232,-178.559,26.866,14.373,1.0
63.6,128.155356,37.920788,5230.0894128,-178.99,25.666,14.37,1.0
63.7,128.155398,37.920905,5240.181036,-179.489,24.453,14.366,1.0
63.8,128.155441,37.921023,5249.9797464,-179.894,23.238,14.366,1.0
63.9,128.155484,37.921143,5259.493164,179.904,22.026,14.37,1.0
64.0,128.155528,37.921264,5268.724641600001,179.965,20.816,14.376,1.0
64.1,128.155572,37.921387,5277.6723504,-179.72,19.612,14.379,1.0
64.2,128.155617,37.921511,5286.331718400001,-179.205,18.415,14.371,1.0
64.3,128.155662,37.921637,5294.6969544,-178.559,17.224,14.347,1.0
64.4,128.155707,37.921764,5302.7628768,-177.849,16.04,14.303,1.0
64.5,128.155752,37.921892,5310.5249136,-177.127,14.863,14.235,1.0
64.6,128.155798,37.922022,5317.9803216,-176.426,13.696,14.143,1.0
64.7,128.155844,37.922154,5325.1266624,-175.762,12.559,14.029,1.0
64.8,128.155891,37.922286,5331.9633264,-175.145,11.487,13.899,1.0
64.9,128.155937,37.92242,5338.4884848,-174.592,10.482,13.755,1.0
65.0,128.155984,37.922555,5344.702747200001,-174.1,9.502,13.598,1.0
65.1,128.15603,37.922691,5350.6112952,-173.627,8.524,13.428,1.0
65.2,128.156077,37.922828,5356.2199200000005,-173.114,7.539,13.243,1.0
65.3,128.156124,37.922966,5361.5325840000005,-172.523,6.547,13.045,1.0
65.4,128.15617,37.923106,5366.550506400001,-171.84,5.552,12.832,1.0
65.5,128.156217,37.923246,5371.274601600001,-171.066,4.557,12.606,1.0
65.6,128.156263,37.923387,5375.7045648,-170.209,3.57,12.364,1.0
65.7,128.15631,37.923529,5379.8391768,-169.29,2.598,12.108,1.0
65.8,128.156356,37.923672,5383.6775232,-168.33,1.655,11.838,1.0
65.9,128.156401,37.923816,5387.2192992,-167.352,0.752,11.558,1.0
66.0,128.156447,37.923961,5390.4642,-166.374,-0.096,11.271,1.0
66.1,128.156492,37.924107,5393.4137496,-165.413,-0.877,10.983,1.0
66.2,128.156537,37.924253,5396.0697768,-164.48,-1.582,10.699,1.0
66.3,128.156581,37.9244,5398.4353296,-163.584,-2.21,10.424,1.0
66.4,128.156625,37.924548,5400.5158944,-162.723,-2.763,10.161,1.0
66.5,128.156669,37.924697,5402.3166528,-161.89,-3.257,9.909,1.0
66.6,128.156712,37.924846,5403.845529599999,-161.071,-3.689,9.671,1.0
66.7,128.156754,37.924996,5405.1092304,-160.254,-4.063,9.45,1.0
66.8,128.156796,37.925147,5406.114765600001,-159.442,-4.386,9.247,1.0
66.9,128.156837,37.925298,5406.8682312,-158.642,-4.671,9.059,1.0
67.0,128.156878,37.92545,5407.376028000001,-157.862,-4.932,8.882,1.0
67.1,128.156919,37.925603,5407.644252000001,-157.114,-5.181,8.715,1.0
67.2,128.156958,37.925756,5407.679304,-156.401,-5.426,8.554,1.0
67.3,128.156998,37.925909,5407.48728,-155.725,-5.669,8.399,1.0
67.4,128.157036,37.926064,5407.0751904,-155.075,-5.909,8.251,1.0
67.5,128.157074,37.926219,5406.452484,-154.428,-6.138,8.113,1.0
67.6,128.157112,37.926374,5405.6283048000005,-153.753,-6.342,7.991,1.0
67.7,128.157149,37.92653,5404.6127112,-153.014,-6.505,7.893,1.0
67.8,128.157186,37.926687,5403.4169808,-152.177,-6.607,7.829,1.0
67.9,128.157223,37.926844,5402.054220000001,-151.202,-6.631,7.81,1.0
68.0,128.157259,37.927002,5400.540888,-150.031,-6.563,7.845,1.0
68.1,128.157295,37.92716,5398.8958824,-148.577,-6.39,7.944,1.0
68.2,128.157331,37.927319,5397.140844,-146.748,-6.106,8.118,1.0
68.3,128.157368,37.927479,5395.2934512,-144.503,-5.72,8.375,1.0
68.4,128.157404,37.927639,5393.3655912,-141.873,-5.255,8.719,1.0
68.5,128.157441,37.9278,5391.3673224,-138.921,-4.737,9.153,1.0
68.6,128.157478,37.927962,5389.3080936,-135.702,-4.196,9.674,1.0
68.7,128.157516,37.928124,5387.1976584,-132.25,-3.655,10.277,1.0
68.8,128.157555,37.928287,5385.0427224000005,-128.605,-3.138,10.958,1.0
68.9,128.157594,37.92845,5382.8481624,-124.818,-2.667,11.708,1.0
69.0,128.157635,37.928614,5380.6158072,-120.954,-2.273,12.5,1.0
69.1,128.157676,37.928778,5378.344437600001,-117.088,-2.012,13.244,1.0
69.2,128.157719,37.928943,5376.0285672,-113.305,-1.95,13.781,1.0
69.3,128.157762,37.929109,5373.6608808,-109.68,-2.085,14.038,1.0
69.4,128.157806,37.929274,5371.234368,-106.233,-2.361,14.029,1.0
69.5,128.157851,37.92944,5368.7423232,-102.919,-2.717,13.81,1.0
69.6,128.157897,37.929607,5366.1786504,-99.642,-3.104,13.442,1.0
69.7,128.157943,37.929774,5363.5378632,-96.305,-3.487,12.978,1.0
69.8,128.15799,37.929941,5360.8153896,-92.834,-3.844,12.444,1.0
69.9,128.158037,37.93011,5358.0081816,-89.188,-4.163,11.847,1.0
70.0,128.158084,37.930278,5355.115020000001,-85.342,-4.431,11.205,1.0
70.1,128.158131,37.930448,5352.1377336000005,-81.292,-4.639,10.53,1.0
70.2,128.158177,37.930618,5349.0811992,-77.072,-4.775,9.805,1.0
70.3,128.158223,37.930789,5345.9536464,-72.732,-4.82,9.014,1.0
70.4,128.158268,37.93096,5342.7660479999995,-68.314,-4.758,8.157,1.0
70.5,128.158312,37.931133,5339.5339488,-63.87,-4.572,7.241,1.0
70.6,128.158355,37.931306,5336.273808,-59.433,-4.25,6.283,1.0
70.7,128.158396,37.93148,5333.003608800001,-55.005,-3.782,5.302,1.0
70.8,128.158435,37.931655,5329.7416392,-50.572,-3.157,4.313,1.0
70.9,128.158473,37.931831,5326.508016,-46.118,-2.367,3.335,1.0
71.0,128.15851,37.932008,5323.325904,-41.66,-1.419,2.399,1.0
71.1,128.158544,37.932185,5320.2257832000005,-37.297,-0.321,1.527,1.0
71.2,128.158577,37.932364,5317.2491064000005,-33.268,0.917,0.727,1.0
71.3,128.158607,37.932544,5314.4504328,-30.032,2.266,359.999,1.0
71.4,128.158635,37.932724,5311.904133600001,-28.245,3.648,359.342,1.0
71.5,128.15866,37.932905,5309.6733024,-28.206,4.998,358.742,1.0
71.6,128.158683,37.933087,5307.7466616,-29.254,6.31,358.181,1.0
71.7,128.158704,37.933269,5306.0614224,-30.089,7.586,357.647,1.0
71.8,128.158723,37.933452,5304.5590632,-29.724,8.818,357.141,1.0
71.9,128.15874,37.933635,5303.238974400001,-28.082,9.989,356.672,1.0
72.0,128.158755,37.933819,5302.1572392,-25.997,11.086,356.245,1.0
72.1,128.158768,37.934003,5301.4046880000005,-24.898,12.108,355.841,1.0
72.2,128.158778,37.934187,5301.077028000001,-25.908,13.083,355.419,1.0
72.3,128.158785,37.934371,5301.194376,-28.066,14.07,354.977,1.0
72.4,128.158789,37.934555,5301.6570624,-29.044,15.112,354.529,1.0
72.5,128.158792,37.934739,5302.369075199999,-28.059,16.182,354.064,1.0
72.6,128.158793,37.934923,5303.3273664,-26.29,17.221,353.584,1.0
72.7,128.158791,37.935107,5304.6316056000005,-25.397,18.198,353.099,1.0
72.8,128.158787,37.93529,5306.374756800001,-26.312,19.141,352.594,1.0
72.9,128.15878,37.935472,5308.5559056,-28.084,20.109,352.071,1.0
73.0,128.15877,37.935654,5311.077515999999,-28.509,21.138,351.554,1.0
73.1,128.158758,37.935835,5313.871008,-27.466,22.19,351.017,1.0
73.2,128.158745,37.936016,5316.975700800001,-26.601,23.203,350.444,1.0
73.3,128.158729,37.936196,5320.476633600001,-27.319,24.167,349.833,1.0
73.4,128.15871,37.936374,5324.3963616,-29.158,25.124,349.193,1.0
73.5,128.158689,37.936551,5328.644664,-30.373,26.12,348.547,1.0
73.6,128.158666,37.936728,5333.1395496000005,-29.639,27.148,347.91,1.0
73.7,128.158641,37.936904,5337.8977824,-28.546,28.137,347.241,1.0
73.8,128.158614,37.937079,5343.0040968,-28.885,29.058,346.535,1.0
73.9,128.158584,37.937251,5348.517624000001,-30.587,29.951,345.799,1.0
74.0,128.158552,37.937422,5354.4264768,-33.394,30.839,344.986,1.0
74.1,128.158516,37.937591,5360.695908,-36.04,31.743,344.107,1.0
74.2,128.158479,37.937758,5367.241183200001,-36.266,32.696,343.212,1.0
74.3,128.158439,37.937925,5374.0089624,-35.079,33.641,342.27,1.0
74.4,128.158397,37.938089,5381.059596,-34.39,34.531,341.299,1.0
74.5,128.158353,37.938252,5388.4537392,-34.972,35.383,340.318,1.0
74.6,128.158306,37.938411,5396.1892584,-36.743,36.228,339.308,1.0
74.7,128.158256,37.938569,5404.2515232000005,-39.495,37.066,338.233,1.0
74.8,128.158203,37.938724,5412.6228552,-42.972,37.877,337.055,1.0
74.9,128.158148,37.938876,5421.27948,-46.917,38.635,335.745,1.0
75.0,128.158089,37.939026,5430.196404,-51.103,39.314,334.284,1.0
75.1,128.158028,37.939173,5439.343756800001,-55.303,39.896,332.671,1.0
75.2,128.157963,37.939318,5448.6849624,-59.083,40.38,330.928,1.0
75.3,128.157895,37.93946,5458.1800920000005,-61.94,40.772,329.091,1.0
75.4,128.157824,37.939601,5467.8148200000005,-63.94,41.075,327.202,1.0
75.5,128.15775,37.939739,5477.584269600001,-65.328,41.307,325.304,1.0
75.6,128.157672,37.939875,5487.4847832000005,-66.36,41.493,323.423,1.0
75.7,128.157592,37.940008,5497.5117887999995,-67.241,41.655,321.567,1.0
75.8,128.157508,37.940138,5507.660714400001,-68.135,41.808,319.736,1.0
75.9,128.15742,37.940266,5517.9245496,-69.143,41.954,317.926,1.0
76.0,128.15733,37.940391,5528.296284000001,-70.315,42.095,316.127,1.0
76.1,128.157236,37.940513,5538.767383200001,-71.657,42.225,314.334,1.0
76.2,128.157139,37.940632,5549.327484,-73.134,42.338,312.54,1.0
76.3,128.15704,37.940748,5559.9659184,-74.65,42.427,310.745,1.0
76.4,128.156937,37.940861,5570.6720184000005,-76.102,42.488,308.949,1.0
76.5,128.156832,37.940972,5581.4372496000005,-77.455,42.52,307.16,1.0
76.6,128.156723,37.94108,5592.254601600001,-78.737,42.524,305.381,1.0
76.7,128.156612,37.941185,5603.1167592,-79.991,42.502,303.614,1.0
76.8,128.156499,37.941286,5614.0170167999995,-81.256,42.458,301.86,1.0
76.9,128.156382,37.941385,5624.9480592,-82.56,42.39,300.116,1.0
77.0,128.156263,37.941481,5635.902876,-83.919,42.298,298.382,1.0
77.1,128.156142,37.941574,5646.873542400001,-85.337,42.179,296.656,1.0
77.2,128.156017,37.941663,5657.852438400001,-86.817,42.032,294.937,1.0
77.3,128.155891,37.94175,5668.8310296,-88.352,41.852,293.227,1.0
77.4,128.155762,37.941833,5679.801086400001,-89.921,41.638,291.525,1.0
77.5,128.15563,37.941913,5690.753464800001,-91.487,41.39,289.833,1.0
77.6,128.155497,37.94199,5701.6805448000005,-93.006,41.105,288.153,1.0
77.7,128.155361,37.942064,5712.5731824,-94.436,40.785,286.489,1.0
77.8,128.155222,37.942135,5723.424672,-95.751,40.432,284.844,1.0
77.9,128.155082,37.942203,5734.227088799999,-96.936,40.049,283.22,1.0
78.0,128.15494,37.942267,5744.974641600001,-97.946,39.644,281.618,1.0
78.1,128.154796,37.942329,5755.661844,-98.754,39.223,280.04,1.0
78.2,128.154649,37.942387,5766.284428800001,-99.366,38.793,278.488,1.0
78.3,128.154502,37.942443,5776.838128800001,-99.811,38.359,276.962,1.0
78.4,128.154352,37.942495,5787.3189816,-100.162,37.927,275.461,1.0
78.5,128.154201,37.942544,5797.722720000001,-100.606,37.494,273.984,1.0
78.6,128.154048,37.94259,5808.042638400001,-101.357,37.052,272.527,1.0
78.7,128.153893,37.942632,5818.2735552,-102.421,36.596,271.079,1.0
78.8,128.153737,37.942671,5828.4102888,-103.682,36.12,269.638,1.0
78.9,128.15358,37.942706,5838.4446096,-105.146,35.609,268.207,1.0
79.0,128.153421,37.942738,5848.3621920000005,-107.045,35.046,266.797,1.0
79.1,128.153261,37.942766,5858.154196800001,-109.101,34.43,265.399,1.0
79.2,128.153099,37.942792,5867.8230624,-110.792,33.768,264.008,1.0
79.3,128.152937,37.942814,5877.359949600001,-112.154,33.058,262.644,1.0
79.4,128.152773,37.942833,5886.756933600001,-113.211,32.308,261.315,1.0
79.5,128.152608,37.942849,5896.00548,-114.032,31.53,260.022,1.0
79.6,128.152443,37.942862,5905.099188000001,-114.691,30.732,258.762,1.0
79.7,128.152276,37.942872,5914.02678,-115.376,29.918,257.532,1.0
79.8,128.152108,37.942878,5922.7705776,-116.412,29.078,256.333,1.0
79.9,128.15194,37.942881,5931.322960800001,-117.787,28.211,255.153,1.0
80.0,128.151771,37.94288,5939.675700000001,-119.447,27.307,253.99,1.0
80.1,128.151601,37.942876,5947.819041600001,-121.326,26.356,252.849,1.0
80.2,128.15143,37.942869,5955.7484136,-123.015,25.364,251.725,1.0
80.3,128.151259,37.942859,5963.4845424000005,-123.816,24.353,250.608,1.0
80.4,128.151087,37.942846,5971.021941600001,-124.118,23.32,249.521,1.0
80.5,128.150915,37.942831,5978.3520768,-124.088,22.285,248.464,1.0
80.6,128.150742,37.942813,5985.4618416,-124.002,21.259,247.437,1.0
80.7,128.150569,37.942791,5992.3247184,-124.318,20.235,246.439,1.0
80.8,128.150396,37.942767,5998.934001600001,-125.052,19.21,245.454,1.0
80.9,128.150223,37.942739,6005.284814400001,-126.165,18.171,244.478,1.0
81.0,128.150049,37.942708,6011.370756,-127.596,17.105,243.514,1.0
81.1,128.149876,37.942675,6017.184206400001,-129.273,16.002,242.568,1.0
81.2,128.149703,37.942638,6022.7242512,-130.792,14.864,241.638,1.0
81.3,128.14953,37.942599,6028.0286856,-131.278,13.716,240.704,1.0
81.4,128.149356,37.942558,6033.1225032,-130.731,12.571,239.777,1.0
81.5,128.149182,37.942515,6037.981320000001,-129.774,11.446,238.877,1.0
81.6,128.149009,37.942469,6042.5615496,-129.225,10.342,238.011,1.0
81.7,128.148836,37.942421,6046.8513048,-129.204,9.261,237.158,1.0
81.8,128.148664,37.942369,6050.8508904,-129.693,8.19,236.305,1.0
81.9,128.148492,37.942315,6054.559392000001,-130.632,7.113,235.453,1.0
82.0,128.148321,37.942259,6057.9752856000005,-131.939,6.017,234.609,1.0
82.1,128.14815,37.9422,6061.097047200001,-133.479,4.89,233.781,1.0
82.2,128.14798,37.942139,6063.927724800001,-134.98,3.729,232.973,1.0
82.3,128.147811,37.942076,6066.4737192,-136.079,2.542,232.185,1.0
82.4,128.147642,37.94201,6068.749660800001,-136.421,1.343,231.409,1.0
82.5,128.147473,37.941943,6070.758597600001,-135.96,0.149,230.644,1.0
82.6,128.147305,37.941874,6072.4858992,-135.036,-1.025,229.889,1.0
82.7,128.147138,37.941803,6073.9199832,-134.075,-2.173,229.14,1.0
82.8,128.146972,37.94173,6075.0538392,-133.406,-3.293,228.389,1.0
82.9,128.146807,37.941655,6075.8810664,-133.254,-4.39,227.633,1.0
83.0,128.146643,37.941578,6076.4004456,-133.611,-5.475,226.869,1.0
83.1,128.14648,37.941499,6076.6159392,-134.251,-6.556,226.099,1.0
83.2,128.146318,37.941418,6076.533948,-134.845,-7.638,225.324,1.0
83.3,128.146157,37.941335,6076.157215200001,-135.188,-8.722,224.547,1.0
83.4,128.145998,37.941251,6075.4805592,-135.301,-9.81,223.777,1.0
83.5,128.14584,37.941165,6074.499408,-135.264,-10.901,223.012,1.0
83.6,128.145683,37.941077,6073.210408800001,-135.13,-11.99,222.25,1.0
83.7,128.145527,37.940988,6071.6111232,-134.948,-13.075,221.486,1.0
83.8,128.145373,37.940897,6069.6991128,-134.762,-14.155,220.717,1.0
83.9,128.145221,37.940804,6067.472244,-134.604,-15.23,219.941,1.0
84.0,128.14507,37.94071,6064.9296024,-134.488,-16.299,219.155,1.0
84.1,128.144921,37.940614,6062.0699688,-134.41,-17.364,218.361,1.0
84.2,128.144773,37.940517,6058.8930384000005,-134.353,-18.427,217.556,1.0
84.3,128.144628,37.940418,6055.398506400001,-134.282,-19.488,216.742,1.0
84.4,128.144484,37.940318,6051.5882016000005,-134.13,-20.544,215.917,1.0
84.5,128.144342,37.940217,6047.463038400001,-133.818,-21.595,215.077,1.0
84.6,128.144203,37.940114,6043.0224072,-133.316,-22.636,214.222,1.0
84.7,128.144065,37.94001,6038.264174400001,-132.656,-23.664,213.348,1.0
84.8,128.14393,37.939905,6033.186815999999,-131.887,-24.677,212.451,1.0
84.9,128.143797,37.939799,6027.790027200001,-131.046,-25.672,211.529,1.0
85.0,128.143666,37.939692,6022.0741128,-130.154,-26.647,210.576,1.0
85.1,128.143538,37.939584,6016.041206400001,-129.214,-27.601,209.59,1.0
85.2,128.143413,37.939474,6009.69588,-128.212,-28.532,208.569,1.0
85.3,128.14329,37.939364,6003.0445344,-127.125,-29.439,207.51,1.0
85.4,128.14317,37.939253,5996.093570400001,-125.931,-30.318,206.415,1.0
85.5,128.143053,37.93914,5988.8496936,-124.598,-31.164,205.283,1.0
85.6,128.142938,37.939027,5981.3217432,-123.06,-31.972,204.114,1.0
85.7,128.142826,37.938913,5973.5203872,-121.221,-32.732,202.907,1.0
85.8,128.142717,37.938798,5965.4569032,-119.003,-33.433,201.663,1.0
85.9,128.14261,37.938683,5957.1398256,-116.4,-34.062,200.385,1.0
86.0,128.142506,37.938566,5948.5776888,-113.467,-34.608,199.078,1.0
86.1,128.142404,37.938449,5939.7784176000005,-110.284,-35.063,197.745,1.0
86.2,128.142305,37.93833,5930.7523752,-106.933,-35.419,196.39,1.0
86.3,128.142209,37.938211,5921.511144,-103.495,-35.672,195.021,1.0
86.4,128.142115,37.938091,5912.066001600001,-100.052,-35.823,193.646,1.0
86.5,128.142025,37.93797,5902.42914,-96.657,-35.874,192.276,1.0
86.6,128.141937,37.937848,5892.6124464,-93.291,-35.827,190.924,1.0
86.7,128.141852,37.937725,5882.6268936,-89.888,-35.685,189.616,1.0
86.8,128.141769,37.937601,5872.4837592,-86.376,-35.453,188.4,1.0
86.9,128.141688,37.937477,5862.1918824,-82.673,-35.137,187.301,1.0
87.0,128.14161,37.937351,5851.7604071999995,-78.737,-34.742,186.318,1.0
87.1,128.141534,37.937224,5841.1996968,-74.646,-34.274,185.442,1.0
87.2,128.14146,37.937096,5830.5201144,-70.553,-33.741,184.686,1.0
87.3,128.141388,37.936967,5819.7314136,-66.601,-33.159,184.079,1.0
87.4,128.141318,37.936837,5808.8436528,-62.885,-32.548,183.638,1.0
87.5,128.14125,37.936706,5797.8650615999995,-59.425,-31.92,183.343,1.0
87.6,128.141184,37.936573,5786.804479200001,-56.196,-31.28,183.164,1.0
87.7,128.141119,37.936439,5775.6698304,-53.135,-30.63,183.068,1.0
87.8,128.141057,37.936304,5764.46904,-50.153,-29.964,183.018,1.0
87.9,128.140996,37.936168,5753.2103376000005,-47.173,-29.275,182.987,1.0
88.0,128.140937,37.93603,5741.901648,-44.148,-28.569,182.979,1.0
88.1,128.140879,37.935892,5730.5515056,-41.051,-27.852,183.001,1.0
88.2,128.140823,37.935751,5719.1675304,-37.867,-27.132,183.063,1.0
88.3,128.140768,37.93561,5707.757952000001,-34.592,-26.409,183.167,1.0
88.4,128.140714,37.935466,5696.3306952,-31.228,-25.682,183.315,1.0
88.5,128.140661,37.935322,5684.8942944,-27.782,-24.943,183.503,1.0
88.6,128.14061,37.935176,5673.456979200001,-24.268,-24.184,183.73,1.0
88.7,128.14056,37.935029,5662.0281984,-20.703,-23.396,183.997,1.0
88.8,128.14051,37.93488,5650.6167912,-17.111,-22.568,184.303,1.0
88.9,128.140461,37.934729,5639.2334255999995,-13.518,-21.683,184.65,1.0
89.0,128.140413,37.934578,5627.889684000001,-9.955,-20.721,185.04,1.0
89.1,128.140366,37.934424,5616.5995872,-6.456,-19.659,185.481,1.0
89.2,128.140319,37.934269,5605.3783752,-3.061,-18.479,185.981,1.0
89.3,128.140272,37.934112,5594.2452504,0.176,-17.199,186.552,1.0
89.4,128.140225,37.933954,5583.2191104,3.201,-15.906,187.198,1.0
89.5,128.140178,37.933794,5572.318548,5.965,-14.675,187.91,1.0
89.6,128.140131,37.933632,5561.5783104,7.974,-13.521,188.632,1.0
89.7,128.140084,37.933469,5551.107516,7.74,-12.436,189.258,1.0
89.8,128.140036,37.933303,5541.009492,4.691,-11.394,189.756,1.0
89.9,128.139987,37.933135,5531.262292800001,1.078,-10.369,190.212,1.0
90.0,128.139938,37.932966,5521.7714304,-0.977,-9.341,190.623,1.0
90.1,128.139889,37.932795,5512.4783832,-1.244,-8.318,190.947,1.0
90.2,128.139839,37.932623,5503.3919904,0.122,-7.331,191.22,1.0
90.3,128.13979,37.93245,5494.5238344,2.794,-6.39,191.497,1.0
90.4,128.13974,37.932275,5485.9004328,6.172,-5.495,191.808,1.0
90.5,128.139689,37.932099,5477.5934136000005,8.581,-4.632,192.116,1.0
90.6,128.139637,37.931921,5469.7051896,7.941,-3.77,192.371,1.0
90.7,128.139585,37.931743,5462.3302488,4.739,-2.883,192.6,1.0
90.8,128.139531,37.931562,5455.4341488,1.055,-1.939,192.836,1.0
90.9,128.139477,37.931381,5448.9047232,-0.429,-0.928,193.089,1.0
91.0,128.139423,37.931199,5442.6331584,0.369,0.122,193.305,1.0
91.1,128.139369,37.931016,5436.6066528,2.944,1.157,193.514,1.0
91.2,128.139314,37.930831,5430.9041496,5.998,2.141,193.727,1.0
91.3,128.139258,37.930646,5425.616174400001,7.828,3.089,193.933,1.0
91.4,128.139201,37.930461,5420.8460544,6.999,4.04,194.104,1.0
91.5,128.139143,37.930275,5416.6379856,4.211,5.032,194.27,1.0
91.6,128.139085,37.930088,5412.886812,1.714,6.096,194.465,1.0
91.7,128.139027,37.929901,5409.472137600001,1.492,7.21,194.687,1.0
91.8,128.138968,37.929713,5406.3482424,3.005,8.326,194.883,1.0
91.9,128.138908,37.929525,5403.57822,5.126,9.399,195.063,1.0
92.0,128.138848,37.929336,5401.2227256,6.551,10.435,195.229,1.0
92.1,128.138788,37.929148,5399.373504,6.091,11.459,195.367,1.0
92.2,128.138726,37.92896,5398.0223256,4.472,12.508,195.518,1.0
92.3,128.138665,37.928772,5397.0676920000005,3.349,13.601,195.706,1.0
92.4,128.138602,37.928583,5396.429136,3.702,14.709,195.916,1.0
92.5,128.13854,37.928395,5396.130432,5.008,15.794,196.114,1.0
92.6,128.138477,37.928207,5396.219433600001,6.499,16.841,196.31,1.0
92.7,128.138414,37.928019,5396.7391176,7.419,17.866,196.507,1.0
92.8,128.13835,37.927832,5397.7294128,7.251,18.891,196.699,1.0
92.9,128.138285,37.927646,5399.1674592,6.362,19.941,196.901,1.0
93.0,128.138221,37.92746,5400.984372,5.74,21.017,197.127,1.0
93.1,128.138155,37.927275,5403.1450992,5.879,22.098,197.362,1.0
93.2,128.13809,37.92709,5405.6661,6.547,23.161,197.589,1.0
93.3,128.138024,37.926907,5408.5681008,7.385,24.203,197.814,1.0
93.4,128.137958,37.926724,5411.8660368,8.088,25.23,198.047,1.0
93.5,128.137891,37.926542,5415.5727096,8.413,26.254,198.287,1.0
93.6,128.137824,37.926361,5419.6862904,8.322,27.285,198.533,1.0
93.7,128.137757,37.926182,5424.193368,8.005,28.328,198.785,1.0
93.8,128.137689,37.926003,5429.0911992,7.563,29.382,199.028,1.0
93.9,128.137622,37.925826,5434.383746400001,6.968,30.443,199.25,1.0
94.0,128.137554,37.925651,5440.065523200001,6.287,31.514,199.448,1.0
94.1,128.137486,37.925477,5446.131348,5.616,32.596,199.619,1.0
94.2,128.137418,37.925304,5452.5873168,4.893,33.685,199.752,1.0
94.3,128.13735,37.925133,5459.4425736,3.974,34.784,199.842,1.0
94.4,128.137282,37.924964,5466.7077864,2.601,35.898,199.868,1.0
94.5,128.137215,37.924798,5474.426541600001,0.215,37.026,199.792,1.0
94.6,128.137149,37.924633,5482.608592800001,-3.209,38.181,199.595,1.0
94.7,128.137084,37.924471,5491.2362616,-7.385,39.366,199.245,1.0
94.8,128.13702,37.924311,5500.2894312,-12.034,40.572,198.698,1.0
94.9,128.136959,37.924153,5509.747070400001,-16.936,41.779,197.921,1.0
95.0,128.1369,37.923997,5519.586014400001,-21.935,42.964,196.897,1.0
95.1,128.136843,37.923843,5529.782184000001,-26.955,44.101,195.614,1.0
95.2,128.13679,37.923691,5540.3108904,-31.972,45.167,194.072,1.0
95.3,128.13674,37.923541,5551.1459208,-36.979,46.139,192.284,1.0
95.4,128.136694,37.923393,5562.2546616,-41.836,47.001,190.271,1.0
95.5,128.136651,37.923245,5573.5935264,-46.001,47.745,188.075,1.0
95.6,128.136612,37.923099,5585.114356800001,-48.835,48.389,185.773,1.0
95.7,128.136575,37.922954,5596.794292800001,-50.198,48.953,183.457,1.0
95.8,128.136542,37.92281,5608.638516,-50.457,49.464,181.212,1.0
95.9,128.136512,37.922667,5620.6583040000005,-50.109,49.967,179.103,1.0
96.0,128.136486,37.922526,5632.8646296,-49.668,50.494,177.138,1.0
96.1,128.136464,37.922387,5645.266941600001,-49.594,51.042,175.275,1.0
96.2,128.136446,37.922249,5657.8673736,-50.178,51.608,173.469,1.0
96.3,128.136433,37.922114,5670.6659256,-51.616,52.18,171.672,1.0
96.4,128.136423,37.921981,5683.654063200001,-53.934,52.741,169.84,1.0
96.5,128.136417,37.92185,5696.811060000001,-56.797,53.276,167.941,1.0
96.6,128.136415,37.921721,5710.1180184,-59.944,53.763,165.958,1.0
96.7,128.136417,37.921594,5723.558479200001,-63.173,54.181,163.888,1.0
96.8,128.136423,37.921469,5737.116288000001,-66.346,54.519,161.74,1.0
96.9,128.136432,37.921346,5750.777728800001,-69.39,54.774,159.531,1.0
97.0,128.136446,37.921225,5764.5293904,-72.277,54.948,157.278,1.0
97.1,128.136464,37.921106,5778.3584712,-74.993,55.045,154.998,1.0
97.2,128.136486,37.920989,5792.2521696,-77.531,55.075,152.708,1.0
97.3,128.136511,37.920874,5806.199208,-79.882,55.044,150.421,1.0
97.4,128.136541,37.920761,5820.1886136,-82.052,54.962,148.15,1.0
97.5,128.136575,37.92065,5834.210632800001,-84.081,54.836,145.901,1.0
97.6,128.136612,37.92054,5848.2561216,-86.008,54.674,143.678,1.0
97.7,128.136654,37.920433,5862.315936,-87.825,54.482,141.484,1.0
97.8,128.136699,37.920328,5876.3818464000005,-89.51,54.263,139.322,1.0
97.9,128.136748,37.920225,5890.446232800001,-91.051,54.023,137.195,1.0
98.0,128.1368,37.920123,5904.5023896,-92.446,53.765,135.106,1.0
98.1,128.136857,37.920024,5918.5442207999995,-93.699,53.494,133.057,1.0
98.2,128.136916,37.919927,5932.56624,-94.826,53.213,131.047,1.0
98.3,128.136979,37.919832,5946.563570400001,-95.851,52.927,129.076,1.0
98.4,128.137046,37.919738,5960.5313352,-96.798,52.636,127.142,1.0
98.5,128.137115,37.919647,5974.465572,-97.69,52.344,125.243,1.0
98.6,128.137188,37.919558,5988.362318400001,-98.543,52.049,123.377,1.0
98.7,128.137264,37.919472,6002.2173072,-99.372,51.753,121.541,1.0
98.8,128.137344,37.919387,6016.0274904,-100.187,51.453,119.734,1.0
98.9,128.137426,37.919305,6029.7889056,-101.002,51.147,117.955,1.0
99.0,128.137511,37.919225,6043.4975904,-101.822,50.834,116.203,1.0
99.1,128.137599,37.919147,6057.150801600001,-102.65,50.513,114.476,1.0
99.2,128.137689,37.919072,6070.7439672,-103.487,50.181,112.774,1.0
99.3,128.137783,37.918998,6084.2737344,-104.344,49.837,111.096,1.0
99.4,128.137879,37.918928,6097.7352264,-105.269,49.477,109.445,1.0
99.5,128.137978,37.91886,6111.1220424,-106.402,49.094,107.82,1.0
99.6,128.13808,37.918794,6124.4253432,-107.899,48.676,106.223,1.0
99.7,128.138184,37.918732,6137.6378136,-109.749,48.214,104.646,1.0
99.8,128.138292,37.918672,6150.752748,-111.796,47.701,103.088,1.0
99.9,128.138402,37.918614,6163.7637456,-113.853,47.132,101.555,1.0
100.0,128.138514,37.918559,6176.665015200001,-115.759,46.508,100.057,1.0
100.1,128.138629,37.918507,6189.451070400001,-117.402,45.831,98.6,1.0
100.2,128.138746,37.918457,6202.115815200001,-118.723,45.113,97.191,1.0
100.3,128.138865,37.918409,6214.6546776000005,-119.706,44.362,95.827,1.0
100.4,128.138987,37.918364,6227.063390400001,-120.358,43.593,94.506,1.0
100.5,128.139111,37.918321,6239.338600800001,-120.712,42.817,93.221,1.0
100.6,128.139236,37.91828,6251.477870400001,-120.817,42.045,91.966,1.0
100.7,128.139364,37.918242,6263.478456000001,-120.738,41.286,90.734,1.0
100.8,128.139494,37.918205,6275.3379192,-120.543,40.545,89.52,1.0
100.9,128.139626,37.918172,6287.054736,-120.302,39.826,88.318,1.0
101.0,128.13976,37.91814,6298.627382400001,-120.07,39.129,87.126,1.0
101.1,128.139895,37.918111,6310.0549439999995,-119.874,38.454,85.94,1.0
101.2,128.140032,37.918085,6321.337116,-119.723,37.798,84.759,1.0
101.3,128.140171,37.918061,6332.472984000001,-119.628,37.158,83.584,1.0
101.4,128.140311,37.918039,6343.459804800001,-119.618,36.53,82.417,1.0
101.5,128.140453,37.91802,6354.2942256,-119.743,35.908,81.26,1.0
101.6,128.140596,37.918004,6364.9719792000005,-120.038,35.285,80.115,1.0
101.7,128.14074,37.91799,6375.490627200001,-120.489,34.656,78.98,1.0
101.8,128.140885,37.917978,6385.8486456,-121.039,34.014,77.857,1.0
101.9,128.141032,37.91797,6396.044815200001,-121.617,33.358,76.746,1.0
102.0,128.14118,37.917963,6406.077002399999,-122.157,32.686,75.653,1.0
102.1,128.141329,37.91796,6415.9433784,-122.615,32.006,74.59,1.0
102.2,128.141479,37.917958,6425.641809600001,-122.966,31.324,73.569,1.0
102.3,128.141629,37.917959,6435.1698576,-123.2,30.644,72.588,1.0
102.4,128.141781,37.917963,6444.526608,-123.32,29.967,71.64,1.0
102.5,128.141934,37.917969,6453.7105368,-123.335,29.292,70.714,1.0
102.6,128.142087,37.917977,6462.7213392,-123.258,28.618,69.803,1.0
102.7,128.142241,37.917988,6471.559624800001,-123.102,27.947,68.9,1.0
102.8,128.142395,37.918001,6480.2266128,-122.881,27.277,68.0,1.0
102.9,128.14255,37.918016,6488.7229128,-122.611,26.612,67.1,1.0
103.0,128.142706,37.918033,6497.049744,-122.307,25.951,66.196,1.0
103.1,128.142862,37.918053,6505.207411200001,-121.988,25.293,65.287,1.0
103.2,128.143018,37.918075,6513.1953048000005,-121.667,24.639,64.37,1.0
103.3,128.143175,37.918099,6521.0131200000005,-121.353,23.988,63.443,1.0
103.4,128.143332,37.918125,6528.659942400001,-121.048,23.338,62.506,1.0
103.5,128.143489,37.918153,6536.1351624,-120.751,22.69,61.558,1.0
103.6,128.143646,37.918184,6543.4387799999995,-120.457,22.044,60.6,1.0
103.7,128.143803,37.918217,6550.5701856000005,-120.16,21.402,59.639,1.0
103.8,128.143961,37.918252,6557.5287696000005,-119.851,20.773,58.692,1.0
103.9,128.144118,37.918289,6564.3142272000005,-119.514,20.172,57.786,1.0
104.0,128.144275,37.918329,6570.927777600001,-119.137,19.608,56.935,1.0
104.1,128.144432,37.91837,6577.3697256,-118.721,19.069,56.12,1.0
104.2,128.144588,37.918414,6583.6406808,-118.287,18.545,55.319,1.0
104.3,128.144744,37.91846,6589.7412527999995,-117.861,18.022,54.512,1.0
104.4,128.1449,37.918508,6595.672051200001,-117.468,17.496,53.689,1.0
104.5,128.145056,37.918558,6601.433076,-117.118,16.963,52.843,1.0
104.6,128.145211,37.91861,6607.024632000001,-116.812,16.42,51.975,1.0
104.7,128.145365,37.918664,6612.447024000001,-116.543,15.869,51.085,1.0
104.8,128.145519,37.918721,6617.699947200001,-116.298,15.31,50.177,1.0
104.9,128.145672,37.918779,6622.784011200001,-116.062,14.742,49.252,1.0
105.0,128.145825,37.91884,6627.6979968000005,-115.828,14.169,48.316,1.0
105.1,128.145976,37.918902,6632.4415992,-115.619,13.59,47.374,1.0
105.2,128.146127,37.918967,6637.01238,-115.505,13.004,46.431,1.0
105.3,128.146277,37.919034,6641.4088152,-115.527,12.411,45.492,1.0
105.4,128.146426,37.919103,6645.6306,-115.646,11.809,44.552,1.0
105.5,128.146574,37.919174,6649.6771248000005,-115.793,11.196,43.612,1.0
105.6,128.146721,37.919247,6653.54778,-115.897,10.573,42.671,1.0
105.7,128.146867,37.919322,6657.242260800001,-115.905,9.941,41.733,1.0
105.8,128.147012,37.919399,6660.7599576,-115.779,9.304,40.797,1.0
105.9,128.147155,37.919478,6664.100565600001,-115.498,8.666,39.866,1.0
106.0,128.147298,37.919559,6667.2640848,-115.052,8.033,38.939,1.0
106.1,128.147439,37.919642,6670.251124800001,-114.447,7.411,38.018,1.0
106.2,128.147578,37.919727,6673.0622952,-113.702,6.805,37.1,1.0
106.3,128.147717,37.919813,6675.699424800001,-112.848,6.218,36.182,1.0
106.4,128.147853,37.919901,6678.163732800001,-111.916,5.655,35.263,1.0
106.5,128.147989,37.919992,6680.4576576,-110.933,5.118,34.341,1.0
106.6,128.148123,37.920084,6682.583637600001,-109.919,4.608,33.414,1.0
106.7,128.148255,37.920178,6684.544416,-108.889,4.128,32.485,1.0
106.8,128.148385,37.920273,6686.3436504,-107.847,3.679,31.554,1.0
106.9,128.148514,37.92037,6687.9843888,-106.79,3.262,30.625,1.0
107.0,128.148641,37.92047,6689.4702888,-105.715,2.876,29.698,1.0
107.1,128.148766,37.92057,6690.8053128,-104.614,2.521,28.777,1.0
107.2,128.14889,37.920673,6691.9934232000005,-103.484,2.197,27.862,1.0
107.3,128.149012,37.920777,6693.037972800001,-102.321,1.903,26.953,1.0
107.4,128.149131,37.920883,6693.9438384000005,-101.127,1.637,26.05,1.0
107.5,128.149249,37.92099,6694.715287200001,-99.904,1.4,25.15,1.0
107.6,128.149365,37.921099,6695.3562816,-98.656,1.19,24.253,1.0
107.7,128.149479,37.921209,6695.8713935999995,-97.388,1.006,23.355,1.0
107.8,128.149591,37.921322,6696.2658048,-96.098,0.848,22.452,1.0
107.9,128.149701,37.921435,6696.5437824,-94.769,0.717,21.536,1.0
108.0,128.149808,37.92155,6696.7108128,-93.382,0.613,20.599,1.0
108.1,128.149914,37.921667,6696.771772800001,-91.927,0.537,19.641,1.0
108.2,128.150018,37.921785,6696.732453600001,-90.415,0.492,18.666,1.0
108.3,128.150119,37.921905,6696.5980368,-88.875,0.479,17.691,1.0
108.4,128.150218,37.922026,6696.375228000001,-87.337,0.498,16.724,1.0
108.5,128.150314,37.922148,6696.0695136,-85.814,0.549,15.771,1.0
108.6,128.150409,37.922271,6695.6872944,-84.294,0.633,14.834,1.0
108.7,128.150501,37.922396,6695.2349712,-82.751,0.749,13.914,1.0
108.8,128.15059,37.922523,6694.7180304,-81.178,0.895,13.013,1.0
108.9,128.150678,37.92265,6694.1440920000005,-79.591,1.071,12.13,1.0
109.0,128.150762,37.922779,6693.519252000001,-78.025,1.275,11.266,1.0
109.1,128.150845,37.922909,6692.8514352,-76.514,1.505,10.419,1.0
109.2,128.150925,37.92304,6692.147347200001,-75.085,1.76,9.589,1.0
109.3,128.151002,37.923172,6691.4136935999995,-73.755,2.036,8.773,1.0
109.4,128.151077,37.923306,6690.6568752,-72.524,2.332,7.97,1.0
109.5,128.151149,37.92344,6689.883597600001,-71.386,2.644,7.179,1.0
109.6,128.151218,37.923576,6689.099347200001,-70.329,2.97,6.397,1.0
109.7,128.151286,37.923713,6688.309610400001,-69.334,3.308,5.625,1.0
109.8,128.15135,37.92385,6687.520483200001,-68.383,3.655,4.86,1.0
109.9,128.151412,37.923989,6686.736537600001,-67.459,4.009,4.102,1.0
110.0,128.151471,37.924129,6685.9635648,-66.552,4.371,3.35,1.0
110.1,128.151527,37.924269,6685.2067464,-65.663,4.738,2.605,1.0
110.2,128.151581,37.92441,6684.471264000001,-64.797,5.11,1.865,1.0
110.3,128.151632,37.924553,6683.7632136,-63.967,5.488,1.13,1.0
110.4,128.151681,37.924696,6683.087472,-63.199,5.87,0.399,1.0
110.5,128.151727,37.92484,6682.4507448,-62.529,6.254,359.67,1.0
110.6,128.151769,37.924984,6681.8588232,-62.001,6.639,358.941,1.0
110.7,128.15181,37.925129,6681.3168888,-61.657,7.023,358.209,1.0
110.8,128.151847,37.925275,6680.8298184000005,-61.515,7.403,357.47,1.0
110.9,128.151881,37.925422,6680.400964800001,-61.563,7.775,356.719,1.0
111.0,128.151912,37.925569,6680.032156800001,-61.779,8.136,355.953,1.0
111.1,128.151941,37.925716,6679.7264424,-62.158,8.481,355.168,1.0
111.2,128.151966,37.925864,6679.485650400001,-62.701,8.806,354.36,1.0
111.3,128.151988,37.926013,6679.3097808,-63.398,9.107,353.526,1.0
111.4,128.152008,37.926161,6679.1988336,-64.228,9.38,352.663,1.0
111.5,128.152024,37.926311,6679.1518944,-65.18,9.622,351.768,1.0
111.6,128.152036,37.92646,6679.1674391999995,-66.27,9.828,350.838,1.0
111.7,128.152046,37.92661,6679.2433344,-67.498,9.994,349.873,1.0
111.8,128.152052,37.92676,6679.373484000001,-68.792,10.12,348.872,1.0
111.9,128.152054,37.92691,6679.552706400001,-70.084,10.204,347.836,1.0
112.0,128.152054,37.92706,6679.7749056,-71.324,10.245,346.767,1.0
112.1,128.152049,37.927211,6680.0324616,-72.382,10.251,345.673,1.0
112.2,128.152042,37.927361,6680.315316,-73.001,10.235,344.561,1.0
112.3,128.152032,37.927511,6680.6207256,-73.169,10.202,343.443,1.0
112.4,128.152018,37.927662,6680.950214400001,-73.065,10.154,342.328,1.0
112.5,128.152,37.927812,6681.3077448,-72.977,10.098,341.222,1.0
112.6,128.151979,37.927962,6681.6933168,-73.031,10.04,340.123,1.0
112.7,128.151955,37.928112,6682.1063208,-73.256,9.986,339.029,1.0
112.8,128.151927,37.928261,6682.544928,-73.657,9.936,337.937,1.0
112.9,128.151896,37.928411,6683.007004800001,-74.219,9.885,336.843,1.0
113.0,128.151861,37.928559,6683.4888936,-74.898,9.829,335.745,1.0
113.1,128.151822,37.928708,6683.987241600001,-75.655,9.763,334.641,1.0
113.2,128.15178,37.928856,6684.4977816,-76.448,9.684,333.531,1.0
113.3,128.151735,37.929003,6685.016856000001,-77.232,9.587,332.416,1.0
113.4,128.151686,37.92915,6685.539588000001,-77.965,9.473,331.296,1.0
113.5,128.151634,37.929296,6686.062624800001,-78.636,9.341,330.172,1.0
113.6,128.151578,37.929441,6686.5829184,-79.266,9.191,329.046,1.0
113.7,128.151519,37.929586,6687.097116,-79.893,9.023,327.918,1.0
113.8,128.151456,37.92973,6687.602169600001,-80.551,8.839,326.788,1.0
113.9,128.15139,37.929873,6688.0941168,-81.25,8.638,325.656,1.0
114.0,128.15132,37.930015,6688.5693,-81.983,8.422,324.522,1.0
114.1,128.151247,37.930156,6689.0231472000005,-82.74,8.189,323.386,1.0
114.2,128.15117,37.930296,6689.451696,-83.512,7.938,322.247,1.0
114.3,128.15109,37.930435,6689.850069600001,-84.29,7.669,321.107,1.0
114.4,128.151007,37.930573,6690.2143056,-85.068,7.382,319.964,1.0
114.5,128.15092,37.930709,6690.5395272000005,-85.839,7.076,318.82,1.0
114.6,128.150829,37.930845,6690.8208576,-86.6,6.751,317.675,1.0
114.7,128.150736,37.930979,6691.0543344,-87.349,6.408,316.53,1.0
114.8,128.150639,37.931112,6691.234776,-88.086,6.047,315.385,1.0
114.9,128.150539,37.931243,6691.357915200001,-88.813,5.669,314.241,1.0
115.0,128.150435,37.931373,6691.4188752,-89.53,5.275,313.098,1.0
115.1,128.150328,37.931502,6691.413084000001,-90.24,4.865,311.956,1.0
115.2,128.150218,37.931629,6691.336274400001,-90.945,4.441,310.815,1.0
115.3,128.150105,37.931754,6691.183569600001,-91.645,4.002,309.676,1.0
115.4,128.149988,37.931878,6690.9503976000005,-92.343,3.549,308.538,1.0
115.5,128.149869,37.932,6690.6321864,-93.039,3.083,307.403,1.0
115.6,128.149746,37.93212,6690.224364000001,-93.734,2.604,306.269,1.0
115.7,128.149621,37.932238,6689.7220536,-94.426,2.111,305.137,1.0
115.8,128.149492,37.932355,6689.120988000001,-95.117,1.604,304.007,1.0
115.9,128.149361,37.93247,6688.4162904,-95.804,1.084,302.879,1.0
116.0,128.149226,37.932582,6687.6033888,-96.487,0.549,301.754,1.0
116.1,128.149089,37.932693,6686.677406400001,-97.166,0.001,300.63,1.0
116.2,128.148949,37.932802,6685.6337712,-97.841,-0.561,299.508,1.0
116.3,128.148806,37.932909,6684.467911200001,-98.511,-1.138,298.388,1.0
116.4,128.148661,37.933014,6683.1752544,-99.175,-1.729,297.27,1.0
116.5,128.148512,37.933116,6681.750619200001,-99.835,-2.334,296.154,1.0
116.6,128.148362,37.933216,6680.1900432,-100.49,-2.953,295.041,1.0
116.7,128.148209,37.933314,6678.4883448,-101.141,-3.586,293.929,1.0
116.8,128.148053,37.93341,6676.640952000001,-101.788,-4.233,292.819,1.0
116.9,128.147895,37.933504,6674.6429880000005,-102.433,-4.894,291.711,1.0
117.0,128.147735,37.933595,6672.490185600001,-103.074,-5.568,290.604,1.0
117.1,128.147572,37.933683,6670.177668,-103.714,-6.256,289.5,1.0
117.2,128.147407,37.93377,6667.700863200001,-104.351,-6.958,288.397,1.0
117.3,128.14724,37.933853,6665.0548944,-104.987,-7.673,287.295,1.0
117.4,128.147071,37.933935,6662.2351896,-105.622,-8.403,286.196,1.0
117.5,128.146901,37.934013,6659.236872,-106.257,-9.147,285.097,1.0
117.6,128.146728,37.934089,6656.0556744000005,-106.892,-9.904,284.0,1.0
117.7,128.146553,37.934163,6652.686720000001,-107.528,-10.676,282.904,1.0
117.8,128.146377,37.934234,6649.125132,-108.166,-11.461,281.81,1.0
117.9,128.1462,37.934302,6645.3666432,-108.805,-12.261,280.716,1.0
118.0,128.14602,37.934368,6641.406072,-109.431,-13.073,279.623,1.0
118.1,128.14584,37.934431,6637.238236800001,-110.008,-13.897,278.53,1.0
118.2,128.145658,37.934491,6632.858260800001,-110.513,-14.732,277.436,1.0
118.3,128.145474,37.934548,6628.2606576,-110.928,-15.574,276.339,1.0
118.4,128.14529,37.934602,6623.44116,-111.243,-16.422,275.239,1.0
118.5,128.145105,37.934654,6618.395805600001,-111.455,-17.272,274.131,1.0
118.6,128.144918,37.934702,6613.120632,-111.567,-18.12,273.015,1.0
118.7,128.144731,37.934748,6607.612591200001,-111.586,-18.964,271.887,1.0
118.8,128.144543,37.934791,6601.86894,-111.528,-19.801,270.746,1.0
118.9,128.144354,37.93483,6595.8869352,-111.409,-20.63,269.59,1.0
119.0,128.144165,37.934866,6589.6650528,-111.249,-21.449,268.418,1.0
119.1,128.143976,37.934899,6583.2008544,-111.081,-22.258,267.228,1.0
119.2,128.143786,37.934929,6576.492511200001,-110.978,-23.06,266.021,1.0
119.3,128.143596,37.934955,6569.535756000001,-111.064,-23.862,264.796,1.0
119.4,128.143406,37.934978,6562.3269312,-111.436,-24.67,263.555,1.0
119.5,128.143217,37.934997,6554.863293599999,-112.069,-25.493,262.294,1.0
119.6,128.143027,37.935013,6547.1411856,-112.915,-26.339,261.015,1.0
119.7,128.142838,37.935026,6539.1566448,-113.923,-27.217,259.721,1.0
119.8,128.14265,37.935035,6530.9044896,-115.045,-28.133,258.415,1.0
119.9,128.142462,37.935041,6522.3795384000005,-116.237,-29.091,257.101,1.0
120.0,128.142276,37.935043,6513.5753904,-117.472,-30.096,255.784,1.0
120.1,128.14209,37.935042,6504.486559200001,-118.729,-31.148,254.465,1.0
120.2,128.141906,37.935038,6495.1063392,-119.996,-32.248,253.148,1.0
120.3,128.141723,37.935031,6485.4289392,-121.263,-33.392,251.835,1.0
120.4,128.141542,37.935021,6475.4513112,-122.476,-34.578,250.523,1.0
120.5,128.141362,37.935008,6465.1728456,-123.5,-35.796,249.211,1.0
120.6,128.141184,37.934993,6454.591104,-124.283,-37.037,247.898,1.0
120.7,128.141008,37.934975,6443.699076,-124.9,-38.295,246.583,1.0
120.8,128.140835,37.934954,6432.488532,-125.513,-39.564,245.267,1.0
120.9,128.140664,37.934931,6420.953376,-126.252,-40.847,243.944,1.0
121.0,128.140495,37.934905,6409.0923888,-127.14,-42.143,242.608,1.0
121.1,128.14033,37.934876,6396.904046400001,-128.173,-43.455,241.257,1.0
121.2,128.140167,37.934845,6384.389263200001,-129.312,-44.788,239.892,1.0
121.3,128.140007,37.934813,6371.5501728,-130.445,-46.144,238.515,1.0
121.4,128.139851,37.934778,6358.3895184,-131.464,-47.522,237.126,1.0
121.5,128.139697,37.934741,6344.909738400001,-132.282,-48.915,235.727,1.0
121.6,128.139547,37.934703,6331.1141856,-132.823,-50.316,234.311,1.0
121.7,128.1394,37.934663,6317.007432,-133.005,-51.709,232.874,1.0
121.8,128.139256,37.934622,6302.5946592,-132.807,-53.063,231.438,1.0
121.9,128.139116,37.93458,6287.8798295999995,-132.319,-54.333,230.06,1.0
122.0,128.13898,37.934536,6272.8675152000005,-131.657,-55.493,228.772,1.0
122.1,128.138847,37.934492,6257.562897600001,-130.866,-56.571,227.52,1.0
122.2,128.138717,37.934446,6241.9711584,-129.959,-57.603,226.222,1.0
122.3,128.138592,37.934399,6226.096869600001,-128.948,-58.609,224.821,1.0
122.4,128.13847,37.934351,6209.9452128,-127.84,-59.602,223.272,1.0
122.5,128.138352,37.934302,6193.5210648,-126.623,-60.587,221.546,1.0
122.6,128.138238,37.934253,6176.8308264,-125.242,-61.563,219.617,1.0
122.7,128.138128,37.934202,6159.879984000001,-123.631,-62.528,217.462,1.0
122.8,128.138022,37.934151,6142.675243199999,-121.719,-63.469,215.073,1.0
122.9,128.137919,37.934099,6125.2227,-119.433,-64.366,212.468,1.0
123.0,128.137821,37.934046,6107.5296696000005,-116.707,-65.19,209.693,1.0
123.1,128.137726,37.933992,6089.6034672,-113.529,-65.922,206.79,1.0
123.2,128.137636,37.933938,6071.449579200001,-109.98,-66.554,203.781,1.0
123.3,128.13755,37.933883,6053.0756255999995,-106.167,-67.08,200.671,1.0
123.4,128.137468,37.933827,6034.4895312,-102.2,-67.498,197.466,1.0
123.5,128.13739,37.933771,6015.6998304,-98.176,-67.807,194.18,1.0
123.6,128.137318,37.933714,5996.7162768,-94.162,-68.005,190.839,1.0
123.7,128.137249,37.933656,5977.548624000001,-90.198,-68.096,187.481,1.0
123.8,128.137185,37.933597,5958.2066256,-86.305,-68.083,184.153,1.0
123.9,128.137126,37.933537,5938.70034,-82.497,-67.973,180.908,1.0
124.0,128.137072,37.933477,5919.0395208,-78.783,-67.774,177.786,1.0
124.1,128.137022,37.933415,5899.2339216,-75.167,-67.495,174.811,1.0
124.2,128.136977,37.933353,5879.293296000001,-71.644,-67.143,171.998,1.0
124.3,128.136936,37.93329,5859.227397600001,-68.205,-66.723,169.35,1.0
124.4,128.1369,37.933225,5839.0468944,-64.857,-66.24,166.859,1.0
124.5,128.136868,37.93316,5818.7621496,-61.615,-65.696,164.518,1.0
124.6,128.136842,37.933094,5798.3835264,-58.497,-65.094,162.32,1.0
124.7,128.136819,37.933027,5777.9226072,-55.526,-64.437,160.257,1.0
124.8,128.136802,37.932959,5757.3906696,-52.724,-63.728,158.324,1.0
124.9,128.136789,37.932889,5736.7989912,-50.104,-62.972,156.513,1.0
125.0,128.136781,37.932819,5716.1585448000005,-47.668,-62.173,154.822,1.0
125.1,128.136778,37.932747,5695.4812176000005,-45.412,-61.336,153.242,1.0
125.2,128.13678,37.932674,5674.777982400001,-43.331,-60.465,151.765,1.0
125.3,128.136786,37.9326,5654.061336,-41.421,-59.566,150.382,1.0
125.4,128.136797,37.932524,5633.342251200001,-39.677,-58.64,149.084,1.0
125.5,128.136813,37.932447,5612.633224800001,-38.088,-57.692,147.862,1.0
125.6,128.136834,37.932369,5591.9458392,-36.64,-56.723,146.708,1.0
125.7,128.13686,37.932289,5571.292896000001,-35.322,-55.732,145.606,1.0
125.8,128.136891,37.932208,5550.687806400001,-34.125,-54.711,144.541,1.0
125.9,128.136926,37.932126,5530.1436768,-33.045,-53.658,143.502,1.0
126.0,128.136967,37.932042,5509.6745280000005,-32.073,-52.578,142.491,1.0
126.1,128.137013,37.931957,5489.291942400001,-31.188,-51.488,141.522,1.0
126.2,128.137064,37.931871,5469.007197600001,-30.348,-50.404,140.609,1.0
126.3,128.13712,37.931783,5448.8291328000005,-29.489,-49.345,139.767,1.0
126.4,128.13718,37.931695,5428.765368,-28.549,-48.325,139.004,1.0
126.5,128.137246,37.931604,5408.8241328,-27.501,-47.341,138.318,1.0
126.6,128.137316,37.931513,5389.014876,-26.362,-46.38,137.693,1.0
126.7,128.137391,37.93142,5369.347656000001,-25.179,-45.425,137.119,1.0
126.8,128.137471,37.931326,5349.8325312,-23.993,-44.464,136.586,1.0
126.9,128.137556,37.931231,5330.4789504,-22.837,-43.489,136.092,1.0
127.0,128.137645,37.931134,5311.296972,-21.727,-42.498,135.634,1.0
127.1,128.137738,37.931036,5292.2954352,-20.67,-41.492,135.209,1.0
127.2,128.137836,37.930937,5273.4847032,-19.668,-40.471,134.816,1.0
127.3,128.137939,37.930836,5254.873615200001,-18.715,-39.44,134.455,1.0
127.4,128.138046,37.930734,5236.471924800001,-17.803,-38.401,134.124,1.0
127.5,128.138157,37.930631,5218.2893856,-16.928,-37.356,133.819,1.0
127.6,128.138272,37.930526,5200.3357512,-16.089,-36.305,133.541,1.0
127.7,128.138391,37.93042,5182.6207752,-15.284,-35.248,133.286,1.0
127.8,128.138515,37.930313,5165.154211200001,-14.511,-34.188,133.053,1.0
127.9,128.138642,37.930204,5147.945508,-13.767,-33.123,132.841,1.0
128.0,128.138773,37.930094,5131.004114400001,-13.048,-32.054,132.648,1.0
128.1,128.138909,37.929982,5114.339174400001,-12.349,-30.981,132.474,1.0
128.2,128.139048,37.929869,5097.9604416,-11.665,-29.904,132.317,1.0
128.3,128.13919,37.929755,5081.8764504,-10.993,-28.824,132.177,1.0
128.4,128.139336,37.929639,5066.0963448,-10.33,-27.741,132.053,1.0
128.5,128.139486,37.929522,5050.628964,-9.67,-26.656,131.946,1.0
128.6,128.139639,37.929404,5035.4831472000005,-9.013,-25.568,131.854,1.0
128.7,128.139795,37.929284,5020.666819200001,-8.357,-24.479,131.778,1.0
128.8,128.139955,37.929163,5006.189124,-7.703,-23.388,131.717,1.0
128.9,128.140118,37.92904,4992.0579864,-7.049,-22.296,131.672,1.0
129.0,128.140284,37.928917,4978.2813312,-6.393,-21.203,131.643,1.0
129.1,128.140452,37.928792,4964.8664736,-5.735,-20.11,131.629,1.0
129.2,128.140624,37.928665,4951.821948000001,-5.078,-19.017,131.63,1.0
129.3,128.140798,37.928537,4939.154460000001,-4.421,-17.925,131.646,1.0
129.4,128.140975,37.928408,4926.870105600001,-3.757,-16.836,131.679,1.0
129.5,128.141154,37.928278,4914.9752856000005,-3.078,-15.749,131.727,1.0
129.6,128.141335,37.928146,4903.475486400001,-2.378,-14.665,131.792,1.0
129.7,128.141519,37.928013,4892.3764992,-1.656,-13.584,131.873,1.0
129.8,128.141705,37.927879,4881.682896,-0.907,-12.508,131.972,1.0
129.9,128.141893,37.927743,4871.4001632,-0.131,-11.435,132.089,1.0
130.0,128.142083,37.927607,4861.5322632,0.67,-10.367,132.225,1.0
130.1,128.142274,37.927469,4852.083463200001,1.5,-9.302,132.38,1.0
130.2,128.142467,37.927329,4843.057420800001,2.354,-8.242,132.554,1.0
130.3,128.142661,37.927189,4834.4580984,3.23,-7.186,132.749,1.0
130.4,128.142856,37.927047,4826.2882392,4.129,-6.135,132.965,1.0
130.5,128.143053,37.926904,4818.5502816,5.05,-5.089,133.202,1.0
130.6,128.143251,37.92676,4811.2469688,5.994,-4.049,133.461,1.0
130.7,128.143449,37.926615,4804.37952,6.959,-3.016,133.741,1.0
130.8,128.143648,37.926468,4797.950373600001,7.938,-1.991,134.044,1.0
130.9,128.143847,37.92632,4791.9631872,8.902,-0.985,134.364,1.0
131.0,128.144047,37.926171,4786.4258856,9.746,-0.024,134.69,1.0
131.1,128.144247,37.926021,4781.3482224,10.309,0.881,135.011,1.0
131.2,128.144447,37.925869,4776.7292832,10.551,1.769,135.331,1.0
131.3,128.144647,37.925716,4772.5590096000005,10.598,2.663,135.656,1.0
131.4,128.144847,37.925563,4768.828562400001,10.576,3.555,135.978,1.0
131.5,128.145046,37.925408,4765.5324552,10.549,4.441,136.291,1.0
131.6,128.145245,37.925253,4762.6658112000005,10.542,5.321,136.595,1.0
131.7,128.145444,37.925096,4760.224972800001,10.56,6.194,136.891,1.0
131.8,128.145642,37.924939,4758.2062824,10.607,7.062,137.178,1.0
131.9,128.145839,37.924781,4756.605777600001,10.683,7.925,137.461,1.0
132.0,128.146036,37.924622,4755.4198008,10.788,8.783,137.74,1.0
132.1,128.146232,37.924462,4754.6440848,10.923,9.637,138.016,1.0
132.2,128.146428,37.924302,4754.274972,11.088,10.489,138.291,1.0
132.3,128.146623,37.924142,4754.3078904,11.29,11.337,138.567,1.0
132.4,128.146817,37.92398,4754.7379632,11.547,12.185,138.847,1.0
132.5,128.147009,37.923819,4755.5636664,11.845,13.035,139.13,1.0
132.6,128.147201,37.923656,4756.785,12.126,13.894,139.417,1.0
132.7,128.147392,37.923494,4758.4047072,12.321,14.77,139.707,1.0
132.8,128.147581,37.923331,4760.422788,12.393,15.666,140.002,1.0
132.9,128.14777,37.923167,4762.838328000001,12.35,16.581,140.299,1.0
133.0,128.147956,37.923004,4765.6473648,12.238,17.51,140.598,1.0
133.1,128.148142,37.92284,4768.8462408000005,12.115,18.448,140.897,1.0
133.2,128.148326,37.922676,4772.4309936,12.037,19.391,141.195,1.0
133.3,128.148508,37.922512,4776.3976608,12.043,20.334,141.492,1.0
133.4,128.148689,37.922348,4780.743804,12.157,21.277,141.791,1.0
133.5,128.148869,37.922184,4785.4669848,12.383,22.221,142.094,1.0
133.6,128.149046,37.922021,4790.5668984,12.697,23.174,142.405,1.0
133.7,128.149222,37.921857,4796.0490312,13.005,24.168,142.728,1.0
133.8,128.149396,37.921693,4801.9191744,13.18,25.234,143.071,1.0
133.9,128.149568,37.92153,4808.175804,13.254,26.349,143.436,1.0
134.0,128.149738,37.921368,4814.8116048,13.37,27.47,143.816,1.0
134.1,128.149906,37.921206,4821.822919200001,13.612,28.578,144.204,1.0
134.2,128.150071,37.921044,4829.2082232,14.003,29.667,144.599,1.0
134.3,128.150235,37.920883,4836.9650784000005,14.538,30.738,145.007,1.0
134.4,128.150395,37.920722,4845.091046400001,15.199,31.792,145.432,1.0
134.5,128.150554,37.920563,4853.5824696,15.964,32.831,145.878,1.0
134.6,128.15071,37.920403,4862.434776,16.813,33.855,146.351,1.0
134.7,128.150863,37.920245,4871.642784000001,17.729,34.861,146.852,1.0
134.8,128.151013,37.920087,4881.2007024,18.697,35.847,147.383,1.0
134.9,128.151161,37.919931,4891.1015208,19.704,36.809,147.943,1.0
135.0,128.151305,37.919775,4901.337314400001,20.734,37.742,148.53,1.0
135.1,128.151447,37.91962,4911.9001584,21.772,38.638,149.142,1.0
135.2,128.151586,37.919465,4922.782432800001,22.789,39.505,149.775,1.0
135.3,128.151721,37.919312,4933.9783464,23.718,40.347,150.429,1.0
135.4,128.151853,37.91916,4945.4793647999995,24.507,41.152,151.09,1.0
135.5,128.151982,37.919008,4957.276648800001,25.133,41.913,151.748,1.0
135.6,128.152107,37.918858,4969.3595304,25.592,42.625,152.393,1.0
135.7,128.15223,37.918708,4981.7173416000005,25.895,43.287,153.016,1.0
135.8,128.152349,37.91856,4994.3391096000005,26.066,43.904,153.613,1.0
135.9,128.152465,37.918413,5007.2132520000005,26.134,44.479,154.181,1.0
136.0,128.152577,37.918266,5020.3281864,26.13,45.019,154.721,1.0
136.1,128.152687,37.918121,5033.6723304,26.079,45.527,155.234,1.0
136.2,128.152794,37.917977,5047.235016,25.999,46.01,155.723,1.0
136.3,128.152898,37.917834,5061.00588,25.9,46.47,156.187,1.0
136.4,128.152999,37.917692,5074.974864000001,25.789,46.912,156.632,1.0
136.5,128.153097,37.917551,5089.131909600001,25.67,47.343,157.062,1.0
136.6,128.153193,37.917411,5103.468177600001,25.549,47.769,157.482,1.0
136.7,128.153286,37.917272,5117.974828800001,25.424,48.19,157.894,1.0
136.8,128.153377,37.917135,5132.6439384000005,25.296,48.606,158.297,1.0
136.9,128.153465,37.916998,5147.467886400001,25.162,49.016,158.692,1.0
137.0,128.153551,37.916863,5162.4393576,25.022,49.418,159.077,1.0
137.1,128.153635,37.916728,5177.5516464,24.873,49.813,159.455,1.0
137.2,128.153717,37.916595,5192.798047200001,24.715,50.202,159.824,1.0
137.3,128.153796,37.916462,5208.173073600001,24.55,50.581,160.185,1.0
137.4,128.153874,37.916331,5223.6700200000005,24.386,50.948,160.534,1.0
137.5,128.153949,37.916201,5239.2837048,24.231,51.303,160.874,1.0
137.6,128.154022,37.916072,5255.008032000001,24.088,51.648,161.205,1.0
137.7,128.154094,37.915944,5270.8381248000005,23.959,51.982,161.527,1.0
137.8,128.154164,37.915817,5286.768801600001,23.846,52.309,161.842,1.0
137.9,128.154232,37.91569,5302.7954904,23.751,52.628,162.152,1.0
138.0,128.154298,37.915565,5318.9136192000005,23.675,52.943,162.459,1.0
138.1,128.154363,37.915441,5335.118616,23.62,53.254,162.764,1.0
138.2,128.154426,37.915318,5351.4068232,23.587,53.563,163.07,1.0
138.3,128.154487,37.915195,5367.7742784,23.58,53.87,163.376,1.0
138.4,128.154547,37.915074,5384.217324,23.599,54.178,163.685,1.0
138.5,128.154606,37.914953,5400.7329119999995,23.648,54.486,163.999,1.0
138.6,128.154663,37.914834,5417.3176895999995,23.73,54.798,164.32,1.0
138.7,128.154718,37.914715,5433.9692184000005,23.844,55.112,164.648,1.0
138.8,128.154772,37.914597,5450.684755200001,23.99,55.43,164.984,1.0
138.9,128.154825,37.914481,5467.4618616,24.166,55.753,165.33,1.0
139.0,128.154876,37.914364,5484.298404,24.372,56.082,165.687,1.0
139.1,128.154926,37.914249,5501.1925536,24.606,56.416,166.058,1.0
139.2,128.154975,37.914135,5518.141872,24.869,56.757,166.442,1.0
139.3,128.155022,37.914022,5535.1448352,25.162,57.103,166.84,1.0
139.4,128.155068,37.913909,5552.1996144,25.485,57.455,167.254,1.0
139.5,128.155113,37.913798,5569.3043808,25.839,57.814,167.685,1.0
139.6,128.155156,37.913687,5586.457610400001,26.224,58.179,168.134,1.0
139.7,128.155198,37.913577,5603.657474400001,26.638,58.551,168.602,1.0
139.8,128.155239,37.913468,5620.9030584,27.081,58.93,169.092,1.0
139.9,128.155278,37.91336,5638.1922288000005,27.547,59.316,169.605,1.0
140.0,128.155316,37.913254,5655.524376,28.036,59.708,170.14,1.0
140.1,128.155352,37.913148,5672.8973664,28.544,60.108,170.701,1.0
140.2,128.155387,37.913043,5690.3099808,29.067,60.517,171.289,1.0
140.3,128.155421,37.912939,5707.7616096,29.601,60.935,171.908,1.0
140.4,128.155453,37.912836,5725.250119200001,30.144,61.363,172.559,1.0
140.5,128.155484,37.912734,5742.7745952000005,30.693,61.803,173.246,1.0
140.6,128.155514,37.912633,5760.3338184,31.25,62.253,173.969,1.0
140.7,128.155542,37.912533,5777.9262648,31.817,62.71,174.728,1.0
140.8,128.155568,37.912435,5795.551020000001,32.397,63.176,175.524,1.0
140.9,128.155593,37.912337,5813.2071696,32.987,63.648,176.358,1.0
141.0,128.155617,37.912241,5830.8934944,33.581,64.127,177.229,1.0
141.1,128.155639,37.912146,5848.60908,34.177,64.608,178.136,1.0
141.2,128.155659,37.912053,5866.353012,34.769,65.089,179.072,1.0
141.3,128.155678,37.91196,5884.1246808,35.343,65.563,180.028,1.0
141.4,128.155696,37.911869,5901.923476800001,35.86,66.021,180.983,1.0
141.5,128.155712,37.91178,5919.749400000001,36.256,66.446,181.898,1.0
141.6,128.155726,37.911691,5937.601536,36.451,66.817,182.721,1.0
141.7,128.155739,37.911604,5955.478360800001,36.379,67.116,183.406,1.0
141.8,128.15575,37.911519,5973.3783504,36.036,67.353,183.958,1.0
141.9,128.15576,37.911435,5991.298456800001,35.485,67.557,184.428,1.0
142.0,128.155768,37.911352,6009.2365464,34.803,67.759,184.872,1.0
142.1,128.155776,37.91127,6027.1904856,34.047,67.976,185.323,1.0
142.2,128.155782,37.91119,6045.157836,33.246,68.215,185.791,1.0
142.3,128.155787,37.911111,6063.137378400001,32.413,68.477,186.275,1.0
142.4,128.15579,37.911034,6081.1278936,31.553,68.757,186.767,1.0
142.5,128.155793,37.910957,6099.1281624,30.668,69.053,187.259,1.0
142.6,128.155795,37.910882,6117.137575199999,29.762,69.36,187.745,1.0
142.7,128.155796,37.910808,6135.1552176000005,28.837,69.676,188.219,1.0
142.8,128.155796,37.910735,6153.18048,27.895,69.997,188.677,1.0
142.9,128.155796,37.910664,6171.2127528,26.937,70.325,189.119,1.0
143.0,128.155795,37.910594,6189.2514264,25.965,70.659,189.548,1.0
143.1,128.155793,37.910525,6207.2965008,24.984,71.002,189.963,1.0
143.2,128.15579,37.910457,6225.346756800001,24.005,71.358,190.374,1.0
143.3,128.155787,37.91039,6243.4021944,23.094,71.764,190.834,1.0
143.4,128.155783,37.910325,6261.4625088,22.434,72.321,191.491,1.0
143.5,128.155779,37.91026,6279.529224000001,22.227,73.116,192.496,1.0
143.6,128.155774,37.910198,6297.6047784,22.444,74.081,193.805,1.0
143.7,128.155769,37.910136,6315.691915200001,22.962,75.108,195.311,1.0
143.8,128.155763,37.910076,6333.7930728,23.717,76.14,196.968,1.0
143.9,128.155757,37.910018,6351.9097752,24.712,77.163,198.795,1.0
144.0,128.155751,37.909962,6370.043851200001,25.974,78.187,200.857,1.0
144.1,128.155744,37.909908,6388.1971296,27.545,79.224,203.264,1.0
144.2,128.155737,37.909856,6406.370524800001,29.49,80.292,206.184,1.0
144.3,128.155729,37.909806,6424.5643416,31.928,81.413,209.903,1.0
144.4,128.155721,37.909759,6442.7764464,35.343,82.62,215.04,1.0
144.5,128.155713,37.909715,6461.004096000001,40.618,83.896,222.583,1.0
144.6,128.155704,37.909675,6479.243023200001,48.705,85.123,233.67,1.0
144.7,128.155696,37.909638,6497.4868272,61.284,86.144,249.793,1.0
144.8,128.155689,37.909605,6515.727278400001,80.249,86.826,272.629,1.0
144.9,128.155681,37.909575,6533.9561472000005,105.472,87.005,301.856,1.0
145.0,128.155675,37.909548,6552.1645944,129.834,86.582,330.187,1.0
145.1,128.15567,37.909525,6570.3443904000005,147.47,85.701,351.65,1.0
145.2,128.155667,37.909505,6588.486696000001,159.318,84.552,7.138,1.0
145.3,128.155666,37.909488,6606.5817576,167.556,83.24,18.849,1.0
145.4,128.155666,37.909475,6624.6204312,173.527,81.812,28.196,1.0
145.5,128.155669,37.909464,6642.592963200001,177.894,80.297,35.94,1.0
145.6,128.155674,37.909457,6660.492038400001,-178.888,78.814,42.495,1.0
145.7,128.155682,37.909451,6678.317352000001,-175.809,77.821,48.304,1.0
145.8,128.155691,37.909447,6696.081096000001,-171.671,77.408,53.813,1.0
145.9,128.155701,37.909443,6713.805216,-165.974,77.515,59.363,1.0
146.0,128.155712,37.90944,6731.504037600001,-158.969,77.964,65.163,1.0
146.1,128.155723,37.909437,6749.183656800001,-150.852,78.693,71.432,1.0
146.2,128.155734,37.909435,6766.8486456,-141.958,79.577,78.115,1.0
146.3,128.155746,37.909431,6784.5038808,-133.233,80.434,84.395,1.0
146.4,128.155758,37.909428,6802.153020000001,-124.991,81.32,89.982,1.0
146.5,128.15577,37.909424,6819.797282400001,-117.391,82.288,94.684,1.0
146.6,128.155782,37.90942,6837.4342295999995,-112.896,83.241,95.956,1.0
146.7,128.155794,37.909415,6855.056851200001,-116.56,84.008,89.21,1.0
146.8,128.155806,37.90941,6872.6514312,-129.64,84.301,74.299,1.0
146.9,128.155819,37.909407,6890.2009008,-146.646,83.876,56.422,1.0
147.0,128.155833,37.909405,6907.692763200001,-160.034,83.247,43.172,1.0
147.1,128.155848,37.909406,6925.112692800001,-169.971,82.946,34.393,1.0
147.2,128.155864,37.909408,6942.4573368,-178.231,82.895,27.995,1.0
147.3,128.15588,37.909412,6959.723037600001,174.817,82.901,23.375,1.0
147.4,128.155898,37.909417,6976.906747200001,169.514,82.828,20.732,1.0
147.5,128.155916,37.909424,6994.0054176,166.308,82.594,20.436,1.0
147.6,128.155935,37.909433,7011.0153912000005,165.37,82.138,22.614,1.0
147.7,128.155955,37.909443,7027.933620000001,166.229,81.391,26.801,1.0
147.8,128.155976,37.909454,7044.757056,167.971,80.34,32.107,1.0
147.9,128.155998,37.909466,7061.4814320000005,169.868,78.921,37.824,1.0
148.0,128.156022,37.90948,7078.1015664,171.418,77.081,43.457,1.0
148.1,128.156047,37.909494,7094.6110584,172.118,74.879,48.565,1.0
148.2,128.156075,37.90951,7111.0025928000005,171.739,72.496,52.986,1.0
148.3,128.156104,37.909527,7127.2676352,170.283,70.137,56.756,1.0
148.4,128.156136,37.909544,7143.3991752,167.807,67.926,59.95,1.0
148.5,128.15617,37.909563,7159.3950792000005,164.879,65.921,62.602,1.0
148.6,128.156207,37.909581,7175.272416,162.76,64.109,64.682,1.0
148.7,128.156246,37.9096,7191.054350400001,161.781,62.464,66.286,1.0
148.8,128.156288,37.90962,7206.747892800001,162.083,60.968,67.571,1.0
148.9,128.156331,37.909639,7222.3472520000005,163.68,59.605,68.638,1.0
149.0,128.156376,37.909659,7237.846332,166.415,58.359,69.516,1.0
149.1,128.156423,37.909679,7253.2338552,169.87,57.212,70.204,1.0
149.2,128.156473,37.9097,7268.485742400001,173.175,56.152,70.736,1.0
149.3,128.156526,37.90972,7283.573647200001,175.558,55.157,71.135,1.0
149.4,128.156581,37.909742,7298.479586400001,176.768,54.195,71.423,1.0
149.5,128.156639,37.909764,7313.185272000001,176.571,53.243,71.65,1.0
149.6,128.1567,37.909786,7327.6894848,175.233,52.285,71.848,1.0
149.7,128.156764,37.909809,7341.9989304,173.24,51.316,72.048,1.0
149.8,128.15683,37.909832,7356.124886400001,171.213,50.337,72.268,1.0
149.9,128.156897,37.909856,7370.0865552000005,169.831,49.355,72.503,1.0
150.0,128.156967,37.90988,7383.9025296,169.489,48.377,72.743,1.0
150.1,128.157039,37.909903,7397.5722000000005,170.061,47.414,72.978,1.0
150.2,128.157113,37.909927,7411.083984000001,171.187,46.473,73.187,1.0
150.3,128.157188,37.909952,7424.4272136,172.542,45.552,73.371,1.0
150.4,128.157266,37.909976,7437.584515200001,173.632,44.648,73.552,1.0
150.5,128.157346,37.910001,7450.532724000001,173.899,43.753,73.743,1.0
150.6,128.157428,37.910026,7463.263915200001,173.451,42.854,73.939,1.0
150.7,128.157513,37.910052,7475.786623200001,172.587,41.94,74.137,1.0
150.8,128.157599,37.910077,7488.115783200001,171.769,41.01,74.332,1.0
150.9,128.157688,37.910103,7500.275779200001,171.491,40.066,74.506,1.0
151.0,128.157778,37.910128,7512.282765600001,171.914,39.116,74.643,1.0
151.1,128.157869,37.910154,7524.1324752,172.947,38.17,74.745,1.0
151.2,128.157962,37.910181,7535.8078392,174.093,37.233,74.84,1.0
151.3,128.158057,37.910207,7547.2768536,174.537,36.305,74.959,1.0
151.4,128.158154,37.910233,7558.5209256,174.444,35.384,75.077,1.0
151.5,128.158252,37.91026,7569.536397600001,173.895,34.459,75.196,1.0
151.6,128.158352,37.910287,7580.3159544,172.826,33.53,75.33,1.0
151.7,128.158454,37.910314,7590.852585600001,171.2,32.595,75.5,1.0
151.8,128.158557,37.910341,7601.141414400001,169.036,31.654,75.722,1.0
151.9,128.158663,37.910367,7611.195242400001,166.794,30.707,75.977,1.0
152.0,128.15877,37.910394,7621.047597600001,165.459,29.745,76.205,1.0
152.1,128.158879,37.910421,7630.7210352,165.082,28.766,76.423,1.0
152.2,128.158989,37.910448,7640.232624000001,165.618,27.773,76.636,1.0
152.3,128.159101,37.910475,7649.5817544,166.968,26.774,76.835,1.0
152.4,128.159214,37.910502,7658.760501600001,168.628,25.783,77.022,1.0
152.5,128.159329,37.910529,7667.7435672,169.58,24.812,77.222,1.0
152.6,128.159445,37.910556,7676.5050432,169.767,23.861,77.42,1.0
152.7,128.159563,37.910583,7685.022679200001,169.225,22.919,77.618,1.0
152.8,128.159683,37.91061,7693.2934272,168.027,21.977,77.826,1.0
152.9,128.159804,37.910637,7701.318201600001,166.273,21.027,78.06,1.0
153.0,128.159928,37.910664,7709.0979168,164.076,20.069,78.333,1.0
153.1,128.160052,37.91069,7716.6337920000005,161.55,19.105,78.661,1.0
153.2,128.160179,37.910716,7723.9325328,159.158,18.134,79.036,1.0
153.3,128.160307,37.910742,7731.017608800001,157.839,17.144,79.425,1.0
153.4,128.160436,37.910768,7737.9127944,157.59,16.135,79.831,1.0
153.5,128.160566,37.910794,7744.635768,158.319,15.113,80.243,1.0
153.6,128.160698,37.910819,7751.1831768,159.842,14.086,80.642,1.0
153.7,128.160831,37.910845,7757.545572,161.929,13.059,81.008,1.0
153.8,128.160965,37.91087,7763.7122856000005,164.081,12.039,81.338,1.0
153.9,128.1611,37.910895,7769.6558856,165.445,11.038,81.659,1.0
154.0,128.161237,37.910919,7775.3486352,165.971,10.051,81.968,1.0
154.1,128.161375,37.910944,7780.776818400001,165.667,9.068,82.259,1.0
154.2,128.161514,37.910968,7785.9398256,164.587,8.081,82.54,1.0
154.3,128.161655,37.910991,7790.8379616,162.826,7.084,82.824,1.0
154.4,128.161796,37.911015,7795.4715312,160.499,6.081,83.132,1.0
154.5,128.161939,37.911037,7799.842668,157.73,5.078,83.482,1.0
154.6,128.162083,37.91106,7803.9577728,154.992,4.075,83.874,1.0
154.7,128.162227,37.911082,7807.8415344,153.23,3.08,84.269,1.0
154.8,128.162373,37.911103,7811.519556000001,152.47,2.148,84.648,1.0
154.9,128.16252,37.911124,7815.0116496,152.655,1.286,85.004,1.0
155.0,128.162668,37.911145,7818.3156816,153.644,0.451,85.349,1.0
155.1,128.162816,37.911165,7821.4237272,155.224,-0.398,85.69,1.0
155.2,128.162966,37.911185,7824.3266424,156.917,-1.285,86.035,1.0
155.3,128.163116,37.911205,7826.997909600001,157.863,-2.214,86.405,1.0
155.4,128.163267,37.911224,7829.410401600001,158.019,-3.175,86.786,1.0
155.5,128.16342,37.911243,7831.550097600001,157.414,-4.159,87.178,1.0
155.6,128.163572,37.91126,7833.416388000001,156.104,-5.161,87.587,1.0
155.7,128.163726,37.911278,7835.010492,154.17,-6.174,88.026,1.0
155.8,128.163881,37.911294,7836.3330192,151.702,-7.187,88.506,1.0
155.9,128.164036,37.91131,7837.389760800001,148.92,-8.193,89.032,1.0
156.0,128.164191,37.911325,7838.2041864,146.471,-9.199,89.591,1.0
156.1,128.164348,37.911339,7838.8009848,145.015,-10.207,90.169,1.0
156.2,128.164505,37.911353,7839.197224800001,144.517,-11.193,90.755,1.0
156.3,128.164662,37.911366,7839.385896000001,144.758,-12.128,91.328,1.0
156.4,128.16482,37.911379,7839.3578544,145.51,-13.022,91.883,1.0
156.5,128.164979,37.911391,7839.1073088,146.579,-13.889,92.414,1.0
156.6,128.165138,37.911402,7838.623896000001,147.544,-14.754,92.935,1.0
156.7,128.165297,37.911412,7837.883232,147.717,-15.636,93.475,1.0
156.8,128.165457,37.911422,7836.8645904,147.081,-16.53,94.028,1.0
156.9,128.165617,37.91143,7835.5655328,145.685,-17.433,94.597,1.0
157.0,128.165777,37.911437,7833.9881928,143.605,-18.339,95.195,1.0
157.1,128.165937,37.911443,7832.137142400001,140.957,-19.237,95.838,1.0
157.2,128.166097,37.911449,7830.0236592,138.149,-20.121,96.526,1.0
157.3,128.166258,37.911453,7827.673346400001,135.883,-20.984,97.24,1.0
157.4,128.166418,37.911456,7825.105101600001,134.265,-21.8,97.965,1.0
157.5,128.166579,37.911459,7822.3174008000005,133.132,-22.567,98.705,1.0
157.6,128.16674,37.91146,7819.306891200001,132.325,-23.293,99.463,1.0
157.7,128.1669,37.91146,7816.0714392,131.713,-23.988,100.238,1.0
157.8,128.16706,37.911459,7812.61074,131.191,-24.663,101.029,1.0
157.9,128.16722,37.911457,7808.9247936,130.687,-25.328,101.831,1.0
158.0,128.16738,37.911454,7805.0169528,130.194,-25.983,102.635,1.0
158.1,128.16754,37.91145,7800.8908752,129.755,-26.631,103.427,1.0
158.2,128.167699,37.911445,7796.550828,129.41,-27.269,104.198,1.0
158.3,128.167858,37.911438,7791.99864,129.172,-27.9,104.942,1.0
158.4,128.168016,37.911431,7787.2349208,128.995,-28.528,105.666,1.0
158.5,128.168174,37.911422,7782.2566224,128.763,-29.16,106.381,1.0
158.6,128.168332,37.911413,7777.0625256,128.383,-29.798,107.099,1.0
158.7,128.168489,37.911402,7771.651716,127.802,-30.447,107.83,1.0
158.8,128.168645,37.91139,7766.025412800001,127.021,-31.104,108.577,1.0
158.9,128.168801,37.911377,7760.1863592,126.09,-31.763,109.338,1.0
159.0,128.168957,37.911362,7754.137908,125.091,-32.417,110.108,1.0
159.1,128.169111,37.911347,7747.8837168,124.113,-33.057,110.877,1.0
159.2,128.169265,37.91133,7741.4274432,123.232,-33.679,111.639,1.0
159.3,128.169419,37.911312,7734.7715256,122.494,-34.282,112.393,1.0
159.4,128.169571,37.911293,7727.917792800001,121.91,-34.868,113.137,1.0
159.5,128.169723,37.911273,7720.8665496,121.459,-35.44,113.875,1.0
159.6,128.169875,37.911252,7713.618405600001,121.1,-36.003,114.611,1.0
159.7,128.170025,37.91123,7706.1730560000005,120.784,-36.561,115.347,1.0
159.8,128.170175,37.911206,7698.529891200001,120.454,-37.116,116.089,1.0
159.9,128.170324,37.911181,7690.688606400001,120.054,-37.672,116.842,1.0
160.0,128.170472,37.911155,7682.648287200001,119.528,-38.23,117.614,1.0
160.1,128.170619,37.911128,7674.408324000001,118.819,-38.792,118.417,1.0
160.2,128.170765,37.9111,7665.969936,117.915,-39.356,119.255,1.0
160.3,128.17091,37.91107,7657.333428000001,116.828,-39.915,120.129,1.0
160.4,128.171053,37.911039,7648.5006288,115.561,-40.454,121.011,1.0
160.5,128.171196,37.911007,7639.4730624,114.086,-40.942,121.846,1.0
160.6,128.171337,37.910973,7630.2516432,112.31,-41.363,122.599,1.0
160.7,128.171478,37.910938,7620.839724,110.142,-41.708,123.261,1.0
160.8,128.171616,37.910902,7611.242181600001,107.495,-41.981,123.854,1.0
160.9,128.171753,37.910864,7601.4660264,104.309,-42.187,124.415,1.0
161.0,128.171889,37.910824,7591.5204023999995,100.577,-42.332,124.992,1.0
161.1,128.172023,37.910783,7581.417196800001,96.345,-42.419,125.642,1.0
161.2,128.172156,37.91074,7571.167382400001,91.691,-42.44,126.399,1.0
161.3,128.172288,37.910696,7560.783456000001,86.707,-42.381,127.26,1.0
161.4,128.172418,37.910649,7550.277,81.457,-42.222,128.25,1.0
161.5,128.172548,37.910601,7539.659901600001,75.986,-41.937,129.407,1.0
161.6,128.172676,37.910552,7528.943438400001,70.41,-41.509,130.659,1.0
161.7,128.172804,37.9105,7518.137973600001,64.846,-40.935,131.923,1.0
161.8,128.172931,37.910446,7507.2556992,59.37,-40.213,133.161,1.0
161.9,128.173057,37.910391,7496.3094168,54.078,-39.366,134.294,1.0
162.0,128.173182,37.910333,7485.313756800001,49.099,-38.457,135.2,1.0
162.1,128.173308,37.910273,7474.2830448,44.487,-37.527,135.832,1.0
162.2,128.173433,37.910211,7463.231301600001,40.181,-36.591,136.239,1.0
162.3,128.173558,37.910147,7452.1685856,36.116,-35.668,136.454,1.0
162.4,128.173683,37.910081,7441.1046504000005,32.233,-34.782,136.495,1.0
162.5,128.173808,37.910013,7430.0504688,28.449,-33.926,136.412,1.0
162.6,128.173933,37.909943,7419.0160992,24.697,-33.08,136.243,1.0
162.7,128.174059,37.909871,7408.0109904,20.934,-32.232,136.006,1.0
162.8,128.174186,37.909798,7397.0424576,17.139,-31.425,135.693,1.0
162.9,128.174313,37.909723,7386.115987200001,13.309,-30.778,135.268,1.0
163.0,128.174441,37.909647,7375.2352368,9.402,-30.267,134.762,1.0
163.1,128.17457,37.909569,7364.4032544,5.367,-29.796,134.215,1.0
163.2,128.1747,37.909489,7353.622478400001,1.177,-29.32,133.637,1.0
163.3,128.174831,37.909409,7342.894128000001,-3.176,-28.823,133.027,1.0
163.4,128.174964,37.909328,7332.2194224,-7.69,-28.294,132.377,1.0
163.5,128.175098,37.909246,7321.6001904,-12.348,-27.719,131.672,1.0
163.6,128.175234,37.909163,7311.0376512,-17.12,-27.081,130.893,1.0
163.7,128.175371,37.909079,7300.5354624,-21.969,-26.37,130.015,1.0
163.8,128.17551,37.908995,7290.0991104,-26.848,-25.59,129.014,1.0
163.9,128.175651,37.908911,7279.7362152000005,-31.693,-24.708,127.84,1.0
164.0,128.175794,37.908826,7269.4565304,-36.413,-23.611,126.38,1.0
164.1,128.175939,37.908742,7259.2643232,-40.886,-22.404,124.667,1.0
164.2,128.176087,37.908658,7249.156545600001,-44.852,-21.268,122.833,1.0
164.3,128.176238,37.908575,7239.132892800001,-48.116,-20.274,120.948,1.0
164.4,128.176391,37.908493,7229.197632,-50.666,-19.458,119.065,1.0
164.5,128.176547,37.908412,7219.3559448000005,-52.61,-18.809,117.212,1.0
164.6,128.176706,37.908333,7209.6008208,-53.77,-18.293,115.4,1.0
164.7,128.176867,37.908255,7199.9313456,-54.111,-17.88,113.64,1.0
164.8,128.177031,37.908178,7190.348738400001,-53.672,-17.535,111.945,1.0
164.9,128.177197,37.908103,7180.854828,-52.534,-17.216,110.339,1.0
165.0,128.177366,37.90803,7171.457844,-50.901,-16.88,108.847,1.0
165.1,128.177537,37.907958,7162.1684544,-49.045,-16.491,107.488,1.0
165.2,128.17771,37.907889,7152.9976320000005,-47.17,-16.039,106.262,1.0
165.3,128.177887,37.907821,7143.9560448,-45.395,-15.532,105.147,1.0
165.4,128.178065,37.907756,7135.0531416,-43.81,-14.982,104.128,1.0
165.5,128.178246,37.907692,7126.295323200001,-42.464,-14.394,103.189,1.0
165.6,128.178429,37.90763,7117.6877712,-41.363,-13.777,102.318,1.0
165.7,128.178614,37.90757,7109.234143199999,-40.481,-13.137,101.502,1.0
165.8,128.178802,37.907511,7100.937182400001,-39.774,-12.481,100.729,1.0
165.9,128.178991,37.907455,7092.800241600001,-39.198,-11.816,99.991,1.0
166.0,128.179183,37.9074,7084.8257592,-38.711,-11.145,99.28,1.0
166.1,128.179376,37.907347,7077.0180024,-38.287,-10.473,98.592,1.0
166.2,128.179571,37.907295,7069.380324000001,-37.905,-9.801,97.921,1.0
166.3,128.179768,37.907246,7061.9179056,-37.565,-9.13,97.265,1.0
166.4,128.179967,37.907199,7054.639281600001,-37.308,-8.463,96.619,1.0
166.5,128.180167,37.907153,7047.557863200001,-37.238,-7.8,95.978,1.0
166.6,128.180369,37.907109,7040.6852328,-37.45,-7.14,95.337,1.0
166.7,128.180573,37.907068,7034.0247432,-37.928,-6.48,94.688,1.0
166.8,128.180778,37.907028,7027.5760896,-38.583,-5.823,94.022,1.0
166.9,128.180984,37.906991,7021.339272,-39.337,-5.173,93.334,1.0
167.0,128.181192,37.906956,7015.315814400001,-40.147,-4.533,92.62,1.0
167.1,128.181401,37.906923,7009.5121176,-41.034,-3.909,91.876,1.0
167.2,128.181611,37.906892,7003.9388496,-42.116,-3.303,91.097,1.0
167.3,128.181823,37.906864,6998.606373600001,-43.518,-2.718,90.277,1.0
167.4,128.182035,37.906839,6993.5149944,-45.244,-2.152,89.405,1.0
167.5,128.182248,37.906817,6988.6598352,-47.232,-1.613,88.474,1.0
167.6,128.182462,37.906797,6984.0348,-49.432,-1.111,87.479,1.0
167.7,128.182677,37.906781,6979.63044,-51.786,-0.654,86.419,1.0
167.8,128.182892,37.906768,6975.4330392,-54.199,-0.248,85.293,1.0
167.9,128.183107,37.906758,6971.426138400001,-56.581,0.102,84.106,1.0
168.0,128.183323,37.906751,6967.594497600001,-58.867,0.397,82.862,1.0
168.1,128.183539,37.906747,6963.9231816,-61.02,0.63,81.567,1.0
168.2,128.183755,37.906747,6960.3972552000005,-63.032,0.801,80.229,1.0
168.3,128.183971,37.906751,6957.002088000001,-64.933,0.928,78.865,1.0
168.4,128.184187,37.906758,6953.7248784,-66.719,1.008,77.48,1.0
168.5,128.184403,37.906768,6950.554044,-68.386,1.034,76.077,1.0
168.6,128.184619,37.906782,6947.477697600001,-69.942,1.001,74.655,1.0
168.7,128.184835,37.9068,6944.4848664,-71.409,0.911,73.217,1.0
168.8,128.18505,37.906821,6941.5642728,-72.813,0.765,71.766,1.0
168.9,128.185265,37.906846,6938.7055536,-74.189,0.569,70.306,1.0
169.0,128.185478,37.906875,6935.897736,-75.568,0.33,68.841,1.0
169.1,128.185692,37.906908,6933.129542400001,-76.982,0.054,67.376,1.0
169.2,128.185904,37.906944,6930.3896952000005,-78.456,-0.252,65.913,1.0
169.3,128.186115,37.906984,6927.666612,-80.004,-0.585,64.454,1.0
169.4,128.186325,37.907027,6924.947796,-81.633,-0.942,63.002,1.0
169.5,128.186533,37.907074,6922.221055200001,-83.34,-1.323,61.555,1.0
169.6,128.186741,37.907125,6919.472978400001,-85.111,-1.731,60.114,1.0
169.7,128.186946,37.90718,6916.6904592,-86.929,-2.171,58.678,1.0
169.8,128.18715,37.907238,6913.8597816,-88.771,-2.648,57.248,1.0
169.9,128.187352,37.9073,6910.9675344,-90.615,-3.17,55.823,1.0
170.0,128.187552,37.907365,6907.999392000001,-92.441,-3.744,54.405,1.0
170.1,128.18775,37.907434,6904.942248,-94.237,-4.375,52.995,1.0
170.2,128.187946,37.907507,6901.7823864,-95.993,-5.067,51.596,1.0
170.3,128.188139,37.907582,6898.506396000001,-97.676,-5.821,50.207,1.0
170.4,128.18833,37.907661,6895.1023896,-99.191,-6.628,48.832,1.0
170.5,128.188519,37.907743,6891.5596992,-100.472,-7.479,47.471,1.0
170.6,128.188706,37.907828,6887.8685712,-101.486,-8.358,46.127,1.0
170.7,128.188889,37.907916,6884.0210808,-102.219,-9.247,44.8,1.0
170.8,128.189071,37.908007,6880.0114368,-102.669,-10.126,43.486,1.0
170.9,128.189249,37.9081,6875.833543199999,-102.891,-10.975,42.184,1.0
171.0,128.189425,37.908196,6871.483742400001,-102.954,-11.776,40.889,1.0
171.1,128.189598,37.908295,6866.9586816,-102.921,-12.516,39.597,1.0
171.2,128.189768,37.908396,6862.2571416,-102.816,-13.199,38.306,1.0
171.3,128.189935,37.9085,6857.3788176,-102.638,-13.847,37.02,1.0
171.4,128.190099,37.908606,6852.3237096,-102.406,-14.471,35.739,1.0
171.5,128.19026,37.908715,6847.0915128,-102.15,-15.076,34.46,1.0
171.6,128.190417,37.908826,6841.682836800001,-101.899,-15.664,33.182,1.0
171.7,128.190571,37.90894,6836.098291200001,-101.672,-16.238,31.903,1.0
171.8,128.190721,37.909055,6830.3384856,-101.475,-16.799,30.621,1.0
171.9,128.190867,37.909173,6824.4037248,-101.304,-17.349,29.334,1.0
172.0,128.19101,37.909293,6818.295228000001,-101.149,-17.891,28.043,1.0
172.1,128.191149,37.909416,6812.012995200001,-100.997,-18.425,26.747,1.0
172.2,128.191285,37.90954,6805.5582456,-100.836,-18.952,25.446,1.0
172.3,128.191416,37.909666,6798.9315888,-100.657,-19.473,24.139,1.0
172.4,128.191544,37.909794,6792.1333296,-100.453,-19.988,22.827,1.0
172.5,128.191668,37.909924,6785.1646872,-100.224,-20.496,21.509,1.0
172.6,128.191787,37.910055,6778.026576,-99.973,-20.998,20.185,1.0
172.7,128.191903,37.910189,6770.720215200001,-99.71,-21.493,18.856,1.0
172.8,128.192014,37.910323,6763.246519200001,-99.445,-21.981,17.521,1.0
172.9,128.192122,37.91046,6755.6067072,-99.191,-22.462,16.179,1.0
173.0,128.192225,37.910597,6747.8023032,-98.957,-22.937,14.83,1.0
173.1,128.192323,37.910736,6739.8339168,-98.745,-23.407,13.473,1.0
173.2,128.192417,37.910876,6731.703072,-98.552,-23.873,12.107,1.0
173.3,128.192507,37.911018,6723.410683200001,-98.374,-24.335,10.734,1.0
173.4,128.192592,37.91116,6714.9576648,-98.209,-24.795,9.351,1.0
173.5,128.192673,37.911304,6706.345236,-98.053,-25.252,7.96,1.0
173.6,128.192749,37.911448,6697.574006400001,-97.905,-25.708,6.559,1.0
173.7,128.19282,37.911593,6688.645195200001,-97.763,-26.164,5.149,1.0
173.8,128.192887,37.911739,6679.5591072,-97.626,-26.619,3.73,1.0
173.9,128.192949,37.911886,6670.316656800001,-97.507,-27.074,2.302,1.0
174.0,128.193006,37.912033,6660.9169296,-97.468,-27.532,0.865,1.0
174.1,128.193058,37.91218,6651.359316,-97.606,-28.0,359.419,1.0
174.2,128.193106,37.912328,6641.6425968,-97.907,-28.479,357.959,1.0
174.3,128.193148,37.912476,6631.7664672,-98.249,-28.969,356.482,1.0
174.4,128.193185,37.912624,6621.7303176000005,-98.506,-29.47,354.986,1.0
174.5,128.193218,37.912772,6611.5338432,-98.584,-29.98,353.475,1.0
174.6,128.193247,37.91292,6601.1773488,-98.417,-30.493,351.952,1.0
174.7,128.19327,37.913068,6590.6623584,-97.991,-31.0,350.421,1.0
174.8,128.193289,37.913215,6579.990396,-97.332,-31.495,348.884,1.0
174.9,128.193304,37.913363,6569.1639000000005,-96.476,-31.966,347.342,1.0
175.0,128.193313,37.913509,6558.186528,-95.497,-32.408,345.798,1.0
175.1,128.193318,37.913656,6547.0622424,-94.488,-32.818,344.251,1.0
175.2,128.193318,37.913801,6535.795615200001,-93.52,-33.194,342.7,1.0
175.3,128.193314,37.913946,6524.391523200001,-92.626,-33.537,341.142,1.0
175.4,128.193304,37.91409,6512.8548432,-91.804,-33.849,339.577,1.0
175.5,128.19329,37.914233,6501.190452000001,-91.025,-34.131,338.003,1.0
175.6,128.193271,37.914375,6489.402312,-90.247,-34.387,336.421,1.0
175.7,128.193248,37.914517,6477.494995200001,-89.432,-34.618,334.837,1.0
175.8,128.19322,37.914657,6465.4730736,-88.55,-34.823,333.257,1.0
175.9,128.193187,37.914796,6453.341424,-87.582,-35.001,331.685,1.0
176.0,128.19315,37.914934,6441.105228,-86.527,-35.153,330.127,1.0
176.1,128.193108,37.915071,6428.769972,-85.403,-35.275,328.582,1.0
176.2,128.193062,37.915206,6416.342056800001,-84.233,-35.366,327.052,1.0
176.3,128.193011,37.91534,6403.827578400001,-83.039,-35.427,325.538,1.0
176.4,128.192956,37.915473,6391.232937600001,-81.834,-35.455,324.043,1.0
176.5,128.192897,37.915604,6378.5642304,-80.628,-35.452,322.567,1.0
176.6,128.192833,37.915733,6365.8278576,-79.424,-35.418,321.112,1.0
176.7,128.192764,37.915862,6353.029915200001,-78.218,-35.353,319.679,1.0
176.8,128.192692,37.915988,6340.176804000001,-77.002,-35.259,318.268,1.0
176.9,128.192615,37.916113,6327.2743152,-75.768,-35.137,316.88,1.0
177.0,128.192534,37.916236,6314.3291544,-74.512,-34.986,315.518,1.0
177.1,128.192449,37.916358,6301.3477224,-73.233,-34.807,314.181,1.0
177.2,128.19236,37.916478,6288.3367248,-71.933,-34.6,312.873,1.0
177.3,128.192266,37.916597,6275.3028672,-70.614,-34.367,311.592,1.0
177.4,128.192169,37.916713,6262.25316,-69.275,-34.106,310.341,1.0
177.5,128.192068,37.916828,6249.1943088,-67.919,-33.819,309.121,1.0
177.6,128.191963,37.916942,6236.133324,-66.55,-33.506,307.931,1.0
177.7,128.191854,37.917053,6223.0775208,-65.17,-33.166,306.772,1.0
177.8,128.191741,37.917163,6210.034214400001,-63.783,-32.801,305.644,1.0
177.9,128.191624,37.917271,6197.010720000001,-62.391,-32.41,304.546,1.0
178.0,128.191504,37.917377,6184.014048,-60.995,-31.995,303.479,1.0
178.1,128.19138,37.917482,6171.0512088000005,-59.587,-31.555,302.444,1.0
178.2,128.191253,37.917585,6158.1301272,-58.163,-31.092,301.441,1.0
178.3,128.191121,37.917686,6145.258423200001,-56.728,-30.606,300.471,1.0
178.4,128.190987,37.917786,6132.4437168,-55.288,-30.098,299.535,1.0
178.5,128.190849,37.917884,6119.694237600001,-53.854,-29.57,298.632,1.0
178.6,128.190707,37.91798,6107.0194344,-52.443,-29.023,297.763,1.0
178.7,128.190563,37.918074,6094.427232,-51.065,-28.458,296.927,1.0
178.8,128.190414,37.918167,6081.92586,-49.727,-27.878,296.126,1.0
178.9,128.190263,37.918258,6069.523243199999,-48.427,-27.287,295.361,1.0
179.0,128.190109,37.918348,6057.2263920000005,-47.158,-26.687,294.632,1.0
179.1,128.189951,37.918436,6045.041097600001,-45.904,-26.083,293.943,1.0
179.2,128.18979,37.918522,6032.9725416,-44.639,-25.48,293.297,1.0
179.3,128.189627,37.918607,6021.0234672,-43.325,-24.884,292.702,1.0
179.4,128.189461,37.91869,6009.196008,-41.922,-24.3,292.163,1.0
179.5,128.189291,37.918772,5997.4926024,-40.402,-23.729,291.68,1.0
179.6,128.18912,37.918852,5985.9156888,-38.76,-23.167,291.249,1.0
179.7,128.188945,37.918931,5974.468620000001,-37.004,-22.605,290.862,1.0
179.8,128.188768,37.91901,5963.1550536,-35.152,-22.03,290.509,1.0
179.9,128.188589,37.919086,5951.978952,-33.225,-21.43,290.183,1.0
180.0,128.188407,37.919162,5940.945192,-31.236,-20.791,289.877,1.0
180.1,128.188223,37.919237,5930.057736000001,-29.193,-20.104,289.589,1.0
180.2,128.188036,37.919311,5919.32268,-27.104,-19.364,289.321,1.0
180.3,128.187847,37.919384,5908.745815200001,-24.974,-18.574,289.077,1.0
180.4,128.187656,37.919457,5898.333237600001,-22.807,-17.739,288.865,1.0
180.5,128.187463,37.919528,5888.092872,-20.609,-16.869,288.693,1.0
180.6,128.187268,37.919599,5878.0305096,-18.385,-15.978,288.567,1.0
180.7,128.18707,37.91967,5868.1534656,-16.138,-15.075,288.493,1.0
180.8,128.186871,37.91974,5858.4669216,-13.868,-14.171,288.474,1.0
180.9,128.186669,37.91981,5848.9754496000005,-11.572,-13.272,288.511,1.0
181.0,128.186466,37.919879,5839.6830119999995,-9.244,-12.384,288.605,1.0
181.1,128.186261,37.919948,5830.591742400001,-6.87,-11.508,288.756,1.0
181.2,128.186054,37.920018,5821.704079200001,-4.446,-10.64,288.963,1.0
181.3,128.185846,37.920087,5813.022156000001,-1.975,-9.753,289.224,1.0
181.4,128.185636,37.920156,5804.5438392,0.579,-8.837,289.543,1.0
181.5,128.185424,37.920226,5796.2660808,3.275,-7.922,289.927,1.0
181.6,128.185212,37.920296,5788.1971104,6.031,-7.011,290.372,1.0
181.7,128.184998,37.920366,5780.3512536,8.693,-6.105,290.874,1.0
181.8,128.184782,37.920437,5772.7510656,11.015,-5.233,291.418,1.0
181.9,128.184566,37.920509,5765.426112,12.678,-4.401,291.982,1.0
182.0,128.184348,37.920582,5758.4007768,13.531,-3.586,292.556,1.0
182.1,128.18413,37.920656,5751.6610392,13.857,-2.784,293.142,1.0
182.2,128.18391,37.920731,5745.176724000001,14.222,-2.007,293.739,1.0
182.3,128.18369,37.920806,5738.9240568000005,15.051,-1.265,294.341,1.0
182.4,128.183469,37.920883,5732.9057808,16.391,-0.56,294.94,1.0
182.5,128.183248,37.92096,5727.1386600000005,18.018,0.116,295.535,1.0
182.6,128.183026,37.921039,5721.6409824,19.653,0.772,296.134,1.0
182.7,128.182803,37.921119,5716.4237207999995,21.095,1.415,296.744,1.0
182.8,128.18258,37.9212,5711.4893136,22.285,2.046,297.368,1.0
182.9,128.182357,37.921282,5706.8310552,23.3,2.663,298.006,1.0
183.0,128.182134,37.921366,5702.440716,24.273,3.264,298.657,1.0
183.1,128.181911,37.921452,5698.3122,25.306,3.872,299.328,1.0
183.2,128.181688,37.921538,5694.4430688,26.452,4.516,300.033,1.0
183.3,128.181465,37.921627,5690.8360656,27.69,5.201,300.776,1.0
183.4,128.181242,37.921717,5687.494847999999,28.962,5.898,301.546,1.0
183.5,128.18102,37.921808,5684.4203304,30.234,6.584,302.335,1.0
183.6,128.180798,37.921901,5681.609769600001,31.516,7.247,303.139,1.0
183.7,128.180576,37.921996,5679.059508,32.832,7.882,303.958,1.0
183.8,128.180356,37.922093,5676.765888000001,34.195,8.487,304.792,1.0
183.9,128.180136,37.922191,5674.726776,35.586,9.067,305.641,1.0
184.0,128.179916,37.922291,5672.9409528,36.968,9.627,306.51,1.0
184.1,128.179698,37.922393,5671.404456,38.339,10.177,307.407,1.0
184.2,128.179481,37.922497,5670.109665600001,39.754,10.73,308.349,1.0
184.3,128.179266,37.922603,5669.053533600001,41.241,11.278,309.329,1.0
184.4,128.179051,37.922711,5668.239108,42.701,11.801,310.323,1.0
184.5,128.178838,37.92282,5667.6700464000005,43.993,12.297,311.323,1.0
184.6,128.178627,37.922932,5667.347568,45.041,12.774,312.329,1.0
184.7,128.178418,37.923046,5667.266796000001,45.879,13.23,313.337,1.0
184.8,128.17821,37.923163,5667.423768000001,46.577,13.671,314.345,1.0
184.9,128.178005,37.923281,5667.823056000001,47.088,14.121,315.358,1.0
185.0,128.177802,37.923402,5668.4741088,47.293,14.611,316.394,1.0
185.1,128.177601,37.923524,5669.3787552,47.217,15.146,317.461,1.0
185.2,128.177403,37.923649,5670.535776,46.99,15.709,318.533,1.0
185.3,128.177208,37.923776,5671.9439520000005,46.748,16.283,319.588,1.0
185.4,128.177015,37.923905,5673.602064000001,46.605,16.864,320.621,1.0
185.5,128.176825,37.924036,5675.5095024,46.625,17.447,321.633,1.0
185.6,128.176638,37.924169,5677.668096,46.795,18.031,322.628,1.0
185.7,128.176454,37.924304,5680.080588000001,47.048,18.614,323.61,1.0
185.8,128.176273,37.92444,5682.7497216,47.301,19.197,324.585,1.0
185.9,128.176095,37.924578,5685.676411200001,47.493,19.782,325.556,1.0
186.0,128.175921,37.924718,5688.8612664,47.596,20.369,326.529,1.0
186.1,128.17575,37.92486,5692.3033728,47.605,20.963,327.503,1.0
186.2,128.175582,37.925003,5696.001511200001,47.543,21.565,328.478,1.0
186.3,128.175418,37.925148,5699.952938400001,47.465,22.175,329.455,1.0
186.4,128.175257,37.925294,5704.155216,47.425,22.794,330.432,1.0
186.5,128.1751,37.925442,5708.6092584,47.406,23.42,331.406,1.0
186.6,128.174947,37.925591,5713.3187232,47.326,24.057,332.375,1.0
186.7,128.174797,37.925741,5718.284524800001,47.151,24.704,333.343,1.0
186.8,128.174651,37.925892,5723.5020912,46.948,25.362,334.312,1.0
186.9,128.174509,37.926045,5728.9647168,46.845,26.03,335.286,1.0
187.0,128.174371,37.926198,5734.666000800001,46.928,26.701,336.262,1.0
187.1,128.174236,37.926352,5740.6053336,47.164,27.373,337.238,1.0
187.2,128.174105,37.926507,5746.7857632000005,47.423,28.043,338.213,1.0
187.3,128.173978,37.926662,5753.215519200001,47.481,28.717,339.184,1.0
187.4,128.173856,37.926818,5759.9067936,47.069,29.404,340.148,1.0
187.5,128.173738,37.926975,5766.8626343999995,46.151,30.115,341.111,1.0
187.6,128.173624,37.927132,5774.0775552000005,44.953,30.858,342.075,1.0
187.7,128.173514,37.927289,5781.5472887999995,43.71,31.634,343.031,1.0
187.8,128.173408,37.927446,5789.2712255999995,42.563,32.442,343.969,1.0
187.9,128.173307,37.927603,5797.2508896,41.582,33.281,344.883,1.0
188.0,128.173209,37.92776,5805.488414400001,40.772,34.143,345.776,1.0
188.1,128.173114,37.927917,5813.980142400001,40.171,35.023,346.657,1.0
188.2,128.173024,37.928074,5822.710224,40.016,35.907,347.548,1.0
188.3,128.172937,37.92823,5831.6658576,40.476,36.782,348.457,1.0
188.4,128.172853,37.928385,5840.8485672,41.35,37.635,349.375,1.0
188.5,128.172773,37.92854,5850.2568288,42.445,38.458,350.312,1.0
188.6,128.172697,37.928695,5859.8830224,43.648,39.246,351.28,1.0
188.7,128.172624,37.928849,5869.719223200001,44.885,39.998,352.287,1.0
188.8,128.172555,37.929002,5879.7584208,46.071,40.714,353.332,1.0
188.9,128.172489,37.929154,5889.994214400001,47.133,41.398,354.413,1.0
189.0,128.172428,37.929306,5900.4195936,48.04,42.053,355.529,1.0
189.1,128.172369,37.929456,5911.025719200001,48.824,42.685,356.675,1.0
189.2,128.172315,37.929606,5921.803752000001,49.57,43.294,357.85,1.0
189.3,128.172264,37.929755,5932.746072,50.339,43.882,359.046,1.0
189.4,128.172216,37.929903,5943.8459736,51.154,44.449,0.26,1.0
189.5,128.172172,37.93005,5955.0988848,52.016,44.995,1.488,1.0
189.6,128.172132,37.930196,5966.498100000001,52.936,45.52,2.733,1.0
189.7,128.172095,37.930342,5978.037828,53.923,46.022,3.995,1.0
189.8,128.172061,37.930486,5989.7128872,54.971,46.5,5.274,1.0
189.9,128.172031,37.930629,6001.5174864,56.067,46.954,6.571,1.0
190.0,128.172004,37.930771,6013.4461392,57.195,47.383,7.887,1.0
190.1,128.17198,37.930911,6025.4936640000005,58.337,47.787,9.222,1.0
190.2,128.17196,37.931051,6037.6548792,59.481,48.165,10.575,1.0
190.3,128.171943,37.93119,6049.9246032,60.616,48.52,11.946,1.0
190.4,128.17193,37.931327,6062.298568800001,61.71,48.851,13.332,1.0
190.5,128.17192,37.931463,6074.7761664,62.679,49.163,14.731,1.0
190.6,128.171913,37.931598,6087.3570912000005,63.441,49.462,16.14,1.0
190.7,128.17191,37.931731,6100.0382952,64.015,49.752,17.565,1.0
190.8,128.171911,37.931863,6112.8170352,64.439,50.039,19.007,1.0
190.9,128.171915,37.931994,6125.6899584,64.751,50.323,20.452,1.0
191.0,128.171922,37.932123,6138.652492800001,65.04,50.598,21.867,1.0
191.1,128.171933,37.932251,6151.697628000001,65.45,50.859,23.238,1.0
191.2,128.171946,37.932377,6164.819268,66.099,51.103,24.561,1.0
191.3,128.171963,37.932502,6178.0113168,67.044,51.321,25.83,1.0
191.4,128.171982,37.932625,6191.2704216,68.194,51.505,27.028,1.0
191.5,128.172004,37.932747,6204.594144,69.344,51.649,28.136,1.0
191.6,128.17203,37.932867,6217.9782168,70.37,51.755,29.174,1.0
191.7,128.172058,37.932986,6231.4159344,71.31,51.838,30.205,1.0
191.8,128.172089,37.933103,6244.8999816000005,72.253,51.908,31.278,1.0
191.9,128.172123,37.933219,6258.4245672,73.279,51.969,32.416,1.0
192.0,128.172159,37.933334,6271.9842048,74.424,52.022,33.629,1.0
192.1,128.172198,37.933447,6285.574627200001,75.705,52.064,34.917,1.0
192.2,128.172239,37.933559,6299.1909576,77.12,52.091,36.275,1.0
192.3,128.172283,37.93367,6312.8289288000005,78.648,52.098,37.695,1.0
192.4,128.172329,37.933779,6326.484578400001,80.257,52.081,39.167,1.0
192.5,128.172378,37.933887,6340.1533344,81.9,52.035,40.679,1.0
192.6,128.17243,37.933993,6353.830015200001,83.526,51.959,42.217,1.0
192.7,128.172484,37.934098,6367.509744,85.077,51.851,43.765,1.0
192.8,128.172541,37.934202,6381.186424800001,86.508,51.714,45.298,1.0
192.9,128.1726,37.934304,6394.8542664,87.766,51.55,46.78,1.0
193.0,128.172662,37.934404,6408.507782400001,88.789,51.366,48.163,1.0
193.1,128.172726,37.934502,6422.141791200001,89.524,51.169,49.412,1.0
193.2,128.172793,37.934599,6435.751111200001,89.97,50.97,50.525,1.0
193.3,128.172863,37.934695,6449.3320848,90.185,50.774,51.54,1.0
193.4,128.172935,37.934788,6462.881359200001,90.252,50.586,52.504,1.0
193.5,128.173009,37.93488,6476.3961912,90.248,50.409,53.458,1.0
193.6,128.173086,37.93497,6489.874752000001,90.226,50.243,54.429,1.0
193.7,128.173165,37.935059,6503.3146032,90.221,50.089,55.432,1.0
193.8,128.173246,37.935145,6516.7151352,90.25,49.946,56.474,1.0
193.9,128.173329,37.93523,6530.073909600001,90.324,49.812,57.555,1.0
194.0,128.173415,37.935313,6543.3906216000005,90.451,49.686,58.673,1.0
194.1,128.173502,37.935395,6556.6631376000005,90.675,49.563,59.82,1.0
194.2,128.173591,37.935475,6569.8905432,91.057,49.439,60.988,1.0
194.3,128.173682,37.935553,6583.0707048,91.626,49.31,62.171,1.0
194.4,128.173775,37.93563,6596.2020984,92.37,49.171,63.363,1.0
194.5,128.173869,37.935705,6609.2819808,93.251,49.021,64.562,1.0
194.6,128.173965,37.935778,6622.307913600001,94.221,48.854,65.766,1.0
194.7,128.174063,37.935849,6635.2771536,95.237,48.667,66.973,1.0
194.8,128.174162,37.935919,6648.1866528,96.262,48.458,68.181,1.0
194.9,128.174263,37.935988,6661.033668,97.271,48.227,69.385,1.0
195.0,128.174366,37.936054,6673.8151512,98.248,47.974,70.581,1.0
195.1,128.17447,37.936119,6686.528664,99.185,47.699,71.766,1.0
195.2,128.174576,37.936182,6699.171768,100.084,47.403,72.936,1.0
195.3,128.174683,37.936243,6711.741720000001,100.95,47.089,74.088,1.0
195.4,128.174792,37.936303,6724.2363864,101.79,46.758,75.222,1.0
195.5,128.174902,37.936361,6736.6527192,102.61,46.411,76.335,1.0
195.6,128.175013,37.936418,6748.9888896,103.421,46.049,77.426,1.0
195.7,128.175126,37.936472,6761.242459200001,104.234,45.673,78.494,1.0
195.8,128.17524,37.936525,6773.4112944,105.058,45.284,79.536,1.0
195.9,128.175356,37.936577,6785.4932616,105.9,44.882,80.552,1.0
196.0,128.175473,37.936627,6797.4862272,106.761,44.467,81.541,1.0
196.1,128.175591,37.936675,6809.3880576,107.64,44.038,82.502,1.0
196.2,128.17571,37.936722,6821.1963144,108.535,43.596,83.437,1.0
196.3,128.175831,37.936767,6832.909168800001,109.441,43.139,84.345,1.0
196.4,128.175952,37.936811,6844.523877600001,110.353,42.668,85.228,1.0
196.5,128.176075,37.936853,6856.0383071999995,111.266,42.182,86.085,1.0
196.6,128.176199,37.936894,6867.450933600001,112.177,41.682,86.916,1.0
196.7,128.176324,37.936933,6878.7587088,113.082,41.167,87.722,1.0
196.8,128.17645,37.936971,6889.9588896000005,113.975,40.638,88.503,1.0
196.9,128.176577,37.937007,6901.048428000001,114.853,40.096,89.258,1.0
197.0,128.176705,37.937042,6912.0233616,115.718,39.54,89.989,1.0
197.1,128.176834,37.937075,6922.8806424,116.57,38.972,90.696,1.0
197.2,128.176965,37.937106,6933.6169176,117.413,38.39,91.382,1.0
197.3,128.177096,37.937136,6944.2288344,118.247,37.796,92.046,1.0
197.4,128.177229,37.937165,6954.7139544,119.073,37.19,92.691,1.0
197.5,128.177362,37.937192,6965.0698392,119.888,36.571,93.317,1.0
197.6,128.177497,37.937217,6975.2946600000005,120.69,35.942,93.925,1.0
197.7,128.177632,37.937241,6985.385978400001,121.474,35.301,94.514,1.0
197.8,128.177768,37.937264,6995.341660800001,122.235,34.652,95.086,1.0
197.9,128.177906,37.937285,7005.159878400001,122.967,33.993,95.639,1.0
198.0,128.178044,37.937305,7014.837888000001,123.663,33.327,96.176,1.0
198.1,128.178183,37.937323,7024.3738608,124.316,32.655,96.696,1.0
198.2,128.178323,37.93734,7033.765968000001,124.921,31.976,97.202,1.0
198.3,128.178464,37.937356,7043.0117712,125.474,31.293,97.695,1.0
198.4,128.178605,37.93737,7052.1097464,125.973,30.606,98.177,1.0
198.5,128.178748,37.937383,7061.0580648000005,126.429,29.918,98.645,1.0
198.6,128.178891,37.937394,7069.8555072,126.859,29.233,99.095,1.0
198.7,128.179035,37.937404,7078.5008544,127.266,28.551,99.528,1.0
198.8,128.17918,37.937413,7086.9922776,127.645,27.871,99.951,1.0
198.9,128.179326,37.937421,7095.327948,127.992,27.192,100.366,1.0
199.0,128.179472,37.937427,7103.5066464,128.305,26.516,100.771,1.0
199.1,128.17962,37.937432,7111.5280680000005,128.587,25.847,101.162,1.0
199.2,128.179767,37.937436,7119.3909936,128.844,25.192,101.53,1.0
199.3,128.179916,37.937438,7127.095728,129.083,24.557,101.866,1.0
199.4,128.180065,37.937439,7134.6422712,129.312,23.947,102.167,1.0
199.5,128.180215,37.937439,7142.0303184,129.529,23.363,102.432,1.0
199.6,128.180365,37.937438,7149.258955200001,129.709,22.818,102.645,1.0
199.7,128.180516,37.937436,7156.3272672,129.8,22.33,102.79,1.0
199.8,128.180668,37.937433,7163.2352544000005,129.786,21.904,102.858,1.0
199.9,128.18082,37.937428,7169.9871840000005,129.71,21.524,102.872,1.0
