iteration,sampled_steps,stage,probe,probe_step,obs_first4,action_roll,action_pitch,action_rudder,action_throttle,action_norm,action_delta_norm,state_in_norm,state_out_norm
0,0,35,zero_hold,0,"[0.0, 0.0, 0.0, 0.0]",-0.298286497592926,-0.17795757949352264,-0.07589729875326157,0.5790290832519531,0.6794695258140564,0.0,0.0,5.492535932748117
0,0,35,zero_hold,1,"[0.0, 0.0, 0.0, 0.0]",-0.32713401317596436,-0.20705321431159973,-0.0984215959906578,0.9938881397247314,1.0711619853973389,0.41748547554016113,5.492535932748117,8.482550115345505
0,0,35,zero_hold,2,"[0.0, 0.0, 0.0, 0.0]",-0.06973084807395935,-0.4347596764564514,-0.13745154440402985,1.1168668270111084,1.2083719968795776,0.3670881688594818,8.482550115345505,10.667298374705451
0,0,35,zero_hold,3,"[0.0, 0.0, 0.0, 0.0]",-0.10238496959209442,-0.2838280200958252,-0.1398678719997406,1.1613030433654785,1.2079854011535645,0.16070803999900818,10.667298374705451,12.635335927985729
0,0,35,target_ahead,0,"[0.0, 0.0, 0.0, 0.0]",1.0687212944030762,-0.5148959159851074,-0.5957787036895752,-0.14217451214790344,1.3350838422775269,0.0,0.0,7.959067240812872
0,0,35,target_ahead,1,"[0.009999999776482582, 0.0, 0.0, 0.0]",0.9621238112449646,-0.5279759168624878,-0.8360487222671509,-0.23121526837348938,1.398884892463684,0.27783456444740295,7.959067240812872,11.439356141577573
0,0,35,target_ahead,2,"[0.019999999552965164, 0.0, 0.0, 0.0]",0.8835671544075012,-0.5136638879776001,-0.9063092470169067,-0.3182404637336731,1.4025744199752808,0.13742601871490479,11.439356141577573,15.073487832576332
0,0,35,target_ahead,3,"[0.029999999329447746, 0.0, 0.0, 0.0]",0.8308298587799072,-0.5074838399887085,-0.9327728152275085,-0.350470632314682,1.393094778060913,0.06751681119203568,15.073487832576332,18.8399159421764
0,0,35,target_left,0,"[0.0, 0.0, 0.0, 0.0]",-0.4127153158187866,-1.6255110502243042,0.7714511156082153,-0.29634249210357666,1.8696458339691162,0.0,0.0,8.69586181188357
0,0,35,target_left,1,"[0.009999999776482582, 0.0, 0.0, 0.0]",-0.8751586675643921,-1.6378239393234253,1.0924954414367676,-0.09559565782546997,2.156630516052246,0.5978078246116638,8.69586181188357,13.029885561452456
0,0,35,target_left,2,"[0.019999999552965164, 0.0, 0.0, 0.0]",-0.754616379737854,-1.7022387981414795,1.089098572731018,-0.012143734842538834,2.1571614742279053,0.16017328202724457,13.029885561452456,17.110564422844533
0,0,35,target_left,3,"[0.029999999329447746, 0.0, 0.0, 0.0]",-0.759465754032135,-1.7303179502487183,1.0728801488876343,0.01801883801817894,2.1730589866638184,0.04455079510807991,17.110564422844533,21.159151952003732
0,0,35,ramp,0,"[-0.5, -0.4333333373069763, -0.36666667461395264, -0.30000001192092896]",-0.4071877598762512,-1.2067639827728271,-0.030151186510920525,0.14423462748527527,1.2821052074432373,0.0,0.0,9.732253804540584
0,0,35,ramp,1,"[-0.47999998927116394, -0.41333332657814026, -0.3466666638851166, -0.2800000011920929]",-0.5662118196487427,-1.002474069595337,0.27641916275024414,0.20798547565937042,1.2021712064743042,0.4062912166118622,9.732253804540584,13.670759879571468
0,0,35,ramp,2,"[-0.46000000834465027, -0.3933333456516266, -0.3266666829586029, -0.2600000202655792]",-0.7064704298973083,-1.0277587175369263,0.3357233703136444,0.19735735654830933,1.3065407276153564,0.1547311693429947,13.670759879571468,18.010363221216743
0,0,35,ramp,3,"[-0.4399999976158142, -0.3733333349227905, -0.30666667222976685, -0.24000000953674316]",-0.8258212804794312,-0.9915643930435181,0.31185418367385864,0.2141284942626953,1.3447247743606567,0.12808459997177124,18.010363221216743,22.458079561334827
25,25,35,zero_hold,0,"[0.0, 0.0, 0.0, 0.0]",-0.3115510046482086,-0.20675387978553772,-0.06877214461565018,0.5982338786125183,0.7088191509246826,0.0,0.0,5.5863198213587975
25,25,35,zero_hold,1,"[0.0, 0.0, 0.0, 0.0]",-0.3173857629299164,-0.21432989835739136,-0.08034973591566086,1.0081607103347778,1.0814412832260132,0.410201758146286,5.5863198213587975,8.628662503653716
25,25,35,zero_hold,2,"[0.0, 0.0, 0.0, 0.0]",-0.11319837719202042,-0.4450088441371918,-0.10606873035430908,1.1186710596084595,1.2138872146606445,0.32829752564430237,8.628662503653716,10.861203695621084
25,25,35,zero_hold,3,"[0.0, 0.0, 0.0, 0.0]",-0.12650880217552185,-0.289909303188324,-0.10044705867767334,1.1692956686019897,1.215480923652649,0.1637910008430481,10.861203695621084,12.881380237455422
25,25,35,target_ahead,0,"[0.0, 0.0, 0.0, 0.0]",1.0778369903564453,-0.5127365589141846,-0.5821229219436646,-0.08880461752414703,1.3309338092803955,0.0,0.0,7.9368019360703475
25,25,35,target_ahead,1,"[0.009999999776482582, 0.0, 0.0, 0.0]",0.9922569990158081,-0.5336880683898926,-0.8449721336364746,-0.19829627871513367,1.422215223312378,0.29806214570999146,7.9368019360703475,11.541639336581452
25,25,35,target_ahead,2,"[0.019999999552965164, 0.0, 0.0, 0.0]",0.932504415512085,-0.5173677206039429,-0.9167598485946655,-0.27163663506507874,1.4322949647903442,0.11987080425024033,11.541639336581452,15.232169060416625
25,25,35,target_ahead,3,"[0.029999999329447746, 0.0, 0.0, 0.0]",0.8942300081253052,-0.5090316534042358,-0.9511439800262451,-0.2951999604701996,1.4319840669631958,0.05720068886876106,15.232169060416625,19.048825400749706
25,25,35,target_left,0,"[0.0, 0.0, 0.0, 0.0]",-0.4032226502895355,-1.6667068004608154,0.794026255607605,-0.26803523302078247,1.9086174964904785,0.0,0.0,8.714592870288131
25,25,35,target_left,1,"[0.009999999776482582, 0.0, 0.0, 0.0]",-0.8808766603469849,-1.66058349609375,1.1309248208999634,-0.07071472704410553,2.1948742866516113,0.6169496178627014,8.714592870288131,13.049442243623412
25,25,35,target_left,2,"[0.019999999552965164, 0.0, 0.0, 0.0]",-0.7735278606414795,-1.7250313758850098,1.1222052574157715,0.02033846452832222,2.198598861694336,0.15506130456924438,13.049442243623412,17.12927074693768
25,25,35,target_left,3,"[0.029999999329447746, 0.0, 0.0, 0.0]",-0.7763932943344116,-1.7533817291259766,1.1039594411849976,0.05615584924817085,2.213371753692627,0.04927218332886696,17.12927074693768,21.197294439236362
25,25,35,ramp,0,"[-0.5, -0.4333333373069763, -0.36666667461395264, -0.30000001192092896]",-0.4194224774837494,-1.1960313320159912,-0.04000788554549217,0.14793144166469574,1.2766716480255127,0.0,0.0,9.743607679697153
25,25,35,ramp,1,"[-0.47999998927116394, -0.41333332657814026, -0.3466666638851166, -0.2800000011920929]",-0.5862802267074585,-1.0104650259017944,0.2660920321941376,0.21988414227962494,1.2181618213653564,0.40143582224845886,9.743607679697153,13.702448624871963
25,25,35,ramp,2,"[-0.46000000834465027, -0.3933333456516266, -0.3266666829586029, -0.2600000202655792]",-0.7389786243438721,-1.0315394401550293,0.32434532046318054,0.21006764471530914,1.326458215713501,0.16507798433303833,13.702448624871963,18.03093642870785
25,25,35,ramp,3,"[-0.4399999976158142, -0.3733333349227905, -0.30666667222976685, -0.24000000953674316]",-0.8521981239318848,-0.9922226071357727,0.29942288994789124,0.2268572896718979,1.360832691192627,0.12356168031692505,18.03093642870785,22.491349766899305
50,50,35,zero_hold,0,"[0.0, 0.0, 0.0, 0.0]",-0.32946595549583435,-0.16810394823551178,-0.0647968277335167,0.6072378158569336,0.713962972164154,0.0,0.0,5.551340091933681
50,50,35,zero_hold,1,"[0.0, 0.0, 0.0, 0.0]",-0.3308505117893219,-0.1753954142332077,-0.0679028183221817,1.003808617591858,1.073530673980713,0.3966524004936218,5.551340091933681,8.553427137484903
50,50,35,zero_hold,2,"[0.0, 0.0, 0.0, 0.0]",-0.11637268215417862,-0.4154844284057617,-0.0952950119972229,1.1205511093139648,1.2045272588729858,0.34354421496391296,8.553427137484903,10.765599537533408
50,50,35,zero_hold,3,"[0.0, 0.0, 0.0, 0.0]",-0.12042873352766037,-0.2604811489582062,-0.09619639813899994,1.179260015487671,1.2174816131591797,0.16580113768577576,10.765599537533408,12.762748832937003
50,50,35,target_ahead,0,"[0.0, 0.0, 0.0, 0.0]",1.0688865184783936,-0.5292704105377197,-0.5720542669296265,-0.11935583502054214,1.328208327293396,0.0,0.0,7.965929838543599
50,50,35,target_ahead,1,"[0.009999999776482582, 0.0, 0.0, 0.0]",0.971701979637146,-0.5575986504554749,-0.8281117677688599,-0.22990158200263977,1.412000298500061,0.2967037856578827,7.965929838543599,11.598224544885325
50,50,35,target_ahead,2,"[0.019999999552965164, 0.0, 0.0, 0.0]",0.9045781493186951,-0.5445325970649719,-0.8882245421409607,-0.29977986216545105,1.41194486618042,0.11477303504943848,11.598224544885325,15.287620597303519
50,50,35,target_ahead,3,"[0.029999999329447746, 0.0, 0.0, 0.0]",0.8593591451644897,-0.5390303730964661,-0.9132018089294434,-0.31778520345687866,1.4014196395874023,0.05498262494802475,15.287620597303519,19.089074973963214
50,50,35,target_left,0,"[0.0, 0.0, 0.0, 0.0]",-0.4041762053966522,-1.6636457443237305,0.7999318838119507,-0.27066659927368164,1.9089858531951904,0.0,0.0,8.693950087200992
50,50,35,target_left,1,"[0.009999999776482582, 0.0, 0.0, 0.0]",-0.8828654885292053,-1.646046757698059,1.1461948156356812,-0.06337893754243851,2.1924190521240234,0.6263540387153625,8.693950087200992,13.056885953443683
50,50,35,target_left,2,"[0.019999999552965164, 0.0, 0.0, 0.0]",-0.7766752243041992,-1.705777883529663,1.1386786699295044,0.01767899841070175,2.193126678466797,0.14653006196022034,13.056885953443683,17.157739497839724
50,50,35,target_left,3,"[0.029999999329447746, 0.0, 0.0, 0.0]",-0.7885119318962097,-1.736171007156372,1.1231364011764526,0.05044626444578171,2.21359920501709,0.04877607524394989,17.157739497839724,21.247922001608426
50,50,35,ramp,0,"[-0.5, -0.4333333373069763, -0.36666667461395264, -0.30000001192092896]",-0.4292219281196594,-1.2156033515930176,-0.017860811203718185,0.2249145805835724,1.3087507486343384,0.0,0.0,9.70769022850267
50,50,35,ramp,1,"[-0.47999998927116394, -0.41333332657814026, -0.3466666638851166, -0.2800000011920929]",-0.6008247137069702,-0.9876693487167358,0.2542659044265747,0.23186177015304565,1.2061891555786133,0.3943382203578949,9.70769022850267,13.635043292589788
50,50,35,ramp,2,"[-0.46000000834465027, -0.3933333456516266, -0.3266666829586029, -0.2600000202655792]",-0.7257158160209656,-1.0201009511947632,0.30980074405670166,0.21343573927879333,1.3072110414505005,0.1416800320148468,13.635043292589788,17.987956308163525
50,50,35,ramp,3,"[-0.4399999976158142, -0.3733333349227905, -0.30666667222976685, -0.24000000953674316]",-0.8352980017662048,-0.9702121019363403,0.2896386981010437,0.22727835178375244,1.3321337699890137,0.12286284565925598,17.987956308163525,22.455239140800614
75,75,35,zero_hold,0,"[0.0, 0.0, 0.0, 0.0]",-0.33930084109306335,-0.16464360058307648,-0.06998245418071747,0.6250532865524292,0.7333632707595825,0.0,0.0,5.589112370637103
75,75,35,zero_hold,1,"[0.0, 0.0, 0.0, 0.0]",-0.29592597484588623,-0.14027249813079834,-0.06540638953447342,1.0281685590744019,1.0810444355010986,0.40619969367980957,5.589112370637103,8.583490695633774
75,75,35,zero_hold,2,"[0.0, 0.0, 0.0, 0.0]",-0.10672430694103241,-0.3785823881626129,-0.0944521501660347,1.1440712213516235,1.2134804725646973,0.3269035816192627,8.583490695633774,10.813369757856897
75,75,35,zero_hold,3,"[0.0, 0.0, 0.0, 0.0]",-0.10553842782974243,-0.21694415807724,-0.08344930410385132,1.2028965950012207,1.2296857833862305,0.17236533761024475,10.813369757856897,12.84949319686137
75,75,35,target_ahead,0,"[0.0, 0.0, 0.0, 0.0]",1.075214147567749,-0.540856122970581,-0.6020814776420593,-0.08546246588230133,1.3484867811203003,0.0,0.0,7.9697325988758125
75,75,35,target_ahead,1,"[0.009999999776482582, 0.0, 0.0, 0.0]",0.9780266284942627,-0.5677602887153625,-0.8806968927383423,-0.19546134769916534,1.446623682975769,0.3160625696182251,7.9697325988758125,11.616391585328863
75,75,35,target_ahead,2,"[0.019999999552965164, 0.0, 0.0, 0.0]",0.9313153624534607,-0.5426970720291138,-0.9513756036758423,-0.26889756321907043,1.462631106376648,0.11488457024097443,11.616391585328863,15.308268267176961
75,75,35,target_ahead,3,"[0.029999999329447746, 0.0, 0.0, 0.0]",0.9007183313369751,-0.531363308429718,-0.9909491539001465,-0.2925277352333069,1.470099687576294,0.056471969932317734,15.308268267176961,19.133764783246928
75,75,35,target_left,0,"[0.0, 0.0, 0.0, 0.0]",-0.41837450861930847,-1.6522862911224365,0.8166710734367371,-0.2768207788467407,1.9101488590240479,0.0,0.0,8.693462408748271
75,75,35,target_left,1,"[0.009999999776482582, 0.0, 0.0, 0.0]",-0.898827314376831,-1.6303257942199707,1.1509259939193726,-0.07219217717647552,2.1899075508117676,0.6204162836074829,8.693462408748271,13.054179858060223
75,75,35,target_left,2,"[0.019999999552965164, 0.0, 0.0, 0.0]",-0.7909889221191406,-1.6868765354156494,1.1378819942474365,0.00834907591342926,2.183130979537964,0.1465747058391571,13.054179858060223,17.157085298986896
75,75,35,target_left,3,"[0.029999999329447746, 0.0, 0.0, 0.0]",-0.8011192083358765,-1.7187732458114624,1.1168243885040283,0.03874434530735016,2.2010841369628906,0.04987302049994469,17.157085298986896,21.253345032720997
75,75,35,ramp,0,"[-0.5, -0.4333333373069763, -0.36666667461395264, -0.30000001192092896]",-0.43287840485572815,-1.2209349870681763,-0.013242537155747414,0.25686997175216675,1.3206905126571655,0.0,0.0,9.727202193365217
75,75,35,ramp,1,"[-0.47999998927116394, -0.41333332657814026, -0.3466666638851166, -0.2800000011920929]",-0.6212425827980042,-0.9433740377426147,0.2510690689086914,0.22470231354236603,1.1787382364273071,0.4282715618610382,9.727202193365217,13.623177337268228
75,75,35,ramp,2,"[-0.46000000834465027, -0.3933333456516266, -0.3266666829586029, -0.2600000202655792]",-0.7442275285720825,-1.014916181564331,0.30314716696739197,0.20527289807796478,1.3107115030288696,0.1527521014213562,13.623177337268228,18.005268017960823
75,75,35,ramp,3,"[-0.4399999976158142, -0.3733333349227905, -0.30666667222976685, -0.24000000953674316]",-0.8570491075515747,-0.9399705529212952,0.2871019244194031,0.22130145132541656,1.3226789236068726,0.13733142614364624,18.005268017960823,22.491276017649252
100,100,35,zero_hold,0,"[0.0, 0.0, 0.0, 0.0]",-0.3499942123889923,-0.15969063341617584,-0.06010645627975464,0.6183282732963562,0.7307117581367493,0.0,0.0,5.5716250335131905
100,100,35,zero_hold,1,"[0.0, 0.0, 0.0, 0.0]",-0.32859233021736145,-0.1316942572593689,-0.04197360575199127,1.0094183683395386,1.070515513420105,0.3930929899215698,5.5716250335131905,8.576550727623369
100,100,35,zero_hold,2,"[0.0, 0.0, 0.0, 0.0]",-0.12326353043317795,-0.36231911182403564,-0.06209663301706314,1.1228338479995728,1.1878893375396729,0.329569011926651,8.576550727623369,10.800693999205368
100,100,35,zero_hold,3,"[0.0, 0.0, 0.0, 0.0]",-0.14476944506168365,-0.20976431667804718,-0.05030703544616699,1.1788489818572998,1.2071350812911987,0.16435375809669495,10.800693999205368,12.8319874631515
100,100,35,target_ahead,0,"[0.0, 0.0, 0.0, 0.0]",1.0840998888015747,-0.5350697040557861,-0.5580775141716003,-0.013470251113176346,1.3316171169281006,0.0,0.0,8.002665826195203
100,100,35,target_ahead,1,"[0.009999999776482582, 0.0, 0.0, 0.0]",0.9997080564498901,-0.5704749822616577,-0.8178337812423706,-0.11014214158058167,1.416277289390564,0.29188060760498047,8.002665826195203,11.571766443012228
100,100,35,target_ahead,2,"[0.019999999552965164, 0.0, 0.0, 0.0]",0.9522167444229126,-0.5390679836273193,-0.8924605250358582,-0.19570207595825195,1.425516128540039,0.12700974941253662,11.571766443012228,15.221241456350311
100,100,35,target_ahead,3,"[0.029999999329447746, 0.0, 0.0, 0.0]",0.9174139499664307,-0.5215725302696228,-0.9358898997306824,-0.2337670773267746,1.4297633171081543,0.069659024477005,15.221241456350311,19.02901359574115
100,100,35,target_left,0,"[0.0, 0.0, 0.0, 0.0]",-0.4235195517539978,-1.6426587104797363,0.8270416855812073,-0.3075152337551117,1.9121348857879639,0.0,0.0,8.70198726826814
100,100,35,target_left,1,"[0.009999999776482582, 0.0, 0.0, 0.0]",-0.8963131308555603,-1.6415437459945679,1.1504830121994019,-0.10782749950885773,2.198472499847412,0.6066502332687378,8.70198726826814,13.085888040867642
100,100,35,target_left,2,"[0.019999999552965164, 0.0, 0.0, 0.0]",-0.7809672355651855,-1.6988024711608887,1.1396234035491943,-0.02328251674771309,2.18977689743042,0.1544312834739685,13.085888040867642,17.21515137464077
100,100,35,target_left,3,"[0.029999999329447746, 0.0, 0.0, 0.0]",-0.7967983484268188,-1.729134440422058,1.1167566776275635,0.011287223547697067,2.207275867462158,0.053745757788419724,17.21515137464077,21.32603494389062
100,100,35,ramp,0,"[-0.5, -0.4333333373069763, -0.36666667461395264, -0.30000001192092896]",-0.4370412528514862,-1.2034512758255005,0.011302814818918705,0.2341213971376419,1.3016300201416016,0.0,0.0,9.671079862318196
100,100,35,ramp,1,"[-0.47999998927116394, -0.41333332657814026, -0.3466666638851166, -0.2800000011920929]",-0.6459701061248779,-0.9057635068893433,0.24941709637641907,0.22197763621807098,1.1615368127822876,0.4348737299442291,9.671079862318196,13.626071034993336
100,100,35,ramp,2,"[-0.46000000834465027, -0.3933333456516266, -0.3266666829586029, -0.2600000202655792]",-0.7687337398529053,-1.0113011598587036,0.28697535395622253,0.20147012174129486,1.3178112506866455,0.16745233535766602,13.626071034993336,18.003430983996683
100,100,35,ramp,3,"[-0.4399999976158142, -0.3733333349227905, -0.30666667222976685, -0.24000000953674316]",-0.8804328441619873,-0.9191461801528931,0.2646006941795349,0.22033490240573883,1.3185418844223022,0.1477353572845459,18.003430983996683,22.49067269519683
125,125,35,zero_hold,0,"[0.0, 0.0, 0.0, 0.0]",-0.3723333477973938,-0.1467048078775406,-0.057089753448963165,0.618035078048706,0.7384991645812988,0.0,0.0,5.591486024183261
125,125,35,zero_hold,1,"[0.0, 0.0, 0.0, 0.0]",-0.32253608107566833,-0.11067920923233032,-0.03764402121305466,1.0133403539657593,1.0698388814926147,0.4005271792411804,5.591486024183261,8.605114209038035
125,125,35,zero_hold,2,"[0.0, 0.0, 0.0, 0.0]",-0.13254709541797638,-0.3429529666900635,-0.06202969700098038,1.134427785873413,1.1941355466842651,0.32450538873672485,8.605114209038035,10.842341272196414
125,125,35,zero_hold,3,"[0.0, 0.0, 0.0, 0.0]",-0.1319873332977295,-0.1926364302635193,-0.05217714607715607,1.1978615522384644,1.2215253114700317,0.1634511798620224,10.842341272196414,12.902521458809606
125,125,35,target_ahead,0,"[0.0, 0.0, 0.0, 0.0]",1.0657095909118652,-0.5553293824195862,-0.5421550273895264,-0.009428150951862335,1.3183887004852295,0.0,0.0,8.018901527821006
125,125,35,target_ahead,1,"[0.009999999776482582, 0.0, 0.0, 0.0]",0.9306860566139221,-0.6039113998413086,-0.7981835007667542,-0.13316130638122559,1.3732131719589233,0.3185153603553772,8.018901527821006,11.586272828000702
125,125,35,target_ahead,2,"[0.019999999552965164, 0.0, 0.0, 0.0]",0.84117192029953,-0.5721109509468079,-0.8537139892578125,-0.2180277705192566,1.345824956893921,0.13896043598651886,11.586272828000702,15.223681219162987
125,125,35,target_ahead,3,"[0.029999999329447746, 0.0, 0.0, 0.0]",0.7842881679534912,-0.55698162317276,-0.8749666810035706,-0.2492702603340149,1.324023723602295,0.06994589418172836,15.223681219162987,19.00268788550746
125,125,35,target_left,0,"[0.0, 0.0, 0.0, 0.0]",-0.44117099046707153,-1.653427004814148,0.7925931215286255,-0.3211669623851776,1.9130616188049316,0.0,0.0,8.702291420045903
125,125,35,target_left,1,"[0.009999999776482582, 0.0, 0.0, 0.0]",-0.8824042081832886,-1.6422607898712158,1.1008957624435425,-0.11401524394750595,2.16809344291687,0.5768654942512512,8.702291420045903,13.090570394244084
125,125,35,target_left,2,"[0.019999999552965164, 0.0, 0.0, 0.0]",-0.7470788359642029,-1.6981585025787354,1.0859054327011108,-0.04161163419485092,2.1500678062438965,0.1640259325504303,13.090570394244084,17.252883157566227
125,125,35,target_left,3,"[0.029999999329447746, 0.0, 0.0, 0.0]",-0.7740207314491272,-1.7289782762527466,1.061180830001831,-0.011078886687755585,2.1713361740112305,0.05673868954181671,17.252883157566227,21.39575745475895
125,125,35,ramp,0,"[-0.5, -0.4333333373069763, -0.36666667461395264, -0.30000001192092896]",-0.4553285241127014,-1.2058942317962646,0.028949497267603874,0.23644953966140747,1.3108209371566772,0.0,0.0,9.619994690143587
125,125,35,ramp,1,"[-0.47999998927116394, -0.41333332657814026, -0.3466666638851166, -0.2800000011920929]",-0.6625745892524719,-0.8819310069084167,0.24609622359275818,0.2046077847480774,1.1485795974731445,0.44279760122299194,9.619994690143587,13.616787739120145
125,125,35,ramp,2,"[-0.46000000834465027, -0.3933333456516266, -0.3266666829586029, -0.2600000202655792]",-0.780189573764801,-1.0419268608093262,0.26660141348838806,0.1870901882648468,1.3417848348617554,0.2003978192806244,13.616787739120145,18.018881816153538
125,125,35,ramp,3,"[-0.4399999976158142, -0.3733333349227905, -0.30666667222976685, -0.24000000953674316]",-0.8911572694778442,-0.9142423868179321,0.23947061598300934,0.21006500720977783,1.315854787826538,0.17286144196987152,18.018881816153538,22.524771920405808
150,150,35,zero_hold,0,"[0.0, 0.0, 0.0, 0.0]",-0.36678585410118103,-0.15442927181720734,-0.041723668575286865,0.6251925230026245,0.742284893989563,0.0,0.0,5.591660579938224
150,150,35,zero_hold,1,"[0.0, 0.0, 0.0, 0.0]",-0.29932504892349243,-0.1128428727388382,-0.019799338653683662,1.0319570302963257,1.0805814266204834,0.414992094039917,5.591660579938224,8.593386483325077
150,150,35,zero_hold,2,"[0.0, 0.0, 0.0, 0.0]",-0.09924554079771042,-0.34259870648384094,-0.057393983006477356,1.166785478591919,1.2214360237121582,0.3352784216403961,8.593386483325077,10.846796979995302
150,150,35,zero_hold,3,"[0.0, 0.0, 0.0, 0.0]",-0.10875865072011948,-0.19355866312980652,-0.054529689252376556,1.230790138244629,1.2518430948257446,0.162506103515625,10.846796979995302,12.901857948285052
150,150,35,target_ahead,0,"[0.0, 0.0, 0.0, 0.0]",1.0616704225540161,-0.5479412078857422,-0.5329388976097107,-0.029095012694597244,1.3085312843322754,0.0,0.0,8.076494347771659
150,150,35,target_ahead,1,"[0.009999999776482582, 0.0, 0.0, 0.0]",0.8773319721221924,-0.5889441967010498,-0.7873349189758301,-0.20179800689220428,1.3331111669540405,0.3608400821685791,8.076494347771659,11.724324400743543
150,150,35,target_ahead,2,"[0.019999999552965164, 0.0, 0.0, 0.0]",0.7818248271942139,-0.5551384687423706,-0.8334667086601257,-0.2746204733848572,1.2998121976852417,0.1330251693725586,11.724324400743543,15.421548254553024
150,150,35,target_ahead,3,"[0.029999999329447746, 0.0, 0.0, 0.0]",0.7411438226699829,-0.5409680008888245,-0.8552802801132202,-0.28854450583457947,1.2871297597885132,0.05025392398238182,15.421548254553024,19.2552639482231
150,150,35,target_left,0,"[0.0, 0.0, 0.0, 0.0]",-0.3786514699459076,-1.665181279182434,0.8458418250083923,-0.3045940101146698,1.92987859249115,0.0,0.0,8.707183658558007
150,150,35,target_left,1,"[0.009999999776482582, 0.0, 0.0, 0.0]",-0.8265752792358398,-1.6718748807907104,1.1356043815612793,-0.11017505824565887,2.1863503456115723,0.5678394436836243,8.707183658558007,13.07098063598134
150,150,35,target_left,2,"[0.019999999552965164, 0.0, 0.0, 0.0]",-0.7115855813026428,-1.7278701066970825,1.1166071891784668,-0.03206433728337288,2.1770918369293213,0.15106381475925446,13.07098063598134,17.20549886932592
150,150,35,target_left,3,"[0.029999999329447746, 0.0, 0.0, 0.0]",-0.7292827367782593,-1.7565792798995972,1.0872052907943726,-0.004207391291856766,2.1907663345336914,0.052705664187669754,17.20549886932592,21.323410387766472
150,150,35,ramp,0,"[-0.5, -0.4333333373069763, -0.36666667461395264, -0.30000001192092896]",-0.3977830111980438,-1.254621148109436,0.020152276381850243,0.23827575147151947,1.337717056274414,0.0,0.0,9.669376130213395
150,150,35,ramp,1,"[-0.47999998927116394, -0.41333332657814026, -0.3466666638851166, -0.2800000011920929]",-0.5776134133338928,-0.9451533555984497,0.26966461539268494,0.21505145728588104,1.1601371765136719,0.43692684173583984,9.669376130213395,13.639240504265087
150,150,35,ramp,2,"[-0.46000000834465027, -0.3933333456516266, -0.3266666829586029, -0.2600000202655792]",-0.6969344615936279,-1.0586371421813965,0.3096283972263336,0.1927565485239029,1.318884015083313,0.1709100604057312,13.639240504265087,18.038457426326193
150,150,35,ramp,3,"[-0.4399999976158142, -0.3733333349227905, -0.30666667222976685, -0.24000000953674316]",-0.8195304870605469,-0.9605649709701538,0.2872261106967926,0.20926685631275177,1.3117190599441528,0.15944400429725647,18.038457426326193,22.527452124070695
175,175,35,zero_hold,0,"[0.0, 0.0, 0.0, 0.0]",-0.3673749566078186,-0.1536552459001541,-0.0402800478041172,0.6211387515068054,0.7389249801635742,0.0,0.0,5.537081503946245
175,175,35,zero_hold,1,"[0.0, 0.0, 0.0, 0.0]",-0.32057297229766846,-0.10540510714054108,-0.016239933669567108,1.0216307640075684,1.0760438442230225,0.40680497884750366,5.537081503946245,8.526966595855543
175,175,35,zero_hold,2,"[0.0, 0.0, 0.0, 0.0]",-0.11013808101415634,-0.33431825041770935,-0.04746948927640915,1.1640020608901978,1.2169853448867798,0.34340783953666687,8.526966595855543,10.797167906108562
175,175,35,zero_hold,3,"[0.0, 0.0, 0.0, 0.0]",-0.12558560073375702,-0.19000662863254547,-0.04497598856687546,1.2268586158752441,1.2486308813095093,0.1581822782754898,10.797167906108562,12.850574652091353
175,175,35,target_ahead,0,"[0.0, 0.0, 0.0, 0.0]",1.0913550853729248,-0.5577175617218018,-0.5244272947311401,0.06830351054668427,1.334838628768921,0.0,0.0,8.067326644875928
175,175,35,target_ahead,1,"[0.009999999776482582, 0.0, 0.0, 0.0]",0.9119874238967896,-0.6211969256401062,-0.7745505571365356,-0.09733165800571442,1.3516688346862793,0.35524502396583557,8.067326644875928,11.715107263194353
175,175,35,target_ahead,2,"[0.019999999552965164, 0.0, 0.0, 0.0]",0.8068292140960693,-0.575671374797821,-0.8238218426704407,-0.18961791694164276,1.3026927709579468,0.15516197681427002,11.715107263194353,15.403520451417698
175,175,35,target_ahead,3,"[0.029999999329447746, 0.0, 0.0, 0.0]",0.7577343583106995,-0.5576658844947815,-0.8470675945281982,-0.2190367728471756,1.2847775220870972,0.06434544920921326,15.403520451417698,19.262721445006882
175,175,35,target_left,0,"[0.0, 0.0, 0.0, 0.0]",-0.3530392050743103,-1.652356743812561,0.8724280595779419,-0.28046002984046936,1.9221622943878174,0.0,0.0,8.675449368141656
175,175,35,target_left,1,"[0.009999999776482582, 0.0, 0.0, 0.0]",-0.7760249972343445,-1.6864850521087646,1.1448582410812378,-0.09501500427722931,2.183156967163086,0.5372986197471619,8.675449368141656,13.036465938655054
175,175,35,target_left,2,"[0.019999999552965164, 0.0, 0.0, 0.0]",-0.6702836155891418,-1.7479915618896484,1.1278764009475708,-0.018801461905241013,2.1856837272644043,0.14512468874454498,13.036465938655054,17.148049725074742
175,175,35,target_left,3,"[0.029999999329447746, 0.0, 0.0, 0.0]",-0.6804966330528259,-1.7729997634887695,1.1003925800323486,0.009135711938142776,2.194892168045044,0.04759792238473892,17.148049725074742,21.226728487633597
175,175,35,ramp,0,"[-0.5, -0.4333333373069763, -0.36666667461395264, -0.30000001192092896]",-0.3631328344345093,-1.2274585962295532,0.014908380806446075,0.2030181735754013,1.296132206916809,0.0,0.0,9.662890494581136
175,175,35,ramp,1,"[-0.47999998927116394, -0.41333332657814026, -0.3466666638851166, -0.2800000011920929]",-0.5254955887794495,-0.9520868062973022,0.24046175181865692,0.21471349895000458,1.1342568397521973,0.391410768032074,9.662890494581136,13.598938739664977
175,175,35,ramp,2,"[-0.46000000834465027, -0.3933333456516266, -0.3266666829586029, -0.2600000202655792]",-0.6335422396659851,-1.0185866355895996,0.2800816595554352,0.20044423639774323,1.2480056285858154,0.1336774230003357,13.598938739664977,17.97326905257347
175,175,35,ramp,3,"[-0.4399999976158142, -0.3733333349227905, -0.30666667222976685, -0.24000000953674316]",-0.755839467048645,-0.951906681060791,0.2588401138782501,0.2162143439054489,1.2614145278930664,0.14178408682346344,17.97326905257347,22.452623179643748
200,200,35,zero_hold,0,"[0.0, 0.0, 0.0, 0.0]",-0.3474409878253937,-0.14147955179214478,-0.05626135319471359,0.6158750653266907,0.7233250737190247,0.0,0.0,5.511127477418318
200,200,35,zero_hold,1,"[0.0, 0.0, 0.0, 0.0]",-0.32487788796424866,-0.10755996406078339,-0.03930668905377388,1.0202009677886963,1.076786756515503,0.406726598739624,5.511127477418318,8.478190739288149
200,200,35,zero_hold,2,"[0.0, 0.0, 0.0, 0.0]",-0.07732971012592316,-0.3301752507686615,-0.05913117155432701,1.1595085859298706,1.2095255851745605,0.3614377975463867,8.478190739288149,10.71537621837505
200,200,35,zero_hold,3,"[0.0, 0.0, 0.0, 0.0]",-0.11650572717189789,-0.18316246569156647,-0.05274585261940956,1.210275411605835,1.2307196855545044,0.16051654517650604,10.71537621837505,12.742627941459235
200,200,35,target_ahead,0,"[0.0, 0.0, 0.0, 0.0]",1.1057941913604736,-0.5553901195526123,-0.5320140719413757,0.04618673399090767,1.347743034362793,0.0,0.0,8.121990542570106
200,200,35,target_ahead,1,"[0.009999999776482582, 0.0, 0.0, 0.0]",0.8991625905036926,-0.6138979196548462,-0.7767771482467651,-0.14099861681461334,1.3448522090911865,0.3755890130996704,8.121990542570106,11.776768607269108
200,200,35,target_ahead,2,"[0.019999999552965164, 0.0, 0.0, 0.0]",0.7995892763137817,-0.572861909866333,-0.8122273683547974,-0.22264064848423004,1.2949116230010986,0.13971735537052155,11.776768607269108,15.485939626168935
200,200,35,target_ahead,3,"[0.029999999329447746, 0.0, 0.0, 0.0]",0.7593798637390137,-0.560310959815979,-0.834384024143219,-0.2458161860704422,1.2834439277648926,0.05293719097971916,15.485939626168935,19.371751855436425
200,200,35,target_left,0,"[0.0, 0.0, 0.0, 0.0]",-0.321842223405838,-1.642212986946106,0.8954541087150574,-0.285597562789917,1.9193357229232788,0.0,0.0,8.727929999663216
200,200,35,target_left,1,"[0.009999999776482582, 0.0, 0.0, 0.0]",-0.7682085037231445,-1.6869850158691406,1.1664332151412964,-0.12511520087718964,2.1936917304992676,0.5481164455413818,8.727929999663216,13.10493629310305
200,200,35,target_left,2,"[0.019999999552965164, 0.0, 0.0, 0.0]",-0.6831606030464172,-1.7448803186416626,1.1561435461044312,-0.04043961688876152,2.2021849155426025,0.1336444616317749,13.10493629310305,17.238612690460283
200,200,35,target_left,3,"[0.029999999329447746, 0.0, 0.0, 0.0]",-0.6849733591079712,-1.7651883363723755,1.1313209533691406,-0.013069402426481247,2.205705404281616,0.04220179468393326,17.238612690460283,21.33207804352163
200,200,35,ramp,0,"[-0.5, -0.4333333373069763, -0.36666667461395264, -0.30000001192092896]",-0.37758776545524597,-1.1958192586898804,0.012730158865451813,0.18467573821544647,1.2676054239273071,0.0,0.0,9.615124632103171
200,200,35,ramp,1,"[-0.47999998927116394, -0.41333332657814026, -0.3466666638851166, -0.2800000011920929]",-0.5215264558792114,-0.888107180595398,0.2468453049659729,0.2199515849351883,1.081681728363037,0.4140765070915222,9.615124632103171,13.577645429583221
200,200,35,ramp,2,"[-0.46000000834465027, -0.3933333456516266, -0.3266666829586029, -0.2600000202655792]",-0.6182655096054077,-0.9755433201789856,0.291757196187973,0.20217855274677277,1.2082778215408325,0.13905566930770874,13.577645429583221,17.979174062960144
200,200,35,ramp,3,"[-0.4399999976158142, -0.3733333349227905, -0.30666667222976685, -0.24000000953674316]",-0.7170944213867188,-0.9125608801841736,0.29777055978775024,0.2180931121110916,1.217876672744751,0.11842033267021179,17.979174062960144,22.451462141841088
225,225,35,zero_hold,0,"[0.0, 0.0, 0.0, 0.0]",-0.33655744791030884,-0.13963043689727783,-0.05557301640510559,0.6161705255508423,0.7179986238479614,0.0,0.0,5.48166007041161
225,225,35,zero_hold,1,"[0.0, 0.0, 0.0, 0.0]",-0.35050341486930847,-0.11915428936481476,-0.043416380882263184,1.0216683149337769,1.0875391960144043,0.4064357280731201,5.48166007041161,8.416563135699365
225,225,35,zero_hold,2,"[0.0, 0.0, 0.0, 0.0]",-0.06861022859811783,-0.3398912250995636,-0.056409068405628204,1.164896011352539,1.2167160511016846,0.3858387768268585,8.416563135699365,10.646737282046136
225,225,35,zero_hold,3,"[0.0, 0.0, 0.0, 0.0]",-0.13023626804351807,-0.1905570924282074,-0.05591364949941635,1.213591456413269,1.236609935760498,0.16873039305210114,10.646737282046136,12.659780426446682
225,225,35,target_ahead,0,"[0.0, 0.0, 0.0, 0.0]",1.105867624282837,-0.5616482496261597,-0.5287060141563416,0.08369671553373337,1.3508986234664917,0.0,0.0,8.152264942301366
225,225,35,target_ahead,1,"[0.009999999776482582, 0.0, 0.0, 0.0]",0.9000385999679565,-0.6209389567375183,-0.7603456377983093,-0.08505817502737045,1.3345392942428589,0.3577933609485626,8.152264942301366,11.776505283630586
225,225,35,target_ahead,2,"[0.019999999552965164, 0.0, 0.0, 0.0]",0.8101478815078735,-0.5781644582748413,-0.7941879034042358,-0.16177323460578918,1.2835570573806763,0.13015566766262054,11.776505283630586,15.442235971027156
225,225,35,target_ahead,3,"[0.029999999329447746, 0.0, 0.0, 0.0]",0.7681007385253906,-0.5649615526199341,-0.8178064227104187,-0.19040900468826294,1.270520806312561,0.05762048810720444,15.442235971027156,19.31461004980422
225,225,35,target_left,0,"[0.0, 0.0, 0.0, 0.0]",-0.303166002035141,-1.5844377279281616,0.9472710490226746,-0.305244117975235,1.8954812288284302,0.0,0.0,8.733228777160647
225,225,35,target_left,1,"[0.009999999776482582, 0.0, 0.0, 0.0]",-0.707522988319397,-1.6564875841140747,1.202488660812378,-0.1570601761341095,2.171447992324829,0.5057570934295654,8.733228777160647,13.124285822960902
225,225,35,target_left,2,"[0.019999999552965164, 0.0, 0.0, 0.0]",-0.6244865655899048,-1.7148946523666382,1.1918350458145142,-0.05993884056806564,2.1805756092071533,0.14089885354042053,13.124285822960902,17.267291873963458
225,225,35,target_left,3,"[0.029999999329447746, 0.0, 0.0, 0.0]",-0.6222809553146362,-1.731768250465393,1.1694228649139404,-0.031205914914608,2.1805453300476074,0.04021777957677841,17.267291873963458,21.369765071709253
225,225,35,ramp,0,"[-0.5, -0.4333333373069763, -0.36666667461395264, -0.30000001192092896]",-0.35128119587898254,-1.185411810874939,0.026908064261078835,0.18949845433235168,1.2510929107666016,0.0,0.0,9.617360495565904
225,225,35,ramp,1,"[-0.47999998927116394, -0.41333332657814026, -0.3466666638851166, -0.2800000011920929]",-0.48599371314048767,-0.8998124003410339,0.24628907442092896,0.21976903080940247,1.0746203660964966,0.38569265604019165,9.617360495565904,13.583014828687348
225,225,35,ramp,2,"[-0.46000000834465027, -0.3933333456516266, -0.3266666829586029, -0.2600000202655792]",-0.5783567428588867,-0.9864051342010498,0.29010874032974243,0.2042175531387329,1.1972299814224243,0.13487491011619568,13.583014828687348,17.946019753839497
225,225,35,ramp,3,"[-0.4399999976158142, -0.3733333349227905, -0.30666667222976685, -0.24000000953674316]",-0.6754443645477295,-0.9219245910644531,0.2993432879447937,0.21676123142242432,1.2011502981185913,0.11758557707071304,17.946019753839497,22.390245922455126
250,250,35,zero_hold,0,"[0.0, 0.0, 0.0, 0.0]",-0.32565242052078247,-0.13178014755249023,-0.05547691136598587,0.5996331572532654,0.6971750855445862,0.0,0.0,5.512915496857223
250,250,35,zero_hold,1,"[0.0, 0.0, 0.0, 0.0]",-0.3691791892051697,-0.1270584613084793,-0.04542108625173569,1.0172042846679688,1.090506672859192,0.4199804961681366,5.512915496857223,8.429222950118309
250,250,35,zero_hold,2,"[0.0, 0.0, 0.0, 0.0]",-0.06967292726039886,-0.326618492603302,-0.044051505625247955,1.1549063920974731,1.2030308246612549,0.38534653186798096,8.429222950118309,10.649886300160597
250,250,35,zero_hold,3,"[0.0, 0.0, 0.0, 0.0]",-0.15737473964691162,-0.19567756354808807,-0.038305968046188354,1.2002042531967163,1.226790189743042,0.16407938301563263,10.649886300160597,12.652235213290993
250,250,35,target_ahead,0,"[0.0, 0.0, 0.0, 0.0]",1.1126209497451782,-0.517980694770813,-0.5108609199523926,0.06508667767047882,1.330956220626831,0.0,0.0,8.099370107199462
250,250,35,target_ahead,1,"[0.009999999776482582, 0.0, 0.0, 0.0]",0.8908060789108276,-0.5650647282600403,-0.7736119627952576,-0.17112743854522705,1.3193155527114868,0.41982612013816833,8.099370107199462,11.689192219739684
250,250,35,target_ahead,2,"[0.019999999552965164, 0.0, 0.0, 0.0]",0.7860979437828064,-0.5312377214431763,-0.8016577959060669,-0.24718451499938965,1.2664591073989868,0.1366722583770752,11.689192219739684,15.3610567985489
250,250,35,target_ahead,3,"[0.029999999329447746, 0.0, 0.0, 0.0]",0.7435253262519836,-0.5219456553459167,-0.821834921836853,-0.26440685987472534,1.2532281875610352,0.05101466178894043,15.3610567985489,19.213780092415444
250,250,35,target_left,0,"[0.0, 0.0, 0.0, 0.0]",-0.31503820419311523,-1.5550920963287354,0.9377370476722717,-0.33387821912765503,1.8730685710906982,0.0,0.0,8.707054496251684
250,250,35,target_left,1,"[0.009999999776482582, 0.0, 0.0, 0.0]",-0.7142409682273865,-1.6505086421966553,1.1737170219421387,-0.20843467116355896,2.1576318740844727,0.48978546261787415,8.707054496251684,13.061443763788786
250,250,35,target_left,2,"[0.019999999552965164, 0.0, 0.0, 0.0]",-0.6465792059898376,-1.7140028476715088,1.1569401025772095,-0.10376167297363281,2.169135093688965,0.1408812552690506,13.061443763788786,17.17836301728088
250,250,35,target_left,3,"[0.029999999329447746, 0.0, 0.0, 0.0]",-0.6553641557693481,-1.7362033128738403,1.1249455213546753,-0.07179230451583862,2.1713039875030518,0.051144205033779144,17.17836301728088,21.25893619662189
250,250,35,ramp,0,"[-0.5, -0.4333333373069763, -0.36666667461395264, -0.30000001192092896]",-0.32119372487068176,-1.12766432762146,0.029397178441286087,0.1597973108291626,1.1837193965911865,0.0,0.0,9.592218815115912
250,250,35,ramp,1,"[-0.47999998927116394, -0.41333332657814026, -0.3466666638851166, -0.2800000011920929]",-0.4469972550868988,-0.7699419856071472,0.24500443041324615,0.2311297357082367,0.9518746733665466,0.44200295209884644,9.592218815115912,13.576155904826079
250,250,35,ramp,2,"[-0.46000000834465027, -0.3933333456516266, -0.3266666829586029, -0.2600000202655792]",-0.5529685616493225,-0.9366971254348755,0.2864702045917511,0.1994720995426178,1.1423791646957397,0.20434972643852234,13.576155904826079,17.92877797819684
250,250,35,ramp,3,"[-0.4399999976158142, -0.3733333349227905, -0.30666667222976685, -0.24000000953674316]",-0.6417229771614075,-0.841322660446167,0.32077598571777344,0.21013468503952026,1.1254714727401733,0.1351451575756073,17.92877797819684,22.36203453463611
275,275,35,zero_hold,0,"[0.0, 0.0, 0.0, 0.0]",-0.304194837808609,-0.12768706679344177,-0.06492602080106735,0.611138641834259,0.697527289390564,0.0,0.0,5.50423411749719
275,275,35,zero_hold,1,"[0.0, 0.0, 0.0, 0.0]",-0.3992704451084137,-0.14625480771064758,-0.06211242079734802,1.0392048358917236,1.1245496273040771,0.438899427652359,5.50423411749719,8.415974592989471
275,275,35,zero_hold,2,"[0.0, 0.0, 0.0, 0.0]",-0.07321330159902573,-0.3299619257450104,-0.051026493310928345,1.1707103252410889,1.219590663909912,0.39683517813682556,8.415974592989471,10.637792838573725
275,275,35,zero_hold,3,"[0.0, 0.0, 0.0, 0.0]",-0.16072261333465576,-0.21257799863815308,-0.04078857600688934,1.2025744915008545,1.2324244976043701,0.15018989145755768,10.637792838573725,12.631313950148169
275,275,35,target_ahead,0,"[0.0, 0.0, 0.0, 0.0]",1.053882360458374,-0.5047953128814697,-0.53326416015625,0.085566446185112,1.287314534187317,0.0,0.0,8.007028056814628
275,275,35,target_ahead,1,"[0.009999999776482582, 0.0, 0.0, 0.0]",0.8918771147727966,-0.5458199381828308,-0.77879798412323,-0.11613856256008148,1.3089609146118164,0.3590271472930908,8.007028056814628,11.613356053644106
275,275,35,target_ahead,2,"[0.019999999552965164, 0.0, 0.0, 0.0]",0.8177729249000549,-0.5211912989616394,-0.8351379632949829,-0.21837575733661652,1.2982820272445679,0.14044442772865295,11.613356053644106,15.285595454393475
275,275,35,target_ahead,3,"[0.029999999329447746, 0.0, 0.0, 0.0]",0.7670337557792664,-0.5141599178314209,-0.860962986946106,-0.2507967948913574,1.2871897220611572,0.06589354574680328,15.285595454393475,19.1287477640578
275,275,35,target_left,0,"[0.0, 0.0, 0.0, 0.0]",-0.2990197241306305,-1.6195048093795776,0.9117642045021057,-0.299197256565094,1.906053900718689,0.0,0.0,8.679123318837824
275,275,35,target_left,1,"[0.009999999776482582, 0.0, 0.0, 0.0]",-0.7446470856666565,-1.7191792726516724,1.1617765426635742,-0.16404537856578827,2.2105908393859863,0.5378577709197998,8.679123318837824,13.047558390200255
275,275,35,target_left,2,"[0.019999999552965164, 0.0, 0.0, 0.0]",-0.6897577047348022,-1.7920907735824585,1.1475547552108765,-0.06321360170841217,2.237908124923706,0.136741504073143,13.047558390200255,17.157656907918533
275,275,35,target_left,3,"[0.029999999329447746, 0.0, 0.0, 0.0]",-0.6851174235343933,-1.819620966911316,1.1140729188919067,-0.0318874828517437,2.2411117553710938,0.05368242412805557,17.157656907918533,21.229036284129823
275,275,35,ramp,0,"[-0.5, -0.4333333373069763, -0.36666667461395264, -0.30000001192092896]",-0.341106653213501,-1.1032962799072266,0.03985930234193802,0.20383888483047485,1.1733522415161133,0.0,0.0,9.601687536857638
275,275,35,ramp,1,"[-0.47999998927116394, -0.41333332657814026, -0.3466666638851166, -0.2800000011920929]",-0.4679614305496216,-0.6735461950302124,0.24459151923656464,0.2631744146347046,0.8953983187675476,0.4961988031864166,9.601687536857638,13.5563900834547
275,275,35,ramp,2,"[-0.46000000834465027, -0.3933333456516266, -0.3266666829586029, -0.2600000202655792]",-0.5708863735198975,-0.9198252558708191,0.2816576361656189,0.21697960793972015,1.1394740343093872,0.27341318130493164,13.5563900834547,17.91355566717335
275,275,35,ramp,3,"[-0.4399999976158142, -0.3733333349227905, -0.30666667222976685, -0.24000000953674316]",-0.6654421091079712,-0.7747572064399719,0.32034003734588623,0.2299719899892807,1.0947906970977783,0.17790630459785461,17.91355566717335,22.369294467558163
300,300,35,zero_hold,0,"[0.0, 0.0, 0.0, 0.0]",-0.288959264755249,-0.11624068021774292,-0.05364122614264488,0.617371141910553,0.6935660243034363,0.0,0.0,5.493518067473296
300,300,35,zero_hold,1,"[0.0, 0.0, 0.0, 0.0]",-0.3705039918422699,-0.13971970975399017,-0.05305226147174835,1.0513323545455933,1.1246817111968994,0.4421803653240204,5.493518067473296,8.420161962354202
300,300,35,zero_hold,2,"[0.0, 0.0, 0.0, 0.0]",-0.050806354731321335,-0.3222949504852295,-0.052223362028598785,1.1913636922836304,1.2363373041152954,0.3938905596733093,8.420161962354202,10.660827220228326
300,300,35,zero_hold,3,"[0.0, 0.0, 0.0, 0.0]",-0.151536226272583,-0.21208767592906952,-0.03303110599517822,1.2149549722671509,1.2430410385131836,0.1523713916540146,10.660827220228326,12.632076791137616
300,300,35,target_ahead,0,"[0.0, 0.0, 0.0, 0.0]",1.0413111448287964,-0.5142612457275391,-0.5065861940383911,0.0810190886259079,1.269640564918518,0.0,0.0,8.024908480580756
300,300,35,target_ahead,1,"[0.009999999776482582, 0.0, 0.0, 0.0]",0.8831527233123779,-0.5501866340637207,-0.7405176162719727,-0.12056215107440948,1.282796025276184,0.3488031327724457,8.024908480580756,11.64376478746062
300,300,35,target_ahead,2,"[0.019999999552965164, 0.0, 0.0, 0.0]",0.8194893598556519,-0.5251564383506775,-0.8080081343650818,-0.21969997882843018,1.2839381694793701,0.13806815445423126,11.64376478746062,15.31189493537949
300,300,35,target_ahead,3,"[0.029999999329447746, 0.0, 0.0, 0.0]",0.7792394161224365,-0.5190208554267883,-0.8413265347480774,-0.24458090960979462,1.2822818756103516,0.05819690600037575,15.31189493537949,19.12500025307816
300,300,35,target_left,0,"[0.0, 0.0, 0.0, 0.0]",-0.26731473207473755,-1.6371221542358398,0.877572774887085,-0.307615727186203,1.9016801118850708,0.0,0.0,8.673378567224571
300,300,35,target_left,1,"[0.009999999776482582, 0.0, 0.0, 0.0]",-0.6899585723876953,-1.740080714225769,1.1401258707046509,-0.16653139889240265,2.1980772018432617,0.5273208022117615,8.673378567224571,13.041304702401955
300,300,35,target_left,2,"[0.019999999552965164, 0.0, 0.0, 0.0]",-0.6226688623428345,-1.8216156959533691,1.1292285919189453,-0.06693004071712494,2.232854127883911,0.1456538438796997,13.041304702401955,17.16547001292645
300,300,35,target_left,3,"[0.029999999329447746, 0.0, 0.0, 0.0]",-0.6241135597229004,-1.8538504838943481,1.0959393978118896,-0.035305630415678024,2.2424559593200684,0.0561198964715004,17.16547001292645,21.24929987741313
300,300,35,ramp,0,"[-0.5, -0.4333333373069763, -0.36666667461395264, -0.30000001192092896]",-0.28170403838157654,-1.121383786201477,0.0752074345946312,0.2194112092256546,1.1792608499526978,0.0,0.0,9.559952324940447
300,300,35,ramp,1,"[-0.47999998927116394, -0.41333332657814026, -0.3466666638851166, -0.2800000011920929]",-0.43381837010383606,-0.6446499824523926,0.2401241958141327,0.25124531984329224,0.8512084484100342,0.5278492569923401,9.559952324940447,13.547311483435818
300,300,35,ramp,2,"[-0.46000000834465027, -0.3933333456516266, -0.3266666829586029, -0.2600000202655792]",-0.5247452855110168,-0.9324731230735779,0.2540293335914612,0.21042700111865997,1.119675874710083,0.30490878224372864,13.547311483435818,17.923088157188886
300,300,35,ramp,3,"[-0.4399999976158142, -0.3733333349227905, -0.30666667222976685, -0.24000000953674316]",-0.6252182126045227,-0.7529386281967163,0.282905250787735,0.22758342325687408,1.0438600778579712,0.20846007764339447,17.923088157188886,22.389454206901206
325,325,35,zero_hold,0,"[0.0, 0.0, 0.0, 0.0]",-0.2941516637802124,-0.09422548115253448,-0.037321723997592926,0.6169009208679199,0.6909148097038269,0.0,0.0,5.512647425812942
325,325,35,zero_hold,1,"[0.0, 0.0, 0.0, 0.0]",-0.36181268095970154,-0.10542435944080353,-0.03074561432003975,1.0381215810775757,1.1048368215560913,0.4268178939819336,5.512647425812942,8.435395120625858
325,325,35,zero_hold,2,"[0.0, 0.0, 0.0, 0.0]",-0.046177804470062256,-0.28490716218948364,-0.03707199543714523,1.1782225370407104,1.2136256694793701,0.38923996686935425,8.435395120625858,10.699895768855283
325,325,35,zero_hold,3,"[0.0, 0.0, 0.0, 0.0]",-0.14590446650981903,-0.17689062654972076,-0.021077577024698257,1.2027839422225952,1.2246272563934326,0.14990684390068054,10.699895768855283,12.694868991753658
325,325,35,target_ahead,0,"[0.0, 0.0, 0.0, 0.0]",0.9988547563552856,-0.5130699872970581,-0.4832642078399658,0.12893521785736084,1.2292762994766235,0.0,0.0,8.036089371588197
325,325,35,target_ahead,1,"[0.009999999776482582, 0.0, 0.0, 0.0]",0.8313061594963074,-0.5618457198143005,-0.7150927782058716,-0.11849727481603622,1.237796425819397,0.38133835792541504,8.036089371588197,11.681874014262078
325,325,35,target_ahead,2,"[0.019999999552965164, 0.0, 0.0, 0.0]",0.7565828561782837,-0.5314003825187683,-0.7633956670761108,-0.21724364161491394,1.2185120582580566,0.13636167347431183,11.681874014262078,15.374977872898691
325,325,35,target_ahead,3,"[0.029999999329447746, 0.0, 0.0, 0.0]",0.7075437307357788,-0.5255213975906372,-0.7866320610046387,-0.2476494312286377,1.2070257663726807,0.06248071789741516,15.374977872898691,19.206250841431505
325,325,35,target_left,0,"[0.0, 0.0, 0.0, 0.0]",-0.26725271344184875,-1.64119291305542,0.9290293455123901,-0.3138461709022522,1.9304230213165283,0.0,0.0,8.67823102866405
325,325,35,target_left,1,"[0.009999999776482582, 0.0, 0.0, 0.0]",-0.7132209539413452,-1.7408714294433594,1.1938897371292114,-0.1767488420009613,2.2351579666137695,0.5456832051277161,8.67823102866405,13.020967030234797
325,325,35,target_left,2,"[0.019999999552965164, 0.0, 0.0, 0.0]",-0.640174150466919,-1.8174846172332764,1.1765024662017822,-0.07491406053304672,2.2589473724365234,0.14791232347488403,13.020967030234797,17.13149923343064
325,325,35,target_left,3,"[0.029999999329447746, 0.0, 0.0, 0.0]",-0.6457428932189941,-1.8505909442901611,1.1378071308135986,-0.04182203859090805,2.266721248626709,0.06098729744553566,17.13149923343064,21.21709096058535
325,325,35,ramp,0,"[-0.5, -0.4333333373069763, -0.36666667461395264, -0.30000001192092896]",-0.3024137616157532,-1.1479836702346802,0.058853793889284134,0.22130224108695984,1.2090322971343994,0.0,0.0,9.624853792210056
325,325,35,ramp,1,"[-0.47999998927116394, -0.41333332657814026, -0.3466666638851166, -0.2800000011920929]",-0.45525306463241577,-0.6907630562782288,0.24477271735668182,0.24353861808776855,0.8964561820030212,0.5171758532524109,9.624853792210056,13.480050592603781
325,325,35,ramp,2,"[-0.46000000834465027, -0.3933333456516266, -0.3266666829586029, -0.2600000202655792]",-0.5413519144058228,-0.9290976524353027,0.2743021845817566,0.20343434810638428,1.128233790397644,0.258257120847702,13.480050592603781,17.85844908567777
325,325,35,ramp,3,"[-0.4399999976158142, -0.3733333349227905, -0.30666667222976685, -0.24000000953674316]",-0.6312763094902039,-0.7854504585266113,0.30667898058891296,0.2104598581790924,1.0741450786590576,0.17268042266368866,17.85844908567777,22.33501681861036
350,350,35,zero_hold,0,"[0.0, 0.0, 0.0, 0.0]",-0.3176197409629822,-0.1217668205499649,-0.045926883816719055,0.6078283190727234,0.6980501413345337,0.0,0.0,5.504928903569671
350,350,35,zero_hold,1,"[0.0, 0.0, 0.0, 0.0]",-0.37495508790016174,-0.12007296085357666,-0.02662816271185875,1.0161564350128174,1.0900880098342896,0.4127886891365051,5.504928903569671,8.412317265446093
350,350,35,zero_hold,2,"[0.0, 0.0, 0.0, 0.0]",-0.025523731485009193,-0.297705739736557,-0.0334448367357254,1.1601922512054443,1.1985176801681519,0.4176703095436096,8.412317265446093,10.676613784832028
350,350,35,zero_hold,3,"[0.0, 0.0, 0.0, 0.0]",-0.12682795524597168,-0.17778190970420837,-0.0326513946056366,1.1934351921081543,1.2136907577514648,0.16046804189682007,10.676613784832028,12.674745054807646
350,350,35,target_ahead,0,"[0.0, 0.0, 0.0, 0.0]",1.0600264072418213,-0.514884352684021,-0.4867968261241913,0.22658926248550415,1.2950196266174316,0.0,0.0,8.118663912835645
350,350,35,target_ahead,1,"[0.009999999776482582, 0.0, 0.0, 0.0]",0.9222082495689392,-0.5741456151008606,-0.7105260491371155,0.02499295026063919,1.29830002784729,0.33645445108413696,8.118663912835645,11.760578348665865
350,350,35,target_ahead,2,"[0.019999999552965164, 0.0, 0.0, 0.0]",0.8430149555206299,-0.5355330109596252,-0.7525123357772827,-0.10686866194009781,1.2550560235977173,0.1640513390302658,11.760578348665865,15.423867385818044
350,350,35,target_ahead,3,"[0.029999999329447746, 0.0, 0.0, 0.0]",0.7813356518745422,-0.5266845226287842,-0.7761750221252441,-0.16952663660049438,1.232505202293396,0.09147992730140686,15.423867385818044,19.24762219560075
350,350,35,target_left,0,"[0.0, 0.0, 0.0, 0.0]",-0.2559402883052826,-1.6801390647888184,0.971218466758728,-0.32315415143966675,1.983952283859253,0.0,0.0,8.668943906106817
350,350,35,target_left,1,"[0.009999999776482582, 0.0, 0.0, 0.0]",-0.6679774522781372,-1.8215436935424805,1.2107019424438477,-0.19399023056030273,2.295135498046875,0.5136200189590454,8.668943906106817,13.041678471072073
350,350,35,target_left,2,"[0.019999999552965164, 0.0, 0.0, 0.0]",-0.6131734848022461,-1.9085859060287476,1.1768770217895508,-0.09673852473497391,2.3266026973724365,0.14553983509540558,13.041678471072073,17.15580682094192
350,350,35,target_left,3,"[0.029999999329447746, 0.0, 0.0, 0.0]",-0.6138678193092346,-1.9431986808776855,1.1332021951675415,-0.06411785632371902,2.3326194286346436,0.06457650661468506,17.15580682094192,21.244974202468306
350,350,35,ramp,0,"[-0.5, -0.4333333373069763, -0.36666667461395264, -0.30000001192092896]",-0.29886317253112793,-1.2022132873535156,0.06364446133375168,0.19899722933769226,1.2562987804412842,0.0,0.0,9.644995523969191
350,350,35,ramp,1,"[-0.47999998927116394, -0.41333332657814026, -0.3466666638851166, -0.2800000011920929]",-0.49553972482681274,-0.833850085735321,0.20628872513771057,0.21636739373207092,1.015005111694336,0.44161319732666016,9.644995523969191,13.440700116478258
350,350,35,ramp,2,"[-0.46000000834465027, -0.3933333456516266, -0.3266666829586029, -0.2600000202655792]",-0.56180340051651,-1.0114250183105469,0.2550756335258484,0.1995217204093933,1.2014474868774414,0.19643744826316833,13.440700116478258,17.794138532220273
350,350,35,ramp,3,"[-0.4399999976158142, -0.3733333349227905, -0.30666667222976685, -0.24000000953674316]",-0.6635155081748962,-0.8933848738670349,0.2792068123817444,0.2050539255142212,1.1655011177062988,0.15777118504047394,17.794138532220273,22.269053105655768
375,375,35,zero_hold,0,"[0.0, 0.0, 0.0, 0.0]",-0.3309340476989746,-0.13904662430286407,-0.039624132215976715,0.6090865135192871,0.7081015110015869,0.0,0.0,5.532512779632548
375,375,35,zero_hold,1,"[0.0, 0.0, 0.0, 0.0]",-0.3882719874382019,-0.124055877327919,-0.019987216219305992,1.0357297658920288,1.113229751586914,0.431187242269516,5.532512779632548,8.469128186657843
375,375,35,zero_hold,2,"[0.0, 0.0, 0.0, 0.0]",-0.06438329815864563,-0.28276994824409485,-0.03813384473323822,1.1814051866531372,1.2170770168304443,0.38941580057144165,8.469128186657843,10.774175219122606
375,375,35,zero_hold,3,"[0.0, 0.0, 0.0, 0.0]",-0.15815971791744232,-0.17362433671951294,-0.04302176088094711,1.21811842918396,1.241299033164978,0.14858847856521606,10.774175219122606,12.79296488137937
375,375,35,target_ahead,0,"[0.0, 0.0, 0.0, 0.0]",1.0782170295715332,-0.5200954675674438,-0.48649993538856506,0.1610974818468094,1.30218505859375,0.0,0.0,8.151134020899539
375,375,35,target_ahead,1,"[0.009999999776482582, 0.0, 0.0, 0.0]",0.9197161197662354,-0.5765442252159119,-0.7043739557266235,-0.04830019548535347,1.2948963642120361,0.34586915373802185,8.151134020899539,11.802707395096308
375,375,35,target_ahead,2,"[0.019999999552965164, 0.0, 0.0, 0.0]",0.8235172629356384,-0.5336573719978333,-0.7405558824539185,-0.1816795915365219,1.2427394390106201,0.17376045882701874,11.802707395096308,15.511508919307857
375,375,35,target_ahead,3,"[0.029999999329447746, 0.0, 0.0, 0.0]",0.7645410299301147,-0.5253387689590454,-0.7606877684593201,-0.22607536613941193,1.220762014389038,0.07696539908647537,15.511508919307857,19.36805675435046
375,375,35,target_left,0,"[0.0, 0.0, 0.0, 0.0]",-0.24342206120491028,-1.7004653215408325,0.9640341997146606,-0.30809110403060913,1.9937700033187866,0.0,0.0,8.669682068330976
375,375,35,target_left,1,"[0.009999999776482582, 0.0, 0.0, 0.0]",-0.6581610441207886,-1.8280073404312134,1.2190542221069336,-0.19254574179649353,2.3017284870147705,0.5163926482200623,8.669682068330976,13.0233342396522
375,375,35,target_left,2,"[0.019999999552965164, 0.0, 0.0, 0.0]",-0.5868363380432129,-1.9249763488769531,1.1774697303771973,-0.10264058411121368,2.333855390548706,0.1558922976255417,13.0233342396522,17.15183485514461
375,375,35,target_left,3,"[0.029999999329447746, 0.0, 0.0, 0.0]",-0.5969014763832092,-1.9574300050735474,1.1317646503448486,-0.06628479063510895,2.3394675254821777,0.06756659597158432,17.15183485514461,21.2534008072089
375,375,35,ramp,0,"[-0.5, -0.4333333373069763, -0.36666667461395264, -0.30000001192092896]",-0.2942490577697754,-1.1874157190322876,0.07433068007230759,0.15059508383274078,1.234804630279541,0.0,0.0,9.575368003018122
375,375,35,ramp,1,"[-0.47999998927116394, -0.41333332657814026, -0.3466666638851166, -0.2800000011920929]",-0.5102303624153137,-0.8292471766471863,0.2340041846036911,0.20658551156520844,1.0224584341049194,0.45117977261543274,9.575368003018122,13.499858036207213
375,375,35,ramp,2,"[-0.46000000834465027, -0.3933333456516266, -0.3266666829586029, -0.2600000202655792]",-0.6116273403167725,-1.0160695314407349,0.2736113369464874,0.18608491122722626,1.2312498092651367,0.21719332039356232,13.499858036207213,17.88655921727216
375,375,35,ramp,3,"[-0.4399999976158142, -0.3733333349227905, -0.30666667222976685, -0.24000000953674316]",-0.7278355956077576,-0.8904178738594055,0.2780866026878357,0.19505496323108673,1.1991527080535889,0.17144441604614258,17.88655921727216,22.390983709951023
400,400,35,zero_hold,0,"[0.0, 0.0, 0.0, 0.0]",-0.3444494903087616,-0.14087428152561188,-0.05264971777796745,0.6247685551643372,0.7291082143783569,0.0,0.0,5.488239677705712
400,400,35,zero_hold,1,"[0.0, 0.0, 0.0, 0.0]",-0.3941071331501007,-0.13019031286239624,-0.031483788043260574,1.0526999235153198,1.132006287574768,0.4314548373222351,5.488239677705712,8.420085415702072
400,400,35,zero_hold,2,"[0.0, 0.0, 0.0, 0.0]",-0.07049763947725296,-0.28698599338531494,-0.05198042467236519,1.1963351964950562,1.233389973640442,0.38776177167892456,8.420085415702072,10.716593584105857
400,400,35,zero_hold,3,"[0.0, 0.0, 0.0, 0.0]",-0.1786762773990631,-0.17192116379737854,-0.050979506224393845,1.224252462387085,1.2501499652862549,0.16038362681865692,10.716593584105857,12.723875016694409
400,400,35,target_ahead,0,"[0.0, 0.0, 0.0, 0.0]",1.0494197607040405,-0.5630378127098083,-0.487844854593277,0.11687028408050537,1.292263388633728,0.0,0.0,8.14009411011766
400,400,35,target_ahead,1,"[0.009999999776482582, 0.0, 0.0, 0.0]",0.8814570307731628,-0.6195829510688782,-0.6984697580337524,-0.05201396718621254,1.2850738763809204,0.32294514775276184,8.14009411011766,11.832327109668409
400,400,35,target_ahead,2,"[0.019999999552965164, 0.0, 0.0, 0.0]",0.8084642887115479,-0.5722212791442871,-0.7236917614936829,-0.16622591018676758,1.2379064559936523,0.14577923715114594,11.832327109668409,15.540328988577759
400,400,35,target_ahead,3,"[0.029999999329447746, 0.0, 0.0, 0.0]",0.7569208145141602,-0.5624919533729553,-0.7449309229850769,-0.21064424514770508,1.2200899124145508,0.07194080948829651,15.540328988577759,19.418809387009368
400,400,35,target_left,0,"[0.0, 0.0, 0.0, 0.0]",-0.2760334014892578,-1.6899454593658447,0.9411489367485046,-0.29096856713294983,1.9754831790924072,0.0,0.0,8.64050883640686
400,400,35,target_left,1,"[0.009999999776482582, 0.0, 0.0, 0.0]",-0.675873875617981,-1.8243664503097534,1.1893831491470337,-0.16094312071800232,2.285968780517578,0.5064269304275513,8.64050883640686,12.987198687056852
400,400,35,target_left,2,"[0.019999999552965164, 0.0, 0.0, 0.0]",-0.6004256010055542,-1.914709210395813,1.153022050857544,-0.0844050943851471,2.315859794616699,0.145032599568367,12.987198687056852,17.077439409198824
400,400,35,target_left,3,"[0.029999999329447746, 0.0, 0.0, 0.0]",-0.6068800687789917,-1.9471187591552734,1.1095937490463257,-0.05431339517235756,2.322438955307007,0.06231826916337013,17.077439409198824,21.139418287528297
400,400,35,ramp,0,"[-0.5, -0.4333333373069763, -0.36666667461395264, -0.30000001192092896]",-0.34317097067832947,-1.2127386331558228,0.07402779161930084,0.16581642627716064,1.2733720541000366,0.0,0.0,9.566425461506933
400,400,35,ramp,1,"[-0.47999998927116394, -0.41333332657814026, -0.3466666638851166, -0.2800000011920929]",-0.5539100170135498,-0.8497294783592224,0.23595882952213287,0.19618010520935059,1.0597262382507324,0.45092150568962097,9.566425461506933,13.446390466471417
400,400,35,ramp,2,"[-0.46000000834465027, -0.3933333456516266, -0.3266666829586029, -0.2600000202655792]",-0.6529562473297119,-1.0332037210464478,0.27517232298851013,0.17474672198295593,1.2649576663970947,0.21323704719543457,13.446390466471417,17.814229131177605
400,400,35,ramp,3,"[-0.4399999976158142, -0.3733333349227905, -0.30666667222976685, -0.24000000953674316]",-0.7575653791427612,-0.903877854347229,0.2950834333896637,0.17977288365364075,1.2289397716522217,0.167600616812706,17.814229131177605,22.30718975517608
425,425,35,zero_hold,0,"[0.0, 0.0, 0.0, 0.0]",-0.3653721213340759,-0.14846232533454895,-0.044865284115076065,0.613656759262085,0.7308387756347656,0.0,0.0,5.569482000674353
425,425,35,zero_hold,1,"[0.0, 0.0, 0.0, 0.0]",-0.42602697014808655,-0.13075847923755646,-0.01866895705461502,1.016993761062622,1.1105051040649414,0.4090958535671234,5.569482000674353,8.516249859204697
425,425,35,zero_hold,2,"[0.0, 0.0, 0.0, 0.0]",-0.08591247349977493,-0.2806023061275482,-0.03556886315345764,1.1661432981491089,1.2030270099639893,0.40082693099975586,8.516249859204697,10.861032499481835
425,425,35,zero_hold,3,"[0.0, 0.0, 0.0, 0.0]",-0.15942713618278503,-0.19594775140285492,-0.07317128032445908,1.2203572988510132,1.248374342918396,0.13009189069271088,10.861032499481835,12.919065662734308
425,425,35,target_ahead,0,"[0.0, 0.0, 0.0, 0.0]",1.053600549697876,-0.5770803689956665,-0.5131050944328308,0.1118614673614502,1.3110628128051758,0.0,0.0,8.176060389345304
425,425,35,target_ahead,1,"[0.009999999776482582, 0.0, 0.0, 0.0]",0.879061758518219,-0.6348791122436523,-0.6995038986206055,-0.03796350583434105,1.2909562587738037,0.3016563057899475,8.176060389345304,11.885520652810467
425,425,35,target_ahead,2,"[0.019999999552965164, 0.0, 0.0, 0.0]",0.8035878539085388,-0.5902652740478516,-0.7297363877296448,-0.15994387865066528,1.245898723602295,0.15323159098625183,11.885520652810467,15.640435206277175
425,425,35,target_ahead,3,"[0.029999999329447746, 0.0, 0.0, 0.0]",0.7495666742324829,-0.5818480253219604,-0.7547429800033569,-0.20768439769744873,1.2301084995269775,0.07676994800567627,15.640435206277175,19.560556296294564
425,425,35,target_left,0,"[0.0, 0.0, 0.0, 0.0]",-0.3086143136024475,-1.6950184106826782,0.9429985880851746,-0.293313592672348,1.9858523607254028,0.0,0.0,8.649512681312453
425,425,35,target_left,1,"[0.009999999776482582, 0.0, 0.0, 0.0]",-0.6713275909423828,-1.8238670825958252,1.1660643815994263,-0.15830260515213013,2.2719898223876953,0.46491849422454834,8.649512681312453,13.010055196245036
425,425,35,target_left,2,"[0.019999999552965164, 0.0, 0.0, 0.0]",-0.582243800163269,-1.9126224517822266,1.1258264780044556,-0.0936535894870758,2.2963860034942627,0.14701028168201447,13.010055196245036,17.107884045805665
425,425,35,target_left,3,"[0.029999999329447746, 0.0, 0.0, 0.0]",-0.5941948890686035,-1.9401775598526,1.082865595817566,-0.06614768505096436,2.300940990447998,0.05919733643531799,17.107884045805665,21.171372119865016
425,425,35,ramp,0,"[-0.5, -0.4333333373069763, -0.36666667461395264, -0.30000001192092896]",-0.3765559196472168,-1.2442456483840942,0.11655327677726746,0.1430221050977707,1.313004732131958,0.0,0.0,9.529011836746784
425,425,35,ramp,1,"[-0.47999998927116394, -0.41333332657814026, -0.3466666638851166, -0.2800000011920929]",-0.6204434633255005,-0.860451340675354,0.25579962134361267,0.16481229662895203,1.1035956144332886,0.47607097029685974,9.529011836746784,13.352423980370324
425,425,35,ramp,2,"[-0.46000000834465027, -0.3933333456516266, -0.3266666829586029, -0.2600000202655792]",-0.7121466398239136,-1.0503886938095093,0.29738521575927734,0.14038506150245667,1.3109596967697144,0.2163601666688919,13.352423980370324,17.748210035779604
425,425,35,ramp,3,"[-0.4399999976158142, -0.3733333349227905, -0.30666667222976685, -0.24000000953674316]",-0.8250771760940552,-0.8486707210540771,0.3303051292896271,0.12308549880981445,1.2350083589553833,0.2341504693031311,17.748210035779604,22.30849269631763
450,450,35,zero_hold,0,"[0.0, 0.0, 0.0, 0.0]",-0.3561777174472809,-0.15326082706451416,-0.0407148152589798,0.5995907783508301,0.7152050137519836,0.0,0.0,5.544174761369957
450,450,35,zero_hold,1,"[0.0, 0.0, 0.0, 0.0]",-0.4245271384716034,-0.13363246619701385,-0.006335555575788021,0.9972273111343384,1.0920546054840088,0.40540555119514465,5.544174761369957,8.494932560027856
450,450,35,zero_hold,2,"[0.0, 0.0, 0.0, 0.0]",-0.07963235676288605,-0.29978352785110474,-0.012360713444650173,1.1443899869918823,1.1857455968856812,0.4101850092411041,8.494932560027856,10.83037286956922
450,450,35,zero_hold,3,"[0.0, 0.0, 0.0, 0.0]",-0.18430739641189575,-0.20216836035251617,-0.030628163367509842,1.1907267570495605,1.2221331596374512,0.1515466272830963,10.83037286956922,12.872420684582533
450,450,35,target_ahead,0,"[0.0, 0.0, 0.0, 0.0]",1.0462274551391602,-0.5899015665054321,-0.5347074866294861,0.08010459691286087,1.3171577453613281,0.0,0.0,8.198390918698424
450,450,35,target_ahead,1,"[0.009999999776482582, 0.0, 0.0, 0.0]",0.851031482219696,-0.6484990119934082,-0.7366750836372375,-0.0932534709572792,1.3023793697357178,0.33522987365722656,8.198390918698424,11.905833295334084
450,450,35,target_ahead,2,"[0.019999999552965164, 0.0, 0.0, 0.0]",0.769862711429596,-0.6028438210487366,-0.7640861868858337,-0.20791620016098022,1.2582392692565918,0.15023872256278992,11.905833295334084,15.655813244730625
450,450,35,target_ahead,3,"[0.029999999329447746, 0.0, 0.0, 0.0]",0.7223250269889832,-0.5953248143196106,-0.7858523726463318,-0.24453383684158325,1.2464051246643066,0.06427273899316788,15.655813244730625,19.567059842336008
450,450,35,target_left,0,"[0.0, 0.0, 0.0, 0.0]",-0.28182774782180786,-1.6899856328964233,0.9489653706550598,-0.2906331717967987,1.980020523071289,0.0,0.0,8.67224739974838
450,450,35,target_left,1,"[0.009999999776482582, 0.0, 0.0, 0.0]",-0.6484238505363464,-1.7984367609024048,1.1922805309295654,-0.16206026077270508,2.258898973464966,0.4710494875907898,8.67224739974838,13.05149608370822
450,450,35,target_left,2,"[0.019999999552965164, 0.0, 0.0, 0.0]",-0.5545734763145447,-1.8909493684768677,1.1554970741271973,-0.10840446501970291,2.2869555950164795,0.14696408808231354,13.05149608370822,17.198839033005232
450,450,35,target_left,3,"[0.029999999329447746, 0.0, 0.0, 0.0]",-0.5629854202270508,-1.9189196825027466,1.114221453666687,-0.08343634754419327,2.290776252746582,0.05639311298727989,17.198839033005232,21.312566914654273
450,450,35,ramp,0,"[-0.5, -0.4333333373069763, -0.36666667461395264, -0.30000001192092896]",-0.3475225269794464,-1.2336632013320923,0.13119305670261383,0.13740921020507812,1.295681118965149,0.0,0.0,9.527550214350672
450,450,35,ramp,1,"[-0.47999998927116394, -0.41333332657814026, -0.3466666638851166, -0.2800000011920929]",-0.594102144241333,-0.858431339263916,0.2831434905529022,0.15527787804603577,1.0927685499191284,0.47435081005096436,9.527550214350672,13.353755254186675
450,450,35,ramp,2,"[-0.46000000834465027, -0.3933333456516266, -0.3266666829586029, -0.2600000202655792]",-0.6893461346626282,-1.031646490097046,0.3277011215686798,0.12564364075660706,1.2894444465637207,0.20478886365890503,13.353755254186675,17.78079359208872
450,450,35,ramp,3,"[-0.4399999976158142, -0.3733333349227905, -0.30666667222976685, -0.24000000953674316]",-0.7819121479988098,-0.8246685862541199,0.3666239082813263,0.10551818460226059,1.1987544298171997,0.23092928528785706,17.78079359208872,22.37991914312148
475,475,35,zero_hold,0,"[0.0, 0.0, 0.0, 0.0]",-0.36316803097724915,-0.169062077999115,-0.037067677825689316,0.6006749272346497,0.7229504585266113,0.0,0.0,5.536631357688986
475,475,35,zero_hold,1,"[0.0, 0.0, 0.0, 0.0]",-0.42870521545410156,-0.15826734900474548,0.0022840192541480064,0.9991078972816467,1.0986621379852295,0.4058436155319214,5.536631357688986,8.475136348486433
475,475,35,zero_hold,2,"[0.0, 0.0, 0.0, 0.0]",-0.08771786093711853,-0.3151623606681824,-0.0014924677088856697,1.1470885276794434,1.1928268671035767,0.4034860134124756,8.475136348486433,10.796827205853587
475,475,35,zero_hold,3,"[0.0, 0.0, 0.0, 0.0]",-0.18188641965389252,-0.22367915511131287,-0.020053904503583908,1.186579704284668,1.221265196800232,0.13835090398788452,10.796827205853587,12.824308902769035
475,475,35,target_ahead,0,"[0.0, 0.0, 0.0, 0.0]",1.0524771213531494,-0.5797604322433472,-0.5153306722640991,0.1519569307565689,1.3162397146224976,0.0,0.0,8.239638710310398
475,475,35,target_ahead,1,"[0.009999999776482582, 0.0, 0.0, 0.0]",0.8697891235351562,-0.6505522131919861,-0.7034623026847839,-0.01005767285823822,1.2941064834594727,0.316273033618927,8.239638710310398,11.875724072484655
475,475,35,target_ahead,2,"[0.019999999552965164, 0.0, 0.0, 0.0]",0.7685363292694092,-0.6083900332450867,-0.7363712191581726,-0.13754837214946747,1.233672857284546,0.17136701941490173,11.875724072484655,15.565706499749725
475,475,35,target_ahead,3,"[0.029999999329447746, 0.0, 0.0, 0.0]",0.7152718305587769,-0.5976871848106384,-0.7583131194114685,-0.17385761439800262,1.2141289710998535,0.06893087923526764,15.565706499749725,19.427573721141595
475,475,35,target_left,0,"[0.0, 0.0, 0.0, 0.0]",-0.3129328787326813,-1.7154054641723633,0.9436639547348022,-0.2632896304130554,2.000091552734375,0.0,0.0,8.689160763153286
475,475,35,target_left,1,"[0.009999999776482582, 0.0, 0.0, 0.0]",-0.6740972995758057,-1.832000732421875,1.1802464723587036,-0.15967614948749542,2.2867252826690674,0.45906561613082886,8.689160763153286,13.045201624001825
475,475,35,target_left,2,"[0.019999999552965164, 0.0, 0.0, 0.0]",-0.5793716907501221,-1.9211483001708984,1.152603030204773,-0.11267046630382538,2.3168234825134277,0.14104582369327545,13.045201624001825,17.15220493589855
475,475,35,target_left,3,"[0.029999999329447746, 0.0, 0.0, 0.0]",-0.5874546766281128,-1.9481745958328247,1.1164238452911377,-0.08854450285434723,2.32265567779541,0.051833879202604294,17.15220493589855,21.233221241221116
475,475,35,ramp,0,"[-0.5, -0.4333333373069763, -0.36666667461395264, -0.30000001192092896]",-0.40437424182891846,-1.2856874465942383,0.13882289826869965,0.1540907323360443,1.3636445999145508,0.0,0.0,9.564422740810379
475,475,35,ramp,1,"[-0.47999998927116394, -0.41333332657814026, -0.3466666638851166, -0.2800000011920929]",-0.6328619718551636,-0.9657297730445862,0.30060604214668274,0.14786730706691742,1.2022383213043213,0.4251965284347534,9.564422740810379,13.36090275885307
475,475,35,ramp,2,"[-0.46000000834465027, -0.3933333456516266, -0.3266666829586029, -0.2600000202655792]",-0.7312610149383545,-1.0643401145935059,0.3590606451034546,0.12071774899959564,1.34575617313385,0.1534940004348755,13.36090275885307,17.729170854885645
475,475,35,ramp,3,"[-0.4399999976158142, -0.3733333349227905, -0.30666667222976685, -0.24000000953674316]",-0.8316425085067749,-0.9193283915519714,0.3835621476173401,0.10233928263187408,1.3016862869262695,0.17900539934635162,17.729170854885645,22.296677777289357
500,500,35,zero_hold,0,"[0.0, 0.0, 0.0, 0.0]",-0.3596500754356384,-0.1914789080619812,-0.03973741456866264,0.5969583988189697,0.7238444089889526,0.0,0.0,5.5132576070240065
500,500,35,zero_hold,1,"[0.0, 0.0, 0.0, 0.0]",-0.43144330382347107,-0.1827603578567505,-0.007086875848472118,0.9883813858032227,1.0938431024551392,0.39938488602638245,5.5132576070240065,8.461431420353824
500,500,35,zero_hold,2,"[0.0, 0.0, 0.0, 0.0]",-0.06474471092224121,-0.33865270018577576,-0.008823989890515804,1.142714262008667,1.193629503250122,0.42730778455734253,8.461431420353824,10.77178956315872
500,500,35,zero_hold,3,"[0.0, 0.0, 0.0, 0.0]",-0.1335669606924057,-0.23712661862373352,-0.03840651363134384,1.1885416507720947,1.2199079990386963,0.13423606753349304,10.77178956315872,12.799775485409802
500,500,35,target_ahead,0,"[0.0, 0.0, 0.0, 0.0]",1.0770856142044067,-0.5996488332748413,-0.5235070586204529,0.13044258952140808,1.3456474542617798,0.0,0.0,8.23922537432801
500,500,35,target_ahead,1,"[0.009999999776482582, 0.0, 0.0, 0.0]",0.895572304725647,-0.683402419090271,-0.7206319570541382,-0.033915698528289795,1.337740421295166,0.3253208100795746,8.23922537432801,11.825652272450945
500,500,35,target_ahead,2,"[0.019999999552965164, 0.0, 0.0, 0.0]",0.7729206085205078,-0.6390162110328674,-0.7491214871406555,-0.16295784711837769,1.262333631515503,0.1856801062822342,11.825652272450945,15.454959091123913
500,500,35,target_ahead,3,"[0.029999999329447746, 0.0, 0.0, 0.0]",0.7149341106414795,-0.6271549463272095,-0.7679677605628967,-0.2067195177078247,1.2397425174713135,0.07598282396793365,15.454959091123913,19.261545857131544
500,500,35,target_left,0,"[0.0, 0.0, 0.0, 0.0]",-0.30396413803100586,-1.7873462438583374,0.9379990100860596,-0.2806776165962219,2.060490846633911,0.0,0.0,8.742815782873384
500,500,35,target_left,1,"[0.009999999776482582, 0.0, 0.0, 0.0]",-0.6676431894302368,-1.885936975479126,1.208728313446045,-0.16830307245254517,2.343470811843872,0.4773939549922943,8.742815782873384,13.10937812218782
500,500,35,target_left,2,"[0.019999999552965164, 0.0, 0.0, 0.0]",-0.5535619258880615,-1.9791635274887085,1.1852948665618896,-0.12139707803726196,2.375537872314453,0.1563810110092163,13.10937812218782,17.246857599890035
500,500,35,target_left,3,"[0.029999999329447746, 0.0, 0.0, 0.0]",-0.5635017156600952,-2.0031962394714355,1.1536757946014404,-0.09723320603370667,2.381333827972412,0.047539763152599335,17.246857599890035,21.349624399405258
500,500,35,ramp,0,"[-0.5, -0.4333333373069763, -0.36666667461395264, -0.30000001192092896]",-0.3769691288471222,-1.2755179405212402,0.16488750278949738,0.1273750513792038,1.3462778329849243,0.0,0.0,9.55766561762323
500,500,35,ramp,1,"[-0.47999998927116394, -0.41333332657814026, -0.3466666638851166, -0.2800000011920929]",-0.6259156465530396,-0.993571937084198,0.3186134994029999,0.1304222047328949,1.2237156629562378,0.4063359200954437,9.55766561762323,13.387406819171266
500,500,35,ramp,2,"[-0.46000000834465027, -0.3933333456516266, -0.3266666829586029, -0.2600000202655792]",-0.7339977025985718,-1.0484328269958496,0.37819430232048035,0.10722076892852783,1.3388395309448242,0.13703878223896027,13.387406819171266,17.770077710395885
500,500,35,ramp,3,"[-0.4399999976158142, -0.3733333349227905, -0.30666667222976685, -0.24000000953674316]",-0.8282095193862915,-0.9446895122528076,0.40406593680381775,0.0945071280002594,1.3230911493301392,0.1430717259645462,17.770077710395885,22.37660238247343
525,525,35,zero_hold,0,"[0.0, 0.0, 0.0, 0.0]",-0.39118584990501404,-0.21578603982925415,-0.03435752913355827,0.6059275269508362,0.7536037564277649,0.0,0.0,5.603084814390955
525,525,35,zero_hold,1,"[0.0, 0.0, 0.0, 0.0]",-0.4292844235897064,-0.1963258981704712,-0.0020375624299049377,0.9981763362884521,1.1041690111160278,0.395896315574646,5.603084814390955,8.590543938626494
525,525,35,zero_hold,2,"[0.0, 0.0, 0.0, 0.0]",-0.07409393787384033,-0.347655326128006,-0.00907052680850029,1.143361210823059,1.1973768472671509,0.41253969073295593,8.590543938626494,10.925853811185776
525,525,35,zero_hold,3,"[0.0, 0.0, 0.0, 0.0]",-0.1472392976284027,-0.2588643431663513,-0.05031855031847954,1.1946641206741333,1.232251763343811,0.13254234194755554,10.925853811185776,12.971903727308282
525,525,35,target_ahead,0,"[0.0, 0.0, 0.0, 0.0]",1.0949370861053467,-0.6263784766197205,-0.5267947912216187,0.21686509251594543,1.3841172456741333,0.0,0.0,8.290836560299534
525,525,35,target_ahead,1,"[0.009999999776482582, 0.0, 0.0, 0.0]",0.9641838669776917,-0.7169879674911499,-0.7210432291030884,0.11847300827503204,1.406293511390686,0.2696663439273834,8.290836560299534,11.862342961734768
525,525,35,target_ahead,2,"[0.019999999552965164, 0.0, 0.0, 0.0]",0.8339157700538635,-0.6753631830215454,-0.7624934911727905,-0.024283740669488907,1.3166309595108032,0.20199012756347656,11.862342961734768,15.45462409934975
525,525,35,target_ahead,3,"[0.029999999329447746, 0.0, 0.0, 0.0]",0.7638200521469116,-0.6545281410217285,-0.7821322679519653,-0.08738827705383301,1.277182698249817,0.09856659173965454,15.45462409934975,19.245507734455046
525,525,35,target_left,0,"[0.0, 0.0, 0.0, 0.0]",-0.3513411581516266,-1.7815433740615845,0.8910402059555054,-0.2605649530887604,2.039407730102539,0.0,0.0,8.741246129814416
525,525,35,target_left,1,"[0.009999999776482582, 0.0, 0.0, 0.0]",-0.7179427742958069,-1.862295389175415,1.168936014175415,-0.14895397424697876,2.3177974224090576,0.4802090525627136,8.741246129814416,13.103400862512014
525,525,35,target_left,2,"[0.019999999552965164, 0.0, 0.0, 0.0]",-0.6027433276176453,-1.9530383348464966,1.1457968950271606,-0.10497263073921204,2.345533609390259,0.15483853220939636,13.103400862512014,17.234248039640008
525,525,35,target_left,3,"[0.029999999329447746, 0.0, 0.0, 0.0]",-0.614487886428833,-1.9752753973007202,1.1144602298736572,-0.08065378665924072,2.351134777069092,0.04696609824895859,17.234248039640008,21.317985504708055
525,525,35,ramp,0,"[-0.5, -0.4333333373069763, -0.36666667461395264, -0.30000001192092896]",-0.4160783588886261,-1.2882791757583618,0.12038017064332962,0.14941288530826569,1.367333173751831,0.0,0.0,9.552434736887488
525,525,35,ramp,1,"[-0.47999998927116394, -0.41333332657814026, -0.3466666638851166, -0.2800000011920929]",-0.661571741104126,-0.9499297142028809,0.2694303095340729,0.1580539047718048,1.1990067958831787,0.4438896179199219,9.552434736887488,13.338715392526991
525,525,35,ramp,2,"[-0.46000000834465027, -0.3933333456516266, -0.3266666829586029, -0.2600000202655792]",-0.7593252062797546,-1.0475568771362305,0.3250564932823181,0.13456091284751892,1.3407902717590332,0.15077465772628784,13.338715392526991,17.720482757856544
525,525,35,ramp,3,"[-0.4399999976158142, -0.3733333349227905, -0.30666667222976685, -0.24000000953674316]",-0.8664090037345886,-0.9002351760864258,0.34159451723098755,0.12740424275398254,1.3015400171279907,0.18301734328269958,17.720482757856544,22.32125458059705
550,550,35,zero_hold,0,"[0.0, 0.0, 0.0, 0.0]",-0.39299389719963074,-0.23095417022705078,-0.032431378960609436,0.6034122109413147,0.7569293975830078,0.0,0.0,5.560264721938975
550,550,35,zero_hold,1,"[0.0, 0.0, 0.0, 0.0]",-0.4493654668331146,-0.2173156440258026,-0.004022955894470215,0.9947553277015686,1.1129733324050903,0.39663615822792053,5.560264721938975,8.565915790330392
550,550,35,zero_hold,2,"[0.0, 0.0, 0.0, 0.0]",-0.11161979287862778,-0.3651936650276184,-0.005619686096906662,1.1326407194137573,1.1952956914901733,0.39364320039749146,8.565915790330392,10.878827304198582
550,550,35,zero_hold,3,"[0.0, 0.0, 0.0, 0.0]",-0.17550252377986908,-0.27673664689064026,-0.03822168707847595,1.1831682920455933,1.2283047437667847,0.1245856061577797,10.878827304198582,12.906191448074852
550,550,35,target_ahead,0,"[0.0, 0.0, 0.0, 0.0]",1.0897505283355713,-0.6179470419883728,-0.5229241251945496,0.2173001766204834,1.3748031854629517,0.0,0.0,8.255894246028067
550,550,35,target_ahead,1,"[0.009999999776482582, 0.0, 0.0, 0.0]",0.9455887079238892,-0.6887885928153992,-0.7130714058876038,0.08746456354856491,1.3728395700454712,0.28073906898498535,8.255894246028067,11.868923201043444
550,550,35,target_ahead,2,"[0.019999999552965164, 0.0, 0.0, 0.0]",0.83573979139328,-0.6411028504371643,-0.7493122816085815,-0.03821109980344772,1.293214201927185,0.17733721435070038,11.868923201043444,15.494151070937704
550,550,35,target_ahead,3,"[0.029999999329447746, 0.0, 0.0, 0.0]",0.7778690457344055,-0.6259419918060303,-0.7716266512870789,-0.094570092856884,1.2653990983963013,0.08516538143157959,15.494151070937704,19.319096643396804
550,550,35,target_left,0,"[0.0, 0.0, 0.0, 0.0]",-0.35687026381492615,-1.7901920080184937,0.9188151955604553,-0.2890889644622803,2.0639617443084717,0.0,0.0,8.742933994614614
550,550,35,target_left,1,"[0.009999999776482582, 0.0, 0.0, 0.0]",-0.7227622866630554,-1.8476899862289429,1.1986757516860962,-0.16772431135177612,2.3240694999694824,0.4798273742198944,8.742933994614614,13.139541067748636
550,550,35,target_left,2,"[0.019999999552965164, 0.0, 0.0, 0.0]",-0.591156005859375,-1.9345027208328247,1.180458664894104,-0.12580335140228271,2.3454370498657227,0.16415204107761383,13.139541067748636,17.286707839616103
550,550,35,target_left,3,"[0.029999999329447746, 0.0, 0.0, 0.0]",-0.6011344194412231,-1.9550288915634155,1.151580572128296,-0.10031216591596603,2.3494043350219727,0.044773172587156296,17.286707839616103,21.38865970681009
550,550,35,ramp,0,"[-0.5, -0.4333333373069763, -0.36666667461395264, -0.30000001192092896]",-0.4236399233341217,-1.3177168369293213,0.17243045568466187,0.1629478931427002,1.4043264389038086,0.0,0.0,9.58633950446347
550,550,35,ramp,1,"[-0.47999998927116394, -0.41333332657814026, -0.3466666638851166, -0.2800000011920929]",-0.67887282371521,-1.01432204246521,0.3076323866844177,0.1332448124885559,1.2657445669174194,0.41994529962539673,9.58633950446347,13.368486405704589
550,550,35,ramp,2,"[-0.46000000834465027, -0.3933333456516266, -0.3266666829586029, -0.2600000202655792]",-0.7801777124404907,-1.0721420049667358,0.3574813902378082,0.11109406501054764,1.3777883052825928,0.12876881659030914,13.368486405704589,17.790326566583797
550,550,35,ramp,3,"[-0.4399999976158142, -0.3733333349227905, -0.30666667222976685, -0.24000000953674316]",-0.8890997171401978,-0.9466577172279358,0.36198487877845764,0.10730088502168655,1.3524812459945679,0.16626779735088348,17.790326566583797,22.428041550987924
575,575,35,zero_hold,0,"[0.0, 0.0, 0.0, 0.0]",-0.37903279066085815,-0.24892392754554749,-0.034368209540843964,0.6071240901947021,0.7585576772689819,0.0,0.0,5.596516335667714
575,575,35,zero_hold,1,"[0.0, 0.0, 0.0, 0.0]",-0.4177282750606537,-0.220646470785141,-0.008282551541924477,1.0033899545669556,1.1090724468231201,0.4000050723552704,5.596516335667714,8.595054083970854
575,575,35,zero_hold,2,"[0.0, 0.0, 0.0, 0.0]",-0.10388621687889099,-0.3646453619003296,-0.00623599998652935,1.1313461065292358,1.1932064294815063,0.3682519495487213,8.595054083970854,10.894689215636959
575,575,35,zero_hold,3,"[0.0, 0.0, 0.0, 0.0]",-0.16889402270317078,-0.2726705074310303,-0.027521954849362373,1.1798382997512817,1.2229678630828857,0.12445872277021408,10.894689215636959,12.90935336175473
575,575,35,target_ahead,0,"[0.0, 0.0, 0.0, 0.0]",1.0860183238983154,-0.6198851466178894,-0.4766636788845062,0.27902400493621826,1.367024540901184,0.0,0.0,8.26713954953621
575,575,35,target_ahead,1,"[0.009999999776482582, 0.0, 0.0, 0.0]",0.9245522022247314,-0.6941018104553223,-0.666570782661438,0.13116228580474854,1.3409303426742554,0.2991775572299957,8.26713954953621,11.834222655838685
575,575,35,target_ahead,2,"[0.019999999552965164, 0.0, 0.0, 0.0]",0.8168939352035522,-0.647639811038971,-0.7052338123321533,0.007835108786821365,1.25863778591156,0.17450915277004242,11.834222655838685,15.449523761264757
575,575,35,target_ahead,3,"[0.029999999329447746, 0.0, 0.0, 0.0]",0.7620036005973816,-0.6387134194374084,-0.7299672961235046,-0.04868481680750847,1.2344337701797485,0.08305947482585907,15.449523761264757,19.259614093713992
575,575,35,target_left,0,"[0.0, 0.0, 0.0, 0.0]",-0.3648899793624878,-1.798316240310669,0.9352241158485413,-0.2970304787158966,2.080854892730713,0.0,0.0,8.731029762874748
575,575,35,target_left,1,"[0.009999999776482582, 0.0, 0.0, 0.0]",-0.721472978591919,-1.8502857685089111,1.2142632007598877,-0.1905345767736435,2.3355555534362793,0.46803468465805054,8.731029762874748,13.121310654392229
575,575,35,target_left,2,"[0.019999999552965164, 0.0, 0.0, 0.0]",-0.5764032602310181,-1.9392560720443726,1.192704439163208,-0.15503813326358795,2.3536217212677,0.17517338693141937,13.121310654392229,17.237560842062546
575,575,35,target_left,3,"[0.029999999329447746, 0.0, 0.0, 0.0]",-0.5924850702285767,-1.960883378982544,1.1596708297729492,-0.13058005273342133,2.357538938522339,0.049150604754686356,17.237560842062546,21.31552069580271
575,575,35,ramp,0,"[-0.5, -0.4333333373069763, -0.36666667461395264, -0.30000001192092896]",-0.4389975965023041,-1.3353935480117798,0.16616258025169373,0.1738758385181427,1.4261267185211182,0.0,0.0,9.570052723427864
575,575,35,ramp,1,"[-0.47999998927116394, -0.41333332657814026, -0.3466666638851166, -0.2800000011920929]",-0.6823450326919556,-1.0490970611572266,0.2912180721759796,0.14110194146633148,1.2926396131515503,0.3973621129989624,9.570052723427864,13.339850899030813
575,575,35,ramp,2,"[-0.46000000834465027, -0.3933333456516266, -0.3266666829586029, -0.2600000202655792]",-0.7721971273422241,-1.1092071533203125,0.3437940180301666,0.11882756650447845,1.3996224403381348,0.12225792557001114,13.339850899030813,17.740056696909054
575,575,35,ramp,3,"[-0.4399999976158142, -0.3733333349227905, -0.30666667222976685, -0.24000000953674316]",-0.8754461407661438,-0.9739660620689392,0.3642036020755768,0.10708807408809662,1.3634984493255615,0.17176984250545502,17.740056696909054,22.36308965075876
600,600,35,zero_hold,0,"[0.0, 0.0, 0.0, 0.0]",-0.3758499026298523,-0.24543634057044983,-0.038821667432785034,0.6322988867759705,0.7764091491699219,0.0,0.0,5.606330220654877
600,600,35,zero_hold,1,"[0.0, 0.0, 0.0, 0.0]",-0.4305152893066406,-0.21575036644935608,-0.02261471003293991,1.0158727169036865,1.1244555711746216,0.3889230191707611,5.606330220654877,8.605052248510445
600,600,35,zero_hold,2,"[0.0, 0.0, 0.0, 0.0]",-0.12491440773010254,-0.3610036075115204,-0.015440686605870724,1.1333850622177124,1.1961301565170288,0.3582611083984375,8.605052248510445,10.890216307552677
600,600,35,zero_hold,3,"[0.0, 0.0, 0.0, 0.0]",-0.17085982859134674,-0.2728813588619232,-0.05328546091914177,1.1895105838775635,1.2334635257720947,0.12024480849504471,10.890216307552677,12.90606080819748
600,600,35,target_ahead,0,"[0.0, 0.0, 0.0, 0.0]",1.1049927473068237,-0.6562191247940063,-0.46190962195396423,0.3294903039932251,1.404833436012268,0.0,0.0,8.275390652586026
600,600,35,target_ahead,1,"[0.009999999776482582, 0.0, 0.0, 0.0]",0.9776185750961304,-0.7286138534545898,-0.6583254337310791,0.21296527981758118,1.4019140005111694,0.27133452892303467,8.275390652586026,11.783055239448721
600,600,35,target_ahead,2,"[0.019999999552965164, 0.0, 0.0, 0.0]",0.8673044443130493,-0.6794655323028564,-0.7016234993934631,0.07733746618032455,1.3084903955459595,0.18669331073760986,11.783055239448721,15.300133552092278
600,600,35,target_ahead,3,"[0.029999999329447746, 0.0, 0.0, 0.0]",0.8098793029785156,-0.669719934463501,-0.7251706123352051,0.017156504094600677,1.2769479751586914,0.0869990661740303,15.300133552092278,19.005871332756133
600,600,35,target_left,0,"[0.0, 0.0, 0.0, 0.0]",-0.3737488090991974,-1.8366246223449707,0.9173699617385864,-0.25263679027557373,2.101968288421631,0.0,0.0,8.719936404360594
600,600,35,target_left,1,"[0.009999999776482582, 0.0, 0.0, 0.0]",-0.750808835029602,-1.8966096639633179,1.1853222846984863,-0.1382637321949005,2.3632493019104004,0.48026254773139954,8.719936404360594,13.10033010603714
600,600,35,target_left,2,"[0.019999999552965164, 0.0, 0.0, 0.0]",-0.6047991514205933,-1.9837594032287598,1.1686850786209106,-0.10268745571374893,2.3827407360076904,0.17451754212379456,13.10033010603714,17.187289816401066
600,600,35,target_left,3,"[0.029999999329447746, 0.0, 0.0, 0.0]",-0.6230150461196899,-2.0078210830688477,1.1362361907958984,-0.0783306136727333,2.39095401763916,0.05056648328900337,17.187289816401066,21.235780730306878
600,600,35,ramp,0,"[-0.5, -0.4333333373069763, -0.36666667461395264, -0.30000001192092896]",-0.45022130012512207,-1.3467905521392822,0.17099465429782867,0.19946670532226562,1.4441503286361694,0.0,0.0,9.554579415018155
600,600,35,ramp,1,"[-0.47999998927116394, -0.41333332657814026, -0.3466666638851166, -0.2800000011920929]",-0.6931130886077881,-1.0772862434387207,0.3090146780014038,0.18005982041358948,1.3299860954284668,0.3886581361293793,9.554579415018155,13.327113962318743
600,600,35,ramp,2,"[-0.46000000834465027, -0.3933333456516266, -0.3266666829586029, -0.2600000202655792]",-0.806189239025116,-1.1208734512329102,0.35294362902641296,0.15188193321228027,1.43315589427948,0.13194622099399567,13.327113962318743,17.75898889545071
600,600,35,ramp,3,"[-0.4399999976158142, -0.3733333349227905, -0.30666667222976685, -0.24000000953674316]",-0.9020015001296997,-1.000756025314331,0.36569350957870483,0.13529667258262634,1.4025534391403198,0.15506713092327118,17.75898889545071,22.41248413448405
625,625,35,zero_hold,0,"[0.0, 0.0, 0.0, 0.0]",-0.3568154573440552,-0.2647497355937958,-0.05479662865400314,0.631233274936676,0.7738654613494873,0.0,0.0,5.5879607515837
625,625,35,zero_hold,1,"[0.0, 0.0, 0.0, 0.0]",-0.4193163812160492,-0.24241136014461517,-0.036224693059921265,1.0081567764282227,1.1190539598464966,0.3831730782985687,5.5879607515837,8.572870689028065
625,625,35,zero_hold,2,"[0.0, 0.0, 0.0, 0.0]",-0.0926855131983757,-0.3943466246128082,-0.017647968605160713,1.1191924810409546,1.1903793811798096,0.3774202764034271,8.572870689028065,10.841128245669081
625,625,35,zero_hold,3,"[0.0, 0.0, 0.0, 0.0]",-0.1403932273387909,-0.2857704162597656,-0.05075455456972122,1.1675071716308594,1.211207628250122,0.13226932287216187,10.841128245669081,12.839226668909605
625,625,35,target_ahead,0,"[0.0, 0.0, 0.0, 0.0]",1.1147873401641846,-0.6350501179695129,-0.5070096850395203,0.32770439982414246,1.417917013168335,0.0,0.0,8.273501224804473
625,625,35,target_ahead,1,"[0.009999999776482582, 0.0, 0.0, 0.0]",1.0284719467163086,-0.6988039016723633,-0.688352108001709,0.24912002682685852,1.4429036378860474,0.22488991916179657,8.273501224804473,11.776542796265105
625,625,35,target_ahead,2,"[0.019999999552965164, 0.0, 0.0, 0.0]",0.9244691729545593,-0.6569349765777588,-0.7334839701652527,0.11321002244949341,1.35536789894104,0.18187358975410461,11.776542796265105,15.275691631161374
625,625,35,target_ahead,3,"[0.029999999329447746, 0.0, 0.0, 0.0]",0.8601061105728149,-0.6459049582481384,-0.7548424005508423,0.044344961643218994,1.3148114681243896,0.09727715700864792,15.275691631161374,18.961733404511456
625,625,35,target_left,0,"[0.0, 0.0, 0.0, 0.0]",-0.3354671895503998,-1.8238351345062256,0.8764630556106567,-0.2260206639766693,2.063537120819092,0.0,0.0,8.714781695579502
625,625,35,target_left,1,"[0.009999999776482582, 0.0, 0.0, 0.0]",-0.7106927037239075,-1.875441312789917,1.1342836618423462,-0.11516404151916504,2.306995153427124,0.47140008211135864,8.714781695579502,13.060408831687965
625,625,35,target_left,2,"[0.019999999552965164, 0.0, 0.0, 0.0]",-0.5835612416267395,-1.9565187692642212,1.1175130605697632,-0.07398441433906555,2.3286945819854736,0.15720361471176147,13.060408831687965,17.11642486901848
625,625,35,target_left,3,"[0.029999999329447746, 0.0, 0.0, 0.0]",-0.5915420651435852,-1.9816522598266602,1.0834981203079224,-0.05035042762756348,2.335245370864868,0.04910160228610039,17.11642486901848,21.143638068584636
625,625,35,ramp,0,"[-0.5, -0.4333333373069763, -0.36666667461395264, -0.30000001192092896]",-0.4303199350833893,-1.3618521690368652,0.13430950045585632,0.1782703995704651,1.4455572366714478,0.0,0.0,9.530037715711492
625,625,35,ramp,1,"[-0.47999998927116394, -0.41333332657814026, -0.3466666638851166, -0.2800000011920929]",-0.7017010450363159,-1.0644630193710327,0.21896572411060333,0.18635311722755432,1.3069580793380737,0.41148513555526733,9.530037715711492,13.247556460092277
625,625,35,ramp,2,"[-0.46000000834465027, -0.3933333456516266, -0.3266666829586029, -0.2600000202655792]",-0.7812245488166809,-1.1710163354873657,0.2649291455745697,0.16839110851287842,1.4422670602798462,0.14181983470916748,13.247556460092277,17.653409462031743
625,625,35,ramp,3,"[-0.4399999976158142, -0.3733333349227905, -0.30666667222976685, -0.24000000953674316]",-0.879107654094696,-1.001259684562683,0.28489360213279724,0.14857661724090576,1.3706169128417969,0.1979636698961258,17.653409462031743,22.262058147865602
650,650,35,zero_hold,0,"[0.0, 0.0, 0.0, 0.0]",-0.37614455819129944,-0.29189714789390564,-0.055610932409763336,0.6268672347068787,0.7891411781311035,0.0,0.0,5.568390184258563
650,650,35,zero_hold,1,"[0.0, 0.0, 0.0, 0.0]",-0.4237493574619293,-0.26689890027046204,-0.030015187337994576,1.0019793510437012,1.120563268661499,0.3798096477985382,5.568390184258563,8.563796054948506
650,650,35,zero_hold,2,"[0.0, 0.0, 0.0, 0.0]",-0.12298466265201569,-0.4262040853500366,-0.019385674968361855,1.1089659929275513,1.1945528984069824,0.35692667961120605,8.563796054948506,10.838995968081226
650,650,35,zero_hold,3,"[0.0, 0.0, 0.0, 0.0]",-0.14954230189323425,-0.31903573870658875,-0.05437970161437988,1.1633697748184204,1.2167716026306152,0.12796373665332794,10.838995968081226,12.848346369755557
650,650,35,target_ahead,0,"[0.0, 0.0, 0.0, 0.0]",1.0972260236740112,-0.6354519128799438,-0.520046055316925,0.323244571685791,1.408062219619751,0.0,0.0,8.26566649261921
650,650,35,target_ahead,1,"[0.009999999776482582, 0.0, 0.0, 0.0]",1.0089013576507568,-0.7081132531166077,-0.7008675932884216,0.22002002596855164,1.4348974227905273,0.2375555783510208,8.26566649261921,11.790582534888433
650,650,35,target_ahead,2,"[0.019999999552965164, 0.0, 0.0, 0.0]",0.9091764092445374,-0.6719117164611816,-0.7550207376480103,0.08898764848709106,1.3623664379119873,0.17708095908164978,11.790582534888433,15.329556598202844
650,650,35,target_ahead,3,"[0.029999999329447746, 0.0, 0.0, 0.0]",0.8495789766311646,-0.6673715114593506,-0.7821634411811829,0.03550729155540466,1.334244966506958,0.0846719741821289,15.329556598202844,19.035321686233093
650,650,35,target_left,0,"[0.0, 0.0, 0.0, 0.0]",-0.36037975549697876,-1.844459891319275,0.881978452205658,-0.21124610304832458,2.086724042892456,0.0,0.0,8.720939837318808
650,650,35,target_left,1,"[0.009999999776482582, 0.0, 0.0, 0.0]",-0.7392464280128479,-1.8836668729782104,1.135931134223938,-0.11054351925849915,2.32319712638855,0.46873244643211365,8.720939837318808,13.058277138677731
650,650,35,target_left,2,"[0.019999999552965164, 0.0, 0.0, 0.0]",-0.611471951007843,-1.9689290523529053,1.115277647972107,-0.07875677943229675,2.345341444015503,0.15821795165538788,13.058277138677731,17.112894024806995
650,650,35,target_left,3,"[0.029999999329447746, 0.0, 0.0, 0.0]",-0.6177459359169006,-1.9956227540969849,1.0773009061813354,-0.05654039978981018,2.351147413253784,0.05184319615364075,17.112894024806995,21.145522781817565
650,650,35,ramp,0,"[-0.5, -0.4333333373069763, -0.36666667461395264, -0.30000001192092896]",-0.4373115599155426,-1.3715276718139648,0.1538224071264267,0.17235524952411652,1.457977056503296,0.0,0.0,9.488170472781436
650,650,35,ramp,1,"[-0.47999998927116394, -0.41333332657814026, -0.3466666638851166, -0.2800000011920929]",-0.7192994356155396,-1.107282280921936,0.26435387134552,0.17578083276748657,1.3580307960510254,0.4019598662853241,9.488170472781436,13.243096884185324
650,650,35,ramp,2,"[-0.46000000834465027, -0.3933333456516266, -0.3266666829586029, -0.2600000202655792]",-0.8315266966819763,-1.168481707572937,0.3126893937587738,0.15421652793884277,1.4759212732315063,0.13835342228412628,13.243096884185324,17.66010731805376
650,650,35,ramp,3,"[-0.4399999976158142, -0.3733333349227905, -0.30666667222976685, -0.24000000953674316]",-0.9261224269866943,-1.0372687578201294,0.3314822018146515,0.13262760639190674,1.4356530904769897,0.16426941752433777,17.66010731805376,22.269897031962927
675,675,35,zero_hold,0,"[0.0, 0.0, 0.0, 0.0]",-0.39633217453956604,-0.28261274099349976,-0.06735707819461823,0.6215144395828247,0.7923170328140259,0.0,0.0,5.587301465911981
675,675,35,zero_hold,1,"[0.0, 0.0, 0.0, 0.0]",-0.45319074392318726,-0.261476069688797,-0.0316939614713192,0.9909330010414124,1.1210283041000366,0.3760606050491333,5.587301465911981,8.593668905005384
675,675,35,zero_hold,2,"[0.0, 0.0, 0.0, 0.0]",-0.1604745090007782,-0.40516138076782227,-0.01189423818141222,1.087325930595398,1.1714636087417603,0.3406051695346832,8.593668905005384,10.865078505376385
675,675,35,zero_hold,3,"[0.0, 0.0, 0.0, 0.0]",-0.1808507889509201,-0.31362223625183105,-0.0452776774764061,1.139646291732788,1.1966242790222168,0.11245657503604889,10.865078505376385,12.883602646583308
675,675,35,target_ahead,0,"[0.0, 0.0, 0.0, 0.0]",1.0700886249542236,-0.7049103379249573,-0.5515851378440857,0.31490153074264526,1.4301738739013672,0.0,0.0,8.279912095192264
675,675,35,target_ahead,1,"[0.009999999776482582, 0.0, 0.0, 0.0]",0.9739919304847717,-0.7735726237297058,-0.7255496978759766,0.2529353201389313,1.462010145187378,0.2192089557647705,8.279912095192264,11.850205579088724
675,675,35,target_ahead,2,"[0.019999999552965164, 0.0, 0.0, 0.0]",0.8783509135246277,-0.7275168299674988,-0.7823017835617065,0.12629413604736328,1.3887863159179688,0.1747201532125473,11.850205579088724,15.366786600690677
675,675,35,target_ahead,3,"[0.029999999329447746, 0.0, 0.0, 0.0]",0.8227527737617493,-0.7102882266044617,-0.8046676516532898,0.0653076097369194,1.353952169418335,0.08722136169672012,15.366786600690677,19.06771386314426
675,675,35,target_left,0,"[0.0, 0.0, 0.0, 0.0]",-0.3770245611667633,-1.8583604097366333,0.8523195385932922,-0.19878819584846497,2.0884482860565186,0.0,0.0,8.709116882840178
675,675,35,target_left,1,"[0.009999999776482582, 0.0, 0.0, 0.0]",-0.732124388217926,-1.896005630493164,1.093656063079834,-0.10877440124750137,2.310575485229492,0.4402940571308136,8.709116882840178,13.062480255327708
675,675,35,target_left,2,"[0.019999999552965164, 0.0, 0.0, 0.0]",-0.5987489223480225,-1.9953089952468872,1.0660009384155273,-0.08157403022050858,2.341531753540039,0.17074787616729736,13.062480255327708,17.14470142201862
675,675,35,target_left,3,"[0.029999999329447746, 0.0, 0.0, 0.0]",-0.6101755499839783,-2.0259292125701904,1.0235886573791504,-0.0569864884018898,2.351102828979492,0.05891955643892288,17.14470142201862,21.202595827524277
675,675,35,ramp,0,"[-0.5, -0.4333333373069763, -0.36666667461395264, -0.30000001192092896]",-0.4447104036808014,-1.3519388437271118,0.18358033895492554,0.18561598658561707,1.4469488859176636,0.0,0.0,9.516104569877422
675,675,35,ramp,1,"[-0.47999998927116394, -0.41333332657814026, -0.3466666638851166, -0.2800000011920929]",-0.7673356533050537,-1.1034913063049316,0.2777441442012787,0.19004124402999878,1.3855520486831665,0.4179708659648895,9.516104569877422,13.29980172663458
675,675,35,ramp,2,"[-0.46000000834465027, -0.3933333456516266, -0.3266666829586029, -0.2600000202655792]",-0.8687847852706909,-1.1968554258346558,0.32210472226142883,0.16261237859725952,1.5223153829574585,0.14740756154060364,13.29980172663458,17.731302213044547
675,675,35,ramp,3,"[-0.4399999976158142, -0.3733333349227905, -0.30666667222976685, -0.24000000953674316]",-0.9605305790901184,-1.0418206453323364,0.3375098407268524,0.14222434163093567,1.4636085033416748,0.18195071816444397,17.731302213044547,22.359635141113735
700,700,35,zero_hold,0,"[0.0, 0.0, 0.0, 0.0]",-0.3939525783061981,-0.28103235363960266,-0.062200918793678284,0.6193706393241882,0.7884584665298462,0.0,0.0,5.589063706670255
700,700,35,zero_hold,1,"[0.0, 0.0, 0.0, 0.0]",-0.43623262643814087,-0.2436891347169876,-0.035282306373119354,0.9913704991340637,1.110740065574646,0.3772142827510834,5.589063706670255,8.593527905014392
700,700,35,zero_hold,2,"[0.0, 0.0, 0.0, 0.0]",-0.16283024847507477,-0.38140642642974854,-0.020060764625668526,1.0850751399993896,1.1617982387542725,0.3205108046531677,8.593527905014392,10.847078625058803
700,700,35,zero_hold,3,"[0.0, 0.0, 0.0, 0.0]",-0.18659044802188873,-0.2832804322242737,-0.045515500009059906,1.1276507377624512,1.1784446239471436,0.1124894767999649,10.847078625058803,12.85036014397984
700,700,35,target_ahead,0,"[0.0, 0.0, 0.0, 0.0]",1.0725173950195312,-0.6979858875274658,-0.5334757566452026,0.3770580291748047,1.4367488622665405,0.0,0.0,8.332078919491048
700,700,35,target_ahead,1,"[0.009999999776482582, 0.0, 0.0, 0.0]",1.0080609321594238,-0.743410050868988,-0.6829301118850708,0.3859289288520813,1.4778971672058105,0.16921372711658478,8.332078919491048,11.898854309109286
700,700,35,target_ahead,2,"[0.019999999552965164, 0.0, 0.0, 0.0]",0.9266117811203003,-0.7151346802711487,-0.7543333768844604,0.2643697261810303,1.4173698425292969,0.1652529239654541,11.898854309109286,15.422903850777622
700,700,35,target_ahead,3,"[0.029999999329447746, 0.0, 0.0, 0.0]",0.8853446245193481,-0.7018454074859619,-0.7780332565307617,0.22191692888736725,1.3896061182022095,0.0651422068476677,15.422903850777622,19.136182019708535
700,700,35,target_left,0,"[0.0, 0.0, 0.0, 0.0]",-0.40432867407798767,-1.8676385879516602,0.8478683829307556,-0.1926555186510086,2.099417209625244,0.0,0.0,8.721121418601635
700,700,35,target_left,1,"[0.009999999776482582, 0.0, 0.0, 0.0]",-0.7955077886581421,-1.8851789236068726,1.0855523347854614,-0.11071138083934784,2.318925142288208,0.4653356373310089,8.721121418601635,13.055567262516139
700,700,35,target_left,2,"[0.019999999552965164, 0.0, 0.0, 0.0]",-0.6381478309631348,-1.9812990427017212,1.061926007270813,-0.08465130627155304,2.33829665184021,0.18771937489509583,13.055567262516139,17.138429314156046
700,700,35,target_left,3,"[0.029999999329447746, 0.0, 0.0, 0.0]",-0.6564032435417175,-2.013887882232666,1.0205553770065308,-0.058101311326026917,2.3519179821014404,0.061739157885313034,17.138429314156046,21.19817544732664
700,700,35,ramp,0,"[-0.5, -0.4333333373069763, -0.36666667461395264, -0.30000001192092896]",-0.478410542011261,-1.337807297706604,0.16659221053123474,0.17893199622631073,1.4416569471359253,0.0,0.0,9.495918819064137
700,700,35,ramp,1,"[-0.47999998927116394, -0.41333332657814026, -0.3466666638851166, -0.2800000011920929]",-0.7617244720458984,-1.0527466535568237,0.2644082307815552,0.15057231485843658,1.334572434425354,0.41460657119750977,9.495918819064137,13.224731794613527
700,700,35,ramp,2,"[-0.46000000834465027, -0.3933333456516266, -0.3266666829586029, -0.2600000202655792]",-0.8633386492729187,-1.1830154657363892,0.3212212920188904,0.13103021681308746,1.5050685405731201,0.17579825222492218,13.224731794613527,17.646413660251174
700,700,35,ramp,3,"[-0.4399999976158142, -0.3733333349227905, -0.30666667222976685, -0.24000000953674316]",-0.9646458625793457,-0.99702388048172,0.33846908807754517,0.12169139087200165,1.4331672191619873,0.21269866824150085,17.646413660251174,22.280633180381248
725,725,35,zero_hold,0,"[0.0, 0.0, 0.0, 0.0]",-0.394370436668396,-0.27740389108657837,-0.06404039263725281,0.6324552297592163,0.7978607416152954,0.0,0.0,5.57247036753378
725,725,35,zero_hold,1,"[0.0, 0.0, 0.0, 0.0]",-0.4495335817337036,-0.2486344873905182,-0.026727810502052307,0.9992245435714722,1.1238610744476318,0.37387511134147644,5.57247036753378,8.569975584420927
725,725,35,zero_hold,2,"[0.0, 0.0, 0.0, 0.0]",-0.17839102447032928,-0.38900595903396606,-0.0051537761464715,1.090739130973816,1.1717027425765991,0.31947267055511475,8.569975584420927,10.825668063071625
725,725,35,zero_hold,3,"[0.0, 0.0, 0.0, 0.0]",-0.18552684783935547,-0.28822317719459534,-0.0369621217250824,1.132155418395996,1.1834841966629028,0.11373288184404373,10.825668063071625,12.837602955554154
725,725,35,target_ahead,0,"[0.0, 0.0, 0.0, 0.0]",1.0902488231658936,-0.7078420519828796,-0.508740246295929,0.3790246546268463,1.4464298486709595,0.0,0.0,8.339867128442297
725,725,35,target_ahead,1,"[0.009999999776482582, 0.0, 0.0, 0.0]",1.042883038520813,-0.7393061518669128,-0.6657382845878601,0.4019397795200348,1.4963093996047974,0.168543741106987,8.339867128442297,11.935933942718014
725,725,35,target_ahead,2,"[0.019999999552965164, 0.0, 0.0, 0.0]",0.9594480395317078,-0.7061207294464111,-0.7424671053886414,0.2659291923046112,1.4286786317825317,0.18013568222522736,11.935933942718014,15.508938379177845
725,725,35,target_ahead,3,"[0.029999999329447746, 0.0, 0.0, 0.0]",0.9115428924560547,-0.688657820224762,-0.767501711845398,0.2116478681564331,1.3924847841262817,0.07856875658035278,15.508938379177845,19.270207790618556
725,725,35,target_left,0,"[0.0, 0.0, 0.0, 0.0]",-0.39752745628356934,-1.894858956336975,0.8705655932426453,-0.17963320016860962,2.130415678024292,0.0,0.0,8.737445287290631
725,725,35,target_left,1,"[0.009999999776482582, 0.0, 0.0, 0.0]",-0.7946769595146179,-1.9139728546142578,1.0845437049865723,-0.08853843063116074,2.340700149536133,0.46062779426574707,8.737445287290631,13.083113505152014
725,725,35,target_left,2,"[0.019999999552965164, 0.0, 0.0, 0.0]",-0.6508179306983948,-2.011784553527832,1.0640826225280762,-0.05868466943502426,2.367816925048828,0.17768637835979462,13.083113505152014,17.158906346328283
725,725,35,target_left,3,"[0.029999999329447746, 0.0, 0.0, 0.0]",-0.6660091876983643,-2.0449721813201904,1.0286264419555664,-0.03484206646680832,2.384274482727051,0.05619433522224426,17.158906346328283,21.221862904094145
725,725,35,ramp,0,"[-0.5, -0.4333333373069763, -0.36666667461395264, -0.30000001192092896]",-0.4724463224411011,-1.323249101638794,0.10971646010875702,0.19410327076911926,1.4226410388946533,0.0,0.0,9.506815044068626
725,725,35,ramp,1,"[-0.47999998927116394, -0.41333332657814026, -0.3466666638851166, -0.2800000011920929]",-0.7438393235206604,-1.0851882696151733,0.17597238719463348,0.15933725237846375,1.3368937969207764,0.3686809539794922,9.506815044068626,13.233397510915513
725,725,35,ramp,2,"[-0.46000000834465027, -0.3933333456516266, -0.3266666829586029, -0.2600000202655792]",-0.8525532484054565,-1.199183464050293,0.23259411752223969,0.14044058322906494,1.496232509613037,0.16845393180847168,13.233397510915513,17.642143656608557
725,725,35,ramp,3,"[-0.4399999976158142, -0.3733333349227905, -0.30666667222976685, -0.24000000953674316]",-0.9490060806274414,-1.0462669134140015,0.2631012797355652,0.12300378829240799,1.442095398902893,0.1841774880886078,17.642143656608557,22.269280697198695
750,750,35,zero_hold,0,"[0.0, 0.0, 0.0, 0.0]",-0.42040908336639404,-0.29966413974761963,-0.06296389549970627,0.6288778781890869,0.8160846829414368,0.0,0.0,5.615762608482152
750,750,35,zero_hold,1,"[0.0, 0.0, 0.0, 0.0]",-0.4663100838661194,-0.2679491639137268,-0.016348687931895256,0.9918724298477173,1.1284148693084717,0.3702036738395691,5.615762608482152,8.625255712227835
750,750,35,zero_hold,2,"[0.0, 0.0, 0.0, 0.0]",-0.20851707458496094,-0.4175126850605011,0.007379194721579552,1.079208493232727,1.1758153438568115,0.31147563457489014,8.625255712227835,10.908927447618263
750,750,35,zero_hold,3,"[0.0, 0.0, 0.0, 0.0]",-0.2029772251844406,-0.3069406747817993,-0.021044371649622917,1.1253072023391724,1.1841331720352173,0.12324710190296173,10.908927447618263,12.954533945356289
750,750,35,target_ahead,0,"[0.0, 0.0, 0.0, 0.0]",1.1132091283798218,-0.7421877980232239,-0.51256263256073,0.4232170581817627,1.4939579963684082,0.0,0.0,8.408247406998541
750,750,35,target_ahead,1,"[0.009999999776482582, 0.0, 0.0, 0.0]",1.0431594848632812,-0.7481423616409302,-0.6401641368865967,0.49155014753341675,1.5163543224334717,0.1609160155057907,8.408247406998541,11.953397934928812
750,750,35,target_ahead,2,"[0.019999999552965164, 0.0, 0.0, 0.0]",0.9602200388908386,-0.722554087638855,-0.7100048065185547,0.3775714635848999,1.4459508657455444,0.15938183665275574,11.953397934928812,15.526041038183456
750,750,35,target_ahead,3,"[0.029999999329447746, 0.0, 0.0, 0.0]",0.9253672957420349,-0.7095396518707275,-0.7313918471336365,0.3454298973083496,1.4191571474075317,0.053615063428878784,15.526041038183456,19.29340107507787
750,750,35,target_left,0,"[0.0, 0.0, 0.0, 0.0]",-0.40659666061401367,-1.895190715789795,0.8561104536056519,-0.1678989678621292,2.1256020069122314,0.0,0.0,8.758697370462523
750,750,35,target_left,1,"[0.009999999776482582, 0.0, 0.0, 0.0]",-0.8078127503395081,-1.908097505569458,1.0726507902145386,-0.055221907794475555,2.3338866233825684,0.4698156714439392,8.758697370462523,13.081845878507695
750,750,35,target_left,2,"[0.019999999552965164, 0.0, 0.0, 0.0]",-0.6491661667823792,-2.0062613487243652,1.0534460544586182,-0.024056339636445045,2.357292652130127,0.19011837244033813,13.081845878507695,17.13547219254035
750,750,35,target_left,3,"[0.029999999329447746, 0.0, 0.0, 0.0]",-0.6655537486076355,-2.0378880500793457,1.0222851037979126,0.0006359275430440903,2.375082492828369,0.05338083952665329,17.13547219254035,21.1697021878168
750,750,35,ramp,0,"[-0.5, -0.4333333373069763, -0.36666667461395264, -0.30000001192092896]",-0.49983298778533936,-1.3333852291107178,0.0794336125254631,0.18990740180015564,1.4387924671173096,0.0,0.0,9.50067637570884
750,750,35,ramp,1,"[-0.47999998927116394, -0.41333332657814026, -0.3466666638851166, -0.2800000011920929]",-0.7502673864364624,-1.1173629760742188,0.14377202093601227,0.17767614126205444,1.36515212059021,0.3371528387069702,9.50067637570884,13.233574807051918
750,750,35,ramp,2,"[-0.46000000834465027, -0.3933333456516266, -0.3266666829586029, -0.2600000202655792]",-0.8637474179267883,-1.2150341272354126,0.20208236575126648,0.16859185695648193,1.5138124227523804,0.16093474626541138,13.233574807051918,17.651756268489912
750,750,35,ramp,3,"[-0.4399999976158142, -0.3733333349227905, -0.30666667222976685, -0.24000000953674316]",-0.9643175601959229,-1.0601303577423096,0.23588651418685913,0.15129679441452026,1.4602458477020264,0.18855071067810059,17.651756268489912,22.285745489312042
775,775,35,zero_hold,0,"[0.0, 0.0, 0.0, 0.0]",-0.4168653190135956,-0.3137766718864441,-0.05356903374195099,0.6089966893196106,0.8037282824516296,0.0,0.0,5.597216607279785
775,775,35,zero_hold,1,"[0.0, 0.0, 0.0, 0.0]",-0.45531395077705383,-0.27927684783935547,-0.009670674800872803,0.9647443890571594,1.1027835607528687,0.362149178981781,5.597216607279785,8.587772442636593
775,775,35,zero_hold,2,"[0.0, 0.0, 0.0, 0.0]",-0.18895000219345093,-0.432320773601532,0.012369159609079361,1.0542231798171997,1.1550509929656982,0.32072481513023376,8.587772442636593,10.882598664718497
775,775,35,zero_hold,3,"[0.0, 0.0, 0.0, 0.0]",-0.18957215547561646,-0.3082801103591919,-0.018540672957897186,1.1067737340927124,1.1645883321762085,0.13821522891521454,10.882598664718497,12.938505261959381
775,775,35,target_ahead,0,"[0.0, 0.0, 0.0, 0.0]",1.1412875652313232,-0.7316120266914368,-0.4905921518802643,0.4504128396511078,1.5104124546051025,0.0,0.0,8.411542087561555
775,775,35,target_ahead,1,"[0.009999999776482582, 0.0, 0.0, 0.0]",1.1067979335784912,-0.7396723628044128,-0.6229978799819946,0.5464659929275513,1.5680779218673706,0.1673678308725357,8.411542087561555,12.006854446093085
775,775,35,target_ahead,2,"[0.019999999552965164, 0.0, 0.0, 0.0]",1.01937997341156,-0.7076244950294495,-0.6944469809532166,0.4303477704524994,1.4857064485549927,0.16509810090065002,12.006854446093085,15.65737413912561
775,775,35,target_ahead,3,"[0.029999999329447746, 0.0, 0.0, 0.0]",0.9813275933265686,-0.6893171072006226,-0.7148314118385315,0.38832882046699524,1.449118733406067,0.0629623755812645,15.65737413912561,19.494479061501554
775,775,35,target_left,0,"[0.0, 0.0, 0.0, 0.0]",-0.3987683951854706,-1.897515892982483,0.8633185625076294,-0.18358595669269562,2.1304004192352295,0.0,0.0,8.772459406611208
775,775,35,target_left,1,"[0.009999999776482582, 0.0, 0.0, 0.0]",-0.824976921081543,-1.9225825071334839,1.0741980075836182,-0.0777132660150528,2.3530514240264893,0.48781266808509827,8.772459406611208,13.094721651710248
775,775,35,target_left,2,"[0.019999999552965164, 0.0, 0.0, 0.0]",-0.6825055480003357,-2.0245323181152344,1.04526948928833,-0.047761838883161545,2.3789522647857666,0.1800716519355774,13.094721651710248,17.171552815073635
775,775,35,target_left,3,"[0.029999999329447746, 0.0, 0.0, 0.0]",-0.6921163201332092,-2.05629825592041,1.0067616701126099,-0.023757915943861008,2.391970157623291,0.056218165904283524,17.171552815073635,21.242684757909032
775,775,35,ramp,0,"[-0.5, -0.4333333373069763, -0.36666667461395264, -0.30000001192092896]",-0.5159432888031006,-1.3391015529632568,0.07308043539524078,0.14469106495380402,1.4441837072372437,0.0,0.0,9.461658445928233
775,775,35,ramp,1,"[-0.47999998927116394, -0.41333332657814026, -0.3466666638851166, -0.2800000011920929]",-0.7610860466957092,-1.160278558731079,0.12144540250301361,0.132441446185112,1.39920973777771,0.3075091242790222,9.461658445928233,13.274816956419082
775,775,35,ramp,2,"[-0.46000000834465027, -0.3933333456516266, -0.3266666829586029, -0.2600000202655792]",-0.8610209226608276,-1.2667595148086548,0.16588658094406128,0.13545851409435272,1.5465781688690186,0.15267381072044373,13.274816956419082,17.72626264275547
775,775,35,ramp,3,"[-0.4399999976158142, -0.3733333349227905, -0.30666667222976685, -0.24000000953674316]",-0.9523330926895142,-1.1456279754638672,0.19744440913200378,0.12577135860919952,1.5080466270446777,0.15524335205554962,17.72626264275547,22.386865462199417
800,800,35,zero_hold,0,"[0.0, 0.0, 0.0, 0.0]",-0.4268853962421417,-0.30228978395462036,-0.06414204835891724,0.6226854920387268,0.8157583475112915,0.0,0.0,5.604385409648419
800,800,35,zero_hold,1,"[0.0, 0.0, 0.0, 0.0]",-0.48446768522262573,-0.2791481912136078,-0.016705192625522614,0.9672755002975464,1.1173779964447021,0.35333240032196045,5.604385409648419,8.608209282333009
800,800,35,zero_hold,2,"[0.0, 0.0, 0.0, 0.0]",-0.2268414944410324,-0.43676722049713135,0.0016381898894906044,1.0516661405563354,1.161131739616394,0.3141230046749115,8.608209282333009,10.908455641840005
800,800,35,zero_hold,3,"[0.0, 0.0, 0.0, 0.0]",-0.2146696001291275,-0.31947052478790283,-0.029557444155216217,1.1020902395248413,1.1677418947219849,0.13199403882026672,10.908455641840005,12.979486443689364
800,800,35,target_ahead,0,"[0.0, 0.0, 0.0, 0.0]",1.1253101825714111,-0.7284743785858154,-0.4893176853656769,0.4989626705646515,1.5117517709732056,0.0,0.0,8.41062814190217
800,800,35,target_ahead,1,"[0.009999999776482582, 0.0, 0.0, 0.0]",1.076539158821106,-0.7409273386001587,-0.6323272585868835,0.5752936005592346,1.5616371631622314,0.1697404980659485,8.41062814190217,11.993288786104891
800,800,35,target_ahead,2,"[0.019999999552965164, 0.0, 0.0, 0.0]",0.98552405834198,-0.7049236297607422,-0.7037645578384399,0.4713086783885956,1.4783746004104614,0.15967519581317902,11.993288786104891,15.632824346331606
800,800,35,target_ahead,3,"[0.029999999329447746, 0.0, 0.0, 0.0]",0.9491604566574097,-0.6876887679100037,-0.725430428981781,0.43217411637306213,1.4445916414260864,0.06016872823238373,15.632824346331606,19.44801011641088
800,800,35,target_left,0,"[0.0, 0.0, 0.0, 0.0]",-0.4450262486934662,-1.8742212057113647,0.8479923605918884,-0.16697826981544495,2.111332893371582,0.0,0.0,8.749878406543866
800,800,35,target_left,1,"[0.009999999776482582, 0.0, 0.0, 0.0]",-0.861762285232544,-1.9013184309005737,1.0409808158874512,-0.06417050212621689,2.3335392475128174,0.4713991582393646,8.749878406543866,13.024797942010835
800,800,35,target_left,2,"[0.019999999552965164, 0.0, 0.0, 0.0]",-0.7097215056419373,-1.9905418157577515,1.0227797031402588,-0.038739435374736786,2.348092794418335,0.17903974652290344,13.024797942010835,17.06235874188867
800,800,35,target_left,3,"[0.029999999329447746, 0.0, 0.0, 0.0]",-0.7247607707977295,-2.0290143489837646,0.9861536622047424,-0.016032330691814423,2.3695850372314453,0.05969417840242386,17.06235874188867,21.103007609601526
800,800,35,ramp,0,"[-0.5, -0.4333333373069763, -0.36666667461395264, -0.30000001192092896]",-0.4770296514034271,-1.3235057592391968,0.07735293358564377,0.1502717137336731,1.4169650077819824,0.0,0.0,9.452099576483693
800,800,35,ramp,1,"[-0.47999998927116394, -0.41333332657814026, -0.3466666638851166, -0.2800000011920929]",-0.7298887968063354,-1.1216366291046143,0.13058792054653168,0.1405867636203766,1.3518965244293213,0.32804977893829346,9.452099576483693,13.28938064884686
800,800,35,ramp,2,"[-0.46000000834465027, -0.3933333456516266, -0.3266666829586029, -0.2600000202655792]",-0.8419022560119629,-1.2837969064712524,0.1660415232181549,0.15726283192634583,1.5521711111068726,0.20094282925128937,13.28938064884686,17.749663227062022
800,800,35,ramp,3,"[-0.4399999976158142, -0.3733333349227905, -0.30666667222976685, -0.24000000953674316]",-0.9457993507385254,-1.122430682182312,0.19237808883190155,0.15784776210784912,1.488728404045105,0.1937204748392105,17.749663227062022,22.39540897753502
825,825,35,zero_hold,0,"[0.0, 0.0, 0.0, 0.0]",-0.41338831186294556,-0.30313387513160706,-0.05432729795575142,0.613047182559967,0.8009733557701111,0.0,0.0,5.578420887270529
825,825,35,zero_hold,1,"[0.0, 0.0, 0.0, 0.0]",-0.4861929714679718,-0.26984450221061707,-0.0028938311152160168,0.9539527893066406,1.1041892766952515,0.3539360761642456,5.578420887270529,8.572083863658692
825,825,35,zero_hold,2,"[0.0, 0.0, 0.0, 0.0]",-0.22237464785575867,-0.4191756844520569,0.020721707493066788,1.0362125635147095,1.1398791074752808,0.3149988353252411,8.572083863658692,10.88094264035825
825,825,35,zero_hold,3,"[0.0, 0.0, 0.0, 0.0]",-0.21101005375385284,-0.30879420042037964,-0.010171689093112946,1.0830215215682983,1.1458264589309692,0.12433304637670517,10.88094264035825,12.947819304153501
825,825,35,target_ahead,0,"[0.0, 0.0, 0.0, 0.0]",1.1600399017333984,-0.7150657773017883,-0.4832218885421753,0.5638856887817383,1.5519285202026367,0.0,0.0,8.410047024060258
825,825,35,target_ahead,1,"[0.009999999776482582, 0.0, 0.0, 0.0]",1.1195236444473267,-0.7250675559043884,-0.6575656533241272,0.6135096549987793,1.6086773872375488,0.1860104501247406,8.410047024060258,12.03653584032637
825,825,35,target_ahead,2,"[0.019999999552965164, 0.0, 0.0, 0.0]",1.0267443656921387,-0.6851345896720886,-0.7291390895843506,0.5027489066123962,1.5192148685455322,0.16611242294311523,12.03653584032637,15.69101591286599
825,825,35,target_ahead,3,"[0.029999999329447746, 0.0, 0.0, 0.0]",0.9895036220550537,-0.6680556535720825,-0.7517899870872498,0.45814403891563416,1.4834082126617432,0.06466235220432281,15.69101591286599,19.519684089759096
825,825,35,target_left,0,"[0.0, 0.0, 0.0, 0.0]",-0.41468366980552673,-1.871893286705017,0.8310167193412781,-0.16635234653949738,2.0962369441986084,0.0,0.0,8.718577021415086
825,825,35,target_left,1,"[0.009999999776482582, 0.0, 0.0, 0.0]",-0.8302930593490601,-1.878145456314087,1.0264097452163696,-0.06656063348054886,2.2966854572296143,0.4700075387954712,8.718577021415086,12.961535461576897
825,825,35,target_left,2,"[0.019999999552965164, 0.0, 0.0, 0.0]",-0.6573915481567383,-1.972151756286621,1.0103482007980347,-0.039452679455280304,2.3116891384124756,0.19931113719940186,12.961535461576897,16.99087498363284
825,825,35,target_left,3,"[0.029999999329447746, 0.0, 0.0, 0.0]",-0.6791583299636841,-2.0093793869018555,0.9756539463996887,-0.012208322063088417,2.334718704223633,0.0616898313164711,16.99087498363284,21.016634521033062
825,825,35,ramp,0,"[-0.5, -0.4333333373069763, -0.36666667461395264, -0.30000001192092896]",-0.42161306738853455,-1.3056224584579468,0.12203899025917053,0.15081045031547546,1.3856568336486816,0.0,0.0,9.421061656680093
825,825,35,ramp,1,"[-0.47999998927116394, -0.41333332657814026, -0.3466666638851166, -0.2800000011920929]",-0.6941240429878235,-1.0910958051681519,0.19039742648601532,0.14920036494731903,1.3156025409698486,0.3534959554672241,9.421061656680093,13.264888047680678
825,825,35,ramp,2,"[-0.46000000834465027, -0.3933333456516266, -0.3266666829586029, -0.2600000202655792]",-0.7931402325630188,-1.226597785949707,0.2521316409111023,0.15636999905109406,1.4905152320861816,0.17896230518817902,13.264888047680678,17.748545972731456
825,825,35,ramp,3,"[-0.4399999976158142, -0.3733333349227905, -0.30666667222976685, -0.24000000953674316]",-0.889370322227478,-1.0675489902496338,0.29585421085357666,0.14688481390476227,1.4281965494155884,0.19120244681835175,17.748545972731456,22.396913112376296
850,850,35,zero_hold,0,"[0.0, 0.0, 0.0, 0.0]",-0.39421337842941284,-0.29777204990386963,-0.0648268610239029,0.6112464666366577,0.7886045575141907,0.0,0.0,5.483670031548909
850,850,35,zero_hold,1,"[0.0, 0.0, 0.0, 0.0]",-0.49000298976898193,-0.2653784453868866,-0.010923122987151146,0.9548394083976746,1.1056067943572998,0.36219707131385803,5.483670031548909,8.458083579709688
850,850,35,zero_hold,2,"[0.0, 0.0, 0.0, 0.0]",-0.21497191488742828,-0.4183407425880432,0.014268318191170692,1.042596459388733,1.1438674926757812,0.3276819586753845,8.458083579709688,10.720008892126891
850,850,35,zero_hold,3,"[0.0, 0.0, 0.0, 0.0]",-0.2062346190214157,-0.30260705947875977,-0.022230474278330803,1.0871472358703613,1.1473826169967651,0.12956681847572327,10.720008892126891,12.735242810139905
850,850,35,target_ahead,0,"[0.0, 0.0, 0.0, 0.0]",1.1356127262115479,-0.6998005509376526,-0.48255014419555664,0.5578987002372742,1.5242843627929688,0.0,0.0,8.416899490087173
850,850,35,target_ahead,1,"[0.009999999776482582, 0.0, 0.0, 0.0]",1.0909528732299805,-0.7229531407356262,-0.625697910785675,0.6423904895782471,1.5865064859390259,0.17366833984851837,8.416899490087173,12.021978420380824
850,850,35,target_ahead,2,"[0.019999999552965164, 0.0, 0.0, 0.0]",0.9891667366027832,-0.6737729907035828,-0.6873199343681335,0.5302143692970276,1.4784982204437256,0.1707625836133957,12.021978420380824,15.666166118810661
850,850,35,target_ahead,3,"[0.029999999329447746, 0.0, 0.0, 0.0]",0.9443665742874146,-0.6507101058959961,-0.709164023399353,0.47587817907333374,1.4299039840698242,0.07725630700588226,15.666166118810661,19.489328058195923
850,850,35,target_left,0,"[0.0, 0.0, 0.0, 0.0]",-0.39569365978240967,-1.877729058265686,0.881222128868103,-0.16322310268878937,2.117931604385376,0.0,0.0,8.745425099677847
850,850,35,target_left,1,"[0.009999999776482582, 0.0, 0.0, 0.0]",-0.8066562414169312,-1.8858250379562378,1.0869477987289429,-0.05365907400846481,2.3219313621520996,0.4725284278392792,8.745425099677847,12.986653149197137
850,850,35,target_left,2,"[0.019999999552965164, 0.0, 0.0, 0.0]",-0.6646065711975098,-1.9770305156707764,1.0766898393630981,-0.013688256964087486,2.3472962379455566,0.17377986013889313,12.986653149197137,17.00924227657877
850,850,35,target_left,3,"[0.029999999329447746, 0.0, 0.0, 0.0]",-0.6674197912216187,-2.010310649871826,1.0476287603378296,0.011662432923913002,2.3631463050842285,0.05101652070879936,17.00924227657877,21.02809169537667
850,850,35,ramp,0,"[-0.5, -0.4333333373069763, -0.36666667461395264, -0.30000001192092896]",-0.43129485845565796,-1.322217583656311,0.10282634943723679,0.12695859372615814,1.4003450870513916,0.0,0.0,9.421720947998656
850,850,35,ramp,1,"[-0.47999998927116394, -0.41333332657814026, -0.3466666638851166, -0.2800000011920929]",-0.6903188228607178,-1.0938767194747925,0.1747889518737793,0.10759184509515762,1.3096692562103271,0.35325154662132263,9.421720947998656,13.242455333299484
850,850,35,ramp,2,"[-0.46000000834465027, -0.3933333456516266, -0.3266666829586029, -0.2600000202655792]",-0.797887921333313,-1.2509418725967407,0.22848473489284515,0.12156248837709427,1.5061419010162354,0.1982901692390442,13.242455333299484,17.678467599610567
850,850,35,ramp,3,"[-0.4399999976158142, -0.3733333349227905, -0.30666667222976685, -0.24000000953674316]",-0.899921715259552,-1.083875298500061,0.2712293565273285,0.11961687356233597,1.4396244287490845,0.20038218796253204,17.678467599610567,22.28673490331766
875,875,35,zero_hold,0,"[0.0, 0.0, 0.0, 0.0]",-0.40344104170799255,-0.2828114628791809,-0.07573312520980835,0.6125170588493347,0.7897212505340576,0.0,0.0,5.516836729909768
875,875,35,zero_hold,1,"[0.0, 0.0, 0.0, 0.0]",-0.4912763833999634,-0.24093148112297058,-0.012187657877802849,0.9399023056030273,1.0876420736312866,0.3474019467830658,5.516836729909768,8.486220551582736
875,875,35,zero_hold,2,"[0.0, 0.0, 0.0, 0.0]",-0.20893026888370514,-0.40123605728149414,0.014149019494652748,1.033043622970581,1.1278393268585205,0.3388005495071411,8.486220551582736,10.770495746725155
875,875,35,zero_hold,3,"[0.0, 0.0, 0.0, 0.0]",-0.1864011138677597,-0.2886848449707031,-0.03504975140094757,1.0900365114212036,1.1434563398361206,0.1372736096382141,10.770495746725155,12.811189877342656
875,875,35,target_ahead,0,"[0.0, 0.0, 0.0, 0.0]",1.1402732133865356,-0.6822918057441711,-0.531378448009491,0.5241405963897705,1.5240838527679443,0.0,0.0,8.402073583440194
875,875,35,target_ahead,1,"[0.009999999776482582, 0.0, 0.0, 0.0]",1.0936273336410522,-0.7153053283691406,-0.672130823135376,0.6220920085906982,1.5957571268081665,0.18075242638587952,8.402073583440194,12.016025977283917
875,875,35,target_ahead,2,"[0.019999999552965164, 0.0, 0.0, 0.0]",0.9757062196731567,-0.6719740033149719,-0.7349573969841003,0.4868580996990204,1.4767345190048218,0.19498303532600403,12.016025977283917,15.67788745917775
875,875,35,target_ahead,3,"[0.029999999329447746, 0.0, 0.0, 0.0]",0.9176951050758362,-0.6431746482849121,-0.7549366354942322,0.41665342450141907,1.413989782333374,0.0975835993885994,15.67788745917775,19.508754940281438
875,875,35,target_left,0,"[0.0, 0.0, 0.0, 0.0]",-0.40092891454696655,-1.85854971408844,0.8548557758331299,-0.1632152646780014,2.0910208225250244,0.0,0.0,8.744045077004184
875,875,35,target_left,1,"[0.009999999776482582, 0.0, 0.0, 0.0]",-0.8097683787345886,-1.8648377656936646,1.0734338760375977,-0.05490901321172714,2.2997000217437744,0.47612589597702026,8.744045077004184,13.02961499581661
875,875,35,target_left,2,"[0.019999999552965164, 0.0, 0.0, 0.0]",-0.6552872061729431,-1.9617962837219238,1.0541865825653076,-0.01836462877690792,2.321571111679077,0.18700625002384186,13.02961499581661,17.089245841314938
875,875,35,target_left,3,"[0.029999999329447746, 0.0, 0.0, 0.0]",-0.6639857292175293,-1.991929054260254,1.0214948654174805,0.00615985132753849,2.3349835872650146,0.051515500992536545,17.089245841314938,21.137585691910537
875,875,35,ramp,0,"[-0.5, -0.4333333373069763, -0.36666667461395264, -0.30000001192092896]",-0.4231707751750946,-1.3260087966918945,0.11014500260353088,0.14325256645679474,1.403576135635376,0.0,0.0,9.41070051118017
875,875,35,ramp,1,"[-0.47999998927116394, -0.41333332657814026, -0.3466666638851166, -0.2800000011920929]",-0.6774451732635498,-1.0819201469421387,0.1983172744512558,0.14176611602306366,1.2995809316635132,0.3633335828781128,9.41070051118017,13.228470044782465
875,875,35,ramp,2,"[-0.46000000834465027, -0.3933333456516266, -0.3266666829586029, -0.2600000202655792]",-0.7950570583343506,-1.2515610456466675,0.26058775186538696,0.1486007124185562,1.5127818584442139,0.21571952104568481,13.228470044782465,17.69599407148263
875,875,35,ramp,3,"[-0.4399999976158142, -0.3733333349227905, -0.30666667222976685, -0.24000000953674316]",-0.8996681571006775,-1.0541468858718872,0.3107728362083435,0.1386508196592331,1.427036166191101,0.22920161485671997,17.69599407148263,22.317163338935824
900,900,35,zero_hold,0,"[0.0, 0.0, 0.0, 0.0]",-0.4085785746574402,-0.28454288840293884,-0.07594741135835648,0.6078727841377258,0.789416491985321,0.0,0.0,5.51916401481787
900,900,35,zero_hold,1,"[0.0, 0.0, 0.0, 0.0]",-0.4851934313774109,-0.25264686346054077,-0.0014687832444906235,0.9309189915657043,1.0797477960586548,0.3417500853538513,5.51916401481787,8.515006547805697
900,900,35,zero_hold,2,"[0.0, 0.0, 0.0, 0.0]",-0.20643067359924316,-0.41100677847862244,0.018057534471154213,1.0369659662246704,1.1345328092575073,0.3382510542869568,8.515006547805697,10.817931626197073
900,900,35,zero_hold,3,"[0.0, 0.0, 0.0, 0.0]",-0.16747182607650757,-0.29955002665519714,-0.03913921117782593,1.1082464456558228,1.1608269214630127,0.14930765330791473,10.817931626197073,12.874270298433833
900,900,35,target_ahead,0,"[0.0, 0.0, 0.0, 0.0]",1.1386489868164062,-0.6948318481445312,-0.5195284485816956,0.5165846943855286,1.521868109703064,0.0,0.0,8.408375731875584
900,900,35,target_ahead,1,"[0.009999999776482582, 0.0, 0.0, 0.0]",1.1062507629394531,-0.7271873950958252,-0.6404073238372803,0.6577194929122925,1.6109962463378906,0.191382497549057,8.408375731875584,12.000226343296696
900,900,35,target_ahead,2,"[0.019999999552965164, 0.0, 0.0, 0.0]",0.9910346269607544,-0.6802378296852112,-0.6932487487792969,0.5372448563575745,1.4879848957061768,0.1810673177242279,12.000226343296696,15.646192611252673
900,900,35,target_ahead,3,"[0.029999999329447746, 0.0, 0.0, 0.0]",0.9325897693634033,-0.654869794845581,-0.7110563516616821,0.46806806325912476,1.4224159717559814,0.09571769833564758,15.646192611252673,19.47058541262978
900,900,35,target_left,0,"[0.0, 0.0, 0.0, 0.0]",-0.40263843536376953,-1.858847737312317,0.823236882686615,-0.16748465597629547,2.0792312622070312,0.0,0.0,8.73024122875568
900,900,35,target_left,1,"[0.009999999776482582, 0.0, 0.0, 0.0]",-0.8124973773956299,-1.8455474376678467,1.0492827892303467,-0.055624090135097504,2.2738261222839355,0.48142579197883606,8.73024122875568,13.050032696620237
900,900,35,target_left,2,"[0.019999999552965164, 0.0, 0.0, 0.0]",-0.670261025428772,-1.9482483863830566,1.0248560905456543,-0.019641270861029625,2.301225185394287,0.18074870109558105,13.050032696620237,17.16504979598857
900,900,35,target_left,3,"[0.029999999329447746, 0.0, 0.0, 0.0]",-0.6789745092391968,-1.9835541248321533,0.9842000603675842,0.005882689729332924,2.3160693645477295,0.060222964733839035,17.16504979598857,21.27459715369362
900,900,35,ramp,0,"[-0.5, -0.4333333373069763, -0.36666667461395264, -0.30000001192092896]",-0.4099937081336975,-1.2989428043365479,0.11364679783582687,0.13439282774925232,1.3734352588653564,0.0,0.0,9.362692380572229
900,900,35,ramp,1,"[-0.47999998927116394, -0.41333332657814026, -0.3466666638851166, -0.2800000011920929]",-0.6621559858322144,-1.066648244857788,0.20725522935390472,0.1322118192911148,1.2793059349060059,0.35540664196014404,9.362692380572229,13.23819395275963
900,900,35,ramp,2,"[-0.46000000834465027, -0.3933333456516266, -0.3266666829586029, -0.2600000202655792]",-0.7844400405883789,-1.1883471012115479,0.27950990200042725,0.12002570182085037,1.4560381174087524,0.18743862211704254,13.23819395275963,17.757810626878385
900,900,35,ramp,3,"[-0.4399999976158142, -0.3733333349227905, -0.30666667222976685, -0.24000000953674316]",-0.882895290851593,-1.0212156772613525,0.3338751792907715,0.10371840745210648,1.3944947719573975,0.20210853219032288,17.757810626878385,22.40908462671042
925,925,35,zero_hold,0,"[0.0, 0.0, 0.0, 0.0]",-0.3825857937335968,-0.28145334124565125,-0.0660662055015564,0.6105431914329529,0.7763476371765137,0.0,0.0,5.511200753258765
925,925,35,zero_hold,1,"[0.0, 0.0, 0.0, 0.0]",-0.4553545415401459,-0.24785470962524414,-0.002464468590915203,0.9381676316261292,1.0718882083892822,0.34323039650917053,5.511200753258765,8.506618164696034
925,925,35,zero_hold,2,"[0.0, 0.0, 0.0, 0.0]",-0.18228530883789062,-0.4036378264427185,0.014725630171597004,1.0459908246994019,1.1359864473342896,0.3328010141849518,8.506618164696034,10.830166173543867
925,925,35,zero_hold,3,"[0.0, 0.0, 0.0, 0.0]",-0.1469992995262146,-0.29625457525253296,-0.04340909793972969,1.1188825368881226,1.167543649673462,0.14652343094348907,10.830166173543867,12.886537579843683
925,925,35,target_ahead,0,"[0.0, 0.0, 0.0, 0.0]",1.146620512008667,-0.686291515827179,-0.5166288614273071,0.5239799618721008,1.5255147218704224,0.0,0.0,8.412996986025886
925,925,35,target_ahead,1,"[0.009999999776482582, 0.0, 0.0, 0.0]",1.0762768983840942,-0.7174892425537109,-0.641836404800415,0.6291680335998535,1.5751092433929443,0.18072903156280518,8.412996986025886,12.043159152527775
925,925,35,target_ahead,2,"[0.019999999552965164, 0.0, 0.0, 0.0]",0.9613234996795654,-0.6623303890228271,-0.6901372671127319,0.511816143989563,1.4495067596435547,0.17989224195480347,12.043159152527775,15.734752389489692
925,925,35,target_ahead,3,"[0.029999999329447746, 0.0, 0.0, 0.0]",0.9102097749710083,-0.6381505727767944,-0.7084616422653198,0.4477233290672302,1.3921537399291992,0.0874125137925148,15.734752389489692,19.630273693233683
925,925,35,target_left,0,"[0.0, 0.0, 0.0, 0.0]",-0.41563209891319275,-1.8288681507110596,0.8055514097213745,-0.1757219135761261,2.0487313270568848,0.0,0.0,8.738402067869389
925,925,35,target_left,1,"[0.009999999776482582, 0.0, 0.0, 0.0]",-0.8051952719688416,-1.820944905281067,1.0038622617721558,-0.06064433604478836,2.230604648590088,0.45209765434265137,8.738402067869389,13.067576336339513
925,925,35,target_left,2,"[0.019999999552965164, 0.0, 0.0, 0.0]",-0.6691463589668274,-1.9220741987228394,0.9755247831344604,-0.020797496661543846,2.25703501701355,0.17642909288406372,13.067576336339513,17.19184571706262
925,925,35,target_left,3,"[0.029999999329447746, 0.0, 0.0, 0.0]",-0.673973798751831,-1.9585095643997192,0.9341168999671936,0.006505543366074562,2.272139310836792,0.06173256039619446,17.19184571706262,21.323164062336847
925,925,35,ramp,0,"[-0.5, -0.4333333373069763, -0.36666667461395264, -0.30000001192092896]",-0.42434415221214294,-1.2978472709655762,0.10093355923891068,0.13750317692756653,1.3760706186294556,0.0,0.0,9.38088194341127
925,925,35,ramp,1,"[-0.47999998927116394, -0.41333332657814026, -0.3466666638851166, -0.2800000011920929]",-0.6591208577156067,-1.0206493139266968,0.17487069964408875,0.12933051586151123,1.2342898845672607,0.37079954147338867,9.38088194341127,13.237356397640774
925,925,35,ramp,2,"[-0.46000000834465027, -0.3933333456516266, -0.3266666829586029, -0.2600000202655792]",-0.7825235724449158,-1.1986875534057617,0.22610054910182953,0.12462060898542404,1.4545949697494507,0.22264888882637024,13.237356397640774,17.750704852414184
925,925,35,ramp,3,"[-0.4399999976158142, -0.3733333349227905, -0.30666667222976685, -0.24000000953674316]",-0.8923637866973877,-0.9712549448013306,0.26504331827163696,0.12266247719526291,1.3509045839309692,0.25555986166000366,17.750704852414184,22.429064329606142
950,950,35,zero_hold,0,"[0.0, 0.0, 0.0, 0.0]",-0.38399696350097656,-0.28533902764320374,-0.07355743646621704,0.6035204529762268,0.773640513420105,0.0,0.0,5.523241844642176
950,950,35,zero_hold,1,"[0.0, 0.0, 0.0, 0.0]",-0.44269901514053345,-0.2312566637992859,-0.00662908423691988,0.9203211665153503,1.0471374988555908,0.33348602056503296,5.523241844642176,8.512147645236059
950,950,35,zero_hold,2,"[0.0, 0.0, 0.0, 0.0]",-0.19347316026687622,-0.39396363496780396,0.012362918816506863,1.0293375253677368,1.1190745830535889,0.31754109263420105,8.512147645236059,10.859678286739198
950,950,35,zero_hold,3,"[0.0, 0.0, 0.0, 0.0]",-0.16240845620632172,-0.2764011323451996,-0.036395471543073654,1.1076889038085938,1.153721570968628,0.1526508331298828,10.859678286739198,12.93902118452469
950,950,35,target_ahead,0,"[0.0, 0.0, 0.0, 0.0]",1.121636986732483,-0.6642839908599854,-0.5262518525123596,0.5141738057136536,1.4968829154968262,0.0,0.0,8.418489778642856
950,950,35,target_ahead,1,"[0.009999999776482582, 0.0, 0.0, 0.0]",1.0458064079284668,-0.694364070892334,-0.6546549201011658,0.6024625897407532,1.5386314392089844,0.17589014768600464,8.418489778642856,12.021176817587252
950,950,35,target_ahead,2,"[0.019999999552965164, 0.0, 0.0, 0.0]",0.9375465512275696,-0.6421187520027161,-0.6973708271980286,0.4911388158798218,1.4208636283874512,0.16931450366973877,12.021176817587252,15.667692240660559
950,950,35,target_ahead,3,"[0.029999999329447746, 0.0, 0.0, 0.0]",0.8915674686431885,-0.6204131245613098,-0.7159780859947205,0.4317290782928467,1.3707003593444824,0.08038008213043213,15.667692240660559,19.509351618010353
950,950,35,target_left,0,"[0.0, 0.0, 0.0, 0.0]",-0.41870832443237305,-1.8368265628814697,0.7893173694610596,-0.13772359490394592,2.0472514629364014,0.0,0.0,8.73349728276672
950,950,35,target_left,1,"[0.009999999776482582, 0.0, 0.0, 0.0]",-0.8161606788635254,-1.835715651512146,0.9734333157539368,-0.045446328818798065,2.2328474521636963,0.4476420283317566,8.73349728276672,13.049941664553076
950,950,35,target_left,2,"[0.019999999552965164, 0.0, 0.0, 0.0]",-0.6772864460945129,-1.9400328397750854,0.9479792714118958,-0.01097341813147068,2.2630133628845215,0.17889779806137085,13.049941664553076,17.169119175711113
950,950,35,target_left,3,"[0.029999999329447746, 0.0, 0.0, 0.0]",-0.6797045469284058,-1.9762821197509766,0.9078179001808167,0.017751818522810936,2.2786262035369873,0.061301980167627335,17.169119175711113,21.298769928199196
950,950,35,ramp,0,"[-0.5, -0.4333333373069763, -0.36666667461395264, -0.30000001192092896]",-0.43159306049346924,-1.3103634119033813,0.09143206477165222,0.13378775119781494,1.389094591140747,0.0,0.0,9.395068909645365
950,950,35,ramp,1,"[-0.47999998927116394, -0.41333332657814026, -0.3466666638851166, -0.2800000011920929]",-0.6344478726387024,-1.1129478216171265,0.18177126348018646,0.13785900175571442,1.301239013671875,0.29715439677238464,9.395068909645365,13.214433961408828
950,950,35,ramp,2,"[-0.46000000834465027, -0.3933333456516266, -0.3266666829586029, -0.2600000202655792]",-0.7510792016983032,-1.2058185338974,0.23693032562732697,0.14999300241470337,1.44801664352417,0.15942895412445068,13.214433961408828,17.72125373241023
950,950,35,ramp,3,"[-0.4399999976158142, -0.3733333349227905, -0.30666667222976685, -0.24000000953674316]",-0.8541949987411499,-1.0731531381607056,0.27571654319763184,0.1499597132205963,1.4070587158203125,0.17244520783424377,17.72125373241023,22.384357018297482
975,975,35,zero_hold,0,"[0.0, 0.0, 0.0, 0.0]",-0.37331342697143555,-0.3027534484863281,-0.09640374779701233,0.6144024729728699,0.7860068082809448,0.0,0.0,5.568622930301492
975,975,35,zero_hold,1,"[0.0, 0.0, 0.0, 0.0]",-0.4283842444419861,-0.2590864300727844,-0.029826194047927856,0.9223576188087463,1.049891471862793,0.322813481092453,5.568622930301492,8.55840507248294
975,975,35,zero_hold,2,"[0.0, 0.0, 0.0, 0.0]",-0.17612969875335693,-0.4241235554218292,-0.009201906621456146,1.0282963514328003,1.1262240409851074,0.32018429040908813,8.55840507248294,10.924812686036988
975,975,35,zero_hold,3,"[0.0, 0.0, 0.0, 0.0]",-0.14044083654880524,-0.30924543738365173,-0.06335946172475815,1.1120082139968872,1.164445400238037,0.15624146163463593,10.924812686036988,13.036561280711764
975,975,35,target_ahead,0,"[0.0, 0.0, 0.0, 0.0]",1.1100488901138306,-0.6959946751594543,-0.5698976516723633,0.5261209607124329,1.5225648880004883,0.0,0.0,8.451671692101506
975,975,35,target_ahead,1,"[0.009999999776482582, 0.0, 0.0, 0.0]",0.9997182488441467,-0.7300443649291992,-0.687222957611084,0.614233136177063,1.543359637260437,0.18671157956123352,8.451671692101506,12.124968633850225
975,975,35,target_ahead,2,"[0.019999999552965164, 0.0, 0.0, 0.0]",0.9088826179504395,-0.6970204710960388,-0.7307946085929871,0.541994035243988,1.4627794027328491,0.12829133868217468,12.124968633850225,15.814162444959061
975,975,35,target_ahead,3,"[0.029999999329447746, 0.0, 0.0, 0.0]",0.8794798851013184,-0.6853309273719788,-0.7501199245452881,0.511787474155426,1.437974214553833,0.04782332479953766,15.814162444959061,19.672622372075804
975,975,35,target_left,0,"[0.0, 0.0, 0.0, 0.0]",-0.4094066619873047,-1.8244080543518066,0.735494077205658,-0.0958012267947197,2.011518716812134,0.0,0.0,8.753556085749246
975,975,35,target_left,1,"[0.009999999776482582, 0.0, 0.0, 0.0]",-0.7900741100311279,-1.808058261871338,0.9313632845878601,-0.025503940880298615,2.182058572769165,0.434144526720047,8.753556085749246,13.018092316564877
975,975,35,target_left,2,"[0.019999999552965164, 0.0, 0.0, 0.0]",-0.6443243622779846,-1.9111618995666504,0.9052467942237854,-0.0015235617756843567,2.2106940746307373,0.18201780319213867,13.018092316564877,17.135335843742872
975,975,35,target_left,3,"[0.029999999329447746, 0.0, 0.0, 0.0]",-0.654288113117218,-1.943368911743164,0.8642324209213257,0.02484171837568283,2.225374221801758,0.05927794426679611,17.135335843742872,21.255497941256355
975,975,35,ramp,0,"[-0.5, -0.4333333373069763, -0.36666667461395264, -0.30000001192092896]",-0.39689019322395325,-1.2984051704406738,0.05626650154590607,0.1509079933166504,1.367229700088501,0.0,0.0,9.411816925023805
975,975,35,ramp,1,"[-0.47999998927116394, -0.41333332657814026, -0.3466666638851166, -0.2800000011920929]",-0.6183512806892395,-1.0598137378692627,0.12292633205652237,0.1638578474521637,1.2439950704574585,0.332538902759552,9.411816925023805,13.254639775427082
975,975,35,ramp,2,"[-0.46000000834465027, -0.3933333456516266, -0.3266666829586029, -0.2600000202655792]",-0.7331202626228333,-1.211141586303711,0.16829055547714233,0.17158082127571106,1.4359983205795288,0.19542157649993896,13.254639775427082,17.793124765129715
975,975,35,ramp,3,"[-0.4399999976158142, -0.3733333349227905, -0.30666667222976685, -0.24000000953674316]",-0.8387219309806824,-1.0389643907546997,0.20849934220314026,0.17520150542259216,1.3627431392669678,0.20597708225250244,17.793124765129715,22.469080832794873
1000,1000,35,zero_hold,0,"[0.0, 0.0, 0.0, 0.0]",-0.39293649792671204,-0.3510768711566925,-0.09576493501663208,0.6220634579658508,0.820845901966095,0.0,0.0,5.57859520481253
1000,1000,35,zero_hold,1,"[0.0, 0.0, 0.0, 0.0]",-0.4518006145954132,-0.2962920367717743,-0.029217232018709183,0.9104280471801758,1.0590777397155762,0.3066742420196533,5.57859520481253,8.583450832295304
1000,1000,35,zero_hold,2,"[0.0, 0.0, 0.0, 0.0]",-0.18987378478050232,-0.4671579897403717,-0.00444518867880106,1.0151225328445435,1.1334822177886963,0.33071956038475037,8.583450832295304,10.992364105754755
1000,1000,35,zero_hold,3,"[0.0, 0.0, 0.0, 0.0]",-0.14803187549114227,-0.33910515904426575,-0.0615977980196476,1.1081185340881348,1.1698832511901855,0.17338670790195465,10.992364105754755,13.146458380676165
1000,1000,35,target_ahead,0,"[0.0, 0.0, 0.0, 0.0]",1.102763295173645,-0.692328691482544,-0.5540264248847961,0.5310766100883484,1.5114210844039917,0.0,0.0,8.499160588396093
1000,1000,35,target_ahead,1,"[0.009999999776482582, 0.0, 0.0, 0.0]",1.0023177862167358,-0.7111926674842834,-0.6830004453659058,0.6330451369285583,1.541970133781433,0.19358983635902405,8.499160588396093,12.18013580460383
1000,1000,35,target_ahead,2,"[0.019999999552965164, 0.0, 0.0, 0.0]",0.8896300792694092,-0.6580608487129211,-0.7161474227905273,0.5396358370780945,1.4242751598358154,0.15920278429985046,12.18013580460383,15.973130220442702
1000,1000,35,target_ahead,3,"[0.029999999329447746, 0.0, 0.0, 0.0]",0.8458343744277954,-0.6374210119247437,-0.7286214828491211,0.4914097487926483,1.3762681484222412,0.069465272128582,15.973130220442702,19.927192504720214
1000,1000,35,target_left,0,"[0.0, 0.0, 0.0, 0.0]",-0.40704861283302307,-1.858629584312439,0.7807844877243042,-0.06631665676832199,2.05772066116333,0.0,0.0,8.761333540932428
1000,1000,35,target_left,1,"[0.009999999776482582, 0.0, 0.0, 0.0]",-0.7794065475463867,-1.8423436880111694,0.9774088263511658,-0.013152966275811195,2.226478338241577,0.42473894357681274,8.761333540932428,13.034661076714727
1000,1000,35,target_left,2,"[0.019999999552965164, 0.0, 0.0, 0.0]",-0.6344668865203857,-1.9416793584823608,0.9446582794189453,0.004657616838812828,2.25057053565979,0.17962431907653809,13.034661076714727,17.164959627188367
1000,1000,35,target_left,3,"[0.029999999329447746, 0.0, 0.0, 0.0]",-0.6449528336524963,-1.9712285995483398,0.9060013890266418,0.030069848522543907,2.2635035514831543,0.05588603764772415,17.164959627188367,21.314380510518422
1000,1000,35,ramp,0,"[-0.5, -0.4333333373069763, -0.36666667461395264, -0.30000001192092896]",-0.4110585153102875,-1.35092031955719,0.0978124663233757,0.13561765849590302,1.4219403266906738,0.0,0.0,9.406069684628193
1000,1000,35,ramp,1,"[-0.47999998927116394, -0.41333332657814026, -0.3466666638851166, -0.2800000011920929]",-0.6366394758224487,-1.2471858263015747,0.18022051453590393,0.1462910920381546,1.4193881750106812,0.2618255615234375,9.406069684628193,13.2536119567095
1000,1000,35,ramp,2,"[-0.46000000834465027, -0.3933333456516266, -0.3266666829586029, -0.2600000202655792]",-0.7441949844360352,-1.2578482627868652,0.24556557834148407,0.1674562245607376,1.4914263486862183,0.12806177139282227,13.2536119567095,17.823070267559252
1000,1000,35,ramp,3,"[-0.4399999976158142, -0.3733333349227905, -0.30666667222976685, -0.24000000953674316]",-0.8459162712097168,-1.1695674657821655,0.28089067339897156,0.16375558078289032,1.4795870780944824,0.13929206132888794,17.823070267559252,22.544319692491445
1025,1025,35,zero_hold,0,"[0.0, 0.0, 0.0, 0.0]",-0.4065874218940735,-0.3392997980117798,-0.09843359142541885,0.615626871585846,0.817999541759491,0.0,0.0,5.591225242215933
1025,1025,35,zero_hold,1,"[0.0, 0.0, 0.0, 0.0]",-0.4533824622631073,-0.28366631269454956,-0.008069537580013275,0.8975920081138611,1.0448726415634155,0.30488499999046326,5.591225242215933,8.586551284341418
1025,1025,35,zero_hold,2,"[0.0, 0.0, 0.0, 0.0]",-0.20311976969242096,-0.4646044373512268,0.021543346345424652,1.012148141860962,1.132264494895935,0.3307114243507385,8.586551284341418,11.010005092643631
1025,1025,35,zero_hold,3,"[0.0, 0.0, 0.0, 0.0]",-0.1480395644903183,-0.33044499158859253,-0.03360901400446892,1.107379674911499,1.1655595302581787,0.1820533275604248,11.010005092643631,13.18279531565904
1025,1025,35,target_ahead,0,"[0.0, 0.0, 0.0, 0.0]",1.088273286819458,-0.6809966564178467,-0.5505707263946533,0.5127784609794617,1.4880070686340332,0.0,0.0,8.494368682407007
1025,1025,35,target_ahead,1,"[0.009999999776482582, 0.0, 0.0, 0.0]",0.9883281588554382,-0.6810183525085449,-0.6686292886734009,0.6476477980613708,1.5189112424850464,0.20522326231002808,8.494368682407007,12.161268827029268
1025,1025,35,target_ahead,2,"[0.019999999552965164, 0.0, 0.0, 0.0]",0.8824410438537598,-0.6282578706741333,-0.7000460028648376,0.5666221976280212,1.4087352752685547,0.14679205417633057,12.161268827029268,15.949210546155118
1025,1025,35,target_ahead,3,"[0.029999999329447746, 0.0, 0.0, 0.0]",0.8413545489311218,-0.6056365966796875,-0.7082076668739319,0.5221039056777954,1.3597146272659302,0.06517908722162247,15.949210546155118,19.918627846406704
1025,1025,35,target_left,0,"[0.0, 0.0, 0.0, 0.0]",-0.38899797201156616,-1.8403409719467163,0.7958426475524902,-0.06628207117319107,2.0435099601745605,0.0,0.0,8.735120898523705
1025,1025,35,target_left,1,"[0.009999999776482582, 0.0, 0.0, 0.0]",-0.7410228252410889,-1.8239736557006836,0.9918802380561829,0.007813774049282074,2.2045140266418457,0.4100125730037689,8.735120898523705,13.004563750573427
1025,1025,35,target_left,2,"[0.019999999552965164, 0.0, 0.0, 0.0]",-0.5897112488746643,-1.921215534210205,0.9630991220474243,0.02682047337293625,2.228700876235962,0.18314142525196075,13.004563750573427,17.117446553106916
1025,1025,35,target_left,3,"[0.029999999329447746, 0.0, 0.0, 0.0]",-0.6085595488548279,-1.9482721090316772,0.9266718029975891,0.05403310805559158,2.2422642707824707,0.05616755038499832,17.117446553106916,21.246696142530794
1025,1025,35,ramp,0,"[-0.5, -0.4333333373069763, -0.36666667461395264, -0.30000001192092896]",-0.461319237947464,-1.4034481048583984,0.06750684231519699,0.15024465322494507,1.4864765405654907,0.0,0.0,9.38773792232148
1025,1025,35,ramp,1,"[-0.47999998927116394, -0.41333332657814026, -0.3466666638851166, -0.2800000011920929]",-0.6844558715820312,-1.3093430995941162,0.14307135343551636,0.17462557554244995,1.4945977926254272,0.25485315918922424,9.38773792232148,13.223553530349301
1025,1025,35,ramp,2,"[-0.46000000834465027, -0.3933333456516266, -0.3266666829586029, -0.2600000202655792]",-0.7765664458274841,-1.3242892026901245,0.19690392911434174,0.18843472003936768,1.5591908693313599,0.10861115157604218,13.223553530349301,17.767762394787653
1025,1025,35,ramp,3,"[-0.4399999976158142, -0.3733333349227905, -0.30666667222976685, -0.24000000953674316]",-0.8651507496833801,-1.2411850690841675,0.20690420269966125,0.18399912118911743,1.5380803346633911,0.12195554375648499,17.767762394787653,22.481369129899264
1050,1050,35,zero_hold,0,"[0.0, 0.0, 0.0, 0.0]",-0.39459291100502014,-0.32084375619888306,-0.09937979280948639,0.6003801226615906,0.7930806279182434,0.0,0.0,5.575724749353047
1050,1050,35,zero_hold,1,"[0.0, 0.0, 0.0, 0.0]",-0.42599204182624817,-0.25370317697525024,-0.0006243656389415264,0.8871716260910034,1.016321063041687,0.31224310398101807,5.575724749353047,8.564203908806343
1050,1050,35,zero_hold,2,"[0.0, 0.0, 0.0, 0.0]",-0.17240819334983826,-0.43297064304351807,0.029056884348392487,1.0099132061004639,1.1126352548599243,0.335243284702301,8.564203908806343,10.963237583361199
1050,1050,35,zero_hold,3,"[0.0, 0.0, 0.0, 0.0]",-0.13240820169448853,-0.30547529458999634,-0.02207927778363228,1.1070927381515503,1.1562824249267578,0.17295615375041962,10.963237583361199,13.116202456951372
1050,1050,35,target_ahead,0,"[0.0, 0.0, 0.0, 0.0]",1.0614513158798218,-0.6831684708595276,-0.5785157084465027,0.4652807116508484,1.464433193206787,0.0,0.0,8.509687901390254
1050,1050,35,target_ahead,1,"[0.009999999776482582, 0.0, 0.0, 0.0]",0.9817342758178711,-0.6901156306266785,-0.6862834692001343,0.626912534236908,1.51791512966156,0.21009951829910278,8.509687901390254,12.210653591891571
1050,1050,35,target_ahead,2,"[0.019999999552965164, 0.0, 0.0, 0.0]",0.8893599510192871,-0.6445716023445129,-0.7229400277137756,0.5579798221588135,1.428431749343872,0.12923891842365265,12.210653591891571,15.998040835109707
1050,1050,35,target_ahead,3,"[0.029999999329447746, 0.0, 0.0, 0.0]",0.8510064482688904,-0.6244882941246033,-0.734078586101532,0.5202335715293884,1.3869794607162476,0.058507926762104034,15.998040835109707,19.952925949169042
1050,1050,35,target_left,0,"[0.0, 0.0, 0.0, 0.0]",-0.3886398673057556,-1.7947839498519897,0.8337468504905701,-0.09620748460292816,2.0190789699554443,0.0,0.0,8.738760647202728
1050,1050,35,target_left,1,"[0.009999999776482582, 0.0, 0.0, 0.0]",-0.7608098387718201,-1.7656211853027344,1.044072151184082,0.013484016060829163,2.1878113746643066,0.4423007071018219,8.738760647202728,12.999674479495992
1050,1050,35,target_left,2,"[0.019999999552965164, 0.0, 0.0, 0.0]",-0.5961384773254395,-1.869457721710205,1.0226727724075317,0.029756486415863037,2.212916374206543,0.19652330875396729,12.999674479495992,17.08704033307791
1050,1050,35,target_left,3,"[0.029999999329447746, 0.0, 0.0, 0.0]",-0.6166558861732483,-1.8953180313110352,0.9899800419807434,0.05666331946849823,2.2261550426483154,0.053689032793045044,17.08704033307791,21.173601846776464
1050,1050,35,ramp,0,"[-0.5, -0.4333333373069763, -0.36666667461395264, -0.30000001192092896]",-0.4741173982620239,-1.397698998451233,0.051112301647663116,0.12426942586898804,1.4820274114608765,0.0,0.0,9.381307957858546
1050,1050,35,ramp,1,"[-0.47999998927116394, -0.41333332657814026, -0.3466666638851166, -0.2800000011920929]",-0.6644641757011414,-1.283881664276123,0.1469304859638214,0.13752281665802002,1.4595773220062256,0.24195672571659088,9.381307957858546,13.20530075643778
1050,1050,35,ramp,2,"[-0.46000000834465027, -0.3933333456516266, -0.3266666829586029, -0.2600000202655792]",-0.7686899900436401,-1.3020614385604858,0.1968306601047516,0.15679459273815155,1.532832384109497,0.11855358630418777,13.20530075643778,17.73025675426557
1050,1050,35,ramp,3,"[-0.4399999976158142, -0.3733333349227905, -0.30666667222976685, -0.24000000953674316]",-0.8722980618476868,-1.221128225326538,0.19208475947380066,0.1599099040031433,1.5213565826416016,0.1315942406654358,17.73025675426557,22.42559517655486
1075,1075,35,zero_hold,0,"[0.0, 0.0, 0.0, 0.0]",-0.38287267088890076,-0.29374444484710693,-0.10451291501522064,0.5992249250411987,0.7764475345611572,0.0,0.0,5.603290638706122
1075,1075,35,zero_hold,1,"[0.0, 0.0, 0.0, 0.0]",-0.45114919543266296,-0.2412308007478714,-0.008954737335443497,0.8698383569717407,1.0091713666915894,0.2996370494365692,5.603290638706122,8.591533552110194
1075,1075,35,zero_hold,2,"[0.0, 0.0, 0.0, 0.0]",-0.18884167075157166,-0.4275752305984497,0.026081273332238197,0.9856168031692505,1.0911473035812378,0.34374651312828064,8.591533552110194,10.988584027779131
1075,1075,35,zero_hold,3,"[0.0, 0.0, 0.0, 0.0]",-0.13545677065849304,-0.30262288451194763,-0.029851406812667847,1.0829263925552368,1.1329386234283447,0.17624033987522125,10.988584027779131,13.146783863286807
1075,1075,35,target_ahead,0,"[0.0, 0.0, 0.0, 0.0]",1.0812770128250122,-0.6816478967666626,-0.5816746354103088,0.4509445130825043,1.4749577045440674,0.0,0.0,8.516051819134168
1075,1075,35,target_ahead,1,"[0.009999999776482582, 0.0, 0.0, 0.0]",1.0073615312576294,-0.6837411522865295,-0.682531476020813,0.6264500617980957,1.5298914909362793,0.2155044823884964,8.516051819134168,12.20574210309229
1075,1075,35,target_ahead,2,"[0.019999999552965164, 0.0, 0.0, 0.0]",0.9162489175796509,-0.6414596438407898,-0.7201350331306458,0.5621212124824524,1.4441457986831665,0.12506583333015442,12.20574210309229,15.974987698441465
1075,1075,35,target_ahead,3,"[0.029999999329447746, 0.0, 0.0, 0.0]",0.8782310485839844,-0.6224763989448547,-0.7315685153007507,0.5229349136352539,1.4026474952697754,0.058923784643411636,15.974987698441465,19.908985418724214
1075,1075,35,target_left,0,"[0.0, 0.0, 0.0, 0.0]",-0.37733420729637146,-1.7814011573791504,0.8315321803092957,-0.11060866713523865,2.004856824874878,0.0,0.0,8.730258994520597
1075,1075,35,target_left,1,"[0.009999999776482582, 0.0, 0.0, 0.0]",-0.7314521074295044,-1.7598625421524048,1.0549845695495605,-0.022939307615160942,2.178452968597412,0.4283459782600403,8.730258994520597,12.97439644691047
1075,1075,35,target_left,2,"[0.019999999552965164, 0.0, 0.0, 0.0]",-0.5613235235214233,-1.8702043294906616,1.0406973361968994,-0.013396723195910454,2.2126858234405518,0.20350486040115356,12.97439644691047,17.069864298336935
1075,1075,35,target_left,3,"[0.029999999329447746, 0.0, 0.0, 0.0]",-0.5838290452957153,-1.8936941623687744,1.0120327472686768,0.011553512886166573,2.225146770477295,0.05002443119883537,17.069864298336935,21.149813141617145
1075,1075,35,ramp,0,"[-0.5, -0.4333333373069763, -0.36666667461395264, -0.30000001192092896]",-0.5190311074256897,-1.3952597379684448,0.010074149817228317,0.1273917406797409,1.4941463470458984,0.0,0.0,9.369231810853437
1075,1075,35,ramp,1,"[-0.47999998927116394, -0.41333332657814026, -0.3466666638851166, -0.2800000011920929]",-0.6608200073242188,-1.2123253345489502,0.12988023459911346,0.11645358800888062,1.3917062282562256,0.2608490586280823,9.369231810853437,13.126461362242187
1075,1075,35,ramp,2,"[-0.46000000834465027, -0.3933333456516266, -0.3266666829586029, -0.2600000202655792]",-0.7214289903640747,-1.2475680112838745,0.20881418883800507,0.1365550309419632,1.4625786542892456,0.1074715405702591,13.126461362242187,17.617892150973674
1075,1075,35,ramp,3,"[-0.4399999976158142, -0.3733333349227905, -0.30666667222976685, -0.24000000953674316]",-0.8141210079193115,-1.125133752822876,0.22499240934848785,0.15154434740543365,1.415028691291809,0.15513984858989716,17.617892150973674,22.283111090100654
1100,1100,35,zero_hold,0,"[0.0, 0.0, 0.0, 0.0]",-0.3809819519519806,-0.30484163761138916,-0.11297477036714554,0.5913310050964355,0.7749266624450684,0.0,0.0,5.598951686651732
1100,1100,35,zero_hold,1,"[0.0, 0.0, 0.0, 0.0]",-0.4692472517490387,-0.25423070788383484,-0.03043852001428604,0.8629995584487915,1.0151457786560059,0.30160945653915405,5.598951686651732,8.588022045462758
1100,1100,35,zero_hold,2,"[0.0, 0.0, 0.0, 0.0]",-0.21222026646137238,-0.4485369920730591,0.004522212781012058,0.9693038463592529,1.0889413356781006,0.3410874307155609,8.588022045462758,10.979313988322778
1100,1100,35,zero_hold,3,"[0.0, 0.0, 0.0, 0.0]",-0.16174286603927612,-0.3190978467464447,-0.04742659628391266,1.0600014925003052,1.1197484731674194,0.17385971546173096,10.979313988322778,13.131336670317978
1100,1100,35,target_ahead,0,"[0.0, 0.0, 0.0, 0.0]",1.063754916191101,-0.6596291065216064,-0.5982365608215332,0.4101296365261078,1.4466438293457031,0.0,0.0,8.4848350235686
1100,1100,35,target_ahead,1,"[0.009999999776482582, 0.0, 0.0, 0.0]",0.9896490573883057,-0.6431374549865723,-0.6877362132072449,0.5909557938575745,1.4883685111999512,0.2155735045671463,8.4848350235686,12.15024701549194
1100,1100,35,target_ahead,2,"[0.019999999552965164, 0.0, 0.0, 0.0]",0.8925319910049438,-0.5918192267417908,-0.7203955054283142,0.5200185775756836,1.3914928436279297,0.13477389514446259,12.15024701549194,15.93636443603915
1100,1100,35,target_ahead,3,"[0.029999999329447746, 0.0, 0.0, 0.0]",0.8539224863052368,-0.5778437852859497,-0.7345530986785889,0.48217567801475525,1.354676604270935,0.05760667845606804,15.93636443603915,19.87744774232212
1100,1100,35,target_left,0,"[0.0, 0.0, 0.0, 0.0]",-0.3939172029495239,-1.7906951904296875,0.870526134967804,-0.09151262044906616,2.03173565864563,0.0,0.0,8.755542818805047
1100,1100,35,target_left,1,"[0.009999999776482582, 0.0, 0.0, 0.0]",-0.769818127155304,-1.7647922039031982,1.101729393005371,0.009650398045778275,2.2183353900909424,0.4534990191459656,8.755542818805047,12.977268943286099
1100,1100,35,target_left,2,"[0.019999999552965164, 0.0, 0.0, 0.0]",-0.5975532531738281,-1.874272108078003,1.0901397466659546,0.01938765123486519,2.2491657733917236,0.20467087626457214,12.977268943286099,17.02738182845458
1100,1100,35,target_left,3,"[0.029999999329447746, 0.0, 0.0, 0.0]",-0.6129933595657349,-1.895219326019287,1.0654255151748657,0.04347767308354378,2.2593448162078857,0.043223895132541656,17.02738182845458,21.07111475558811
1100,1100,35,ramp,0,"[-0.5, -0.4333333373069763, -0.36666667461395264, -0.30000001192092896]",-0.5065317153930664,-1.3951759338378906,0.011635066010057926,0.12154996395111084,1.489295244216919,0.0,0.0,9.364924095917607
1100,1100,35,ramp,1,"[-0.47999998927116394, -0.41333332657814026, -0.3466666638851166, -0.2800000011920929]",-0.669989824295044,-1.210641860961914,0.1389143466949463,0.12738998234272003,1.3964474201202393,0.27749863266944885,9.364924095917607,13.144307508723555
1100,1100,35,ramp,2,"[-0.46000000834465027, -0.3933333456516266, -0.3266666829586029, -0.2600000202655792]",-0.7539262771606445,-1.2678016424179077,0.20998504757881165,0.1490257829427719,1.497340440750122,0.12582416832447052,13.144307508723555,17.66905130355138
1100,1100,35,ramp,3,"[-0.4399999976158142, -0.3733333349227905, -0.30666667222976685, -0.24000000953674316]",-0.8426943421363831,-1.145538091659546,0.22213637828826904,0.15665429830551147,1.4478522539138794,0.15176953375339508,17.66905130355138,22.35061176060381
1125,1125,35,zero_hold,0,"[0.0, 0.0, 0.0, 0.0]",-0.3770939111709595,-0.3152501583099365,-0.10275183618068695,0.5864608287811279,0.7720600366592407,0.0,0.0,5.617736018773899
1125,1125,35,zero_hold,1,"[0.0, 0.0, 0.0, 0.0]",-0.4851815700531006,-0.25794026255607605,-0.025588838383555412,0.8447265028953552,1.008043646812439,0.2960112392902374,5.617736018773899,8.609836336363989
1125,1125,35,zero_hold,2,"[0.0, 0.0, 0.0, 0.0]",-0.22084297239780426,-0.43479692935943604,0.007262697909027338,0.9532220959663391,1.0707497596740723,0.3376443386077881,8.609836336363989,11.049827609381824
1125,1125,35,zero_hold,3,"[0.0, 0.0, 0.0, 0.0]",-0.1694168895483017,-0.31966501474380493,-0.04797668382525444,1.0469655990600586,1.1087499856948853,0.16655099391937256,11.049827609381824,13.227368011979559
1125,1125,35,target_ahead,0,"[0.0, 0.0, 0.0, 0.0]",1.037984848022461,-0.6407651305198669,-0.605621874332428,0.3965107798576355,1.418446660041809,0.0,0.0,8.50087667760719
1125,1125,35,target_ahead,1,"[0.009999999776482582, 0.0, 0.0, 0.0]",0.981873095035553,-0.6079549789428711,-0.681606650352478,0.6004564762115479,1.4692922830581665,0.22713996469974518,8.50087667760719,12.185528188317729
1125,1125,35,target_ahead,2,"[0.019999999552965164, 0.0, 0.0, 0.0]",0.8839425444602966,-0.5588986873626709,-0.7185444235801697,0.5216391682624817,1.371909499168396,0.13990525901317596,12.185528188317729,16.023840023272804
1125,1125,35,target_ahead,3,"[0.029999999329447746, 0.0, 0.0, 0.0]",0.8424851298332214,-0.5540025234222412,-0.740413248538971,0.4856288433074951,1.341919183731079,0.05931002274155617,16.023840023272804,19.99467739329044
1125,1125,35,target_left,0,"[0.0, 0.0, 0.0, 0.0]",-0.38092249631881714,-1.8048501014709473,0.8813715577125549,-0.08226452022790909,2.0460128784179688,0.0,0.0,8.774376355467526
1125,1125,35,target_left,1,"[0.009999999776482582, 0.0, 0.0, 0.0]",-0.7778860926628113,-1.7712514400482178,1.1073554754257202,-0.0024490803480148315,2.2290537357330322,0.4649174213409424,8.774376355467526,12.964327497607938
1125,1125,35,target_left,2,"[0.019999999552965164, 0.0, 0.0, 0.0]",-0.5996772646903992,-1.8767940998077393,1.105618953704834,0.0011891573667526245,2.2592837810516357,0.2071566879749298,12.964327497607938,17.016982036395632
1125,1125,35,target_left,3,"[0.029999999329447746, 0.0, 0.0, 0.0]",-0.6146262288093567,-1.8950982093811035,1.0928962230682373,0.026646926999092102,2.272508382797241,0.03699294105172157,17.016982036395632,21.06835607811089
1125,1125,35,ramp,0,"[-0.5, -0.4333333373069763, -0.36666667461395264, -0.30000001192092896]",-0.5584366321563721,-1.4345570802688599,0.00038904929533600807,0.10431693494319916,1.542947769165039,0.0,0.0,9.407098533841603
1125,1125,35,ramp,1,"[-0.47999998927116394, -0.41333332657814026, -0.3466666638851166, -0.2800000011920929]",-0.7342783808708191,-1.2705483436584473,0.12333264946937561,0.09829838573932648,1.475917100906372,0.27013060450553894,9.407098533841603,13.178819930956086
1125,1125,35,ramp,2,"[-0.46000000834465027, -0.3933333456516266, -0.3266666829586029, -0.2600000202655792]",-0.7934744358062744,-1.3296960592269897,0.18882296979427338,0.1200481504201889,1.5645315647125244,0.10846501588821411,13.178819930956086,17.70760515695343
1125,1125,35,ramp,3,"[-0.4399999976158142, -0.3733333349227905, -0.30666667222976685, -0.24000000953674316]",-0.8714504837989807,-1.2218660116195679,0.1834748238325119,0.1334185004234314,1.5178425312042236,0.13384674489498138,17.70760515695343,22.396011127486744
1150,1150,35,zero_hold,0,"[0.0, 0.0, 0.0, 0.0]",-0.36972689628601074,-0.31283849477767944,-0.10421033203601837,0.6081750988960266,0.7844122648239136,0.0,0.0,5.646561868373367
1150,1150,35,zero_hold,1,"[0.0, 0.0, 0.0, 0.0]",-0.4861450493335724,-0.2530629634857178,-0.029138781130313873,0.8708994388580322,1.0294138193130493,0.3029622435569763,5.646561868373367,8.613818760978365
1150,1150,35,zero_hold,2,"[0.0, 0.0, 0.0, 0.0]",-0.2040204107761383,-0.43197375535964966,-0.0033799484372138977,0.9803006649017334,1.0905165672302246,0.35247060656547546,8.613818760978365,11.05328639728117
1150,1150,35,zero_hold,3,"[0.0, 0.0, 0.0, 0.0]",-0.16108548641204834,-0.322177529335022,-0.06372815370559692,1.0788019895553589,1.139132022857666,0.16505464911460876,11.05328639728117,13.230176142495301
1150,1150,35,target_ahead,0,"[0.0, 0.0, 0.0, 0.0]",1.0228796005249023,-0.6368421316146851,-0.619047999382019,0.3857232332229614,1.4084932804107666,0.0,0.0,8.500379452950776
1150,1150,35,target_ahead,1,"[0.009999999776482582, 0.0, 0.0, 0.0]",0.9509894847869873,-0.6096148490905762,-0.7001724243164062,0.5529143810272217,1.4394328594207764,0.20110586285591125,8.500379452950776,12.203530023548419
1150,1150,35,target_ahead,2,"[0.019999999552965164, 0.0, 0.0, 0.0]",0.8578875660896301,-0.5665122866630554,-0.7353619337081909,0.49354076385498047,1.3569256067276,0.12365001440048218,12.203530023548419,16.061150983093714
1150,1150,35,target_ahead,3,"[0.029999999329447746, 0.0, 0.0, 0.0]",0.8200027346611023,-0.5650520324707031,-0.7596648931503296,0.46603769063949585,1.3364019393920898,0.05276784673333168,16.061150983093714,20.013684473763664
1150,1150,35,target_left,0,"[0.0, 0.0, 0.0, 0.0]",-0.3916948437690735,-1.815147876739502,0.873345136642456,-0.07132501155138016,2.0532915592193604,0.0,0.0,8.765269987072454
1150,1150,35,target_left,1,"[0.009999999776482582, 0.0, 0.0, 0.0]",-0.7964715361595154,-1.791494607925415,1.078101634979248,-0.02669212967157364,2.237595796585083,0.4564219117164612,8.765269987072454,12.926786641696557
1150,1150,35,target_left,2,"[0.019999999552965164, 0.0, 0.0, 0.0]",-0.6204400658607483,-1.8977762460708618,1.077089786529541,-0.022894062101840973,2.2687325477600098,0.20566554367542267,12.926786641696557,16.95693613747406
1150,1150,35,target_left,3,"[0.029999999329447746, 0.0, 0.0, 0.0]",-0.6366322040557861,-1.9242844581604004,1.0643987655639648,0.007390044629573822,2.289360284805298,0.04520021751523018,16.95693613747406,20.998150930531118
1150,1150,35,ramp,0,"[-0.5, -0.4333333373069763, -0.36666667461395264, -0.30000001192092896]",-0.5249684453010559,-1.4375109672546387,-0.022122347727417946,0.1344670057296753,1.5364245176315308,0.0,0.0,9.435710139120118
1150,1150,35,ramp,1,"[-0.47999998927116394, -0.41333332657814026, -0.3466666638851166, -0.2800000011920929]",-0.6936340928077698,-1.233922004699707,0.10174107551574707,0.12483420222997665,1.4246495962142944,0.29211556911468506,9.435710139120118,13.151591589929119
1150,1150,35,ramp,2,"[-0.46000000834465027, -0.3933333456516266, -0.3266666829586029, -0.2600000202655792]",-0.7749008536338806,-1.3238664865493774,0.15614327788352966,0.1405949592590332,1.5483027696609497,0.1337994635105133,13.151591589929119,17.650347597564107
1150,1150,35,ramp,3,"[-0.4399999976158142, -0.3733333349227905, -0.30666667222976685, -0.24000000953674316]",-0.8657552599906921,-1.1953047513961792,0.14075616002082825,0.15248939394950867,1.4904197454452515,0.15862183272838593,17.650347597564107,22.320197372888718
1175,1175,35,zero_hold,0,"[0.0, 0.0, 0.0, 0.0]",-0.35906678438186646,-0.31578004360198975,-0.1025318056344986,0.6141648292541504,0.7850841879844666,0.0,0.0,5.623958395307223
1175,1175,35,zero_hold,1,"[0.0, 0.0, 0.0, 0.0]",-0.46673160791397095,-0.2576729357242584,-0.021103471517562866,0.8787971138954163,1.0280872583389282,0.30270278453826904,5.623958395307223,8.597176545538488
1175,1175,35,zero_hold,2,"[0.0, 0.0, 0.0, 0.0]",-0.20230358839035034,-0.42813417315483093,0.0029004965908825397,0.9939656853675842,1.101000428199768,0.3358857035636902,8.597176545538488,11.025488039414874
1175,1175,35,zero_hold,3,"[0.0, 0.0, 0.0, 0.0]",-0.14119952917099,-0.3230179250240326,-0.060183074325323105,1.0918247699737549,1.1489043235778809,0.16834211349487305,11.025488039414874,13.185615594762384
1175,1175,35,target_ahead,0,"[0.0, 0.0, 0.0, 0.0]",1.01093590259552,-0.644882082939148,-0.6522642970085144,0.37851855158805847,1.4165412187576294,0.0,0.0,8.484091167406502
1175,1175,35,target_ahead,1,"[0.009999999776482582, 0.0, 0.0, 0.0]",0.9373837113380432,-0.6331303119659424,-0.7390325665473938,0.5391290783882141,1.4547754526138306,0.19716110825538635,8.484091167406502,12.162774927145193
1175,1175,35,target_ahead,2,"[0.019999999552965164, 0.0, 0.0, 0.0]",0.8721609711647034,-0.5946444272994995,-0.7675593495368958,0.49962252378463745,1.3975108861923218,0.09005395323038101,12.162774927145193,15.985777135147897
1175,1175,35,target_ahead,3,"[0.029999999329447746, 0.0, 0.0, 0.0]",0.8422433733940125,-0.594586968421936,-0.7925192713737488,0.4704442322254181,1.3828637599945068,0.048676855862140656,15.985777135147897,19.919873287766993
1175,1175,35,target_left,0,"[0.0, 0.0, 0.0, 0.0]",-0.36872729659080505,-1.8147251605987549,0.8632938265800476,-0.04043563827872276,2.043550491333008,0.0,0.0,8.751939000671353
1175,1175,35,target_left,1,"[0.009999999776482582, 0.0, 0.0, 0.0]",-0.6967505216598511,-1.7899788618087769,1.0326305627822876,0.003486771136522293,2.1807851791381836,0.3725798428058624,8.751939000671353,12.884678549121087
1175,1175,35,target_left,2,"[0.019999999552965164, 0.0, 0.0, 0.0]",-0.5469940304756165,-1.8853110074996948,1.030462622642517,0.011673320084810257,2.2171127796173096,0.17772716283798218,12.884678549121087,16.854362072012055
1175,1175,35,target_left,3,"[0.029999999329447746, 0.0, 0.0, 0.0]",-0.557816207408905,-1.9150983095169067,1.0143414735794067,0.03928345814347267,2.2381224632263184,0.04501793161034584,16.854362072012055,20.832276516587267
1175,1175,35,ramp,0,"[-0.5, -0.4333333373069763, -0.36666667461395264, -0.30000001192092896]",-0.49796387553215027,-1.4336845874786377,-0.04262946918606758,0.1574261337518692,1.5264402627944946,0.0,0.0,9.408718375803325
1175,1175,35,ramp,1,"[-0.47999998927116394, -0.41333332657814026, -0.3466666638851166, -0.2800000011920929]",-0.6651979684829712,-1.1886457204818726,0.0891285389661789,0.16932693123817444,1.3754935264587402,0.32482779026031494,9.408718375803325,13.108531435926363
1175,1175,35,ramp,2,"[-0.46000000834465027, -0.3933333456516266, -0.3266666829586029, -0.2600000202655792]",-0.7393593192100525,-1.3160169124603271,0.15612223744392395,0.18216539919376373,1.528434157371521,0.16240784525871277,13.108531435926363,17.599837119987892
1175,1175,35,ramp,3,"[-0.4399999976158142, -0.3733333349227905, -0.30666667222976685, -0.24000000953674316]",-0.8247848153114319,-1.1576642990112305,0.14530731737613678,0.18840931355953217,1.4412039518356323,0.18035802245140076,17.599837119987892,22.250888703295807
1200,1200,35,zero_hold,0,"[0.0, 0.0, 0.0, 0.0]",-0.36549726128578186,-0.3103659152984619,-0.11495596915483475,0.6296318173408508,0.7997289299964905,0.0,0.0,5.642064943751908
1200,1200,35,zero_hold,1,"[0.0, 0.0, 0.0, 0.0]",-0.47846320271492004,-0.25399625301361084,-0.021498823538422585,0.8930309414863586,1.044704556465149,0.30667927861213684,5.642064943751908,8.597683163862353
1200,1200,35,zero_hold,2,"[0.0, 0.0, 0.0, 0.0]",-0.19153936207294464,-0.4327419102191925,0.004267839714884758,1.0042219161987305,1.11014986038208,0.35679495334625244,8.597683163862353,11.026491355469108
1200,1200,35,zero_hold,3,"[0.0, 0.0, 0.0, 0.0]",-0.12674398720264435,-0.30697664618492126,-0.060690827667713165,1.1066091060638428,1.1569640636444092,0.1863279640674591,11.026491355469108,13.192134497870292
1200,1200,35,target_ahead,0,"[0.0, 0.0, 0.0, 0.0]",1.019135594367981,-0.6874142289161682,-0.6500987410545349,0.40214353799819946,1.4475923776626587,0.0,0.0,8.510539763379725
1200,1200,35,target_ahead,1,"[0.009999999776482582, 0.0, 0.0, 0.0]",0.9398026466369629,-0.6928227543830872,-0.7469092607498169,0.5728866457939148,1.4997683763504028,0.2117745280265808,8.510539763379725,12.236132726656205
1200,1200,35,target_ahead,2,"[0.019999999552965164, 0.0, 0.0, 0.0]",0.8746228814125061,-0.6597045063972473,-0.7707569003105164,0.5425117015838623,1.4451851844787598,0.08268353343009949,12.236132726656205,16.108344395545206
1200,1200,35,target_ahead,3,"[0.029999999329447746, 0.0, 0.0, 0.0]",0.8448464274406433,-0.6531749367713928,-0.7886722683906555,0.5099953413009644,1.4221470355987549,0.048036929219961166,16.108344395545206,20.104870827930952
1200,1200,35,target_left,0,"[0.0, 0.0, 0.0, 0.0]",-0.35542839765548706,-1.8084828853607178,0.8702291250228882,-0.07779145240783691,2.0396788120269775,0.0,0.0,8.73123039344982
1200,1200,35,target_left,1,"[0.009999999776482582, 0.0, 0.0, 0.0]",-0.6893141865730286,-1.7886872291564941,1.0500006675720215,-0.03848857805132866,2.1859869956970215,0.3817513883113861,8.73123039344982,12.880154674026835
1200,1200,35,target_left,2,"[0.019999999552965164, 0.0, 0.0, 0.0]",-0.5483662486076355,-1.886085033416748,1.0438168048858643,-0.027623381465673447,2.2244861125946045,0.17178168892860413,12.880154674026835,16.85750490249527
1200,1200,35,target_left,3,"[0.029999999329447746, 0.0, 0.0, 0.0]",-0.5552310943603516,-1.9186897277832031,1.0274232625961304,0.0027773417532444,2.2461652755737305,0.047991085797548294,16.85750490249527,20.843556307918952
1200,1200,35,ramp,0,"[-0.5, -0.4333333373069763, -0.36666667461395264, -0.30000001192092896]",-0.46892014145851135,-1.4281055927276611,-0.05178554356098175,0.16315312683582306,1.5128358602523804,0.0,0.0,9.433482398167058
1200,1200,35,ramp,1,"[-0.47999998927116394, -0.41333332657814026, -0.3466666638851166, -0.2800000011920929]",-0.6602378487586975,-1.236137866973877,0.05273635685443878,0.1707223504781723,1.4127554893493652,0.29057905077934265,9.433482398167058,13.2019053854739
1200,1200,35,ramp,2,"[-0.46000000834465027, -0.3933333456516266, -0.3266666829586029, -0.2600000202655792]",-0.7449135780334473,-1.3351423740386963,0.10185101628303528,0.17605380713939667,1.542358636856079,0.13932891190052032,13.2019053854739,17.72518391326002
1200,1200,35,ramp,3,"[-0.4399999976158142, -0.3733333349227905, -0.30666667222976685, -0.24000000953674316]",-0.8199667930603027,-1.2119700908660889,0.09904417395591736,0.1818987876176834,1.4778748750686646,0.14438295364379883,17.72518391326002,22.425987507084795
1225,1225,35,zero_hold,0,"[0.0, 0.0, 0.0, 0.0]",-0.3394354283809662,-0.30615440011024475,-0.11132889240980148,0.6255379915237427,0.782712459564209,0.0,0.0,5.625202328167211
1225,1225,35,zero_hold,1,"[0.0, 0.0, 0.0, 0.0]",-0.4467814862728119,-0.25321081280708313,-0.021111181005835533,0.8793971538543701,1.0185844898223877,0.2948048710823059,5.625202328167211,8.552347084191357
1225,1225,35,zero_hold,2,"[0.0, 0.0, 0.0, 0.0]",-0.14894838631153107,-0.43317028880119324,0.003436163067817688,0.9851793050765991,1.0864677429199219,0.36453038454055786,8.552347084191357,10.970305152010223
1225,1225,35,zero_hold,3,"[0.0, 0.0, 0.0, 0.0]",-0.07699902355670929,-0.3047982156276703,-0.06521622091531754,1.0829789638519287,1.1295695304870605,0.18956272304058075,10.970305152010223,13.127558214673666
1225,1225,35,target_ahead,0,"[0.0, 0.0, 0.0, 0.0]",1.0230878591537476,-0.6897863745689392,-0.6602798104286194,0.4183466136455536,1.4606497287750244,0.0,0.0,8.529210506990314
1225,1225,35,target_ahead,1,"[0.009999999776482582, 0.0, 0.0, 0.0]",0.9538398385047913,-0.6978144645690918,-0.7726810574531555,0.5822871923446655,1.5273668766021729,0.21064257621765137,8.529210506990314,12.22234979751253
1225,1225,35,target_ahead,2,"[0.019999999552965164, 0.0, 0.0, 0.0]",0.8868570923805237,-0.6665164232254028,-0.7954111695289612,0.5578866004943848,1.4746782779693604,0.08110673725605011,12.22234979751253,16.06516862559272
1225,1225,35,target_ahead,3,"[0.029999999329447746, 0.0, 0.0, 0.0]",0.8539032340049744,-0.6594076752662659,-0.8141690492630005,0.5211340188980103,1.4485927820205688,0.053283218294382095,16.06516862559272,20.04167205054585
1225,1225,35,target_left,0,"[0.0, 0.0, 0.0, 0.0]",-0.3659403622150421,-1.77372145652771,0.8617551922798157,-0.09096293151378632,2.007709264755249,0.0,0.0,8.704361208748784
1225,1225,35,target_left,1,"[0.009999999776482582, 0.0, 0.0, 0.0]",-0.6834132671356201,-1.7627127170562744,1.0457262992858887,-0.07692226767539978,2.161867380142212,0.3673591613769531,8.704361208748784,12.825311181594603
1225,1225,35,target_left,2,"[0.019999999552965164, 0.0, 0.0, 0.0]",-0.5532504916191101,-1.8505666255950928,1.0295194387435913,-0.06660737097263336,2.18975567817688,0.15820783376693726,12.825311181594603,16.77704541318469
1225,1225,35,target_left,3,"[0.029999999329447746, 0.0, 0.0, 0.0]",-0.5662198662757874,-1.8806711435317993,1.0059736967086792,-0.0408567376434803,2.2070751190185547,0.04787466675043106,16.77704541318469,20.736206172390762
1225,1225,35,ramp,0,"[-0.5, -0.4333333373069763, -0.36666667461395264, -0.30000001192092896]",-0.48077404499053955,-1.4372347593307495,-0.0782885029911995,0.16873933374881744,1.5268888473510742,0.0,0.0,9.484915524844505
1225,1225,35,ramp,1,"[-0.47999998927116394, -0.41333332657814026, -0.3466666638851166, -0.2800000011920929]",-0.690299928188324,-1.2576035261154175,0.022029979154467583,0.1762842833995819,1.4455593824386597,0.29375025629997253,9.484915524844505,13.190164444575316
1225,1225,35,ramp,2,"[-0.46000000834465027, -0.3933333456516266, -0.3266666829586029, -0.2600000202655792]",-0.7530217170715332,-1.3391870260238647,0.0885264128446579,0.17819562554359436,1.549210786819458,0.12253700941801071,13.190164444575316,17.690846250279385
1225,1225,35,ramp,3,"[-0.4399999976158142, -0.3733333349227905, -0.30666667222976685, -0.24000000953674316]",-0.8216745257377625,-1.2105995416641235,0.09444502741098404,0.1826198697090149,1.4774878025054932,0.1459539532661438,17.690846250279385,22.367229244996487
1250,1250,35,zero_hold,0,"[0.0, 0.0, 0.0, 0.0]",-0.33161187171936035,-0.2922370135784149,-0.12254832684993744,0.6366356611251831,0.7846603989601135,0.0,0.0,5.643081181862647
1250,1250,35,zero_hold,1,"[0.0, 0.0, 0.0, 0.0]",-0.4346131384372711,-0.23802199959754944,-0.032907143235206604,0.8856399655342102,1.0153738260269165,0.2891145348548889,5.643081181862647,8.56373184101251
1250,1250,35,zero_hold,2,"[0.0, 0.0, 0.0, 0.0]",-0.1308193802833557,-0.40813586115837097,-0.008358756080269814,0.9955735206604004,1.0839396715164185,0.36594724655151367,8.56373184101251,10.970590266682732
1250,1250,35,zero_hold,3,"[0.0, 0.0, 0.0, 0.0]",-0.05870186537504196,-0.29470294713974,-0.08555509150028229,1.094573974609375,1.1382914781570435,0.18392477929592133,10.970590266682732,13.124636034262808
1250,1250,35,target_ahead,0,"[0.0, 0.0, 0.0, 0.0]",1.0228532552719116,-0.6953162550926208,-0.6466048359870911,0.41434645652770996,1.4558414220809937,0.0,0.0,8.52908184670689
1250,1250,35,target_ahead,1,"[0.009999999776482582, 0.0, 0.0, 0.0]",0.9754316806793213,-0.6882820725440979,-0.7729583978652954,0.6029937267303467,1.544754147529602,0.2320588231086731,8.52908184670689,12.200155542698338
1250,1250,35,target_ahead,2,"[0.019999999552965164, 0.0, 0.0, 0.0]",0.9206349849700928,-0.662232518196106,-0.8003832101821899,0.5857164859771729,1.5065847635269165,0.06878866255283356,12.200155542698338,15.989891661378692
1250,1250,35,target_ahead,3,"[0.029999999329447746, 0.0, 0.0, 0.0]",0.8904112577438354,-0.654634952545166,-0.8170413970947266,0.5557132959365845,1.4824820756912231,0.04635604843497276,15.989891661378692,19.913307088377703
1250,1250,35,target_left,0,"[0.0, 0.0, 0.0, 0.0]",-0.3738526999950409,-1.7987349033355713,0.8270021677017212,-0.04049158841371536,2.015139102935791,0.0,0.0,8.713087502948397
1250,1250,35,target_left,1,"[0.009999999776482582, 0.0, 0.0, 0.0]",-0.6895867586135864,-1.780576467514038,1.0048657655715942,-0.03112001158297062,2.15794038772583,0.36296144127845764,8.713087502948397,12.819995381528559
1250,1250,35,target_left,2,"[0.019999999552965164, 0.0, 0.0, 0.0]",-0.5504992008209229,-1.8640304803848267,0.9921945333480835,-0.026692042127251625,2.1823887825012207,0.1627577543258667,12.819995381528559,16.759312660854604
1250,1250,35,target_left,3,"[0.029999999329447746, 0.0, 0.0, 0.0]",-0.5714743733406067,-1.8945138454437256,0.9652652740478516,-0.004453638568520546,2.201709032058716,0.05088147893548012,16.759312660854604,20.713843006080058
1250,1250,35,ramp,0,"[-0.5, -0.4333333373069763, -0.36666667461395264, -0.30000001192092896]",-0.4552527368068695,-1.4191256761550903,-0.06957125663757324,0.20985977351665497,1.5066698789596558,0.0,0.0,9.473742629192875
1250,1250,35,ramp,1,"[-0.47999998927116394, -0.41333332657814026, -0.3466666638851166, -0.2800000011920929]",-0.684809684753418,-1.225427269935608,0.0026954542845487595,0.22465763986110687,1.4216591119766235,0.3092845380306244,9.473742629192875,13.190675903114785
1250,1250,35,ramp,2,"[-0.46000000834465027, -0.3933333456516266, -0.3266666829586029, -0.2600000202655792]",-0.7420347332954407,-1.3216240406036377,0.06389716267585754,0.2155148983001709,1.5322647094726562,0.1278974711894989,13.190675903114785,17.696896817148644
1250,1250,35,ramp,3,"[-0.4399999976158142, -0.3733333349227905, -0.30666667222976685, -0.24000000953674316]",-0.8079221248626709,-1.1845167875289917,0.07000181078910828,0.21501679718494415,1.4515337944030762,0.15224014222621918,17.696896817148644,22.37349206542708
1275,1275,35,zero_hold,0,"[0.0, 0.0, 0.0, 0.0]",-0.3338881731033325,-0.30149075388908386,-0.14159119129180908,0.6389462947845459,0.7941526174545288,0.0,0.0,5.685974890245557
1275,1275,35,zero_hold,1,"[0.0, 0.0, 0.0, 0.0]",-0.42483073472976685,-0.2380393147468567,-0.0599815770983696,0.8946292996406555,1.020344614982605,0.2903972566127777,5.685974890245557,8.612775308539854
1275,1275,35,zero_hold,2,"[0.0, 0.0, 0.0, 0.0]",-0.1340176910161972,-0.4068637490272522,-0.04172034561634064,0.9974152445793152,1.086313247680664,0.3520970642566681,8.612775308539854,11.032286623635011
1275,1275,35,zero_hold,3,"[0.0, 0.0, 0.0, 0.0]",-0.07309256494045258,-0.2973184287548065,-0.11443153768777847,1.088487148284912,1.1365032196044922,0.17115214467048645,11.032286623635011,13.195979698498641
1275,1275,35,target_ahead,0,"[0.0, 0.0, 0.0, 0.0]",1.038482666015625,-0.6749147176742554,-0.651073694229126,0.41667816042900085,1.4599567651748657,0.0,0.0,8.535247795113392
1275,1275,35,target_ahead,1,"[0.009999999776482582, 0.0, 0.0, 0.0]",1.0132163763046265,-0.6440569758415222,-0.7813318967819214,0.6162722706794739,1.559386968612671,0.24165180325508118,8.535247795113392,12.157920171711861
1275,1275,35,target_ahead,2,"[0.019999999552965164, 0.0, 0.0, 0.0]",0.9478230476379395,-0.6068801879882812,-0.8104663491249084,0.5675326585769653,1.498539686203003,0.09424842894077301,12.157920171711861,15.907647027385233
1275,1275,35,target_ahead,3,"[0.029999999329447746, 0.0, 0.0, 0.0]",0.9135781526565552,-0.5946058630943298,-0.8208860158920288,0.531535804271698,1.4644334316253662,0.052227530628442764,15.907647027385233,19.806120120598923
1275,1275,35,target_left,0,"[0.0, 0.0, 0.0, 0.0]",-0.3972359895706177,-1.790932059288025,0.7957876920700073,-0.02267943136394024,1.9997565746307373,0.0,0.0,8.692282349250567
1275,1275,35,target_left,1,"[0.009999999776482582, 0.0, 0.0, 0.0]",-0.6861250400543213,-1.7778602838516235,0.9620491862297058,-0.02421584539115429,2.1348721981048584,0.3335760831832886,8.692282349250567,12.841436970017254
1275,1275,35,target_left,2,"[0.019999999552965164, 0.0, 0.0, 0.0]",-0.5617786645889282,-1.8527193069458008,0.9533685445785522,-0.021675823256373405,2.158134698867798,0.14542248845100403,12.841436970017254,16.80117224498792
1275,1275,35,target_left,3,"[0.029999999329447746, 0.0, 0.0, 0.0]",-0.5762115120887756,-1.8834562301635742,0.9288377165794373,-0.001095084473490715,2.177651882171631,0.04667326435446739,16.80117224498792,20.77556724525367
1275,1275,35,ramp,0,"[-0.5, -0.4333333373069763, -0.36666667461395264, -0.30000001192092896]",-0.4441167712211609,-1.386428952217102,-0.06398818641901016,0.23608165979385376,1.4762295484542847,0.0,0.0,9.462884856884395
1275,1275,35,ramp,1,"[-0.47999998927116394, -0.41333332657814026, -0.3466666638851166, -0.2800000011920929]",-0.677054762840271,-1.2158390283584595,-0.006945289671421051,0.2531256675720215,1.4144922494888306,0.29479724168777466,9.462884856884395,13.197269796685788
1275,1275,35,ramp,2,"[-0.46000000834465027, -0.3933333456516266, -0.3266666829586029, -0.2600000202655792]",-0.7400075793266296,-1.305411458015442,0.04313512146472931,0.24209508299827576,1.5205857753753662,0.12089664489030838,13.197269796685788,17.716282412469926
1275,1275,35,ramp,3,"[-0.4399999976158142, -0.3733333349227905, -0.30666667222976685, -0.24000000953674316]",-0.8139707446098328,-1.1767444610595703,0.037779174745082855,0.23808914422988892,1.4509960412979126,0.14856135845184326,17.716282412469926,22.431743919353213
1300,1300,35,zero_hold,0,"[0.0, 0.0, 0.0, 0.0]",-0.33725494146347046,-0.28864726424217224,-0.13702134788036346,0.6330136656761169,0.7852001786231995,0.0,0.0,5.649249018851758
1300,1300,35,zero_hold,1,"[0.0, 0.0, 0.0, 0.0]",-0.4397677481174469,-0.22896209359169006,-0.055572763085365295,0.8813464045524597,1.0127581357955933,0.2870090901851654,5.649249018851758,8.545175858670108
1300,1300,35,zero_hold,2,"[0.0, 0.0, 0.0, 0.0]",-0.11619216948747635,-0.40738973021507263,-0.043867599219083786,0.9850335717201233,1.073164701461792,0.38396045565605164,8.545175858670108,10.935924688593659
1300,1300,35,zero_hold,3,"[0.0, 0.0, 0.0, 0.0]",-0.05343903601169586,-0.28716596961021423,-0.12652526795864105,1.0811901092529297,1.1270761489868164,0.1856611967086792,10.935924688593659,13.074062509074803
1300,1300,35,target_ahead,0,"[0.0, 0.0, 0.0, 0.0]",0.9781779050827026,-0.6656660437583923,-0.6557144522666931,0.3480418026447296,1.3967955112457275,0.0,0.0,8.515161501925197
1300,1300,35,target_ahead,1,"[0.009999999776482582, 0.0, 0.0, 0.0]",0.9771327972412109,-0.6282186508178711,-0.7897272109985352,0.5758696794509888,1.5181376934051514,0.26696136593818665,8.515161501925197,12.169288494991184
1300,1300,35,target_ahead,2,"[0.019999999552965164, 0.0, 0.0, 0.0]",0.9350454807281494,-0.5902479290962219,-0.8219117522239685,0.5474171042442322,1.4825340509414673,0.07112321257591248,12.169288494991184,15.949961003899197
1300,1300,35,target_ahead,3,"[0.029999999329447746, 0.0, 0.0, 0.0]",0.8992939591407776,-0.5801783204078674,-0.836418867111206,0.5075084567070007,1.449999213218689,0.05641564354300499,15.949961003899197,19.86810053587138
1300,1300,35,target_left,0,"[0.0, 0.0, 0.0, 0.0]",-0.41785499453544617,-1.77947998046875,0.789445698261261,-0.04052894562482834,1.991486668586731,0.0,0.0,8.69345569005699
1300,1300,35,target_left,1,"[0.009999999776482582, 0.0, 0.0, 0.0]",-0.7035948038101196,-1.7816880941390991,0.94842928647995,-0.03772091120481491,2.1378493309020996,0.3270103633403778,8.69345569005699,12.873866112835833
1300,1300,35,target_left,2,"[0.019999999552965164, 0.0, 0.0, 0.0]",-0.5651279091835022,-1.8543404340744019,0.9385648965835571,-0.03798022121191025,2.1541342735290527,0.1566806137561798,12.873866112835833,16.8550745251253
1300,1300,35,target_left,3,"[0.029999999329447746, 0.0, 0.0, 0.0]",-0.5835784673690796,-1.884926438331604,0.9133688807487488,-0.020496094599366188,2.174436569213867,0.04707930237054825,16.8550745251253,20.851096013652892
1300,1300,35,ramp,0,"[-0.5, -0.4333333373069763, -0.36666667461395264, -0.30000001192092896]",-0.47788986563682556,-1.42486572265625,-0.07721179723739624,0.22499504685401917,1.5215799808502197,0.0,0.0,9.49364400475105
1300,1300,35,ramp,1,"[-0.47999998927116394, -0.41333332657814026, -0.3466666638851166, -0.2800000011920929]",-0.6913955807685852,-1.2387555837631226,0.0038521303795278072,0.24456652998924255,1.4395731687545776,0.29525595903396606,9.49364400475105,13.19699937398709
1300,1300,35,ramp,2,"[-0.46000000834465027, -0.3933333456516266, -0.3266666829586029, -0.2600000202655792]",-0.7545140981674194,-1.318529486656189,0.058643586933612823,0.2380600869655609,1.5388058423995972,0.11572493612766266,13.19699937398709,17.710798222539555
1300,1300,35,ramp,3,"[-0.4399999976158142, -0.3733333349227905, -0.30666667222976685, -0.24000000953674316]",-0.8366185426712036,-1.1970933675765991,0.04444688558578491,0.2355649769306183,1.480009913444519,0.14729441702365875,17.710798222539555,22.416481532948556
1325,1325,35,zero_hold,0,"[0.0, 0.0, 0.0, 0.0]",-0.3353042006492615,-0.2812627851963043,-0.14288628101348877,0.6336900591850281,0.7832733988761902,0.0,0.0,5.6549233883202525
1325,1325,35,zero_hold,1,"[0.0, 0.0, 0.0, 0.0]",-0.43137937784194946,-0.2224966138601303,-0.0690707340836525,0.8796542286872864,1.0070527791976929,0.2804121971130371,5.6549233883202525,8.548464064612014
1325,1325,35,zero_hold,2,"[0.0, 0.0, 0.0, 0.0]",-0.11178874969482422,-0.3853192627429962,-0.062254082411527634,0.9777317643165588,1.0586796998977661,0.3719073235988617,8.548464064612014,10.924841130651147
1325,1325,35,zero_hold,3,"[0.0, 0.0, 0.0, 0.0]",-0.05830015242099762,-0.28416481614112854,-0.14461076259613037,1.0672658681869507,1.1154000759124756,0.16700966656208038,10.924841130651147,13.040351027252791
1325,1325,35,target_ahead,0,"[0.0, 0.0, 0.0, 0.0]",0.9286827445030212,-0.6767104864120483,-0.6781349778175354,0.33287742733955383,1.3751592636108398,0.0,0.0,8.511714650594596
1325,1325,35,target_ahead,1,"[0.009999999776482582, 0.0, 0.0, 0.0]",0.9271262288093567,-0.6453503966331482,-0.8034597039222717,0.5722706913948059,1.499693751335144,0.2720318138599396,8.511714650594596,12.17621602991938
1325,1325,35,target_ahead,2,"[0.019999999552965164, 0.0, 0.0, 0.0]",0.8918262720108032,-0.6222777962684631,-0.8386774063110352,0.5615529417991638,1.4836796522140503,0.05597846582531929,12.17621602991938,15.949149688345047
1325,1325,35,target_ahead,3,"[0.029999999329447746, 0.0, 0.0, 0.0]",0.8627387285232544,-0.6187103390693665,-0.8555520176887512,0.5338426828384399,1.4642670154571533,0.0437198244035244,15.949149688345047,19.852194769240906
1325,1325,35,target_left,0,"[0.0, 0.0, 0.0, 0.0]",-0.4439924657344818,-1.7597079277038574,0.7913020849227905,-0.028405863791704178,1.980067491531372,0.0,0.0,8.675791766438369
1325,1325,35,target_left,1,"[0.009999999776482582, 0.0, 0.0, 0.0]",-0.7069316506385803,-1.7435810565948486,0.9623738527297974,-0.0110018290579319,2.1133177280426025,0.31458789110183716,8.675791766438369,12.830316247898866
1325,1325,35,target_left,2,"[0.019999999552965164, 0.0, 0.0, 0.0]",-0.5507771372795105,-1.8118398189544678,0.9534523487091064,-0.007851321250200272,2.1202008724212646,0.17068395018577576,12.830316247898866,16.781698167710534
1325,1325,35,target_left,3,"[0.029999999329447746, 0.0, 0.0, 0.0]",-0.5721428990364075,-1.8444774150848389,0.9300830960273743,0.012391503900289536,2.1435141563415527,0.04977551847696304,16.781698167710534,20.746938544187955
1325,1325,35,ramp,0,"[-0.5, -0.4333333373069763, -0.36666667461395264, -0.30000001192092896]",-0.5223345756530762,-1.3983707427978516,-0.0828482136130333,0.2275928258895874,1.5122621059417725,0.0,0.0,9.486935778512706
1325,1325,35,ramp,1,"[-0.47999998927116394, -0.41333332657814026, -0.3466666638851166, -0.2800000011920929]",-0.7268206477165222,-1.1365143060684204,-0.0011194967664778233,0.24171751737594604,1.3705333471298218,0.3424360454082489,9.486935778512706,13.166681652072626
1325,1325,35,ramp,2,"[-0.46000000834465027, -0.3933333456516266, -0.3266666829586029, -0.2600000202655792]",-0.7684763073921204,-1.2928283214569092,0.06499312818050385,0.23236289620399475,1.5232129096984863,0.17500758171081543,13.166681652072626,17.657351789902755
1325,1325,35,ramp,3,"[-0.4399999976158142, -0.3733333349227905, -0.30666667222976685, -0.24000000953674316]",-0.8306705355644226,-1.1103558540344238,0.061333347111940384,0.2321912944316864,1.4073301553726196,0.19281531870365143,17.657351789902755,22.346265177343597
1350,1350,35,zero_hold,0,"[0.0, 0.0, 0.0, 0.0]",-0.3294777274131775,-0.2973172962665558,-0.14549016952514648,0.6325837969779968,0.7863095998764038,0.0,0.0,5.664991460312012
1350,1350,35,zero_hold,1,"[0.0, 0.0, 0.0, 0.0]",-0.4172373116016388,-0.2360866516828537,-0.07342597097158432,0.8671676516532898,0.9935768246650696,0.267719566822052,5.664991460312012,8.556284534603064
1350,1350,35,zero_hold,2,"[0.0, 0.0, 0.0, 0.0]",-0.10262884199619293,-0.40392202138900757,-0.0620531365275383,0.9556980133056641,1.0444591045379639,0.36757877469062805,8.556284534603064,10.935894551450824
1350,1350,35,zero_hold,3,"[0.0, 0.0, 0.0, 0.0]",-0.04357442632317543,-0.2928818166255951,-0.139235258102417,1.0427767038345337,1.0929081439971924,0.1713392287492752,10.935894551450824,13.063364167334502
1350,1350,35,target_ahead,0,"[0.0, 0.0, 0.0, 0.0]",0.9210299253463745,-0.6469841599464417,-0.6914768218994141,0.32679033279418945,1.3608146905899048,0.0,0.0,8.520263037165805
1350,1350,35,target_ahead,1,"[0.009999999776482582, 0.0, 0.0, 0.0]",0.9528402090072632,-0.6081305742263794,-0.8108792901039124,0.5834477543830872,1.5085303783416748,0.28749170899391174,8.520263037165805,12.20475815182926
1350,1350,35,target_ahead,2,"[0.019999999552965164, 0.0, 0.0, 0.0]",0.921942949295044,-0.5846498012542725,-0.8445752263069153,0.5698189735412598,1.4932498931884766,0.05317092314362526,12.20475815182926,15.984399562360968
1350,1350,35,target_ahead,3,"[0.029999999329447746, 0.0, 0.0, 0.0]",0.8867992162704468,-0.5777127742767334,-0.8577365279197693,0.5370376706123352,1.4643381834030151,0.050309423357248306,15.984399562360968,19.892914403867856
1350,1350,35,target_left,0,"[0.0, 0.0, 0.0, 0.0]",-0.4324503242969513,-1.7584433555603027,0.7942894101142883,-0.0013971664011478424,1.977380633354187,0.0,0.0,8.668579655859256
1350,1350,35,target_left,1,"[0.009999999776482582, 0.0, 0.0, 0.0]",-0.7069782018661499,-1.744655728340149,0.9760546088218689,0.011803250759840012,2.1204867362976074,0.32980069518089294,8.668579655859256,12.851157679901549
1350,1350,35,target_left,2,"[0.019999999552965164, 0.0, 0.0, 0.0]",-0.5580329895019531,-1.8143718242645264,0.968024492263794,0.01485941931605339,2.1308774948120117,0.1646779626607895,12.851157679901549,16.83690466924307
1350,1350,35,target_left,3,"[0.029999999329447746, 0.0, 0.0, 0.0]",-0.5761770009994507,-1.8450568914413452,0.9469797611236572,0.03471314534544945,2.152717113494873,0.04591110348701477,16.83690466924307,20.848363830642686
1350,1350,35,ramp,0,"[-0.5, -0.4333333373069763, -0.36666667461395264, -0.30000001192092896]",-0.47271865606307983,-1.386104941368103,-0.06766597926616669,0.22974903881549835,1.4839519262313843,0.0,0.0,9.464286474268862
1350,1350,35,ramp,1,"[-0.47999998927116394, -0.41333332657814026, -0.3466666638851166, -0.2800000011920929]",-0.664035975933075,-1.1306384801864624,0.017547830939292908,0.23790602385997772,1.3327393531799316,0.33044418692588806,9.464286474268862,13.18636977429212
1350,1350,35,ramp,2,"[-0.46000000834465027, -0.3933333456516266, -0.3266666829586029, -0.2600000202655792]",-0.7324345707893372,-1.2919994592666626,0.06797619163990021,0.23201744258403778,1.5047178268432617,0.1824648678302765,13.18636977429212,17.671087958601618
1350,1350,35,ramp,3,"[-0.4399999976158142, -0.3733333349227905, -0.30666667222976685, -0.24000000953674316]",-0.801138162612915,-1.124059796333313,0.07343442738056183,0.22607524693012238,1.4006553888320923,0.1816287785768509,17.671087958601618,22.352158303304073
1375,1375,35,zero_hold,0,"[0.0, 0.0, 0.0, 0.0]",-0.34626510739326477,-0.32480621337890625,-0.13268829882144928,0.635413408279419,0.8042107820510864,0.0,0.0,5.678246931336022
1375,1375,35,zero_hold,1,"[0.0, 0.0, 0.0, 0.0]",-0.44189202785491943,-0.2547692060470581,-0.058483049273490906,0.8691108226776123,1.0094304084777832,0.2723427712917328,5.678246931336022,8.59071453780086
1375,1375,35,zero_hold,2,"[0.0, 0.0, 0.0, 0.0]",-0.11983683705329895,-0.42998671531677246,-0.05230357497930527,0.9509308338165283,1.0517864227294922,0.375703901052475,8.59071453780086,10.998999345818874
1375,1375,35,zero_hold,3,"[0.0, 0.0, 0.0, 0.0]",-0.06174704432487488,-0.30131661891937256,-0.1298069953918457,1.034928321838379,1.087442398071289,0.18163913488388062,10.998999345818874,13.14797713474092
1375,1375,35,target_ahead,0,"[0.0, 0.0, 0.0, 0.0]",0.9061538577079773,-0.6012358665466309,-0.6912567019462585,0.27912312746047974,1.3184630870819092,0.0,0.0,8.508186628303337
1375,1375,35,target_ahead,1,"[0.009999999776482582, 0.0, 0.0, 0.0]",0.9371576905250549,-0.558527946472168,-0.8150590062141418,0.49979573488235474,1.4506326913833618,0.25847360491752625,8.508186628303337,12.174745907629019
1375,1375,35,target_ahead,2,"[0.019999999552965164, 0.0, 0.0, 0.0]",0.9037248492240906,-0.5277255773544312,-0.8413790464401245,0.47769540548324585,1.4252454042434692,0.056988682597875595,12.174745907629019,16.000920488463198
1375,1375,35,target_ahead,3,"[0.029999999329447746, 0.0, 0.0, 0.0]",0.86615389585495,-0.5300374627113342,-0.8643131852149963,0.4411560893058777,1.404570460319519,0.05725397542119026,16.000920488463198,19.94634905580449
1375,1375,35,target_left,0,"[0.0, 0.0, 0.0, 0.0]",-0.48698773980140686,-1.745166301727295,0.7676600217819214,0.033598996698856354,1.9680429697036743,0.0,0.0,8.620843641207841
1375,1375,35,target_left,1,"[0.009999999776482582, 0.0, 0.0, 0.0]",-0.7999837398529053,-1.7422213554382324,0.95087069272995,0.06073138862848282,2.1408300399780273,0.363699734210968,8.620843641207841,12.826084170229263
1375,1375,35,target_left,2,"[0.019999999552965164, 0.0, 0.0, 0.0]",-0.6450113654136658,-1.8159594535827637,0.9493126273155212,0.07627386599779129,2.1495954990386963,0.1723303198814392,12.826084170229263,16.826704626290315
1375,1375,35,target_left,3,"[0.029999999329447746, 0.0, 0.0, 0.0]",-0.6573950052261353,-1.8504199981689453,0.9366776347160339,0.10900057107210159,2.1784095764160156,0.050710588693618774,16.826704626290315,20.847987282740494
1375,1375,35,ramp,0,"[-0.5, -0.4333333373069763, -0.36666667461395264, -0.30000001192092896]",-0.4253382682800293,-1.3770520687103271,-0.06944087147712708,0.2332756668329239,1.46165132522583,0.0,0.0,9.478369881379544
1375,1375,35,ramp,1,"[-0.47999998927116394, -0.41333332657814026, -0.3466666638851166, -0.2800000011920929]",-0.6236518621444702,-1.1632657051086426,0.009623447433114052,0.23389728367328644,1.3404959440231323,0.302133172750473,9.478369881379544,13.236552148999891
1375,1375,35,ramp,2,"[-0.46000000834465027, -0.3933333456516266, -0.3266666829586029, -0.2600000202655792]",-0.7048501372337341,-1.2815828323364258,0.051759764552116394,0.23523502051830292,1.482323408126831,0.14956390857696533,13.236552148999891,17.74487718232223
1375,1375,35,ramp,3,"[-0.4399999976158142, -0.3733333349227905, -0.30666667222976685, -0.24000000953674316]",-0.7780050039291382,-1.1460764408111572,0.056481122970581055,0.23415599763393402,1.4059879779815674,0.15406841039657593,17.74487718232223,22.43043761188789
1400,1400,35,zero_hold,0,"[0.0, 0.0, 0.0, 0.0]",-0.35275405645370483,-0.31718412041664124,-0.13371768593788147,0.6355262994766235,0.8042482733726501,0.0,0.0,5.680492515890104
1400,1400,35,zero_hold,1,"[0.0, 0.0, 0.0, 0.0]",-0.4670584201812744,-0.2534005343914032,-0.060279831290245056,0.8666942715644836,1.0184046030044556,0.2756185531616211,5.680492515890104,8.605364215974365
1400,1400,35,zero_hold,2,"[0.0, 0.0, 0.0, 0.0]",-0.14017216861248016,-0.42134809494018555,-0.04910310357809067,0.9442466497421265,1.0446029901504517,0.3757662773132324,8.605364215974365,11.02308466869526
1400,1400,35,zero_hold,3,"[0.0, 0.0, 0.0, 0.0]",-0.08805587142705917,-0.2998925745487213,-0.13171514868736267,1.0227632522583008,1.077535629272461,0.17451979219913483,11.02308466869526,13.177266620530279
1400,1400,35,target_ahead,0,"[0.0, 0.0, 0.0, 0.0]",0.8769304156303406,-0.6227970719337463,-0.6851133108139038,0.2732841968536377,1.3042038679122925,0.0,0.0,8.52101693299596
1400,1400,35,target_ahead,1,"[0.009999999776482582, 0.0, 0.0, 0.0]",0.906440794467926,-0.580832839012146,-0.8130004405975342,0.5019375681877136,1.4394140243530273,0.2669631838798523,8.52101693299596,12.182769084835758
1400,1400,35,target_ahead,2,"[0.019999999552965164, 0.0, 0.0, 0.0]",0.8783309459686279,-0.5474824905395508,-0.8413357734680176,0.4921850562095642,1.4217222929000854,0.052918918430805206,12.182769084835758,16.002896407190313
1400,1400,35,target_ahead,3,"[0.029999999329447746, 0.0, 0.0, 0.0]",0.8445937037467957,-0.5467822551727295,-0.8626784682273865,0.45951807498931885,1.402740240097046,0.05158811807632446,16.002896407190313,19.95271967580814
1400,1400,35,target_left,0,"[0.0, 0.0, 0.0, 0.0]",-0.496196985244751,-1.751932978630066,0.7807173132896423,-0.004116877913475037,1.9811656475067139,0.0,0.0,8.616387281100689
1400,1400,35,target_left,1,"[0.009999999776482582, 0.0, 0.0, 0.0]",-0.8275001645088196,-1.7505627870559692,0.9579033255577087,0.026363179087638855,2.160439968109131,0.3769450783729553,8.616387281100689,12.814507691143135
1400,1400,35,target_left,2,"[0.019999999552965164, 0.0, 0.0, 0.0]",-0.6613976955413818,-1.828889012336731,0.9515412449836731,0.03951132297515869,2.165473222732544,0.1842237114906311,12.814507691143135,16.805828793265817
1400,1400,35,target_left,3,"[0.029999999329447746, 0.0, 0.0, 0.0]",-0.6746326088905334,-1.8645813465118408,0.939508318901062,0.0737147182226181,2.195427656173706,0.05257156118750572,16.805828793265817,20.813082726052066
1400,1400,35,ramp,0,"[-0.5, -0.4333333373069763, -0.36666667461395264, -0.30000001192092896]",-0.39777106046676636,-1.3779782056808472,-0.047370389103889465,0.20200277864933014,1.4491703510284424,0.0,0.0,9.490441031954537
1400,1400,35,ramp,1,"[-0.47999998927116394, -0.41333332657814026, -0.3466666638851166, -0.2800000011920929]",-0.6146637797355652,-1.2343391180038452,0.042446352541446686,0.20450963079929352,1.3946434259414673,0.2752234935760498,9.490441031954537,13.235169538120548
1400,1400,35,ramp,2,"[-0.46000000834465027, -0.3933333456516266, -0.3266666829586029, -0.2600000202655792]",-0.710862398147583,-1.3049185276031494,0.07716940343379974,0.2121054232120514,1.5030241012573242,0.12449503690004349,13.235169538120548,17.74204325860252
1400,1400,35,ramp,3,"[-0.4399999976158142, -0.3733333349227905, -0.30666667222976685, -0.24000000953674316]",-0.7842355966567993,-1.2107824087142944,0.0803372710943222,0.2093477100133896,1.4598972797393799,0.11942727863788605,17.74204325860252,22.432561817268706
1425,1425,35,zero_hold,0,"[0.0, 0.0, 0.0, 0.0]",-0.34501132369041443,-0.31836605072021484,-0.1300356239080429,0.6336000561714172,0.799217164516449,0.0,0.0,5.681011793257576
1425,1425,35,zero_hold,1,"[0.0, 0.0, 0.0, 0.0]",-0.44691404700279236,-0.24316157400608063,-0.061816636472940445,0.8651096224784851,1.0055325031280518,0.2725626230239868,5.681011793257576,8.60968227188554
1425,1425,35,zero_hold,2,"[0.0, 0.0, 0.0, 0.0]",-0.13863569498062134,-0.40906405448913574,-0.049769919365644455,0.946963369846344,1.04200279712677,0.3597281277179718,8.60968227188554,11.018664535678116
1425,1425,35,zero_hold,3,"[0.0, 0.0, 0.0, 0.0]",-0.09443342685699463,-0.2955799102783203,-0.12450230866670609,1.0288056135177612,1.0817703008651733,0.16466806828975677,11.018664535678116,13.170459112617348
1425,1425,35,target_ahead,0,"[0.0, 0.0, 0.0, 0.0]",0.8644553422927856,-0.6111833453178406,-0.6930419206619263,0.2774716019630432,1.2954249382019043,0.0,0.0,8.518024525449503
1425,1425,35,target_ahead,1,"[0.009999999776482582, 0.0, 0.0, 0.0]",0.891444206237793,-0.5567658543586731,-0.8017687797546387,0.5148068070411682,1.418633222579956,0.2680283486843109,8.518024525449503,12.173197998016791
1425,1425,35,target_ahead,2,"[0.019999999552965164, 0.0, 0.0, 0.0]",0.8637558221817017,-0.5259156823158264,-0.8286803364753723,0.5034566521644592,1.4010143280029297,0.05070934444665909,12.173197998016791,15.987899869273118
1425,1425,35,target_ahead,3,"[0.029999999329447746, 0.0, 0.0, 0.0]",0.8344663977622986,-0.5278403759002686,-0.8500545024871826,0.47976791858673096,1.3884234428405762,0.04335419088602066,15.987899869273118,19.93175484778155
1425,1425,35,target_left,0,"[0.0, 0.0, 0.0, 0.0]",-0.4924548268318176,-1.759756088256836,0.7801759243011475,-0.00581059604883194,1.986947774887085,0.0,0.0,8.619477160293313
1425,1425,35,target_left,1,"[0.009999999776482582, 0.0, 0.0, 0.0]",-0.8439915776252747,-1.742539882659912,0.9644010066986084,0.06014760583639145,2.16389799118042,0.40269574522972107,8.619477160293313,12.811021031073148
1425,1425,35,target_left,2,"[0.019999999552965164, 0.0, 0.0, 0.0]",-0.6771693229675293,-1.8281676769256592,0.9599950909614563,0.08398925513029099,2.1747183799743652,0.18907569348812103,12.811021031073148,16.81893556758243
1425,1425,35,target_left,3,"[0.029999999329447746, 0.0, 0.0, 0.0]",-0.6831862330436707,-1.8647263050079346,0.9544215202331543,0.1252581775188446,2.2069339752197266,0.05573979765176773,16.81893556758243,20.84657217669879
1425,1425,35,ramp,0,"[-0.5, -0.4333333373069763, -0.36666667461395264, -0.30000001192092896]",-0.38845863938331604,-1.3926883935928345,-0.03053693100810051,0.1821390986442566,1.457596778869629,0.0,0.0,9.488192831054086
1425,1425,35,ramp,1,"[-0.47999998927116394, -0.41333332657814026, -0.3466666638851166, -0.2800000011920929]",-0.5873449444770813,-1.2228481769561768,0.06300628930330276,0.17808690667152405,1.3696775436401367,0.27779167890548706,9.488192831054086,13.247394587052439
1425,1425,35,ramp,2,"[-0.46000000834465027, -0.3933333456516266, -0.3266666829586029, -0.2600000202655792]",-0.6951497197151184,-1.3111844062805176,0.09501881152391434,0.19936400651931763,1.5004041194915771,0.14457757771015167,13.247394587052439,17.765078141508127
1425,1425,35,ramp,3,"[-0.4399999976158142, -0.3733333349227905, -0.30666667222976685, -0.24000000953674316]",-0.7773256301879883,-1.2074530124664307,0.09722355753183365,0.20468798279762268,1.4537975788116455,0.13246241211891174,17.765078141508127,22.45723560657385
