[JSB][CreateBattleSpace] enter Space@00000001803EE598 SpaceMutex@00000001803DE000
[JSB][CreateBattleSpace] before newspace
[JSB][CreateBattleSpace] newspace=000001ED908681D0 use_count=1
[JSB][CreateBattleSpace] before lock
[JSB][CreateBattleSpace] after lock size=0
[JSB][CreateBattleSpace] insert id=1 success=1 final_size=1 stored=000001ED908681D0
init ID:1 Lat37.92355643001773 Lon128.18188127777776 Alt(meter)7000.0785355893395 Speed(m/sec)300.0
[JSB][Init] enter BattleSpace=1 Type=1 ForceSide=1 Delta=0.0166667
[JSB][Init] registry size=1
[JSB][Init] before new AIP_FDMExec


     JSBSim Flight Dynamics Model v1.0.0 May 29 2026 15:35:39
            [JSBSim-ML v2.0]

JSBSim startup beginning ...

[JSB][Init] after new AIP_FDMExec ptr=000001EDC0DEDFA0
[JSB][Init] before Init_FDM ptr=000001EDC0DEDFA0
[JSB][Init] after Init_FDM ptr=000001EDC0DEDFA0
[JSB][Init] before Exec_FDM ptr=000001EDC0DEDFA0
[JSB][Init] after Exec_FDM ptr=000001EDC0DEDFA0
[JSB][Init] before InsertFighter BattleSpace=1 ptr=000001EDC0DEDFA0
[JSB][Init] after InsertFighter FighterID=1
init ID:1 Lat37.96855377446113 Lon128.18188127777776 Alt(meter)7002.8272734023885 Speed(m/sec)300.0
[JSB][Init] enter BattleSpace=1 Type=1 ForceSide=2 Delta=0.0166667
[JSB][Init] registry size=1
[JSB][Init] before new AIP_FDMExec
[JSB][Init] after new AIP_FDMExec ptr=000001EDC0DEC6E0
[JSB][Init] before Init_FDM ptr=000001EDC0DEC6E0
[JSB][Init] after Init_FDM ptr=000001EDC0DEC6E0
[JSB][Init] before Exec_FDM ptr=000001EDC0DEC6E0
[JSB][Init] after Exec_FDM ptr=000001EDC0DEC6E0
[JSB][Init] before InsertFighter BattleSpace=1 ptr=000001EDC0DEC6E0
[JSB][Init] after InsertFighter FighterID=2
[JSB][RemoveSpace] enter BattleSpace=1
[JSB][RemoveSpace] after lock found=1 size=1
[JSB][RemoveSpace] FighterPtr=000001ED908681D0 fighter_count_before=2
[JSB][RemoveSpace] fighter_count_after=0
Remove Space Complete.
[JSB][RemoveSpace] exit after_size=0
2026-08-29 02:05:56,759	INFO worker.py:2013 -- Started a local Ray instance.
C:\Users\user one\anaconda3\envs\aip\Lib\site-packages\ray\_private\worker.py:2052: FutureWarning: Tip: In future versions of Ray, Ray will no longer override accelerator visible devices env var if num_gpus=0 or num_gpus=None (default). To enable this behavior and turn off this error message, set RAY_ACCEL_ENV_VAR_OVERRIDE_ON_ZERO=0
  warnings.warn(
[Stage 0] Skipped by --start-stage.
[Stage 1] Skipped by --start-stage.
[Stage 2] Skipped by --start-stage.
[Stage 3] Skipped by --start-stage.
[Stage 4] Skipped by --start-stage.
[Stage 5] Skipped by --start-stage.
[Stage 6] Skipped by --start-stage.
[Stage 7] Skipped by --start-stage.
[Stage 8] Skipped by --start-stage.
[Stage 9] Skipped by --start-stage.
[Stage 10] Skipped by --start-stage.
[Stage 11] Skipped by --start-stage.
[Stage 12] Skipped by --start-stage.
[Stage 13] Skipped by --start-stage.
[Stage 14] Skipped by --start-stage.
[Stage 15] Skipped by --start-stage.
[Stage 16] Skipped by --start-stage.
[Stage 17] Skipped by --start-stage.
[Stage 18] Skipped by --start-stage.
[Stage 19] Skipped by --start-stage.
[Stage 20] Skipped by --start-stage.
[Stage 21] Skipped by --start-stage.
[Stage 22] Skipped by --start-stage.
[Stage 23] Skipped by --start-stage.
[Stage 24] Skipped by --start-stage.
[Stage 25] Skipped by --start-stage.
[Stage 26] Skipped by --start-stage.
[Stage 27] Skipped by --start-stage.
[Stage 28] Skipped by --start-stage.
[Stage 29] Skipped by --start-stage.
[Stage 30] Skipped by --start-stage.
[Stage 31] Skipped by --start-stage.
[Stage 32] Skipped by --start-stage.
[Stage 33] Skipped by --start-stage.
[Stage 34] Skipped by --start-stage.

============================================================
  Stage 35: selfplay_final
  [본선] v1 self-play 70% + v2 고정 30%, 스폰 = 2000ft line abreast(옆구리), 승급 없음.
  target_mode=fixed  max_iter=30000  resume_from=0
============================================================
2026-08-29 02:05:59,697	WARNING algorithm_config.py:5131 -- You are running PPO on the new API stack! This is the new default behavior for this algorithm. If you don't want to use the new API stack, set `config.api_stack(enable_rl_module_and_learner=False,enable_env_runner_and_connector_v2=False)`. For a detailed migration guide, see here: https://docs.ray.io/en/master/rllib/new-api-stack-migration-guide.html
C:\Users\user one\anaconda3\envs\aip\Lib\site-packages\ray\rllib\algorithms\algorithm.py:527: RayDeprecationWarning: This API is deprecated and may be removed in future Ray releases. You could suppress this warning by setting env variable PYTHONWARNINGS="ignore::DeprecationWarning"
`UnifiedLogger` will be removed in Ray 2.7.
  return UnifiedLogger(config, logdir, loggers=None)
C:\Users\user one\anaconda3\envs\aip\Lib\site-packages\ray\tune\logger\unified.py:53: RayDeprecationWarning: This API is deprecated and may be removed in future Ray releases. You could suppress this warning by setting env variable PYTHONWARNINGS="ignore::DeprecationWarning"
The `JsonLogger interface is deprecated in favor of the `ray.tune.json.JsonLoggerCallback` interface and will be removed in Ray 2.7.
  self._loggers.append(cls(self.config, self.logdir, self.trial))
C:\Users\user one\anaconda3\envs\aip\Lib\site-packages\ray\tune\logger\unified.py:53: RayDeprecationWarning: This API is deprecated and may be removed in future Ray releases. You could suppress this warning by setting env variable PYTHONWARNINGS="ignore::DeprecationWarning"
The `CSVLogger interface is deprecated in favor of the `ray.tune.csv.CSVLoggerCallback` interface and will be removed in Ray 2.7.
  self._loggers.append(cls(self.config, self.logdir, self.trial))
C:\Users\user one\anaconda3\envs\aip\Lib\site-packages\ray\tune\logger\unified.py:53: RayDeprecationWarning: This API is deprecated and may be removed in future Ray releases. You could suppress this warning by setting env variable PYTHONWARNINGS="ignore::DeprecationWarning"
The `TBXLogger interface is deprecated in favor of the `ray.tune.tensorboardx.TBXLoggerCallback` interface and will be removed in Ray 2.7.
  self._loggers.append(cls(self.config, self.logdir, self.trial))
[2026-08-29 02:05:59,780 E 9700 29724] core_worker.cc:2232: Actor with class name: 'SingleAgentEnvRunner' and ID: '8ff921b498fa57a60d698efa01000000' has constructor arguments in the object store and max_restarts > 0. If the arguments in the object store go out of scope or are lost, the actor restart will fail. See https://github.com/ray-project/ray/issues/53727 for more details.
[33m(raylet)[0m Stack (most recent call first):
[33m(raylet)[0m   File "C:\Users\user one\anaconda3\envs\aip\Lib\site-packages\ray\_private\worker.py", line 625 in job_logging_config
[33m(raylet)[0m   File "C:\Users\user one\anaconda3\envs\aip\Lib\site-packages\ray\_private\worker.py", line 2800 in disconnect
[33m(raylet)[0m   File "C:\Users\user one\anaconda3\envs\aip\Lib\site-packages\ray\_private\worker.py", line 2132 in shutdown
[33m(raylet)[0m   File "C:\Users\user one\anaconda3\envs\aip\Lib\site-packages\ray\_private\worker.py", line 1144 in wrapper
[33m(raylet)[0m   File "C:\Users\user one\anaconda3\envs\aip\Lib\site-packages\ray\_private\client_mode_hook.py"Windows fatal exception: access violation
[33m(raylet)[0m 
[33m(raylet)[0m , line 104 in wrapper
[33m(raylet)[0m   File "C:\Users\user one\anaconda3\envs\aip\Lib\site-packages\ray\_private\worker.py"  File "C:\Users\user one\anaconda3\envs\aip\Lib\site-packages\ray\_private\worker.py", line , line 2800 in disconnect
[33m(raylet)[0m   File 2800 in disconnect
[33m(raylet)[0m   File "C:\Users\user one\anaconda3\envs\aip\Lib\site-packages\ray\_private\worker.py", line 2132 in "C:\Users\user one\anaconda3\envs\aip\Lib\site-packages\ray\_private\worker.py"shutdown
[33m(raylet)[0m   File "C:\Users\user one\anaconda3\envs\aip\Lib\site-packages\ray\_private\client_mode_hook.py"", line 1144, line 104 in wrapper
[33m(raylet)[0m  in wrapper
[33m(raylet)[0m   File "Stack (most recent call first):
[33m(raylet)[0m   File "C:\Users\user one\anaconda3\envs\aip\Lib\site-packages\ray\_private\worker.py", line C:\Users\user one\anaconda3\envs\aip\Lib\site-packages\ray\_private\worker.py", line 2800 in disconnect625 in job_logging_config
[33m(raylet)[0m   File "C:\Users\user one\anaconda3\envs\aip\Lib\site-packages\ray\_private\worker.py"
[33m(raylet)[0m   File "C:\Users\user one\anaconda3\envs\aip\Lib\site-packages\ray\_private\worker.py", line , line 2800 in disconnect
[33m(raylet)[0m 2132 in shutdown
[33m(raylet)[0m   File "C:\Users\user one\anaconda3\envs\aip\Lib\site-packages\ray\_private\worker.py", line 2132  File  in shutdown"C:\Users\user one\anaconda3\envs\aip\Lib\site-packages\ray\_private\worker.py", line 1144 in wrapper
[33m(raylet)[0m   File "C:\Users\user one\anaconda3\envs\aip\Lib\site-packages\ray\_private\worker.py", line 1144 in , line 104wrapper
[33m(raylet)[0m   File "C:\Users\user one\anaconda3\envs\aip\Lib\site-packages\ray\_private\worker.pyWindows fatal exception: access violation"
[33m(raylet)[0m 
[33m(raylet)[0m   File "C:\Users\user one\anaconda3\envs\aip\Lib\site-packages\ray\_private\worker.py, line 625 in "job_logging_configWindows fatal exception: access violation
[33m(raylet)[0m 
[33m(raylet)[0m , line 625 in 
[33m(raylet)[0m   File "job_logging_config
[33m(raylet)[0m   File C:\Users\user one\anaconda3\envs\aip\Lib\site-packages\ray\_private\worker.py", line 2800 in disconnect
[33m(raylet)[0m "C:\Users\user one\anaconda3\envs\aip\Lib\site-packages\ray\_private\worker.py", line 2800C:\Users\user one\anaconda3\envs\aip\Lib\site-packages\ray\_private\worker.py", line 2132 in   File "C:\Users\user one\anaconda3\envs\aip\Lib\site-packages\ray\_private\worker.py"shutdown, line  in disconnect
[33m(raylet)[0m 
[33m(raylet)[0m   File "  File Windows fatal exception: 625 in job_logging_configC:\Users\user one\anaconda3\envs\aip\Lib\site-packages\ray\_private\worker.py"Windows fatal exception: access violation
[33m(raylet)[0m   File ""C:\Users\user one\anaconda3\envs\aip\Lib\site-packages\ray\_private\worker.pyC:\Users\user one\anaconda3\envs\aip\Lib\site-packages\ray\_private\worker.py
[33m(raylet)[0m 
[33m(raylet)[0m   File access violation"C:\Users\user one\anaconda3\envs\aip\Lib\site-packages\ray\_private\worker.py", line 2132", line 
[33m(raylet)[0m 
[33m(raylet)[0m   File "C:\Users\user one\anaconda3\envs\aip\Lib\site-packages\ray\_private\worker.py"625, line 1144 in , line wrapper1144Stack (most recent call first):
[33m(raylet)[0m 
[33m(raylet)[0m   File " in  in   File job_logging_config
[33m(raylet)[0m wrapper"C:\Users\user one\anaconda3\envs\aip\Lib\site-packages\ray\_private\client_mode_hook.py", line 104", line 2800 in C:\Users\user one\anaconda3\envs\aip\Lib\site-packages\ray\_private\worker.py", line 625 in disconnect  File 
[33m(raylet)[0m 
[33m(raylet)[0m  in job_logging_config
[33m(raylet)[0m wrapper"  File   File "
[33m(raylet)[0m "C:\Users\user one\anaconda3\envs\aip\Lib\site-packages\ray\_private\worker.py", line C:\Users\user one\anaconda3\envs\aip\Lib\site-packages\ray\_private\worker.py  File "C:\Users\user one\anaconda3\envs\aip\Lib\site-packages\ray\_private\worker.py"C:\Users\user one\anaconda3\envs\aip\Lib\site-packages\ray\_private\client_mode_hook.py, line ", line 28002132 in shutdown in 
[33m(raylet)[0m ", line 2800 in 104 in disconnectdisconnect
[33m(raylet)[0m wrapper
[33m(raylet)[0m   File "
[33m(raylet)[0m   File "C:\Users\user one\anaconda3\envs\aip\Lib\site-packages\ray\_private\worker.py  File C:\Users\user one\anaconda3\envs\aip\Lib\site-packages\ray\_private\worker.py"", line 2132C:\Users\user one\anaconda3\envs\aip\Lib\site-packages\ray\_private\worker.py", line "2132, line 1144 in  in shutdownwrapper
[33m(raylet)[0m 
[33m(raylet)[0m   File   File   File "C:\Users\user one\anaconda3\envs\aip\Lib\site-packages\ray\_private\worker.py""C:\Users\user one\anaconda3\envs\aip\Lib\site-packages\ray\_private\client_mode_hook.py"", line 1144C:\Users\user one\anaconda3\envs\aip\Lib\site-packages\ray\_private\worker.py, line  in ", line 1144104 in wrapper in 
[33m(raylet)[0m   File wrapper  File ""C:\Users\user one\anaconda3\envs\aip\Lib\site-packages\ray\_private\client_mode_hook.pyC:\Users\user one\anaconda3\envs\aip\Lib\site-packages\ray\_private\client_mode_hook.py
[33m(raylet)[0m "", line 104 in wrapper
[36m(SingleAgentEnvRunner pid=39980)[0m [JSB][CreateBattleSpace] enter Space@00000001803EE598 SpaceMutex@00000001803DE000
[36m(SingleAgentEnvRunner pid=39980)[0m [JSB][CreateBattleSpace] before newspace
[36m(SingleAgentEnvRunner pid=39980)[0m [JSB][CreateBattleSpace] newspace=000002590CD38D90 use_count=1
[36m(SingleAgentEnvRunner pid=39980)[0m [JSB][CreateBattleSpace] before lock
[36m(SingleAgentEnvRunner pid=39980)[0m [JSB][CreateBattleSpace] after lock size=0
[36m(SingleAgentEnvRunner pid=39980)[0m [JSB][CreateBattleSpace] insert id=1 success=1 final_size=1 stored=000002590CD38D90
[36m(SingleAgentEnvRunner pid=39980)[0m init ID:1 Lat37.92003070998819 Lon128.18188127777776 Alt(meter)4572.029042862364 Speed(m/sec)200.0
[36m(SingleAgentEnvRunner pid=39980)[0m [JSB][Init] enter BattleSpace=1 Type=1 ForceSide=1 Delta=0.0166667
[36m(SingleAgentEnvRunner pid=39980)[0m [JSB][Init] registry size=1
[36m(SingleAgentEnvRunner pid=39980)[0m [JSB][Init] before new AIP_FDMExec
[36m(SingleAgentEnvRunner pid=39980)[0m 
[36m(SingleAgentEnvRunner pid=39980)[0m 
[36m(SingleAgentEnvRunner pid=39980)[0m      JSBSim Flight Dynamics Model v1.0.0 May 29 2026 15:35:39
[36m(SingleAgentEnvRunner pid=39980)[0m             [JSBSim-ML v2.0]
[36m(SingleAgentEnvRunner pid=39980)[0m 
[36m(SingleAgentEnvRunner pid=39980)[0m JSBSim startup beginning ...
[36m(SingleAgentEnvRunner pid=39980)[0m 
[36m(SingleAgentEnvRunner pid=39980)[0m [JSB][Init] after new AIP_FDMExec ptr=000002590EBF05A0
[36m(SingleAgentEnvRunner pid=39980)[0m [JSB][Init] before Init_FDM ptr=000002590EBF05A0
[36m(SingleAgentEnvRunner pid=39980)[0m [JSB][Init] after Init_FDM ptr=000002590EBF05A0
[36m(SingleAgentEnvRunner pid=39980)[0m [JSB][Init] before Exec_FDM ptr=000002590EBF05A0
[36m(SingleAgentEnvRunner pid=39980)[0m [JSB][Init] after Exec_FDM ptr=000002590EBF05A0
[36m(SingleAgentEnvRunner pid=39980)[0m [JSB][Init] before InsertFighter BattleSpace=1 ptr=000002590EBF05A0
[36m(SingleAgentEnvRunner pid=39980)[0m [JSB][Init] after InsertFighter FighterID=1
[36m(SingleAgentEnvRunner pid=39980)[0m [JSB][Init] enter BattleSpace=1 Type=1 ForceSide=2 Delta=0.0166667
[36m(SingleAgentEnvRunner pid=39980)[0m [JSB][Init] registry size=1
[36m(SingleAgentEnvRunner pid=39980)[0m [JSB][Init] before new AIP_FDMExec
[36m(SingleAgentEnvRunner pid=39980)[0m [JSB][Init] after new AIP_FDMExec ptr=000002590EBEFD60
[36m(SingleAgentEnvRunner pid=39980)[0m [JSB][Init] before Init_FDM ptr=000002590EBEFD60
[36m(SingleAgentEnvRunner pid=39980)[0m [JSB][Init] after Init_FDM ptr=000002590EBEFD60
[36m(SingleAgentEnvRunner pid=39980)[0m [JSB][Init] before Exec_FDM ptr=000002590EBEFD60
[36m(SingleAgentEnvRunner pid=39980)[0m [JSB][Init] after Exec_FDM ptr=000002590EBEFD60
[36m(SingleAgentEnvRunner pid=39980)[0m [JSB][Init] before InsertFighter BattleSpace=1 ptr=000002590EBEFD60
[36m(SingleAgentEnvRunner pid=39980)[0m [JSB][Init] after InsertFighter FighterID=2
[36m(SingleAgentEnvRunner pid=61544)[0m 
[36m(SingleAgentEnvRunner pid=61544)[0m 
[36m(SingleAgentEnvRunner pid=61544)[0m 
[36m(SingleAgentEnvRunner pid=61544)[0m 
[36m(SingleAgentEnvRunner pid=47444)[0m 
[36m(SingleAgentEnvRunner pid=47444)[0m 
[36m(SingleAgentEnvRunner pid=47444)[0m 
[36m(SingleAgentEnvRunner pid=47444)[0m 
[36m(SingleAgentEnvRunner pid=59532)[0m 
[36m(SingleAgentEnvRunner pid=59532)[0m 
[36m(SingleAgentEnvRunner pid=59532)[0m 
[36m(SingleAgentEnvRunner pid=59532)[0m 
[36m(SingleAgentEnvRunner pid=39980)[0m DeprecationWarning: `RLModule(config=[RLModuleConfig object])` has been deprecated. Use `RLModule(observation_space=.., action_space=.., inference_only=.., model_config=.., catalog_class=..)` instead. This will raise an error in the future!
[33m(raylet)[0m Stack (most recent call first):[32m [repeated 12x across cluster] (Ray deduplicates logs by default. Set RAY_DEDUP_LOGS=0 to disable log deduplication, or see https://docs.ray.io/en/master/ray-observability/user-guides/configure-logging.html#log-deduplication for more options.)[0m
[33m(raylet)[0m   File "C:\Users\user one\anaconda3\envs\aip\Lib\site-packages\ray\_private\worker.py", line 625 in job_logging_config[32m [repeated 9x across cluster][0m
[33m(raylet)[0m   File "C:\Users\user one\anaconda3\envs\aip\Lib\site-packages\ray\_private\worker.py", line 2800 in disconnect[32m [repeated 6x across cluster][0m
[33m(raylet)[0m   File "C:\Users\user one\anaconda3\envs\aip\Lib\site-packages\ray\_private\worker.py", line 2132 in shutdown[32m [repeated 7x across cluster][0m
[33m(raylet)[0m   File "C:\Users\user one\anaconda3\envs\aip\Lib\site-packages\ray\_private\client_mode_hook.py", line 104 in wrapper[32m [repeated 15x across cluster][0m
[33m(raylet)[0m , line 104 in wrapper
[33m(raylet)[0m 104 in wrapper
[33m(raylet)[0m   File "Stack (most recent call first):
[33m(raylet)[0m   File "C:\Users\user one\anaconda3\envs\aip\Lib\site-packages\ray\_private\client_mode_hook.py"
[33m(raylet)[0m  in shutdown[32m [repeated 2x across cluster][0m
[33m(raylet)[0m wrapper
[36m(SingleAgentEnvRunner pid=36412)[0m 
[36m(SingleAgentEnvRunner pid=36412)[0m 
[36m(SingleAgentEnvRunner pid=36412)[0m 
[36m(SingleAgentEnvRunner pid=36412)[0m 
[36m(SingleAgentEnvRunner pid=58040)[0m 
[36m(SingleAgentEnvRunner pid=58040)[0m 
[36m(SingleAgentEnvRunner pid=58040)[0m 
[36m(SingleAgentEnvRunner pid=58040)[0m 
[36m(SingleAgentEnvRunner pid=66008)[0m 
[36m(SingleAgentEnvRunner pid=66008)[0m 
[36m(SingleAgentEnvRunner pid=66008)[0m 
[36m(SingleAgentEnvRunner pid=66008)[0m 
[36m(SingleAgentEnvRunner pid=61016)[0m 
[36m(SingleAgentEnvRunner pid=61016)[0m 
[36m(SingleAgentEnvRunner pid=61016)[0m 
[36m(SingleAgentEnvRunner pid=61016)[0m 
[36m(SingleAgentEnvRunner pid=15664)[0m 
[36m(SingleAgentEnvRunner pid=15664)[0m 
[36m(SingleAgentEnvRunner pid=15664)[0m 
[36m(SingleAgentEnvRunner pid=15664)[0m 
[36m(SingleAgentEnvRunner pid=18256)[0m 
[36m(SingleAgentEnvRunner pid=18256)[0m 
[36m(SingleAgentEnvRunner pid=18256)[0m 
[36m(SingleAgentEnvRunner pid=18256)[0m 
[36m(SingleAgentEnvRunner pid=51724)[0m 
[36m(SingleAgentEnvRunner pid=51724)[0m 
[36m(SingleAgentEnvRunner pid=51724)[0m 
[36m(SingleAgentEnvRunner pid=51724)[0m 
[36m(SingleAgentEnvRunner pid=61920)[0m 
[36m(SingleAgentEnvRunner pid=61920)[0m 
[36m(SingleAgentEnvRunner pid=61920)[0m 
[36m(SingleAgentEnvRunner pid=61920)[0m 
[36m(SingleAgentEnvRunner pid=18096)[0m 
[36m(SingleAgentEnvRunner pid=18096)[0m 
[36m(SingleAgentEnvRunner pid=18096)[0m 
[36m(SingleAgentEnvRunner pid=18096)[0m 
[36m(SingleAgentEnvRunner pid=57920)[0m 
[36m(SingleAgentEnvRunner pid=57920)[0m 
[36m(SingleAgentEnvRunner pid=57920)[0m 
[36m(SingleAgentEnvRunner pid=57920)[0m 
[36m(SingleAgentEnvRunner pid=52932)[0m 
[36m(SingleAgentEnvRunner pid=52932)[0m 
[36m(SingleAgentEnvRunner pid=52932)[0m 
[36m(SingleAgentEnvRunner pid=52932)[0m 
[36m(SingleAgentEnvRunner pid=63120)[0m 
[36m(SingleAgentEnvRunner pid=63120)[0m 
[36m(SingleAgentEnvRunner pid=63120)[0m 
[36m(SingleAgentEnvRunner pid=63120)[0m 
2026-08-29 02:06:07,008	WARNING rl_module.py:463 -- DeprecationWarning: `RLModule(config=[RLModuleConfig object])` has been deprecated. Use `RLModule(observation_space=.., action_space=.., inference_only=.., model_config=.., catalog_class=..)` instead. This will raise an error in the future!
2026-08-29 02:06:07,936	WARNING util.py:62 -- Install gputil for GPU system monitoring.
  [Restore] Explicit native checkpoint -> C:\TOPGUN~1\Update\강화학~1\artifacts\curriculum\AeroFlyer\final_sp\stage_35_selfplay_final\checkpoints\iter_1400
2026-08-29 02:06:08,006	INFO trainable.py:578 -- Restored on 127.0.0.1 from checkpoint: Checkpoint(filesystem=local, path=C:\TOPGUN~1\Update\강화학~1\artifacts\curriculum\AeroFlyer\final_sp\stage_35_selfplay_final\checkpoints\iter_1400)
  [Restore] [OK] Explicit checkpoint restored successfully.
[36m(SingleAgentEnvRunner pid=59532)[0m [JSB][Reset] enter BattleSpace=1
[36m(SingleAgentEnvRunner pid=59532)[0m [JSB][Reset] after lock found=1 size=1
[36m(SingleAgentEnvRunner pid=59532)[0m [JSB][Reset] FighterPtr=0000021A2E2CD310 fighter_count_before=2
[36m(SingleAgentEnvRunner pid=59532)[0m total: 2
[36m(SingleAgentEnvRunner pid=59532)[0m [JSB][Reset] fighter_count_after=0
[36m(SingleAgentEnvRunner pid=59532)[0m [JSB][Reset] exit after_size=1
[36m(SingleAgentEnvRunner pid=39980)[0m DeprecationWarning: `ray.rllib.algorithms.ppo.torch.ppo_torch_rl_module.PPOTorchRLModule` has been deprecated. Use `ray.rllib.algorithms.ppo.torch.default_ppo_torch_rl_module.DefaultPPOTorchRLModule` instead. This will raise an error in the future!
[36m(SingleAgentEnvRunner pid=61544)[0m runner:1/env:0	num_steps=[227] | total rewards=[517.8403] | termination= [ownship destroyed]
[36m(SingleAgentEnvRunner pid=15664)[0m [JSB][CreateBattleSpace] enter Space@00000001803EE598 SpaceMutex@00000001803DE000[32m [repeated 15x across cluster][0m
[36m(SingleAgentEnvRunner pid=15664)[0m [JSB][CreateBattleSpace] before newspace[32m [repeated 15x across cluster][0m
[36m(SingleAgentEnvRunner pid=15664)[0m [JSB][CreateBattleSpace] newspace=000002E48CD3DB70 use_count=1[32m [repeated 15x across cluster][0m
[36m(SingleAgentEnvRunner pid=15664)[0m [JSB][CreateBattleSpace] before lock[32m [repeated 15x across cluster][0m
[36m(SingleAgentEnvRunner pid=15664)[0m [JSB][CreateBattleSpace] after lock size=0[32m [repeated 15x across cluster][0m
[36m(SingleAgentEnvRunner pid=15664)[0m [JSB][CreateBattleSpace] insert id=1 success=1 final_size=1 stored=000002E48CD3DB70[32m [repeated 15x across cluster][0m
[36m(SingleAgentEnvRunner pid=63120)[0m init ID:1 Lat37.91455691666667 Lon128.18188127777776 Alt(meter)4572.000000000235 Speed(m/sec)200.0[32m [repeated 31x across cluster][0m
[36m(SingleAgentEnvRunner pid=15664)[0m [JSB][Init] enter BattleSpace=1 Type=1 ForceSide=1 Delta=0.0166667[32m [repeated 63x across cluster][0m
[36m(SingleAgentEnvRunner pid=15664)[0m [JSB][Init] registry size=1[32m [repeated 63x across cluster][0m
[36m(SingleAgentEnvRunner pid=15664)[0m [JSB][Init] before new AIP_FDMExec[32m [repeated 63x across cluster][0m
[36m(SingleAgentEnvRunner pid=63120)[0m      JSBSim Flight Dynamics Model v1.0.0 May 29 2026 15:35:39[32m [repeated 15x across cluster][0m
[36m(SingleAgentEnvRunner pid=63120)[0m             [JSBSim-ML v2.0][32m [repeated 15x across cluster][0m
[36m(SingleAgentEnvRunner pid=63120)[0m JSBSim startup beginning ...[32m [repeated 15x across cluster][0m
[36m(SingleAgentEnvRunner pid=15664)[0m [JSB][Init] after new AIP_FDMExec ptr=000002E48F44F3A0[32m [repeated 63x across cluster][0m
[36m(SingleAgentEnvRunner pid=15664)[0m [JSB][Init] before Init_FDM ptr=000002E48F44F3A0[32m [repeated 63x across cluster][0m
[36m(SingleAgentEnvRunner pid=59532)[0m [JSB][Init] after Init_FDM ptr=0000021A333491D0[32m [repeated 62x across cluster][0m
[36m(SingleAgentEnvRunner pid=59532)[0m [JSB][Init] before Exec_FDM ptr=0000021A333491D0[32m [repeated 62x across cluster][0m
[36m(SingleAgentEnvRunner pid=59532)[0m [JSB][Init] after Exec_FDM ptr=0000021A333491D0[32m [repeated 62x across cluster][0m
[36m(SingleAgentEnvRunner pid=59532)[0m [JSB][Init] before InsertFighter BattleSpace=1 ptr=0000021A333491D0[32m [repeated 62x across cluster][0m
[36m(SingleAgentEnvRunner pid=59532)[0m [JSB][Init] after InsertFighter FighterID=2[32m [repeated 62x across cluster][0m
[36m(SingleAgentEnvRunner pid=63120)[0m runner:9/env:0	num_steps=[228] | total rewards=[1389.3239] | termination= [target destroyed]
[36m(SingleAgentEnvRunner pid=61016)[0m [JSB][Reset] enter BattleSpace=1[32m [repeated 30x across cluster][0m
[36m(SingleAgentEnvRunner pid=61016)[0m [JSB][Reset] after lock found=1 size=1[32m [repeated 30x across cluster][0m
[36m(SingleAgentEnvRunner pid=61016)[0m [JSB][Reset] fighter_count_after=0[32m [repeated 60x across cluster][0m
[36m(SingleAgentEnvRunner pid=61016)[0m total: 2[32m [repeated 30x across cluster][0m
[36m(SingleAgentEnvRunner pid=61016)[0m [JSB][Reset] exit after_size=1[32m [repeated 30x across cluster][0m
[36m(SingleAgentEnvRunner pid=51724)[0m runner:12/env:0	num_steps=[469] | total rewards=[-542.0192] | termination= [ownship altitude below min]
[36m(SingleAgentEnvRunner pid=52932)[0m runner:10/env:0	num_steps=[215] | total rewards=[648.0326] | termination= [ownship destroyed][32m [repeated 17x across cluster][0m
[36m(SingleAgentEnvRunner pid=51724)[0m [JSB][Init] enter BattleSpace=1 Type=1 ForceSide=2 Delta=0.0166667[32m [repeated 43x across cluster][0m
[36m(SingleAgentEnvRunner pid=51724)[0m [JSB][Init] registry size=1[32m [repeated 43x across cluster][0m
[36m(SingleAgentEnvRunner pid=51724)[0m [JSB][Init] before new AIP_FDMExec[32m [repeated 43x across cluster][0m
[36m(SingleAgentEnvRunner pid=51724)[0m [JSB][Init] after new AIP_FDMExec ptr=000001DD12CB9660[32m [repeated 43x across cluster][0m
[36m(SingleAgentEnvRunner pid=51724)[0m [JSB][Init] before Init_FDM ptr=000001DD12CB9660[32m [repeated 43x across cluster][0m
[36m(SingleAgentEnvRunner pid=61016)[0m [JSB][Init] after Init_FDM ptr=000002260F6D3CC0[32m [repeated 46x across cluster][0m
[36m(SingleAgentEnvRunner pid=61016)[0m [JSB][Init] before Exec_FDM ptr=000002260F6D3CC0[32m [repeated 46x across cluster][0m
[36m(SingleAgentEnvRunner pid=61016)[0m [JSB][Init] after Exec_FDM ptr=000002260F6D3CC0[32m [repeated 46x across cluster][0m
[36m(SingleAgentEnvRunner pid=61016)[0m [JSB][Init] before InsertFighter BattleSpace=1 ptr=000002260F6D3CC0[32m [repeated 46x across cluster][0m
[36m(SingleAgentEnvRunner pid=61016)[0m [JSB][Init] after InsertFighter FighterID=2[32m [repeated 46x across cluster][0m
[DogFightEnv][PolicyProbe] iter=0 ramp:a=[-0.790,-1.183,0.077,0.225] s=22.358 | target_ahead:a=[0.869,-0.550,-0.851,0.487] s=19.953 | target_left:a=[-0.659,-1.868,0.936,0.103] s=20.782 | zero_hold:a=[-0.079,-0.301,-0.134,1.024] s=13.122
[JSB][CreateBattleSpace] enter Space@00000001803EE598 SpaceMutex@00000001803DE000
[JSB][CreateBattleSpace] before newspace
[JSB][CreateBattleSpace] newspace=000001EFE7356B30 use_count=1
[JSB][CreateBattleSpace] before lock
[JSB][CreateBattleSpace] after lock size=0
[JSB][CreateBattleSpace] insert id=1 success=1 final_size=1 stored=000001EFE7356B30
init ID:1 Lat37.92003070998819 Lon128.18188127777776 Alt(meter)4572.029042862364 Speed(m/sec)200.0
[JSB][Init] enter BattleSpace=1 Type=1 ForceSide=1 Delta=0.0166667
[JSB][Init] registry size=1
[JSB][Init] before new AIP_FDMExec
[JSB][Init] after new AIP_FDMExec ptr=000001EFEDEB6400
[JSB][Init] before Init_FDM ptr=000001EFEDEB6400
[JSB][Init] after Init_FDM ptr=000001EFEDEB6400
[JSB][Init] before Exec_FDM ptr=000001EFEDEB6400
[JSB][Init] after Exec_FDM ptr=000001EFEDEB6400
[JSB][Init] before InsertFighter BattleSpace=1 ptr=000001EFEDEB6400
[JSB][Init] after InsertFighter FighterID=1
init ID:1 Lat37.91455691666667 Lon128.18188127777776 Alt(meter)4572.000000000235 Speed(m/sec)200.0
[JSB][Init] enter BattleSpace=1 Type=1 ForceSide=2 Delta=0.0166667
[JSB][Init] registry size=1
[JSB][Init] before new AIP_FDMExec
[JSB][Init] after new AIP_FDMExec ptr=000001EFEDEB6820
[JSB][Init] before Init_FDM ptr=000001EFEDEB6820
[JSB][Init] after Init_FDM ptr=000001EFEDEB6820
[JSB][Init] before Exec_FDM ptr=000001EFEDEB6820
[JSB][Init] after Exec_FDM ptr=000001EFEDEB6820
[JSB][Init] before InsertFighter BattleSpace=1 ptr=000001EFEDEB6820
[JSB][Init] after InsertFighter FighterID=2
[JSB][Reset] enter BattleSpace=1
[JSB][Reset] after lock found=1 size=1
[JSB][Reset] FighterPtr=000001EFE7356B30 fighter_count_before=2
total: 2
[JSB][Reset] fighter_count_after=0
[JSB][Reset] exit after_size=1
[JSB][Init] enter BattleSpace=1 Type=1 ForceSide=1 Delta=0.0166667
[JSB][Init] registry size=1
[JSB][Init] before new AIP_FDMExec
[JSB][Init] after new AIP_FDMExec ptr=000001EFEDEB7480
[JSB][Init] before Init_FDM ptr=000001EFEDEB7480
[JSB][Init] after Init_FDM ptr=000001EFEDEB7480
[JSB][Init] before Exec_FDM ptr=000001EFEDEB7480
[JSB][Init] after Exec_FDM ptr=000001EFEDEB7480
[JSB][Init] before InsertFighter BattleSpace=1 ptr=000001EFEDEB7480
[JSB][Init] after InsertFighter FighterID=1
[JSB][Init] enter BattleSpace=1 Type=1 ForceSide=2 Delta=0.0166667
[JSB][Init] registry size=1
[JSB][Init] before new AIP_FDMExec
[JSB][Init] after new AIP_FDMExec ptr=000001EFEDEB6C40
[JSB][Init] before Init_FDM ptr=000001EFEDEB6C40
[JSB][Init] after Init_FDM ptr=000001EFEDEB6C40
[JSB][Init] before Exec_FDM ptr=000001EFEDEB6C40
[JSB][Init] after Exec_FDM ptr=000001EFEDEB6C40
[JSB][Init] before InsertFighter BattleSpace=1 ptr=000001EFEDEB6C40
[JSB][Init] after InsertFighter FighterID=2
2026-08-29 02:06:19,654	WARNING ppo_torch_rl_module.py:8 -- DeprecationWarning: `ray.rllib.algorithms.ppo.torch.ppo_torch_rl_module.PPOTorchRLModule` has been deprecated. Use `ray.rllib.algorithms.ppo.torch.default_ppo_torch_rl_module.DefaultPPOTorchRLModule` instead. This will raise an error in the future!
runner:engagement_replay/env:0	num_steps=[228] | total rewards=[548.4756] | termination= [ownship destroyed]
[JSB][RemoveSpace] enter BattleSpace=1
[JSB][RemoveSpace] after lock found=1 size=1
[JSB][RemoveSpace] FighterPtr=000001EFE7356B30 fighter_count_before=2
[JSB][RemoveSpace] fighter_count_after=0
Remove Space Complete.
[JSB][RemoveSpace] exit after_size=0
[JSB][CreateBattleSpace] enter Space@00000001803EE598 SpaceMutex@00000001803DE000
[JSB][CreateBattleSpace] before newspace
[JSB][CreateBattleSpace] newspace=000001EFE258CD50 use_count=1
[JSB][CreateBattleSpace] before lock
[JSB][CreateBattleSpace] after lock size=0
[JSB][CreateBattleSpace] insert id=1 success=1 final_size=1 stored=000001EFE258CD50
init ID:1 Lat37.92003070998819 Lon128.18188127777776 Alt(meter)4572.029042862364 Speed(m/sec)200.0
[JSB][Init] enter BattleSpace=1 Type=1 ForceSide=1 Delta=0.0166667
[JSB][Init] registry size=1
[JSB][Init] before new AIP_FDMExec
[JSB][Init] after new AIP_FDMExec ptr=000001EFE532CA60
[JSB][Init] before Init_FDM ptr=000001EFE532CA60
[JSB][Init] after Init_FDM ptr=000001EFE532CA60
[JSB][Init] before Exec_FDM ptr=000001EFE532CA60
[JSB][Init] after Exec_FDM ptr=000001EFE532CA60
[JSB][Init] before InsertFighter BattleSpace=1 ptr=000001EFE532CA60
[JSB][Init] after InsertFighter FighterID=1
init ID:1 Lat37.91455691666667 Lon128.18188127777776 Alt(meter)4572.000000000235 Speed(m/sec)200.0
[JSB][Init] enter BattleSpace=1 Type=1 ForceSide=2 Delta=0.0166667
[JSB][Init] registry size=1
[JSB][Init] before new AIP_FDMExec
[JSB][Init] after new AIP_FDMExec ptr=000001EFE532CC70
[JSB][Init] before Init_FDM ptr=000001EFE532CC70
[JSB][Init] after Init_FDM ptr=000001EFE532CC70
[JSB][Init] before Exec_FDM ptr=000001EFE532CC70
[JSB][Init] after Exec_FDM ptr=000001EFE532CC70
[JSB][Init] before InsertFighter BattleSpace=1 ptr=000001EFE532CC70
[JSB][Init] after InsertFighter FighterID=2
[JSB][Reset] enter BattleSpace=1
[JSB][Reset] after lock found=1 size=1
[JSB][Reset] FighterPtr=000001EFE258CD50 fighter_count_before=2
total: 2
[JSB][Reset] fighter_count_after=0
[JSB][Reset] exit after_size=1
[JSB][Init] enter BattleSpace=1 Type=1 ForceSide=1 Delta=0.0166667
[JSB][Init] registry size=1
[JSB][Init] before new AIP_FDMExec
[JSB][Init] after new AIP_FDMExec ptr=000001EFE739F4D0
[JSB][Init] before Init_FDM ptr=000001EFE739F4D0
[JSB][Init] after Init_FDM ptr=000001EFE739F4D0
[JSB][Init] before Exec_FDM ptr=000001EFE739F4D0
[JSB][Init] after Exec_FDM ptr=000001EFE739F4D0
[JSB][Init] before InsertFighter BattleSpace=1 ptr=000001EFE739F4D0
[JSB][Init] after InsertFighter FighterID=1
[JSB][Init] enter BattleSpace=1 Type=1 ForceSide=2 Delta=0.0166667
[JSB][Init] registry size=1
[JSB][Init] before new AIP_FDMExec
[JSB][Init] after new AIP_FDMExec ptr=000001EFE739F6E0
[JSB][Init] before Init_FDM ptr=000001EFE739F6E0
[JSB][Init] after Init_FDM ptr=000001EFE739F6E0
[JSB][Init] before Exec_FDM ptr=000001EFE739F6E0
[JSB][Init] after Exec_FDM ptr=000001EFE739F6E0
[JSB][Init] before InsertFighter BattleSpace=1 ptr=000001EFE739F6E0
[JSB][Init] after InsertFighter FighterID=2
runner:engagement_replay/env:0	num_steps=[274] | total rewards=[1441.2092] | termination= [target destroyed]
[JSB][RemoveSpace] enter BattleSpace=1
[JSB][RemoveSpace] after lock found=1 size=1
[JSB][RemoveSpace] FighterPtr=000001EFE258CD50 fighter_count_before=2
[JSB][RemoveSpace] fighter_count_after=0
Remove Space Complete.
[JSB][RemoveSpace] exit after_size=0
[JSB][CreateBattleSpace] enter Space@00000001803EE598 SpaceMutex@00000001803DE000
[JSB][CreateBattleSpace] before newspace
[JSB][CreateBattleSpace] newspace=000001EFE7356D10 use_count=1
[JSB][CreateBattleSpace] before lock
[JSB][CreateBattleSpace] after lock size=0
[JSB][CreateBattleSpace] insert id=1 success=1 final_size=1 stored=000001EFE7356D10
init ID:1 Lat37.92003070998819 Lon128.18188127777776 Alt(meter)4572.029042862364 Speed(m/sec)200.0
[JSB][Init] enter BattleSpace=1 Type=1 ForceSide=1 Delta=0.0166667
[JSB][Init] registry size=1
[JSB][Init] before new AIP_FDMExec
[JSB][Init] after new AIP_FDMExec ptr=000001EFEB6B6010
[JSB][Init] before Init_FDM ptr=000001EFEB6B6010
[JSB][Init] after Init_FDM ptr=000001EFEB6B6010
[JSB][Init] before Exec_FDM ptr=000001EFEB6B6010
[JSB][Init] after Exec_FDM ptr=000001EFEB6B6010
[JSB][Init] before InsertFighter BattleSpace=1 ptr=000001EFEB6B6010
[JSB][Init] after InsertFighter FighterID=1
init ID:1 Lat37.91455691666667 Lon128.18188127777776 Alt(meter)4572.000000000235 Speed(m/sec)200.0
[JSB][Init] enter BattleSpace=1 Type=1 ForceSide=2 Delta=0.0166667
[JSB][Init] registry size=1
[JSB][Init] before new AIP_FDMExec
[JSB][Init] after new AIP_FDMExec ptr=000001EFEB6B55C0
[JSB][Init] before Init_FDM ptr=000001EFEB6B55C0
[JSB][Init] after Init_FDM ptr=000001EFEB6B55C0
[JSB][Init] before Exec_FDM ptr=000001EFEB6B55C0
[JSB][Init] after Exec_FDM ptr=000001EFEB6B55C0
[JSB][Init] before InsertFighter BattleSpace=1 ptr=000001EFEB6B55C0
[JSB][Init] after InsertFighter FighterID=2
[JSB][Reset] enter BattleSpace=1
[JSB][Reset] after lock found=1 size=1
[JSB][Reset] FighterPtr=000001EFE7356D10 fighter_count_before=2
total: 2
[JSB][Reset] fighter_count_after=0
[JSB][Reset] exit after_size=1
[JSB][Init] enter BattleSpace=1 Type=1 ForceSide=1 Delta=0.0166667
[JSB][Init] registry size=1
[JSB][Init] before new AIP_FDMExec
[JSB][Init] after new AIP_FDMExec ptr=000001EFE74514D0
[JSB][Init] before Init_FDM ptr=000001EFE74514D0
[JSB][Init] after Init_FDM ptr=000001EFE74514D0
[JSB][Init] before Exec_FDM ptr=000001EFE74514D0
[JSB][Init] after Exec_FDM ptr=000001EFE74514D0
[JSB][Init] before InsertFighter BattleSpace=1 ptr=000001EFE74514D0
[JSB][Init] after InsertFighter FighterID=1
[JSB][Init] enter BattleSpace=1 Type=1 ForceSide=2 Delta=0.0166667
[JSB][Init] registry size=1
[JSB][Init] before new AIP_FDMExec
[JSB][Init] after new AIP_FDMExec ptr=000001EFE74516E0
[JSB][Init] before Init_FDM ptr=000001EFE74516E0
[JSB][Init] after Init_FDM ptr=000001EFE74516E0
[JSB][Init] before Exec_FDM ptr=000001EFE74516E0
[JSB][Init] after Exec_FDM ptr=000001EFE74516E0
[JSB][Init] before InsertFighter BattleSpace=1 ptr=000001EFE74516E0
[JSB][Init] after InsertFighter FighterID=2
runner:engagement_replay/env:0	num_steps=[2000] | total rewards=[600.7374] | termination= [max time out]
[JSB][RemoveSpace] enter BattleSpace=1
[JSB][RemoveSpace] after lock found=1 size=1
[JSB][RemoveSpace] FighterPtr=000001EFE7356D10 fighter_count_before=2
[JSB][RemoveSpace] fighter_count_after=0
Remove Space Complete.
[JSB][RemoveSpace] exit after_size=0
[DogFightEnv][EngagementReplay] iter=0 ep=0 steps=228 outcome=draw min_dist=232.09 | ep=1 steps=274 outcome=win min_dist=263.58 | ep=2 steps=2000 outcome=judge_win min_dist=80.54
stage=35 | iter_in_stage=0 | total_iter=0 | reward_mean=462.82 | win_rate=0.083 | draw_rate=0.465 | crash_rate=0.069 | ep_wez_steps=18.3 | episodes_this_iter=146172 | entropy=-3.553 | vf_loss=217.251
[36m(SingleAgentEnvRunner pid=63120)[0m runner:9/env:0	num_steps=[210] | total rewards=[1411.7602] | termination= [target destroyed][32m [repeated 2x across cluster][0m
[36m(SingleAgentEnvRunner pid=18256)[0m [JSB][Reset] enter BattleSpace=1[32m [repeated 14x across cluster][0m
[36m(SingleAgentEnvRunner pid=18256)[0m [JSB][Reset] after lock found=1 size=1[32m [repeated 14x across cluster][0m
[36m(SingleAgentEnvRunner pid=18256)[0m [JSB][Reset] fighter_count_after=0[32m [repeated 28x across cluster][0m
[36m(SingleAgentEnvRunner pid=18256)[0m total: 2[32m [repeated 14x across cluster][0m
[36m(SingleAgentEnvRunner pid=18256)[0m [JSB][Reset] exit after_size=1[32m [repeated 14x across cluster][0m
[36m(SingleAgentEnvRunner pid=57920)[0m runner:11/env:0	num_steps=[497] | total rewards=[-629.8023] | termination= [ownship altitude below min]
[36m(SingleAgentEnvRunner pid=18256)[0m runner:14/env:0	num_steps=[241] | total rewards=[555.8072] | termination= [ownship destroyed][32m [repeated 6x across cluster][0m
[36m(SingleAgentEnvRunner pid=18256)[0m [JSB][Init] enter BattleSpace=1 Type=1 ForceSide=1 Delta=0.0166667[32m [repeated 13x across cluster][0m
[36m(SingleAgentEnvRunner pid=18256)[0m [JSB][Init] registry size=1[32m [repeated 13x across cluster][0m
[36m(SingleAgentEnvRunner pid=18256)[0m [JSB][Init] before new AIP_FDMExec[32m [repeated 13x across cluster][0m
[36m(SingleAgentEnvRunner pid=18256)[0m [JSB][Init] after new AIP_FDMExec ptr=000001DE91B00F20[32m [repeated 13x across cluster][0m
[36m(SingleAgentEnvRunner pid=18256)[0m [JSB][Init] before Init_FDM ptr=000001DE91B00F20[32m [repeated 13x across cluster][0m
[36m(SingleAgentEnvRunner pid=57920)[0m [JSB][Init] after Init_FDM ptr=00000230121D8360[32m [repeated 10x across cluster][0m
[36m(SingleAgentEnvRunner pid=57920)[0m [JSB][Init] before Exec_FDM ptr=00000230121D8360[32m [repeated 10x across cluster][0m
[36m(SingleAgentEnvRunner pid=57920)[0m [JSB][Init] after Exec_FDM ptr=00000230121D8360[32m [repeated 10x across cluster][0m
[36m(SingleAgentEnvRunner pid=57920)[0m [JSB][Init] before InsertFighter BattleSpace=1 ptr=00000230121D8360[32m [repeated 10x across cluster][0m
[36m(SingleAgentEnvRunner pid=57920)[0m [JSB][Init] after InsertFighter FighterID=2[32m [repeated 10x across cluster][0m
[36m(SingleAgentEnvRunner pid=59532)[0m runner:3/env:0	num_steps=[383] | total rewards=[-623.7433] | termination= [ownship altitude below min]
[36m(SingleAgentEnvRunner pid=15664)[0m runner:16/env:0	num_steps=[1508] | total rewards=[494.6203] | termination= [target altitude below min]
[36m(SingleAgentEnvRunner pid=58040)[0m runner:8/env:0	num_steps=[1815] | total rewards=[1422.4463] | termination= [target destroyed][32m [repeated 2x across cluster][0m
[36m(SingleAgentEnvRunner pid=58040)[0m [JSB][Reset] enter BattleSpace=1[32m [repeated 22x across cluster][0m
[36m(SingleAgentEnvRunner pid=58040)[0m [JSB][Reset] after lock found=1 size=1[32m [repeated 22x across cluster][0m
[36m(SingleAgentEnvRunner pid=58040)[0m [JSB][Reset] fighter_count_after=0[32m [repeated 44x across cluster][0m
[36m(SingleAgentEnvRunner pid=58040)[0m total: 2[32m [repeated 22x across cluster][0m
[36m(SingleAgentEnvRunner pid=58040)[0m [JSB][Reset] exit after_size=1[32m [repeated 22x across cluster][0m
[36m(SingleAgentEnvRunner pid=61920)[0m runner:13/env:0	num_steps=[232] | total rewards=[649.8668] | termination= [ownship destroyed][32m [repeated 18x across cluster][0m
[36m(SingleAgentEnvRunner pid=58040)[0m [JSB][Init] enter BattleSpace=1 Type=1 ForceSide=1 Delta=0.0166667[32m [repeated 44x across cluster][0m
[36m(SingleAgentEnvRunner pid=58040)[0m [JSB][Init] registry size=1[32m [repeated 44x across cluster][0m
[36m(SingleAgentEnvRunner pid=58040)[0m [JSB][Init] before new AIP_FDMExec[32m [repeated 44x across cluster][0m
[36m(SingleAgentEnvRunner pid=58040)[0m [JSB][Init] after new AIP_FDMExec ptr=0000023211D8FCA0[32m [repeated 44x across cluster][0m
[36m(SingleAgentEnvRunner pid=58040)[0m [JSB][Init] before Init_FDM ptr=0000023211D8FCA0[32m [repeated 44x across cluster][0m
[36m(SingleAgentEnvRunner pid=61920)[0m [JSB][Init] after Init_FDM ptr=0000014B91EAAA20[32m [repeated 44x across cluster][0m
[36m(SingleAgentEnvRunner pid=61920)[0m [JSB][Init] before Exec_FDM ptr=0000014B91EAAA20[32m [repeated 44x across cluster][0m
[36m(SingleAgentEnvRunner pid=61920)[0m [JSB][Init] after Exec_FDM ptr=0000014B91EAAA20[32m [repeated 44x across cluster][0m
[36m(SingleAgentEnvRunner pid=61920)[0m [JSB][Init] before InsertFighter BattleSpace=1 ptr=0000014B91EAAA20[32m [repeated 44x across cluster][0m
[36m(SingleAgentEnvRunner pid=61920)[0m [JSB][Init] after InsertFighter FighterID=2[32m [repeated 44x across cluster][0m
stage=35 | iter_in_stage=1 | total_iter=1 | reward_mean=503.03 | win_rate=0.204 | draw_rate=0.296 | crash_rate=0.038 | ep_wez_steps=22.9 | episodes_this_iter=31 | entropy=-3.571 | vf_loss=155.478
[36m(SingleAgentEnvRunner pid=18256)[0m runner:14/env:0	num_steps=[196] | total rewards=[1374.2077] | termination= [target destroyed][32m [repeated 2x across cluster][0m
[36m(SingleAgentEnvRunner pid=58040)[0m [JSB][Reset] enter BattleSpace=1[32m [repeated 10x across cluster][0m
[36m(SingleAgentEnvRunner pid=58040)[0m [JSB][Reset] after lock found=1 size=1[32m [repeated 10x across cluster][0m
[36m(SingleAgentEnvRunner pid=58040)[0m [JSB][Reset] fighter_count_after=0[32m [repeated 20x across cluster][0m
[36m(SingleAgentEnvRunner pid=58040)[0m total: 2[32m [repeated 10x across cluster][0m
[36m(SingleAgentEnvRunner pid=58040)[0m [JSB][Reset] exit after_size=1[32m [repeated 10x across cluster][0m
[36m(SingleAgentEnvRunner pid=58040)[0m runner:8/env:0	num_steps=[247] | total rewards=[632.7736] | termination= [ownship destroyed][32m [repeated 8x across cluster][0m
[36m(SingleAgentEnvRunner pid=63120)[0m [JSB][Init] enter BattleSpace=1 Type=1 ForceSide=2 Delta=0.0166667[32m [repeated 21x across cluster][0m
[36m(SingleAgentEnvRunner pid=63120)[0m [JSB][Init] registry size=1[32m [repeated 21x across cluster][0m
[36m(SingleAgentEnvRunner pid=63120)[0m [JSB][Init] before new AIP_FDMExec[32m [repeated 21x across cluster][0m
[36m(SingleAgentEnvRunner pid=63120)[0m [JSB][Init] after new AIP_FDMExec ptr=0000017C11EB1360[32m [repeated 21x across cluster][0m
[36m(SingleAgentEnvRunner pid=63120)[0m [JSB][Init] before Init_FDM ptr=0000017C11EB1360[32m [repeated 21x across cluster][0m
[36m(SingleAgentEnvRunner pid=63120)[0m [JSB][Init] after Init_FDM ptr=0000017C11EB3A90[32m [repeated 21x across cluster][0m
[36m(SingleAgentEnvRunner pid=63120)[0m [JSB][Init] before Exec_FDM ptr=0000017C11EB3A90[32m [repeated 21x across cluster][0m
[36m(SingleAgentEnvRunner pid=63120)[0m [JSB][Init] after Exec_FDM ptr=0000017C11EB3A90[32m [repeated 21x across cluster][0m
[36m(SingleAgentEnvRunner pid=63120)[0m [JSB][Init] before InsertFighter BattleSpace=1 ptr=0000017C11EB3A90[32m [repeated 21x across cluster][0m
[36m(SingleAgentEnvRunner pid=63120)[0m [JSB][Init] after InsertFighter FighterID=1[32m [repeated 21x across cluster][0m
[36m(SingleAgentEnvRunner pid=66008)[0m runner:7/env:0	num_steps=[741] | total rewards=[15.2500] | termination= [target altitude below min]
[36m(SingleAgentEnvRunner pid=51724)[0m runner:12/env:0	num_steps=[423] | total rewards=[-276.7938] | termination= [ownship altitude below min]
[36m(SingleAgentEnvRunner pid=18096)[0m runner:5/env:0	num_steps=[1535] | total rewards=[1218.7536] | termination= [target destroyed][32m [repeated 3x across cluster][0m
[36m(SingleAgentEnvRunner pid=58040)[0m [JSB][Reset] enter BattleSpace=1[32m [repeated 20x across cluster][0m
[36m(SingleAgentEnvRunner pid=58040)[0m [JSB][Reset] after lock found=1 size=1[32m [repeated 20x across cluster][0m
[36m(SingleAgentEnvRunner pid=58040)[0m [JSB][Reset] fighter_count_after=0[32m [repeated 40x across cluster][0m
[36m(SingleAgentEnvRunner pid=58040)[0m total: 2[32m [repeated 20x across cluster][0m
[36m(SingleAgentEnvRunner pid=58040)[0m [JSB][Reset] exit after_size=1[32m [repeated 20x across cluster][0m
[36m(SingleAgentEnvRunner pid=58040)[0m runner:8/env:0	num_steps=[227] | total rewards=[635.1242] | termination= [ownship destroyed][32m [repeated 12x across cluster][0m
[36m(SingleAgentEnvRunner pid=58040)[0m [JSB][Init] enter BattleSpace=1 Type=1 ForceSide=1 Delta=0.0166667[32m [repeated 39x across cluster][0m
[36m(SingleAgentEnvRunner pid=58040)[0m [JSB][Init] registry size=1[32m [repeated 39x across cluster][0m
[36m(SingleAgentEnvRunner pid=58040)[0m [JSB][Init] before new AIP_FDMExec[32m [repeated 39x across cluster][0m
[36m(SingleAgentEnvRunner pid=58040)[0m [JSB][Init] after new AIP_FDMExec ptr=0000023211775B40[32m [repeated 39x across cluster][0m
[36m(SingleAgentEnvRunner pid=58040)[0m [JSB][Init] before Init_FDM ptr=0000023211775B40[32m [repeated 39x across cluster][0m
[36m(SingleAgentEnvRunner pid=59532)[0m [JSB][Init] after Init_FDM ptr=0000021A333C33C0[32m [repeated 39x across cluster][0m
[36m(SingleAgentEnvRunner pid=59532)[0m [JSB][Init] before Exec_FDM ptr=0000021A333C33C0[32m [repeated 39x across cluster][0m
[36m(SingleAgentEnvRunner pid=59532)[0m [JSB][Init] after Exec_FDM ptr=0000021A333C33C0[32m [repeated 39x across cluster][0m
[36m(SingleAgentEnvRunner pid=59532)[0m [JSB][Init] before InsertFighter BattleSpace=1 ptr=0000021A333C33C0[32m [repeated 39x across cluster][0m
[36m(SingleAgentEnvRunner pid=59532)[0m [JSB][Init] after InsertFighter FighterID=2[32m [repeated 39x across cluster][0m
[36m(SingleAgentEnvRunner pid=57920)[0m runner:11/env:0	num_steps=[2000] | total rewards=[27.7993] | termination= [max time out]
stage=35 | iter_in_stage=2 | total_iter=2 | reward_mean=378.08 | win_rate=0.144 | draw_rate=0.289 | crash_rate=0.128 | ep_wez_steps=18.5 | episodes_this_iter=30 | entropy=-3.588 | vf_loss=174.891
[36m(SingleAgentEnvRunner pid=36412)[0m runner:6/env:0	num_steps=[618] | total rewards=[-469.5380] | termination= [ownship altitude below min][32m [repeated 3x across cluster][0m
[36m(SingleAgentEnvRunner pid=18096)[0m [JSB][Reset] enter BattleSpace=1[32m [repeated 10x across cluster][0m
[36m(SingleAgentEnvRunner pid=18096)[0m [JSB][Reset] after lock found=1 size=1[32m [repeated 10x across cluster][0m
[36m(SingleAgentEnvRunner pid=18096)[0m [JSB][Reset] fighter_count_after=0[32m [repeated 20x across cluster][0m
[36m(SingleAgentEnvRunner pid=18096)[0m total: 2[32m [repeated 10x across cluster][0m
[36m(SingleAgentEnvRunner pid=18096)[0m [JSB][Reset] exit after_size=1[32m [repeated 10x across cluster][0m
[36m(SingleAgentEnvRunner pid=18096)[0m runner:5/env:0	num_steps=[869] | total rewards=[397.1388] | termination= [ownship destroyed][32m [repeated 9x across cluster][0m
[36m(SingleAgentEnvRunner pid=18096)[0m [JSB][Init] enter BattleSpace=1 Type=1 ForceSide=1 Delta=0.0166667[32m [repeated 20x across cluster][0m
[36m(SingleAgentEnvRunner pid=18096)[0m [JSB][Init] registry size=1[32m [repeated 20x across cluster][0m
[36m(SingleAgentEnvRunner pid=18096)[0m [JSB][Init] before new AIP_FDMExec[32m [repeated 20x across cluster][0m
[36m(SingleAgentEnvRunner pid=18096)[0m [JSB][Init] after new AIP_FDMExec ptr=000001A611E97E70[32m [repeated 20x across cluster][0m
[36m(SingleAgentEnvRunner pid=18096)[0m [JSB][Init] before Init_FDM ptr=000001A611E97E70[32m [repeated 20x across cluster][0m
[36m(SingleAgentEnvRunner pid=59532)[0m [JSB][Init] after Init_FDM ptr=0000021A333C4860[32m [repeated 20x across cluster][0m
[36m(SingleAgentEnvRunner pid=59532)[0m [JSB][Init] before Exec_FDM ptr=0000021A333C4860[32m [repeated 20x across cluster][0m
[36m(SingleAgentEnvRunner pid=59532)[0m [JSB][Init] after Exec_FDM ptr=0000021A333C4860[32m [repeated 20x across cluster][0m
[36m(SingleAgentEnvRunner pid=59532)[0m [JSB][Init] before InsertFighter BattleSpace=1 ptr=0000021A333C4860[32m [repeated 20x across cluster][0m
[36m(SingleAgentEnvRunner pid=59532)[0m [JSB][Init] after InsertFighter FighterID=2[32m [repeated 20x across cluster][0m
[36m(SingleAgentEnvRunner pid=39980)[0m runner:2/env:0	num_steps=[1149] | total rewards=[1313.4675] | termination= [target destroyed]
[36m(SingleAgentEnvRunner pid=61016)[0m runner:15/env:0	num_steps=[1166] | total rewards=[-621.4598] | termination= [ownship altitude below min][32m [repeated 3x across cluster][0m
[36m(SingleAgentEnvRunner pid=47444)[0m [JSB][Reset] enter BattleSpace=1[32m [repeated 18x across cluster][0m
[36m(SingleAgentEnvRunner pid=47444)[0m [JSB][Reset] after lock found=1 size=1[32m [repeated 18x across cluster][0m
[36m(SingleAgentEnvRunner pid=47444)[0m [JSB][Reset] fighter_count_after=0[32m [repeated 36x across cluster][0m
[36m(SingleAgentEnvRunner pid=47444)[0m total: 2[32m [repeated 18x across cluster][0m
[36m(SingleAgentEnvRunner pid=47444)[0m [JSB][Reset] exit after_size=1[32m [repeated 18x across cluster][0m
[36m(SingleAgentEnvRunner pid=47444)[0m runner:4/env:0	num_steps=[240] | total rewards=[620.2775] | termination= [ownship destroyed][32m [repeated 9x across cluster][0m
[36m(SingleAgentEnvRunner pid=47444)[0m [JSB][Init] enter BattleSpace=1 Type=1 ForceSide=2 Delta=0.0166667[32m [repeated 37x across cluster][0m
[36m(SingleAgentEnvRunner pid=47444)[0m [JSB][Init] registry size=1[32m [repeated 37x across cluster][0m
[36m(SingleAgentEnvRunner pid=47444)[0m [JSB][Init] before new AIP_FDMExec[32m [repeated 37x across cluster][0m
[36m(SingleAgentEnvRunner pid=47444)[0m [JSB][Init] after new AIP_FDMExec ptr=000002451163A3E0[32m [repeated 37x across cluster][0m
[36m(SingleAgentEnvRunner pid=47444)[0m [JSB][Init] before Init_FDM ptr=000002451163A3E0[32m [repeated 37x across cluster][0m
[36m(SingleAgentEnvRunner pid=47444)[0m [JSB][Init] after Init_FDM ptr=000002451163A3E0[32m [repeated 38x across cluster][0m
[36m(SingleAgentEnvRunner pid=47444)[0m [JSB][Init] before Exec_FDM ptr=000002451163A3E0[32m [repeated 38x across cluster][0m
[36m(SingleAgentEnvRunner pid=47444)[0m [JSB][Init] after Exec_FDM ptr=000002451163A3E0[32m [repeated 38x across cluster][0m
[36m(SingleAgentEnvRunner pid=47444)[0m [JSB][Init] before InsertFighter BattleSpace=1 ptr=000002451163A3E0[32m [repeated 38x across cluster][0m
[36m(SingleAgentEnvRunner pid=47444)[0m [JSB][Init] after InsertFighter FighterID=2[32m [repeated 38x across cluster][0m
[36m(SingleAgentEnvRunner pid=58040)[0m runner:8/env:0	num_steps=[1089] | total rewards=[1370.7404] | termination= [target destroyed][32m [repeated 6x across cluster][0m
stage=35 | iter_in_stage=3 | total_iter=3 | reward_mean=675.45 | win_rate=0.365 | draw_rate=0.256 | crash_rate=0.141 | ep_wez_steps=22.5 | episodes_this_iter=27 | entropy=-3.577 | vf_loss=163.690
[36m(SingleAgentEnvRunner pid=15664)[0m [JSB][Reset] enter BattleSpace=1[32m [repeated 10x across cluster][0m
[36m(SingleAgentEnvRunner pid=15664)[0m [JSB][Reset] after lock found=1 size=1[32m [repeated 10x across cluster][0m
[36m(SingleAgentEnvRunner pid=15664)[0m [JSB][Reset] fighter_count_after=0[32m [repeated 20x across cluster][0m
[36m(SingleAgentEnvRunner pid=15664)[0m total: 2[32m [repeated 10x across cluster][0m
[36m(SingleAgentEnvRunner pid=15664)[0m [JSB][Reset] exit after_size=1[32m [repeated 10x across cluster][0m
[36m(SingleAgentEnvRunner pid=15664)[0m runner:16/env:0	num_steps=[1120] | total rewards=[599.2449] | termination= [ownship destroyed][32m [repeated 9x across cluster][0m
[36m(SingleAgentEnvRunner pid=15664)[0m [JSB][Init] enter BattleSpace=1 Type=1 ForceSide=2 Delta=0.0166667[32m [repeated 20x across cluster][0m
[36m(SingleAgentEnvRunner pid=15664)[0m [JSB][Init] registry size=1[32m [repeated 20x across cluster][0m
[36m(SingleAgentEnvRunner pid=15664)[0m [JSB][Init] before new AIP_FDMExec[32m [repeated 20x across cluster][0m
[36m(SingleAgentEnvRunner pid=15664)[0m [JSB][Init] after new AIP_FDMExec ptr=000002E491BE0C40[32m [repeated 20x across cluster][0m
[36m(SingleAgentEnvRunner pid=15664)[0m [JSB][Init] before Init_FDM ptr=000002E491BE0C40[32m [repeated 20x across cluster][0m
[36m(SingleAgentEnvRunner pid=15664)[0m [JSB][Init] after Init_FDM ptr=000002E491BE0C40[32m [repeated 20x across cluster][0m
[36m(SingleAgentEnvRunner pid=15664)[0m [JSB][Init] before Exec_FDM ptr=000002E491BE0C40[32m [repeated 20x across cluster][0m
[36m(SingleAgentEnvRunner pid=15664)[0m [JSB][Init] after Exec_FDM ptr=000002E491BE0C40[32m [repeated 20x across cluster][0m
[36m(SingleAgentEnvRunner pid=15664)[0m [JSB][Init] before InsertFighter BattleSpace=1 ptr=000002E491BE0C40[32m [repeated 20x across cluster][0m
[36m(SingleAgentEnvRunner pid=15664)[0m [JSB][Init] after InsertFighter FighterID=2[32m [repeated 20x across cluster][0m
[36m(SingleAgentEnvRunner pid=61920)[0m runner:13/env:0	num_steps=[239] | total rewards=[1378.2801] | termination= [target destroyed]
[36m(SingleAgentEnvRunner pid=59532)[0m runner:3/env:0	num_steps=[1415] | total rewards=[1579.8947] | termination= [target destroyed]
[36m(SingleAgentEnvRunner pid=51724)[0m [JSB][Reset] enter BattleSpace=1[32m [repeated 13x across cluster][0m
[36m(SingleAgentEnvRunner pid=51724)[0m [JSB][Reset] after lock found=1 size=1[32m [repeated 13x across cluster][0m
[36m(SingleAgentEnvRunner pid=51724)[0m [JSB][Reset] fighter_count_after=0[32m [repeated 26x across cluster][0m
[36m(SingleAgentEnvRunner pid=51724)[0m total: 2[32m [repeated 13x across cluster][0m
[36m(SingleAgentEnvRunner pid=51724)[0m [JSB][Reset] exit after_size=1[32m [repeated 13x across cluster][0m
[36m(SingleAgentEnvRunner pid=51724)[0m runner:12/env:0	num_steps=[244] | total rewards=[609.8180] | termination= [ownship destroyed][32m [repeated 10x across cluster][0m
[36m(SingleAgentEnvRunner pid=51724)[0m [JSB][Init] enter BattleSpace=1 Type=1 ForceSide=2 Delta=0.0166667[32m [repeated 26x across cluster][0m
[36m(SingleAgentEnvRunner pid=51724)[0m [JSB][Init] registry size=1[32m [repeated 26x across cluster][0m
[36m(SingleAgentEnvRunner pid=51724)[0m [JSB][Init] before new AIP_FDMExec[32m [repeated 26x across cluster][0m
[36m(SingleAgentEnvRunner pid=51724)[0m [JSB][Init] after new AIP_FDMExec ptr=000001DD1306DA40[32m [repeated 26x across cluster][0m
[36m(SingleAgentEnvRunner pid=51724)[0m [JSB][Init] before Init_FDM ptr=000001DD1306DA40[32m [repeated 26x across cluster][0m
[36m(SingleAgentEnvRunner pid=51724)[0m [JSB][Init] after Init_FDM ptr=000001DD1306DA40[32m [repeated 26x across cluster][0m
[36m(SingleAgentEnvRunner pid=51724)[0m [JSB][Init] before Exec_FDM ptr=000001DD1306DA40[32m [repeated 26x across cluster][0m
[36m(SingleAgentEnvRunner pid=51724)[0m [JSB][Init] after Exec_FDM ptr=000001DD1306DA40[32m [repeated 26x across cluster][0m
[36m(SingleAgentEnvRunner pid=51724)[0m [JSB][Init] before InsertFighter BattleSpace=1 ptr=000001DD1306DA40[32m [repeated 26x across cluster][0m
[36m(SingleAgentEnvRunner pid=51724)[0m [JSB][Init] after InsertFighter FighterID=2[32m [repeated 26x across cluster][0m
[36m(SingleAgentEnvRunner pid=66008)[0m runner:7/env:0	num_steps=[2000] | total rewards=[866.1408] | termination= [max time out]
[36m(SingleAgentEnvRunner pid=18096)[0m runner:5/env:0	num_steps=[1401] | total rewards=[-216.9749] | termination= [ownship altitude below min]
stage=35 | iter_in_stage=4 | total_iter=4 | reward_mean=563.09 | win_rate=0.125 | draw_rate=0.229 | crash_rate=0.083 | ep_wez_steps=17.9 | episodes_this_iter=22 | entropy=-3.580 | vf_loss=136.374
[36m(SingleAgentEnvRunner pid=15664)[0m runner:16/env:0	num_steps=[480] | total rewards=[1433.4416] | termination= [target destroyed][32m [repeated 2x across cluster][0m
[36m(SingleAgentEnvRunner pid=63120)[0m [JSB][Reset] enter BattleSpace=1[32m [repeated 10x across cluster][0m
[36m(SingleAgentEnvRunner pid=63120)[0m [JSB][Reset] after lock found=1 size=1[32m [repeated 10x across cluster][0m
[36m(SingleAgentEnvRunner pid=63120)[0m [JSB][Reset] fighter_count_after=0[32m [repeated 20x across cluster][0m
[36m(SingleAgentEnvRunner pid=63120)[0m total: 2[32m [repeated 10x across cluster][0m
[36m(SingleAgentEnvRunner pid=63120)[0m [JSB][Reset] exit after_size=1[32m [repeated 10x across cluster][0m
[36m(SingleAgentEnvRunner pid=63120)[0m runner:9/env:0	num_steps=[1071] | total rewards=[391.5152] | termination= [ownship destroyed][32m [repeated 4x across cluster][0m
[36m(SingleAgentEnvRunner pid=63120)[0m [JSB][Init] enter BattleSpace=1 Type=1 ForceSide=1 Delta=0.0166667[32m [repeated 17x across cluster][0m
[36m(SingleAgentEnvRunner pid=63120)[0m [JSB][Init] registry size=1[32m [repeated 17x across cluster][0m
[36m(SingleAgentEnvRunner pid=63120)[0m [JSB][Init] before new AIP_FDMExec[32m [repeated 17x across cluster][0m
[36m(SingleAgentEnvRunner pid=63120)[0m [JSB][Init] after new AIP_FDMExec ptr=0000017C11EFC380[32m [repeated 17x across cluster][0m
[36m(SingleAgentEnvRunner pid=63120)[0m [JSB][Init] before Init_FDM ptr=0000017C11EFC380[32m [repeated 17x across cluster][0m
[36m(SingleAgentEnvRunner pid=63120)[0m [JSB][Init] after Init_FDM ptr=0000017C11EFC380[32m [repeated 17x across cluster][0m
[36m(SingleAgentEnvRunner pid=63120)[0m [JSB][Init] before Exec_FDM ptr=0000017C11EFC380[32m [repeated 17x across cluster][0m
[36m(SingleAgentEnvRunner pid=63120)[0m [JSB][Init] after Exec_FDM ptr=0000017C11EFC380[32m [repeated 17x across cluster][0m
[36m(SingleAgentEnvRunner pid=63120)[0m [JSB][Init] before InsertFighter BattleSpace=1 ptr=0000017C11EFC380[32m [repeated 17x across cluster][0m
[36m(SingleAgentEnvRunner pid=63120)[0m [JSB][Init] after InsertFighter FighterID=1[32m [repeated 17x across cluster][0m
[36m(SingleAgentEnvRunner pid=52932)[0m runner:10/env:0	num_steps=[2000] | total rewards=[159.8997] | termination= [max time out][32m [repeated 2x across cluster][0m
[36m(SingleAgentEnvRunner pid=47444)[0m runner:4/env:0	num_steps=[777] | total rewards=[-627.1088] | termination= [ownship altitude below min]
[36m(SingleAgentEnvRunner pid=57920)[0m runner:11/env:0	num_steps=[1622] | total rewards=[-669.1039] | termination= [ownship altitude below min]
[36m(SingleAgentEnvRunner pid=61920)[0m runner:13/env:0	num_steps=[353] | total rewards=[1390.6219] | termination= [target destroyed][32m [repeated 6x across cluster][0m
[36m(SingleAgentEnvRunner pid=18256)[0m [JSB][Reset] enter BattleSpace=1[32m [repeated 20x across cluster][0m
[36m(SingleAgentEnvRunner pid=18256)[0m [JSB][Reset] after lock found=1 size=1[32m [repeated 20x across cluster][0m
[36m(SingleAgentEnvRunner pid=18256)[0m [JSB][Reset] fighter_count_after=0[32m [repeated 40x across cluster][0m
[36m(SingleAgentEnvRunner pid=18256)[0m total: 2[32m [repeated 20x across cluster][0m
[36m(SingleAgentEnvRunner pid=18256)[0m [JSB][Reset] exit after_size=1[32m [repeated 20x across cluster][0m
[36m(SingleAgentEnvRunner pid=18256)[0m runner:14/env:0	num_steps=[242] | total rewards=[559.1086] | termination= [ownship destroyed][32m [repeated 13x across cluster][0m
[36m(SingleAgentEnvRunner pid=18256)[0m [JSB][Init] enter BattleSpace=1 Type=1 ForceSide=2 Delta=0.0166667[32m [repeated 43x across cluster][0m
[36m(SingleAgentEnvRunner pid=18256)[0m [JSB][Init] registry size=1[32m [repeated 43x across cluster][0m
[36m(SingleAgentEnvRunner pid=18256)[0m [JSB][Init] before new AIP_FDMExec[32m [repeated 43x across cluster][0m
[36m(SingleAgentEnvRunner pid=18256)[0m [JSB][Init] after new AIP_FDMExec ptr=000001DE91AEA630[32m [repeated 43x across cluster][0m
[36m(SingleAgentEnvRunner pid=18256)[0m [JSB][Init] before Init_FDM ptr=000001DE91AEA630[32m [repeated 43x across cluster][0m
[36m(SingleAgentEnvRunner pid=18256)[0m [JSB][Init] after Init_FDM ptr=000001DE91AEA630[32m [repeated 43x across cluster][0m
[36m(SingleAgentEnvRunner pid=18256)[0m [JSB][Init] before Exec_FDM ptr=000001DE91AEA630[32m [repeated 43x across cluster][0m
[36m(SingleAgentEnvRunner pid=18256)[0m [JSB][Init] after Exec_FDM ptr=000001DE91AEA630[32m [repeated 43x across cluster][0m
[36m(SingleAgentEnvRunner pid=18256)[0m [JSB][Init] before InsertFighter BattleSpace=1 ptr=000001DE91AEA630[32m [repeated 43x across cluster][0m
[36m(SingleAgentEnvRunner pid=18256)[0m [JSB][Init] after InsertFighter FighterID=2[32m [repeated 43x across cluster][0m
[36m(SingleAgentEnvRunner pid=61016)[0m runner:15/env:0	num_steps=[2000] | total rewards=[306.2386] | termination= [max time out]
stage=35 | iter_in_stage=5 | total_iter=5 | reward_mean=458.97 | win_rate=0.219 | draw_rate=0.214 | crash_rate=0.125 | ep_wez_steps=14.5 | episodes_this_iter=34 | entropy=-3.595 | vf_loss=207.572
[36m(SingleAgentEnvRunner pid=59532)[0m runner:3/env:0	num_steps=[462] | total rewards=[1329.4653] | termination= [target destroyed][32m [repeated 3x across cluster][0m
[36m(SingleAgentEnvRunner pid=59532)[0m [JSB][Reset] enter BattleSpace=1[32m [repeated 11x across cluster][0m
[36m(SingleAgentEnvRunner pid=59532)[0m [JSB][Reset] after lock found=1 size=1[32m [repeated 11x across cluster][0m
[36m(SingleAgentEnvRunner pid=59532)[0m [JSB][Reset] fighter_count_after=0[32m [repeated 22x across cluster][0m
[36m(SingleAgentEnvRunner pid=59532)[0m total: 2[32m [repeated 11x across cluster][0m
[36m(SingleAgentEnvRunner pid=59532)[0m [JSB][Reset] exit after_size=1[32m [repeated 11x across cluster][0m
[36m(SingleAgentEnvRunner pid=63120)[0m runner:9/env:0	num_steps=[165] | total rewards=[290.4510] | termination= [ownship destroyed][32m [repeated 7x across cluster][0m
[36m(SingleAgentEnvRunner pid=59532)[0m [JSB][Init] enter BattleSpace=1 Type=1 ForceSide=2 Delta=0.0166667[32m [repeated 22x across cluster][0m
[36m(SingleAgentEnvRunner pid=59532)[0m [JSB][Init] registry size=1[32m [repeated 22x across cluster][0m
[36m(SingleAgentEnvRunner pid=59532)[0m [JSB][Init] before new AIP_FDMExec[32m [repeated 22x across cluster][0m
[36m(SingleAgentEnvRunner pid=59532)[0m [JSB][Init] after new AIP_FDMExec ptr=0000021A336EEF70[32m [repeated 22x across cluster][0m
[36m(SingleAgentEnvRunner pid=59532)[0m [JSB][Init] before Init_FDM ptr=0000021A336EEF70[32m [repeated 22x across cluster][0m
[36m(SingleAgentEnvRunner pid=59532)[0m [JSB][Init] after Init_FDM ptr=0000021A336EEF70[32m [repeated 22x across cluster][0m
[36m(SingleAgentEnvRunner pid=59532)[0m [JSB][Init] before Exec_FDM ptr=0000021A336EEF70[32m [repeated 22x across cluster][0m
[36m(SingleAgentEnvRunner pid=59532)[0m [JSB][Init] after Exec_FDM ptr=0000021A336EEF70[32m [repeated 22x across cluster][0m
[36m(SingleAgentEnvRunner pid=59532)[0m [JSB][Init] before InsertFighter BattleSpace=1 ptr=0000021A336EEF70[32m [repeated 22x across cluster][0m
[36m(SingleAgentEnvRunner pid=59532)[0m [JSB][Init] after InsertFighter FighterID=2[32m [repeated 22x across cluster][0m
[36m(SingleAgentEnvRunner pid=58040)[0m runner:8/env:0	num_steps=[480] | total rewards=[147.8089] | termination= [target altitude below min]
[36m(SingleAgentEnvRunner pid=15664)[0m runner:16/env:0	num_steps=[1351] | total rewards=[-506.7275] | termination= [ownship altitude below min]
[36m(SingleAgentEnvRunner pid=63120)[0m runner:9/env:0	num_steps=[278] | total rewards=[1338.8295] | termination= [target destroyed][32m [repeated 6x across cluster][0m
[36m(SingleAgentEnvRunner pid=18096)[0m [JSB][Reset] enter BattleSpace=1[32m [repeated 18x across cluster][0m
[36m(SingleAgentEnvRunner pid=18096)[0m [JSB][Reset] after lock found=1 size=1[32m [repeated 18x across cluster][0m
[36m(SingleAgentEnvRunner pid=18096)[0m [JSB][Reset] fighter_count_after=0[32m [repeated 36x across cluster][0m
[36m(SingleAgentEnvRunner pid=18096)[0m total: 2[32m [repeated 18x across cluster][0m
[36m(SingleAgentEnvRunner pid=18096)[0m [JSB][Reset] exit after_size=1[32m [repeated 18x across cluster][0m
[36m(SingleAgentEnvRunner pid=18096)[0m runner:5/env:0	num_steps=[248] | total rewards=[562.3182] | termination= [ownship destroyed][32m [repeated 10x across cluster][0m
[36m(SingleAgentEnvRunner pid=59532)[0m [JSB][Init] enter BattleSpace=1 Type=1 ForceSide=2 Delta=0.0166667[32m [repeated 34x across cluster][0m
[36m(SingleAgentEnvRunner pid=59532)[0m [JSB][Init] registry size=1[32m [repeated 34x across cluster][0m
[36m(SingleAgentEnvRunner pid=59532)[0m [JSB][Init] before new AIP_FDMExec[32m [repeated 34x across cluster][0m
[36m(SingleAgentEnvRunner pid=59532)[0m [JSB][Init] after new AIP_FDMExec ptr=0000021A337105A0[32m [repeated 34x across cluster][0m
[36m(SingleAgentEnvRunner pid=59532)[0m [JSB][Init] before Init_FDM ptr=0000021A337105A0[32m [repeated 34x across cluster][0m
[36m(SingleAgentEnvRunner pid=59532)[0m [JSB][Init] after Init_FDM ptr=0000021A3370F310[32m [repeated 33x across cluster][0m
[36m(SingleAgentEnvRunner pid=59532)[0m [JSB][Init] before Exec_FDM ptr=0000021A3370F310[32m [repeated 33x across cluster][0m
[36m(SingleAgentEnvRunner pid=59532)[0m [JSB][Init] after Exec_FDM ptr=0000021A3370F310[32m [repeated 33x across cluster][0m
[36m(SingleAgentEnvRunner pid=59532)[0m [JSB][Init] before InsertFighter BattleSpace=1 ptr=0000021A3370F310[32m [repeated 33x across cluster][0m
[36m(SingleAgentEnvRunner pid=59532)[0m [JSB][Init] after InsertFighter FighterID=1[32m [repeated 33x across cluster][0m
stage=35 | iter_in_stage=6 | total_iter=6 | reward_mean=847.07 | win_rate=0.438 | draw_rate=0.138 | crash_rate=0.038 | ep_wez_steps=22.0 | episodes_this_iter=27 | entropy=-3.574 | vf_loss=244.237
[36m(SingleAgentEnvRunner pid=61544)[0m runner:1/env:0	num_steps=[213] | total rewards=[1428.3147] | termination= [target destroyed][32m [repeated 3x across cluster][0m
[36m(SingleAgentEnvRunner pid=57920)[0m [JSB][Reset] enter BattleSpace=1[32m [repeated 9x across cluster][0m
[36m(SingleAgentEnvRunner pid=57920)[0m [JSB][Reset] after lock found=1 size=1[32m [repeated 9x across cluster][0m
[36m(SingleAgentEnvRunner pid=57920)[0m [JSB][Reset] fighter_count_after=0[32m [repeated 18x across cluster][0m
[36m(SingleAgentEnvRunner pid=57920)[0m total: 2[32m [repeated 9x across cluster][0m
[36m(SingleAgentEnvRunner pid=57920)[0m [JSB][Reset] exit after_size=1[32m [repeated 9x across cluster][0m
[36m(SingleAgentEnvRunner pid=57920)[0m runner:11/env:0	num_steps=[225] | total rewards=[576.8178] | termination= [ownship destroyed][32m [repeated 6x across cluster][0m
[36m(SingleAgentEnvRunner pid=57920)[0m [JSB][Init] enter BattleSpace=1 Type=1 ForceSide=1 Delta=0.0166667[32m [repeated 19x across cluster][0m
[36m(SingleAgentEnvRunner pid=57920)[0m [JSB][Init] registry size=1[32m [repeated 19x across cluster][0m
[36m(SingleAgentEnvRunner pid=57920)[0m [JSB][Init] before new AIP_FDMExec[32m [repeated 19x across cluster][0m
[36m(SingleAgentEnvRunner pid=57920)[0m [JSB][Init] after new AIP_FDMExec ptr=00000230131C18D0[32m [repeated 19x across cluster][0m
[36m(SingleAgentEnvRunner pid=57920)[0m [JSB][Init] before Init_FDM ptr=00000230131C18D0[32m [repeated 19x across cluster][0m
[36m(SingleAgentEnvRunner pid=18096)[0m [JSB][Init] after Init_FDM ptr=000001A612137D20[32m [repeated 19x across cluster][0m
[36m(SingleAgentEnvRunner pid=18096)[0m [JSB][Init] before Exec_FDM ptr=000001A612137D20[32m [repeated 19x across cluster][0m
[36m(SingleAgentEnvRunner pid=18096)[0m [JSB][Init] after Exec_FDM ptr=000001A612137D20[32m [repeated 19x across cluster][0m
[36m(SingleAgentEnvRunner pid=18096)[0m [JSB][Init] before InsertFighter BattleSpace=1 ptr=000001A612137D20[32m [repeated 19x across cluster][0m
[36m(SingleAgentEnvRunner pid=18096)[0m [JSB][Init] after InsertFighter FighterID=2[32m [repeated 19x across cluster][0m
[36m(SingleAgentEnvRunner pid=18256)[0m runner:14/env:0	num_steps=[651] | total rewards=[-459.3515] | termination= [ownship altitude below min]
[36m(SingleAgentEnvRunner pid=52932)[0m runner:10/env:0	num_steps=[1876] | total rewards=[513.1687] | termination= [target altitude below min]
[36m(SingleAgentEnvRunner pid=61920)[0m runner:13/env:0	num_steps=[1099] | total rewards=[1331.8591] | termination= [target destroyed][32m [repeated 5x across cluster][0m
[36m(SingleAgentEnvRunner pid=58040)[0m [JSB][Reset] enter BattleSpace=1[32m [repeated 19x across cluster][0m
[36m(SingleAgentEnvRunner pid=58040)[0m [JSB][Reset] after lock found=1 size=1[32m [repeated 19x across cluster][0m
[36m(SingleAgentEnvRunner pid=58040)[0m [JSB][Reset] fighter_count_after=0[32m [repeated 38x across cluster][0m
[36m(SingleAgentEnvRunner pid=58040)[0m total: 2[32m [repeated 19x across cluster][0m
[36m(SingleAgentEnvRunner pid=58040)[0m [JSB][Reset] exit after_size=1[32m [repeated 19x across cluster][0m
[36m(SingleAgentEnvRunner pid=58040)[0m runner:8/env:0	num_steps=[171] | total rewards=[139.4632] | termination= [ownship destroyed][32m [repeated 12x across cluster][0m
[36m(SingleAgentEnvRunner pid=58040)[0m [JSB][Init] enter BattleSpace=1 Type=1 ForceSide=2 Delta=0.0166667[32m [repeated 39x across cluster][0m
[36m(SingleAgentEnvRunner pid=58040)[0m [JSB][Init] registry size=1[32m [repeated 39x across cluster][0m
[36m(SingleAgentEnvRunner pid=58040)[0m [JSB][Init] before new AIP_FDMExec[32m [repeated 39x across cluster][0m
[36m(SingleAgentEnvRunner pid=58040)[0m [JSB][Init] after new AIP_FDMExec ptr=0000023211477510[32m [repeated 39x across cluster][0m
[36m(SingleAgentEnvRunner pid=58040)[0m [JSB][Init] before Init_FDM ptr=0000023211477510[32m [repeated 39x across cluster][0m
[36m(SingleAgentEnvRunner pid=58040)[0m [JSB][Init] after Init_FDM ptr=0000023211477510[32m [repeated 40x across cluster][0m
[36m(SingleAgentEnvRunner pid=58040)[0m [JSB][Init] before Exec_FDM ptr=0000023211477510[32m [repeated 40x across cluster][0m
[36m(SingleAgentEnvRunner pid=58040)[0m [JSB][Init] after Exec_FDM ptr=0000023211477510[32m [repeated 40x across cluster][0m
[36m(SingleAgentEnvRunner pid=58040)[0m [JSB][Init] before InsertFighter BattleSpace=1 ptr=0000023211477510[32m [repeated 40x across cluster][0m
[36m(SingleAgentEnvRunner pid=58040)[0m [JSB][Init] after InsertFighter FighterID=2[32m [repeated 40x across cluster][0m
stage=35 | iter_in_stage=7 | total_iter=7 | reward_mean=728.48 | win_rate=0.389 | draw_rate=0.244 | crash_rate=0.022 | ep_wez_steps=25.0 | episodes_this_iter=27 | entropy=-3.563 | vf_loss=200.438
[36m(SingleAgentEnvRunner pid=66008)[0m runner:7/env:0	num_steps=[2000] | total rewards=[334.3972] | termination= [max time out]
[36m(SingleAgentEnvRunner pid=47444)[0m runner:4/env:0	num_steps=[852] | total rewards=[1049.4365] | termination= [target destroyed][32m [repeated 3x across cluster][0m
[36m(SingleAgentEnvRunner pid=66008)[0m [JSB][Reset] enter BattleSpace=1[32m [repeated 8x across cluster][0m
[36m(SingleAgentEnvRunner pid=66008)[0m [JSB][Reset] after lock found=1 size=1[32m [repeated 8x across cluster][0m
[36m(SingleAgentEnvRunner pid=66008)[0m [JSB][Reset] fighter_count_after=0[32m [repeated 16x across cluster][0m
[36m(SingleAgentEnvRunner pid=66008)[0m total: 2[32m [repeated 8x across cluster][0m
[36m(SingleAgentEnvRunner pid=66008)[0m [JSB][Reset] exit after_size=1[32m [repeated 8x across cluster][0m
[36m(SingleAgentEnvRunner pid=15664)[0m runner:16/env:0	num_steps=[591] | total rewards=[238.9329] | termination= [ownship destroyed][32m [repeated 4x across cluster][0m
[36m(SingleAgentEnvRunner pid=66008)[0m [JSB][Init] enter BattleSpace=1 Type=1 ForceSide=1 Delta=0.0166667[32m [repeated 15x across cluster][0m
[36m(SingleAgentEnvRunner pid=66008)[0m [JSB][Init] registry size=1[32m [repeated 15x across cluster][0m
[36m(SingleAgentEnvRunner pid=66008)[0m [JSB][Init] before new AIP_FDMExec[32m [repeated 15x across cluster][0m
[36m(SingleAgentEnvRunner pid=66008)[0m [JSB][Init] after new AIP_FDMExec ptr=0000022891CB4BC0[32m [repeated 15x across cluster][0m
[36m(SingleAgentEnvRunner pid=66008)[0m [JSB][Init] before Init_FDM ptr=0000022891CB4BC0[32m [repeated 15x across cluster][0m
[36m(SingleAgentEnvRunner pid=47444)[0m [JSB][Init] after Init_FDM ptr=0000024511C582B0[32m [repeated 14x across cluster][0m
[36m(SingleAgentEnvRunner pid=47444)[0m [JSB][Init] before Exec_FDM ptr=0000024511C582B0[32m [repeated 14x across cluster][0m
[36m(SingleAgentEnvRunner pid=47444)[0m [JSB][Init] after Exec_FDM ptr=0000024511C582B0[32m [repeated 14x across cluster][0m
[36m(SingleAgentEnvRunner pid=47444)[0m [JSB][Init] before InsertFighter BattleSpace=1 ptr=0000024511C582B0[32m [repeated 14x across cluster][0m
[36m(SingleAgentEnvRunner pid=47444)[0m [JSB][Init] after InsertFighter FighterID=2[32m [repeated 14x across cluster][0m
[36m(SingleAgentEnvRunner pid=66008)[0m runner:7/env:0	num_steps=[222] | total rewards=[1277.9020] | termination= [target destroyed][32m [repeated 5x across cluster][0m
[36m(SingleAgentEnvRunner pid=61920)[0m [JSB][Reset] enter BattleSpace=1[32m [repeated 15x across cluster][0m
[36m(SingleAgentEnvRunner pid=61920)[0m [JSB][Reset] after lock found=1 size=1[32m [repeated 15x across cluster][0m
[36m(SingleAgentEnvRunner pid=61920)[0m [JSB][Reset] fighter_count_after=0[32m [repeated 30x across cluster][0m
[36m(SingleAgentEnvRunner pid=61920)[0m total: 2[32m [repeated 15x across cluster][0m
[36m(SingleAgentEnvRunner pid=61920)[0m [JSB][Reset] exit after_size=1[32m [repeated 15x across cluster][0m
[36m(SingleAgentEnvRunner pid=61544)[0m runner:1/env:0	num_steps=[220] | total rewards=[590.4963] | termination= [ownship destroyed][32m [repeated 11x across cluster][0m
[36m(SingleAgentEnvRunner pid=61920)[0m [JSB][Init] enter BattleSpace=1 Type=1 ForceSide=2 Delta=0.0166667[32m [repeated 31x across cluster][0m
[36m(SingleAgentEnvRunner pid=61920)[0m [JSB][Init] registry size=1[32m [repeated 31x across cluster][0m
[36m(SingleAgentEnvRunner pid=61920)[0m [JSB][Init] before new AIP_FDMExec[32m [repeated 31x across cluster][0m
[36m(SingleAgentEnvRunner pid=61920)[0m [JSB][Init] after new AIP_FDMExec ptr=0000014B93388EC0[32m [repeated 31x across cluster][0m
[36m(SingleAgentEnvRunner pid=61920)[0m [JSB][Init] before Init_FDM ptr=0000014B93388EC0[32m [repeated 31x across cluster][0m
[36m(SingleAgentEnvRunner pid=61920)[0m [JSB][Init] after Init_FDM ptr=0000014B93388EC0[32m [repeated 32x across cluster][0m
[36m(SingleAgentEnvRunner pid=61920)[0m [JSB][Init] before Exec_FDM ptr=0000014B93388EC0[32m [repeated 32x across cluster][0m
[36m(SingleAgentEnvRunner pid=61920)[0m [JSB][Init] after Exec_FDM ptr=0000014B93388EC0[32m [repeated 32x across cluster][0m
[36m(SingleAgentEnvRunner pid=61920)[0m [JSB][Init] before InsertFighter BattleSpace=1 ptr=0000014B93388EC0[32m [repeated 32x across cluster][0m
[36m(SingleAgentEnvRunner pid=61920)[0m [JSB][Init] after InsertFighter FighterID=2[32m [repeated 32x across cluster][0m
[36m(SingleAgentEnvRunner pid=61016)[0m runner:15/env:0	num_steps=[731] | total rewards=[-886.3085] | termination= [ownship altitude below min]
stage=35 | iter_in_stage=8 | total_iter=8 | reward_mean=640.11 | win_rate=0.308 | draw_rate=0.212 | crash_rate=0.042 | ep_wez_steps=25.6 | episodes_this_iter=25 | entropy=-3.561 | vf_loss=160.480
[36m(SingleAgentEnvRunner pid=59532)[0m runner:3/env:0	num_steps=[488] | total rewards=[1196.8281] | termination= [target destroyed][32m [repeated 3x across cluster][0m
[36m(SingleAgentEnvRunner pid=59532)[0m [JSB][Reset] enter BattleSpace=1[32m [repeated 10x across cluster][0m
[36m(SingleAgentEnvRunner pid=59532)[0m [JSB][Reset] after lock found=1 size=1[32m [repeated 10x across cluster][0m
[36m(SingleAgentEnvRunner pid=59532)[0m [JSB][Reset] fighter_count_after=0[32m [repeated 20x across cluster][0m
[36m(SingleAgentEnvRunner pid=59532)[0m total: 2[32m [repeated 10x across cluster][0m
[36m(SingleAgentEnvRunner pid=59532)[0m [JSB][Reset] exit after_size=1[32m [repeated 10x across cluster][0m
[36m(SingleAgentEnvRunner pid=61920)[0m runner:13/env:0	num_steps=[212] | total rewards=[619.3266] | termination= [ownship destroyed][32m [repeated 5x across cluster][0m
[36m(SingleAgentEnvRunner pid=59532)[0m [JSB][Init] enter BattleSpace=1 Type=1 ForceSide=2 Delta=0.0166667[32m [repeated 20x across cluster][0m
[36m(SingleAgentEnvRunner pid=59532)[0m [JSB][Init] registry size=1[32m [repeated 20x across cluster][0m
[36m(SingleAgentEnvRunner pid=59532)[0m [JSB][Init] before new AIP_FDMExec[32m [repeated 20x across cluster][0m
[36m(SingleAgentEnvRunner pid=59532)[0m [JSB][Init] after new AIP_FDMExec ptr=0000021A33707120[32m [repeated 20x across cluster][0m
[36m(SingleAgentEnvRunner pid=59532)[0m [JSB][Init] before Init_FDM ptr=0000021A33707120[32m [repeated 20x across cluster][0m
[36m(SingleAgentEnvRunner pid=59532)[0m [JSB][Init] after Init_FDM ptr=0000021A33707120[32m [repeated 20x across cluster][0m
[36m(SingleAgentEnvRunner pid=59532)[0m [JSB][Init] before Exec_FDM ptr=0000021A33707120[32m [repeated 20x across cluster][0m
[36m(SingleAgentEnvRunner pid=59532)[0m [JSB][Init] after Exec_FDM ptr=0000021A33707120[32m [repeated 20x across cluster][0m
[36m(SingleAgentEnvRunner pid=59532)[0m [JSB][Init] before InsertFighter BattleSpace=1 ptr=0000021A33707120[32m [repeated 20x across cluster][0m
[36m(SingleAgentEnvRunner pid=59532)[0m [JSB][Init] after InsertFighter FighterID=2[32m [repeated 20x across cluster][0m
[36m(SingleAgentEnvRunner pid=18096)[0m runner:5/env:0	num_steps=[2000] | total rewards=[503.7671] | termination= [max time out]
[36m(SingleAgentEnvRunner pid=63120)[0m runner:9/env:0	num_steps=[1208] | total rewards=[-55.7670] | termination= [ownship altitude below min]
[36m(SingleAgentEnvRunner pid=39980)[0m runner:2/env:0	num_steps=[217] | total rewards=[1426.6729] | termination= [target destroyed][32m [repeated 10x across cluster][0m
[36m(SingleAgentEnvRunner pid=52932)[0m [JSB][Reset] enter BattleSpace=1[32m [repeated 25x across cluster][0m
[36m(SingleAgentEnvRunner pid=52932)[0m [JSB][Reset] after lock found=1 size=1[32m [repeated 25x across cluster][0m
[36m(SingleAgentEnvRunner pid=52932)[0m [JSB][Reset] fighter_count_after=0[32m [repeated 50x across cluster][0m
[36m(SingleAgentEnvRunner pid=52932)[0m total: 2[32m [repeated 25x across cluster][0m
[36m(SingleAgentEnvRunner pid=52932)[0m [JSB][Reset] exit after_size=1[32m [repeated 25x across cluster][0m
[36m(SingleAgentEnvRunner pid=52932)[0m runner:10/env:0	num_steps=[227] | total rewards=[621.0576] | termination= [ownship destroyed][32m [repeated 13x across cluster][0m
[36m(SingleAgentEnvRunner pid=52932)[0m [JSB][Init] enter BattleSpace=1 Type=1 ForceSide=1 Delta=0.0166667[32m [repeated 49x across cluster][0m
[36m(SingleAgentEnvRunner pid=52932)[0m [JSB][Init] registry size=1[32m [repeated 49x across cluster][0m
[36m(SingleAgentEnvRunner pid=52932)[0m [JSB][Init] before new AIP_FDMExec[32m [repeated 49x across cluster][0m
[36m(SingleAgentEnvRunner pid=52932)[0m [JSB][Init] after new AIP_FDMExec ptr=000001B8921F9690[32m [repeated 49x across cluster][0m
[36m(SingleAgentEnvRunner pid=52932)[0m [JSB][Init] before Init_FDM ptr=000001B8921F9690[32m [repeated 49x across cluster][0m
[36m(SingleAgentEnvRunner pid=61016)[0m [JSB][Init] after Init_FDM ptr=0000022611C56B80[32m [repeated 48x across cluster][0m
[36m(SingleAgentEnvRunner pid=61016)[0m [JSB][Init] before Exec_FDM ptr=0000022611C56B80[32m [repeated 48x across cluster][0m
[36m(SingleAgentEnvRunner pid=61016)[0m [JSB][Init] after Exec_FDM ptr=0000022611C56B80[32m [repeated 48x across cluster][0m
[36m(SingleAgentEnvRunner pid=61016)[0m [JSB][Init] before InsertFighter BattleSpace=1 ptr=0000022611C56B80[32m [repeated 48x across cluster][0m
[36m(SingleAgentEnvRunner pid=61016)[0m [JSB][Init] after InsertFighter FighterID=2[32m [repeated 48x across cluster][0m
stage=35 | iter_in_stage=9 | total_iter=9 | reward_mean=775.90 | win_rate=0.436 | draw_rate=0.252 | crash_rate=0.036 | ep_wez_steps=20.9 | episodes_this_iter=29 | entropy=-3.560 | vf_loss=132.640
[36m(SingleAgentEnvRunner pid=61920)[0m runner:13/env:0	num_steps=[189] | total rewards=[1348.2421] | termination= [target destroyed]
[36m(SingleAgentEnvRunner pid=58040)[0m [JSB][Reset] enter BattleSpace=1[32m [repeated 6x across cluster][0m
[36m(SingleAgentEnvRunner pid=58040)[0m [JSB][Reset] after lock found=1 size=1[32m [repeated 6x across cluster][0m
[36m(SingleAgentEnvRunner pid=58040)[0m [JSB][Reset] fighter_count_after=0[32m [repeated 12x across cluster][0m
[36m(SingleAgentEnvRunner pid=58040)[0m total: 2[32m [repeated 6x across cluster][0m
[36m(SingleAgentEnvRunner pid=58040)[0m [JSB][Reset] exit after_size=1[32m [repeated 6x across cluster][0m
[36m(SingleAgentEnvRunner pid=58040)[0m runner:8/env:0	num_steps=[812] | total rewards=[231.0495] | termination= [ownship destroyed][32m [repeated 5x across cluster][0m
[36m(SingleAgentEnvRunner pid=58040)[0m [JSB][Init] enter BattleSpace=1 Type=1 ForceSide=2 Delta=0.0166667[32m [repeated 13x across cluster][0m
[36m(SingleAgentEnvRunner pid=58040)[0m [JSB][Init] registry size=1[32m [repeated 13x across cluster][0m
[36m(SingleAgentEnvRunner pid=58040)[0m [JSB][Init] before new AIP_FDMExec[32m [repeated 13x across cluster][0m
[36m(SingleAgentEnvRunner pid=58040)[0m [JSB][Init] after new AIP_FDMExec ptr=0000023211B37060[32m [repeated 13x across cluster][0m
[36m(SingleAgentEnvRunner pid=58040)[0m [JSB][Init] before Init_FDM ptr=0000023211B37060[32m [repeated 13x across cluster][0m
[36m(SingleAgentEnvRunner pid=58040)[0m [JSB][Init] after Init_FDM ptr=0000023211B34510[32m [repeated 13x across cluster][0m
[36m(SingleAgentEnvRunner pid=58040)[0m [JSB][Init] before Exec_FDM ptr=0000023211B34510[32m [repeated 13x across cluster][0m
[36m(SingleAgentEnvRunner pid=58040)[0m [JSB][Init] after Exec_FDM ptr=0000023211B34510[32m [repeated 13x across cluster][0m
[36m(SingleAgentEnvRunner pid=58040)[0m [JSB][Init] before InsertFighter BattleSpace=1 ptr=0000023211B34510[32m [repeated 13x across cluster][0m
[36m(SingleAgentEnvRunner pid=58040)[0m [JSB][Init] after InsertFighter FighterID=1[32m [repeated 13x across cluster][0m
[36m(SingleAgentEnvRunner pid=61016)[0m runner:15/env:0	num_steps=[474] | total rewards=[1334.0924] | termination= [target destroyed]
[36m(SingleAgentEnvRunner pid=66008)[0m runner:7/env:0	num_steps=[1274] | total rewards=[109.8399] | termination= [target altitude below min]
[36m(SingleAgentEnvRunner pid=51724)[0m runner:12/env:0	num_steps=[2000] | total rewards=[247.5221] | termination= [max time out]
[36m(SingleAgentEnvRunner pid=57920)[0m [JSB][Reset] enter BattleSpace=1[32m [repeated 24x across cluster][0m
[36m(SingleAgentEnvRunner pid=57920)[0m [JSB][Reset] after lock found=1 size=1[32m [repeated 24x across cluster][0m
[36m(SingleAgentEnvRunner pid=57920)[0m [JSB][Reset] fighter_count_after=0[32m [repeated 48x across cluster][0m
[36m(SingleAgentEnvRunner pid=57920)[0m total: 2[32m [repeated 24x across cluster][0m
[36m(SingleAgentEnvRunner pid=57920)[0m [JSB][Reset] exit after_size=1[32m [repeated 24x across cluster][0m
[36m(SingleAgentEnvRunner pid=18096)[0m runner:5/env:0	num_steps=[225] | total rewards=[649.7773] | termination= [ownship destroyed][32m [repeated 15x across cluster][0m
[36m(SingleAgentEnvRunner pid=18096)[0m [JSB][Init] enter BattleSpace=1 Type=1 ForceSide=2 Delta=0.0166667[32m [repeated 48x across cluster][0m
[36m(SingleAgentEnvRunner pid=18096)[0m [JSB][Init] registry size=1[32m [repeated 48x across cluster][0m
[36m(SingleAgentEnvRunner pid=18096)[0m [JSB][Init] before new AIP_FDMExec[32m [repeated 48x across cluster][0m
[36m(SingleAgentEnvRunner pid=18096)[0m [JSB][Init] after new AIP_FDMExec ptr=000001A611E76C40[32m [repeated 48x across cluster][0m
[36m(SingleAgentEnvRunner pid=18096)[0m [JSB][Init] before Init_FDM ptr=000001A611E76C40[32m [repeated 48x across cluster][0m
[36m(SingleAgentEnvRunner pid=18096)[0m [JSB][Init] after Init_FDM ptr=000001A611E76C40[32m [repeated 49x across cluster][0m
[36m(SingleAgentEnvRunner pid=18096)[0m [JSB][Init] before Exec_FDM ptr=000001A611E76C40[32m [repeated 49x across cluster][0m
[36m(SingleAgentEnvRunner pid=18096)[0m [JSB][Init] after Exec_FDM ptr=000001A611E76C40[32m [repeated 49x across cluster][0m
[36m(SingleAgentEnvRunner pid=18096)[0m [JSB][Init] before InsertFighter BattleSpace=1 ptr=000001A611E76C40[32m [repeated 49x across cluster][0m
[36m(SingleAgentEnvRunner pid=18096)[0m [JSB][Init] after InsertFighter FighterID=2[32m [repeated 49x across cluster][0m
[36m(SingleAgentEnvRunner pid=57920)[0m runner:11/env:0	num_steps=[245] | total rewards=[1361.7427] | termination= [target destroyed][32m [repeated 6x across cluster][0m
stage=35 | iter_in_stage=10 | total_iter=10 | reward_mean=664.28 | win_rate=0.314 | draw_rate=0.269 | crash_rate=0.000 | ep_wez_steps=19.0 | episodes_this_iter=33 | entropy=-3.567 | vf_loss=131.714
[36m(SingleAgentEnvRunner pid=18096)[0m [JSB][Reset] enter BattleSpace=1[32m [repeated 7x across cluster][0m
[36m(SingleAgentEnvRunner pid=18096)[0m [JSB][Reset] after lock found=1 size=1[32m [repeated 7x across cluster][0m
[36m(SingleAgentEnvRunner pid=18096)[0m [JSB][Reset] fighter_count_after=0[32m [repeated 14x across cluster][0m
[36m(SingleAgentEnvRunner pid=18096)[0m total: 2[32m [repeated 7x across cluster][0m
[36m(SingleAgentEnvRunner pid=18096)[0m [JSB][Reset] exit after_size=1[32m [repeated 7x across cluster][0m
[36m(SingleAgentEnvRunner pid=18096)[0m runner:5/env:0	num_steps=[250] | total rewards=[654.1543] | termination= [ownship destroyed][32m [repeated 5x across cluster][0m
[36m(SingleAgentEnvRunner pid=18096)[0m [JSB][Init] enter BattleSpace=1 Type=1 ForceSide=2 Delta=0.0166667[32m [repeated 12x across cluster][0m
[36m(SingleAgentEnvRunner pid=18096)[0m [JSB][Init] registry size=1[32m [repeated 12x across cluster][0m
[36m(SingleAgentEnvRunner pid=18096)[0m [JSB][Init] before new AIP_FDMExec[32m [repeated 12x across cluster][0m
[36m(SingleAgentEnvRunner pid=18096)[0m [JSB][Init] after new AIP_FDMExec ptr=000001A60F8683C0[32m [repeated 12x across cluster][0m
[36m(SingleAgentEnvRunner pid=18096)[0m [JSB][Init] before Init_FDM ptr=000001A60F8683C0[32m [repeated 12x across cluster][0m
[36m(SingleAgentEnvRunner pid=18096)[0m [JSB][Init] after Init_FDM ptr=000001A60F8683C0[32m [repeated 12x across cluster][0m
[36m(SingleAgentEnvRunner pid=18096)[0m [JSB][Init] before Exec_FDM ptr=000001A60F8683C0[32m [repeated 12x across cluster][0m
[36m(SingleAgentEnvRunner pid=18096)[0m [JSB][Init] after Exec_FDM ptr=000001A60F8683C0[32m [repeated 12x across cluster][0m
[36m(SingleAgentEnvRunner pid=18096)[0m [JSB][Init] before InsertFighter BattleSpace=1 ptr=000001A60F8683C0[32m [repeated 12x across cluster][0m
[36m(SingleAgentEnvRunner pid=18096)[0m [JSB][Init] after InsertFighter FighterID=2[32m [repeated 12x across cluster][0m
[36m(SingleAgentEnvRunner pid=51724)[0m runner:12/env:0	num_steps=[352] | total rewards=[1313.5785] | termination= [target destroyed][32m [repeated 2x across cluster][0m
[36m(SingleAgentEnvRunner pid=18256)[0m runner:14/env:0	num_steps=[2000] | total rewards=[203.4910] | termination= [max time out]
[36m(SingleAgentEnvRunner pid=39980)[0m runner:2/env:0	num_steps=[1521] | total rewards=[-353.6239] | termination= [ownship altitude below min]
[36m(SingleAgentEnvRunner pid=61016)[0m [JSB][Reset] enter BattleSpace=1[32m [repeated 22x across cluster][0m
[36m(SingleAgentEnvRunner pid=61016)[0m [JSB][Reset] after lock found=1 size=1[32m [repeated 22x across cluster][0m
[36m(SingleAgentEnvRunner pid=61016)[0m [JSB][Reset] fighter_count_after=0[32m [repeated 44x across cluster][0m
[36m(SingleAgentEnvRunner pid=61016)[0m total: 2[32m [repeated 22x across cluster][0m
[36m(SingleAgentEnvRunner pid=61016)[0m [JSB][Reset] exit after_size=1[32m [repeated 22x across cluster][0m
[36m(SingleAgentEnvRunner pid=61016)[0m runner:15/env:0	num_steps=[168] | total rewards=[148.3823] | termination= [ownship destroyed][32m [repeated 15x across cluster][0m
[36m(SingleAgentEnvRunner pid=61016)[0m [JSB][Init] enter BattleSpace=1 Type=1 ForceSide=2 Delta=0.0166667[32m [repeated 46x across cluster][0m
[36m(SingleAgentEnvRunner pid=61016)[0m [JSB][Init] registry size=1[32m [repeated 46x across cluster][0m
[36m(SingleAgentEnvRunner pid=61016)[0m [JSB][Init] before new AIP_FDMExec[32m [repeated 46x across cluster][0m
[36m(SingleAgentEnvRunner pid=61016)[0m [JSB][Init] after new AIP_FDMExec ptr=00000226120B6140[32m [repeated 46x across cluster][0m
[36m(SingleAgentEnvRunner pid=61016)[0m [JSB][Init] before Init_FDM ptr=00000226120B6140[32m [repeated 46x across cluster][0m
[36m(SingleAgentEnvRunner pid=61016)[0m [JSB][Init] after Init_FDM ptr=00000226120B4EB0[32m [repeated 45x across cluster][0m
[36m(SingleAgentEnvRunner pid=61016)[0m [JSB][Init] before Exec_FDM ptr=00000226120B4EB0[32m [repeated 45x across cluster][0m
[36m(SingleAgentEnvRunner pid=61016)[0m [JSB][Init] after Exec_FDM ptr=00000226120B4EB0[32m [repeated 45x across cluster][0m
[36m(SingleAgentEnvRunner pid=61016)[0m [JSB][Init] before InsertFighter BattleSpace=1 ptr=00000226120B4EB0[32m [repeated 45x across cluster][0m
[36m(SingleAgentEnvRunner pid=61016)[0m [JSB][Init] after InsertFighter FighterID=1[32m [repeated 45x across cluster][0m
[36m(SingleAgentEnvRunner pid=61016)[0m runner:15/env:0	num_steps=[239] | total rewards=[1371.0381] | termination= [target destroyed][32m [repeated 4x across cluster][0m
[36m(SingleAgentEnvRunner pid=57920)[0m runner:11/env:0	num_steps=[1286] | total rewards=[78.7901] | termination= [target altitude below min]
stage=35 | iter_in_stage=11 | total_iter=11 | reward_mean=518.25 | win_rate=0.203 | draw_rate=0.214 | crash_rate=0.031 | ep_wez_steps=15.8 | episodes_this_iter=29 | entropy=-3.568 | vf_loss=95.147
[36m(SingleAgentEnvRunner pid=36412)[0m runner:6/env:0	num_steps=[2000] | total rewards=[699.9759] | termination= [max time out]
[36m(SingleAgentEnvRunner pid=47444)[0m [JSB][Reset] enter BattleSpace=1[32m [repeated 9x across cluster][0m
[36m(SingleAgentEnvRunner pid=47444)[0m [JSB][Reset] after lock found=1 size=1[32m [repeated 9x across cluster][0m
[36m(SingleAgentEnvRunner pid=47444)[0m [JSB][Reset] fighter_count_after=0[32m [repeated 18x across cluster][0m
[36m(SingleAgentEnvRunner pid=47444)[0m total: 2[32m [repeated 9x across cluster][0m
[36m(SingleAgentEnvRunner pid=47444)[0m [JSB][Reset] exit after_size=1[32m [repeated 9x across cluster][0m
[36m(SingleAgentEnvRunner pid=47444)[0m runner:4/env:0	num_steps=[227] | total rewards=[617.3328] | termination= [ownship destroyed][32m [repeated 7x across cluster][0m
[36m(SingleAgentEnvRunner pid=47444)[0m [JSB][Init] enter BattleSpace=1 Type=1 ForceSide=2 Delta=0.0166667[32m [repeated 18x across cluster][0m
[36m(SingleAgentEnvRunner pid=47444)[0m [JSB][Init] registry size=1[32m [repeated 18x across cluster][0m
[36m(SingleAgentEnvRunner pid=47444)[0m [JSB][Init] before new AIP_FDMExec[32m [repeated 18x across cluster][0m
[36m(SingleAgentEnvRunner pid=47444)[0m [JSB][Init] after new AIP_FDMExec ptr=0000024511F12340[32m [repeated 18x across cluster][0m
[36m(SingleAgentEnvRunner pid=47444)[0m [JSB][Init] before Init_FDM ptr=0000024511F12340[32m [repeated 18x across cluster][0m
[36m(SingleAgentEnvRunner pid=47444)[0m [JSB][Init] after Init_FDM ptr=0000024511F0F3D0[32m [repeated 18x across cluster][0m
[36m(SingleAgentEnvRunner pid=47444)[0m [JSB][Init] before Exec_FDM ptr=0000024511F0F3D0[32m [repeated 18x across cluster][0m
[36m(SingleAgentEnvRunner pid=47444)[0m [JSB][Init] after Exec_FDM ptr=0000024511F0F3D0[32m [repeated 18x across cluster][0m
[36m(SingleAgentEnvRunner pid=47444)[0m [JSB][Init] before InsertFighter BattleSpace=1 ptr=0000024511F0F3D0[32m [repeated 18x across cluster][0m
[36m(SingleAgentEnvRunner pid=47444)[0m [JSB][Init] after InsertFighter FighterID=1[32m [repeated 18x across cluster][0m
[36m(SingleAgentEnvRunner pid=59532)[0m runner:3/env:0	num_steps=[245] | total rewards=[1388.5834] | termination= [target destroyed]
[36m(SingleAgentEnvRunner pid=18096)[0m runner:5/env:0	num_steps=[1032] | total rewards=[-712.9642] | termination= [ownship altitude below min]
[36m(SingleAgentEnvRunner pid=39980)[0m runner:2/env:0	num_steps=[476] | total rewards=[1283.2851] | termination= [target destroyed]
[36m(SingleAgentEnvRunner pid=61016)[0m [JSB][Reset] enter BattleSpace=1[32m [repeated 25x across cluster][0m
[36m(SingleAgentEnvRunner pid=61016)[0m [JSB][Reset] after lock found=1 size=1[32m [repeated 25x across cluster][0m
[36m(SingleAgentEnvRunner pid=61016)[0m [JSB][Reset] fighter_count_after=0[32m [repeated 50x across cluster][0m
[36m(SingleAgentEnvRunner pid=61016)[0m total: 2[32m [repeated 25x across cluster][0m
[36m(SingleAgentEnvRunner pid=61016)[0m [JSB][Reset] exit after_size=1[32m [repeated 25x across cluster][0m
[36m(SingleAgentEnvRunner pid=61016)[0m runner:15/env:0	num_steps=[262] | total rewards=[562.4852] | termination= [ownship destroyed][32m [repeated 16x across cluster][0m
[36m(SingleAgentEnvRunner pid=61920)[0m [JSB][Init] enter BattleSpace=1 Type=1 ForceSide=2 Delta=0.0166667[32m [repeated 50x across cluster][0m
[36m(SingleAgentEnvRunner pid=61920)[0m [JSB][Init] registry size=1[32m [repeated 50x across cluster][0m
[36m(SingleAgentEnvRunner pid=61920)[0m [JSB][Init] before new AIP_FDMExec[32m [repeated 50x across cluster][0m
[36m(SingleAgentEnvRunner pid=61920)[0m [JSB][Init] after new AIP_FDMExec ptr=0000014B92434100[32m [repeated 50x across cluster][0m
[36m(SingleAgentEnvRunner pid=61920)[0m [JSB][Init] before Init_FDM ptr=0000014B92434100[32m [repeated 50x across cluster][0m
[36m(SingleAgentEnvRunner pid=61920)[0m [JSB][Init] after Init_FDM ptr=0000014B92434100[32m [repeated 51x across cluster][0m
[36m(SingleAgentEnvRunner pid=61920)[0m [JSB][Init] before Exec_FDM ptr=0000014B92434100[32m [repeated 51x across cluster][0m
[36m(SingleAgentEnvRunner pid=61920)[0m [JSB][Init] after Exec_FDM ptr=0000014B92434100[32m [repeated 51x across cluster][0m
[36m(SingleAgentEnvRunner pid=61920)[0m [JSB][Init] before InsertFighter BattleSpace=1 ptr=0000014B92434100[32m [repeated 51x across cluster][0m
[36m(SingleAgentEnvRunner pid=61920)[0m [JSB][Init] after InsertFighter FighterID=2[32m [repeated 51x across cluster][0m
[36m(SingleAgentEnvRunner pid=51724)[0m runner:12/env:0	num_steps=[868] | total rewards=[-777.3024] | termination= [ownship altitude below min][32m [repeated 2x across cluster][0m
[36m(SingleAgentEnvRunner pid=18256)[0m runner:14/env:0	num_steps=[218] | total rewards=[1392.8082] | termination= [target destroyed][32m [repeated 8x across cluster][0m
stage=35 | iter_in_stage=12 | total_iter=12 | reward_mean=468.35 | win_rate=0.247 | draw_rate=0.218 | crash_rate=0.167 | ep_wez_steps=17.7 | episodes_this_iter=36 | entropy=-3.564 | vf_loss=202.022
[36m(SingleAgentEnvRunner pid=57920)[0m [JSB][Reset] enter BattleSpace=1[32m [repeated 10x across cluster][0m
[36m(SingleAgentEnvRunner pid=57920)[0m [JSB][Reset] after lock found=1 size=1[32m [repeated 10x across cluster][0m
[36m(SingleAgentEnvRunner pid=57920)[0m [JSB][Reset] fighter_count_after=0[32m [repeated 20x across cluster][0m
[36m(SingleAgentEnvRunner pid=57920)[0m total: 2[32m [repeated 10x across cluster][0m
[36m(SingleAgentEnvRunner pid=57920)[0m [JSB][Reset] exit after_size=1[32m [repeated 10x across cluster][0m
[36m(SingleAgentEnvRunner pid=57920)[0m runner:11/env:0	num_steps=[873] | total rewards=[166.7866] | termination= [ownship destroyed][32m [repeated 6x across cluster][0m
[36m(SingleAgentEnvRunner pid=57920)[0m [JSB][Init] enter BattleSpace=1 Type=1 ForceSide=1 Delta=0.0166667[32m [repeated 19x across cluster][0m
[36m(SingleAgentEnvRunner pid=57920)[0m [JSB][Init] registry size=1[32m [repeated 19x across cluster][0m
[36m(SingleAgentEnvRunner pid=57920)[0m [JSB][Init] before new AIP_FDMExec[32m [repeated 19x across cluster][0m
[36m(SingleAgentEnvRunner pid=57920)[0m [JSB][Init] after new AIP_FDMExec ptr=00000230131C3BE0[32m [repeated 19x across cluster][0m
[36m(SingleAgentEnvRunner pid=57920)[0m [JSB][Init] before Init_FDM ptr=00000230131C3BE0[32m [repeated 19x across cluster][0m
[36m(SingleAgentEnvRunner pid=39980)[0m [JSB][Init] after Init_FDM ptr=000002591214A110[32m [repeated 18x across cluster][0m
[36m(SingleAgentEnvRunner pid=39980)[0m [JSB][Init] before Exec_FDM ptr=000002591214A110[32m [repeated 18x across cluster][0m
[36m(SingleAgentEnvRunner pid=39980)[0m [JSB][Init] after Exec_FDM ptr=000002591214A110[32m [repeated 18x across cluster][0m
[36m(SingleAgentEnvRunner pid=39980)[0m [JSB][Init] before InsertFighter BattleSpace=1 ptr=000002591214A110[32m [repeated 18x across cluster][0m
[36m(SingleAgentEnvRunner pid=39980)[0m [JSB][Init] after InsertFighter FighterID=2[32m [repeated 18x across cluster][0m
[36m(SingleAgentEnvRunner pid=61016)[0m runner:15/env:0	num_steps=[340] | total rewards=[1337.4291] | termination= [target destroyed][32m [repeated 2x across cluster][0m
[36m(SingleAgentEnvRunner pid=18096)[0m runner:5/env:0	num_steps=[1046] | total rewards=[-318.6329] | termination= [ownship altitude below min]
[36m(SingleAgentEnvRunner pid=18256)[0m [JSB][Reset] enter BattleSpace=1[32m [repeated 17x across cluster][0m
[36m(SingleAgentEnvRunner pid=18256)[0m [JSB][Reset] after lock found=1 size=1[32m [repeated 17x across cluster][0m
[36m(SingleAgentEnvRunner pid=18256)[0m [JSB][Reset] fighter_count_after=0[32m [repeated 34x across cluster][0m
[36m(SingleAgentEnvRunner pid=18256)[0m total: 2[32m [repeated 17x across cluster][0m
[36m(SingleAgentEnvRunner pid=18256)[0m [JSB][Reset] exit after_size=1[32m [repeated 17x across cluster][0m
[36m(SingleAgentEnvRunner pid=18256)[0m runner:14/env:0	num_steps=[346] | total rewards=[300.5577] | termination= [ownship destroyed][32m [repeated 11x across cluster][0m
[36m(SingleAgentEnvRunner pid=18256)[0m [JSB][Init] enter BattleSpace=1 Type=1 ForceSide=1 Delta=0.0166667[32m [repeated 34x across cluster][0m
[36m(SingleAgentEnvRunner pid=18256)[0m [JSB][Init] registry size=1[32m [repeated 34x across cluster][0m
[36m(SingleAgentEnvRunner pid=18256)[0m [JSB][Init] before new AIP_FDMExec[32m [repeated 34x across cluster][0m
[36m(SingleAgentEnvRunner pid=18256)[0m [JSB][Init] after new AIP_FDMExec ptr=000001DE91AE7F00[32m [repeated 34x across cluster][0m
[36m(SingleAgentEnvRunner pid=18256)[0m [JSB][Init] before Init_FDM ptr=000001DE91AE7F00[32m [repeated 34x across cluster][0m
[36m(SingleAgentEnvRunner pid=47444)[0m [JSB][Init] after Init_FDM ptr=0000024511D81C90[32m [repeated 34x across cluster][0m
[36m(SingleAgentEnvRunner pid=47444)[0m [JSB][Init] before Exec_FDM ptr=0000024511D81C90[32m [repeated 34x across cluster][0m
[36m(SingleAgentEnvRunner pid=47444)[0m [JSB][Init] after Exec_FDM ptr=0000024511D81C90[32m [repeated 34x across cluster][0m
[36m(SingleAgentEnvRunner pid=47444)[0m [JSB][Init] before InsertFighter BattleSpace=1 ptr=0000024511D81C90[32m [repeated 34x across cluster][0m
[36m(SingleAgentEnvRunner pid=47444)[0m [JSB][Init] after InsertFighter FighterID=2[32m [repeated 34x across cluster][0m
[36m(SingleAgentEnvRunner pid=52932)[0m runner:10/env:0	num_steps=[2000] | total rewards=[569.4911] | termination= [max time out]
[36m(SingleAgentEnvRunner pid=15664)[0m runner:16/env:0	num_steps=[271] | total rewards=[1360.3040] | termination= [target destroyed][32m [repeated 4x across cluster][0m
[36m(SingleAgentEnvRunner pid=51724)[0m runner:12/env:0	num_steps=[854] | total rewards=[-654.7913] | termination= [ownship altitude below min]
[36m(SingleAgentEnvRunner pid=51724)[0m runner:12/env:0	num_steps=[402] | total rewards=[-957.0565] | termination= [ownship altitude below min]
stage=35 | iter_in_stage=13 | total_iter=13 | reward_mean=446.65 | win_rate=0.177 | draw_rate=0.327 | crash_rate=0.182 | ep_wez_steps=17.5 | episodes_this_iter=27 | entropy=-3.557 | vf_loss=60.995
[36m(SingleAgentEnvRunner pid=52932)[0m [JSB][Reset] enter BattleSpace=1[32m [repeated 9x across cluster][0m
[36m(SingleAgentEnvRunner pid=52932)[0m [JSB][Reset] after lock found=1 size=1[32m [repeated 9x across cluster][0m
[36m(SingleAgentEnvRunner pid=52932)[0m [JSB][Reset] fighter_count_after=0[32m [repeated 18x across cluster][0m
[36m(SingleAgentEnvRunner pid=52932)[0m total: 2[32m [repeated 9x across cluster][0m
[36m(SingleAgentEnvRunner pid=52932)[0m [JSB][Reset] exit after_size=1[32m [repeated 9x across cluster][0m
[36m(SingleAgentEnvRunner pid=52932)[0m runner:10/env:0	num_steps=[195] | total rewards=[559.0517] | termination= [ownship destroyed][32m [repeated 6x across cluster][0m
[36m(SingleAgentEnvRunner pid=52932)[0m [JSB][Init] enter BattleSpace=1 Type=1 ForceSide=2 Delta=0.0166667[32m [repeated 19x across cluster][0m
[36m(SingleAgentEnvRunner pid=52932)[0m [JSB][Init] registry size=1[32m [repeated 19x across cluster][0m
[36m(SingleAgentEnvRunner pid=52932)[0m [JSB][Init] before new AIP_FDMExec[32m [repeated 19x across cluster][0m
[36m(SingleAgentEnvRunner pid=52932)[0m [JSB][Init] after new AIP_FDMExec ptr=000001B893468280[32m [repeated 19x across cluster][0m
[36m(SingleAgentEnvRunner pid=52932)[0m [JSB][Init] before Init_FDM ptr=000001B893468280[32m [repeated 19x across cluster][0m
[36m(SingleAgentEnvRunner pid=52932)[0m [JSB][Init] after Init_FDM ptr=000001B893468070[32m [repeated 19x across cluster][0m
[36m(SingleAgentEnvRunner pid=52932)[0m [JSB][Init] before Exec_FDM ptr=000001B893468070[32m [repeated 19x across cluster][0m
[36m(SingleAgentEnvRunner pid=52932)[0m [JSB][Init] after Exec_FDM ptr=000001B893468070[32m [repeated 19x across cluster][0m
[36m(SingleAgentEnvRunner pid=52932)[0m [JSB][Init] before InsertFighter BattleSpace=1 ptr=000001B893468070[32m [repeated 19x across cluster][0m
[36m(SingleAgentEnvRunner pid=52932)[0m [JSB][Init] after InsertFighter FighterID=1[32m [repeated 19x across cluster][0m
[36m(SingleAgentEnvRunner pid=57920)[0m runner:11/env:0	num_steps=[217] | total rewards=[1433.1508] | termination= [target destroyed]
[36m(SingleAgentEnvRunner pid=36412)[0m runner:6/env:0	num_steps=[2000] | total rewards=[363.4999] | termination= [max time out]
[36m(SingleAgentEnvRunner pid=47444)[0m runner:4/env:0	num_steps=[742] | total rewards=[235.2432] | termination= [target altitude below min]
[36m(SingleAgentEnvRunner pid=15664)[0m [JSB][Reset] enter BattleSpace=1[32m [repeated 20x across cluster][0m
[36m(SingleAgentEnvRunner pid=15664)[0m [JSB][Reset] after lock found=1 size=1[32m [repeated 20x across cluster][0m
[36m(SingleAgentEnvRunner pid=15664)[0m [JSB][Reset] fighter_count_after=0[32m [repeated 40x across cluster][0m
[36m(SingleAgentEnvRunner pid=15664)[0m total: 2[32m [repeated 20x across cluster][0m
[36m(SingleAgentEnvRunner pid=15664)[0m [JSB][Reset] exit after_size=1[32m [repeated 20x across cluster][0m
[36m(SingleAgentEnvRunner pid=15664)[0m runner:16/env:0	num_steps=[204] | total rewards=[599.4030] | termination= [ownship destroyed][32m [repeated 13x across cluster][0m
[36m(SingleAgentEnvRunner pid=15664)[0m [JSB][Init] enter BattleSpace=1 Type=1 ForceSide=2 Delta=0.0166667[32m [repeated 40x across cluster][0m
[36m(SingleAgentEnvRunner pid=15664)[0m [JSB][Init] registry size=1[32m [repeated 40x across cluster][0m
[36m(SingleAgentEnvRunner pid=15664)[0m [JSB][Init] before new AIP_FDMExec[32m [repeated 40x across cluster][0m
[36m(SingleAgentEnvRunner pid=15664)[0m [JSB][Init] after new AIP_FDMExec ptr=000002E49223FF40[32m [repeated 40x across cluster][0m
[36m(SingleAgentEnvRunner pid=15664)[0m [JSB][Init] before Init_FDM ptr=000002E49223FF40[32m [repeated 40x across cluster][0m
[36m(SingleAgentEnvRunner pid=15664)[0m [JSB][Init] after Init_FDM ptr=000002E49223FF40[32m [repeated 41x across cluster][0m
[36m(SingleAgentEnvRunner pid=15664)[0m [JSB][Init] before Exec_FDM ptr=000002E49223FF40[32m [repeated 41x across cluster][0m
[36m(SingleAgentEnvRunner pid=15664)[0m [JSB][Init] after Exec_FDM ptr=000002E49223FF40[32m [repeated 41x across cluster][0m
[36m(SingleAgentEnvRunner pid=15664)[0m [JSB][Init] before InsertFighter BattleSpace=1 ptr=000002E49223FF40[32m [repeated 41x across cluster][0m
[36m(SingleAgentEnvRunner pid=15664)[0m [JSB][Init] after InsertFighter FighterID=2[32m [repeated 41x across cluster][0m
[36m(SingleAgentEnvRunner pid=61920)[0m runner:13/env:0	num_steps=[780] | total rewards=[1255.3164] | termination= [target destroyed][32m [repeated 4x across cluster][0m
[36m(SingleAgentEnvRunner pid=63120)[0m runner:9/env:0	num_steps=[2000] | total rewards=[362.3292] | termination= [max time out]
[36m(SingleAgentEnvRunner pid=36412)[0m runner:6/env:0	num_steps=[728] | total rewards=[-308.1787] | termination= [ownship altitude below min]
[36m(SingleAgentEnvRunner pid=51724)[0m runner:12/env:0	num_steps=[659] | total rewards=[259.2531] | termination= [target altitude below min]
stage=35 | iter_in_stage=14 | total_iter=14 | reward_mean=632.19 | win_rate=0.256 | draw_rate=0.363 | crash_rate=0.036 | ep_wez_steps=20.0 | episodes_this_iter=30 | entropy=-3.572 | vf_loss=82.496
[36m(SingleAgentEnvRunner pid=66008)[0m runner:7/env:0	num_steps=[2000] | total rewards=[414.2380] | termination= [max time out]
[36m(SingleAgentEnvRunner pid=66008)[0m [JSB][Reset] enter BattleSpace=1[32m [repeated 10x across cluster][0m
[36m(SingleAgentEnvRunner pid=66008)[0m [JSB][Reset] after lock found=1 size=1[32m [repeated 10x across cluster][0m
[36m(SingleAgentEnvRunner pid=66008)[0m [JSB][Reset] fighter_count_after=0[32m [repeated 20x across cluster][0m
[36m(SingleAgentEnvRunner pid=66008)[0m total: 2[32m [repeated 10x across cluster][0m
[36m(SingleAgentEnvRunner pid=66008)[0m [JSB][Reset] exit after_size=1[32m [repeated 10x across cluster][0m
[36m(SingleAgentEnvRunner pid=61920)[0m runner:13/env:0	num_steps=[222] | total rewards=[617.7581] | termination= [ownship destroyed][32m [repeated 5x across cluster][0m
[36m(SingleAgentEnvRunner pid=66008)[0m [JSB][Init] enter BattleSpace=1 Type=1 ForceSide=2 Delta=0.0166667[32m [repeated 20x across cluster][0m
[36m(SingleAgentEnvRunner pid=66008)[0m [JSB][Init] registry size=1[32m [repeated 20x across cluster][0m
[36m(SingleAgentEnvRunner pid=66008)[0m [JSB][Init] before new AIP_FDMExec[32m [repeated 20x across cluster][0m
[36m(SingleAgentEnvRunner pid=66008)[0m [JSB][Init] after new AIP_FDMExec ptr=0000022891CB6060[32m [repeated 20x across cluster][0m
[36m(SingleAgentEnvRunner pid=66008)[0m [JSB][Init] before Init_FDM ptr=0000022891CB6060[32m [repeated 20x across cluster][0m
[36m(SingleAgentEnvRunner pid=66008)[0m [JSB][Init] after Init_FDM ptr=0000022891CB3720[32m [repeated 19x across cluster][0m
[36m(SingleAgentEnvRunner pid=66008)[0m [JSB][Init] before Exec_FDM ptr=0000022891CB3720[32m [repeated 19x across cluster][0m
[36m(SingleAgentEnvRunner pid=66008)[0m [JSB][Init] after Exec_FDM ptr=0000022891CB3720[32m [repeated 19x across cluster][0m
[36m(SingleAgentEnvRunner pid=66008)[0m [JSB][Init] before InsertFighter BattleSpace=1 ptr=0000022891CB3720[32m [repeated 19x across cluster][0m
[36m(SingleAgentEnvRunner pid=66008)[0m [JSB][Init] after InsertFighter FighterID=1[32m [repeated 19x across cluster][0m
[36m(SingleAgentEnvRunner pid=59532)[0m runner:3/env:0	num_steps=[702] | total rewards=[438.9159] | termination= [target altitude below min]
[36m(SingleAgentEnvRunner pid=61920)[0m runner:13/env:0	num_steps=[244] | total rewards=[1277.1933] | termination= [target destroyed][32m [repeated 3x across cluster][0m
[36m(SingleAgentEnvRunner pid=47444)[0m runner:4/env:0	num_steps=[1095] | total rewards=[-683.1738] | termination= [ownship altitude below min]
[36m(SingleAgentEnvRunner pid=39980)[0m runner:2/env:0	num_steps=[2000] | total rewards=[654.3968] | termination= [max time out]
[36m(SingleAgentEnvRunner pid=18096)[0m [JSB][Reset] enter BattleSpace=1[32m [repeated 16x across cluster][0m
[36m(SingleAgentEnvRunner pid=18096)[0m [JSB][Reset] after lock found=1 size=1[32m [repeated 16x across cluster][0m
[36m(SingleAgentEnvRunner pid=18096)[0m [JSB][Reset] fighter_count_after=0[32m [repeated 32x across cluster][0m
[36m(SingleAgentEnvRunner pid=18096)[0m total: 2[32m [repeated 16x across cluster][0m
[36m(SingleAgentEnvRunner pid=18096)[0m [JSB][Reset] exit after_size=1[32m [repeated 16x across cluster][0m
[36m(SingleAgentEnvRunner pid=18096)[0m runner:5/env:0	num_steps=[610] | total rewards=[88.5253] | termination= [ownship destroyed][32m [repeated 8x across cluster][0m
[36m(SingleAgentEnvRunner pid=18096)[0m [JSB][Init] enter BattleSpace=1 Type=1 ForceSide=2 Delta=0.0166667[32m [repeated 32x across cluster][0m
[36m(SingleAgentEnvRunner pid=18096)[0m [JSB][Init] registry size=1[32m [repeated 32x across cluster][0m
[36m(SingleAgentEnvRunner pid=18096)[0m [JSB][Init] before new AIP_FDMExec[32m [repeated 32x across cluster][0m
[36m(SingleAgentEnvRunner pid=18096)[0m [JSB][Init] after new AIP_FDMExec ptr=000001A611BF5940[32m [repeated 32x across cluster][0m
[36m(SingleAgentEnvRunner pid=18096)[0m [JSB][Init] before Init_FDM ptr=000001A611BF5940[32m [repeated 32x across cluster][0m
[36m(SingleAgentEnvRunner pid=18096)[0m [JSB][Init] after Init_FDM ptr=000001A611BF5940[32m [repeated 33x across cluster][0m
[36m(SingleAgentEnvRunner pid=18096)[0m [JSB][Init] before Exec_FDM ptr=000001A611BF5940[32m [repeated 33x across cluster][0m
[36m(SingleAgentEnvRunner pid=18096)[0m [JSB][Init] after Exec_FDM ptr=000001A611BF5940[32m [repeated 33x across cluster][0m
[36m(SingleAgentEnvRunner pid=18096)[0m [JSB][Init] before InsertFighter BattleSpace=1 ptr=000001A611BF5940[32m [repeated 33x across cluster][0m
[36m(SingleAgentEnvRunner pid=18096)[0m [JSB][Init] after InsertFighter FighterID=2[32m [repeated 33x across cluster][0m
[36m(SingleAgentEnvRunner pid=61544)[0m runner:1/env:0	num_steps=[1015] | total rewards=[554.9158] | termination= [target altitude below min]
[36m(SingleAgentEnvRunner pid=18256)[0m runner:14/env:0	num_steps=[562] | total rewards=[1458.4357] | termination= [target destroyed][32m [repeated 3x across cluster][0m
stage=35 | iter_in_stage=15 | total_iter=15 | reward_mean=567.14 | win_rate=0.288 | draw_rate=0.244 | crash_rate=0.038 | ep_wez_steps=19.0 | episodes_this_iter=26 | entropy=-3.597 | vf_loss=124.888
[36m(SingleAgentEnvRunner pid=36412)[0m [JSB][Reset] enter BattleSpace=1[32m [repeated 10x across cluster][0m
[36m(SingleAgentEnvRunner pid=36412)[0m [JSB][Reset] after lock found=1 size=1[32m [repeated 10x across cluster][0m
[36m(SingleAgentEnvRunner pid=36412)[0m [JSB][Reset] fighter_count_after=0[32m [repeated 20x across cluster][0m
[36m(SingleAgentEnvRunner pid=36412)[0m total: 2[32m [repeated 10x across cluster][0m
[36m(SingleAgentEnvRunner pid=36412)[0m [JSB][Reset] exit after_size=1[32m [repeated 10x across cluster][0m
[36m(SingleAgentEnvRunner pid=36412)[0m runner:6/env:0	num_steps=[228] | total rewards=[645.0528] | termination= [ownship destroyed][32m [repeated 8x across cluster][0m
[36m(SingleAgentEnvRunner pid=36412)[0m [JSB][Init] enter BattleSpace=1 Type=1 ForceSide=1 Delta=0.0166667[32m [repeated 19x across cluster][0m
[36m(SingleAgentEnvRunner pid=36412)[0m [JSB][Init] registry size=1[32m [repeated 19x across cluster][0m
[36m(SingleAgentEnvRunner pid=36412)[0m [JSB][Init] before new AIP_FDMExec[32m [repeated 19x across cluster][0m
[36m(SingleAgentEnvRunner pid=36412)[0m [JSB][Init] after new AIP_FDMExec ptr=0000023033ACA020[32m [repeated 19x across cluster][0m
[36m(SingleAgentEnvRunner pid=36412)[0m [JSB][Init] before Init_FDM ptr=0000023033ACA020[32m [repeated 19x across cluster][0m
[36m(SingleAgentEnvRunner pid=66008)[0m [JSB][Init] after Init_FDM ptr=0000022891CB3B40[32m [repeated 18x across cluster][0m
[36m(SingleAgentEnvRunner pid=66008)[0m [JSB][Init] before Exec_FDM ptr=0000022891CB3B40[32m [repeated 18x across cluster][0m
[36m(SingleAgentEnvRunner pid=66008)[0m [JSB][Init] after Exec_FDM ptr=0000022891CB3B40[32m [repeated 18x across cluster][0m
[36m(SingleAgentEnvRunner pid=66008)[0m [JSB][Init] before InsertFighter BattleSpace=1 ptr=0000022891CB3B40[32m [repeated 18x across cluster][0m
[36m(SingleAgentEnvRunner pid=66008)[0m [JSB][Init] after InsertFighter FighterID=2[32m [repeated 18x across cluster][0m
[36m(SingleAgentEnvRunner pid=18256)[0m runner:14/env:0	num_steps=[217] | total rewards=[1444.9695] | termination= [target destroyed]
[36m(SingleAgentEnvRunner pid=61016)[0m runner:15/env:0	num_steps=[1392] | total rewards=[1367.2073] | termination= [target destroyed]
[36m(SingleAgentEnvRunner pid=52932)[0m runner:10/env:0	num_steps=[938] | total rewards=[-711.8751] | termination= [ownship altitude below min]
[36m(SingleAgentEnvRunner pid=15664)[0m runner:16/env:0	num_steps=[2000] | total rewards=[148.7252] | termination= [max time out]
[36m(SingleAgentEnvRunner pid=15664)[0m [JSB][Reset] enter BattleSpace=1[32m [repeated 21x across cluster][0m
[36m(SingleAgentEnvRunner pid=15664)[0m [JSB][Reset] after lock found=1 size=1[32m [repeated 21x across cluster][0m
[36m(SingleAgentEnvRunner pid=15664)[0m [JSB][Reset] fighter_count_after=0[32m [repeated 42x across cluster][0m
[36m(SingleAgentEnvRunner pid=15664)[0m total: 2[32m [repeated 21x across cluster][0m
[36m(SingleAgentEnvRunner pid=15664)[0m [JSB][Reset] exit after_size=1[32m [repeated 21x across cluster][0m
[36m(SingleAgentEnvRunner pid=61016)[0m runner:15/env:0	num_steps=[246] | total rewards=[569.7742] | termination= [ownship destroyed][32m [repeated 12x across cluster][0m
[36m(SingleAgentEnvRunner pid=15664)[0m [JSB][Init] enter BattleSpace=1 Type=1 ForceSide=1 Delta=0.0166667[32m [repeated 42x across cluster][0m
[36m(SingleAgentEnvRunner pid=15664)[0m [JSB][Init] registry size=1[32m [repeated 42x across cluster][0m
[36m(SingleAgentEnvRunner pid=15664)[0m [JSB][Init] before new AIP_FDMExec[32m [repeated 42x across cluster][0m
[36m(SingleAgentEnvRunner pid=15664)[0m [JSB][Init] after new AIP_FDMExec ptr=000002E491B9F870[32m [repeated 42x across cluster][0m
[36m(SingleAgentEnvRunner pid=15664)[0m [JSB][Init] before Init_FDM ptr=000002E491B9F870[32m [repeated 42x across cluster][0m
[36m(SingleAgentEnvRunner pid=61016)[0m [JSB][Init] after Init_FDM ptr=00000226121E08C0[32m [repeated 42x across cluster][0m
[36m(SingleAgentEnvRunner pid=61016)[0m [JSB][Init] before Exec_FDM ptr=00000226121E08C0[32m [repeated 42x across cluster][0m
[36m(SingleAgentEnvRunner pid=61016)[0m [JSB][Init] after Exec_FDM ptr=00000226121E08C0[32m [repeated 42x across cluster][0m
[36m(SingleAgentEnvRunner pid=61016)[0m [JSB][Init] before InsertFighter BattleSpace=1 ptr=00000226121E08C0[32m [repeated 42x across cluster][0m
[36m(SingleAgentEnvRunner pid=61016)[0m [JSB][Init] after InsertFighter FighterID=2[32m [repeated 42x across cluster][0m
[36m(SingleAgentEnvRunner pid=61920)[0m runner:13/env:0	num_steps=[242] | total rewards=[1382.3104] | termination= [target destroyed][32m [repeated 6x across cluster][0m
stage=35 | iter_in_stage=16 | total_iter=16 | reward_mean=638.22 | win_rate=0.268 | draw_rate=0.381 | crash_rate=0.036 | ep_wez_steps=16.9 | episodes_this_iter=29 | entropy=-3.606 | vf_loss=107.380
[36m(SingleAgentEnvRunner pid=18256)[0m [JSB][Reset] enter BattleSpace=1[32m [repeated 9x across cluster][0m
[36m(SingleAgentEnvRunner pid=18256)[0m [JSB][Reset] after lock found=1 size=1[32m [repeated 9x across cluster][0m
[36m(SingleAgentEnvRunner pid=18256)[0m [JSB][Reset] fighter_count_after=0[32m [repeated 18x across cluster][0m
[36m(SingleAgentEnvRunner pid=18256)[0m total: 2[32m [repeated 9x across cluster][0m
[36m(SingleAgentEnvRunner pid=18256)[0m [JSB][Reset] exit after_size=1[32m [repeated 9x across cluster][0m
[36m(SingleAgentEnvRunner pid=18256)[0m runner:14/env:0	num_steps=[913] | total rewards=[105.6304] | termination= [ownship destroyed][32m [repeated 7x across cluster][0m
[36m(SingleAgentEnvRunner pid=18256)[0m [JSB][Init] enter BattleSpace=1 Type=1 ForceSide=1 Delta=0.0166667[32m [repeated 18x across cluster][0m
[36m(SingleAgentEnvRunner pid=18256)[0m [JSB][Init] registry size=1[32m [repeated 18x across cluster][0m
[36m(SingleAgentEnvRunner pid=18256)[0m [JSB][Init] before new AIP_FDMExec[32m [repeated 18x across cluster][0m
[36m(SingleAgentEnvRunner pid=18256)[0m [JSB][Init] after new AIP_FDMExec ptr=000001DE921E6150[32m [repeated 18x across cluster][0m
[36m(SingleAgentEnvRunner pid=18256)[0m [JSB][Init] before Init_FDM ptr=000001DE921E6150[32m [repeated 18x across cluster][0m
[36m(SingleAgentEnvRunner pid=61016)[0m [JSB][Init] after Init_FDM ptr=00000226121DF840[32m [repeated 18x across cluster][0m
[36m(SingleAgentEnvRunner pid=61016)[0m [JSB][Init] before Exec_FDM ptr=00000226121DF840[32m [repeated 18x across cluster][0m
[36m(SingleAgentEnvRunner pid=61016)[0m [JSB][Init] after Exec_FDM ptr=00000226121DF840[32m [repeated 18x across cluster][0m
[36m(SingleAgentEnvRunner pid=61016)[0m [JSB][Init] before InsertFighter BattleSpace=1 ptr=00000226121DF840[32m [repeated 18x across cluster][0m
[36m(SingleAgentEnvRunner pid=61016)[0m [JSB][Init] after InsertFighter FighterID=2[32m [repeated 18x across cluster][0m
[36m(SingleAgentEnvRunner pid=61016)[0m runner:15/env:0	num_steps=[344] | total rewards=[1359.7145] | termination= [target destroyed][32m [repeated 2x across cluster][0m
[36m(SingleAgentEnvRunner pid=59532)[0m runner:3/env:0	num_steps=[2000] | total rewards=[794.8723] | termination= [max time out]
[36m(SingleAgentEnvRunner pid=57920)[0m runner:11/env:0	num_steps=[1241] | total rewards=[-592.9114] | termination= [ownship altitude below min]
[36m(SingleAgentEnvRunner pid=59532)[0m [JSB][Reset] enter BattleSpace=1[32m [repeated 18x across cluster][0m
[36m(SingleAgentEnvRunner pid=59532)[0m [JSB][Reset] after lock found=1 size=1[32m [repeated 18x across cluster][0m
[36m(SingleAgentEnvRunner pid=59532)[0m [JSB][Reset] FighterPtr=0000021A2E2CD310 fighter_count_before=2[32m [repeated 35x across cluster][0m
[36m(SingleAgentEnvRunner pid=59532)[0m total: 2[32m [repeated 18x across cluster][0m
[36m(SingleAgentEnvRunner pid=61544)[0m [JSB][Reset] exit after_size=1[32m [repeated 17x across cluster][0m
[36m(SingleAgentEnvRunner pid=61544)[0m runner:1/env:0	num_steps=[240] | total rewards=[613.9779] | termination= [ownship destroyed][32m [repeated 9x across cluster][0m
[36m(SingleAgentEnvRunner pid=61544)[0m [JSB][Init] enter BattleSpace=1 Type=1 ForceSide=2 Delta=0.0166667[32m [repeated 35x across cluster][0m
[36m(SingleAgentEnvRunner pid=61544)[0m [JSB][Init] registry size=1[32m [repeated 35x across cluster][0m
[36m(SingleAgentEnvRunner pid=61544)[0m [JSB][Init] before new AIP_FDMExec[32m [repeated 35x across cluster][0m
[36m(SingleAgentEnvRunner pid=61544)[0m [JSB][Init] after new AIP_FDMExec ptr=000001E411D48920[32m [repeated 35x across cluster][0m
[36m(SingleAgentEnvRunner pid=61544)[0m [JSB][Init] before Init_FDM ptr=000001E411D48920[32m [repeated 35x across cluster][0m
[36m(SingleAgentEnvRunner pid=61544)[0m [JSB][Init] after Init_FDM ptr=000001E411D47480[32m [repeated 35x across cluster][0m
[36m(SingleAgentEnvRunner pid=61544)[0m [JSB][Init] before Exec_FDM ptr=000001E411D47480[32m [repeated 35x across cluster][0m
[36m(SingleAgentEnvRunner pid=61544)[0m [JSB][Init] after Exec_FDM ptr=000001E411D47480[32m [repeated 35x across cluster][0m
[36m(SingleAgentEnvRunner pid=61544)[0m [JSB][Init] before InsertFighter BattleSpace=1 ptr=000001E411D47480[32m [repeated 35x across cluster][0m
[36m(SingleAgentEnvRunner pid=61544)[0m [JSB][Init] after InsertFighter FighterID=1[32m [repeated 35x across cluster][0m
[36m(SingleAgentEnvRunner pid=59532)[0m runner:3/env:0	num_steps=[215] | total rewards=[1425.7094] | termination= [target destroyed][32m [repeated 7x across cluster][0m
stage=35 | iter_in_stage=17 | total_iter=17 | reward_mean=789.87 | win_rate=0.516 | draw_rate=0.066 | crash_rate=0.067 | ep_wez_steps=21.4 | episodes_this_iter=28 | entropy=-3.612 | vf_loss=206.146
[36m(SingleAgentEnvRunner pid=18096)[0m [JSB][Reset] enter BattleSpace=1[32m [repeated 9x across cluster][0m
[36m(SingleAgentEnvRunner pid=18096)[0m [JSB][Reset] after lock found=1 size=1[32m [repeated 9x across cluster][0m
[36m(SingleAgentEnvRunner pid=18096)[0m [JSB][Reset] fighter_count_after=0[32m [repeated 19x across cluster][0m
[36m(SingleAgentEnvRunner pid=18096)[0m total: 2[32m [repeated 9x across cluster][0m
[36m(SingleAgentEnvRunner pid=18096)[0m [JSB][Reset] exit after_size=1[32m [repeated 10x across cluster][0m
[36m(SingleAgentEnvRunner pid=18096)[0m runner:5/env:0	num_steps=[608] | total rewards=[95.5768] | termination= [ownship destroyed][32m [repeated 5x across cluster][0m
[36m(SingleAgentEnvRunner pid=18096)[0m [JSB][Init] enter BattleSpace=1 Type=1 ForceSide=1 Delta=0.0166667[32m [repeated 19x across cluster][0m
[36m(SingleAgentEnvRunner pid=18096)[0m [JSB][Init] registry size=1[32m [repeated 19x across cluster][0m
[36m(SingleAgentEnvRunner pid=18096)[0m [JSB][Init] before new AIP_FDMExec[32m [repeated 19x across cluster][0m
[36m(SingleAgentEnvRunner pid=18096)[0m [JSB][Init] after new AIP_FDMExec ptr=000001A611BF69C0[32m [repeated 19x across cluster][0m
[36m(SingleAgentEnvRunner pid=18096)[0m [JSB][Init] before Init_FDM ptr=000001A611BF69C0[32m [repeated 19x across cluster][0m
[36m(SingleAgentEnvRunner pid=59532)[0m [JSB][Init] after Init_FDM ptr=0000021A3392D420[32m [repeated 19x across cluster][0m
[36m(SingleAgentEnvRunner pid=59532)[0m [JSB][Init] before Exec_FDM ptr=0000021A3392D420[32m [repeated 19x across cluster][0m
[36m(SingleAgentEnvRunner pid=59532)[0m [JSB][Init] after Exec_FDM ptr=0000021A3392D420[32m [repeated 19x across cluster][0m
[36m(SingleAgentEnvRunner pid=59532)[0m [JSB][Init] before InsertFighter BattleSpace=1 ptr=0000021A3392D420[32m [repeated 19x across cluster][0m
[36m(SingleAgentEnvRunner pid=59532)[0m [JSB][Init] after InsertFighter FighterID=2[32m [repeated 19x across cluster][0m
[36m(SingleAgentEnvRunner pid=39980)[0m runner:2/env:0	num_steps=[1767] | total rewards=[1498.5496] | termination= [target destroyed][32m [repeated 4x across cluster][0m
[36m(SingleAgentEnvRunner pid=57920)[0m [JSB][Reset] enter BattleSpace=1[32m [repeated 24x across cluster][0m
[36m(SingleAgentEnvRunner pid=57920)[0m [JSB][Reset] after lock found=1 size=1[32m [repeated 24x across cluster][0m
[36m(SingleAgentEnvRunner pid=57920)[0m [JSB][Reset] fighter_count_after=0[32m [repeated 48x across cluster][0m
[36m(SingleAgentEnvRunner pid=57920)[0m total: 2[32m [repeated 24x across cluster][0m
[36m(SingleAgentEnvRunner pid=57920)[0m [JSB][Reset] exit after_size=1[32m [repeated 24x across cluster][0m
[36m(SingleAgentEnvRunner pid=57920)[0m runner:11/env:0	num_steps=[196] | total rewards=[450.8960] | termination= [ownship destroyed][32m [repeated 19x across cluster][0m
[36m(SingleAgentEnvRunner pid=61544)[0m [JSB][Init] enter BattleSpace=1 Type=1 ForceSide=2 Delta=0.0166667[32m [repeated 47x across cluster][0m
[36m(SingleAgentEnvRunner pid=61544)[0m [JSB][Init] registry size=1[32m [repeated 47x across cluster][0m
[36m(SingleAgentEnvRunner pid=61544)[0m [JSB][Init] before new AIP_FDMExec[32m [repeated 47x across cluster][0m
[36m(SingleAgentEnvRunner pid=61544)[0m [JSB][Init] after new AIP_FDMExec ptr=000001E411D63200[32m [repeated 47x across cluster][0m
[36m(SingleAgentEnvRunner pid=61544)[0m [JSB][Init] before Init_FDM ptr=000001E411D63200[32m [repeated 47x across cluster][0m
[36m(SingleAgentEnvRunner pid=61544)[0m [JSB][Init] after Init_FDM ptr=000001E411D63410[32m [repeated 46x across cluster][0m
[36m(SingleAgentEnvRunner pid=61544)[0m [JSB][Init] before Exec_FDM ptr=000001E411D63410[32m [repeated 46x across cluster][0m
[36m(SingleAgentEnvRunner pid=61544)[0m [JSB][Init] after Exec_FDM ptr=000001E411D63410[32m [repeated 46x across cluster][0m
[36m(SingleAgentEnvRunner pid=61544)[0m [JSB][Init] before InsertFighter BattleSpace=1 ptr=000001E411D63410[32m [repeated 46x across cluster][0m
[36m(SingleAgentEnvRunner pid=61544)[0m [JSB][Init] after InsertFighter FighterID=1[32m [repeated 46x across cluster][0m
[36m(SingleAgentEnvRunner pid=58040)[0m runner:8/env:0	num_steps=[243] | total rewards=[1381.1863] | termination= [target destroyed][32m [repeated 5x across cluster][0m
[36m(SingleAgentEnvRunner pid=61016)[0m runner:15/env:0	num_steps=[2000] | total rewards=[268.2121] | termination= [max time out]
stage=35 | iter_in_stage=18 | total_iter=18 | reward_mean=585.28 | win_rate=0.167 | draw_rate=0.344 | crash_rate=0.000 | ep_wez_steps=17.7 | episodes_this_iter=38 | entropy=-3.601 | vf_loss=140.935
[36m(SingleAgentEnvRunner pid=52932)[0m [JSB][Reset] enter BattleSpace=1[32m [repeated 14x across cluster][0m
[36m(SingleAgentEnvRunner pid=52932)[0m [JSB][Reset] after lock found=1 size=1[32m [repeated 14x across cluster][0m
[36m(SingleAgentEnvRunner pid=52932)[0m [JSB][Reset] fighter_count_after=0[32m [repeated 28x across cluster][0m
[36m(SingleAgentEnvRunner pid=52932)[0m total: 2[32m [repeated 14x across cluster][0m
[36m(SingleAgentEnvRunner pid=52932)[0m [JSB][Reset] exit after_size=1[32m [repeated 14x across cluster][0m
[36m(SingleAgentEnvRunner pid=52932)[0m runner:10/env:0	num_steps=[225] | total rewards=[563.6457] | termination= [ownship destroyed][32m [repeated 11x across cluster][0m
[36m(SingleAgentEnvRunner pid=52932)[0m [JSB][Init] enter BattleSpace=1 Type=1 ForceSide=1 Delta=0.0166667[32m [repeated 29x across cluster][0m
[36m(SingleAgentEnvRunner pid=52932)[0m [JSB][Init] registry size=1[32m [repeated 29x across cluster][0m
[36m(SingleAgentEnvRunner pid=52932)[0m [JSB][Init] before new AIP_FDMExec[32m [repeated 29x across cluster][0m
[36m(SingleAgentEnvRunner pid=52932)[0m [JSB][Init] after new AIP_FDMExec ptr=000001B893465F70[32m [repeated 29x across cluster][0m
[36m(SingleAgentEnvRunner pid=52932)[0m [JSB][Init] before Init_FDM ptr=000001B893465F70[32m [repeated 29x across cluster][0m
[36m(SingleAgentEnvRunner pid=63120)[0m [JSB][Init] after Init_FDM ptr=0000017C11646C00[32m [repeated 30x across cluster][0m
[36m(SingleAgentEnvRunner pid=63120)[0m [JSB][Init] before Exec_FDM ptr=0000017C11646C00[32m [repeated 30x across cluster][0m
[36m(SingleAgentEnvRunner pid=63120)[0m [JSB][Init] after Exec_FDM ptr=0000017C11646C00[32m [repeated 30x across cluster][0m
[36m(SingleAgentEnvRunner pid=63120)[0m [JSB][Init] before InsertFighter BattleSpace=1 ptr=0000017C11646C00[32m [repeated 30x across cluster][0m
[36m(SingleAgentEnvRunner pid=63120)[0m [JSB][Init] after InsertFighter FighterID=2[32m [repeated 30x across cluster][0m
[36m(SingleAgentEnvRunner pid=61920)[0m runner:13/env:0	num_steps=[277] | total rewards=[1361.5013] | termination= [target destroyed][32m [repeated 2x across cluster][0m
[36m(SingleAgentEnvRunner pid=47444)[0m runner:4/env:0	num_steps=[418] | total rewards=[-741.8208] | termination= [ownship altitude below min]
[36m(SingleAgentEnvRunner pid=36412)[0m runner:6/env:0	num_steps=[822] | total rewards=[498.6614] | termination= [target altitude below min]
[36m(SingleAgentEnvRunner pid=57920)[0m [JSB][Reset] enter BattleSpace=1[32m [repeated 24x across cluster][0m
[36m(SingleAgentEnvRunner pid=57920)[0m [JSB][Reset] after lock found=1 size=1[32m [repeated 24x across cluster][0m
[36m(SingleAgentEnvRunner pid=57920)[0m [JSB][Reset] fighter_count_after=0[32m [repeated 48x across cluster][0m
[36m(SingleAgentEnvRunner pid=57920)[0m total: 2[32m [repeated 24x across cluster][0m
[36m(SingleAgentEnvRunner pid=57920)[0m [JSB][Reset] exit after_size=1[32m [repeated 24x across cluster][0m
[36m(SingleAgentEnvRunner pid=15664)[0m runner:16/env:0	num_steps=[215] | total rewards=[603.4784] | termination= [ownship destroyed][32m [repeated 18x across cluster][0m
[36m(SingleAgentEnvRunner pid=57920)[0m [JSB][Init] enter BattleSpace=1 Type=1 ForceSide=2 Delta=0.0166667[32m [repeated 49x across cluster][0m
[36m(SingleAgentEnvRunner pid=57920)[0m [JSB][Init] registry size=1[32m [repeated 49x across cluster][0m
[36m(SingleAgentEnvRunner pid=57920)[0m [JSB][Init] before new AIP_FDMExec[32m [repeated 49x across cluster][0m
[36m(SingleAgentEnvRunner pid=57920)[0m [JSB][Init] after new AIP_FDMExec ptr=0000023011D15D30[32m [repeated 49x across cluster][0m
[36m(SingleAgentEnvRunner pid=57920)[0m [JSB][Init] before Init_FDM ptr=0000023011D15D30[32m [repeated 49x across cluster][0m
[36m(SingleAgentEnvRunner pid=57920)[0m [JSB][Init] after Init_FDM ptr=0000023011D15D30[32m [repeated 50x across cluster][0m
[36m(SingleAgentEnvRunner pid=57920)[0m [JSB][Init] before Exec_FDM ptr=0000023011D15D30[32m [repeated 50x across cluster][0m
[36m(SingleAgentEnvRunner pid=57920)[0m [JSB][Init] after Exec_FDM ptr=0000023011D15D30[32m [repeated 50x across cluster][0m
[36m(SingleAgentEnvRunner pid=57920)[0m [JSB][Init] before InsertFighter BattleSpace=1 ptr=0000023011D15D30[32m [repeated 50x across cluster][0m
[36m(SingleAgentEnvRunner pid=57920)[0m [JSB][Init] after InsertFighter FighterID=2[32m [repeated 50x across cluster][0m
[36m(SingleAgentEnvRunner pid=57920)[0m runner:11/env:0	num_steps=[342] | total rewards=[1281.2208] | termination= [target destroyed][32m [repeated 4x across cluster][0m
  [Checkpoint] Saved iter 20 -> C:\topgunfinal\Update\강화학습환경\artifacts\curriculum\AeroFlyer\final_sp2\stage_35_selfplay_final\checkpoints\iter_0020
stage=35 | iter_in_stage=19 | total_iter=19 | reward_mean=576.25 | win_rate=0.282 | draw_rate=0.454 | crash_rate=0.071 | ep_wez_steps=19.7 | episodes_this_iter=35 | entropy=-3.600 | vf_loss=72.239
[36m(SingleAgentEnvRunner pid=59532)[0m [JSB][Reset] enter BattleSpace=1[32m [repeated 11x across cluster][0m
[36m(SingleAgentEnvRunner pid=59532)[0m [JSB][Reset] after lock found=1 size=1[32m [repeated 11x across cluster][0m
[36m(SingleAgentEnvRunner pid=59532)[0m [JSB][Reset] fighter_count_after=0[32m [repeated 22x across cluster][0m
[36m(SingleAgentEnvRunner pid=59532)[0m total: 2[32m [repeated 11x across cluster][0m
[36m(SingleAgentEnvRunner pid=59532)[0m [JSB][Reset] exit after_size=1[32m [repeated 11x across cluster][0m
[36m(SingleAgentEnvRunner pid=18096)[0m runner:5/env:0	num_steps=[229] | total rewards=[601.6539] | termination= [ownship destroyed][32m [repeated 8x across cluster][0m
[36m(SingleAgentEnvRunner pid=59532)[0m [JSB][Init] enter BattleSpace=1 Type=1 ForceSide=1 Delta=0.0166667[32m [repeated 21x across cluster][0m
[36m(SingleAgentEnvRunner pid=59532)[0m [JSB][Init] registry size=1[32m [repeated 21x across cluster][0m
[36m(SingleAgentEnvRunner pid=59532)[0m [JSB][Init] before new AIP_FDMExec[32m [repeated 21x across cluster][0m
[36m(SingleAgentEnvRunner pid=59532)[0m [JSB][Init] after new AIP_FDMExec ptr=0000021A3340F8A0[32m [repeated 21x across cluster][0m
[36m(SingleAgentEnvRunner pid=59532)[0m [JSB][Init] before Init_FDM ptr=0000021A3340F8A0[32m [repeated 21x across cluster][0m
[36m(SingleAgentEnvRunner pid=18096)[0m [JSB][Init] after Init_FDM ptr=000001A611BF5B50[32m [repeated 20x across cluster][0m
[36m(SingleAgentEnvRunner pid=18096)[0m [JSB][Init] before Exec_FDM ptr=000001A611BF5B50[32m [repeated 20x across cluster][0m
[36m(SingleAgentEnvRunner pid=18096)[0m [JSB][Init] after Exec_FDM ptr=000001A611BF5B50[32m [repeated 20x across cluster][0m
[36m(SingleAgentEnvRunner pid=18096)[0m [JSB][Init] before InsertFighter BattleSpace=1 ptr=000001A611BF5B50[32m [repeated 20x across cluster][0m
[36m(SingleAgentEnvRunner pid=18096)[0m [JSB][Init] after InsertFighter FighterID=2[32m [repeated 20x across cluster][0m
[36m(SingleAgentEnvRunner pid=59532)[0m runner:3/env:0	num_steps=[348] | total rewards=[1323.4866] | termination= [target destroyed][32m [repeated 3x across cluster][0m
[36m(SingleAgentEnvRunner pid=58040)[0m runner:8/env:0	num_steps=[517] | total rewards=[-725.9801] | termination= [ownship altitude below min]
[36m(SingleAgentEnvRunner pid=18256)[0m runner:14/env:0	num_steps=[2000] | total rewards=[101.8092] | termination= [max time out]
[36m(SingleAgentEnvRunner pid=58040)[0m [JSB][Reset] enter BattleSpace=1[32m [repeated 20x across cluster][0m
[36m(SingleAgentEnvRunner pid=58040)[0m [JSB][Reset] after lock found=1 size=1[32m [repeated 20x across cluster][0m
[36m(SingleAgentEnvRunner pid=58040)[0m [JSB][Reset] fighter_count_after=0[32m [repeated 40x across cluster][0m
[36m(SingleAgentEnvRunner pid=58040)[0m total: 2[32m [repeated 20x across cluster][0m
[36m(SingleAgentEnvRunner pid=58040)[0m [JSB][Reset] exit after_size=1[32m [repeated 20x across cluster][0m
[36m(SingleAgentEnvRunner pid=18096)[0m runner:5/env:0	num_steps=[248] | total rewards=[693.5202] | termination= [ownship destroyed][32m [repeated 12x across cluster][0m
[36m(SingleAgentEnvRunner pid=18096)[0m [JSB][Init] enter BattleSpace=1 Type=1 ForceSide=2 Delta=0.0166667[32m [repeated 39x across cluster][0m
[36m(SingleAgentEnvRunner pid=18096)[0m [JSB][Init] registry size=1[32m [repeated 39x across cluster][0m
[36m(SingleAgentEnvRunner pid=18096)[0m [JSB][Init] before new AIP_FDMExec[32m [repeated 39x across cluster][0m
[36m(SingleAgentEnvRunner pid=18096)[0m [JSB][Init] after new AIP_FDMExec ptr=000001A611BF5940[32m [repeated 39x across cluster][0m
[36m(SingleAgentEnvRunner pid=18096)[0m [JSB][Init] before Init_FDM ptr=000001A611BF5940[32m [repeated 39x across cluster][0m
[36m(SingleAgentEnvRunner pid=18096)[0m [JSB][Init] after Init_FDM ptr=000001A611BF5940[32m [repeated 40x across cluster][0m
[36m(SingleAgentEnvRunner pid=18096)[0m [JSB][Init] before Exec_FDM ptr=000001A611BF5940[32m [repeated 40x across cluster][0m
[36m(SingleAgentEnvRunner pid=18096)[0m [JSB][Init] after Exec_FDM ptr=000001A611BF5940[32m [repeated 40x across cluster][0m
[36m(SingleAgentEnvRunner pid=18096)[0m [JSB][Init] before InsertFighter BattleSpace=1 ptr=000001A611BF5940[32m [repeated 40x across cluster][0m
[36m(SingleAgentEnvRunner pid=18096)[0m [JSB][Init] after InsertFighter FighterID=2[32m [repeated 40x across cluster][0m
[36m(SingleAgentEnvRunner pid=58040)[0m runner:8/env:0	num_steps=[581] | total rewards=[1406.2477] | termination= [target destroyed][32m [repeated 4x across cluster][0m
[36m(SingleAgentEnvRunner pid=51724)[0m runner:12/env:0	num_steps=[1367] | total rewards=[-605.3207] | termination= [ownship altitude below min]
stage=35 | iter_in_stage=20 | total_iter=20 | reward_mean=462.11 | win_rate=0.113 | draw_rate=0.393 | crash_rate=0.060 | ep_wez_steps=15.3 | episodes_this_iter=32 | entropy=-3.605 | vf_loss=142.077
[36m(SingleAgentEnvRunner pid=61544)[0m runner:1/env:0	num_steps=[2000] | total rewards=[196.5826] | termination= [max time out]
[36m(SingleAgentEnvRunner pid=61920)[0m [JSB][Reset] enter BattleSpace=1[32m [repeated 12x across cluster][0m
[36m(SingleAgentEnvRunner pid=61920)[0m [JSB][Reset] after lock found=1 size=1[32m [repeated 12x across cluster][0m
[36m(SingleAgentEnvRunner pid=61920)[0m [JSB][Reset] fighter_count_after=0[32m [repeated 24x across cluster][0m
[36m(SingleAgentEnvRunner pid=61920)[0m total: 2[32m [repeated 12x across cluster][0m
[36m(SingleAgentEnvRunner pid=61920)[0m [JSB][Reset] exit after_size=1[32m [repeated 12x across cluster][0m
[36m(SingleAgentEnvRunner pid=61920)[0m runner:13/env:0	num_steps=[887] | total rewards=[317.5864] | termination= [ownship destroyed][32m [repeated 12x across cluster][0m
[36m(SingleAgentEnvRunner pid=61920)[0m [JSB][Init] enter BattleSpace=1 Type=1 ForceSide=1 Delta=0.0166667[32m [repeated 25x across cluster][0m
[36m(SingleAgentEnvRunner pid=61920)[0m [JSB][Init] registry size=1[32m [repeated 25x across cluster][0m
[36m(SingleAgentEnvRunner pid=61920)[0m [JSB][Init] before new AIP_FDMExec[32m [repeated 25x across cluster][0m
[36m(SingleAgentEnvRunner pid=61920)[0m [JSB][Init] after new AIP_FDMExec ptr=0000014B91E3DB70[32m [repeated 25x across cluster][0m
[36m(SingleAgentEnvRunner pid=61920)[0m [JSB][Init] before Init_FDM ptr=0000014B91E3DB70[32m [repeated 25x across cluster][0m
[36m(SingleAgentEnvRunner pid=52932)[0m [JSB][Init] after Init_FDM ptr=000001B8934540C0[32m [repeated 24x across cluster][0m
[36m(SingleAgentEnvRunner pid=52932)[0m [JSB][Init] before Exec_FDM ptr=000001B8934540C0[32m [repeated 24x across cluster][0m
[36m(SingleAgentEnvRunner pid=52932)[0m [JSB][Init] after Exec_FDM ptr=000001B8934540C0[32m [repeated 24x across cluster][0m
[36m(SingleAgentEnvRunner pid=52932)[0m [JSB][Init] before InsertFighter BattleSpace=1 ptr=000001B8934540C0[32m [repeated 24x across cluster][0m
[36m(SingleAgentEnvRunner pid=52932)[0m [JSB][Init] after InsertFighter FighterID=2[32m [repeated 24x across cluster][0m
[36m(SingleAgentEnvRunner pid=15664)[0m runner:16/env:0	num_steps=[210] | total rewards=[1429.4662] | termination= [target destroyed]
[36m(SingleAgentEnvRunner pid=36412)[0m runner:6/env:0	num_steps=[649] | total rewards=[-424.4472] | termination= [ownship altitude below min]
[36m(SingleAgentEnvRunner pid=52932)[0m [JSB][Reset] enter BattleSpace=1[32m [repeated 21x across cluster][0m
[36m(SingleAgentEnvRunner pid=52932)[0m [JSB][Reset] after lock found=1 size=1[32m [repeated 21x across cluster][0m
[36m(SingleAgentEnvRunner pid=52932)[0m [JSB][Reset] fighter_count_after=0[32m [repeated 42x across cluster][0m
[36m(SingleAgentEnvRunner pid=52932)[0m total: 2[32m [repeated 21x across cluster][0m
[36m(SingleAgentEnvRunner pid=52932)[0m [JSB][Reset] exit after_size=1[32m [repeated 21x across cluster][0m
[36m(SingleAgentEnvRunner pid=52932)[0m runner:10/env:0	num_steps=[245] | total rewards=[633.4682] | termination= [ownship destroyed][32m [repeated 14x across cluster][0m
[36m(SingleAgentEnvRunner pid=52932)[0m [JSB][Init] enter BattleSpace=1 Type=1 ForceSide=1 Delta=0.0166667[32m [repeated 42x across cluster][0m
[36m(SingleAgentEnvRunner pid=52932)[0m [JSB][Init] registry size=1[32m [repeated 42x across cluster][0m
[36m(SingleAgentEnvRunner pid=52932)[0m [JSB][Init] before new AIP_FDMExec[32m [repeated 42x across cluster][0m
[36m(SingleAgentEnvRunner pid=52932)[0m [JSB][Init] after new AIP_FDMExec ptr=000001B893455770[32m [repeated 42x across cluster][0m
[36m(SingleAgentEnvRunner pid=52932)[0m [JSB][Init] before Init_FDM ptr=000001B893455770[32m [repeated 42x across cluster][0m
[36m(SingleAgentEnvRunner pid=61016)[0m [JSB][Init] after Init_FDM ptr=00000226136DD250[32m [repeated 42x across cluster][0m
[36m(SingleAgentEnvRunner pid=61016)[0m [JSB][Init] before Exec_FDM ptr=00000226136DD250[32m [repeated 42x across cluster][0m
[36m(SingleAgentEnvRunner pid=61016)[0m [JSB][Init] after Exec_FDM ptr=00000226136DD250[32m [repeated 42x across cluster][0m
[36m(SingleAgentEnvRunner pid=61016)[0m [JSB][Init] before InsertFighter BattleSpace=1 ptr=00000226136DD250[32m [repeated 42x across cluster][0m
[36m(SingleAgentEnvRunner pid=61016)[0m [JSB][Init] after InsertFighter FighterID=2[32m [repeated 42x across cluster][0m
[36m(SingleAgentEnvRunner pid=15664)[0m runner:16/env:0	num_steps=[476] | total rewards=[1366.9013] | termination= [target destroyed][32m [repeated 4x across cluster][0m
[36m(SingleAgentEnvRunner pid=18256)[0m runner:14/env:0	num_steps=[699] | total rewards=[-489.0277] | termination= [ownship altitude below min]
[36m(SingleAgentEnvRunner pid=66008)[0m runner:7/env:0	num_steps=[1089] | total rewards=[-725.9960] | termination= [ownship altitude below min]
stage=35 | iter_in_stage=21 | total_iter=21 | reward_mean=540.85 | win_rate=0.191 | draw_rate=0.353 | crash_rate=0.131 | ep_wez_steps=18.7 | episodes_this_iter=34 | entropy=-3.595 | vf_loss=205.280
[36m(SingleAgentEnvRunner pid=15664)[0m [JSB][Reset] enter BattleSpace=1[32m [repeated 12x across cluster][0m
[36m(SingleAgentEnvRunner pid=15664)[0m [JSB][Reset] after lock found=1 size=1[32m [repeated 12x across cluster][0m
[36m(SingleAgentEnvRunner pid=15664)[0m [JSB][Reset] fighter_count_after=0[32m [repeated 24x across cluster][0m
[36m(SingleAgentEnvRunner pid=15664)[0m total: 2[32m [repeated 12x across cluster][0m
[36m(SingleAgentEnvRunner pid=15664)[0m [JSB][Reset] exit after_size=1[32m [repeated 12x across cluster][0m
[36m(SingleAgentEnvRunner pid=58040)[0m runner:8/env:0	num_steps=[638] | total rewards=[358.7559] | termination= [ownship destroyed][32m [repeated 9x across cluster][0m
[36m(SingleAgentEnvRunner pid=15664)[0m [JSB][Init] enter BattleSpace=1 Type=1 ForceSide=2 Delta=0.0166667[32m [repeated 25x across cluster][0m
[36m(SingleAgentEnvRunner pid=15664)[0m [JSB][Init] registry size=1[32m [repeated 25x across cluster][0m
[36m(SingleAgentEnvRunner pid=15664)[0m [JSB][Init] before new AIP_FDMExec[32m [repeated 25x across cluster][0m
[36m(SingleAgentEnvRunner pid=15664)[0m [JSB][Init] after new AIP_FDMExec ptr=000002E49216D7A0[32m [repeated 25x across cluster][0m
[36m(SingleAgentEnvRunner pid=15664)[0m [JSB][Init] before Init_FDM ptr=000002E49216D7A0[32m [repeated 25x across cluster][0m
[36m(SingleAgentEnvRunner pid=15664)[0m [JSB][Init] after Init_FDM ptr=000002E49216D7A0[32m [repeated 26x across cluster][0m
[36m(SingleAgentEnvRunner pid=15664)[0m [JSB][Init] before Exec_FDM ptr=000002E49216D7A0[32m [repeated 26x across cluster][0m
[36m(SingleAgentEnvRunner pid=15664)[0m [JSB][Init] after Exec_FDM ptr=000002E49216D7A0[32m [repeated 26x across cluster][0m
[36m(SingleAgentEnvRunner pid=15664)[0m [JSB][Init] before InsertFighter BattleSpace=1 ptr=000002E49216D7A0[32m [repeated 26x across cluster][0m
[36m(SingleAgentEnvRunner pid=15664)[0m [JSB][Init] after InsertFighter FighterID=2[32m [repeated 26x across cluster][0m
[36m(SingleAgentEnvRunner pid=36412)[0m runner:6/env:0	num_steps=[201] | total rewards=[1367.5758] | termination= [target destroyed][32m [repeated 3x across cluster][0m
[36m(SingleAgentEnvRunner pid=61544)[0m runner:1/env:0	num_steps=[1569] | total rewards=[501.7009] | termination= [target altitude below min]
[36m(SingleAgentEnvRunner pid=51724)[0m runner:12/env:0	num_steps=[2000] | total rewards=[830.8999] | termination= [max time out]
[36m(SingleAgentEnvRunner pid=61016)[0m runner:15/env:0	num_steps=[1008] | total rewards=[-376.1021] | termination= [ownship altitude below min]
[36m(SingleAgentEnvRunner pid=36412)[0m [JSB][Reset] enter BattleSpace=1[32m [repeated 21x across cluster][0m
[36m(SingleAgentEnvRunner pid=36412)[0m [JSB][Reset] after lock found=1 size=1[32m [repeated 21x across cluster][0m
[36m(SingleAgentEnvRunner pid=36412)[0m [JSB][Reset] fighter_count_after=0[32m [repeated 42x across cluster][0m
[36m(SingleAgentEnvRunner pid=36412)[0m total: 2[32m [repeated 21x across cluster][0m
[36m(SingleAgentEnvRunner pid=36412)[0m [JSB][Reset] exit after_size=1[32m [repeated 21x across cluster][0m
[36m(SingleAgentEnvRunner pid=36412)[0m runner:6/env:0	num_steps=[241] | total rewards=[534.2286] | termination= [ownship destroyed][32m [repeated 10x across cluster][0m
[36m(SingleAgentEnvRunner pid=36412)[0m [JSB][Init] enter BattleSpace=1 Type=1 ForceSide=2 Delta=0.0166667[32m [repeated 42x across cluster][0m
[36m(SingleAgentEnvRunner pid=36412)[0m [JSB][Init] registry size=1[32m [repeated 42x across cluster][0m
[36m(SingleAgentEnvRunner pid=36412)[0m [JSB][Init] before new AIP_FDMExec[32m [repeated 42x across cluster][0m
[36m(SingleAgentEnvRunner pid=36412)[0m [JSB][Init] after new AIP_FDMExec ptr=0000023033555D20[32m [repeated 42x across cluster][0m
[36m(SingleAgentEnvRunner pid=36412)[0m [JSB][Init] before Init_FDM ptr=0000023033555D20[32m [repeated 42x across cluster][0m
[36m(SingleAgentEnvRunner pid=36412)[0m [JSB][Init] after Init_FDM ptr=0000023033555D20[32m [repeated 42x across cluster][0m
[36m(SingleAgentEnvRunner pid=36412)[0m [JSB][Init] before Exec_FDM ptr=0000023033555D20[32m [repeated 42x across cluster][0m
[36m(SingleAgentEnvRunner pid=36412)[0m [JSB][Init] after Exec_FDM ptr=0000023033555D20[32m [repeated 42x across cluster][0m
[36m(SingleAgentEnvRunner pid=36412)[0m [JSB][Init] before InsertFighter BattleSpace=1 ptr=0000023033555D20[32m [repeated 42x across cluster][0m
[36m(SingleAgentEnvRunner pid=36412)[0m [JSB][Init] after InsertFighter FighterID=2[32m [repeated 42x across cluster][0m
[36m(SingleAgentEnvRunner pid=47444)[0m runner:4/env:0	num_steps=[239] | total rewards=[1408.1156] | termination= [target destroyed][32m [repeated 7x across cluster][0m
stage=35 | iter_in_stage=22 | total_iter=22 | reward_mean=675.38 | win_rate=0.315 | draw_rate=0.280 | crash_rate=0.071 | ep_wez_steps=19.2 | episodes_this_iter=34 | entropy=-3.575 | vf_loss=123.463
[36m(SingleAgentEnvRunner pid=57920)[0m runner:11/env:0	num_steps=[631] | total rewards=[-715.6570] | termination= [ownship altitude below min]
[36m(SingleAgentEnvRunner pid=66008)[0m [JSB][Reset] enter BattleSpace=1[32m [repeated 14x across cluster][0m
[36m(SingleAgentEnvRunner pid=66008)[0m [JSB][Reset] after lock found=1 size=1[32m [repeated 14x across cluster][0m
[36m(SingleAgentEnvRunner pid=66008)[0m [JSB][Reset] fighter_count_after=0[32m [repeated 28x across cluster][0m
[36m(SingleAgentEnvRunner pid=66008)[0m total: 2[32m [repeated 14x across cluster][0m
[36m(SingleAgentEnvRunner pid=66008)[0m [JSB][Reset] exit after_size=1[32m [repeated 14x across cluster][0m
[36m(SingleAgentEnvRunner pid=66008)[0m runner:7/env:0	num_steps=[243] | total rewards=[573.6476] | termination= [ownship destroyed][32m [repeated 10x across cluster][0m
[36m(SingleAgentEnvRunner pid=66008)[0m [JSB][Init] enter BattleSpace=1 Type=1 ForceSide=2 Delta=0.0166667[32m [repeated 28x across cluster][0m
[36m(SingleAgentEnvRunner pid=66008)[0m [JSB][Init] registry size=1[32m [repeated 28x across cluster][0m
[36m(SingleAgentEnvRunner pid=66008)[0m [JSB][Init] before new AIP_FDMExec[32m [repeated 28x across cluster][0m
[36m(SingleAgentEnvRunner pid=66008)[0m [JSB][Init] after new AIP_FDMExec ptr=0000022891D0F690[32m [repeated 27x across cluster][0m
[36m(SingleAgentEnvRunner pid=66008)[0m [JSB][Init] before Init_FDM ptr=0000022891D0F690[32m [repeated 27x across cluster][0m
[36m(SingleAgentEnvRunner pid=66008)[0m [JSB][Init] after Init_FDM ptr=0000022891D0F690[32m [repeated 27x across cluster][0m
[36m(SingleAgentEnvRunner pid=66008)[0m [JSB][Init] before Exec_FDM ptr=0000022891D0F690[32m [repeated 27x across cluster][0m
[36m(SingleAgentEnvRunner pid=66008)[0m [JSB][Init] after Exec_FDM ptr=0000022891D0F690[32m [repeated 27x across cluster][0m
[36m(SingleAgentEnvRunner pid=66008)[0m [JSB][Init] before InsertFighter BattleSpace=1 ptr=0000022891D0F690[32m [repeated 27x across cluster][0m
[36m(SingleAgentEnvRunner pid=66008)[0m [JSB][Init] after InsertFighter FighterID=1[32m [repeated 27x across cluster][0m
[36m(SingleAgentEnvRunner pid=51724)[0m runner:12/env:0	num_steps=[243] | total rewards=[1450.0148] | termination= [target destroyed][32m [repeated 3x across cluster][0m
[36m(SingleAgentEnvRunner pid=63120)[0m runner:9/env:0	num_steps=[2000] | total rewards=[340.9259] | termination= [max time out]
[36m(SingleAgentEnvRunner pid=47444)[0m [JSB][Reset] enter BattleSpace=1[32m [repeated 20x across cluster][0m
[36m(SingleAgentEnvRunner pid=47444)[0m [JSB][Reset] after lock found=1 size=1[32m [repeated 20x across cluster][0m
[36m(SingleAgentEnvRunner pid=47444)[0m [JSB][Reset] fighter_count_after=0[32m [repeated 40x across cluster][0m
[36m(SingleAgentEnvRunner pid=47444)[0m total: 2[32m [repeated 20x across cluster][0m
[36m(SingleAgentEnvRunner pid=47444)[0m [JSB][Reset] exit after_size=1[32m [repeated 20x across cluster][0m
[36m(SingleAgentEnvRunner pid=47444)[0m runner:4/env:0	num_steps=[196] | total rewards=[427.3619] | termination= [ownship destroyed][32m [repeated 14x across cluster][0m
[36m(SingleAgentEnvRunner pid=47444)[0m [JSB][Init] enter BattleSpace=1 Type=1 ForceSide=2 Delta=0.0166667[32m [repeated 40x across cluster][0m
[36m(SingleAgentEnvRunner pid=47444)[0m [JSB][Init] registry size=1[32m [repeated 40x across cluster][0m
[36m(SingleAgentEnvRunner pid=47444)[0m [JSB][Init] before new AIP_FDMExec[32m [repeated 40x across cluster][0m
[36m(SingleAgentEnvRunner pid=47444)[0m [JSB][Init] after new AIP_FDMExec ptr=00000245123C9680[32m [repeated 41x across cluster][0m
[36m(SingleAgentEnvRunner pid=47444)[0m [JSB][Init] before Init_FDM ptr=00000245123C9680[32m [repeated 41x across cluster][0m
[36m(SingleAgentEnvRunner pid=47444)[0m [JSB][Init] after Init_FDM ptr=00000245123C9680[32m [repeated 41x across cluster][0m
[36m(SingleAgentEnvRunner pid=47444)[0m [JSB][Init] before Exec_FDM ptr=00000245123C9680[32m [repeated 41x across cluster][0m
[36m(SingleAgentEnvRunner pid=47444)[0m [JSB][Init] after Exec_FDM ptr=00000245123C9680[32m [repeated 41x across cluster][0m
[36m(SingleAgentEnvRunner pid=47444)[0m [JSB][Init] before InsertFighter BattleSpace=1 ptr=00000245123C9680[32m [repeated 41x across cluster][0m
[36m(SingleAgentEnvRunner pid=47444)[0m [JSB][Init] after InsertFighter FighterID=2[32m [repeated 41x across cluster][0m
[36m(SingleAgentEnvRunner pid=47444)[0m runner:4/env:0	num_steps=[223] | total rewards=[1389.1993] | termination= [target destroyed][32m [repeated 4x across cluster][0m
[36m(SingleAgentEnvRunner pid=61016)[0m runner:15/env:0	num_steps=[698] | total rewards=[-177.3404] | termination= [ownship altitude below min]
stage=35 | iter_in_stage=23 | total_iter=23 | reward_mean=594.53 | win_rate=0.167 | draw_rate=0.405 | crash_rate=0.036 | ep_wez_steps=18.2 | episodes_this_iter=28 | entropy=-3.577 | vf_loss=245.247
[36m(SingleAgentEnvRunner pid=52932)[0m runner:10/env:0	num_steps=[2000] | total rewards=[571.5000] | termination= [max time out]
[36m(SingleAgentEnvRunner pid=52932)[0m [JSB][Reset] enter BattleSpace=1[32m [repeated 8x across cluster][0m
[36m(SingleAgentEnvRunner pid=52932)[0m [JSB][Reset] after lock found=1 size=1[32m [repeated 8x across cluster][0m
[36m(SingleAgentEnvRunner pid=52932)[0m [JSB][Reset] fighter_count_after=0[32m [repeated 16x across cluster][0m
[36m(SingleAgentEnvRunner pid=52932)[0m total: 2[32m [repeated 8x across cluster][0m
[36m(SingleAgentEnvRunner pid=52932)[0m [JSB][Reset] exit after_size=1[32m [repeated 8x across cluster][0m
[36m(SingleAgentEnvRunner pid=52932)[0m runner:10/env:0	num_steps=[229] | total rewards=[651.4028] | termination= [ownship destroyed][32m [repeated 6x across cluster][0m
[36m(SingleAgentEnvRunner pid=52932)[0m [JSB][Init] enter BattleSpace=1 Type=1 ForceSide=2 Delta=0.0166667[32m [repeated 16x across cluster][0m
[36m(SingleAgentEnvRunner pid=52932)[0m [JSB][Init] registry size=1[32m [repeated 16x across cluster][0m
[36m(SingleAgentEnvRunner pid=52932)[0m [JSB][Init] before new AIP_FDMExec[32m [repeated 16x across cluster][0m
[36m(SingleAgentEnvRunner pid=52932)[0m [JSB][Init] after new AIP_FDMExec ptr=000001B893470470[32m [repeated 15x across cluster][0m
[36m(SingleAgentEnvRunner pid=52932)[0m [JSB][Init] before Init_FDM ptr=000001B893470470[32m [repeated 15x across cluster][0m
[36m(SingleAgentEnvRunner pid=52932)[0m [JSB][Init] after Init_FDM ptr=000001B893470470[32m [repeated 15x across cluster][0m
[36m(SingleAgentEnvRunner pid=52932)[0m [JSB][Init] before Exec_FDM ptr=000001B893470470[32m [repeated 15x across cluster][0m
[36m(SingleAgentEnvRunner pid=52932)[0m [JSB][Init] after Exec_FDM ptr=000001B893470470[32m [repeated 15x across cluster][0m
[36m(SingleAgentEnvRunner pid=52932)[0m [JSB][Init] before InsertFighter BattleSpace=1 ptr=000001B893470470[32m [repeated 15x across cluster][0m
[36m(SingleAgentEnvRunner pid=52932)[0m [JSB][Init] after InsertFighter FighterID=1[32m [repeated 15x across cluster][0m
[36m(SingleAgentEnvRunner pid=18256)[0m runner:14/env:0	num_steps=[281] | total rewards=[1315.2792] | termination= [target destroyed]
[36m(SingleAgentEnvRunner pid=58040)[0m runner:8/env:0	num_steps=[932] | total rewards=[-543.3243] | termination= [ownship altitude below min]
[36m(SingleAgentEnvRunner pid=61920)[0m runner:13/env:0	num_steps=[467] | total rewards=[1341.0260] | termination= [target destroyed]
[36m(SingleAgentEnvRunner pid=59532)[0m runner:3/env:0	num_steps=[2000] | total rewards=[311.7370] | termination= [max time out]
[36m(SingleAgentEnvRunner pid=36412)[0m [JSB][Reset] enter BattleSpace=1[32m [repeated 18x across cluster][0m
[36m(SingleAgentEnvRunner pid=36412)[0m [JSB][Reset] after lock found=1 size=1[32m [repeated 18x across cluster][0m
[36m(SingleAgentEnvRunner pid=36412)[0m [JSB][Reset] fighter_count_after=0[32m [repeated 36x across cluster][0m
[36m(SingleAgentEnvRunner pid=36412)[0m total: 2[32m [repeated 18x across cluster][0m
[36m(SingleAgentEnvRunner pid=36412)[0m [JSB][Reset] exit after_size=1[32m [repeated 18x across cluster][0m
[36m(SingleAgentEnvRunner pid=36412)[0m runner:6/env:0	num_steps=[1917] | total rewards=[586.5950] | termination= [ownship destroyed][32m [repeated 9x across cluster][0m
[36m(SingleAgentEnvRunner pid=36412)[0m [JSB][Init] enter BattleSpace=1 Type=1 ForceSide=1 Delta=0.0166667[32m [repeated 35x across cluster][0m
[36m(SingleAgentEnvRunner pid=36412)[0m [JSB][Init] registry size=1[32m [repeated 35x across cluster][0m
[36m(SingleAgentEnvRunner pid=36412)[0m [JSB][Init] before new AIP_FDMExec[32m [repeated 35x across cluster][0m
[36m(SingleAgentEnvRunner pid=36412)[0m [JSB][Init] after new AIP_FDMExec ptr=0000023033904340[32m [repeated 36x across cluster][0m
[36m(SingleAgentEnvRunner pid=36412)[0m [JSB][Init] before Init_FDM ptr=0000023033904340[32m [repeated 36x across cluster][0m
[36m(SingleAgentEnvRunner pid=18096)[0m [JSB][Init] after Init_FDM ptr=000001A611C28E20[32m [repeated 35x across cluster][0m
[36m(SingleAgentEnvRunner pid=18096)[0m [JSB][Init] before Exec_FDM ptr=000001A611C28E20[32m [repeated 35x across cluster][0m
[36m(SingleAgentEnvRunner pid=18096)[0m [JSB][Init] after Exec_FDM ptr=000001A611C28E20[32m [repeated 35x across cluster][0m
[36m(SingleAgentEnvRunner pid=18096)[0m [JSB][Init] before InsertFighter BattleSpace=1 ptr=000001A611C28E20[32m [repeated 35x across cluster][0m
[36m(SingleAgentEnvRunner pid=18096)[0m [JSB][Init] after InsertFighter FighterID=2[32m [repeated 35x across cluster][0m
[36m(SingleAgentEnvRunner pid=61544)[0m runner:1/env:0	num_steps=[1110] | total rewards=[-685.0999] | termination= [ownship altitude below min]
[36m(SingleAgentEnvRunner pid=47444)[0m runner:4/env:0	num_steps=[205] | total rewards=[1336.5623] | termination= [target destroyed][32m [repeated 6x across cluster][0m
[36m(SingleAgentEnvRunner pid=61920)[0m runner:13/env:0	num_steps=[702] | total rewards=[-559.1741] | termination= [ownship altitude below min]
stage=35 | iter_in_stage=24 | total_iter=24 | reward_mean=510.78 | win_rate=0.256 | draw_rate=0.205 | crash_rate=0.192 | ep_wez_steps=17.0 | episodes_this_iter=26 | entropy=-3.584 | vf_loss=130.249
[36m(SingleAgentEnvRunner pid=61016)[0m [JSB][Reset] enter BattleSpace=1[32m [repeated 8x across cluster][0m
[36m(SingleAgentEnvRunner pid=61016)[0m [JSB][Reset] after lock found=1 size=1[32m [repeated 8x across cluster][0m
[36m(SingleAgentEnvRunner pid=61016)[0m [JSB][Reset] fighter_count_after=0[32m [repeated 16x across cluster][0m
[36m(SingleAgentEnvRunner pid=61016)[0m total: 2[32m [repeated 8x across cluster][0m
[36m(SingleAgentEnvRunner pid=61016)[0m [JSB][Reset] exit after_size=1[32m [repeated 8x across cluster][0m
[36m(SingleAgentEnvRunner pid=61016)[0m runner:15/env:0	num_steps=[241] | total rewards=[597.5778] | termination= [ownship destroyed][32m [repeated 4x across cluster][0m
[36m(SingleAgentEnvRunner pid=61016)[0m [JSB][Init] enter BattleSpace=1 Type=1 ForceSide=1 Delta=0.0166667[32m [repeated 16x across cluster][0m
[36m(SingleAgentEnvRunner pid=61016)[0m [JSB][Init] registry size=1[32m [repeated 16x across cluster][0m
[36m(SingleAgentEnvRunner pid=61016)[0m [JSB][Init] before new AIP_FDMExec[32m [repeated 16x across cluster][0m
[36m(SingleAgentEnvRunner pid=61016)[0m [JSB][Init] after new AIP_FDMExec ptr=00000226136F3300[32m [repeated 16x across cluster][0m
[36m(SingleAgentEnvRunner pid=61016)[0m [JSB][Init] before Init_FDM ptr=00000226136F3300[32m [repeated 16x across cluster][0m
[36m(SingleAgentEnvRunner pid=51724)[0m [JSB][Init] after Init_FDM ptr=000001DD1304BFF0[32m [repeated 16x across cluster][0m
[36m(SingleAgentEnvRunner pid=51724)[0m [JSB][Init] before Exec_FDM ptr=000001DD1304BFF0[32m [repeated 16x across cluster][0m
[36m(SingleAgentEnvRunner pid=51724)[0m [JSB][Init] after Exec_FDM ptr=000001DD1304BFF0[32m [repeated 16x across cluster][0m
[36m(SingleAgentEnvRunner pid=51724)[0m [JSB][Init] before InsertFighter BattleSpace=1 ptr=000001DD1304BFF0[32m [repeated 16x across cluster][0m
[36m(SingleAgentEnvRunner pid=51724)[0m [JSB][Init] after InsertFighter FighterID=2[32m [repeated 16x across cluster][0m
[36m(SingleAgentEnvRunner pid=39980)[0m runner:2/env:0	num_steps=[2000] | total rewards=[470.8138] | termination= [max time out]
[36m(SingleAgentEnvRunner pid=52932)[0m runner:10/env:0	num_steps=[497] | total rewards=[1252.3009] | termination= [target destroyed][32m [repeated 2x across cluster][0m
[36m(SingleAgentEnvRunner pid=18256)[0m runner:14/env:0	num_steps=[1399] | total rewards=[-404.5752] | termination= [ownship altitude below min]
[36m(SingleAgentEnvRunner pid=18096)[0m [JSB][Reset] enter BattleSpace=1[32m [repeated 21x across cluster][0m
[36m(SingleAgentEnvRunner pid=18096)[0m [JSB][Reset] after lock found=1 size=1[32m [repeated 21x across cluster][0m
[36m(SingleAgentEnvRunner pid=18096)[0m [JSB][Reset] fighter_count_after=0[32m [repeated 42x across cluster][0m
[36m(SingleAgentEnvRunner pid=18096)[0m total: 2[32m [repeated 21x across cluster][0m
[36m(SingleAgentEnvRunner pid=18096)[0m [JSB][Reset] exit after_size=1[32m [repeated 21x across cluster][0m
[36m(SingleAgentEnvRunner pid=18096)[0m runner:5/env:0	num_steps=[203] | total rewards=[554.9866] | termination= [ownship destroyed][32m [repeated 15x across cluster][0m
[36m(SingleAgentEnvRunner pid=18096)[0m [JSB][Init] enter BattleSpace=1 Type=1 ForceSide=2 Delta=0.0166667[32m [repeated 43x across cluster][0m
[36m(SingleAgentEnvRunner pid=18096)[0m [JSB][Init] registry size=1[32m [repeated 43x across cluster][0m
[36m(SingleAgentEnvRunner pid=18096)[0m [JSB][Init] before new AIP_FDMExec[32m [repeated 43x across cluster][0m
[36m(SingleAgentEnvRunner pid=18096)[0m [JSB][Init] after new AIP_FDMExec ptr=000001A611C27FB0[32m [repeated 43x across cluster][0m
[36m(SingleAgentEnvRunner pid=18096)[0m [JSB][Init] before Init_FDM ptr=000001A611C27FB0[32m [repeated 43x across cluster][0m
[36m(SingleAgentEnvRunner pid=18096)[0m [JSB][Init] after Init_FDM ptr=000001A611C27FB0[32m [repeated 44x across cluster][0m
[36m(SingleAgentEnvRunner pid=18096)[0m [JSB][Init] before Exec_FDM ptr=000001A611C27FB0[32m [repeated 44x across cluster][0m
[36m(SingleAgentEnvRunner pid=18096)[0m [JSB][Init] after Exec_FDM ptr=000001A611C27FB0[32m [repeated 44x across cluster][0m
[36m(SingleAgentEnvRunner pid=18096)[0m [JSB][Init] before InsertFighter BattleSpace=1 ptr=000001A611C27FB0[32m [repeated 44x across cluster][0m
[36m(SingleAgentEnvRunner pid=18096)[0m [JSB][Init] after InsertFighter FighterID=2[32m [repeated 44x across cluster][0m
[36m(SingleAgentEnvRunner pid=18256)[0m runner:14/env:0	num_steps=[233] | total rewards=[1385.6029] | termination= [target destroyed][32m [repeated 4x across cluster][0m
[DogFightEnv][PolicyProbe] iter=25 ramp:a=[-0.781,-1.173,0.103,0.223] s=22.413 | target_ahead:a=[0.907,-0.566,-0.851,0.555] s=19.817 | target_left:a=[-0.668,-1.907,0.935,0.134] s=20.749 | zero_hold:a=[-0.125,-0.289,-0.128,1.015] s=13.237
[JSB][CreateBattleSpace] enter Space@00000001803EE598 SpaceMutex@00000001803DE000
[JSB][CreateBattleSpace] before newspace
[JSB][CreateBattleSpace] newspace=000001EFEFAF1D50 use_count=1
[JSB][CreateBattleSpace] before lock
[JSB][CreateBattleSpace] after lock size=0
[JSB][CreateBattleSpace] insert id=1 success=1 final_size=1 stored=000001EFEFAF1D50
init ID:1 Lat37.92003070998819 Lon128.18188127777776 Alt(meter)4572.029042862364 Speed(m/sec)200.0
[JSB][Init] enter BattleSpace=1 Type=1 ForceSide=1 Delta=0.0166667
[JSB][Init] registry size=1
[JSB][Init] before new AIP_FDMExec
[JSB][Init] after new AIP_FDMExec ptr=000001EFE73826F0
[JSB][Init] before Init_FDM ptr=000001EFE73826F0
[JSB][Init] after Init_FDM ptr=000001EFE73826F0
[JSB][Init] before Exec_FDM ptr=000001EFE73826F0
[JSB][Init] after Exec_FDM ptr=000001EFE73826F0
[JSB][Init] before InsertFighter BattleSpace=1 ptr=000001EFE73826F0
[JSB][Init] after InsertFighter FighterID=1
init ID:1 Lat37.91455691666667 Lon128.18188127777776 Alt(meter)4572.000000000235 Speed(m/sec)200.0
[JSB][Init] enter BattleSpace=1 Type=1 ForceSide=2 Delta=0.0166667
[JSB][Init] registry size=1
[JSB][Init] before new AIP_FDMExec
[JSB][Init] after new AIP_FDMExec ptr=000001EFE7382D20
[JSB][Init] before Init_FDM ptr=000001EFE7382D20
[JSB][Init] after Init_FDM ptr=000001EFE7382D20
[JSB][Init] before Exec_FDM ptr=000001EFE7382D20
[JSB][Init] after Exec_FDM ptr=000001EFE7382D20
[JSB][Init] before InsertFighter BattleSpace=1 ptr=000001EFE7382D20
[JSB][Init] after InsertFighter FighterID=2
[JSB][Reset] enter BattleSpace=1
[JSB][Reset] after lock found=1 size=1
[JSB][Reset] FighterPtr=000001EFEFAF1D50 fighter_count_before=2
total: 2
[JSB][Reset] fighter_count_after=0
[JSB][Reset] exit after_size=1
[JSB][Init] enter BattleSpace=1 Type=1 ForceSide=1 Delta=0.0166667
[JSB][Init] registry size=1
[JSB][Init] before new AIP_FDMExec
[JSB][Init] after new AIP_FDMExec ptr=000001EFE7A104A0
[JSB][Init] before Init_FDM ptr=000001EFE7A104A0
[JSB][Init] after Init_FDM ptr=000001EFE7A104A0
[JSB][Init] before Exec_FDM ptr=000001EFE7A104A0
[JSB][Init] after Exec_FDM ptr=000001EFE7A104A0
[JSB][Init] before InsertFighter BattleSpace=1 ptr=000001EFE7A104A0
[JSB][Init] after InsertFighter FighterID=1
[JSB][Init] enter BattleSpace=1 Type=1 ForceSide=2 Delta=0.0166667
[JSB][Init] registry size=1
[JSB][Init] before new AIP_FDMExec
[JSB][Init] after new AIP_FDMExec ptr=000001EFE7A10EF0
[JSB][Init] before Init_FDM ptr=000001EFE7A10EF0
[JSB][Init] after Init_FDM ptr=000001EFE7A10EF0
[JSB][Init] before Exec_FDM ptr=000001EFE7A10EF0
[JSB][Init] after Exec_FDM ptr=000001EFE7A10EF0
[JSB][Init] before InsertFighter BattleSpace=1 ptr=000001EFE7A10EF0
[JSB][Init] after InsertFighter FighterID=2
runner:engagement_replay/env:0	num_steps=[199] | total rewards=[666.1294] | termination= [ownship destroyed]
[JSB][RemoveSpace] enter BattleSpace=1
[JSB][RemoveSpace] after lock found=1 size=1
[JSB][RemoveSpace] FighterPtr=000001EFEFAF1D50 fighter_count_before=2
[JSB][RemoveSpace] fighter_count_after=0
Remove Space Complete.
[JSB][RemoveSpace] exit after_size=0
[JSB][CreateBattleSpace] enter Space@00000001803EE598 SpaceMutex@00000001803DE000
[JSB][CreateBattleSpace] before newspace
[JSB][CreateBattleSpace] newspace=000001EFECBAA340 use_count=1
[JSB][CreateBattleSpace] before lock
[JSB][CreateBattleSpace] after lock size=0
[JSB][CreateBattleSpace] insert id=1 success=1 final_size=1 stored=000001EFECBAA340
init ID:1 Lat37.92003070998819 Lon128.18188127777776 Alt(meter)4572.029042862364 Speed(m/sec)200.0
[JSB][Init] enter BattleSpace=1 Type=1 ForceSide=1 Delta=0.0166667
[JSB][Init] registry size=1
[JSB][Init] before new AIP_FDMExec
[JSB][Init] after new AIP_FDMExec ptr=000001EFF02C0D10
[JSB][Init] before Init_FDM ptr=000001EFF02C0D10
[JSB][Init] after Init_FDM ptr=000001EFF02C0D10
[JSB][Init] before Exec_FDM ptr=000001EFF02C0D10
[JSB][Init] after Exec_FDM ptr=000001EFF02C0D10
[JSB][Init] before InsertFighter BattleSpace=1 ptr=000001EFF02C0D10
[JSB][Init] after InsertFighter FighterID=1
init ID:1 Lat37.91455691666667 Lon128.18188127777776 Alt(meter)4572.000000000235 Speed(m/sec)200.0
[JSB][Init] enter BattleSpace=1 Type=1 ForceSide=2 Delta=0.0166667
[JSB][Init] registry size=1
[JSB][Init] before new AIP_FDMExec
[JSB][Init] after new AIP_FDMExec ptr=000001EFF02C04D0
[JSB][Init] before Init_FDM ptr=000001EFF02C04D0
[JSB][Init] after Init_FDM ptr=000001EFF02C04D0
[JSB][Init] before Exec_FDM ptr=000001EFF02C04D0
[JSB][Init] after Exec_FDM ptr=000001EFF02C04D0
[JSB][Init] before InsertFighter BattleSpace=1 ptr=000001EFF02C04D0
[JSB][Init] after InsertFighter FighterID=2
[JSB][Reset] enter BattleSpace=1
[JSB][Reset] after lock found=1 size=1
[JSB][Reset] FighterPtr=000001EFECBAA340 fighter_count_before=2
total: 2
[JSB][Reset] fighter_count_after=0
[JSB][Reset] exit after_size=1
[JSB][Init] enter BattleSpace=1 Type=1 ForceSide=1 Delta=0.0166667
[JSB][Init] registry size=1
[JSB][Init] before new AIP_FDMExec
[JSB][Init] after new AIP_FDMExec ptr=000001EFE73F2530
[JSB][Init] before Init_FDM ptr=000001EFE73F2530
[JSB][Init] after Init_FDM ptr=000001EFE73F2530
[JSB][Init] before Exec_FDM ptr=000001EFE73F2530
[JSB][Init] after Exec_FDM ptr=000001EFE73F2530
[JSB][Init] before InsertFighter BattleSpace=1 ptr=000001EFE73F2530
[JSB][Init] after InsertFighter FighterID=1
[JSB][Init] enter BattleSpace=1 Type=1 ForceSide=2 Delta=0.0166667
[JSB][Init] registry size=1
[JSB][Init] before new AIP_FDMExec
[JSB][Init] after new AIP_FDMExec ptr=000001EFE73F2110
[JSB][Init] before Init_FDM ptr=000001EFE73F2110
[JSB][Init] after Init_FDM ptr=000001EFE73F2110
[JSB][Init] before Exec_FDM ptr=000001EFE73F2110
[JSB][Init] after Exec_FDM ptr=000001EFE73F2110
[JSB][Init] before InsertFighter BattleSpace=1 ptr=000001EFE73F2110
[JSB][Init] after InsertFighter FighterID=2
runner:engagement_replay/env:0	num_steps=[1647] | total rewards=[111.2987] | termination= [ownship destroyed]
[JSB][RemoveSpace] enter BattleSpace=1
[JSB][RemoveSpace] after lock found=1 size=1
[JSB][RemoveSpace] FighterPtr=000001EFECBAA340 fighter_count_before=2
[JSB][RemoveSpace] fighter_count_after=0
Remove Space Complete.
[JSB][RemoveSpace] exit after_size=0
[JSB][CreateBattleSpace] enter Space@00000001803EE598 SpaceMutex@00000001803DE000
[JSB][CreateBattleSpace] before newspace
[JSB][CreateBattleSpace] newspace=000001EFE500D6A0 use_count=1
[JSB][CreateBattleSpace] before lock
[JSB][CreateBattleSpace] after lock size=0
[JSB][CreateBattleSpace] insert id=1 success=1 final_size=1 stored=000001EFE500D6A0
init ID:1 Lat37.92003070998819 Lon128.18188127777776 Alt(meter)4572.029042862364 Speed(m/sec)200.0
[JSB][Init] enter BattleSpace=1 Type=1 ForceSide=1 Delta=0.0166667
[JSB][Init] registry size=1
[JSB][Init] before new AIP_FDMExec
[JSB][Init] after new AIP_FDMExec ptr=000001EFEE46A710
[JSB][Init] before Init_FDM ptr=000001EFEE46A710
[JSB][Init] after Init_FDM ptr=000001EFEE46A710
[JSB][Init] before Exec_FDM ptr=000001EFEE46A710
[JSB][Init] after Exec_FDM ptr=000001EFEE46A710
[JSB][Init] before InsertFighter BattleSpace=1 ptr=000001EFEE46A710
[JSB][Init] after InsertFighter FighterID=1
init ID:1 Lat37.91455691666667 Lon128.18188127777776 Alt(meter)4572.000000000235 Speed(m/sec)200.0
[JSB][Init] enter BattleSpace=1 Type=1 ForceSide=2 Delta=0.0166667
[JSB][Init] registry size=1
[JSB][Init] before new AIP_FDMExec
[JSB][Init] after new AIP_FDMExec ptr=000001EFEE46A920
[JSB][Init] before Init_FDM ptr=000001EFEE46A920
[JSB][Init] after Init_FDM ptr=000001EFEE46A920
[JSB][Init] before Exec_FDM ptr=000001EFEE46A920
[JSB][Init] after Exec_FDM ptr=000001EFEE46A920
[JSB][Init] before InsertFighter BattleSpace=1 ptr=000001EFEE46A920
[JSB][Init] after InsertFighter FighterID=2
[JSB][Reset] enter BattleSpace=1
[JSB][Reset] after lock found=1 size=1
[JSB][Reset] FighterPtr=000001EFE500D6A0 fighter_count_before=2
total: 2
[JSB][Reset] fighter_count_after=0
[JSB][Reset] exit after_size=1
[JSB][Init] enter BattleSpace=1 Type=1 ForceSide=1 Delta=0.0166667
[JSB][Init] registry size=1
[JSB][Init] before new AIP_FDMExec
[JSB][Init] after new AIP_FDMExec ptr=000001EFE74DCB00
[JSB][Init] before Init_FDM ptr=000001EFE74DCB00
[JSB][Init] after Init_FDM ptr=000001EFE74DCB00
[JSB][Init] before Exec_FDM ptr=000001EFE74DCB00
[JSB][Init] after Exec_FDM ptr=000001EFE74DCB00
[JSB][Init] before InsertFighter BattleSpace=1 ptr=000001EFE74DCB00
[JSB][Init] after InsertFighter FighterID=1
[JSB][Init] enter BattleSpace=1 Type=1 ForceSide=2 Delta=0.0166667
[JSB][Init] registry size=1
[JSB][Init] before new AIP_FDMExec
[JSB][Init] after new AIP_FDMExec ptr=000001EFE74DC4D0
[JSB][Init] before Init_FDM ptr=000001EFE74DC4D0
[JSB][Init] after Init_FDM ptr=000001EFE74DC4D0
[JSB][Init] before Exec_FDM ptr=000001EFE74DC4D0
[JSB][Init] after Exec_FDM ptr=000001EFE74DC4D0
[JSB][Init] before InsertFighter BattleSpace=1 ptr=000001EFE74DC4D0
[JSB][Init] after InsertFighter FighterID=2
runner:engagement_replay/env:0	num_steps=[269] | total rewards=[1246.0332] | termination= [target destroyed]
[JSB][RemoveSpace] enter BattleSpace=1
[JSB][RemoveSpace] after lock found=1 size=1
[JSB][RemoveSpace] FighterPtr=000001EFE500D6A0 fighter_count_before=2
[JSB][RemoveSpace] fighter_count_after=0
Remove Space Complete.
[JSB][RemoveSpace] exit after_size=0
[DogFightEnv][EngagementReplay] iter=25 ep=0 steps=199 outcome=draw min_dist=205.21 | ep=1 steps=1647 outcome=loss min_dist=181.38 | ep=2 steps=269 outcome=win min_dist=267.43
stage=35 | iter_in_stage=25 | total_iter=25 | reward_mean=732.26 | win_rate=0.333 | draw_rate=0.292 | crash_rate=0.026 | ep_wez_steps=19.3 | episodes_this_iter=30 | entropy=-3.568 | vf_loss=139.253
[36m(SingleAgentEnvRunner pid=58040)[0m runner:8/env:0	num_steps=[2000] | total rewards=[716.3688] | termination= [max time out]
[36m(SingleAgentEnvRunner pid=58040)[0m [JSB][Reset] enter BattleSpace=1[32m [repeated 9x across cluster][0m
[36m(SingleAgentEnvRunner pid=58040)[0m [JSB][Reset] after lock found=1 size=1[32m [repeated 9x across cluster][0m
[36m(SingleAgentEnvRunner pid=58040)[0m [JSB][Reset] FighterPtr=000002320C52B1A0 fighter_count_before=2[32m [repeated 17x across cluster][0m
[36m(SingleAgentEnvRunner pid=58040)[0m total: 2[32m [repeated 9x across cluster][0m
[36m(SingleAgentEnvRunner pid=61016)[0m [JSB][Reset] exit after_size=1[32m [repeated 8x across cluster][0m
[36m(SingleAgentEnvRunner pid=61016)[0m runner:15/env:0	num_steps=[233] | total rewards=[579.7757] | termination= [ownship destroyed][32m [repeated 5x across cluster][0m
[36m(SingleAgentEnvRunner pid=61016)[0m [JSB][Init] enter BattleSpace=1 Type=1 ForceSide=2 Delta=0.0166667[32m [repeated 16x across cluster][0m
[36m(SingleAgentEnvRunner pid=61016)[0m [JSB][Init] registry size=1[32m [repeated 16x across cluster][0m
[36m(SingleAgentEnvRunner pid=61016)[0m [JSB][Init] before new AIP_FDMExec[32m [repeated 16x across cluster][0m
[36m(SingleAgentEnvRunner pid=61016)[0m [JSB][Init] after new AIP_FDMExec ptr=0000022613741260[32m [repeated 16x across cluster][0m
[36m(SingleAgentEnvRunner pid=61016)[0m [JSB][Init] before Init_FDM ptr=0000022613741260[32m [repeated 16x across cluster][0m
[36m(SingleAgentEnvRunner pid=61016)[0m [JSB][Init] after Init_FDM ptr=0000022613741260[32m [repeated 16x across cluster][0m
[36m(SingleAgentEnvRunner pid=61016)[0m [JSB][Init] before Exec_FDM ptr=0000022613741260[32m [repeated 16x across cluster][0m
[36m(SingleAgentEnvRunner pid=61016)[0m [JSB][Init] after Exec_FDM ptr=0000022613741260[32m [repeated 16x across cluster][0m
[36m(SingleAgentEnvRunner pid=61016)[0m [JSB][Init] before InsertFighter BattleSpace=1 ptr=0000022613741260[32m [repeated 16x across cluster][0m
[36m(SingleAgentEnvRunner pid=61016)[0m [JSB][Init] after InsertFighter FighterID=2[32m [repeated 16x across cluster][0m
[36m(SingleAgentEnvRunner pid=63120)[0m runner:9/env:0	num_steps=[240] | total rewards=[1349.7131] | termination= [target destroyed][32m [repeated 3x across cluster][0m
[36m(SingleAgentEnvRunner pid=63120)[0m runner:9/env:0	num_steps=[643] | total rewards=[-718.0589] | termination= [ownship altitude below min]
[36m(SingleAgentEnvRunner pid=66008)[0m [JSB][Reset] enter BattleSpace=1[32m [repeated 19x across cluster][0m
[36m(SingleAgentEnvRunner pid=66008)[0m [JSB][Reset] after lock found=1 size=1[32m [repeated 19x across cluster][0m
[36m(SingleAgentEnvRunner pid=66008)[0m [JSB][Reset] fighter_count_after=0[32m [repeated 39x across cluster][0m
[36m(SingleAgentEnvRunner pid=66008)[0m total: 2[32m [repeated 19x across cluster][0m
[36m(SingleAgentEnvRunner pid=66008)[0m [JSB][Reset] exit after_size=1[32m [repeated 20x across cluster][0m
[36m(SingleAgentEnvRunner pid=66008)[0m runner:7/env:0	num_steps=[212] | total rewards=[584.8396] | termination= [ownship destroyed][32m [repeated 14x across cluster][0m
[36m(SingleAgentEnvRunner pid=59532)[0m [JSB][Init] enter BattleSpace=1 Type=1 ForceSide=2 Delta=0.0166667[32m [repeated 38x across cluster][0m
[36m(SingleAgentEnvRunner pid=59532)[0m [JSB][Init] registry size=1[32m [repeated 38x across cluster][0m
[36m(SingleAgentEnvRunner pid=59532)[0m [JSB][Init] before new AIP_FDMExec[32m [repeated 38x across cluster][0m
[36m(SingleAgentEnvRunner pid=59532)[0m [JSB][Init] after new AIP_FDMExec ptr=0000021A3494CFE0[32m [repeated 38x across cluster][0m
[36m(SingleAgentEnvRunner pid=59532)[0m [JSB][Init] before Init_FDM ptr=0000021A3494CFE0[32m [repeated 38x across cluster][0m
[36m(SingleAgentEnvRunner pid=59532)[0m [JSB][Init] after Init_FDM ptr=0000021A3494CFE0[32m [repeated 38x across cluster][0m
[36m(SingleAgentEnvRunner pid=59532)[0m [JSB][Init] before Exec_FDM ptr=0000021A3494CFE0[32m [repeated 38x across cluster][0m
[36m(SingleAgentEnvRunner pid=59532)[0m [JSB][Init] after Exec_FDM ptr=0000021A3494CFE0[32m [repeated 38x across cluster][0m
[36m(SingleAgentEnvRunner pid=59532)[0m [JSB][Init] before InsertFighter BattleSpace=1 ptr=0000021A3494CFE0[32m [repeated 38x across cluster][0m
[36m(SingleAgentEnvRunner pid=59532)[0m [JSB][Init] after InsertFighter FighterID=2[32m [repeated 38x across cluster][0m
[36m(SingleAgentEnvRunner pid=61920)[0m runner:13/env:0	num_steps=[232] | total rewards=[1368.8913] | termination= [target destroyed][32m [repeated 3x across cluster][0m
[36m(SingleAgentEnvRunner pid=36412)[0m runner:6/env:0	num_steps=[2000] | total rewards=[408.3416] | termination= [max time out]
stage=35 | iter_in_stage=26 | total_iter=26 | reward_mean=673.24 | win_rate=0.339 | draw_rate=0.274 | crash_rate=0.107 | ep_wez_steps=23.3 | episodes_this_iter=27 | entropy=-3.553 | vf_loss=74.871
[36m(SingleAgentEnvRunner pid=39980)[0m runner:2/env:0	num_steps=[1522] | total rewards=[-576.4068] | termination= [ownship altitude below min]
[36m(SingleAgentEnvRunner pid=61544)[0m [JSB][Reset] enter BattleSpace=1[32m [repeated 8x across cluster][0m
[36m(SingleAgentEnvRunner pid=61544)[0m [JSB][Reset] after lock found=1 size=1[32m [repeated 8x across cluster][0m
[36m(SingleAgentEnvRunner pid=61544)[0m [JSB][Reset] fighter_count_after=0[32m [repeated 16x across cluster][0m
[36m(SingleAgentEnvRunner pid=61544)[0m total: 2[32m [repeated 8x across cluster][0m
[36m(SingleAgentEnvRunner pid=61544)[0m [JSB][Reset] exit after_size=1[32m [repeated 8x across cluster][0m
[36m(SingleAgentEnvRunner pid=61544)[0m runner:1/env:0	num_steps=[674] | total rewards=[80.6021] | termination= [ownship destroyed][32m [repeated 3x across cluster][0m
[36m(SingleAgentEnvRunner pid=61544)[0m [JSB][Init] enter BattleSpace=1 Type=1 ForceSide=1 Delta=0.0166667[32m [repeated 17x across cluster][0m
[36m(SingleAgentEnvRunner pid=61544)[0m [JSB][Init] registry size=1[32m [repeated 17x across cluster][0m
[36m(SingleAgentEnvRunner pid=61544)[0m [JSB][Init] before new AIP_FDMExec[32m [repeated 17x across cluster][0m
[36m(SingleAgentEnvRunner pid=61544)[0m [JSB][Init] after new AIP_FDMExec ptr=000001E411D311C0[32m [repeated 17x across cluster][0m
[36m(SingleAgentEnvRunner pid=61544)[0m [JSB][Init] before Init_FDM ptr=000001E411D311C0[32m [repeated 17x across cluster][0m
[36m(SingleAgentEnvRunner pid=39980)[0m [JSB][Init] after Init_FDM ptr=0000025911CA7710[32m [repeated 16x across cluster][0m
[36m(SingleAgentEnvRunner pid=39980)[0m [JSB][Init] before Exec_FDM ptr=0000025911CA7710[32m [repeated 16x across cluster][0m
[36m(SingleAgentEnvRunner pid=39980)[0m [JSB][Init] after Exec_FDM ptr=0000025911CA7710[32m [repeated 16x across cluster][0m
[36m(SingleAgentEnvRunner pid=39980)[0m [JSB][Init] before InsertFighter BattleSpace=1 ptr=0000025911CA7710[32m [repeated 16x across cluster][0m
[36m(SingleAgentEnvRunner pid=39980)[0m [JSB][Init] after InsertFighter FighterID=2[32m [repeated 16x across cluster][0m
[36m(SingleAgentEnvRunner pid=39980)[0m runner:2/env:0	num_steps=[349] | total rewards=[1372.1650] | termination= [target destroyed][32m [repeated 4x across cluster][0m
[36m(SingleAgentEnvRunner pid=15664)[0m runner:16/env:0	num_steps=[2000] | total rewards=[161.6702] | termination= [max time out]
[36m(SingleAgentEnvRunner pid=66008)[0m runner:7/env:0	num_steps=[579] | total rewards=[-305.1889] | termination= [ownship altitude below min]
[36m(SingleAgentEnvRunner pid=59532)[0m [JSB][Reset] enter BattleSpace=1[32m [repeated 22x across cluster][0m
[36m(SingleAgentEnvRunner pid=59532)[0m [JSB][Reset] after lock found=1 size=1[32m [repeated 22x across cluster][0m
[36m(SingleAgentEnvRunner pid=59532)[0m [JSB][Reset] fighter_count_after=0[32m [repeated 44x across cluster][0m
[36m(SingleAgentEnvRunner pid=59532)[0m total: 2[32m [repeated 22x across cluster][0m
[36m(SingleAgentEnvRunner pid=59532)[0m [JSB][Reset] exit after_size=1[32m [repeated 22x across cluster][0m
[36m(SingleAgentEnvRunner pid=47444)[0m runner:4/env:0	num_steps=[223] | total rewards=[623.7974] | termination= [ownship destroyed][32m [repeated 13x across cluster][0m
[36m(SingleAgentEnvRunner pid=59532)[0m [JSB][Init] enter BattleSpace=1 Type=1 ForceSide=2 Delta=0.0166667[32m [repeated 45x across cluster][0m
[36m(SingleAgentEnvRunner pid=59532)[0m [JSB][Init] registry size=1[32m [repeated 45x across cluster][0m
[36m(SingleAgentEnvRunner pid=59532)[0m [JSB][Init] before new AIP_FDMExec[32m [repeated 45x across cluster][0m
[36m(SingleAgentEnvRunner pid=59532)[0m [JSB][Init] after new AIP_FDMExec ptr=0000021A338C5B80[32m [repeated 45x across cluster][0m
[36m(SingleAgentEnvRunner pid=59532)[0m [JSB][Init] before Init_FDM ptr=0000021A338C5B80[32m [repeated 45x across cluster][0m
[36m(SingleAgentEnvRunner pid=59532)[0m [JSB][Init] after Init_FDM ptr=0000021A338C69F0[32m [repeated 45x across cluster][0m
[36m(SingleAgentEnvRunner pid=59532)[0m [JSB][Init] before Exec_FDM ptr=0000021A338C69F0[32m [repeated 45x across cluster][0m
[36m(SingleAgentEnvRunner pid=59532)[0m [JSB][Init] after Exec_FDM ptr=0000021A338C69F0[32m [repeated 45x across cluster][0m
[36m(SingleAgentEnvRunner pid=59532)[0m [JSB][Init] before InsertFighter BattleSpace=1 ptr=0000021A338C69F0[32m [repeated 45x across cluster][0m
[36m(SingleAgentEnvRunner pid=59532)[0m [JSB][Init] after InsertFighter FighterID=1[32m [repeated 45x across cluster][0m
[36m(SingleAgentEnvRunner pid=59532)[0m runner:3/env:0	num_steps=[193] | total rewards=[1291.5591] | termination= [target destroyed][32m [repeated 7x across cluster][0m
stage=35 | iter_in_stage=27 | total_iter=27 | reward_mean=685.37 | win_rate=0.255 | draw_rate=0.320 | crash_rate=0.036 | ep_wez_steps=19.3 | episodes_this_iter=32 | entropy=-3.560 | vf_loss=114.662
[36m(SingleAgentEnvRunner pid=57920)[0m [JSB][Reset] enter BattleSpace=1[32m [repeated 10x across cluster][0m
[36m(SingleAgentEnvRunner pid=57920)[0m [JSB][Reset] after lock found=1 size=1[32m [repeated 10x across cluster][0m
[36m(SingleAgentEnvRunner pid=57920)[0m [JSB][Reset] fighter_count_after=0[32m [repeated 20x across cluster][0m
[36m(SingleAgentEnvRunner pid=57920)[0m total: 2[32m [repeated 10x across cluster][0m
[36m(SingleAgentEnvRunner pid=57920)[0m [JSB][Reset] exit after_size=1[32m [repeated 10x across cluster][0m
[36m(SingleAgentEnvRunner pid=57920)[0m runner:11/env:0	num_steps=[195] | total rewards=[628.6047] | termination= [ownship destroyed][32m [repeated 8x across cluster][0m
[36m(SingleAgentEnvRunner pid=57920)[0m [JSB][Init] enter BattleSpace=1 Type=1 ForceSide=1 Delta=0.0166667[32m [repeated 19x across cluster][0m
[36m(SingleAgentEnvRunner pid=57920)[0m [JSB][Init] registry size=1[32m [repeated 19x across cluster][0m
[36m(SingleAgentEnvRunner pid=57920)[0m [JSB][Init] before new AIP_FDMExec[32m [repeated 19x across cluster][0m
[36m(SingleAgentEnvRunner pid=57920)[0m [JSB][Init] after new AIP_FDMExec ptr=00000230134DD350[32m [repeated 19x across cluster][0m
[36m(SingleAgentEnvRunner pid=57920)[0m [JSB][Init] before Init_FDM ptr=00000230134DD350[32m [repeated 19x across cluster][0m
[36m(SingleAgentEnvRunner pid=15664)[0m [JSB][Init] after Init_FDM ptr=000002E49331CBE0[32m [repeated 19x across cluster][0m
[36m(SingleAgentEnvRunner pid=15664)[0m [JSB][Init] before Exec_FDM ptr=000002E49331CBE0[32m [repeated 19x across cluster][0m
[36m(SingleAgentEnvRunner pid=15664)[0m [JSB][Init] after Exec_FDM ptr=000002E49331CBE0[32m [repeated 19x across cluster][0m
[36m(SingleAgentEnvRunner pid=15664)[0m [JSB][Init] before InsertFighter BattleSpace=1 ptr=000002E49331CBE0[32m [repeated 19x across cluster][0m
[36m(SingleAgentEnvRunner pid=15664)[0m [JSB][Init] after InsertFighter FighterID=2[32m [repeated 19x across cluster][0m
[36m(SingleAgentEnvRunner pid=15664)[0m runner:16/env:0	num_steps=[215] | total rewards=[1405.6015] | termination= [target destroyed][32m [repeated 2x across cluster][0m
[36m(SingleAgentEnvRunner pid=36412)[0m runner:6/env:0	num_steps=[937] | total rewards=[-393.8687] | termination= [ownship altitude below min]
[36m(SingleAgentEnvRunner pid=15664)[0m [JSB][Reset] enter BattleSpace=1[32m [repeated 18x across cluster][0m
[36m(SingleAgentEnvRunner pid=15664)[0m [JSB][Reset] after lock found=1 size=1[32m [repeated 18x across cluster][0m
[36m(SingleAgentEnvRunner pid=15664)[0m [JSB][Reset] fighter_count_after=0[32m [repeated 36x across cluster][0m
[36m(SingleAgentEnvRunner pid=15664)[0m total: 2[32m [repeated 18x across cluster][0m
[36m(SingleAgentEnvRunner pid=15664)[0m [JSB][Reset] exit after_size=1[32m [repeated 18x across cluster][0m
[36m(SingleAgentEnvRunner pid=15664)[0m runner:16/env:0	num_steps=[247] | total rewards=[596.7323] | termination= [ownship destroyed][32m [repeated 9x across cluster][0m
[36m(SingleAgentEnvRunner pid=15664)[0m [JSB][Init] enter BattleSpace=1 Type=1 ForceSide=2 Delta=0.0166667[32m [repeated 37x across cluster][0m
[36m(SingleAgentEnvRunner pid=15664)[0m [JSB][Init] registry size=1[32m [repeated 37x across cluster][0m
[36m(SingleAgentEnvRunner pid=15664)[0m [JSB][Init] before new AIP_FDMExec[32m [repeated 37x across cluster][0m
[36m(SingleAgentEnvRunner pid=15664)[0m [JSB][Init] after new AIP_FDMExec ptr=000002E48F44D4B0[32m [repeated 37x across cluster][0m
[36m(SingleAgentEnvRunner pid=15664)[0m [JSB][Init] before Init_FDM ptr=000002E48F44D4B0[32m [repeated 37x across cluster][0m
[36m(SingleAgentEnvRunner pid=15664)[0m [JSB][Init] after Init_FDM ptr=000002E48F44D4B0[32m [repeated 38x across cluster][0m
[36m(SingleAgentEnvRunner pid=15664)[0m [JSB][Init] before Exec_FDM ptr=000002E48F44D4B0[32m [repeated 38x across cluster][0m
[36m(SingleAgentEnvRunner pid=15664)[0m [JSB][Init] after Exec_FDM ptr=000002E48F44D4B0[32m [repeated 38x across cluster][0m
[36m(SingleAgentEnvRunner pid=15664)[0m [JSB][Init] before InsertFighter BattleSpace=1 ptr=000002E48F44D4B0[32m [repeated 38x across cluster][0m
[36m(SingleAgentEnvRunner pid=15664)[0m [JSB][Init] after InsertFighter FighterID=2[32m [repeated 38x across cluster][0m
[36m(SingleAgentEnvRunner pid=61544)[0m runner:1/env:0	num_steps=[213] | total rewards=[1287.7478] | termination= [target destroyed][32m [repeated 6x across cluster][0m
[36m(SingleAgentEnvRunner pid=51724)[0m runner:12/env:0	num_steps=[1492] | total rewards=[-605.5261] | termination= [ownship altitude below min][32m [repeated 2x across cluster][0m
stage=35 | iter_in_stage=28 | total_iter=28 | reward_mean=630.47 | win_rate=0.273 | draw_rate=0.345 | crash_rate=0.094 | ep_wez_steps=19.4 | episodes_this_iter=26 | entropy=-3.567 | vf_loss=92.971
[36m(SingleAgentEnvRunner pid=63120)[0m [JSB][Reset] enter BattleSpace=1[32m [repeated 8x across cluster][0m
[36m(SingleAgentEnvRunner pid=63120)[0m [JSB][Reset] after lock found=1 size=1[32m [repeated 8x across cluster][0m
[36m(SingleAgentEnvRunner pid=63120)[0m [JSB][Reset] fighter_count_after=0[32m [repeated 16x across cluster][0m
[36m(SingleAgentEnvRunner pid=63120)[0m total: 2[32m [repeated 8x across cluster][0m
[36m(SingleAgentEnvRunner pid=63120)[0m [JSB][Reset] exit after_size=1[32m [repeated 8x across cluster][0m
[36m(SingleAgentEnvRunner pid=63120)[0m runner:9/env:0	num_steps=[231] | total rewards=[616.6668] | termination= [ownship destroyed][32m [repeated 8x across cluster][0m
[36m(SingleAgentEnvRunner pid=63120)[0m [JSB][Init] enter BattleSpace=1 Type=1 ForceSide=2 Delta=0.0166667[32m [repeated 16x across cluster][0m
[36m(SingleAgentEnvRunner pid=63120)[0m [JSB][Init] registry size=1[32m [repeated 16x across cluster][0m
[36m(SingleAgentEnvRunner pid=63120)[0m [JSB][Init] before new AIP_FDMExec[32m [repeated 16x across cluster][0m
[36m(SingleAgentEnvRunner pid=63120)[0m [JSB][Init] after new AIP_FDMExec ptr=0000017C12250A10[32m [repeated 16x across cluster][0m
[36m(SingleAgentEnvRunner pid=63120)[0m [JSB][Init] before Init_FDM ptr=0000017C12250A10[32m [repeated 16x across cluster][0m
[36m(SingleAgentEnvRunner pid=63120)[0m [JSB][Init] after Init_FDM ptr=0000017C12253560[32m [repeated 15x across cluster][0m
[36m(SingleAgentEnvRunner pid=63120)[0m [JSB][Init] before Exec_FDM ptr=0000017C12253560[32m [repeated 15x across cluster][0m
[36m(SingleAgentEnvRunner pid=63120)[0m [JSB][Init] after Exec_FDM ptr=0000017C12253560[32m [repeated 15x across cluster][0m
[36m(SingleAgentEnvRunner pid=63120)[0m [JSB][Init] before InsertFighter BattleSpace=1 ptr=0000017C12253560[32m [repeated 15x across cluster][0m
[36m(SingleAgentEnvRunner pid=63120)[0m [JSB][Init] after InsertFighter FighterID=1[32m [repeated 15x across cluster][0m
[36m(SingleAgentEnvRunner pid=66008)[0m runner:7/env:0	num_steps=[464] | total rewards=[1241.3565] | termination= [target destroyed]
[36m(SingleAgentEnvRunner pid=15664)[0m runner:16/env:0	num_steps=[644] | total rewards=[698.7998] | termination= [target altitude below min]
[36m(SingleAgentEnvRunner pid=57920)[0m runner:11/env:0	num_steps=[1139] | total rewards=[-514.5679] | termination= [ownship altitude below min]
[36m(SingleAgentEnvRunner pid=52932)[0m [JSB][Reset] enter BattleSpace=1[32m [repeated 12x across cluster][0m
[36m(SingleAgentEnvRunner pid=52932)[0m [JSB][Reset] after lock found=1 size=1[32m [repeated 12x across cluster][0m
[36m(SingleAgentEnvRunner pid=52932)[0m [JSB][Reset] fighter_count_after=0[32m [repeated 24x across cluster][0m
[36m(SingleAgentEnvRunner pid=52932)[0m total: 2[32m [repeated 12x across cluster][0m
[36m(SingleAgentEnvRunner pid=52932)[0m [JSB][Reset] exit after_size=1[32m [repeated 12x across cluster][0m
[36m(SingleAgentEnvRunner pid=18256)[0m runner:14/env:0	num_steps=[218] | total rewards=[669.4380] | termination= [ownship destroyed][32m [repeated 7x across cluster][0m
[36m(SingleAgentEnvRunner pid=52932)[0m [JSB][Init] enter BattleSpace=1 Type=1 ForceSide=1 Delta=0.0166667[32m [repeated 23x across cluster][0m
[36m(SingleAgentEnvRunner pid=52932)[0m [JSB][Init] registry size=1[32m [repeated 23x across cluster][0m
[36m(SingleAgentEnvRunner pid=52932)[0m [JSB][Init] before new AIP_FDMExec[32m [repeated 23x across cluster][0m
[36m(SingleAgentEnvRunner pid=18256)[0m [JSB][Init] after new AIP_FDMExec ptr=000001DE91FC4570[32m [repeated 22x across cluster][0m
[36m(SingleAgentEnvRunner pid=18256)[0m [JSB][Init] before Init_FDM ptr=000001DE91FC4570[32m [repeated 22x across cluster][0m
[36m(SingleAgentEnvRunner pid=18256)[0m [JSB][Init] after Init_FDM ptr=000001DE91FC4570[32m [repeated 23x across cluster][0m
[36m(SingleAgentEnvRunner pid=18256)[0m [JSB][Init] before Exec_FDM ptr=000001DE91FC4570[32m [repeated 23x across cluster][0m
[36m(SingleAgentEnvRunner pid=18256)[0m [JSB][Init] after Exec_FDM ptr=000001DE91FC4570[32m [repeated 23x across cluster][0m
[36m(SingleAgentEnvRunner pid=18256)[0m [JSB][Init] before InsertFighter BattleSpace=1 ptr=000001DE91FC4570[32m [repeated 23x across cluster][0m
[36m(SingleAgentEnvRunner pid=18256)[0m [JSB][Init] after InsertFighter FighterID=2[32m [repeated 23x across cluster][0m
[36m(SingleAgentEnvRunner pid=15664)[0m runner:16/env:0	num_steps=[442] | total rewards=[28.4108] | termination= [target altitude below min]
[36m(SingleAgentEnvRunner pid=18096)[0m runner:5/env:0	num_steps=[2000] | total rewards=[193.1550] | termination= [max time out]
[36m(SingleAgentEnvRunner pid=51724)[0m runner:12/env:0	num_steps=[279] | total rewards=[1455.7778] | termination= [target destroyed][32m [repeated 3x across cluster][0m
stage=35 | iter_in_stage=29 | total_iter=29 | reward_mean=404.01 | win_rate=0.231 | draw_rate=0.212 | crash_rate=0.192 | ep_wez_steps=15.4 | episodes_this_iter=26 | entropy=-3.568 | vf_loss=138.920
[36m(SingleAgentEnvRunner pid=63120)[0m runner:9/env:0	num_steps=[806] | total rewards=[-533.7720] | termination= [ownship altitude below min][32m [repeated 2x across cluster][0m
[36m(SingleAgentEnvRunner pid=63120)[0m [JSB][Reset] enter BattleSpace=1[32m [repeated 14x across cluster][0m
[36m(SingleAgentEnvRunner pid=63120)[0m [JSB][Reset] after lock found=1 size=1[32m [repeated 14x across cluster][0m
[36m(SingleAgentEnvRunner pid=63120)[0m [JSB][Reset] fighter_count_after=0[32m [repeated 28x across cluster][0m
[36m(SingleAgentEnvRunner pid=63120)[0m total: 2[32m [repeated 14x across cluster][0m
[36m(SingleAgentEnvRunner pid=63120)[0m [JSB][Reset] exit after_size=1[32m [repeated 14x across cluster][0m
[36m(SingleAgentEnvRunner pid=63120)[0m runner:9/env:0	num_steps=[246] | total rewards=[703.7539] | termination= [ownship destroyed][32m [repeated 4x across cluster][0m
[36m(SingleAgentEnvRunner pid=63120)[0m [JSB][Init] enter BattleSpace=1 Type=1 ForceSide=1 Delta=0.0166667[32m [repeated 28x across cluster][0m
[36m(SingleAgentEnvRunner pid=63120)[0m [JSB][Init] registry size=1[32m [repeated 28x across cluster][0m
[36m(SingleAgentEnvRunner pid=63120)[0m [JSB][Init] before new AIP_FDMExec[32m [repeated 28x across cluster][0m
[36m(SingleAgentEnvRunner pid=63120)[0m [JSB][Init] after new AIP_FDMExec ptr=0000017C120C2050[32m [repeated 29x across cluster][0m
[36m(SingleAgentEnvRunner pid=63120)[0m [JSB][Init] before Init_FDM ptr=0000017C120C2050[32m [repeated 29x across cluster][0m
[36m(SingleAgentEnvRunner pid=18096)[0m [JSB][Init] after Init_FDM ptr=000001A6122D7A70[32m [repeated 28x across cluster][0m
[36m(SingleAgentEnvRunner pid=18096)[0m [JSB][Init] before Exec_FDM ptr=000001A6122D7A70[32m [repeated 28x across cluster][0m
[36m(SingleAgentEnvRunner pid=18096)[0m [JSB][Init] after Exec_FDM ptr=000001A6122D7A70[32m [repeated 28x across cluster][0m
[36m(SingleAgentEnvRunner pid=18096)[0m [JSB][Init] before InsertFighter BattleSpace=1 ptr=000001A6122D7A70[32m [repeated 28x across cluster][0m
[36m(SingleAgentEnvRunner pid=18096)[0m [JSB][Init] after InsertFighter FighterID=2[32m [repeated 28x across cluster][0m
[36m(SingleAgentEnvRunner pid=61016)[0m runner:15/env:0	num_steps=[2000] | total rewards=[324.6540] | termination= [max time out][32m [repeated 3x across cluster][0m
[36m(SingleAgentEnvRunner pid=58040)[0m runner:8/env:0	num_steps=[220] | total rewards=[1402.6766] | termination= [target destroyed][32m [repeated 2x across cluster][0m
[36m(SingleAgentEnvRunner pid=61920)[0m [JSB][Reset] enter BattleSpace=1[32m [repeated 16x across cluster][0m
[36m(SingleAgentEnvRunner pid=61920)[0m [JSB][Reset] after lock found=1 size=1[32m [repeated 16x across cluster][0m
[36m(SingleAgentEnvRunner pid=61920)[0m [JSB][Reset] fighter_count_after=0[32m [repeated 32x across cluster][0m
[36m(SingleAgentEnvRunner pid=61920)[0m total: 2[32m [repeated 16x across cluster][0m
[36m(SingleAgentEnvRunner pid=61920)[0m [JSB][Reset] exit after_size=1[32m [repeated 16x across cluster][0m
[36m(SingleAgentEnvRunner pid=61920)[0m runner:13/env:0	num_steps=[223] | total rewards=[605.4812] | termination= [ownship destroyed][32m [repeated 10x across cluster][0m
[36m(SingleAgentEnvRunner pid=61920)[0m [JSB][Init] enter BattleSpace=1 Type=1 ForceSide=2 Delta=0.0166667[32m [repeated 33x across cluster][0m
[36m(SingleAgentEnvRunner pid=61920)[0m [JSB][Init] registry size=1[32m [repeated 33x across cluster][0m
[36m(SingleAgentEnvRunner pid=61920)[0m [JSB][Init] before new AIP_FDMExec[32m [repeated 33x across cluster][0m
[36m(SingleAgentEnvRunner pid=61920)[0m [JSB][Init] after new AIP_FDMExec ptr=0000014B91CD4020[32m [repeated 33x across cluster][0m
[36m(SingleAgentEnvRunner pid=61920)[0m [JSB][Init] before Init_FDM ptr=0000014B91CD4020[32m [repeated 33x across cluster][0m
[36m(SingleAgentEnvRunner pid=61920)[0m [JSB][Init] after Init_FDM ptr=0000014B91CD4020[32m [repeated 34x across cluster][0m
[36m(SingleAgentEnvRunner pid=61920)[0m [JSB][Init] before Exec_FDM ptr=0000014B91CD4020[32m [repeated 34x across cluster][0m
[36m(SingleAgentEnvRunner pid=61920)[0m [JSB][Init] after Exec_FDM ptr=0000014B91CD4020[32m [repeated 34x across cluster][0m
[36m(SingleAgentEnvRunner pid=61920)[0m [JSB][Init] before InsertFighter BattleSpace=1 ptr=0000014B91CD4020[32m [repeated 34x across cluster][0m
[36m(SingleAgentEnvRunner pid=61920)[0m [JSB][Init] after InsertFighter FighterID=2[32m [repeated 34x across cluster][0m
[36m(SingleAgentEnvRunner pid=61920)[0m runner:13/env:0	num_steps=[2000] | total rewards=[687.9606] | termination= [max time out]
[36m(SingleAgentEnvRunner pid=39980)[0m runner:2/env:0	num_steps=[190] | total rewards=[1372.6980] | termination= [target destroyed][32m [repeated 6x across cluster][0m
[36m(SingleAgentEnvRunner pid=36412)[0m runner:6/env:0	num_steps=[2000] | total rewards=[437.3001] | termination= [max time out]
stage=35 | iter_in_stage=30 | total_iter=30 | reward_mean=681.70 | win_rate=0.270 | draw_rate=0.290 | crash_rate=0.000 | ep_wez_steps=19.0 | episodes_this_iter=26 | entropy=-3.578 | vf_loss=66.346
[36m(SingleAgentEnvRunner pid=39980)[0m [JSB][Reset] enter BattleSpace=1[32m [repeated 10x across cluster][0m
[36m(SingleAgentEnvRunner pid=39980)[0m [JSB][Reset] after lock found=1 size=1[32m [repeated 10x across cluster][0m
[36m(SingleAgentEnvRunner pid=39980)[0m [JSB][Reset] FighterPtr=000002590CD38D90 fighter_count_before=2[32m [repeated 19x across cluster][0m
[36m(SingleAgentEnvRunner pid=39980)[0m total: 2[32m [repeated 10x across cluster][0m
[36m(SingleAgentEnvRunner pid=15664)[0m [JSB][Reset] exit after_size=1[32m [repeated 9x across cluster][0m
[36m(SingleAgentEnvRunner pid=39980)[0m runner:2/env:0	num_steps=[249] | total rewards=[470.4481] | termination= [ownship destroyed][32m [repeated 8x across cluster][0m
[36m(SingleAgentEnvRunner pid=15664)[0m [JSB][Init] enter BattleSpace=1 Type=1 ForceSide=2 Delta=0.0166667[32m [repeated 18x across cluster][0m
[36m(SingleAgentEnvRunner pid=15664)[0m [JSB][Init] registry size=1[32m [repeated 18x across cluster][0m
[36m(SingleAgentEnvRunner pid=15664)[0m [JSB][Init] before new AIP_FDMExec[32m [repeated 18x across cluster][0m
[36m(SingleAgentEnvRunner pid=15664)[0m [JSB][Init] after new AIP_FDMExec ptr=000002E4921F4270[32m [repeated 18x across cluster][0m
[36m(SingleAgentEnvRunner pid=15664)[0m [JSB][Init] before Init_FDM ptr=000002E4921F4270[32m [repeated 18x across cluster][0m
[36m(SingleAgentEnvRunner pid=15664)[0m [JSB][Init] after Init_FDM ptr=000002E4921F4270[32m [repeated 18x across cluster][0m
[36m(SingleAgentEnvRunner pid=15664)[0m [JSB][Init] before Exec_FDM ptr=000002E4921F4270[32m [repeated 18x across cluster][0m
[36m(SingleAgentEnvRunner pid=15664)[0m [JSB][Init] after Exec_FDM ptr=000002E4921F4270[32m [repeated 18x across cluster][0m
[36m(SingleAgentEnvRunner pid=15664)[0m [JSB][Init] before InsertFighter BattleSpace=1 ptr=000002E4921F4270[32m [repeated 18x across cluster][0m
[36m(SingleAgentEnvRunner pid=15664)[0m [JSB][Init] after InsertFighter FighterID=2[32m [repeated 18x across cluster][0m
[36m(SingleAgentEnvRunner pid=59532)[0m runner:3/env:0	num_steps=[398] | total rewards=[1461.2708] | termination= [target destroyed]
[36m(SingleAgentEnvRunner pid=61544)[0m runner:1/env:0	num_steps=[1288] | total rewards=[1479.0846] | termination= [target destroyed]
[36m(SingleAgentEnvRunner pid=18096)[0m runner:5/env:0	num_steps=[1321] | total rewards=[-110.9085] | termination= [ownship altitude below min]
[36m(SingleAgentEnvRunner pid=66008)[0m runner:7/env:0	num_steps=[2000] | total rewards=[592.4013] | termination= [max time out]
[36m(SingleAgentEnvRunner pid=57920)[0m [JSB][Reset] enter BattleSpace=1[32m [repeated 20x across cluster][0m
[36m(SingleAgentEnvRunner pid=57920)[0m [JSB][Reset] after lock found=1 size=1[32m [repeated 20x across cluster][0m
[36m(SingleAgentEnvRunner pid=57920)[0m [JSB][Reset] fighter_count_after=0[32m [repeated 41x across cluster][0m
[36m(SingleAgentEnvRunner pid=57920)[0m total: 2[32m [repeated 20x across cluster][0m
[36m(SingleAgentEnvRunner pid=57920)[0m [JSB][Reset] exit after_size=1[32m [repeated 21x across cluster][0m
[36m(SingleAgentEnvRunner pid=57920)[0m runner:11/env:0	num_steps=[227] | total rewards=[574.7116] | termination= [ownship destroyed][32m [repeated 10x across cluster][0m
[36m(SingleAgentEnvRunner pid=57920)[0m [JSB][Init] enter BattleSpace=1 Type=1 ForceSide=1 Delta=0.0166667[32m [repeated 41x across cluster][0m
[36m(SingleAgentEnvRunner pid=57920)[0m [JSB][Init] registry size=1[32m [repeated 41x across cluster][0m
[36m(SingleAgentEnvRunner pid=57920)[0m [JSB][Init] before new AIP_FDMExec[32m [repeated 41x across cluster][0m
[36m(SingleAgentEnvRunner pid=57920)[0m [JSB][Init] after new AIP_FDMExec ptr=000002301195C4D0[32m [repeated 41x across cluster][0m
[36m(SingleAgentEnvRunner pid=57920)[0m [JSB][Init] before Init_FDM ptr=000002301195C4D0[32m [repeated 41x across cluster][0m
[36m(SingleAgentEnvRunner pid=61544)[0m [JSB][Init] after Init_FDM ptr=000001E411D69B30[32m [repeated 40x across cluster][0m
[36m(SingleAgentEnvRunner pid=61544)[0m [JSB][Init] before Exec_FDM ptr=000001E411D69B30[32m [repeated 40x across cluster][0m
[36m(SingleAgentEnvRunner pid=61544)[0m [JSB][Init] after Exec_FDM ptr=000001E411D69B30[32m [repeated 40x across cluster][0m
[36m(SingleAgentEnvRunner pid=61544)[0m [JSB][Init] before InsertFighter BattleSpace=1 ptr=000001E411D69B30[32m [repeated 40x across cluster][0m
[36m(SingleAgentEnvRunner pid=61544)[0m [JSB][Init] after InsertFighter FighterID=2[32m [repeated 40x across cluster][0m
[36m(SingleAgentEnvRunner pid=59532)[0m runner:3/env:0	num_steps=[235] | total rewards=[1329.9049] | termination= [target destroyed][32m [repeated 5x across cluster][0m
[36m(SingleAgentEnvRunner pid=58040)[0m runner:8/env:0	num_steps=[1167] | total rewards=[-741.0038] | termination= [ownship altitude below min]
[36m(SingleAgentEnvRunner pid=61016)[0m runner:15/env:0	num_steps=[2000] | total rewards=[511.6943] | termination= [max time out][32m [repeated 2x across cluster][0m
stage=35 | iter_in_stage=31 | total_iter=31 | reward_mean=656.70 | win_rate=0.289 | draw_rate=0.208 | crash_rate=0.071 | ep_wez_steps=19.3 | episodes_this_iter=34 | entropy=-3.584 | vf_loss=294.838
[36m(SingleAgentEnvRunner pid=61544)[0m [JSB][Reset] enter BattleSpace=1[32m [repeated 14x across cluster][0m
[36m(SingleAgentEnvRunner pid=61544)[0m [JSB][Reset] after lock found=1 size=1[32m [repeated 14x across cluster][0m
[36m(SingleAgentEnvRunner pid=61544)[0m [JSB][Reset] fighter_count_after=0[32m [repeated 28x across cluster][0m
[36m(SingleAgentEnvRunner pid=61544)[0m total: 2[32m [repeated 14x across cluster][0m
[36m(SingleAgentEnvRunner pid=61544)[0m [JSB][Reset] exit after_size=1[32m [repeated 14x across cluster][0m
[36m(SingleAgentEnvRunner pid=57920)[0m runner:11/env:0	num_steps=[194] | total rewards=[631.7598] | termination= [ownship destroyed][32m [repeated 7x across cluster][0m
[36m(SingleAgentEnvRunner pid=61544)[0m [JSB][Init] enter BattleSpace=1 Type=1 ForceSide=2 Delta=0.0166667[32m [repeated 29x across cluster][0m
[36m(SingleAgentEnvRunner pid=61544)[0m [JSB][Init] registry size=1[32m [repeated 29x across cluster][0m
[36m(SingleAgentEnvRunner pid=61544)[0m [JSB][Init] before new AIP_FDMExec[32m [repeated 29x across cluster][0m
[36m(SingleAgentEnvRunner pid=61544)[0m [JSB][Init] after new AIP_FDMExec ptr=000001E411D69D40[32m [repeated 29x across cluster][0m
[36m(SingleAgentEnvRunner pid=61544)[0m [JSB][Init] before Init_FDM ptr=000001E411D69D40[32m [repeated 29x across cluster][0m
[36m(SingleAgentEnvRunner pid=61544)[0m [JSB][Init] after Init_FDM ptr=000001E411D6A580[32m [repeated 29x across cluster][0m
[36m(SingleAgentEnvRunner pid=61544)[0m [JSB][Init] before Exec_FDM ptr=000001E411D6A580[32m [repeated 29x across cluster][0m
[36m(SingleAgentEnvRunner pid=61544)[0m [JSB][Init] after Exec_FDM ptr=000001E411D6A580[32m [repeated 29x across cluster][0m
[36m(SingleAgentEnvRunner pid=61544)[0m [JSB][Init] before InsertFighter BattleSpace=1 ptr=000001E411D6A580[32m [repeated 29x across cluster][0m
[36m(SingleAgentEnvRunner pid=61544)[0m [JSB][Init] after InsertFighter FighterID=1[32m [repeated 29x across cluster][0m
[36m(SingleAgentEnvRunner pid=61544)[0m runner:1/env:0	num_steps=[224] | total rewards=[1383.9273] | termination= [target destroyed][32m [repeated 5x across cluster][0m
[36m(SingleAgentEnvRunner pid=52932)[0m runner:10/env:0	num_steps=[2000] | total rewards=[513.4427] | termination= [max time out]
[36m(SingleAgentEnvRunner pid=61016)[0m runner:15/env:0	num_steps=[661] | total rewards=[-727.7486] | termination= [ownship altitude below min]
[36m(SingleAgentEnvRunner pid=57920)[0m [JSB][Reset] enter BattleSpace=1[32m [repeated 22x across cluster][0m
[36m(SingleAgentEnvRunner pid=57920)[0m [JSB][Reset] after lock found=1 size=1[32m [repeated 22x across cluster][0m
[36m(SingleAgentEnvRunner pid=57920)[0m [JSB][Reset] fighter_count_after=0[32m [repeated 44x across cluster][0m
[36m(SingleAgentEnvRunner pid=57920)[0m total: 2[32m [repeated 22x across cluster][0m
[36m(SingleAgentEnvRunner pid=57920)[0m [JSB][Reset] exit after_size=1[32m [repeated 22x across cluster][0m
[36m(SingleAgentEnvRunner pid=61544)[0m runner:1/env:0	num_steps=[224] | total rewards=[566.8004] | termination= [ownship destroyed][32m [repeated 14x across cluster][0m
[36m(SingleAgentEnvRunner pid=57920)[0m [JSB][Init] enter BattleSpace=1 Type=1 ForceSide=2 Delta=0.0166667[32m [repeated 44x across cluster][0m
[36m(SingleAgentEnvRunner pid=57920)[0m [JSB][Init] registry size=1[32m [repeated 44x across cluster][0m
[36m(SingleAgentEnvRunner pid=57920)[0m [JSB][Init] before new AIP_FDMExec[32m [repeated 44x across cluster][0m
[36m(SingleAgentEnvRunner pid=57920)[0m [JSB][Init] after new AIP_FDMExec ptr=0000023011523340[32m [repeated 44x across cluster][0m
[36m(SingleAgentEnvRunner pid=57920)[0m [JSB][Init] before Init_FDM ptr=0000023011523340[32m [repeated 44x across cluster][0m
[36m(SingleAgentEnvRunner pid=57920)[0m [JSB][Init] after Init_FDM ptr=0000023011523340[32m [repeated 45x across cluster][0m
[36m(SingleAgentEnvRunner pid=57920)[0m [JSB][Init] before Exec_FDM ptr=0000023011523340[32m [repeated 45x across cluster][0m
[36m(SingleAgentEnvRunner pid=57920)[0m [JSB][Init] after Exec_FDM ptr=0000023011523340[32m [repeated 45x across cluster][0m
[36m(SingleAgentEnvRunner pid=57920)[0m [JSB][Init] before InsertFighter BattleSpace=1 ptr=0000023011523340[32m [repeated 45x across cluster][0m
[36m(SingleAgentEnvRunner pid=57920)[0m [JSB][Init] after InsertFighter FighterID=2[32m [repeated 45x across cluster][0m
[36m(SingleAgentEnvRunner pid=52932)[0m runner:10/env:0	num_steps=[228] | total rewards=[1383.4393] | termination= [target destroyed][32m [repeated 7x across cluster][0m
[36m(SingleAgentEnvRunner pid=36412)[0m runner:6/env:0	num_steps=[2000] | total rewards=[494.9082] | termination= [max time out]
stage=35 | iter_in_stage=32 | total_iter=32 | reward_mean=619.77 | win_rate=0.250 | draw_rate=0.306 | crash_rate=0.089 | ep_wez_steps=21.4 | episodes_this_iter=35 | entropy=-3.591 | vf_loss=119.580
[36m(SingleAgentEnvRunner pid=58040)[0m runner:8/env:0	num_steps=[617] | total rewards=[-395.9757] | termination= [ownship altitude below min]
[36m(SingleAgentEnvRunner pid=47444)[0m [JSB][Reset] enter BattleSpace=1[32m [repeated 12x across cluster][0m
[36m(SingleAgentEnvRunner pid=47444)[0m [JSB][Reset] after lock found=1 size=1[32m [repeated 12x across cluster][0m
[36m(SingleAgentEnvRunner pid=47444)[0m [JSB][Reset] fighter_count_after=0[32m [repeated 24x across cluster][0m
[36m(SingleAgentEnvRunner pid=47444)[0m total: 2[32m [repeated 12x across cluster][0m
[36m(SingleAgentEnvRunner pid=47444)[0m [JSB][Reset] exit after_size=1[32m [repeated 12x across cluster][0m
[36m(SingleAgentEnvRunner pid=18096)[0m runner:5/env:0	num_steps=[538] | total rewards=[110.9731] | termination= [ownship destroyed][32m [repeated 8x across cluster][0m
[36m(SingleAgentEnvRunner pid=47444)[0m [JSB][Init] enter BattleSpace=1 Type=1 ForceSide=2 Delta=0.0166667[32m [repeated 24x across cluster][0m
[36m(SingleAgentEnvRunner pid=47444)[0m [JSB][Init] registry size=1[32m [repeated 24x across cluster][0m
[36m(SingleAgentEnvRunner pid=47444)[0m [JSB][Init] before new AIP_FDMExec[32m [repeated 24x across cluster][0m
[36m(SingleAgentEnvRunner pid=47444)[0m [JSB][Init] after new AIP_FDMExec ptr=00000245123E30F0[32m [repeated 24x across cluster][0m
[36m(SingleAgentEnvRunner pid=47444)[0m [JSB][Init] before Init_FDM ptr=00000245123E30F0[32m [repeated 24x across cluster][0m
[36m(SingleAgentEnvRunner pid=47444)[0m [JSB][Init] after Init_FDM ptr=00000245123E30F0[32m [repeated 24x across cluster][0m
[36m(SingleAgentEnvRunner pid=47444)[0m [JSB][Init] before Exec_FDM ptr=00000245123E30F0[32m [repeated 24x across cluster][0m
[36m(SingleAgentEnvRunner pid=47444)[0m [JSB][Init] after Exec_FDM ptr=00000245123E30F0[32m [repeated 24x across cluster][0m
[36m(SingleAgentEnvRunner pid=47444)[0m [JSB][Init] before InsertFighter BattleSpace=1 ptr=00000245123E30F0[32m [repeated 24x across cluster][0m
[36m(SingleAgentEnvRunner pid=47444)[0m [JSB][Init] after InsertFighter FighterID=2[32m [repeated 24x across cluster][0m
[36m(SingleAgentEnvRunner pid=47444)[0m runner:4/env:0	num_steps=[563] | total rewards=[1335.5896] | termination= [target destroyed][32m [repeated 2x across cluster][0m
[36m(SingleAgentEnvRunner pid=63120)[0m runner:9/env:0	num_steps=[386] | total rewards=[-498.5384] | termination= [ownship altitude below min]
[36m(SingleAgentEnvRunner pid=57920)[0m [JSB][Reset] enter BattleSpace=1[32m [repeated 20x across cluster][0m
[36m(SingleAgentEnvRunner pid=57920)[0m [JSB][Reset] after lock found=1 size=1[32m [repeated 20x across cluster][0m
[36m(SingleAgentEnvRunner pid=57920)[0m [JSB][Reset] fighter_count_after=0[32m [repeated 40x across cluster][0m
[36m(SingleAgentEnvRunner pid=57920)[0m total: 2[32m [repeated 20x across cluster][0m
[36m(SingleAgentEnvRunner pid=57920)[0m [JSB][Reset] exit after_size=1[32m [repeated 20x across cluster][0m
[36m(SingleAgentEnvRunner pid=59532)[0m runner:3/env:0	num_steps=[943] | total rewards=[484.7987] | termination= [ownship destroyed][32m [repeated 13x across cluster][0m
[36m(SingleAgentEnvRunner pid=57920)[0m [JSB][Init] enter BattleSpace=1 Type=1 ForceSide=2 Delta=0.0166667[32m [repeated 40x across cluster][0m
[36m(SingleAgentEnvRunner pid=57920)[0m [JSB][Init] registry size=1[32m [repeated 40x across cluster][0m
[36m(SingleAgentEnvRunner pid=57920)[0m [JSB][Init] before new AIP_FDMExec[32m [repeated 40x across cluster][0m
[36m(SingleAgentEnvRunner pid=57920)[0m [JSB][Init] after new AIP_FDMExec ptr=00000230118A8E20[32m [repeated 40x across cluster][0m
[36m(SingleAgentEnvRunner pid=57920)[0m [JSB][Init] before Init_FDM ptr=00000230118A8E20[32m [repeated 40x across cluster][0m
[36m(SingleAgentEnvRunner pid=57920)[0m [JSB][Init] after Init_FDM ptr=00000230118A8E20[32m [repeated 40x across cluster][0m
[36m(SingleAgentEnvRunner pid=57920)[0m [JSB][Init] before Exec_FDM ptr=00000230118A8E20[32m [repeated 40x across cluster][0m
[36m(SingleAgentEnvRunner pid=57920)[0m [JSB][Init] after Exec_FDM ptr=00000230118A8E20[32m [repeated 40x across cluster][0m
[36m(SingleAgentEnvRunner pid=57920)[0m [JSB][Init] before InsertFighter BattleSpace=1 ptr=00000230118A8E20[32m [repeated 40x across cluster][0m
[36m(SingleAgentEnvRunner pid=57920)[0m [JSB][Init] after InsertFighter FighterID=2[32m [repeated 40x across cluster][0m
[36m(SingleAgentEnvRunner pid=57920)[0m runner:11/env:0	num_steps=[327] | total rewards=[1234.5959] | termination= [target destroyed][32m [repeated 4x across cluster][0m
[36m(SingleAgentEnvRunner pid=61016)[0m runner:15/env:0	num_steps=[706] | total rewards=[-311.2986] | termination= [ownship altitude below min]
[36m(SingleAgentEnvRunner pid=61544)[0m runner:1/env:0	num_steps=[1210] | total rewards=[-624.8140] | termination= [ownship altitude below min]
[36m(SingleAgentEnvRunner pid=15664)[0m runner:16/env:0	num_steps=[2000] | total rewards=[498.8041] | termination= [max time out]
stage=35 | iter_in_stage=33 | total_iter=33 | reward_mean=425.80 | win_rate=0.131 | draw_rate=0.202 | crash_rate=0.113 | ep_wez_steps=15.8 | episodes_this_iter=28 | entropy=-3.573 | vf_loss=114.160
[36m(SingleAgentEnvRunner pid=15664)[0m [JSB][Reset] enter BattleSpace=1[32m [repeated 9x across cluster][0m
[36m(SingleAgentEnvRunner pid=15664)[0m [JSB][Reset] after lock found=1 size=1[32m [repeated 9x across cluster][0m
[36m(SingleAgentEnvRunner pid=57920)[0m [JSB][Reset] fighter_count_after=0[32m [repeated 18x across cluster][0m
[36m(SingleAgentEnvRunner pid=15664)[0m total: 2[32m [repeated 9x across cluster][0m
[36m(SingleAgentEnvRunner pid=57920)[0m [JSB][Reset] exit after_size=1[32m [repeated 9x across cluster][0m
[36m(SingleAgentEnvRunner pid=57920)[0m runner:11/env:0	num_steps=[327] | total rewards=[470.1419] | termination= [ownship destroyed][32m [repeated 5x across cluster][0m
[36m(SingleAgentEnvRunner pid=57920)[0m [JSB][Init] enter BattleSpace=1 Type=1 ForceSide=2 Delta=0.0166667[32m [repeated 18x across cluster][0m
[36m(SingleAgentEnvRunner pid=57920)[0m [JSB][Init] registry size=1[32m [repeated 18x across cluster][0m
[36m(SingleAgentEnvRunner pid=57920)[0m [JSB][Init] before new AIP_FDMExec[32m [repeated 18x across cluster][0m
[36m(SingleAgentEnvRunner pid=57920)[0m [JSB][Init] after new AIP_FDMExec ptr=000002301194CD50[32m [repeated 18x across cluster][0m
[36m(SingleAgentEnvRunner pid=57920)[0m [JSB][Init] before Init_FDM ptr=000002301194CD50[32m [repeated 18x across cluster][0m
[36m(SingleAgentEnvRunner pid=57920)[0m [JSB][Init] after Init_FDM ptr=000002301194F270[32m [repeated 16x across cluster][0m
[36m(SingleAgentEnvRunner pid=57920)[0m [JSB][Init] before Exec_FDM ptr=000002301194F270[32m [repeated 16x across cluster][0m
[36m(SingleAgentEnvRunner pid=57920)[0m [JSB][Init] after Exec_FDM ptr=000002301194F270[32m [repeated 16x across cluster][0m
[36m(SingleAgentEnvRunner pid=57920)[0m [JSB][Init] before InsertFighter BattleSpace=1 ptr=000002301194F270[32m [repeated 16x across cluster][0m
[36m(SingleAgentEnvRunner pid=57920)[0m [JSB][Init] after InsertFighter FighterID=1[32m [repeated 16x across cluster][0m
[36m(SingleAgentEnvRunner pid=61016)[0m runner:15/env:0	num_steps=[405] | total rewards=[1365.8302] | termination= [target destroyed][32m [repeated 2x across cluster][0m
[36m(SingleAgentEnvRunner pid=36412)[0m runner:6/env:0	num_steps=[1437] | total rewards=[-700.6924] | termination= [ownship altitude below min]
[36m(SingleAgentEnvRunner pid=52932)[0m [JSB][Reset] enter BattleSpace=1[32m [repeated 28x across cluster][0m
[36m(SingleAgentEnvRunner pid=52932)[0m [JSB][Reset] after lock found=1 size=1[32m [repeated 28x across cluster][0m
[36m(SingleAgentEnvRunner pid=52932)[0m [JSB][Reset] fighter_count_after=0[32m [repeated 56x across cluster][0m
[36m(SingleAgentEnvRunner pid=52932)[0m total: 2[32m [repeated 28x across cluster][0m
[36m(SingleAgentEnvRunner pid=52932)[0m [JSB][Reset] exit after_size=1[32m [repeated 28x across cluster][0m
[36m(SingleAgentEnvRunner pid=18256)[0m runner:14/env:0	num_steps=[219] | total rewards=[629.9859] | termination= [ownship destroyed][32m [repeated 16x across cluster][0m
[36m(SingleAgentEnvRunner pid=52932)[0m [JSB][Init] enter BattleSpace=1 Type=1 ForceSide=1 Delta=0.0166667[32m [repeated 55x across cluster][0m
[36m(SingleAgentEnvRunner pid=52932)[0m [JSB][Init] registry size=1[32m [repeated 55x across cluster][0m
[36m(SingleAgentEnvRunner pid=52932)[0m [JSB][Init] before new AIP_FDMExec[32m [repeated 55x across cluster][0m
[36m(SingleAgentEnvRunner pid=52932)[0m [JSB][Init] after new AIP_FDMExec ptr=000001B891B51B90[32m [repeated 55x across cluster][0m
[36m(SingleAgentEnvRunner pid=52932)[0m [JSB][Init] before Init_FDM ptr=000001B891B51B90[32m [repeated 55x across cluster][0m
[36m(SingleAgentEnvRunner pid=18256)[0m [JSB][Init] after Init_FDM ptr=000001DE92006E70[32m [repeated 56x across cluster][0m
[36m(SingleAgentEnvRunner pid=18256)[0m [JSB][Init] before Exec_FDM ptr=000001DE92006E70[32m [repeated 56x across cluster][0m
[36m(SingleAgentEnvRunner pid=18256)[0m [JSB][Init] after Exec_FDM ptr=000001DE92006E70[32m [repeated 56x across cluster][0m
[36m(SingleAgentEnvRunner pid=18256)[0m [JSB][Init] before InsertFighter BattleSpace=1 ptr=000001DE92006E70[32m [repeated 56x across cluster][0m
[36m(SingleAgentEnvRunner pid=18256)[0m [JSB][Init] after InsertFighter FighterID=2[32m [repeated 56x across cluster][0m
[36m(SingleAgentEnvRunner pid=52932)[0m runner:10/env:0	num_steps=[241] | total rewards=[1332.0733] | termination= [target destroyed][32m [repeated 11x across cluster][0m
[36m(SingleAgentEnvRunner pid=66008)[0m runner:7/env:0	num_steps=[2000] | total rewards=[308.6155] | termination= [max time out]
stage=35 | iter_in_stage=34 | total_iter=34 | reward_mean=704.81 | win_rate=0.343 | draw_rate=0.268 | crash_rate=0.031 | ep_wez_steps=19.7 | episodes_this_iter=42 | entropy=-3.556 | vf_loss=151.747
[36m(SingleAgentEnvRunner pid=51724)[0m [JSB][Reset] enter BattleSpace=1[32m [repeated 14x across cluster][0m
[36m(SingleAgentEnvRunner pid=51724)[0m [JSB][Reset] after lock found=1 size=1[32m [repeated 14x across cluster][0m
[36m(SingleAgentEnvRunner pid=51724)[0m [JSB][Reset] fighter_count_after=0[32m [repeated 28x across cluster][0m
[36m(SingleAgentEnvRunner pid=51724)[0m total: 2[32m [repeated 14x across cluster][0m
[36m(SingleAgentEnvRunner pid=51724)[0m [JSB][Reset] exit after_size=1[32m [repeated 14x across cluster][0m
[36m(SingleAgentEnvRunner pid=39980)[0m runner:2/env:0	num_steps=[277] | total rewards=[611.8310] | termination= [ownship destroyed][32m [repeated 9x across cluster][0m
[36m(SingleAgentEnvRunner pid=51724)[0m [JSB][Init] enter BattleSpace=1 Type=1 ForceSide=1 Delta=0.0166667[32m [repeated 28x across cluster][0m
[36m(SingleAgentEnvRunner pid=51724)[0m [JSB][Init] registry size=1[32m [repeated 28x across cluster][0m
[36m(SingleAgentEnvRunner pid=51724)[0m [JSB][Init] before new AIP_FDMExec[32m [repeated 28x across cluster][0m
[36m(SingleAgentEnvRunner pid=51724)[0m [JSB][Init] after new AIP_FDMExec ptr=000001DD146316C0[32m [repeated 28x across cluster][0m
[36m(SingleAgentEnvRunner pid=51724)[0m [JSB][Init] before Init_FDM ptr=000001DD146316C0[32m [repeated 28x across cluster][0m
[36m(SingleAgentEnvRunner pid=39980)[0m [JSB][Init] after Init_FDM ptr=000002591395C7E0[32m [repeated 28x across cluster][0m
[36m(SingleAgentEnvRunner pid=39980)[0m [JSB][Init] before Exec_FDM ptr=000002591395C7E0[32m [repeated 28x across cluster][0m
[36m(SingleAgentEnvRunner pid=39980)[0m [JSB][Init] after Exec_FDM ptr=000002591395C7E0[32m [repeated 28x across cluster][0m
[36m(SingleAgentEnvRunner pid=39980)[0m [JSB][Init] before InsertFighter BattleSpace=1 ptr=000002591395C7E0[32m [repeated 28x across cluster][0m
[36m(SingleAgentEnvRunner pid=39980)[0m [JSB][Init] after InsertFighter FighterID=2[32m [repeated 28x across cluster][0m
[36m(SingleAgentEnvRunner pid=51724)[0m runner:12/env:0	num_steps=[237] | total rewards=[1437.7089] | termination= [target destroyed][32m [repeated 4x across cluster][0m
[36m(SingleAgentEnvRunner pid=51724)[0m runner:12/env:0	num_steps=[608] | total rewards=[-399.4866] | termination= [ownship altitude below min]
[36m(SingleAgentEnvRunner pid=63120)[0m [JSB][Reset] enter BattleSpace=1[32m [repeated 18x across cluster][0m
[36m(SingleAgentEnvRunner pid=63120)[0m [JSB][Reset] after lock found=1 size=1[32m [repeated 18x across cluster][0m
[36m(SingleAgentEnvRunner pid=63120)[0m [JSB][Reset] fighter_count_after=0[32m [repeated 36x across cluster][0m
[36m(SingleAgentEnvRunner pid=63120)[0m total: 2[32m [repeated 18x across cluster][0m
[36m(SingleAgentEnvRunner pid=63120)[0m [JSB][Reset] exit after_size=1[32m [repeated 18x across cluster][0m
[36m(SingleAgentEnvRunner pid=63120)[0m runner:9/env:0	num_steps=[227] | total rewards=[605.3557] | termination= [ownship destroyed][32m [repeated 10x across cluster][0m
[36m(SingleAgentEnvRunner pid=63120)[0m [JSB][Init] enter BattleSpace=1 Type=1 ForceSide=2 Delta=0.0166667[32m [repeated 37x across cluster][0m
[36m(SingleAgentEnvRunner pid=63120)[0m [JSB][Init] registry size=1[32m [repeated 37x across cluster][0m
[36m(SingleAgentEnvRunner pid=63120)[0m [JSB][Init] before new AIP_FDMExec[32m [repeated 37x across cluster][0m
[36m(SingleAgentEnvRunner pid=63120)[0m [JSB][Init] after new AIP_FDMExec ptr=0000017C12090220[32m [repeated 37x across cluster][0m
[36m(SingleAgentEnvRunner pid=63120)[0m [JSB][Init] before Init_FDM ptr=0000017C12090220[32m [repeated 37x across cluster][0m
[36m(SingleAgentEnvRunner pid=63120)[0m [JSB][Init] after Init_FDM ptr=0000017C12090220[32m [repeated 38x across cluster][0m
[36m(SingleAgentEnvRunner pid=63120)[0m [JSB][Init] before Exec_FDM ptr=0000017C12090220[32m [repeated 38x across cluster][0m
[36m(SingleAgentEnvRunner pid=63120)[0m [JSB][Init] after Exec_FDM ptr=0000017C12090220[32m [repeated 38x across cluster][0m
[36m(SingleAgentEnvRunner pid=63120)[0m [JSB][Init] before InsertFighter BattleSpace=1 ptr=0000017C12090220[32m [repeated 38x across cluster][0m
[36m(SingleAgentEnvRunner pid=63120)[0m [JSB][Init] after InsertFighter FighterID=2[32m [repeated 38x across cluster][0m
[36m(SingleAgentEnvRunner pid=15664)[0m runner:16/env:0	num_steps=[193] | total rewards=[1353.3325] | termination= [target destroyed][32m [repeated 7x across cluster][0m
stage=35 | iter_in_stage=35 | total_iter=35 | reward_mean=550.97 | win_rate=0.237 | draw_rate=0.218 | crash_rate=0.103 | ep_wez_steps=19.2 | episodes_this_iter=30 | entropy=-3.563 | vf_loss=157.913
[36m(SingleAgentEnvRunner pid=61544)[0m runner:1/env:0	num_steps=[1670] | total rewards=[-327.6893] | termination= [ownship altitude below min]
[36m(SingleAgentEnvRunner pid=66008)[0m [JSB][Reset] enter BattleSpace=1[32m [repeated 12x across cluster][0m
[36m(SingleAgentEnvRunner pid=66008)[0m [JSB][Reset] after lock found=1 size=1[32m [repeated 12x across cluster][0m
[36m(SingleAgentEnvRunner pid=66008)[0m [JSB][Reset] fighter_count_after=0[32m [repeated 24x across cluster][0m
[36m(SingleAgentEnvRunner pid=66008)[0m total: 2[32m [repeated 12x across cluster][0m
[36m(SingleAgentEnvRunner pid=66008)[0m [JSB][Reset] exit after_size=1[32m [repeated 12x across cluster][0m
[36m(SingleAgentEnvRunner pid=18096)[0m runner:5/env:0	num_steps=[241] | total rewards=[627.4826] | termination= [ownship destroyed][32m [repeated 9x across cluster][0m
[36m(SingleAgentEnvRunner pid=66008)[0m [JSB][Init] enter BattleSpace=1 Type=1 ForceSide=1 Delta=0.0166667[32m [repeated 23x across cluster][0m
[36m(SingleAgentEnvRunner pid=66008)[0m [JSB][Init] registry size=1[32m [repeated 23x across cluster][0m
[36m(SingleAgentEnvRunner pid=66008)[0m [JSB][Init] before new AIP_FDMExec[32m [repeated 23x across cluster][0m
[36m(SingleAgentEnvRunner pid=66008)[0m [JSB][Init] after new AIP_FDMExec ptr=0000022893877660[32m [repeated 23x across cluster][0m
[36m(SingleAgentEnvRunner pid=66008)[0m [JSB][Init] before Init_FDM ptr=0000022893877660[32m [repeated 23x across cluster][0m
[36m(SingleAgentEnvRunner pid=18096)[0m [JSB][Init] after Init_FDM ptr=000001A611BF5520[32m [repeated 22x across cluster][0m
[36m(SingleAgentEnvRunner pid=18096)[0m [JSB][Init] before Exec_FDM ptr=000001A611BF5520[32m [repeated 22x across cluster][0m
[36m(SingleAgentEnvRunner pid=18096)[0m [JSB][Init] after Exec_FDM ptr=000001A611BF5520[32m [repeated 22x across cluster][0m
[36m(SingleAgentEnvRunner pid=18096)[0m [JSB][Init] before InsertFighter BattleSpace=1 ptr=000001A611BF5520[32m [repeated 22x across cluster][0m
[36m(SingleAgentEnvRunner pid=18096)[0m [JSB][Init] after InsertFighter FighterID=2[32m [repeated 22x across cluster][0m
[36m(SingleAgentEnvRunner pid=66008)[0m runner:7/env:0	num_steps=[234] | total rewards=[1334.6782] | termination= [target destroyed][32m [repeated 2x across cluster][0m
[36m(SingleAgentEnvRunner pid=59532)[0m runner:3/env:0	num_steps=[672] | total rewards=[-671.8051] | termination= [ownship altitude below min]
[36m(SingleAgentEnvRunner pid=57920)[0m [JSB][Reset] enter BattleSpace=1[32m [repeated 25x across cluster][0m
[36m(SingleAgentEnvRunner pid=57920)[0m [JSB][Reset] after lock found=1 size=1[32m [repeated 25x across cluster][0m
[36m(SingleAgentEnvRunner pid=57920)[0m [JSB][Reset] fighter_count_after=0[32m [repeated 50x across cluster][0m
[36m(SingleAgentEnvRunner pid=57920)[0m total: 2[32m [repeated 25x across cluster][0m
[36m(SingleAgentEnvRunner pid=57920)[0m [JSB][Reset] exit after_size=1[32m [repeated 25x across cluster][0m
[36m(SingleAgentEnvRunner pid=57920)[0m runner:11/env:0	num_steps=[480] | total rewards=[277.2769] | termination= [ownship destroyed][32m [repeated 17x across cluster][0m
[36m(SingleAgentEnvRunner pid=47444)[0m [JSB][Init] enter BattleSpace=1 Type=1 ForceSide=2 Delta=0.0166667[32m [repeated 49x across cluster][0m
[36m(SingleAgentEnvRunner pid=47444)[0m [JSB][Init] registry size=1[32m [repeated 49x across cluster][0m
[36m(SingleAgentEnvRunner pid=47444)[0m [JSB][Init] before new AIP_FDMExec[32m [repeated 49x across cluster][0m
[36m(SingleAgentEnvRunner pid=47444)[0m [JSB][Init] after new AIP_FDMExec ptr=00000245123D1870[32m [repeated 49x across cluster][0m
[36m(SingleAgentEnvRunner pid=47444)[0m [JSB][Init] before Init_FDM ptr=00000245123D1870[32m [repeated 49x across cluster][0m
[36m(SingleAgentEnvRunner pid=47444)[0m [JSB][Init] after Init_FDM ptr=00000245123D1870[32m [repeated 50x across cluster][0m
[36m(SingleAgentEnvRunner pid=47444)[0m [JSB][Init] before Exec_FDM ptr=00000245123D1870[32m [repeated 50x across cluster][0m
[36m(SingleAgentEnvRunner pid=47444)[0m [JSB][Init] after Exec_FDM ptr=00000245123D1870[32m [repeated 50x across cluster][0m
[36m(SingleAgentEnvRunner pid=47444)[0m [JSB][Init] before InsertFighter BattleSpace=1 ptr=00000245123D1870[32m [repeated 50x across cluster][0m
[36m(SingleAgentEnvRunner pid=47444)[0m [JSB][Init] after InsertFighter FighterID=2[32m [repeated 50x across cluster][0m
[36m(SingleAgentEnvRunner pid=47444)[0m runner:4/env:0	num_steps=[1322] | total rewards=[1487.9650] | termination= [target destroyed][32m [repeated 6x across cluster][0m
[36m(SingleAgentEnvRunner pid=58040)[0m runner:8/env:0	num_steps=[624] | total rewards=[-493.9698] | termination= [ownship altitude below min]
[36m(SingleAgentEnvRunner pid=61544)[0m runner:1/env:0	num_steps=[1051] | total rewards=[-624.2824] | termination= [ownship altitude below min]
stage=35 | iter_in_stage=36 | total_iter=36 | reward_mean=454.42 | win_rate=0.200 | draw_rate=0.293 | crash_rate=0.167 | ep_wez_steps=17.4 | episodes_this_iter=38 | entropy=-3.546 | vf_loss=238.045
[36m(SingleAgentEnvRunner pid=66008)[0m [JSB][Reset] enter BattleSpace=1[32m [repeated 13x across cluster][0m
[36m(SingleAgentEnvRunner pid=66008)[0m [JSB][Reset] after lock found=1 size=1[32m [repeated 13x across cluster][0m
[36m(SingleAgentEnvRunner pid=66008)[0m [JSB][Reset] fighter_count_after=0[32m [repeated 26x across cluster][0m
[36m(SingleAgentEnvRunner pid=66008)[0m total: 2[32m [repeated 13x across cluster][0m
[36m(SingleAgentEnvRunner pid=66008)[0m [JSB][Reset] exit after_size=1[32m [repeated 13x across cluster][0m
[36m(SingleAgentEnvRunner pid=66008)[0m runner:7/env:0	num_steps=[194] | total rewards=[586.5201] | termination= [ownship destroyed][32m [repeated 9x across cluster][0m
[36m(SingleAgentEnvRunner pid=66008)[0m [JSB][Init] enter BattleSpace=1 Type=1 ForceSide=2 Delta=0.0166667[32m [repeated 28x across cluster][0m
[36m(SingleAgentEnvRunner pid=66008)[0m [JSB][Init] registry size=1[32m [repeated 28x across cluster][0m
[36m(SingleAgentEnvRunner pid=66008)[0m [JSB][Init] before new AIP_FDMExec[32m [repeated 28x across cluster][0m
[36m(SingleAgentEnvRunner pid=66008)[0m [JSB][Init] after new AIP_FDMExec ptr=000002289387A1B0[32m [repeated 28x across cluster][0m
[36m(SingleAgentEnvRunner pid=66008)[0m [JSB][Init] before Init_FDM ptr=000002289387A1B0[32m [repeated 28x across cluster][0m
[36m(SingleAgentEnvRunner pid=66008)[0m [JSB][Init] after Init_FDM ptr=0000022893878D10[32m [repeated 27x across cluster][0m
[36m(SingleAgentEnvRunner pid=66008)[0m [JSB][Init] before Exec_FDM ptr=0000022893878D10[32m [repeated 27x across cluster][0m
[36m(SingleAgentEnvRunner pid=66008)[0m [JSB][Init] after Exec_FDM ptr=0000022893878D10[32m [repeated 27x across cluster][0m
[36m(SingleAgentEnvRunner pid=66008)[0m [JSB][Init] before InsertFighter BattleSpace=1 ptr=0000022893878D10[32m [repeated 27x across cluster][0m
[36m(SingleAgentEnvRunner pid=66008)[0m [JSB][Init] after InsertFighter FighterID=1[32m [repeated 27x across cluster][0m
[36m(SingleAgentEnvRunner pid=58040)[0m runner:8/env:0	num_steps=[452] | total rewards=[1325.1600] | termination= [target destroyed][32m [repeated 2x across cluster][0m
[36m(SingleAgentEnvRunner pid=36412)[0m runner:6/env:0	num_steps=[762] | total rewards=[-711.4043] | termination= [ownship altitude below min][32m [repeated 2x across cluster][0m
[36m(SingleAgentEnvRunner pid=63120)[0m [JSB][Reset] enter BattleSpace=1[32m [repeated 22x across cluster][0m
[36m(SingleAgentEnvRunner pid=63120)[0m [JSB][Reset] after lock found=1 size=1[32m [repeated 22x across cluster][0m
[36m(SingleAgentEnvRunner pid=63120)[0m [JSB][Reset] fighter_count_after=0[32m [repeated 44x across cluster][0m
[36m(SingleAgentEnvRunner pid=63120)[0m total: 2[32m [repeated 22x across cluster][0m
[36m(SingleAgentEnvRunner pid=63120)[0m [JSB][Reset] exit after_size=1[32m [repeated 22x across cluster][0m
[36m(SingleAgentEnvRunner pid=63120)[0m runner:9/env:0	num_steps=[246] | total rewards=[575.9902] | termination= [ownship destroyed][32m [repeated 13x across cluster][0m
[36m(SingleAgentEnvRunner pid=63120)[0m [JSB][Init] enter BattleSpace=1 Type=1 ForceSide=2 Delta=0.0166667[32m [repeated 44x across cluster][0m
[36m(SingleAgentEnvRunner pid=63120)[0m [JSB][Init] registry size=1[32m [repeated 44x across cluster][0m
[36m(SingleAgentEnvRunner pid=63120)[0m [JSB][Init] before new AIP_FDMExec[32m [repeated 44x across cluster][0m
[36m(SingleAgentEnvRunner pid=63120)[0m [JSB][Init] after new AIP_FDMExec ptr=0000017C11D63CB0[32m [repeated 44x across cluster][0m
[36m(SingleAgentEnvRunner pid=63120)[0m [JSB][Init] before Init_FDM ptr=0000017C11D63CB0[32m [repeated 44x across cluster][0m
[36m(SingleAgentEnvRunner pid=63120)[0m [JSB][Init] after Init_FDM ptr=0000017C11D63CB0[32m [repeated 45x across cluster][0m
[36m(SingleAgentEnvRunner pid=63120)[0m [JSB][Init] before Exec_FDM ptr=0000017C11D63CB0[32m [repeated 45x across cluster][0m
[36m(SingleAgentEnvRunner pid=63120)[0m [JSB][Init] after Exec_FDM ptr=0000017C11D63CB0[32m [repeated 45x across cluster][0m
[36m(SingleAgentEnvRunner pid=63120)[0m [JSB][Init] before InsertFighter BattleSpace=1 ptr=0000017C11D63CB0[32m [repeated 45x across cluster][0m
[36m(SingleAgentEnvRunner pid=63120)[0m [JSB][Init] after InsertFighter FighterID=2[32m [repeated 45x across cluster][0m
[36m(SingleAgentEnvRunner pid=51724)[0m runner:12/env:0	num_steps=[243] | total rewards=[1316.4446] | termination= [target destroyed][32m [repeated 8x across cluster][0m
[36m(SingleAgentEnvRunner pid=52932)[0m runner:10/env:0	num_steps=[1137] | total rewards=[-509.0389] | termination= [ownship altitude below min]
stage=35 | iter_in_stage=37 | total_iter=37 | reward_mean=682.46 | win_rate=0.355 | draw_rate=0.347 | crash_rate=0.096 | ep_wez_steps=19.5 | episodes_this_iter=34 | entropy=-3.565 | vf_loss=190.947
[36m(SingleAgentEnvRunner pid=47444)[0m [JSB][Reset] enter BattleSpace=1[32m [repeated 12x across cluster][0m
[36m(SingleAgentEnvRunner pid=47444)[0m [JSB][Reset] after lock found=1 size=1[32m [repeated 12x across cluster][0m
[36m(SingleAgentEnvRunner pid=47444)[0m [JSB][Reset] fighter_count_after=0[32m [repeated 24x across cluster][0m
[36m(SingleAgentEnvRunner pid=47444)[0m total: 2[32m [repeated 12x across cluster][0m
[36m(SingleAgentEnvRunner pid=47444)[0m [JSB][Reset] exit after_size=1[32m [repeated 12x across cluster][0m
[36m(SingleAgentEnvRunner pid=47444)[0m runner:4/env:0	num_steps=[257] | total rewards=[568.5052] | termination= [ownship destroyed][32m [repeated 9x across cluster][0m
[36m(SingleAgentEnvRunner pid=47444)[0m [JSB][Init] enter BattleSpace=1 Type=1 ForceSide=1 Delta=0.0166667[32m [repeated 23x across cluster][0m
[36m(SingleAgentEnvRunner pid=47444)[0m [JSB][Init] registry size=1[32m [repeated 23x across cluster][0m
[36m(SingleAgentEnvRunner pid=47444)[0m [JSB][Init] before new AIP_FDMExec[32m [repeated 23x across cluster][0m
[36m(SingleAgentEnvRunner pid=47444)[0m [JSB][Init] after new AIP_FDMExec ptr=00000245123E26A0[32m [repeated 23x across cluster][0m
[36m(SingleAgentEnvRunner pid=47444)[0m [JSB][Init] before Init_FDM ptr=00000245123E26A0[32m [repeated 23x across cluster][0m
[36m(SingleAgentEnvRunner pid=51724)[0m [JSB][Init] after Init_FDM ptr=000001DD1305E8F0[32m [repeated 22x across cluster][0m
[36m(SingleAgentEnvRunner pid=51724)[0m [JSB][Init] before Exec_FDM ptr=000001DD1305E8F0[32m [repeated 22x across cluster][0m
[36m(SingleAgentEnvRunner pid=51724)[0m [JSB][Init] after Exec_FDM ptr=000001DD1305E8F0[32m [repeated 22x across cluster][0m
[36m(SingleAgentEnvRunner pid=51724)[0m [JSB][Init] before InsertFighter BattleSpace=1 ptr=000001DD1305E8F0[32m [repeated 22x across cluster][0m
[36m(SingleAgentEnvRunner pid=51724)[0m [JSB][Init] after InsertFighter FighterID=2[32m [repeated 22x across cluster][0m
[36m(SingleAgentEnvRunner pid=36412)[0m runner:6/env:0	num_steps=[487] | total rewards=[1181.8883] | termination= [target destroyed][32m [repeated 2x across cluster][0m
[36m(SingleAgentEnvRunner pid=15664)[0m runner:16/env:0	num_steps=[2000] | total rewards=[392.2860] | termination= [max time out]
[36m(SingleAgentEnvRunner pid=63120)[0m runner:9/env:0	num_steps=[722] | total rewards=[237.3872] | termination= [target altitude below min]
[36m(SingleAgentEnvRunner pid=18096)[0m [JSB][Reset] enter BattleSpace=1[32m [repeated 22x across cluster][0m
[36m(SingleAgentEnvRunner pid=18096)[0m [JSB][Reset] after lock found=1 size=1[32m [repeated 22x across cluster][0m
[36m(SingleAgentEnvRunner pid=18096)[0m [JSB][Reset] fighter_count_after=0[32m [repeated 44x across cluster][0m
[36m(SingleAgentEnvRunner pid=18096)[0m total: 2[32m [repeated 22x across cluster][0m
[36m(SingleAgentEnvRunner pid=18096)[0m [JSB][Reset] exit after_size=1[32m [repeated 22x across cluster][0m
[36m(SingleAgentEnvRunner pid=61920)[0m runner:13/env:0	num_steps=[219] | total rewards=[675.1216] | termination= [ownship destroyed][32m [repeated 15x across cluster][0m
[36m(SingleAgentEnvRunner pid=18096)[0m [JSB][Init] enter BattleSpace=1 Type=1 ForceSide=1 Delta=0.0166667[32m [repeated 44x across cluster][0m
[36m(SingleAgentEnvRunner pid=18096)[0m [JSB][Init] registry size=1[32m [repeated 44x across cluster][0m
[36m(SingleAgentEnvRunner pid=18096)[0m [JSB][Init] before new AIP_FDMExec[32m [repeated 44x across cluster][0m
[36m(SingleAgentEnvRunner pid=18096)[0m [JSB][Init] after new AIP_FDMExec ptr=000001A611BF4CE0[32m [repeated 44x across cluster][0m
[36m(SingleAgentEnvRunner pid=18096)[0m [JSB][Init] before Init_FDM ptr=000001A611BF4CE0[32m [repeated 44x across cluster][0m
[36m(SingleAgentEnvRunner pid=18096)[0m [JSB][Init] after Init_FDM ptr=000001A611BF4CE0[32m [repeated 45x across cluster][0m
[36m(SingleAgentEnvRunner pid=18096)[0m [JSB][Init] before Exec_FDM ptr=000001A611BF4CE0[32m [repeated 45x across cluster][0m
[36m(SingleAgentEnvRunner pid=18096)[0m [JSB][Init] after Exec_FDM ptr=000001A611BF4CE0[32m [repeated 45x across cluster][0m
[36m(SingleAgentEnvRunner pid=18096)[0m [JSB][Init] before InsertFighter BattleSpace=1 ptr=000001A611BF4CE0[32m [repeated 45x across cluster][0m
[36m(SingleAgentEnvRunner pid=18096)[0m [JSB][Init] after InsertFighter FighterID=1[32m [repeated 45x across cluster][0m
[36m(SingleAgentEnvRunner pid=63120)[0m runner:9/env:0	num_steps=[242] | total rewards=[1412.0871] | termination= [target destroyed][32m [repeated 4x across cluster][0m
[36m(SingleAgentEnvRunner pid=18256)[0m runner:14/env:0	num_steps=[647] | total rewards=[-690.8700] | termination= [ownship altitude below min]
[36m(SingleAgentEnvRunner pid=18096)[0m runner:5/env:0	num_steps=[2000] | total rewards=[229.5096] | termination= [max time out]
[36m(SingleAgentEnvRunner pid=39980)[0m runner:2/env:0	num_steps=[2000] | total rewards=[390.0750] | termination= [max time out]
stage=35 | iter_in_stage=38 | total_iter=38 | reward_mean=620.19 | win_rate=0.214 | draw_rate=0.405 | crash_rate=0.036 | ep_wez_steps=17.9 | episodes_this_iter=34 | entropy=-3.531 | vf_loss=90.414
[36m(SingleAgentEnvRunner pid=59532)[0m [JSB][Reset] enter BattleSpace=1[32m [repeated 12x across cluster][0m
[36m(SingleAgentEnvRunner pid=59532)[0m [JSB][Reset] after lock found=1 size=1[32m [repeated 12x across cluster][0m
[36m(SingleAgentEnvRunner pid=59532)[0m [JSB][Reset] fighter_count_after=0[32m [repeated 24x across cluster][0m
[36m(SingleAgentEnvRunner pid=59532)[0m total: 2[32m [repeated 12x across cluster][0m
[36m(SingleAgentEnvRunner pid=59532)[0m [JSB][Reset] exit after_size=1[32m [repeated 12x across cluster][0m
[36m(SingleAgentEnvRunner pid=59532)[0m runner:3/env:0	num_steps=[229] | total rewards=[605.8065] | termination= [ownship destroyed][32m [repeated 7x across cluster][0m
[36m(SingleAgentEnvRunner pid=59532)[0m [JSB][Init] enter BattleSpace=1 Type=1 ForceSide=1 Delta=0.0166667[32m [repeated 24x across cluster][0m
[36m(SingleAgentEnvRunner pid=59532)[0m [JSB][Init] registry size=1[32m [repeated 24x across cluster][0m
[36m(SingleAgentEnvRunner pid=59532)[0m [JSB][Init] before new AIP_FDMExec[32m [repeated 24x across cluster][0m
[36m(SingleAgentEnvRunner pid=59532)[0m [JSB][Init] after new AIP_FDMExec ptr=0000021A3492BDD0[32m [repeated 24x across cluster][0m
[36m(SingleAgentEnvRunner pid=59532)[0m [JSB][Init] before Init_FDM ptr=0000021A3492BDD0[32m [repeated 24x across cluster][0m
[36m(SingleAgentEnvRunner pid=61544)[0m [JSB][Init] after Init_FDM ptr=000001E411D61310[32m [repeated 23x across cluster][0m
[36m(SingleAgentEnvRunner pid=61544)[0m [JSB][Init] before Exec_FDM ptr=000001E411D61310[32m [repeated 23x across cluster][0m
[36m(SingleAgentEnvRunner pid=61544)[0m [JSB][Init] after Exec_FDM ptr=000001E411D61310[32m [repeated 23x across cluster][0m
[36m(SingleAgentEnvRunner pid=61544)[0m [JSB][Init] before InsertFighter BattleSpace=1 ptr=000001E411D61310[32m [repeated 23x across cluster][0m
[36m(SingleAgentEnvRunner pid=61544)[0m [JSB][Init] after InsertFighter FighterID=2[32m [repeated 23x across cluster][0m
[36m(SingleAgentEnvRunner pid=18096)[0m runner:5/env:0	num_steps=[218] | total rewards=[1391.4186] | termination= [target destroyed][32m [repeated 3x across cluster][0m
[36m(SingleAgentEnvRunner pid=66008)[0m runner:7/env:0	num_steps=[737] | total rewards=[-388.6686] | termination= [ownship altitude below min]
[36m(SingleAgentEnvRunner pid=51724)[0m runner:12/env:0	num_steps=[920] | total rewards=[387.7821] | termination= [target altitude below min]
[36m(SingleAgentEnvRunner pid=36412)[0m runner:6/env:0	num_steps=[615] | total rewards=[-507.8338] | termination= [ownship altitude below min]
[36m(SingleAgentEnvRunner pid=52932)[0m [JSB][Reset] enter BattleSpace=1[32m [repeated 20x across cluster][0m
[36m(SingleAgentEnvRunner pid=52932)[0m [JSB][Reset] after lock found=1 size=1[32m [repeated 20x across cluster][0m
[36m(SingleAgentEnvRunner pid=52932)[0m [JSB][Reset] fighter_count_after=0[32m [repeated 40x across cluster][0m
[36m(SingleAgentEnvRunner pid=52932)[0m total: 2[32m [repeated 20x across cluster][0m
[36m(SingleAgentEnvRunner pid=52932)[0m [JSB][Reset] exit after_size=1[32m [repeated 20x across cluster][0m
[36m(SingleAgentEnvRunner pid=52932)[0m runner:10/env:0	num_steps=[223] | total rewards=[588.2596] | termination= [ownship destroyed][32m [repeated 13x across cluster][0m
[36m(SingleAgentEnvRunner pid=52932)[0m [JSB][Init] enter BattleSpace=1 Type=1 ForceSide=2 Delta=0.0166667[32m [repeated 41x across cluster][0m
[36m(SingleAgentEnvRunner pid=52932)[0m [JSB][Init] registry size=1[32m [repeated 41x across cluster][0m
[36m(SingleAgentEnvRunner pid=52932)[0m [JSB][Init] before new AIP_FDMExec[32m [repeated 41x across cluster][0m
[36m(SingleAgentEnvRunner pid=52932)[0m [JSB][Init] after new AIP_FDMExec ptr=000001B8934E5C80[32m [repeated 41x across cluster][0m
[36m(SingleAgentEnvRunner pid=52932)[0m [JSB][Init] before Init_FDM ptr=000001B8934E5C80[32m [repeated 41x across cluster][0m
[36m(SingleAgentEnvRunner pid=52932)[0m [JSB][Init] after Init_FDM ptr=000001B8934E5C80[32m [repeated 42x across cluster][0m
[36m(SingleAgentEnvRunner pid=52932)[0m [JSB][Init] before Exec_FDM ptr=000001B8934E5C80[32m [repeated 42x across cluster][0m
[36m(SingleAgentEnvRunner pid=52932)[0m [JSB][Init] after Exec_FDM ptr=000001B8934E5C80[32m [repeated 42x across cluster][0m
[36m(SingleAgentEnvRunner pid=52932)[0m [JSB][Init] before InsertFighter BattleSpace=1 ptr=000001B8934E5C80[32m [repeated 42x across cluster][0m
[36m(SingleAgentEnvRunner pid=52932)[0m [JSB][Init] after InsertFighter FighterID=2[32m [repeated 42x across cluster][0m
[36m(SingleAgentEnvRunner pid=59532)[0m runner:3/env:0	num_steps=[484] | total rewards=[1245.9366] | termination= [target destroyed][32m [repeated 5x across cluster][0m
  [Checkpoint] Saved iter 40 -> C:\topgunfinal\Update\강화학습환경\artifacts\curriculum\AeroFlyer\final_sp2\stage_35_selfplay_final\checkpoints\iter_0040
stage=35 | iter_in_stage=39 | total_iter=39 | reward_mean=482.27 | win_rate=0.185 | draw_rate=0.388 | crash_rate=0.139 | ep_wez_steps=19.2 | episodes_this_iter=33 | entropy=-3.533 | vf_loss=187.667
[36m(SingleAgentEnvRunner pid=57920)[0m runner:11/env:0	num_steps=[442] | total rewards=[-669.5046] | termination= [ownship altitude below min]
[36m(SingleAgentEnvRunner pid=52932)[0m [JSB][Reset] enter BattleSpace=1[32m [repeated 13x across cluster][0m
[36m(SingleAgentEnvRunner pid=52932)[0m [JSB][Reset] after lock found=1 size=1[32m [repeated 13x across cluster][0m
[36m(SingleAgentEnvRunner pid=52932)[0m [JSB][Reset] fighter_count_after=0[32m [repeated 26x across cluster][0m
[36m(SingleAgentEnvRunner pid=52932)[0m total: 2[32m [repeated 13x across cluster][0m
[36m(SingleAgentEnvRunner pid=52932)[0m [JSB][Reset] exit after_size=1[32m [repeated 13x across cluster][0m
[36m(SingleAgentEnvRunner pid=52932)[0m runner:10/env:0	num_steps=[236] | total rewards=[537.6605] | termination= [ownship destroyed][32m [repeated 9x across cluster][0m
[36m(SingleAgentEnvRunner pid=52932)[0m [JSB][Init] enter BattleSpace=1 Type=1 ForceSide=2 Delta=0.0166667[32m [repeated 26x across cluster][0m
[36m(SingleAgentEnvRunner pid=52932)[0m [JSB][Init] registry size=1[32m [repeated 26x across cluster][0m
[36m(SingleAgentEnvRunner pid=52932)[0m [JSB][Init] before new AIP_FDMExec[32m [repeated 26x across cluster][0m
[36m(SingleAgentEnvRunner pid=52932)[0m [JSB][Init] after new AIP_FDMExec ptr=000001B8934E60A0[32m [repeated 26x across cluster][0m
[36m(SingleAgentEnvRunner pid=52932)[0m [JSB][Init] before Init_FDM ptr=000001B8934E60A0[32m [repeated 26x across cluster][0m
[36m(SingleAgentEnvRunner pid=52932)[0m [JSB][Init] after Init_FDM ptr=000001B8934E66D0[32m [repeated 25x across cluster][0m
[36m(SingleAgentEnvRunner pid=52932)[0m [JSB][Init] before Exec_FDM ptr=000001B8934E66D0[32m [repeated 25x across cluster][0m
[36m(SingleAgentEnvRunner pid=52932)[0m [JSB][Init] after Exec_FDM ptr=000001B8934E66D0[32m [repeated 25x across cluster][0m
[36m(SingleAgentEnvRunner pid=52932)[0m [JSB][Init] before InsertFighter BattleSpace=1 ptr=000001B8934E66D0[32m [repeated 25x across cluster][0m
[36m(SingleAgentEnvRunner pid=52932)[0m [JSB][Init] after InsertFighter FighterID=1[32m [repeated 25x across cluster][0m
[36m(SingleAgentEnvRunner pid=51724)[0m runner:12/env:0	num_steps=[192] | total rewards=[1397.2056] | termination= [target destroyed][32m [repeated 2x across cluster][0m
[36m(SingleAgentEnvRunner pid=18096)[0m runner:5/env:0	num_steps=[803] | total rewards=[39.5395] | termination= [target altitude below min]
[36m(SingleAgentEnvRunner pid=18256)[0m runner:14/env:0	num_steps=[1406] | total rewards=[-359.7953] | termination= [ownship altitude below min]
[36m(SingleAgentEnvRunner pid=61016)[0m runner:15/env:0	num_steps=[2000] | total rewards=[548.9760] | termination= [max time out]
[36m(SingleAgentEnvRunner pid=61016)[0m [JSB][Reset] enter BattleSpace=1[32m [repeated 20x across cluster][0m
[36m(SingleAgentEnvRunner pid=61016)[0m [JSB][Reset] after lock found=1 size=1[32m [repeated 20x across cluster][0m
[36m(SingleAgentEnvRunner pid=61016)[0m [JSB][Reset] fighter_count_after=0[32m [repeated 40x across cluster][0m
[36m(SingleAgentEnvRunner pid=61016)[0m total: 2[32m [repeated 20x across cluster][0m
[36m(SingleAgentEnvRunner pid=61016)[0m [JSB][Reset] exit after_size=1[32m [repeated 20x across cluster][0m
[36m(SingleAgentEnvRunner pid=61016)[0m runner:15/env:0	num_steps=[243] | total rewards=[542.4126] | termination= [ownship destroyed][32m [repeated 11x across cluster][0m
[36m(SingleAgentEnvRunner pid=61016)[0m [JSB][Init] enter BattleSpace=1 Type=1 ForceSide=2 Delta=0.0166667[32m [repeated 40x across cluster][0m
[36m(SingleAgentEnvRunner pid=61016)[0m [JSB][Init] registry size=1[32m [repeated 40x across cluster][0m
[36m(SingleAgentEnvRunner pid=61016)[0m [JSB][Init] before new AIP_FDMExec[32m [repeated 40x across cluster][0m
[36m(SingleAgentEnvRunner pid=61016)[0m [JSB][Init] after new AIP_FDMExec ptr=00000226123730B0[32m [repeated 40x across cluster][0m
[36m(SingleAgentEnvRunner pid=61016)[0m [JSB][Init] before Init_FDM ptr=00000226123730B0[32m [repeated 40x across cluster][0m
[36m(SingleAgentEnvRunner pid=61016)[0m [JSB][Init] after Init_FDM ptr=00000226123730B0[32m [repeated 41x across cluster][0m
[36m(SingleAgentEnvRunner pid=61016)[0m [JSB][Init] before Exec_FDM ptr=00000226123730B0[32m [repeated 41x across cluster][0m
[36m(SingleAgentEnvRunner pid=61016)[0m [JSB][Init] after Exec_FDM ptr=00000226123730B0[32m [repeated 41x across cluster][0m
[36m(SingleAgentEnvRunner pid=61016)[0m [JSB][Init] before InsertFighter BattleSpace=1 ptr=00000226123730B0[32m [repeated 41x across cluster][0m
[36m(SingleAgentEnvRunner pid=61016)[0m [JSB][Init] after InsertFighter FighterID=2[32m [repeated 41x across cluster][0m
[36m(SingleAgentEnvRunner pid=58040)[0m runner:8/env:0	num_steps=[485] | total rewards=[1206.4760] | termination= [target destroyed][32m [repeated 5x across cluster][0m
[36m(SingleAgentEnvRunner pid=61544)[0m runner:1/env:0	num_steps=[1816] | total rewards=[-600.7749] | termination= [ownship altitude below min][32m [repeated 2x across cluster][0m
stage=35 | iter_in_stage=40 | total_iter=40 | reward_mean=482.36 | win_rate=0.288 | draw_rate=0.263 | crash_rate=0.196 | ep_wez_steps=18.8 | episodes_this_iter=34 | entropy=-3.511 | vf_loss=104.790
[36m(SingleAgentEnvRunner pid=47444)[0m [JSB][Reset] enter BattleSpace=1[32m [repeated 14x across cluster][0m
[36m(SingleAgentEnvRunner pid=47444)[0m [JSB][Reset] after lock found=1 size=1[32m [repeated 14x across cluster][0m
[36m(SingleAgentEnvRunner pid=47444)[0m [JSB][Reset] fighter_count_after=0[32m [repeated 28x across cluster][0m
[36m(SingleAgentEnvRunner pid=47444)[0m total: 2[32m [repeated 14x across cluster][0m
[36m(SingleAgentEnvRunner pid=47444)[0m [JSB][Reset] exit after_size=1[32m [repeated 14x across cluster][0m
[36m(SingleAgentEnvRunner pid=61920)[0m runner:13/env:0	num_steps=[230] | total rewards=[615.8413] | termination= [ownship destroyed][32m [repeated 9x across cluster][0m
[36m(SingleAgentEnvRunner pid=61920)[0m [JSB][Init] enter BattleSpace=1 Type=1 ForceSide=2 Delta=0.0166667[32m [repeated 26x across cluster][0m
[36m(SingleAgentEnvRunner pid=61920)[0m [JSB][Init] registry size=1[32m [repeated 26x across cluster][0m
[36m(SingleAgentEnvRunner pid=61920)[0m [JSB][Init] before new AIP_FDMExec[32m [repeated 26x across cluster][0m
[36m(SingleAgentEnvRunner pid=61920)[0m [JSB][Init] after new AIP_FDMExec ptr=0000014B92194990[32m [repeated 26x across cluster][0m
[36m(SingleAgentEnvRunner pid=61920)[0m [JSB][Init] before Init_FDM ptr=0000014B92194990[32m [repeated 26x across cluster][0m
[36m(SingleAgentEnvRunner pid=61920)[0m [JSB][Init] after Init_FDM ptr=0000014B92194990[32m [repeated 26x across cluster][0m
[36m(SingleAgentEnvRunner pid=61920)[0m [JSB][Init] before Exec_FDM ptr=0000014B92194990[32m [repeated 26x across cluster][0m
[36m(SingleAgentEnvRunner pid=61920)[0m [JSB][Init] after Exec_FDM ptr=0000014B92194990[32m [repeated 26x across cluster][0m
[36m(SingleAgentEnvRunner pid=61920)[0m [JSB][Init] before InsertFighter BattleSpace=1 ptr=0000014B92194990[32m [repeated 26x across cluster][0m
[36m(SingleAgentEnvRunner pid=61920)[0m [JSB][Init] after InsertFighter FighterID=2[32m [repeated 26x across cluster][0m
[36m(SingleAgentEnvRunner pid=47444)[0m runner:4/env:0	num_steps=[271] | total rewards=[1339.9416] | termination= [target destroyed][32m [repeated 3x across cluster][0m
[36m(SingleAgentEnvRunner pid=15664)[0m runner:16/env:0	num_steps=[766] | total rewards=[-951.0183] | termination= [ownship altitude below min]
[36m(SingleAgentEnvRunner pid=52932)[0m runner:10/env:0	num_steps=[842] | total rewards=[-659.2926] | termination= [ownship altitude below min]
[36m(SingleAgentEnvRunner pid=36412)[0m runner:6/env:0	num_steps=[2000] | total rewards=[197.1614] | termination= [max time out]
[36m(SingleAgentEnvRunner pid=58040)[0m [JSB][Reset] enter BattleSpace=1[32m [repeated 22x across cluster][0m
[36m(SingleAgentEnvRunner pid=58040)[0m [JSB][Reset] after lock found=1 size=1[32m [repeated 22x across cluster][0m
[36m(SingleAgentEnvRunner pid=58040)[0m [JSB][Reset] fighter_count_after=0[32m [repeated 44x across cluster][0m
[36m(SingleAgentEnvRunner pid=58040)[0m total: 2[32m [repeated 22x across cluster][0m
[36m(SingleAgentEnvRunner pid=58040)[0m [JSB][Reset] exit after_size=1[32m [repeated 22x across cluster][0m
[36m(SingleAgentEnvRunner pid=18096)[0m runner:5/env:0	num_steps=[220] | total rewards=[587.0510] | termination= [ownship destroyed][32m [repeated 16x across cluster][0m
[36m(SingleAgentEnvRunner pid=58040)[0m [JSB][Init] enter BattleSpace=1 Type=1 ForceSide=1 Delta=0.0166667[32m [repeated 45x across cluster][0m
[36m(SingleAgentEnvRunner pid=58040)[0m [JSB][Init] registry size=1[32m [repeated 45x across cluster][0m
[36m(SingleAgentEnvRunner pid=58040)[0m [JSB][Init] before new AIP_FDMExec[32m [repeated 45x across cluster][0m
[36m(SingleAgentEnvRunner pid=58040)[0m [JSB][Init] after new AIP_FDMExec ptr=000002321361C480[32m [repeated 45x across cluster][0m
[36m(SingleAgentEnvRunner pid=58040)[0m [JSB][Init] before Init_FDM ptr=000002321361C480[32m [repeated 45x across cluster][0m
[36m(SingleAgentEnvRunner pid=18096)[0m [JSB][Init] after Init_FDM ptr=000001A611E6ADD0[32m [repeated 44x across cluster][0m
[36m(SingleAgentEnvRunner pid=18096)[0m [JSB][Init] before Exec_FDM ptr=000001A611E6ADD0[32m [repeated 44x across cluster][0m
[36m(SingleAgentEnvRunner pid=18096)[0m [JSB][Init] after Exec_FDM ptr=000001A611E6ADD0[32m [repeated 44x across cluster][0m
[36m(SingleAgentEnvRunner pid=18096)[0m [JSB][Init] before InsertFighter BattleSpace=1 ptr=000001A611E6ADD0[32m [repeated 44x across cluster][0m
[36m(SingleAgentEnvRunner pid=18096)[0m [JSB][Init] after InsertFighter FighterID=2[32m [repeated 44x across cluster][0m
[36m(SingleAgentEnvRunner pid=58040)[0m runner:8/env:0	num_steps=[192] | total rewards=[1369.7416] | termination= [target destroyed][32m [repeated 3x across cluster][0m
[36m(SingleAgentEnvRunner pid=47444)[0m runner:4/env:0	num_steps=[570] | total rewards=[-697.7475] | termination= [ownship altitude below min]
stage=35 | iter_in_stage=41 | total_iter=41 | reward_mean=433.55 | win_rate=0.160 | draw_rate=0.236 | crash_rate=0.083 | ep_wez_steps=15.3 | episodes_this_iter=32 | entropy=-3.509 | vf_loss=135.933
[36m(SingleAgentEnvRunner pid=39980)[0m [JSB][Reset] enter BattleSpace=1[32m [repeated 10x across cluster][0m
[36m(SingleAgentEnvRunner pid=39980)[0m [JSB][Reset] after lock found=1 size=1[32m [repeated 10x across cluster][0m
[36m(SingleAgentEnvRunner pid=39980)[0m [JSB][Reset] FighterPtr=000002590CD38D90 fighter_count_before=2[32m [repeated 19x across cluster][0m
[36m(SingleAgentEnvRunner pid=39980)[0m total: 2[32m [repeated 10x across cluster][0m
[36m(SingleAgentEnvRunner pid=47444)[0m [JSB][Reset] exit after_size=1[32m [repeated 9x across cluster][0m
[36m(SingleAgentEnvRunner pid=39980)[0m runner:2/env:0	num_steps=[218] | total rewards=[670.6056] | termination= [ownship destroyed][32m [repeated 6x across cluster][0m
[36m(SingleAgentEnvRunner pid=47444)[0m [JSB][Init] enter BattleSpace=1 Type=1 ForceSide=2 Delta=0.0166667[32m [repeated 19x across cluster][0m
[36m(SingleAgentEnvRunner pid=47444)[0m [JSB][Init] registry size=1[32m [repeated 19x across cluster][0m
[36m(SingleAgentEnvRunner pid=47444)[0m [JSB][Init] before new AIP_FDMExec[32m [repeated 19x across cluster][0m
[36m(SingleAgentEnvRunner pid=47444)[0m [JSB][Init] after new AIP_FDMExec ptr=00000245123E5610[32m [repeated 19x across cluster][0m
[36m(SingleAgentEnvRunner pid=47444)[0m [JSB][Init] before Init_FDM ptr=00000245123E5610[32m [repeated 19x across cluster][0m
[36m(SingleAgentEnvRunner pid=47444)[0m [JSB][Init] after Init_FDM ptr=00000245123E5610[32m [repeated 20x across cluster][0m
[36m(SingleAgentEnvRunner pid=47444)[0m [JSB][Init] before Exec_FDM ptr=00000245123E5610[32m [repeated 20x across cluster][0m
[36m(SingleAgentEnvRunner pid=47444)[0m [JSB][Init] after Exec_FDM ptr=00000245123E5610[32m [repeated 20x across cluster][0m
[36m(SingleAgentEnvRunner pid=47444)[0m [JSB][Init] before InsertFighter BattleSpace=1 ptr=00000245123E5610[32m [repeated 20x across cluster][0m
[36m(SingleAgentEnvRunner pid=47444)[0m [JSB][Init] after InsertFighter FighterID=2[32m [repeated 20x across cluster][0m
[36m(SingleAgentEnvRunner pid=47444)[0m runner:4/env:0	num_steps=[205] | total rewards=[1385.7955] | termination= [target destroyed][32m [repeated 4x across cluster][0m
[36m(SingleAgentEnvRunner pid=59532)[0m runner:3/env:0	num_steps=[830] | total rewards=[-890.6254] | termination= [ownship altitude below min]
[36m(SingleAgentEnvRunner pid=57920)[0m [JSB][Reset] enter BattleSpace=1[32m [repeated 17x across cluster][0m
[36m(SingleAgentEnvRunner pid=57920)[0m [JSB][Reset] after lock found=1 size=1[32m [repeated 17x across cluster][0m
[36m(SingleAgentEnvRunner pid=57920)[0m [JSB][Reset] fighter_count_after=0[32m [repeated 35x across cluster][0m
[36m(SingleAgentEnvRunner pid=57920)[0m total: 2[32m [repeated 17x across cluster][0m
[36m(SingleAgentEnvRunner pid=57920)[0m [JSB][Reset] exit after_size=1[32m [repeated 18x across cluster][0m
[36m(SingleAgentEnvRunner pid=61016)[0m runner:15/env:0	num_steps=[244] | total rewards=[487.6001] | termination= [ownship destroyed][32m [repeated 9x across cluster][0m
[36m(SingleAgentEnvRunner pid=57920)[0m [JSB][Init] enter BattleSpace=1 Type=1 ForceSide=1 Delta=0.0166667[32m [repeated 35x across cluster][0m
[36m(SingleAgentEnvRunner pid=57920)[0m [JSB][Init] registry size=1[32m [repeated 35x across cluster][0m
[36m(SingleAgentEnvRunner pid=57920)[0m [JSB][Init] before new AIP_FDMExec[32m [repeated 35x across cluster][0m
[36m(SingleAgentEnvRunner pid=57920)[0m [JSB][Init] after new AIP_FDMExec ptr=000002301194E400[32m [repeated 35x across cluster][0m
[36m(SingleAgentEnvRunner pid=57920)[0m [JSB][Init] before Init_FDM ptr=000002301194E400[32m [repeated 35x across cluster][0m
[36m(SingleAgentEnvRunner pid=61016)[0m [JSB][Init] after Init_FDM ptr=00000226139E67E0[32m [repeated 34x across cluster][0m
[36m(SingleAgentEnvRunner pid=61016)[0m [JSB][Init] before Exec_FDM ptr=00000226139E67E0[32m [repeated 34x across cluster][0m
[36m(SingleAgentEnvRunner pid=61016)[0m [JSB][Init] after Exec_FDM ptr=00000226139E67E0[32m [repeated 34x across cluster][0m
[36m(SingleAgentEnvRunner pid=61016)[0m [JSB][Init] before InsertFighter BattleSpace=1 ptr=00000226139E67E0[32m [repeated 34x across cluster][0m
[36m(SingleAgentEnvRunner pid=61016)[0m [JSB][Init] after InsertFighter FighterID=2[32m [repeated 34x across cluster][0m
[36m(SingleAgentEnvRunner pid=57920)[0m runner:11/env:0	num_steps=[192] | total rewards=[1345.6444] | termination= [target destroyed][32m [repeated 6x across cluster][0m
[36m(SingleAgentEnvRunner pid=52932)[0m runner:10/env:0	num_steps=[876] | total rewards=[-364.2038] | termination= [ownship altitude below min]
[36m(SingleAgentEnvRunner pid=61544)[0m runner:1/env:0	num_steps=[853] | total rewards=[-730.4133] | termination= [ownship altitude below min]
stage=35 | iter_in_stage=42 | total_iter=42 | reward_mean=549.35 | win_rate=0.250 | draw_rate=0.233 | crash_rate=0.104 | ep_wez_steps=18.1 | episodes_this_iter=29 | entropy=-3.504 | vf_loss=131.709
[36m(SingleAgentEnvRunner pid=36412)[0m [JSB][Reset] enter BattleSpace=1[32m [repeated 12x across cluster][0m
[36m(SingleAgentEnvRunner pid=36412)[0m [JSB][Reset] after lock found=1 size=1[32m [repeated 12x across cluster][0m
[36m(SingleAgentEnvRunner pid=36412)[0m [JSB][Reset] fighter_count_after=0[32m [repeated 24x across cluster][0m
[36m(SingleAgentEnvRunner pid=36412)[0m total: 2[32m [repeated 12x across cluster][0m
[36m(SingleAgentEnvRunner pid=36412)[0m [JSB][Reset] exit after_size=1[32m [repeated 12x across cluster][0m
[36m(SingleAgentEnvRunner pid=58040)[0m runner:8/env:0	num_steps=[251] | total rewards=[575.1299] | termination= [ownship destroyed][32m [repeated 8x across cluster][0m
[36m(SingleAgentEnvRunner pid=36412)[0m [JSB][Init] enter BattleSpace=1 Type=1 ForceSide=1 Delta=0.0166667[32m [repeated 24x across cluster][0m
[36m(SingleAgentEnvRunner pid=36412)[0m [JSB][Init] registry size=1[32m [repeated 24x across cluster][0m
[36m(SingleAgentEnvRunner pid=36412)[0m [JSB][Init] before new AIP_FDMExec[32m [repeated 24x across cluster][0m
[36m(SingleAgentEnvRunner pid=36412)[0m [JSB][Init] after new AIP_FDMExec ptr=000002303377CCC0[32m [repeated 24x across cluster][0m
[36m(SingleAgentEnvRunner pid=36412)[0m [JSB][Init] before Init_FDM ptr=000002303377CCC0[32m [repeated 24x across cluster][0m
[36m(SingleAgentEnvRunner pid=58040)[0m [JSB][Init] after Init_FDM ptr=000002321152CC90[32m [repeated 24x across cluster][0m
[36m(SingleAgentEnvRunner pid=58040)[0m [JSB][Init] before Exec_FDM ptr=000002321152CC90[32m [repeated 24x across cluster][0m
[36m(SingleAgentEnvRunner pid=58040)[0m [JSB][Init] after Exec_FDM ptr=000002321152CC90[32m [repeated 24x across cluster][0m
[36m(SingleAgentEnvRunner pid=58040)[0m [JSB][Init] before InsertFighter BattleSpace=1 ptr=000002321152CC90[32m [repeated 24x across cluster][0m
[36m(SingleAgentEnvRunner pid=58040)[0m [JSB][Init] after InsertFighter FighterID=2[32m [repeated 24x across cluster][0m
[36m(SingleAgentEnvRunner pid=52932)[0m runner:10/env:0	num_steps=[250] | total rewards=[1410.4635] | termination= [target destroyed][32m [repeated 2x across cluster][0m
[36m(SingleAgentEnvRunner pid=36412)[0m runner:6/env:0	num_steps=[686] | total rewards=[-614.4783] | termination= [ownship altitude below min]
[36m(SingleAgentEnvRunner pid=18096)[0m runner:5/env:0	num_steps=[1625] | total rewards=[467.6756] | termination= [target altitude below min]
[36m(SingleAgentEnvRunner pid=57920)[0m runner:11/env:0	num_steps=[391] | total rewards=[-663.3611] | termination= [ownship altitude below min]
[36m(SingleAgentEnvRunner pid=61920)[0m runner:13/env:0	num_steps=[2000] | total rewards=[299.4457] | termination= [max time out]
[36m(SingleAgentEnvRunner pid=39980)[0m [JSB][Reset] enter BattleSpace=1[32m [repeated 19x across cluster][0m
[36m(SingleAgentEnvRunner pid=39980)[0m [JSB][Reset] after lock found=1 size=1[32m [repeated 19x across cluster][0m
[36m(SingleAgentEnvRunner pid=39980)[0m [JSB][Reset] fighter_count_after=0[32m [repeated 38x across cluster][0m
[36m(SingleAgentEnvRunner pid=39980)[0m total: 2[32m [repeated 19x across cluster][0m
[36m(SingleAgentEnvRunner pid=39980)[0m [JSB][Reset] exit after_size=1[32m [repeated 19x across cluster][0m
[36m(SingleAgentEnvRunner pid=39980)[0m runner:2/env:0	num_steps=[1652] | total rewards=[293.9207] | termination= [ownship destroyed][32m [repeated 8x across cluster][0m
[36m(SingleAgentEnvRunner pid=63120)[0m [JSB][Init] enter BattleSpace=1 Type=1 ForceSide=2 Delta=0.0166667[32m [repeated 39x across cluster][0m
[36m(SingleAgentEnvRunner pid=63120)[0m [JSB][Init] registry size=1[32m [repeated 39x across cluster][0m
[36m(SingleAgentEnvRunner pid=63120)[0m [JSB][Init] before new AIP_FDMExec[32m [repeated 39x across cluster][0m
[36m(SingleAgentEnvRunner pid=63120)[0m [JSB][Init] after new AIP_FDMExec ptr=0000017C11D63050[32m [repeated 39x across cluster][0m
[36m(SingleAgentEnvRunner pid=63120)[0m [JSB][Init] before Init_FDM ptr=0000017C11D63050[32m [repeated 39x across cluster][0m
[36m(SingleAgentEnvRunner pid=63120)[0m [JSB][Init] after Init_FDM ptr=0000017C11D63050[32m [repeated 40x across cluster][0m
[36m(SingleAgentEnvRunner pid=63120)[0m [JSB][Init] before Exec_FDM ptr=0000017C11D63050[32m [repeated 40x across cluster][0m
[36m(SingleAgentEnvRunner pid=63120)[0m [JSB][Init] after Exec_FDM ptr=0000017C11D63050[32m [repeated 40x across cluster][0m
[36m(SingleAgentEnvRunner pid=63120)[0m [JSB][Init] before InsertFighter BattleSpace=1 ptr=0000017C11D63050[32m [repeated 40x across cluster][0m
[36m(SingleAgentEnvRunner pid=63120)[0m [JSB][Init] after InsertFighter FighterID=2[32m [repeated 40x across cluster][0m
[36m(SingleAgentEnvRunner pid=57920)[0m runner:11/env:0	num_steps=[240] | total rewards=[1355.7503] | termination= [target destroyed][32m [repeated 6x across cluster][0m
[36m(SingleAgentEnvRunner pid=18256)[0m runner:14/env:0	num_steps=[619] | total rewards=[-713.5592] | termination= [ownship altitude below min]
[36m(SingleAgentEnvRunner pid=59532)[0m runner:3/env:0	num_steps=[763] | total rewards=[-340.4099] | termination= [ownship altitude below min]
[36m(SingleAgentEnvRunner pid=63120)[0m runner:9/env:0	num_steps=[2000] | total rewards=[670.9946] | termination= [max time out][32m [repeated 2x across cluster][0m
stage=35 | iter_in_stage=43 | total_iter=43 | reward_mean=618.13 | win_rate=0.372 | draw_rate=0.156 | crash_rate=0.117 | ep_wez_steps=16.5 | episodes_this_iter=30 | entropy=-3.502 | vf_loss=153.278
[36m(SingleAgentEnvRunner pid=47444)[0m [JSB][Reset] enter BattleSpace=1[32m [repeated 11x across cluster][0m
[36m(SingleAgentEnvRunner pid=47444)[0m [JSB][Reset] after lock found=1 size=1[32m [repeated 11x across cluster][0m
[36m(SingleAgentEnvRunner pid=47444)[0m [JSB][Reset] fighter_count_after=0[32m [repeated 22x across cluster][0m
[36m(SingleAgentEnvRunner pid=47444)[0m total: 2[32m [repeated 11x across cluster][0m
[36m(SingleAgentEnvRunner pid=47444)[0m [JSB][Reset] exit after_size=1[32m [repeated 11x across cluster][0m
[36m(SingleAgentEnvRunner pid=57920)[0m runner:11/env:0	num_steps=[227] | total rewards=[631.1341] | termination= [ownship destroyed][32m [repeated 4x across cluster][0m
[36m(SingleAgentEnvRunner pid=59532)[0m [JSB][Init] enter BattleSpace=1 Type=1 ForceSide=2 Delta=0.0166667[32m [repeated 20x across cluster][0m
[36m(SingleAgentEnvRunner pid=59532)[0m [JSB][Init] registry size=1[32m [repeated 20x across cluster][0m
[36m(SingleAgentEnvRunner pid=59532)[0m [JSB][Init] before new AIP_FDMExec[32m [repeated 20x across cluster][0m
[36m(SingleAgentEnvRunner pid=59532)[0m [JSB][Init] after new AIP_FDMExec ptr=0000021A3374C010[32m [repeated 20x across cluster][0m
[36m(SingleAgentEnvRunner pid=59532)[0m [JSB][Init] before Init_FDM ptr=0000021A3374C010[32m [repeated 20x across cluster][0m
[36m(SingleAgentEnvRunner pid=59532)[0m [JSB][Init] after Init_FDM ptr=0000021A3374C010[32m [repeated 20x across cluster][0m
[36m(SingleAgentEnvRunner pid=59532)[0m [JSB][Init] before Exec_FDM ptr=0000021A3374C010[32m [repeated 20x across cluster][0m
[36m(SingleAgentEnvRunner pid=59532)[0m [JSB][Init] after Exec_FDM ptr=0000021A3374C010[32m [repeated 20x across cluster][0m
[36m(SingleAgentEnvRunner pid=59532)[0m [JSB][Init] before InsertFighter BattleSpace=1 ptr=0000021A3374C010[32m [repeated 20x across cluster][0m
[36m(SingleAgentEnvRunner pid=59532)[0m [JSB][Init] after InsertFighter FighterID=2[32m [repeated 20x across cluster][0m
[36m(SingleAgentEnvRunner pid=47444)[0m runner:4/env:0	num_steps=[248] | total rewards=[1308.4917] | termination= [target destroyed][32m [repeated 5x across cluster][0m
[36m(SingleAgentEnvRunner pid=39980)[0m runner:2/env:0	num_steps=[483] | total rewards=[-709.4629] | termination= [ownship altitude below min]
[36m(SingleAgentEnvRunner pid=52932)[0m runner:10/env:0	num_steps=[661] | total rewards=[260.5920] | termination= [target altitude below min]
[36m(SingleAgentEnvRunner pid=57920)[0m [JSB][Reset] enter BattleSpace=1[32m [repeated 25x across cluster][0m
[36m(SingleAgentEnvRunner pid=57920)[0m [JSB][Reset] after lock found=1 size=1[32m [repeated 25x across cluster][0m
[36m(SingleAgentEnvRunner pid=57920)[0m [JSB][Reset] fighter_count_after=0[32m [repeated 50x across cluster][0m
[36m(SingleAgentEnvRunner pid=57920)[0m total: 2[32m [repeated 25x across cluster][0m
[36m(SingleAgentEnvRunner pid=57920)[0m [JSB][Reset] exit after_size=1[32m [repeated 25x across cluster][0m
[36m(SingleAgentEnvRunner pid=61920)[0m runner:13/env:0	num_steps=[476] | total rewards=[516.0931] | termination= [ownship destroyed][32m [repeated 15x across cluster][0m
[36m(SingleAgentEnvRunner pid=39980)[0m [JSB][Init] enter BattleSpace=1 Type=1 ForceSide=2 Delta=0.0166667[32m [repeated 48x across cluster][0m
[36m(SingleAgentEnvRunner pid=39980)[0m [JSB][Init] registry size=1[32m [repeated 48x across cluster][0m
[36m(SingleAgentEnvRunner pid=39980)[0m [JSB][Init] before new AIP_FDMExec[32m [repeated 48x across cluster][0m
[36m(SingleAgentEnvRunner pid=39980)[0m [JSB][Init] after new AIP_FDMExec ptr=0000025913964E70[32m [repeated 48x across cluster][0m
[36m(SingleAgentEnvRunner pid=39980)[0m [JSB][Init] before Init_FDM ptr=0000025913964E70[32m [repeated 48x across cluster][0m
[36m(SingleAgentEnvRunner pid=39980)[0m [JSB][Init] after Init_FDM ptr=0000025913964E70[32m [repeated 48x across cluster][0m
[36m(SingleAgentEnvRunner pid=39980)[0m [JSB][Init] before Exec_FDM ptr=0000025913964E70[32m [repeated 48x across cluster][0m
[36m(SingleAgentEnvRunner pid=39980)[0m [JSB][Init] after Exec_FDM ptr=0000025913964E70[32m [repeated 48x across cluster][0m
[36m(SingleAgentEnvRunner pid=39980)[0m [JSB][Init] before InsertFighter BattleSpace=1 ptr=0000025913964E70[32m [repeated 48x across cluster][0m
[36m(SingleAgentEnvRunner pid=39980)[0m [JSB][Init] after InsertFighter FighterID=2[32m [repeated 48x across cluster][0m
[36m(SingleAgentEnvRunner pid=59532)[0m runner:3/env:0	num_steps=[471] | total rewards=[1337.5881] | termination= [target destroyed][32m [repeated 7x across cluster][0m
stage=35 | iter_in_stage=44 | total_iter=44 | reward_mean=587.45 | win_rate=0.287 | draw_rate=0.411 | crash_rate=0.113 | ep_wez_steps=20.4 | episodes_this_iter=39 | entropy=-3.511 | vf_loss=127.926
[36m(SingleAgentEnvRunner pid=63120)[0m runner:9/env:0	num_steps=[827] | total rewards=[-463.0655] | termination= [ownship altitude below min][32m [repeated 3x across cluster][0m
[36m(SingleAgentEnvRunner pid=52932)[0m [JSB][Reset] enter BattleSpace=1[32m [repeated 14x across cluster][0m
[36m(SingleAgentEnvRunner pid=52932)[0m [JSB][Reset] after lock found=1 size=1[32m [repeated 14x across cluster][0m
[36m(SingleAgentEnvRunner pid=52932)[0m [JSB][Reset] fighter_count_after=0[32m [repeated 28x across cluster][0m
[36m(SingleAgentEnvRunner pid=52932)[0m total: 2[32m [repeated 14x across cluster][0m
[36m(SingleAgentEnvRunner pid=52932)[0m [JSB][Reset] exit after_size=1[32m [repeated 14x across cluster][0m
[36m(SingleAgentEnvRunner pid=52932)[0m runner:10/env:0	num_steps=[249] | total rewards=[388.4549] | termination= [ownship destroyed][32m [repeated 10x across cluster][0m
[36m(SingleAgentEnvRunner pid=52932)[0m [JSB][Init] enter BattleSpace=1 Type=1 ForceSide=2 Delta=0.0166667[32m [repeated 32x across cluster][0m
[36m(SingleAgentEnvRunner pid=52932)[0m [JSB][Init] registry size=1[32m [repeated 32x across cluster][0m
[36m(SingleAgentEnvRunner pid=52932)[0m [JSB][Init] before new AIP_FDMExec[32m [repeated 32x across cluster][0m
[36m(SingleAgentEnvRunner pid=52932)[0m [JSB][Init] after new AIP_FDMExec ptr=000001B892066510[32m [repeated 32x across cluster][0m
[36m(SingleAgentEnvRunner pid=52932)[0m [JSB][Init] before Init_FDM ptr=000001B892066510[32m [repeated 32x across cluster][0m
[36m(SingleAgentEnvRunner pid=52932)[0m [JSB][Init] after Init_FDM ptr=000001B892067590[32m [repeated 31x across cluster][0m
[36m(SingleAgentEnvRunner pid=52932)[0m [JSB][Init] before Exec_FDM ptr=000001B892067590[32m [repeated 31x across cluster][0m
[36m(SingleAgentEnvRunner pid=52932)[0m [JSB][Init] after Exec_FDM ptr=000001B892067590[32m [repeated 31x across cluster][0m
[36m(SingleAgentEnvRunner pid=52932)[0m [JSB][Init] before InsertFighter BattleSpace=1 ptr=000001B892067590[32m [repeated 31x across cluster][0m
[36m(SingleAgentEnvRunner pid=52932)[0m [JSB][Init] after InsertFighter FighterID=1[32m [repeated 31x across cluster][0m
[36m(SingleAgentEnvRunner pid=57920)[0m runner:11/env:0	num_steps=[192] | total rewards=[1308.5736] | termination= [target destroyed][32m [repeated 2x across cluster][0m
[36m(SingleAgentEnvRunner pid=61544)[0m runner:1/env:0	num_steps=[2000] | total rewards=[261.4259] | termination= [max time out]
[36m(SingleAgentEnvRunner pid=51724)[0m runner:12/env:0	num_steps=[418] | total rewards=[-426.7256] | termination= [ownship altitude below min]
[36m(SingleAgentEnvRunner pid=39980)[0m [JSB][Reset] enter BattleSpace=1[32m [repeated 21x across cluster][0m
[36m(SingleAgentEnvRunner pid=39980)[0m [JSB][Reset] after lock found=1 size=1[32m [repeated 21x across cluster][0m
[36m(SingleAgentEnvRunner pid=39980)[0m [JSB][Reset] fighter_count_after=0[32m [repeated 42x across cluster][0m
[36m(SingleAgentEnvRunner pid=39980)[0m total: 2[32m [repeated 21x across cluster][0m
[36m(SingleAgentEnvRunner pid=39980)[0m [JSB][Reset] exit after_size=1[32m [repeated 21x across cluster][0m
[36m(SingleAgentEnvRunner pid=39980)[0m runner:2/env:0	num_steps=[220] | total rewards=[582.7461] | termination= [ownship destroyed][32m [repeated 13x across cluster][0m
[36m(SingleAgentEnvRunner pid=39980)[0m [JSB][Init] enter BattleSpace=1 Type=1 ForceSide=2 Delta=0.0166667[32m [repeated 42x across cluster][0m
[36m(SingleAgentEnvRunner pid=39980)[0m [JSB][Init] registry size=1[32m [repeated 42x across cluster][0m
[36m(SingleAgentEnvRunner pid=39980)[0m [JSB][Init] before new AIP_FDMExec[32m [repeated 42x across cluster][0m
[36m(SingleAgentEnvRunner pid=39980)[0m [JSB][Init] after new AIP_FDMExec ptr=0000025911E181D0[32m [repeated 42x across cluster][0m
[36m(SingleAgentEnvRunner pid=39980)[0m [JSB][Init] before Init_FDM ptr=0000025911E181D0[32m [repeated 42x across cluster][0m
[36m(SingleAgentEnvRunner pid=39980)[0m [JSB][Init] after Init_FDM ptr=0000025911E19040[32m [repeated 42x across cluster][0m
[36m(SingleAgentEnvRunner pid=39980)[0m [JSB][Init] before Exec_FDM ptr=0000025911E19040[32m [repeated 42x across cluster][0m
[36m(SingleAgentEnvRunner pid=39980)[0m [JSB][Init] after Exec_FDM ptr=0000025911E19040[32m [repeated 42x across cluster][0m
[36m(SingleAgentEnvRunner pid=39980)[0m [JSB][Init] before InsertFighter BattleSpace=1 ptr=0000025911E19040[32m [repeated 42x across cluster][0m
[36m(SingleAgentEnvRunner pid=39980)[0m [JSB][Init] after InsertFighter FighterID=1[32m [repeated 42x across cluster][0m
[36m(SingleAgentEnvRunner pid=59532)[0m runner:3/env:0	num_steps=[346] | total rewards=[1239.4118] | termination= [target destroyed][32m [repeated 6x across cluster][0m
[36m(SingleAgentEnvRunner pid=18256)[0m runner:14/env:0	num_steps=[1016] | total rewards=[128.2572] | termination= [target altitude below min]
stage=35 | iter_in_stage=45 | total_iter=45 | reward_mean=598.37 | win_rate=0.321 | draw_rate=0.238 | crash_rate=0.036 | ep_wez_steps=16.6 | episodes_this_iter=28 | entropy=-3.541 | vf_loss=68.562
[36m(SingleAgentEnvRunner pid=61544)[0m [JSB][Reset] enter BattleSpace=1[32m [repeated 7x across cluster][0m
[36m(SingleAgentEnvRunner pid=61544)[0m [JSB][Reset] after lock found=1 size=1[32m [repeated 7x across cluster][0m
[36m(SingleAgentEnvRunner pid=61544)[0m [JSB][Reset] FighterPtr=000001E40CBFCB40 fighter_count_before=2[32m [repeated 13x across cluster][0m
[36m(SingleAgentEnvRunner pid=61544)[0m total: 2[32m [repeated 7x across cluster][0m
[36m(SingleAgentEnvRunner pid=15664)[0m [JSB][Reset] exit after_size=1[32m [repeated 6x across cluster][0m
[36m(SingleAgentEnvRunner pid=61544)[0m runner:1/env:0	num_steps=[1043] | total rewards=[119.6910] | termination= [ownship destroyed][32m [repeated 3x across cluster][0m
[36m(SingleAgentEnvRunner pid=15664)[0m [JSB][Init] enter BattleSpace=1 Type=1 ForceSide=2 Delta=0.0166667[32m [repeated 12x across cluster][0m
[36m(SingleAgentEnvRunner pid=15664)[0m [JSB][Init] registry size=1[32m [repeated 12x across cluster][0m
[36m(SingleAgentEnvRunner pid=15664)[0m [JSB][Init] before new AIP_FDMExec[32m [repeated 12x across cluster][0m
[36m(SingleAgentEnvRunner pid=15664)[0m [JSB][Init] after new AIP_FDMExec ptr=000002E493324DD0[32m [repeated 12x across cluster][0m
[36m(SingleAgentEnvRunner pid=15664)[0m [JSB][Init] before Init_FDM ptr=000002E493324DD0[32m [repeated 12x across cluster][0m
[36m(SingleAgentEnvRunner pid=15664)[0m [JSB][Init] after Init_FDM ptr=000002E493324DD0[32m [repeated 13x across cluster][0m
[36m(SingleAgentEnvRunner pid=15664)[0m [JSB][Init] before Exec_FDM ptr=000002E493324DD0[32m [repeated 13x across cluster][0m
[36m(SingleAgentEnvRunner pid=15664)[0m [JSB][Init] after Exec_FDM ptr=000002E493324DD0[32m [repeated 13x across cluster][0m
[36m(SingleAgentEnvRunner pid=15664)[0m [JSB][Init] before InsertFighter BattleSpace=1 ptr=000002E493324DD0[32m [repeated 13x across cluster][0m
[36m(SingleAgentEnvRunner pid=15664)[0m [JSB][Init] after InsertFighter FighterID=2[32m [repeated 13x across cluster][0m
[36m(SingleAgentEnvRunner pid=59532)[0m runner:3/env:0	num_steps=[481] | total rewards=[1296.9121] | termination= [target destroyed][32m [repeated 3x across cluster][0m
[36m(SingleAgentEnvRunner pid=39980)[0m runner:2/env:0	num_steps=[1095] | total rewards=[-367.5029] | termination= [ownship altitude below min]
[36m(SingleAgentEnvRunner pid=58040)[0m [JSB][Reset] enter BattleSpace=1[32m [repeated 17x across cluster][0m
[36m(SingleAgentEnvRunner pid=58040)[0m [JSB][Reset] after lock found=1 size=1[32m [repeated 17x across cluster][0m
[36m(SingleAgentEnvRunner pid=58040)[0m [JSB][Reset] fighter_count_after=0[32m [repeated 35x across cluster][0m
[36m(SingleAgentEnvRunner pid=58040)[0m total: 2[32m [repeated 17x across cluster][0m
[36m(SingleAgentEnvRunner pid=58040)[0m [JSB][Reset] exit after_size=1[32m [repeated 18x across cluster][0m
[36m(SingleAgentEnvRunner pid=58040)[0m runner:8/env:0	num_steps=[248] | total rewards=[545.7758] | termination= [ownship destroyed][32m [repeated 11x across cluster][0m
[36m(SingleAgentEnvRunner pid=39980)[0m [JSB][Init] enter BattleSpace=1 Type=1 ForceSide=2 Delta=0.0166667[32m [repeated 36x across cluster][0m
[36m(SingleAgentEnvRunner pid=39980)[0m [JSB][Init] registry size=1[32m [repeated 36x across cluster][0m
[36m(SingleAgentEnvRunner pid=39980)[0m [JSB][Init] before new AIP_FDMExec[32m [repeated 36x across cluster][0m
[36m(SingleAgentEnvRunner pid=39980)[0m [JSB][Init] after new AIP_FDMExec ptr=0000025911E16B20[32m [repeated 36x across cluster][0m
[36m(SingleAgentEnvRunner pid=39980)[0m [JSB][Init] before Init_FDM ptr=0000025911E16B20[32m [repeated 36x across cluster][0m
[36m(SingleAgentEnvRunner pid=39980)[0m [JSB][Init] after Init_FDM ptr=0000025911E16B20[32m [repeated 36x across cluster][0m
[36m(SingleAgentEnvRunner pid=39980)[0m [JSB][Init] before Exec_FDM ptr=0000025911E16B20[32m [repeated 36x across cluster][0m
[36m(SingleAgentEnvRunner pid=39980)[0m [JSB][Init] after Exec_FDM ptr=0000025911E16B20[32m [repeated 36x across cluster][0m
[36m(SingleAgentEnvRunner pid=39980)[0m [JSB][Init] before InsertFighter BattleSpace=1 ptr=0000025911E16B20[32m [repeated 36x across cluster][0m
[36m(SingleAgentEnvRunner pid=39980)[0m [JSB][Init] after InsertFighter FighterID=2[32m [repeated 36x across cluster][0m
[36m(SingleAgentEnvRunner pid=61544)[0m runner:1/env:0	num_steps=[465] | total rewards=[1249.7777] | termination= [target destroyed][32m [repeated 5x across cluster][0m
stage=35 | iter_in_stage=46 | total_iter=46 | reward_mean=547.60 | win_rate=0.262 | draw_rate=0.226 | crash_rate=0.143 | ep_wez_steps=18.0 | episodes_this_iter=27 | entropy=-3.559 | vf_loss=162.709
[36m(SingleAgentEnvRunner pid=51724)[0m runner:12/env:0	num_steps=[723] | total rewards=[-825.1859] | termination= [ownship altitude below min][32m [repeated 2x across cluster][0m
[36m(SingleAgentEnvRunner pid=15664)[0m [JSB][Reset] enter BattleSpace=1[32m [repeated 10x across cluster][0m
[36m(SingleAgentEnvRunner pid=15664)[0m [JSB][Reset] after lock found=1 size=1[32m [repeated 10x across cluster][0m
[36m(SingleAgentEnvRunner pid=15664)[0m [JSB][Reset] fighter_count_after=0[32m [repeated 20x across cluster][0m
[36m(SingleAgentEnvRunner pid=15664)[0m total: 2[32m [repeated 10x across cluster][0m
[36m(SingleAgentEnvRunner pid=15664)[0m [JSB][Reset] exit after_size=1[32m [repeated 10x across cluster][0m
[36m(SingleAgentEnvRunner pid=61920)[0m runner:13/env:0	num_steps=[892] | total rewards=[380.4716] | termination= [ownship destroyed][32m [repeated 4x across cluster][0m
[36m(SingleAgentEnvRunner pid=15664)[0m [JSB][Init] enter BattleSpace=1 Type=1 ForceSide=1 Delta=0.0166667[32m [repeated 19x across cluster][0m
[36m(SingleAgentEnvRunner pid=15664)[0m [JSB][Init] registry size=1[32m [repeated 19x across cluster][0m
[36m(SingleAgentEnvRunner pid=15664)[0m [JSB][Init] before new AIP_FDMExec[32m [repeated 19x across cluster][0m
[36m(SingleAgentEnvRunner pid=15664)[0m [JSB][Init] after new AIP_FDMExec ptr=000002E493325C40[32m [repeated 19x across cluster][0m
[36m(SingleAgentEnvRunner pid=15664)[0m [JSB][Init] before Init_FDM ptr=000002E493325C40[32m [repeated 19x across cluster][0m
[36m(SingleAgentEnvRunner pid=39980)[0m [JSB][Init] after Init_FDM ptr=00000259118795C0[32m [repeated 18x across cluster][0m
[36m(SingleAgentEnvRunner pid=39980)[0m [JSB][Init] before Exec_FDM ptr=00000259118795C0[32m [repeated 18x across cluster][0m
[36m(SingleAgentEnvRunner pid=39980)[0m [JSB][Init] after Exec_FDM ptr=00000259118795C0[32m [repeated 18x across cluster][0m
[36m(SingleAgentEnvRunner pid=39980)[0m [JSB][Init] before InsertFighter BattleSpace=1 ptr=00000259118795C0[32m [repeated 18x across cluster][0m
[36m(SingleAgentEnvRunner pid=39980)[0m [JSB][Init] after InsertFighter FighterID=2[32m [repeated 18x across cluster][0m
[36m(SingleAgentEnvRunner pid=15664)[0m runner:16/env:0	num_steps=[349] | total rewards=[1284.5526] | termination= [target destroyed][32m [repeated 4x across cluster][0m
[36m(SingleAgentEnvRunner pid=57920)[0m runner:11/env:0	num_steps=[2000] | total rewards=[494.1178] | termination= [max time out]
[36m(SingleAgentEnvRunner pid=58040)[0m runner:8/env:0	num_steps=[1056] | total rewards=[-447.1706] | termination= [ownship altitude below min]
[36m(SingleAgentEnvRunner pid=58040)[0m [JSB][Reset] enter BattleSpace=1[32m [repeated 17x across cluster][0m
[36m(SingleAgentEnvRunner pid=58040)[0m [JSB][Reset] after lock found=1 size=1[32m [repeated 17x across cluster][0m
[36m(SingleAgentEnvRunner pid=58040)[0m [JSB][Reset] fighter_count_after=0[32m [repeated 34x across cluster][0m
[36m(SingleAgentEnvRunner pid=58040)[0m total: 2[32m [repeated 17x across cluster][0m
[36m(SingleAgentEnvRunner pid=58040)[0m [JSB][Reset] exit after_size=1[32m [repeated 17x across cluster][0m
[36m(SingleAgentEnvRunner pid=63120)[0m runner:9/env:0	num_steps=[788] | total rewards=[372.2030] | termination= [ownship destroyed][32m [repeated 8x across cluster][0m
[36m(SingleAgentEnvRunner pid=15664)[0m [JSB][Init] enter BattleSpace=1 Type=1 ForceSide=2 Delta=0.0166667[32m [repeated 33x across cluster][0m
[36m(SingleAgentEnvRunner pid=15664)[0m [JSB][Init] registry size=1[32m [repeated 33x across cluster][0m
[36m(SingleAgentEnvRunner pid=15664)[0m [JSB][Init] before new AIP_FDMExec[32m [repeated 33x across cluster][0m
[36m(SingleAgentEnvRunner pid=15664)[0m [JSB][Init] after new AIP_FDMExec ptr=000002E493326060[32m [repeated 33x across cluster][0m
[36m(SingleAgentEnvRunner pid=15664)[0m [JSB][Init] before Init_FDM ptr=000002E493326060[32m [repeated 33x across cluster][0m
[36m(SingleAgentEnvRunner pid=15664)[0m [JSB][Init] after Init_FDM ptr=000002E493326060[32m [repeated 34x across cluster][0m
[36m(SingleAgentEnvRunner pid=15664)[0m [JSB][Init] before Exec_FDM ptr=000002E493326060[32m [repeated 34x across cluster][0m
[36m(SingleAgentEnvRunner pid=15664)[0m [JSB][Init] after Exec_FDM ptr=000002E493326060[32m [repeated 34x across cluster][0m
[36m(SingleAgentEnvRunner pid=15664)[0m [JSB][Init] before InsertFighter BattleSpace=1 ptr=000002E493326060[32m [repeated 34x across cluster][0m
[36m(SingleAgentEnvRunner pid=15664)[0m [JSB][Init] after InsertFighter FighterID=2[32m [repeated 34x across cluster][0m
[36m(SingleAgentEnvRunner pid=15664)[0m runner:16/env:0	num_steps=[364] | total rewards=[1345.2888] | termination= [target destroyed][32m [repeated 7x across cluster][0m
stage=35 | iter_in_stage=47 | total_iter=47 | reward_mean=718.74 | win_rate=0.372 | draw_rate=0.250 | crash_rate=0.077 | ep_wez_steps=24.1 | episodes_this_iter=29 | entropy=-3.553 | vf_loss=153.855
[36m(SingleAgentEnvRunner pid=18096)[0m [JSB][Reset] enter BattleSpace=1[32m [repeated 12x across cluster][0m
[36m(SingleAgentEnvRunner pid=18096)[0m [JSB][Reset] after lock found=1 size=1[32m [repeated 12x across cluster][0m
[36m(SingleAgentEnvRunner pid=18096)[0m [JSB][Reset] fighter_count_after=0[32m [repeated 24x across cluster][0m
[36m(SingleAgentEnvRunner pid=18096)[0m total: 2[32m [repeated 12x across cluster][0m
[36m(SingleAgentEnvRunner pid=18096)[0m [JSB][Reset] exit after_size=1[32m [repeated 12x across cluster][0m
[36m(SingleAgentEnvRunner pid=18096)[0m runner:5/env:0	num_steps=[224] | total rewards=[639.3494] | termination= [ownship destroyed][32m [repeated 9x across cluster][0m
[36m(SingleAgentEnvRunner pid=18096)[0m [JSB][Init] enter BattleSpace=1 Type=1 ForceSide=1 Delta=0.0166667[32m [repeated 25x across cluster][0m
[36m(SingleAgentEnvRunner pid=18096)[0m [JSB][Init] registry size=1[32m [repeated 25x across cluster][0m
[36m(SingleAgentEnvRunner pid=18096)[0m [JSB][Init] before new AIP_FDMExec[32m [repeated 25x across cluster][0m
[36m(SingleAgentEnvRunner pid=18096)[0m [JSB][Init] after new AIP_FDMExec ptr=000001A611E6E9A0[32m [repeated 25x across cluster][0m
[36m(SingleAgentEnvRunner pid=18096)[0m [JSB][Init] before Init_FDM ptr=000001A611E6E9A0[32m [repeated 25x across cluster][0m
[36m(SingleAgentEnvRunner pid=61544)[0m [JSB][Init] after Init_FDM ptr=000001E411D3F4A0[32m [repeated 24x across cluster][0m
[36m(SingleAgentEnvRunner pid=61544)[0m [JSB][Init] before Exec_FDM ptr=000001E411D3F4A0[32m [repeated 24x across cluster][0m
[36m(SingleAgentEnvRunner pid=61544)[0m [JSB][Init] after Exec_FDM ptr=000001E411D3F4A0[32m [repeated 24x across cluster][0m
[36m(SingleAgentEnvRunner pid=61544)[0m [JSB][Init] before InsertFighter BattleSpace=1 ptr=000001E411D3F4A0[32m [repeated 24x across cluster][0m
[36m(SingleAgentEnvRunner pid=61544)[0m [JSB][Init] after InsertFighter FighterID=2[32m [repeated 24x across cluster][0m
[36m(SingleAgentEnvRunner pid=18256)[0m runner:14/env:0	num_steps=[753] | total rewards=[1259.9395] | termination= [target destroyed][32m [repeated 3x across cluster][0m
[36m(SingleAgentEnvRunner pid=61016)[0m runner:15/env:0	num_steps=[2000] | total rewards=[358.7782] | termination= [max time out]
[36m(SingleAgentEnvRunner pid=36412)[0m runner:6/env:0	num_steps=[1062] | total rewards=[86.2688] | termination= [target altitude below min]
[36m(SingleAgentEnvRunner pid=58040)[0m [JSB][Reset] enter BattleSpace=1[32m [repeated 22x across cluster][0m
[36m(SingleAgentEnvRunner pid=58040)[0m [JSB][Reset] after lock found=1 size=1[32m [repeated 22x across cluster][0m
[36m(SingleAgentEnvRunner pid=58040)[0m [JSB][Reset] fighter_count_after=0[32m [repeated 44x across cluster][0m
[36m(SingleAgentEnvRunner pid=58040)[0m total: 2[32m [repeated 22x across cluster][0m
[36m(SingleAgentEnvRunner pid=58040)[0m [JSB][Reset] exit after_size=1[32m [repeated 22x across cluster][0m
[36m(SingleAgentEnvRunner pid=58040)[0m runner:8/env:0	num_steps=[245] | total rewards=[603.3500] | termination= [ownship destroyed][32m [repeated 12x across cluster][0m
[36m(SingleAgentEnvRunner pid=58040)[0m [JSB][Init] enter BattleSpace=1 Type=1 ForceSide=1 Delta=0.0166667[32m [repeated 44x across cluster][0m
[36m(SingleAgentEnvRunner pid=58040)[0m [JSB][Init] registry size=1[32m [repeated 44x across cluster][0m
[36m(SingleAgentEnvRunner pid=58040)[0m [JSB][Init] before new AIP_FDMExec[32m [repeated 44x across cluster][0m
[36m(SingleAgentEnvRunner pid=58040)[0m [JSB][Init] after new AIP_FDMExec ptr=0000023213352FA0[32m [repeated 44x across cluster][0m
[36m(SingleAgentEnvRunner pid=58040)[0m [JSB][Init] before Init_FDM ptr=0000023213352FA0[32m [repeated 44x across cluster][0m
[36m(SingleAgentEnvRunner pid=51724)[0m [JSB][Init] after Init_FDM ptr=000001DD13077910[32m [repeated 44x across cluster][0m
[36m(SingleAgentEnvRunner pid=51724)[0m [JSB][Init] before Exec_FDM ptr=000001DD13077910[32m [repeated 44x across cluster][0m
[36m(SingleAgentEnvRunner pid=51724)[0m [JSB][Init] after Exec_FDM ptr=000001DD13077910[32m [repeated 44x across cluster][0m
[36m(SingleAgentEnvRunner pid=51724)[0m [JSB][Init] before InsertFighter BattleSpace=1 ptr=000001DD13077910[32m [repeated 44x across cluster][0m
[36m(SingleAgentEnvRunner pid=51724)[0m [JSB][Init] after InsertFighter FighterID=2[32m [repeated 44x across cluster][0m
[36m(SingleAgentEnvRunner pid=61544)[0m runner:1/env:0	num_steps=[206] | total rewards=[1337.4818] | termination= [target destroyed][32m [repeated 7x across cluster][0m
[36m(SingleAgentEnvRunner pid=15664)[0m runner:16/env:0	num_steps=[472] | total rewards=[-700.6471] | termination= [ownship altitude below min]
[36m(SingleAgentEnvRunner pid=52932)[0m runner:10/env:0	num_steps=[2000] | total rewards=[346.6364] | termination= [max time out]
stage=35 | iter_in_stage=48 | total_iter=48 | reward_mean=540.29 | win_rate=0.256 | draw_rate=0.289 | crash_rate=0.107 | ep_wez_steps=17.6 | episodes_this_iter=35 | entropy=-3.548 | vf_loss=96.755
[36m(SingleAgentEnvRunner pid=18096)[0m [JSB][Reset] enter BattleSpace=1[32m [repeated 13x across cluster][0m
[36m(SingleAgentEnvRunner pid=18096)[0m [JSB][Reset] after lock found=1 size=1[32m [repeated 13x across cluster][0m
[36m(SingleAgentEnvRunner pid=18096)[0m [JSB][Reset] fighter_count_after=0[32m [repeated 26x across cluster][0m
[36m(SingleAgentEnvRunner pid=18096)[0m total: 2[32m [repeated 13x across cluster][0m
[36m(SingleAgentEnvRunner pid=18096)[0m [JSB][Reset] exit after_size=1[32m [repeated 13x across cluster][0m
[36m(SingleAgentEnvRunner pid=18096)[0m runner:5/env:0	num_steps=[991] | total rewards=[463.5147] | termination= [ownship destroyed][32m [repeated 7x across cluster][0m
[36m(SingleAgentEnvRunner pid=18096)[0m [JSB][Init] enter BattleSpace=1 Type=1 ForceSide=1 Delta=0.0166667[32m [repeated 26x across cluster][0m
[36m(SingleAgentEnvRunner pid=18096)[0m [JSB][Init] registry size=1[32m [repeated 26x across cluster][0m
[36m(SingleAgentEnvRunner pid=18096)[0m [JSB][Init] before new AIP_FDMExec[32m [repeated 26x across cluster][0m
[36m(SingleAgentEnvRunner pid=18096)[0m [JSB][Init] after new AIP_FDMExec ptr=000001A611E6CED0[32m [repeated 26x across cluster][0m
[36m(SingleAgentEnvRunner pid=18096)[0m [JSB][Init] before Init_FDM ptr=000001A611E6CED0[32m [repeated 26x across cluster][0m
[36m(SingleAgentEnvRunner pid=39980)[0m [JSB][Init] after Init_FDM ptr=0000025911E30170[32m [repeated 26x across cluster][0m
[36m(SingleAgentEnvRunner pid=39980)[0m [JSB][Init] before Exec_FDM ptr=0000025911E30170[32m [repeated 26x across cluster][0m
[36m(SingleAgentEnvRunner pid=39980)[0m [JSB][Init] after Exec_FDM ptr=0000025911E30170[32m [repeated 26x across cluster][0m
[36m(SingleAgentEnvRunner pid=39980)[0m [JSB][Init] before InsertFighter BattleSpace=1 ptr=0000025911E30170[32m [repeated 26x across cluster][0m
[36m(SingleAgentEnvRunner pid=39980)[0m [JSB][Init] after InsertFighter FighterID=2[32m [repeated 26x across cluster][0m
[36m(SingleAgentEnvRunner pid=47444)[0m runner:4/env:0	num_steps=[265] | total rewards=[1347.5305] | termination= [target destroyed][32m [repeated 4x across cluster][0m
[36m(SingleAgentEnvRunner pid=63120)[0m runner:9/env:0	num_steps=[1096] | total rewards=[-358.6351] | termination= [ownship altitude below min]
[36m(SingleAgentEnvRunner pid=61016)[0m [JSB][Reset] enter BattleSpace=1[32m [repeated 19x across cluster][0m
[36m(SingleAgentEnvRunner pid=61016)[0m [JSB][Reset] after lock found=1 size=1[32m [repeated 19x across cluster][0m
[36m(SingleAgentEnvRunner pid=61016)[0m [JSB][Reset] fighter_count_after=0[32m [repeated 38x across cluster][0m
[36m(SingleAgentEnvRunner pid=61016)[0m total: 2[32m [repeated 19x across cluster][0m
[36m(SingleAgentEnvRunner pid=61016)[0m [JSB][Reset] exit after_size=1[32m [repeated 19x across cluster][0m
[36m(SingleAgentEnvRunner pid=61016)[0m runner:15/env:0	num_steps=[228] | total rewards=[593.2018] | termination= [ownship destroyed][32m [repeated 16x across cluster][0m
[36m(SingleAgentEnvRunner pid=61016)[0m [JSB][Init] enter BattleSpace=1 Type=1 ForceSide=2 Delta=0.0166667[32m [repeated 39x across cluster][0m
[36m(SingleAgentEnvRunner pid=61016)[0m [JSB][Init] registry size=1[32m [repeated 39x across cluster][0m
[36m(SingleAgentEnvRunner pid=61016)[0m [JSB][Init] before new AIP_FDMExec[32m [repeated 39x across cluster][0m
[36m(SingleAgentEnvRunner pid=61016)[0m [JSB][Init] after new AIP_FDMExec ptr=0000022613654400[32m [repeated 39x across cluster][0m
[36m(SingleAgentEnvRunner pid=61016)[0m [JSB][Init] before Init_FDM ptr=0000022613654400[32m [repeated 39x across cluster][0m
[36m(SingleAgentEnvRunner pid=61016)[0m [JSB][Init] after Init_FDM ptr=0000022613654400[32m [repeated 40x across cluster][0m
[36m(SingleAgentEnvRunner pid=61016)[0m [JSB][Init] before Exec_FDM ptr=0000022613654400[32m [repeated 40x across cluster][0m
[36m(SingleAgentEnvRunner pid=61016)[0m [JSB][Init] after Exec_FDM ptr=0000022613654400[32m [repeated 40x across cluster][0m
[36m(SingleAgentEnvRunner pid=61016)[0m [JSB][Init] before InsertFighter BattleSpace=1 ptr=0000022613654400[32m [repeated 40x across cluster][0m
[36m(SingleAgentEnvRunner pid=61016)[0m [JSB][Init] after InsertFighter FighterID=2[32m [repeated 40x across cluster][0m
[36m(SingleAgentEnvRunner pid=59532)[0m runner:3/env:0	num_steps=[487] | total rewards=[1282.0611] | termination= [target destroyed][32m [repeated 3x across cluster][0m
[36m(SingleAgentEnvRunner pid=18256)[0m runner:14/env:0	num_steps=[2000] | total rewards=[173.2287] | termination= [max time out]
stage=35 | iter_in_stage=49 | total_iter=49 | reward_mean=579.05 | win_rate=0.190 | draw_rate=0.327 | crash_rate=0.000 | ep_wez_steps=17.6 | episodes_this_iter=32 | entropy=-3.579 | vf_loss=103.395
[36m(SingleAgentEnvRunner pid=52932)[0m [JSB][Reset] enter BattleSpace=1[32m [repeated 13x across cluster][0m
[36m(SingleAgentEnvRunner pid=52932)[0m [JSB][Reset] after lock found=1 size=1[32m [repeated 13x across cluster][0m
[36m(SingleAgentEnvRunner pid=52932)[0m [JSB][Reset] fighter_count_after=0[32m [repeated 26x across cluster][0m
[36m(SingleAgentEnvRunner pid=52932)[0m total: 2[32m [repeated 13x across cluster][0m
[36m(SingleAgentEnvRunner pid=52932)[0m [JSB][Reset] exit after_size=1[32m [repeated 13x across cluster][0m
[36m(SingleAgentEnvRunner pid=52932)[0m runner:10/env:0	num_steps=[246] | total rewards=[429.8858] | termination= [ownship destroyed][32m [repeated 7x across cluster][0m
[36m(SingleAgentEnvRunner pid=52932)[0m [JSB][Init] enter BattleSpace=1 Type=1 ForceSide=1 Delta=0.0166667[32m [repeated 25x across cluster][0m
[36m(SingleAgentEnvRunner pid=52932)[0m [JSB][Init] registry size=1[32m [repeated 25x across cluster][0m
[36m(SingleAgentEnvRunner pid=52932)[0m [JSB][Init] before new AIP_FDMExec[32m [repeated 25x across cluster][0m
[36m(SingleAgentEnvRunner pid=52932)[0m [JSB][Init] after new AIP_FDMExec ptr=000001B892211E90[32m [repeated 25x across cluster][0m
[36m(SingleAgentEnvRunner pid=52932)[0m [JSB][Init] before Init_FDM ptr=000001B892211E90[32m [repeated 25x across cluster][0m
[36m(SingleAgentEnvRunner pid=36412)[0m [JSB][Init] after Init_FDM ptr=0000023034909600[32m [repeated 24x across cluster][0m
[36m(SingleAgentEnvRunner pid=36412)[0m [JSB][Init] before Exec_FDM ptr=0000023034909600[32m [repeated 24x across cluster][0m
[36m(SingleAgentEnvRunner pid=36412)[0m [JSB][Init] after Exec_FDM ptr=0000023034909600[32m [repeated 24x across cluster][0m
[36m(SingleAgentEnvRunner pid=36412)[0m [JSB][Init] before InsertFighter BattleSpace=1 ptr=0000023034909600[32m [repeated 24x across cluster][0m
[36m(SingleAgentEnvRunner pid=36412)[0m [JSB][Init] after InsertFighter FighterID=2[32m [repeated 24x across cluster][0m
[36m(SingleAgentEnvRunner pid=61016)[0m runner:15/env:0	num_steps=[248] | total rewards=[1303.4932] | termination= [target destroyed][32m [repeated 5x across cluster][0m
[36m(SingleAgentEnvRunner pid=52932)[0m [JSB][Reset] enter BattleSpace=1[32m [repeated 16x across cluster][0m
[36m(SingleAgentEnvRunner pid=52932)[0m [JSB][Reset] after lock found=1 size=1[32m [repeated 16x across cluster][0m
[36m(SingleAgentEnvRunner pid=52932)[0m [JSB][Reset] fighter_count_after=0[32m [repeated 32x across cluster][0m
[36m(SingleAgentEnvRunner pid=52932)[0m total: 2[32m [repeated 16x across cluster][0m
[36m(SingleAgentEnvRunner pid=52932)[0m [JSB][Reset] exit after_size=1[32m [repeated 16x across cluster][0m
[36m(SingleAgentEnvRunner pid=52932)[0m runner:10/env:0	num_steps=[197] | total rewards=[552.6740] | termination= [ownship destroyed][32m [repeated 14x across cluster][0m
[36m(SingleAgentEnvRunner pid=52932)[0m [JSB][Init] enter BattleSpace=1 Type=1 ForceSide=2 Delta=0.0166667[32m [repeated 33x across cluster][0m
[36m(SingleAgentEnvRunner pid=52932)[0m [JSB][Init] registry size=1[32m [repeated 33x across cluster][0m
[36m(SingleAgentEnvRunner pid=52932)[0m [JSB][Init] before new AIP_FDMExec[32m [repeated 33x across cluster][0m
[36m(SingleAgentEnvRunner pid=52932)[0m [JSB][Init] after new AIP_FDMExec ptr=000001B892211020[32m [repeated 33x across cluster][0m
[36m(SingleAgentEnvRunner pid=52932)[0m [JSB][Init] before Init_FDM ptr=000001B892211020[32m [repeated 33x across cluster][0m
[36m(SingleAgentEnvRunner pid=52932)[0m [JSB][Init] after Init_FDM ptr=000001B892211020[32m [repeated 34x across cluster][0m
[36m(SingleAgentEnvRunner pid=52932)[0m [JSB][Init] before Exec_FDM ptr=000001B892211020[32m [repeated 34x across cluster][0m
[36m(SingleAgentEnvRunner pid=52932)[0m [JSB][Init] after Exec_FDM ptr=000001B892211020[32m [repeated 34x across cluster][0m
[36m(SingleAgentEnvRunner pid=52932)[0m [JSB][Init] before InsertFighter BattleSpace=1 ptr=000001B892211020[32m [repeated 34x across cluster][0m
[36m(SingleAgentEnvRunner pid=52932)[0m [JSB][Init] after InsertFighter FighterID=2[32m [repeated 34x across cluster][0m
[36m(SingleAgentEnvRunner pid=61544)[0m runner:1/env:0	num_steps=[276] | total rewards=[1411.3090] | termination= [target destroyed][32m [repeated 2x across cluster][0m
[36m(SingleAgentEnvRunner pid=18096)[0m runner:5/env:0	num_steps=[918] | total rewards=[-644.0356] | termination= [ownship altitude below min]
[DogFightEnv][PolicyProbe] iter=50 ramp:a=[-0.764,-1.174,0.092,0.205] s=22.296 | target_ahead:a=[0.864,-0.633,-0.891,0.585] s=19.999 | target_left:a=[-0.681,-1.915,0.958,0.067] s=20.708 | zero_hold:a=[-0.125,-0.272,-0.120,1.010] s=13.333
[JSB][CreateBattleSpace] enter Space@00000001803EE598 SpaceMutex@00000001803DE000
[JSB][CreateBattleSpace] before newspace
[JSB][CreateBattleSpace] newspace=000001EFE7A164C0 use_count=1
[JSB][CreateBattleSpace] before lock
[JSB][CreateBattleSpace] after lock size=0
[JSB][CreateBattleSpace] insert id=1 success=1 final_size=1 stored=000001EFE7A164C0
init ID:1 Lat37.92003070998819 Lon128.18188127777776 Alt(meter)4572.029042862364 Speed(m/sec)200.0
[JSB][Init] enter BattleSpace=1 Type=1 ForceSide=1 Delta=0.0166667
[JSB][Init] registry size=1
[JSB][Init] before new AIP_FDMExec
[JSB][Init] after new AIP_FDMExec ptr=000001EFE589C280
[JSB][Init] before Init_FDM ptr=000001EFE589C280
[JSB][Init] after Init_FDM ptr=000001EFE589C280
[JSB][Init] before Exec_FDM ptr=000001EFE589C280
[JSB][Init] after Exec_FDM ptr=000001EFE589C280
[JSB][Init] before InsertFighter BattleSpace=1 ptr=000001EFE589C280
[JSB][Init] after InsertFighter FighterID=1
init ID:1 Lat37.91455691666667 Lon128.18188127777776 Alt(meter)4572.000000000235 Speed(m/sec)200.0
[JSB][Init] enter BattleSpace=1 Type=1 ForceSide=2 Delta=0.0166667
[JSB][Init] registry size=1
[JSB][Init] before new AIP_FDMExec
[JSB][Init] after new AIP_FDMExec ptr=000001EFE589CCD0
[JSB][Init] before Init_FDM ptr=000001EFE589CCD0
[JSB][Init] after Init_FDM ptr=000001EFE589CCD0
[JSB][Init] before Exec_FDM ptr=000001EFE589CCD0
[JSB][Init] after Exec_FDM ptr=000001EFE589CCD0
[JSB][Init] before InsertFighter BattleSpace=1 ptr=000001EFE589CCD0
[JSB][Init] after InsertFighter FighterID=2
[JSB][Reset] enter BattleSpace=1
[JSB][Reset] after lock found=1 size=1
[JSB][Reset] FighterPtr=000001EFE7A164C0 fighter_count_before=2
total: 2
[JSB][Reset] fighter_count_after=0
[JSB][Reset] exit after_size=1
[JSB][Init] enter BattleSpace=1 Type=1 ForceSide=1 Delta=0.0166667
[JSB][Init] registry size=1
[JSB][Init] before new AIP_FDMExec
[JSB][Init] after new AIP_FDMExec ptr=000001EFE589CCD0
[JSB][Init] before Init_FDM ptr=000001EFE589CCD0
[JSB][Init] after Init_FDM ptr=000001EFE589CCD0
[JSB][Init] before Exec_FDM ptr=000001EFE589CCD0
[JSB][Init] after Exec_FDM ptr=000001EFE589CCD0
[JSB][Init] before InsertFighter BattleSpace=1 ptr=000001EFE589CCD0
[JSB][Init] after InsertFighter FighterID=1
[JSB][Init] enter BattleSpace=1 Type=1 ForceSide=2 Delta=0.0166667
[JSB][Init] registry size=1
[JSB][Init] before new AIP_FDMExec
[JSB][Init] after new AIP_FDMExec ptr=000001EFE589C070
[JSB][Init] before Init_FDM ptr=000001EFE589C070
[JSB][Init] after Init_FDM ptr=000001EFE589C070
[JSB][Init] before Exec_FDM ptr=000001EFE589C070
[JSB][Init] after Exec_FDM ptr=000001EFE589C070
[JSB][Init] before InsertFighter BattleSpace=1 ptr=000001EFE589C070
[JSB][Init] after InsertFighter FighterID=2
runner:engagement_replay/env:0	num_steps=[164] | total rewards=[1192.2736] | termination= [target destroyed]
[JSB][RemoveSpace] enter BattleSpace=1
[JSB][RemoveSpace] after lock found=1 size=1
[JSB][RemoveSpace] FighterPtr=000001EFE7A164C0 fighter_count_before=2
[JSB][RemoveSpace] fighter_count_after=0
Remove Space Complete.
[JSB][RemoveSpace] exit after_size=0
[JSB][CreateBattleSpace] enter Space@00000001803EE598 SpaceMutex@00000001803DE000
[JSB][CreateBattleSpace] before newspace
[JSB][CreateBattleSpace] newspace=000001EFE7A164C0 use_count=1
[JSB][CreateBattleSpace] before lock
[JSB][CreateBattleSpace] after lock size=0
[JSB][CreateBattleSpace] insert id=1 success=1 final_size=1 stored=000001EFE7A164C0
init ID:1 Lat37.92003070998819 Lon128.18188127777776 Alt(meter)4572.029042862364 Speed(m/sec)200.0
[JSB][Init] enter BattleSpace=1 Type=1 ForceSide=1 Delta=0.0166667
[JSB][Init] registry size=1
[JSB][Init] before new AIP_FDMExec
[JSB][Init] after new AIP_FDMExec ptr=000001EFE589CCD0
[JSB][Init] before Init_FDM ptr=000001EFE589CCD0
[JSB][Init] after Init_FDM ptr=000001EFE589CCD0
[JSB][Init] before Exec_FDM ptr=000001EFE589CCD0
[JSB][Init] after Exec_FDM ptr=000001EFE589CCD0
[JSB][Init] before InsertFighter BattleSpace=1 ptr=000001EFE589CCD0
[JSB][Init] after InsertFighter FighterID=1
init ID:1 Lat37.91455691666667 Lon128.18188127777776 Alt(meter)4572.000000000235 Speed(m/sec)200.0
[JSB][Init] enter BattleSpace=1 Type=1 ForceSide=2 Delta=0.0166667
[JSB][Init] registry size=1
[JSB][Init] before new AIP_FDMExec
[JSB][Init] after new AIP_FDMExec ptr=000001EFE589C070
[JSB][Init] before Init_FDM ptr=000001EFE589C070
[JSB][Init] after Init_FDM ptr=000001EFE589C070
[JSB][Init] before Exec_FDM ptr=000001EFE589C070
[JSB][Init] after Exec_FDM ptr=000001EFE589C070
[JSB][Init] before InsertFighter BattleSpace=1 ptr=000001EFE589C070
[JSB][Init] after InsertFighter FighterID=2
[JSB][Reset] enter BattleSpace=1
[JSB][Reset] after lock found=1 size=1
[JSB][Reset] FighterPtr=000001EFE7A164C0 fighter_count_before=2
total: 2
[JSB][Reset] fighter_count_after=0
[JSB][Reset] exit after_size=1
[JSB][Init] enter BattleSpace=1 Type=1 ForceSide=1 Delta=0.0166667
[JSB][Init] registry size=1
[JSB][Init] before new AIP_FDMExec
[JSB][Init] after new AIP_FDMExec ptr=000001EFE589C070
[JSB][Init] before Init_FDM ptr=000001EFE589C070
[JSB][Init] after Init_FDM ptr=000001EFE589C070
[JSB][Init] before Exec_FDM ptr=000001EFE589C070
[JSB][Init] after Exec_FDM ptr=000001EFE589C070
[JSB][Init] before InsertFighter BattleSpace=1 ptr=000001EFE589C070
[JSB][Init] after InsertFighter FighterID=1
[JSB][Init] enter BattleSpace=1 Type=1 ForceSide=2 Delta=0.0166667
[JSB][Init] registry size=1
[JSB][Init] before new AIP_FDMExec
[JSB][Init] after new AIP_FDMExec ptr=000001EFE589C490
[JSB][Init] before Init_FDM ptr=000001EFE589C490
[JSB][Init] after Init_FDM ptr=000001EFE589C490
[JSB][Init] before Exec_FDM ptr=000001EFE589C490
[JSB][Init] after Exec_FDM ptr=000001EFE589C490
[JSB][Init] before InsertFighter BattleSpace=1 ptr=000001EFE589C490
[JSB][Init] after InsertFighter FighterID=2
runner:engagement_replay/env:0	num_steps=[215] | total rewards=[1382.9304] | termination= [target destroyed]
[JSB][RemoveSpace] enter BattleSpace=1
[JSB][RemoveSpace] after lock found=1 size=1
[JSB][RemoveSpace] FighterPtr=000001EFE7A164C0 fighter_count_before=2
[JSB][RemoveSpace] fighter_count_after=0
Remove Space Complete.
[JSB][RemoveSpace] exit after_size=0
[JSB][CreateBattleSpace] enter Space@00000001803EE598 SpaceMutex@00000001803DE000
[JSB][CreateBattleSpace] before newspace
[JSB][CreateBattleSpace] newspace=000001EFE7A16640 use_count=1
[JSB][CreateBattleSpace] before lock
[JSB][CreateBattleSpace] after lock size=0
[JSB][CreateBattleSpace] insert id=1 success=1 final_size=1 stored=000001EFE7A16640
init ID:1 Lat37.92003070998819 Lon128.18188127777776 Alt(meter)4572.029042862364 Speed(m/sec)200.0
[JSB][Init] enter BattleSpace=1 Type=1 ForceSide=1 Delta=0.0166667
[JSB][Init] registry size=1
[JSB][Init] before new AIP_FDMExec
[JSB][Init] after new AIP_FDMExec ptr=000001EFE589C070
[JSB][Init] before Init_FDM ptr=000001EFE589C070
[JSB][Init] after Init_FDM ptr=000001EFE589C070
[JSB][Init] before Exec_FDM ptr=000001EFE589C070
[JSB][Init] after Exec_FDM ptr=000001EFE589C070
[JSB][Init] before InsertFighter BattleSpace=1 ptr=000001EFE589C070
[JSB][Init] after InsertFighter FighterID=1
init ID:1 Lat37.91455691666667 Lon128.18188127777776 Alt(meter)4572.000000000235 Speed(m/sec)200.0
[JSB][Init] enter BattleSpace=1 Type=1 ForceSide=2 Delta=0.0166667
[JSB][Init] registry size=1
[JSB][Init] before new AIP_FDMExec
[JSB][Init] after new AIP_FDMExec ptr=000001EFE589CCD0
[JSB][Init] before Init_FDM ptr=000001EFE589CCD0
[JSB][Init] after Init_FDM ptr=000001EFE589CCD0
[JSB][Init] before Exec_FDM ptr=000001EFE589CCD0
[JSB][Init] after Exec_FDM ptr=000001EFE589CCD0
[JSB][Init] before InsertFighter BattleSpace=1 ptr=000001EFE589CCD0
[JSB][Init] after InsertFighter FighterID=2
[JSB][Reset] enter BattleSpace=1
[JSB][Reset] after lock found=1 size=1
[JSB][Reset] FighterPtr=000001EFE7A16640 fighter_count_before=2
total: 2
[JSB][Reset] fighter_count_after=0
[JSB][Reset] exit after_size=1
[JSB][Init] enter BattleSpace=1 Type=1 ForceSide=1 Delta=0.0166667
[JSB][Init] registry size=1
[JSB][Init] before new AIP_FDMExec
[JSB][Init] after new AIP_FDMExec ptr=000001EFE589CCD0
[JSB][Init] before Init_FDM ptr=000001EFE589CCD0
[JSB][Init] after Init_FDM ptr=000001EFE589CCD0
[JSB][Init] before Exec_FDM ptr=000001EFE589CCD0
[JSB][Init] after Exec_FDM ptr=000001EFE589CCD0
[JSB][Init] before InsertFighter BattleSpace=1 ptr=000001EFE589CCD0
[JSB][Init] after InsertFighter FighterID=1
[JSB][Init] enter BattleSpace=1 Type=1 ForceSide=2 Delta=0.0166667
[JSB][Init] registry size=1
[JSB][Init] before new AIP_FDMExec
[JSB][Init] after new AIP_FDMExec ptr=000001EFE589C070
[JSB][Init] before Init_FDM ptr=000001EFE589C070
[JSB][Init] after Init_FDM ptr=000001EFE589C070
[JSB][Init] before Exec_FDM ptr=000001EFE589C070
[JSB][Init] after Exec_FDM ptr=000001EFE589C070
[JSB][Init] before InsertFighter BattleSpace=1 ptr=000001EFE589C070
[JSB][Init] after InsertFighter FighterID=2
runner:engagement_replay/env:0	num_steps=[2000] | total rewards=[567.1042] | termination= [max time out]
[JSB][RemoveSpace] enter BattleSpace=1
[JSB][RemoveSpace] after lock found=1 size=1
[JSB][RemoveSpace] FighterPtr=000001EFE7A16640 fighter_count_before=2
[JSB][RemoveSpace] fighter_count_after=0
Remove Space Complete.
[JSB][RemoveSpace] exit after_size=0
[DogFightEnv][EngagementReplay] iter=50 ep=0 steps=164 outcome=win min_dist=174.97 | ep=1 steps=215 outcome=win min_dist=231.21 | ep=2 steps=2000 outcome=judge_win min_dist=131.56
stage=35 | iter_in_stage=50 | total_iter=50 | reward_mean=404.58 | win_rate=0.071 | draw_rate=0.195 | crash_rate=0.071 | ep_wez_steps=14.0 | episodes_this_iter=27 | entropy=-3.555 | vf_loss=69.328
[36m(SingleAgentEnvRunner pid=66008)[0m [JSB][Reset] enter BattleSpace=1[32m [repeated 11x across cluster][0m
[36m(SingleAgentEnvRunner pid=66008)[0m [JSB][Reset] after lock found=1 size=1[32m [repeated 11x across cluster][0m
[36m(SingleAgentEnvRunner pid=66008)[0m [JSB][Reset] fighter_count_after=0[32m [repeated 22x across cluster][0m
[36m(SingleAgentEnvRunner pid=66008)[0m total: 2[32m [repeated 11x across cluster][0m
[36m(SingleAgentEnvRunner pid=66008)[0m [JSB][Reset] exit after_size=1[32m [repeated 11x across cluster][0m
[36m(SingleAgentEnvRunner pid=18256)[0m runner:14/env:0	num_steps=[1209] | total rewards=[707.7207] | termination= [ownship destroyed][32m [repeated 8x across cluster][0m
[36m(SingleAgentEnvRunner pid=66008)[0m [JSB][Init] enter BattleSpace=1 Type=1 ForceSide=1 Delta=0.0166667[32m [repeated 21x across cluster][0m
[36m(SingleAgentEnvRunner pid=66008)[0m [JSB][Init] registry size=1[32m [repeated 21x across cluster][0m
[36m(SingleAgentEnvRunner pid=66008)[0m [JSB][Init] before new AIP_FDMExec[32m [repeated 21x across cluster][0m
[36m(SingleAgentEnvRunner pid=66008)[0m [JSB][Init] after new AIP_FDMExec ptr=00000228930CF390[32m [repeated 21x across cluster][0m
[36m(SingleAgentEnvRunner pid=66008)[0m [JSB][Init] before Init_FDM ptr=00000228930CF390[32m [repeated 21x across cluster][0m
[36m(SingleAgentEnvRunner pid=18256)[0m [JSB][Init] after Init_FDM ptr=000001DE92294AF0[32m [repeated 20x across cluster][0m
[36m(SingleAgentEnvRunner pid=18256)[0m [JSB][Init] before Exec_FDM ptr=000001DE92294AF0[32m [repeated 20x across cluster][0m
[36m(SingleAgentEnvRunner pid=18256)[0m [JSB][Init] after Exec_FDM ptr=000001DE92294AF0[32m [repeated 20x across cluster][0m
[36m(SingleAgentEnvRunner pid=18256)[0m [JSB][Init] before InsertFighter BattleSpace=1 ptr=000001DE92294AF0[32m [repeated 20x across cluster][0m
[36m(SingleAgentEnvRunner pid=18256)[0m [JSB][Init] after InsertFighter FighterID=2[32m [repeated 20x across cluster][0m
[36m(SingleAgentEnvRunner pid=66008)[0m runner:7/env:0	num_steps=[471] | total rewards=[1257.4078] | termination= [target destroyed][32m [repeated 2x across cluster][0m
[36m(SingleAgentEnvRunner pid=57920)[0m runner:11/env:0	num_steps=[2000] | total rewards=[170.2701] | termination= [max time out]
[36m(SingleAgentEnvRunner pid=18256)[0m [JSB][Reset] enter BattleSpace=1[32m [repeated 15x across cluster][0m
[36m(SingleAgentEnvRunner pid=18256)[0m [JSB][Reset] after lock found=1 size=1[32m [repeated 15x across cluster][0m
[36m(SingleAgentEnvRunner pid=18256)[0m [JSB][Reset] fighter_count_after=0[32m [repeated 30x across cluster][0m
[36m(SingleAgentEnvRunner pid=18256)[0m total: 2[32m [repeated 15x across cluster][0m
[36m(SingleAgentEnvRunner pid=18256)[0m [JSB][Reset] exit after_size=1[32m [repeated 15x across cluster][0m
[36m(SingleAgentEnvRunner pid=18256)[0m runner:14/env:0	num_steps=[220] | total rewards=[635.0314] | termination= [ownship destroyed][32m [repeated 10x across cluster][0m
[36m(SingleAgentEnvRunner pid=18256)[0m [JSB][Init] enter BattleSpace=1 Type=1 ForceSide=2 Delta=0.0166667[32m [repeated 31x across cluster][0m
[36m(SingleAgentEnvRunner pid=18256)[0m [JSB][Init] registry size=1[32m [repeated 31x across cluster][0m
[36m(SingleAgentEnvRunner pid=18256)[0m [JSB][Init] before new AIP_FDMExec[32m [repeated 31x across cluster][0m
[36m(SingleAgentEnvRunner pid=18256)[0m [JSB][Init] after new AIP_FDMExec ptr=000001DE92293E90[32m [repeated 31x across cluster][0m
[36m(SingleAgentEnvRunner pid=18256)[0m [JSB][Init] before Init_FDM ptr=000001DE92293E90[32m [repeated 31x across cluster][0m
[36m(SingleAgentEnvRunner pid=18256)[0m [JSB][Init] after Init_FDM ptr=000001DE92293E90[32m [repeated 32x across cluster][0m
[36m(SingleAgentEnvRunner pid=18256)[0m [JSB][Init] before Exec_FDM ptr=000001DE92293E90[32m [repeated 32x across cluster][0m
[36m(SingleAgentEnvRunner pid=18256)[0m [JSB][Init] after Exec_FDM ptr=000001DE92293E90[32m [repeated 32x across cluster][0m
[36m(SingleAgentEnvRunner pid=18256)[0m [JSB][Init] before InsertFighter BattleSpace=1 ptr=000001DE92293E90[32m [repeated 32x across cluster][0m
[36m(SingleAgentEnvRunner pid=18256)[0m [JSB][Init] after InsertFighter FighterID=2[32m [repeated 32x across cluster][0m
[36m(SingleAgentEnvRunner pid=66008)[0m runner:7/env:0	num_steps=[612] | total rewards=[1299.0760] | termination= [target destroyed][32m [repeated 4x across cluster][0m
[36m(SingleAgentEnvRunner pid=63120)[0m runner:9/env:0	num_steps=[639] | total rewards=[-711.1092] | termination= [ownship altitude below min]
stage=35 | iter_in_stage=51 | total_iter=51 | reward_mean=480.13 | win_rate=0.167 | draw_rate=0.292 | crash_rate=0.100 | ep_wez_steps=14.9 | episodes_this_iter=24 | entropy=-3.521 | vf_loss=139.358
[36m(SingleAgentEnvRunner pid=61016)[0m [JSB][Reset] enter BattleSpace=1[32m [repeated 9x across cluster][0m
[36m(SingleAgentEnvRunner pid=61016)[0m [JSB][Reset] after lock found=1 size=1[32m [repeated 9x across cluster][0m
[36m(SingleAgentEnvRunner pid=61016)[0m [JSB][Reset] fighter_count_after=0[32m [repeated 18x across cluster][0m
[36m(SingleAgentEnvRunner pid=61016)[0m total: 2[32m [repeated 9x across cluster][0m
[36m(SingleAgentEnvRunner pid=61016)[0m [JSB][Reset] exit after_size=1[32m [repeated 9x across cluster][0m
[36m(SingleAgentEnvRunner pid=61016)[0m runner:15/env:0	num_steps=[1553] | total rewards=[243.4881] | termination= [ownship destroyed][32m [repeated 7x across cluster][0m
[36m(SingleAgentEnvRunner pid=61016)[0m [JSB][Init] enter BattleSpace=1 Type=1 ForceSide=2 Delta=0.0166667[32m [repeated 18x across cluster][0m
[36m(SingleAgentEnvRunner pid=61016)[0m [JSB][Init] registry size=1[32m [repeated 18x across cluster][0m
[36m(SingleAgentEnvRunner pid=61016)[0m [JSB][Init] before new AIP_FDMExec[32m [repeated 18x across cluster][0m
[36m(SingleAgentEnvRunner pid=61016)[0m [JSB][Init] after new AIP_FDMExec ptr=0000022611D01B40[32m [repeated 18x across cluster][0m
[36m(SingleAgentEnvRunner pid=61016)[0m [JSB][Init] before Init_FDM ptr=0000022611D01B40[32m [repeated 18x across cluster][0m
[36m(SingleAgentEnvRunner pid=61016)[0m [JSB][Init] after Init_FDM ptr=0000022611D04CC0[32m [repeated 17x across cluster][0m
[36m(SingleAgentEnvRunner pid=61016)[0m [JSB][Init] before Exec_FDM ptr=0000022611D04CC0[32m [repeated 17x across cluster][0m
[36m(SingleAgentEnvRunner pid=61016)[0m [JSB][Init] after Exec_FDM ptr=0000022611D04CC0[32m [repeated 17x across cluster][0m
[36m(SingleAgentEnvRunner pid=61016)[0m [JSB][Init] before InsertFighter BattleSpace=1 ptr=0000022611D04CC0[32m [repeated 17x across cluster][0m
[36m(SingleAgentEnvRunner pid=61016)[0m [JSB][Init] after InsertFighter FighterID=1[32m [repeated 17x across cluster][0m
[36m(SingleAgentEnvRunner pid=58040)[0m runner:8/env:0	num_steps=[381] | total rewards=[-338.0795] | termination= [ownship altitude below min]
[36m(SingleAgentEnvRunner pid=15664)[0m runner:16/env:0	num_steps=[1392] | total rewards=[-245.7639] | termination= [ownship altitude below min]
[36m(SingleAgentEnvRunner pid=51724)[0m runner:12/env:0	num_steps=[242] | total rewards=[1401.4942] | termination= [target destroyed]
[36m(SingleAgentEnvRunner pid=61544)[0m [JSB][Reset] enter BattleSpace=1[32m [repeated 23x across cluster][0m
[36m(SingleAgentEnvRunner pid=61544)[0m [JSB][Reset] after lock found=1 size=1[32m [repeated 23x across cluster][0m
[36m(SingleAgentEnvRunner pid=61544)[0m [JSB][Reset] fighter_count_after=0[32m [repeated 46x across cluster][0m
[36m(SingleAgentEnvRunner pid=61544)[0m total: 2[32m [repeated 23x across cluster][0m
[36m(SingleAgentEnvRunner pid=61544)[0m [JSB][Reset] exit after_size=1[32m [repeated 23x across cluster][0m
[36m(SingleAgentEnvRunner pid=15664)[0m runner:16/env:0	num_steps=[227] | total rewards=[635.9998] | termination= [ownship destroyed][32m [repeated 16x across cluster][0m
[36m(SingleAgentEnvRunner pid=61544)[0m [JSB][Init] enter BattleSpace=1 Type=1 ForceSide=1 Delta=0.0166667[32m [repeated 44x across cluster][0m
[36m(SingleAgentEnvRunner pid=61544)[0m [JSB][Init] registry size=1[32m [repeated 44x across cluster][0m
[36m(SingleAgentEnvRunner pid=61544)[0m [JSB][Init] before new AIP_FDMExec[32m [repeated 44x across cluster][0m
[36m(SingleAgentEnvRunner pid=15664)[0m [JSB][Init] after new AIP_FDMExec ptr=000002E493340100[32m [repeated 43x across cluster][0m
[36m(SingleAgentEnvRunner pid=15664)[0m [JSB][Init] before Init_FDM ptr=000002E493340100[32m [repeated 43x across cluster][0m
[36m(SingleAgentEnvRunner pid=58040)[0m [JSB][Init] after Init_FDM ptr=0000023213352970[32m [repeated 43x across cluster][0m
[36m(SingleAgentEnvRunner pid=58040)[0m [JSB][Init] before Exec_FDM ptr=0000023213352970[32m [repeated 43x across cluster][0m
[36m(SingleAgentEnvRunner pid=58040)[0m [JSB][Init] after Exec_FDM ptr=0000023213352970[32m [repeated 43x across cluster][0m
[36m(SingleAgentEnvRunner pid=58040)[0m [JSB][Init] before InsertFighter BattleSpace=1 ptr=0000023213352970[32m [repeated 43x across cluster][0m
[36m(SingleAgentEnvRunner pid=58040)[0m [JSB][Init] after InsertFighter FighterID=2[32m [repeated 43x across cluster][0m
[36m(SingleAgentEnvRunner pid=52932)[0m runner:10/env:0	num_steps=[2000] | total rewards=[709.0924] | termination= [max time out]
[36m(SingleAgentEnvRunner pid=63120)[0m runner:9/env:0	num_steps=[667] | total rewards=[-716.4810] | termination= [ownship altitude below min]
[36m(SingleAgentEnvRunner pid=18096)[0m runner:5/env:0	num_steps=[476] | total rewards=[1299.8010] | termination= [target destroyed][32m [repeated 8x across cluster][0m
[36m(SingleAgentEnvRunner pid=66008)[0m runner:7/env:0	num_steps=[858] | total rewards=[-983.2270] | termination= [ownship altitude below min]
stage=35 | iter_in_stage=52 | total_iter=52 | reward_mean=620.83 | win_rate=0.322 | draw_rate=0.222 | crash_rate=0.106 | ep_wez_steps=17.6 | episodes_this_iter=38 | entropy=-3.519 | vf_loss=235.703
[36m(SingleAgentEnvRunner pid=18256)[0m [JSB][Reset] enter BattleSpace=1[32m [repeated 15x across cluster][0m
[36m(SingleAgentEnvRunner pid=18256)[0m [JSB][Reset] after lock found=1 size=1[32m [repeated 15x across cluster][0m
[36m(SingleAgentEnvRunner pid=18256)[0m [JSB][Reset] fighter_count_after=0[32m [repeated 30x across cluster][0m
[36m(SingleAgentEnvRunner pid=18256)[0m total: 2[32m [repeated 15x across cluster][0m
[36m(SingleAgentEnvRunner pid=18256)[0m [JSB][Reset] exit after_size=1[32m [repeated 15x across cluster][0m
[36m(SingleAgentEnvRunner pid=18256)[0m runner:14/env:0	num_steps=[221] | total rewards=[391.2626] | termination= [ownship destroyed][32m [repeated 4x across cluster][0m
[36m(SingleAgentEnvRunner pid=18256)[0m [JSB][Init] enter BattleSpace=1 Type=1 ForceSide=2 Delta=0.0166667[32m [repeated 32x across cluster][0m
[36m(SingleAgentEnvRunner pid=18256)[0m [JSB][Init] registry size=1[32m [repeated 32x across cluster][0m
[36m(SingleAgentEnvRunner pid=18256)[0m [JSB][Init] before new AIP_FDMExec[32m [repeated 32x across cluster][0m
[36m(SingleAgentEnvRunner pid=18256)[0m [JSB][Init] after new AIP_FDMExec ptr=000001DE92296BF0[32m [repeated 33x across cluster][0m
[36m(SingleAgentEnvRunner pid=18256)[0m [JSB][Init] before Init_FDM ptr=000001DE92296BF0[32m [repeated 33x across cluster][0m
[36m(SingleAgentEnvRunner pid=18256)[0m [JSB][Init] after Init_FDM ptr=000001DE92297010[32m [repeated 33x across cluster][0m
[36m(SingleAgentEnvRunner pid=18256)[0m [JSB][Init] before Exec_FDM ptr=000001DE92297010[32m [repeated 33x across cluster][0m
[36m(SingleAgentEnvRunner pid=18256)[0m [JSB][Init] after Exec_FDM ptr=000001DE92297010[32m [repeated 33x across cluster][0m
[36m(SingleAgentEnvRunner pid=18256)[0m [JSB][Init] before InsertFighter BattleSpace=1 ptr=000001DE92297010[32m [repeated 33x across cluster][0m
[36m(SingleAgentEnvRunner pid=18256)[0m [JSB][Init] after InsertFighter FighterID=1[32m [repeated 33x across cluster][0m
[36m(SingleAgentEnvRunner pid=18096)[0m runner:5/env:0	num_steps=[172] | total rewards=[1205.1894] | termination= [target destroyed][32m [repeated 4x across cluster][0m
[36m(SingleAgentEnvRunner pid=61016)[0m runner:15/env:0	num_steps=[675] | total rewards=[-489.8942] | termination= [ownship altitude below min]
[36m(SingleAgentEnvRunner pid=36412)[0m runner:6/env:0	num_steps=[882] | total rewards=[-686.5903] | termination= [ownship altitude below min]
[36m(SingleAgentEnvRunner pid=61016)[0m [JSB][Reset] enter BattleSpace=1[32m [repeated 24x across cluster][0m
[36m(SingleAgentEnvRunner pid=61016)[0m [JSB][Reset] after lock found=1 size=1[32m [repeated 24x across cluster][0m
[36m(SingleAgentEnvRunner pid=61016)[0m [JSB][Reset] fighter_count_after=0[32m [repeated 48x across cluster][0m
[36m(SingleAgentEnvRunner pid=61016)[0m total: 2[32m [repeated 24x across cluster][0m
[36m(SingleAgentEnvRunner pid=61016)[0m [JSB][Reset] exit after_size=1[32m [repeated 24x across cluster][0m
[36m(SingleAgentEnvRunner pid=61016)[0m runner:15/env:0	num_steps=[225] | total rewards=[633.5476] | termination= [ownship destroyed][32m [repeated 20x across cluster][0m
[36m(SingleAgentEnvRunner pid=58040)[0m [JSB][Init] enter BattleSpace=1 Type=1 ForceSide=2 Delta=0.0166667[32m [repeated 46x across cluster][0m
[36m(SingleAgentEnvRunner pid=58040)[0m [JSB][Init] registry size=1[32m [repeated 46x across cluster][0m
[36m(SingleAgentEnvRunner pid=58040)[0m [JSB][Init] before new AIP_FDMExec[32m [repeated 46x across cluster][0m
[36m(SingleAgentEnvRunner pid=58040)[0m [JSB][Init] after new AIP_FDMExec ptr=00000232133450E0[32m [repeated 46x across cluster][0m
[36m(SingleAgentEnvRunner pid=58040)[0m [JSB][Init] before Init_FDM ptr=00000232133450E0[32m [repeated 46x across cluster][0m
[36m(SingleAgentEnvRunner pid=58040)[0m [JSB][Init] after Init_FDM ptr=00000232133450E0[32m [repeated 47x across cluster][0m
[36m(SingleAgentEnvRunner pid=58040)[0m [JSB][Init] before Exec_FDM ptr=00000232133450E0[32m [repeated 47x across cluster][0m
[36m(SingleAgentEnvRunner pid=58040)[0m [JSB][Init] after Exec_FDM ptr=00000232133450E0[32m [repeated 47x across cluster][0m
[36m(SingleAgentEnvRunner pid=58040)[0m [JSB][Init] before InsertFighter BattleSpace=1 ptr=00000232133450E0[32m [repeated 47x across cluster][0m
[36m(SingleAgentEnvRunner pid=58040)[0m [JSB][Init] after InsertFighter FighterID=2[32m [repeated 47x across cluster][0m
[36m(SingleAgentEnvRunner pid=36412)[0m runner:6/env:0	num_steps=[215] | total rewards=[1374.1961] | termination= [target destroyed][32m [repeated 5x across cluster][0m
stage=35 | iter_in_stage=53 | total_iter=53 | reward_mean=512.37 | win_rate=0.156 | draw_rate=0.389 | crash_rate=0.022 | ep_wez_steps=17.7 | episodes_this_iter=33 | entropy=-3.569 | vf_loss=65.517
[36m(SingleAgentEnvRunner pid=18096)[0m [JSB][Reset] enter BattleSpace=1[32m [repeated 8x across cluster][0m
[36m(SingleAgentEnvRunner pid=18096)[0m [JSB][Reset] after lock found=1 size=1[32m [repeated 8x across cluster][0m
[36m(SingleAgentEnvRunner pid=18096)[0m [JSB][Reset] fighter_count_after=0[32m [repeated 16x across cluster][0m
[36m(SingleAgentEnvRunner pid=18096)[0m total: 2[32m [repeated 8x across cluster][0m
[36m(SingleAgentEnvRunner pid=18096)[0m [JSB][Reset] exit after_size=1[32m [repeated 8x across cluster][0m
[36m(SingleAgentEnvRunner pid=52932)[0m runner:10/env:0	num_steps=[233] | total rewards=[573.8392] | termination= [ownship destroyed][32m [repeated 7x across cluster][0m
[36m(SingleAgentEnvRunner pid=18096)[0m [JSB][Init] enter BattleSpace=1 Type=1 ForceSide=2 Delta=0.0166667[32m [repeated 18x across cluster][0m
[36m(SingleAgentEnvRunner pid=18096)[0m [JSB][Init] registry size=1[32m [repeated 18x across cluster][0m
[36m(SingleAgentEnvRunner pid=18096)[0m [JSB][Init] before new AIP_FDMExec[32m [repeated 18x across cluster][0m
[36m(SingleAgentEnvRunner pid=18096)[0m [JSB][Init] after new AIP_FDMExec ptr=000001A611ED0440[32m [repeated 18x across cluster][0m
[36m(SingleAgentEnvRunner pid=18096)[0m [JSB][Init] before Init_FDM ptr=000001A611ED0440[32m [repeated 18x across cluster][0m
[36m(SingleAgentEnvRunner pid=18096)[0m [JSB][Init] after Init_FDM ptr=000001A611ED0440[32m [repeated 18x across cluster][0m
[36m(SingleAgentEnvRunner pid=18096)[0m [JSB][Init] before Exec_FDM ptr=000001A611ED0440[32m [repeated 18x across cluster][0m
[36m(SingleAgentEnvRunner pid=18096)[0m [JSB][Init] after Exec_FDM ptr=000001A611ED0440[32m [repeated 18x across cluster][0m
[36m(SingleAgentEnvRunner pid=18096)[0m [JSB][Init] before InsertFighter BattleSpace=1 ptr=000001A611ED0440[32m [repeated 18x across cluster][0m
[36m(SingleAgentEnvRunner pid=18096)[0m [JSB][Init] after InsertFighter FighterID=2[32m [repeated 18x across cluster][0m
[36m(SingleAgentEnvRunner pid=59532)[0m runner:3/env:0	num_steps=[909] | total rewards=[-778.8770] | termination= [ownship altitude below min]
[36m(SingleAgentEnvRunner pid=58040)[0m runner:8/env:0	num_steps=[342] | total rewards=[1201.9749] | termination= [target destroyed]
[36m(SingleAgentEnvRunner pid=61016)[0m [JSB][Reset] enter BattleSpace=1[32m [repeated 16x across cluster][0m
[36m(SingleAgentEnvRunner pid=61016)[0m [JSB][Reset] after lock found=1 size=1[32m [repeated 16x across cluster][0m
[36m(SingleAgentEnvRunner pid=61016)[0m [JSB][Reset] fighter_count_after=0[32m [repeated 32x across cluster][0m
[36m(SingleAgentEnvRunner pid=61016)[0m total: 2[32m [repeated 16x across cluster][0m
[36m(SingleAgentEnvRunner pid=61016)[0m [JSB][Reset] exit after_size=1[32m [repeated 16x across cluster][0m
[36m(SingleAgentEnvRunner pid=61016)[0m runner:15/env:0	num_steps=[220] | total rewards=[661.3127] | termination= [ownship destroyed][32m [repeated 9x across cluster][0m
[36m(SingleAgentEnvRunner pid=52932)[0m [JSB][Init] enter BattleSpace=1 Type=1 ForceSide=2 Delta=0.0166667[32m [repeated 30x across cluster][0m
[36m(SingleAgentEnvRunner pid=52932)[0m [JSB][Init] registry size=1[32m [repeated 30x across cluster][0m
[36m(SingleAgentEnvRunner pid=52932)[0m [JSB][Init] before new AIP_FDMExec[32m [repeated 30x across cluster][0m
[36m(SingleAgentEnvRunner pid=52932)[0m [JSB][Init] after new AIP_FDMExec ptr=000001B8938275C0[32m [repeated 30x across cluster][0m
[36m(SingleAgentEnvRunner pid=52932)[0m [JSB][Init] before Init_FDM ptr=000001B8938275C0[32m [repeated 30x across cluster][0m
[36m(SingleAgentEnvRunner pid=52932)[0m [JSB][Init] after Init_FDM ptr=000001B8938275C0[32m [repeated 30x across cluster][0m
[36m(SingleAgentEnvRunner pid=52932)[0m [JSB][Init] before Exec_FDM ptr=000001B8938275C0[32m [repeated 30x across cluster][0m
[36m(SingleAgentEnvRunner pid=52932)[0m [JSB][Init] after Exec_FDM ptr=000001B8938275C0[32m [repeated 30x across cluster][0m
[36m(SingleAgentEnvRunner pid=52932)[0m [JSB][Init] before InsertFighter BattleSpace=1 ptr=000001B8938275C0[32m [repeated 30x across cluster][0m
[36m(SingleAgentEnvRunner pid=52932)[0m [JSB][Init] after InsertFighter FighterID=2[32m [repeated 30x across cluster][0m
[36m(SingleAgentEnvRunner pid=59532)[0m runner:3/env:0	num_steps=[607] | total rewards=[-692.9123] | termination= [ownship altitude below min][32m [repeated 3x across cluster][0m
[36m(SingleAgentEnvRunner pid=58040)[0m runner:8/env:0	num_steps=[190] | total rewards=[1377.8160] | termination= [target destroyed][32m [repeated 2x across cluster][0m
[36m(SingleAgentEnvRunner pid=61920)[0m runner:13/env:0	num_steps=[541] | total rewards=[188.5192] | termination= [target altitude below min]
stage=35 | iter_in_stage=54 | total_iter=54 | reward_mean=507.22 | win_rate=0.275 | draw_rate=0.333 | crash_rate=0.142 | ep_wez_steps=18.0 | episodes_this_iter=22 | entropy=-3.561 | vf_loss=97.874
[36m(SingleAgentEnvRunner pid=18256)[0m [JSB][Reset] enter BattleSpace=1[32m [repeated 8x across cluster][0m
[36m(SingleAgentEnvRunner pid=18256)[0m [JSB][Reset] after lock found=1 size=1[32m [repeated 8x across cluster][0m
[36m(SingleAgentEnvRunner pid=18256)[0m [JSB][Reset] fighter_count_after=0[32m [repeated 16x across cluster][0m
[36m(SingleAgentEnvRunner pid=18256)[0m total: 2[32m [repeated 8x across cluster][0m
[36m(SingleAgentEnvRunner pid=18256)[0m [JSB][Reset] exit after_size=1[32m [repeated 8x across cluster][0m
[36m(SingleAgentEnvRunner pid=39980)[0m runner:2/env:0	num_steps=[217] | total rewards=[612.9628] | termination= [ownship destroyed][32m [repeated 3x across cluster][0m
[36m(SingleAgentEnvRunner pid=18256)[0m [JSB][Init] enter BattleSpace=1 Type=1 ForceSide=1 Delta=0.0166667[32m [repeated 17x across cluster][0m
[36m(SingleAgentEnvRunner pid=18256)[0m [JSB][Init] registry size=1[32m [repeated 17x across cluster][0m
[36m(SingleAgentEnvRunner pid=18256)[0m [JSB][Init] before new AIP_FDMExec[32m [repeated 17x across cluster][0m
[36m(SingleAgentEnvRunner pid=18256)[0m [JSB][Init] after new AIP_FDMExec ptr=000001DE922942B0[32m [repeated 17x across cluster][0m
[36m(SingleAgentEnvRunner pid=18256)[0m [JSB][Init] before Init_FDM ptr=000001DE922942B0[32m [repeated 17x across cluster][0m
[36m(SingleAgentEnvRunner pid=39980)[0m [JSB][Init] after Init_FDM ptr=0000025911E30DD0[32m [repeated 16x across cluster][0m
[36m(SingleAgentEnvRunner pid=39980)[0m [JSB][Init] before Exec_FDM ptr=0000025911E30DD0[32m [repeated 16x across cluster][0m
[36m(SingleAgentEnvRunner pid=39980)[0m [JSB][Init] after Exec_FDM ptr=0000025911E30DD0[32m [repeated 16x across cluster][0m
[36m(SingleAgentEnvRunner pid=39980)[0m [JSB][Init] before InsertFighter BattleSpace=1 ptr=0000025911E30DD0[32m [repeated 16x across cluster][0m
[36m(SingleAgentEnvRunner pid=39980)[0m [JSB][Init] after InsertFighter FighterID=2[32m [repeated 16x across cluster][0m
[36m(SingleAgentEnvRunner pid=61544)[0m runner:1/env:0	num_steps=[1426] | total rewards=[1236.2285] | termination= [target destroyed][32m [repeated 4x across cluster][0m
[36m(SingleAgentEnvRunner pid=52932)[0m runner:10/env:0	num_steps=[695] | total rewards=[-676.9540] | termination= [ownship altitude below min]
[36m(SingleAgentEnvRunner pid=63120)[0m runner:9/env:0	num_steps=[2000] | total rewards=[388.1163] | termination= [max time out]
[36m(SingleAgentEnvRunner pid=59532)[0m [JSB][Reset] enter BattleSpace=1[32m [repeated 23x across cluster][0m
[36m(SingleAgentEnvRunner pid=59532)[0m [JSB][Reset] after lock found=1 size=1[32m [repeated 23x across cluster][0m
[36m(SingleAgentEnvRunner pid=59532)[0m [JSB][Reset] fighter_count_after=0[32m [repeated 46x across cluster][0m
[36m(SingleAgentEnvRunner pid=59532)[0m total: 2[32m [repeated 23x across cluster][0m
[36m(SingleAgentEnvRunner pid=59532)[0m [JSB][Reset] exit after_size=1[32m [repeated 23x across cluster][0m
[36m(SingleAgentEnvRunner pid=59532)[0m runner:3/env:0	num_steps=[224] | total rewards=[618.8535] | termination= [ownship destroyed][32m [repeated 14x across cluster][0m
[36m(SingleAgentEnvRunner pid=59532)[0m [JSB][Init] enter BattleSpace=1 Type=1 ForceSide=2 Delta=0.0166667[32m [repeated 47x across cluster][0m
[36m(SingleAgentEnvRunner pid=59532)[0m [JSB][Init] registry size=1[32m [repeated 47x across cluster][0m
[36m(SingleAgentEnvRunner pid=59532)[0m [JSB][Init] before new AIP_FDMExec[32m [repeated 47x across cluster][0m
[36m(SingleAgentEnvRunner pid=59532)[0m [JSB][Init] after new AIP_FDMExec ptr=0000021A3494F0E0[32m [repeated 47x across cluster][0m
[36m(SingleAgentEnvRunner pid=59532)[0m [JSB][Init] before Init_FDM ptr=0000021A3494F0E0[32m [repeated 47x across cluster][0m
[36m(SingleAgentEnvRunner pid=59532)[0m [JSB][Init] after Init_FDM ptr=0000021A3494F0E0[32m [repeated 48x across cluster][0m
[36m(SingleAgentEnvRunner pid=59532)[0m [JSB][Init] before Exec_FDM ptr=0000021A3494F0E0[32m [repeated 48x across cluster][0m
[36m(SingleAgentEnvRunner pid=59532)[0m [JSB][Init] after Exec_FDM ptr=0000021A3494F0E0[32m [repeated 48x across cluster][0m
[36m(SingleAgentEnvRunner pid=59532)[0m [JSB][Init] before InsertFighter BattleSpace=1 ptr=0000021A3494F0E0[32m [repeated 48x across cluster][0m
[36m(SingleAgentEnvRunner pid=59532)[0m [JSB][Init] after InsertFighter FighterID=2[32m [repeated 48x across cluster][0m
[36m(SingleAgentEnvRunner pid=39980)[0m runner:2/env:0	num_steps=[215] | total rewards=[1432.8032] | termination= [target destroyed][32m [repeated 4x across cluster][0m
[36m(SingleAgentEnvRunner pid=51724)[0m runner:12/env:0	num_steps=[491] | total rewards=[27.9317] | termination= [target altitude below min]
[36m(SingleAgentEnvRunner pid=61920)[0m runner:13/env:0	num_steps=[398] | total rewards=[-953.9774] | termination= [ownship altitude below min]
[36m(SingleAgentEnvRunner pid=47444)[0m runner:4/env:0	num_steps=[2000] | total rewards=[304.1195] | termination= [max time out][32m [repeated 2x across cluster][0m
[36m(SingleAgentEnvRunner pid=36412)[0m runner:6/env:0	num_steps=[376] | total rewards=[-336.9904] | termination= [ownship altitude below min]
stage=35 | iter_in_stage=55 | total_iter=55 | reward_mean=522.60 | win_rate=0.249 | draw_rate=0.251 | crash_rate=0.122 | ep_wez_steps=19.3 | episodes_this_iter=33 | entropy=-3.537 | vf_loss=139.443
[36m(SingleAgentEnvRunner pid=47444)[0m [JSB][Reset] enter BattleSpace=1[32m [repeated 9x across cluster][0m
[36m(SingleAgentEnvRunner pid=47444)[0m [JSB][Reset] after lock found=1 size=1[32m [repeated 9x across cluster][0m
[36m(SingleAgentEnvRunner pid=47444)[0m [JSB][Reset] fighter_count_after=0[32m [repeated 18x across cluster][0m
[36m(SingleAgentEnvRunner pid=47444)[0m total: 2[32m [repeated 9x across cluster][0m
[36m(SingleAgentEnvRunner pid=47444)[0m [JSB][Reset] exit after_size=1[32m [repeated 9x across cluster][0m
[36m(SingleAgentEnvRunner pid=47444)[0m runner:4/env:0	num_steps=[233] | total rewards=[600.5009] | termination= [ownship destroyed][32m [repeated 4x across cluster][0m
[36m(SingleAgentEnvRunner pid=47444)[0m [JSB][Init] enter BattleSpace=1 Type=1 ForceSide=2 Delta=0.0166667[32m [repeated 18x across cluster][0m
[36m(SingleAgentEnvRunner pid=47444)[0m [JSB][Init] registry size=1[32m [repeated 18x across cluster][0m
[36m(SingleAgentEnvRunner pid=47444)[0m [JSB][Init] before new AIP_FDMExec[32m [repeated 18x across cluster][0m
[36m(SingleAgentEnvRunner pid=47444)[0m [JSB][Init] after new AIP_FDMExec ptr=0000024512207F90[32m [repeated 18x across cluster][0m
[36m(SingleAgentEnvRunner pid=47444)[0m [JSB][Init] before Init_FDM ptr=0000024512207F90[32m [repeated 18x across cluster][0m
[36m(SingleAgentEnvRunner pid=47444)[0m [JSB][Init] after Init_FDM ptr=000002451220B320[32m [repeated 17x across cluster][0m
[36m(SingleAgentEnvRunner pid=47444)[0m [JSB][Init] before Exec_FDM ptr=000002451220B320[32m [repeated 17x across cluster][0m
[36m(SingleAgentEnvRunner pid=47444)[0m [JSB][Init] after Exec_FDM ptr=000002451220B320[32m [repeated 17x across cluster][0m
[36m(SingleAgentEnvRunner pid=47444)[0m [JSB][Init] before InsertFighter BattleSpace=1 ptr=000002451220B320[32m [repeated 17x across cluster][0m
[36m(SingleAgentEnvRunner pid=47444)[0m [JSB][Init] after InsertFighter FighterID=1[32m [repeated 17x across cluster][0m
[36m(SingleAgentEnvRunner pid=39980)[0m runner:2/env:0	num_steps=[234] | total rewards=[1396.7253] | termination= [target destroyed]
[36m(SingleAgentEnvRunner pid=18096)[0m runner:5/env:0	num_steps=[2000] | total rewards=[309.8690] | termination= [max time out]
[36m(SingleAgentEnvRunner pid=15664)[0m runner:16/env:0	num_steps=[1832] | total rewards=[-348.4912] | termination= [ownship altitude below min]
[36m(SingleAgentEnvRunner pid=61544)[0m runner:1/env:0	num_steps=[669] | total rewards=[1357.2637] | termination= [target destroyed]
[36m(SingleAgentEnvRunner pid=61920)[0m runner:13/env:0	num_steps=[840] | total rewards=[-970.3428] | termination= [ownship altitude below min]
[36m(SingleAgentEnvRunner pid=66008)[0m [JSB][Reset] enter BattleSpace=1[32m [repeated 28x across cluster][0m
[36m(SingleAgentEnvRunner pid=66008)[0m [JSB][Reset] after lock found=1 size=1[32m [repeated 28x across cluster][0m
[36m(SingleAgentEnvRunner pid=66008)[0m [JSB][Reset] FighterPtr=000002288CBEFCD0 fighter_count_before=2[32m [repeated 55x across cluster][0m
[36m(SingleAgentEnvRunner pid=66008)[0m total: 2[32m [repeated 28x across cluster][0m
[36m(SingleAgentEnvRunner pid=18096)[0m [JSB][Reset] exit after_size=1[32m [repeated 27x across cluster][0m
[36m(SingleAgentEnvRunner pid=66008)[0m runner:7/env:0	num_steps=[202] | total rewards=[591.4626] | termination= [ownship destroyed][32m [repeated 20x across cluster][0m
[36m(SingleAgentEnvRunner pid=18096)[0m [JSB][Init] enter BattleSpace=1 Type=1 ForceSide=2 Delta=0.0166667[32m [repeated 54x across cluster][0m
[36m(SingleAgentEnvRunner pid=18096)[0m [JSB][Init] registry size=1[32m [repeated 54x across cluster][0m
[36m(SingleAgentEnvRunner pid=18096)[0m [JSB][Init] before new AIP_FDMExec[32m [repeated 54x across cluster][0m
[36m(SingleAgentEnvRunner pid=18096)[0m [JSB][Init] after new AIP_FDMExec ptr=000001A611ECFC00[32m [repeated 54x across cluster][0m
[36m(SingleAgentEnvRunner pid=18096)[0m [JSB][Init] before Init_FDM ptr=000001A611ECFC00[32m [repeated 54x across cluster][0m
[36m(SingleAgentEnvRunner pid=18096)[0m [JSB][Init] after Init_FDM ptr=000001A611ECFC00[32m [repeated 55x across cluster][0m
[36m(SingleAgentEnvRunner pid=18096)[0m [JSB][Init] before Exec_FDM ptr=000001A611ECFC00[32m [repeated 55x across cluster][0m
[36m(SingleAgentEnvRunner pid=18096)[0m [JSB][Init] after Exec_FDM ptr=000001A611ECFC00[32m [repeated 55x across cluster][0m
[36m(SingleAgentEnvRunner pid=18096)[0m [JSB][Init] before InsertFighter BattleSpace=1 ptr=000001A611ECFC00[32m [repeated 55x across cluster][0m
[36m(SingleAgentEnvRunner pid=18096)[0m [JSB][Init] after InsertFighter FighterID=2[32m [repeated 55x across cluster][0m
[36m(SingleAgentEnvRunner pid=58040)[0m runner:8/env:0	num_steps=[339] | total rewards=[1291.2209] | termination= [target destroyed][32m [repeated 6x across cluster][0m
stage=35 | iter_in_stage=56 | total_iter=56 | reward_mean=596.93 | win_rate=0.271 | draw_rate=0.343 | crash_rate=0.122 | ep_wez_steps=21.3 | episodes_this_iter=38 | entropy=-3.552 | vf_loss=228.761
[36m(SingleAgentEnvRunner pid=39980)[0m runner:2/env:0	num_steps=[557] | total rewards=[-704.8923] | termination= [ownship altitude below min]
[36m(SingleAgentEnvRunner pid=61920)[0m [JSB][Reset] enter BattleSpace=1[32m [repeated 10x across cluster][0m
[36m(SingleAgentEnvRunner pid=61920)[0m [JSB][Reset] after lock found=1 size=1[32m [repeated 10x across cluster][0m
[36m(SingleAgentEnvRunner pid=61920)[0m [JSB][Reset] fighter_count_after=0[32m [repeated 21x across cluster][0m
[36m(SingleAgentEnvRunner pid=61920)[0m total: 2[32m [repeated 10x across cluster][0m
[36m(SingleAgentEnvRunner pid=61920)[0m [JSB][Reset] exit after_size=1[32m [repeated 11x across cluster][0m
[36m(SingleAgentEnvRunner pid=61920)[0m runner:13/env:0	num_steps=[581] | total rewards=[88.6384] | termination= [ownship destroyed][32m [repeated 5x across cluster][0m
[36m(SingleAgentEnvRunner pid=61920)[0m [JSB][Init] enter BattleSpace=1 Type=1 ForceSide=1 Delta=0.0166667[32m [repeated 21x across cluster][0m
[36m(SingleAgentEnvRunner pid=61920)[0m [JSB][Init] registry size=1[32m [repeated 21x across cluster][0m
[36m(SingleAgentEnvRunner pid=61920)[0m [JSB][Init] before new AIP_FDMExec[32m [repeated 21x across cluster][0m
[36m(SingleAgentEnvRunner pid=61920)[0m [JSB][Init] after new AIP_FDMExec ptr=0000014B93980950[32m [repeated 21x across cluster][0m
[36m(SingleAgentEnvRunner pid=61920)[0m [JSB][Init] before Init_FDM ptr=0000014B93980950[32m [repeated 21x across cluster][0m
[36m(SingleAgentEnvRunner pid=51724)[0m [JSB][Init] after Init_FDM ptr=000001DD143765F0[32m [repeated 20x across cluster][0m
[36m(SingleAgentEnvRunner pid=51724)[0m [JSB][Init] before Exec_FDM ptr=000001DD143765F0[32m [repeated 20x across cluster][0m
[36m(SingleAgentEnvRunner pid=51724)[0m [JSB][Init] after Exec_FDM ptr=000001DD143765F0[32m [repeated 20x across cluster][0m
[36m(SingleAgentEnvRunner pid=51724)[0m [JSB][Init] before InsertFighter BattleSpace=1 ptr=000001DD143765F0[32m [repeated 20x across cluster][0m
[36m(SingleAgentEnvRunner pid=51724)[0m [JSB][Init] after InsertFighter FighterID=2[32m [repeated 20x across cluster][0m
[36m(SingleAgentEnvRunner pid=18256)[0m runner:14/env:0	num_steps=[649] | total rewards=[-664.7033] | termination= [ownship altitude below min]
[36m(SingleAgentEnvRunner pid=51724)[0m runner:12/env:0	num_steps=[223] | total rewards=[1340.1525] | termination= [target destroyed][32m [repeated 3x across cluster][0m
[36m(SingleAgentEnvRunner pid=61016)[0m [JSB][Reset] enter BattleSpace=1[32m [repeated 13x across cluster][0m
[36m(SingleAgentEnvRunner pid=61016)[0m [JSB][Reset] after lock found=1 size=1[32m [repeated 13x across cluster][0m
[36m(SingleAgentEnvRunner pid=61016)[0m [JSB][Reset] fighter_count_after=0[32m [repeated 26x across cluster][0m
[36m(SingleAgentEnvRunner pid=61016)[0m total: 2[32m [repeated 13x across cluster][0m
[36m(SingleAgentEnvRunner pid=61016)[0m [JSB][Reset] exit after_size=1[32m [repeated 13x across cluster][0m
[36m(SingleAgentEnvRunner pid=61016)[0m runner:15/env:0	num_steps=[215] | total rewards=[634.6247] | termination= [ownship destroyed][32m [repeated 6x across cluster][0m
[36m(SingleAgentEnvRunner pid=61016)[0m [JSB][Init] enter BattleSpace=1 Type=1 ForceSide=2 Delta=0.0166667[32m [repeated 27x across cluster][0m
[36m(SingleAgentEnvRunner pid=61016)[0m [JSB][Init] registry size=1[32m [repeated 27x across cluster][0m
[36m(SingleAgentEnvRunner pid=61016)[0m [JSB][Init] before new AIP_FDMExec[32m [repeated 27x across cluster][0m
[36m(SingleAgentEnvRunner pid=61016)[0m [JSB][Init] after new AIP_FDMExec ptr=0000022611CA6D80[32m [repeated 27x across cluster][0m
[36m(SingleAgentEnvRunner pid=61016)[0m [JSB][Init] before Init_FDM ptr=0000022611CA6D80[32m [repeated 27x across cluster][0m
[36m(SingleAgentEnvRunner pid=61016)[0m [JSB][Init] after Init_FDM ptr=0000022611CA6D80[32m [repeated 28x across cluster][0m
[36m(SingleAgentEnvRunner pid=61016)[0m [JSB][Init] before Exec_FDM ptr=0000022611CA6D80[32m [repeated 28x across cluster][0m
[36m(SingleAgentEnvRunner pid=61016)[0m [JSB][Init] after Exec_FDM ptr=0000022611CA6D80[32m [repeated 28x across cluster][0m
[36m(SingleAgentEnvRunner pid=61016)[0m [JSB][Init] before InsertFighter BattleSpace=1 ptr=0000022611CA6D80[32m [repeated 28x across cluster][0m
[36m(SingleAgentEnvRunner pid=61016)[0m [JSB][Init] after InsertFighter FighterID=2[32m [repeated 28x across cluster][0m
[36m(SingleAgentEnvRunner pid=57920)[0m runner:11/env:0	num_steps=[1067] | total rewards=[-588.0718] | termination= [ownship altitude below min][32m [repeated 2x across cluster][0m
[36m(SingleAgentEnvRunner pid=51724)[0m runner:12/env:0	num_steps=[271] | total rewards=[1323.7902] | termination= [target destroyed][32m [repeated 4x across cluster][0m
stage=35 | iter_in_stage=57 | total_iter=57 | reward_mean=324.28 | win_rate=0.185 | draw_rate=0.274 | crash_rate=0.273 | ep_wez_steps=14.3 | episodes_this_iter=22 | entropy=-3.540 | vf_loss=148.623
[36m(SingleAgentEnvRunner pid=18256)[0m [JSB][Reset] enter BattleSpace=1[32m [repeated 9x across cluster][0m
[36m(SingleAgentEnvRunner pid=18256)[0m [JSB][Reset] after lock found=1 size=1[32m [repeated 9x across cluster][0m
[36m(SingleAgentEnvRunner pid=18256)[0m [JSB][Reset] fighter_count_after=0[32m [repeated 18x across cluster][0m
[36m(SingleAgentEnvRunner pid=18256)[0m total: 2[32m [repeated 9x across cluster][0m
[36m(SingleAgentEnvRunner pid=18256)[0m [JSB][Reset] exit after_size=1[32m [repeated 9x across cluster][0m
[36m(SingleAgentEnvRunner pid=61920)[0m runner:13/env:0	num_steps=[246] | total rewards=[544.5989] | termination= [ownship destroyed][32m [repeated 6x across cluster][0m
[36m(SingleAgentEnvRunner pid=18256)[0m [JSB][Init] enter BattleSpace=1 Type=1 ForceSide=2 Delta=0.0166667[32m [repeated 18x across cluster][0m
[36m(SingleAgentEnvRunner pid=18256)[0m [JSB][Init] registry size=1[32m [repeated 18x across cluster][0m
[36m(SingleAgentEnvRunner pid=18256)[0m [JSB][Init] before new AIP_FDMExec[32m [repeated 18x across cluster][0m
[36m(SingleAgentEnvRunner pid=18256)[0m [JSB][Init] after new AIP_FDMExec ptr=000001DE92295330[32m [repeated 18x across cluster][0m
[36m(SingleAgentEnvRunner pid=18256)[0m [JSB][Init] before Init_FDM ptr=000001DE92295330[32m [repeated 18x across cluster][0m
[36m(SingleAgentEnvRunner pid=18256)[0m [JSB][Init] after Init_FDM ptr=000001DE922965C0[32m [repeated 17x across cluster][0m
[36m(SingleAgentEnvRunner pid=18256)[0m [JSB][Init] before Exec_FDM ptr=000001DE922965C0[32m [repeated 17x across cluster][0m
[36m(SingleAgentEnvRunner pid=18256)[0m [JSB][Init] after Exec_FDM ptr=000001DE922965C0[32m [repeated 17x across cluster][0m
[36m(SingleAgentEnvRunner pid=18256)[0m [JSB][Init] before InsertFighter BattleSpace=1 ptr=000001DE922965C0[32m [repeated 17x across cluster][0m
[36m(SingleAgentEnvRunner pid=18256)[0m [JSB][Init] after InsertFighter FighterID=1[32m [repeated 17x across cluster][0m
[36m(SingleAgentEnvRunner pid=18256)[0m runner:14/env:0	num_steps=[964] | total rewards=[1368.6693] | termination= [target destroyed][32m [repeated 3x across cluster][0m
[36m(SingleAgentEnvRunner pid=59532)[0m runner:3/env:0	num_steps=[1788] | total rewards=[-188.7870] | termination= [ownship altitude below min]
[36m(SingleAgentEnvRunner pid=15664)[0m runner:16/env:0	num_steps=[1493] | total rewards=[307.5730] | termination= [target altitude below min]
[36m(SingleAgentEnvRunner pid=61544)[0m runner:1/env:0	num_steps=[2000] | total rewards=[292.7176] | termination= [max time out]
[36m(SingleAgentEnvRunner pid=63120)[0m [JSB][Reset] enter BattleSpace=1[32m [repeated 21x across cluster][0m
[36m(SingleAgentEnvRunner pid=63120)[0m [JSB][Reset] after lock found=1 size=1[32m [repeated 21x across cluster][0m
[36m(SingleAgentEnvRunner pid=63120)[0m [JSB][Reset] fighter_count_after=0[32m [repeated 42x across cluster][0m
[36m(SingleAgentEnvRunner pid=63120)[0m total: 2[32m [repeated 21x across cluster][0m
[36m(SingleAgentEnvRunner pid=63120)[0m [JSB][Reset] exit after_size=1[32m [repeated 21x across cluster][0m
[36m(SingleAgentEnvRunner pid=63120)[0m runner:9/env:0	num_steps=[243] | total rewards=[549.6195] | termination= [ownship destroyed][32m [repeated 13x across cluster][0m
[36m(SingleAgentEnvRunner pid=63120)[0m [JSB][Init] enter BattleSpace=1 Type=1 ForceSide=2 Delta=0.0166667[32m [repeated 42x across cluster][0m
[36m(SingleAgentEnvRunner pid=63120)[0m [JSB][Init] registry size=1[32m [repeated 42x across cluster][0m
[36m(SingleAgentEnvRunner pid=63120)[0m [JSB][Init] before new AIP_FDMExec[32m [repeated 42x across cluster][0m
[36m(SingleAgentEnvRunner pid=63120)[0m [JSB][Init] after new AIP_FDMExec ptr=0000017C115C2A10[32m [repeated 42x across cluster][0m
[36m(SingleAgentEnvRunner pid=63120)[0m [JSB][Init] before Init_FDM ptr=0000017C115C2A10[32m [repeated 42x across cluster][0m
[36m(SingleAgentEnvRunner pid=63120)[0m [JSB][Init] after Init_FDM ptr=0000017C115C3CA0[32m [repeated 42x across cluster][0m
[36m(SingleAgentEnvRunner pid=63120)[0m [JSB][Init] before Exec_FDM ptr=0000017C115C3CA0[32m [repeated 42x across cluster][0m
[36m(SingleAgentEnvRunner pid=63120)[0m [JSB][Init] after Exec_FDM ptr=0000017C115C3CA0[32m [repeated 42x across cluster][0m
[36m(SingleAgentEnvRunner pid=63120)[0m [JSB][Init] before InsertFighter BattleSpace=1 ptr=0000017C115C3CA0[32m [repeated 42x across cluster][0m
[36m(SingleAgentEnvRunner pid=63120)[0m [JSB][Init] after InsertFighter FighterID=1[32m [repeated 42x across cluster][0m
[36m(SingleAgentEnvRunner pid=66008)[0m runner:7/env:0	num_steps=[205] | total rewards=[1405.3673] | termination= [target destroyed][32m [repeated 3x across cluster][0m
[36m(SingleAgentEnvRunner pid=58040)[0m runner:8/env:0	num_steps=[1373] | total rewards=[-607.9660] | termination= [ownship altitude below min][32m [repeated 5x across cluster][0m
stage=35 | iter_in_stage=58 | total_iter=58 | reward_mean=353.38 | win_rate=0.167 | draw_rate=0.198 | crash_rate=0.188 | ep_wez_steps=15.6 | episodes_this_iter=31 | entropy=-3.551 | vf_loss=193.823
[36m(SingleAgentEnvRunner pid=57920)[0m [JSB][Reset] enter BattleSpace=1[32m [repeated 10x across cluster][0m
[36m(SingleAgentEnvRunner pid=57920)[0m [JSB][Reset] after lock found=1 size=1[32m [repeated 10x across cluster][0m
[36m(SingleAgentEnvRunner pid=57920)[0m [JSB][Reset] fighter_count_after=0[32m [repeated 20x across cluster][0m
[36m(SingleAgentEnvRunner pid=57920)[0m total: 2[32m [repeated 10x across cluster][0m
[36m(SingleAgentEnvRunner pid=57920)[0m [JSB][Reset] exit after_size=1[32m [repeated 10x across cluster][0m
[36m(SingleAgentEnvRunner pid=18256)[0m runner:14/env:0	num_steps=[225] | total rewards=[606.5290] | termination= [ownship destroyed][32m [repeated 6x across cluster][0m
[36m(SingleAgentEnvRunner pid=57920)[0m [JSB][Init] enter BattleSpace=1 Type=1 ForceSide=2 Delta=0.0166667[32m [repeated 20x across cluster][0m
[36m(SingleAgentEnvRunner pid=57920)[0m [JSB][Init] registry size=1[32m [repeated 20x across cluster][0m
[36m(SingleAgentEnvRunner pid=57920)[0m [JSB][Init] before new AIP_FDMExec[32m [repeated 20x across cluster][0m
[36m(SingleAgentEnvRunner pid=57920)[0m [JSB][Init] after new AIP_FDMExec ptr=000002301194BCD0[32m [repeated 20x across cluster][0m
[36m(SingleAgentEnvRunner pid=57920)[0m [JSB][Init] before Init_FDM ptr=000002301194BCD0[32m [repeated 20x across cluster][0m
[36m(SingleAgentEnvRunner pid=57920)[0m [JSB][Init] after Init_FDM ptr=000002301194CD50[32m [repeated 20x across cluster][0m
[36m(SingleAgentEnvRunner pid=57920)[0m [JSB][Init] before Exec_FDM ptr=000002301194CD50[32m [repeated 20x across cluster][0m
[36m(SingleAgentEnvRunner pid=57920)[0m [JSB][Init] after Exec_FDM ptr=000002301194CD50[32m [repeated 20x across cluster][0m
[36m(SingleAgentEnvRunner pid=57920)[0m [JSB][Init] before InsertFighter BattleSpace=1 ptr=000002301194CD50[32m [repeated 20x across cluster][0m
[36m(SingleAgentEnvRunner pid=57920)[0m [JSB][Init] after InsertFighter FighterID=1[32m [repeated 20x across cluster][0m
[36m(SingleAgentEnvRunner pid=63120)[0m runner:9/env:0	num_steps=[206] | total rewards=[1413.2658] | termination= [target destroyed]
[36m(SingleAgentEnvRunner pid=59532)[0m runner:3/env:0	num_steps=[562] | total rewards=[-679.0942] | termination= [ownship altitude below min][32m [repeated 2x across cluster][0m
[36m(SingleAgentEnvRunner pid=18096)[0m [JSB][Reset] enter BattleSpace=1[32m [repeated 17x across cluster][0m
[36m(SingleAgentEnvRunner pid=18096)[0m [JSB][Reset] after lock found=1 size=1[32m [repeated 17x across cluster][0m
[36m(SingleAgentEnvRunner pid=18096)[0m [JSB][Reset] fighter_count_after=0[32m [repeated 34x across cluster][0m
[36m(SingleAgentEnvRunner pid=18096)[0m total: 2[32m [repeated 17x across cluster][0m
[36m(SingleAgentEnvRunner pid=18096)[0m [JSB][Reset] exit after_size=1[32m [repeated 17x across cluster][0m
[36m(SingleAgentEnvRunner pid=18096)[0m runner:5/env:0	num_steps=[247] | total rewards=[434.4343] | termination= [ownship destroyed][32m [repeated 10x across cluster][0m
[36m(SingleAgentEnvRunner pid=18096)[0m [JSB][Init] enter BattleSpace=1 Type=1 ForceSide=2 Delta=0.0166667[32m [repeated 34x across cluster][0m
[36m(SingleAgentEnvRunner pid=18096)[0m [JSB][Init] registry size=1[32m [repeated 34x across cluster][0m
[36m(SingleAgentEnvRunner pid=18096)[0m [JSB][Init] before new AIP_FDMExec[32m [repeated 34x across cluster][0m
[36m(SingleAgentEnvRunner pid=18096)[0m [JSB][Init] after new AIP_FDMExec ptr=000001A611EB7000[32m [repeated 34x across cluster][0m
[36m(SingleAgentEnvRunner pid=18096)[0m [JSB][Init] before Init_FDM ptr=000001A611EB7000[32m [repeated 34x across cluster][0m
[36m(SingleAgentEnvRunner pid=18096)[0m [JSB][Init] after Init_FDM ptr=000001A611EB63A0[32m [repeated 34x across cluster][0m
[36m(SingleAgentEnvRunner pid=18096)[0m [JSB][Init] before Exec_FDM ptr=000001A611EB63A0[32m [repeated 34x across cluster][0m
[36m(SingleAgentEnvRunner pid=18096)[0m [JSB][Init] after Exec_FDM ptr=000001A611EB63A0[32m [repeated 34x across cluster][0m
[36m(SingleAgentEnvRunner pid=18096)[0m [JSB][Init] before InsertFighter BattleSpace=1 ptr=000001A611EB63A0[32m [repeated 34x across cluster][0m
[36m(SingleAgentEnvRunner pid=18096)[0m [JSB][Init] after InsertFighter FighterID=1[32m [repeated 34x across cluster][0m
[36m(SingleAgentEnvRunner pid=61920)[0m runner:13/env:0	num_steps=[1187] | total rewards=[1303.2256] | termination= [target destroyed][32m [repeated 3x across cluster][0m
[36m(SingleAgentEnvRunner pid=18096)[0m runner:5/env:0	num_steps=[655] | total rewards=[-725.2086] | termination= [ownship altitude below min][32m [repeated 2x across cluster][0m
  [Checkpoint] Saved iter 60 -> C:\topgunfinal\Update\강화학습환경\artifacts\curriculum\AeroFlyer\final_sp2\stage_35_selfplay_final\checkpoints\iter_0060
stage=35 | iter_in_stage=59 | total_iter=59 | reward_mean=321.31 | win_rate=0.179 | draw_rate=0.231 | crash_rate=0.231 | ep_wez_steps=14.1 | episodes_this_iter=23 | entropy=-3.530 | vf_loss=153.050
[36m(SingleAgentEnvRunner pid=57920)[0m [JSB][Reset] enter BattleSpace=1[32m [repeated 8x across cluster][0m
[36m(SingleAgentEnvRunner pid=57920)[0m [JSB][Reset] after lock found=1 size=1[32m [repeated 8x across cluster][0m
[36m(SingleAgentEnvRunner pid=57920)[0m [JSB][Reset] fighter_count_after=0[32m [repeated 16x across cluster][0m
[36m(SingleAgentEnvRunner pid=57920)[0m total: 2[32m [repeated 8x across cluster][0m
[36m(SingleAgentEnvRunner pid=57920)[0m [JSB][Reset] exit after_size=1[32m [repeated 8x across cluster][0m
[36m(SingleAgentEnvRunner pid=57920)[0m runner:11/env:0	num_steps=[192] | total rewards=[617.2817] | termination= [ownship destroyed][32m [repeated 7x across cluster][0m
[36m(SingleAgentEnvRunner pid=57920)[0m [JSB][Init] enter BattleSpace=1 Type=1 ForceSide=2 Delta=0.0166667[32m [repeated 16x across cluster][0m
[36m(SingleAgentEnvRunner pid=57920)[0m [JSB][Init] registry size=1[32m [repeated 16x across cluster][0m
[36m(SingleAgentEnvRunner pid=57920)[0m [JSB][Init] before new AIP_FDMExec[32m [repeated 16x across cluster][0m
[36m(SingleAgentEnvRunner pid=57920)[0m [JSB][Init] after new AIP_FDMExec ptr=000002301194F690[32m [repeated 16x across cluster][0m
[36m(SingleAgentEnvRunner pid=57920)[0m [JSB][Init] before Init_FDM ptr=000002301194F690[32m [repeated 16x across cluster][0m
[36m(SingleAgentEnvRunner pid=57920)[0m [JSB][Init] after Init_FDM ptr=000002301194F480[32m [repeated 16x across cluster][0m
[36m(SingleAgentEnvRunner pid=57920)[0m [JSB][Init] before Exec_FDM ptr=000002301194F480[32m [repeated 16x across cluster][0m
[36m(SingleAgentEnvRunner pid=57920)[0m [JSB][Init] after Exec_FDM ptr=000002301194F480[32m [repeated 16x across cluster][0m
[36m(SingleAgentEnvRunner pid=57920)[0m [JSB][Init] before InsertFighter BattleSpace=1 ptr=000002301194F480[32m [repeated 16x across cluster][0m
[36m(SingleAgentEnvRunner pid=57920)[0m [JSB][Init] after InsertFighter FighterID=1[32m [repeated 16x across cluster][0m
[36m(SingleAgentEnvRunner pid=57920)[0m runner:11/env:0	num_steps=[646] | total rewards=[-336.3265] | termination= [ownship altitude below min]
[36m(SingleAgentEnvRunner pid=15664)[0m runner:16/env:0	num_steps=[756] | total rewards=[-550.0606] | termination= [ownship altitude below min]
[36m(SingleAgentEnvRunner pid=58040)[0m runner:8/env:0	num_steps=[1597] | total rewards=[1624.4095] | termination= [target destroyed]
[36m(SingleAgentEnvRunner pid=39980)[0m runner:2/env:0	num_steps=[2000] | total rewards=[459.8449] | termination= [max time out]
[36m(SingleAgentEnvRunner pid=39980)[0m [JSB][Reset] enter BattleSpace=1[32m [repeated 23x across cluster][0m
[36m(SingleAgentEnvRunner pid=39980)[0m [JSB][Reset] after lock found=1 size=1[32m [repeated 23x across cluster][0m
[36m(SingleAgentEnvRunner pid=39980)[0m [JSB][Reset] fighter_count_after=0[32m [repeated 46x across cluster][0m
[36m(SingleAgentEnvRunner pid=39980)[0m total: 2[32m [repeated 23x across cluster][0m
[36m(SingleAgentEnvRunner pid=39980)[0m [JSB][Reset] exit after_size=1[32m [repeated 23x across cluster][0m
[36m(SingleAgentEnvRunner pid=61016)[0m runner:15/env:0	num_steps=[225] | total rewards=[646.0182] | termination= [ownship destroyed][32m [repeated 15x across cluster][0m
[36m(SingleAgentEnvRunner pid=39980)[0m [JSB][Init] enter BattleSpace=1 Type=1 ForceSide=2 Delta=0.0166667[32m [repeated 46x across cluster][0m
[36m(SingleAgentEnvRunner pid=39980)[0m [JSB][Init] registry size=1[32m [repeated 46x across cluster][0m
[36m(SingleAgentEnvRunner pid=39980)[0m [JSB][Init] before new AIP_FDMExec[32m [repeated 46x across cluster][0m
[36m(SingleAgentEnvRunner pid=39980)[0m [JSB][Init] after new AIP_FDMExec ptr=0000025911E2FD50[32m [repeated 46x across cluster][0m
[36m(SingleAgentEnvRunner pid=39980)[0m [JSB][Init] before Init_FDM ptr=0000025911E2FD50[32m [repeated 46x across cluster][0m
[36m(SingleAgentEnvRunner pid=39980)[0m [JSB][Init] after Init_FDM ptr=0000025911E2ECD0[32m [repeated 46x across cluster][0m
[36m(SingleAgentEnvRunner pid=39980)[0m [JSB][Init] before Exec_FDM ptr=0000025911E2ECD0[32m [repeated 46x across cluster][0m
[36m(SingleAgentEnvRunner pid=39980)[0m [JSB][Init] after Exec_FDM ptr=0000025911E2ECD0[32m [repeated 46x across cluster][0m
[36m(SingleAgentEnvRunner pid=39980)[0m [JSB][Init] before InsertFighter BattleSpace=1 ptr=0000025911E2ECD0[32m [repeated 46x across cluster][0m
[36m(SingleAgentEnvRunner pid=39980)[0m [JSB][Init] after InsertFighter FighterID=1[32m [repeated 46x across cluster][0m
[36m(SingleAgentEnvRunner pid=52932)[0m runner:10/env:0	num_steps=[1792] | total rewards=[-533.2183] | termination= [ownship altitude below min]
[36m(SingleAgentEnvRunner pid=18256)[0m runner:14/env:0	num_steps=[1071] | total rewards=[-660.4035] | termination= [ownship altitude below min]
[36m(SingleAgentEnvRunner pid=61016)[0m runner:15/env:0	num_steps=[236] | total rewards=[1422.3666] | termination= [target destroyed][32m [repeated 8x across cluster][0m
stage=35 | iter_in_stage=60 | total_iter=60 | reward_mean=590.72 | win_rate=0.272 | draw_rate=0.272 | crash_rate=0.122 | ep_wez_steps=20.9 | episodes_this_iter=32 | entropy=-3.527 | vf_loss=86.602
[36m(SingleAgentEnvRunner pid=15664)[0m [JSB][Reset] enter BattleSpace=1[32m [repeated 8x across cluster][0m
[36m(SingleAgentEnvRunner pid=15664)[0m [JSB][Reset] after lock found=1 size=1[32m [repeated 8x across cluster][0m
[36m(SingleAgentEnvRunner pid=15664)[0m [JSB][Reset] fighter_count_after=0[32m [repeated 16x across cluster][0m
[36m(SingleAgentEnvRunner pid=15664)[0m total: 2[32m [repeated 8x across cluster][0m
[36m(SingleAgentEnvRunner pid=15664)[0m [JSB][Reset] exit after_size=1[32m [repeated 8x across cluster][0m
[36m(SingleAgentEnvRunner pid=39980)[0m runner:2/env:0	num_steps=[220] | total rewards=[667.6797] | termination= [ownship destroyed]
[36m(SingleAgentEnvRunner pid=15664)[0m [JSB][Init] enter BattleSpace=1 Type=1 ForceSide=2 Delta=0.0166667[32m [repeated 16x across cluster][0m
[36m(SingleAgentEnvRunner pid=15664)[0m [JSB][Init] registry size=1[32m [repeated 16x across cluster][0m
[36m(SingleAgentEnvRunner pid=15664)[0m [JSB][Init] before new AIP_FDMExec[32m [repeated 16x across cluster][0m
[36m(SingleAgentEnvRunner pid=15664)[0m [JSB][Init] after new AIP_FDMExec ptr=000002E49346F8C0[32m [repeated 16x across cluster][0m
[36m(SingleAgentEnvRunner pid=15664)[0m [JSB][Init] before Init_FDM ptr=000002E49346F8C0[32m [repeated 16x across cluster][0m
[36m(SingleAgentEnvRunner pid=15664)[0m [JSB][Init] after Init_FDM ptr=000002E49346F8C0[32m [repeated 17x across cluster][0m
[36m(SingleAgentEnvRunner pid=15664)[0m [JSB][Init] before Exec_FDM ptr=000002E49346F8C0[32m [repeated 17x across cluster][0m
[36m(SingleAgentEnvRunner pid=15664)[0m [JSB][Init] after Exec_FDM ptr=000002E49346F8C0[32m [repeated 17x across cluster][0m
[36m(SingleAgentEnvRunner pid=15664)[0m [JSB][Init] before InsertFighter BattleSpace=1 ptr=000002E49346F8C0[32m [repeated 17x across cluster][0m
[36m(SingleAgentEnvRunner pid=15664)[0m [JSB][Init] after InsertFighter FighterID=2[32m [repeated 17x across cluster][0m
[36m(SingleAgentEnvRunner pid=61016)[0m runner:15/env:0	num_steps=[251] | total rewards=[542.7108] | termination= [ownship destroyed]
[36m(SingleAgentEnvRunner pid=61920)[0m runner:13/env:0	num_steps=[555] | total rewards=[-427.4743] | termination= [ownship altitude below min]
[36m(SingleAgentEnvRunner pid=51724)[0m runner:12/env:0	num_steps=[737] | total rewards=[1422.3757] | termination= [target destroyed][32m [repeated 4x across cluster][0m
[36m(SingleAgentEnvRunner pid=47444)[0m runner:4/env:0	num_steps=[845] | total rewards=[-388.2746] | termination= [ownship altitude below min]
[36m(SingleAgentEnvRunner pid=18256)[0m runner:14/env:0	num_steps=[604] | total rewards=[326.2411] | termination= [target altitude below min]
[36m(SingleAgentEnvRunner pid=66008)[0m runner:7/env:0	num_steps=[2000] | total rewards=[332.9424] | termination= [max time out]
[36m(SingleAgentEnvRunner pid=61920)[0m [JSB][Reset] enter BattleSpace=1[32m [repeated 18x across cluster][0m
[36m(SingleAgentEnvRunner pid=61920)[0m [JSB][Reset] after lock found=1 size=1[32m [repeated 18x across cluster][0m
[36m(SingleAgentEnvRunner pid=61920)[0m [JSB][Reset] fighter_count_after=0[32m [repeated 36x across cluster][0m
[36m(SingleAgentEnvRunner pid=61920)[0m total: 2[32m [repeated 18x across cluster][0m
[36m(SingleAgentEnvRunner pid=61920)[0m [JSB][Reset] exit after_size=1[32m [repeated 18x across cluster][0m
[36m(SingleAgentEnvRunner pid=59532)[0m [JSB][Init] enter BattleSpace=1 Type=1 ForceSide=2 Delta=0.0166667[32m [repeated 36x across cluster][0m
[36m(SingleAgentEnvRunner pid=59532)[0m [JSB][Init] registry size=1[32m [repeated 36x across cluster][0m
[36m(SingleAgentEnvRunner pid=59532)[0m [JSB][Init] before new AIP_FDMExec[32m [repeated 36x across cluster][0m
[36m(SingleAgentEnvRunner pid=59532)[0m [JSB][Init] after new AIP_FDMExec ptr=0000021A34A4E090[32m [repeated 36x across cluster][0m
[36m(SingleAgentEnvRunner pid=59532)[0m [JSB][Init] before Init_FDM ptr=0000021A34A4E090[32m [repeated 36x across cluster][0m
[36m(SingleAgentEnvRunner pid=59532)[0m [JSB][Init] after Init_FDM ptr=0000021A34A4E6C0[32m [repeated 34x across cluster][0m
[36m(SingleAgentEnvRunner pid=59532)[0m [JSB][Init] before Exec_FDM ptr=0000021A34A4E6C0[32m [repeated 34x across cluster][0m
[36m(SingleAgentEnvRunner pid=59532)[0m [JSB][Init] after Exec_FDM ptr=0000021A34A4E6C0[32m [repeated 34x across cluster][0m
[36m(SingleAgentEnvRunner pid=59532)[0m [JSB][Init] before InsertFighter BattleSpace=1 ptr=0000021A34A4E6C0[32m [repeated 34x across cluster][0m
[36m(SingleAgentEnvRunner pid=59532)[0m [JSB][Init] after InsertFighter FighterID=1[32m [repeated 34x across cluster][0m
[36m(SingleAgentEnvRunner pid=61920)[0m runner:13/env:0	num_steps=[200] | total rewards=[550.7464] | termination= [ownship destroyed][32m [repeated 8x across cluster][0m
[36m(SingleAgentEnvRunner pid=57920)[0m runner:11/env:0	num_steps=[1067] | total rewards=[1166.2278] | termination= [target destroyed][32m [repeated 3x across cluster][0m
stage=35 | iter_in_stage=61 | total_iter=61 | reward_mean=521.30 | win_rate=0.340 | draw_rate=0.188 | crash_rate=0.160 | ep_wez_steps=19.8 | episodes_this_iter=26 | entropy=-3.535 | vf_loss=138.591
[36m(SingleAgentEnvRunner pid=18096)[0m runner:5/env:0	num_steps=[374] | total rewards=[-370.6688] | termination= [ownship altitude below min][32m [repeated 2x across cluster][0m
[36m(SingleAgentEnvRunner pid=58040)[0m [JSB][Reset] enter BattleSpace=1[32m [repeated 7x across cluster][0m
[36m(SingleAgentEnvRunner pid=58040)[0m [JSB][Reset] after lock found=1 size=1[32m [repeated 7x across cluster][0m
[36m(SingleAgentEnvRunner pid=58040)[0m [JSB][Reset] fighter_count_after=0[32m [repeated 14x across cluster][0m
[36m(SingleAgentEnvRunner pid=58040)[0m total: 2[32m [repeated 7x across cluster][0m
[36m(SingleAgentEnvRunner pid=58040)[0m [JSB][Reset] exit after_size=1[32m [repeated 7x across cluster][0m
[36m(SingleAgentEnvRunner pid=58040)[0m [JSB][Init] enter BattleSpace=1 Type=1 ForceSide=1 Delta=0.0166667[32m [repeated 13x across cluster][0m
[36m(SingleAgentEnvRunner pid=58040)[0m [JSB][Init] registry size=1[32m [repeated 13x across cluster][0m
[36m(SingleAgentEnvRunner pid=58040)[0m [JSB][Init] before new AIP_FDMExec[32m [repeated 13x across cluster][0m
[36m(SingleAgentEnvRunner pid=58040)[0m [JSB][Init] after new AIP_FDMExec ptr=0000023211FDC6E0[32m [repeated 13x across cluster][0m
[36m(SingleAgentEnvRunner pid=58040)[0m [JSB][Init] before Init_FDM ptr=0000023211FDC6E0[32m [repeated 13x across cluster][0m
[36m(SingleAgentEnvRunner pid=51724)[0m [JSB][Init] after Init_FDM ptr=000001DD1487C790[32m [repeated 14x across cluster][0m
[36m(SingleAgentEnvRunner pid=51724)[0m [JSB][Init] before Exec_FDM ptr=000001DD1487C790[32m [repeated 14x across cluster][0m
[36m(SingleAgentEnvRunner pid=51724)[0m [JSB][Init] after Exec_FDM ptr=000001DD1487C790[32m [repeated 14x across cluster][0m
[36m(SingleAgentEnvRunner pid=51724)[0m [JSB][Init] before InsertFighter BattleSpace=1 ptr=000001DD1487C790[32m [repeated 14x across cluster][0m
[36m(SingleAgentEnvRunner pid=51724)[0m [JSB][Init] after InsertFighter FighterID=2[32m [repeated 14x across cluster][0m
[36m(SingleAgentEnvRunner pid=58040)[0m runner:8/env:0	num_steps=[1494] | total rewards=[619.4749] | termination= [ownship destroyed][32m [repeated 5x across cluster][0m
[36m(SingleAgentEnvRunner pid=61920)[0m runner:13/env:0	num_steps=[569] | total rewards=[1068.6006] | termination= [target destroyed][32m [repeated 2x across cluster][0m
[36m(SingleAgentEnvRunner pid=36412)[0m runner:6/env:0	num_steps=[2000] | total rewards=[409.8522] | termination= [max time out]
[36m(SingleAgentEnvRunner pid=61016)[0m runner:15/env:0	num_steps=[922] | total rewards=[-452.1788] | termination= [ownship altitude below min]
[36m(SingleAgentEnvRunner pid=59532)[0m [JSB][Reset] enter BattleSpace=1[32m [repeated 17x across cluster][0m
[36m(SingleAgentEnvRunner pid=59532)[0m [JSB][Reset] after lock found=1 size=1[32m [repeated 17x across cluster][0m
[36m(SingleAgentEnvRunner pid=59532)[0m [JSB][Reset] FighterPtr=0000021A2E2CD310 fighter_count_before=2[32m [repeated 33x across cluster][0m
[36m(SingleAgentEnvRunner pid=59532)[0m total: 2[32m [repeated 17x across cluster][0m
[36m(SingleAgentEnvRunner pid=61920)[0m [JSB][Reset] exit after_size=1[32m [repeated 16x across cluster][0m
[36m(SingleAgentEnvRunner pid=61920)[0m [JSB][Init] enter BattleSpace=1 Type=1 ForceSide=2 Delta=0.0166667[32m [repeated 33x across cluster][0m
[36m(SingleAgentEnvRunner pid=61920)[0m [JSB][Init] registry size=1[32m [repeated 33x across cluster][0m
[36m(SingleAgentEnvRunner pid=61920)[0m [JSB][Init] before new AIP_FDMExec[32m [repeated 33x across cluster][0m
[36m(SingleAgentEnvRunner pid=61920)[0m [JSB][Init] after new AIP_FDMExec ptr=0000014B93B5D9D0[32m [repeated 33x across cluster][0m
[36m(SingleAgentEnvRunner pid=61920)[0m [JSB][Init] before Init_FDM ptr=0000014B93B5D9D0[32m [repeated 33x across cluster][0m
[36m(SingleAgentEnvRunner pid=61920)[0m [JSB][Init] after Init_FDM ptr=0000014B93B5D9D0[32m [repeated 34x across cluster][0m
[36m(SingleAgentEnvRunner pid=61920)[0m [JSB][Init] before Exec_FDM ptr=0000014B93B5D9D0[32m [repeated 34x across cluster][0m
[36m(SingleAgentEnvRunner pid=61920)[0m [JSB][Init] after Exec_FDM ptr=0000014B93B5D9D0[32m [repeated 34x across cluster][0m
[36m(SingleAgentEnvRunner pid=61920)[0m [JSB][Init] before InsertFighter BattleSpace=1 ptr=0000014B93B5D9D0[32m [repeated 34x across cluster][0m
[36m(SingleAgentEnvRunner pid=61920)[0m [JSB][Init] after InsertFighter FighterID=2[32m [repeated 34x across cluster][0m
[36m(SingleAgentEnvRunner pid=59532)[0m runner:3/env:0	num_steps=[241] | total rewards=[647.7635] | termination= [ownship destroyed][32m [repeated 10x across cluster][0m
[36m(SingleAgentEnvRunner pid=58040)[0m runner:8/env:0	num_steps=[190] | total rewards=[1415.1058] | termination= [target destroyed][32m [repeated 4x across cluster][0m
[36m(SingleAgentEnvRunner pid=52932)[0m runner:10/env:0	num_steps=[1362] | total rewards=[-240.3660] | termination= [ownship altitude below min]
[36m(SingleAgentEnvRunner pid=61544)[0m runner:1/env:0	num_steps=[2000] | total rewards=[312.4852] | termination= [max time out]
stage=35 | iter_in_stage=62 | total_iter=62 | reward_mean=471.19 | win_rate=0.150 | draw_rate=0.319 | crash_rate=0.154 | ep_wez_steps=17.8 | episodes_this_iter=28 | entropy=-3.537 | vf_loss=156.047
[36m(SingleAgentEnvRunner pid=61544)[0m [JSB][Reset] enter BattleSpace=1[32m [repeated 11x across cluster][0m
[36m(SingleAgentEnvRunner pid=61544)[0m [JSB][Reset] after lock found=1 size=1[32m [repeated 11x across cluster][0m
[36m(SingleAgentEnvRunner pid=61544)[0m [JSB][Reset] fighter_count_after=0[32m [repeated 23x across cluster][0m
[36m(SingleAgentEnvRunner pid=61544)[0m total: 2[32m [repeated 11x across cluster][0m
[36m(SingleAgentEnvRunner pid=61544)[0m [JSB][Reset] exit after_size=1[32m [repeated 12x across cluster][0m
[36m(SingleAgentEnvRunner pid=61544)[0m [JSB][Init] enter BattleSpace=1 Type=1 ForceSide=2 Delta=0.0166667[32m [repeated 24x across cluster][0m
[36m(SingleAgentEnvRunner pid=61544)[0m [JSB][Init] registry size=1[32m [repeated 24x across cluster][0m
[36m(SingleAgentEnvRunner pid=61544)[0m [JSB][Init] before new AIP_FDMExec[32m [repeated 24x across cluster][0m
[36m(SingleAgentEnvRunner pid=61544)[0m [JSB][Init] after new AIP_FDMExec ptr=000001E411D3FCE0[32m [repeated 24x across cluster][0m
[36m(SingleAgentEnvRunner pid=61544)[0m [JSB][Init] before Init_FDM ptr=000001E411D3FCE0[32m [repeated 24x across cluster][0m
[36m(SingleAgentEnvRunner pid=61544)[0m [JSB][Init] after Init_FDM ptr=000001E411D3FCE0[32m [repeated 24x across cluster][0m
[36m(SingleAgentEnvRunner pid=61544)[0m [JSB][Init] before Exec_FDM ptr=000001E411D3FCE0[32m [repeated 24x across cluster][0m
[36m(SingleAgentEnvRunner pid=61544)[0m [JSB][Init] after Exec_FDM ptr=000001E411D3FCE0[32m [repeated 24x across cluster][0m
[36m(SingleAgentEnvRunner pid=61544)[0m [JSB][Init] before InsertFighter BattleSpace=1 ptr=000001E411D3FCE0[32m [repeated 24x across cluster][0m
[36m(SingleAgentEnvRunner pid=61544)[0m [JSB][Init] after InsertFighter FighterID=2[32m [repeated 24x across cluster][0m
[36m(SingleAgentEnvRunner pid=58040)[0m runner:8/env:0	num_steps=[223] | total rewards=[623.8012] | termination= [ownship destroyed][32m [repeated 7x across cluster][0m
[36m(SingleAgentEnvRunner pid=15664)[0m runner:16/env:0	num_steps=[700] | total rewards=[604.5423] | termination= [target altitude below min]
[36m(SingleAgentEnvRunner pid=36412)[0m runner:6/env:0	num_steps=[241] | total rewards=[1386.4819] | termination= [target destroyed][32m [repeated 2x across cluster][0m
[36m(SingleAgentEnvRunner pid=52932)[0m [JSB][Reset] enter BattleSpace=1[32m [repeated 24x across cluster][0m
[36m(SingleAgentEnvRunner pid=52932)[0m [JSB][Reset] after lock found=1 size=1[32m [repeated 24x across cluster][0m
[36m(SingleAgentEnvRunner pid=52932)[0m [JSB][Reset] fighter_count_after=0[32m [repeated 48x across cluster][0m
[36m(SingleAgentEnvRunner pid=52932)[0m total: 2[32m [repeated 24x across cluster][0m
[36m(SingleAgentEnvRunner pid=52932)[0m [JSB][Reset] exit after_size=1[32m [repeated 24x across cluster][0m
[36m(SingleAgentEnvRunner pid=52932)[0m [JSB][Init] enter BattleSpace=1 Type=1 ForceSide=2 Delta=0.0166667[32m [repeated 48x across cluster][0m
[36m(SingleAgentEnvRunner pid=52932)[0m [JSB][Init] registry size=1[32m [repeated 48x across cluster][0m
[36m(SingleAgentEnvRunner pid=52932)[0m [JSB][Init] before new AIP_FDMExec[32m [repeated 48x across cluster][0m
[36m(SingleAgentEnvRunner pid=52932)[0m [JSB][Init] after new AIP_FDMExec ptr=000001B891FB4B00[32m [repeated 48x across cluster][0m
[36m(SingleAgentEnvRunner pid=52932)[0m [JSB][Init] before Init_FDM ptr=000001B891FB4B00[32m [repeated 48x across cluster][0m
[36m(SingleAgentEnvRunner pid=52932)[0m [JSB][Init] after Init_FDM ptr=000001B891FB5550[32m [repeated 47x across cluster][0m
[36m(SingleAgentEnvRunner pid=52932)[0m [JSB][Init] before Exec_FDM ptr=000001B891FB5550[32m [repeated 47x across cluster][0m
[36m(SingleAgentEnvRunner pid=52932)[0m [JSB][Init] after Exec_FDM ptr=000001B891FB5550[32m [repeated 47x across cluster][0m
[36m(SingleAgentEnvRunner pid=52932)[0m [JSB][Init] before InsertFighter BattleSpace=1 ptr=000001B891FB5550[32m [repeated 47x across cluster][0m
[36m(SingleAgentEnvRunner pid=52932)[0m [JSB][Init] after InsertFighter FighterID=1[32m [repeated 47x across cluster][0m
[36m(SingleAgentEnvRunner pid=52932)[0m runner:10/env:0	num_steps=[230] | total rewards=[621.3977] | termination= [ownship destroyed][32m [repeated 20x across cluster][0m
[36m(SingleAgentEnvRunner pid=18096)[0m runner:5/env:0	num_steps=[2000] | total rewards=[716.0209] | termination= [max time out]
[36m(SingleAgentEnvRunner pid=58040)[0m runner:8/env:0	num_steps=[219] | total rewards=[1429.7136] | termination= [target destroyed][32m [repeated 4x across cluster][0m
stage=35 | iter_in_stage=63 | total_iter=63 | reward_mean=619.96 | win_rate=0.172 | draw_rate=0.406 | crash_rate=0.000 | ep_wez_steps=18.1 | episodes_this_iter=37 | entropy=-3.549 | vf_loss=133.063
[36m(SingleAgentEnvRunner pid=61544)[0m [JSB][Reset] enter BattleSpace=1[32m [repeated 13x across cluster][0m
[36m(SingleAgentEnvRunner pid=61544)[0m [JSB][Reset] after lock found=1 size=1[32m [repeated 13x across cluster][0m
[36m(SingleAgentEnvRunner pid=61544)[0m [JSB][Reset] fighter_count_after=0[32m [repeated 26x across cluster][0m
[36m(SingleAgentEnvRunner pid=61544)[0m total: 2[32m [repeated 13x across cluster][0m
[36m(SingleAgentEnvRunner pid=61544)[0m [JSB][Reset] exit after_size=1[32m [repeated 13x across cluster][0m
[36m(SingleAgentEnvRunner pid=61544)[0m [JSB][Init] enter BattleSpace=1 Type=1 ForceSide=1 Delta=0.0166667[32m [repeated 25x across cluster][0m
[36m(SingleAgentEnvRunner pid=61544)[0m [JSB][Init] registry size=1[32m [repeated 25x across cluster][0m
[36m(SingleAgentEnvRunner pid=61544)[0m [JSB][Init] before new AIP_FDMExec[32m [repeated 25x across cluster][0m
[36m(SingleAgentEnvRunner pid=61544)[0m [JSB][Init] after new AIP_FDMExec ptr=000001E411D40310[32m [repeated 25x across cluster][0m
[36m(SingleAgentEnvRunner pid=61544)[0m [JSB][Init] before Init_FDM ptr=000001E411D40310[32m [repeated 25x across cluster][0m
[36m(SingleAgentEnvRunner pid=58040)[0m [JSB][Init] after Init_FDM ptr=0000023212168400[32m [repeated 25x across cluster][0m
[36m(SingleAgentEnvRunner pid=58040)[0m [JSB][Init] before Exec_FDM ptr=0000023212168400[32m [repeated 25x across cluster][0m
[36m(SingleAgentEnvRunner pid=58040)[0m [JSB][Init] after Exec_FDM ptr=0000023212168400[32m [repeated 25x across cluster][0m
[36m(SingleAgentEnvRunner pid=58040)[0m [JSB][Init] before InsertFighter BattleSpace=1 ptr=0000023212168400[32m [repeated 25x across cluster][0m
[36m(SingleAgentEnvRunner pid=58040)[0m [JSB][Init] after InsertFighter FighterID=2[32m [repeated 25x across cluster][0m
[36m(SingleAgentEnvRunner pid=61544)[0m runner:1/env:0	num_steps=[270] | total rewards=[576.9070] | termination= [ownship destroyed][32m [repeated 10x across cluster][0m
[36m(SingleAgentEnvRunner pid=59532)[0m runner:3/env:0	num_steps=[210] | total rewards=[1337.6474] | termination= [target destroyed]
[36m(SingleAgentEnvRunner pid=15664)[0m runner:16/env:0	num_steps=[1060] | total rewards=[-635.3044] | termination= [ownship altitude below min]
[36m(SingleAgentEnvRunner pid=51724)[0m runner:12/env:0	num_steps=[762] | total rewards=[483.8375] | termination= [target altitude below min]
[36m(SingleAgentEnvRunner pid=57920)[0m [JSB][Reset] enter BattleSpace=1[32m [repeated 17x across cluster][0m
[36m(SingleAgentEnvRunner pid=57920)[0m [JSB][Reset] after lock found=1 size=1[32m [repeated 17x across cluster][0m
[36m(SingleAgentEnvRunner pid=57920)[0m [JSB][Reset] fighter_count_after=0[32m [repeated 34x across cluster][0m
[36m(SingleAgentEnvRunner pid=57920)[0m total: 2[32m [repeated 17x across cluster][0m
[36m(SingleAgentEnvRunner pid=57920)[0m [JSB][Reset] exit after_size=1[32m [repeated 17x across cluster][0m
[36m(SingleAgentEnvRunner pid=57920)[0m [JSB][Init] enter BattleSpace=1 Type=1 ForceSide=2 Delta=0.0166667[32m [repeated 35x across cluster][0m
[36m(SingleAgentEnvRunner pid=57920)[0m [JSB][Init] registry size=1[32m [repeated 35x across cluster][0m
[36m(SingleAgentEnvRunner pid=57920)[0m [JSB][Init] before new AIP_FDMExec[32m [repeated 35x across cluster][0m
[36m(SingleAgentEnvRunner pid=57920)[0m [JSB][Init] after new AIP_FDMExec ptr=00000230119459D0[32m [repeated 35x across cluster][0m
[36m(SingleAgentEnvRunner pid=57920)[0m [JSB][Init] before Init_FDM ptr=00000230119459D0[32m [repeated 35x across cluster][0m
[36m(SingleAgentEnvRunner pid=57920)[0m [JSB][Init] after Init_FDM ptr=0000023011944530[32m [repeated 35x across cluster][0m
[36m(SingleAgentEnvRunner pid=57920)[0m [JSB][Init] before Exec_FDM ptr=0000023011944530[32m [repeated 35x across cluster][0m
[36m(SingleAgentEnvRunner pid=57920)[0m [JSB][Init] after Exec_FDM ptr=0000023011944530[32m [repeated 35x across cluster][0m
[36m(SingleAgentEnvRunner pid=57920)[0m [JSB][Init] before InsertFighter BattleSpace=1 ptr=0000023011944530[32m [repeated 35x across cluster][0m
[36m(SingleAgentEnvRunner pid=57920)[0m [JSB][Init] after InsertFighter FighterID=1[32m [repeated 35x across cluster][0m
[36m(SingleAgentEnvRunner pid=47444)[0m runner:4/env:0	num_steps=[1107] | total rewards=[403.8075] | termination= [ownship destroyed][32m [repeated 9x across cluster][0m
[36m(SingleAgentEnvRunner pid=66008)[0m runner:7/env:0	num_steps=[211] | total rewards=[1381.6758] | termination= [target destroyed][32m [repeated 3x across cluster][0m
[36m(SingleAgentEnvRunner pid=52932)[0m runner:10/env:0	num_steps=[769] | total rewards=[-654.1531] | termination= [ownship altitude below min]
stage=35 | iter_in_stage=64 | total_iter=64 | reward_mean=447.96 | win_rate=0.214 | draw_rate=0.315 | crash_rate=0.107 | ep_wez_steps=16.5 | episodes_this_iter=30 | entropy=-3.531 | vf_loss=149.993
[36m(SingleAgentEnvRunner pid=57920)[0m runner:11/env:0	num_steps=[738] | total rewards=[39.1210] | termination= [target altitude below min]
[36m(SingleAgentEnvRunner pid=66008)[0m [JSB][Reset] enter BattleSpace=1[32m [repeated 13x across cluster][0m
[36m(SingleAgentEnvRunner pid=66008)[0m [JSB][Reset] after lock found=1 size=1[32m [repeated 13x across cluster][0m
[36m(SingleAgentEnvRunner pid=66008)[0m [JSB][Reset] fighter_count_after=0[32m [repeated 26x across cluster][0m
[36m(SingleAgentEnvRunner pid=66008)[0m total: 2[32m [repeated 13x across cluster][0m
[36m(SingleAgentEnvRunner pid=66008)[0m [JSB][Reset] exit after_size=1[32m [repeated 13x across cluster][0m
[36m(SingleAgentEnvRunner pid=66008)[0m [JSB][Init] enter BattleSpace=1 Type=1 ForceSide=2 Delta=0.0166667[32m [repeated 26x across cluster][0m
[36m(SingleAgentEnvRunner pid=66008)[0m [JSB][Init] registry size=1[32m [repeated 26x across cluster][0m
[36m(SingleAgentEnvRunner pid=66008)[0m [JSB][Init] before new AIP_FDMExec[32m [repeated 26x across cluster][0m
[36m(SingleAgentEnvRunner pid=66008)[0m [JSB][Init] after new AIP_FDMExec ptr=00000228915D4500[32m [repeated 26x across cluster][0m
[36m(SingleAgentEnvRunner pid=66008)[0m [JSB][Init] before Init_FDM ptr=00000228915D4500[32m [repeated 26x across cluster][0m
[36m(SingleAgentEnvRunner pid=66008)[0m [JSB][Init] after Init_FDM ptr=00000228915D4B30[32m [repeated 26x across cluster][0m
[36m(SingleAgentEnvRunner pid=66008)[0m [JSB][Init] before Exec_FDM ptr=00000228915D4B30[32m [repeated 26x across cluster][0m
[36m(SingleAgentEnvRunner pid=66008)[0m [JSB][Init] after Exec_FDM ptr=00000228915D4B30[32m [repeated 26x across cluster][0m
[36m(SingleAgentEnvRunner pid=66008)[0m [JSB][Init] before InsertFighter BattleSpace=1 ptr=00000228915D4B30[32m [repeated 26x across cluster][0m
[36m(SingleAgentEnvRunner pid=66008)[0m [JSB][Init] after InsertFighter FighterID=1[32m [repeated 26x across cluster][0m
[36m(SingleAgentEnvRunner pid=66008)[0m runner:7/env:0	num_steps=[228] | total rewards=[669.7475] | termination= [ownship destroyed][32m [repeated 11x across cluster][0m
[36m(SingleAgentEnvRunner pid=47444)[0m runner:4/env:0	num_steps=[240] | total rewards=[1367.1071] | termination= [target destroyed][32m [repeated 2x across cluster][0m
[36m(SingleAgentEnvRunner pid=18256)[0m runner:14/env:0	num_steps=[1978] | total rewards=[-232.9511] | termination= [ownship altitude below min]
[36m(SingleAgentEnvRunner pid=63120)[0m runner:9/env:0	num_steps=[2000] | total rewards=[435.0928] | termination= [max time out]
[36m(SingleAgentEnvRunner pid=61544)[0m [JSB][Reset] enter BattleSpace=1[32m [repeated 23x across cluster][0m
[36m(SingleAgentEnvRunner pid=61544)[0m [JSB][Reset] after lock found=1 size=1[32m [repeated 23x across cluster][0m
[36m(SingleAgentEnvRunner pid=61544)[0m [JSB][Reset] fighter_count_after=0[32m [repeated 46x across cluster][0m
[36m(SingleAgentEnvRunner pid=61544)[0m total: 2[32m [repeated 23x across cluster][0m
[36m(SingleAgentEnvRunner pid=61544)[0m [JSB][Reset] exit after_size=1[32m [repeated 23x across cluster][0m
[36m(SingleAgentEnvRunner pid=61544)[0m [JSB][Init] enter BattleSpace=1 Type=1 ForceSide=2 Delta=0.0166667[32m [repeated 46x across cluster][0m
[36m(SingleAgentEnvRunner pid=61544)[0m [JSB][Init] registry size=1[32m [repeated 46x across cluster][0m
[36m(SingleAgentEnvRunner pid=61544)[0m [JSB][Init] before new AIP_FDMExec[32m [repeated 46x across cluster][0m
[36m(SingleAgentEnvRunner pid=61544)[0m [JSB][Init] after new AIP_FDMExec ptr=000001E40EDBF630[32m [repeated 46x across cluster][0m
[36m(SingleAgentEnvRunner pid=61544)[0m [JSB][Init] before Init_FDM ptr=000001E40EDBF630[32m [repeated 46x across cluster][0m
[36m(SingleAgentEnvRunner pid=61544)[0m [JSB][Init] after Init_FDM ptr=000001E40EDBF630[32m [repeated 47x across cluster][0m
[36m(SingleAgentEnvRunner pid=61544)[0m [JSB][Init] before Exec_FDM ptr=000001E40EDBF630[32m [repeated 47x across cluster][0m
[36m(SingleAgentEnvRunner pid=61544)[0m [JSB][Init] after Exec_FDM ptr=000001E40EDBF630[32m [repeated 47x across cluster][0m
[36m(SingleAgentEnvRunner pid=61544)[0m [JSB][Init] before InsertFighter BattleSpace=1 ptr=000001E40EDBF630[32m [repeated 47x across cluster][0m
[36m(SingleAgentEnvRunner pid=61544)[0m [JSB][Init] after InsertFighter FighterID=2[32m [repeated 47x across cluster][0m
[36m(SingleAgentEnvRunner pid=61544)[0m runner:1/env:0	num_steps=[251] | total rewards=[541.0127] | termination= [ownship destroyed][32m [repeated 16x across cluster][0m
[36m(SingleAgentEnvRunner pid=61920)[0m runner:13/env:0	num_steps=[192] | total rewards=[1338.5517] | termination= [target destroyed][32m [repeated 5x across cluster][0m
stage=35 | iter_in_stage=65 | total_iter=65 | reward_mean=511.38 | win_rate=0.181 | draw_rate=0.337 | crash_rate=0.071 | ep_wez_steps=15.4 | episodes_this_iter=32 | entropy=-3.534 | vf_loss=112.460
[36m(SingleAgentEnvRunner pid=59532)[0m runner:3/env:0	num_steps=[736] | total rewards=[-638.6638] | termination= [ownship altitude below min]
[36m(SingleAgentEnvRunner pid=59532)[0m [JSB][Reset] enter BattleSpace=1[32m [repeated 9x across cluster][0m
[36m(SingleAgentEnvRunner pid=59532)[0m [JSB][Reset] after lock found=1 size=1[32m [repeated 9x across cluster][0m
[36m(SingleAgentEnvRunner pid=59532)[0m [JSB][Reset] fighter_count_after=0[32m [repeated 18x across cluster][0m
[36m(SingleAgentEnvRunner pid=59532)[0m total: 2[32m [repeated 9x across cluster][0m
[36m(SingleAgentEnvRunner pid=59532)[0m [JSB][Reset] exit after_size=1[32m [repeated 9x across cluster][0m
[36m(SingleAgentEnvRunner pid=59532)[0m [JSB][Init] enter BattleSpace=1 Type=1 ForceSide=1 Delta=0.0166667[32m [repeated 17x across cluster][0m
[36m(SingleAgentEnvRunner pid=59532)[0m [JSB][Init] registry size=1[32m [repeated 17x across cluster][0m
[36m(SingleAgentEnvRunner pid=59532)[0m [JSB][Init] before new AIP_FDMExec[32m [repeated 17x across cluster][0m
[36m(SingleAgentEnvRunner pid=59532)[0m [JSB][Init] after new AIP_FDMExec ptr=0000021A349256B0[32m [repeated 17x across cluster][0m
[36m(SingleAgentEnvRunner pid=59532)[0m [JSB][Init] before Init_FDM ptr=0000021A349256B0[32m [repeated 17x across cluster][0m
[36m(SingleAgentEnvRunner pid=18096)[0m [JSB][Init] after Init_FDM ptr=000001A611EBDD50[32m [repeated 16x across cluster][0m
[36m(SingleAgentEnvRunner pid=18096)[0m [JSB][Init] before Exec_FDM ptr=000001A611EBDD50[32m [repeated 16x across cluster][0m
[36m(SingleAgentEnvRunner pid=18096)[0m [JSB][Init] after Exec_FDM ptr=000001A611EBDD50[32m [repeated 16x across cluster][0m
[36m(SingleAgentEnvRunner pid=18096)[0m [JSB][Init] before InsertFighter BattleSpace=1 ptr=000001A611EBDD50[32m [repeated 16x across cluster][0m
[36m(SingleAgentEnvRunner pid=18096)[0m [JSB][Init] after InsertFighter FighterID=2[32m [repeated 16x across cluster][0m
[36m(SingleAgentEnvRunner pid=18096)[0m runner:5/env:0	num_steps=[215] | total rewards=[642.5359] | termination= [ownship destroyed][32m [repeated 6x across cluster][0m
[36m(SingleAgentEnvRunner pid=63120)[0m runner:9/env:0	num_steps=[190] | total rewards=[1373.8000] | termination= [target destroyed][32m [repeated 2x across cluster][0m
[36m(SingleAgentEnvRunner pid=15664)[0m runner:16/env:0	num_steps=[2000] | total rewards=[465.8444] | termination= [max time out]
[36m(SingleAgentEnvRunner pid=57920)[0m [JSB][Reset] enter BattleSpace=1[32m [repeated 20x across cluster][0m
[36m(SingleAgentEnvRunner pid=57920)[0m [JSB][Reset] after lock found=1 size=1[32m [repeated 20x across cluster][0m
[36m(SingleAgentEnvRunner pid=57920)[0m [JSB][Reset] fighter_count_after=0[32m [repeated 40x across cluster][0m
[36m(SingleAgentEnvRunner pid=57920)[0m total: 2[32m [repeated 20x across cluster][0m
[36m(SingleAgentEnvRunner pid=57920)[0m [JSB][Reset] exit after_size=1[32m [repeated 20x across cluster][0m
[36m(SingleAgentEnvRunner pid=57920)[0m [JSB][Init] enter BattleSpace=1 Type=1 ForceSide=2 Delta=0.0166667[32m [repeated 41x across cluster][0m
[36m(SingleAgentEnvRunner pid=57920)[0m [JSB][Init] registry size=1[32m [repeated 41x across cluster][0m
[36m(SingleAgentEnvRunner pid=57920)[0m [JSB][Init] before new AIP_FDMExec[32m [repeated 41x across cluster][0m
[36m(SingleAgentEnvRunner pid=57920)[0m [JSB][Init] after new AIP_FDMExec ptr=0000023011E9C5B0[32m [repeated 41x across cluster][0m
[36m(SingleAgentEnvRunner pid=57920)[0m [JSB][Init] before Init_FDM ptr=0000023011E9C5B0[32m [repeated 41x across cluster][0m
[36m(SingleAgentEnvRunner pid=57920)[0m [JSB][Init] after Init_FDM ptr=0000023011E9C5B0[32m [repeated 42x across cluster][0m
[36m(SingleAgentEnvRunner pid=57920)[0m [JSB][Init] before Exec_FDM ptr=0000023011E9C5B0[32m [repeated 42x across cluster][0m
[36m(SingleAgentEnvRunner pid=57920)[0m [JSB][Init] after Exec_FDM ptr=0000023011E9C5B0[32m [repeated 42x across cluster][0m
[36m(SingleAgentEnvRunner pid=57920)[0m [JSB][Init] before InsertFighter BattleSpace=1 ptr=0000023011E9C5B0[32m [repeated 42x across cluster][0m
[36m(SingleAgentEnvRunner pid=57920)[0m [JSB][Init] after InsertFighter FighterID=2[32m [repeated 42x across cluster][0m
[36m(SingleAgentEnvRunner pid=57920)[0m runner:11/env:0	num_steps=[236] | total rewards=[608.0182] | termination= [ownship destroyed][32m [repeated 18x across cluster][0m
[36m(SingleAgentEnvRunner pid=36412)[0m runner:6/env:0	num_steps=[220] | total rewards=[1439.6762] | termination= [target destroyed]
[36m(SingleAgentEnvRunner pid=15664)[0m runner:16/env:0	num_steps=[489] | total rewards=[1343.7370] | termination= [target destroyed]
stage=35 | iter_in_stage=66 | total_iter=66 | reward_mean=465.97 | win_rate=0.064 | draw_rate=0.356 | crash_rate=0.015 | ep_wez_steps=15.1 | episodes_this_iter=30 | entropy=-3.523 | vf_loss=113.343
[36m(SingleAgentEnvRunner pid=18256)[0m [JSB][Reset] enter BattleSpace=1[32m [repeated 10x across cluster][0m
[36m(SingleAgentEnvRunner pid=18256)[0m [JSB][Reset] after lock found=1 size=1[32m [repeated 10x across cluster][0m
[36m(SingleAgentEnvRunner pid=18256)[0m [JSB][Reset] FighterPtr=000001DE8CC79DB0 fighter_count_before=2[32m [repeated 19x across cluster][0m
[36m(SingleAgentEnvRunner pid=18256)[0m total: 2[32m [repeated 10x across cluster][0m
[36m(SingleAgentEnvRunner pid=59532)[0m [JSB][Reset] exit after_size=1[32m [repeated 9x across cluster][0m
[36m(SingleAgentEnvRunner pid=59532)[0m [JSB][Init] enter BattleSpace=1 Type=1 ForceSide=2 Delta=0.0166667[32m [repeated 18x across cluster][0m
[36m(SingleAgentEnvRunner pid=59532)[0m [JSB][Init] registry size=1[32m [repeated 18x across cluster][0m
[36m(SingleAgentEnvRunner pid=59532)[0m [JSB][Init] before new AIP_FDMExec[32m [repeated 18x across cluster][0m
[36m(SingleAgentEnvRunner pid=59532)[0m [JSB][Init] after new AIP_FDMExec ptr=0000021A349233A0[32m [repeated 18x across cluster][0m
[36m(SingleAgentEnvRunner pid=59532)[0m [JSB][Init] before Init_FDM ptr=0000021A349233A0[32m [repeated 18x across cluster][0m
[36m(SingleAgentEnvRunner pid=59532)[0m [JSB][Init] after Init_FDM ptr=0000021A349233A0[32m [repeated 18x across cluster][0m
[36m(SingleAgentEnvRunner pid=59532)[0m [JSB][Init] before Exec_FDM ptr=0000021A349233A0[32m [repeated 18x across cluster][0m
[36m(SingleAgentEnvRunner pid=59532)[0m [JSB][Init] after Exec_FDM ptr=0000021A349233A0[32m [repeated 18x across cluster][0m
[36m(SingleAgentEnvRunner pid=59532)[0m [JSB][Init] before InsertFighter BattleSpace=1 ptr=0000021A349233A0[32m [repeated 18x across cluster][0m
[36m(SingleAgentEnvRunner pid=59532)[0m [JSB][Init] after InsertFighter FighterID=2[32m [repeated 18x across cluster][0m
[36m(SingleAgentEnvRunner pid=59532)[0m runner:3/env:0	num_steps=[245] | total rewards=[665.0755] | termination= [ownship destroyed][32m [repeated 8x across cluster][0m
[36m(SingleAgentEnvRunner pid=61544)[0m runner:1/env:0	num_steps=[791] | total rewards=[-657.7143] | termination= [ownship altitude below min]
[36m(SingleAgentEnvRunner pid=18256)[0m runner:14/env:0	num_steps=[478] | total rewards=[1306.4451] | termination= [target destroyed]
[36m(SingleAgentEnvRunner pid=18096)[0m runner:5/env:0	num_steps=[226] | total rewards=[1404.7823] | termination= [target destroyed]
[36m(SingleAgentEnvRunner pid=61920)[0m runner:13/env:0	num_steps=[2000] | total rewards=[759.9255] | termination= [max time out]
[36m(SingleAgentEnvRunner pid=61920)[0m [JSB][Reset] enter BattleSpace=1[32m [repeated 20x across cluster][0m
[36m(SingleAgentEnvRunner pid=61920)[0m [JSB][Reset] after lock found=1 size=1[32m [repeated 20x across cluster][0m
[36m(SingleAgentEnvRunner pid=61920)[0m [JSB][Reset] fighter_count_after=0[32m [repeated 41x across cluster][0m
[36m(SingleAgentEnvRunner pid=61920)[0m total: 2[32m [repeated 20x across cluster][0m
[36m(SingleAgentEnvRunner pid=61920)[0m [JSB][Reset] exit after_size=1[32m [repeated 21x across cluster][0m
[36m(SingleAgentEnvRunner pid=61920)[0m [JSB][Init] enter BattleSpace=1 Type=1 ForceSide=2 Delta=0.0166667[32m [repeated 42x across cluster][0m
[36m(SingleAgentEnvRunner pid=61920)[0m [JSB][Init] registry size=1[32m [repeated 42x across cluster][0m
[36m(SingleAgentEnvRunner pid=61920)[0m [JSB][Init] before new AIP_FDMExec[32m [repeated 42x across cluster][0m
[36m(SingleAgentEnvRunner pid=61920)[0m [JSB][Init] after new AIP_FDMExec ptr=0000014B93B1C030[32m [repeated 42x across cluster][0m
[36m(SingleAgentEnvRunner pid=61920)[0m [JSB][Init] before Init_FDM ptr=0000014B93B1C030[32m [repeated 42x across cluster][0m
[36m(SingleAgentEnvRunner pid=61920)[0m [JSB][Init] after Init_FDM ptr=0000014B93B1C030[32m [repeated 42x across cluster][0m
[36m(SingleAgentEnvRunner pid=61920)[0m [JSB][Init] before Exec_FDM ptr=0000014B93B1C030[32m [repeated 42x across cluster][0m
[36m(SingleAgentEnvRunner pid=61920)[0m [JSB][Init] after Exec_FDM ptr=0000014B93B1C030[32m [repeated 42x across cluster][0m
[36m(SingleAgentEnvRunner pid=61920)[0m [JSB][Init] before InsertFighter BattleSpace=1 ptr=0000014B93B1C030[32m [repeated 42x across cluster][0m
[36m(SingleAgentEnvRunner pid=61920)[0m [JSB][Init] after InsertFighter FighterID=2[32m [repeated 42x across cluster][0m
[36m(SingleAgentEnvRunner pid=18096)[0m runner:5/env:0	num_steps=[223] | total rewards=[669.2418] | termination= [ownship destroyed][32m [repeated 10x across cluster][0m
[36m(SingleAgentEnvRunner pid=39980)[0m runner:2/env:0	num_steps=[1550] | total rewards=[-591.9627] | termination= [ownship altitude below min][32m [repeated 3x across cluster][0m
[36m(SingleAgentEnvRunner pid=61544)[0m runner:1/env:0	num_steps=[202] | total rewards=[1405.5715] | termination= [target destroyed][32m [repeated 6x across cluster][0m
stage=35 | iter_in_stage=67 | total_iter=67 | reward_mean=557.03 | win_rate=0.200 | draw_rate=0.467 | crash_rate=0.117 | ep_wez_steps=20.4 | episodes_this_iter=36 | entropy=-3.536 | vf_loss=173.660
[36m(SingleAgentEnvRunner pid=18096)[0m [JSB][Reset] enter BattleSpace=1[32m [repeated 16x across cluster][0m
[36m(SingleAgentEnvRunner pid=18096)[0m [JSB][Reset] after lock found=1 size=1[32m [repeated 16x across cluster][0m
[36m(SingleAgentEnvRunner pid=18096)[0m [JSB][Reset] fighter_count_after=0[32m [repeated 32x across cluster][0m
[36m(SingleAgentEnvRunner pid=18096)[0m total: 2[32m [repeated 16x across cluster][0m
[36m(SingleAgentEnvRunner pid=18096)[0m [JSB][Reset] exit after_size=1[32m [repeated 16x across cluster][0m
[36m(SingleAgentEnvRunner pid=18096)[0m [JSB][Init] enter BattleSpace=1 Type=1 ForceSide=2 Delta=0.0166667[32m [repeated 32x across cluster][0m
[36m(SingleAgentEnvRunner pid=18096)[0m [JSB][Init] registry size=1[32m [repeated 32x across cluster][0m
[36m(SingleAgentEnvRunner pid=18096)[0m [JSB][Init] before new AIP_FDMExec[32m [repeated 32x across cluster][0m
[36m(SingleAgentEnvRunner pid=18096)[0m [JSB][Init] after new AIP_FDMExec ptr=000001A611E97350[32m [repeated 32x across cluster][0m
[36m(SingleAgentEnvRunner pid=18096)[0m [JSB][Init] before Init_FDM ptr=000001A611E97350[32m [repeated 32x across cluster][0m
[36m(SingleAgentEnvRunner pid=18096)[0m [JSB][Init] after Init_FDM ptr=000001A611E94E30[32m [repeated 31x across cluster][0m
[36m(SingleAgentEnvRunner pid=18096)[0m [JSB][Init] before Exec_FDM ptr=000001A611E94E30[32m [repeated 31x across cluster][0m
[36m(SingleAgentEnvRunner pid=18096)[0m [JSB][Init] after Exec_FDM ptr=000001A611E94E30[32m [repeated 31x across cluster][0m
[36m(SingleAgentEnvRunner pid=18096)[0m [JSB][Init] before InsertFighter BattleSpace=1 ptr=000001A611E94E30[32m [repeated 31x across cluster][0m
[36m(SingleAgentEnvRunner pid=18096)[0m [JSB][Init] after InsertFighter FighterID=1[32m [repeated 31x across cluster][0m
[36m(SingleAgentEnvRunner pid=18096)[0m runner:5/env:0	num_steps=[245] | total rewards=[507.6036] | termination= [ownship destroyed][32m [repeated 13x across cluster][0m
[36m(SingleAgentEnvRunner pid=18256)[0m runner:14/env:0	num_steps=[617] | total rewards=[-315.5273] | termination= [ownship altitude below min]
[36m(SingleAgentEnvRunner pid=18096)[0m runner:5/env:0	num_steps=[231] | total rewards=[1403.9489] | termination= [target destroyed][32m [repeated 2x across cluster][0m
[36m(SingleAgentEnvRunner pid=15664)[0m [JSB][Reset] enter BattleSpace=1[32m [repeated 15x across cluster][0m
[36m(SingleAgentEnvRunner pid=15664)[0m [JSB][Reset] after lock found=1 size=1[32m [repeated 15x across cluster][0m
[36m(SingleAgentEnvRunner pid=15664)[0m [JSB][Reset] fighter_count_after=0[32m [repeated 30x across cluster][0m
[36m(SingleAgentEnvRunner pid=15664)[0m total: 2[32m [repeated 15x across cluster][0m
[36m(SingleAgentEnvRunner pid=15664)[0m [JSB][Reset] exit after_size=1[32m [repeated 15x across cluster][0m
[36m(SingleAgentEnvRunner pid=15664)[0m [JSB][Init] enter BattleSpace=1 Type=1 ForceSide=1 Delta=0.0166667[32m [repeated 29x across cluster][0m
[36m(SingleAgentEnvRunner pid=15664)[0m [JSB][Init] registry size=1[32m [repeated 29x across cluster][0m
[36m(SingleAgentEnvRunner pid=15664)[0m [JSB][Init] before new AIP_FDMExec[32m [repeated 29x across cluster][0m
[36m(SingleAgentEnvRunner pid=15664)[0m [JSB][Init] after new AIP_FDMExec ptr=000002E493338F90[32m [repeated 29x across cluster][0m
[36m(SingleAgentEnvRunner pid=15664)[0m [JSB][Init] before Init_FDM ptr=000002E493338F90[32m [repeated 29x across cluster][0m
[36m(SingleAgentEnvRunner pid=18256)[0m [JSB][Init] after Init_FDM ptr=000001DE93353500[32m [repeated 29x across cluster][0m
[36m(SingleAgentEnvRunner pid=18256)[0m [JSB][Init] before Exec_FDM ptr=000001DE93353500[32m [repeated 29x across cluster][0m
[36m(SingleAgentEnvRunner pid=18256)[0m [JSB][Init] after Exec_FDM ptr=000001DE93353500[32m [repeated 29x across cluster][0m
[36m(SingleAgentEnvRunner pid=18256)[0m [JSB][Init] before InsertFighter BattleSpace=1 ptr=000001DE93353500[32m [repeated 29x across cluster][0m
[36m(SingleAgentEnvRunner pid=18256)[0m [JSB][Init] after InsertFighter FighterID=2[32m [repeated 29x across cluster][0m
[36m(SingleAgentEnvRunner pid=15664)[0m runner:16/env:0	num_steps=[755] | total rewards=[105.9765] | termination= [ownship destroyed][32m [repeated 8x across cluster][0m
[36m(SingleAgentEnvRunner pid=61920)[0m runner:13/env:0	num_steps=[1199] | total rewards=[-74.1283] | termination= [ownship altitude below min]
[36m(SingleAgentEnvRunner pid=61016)[0m runner:15/env:0	num_steps=[2000] | total rewards=[515.3464] | termination= [max time out]
[36m(SingleAgentEnvRunner pid=18256)[0m runner:14/env:0	num_steps=[276] | total rewards=[1342.0717] | termination= [target destroyed][32m [repeated 5x across cluster][0m
stage=35 | iter_in_stage=68 | total_iter=68 | reward_mean=779.95 | win_rate=0.346 | draw_rate=0.346 | crash_rate=0.038 | ep_wez_steps=23.3 | episodes_this_iter=22 | entropy=-3.583 | vf_loss=89.609
[36m(SingleAgentEnvRunner pid=63120)[0m [JSB][Reset] enter BattleSpace=1[32m [repeated 7x across cluster][0m
[36m(SingleAgentEnvRunner pid=63120)[0m [JSB][Reset] after lock found=1 size=1[32m [repeated 7x across cluster][0m
[36m(SingleAgentEnvRunner pid=63120)[0m [JSB][Reset] fighter_count_after=0[32m [repeated 14x across cluster][0m
[36m(SingleAgentEnvRunner pid=63120)[0m total: 2[32m [repeated 7x across cluster][0m
[36m(SingleAgentEnvRunner pid=63120)[0m [JSB][Reset] exit after_size=1[32m [repeated 7x across cluster][0m
[36m(SingleAgentEnvRunner pid=63120)[0m [JSB][Init] enter BattleSpace=1 Type=1 ForceSide=2 Delta=0.0166667[32m [repeated 15x across cluster][0m
[36m(SingleAgentEnvRunner pid=63120)[0m [JSB][Init] registry size=1[32m [repeated 15x across cluster][0m
[36m(SingleAgentEnvRunner pid=63120)[0m [JSB][Init] before new AIP_FDMExec[32m [repeated 15x across cluster][0m
[36m(SingleAgentEnvRunner pid=63120)[0m [JSB][Init] after new AIP_FDMExec ptr=0000017C11D6B030[32m [repeated 15x across cluster][0m
[36m(SingleAgentEnvRunner pid=63120)[0m [JSB][Init] before Init_FDM ptr=0000017C11D6B030[32m [repeated 15x across cluster][0m
[36m(SingleAgentEnvRunner pid=63120)[0m [JSB][Init] after Init_FDM ptr=0000017C11D6A5E0[32m [repeated 15x across cluster][0m
[36m(SingleAgentEnvRunner pid=63120)[0m [JSB][Init] before Exec_FDM ptr=0000017C11D6A5E0[32m [repeated 15x across cluster][0m
[36m(SingleAgentEnvRunner pid=63120)[0m [JSB][Init] after Exec_FDM ptr=0000017C11D6A5E0[32m [repeated 15x across cluster][0m
[36m(SingleAgentEnvRunner pid=63120)[0m [JSB][Init] before InsertFighter BattleSpace=1 ptr=0000017C11D6A5E0[32m [repeated 15x across cluster][0m
[36m(SingleAgentEnvRunner pid=63120)[0m [JSB][Init] after InsertFighter FighterID=1[32m [repeated 15x across cluster][0m
[36m(SingleAgentEnvRunner pid=63120)[0m runner:9/env:0	num_steps=[875] | total rewards=[125.9616] | termination= [ownship destroyed][32m [repeated 3x across cluster][0m
[36m(SingleAgentEnvRunner pid=47444)[0m runner:4/env:0	num_steps=[1883] | total rewards=[-595.7303] | termination= [ownship altitude below min]
[36m(SingleAgentEnvRunner pid=61920)[0m runner:13/env:0	num_steps=[239] | total rewards=[1403.8820] | termination= [target destroyed][32m [repeated 2x across cluster][0m
[36m(SingleAgentEnvRunner pid=18096)[0m [JSB][Reset] enter BattleSpace=1[32m [repeated 19x across cluster][0m
[36m(SingleAgentEnvRunner pid=18096)[0m [JSB][Reset] after lock found=1 size=1[32m [repeated 19x across cluster][0m
[36m(SingleAgentEnvRunner pid=18096)[0m [JSB][Reset] fighter_count_after=0[32m [repeated 38x across cluster][0m
[36m(SingleAgentEnvRunner pid=18096)[0m total: 2[32m [repeated 19x across cluster][0m
[36m(SingleAgentEnvRunner pid=18096)[0m [JSB][Reset] exit after_size=1[32m [repeated 19x across cluster][0m
[36m(SingleAgentEnvRunner pid=18096)[0m [JSB][Init] enter BattleSpace=1 Type=1 ForceSide=1 Delta=0.0166667[32m [repeated 37x across cluster][0m
[36m(SingleAgentEnvRunner pid=18096)[0m [JSB][Init] registry size=1[32m [repeated 37x across cluster][0m
[36m(SingleAgentEnvRunner pid=18096)[0m [JSB][Init] before new AIP_FDMExec[32m [repeated 37x across cluster][0m
[36m(SingleAgentEnvRunner pid=18096)[0m [JSB][Init] after new AIP_FDMExec ptr=000001A611E8FDC0[32m [repeated 37x across cluster][0m
[36m(SingleAgentEnvRunner pid=18096)[0m [JSB][Init] before Init_FDM ptr=000001A611E8FDC0[32m [repeated 37x across cluster][0m
[36m(SingleAgentEnvRunner pid=61016)[0m [JSB][Init] after Init_FDM ptr=0000022611CA58E0[32m [repeated 37x across cluster][0m
[36m(SingleAgentEnvRunner pid=61016)[0m [JSB][Init] before Exec_FDM ptr=0000022611CA58E0[32m [repeated 37x across cluster][0m
[36m(SingleAgentEnvRunner pid=61016)[0m [JSB][Init] after Exec_FDM ptr=0000022611CA58E0[32m [repeated 37x across cluster][0m
[36m(SingleAgentEnvRunner pid=61016)[0m [JSB][Init] before InsertFighter BattleSpace=1 ptr=0000022611CA58E0[32m [repeated 37x across cluster][0m
[36m(SingleAgentEnvRunner pid=61016)[0m [JSB][Init] after InsertFighter FighterID=2[32m [repeated 37x across cluster][0m
[36m(SingleAgentEnvRunner pid=18096)[0m runner:5/env:0	num_steps=[206] | total rewards=[632.6705] | termination= [ownship destroyed][32m [repeated 15x across cluster][0m
[36m(SingleAgentEnvRunner pid=15664)[0m runner:16/env:0	num_steps=[738] | total rewards=[296.1012] | termination= [target altitude below min]
[36m(SingleAgentEnvRunner pid=61016)[0m runner:15/env:0	num_steps=[196] | total rewards=[1400.7868] | termination= [target destroyed][32m [repeated 4x across cluster][0m
[36m(SingleAgentEnvRunner pid=52932)[0m runner:10/env:0	num_steps=[2000] | total rewards=[652.4193] | termination= [max time out]
[36m(SingleAgentEnvRunner pid=36412)[0m runner:6/env:0	num_steps=[1260] | total rewards=[-606.1054] | termination= [ownship altitude below min]
stage=35 | iter_in_stage=69 | total_iter=69 | reward_mean=591.94 | win_rate=0.269 | draw_rate=0.282 | crash_rate=0.115 | ep_wez_steps=19.5 | episodes_this_iter=28 | entropy=-3.581 | vf_loss=147.671
[36m(SingleAgentEnvRunner pid=63120)[0m [JSB][Reset] enter BattleSpace=1[32m [repeated 9x across cluster][0m
[36m(SingleAgentEnvRunner pid=63120)[0m [JSB][Reset] after lock found=1 size=1[32m [repeated 9x across cluster][0m
[36m(SingleAgentEnvRunner pid=63120)[0m [JSB][Reset] fighter_count_after=0[32m [repeated 18x across cluster][0m
[36m(SingleAgentEnvRunner pid=63120)[0m total: 2[32m [repeated 9x across cluster][0m
[36m(SingleAgentEnvRunner pid=63120)[0m [JSB][Reset] exit after_size=1[32m [repeated 9x across cluster][0m
[36m(SingleAgentEnvRunner pid=63120)[0m [JSB][Init] enter BattleSpace=1 Type=1 ForceSide=1 Delta=0.0166667[32m [repeated 18x across cluster][0m
[36m(SingleAgentEnvRunner pid=63120)[0m [JSB][Init] registry size=1[32m [repeated 18x across cluster][0m
[36m(SingleAgentEnvRunner pid=63120)[0m [JSB][Init] before new AIP_FDMExec[32m [repeated 18x across cluster][0m
[36m(SingleAgentEnvRunner pid=63120)[0m [JSB][Init] after new AIP_FDMExec ptr=0000017C11D6B660[32m [repeated 18x across cluster][0m
[36m(SingleAgentEnvRunner pid=63120)[0m [JSB][Init] before Init_FDM ptr=0000017C11D6B660[32m [repeated 18x across cluster][0m
[36m(SingleAgentEnvRunner pid=39980)[0m [JSB][Init] after Init_FDM ptr=0000025913952BA0[32m [repeated 18x across cluster][0m
[36m(SingleAgentEnvRunner pid=39980)[0m [JSB][Init] before Exec_FDM ptr=0000025913952BA0[32m [repeated 18x across cluster][0m
[36m(SingleAgentEnvRunner pid=39980)[0m [JSB][Init] after Exec_FDM ptr=0000025913952BA0[32m [repeated 18x across cluster][0m
[36m(SingleAgentEnvRunner pid=39980)[0m [JSB][Init] before InsertFighter BattleSpace=1 ptr=0000025913952BA0[32m [repeated 18x across cluster][0m
[36m(SingleAgentEnvRunner pid=39980)[0m [JSB][Init] after InsertFighter FighterID=2[32m [repeated 18x across cluster][0m
[36m(SingleAgentEnvRunner pid=66008)[0m runner:7/env:0	num_steps=[778] | total rewards=[497.5735] | termination= [ownship destroyed][32m [repeated 2x across cluster][0m
[36m(SingleAgentEnvRunner pid=63120)[0m runner:9/env:0	num_steps=[819] | total rewards=[579.4228] | termination= [target altitude below min]
[36m(SingleAgentEnvRunner pid=59532)[0m runner:3/env:0	num_steps=[682] | total rewards=[1649.4000] | termination= [target destroyed][32m [repeated 3x across cluster][0m
[36m(SingleAgentEnvRunner pid=51724)[0m runner:12/env:0	num_steps=[2000] | total rewards=[245.4480] | termination= [max time out][32m [repeated 2x across cluster][0m
[36m(SingleAgentEnvRunner pid=61016)[0m runner:15/env:0	num_steps=[379] | total rewards=[-560.8592] | termination= [ownship altitude below min][32m [repeated 2x across cluster][0m
[36m(SingleAgentEnvRunner pid=36412)[0m [JSB][Reset] enter BattleSpace=1[32m [repeated 19x across cluster][0m
[36m(SingleAgentEnvRunner pid=36412)[0m [JSB][Reset] after lock found=1 size=1[32m [repeated 19x across cluster][0m
[36m(SingleAgentEnvRunner pid=36412)[0m [JSB][Reset] fighter_count_after=0[32m [repeated 38x across cluster][0m
[36m(SingleAgentEnvRunner pid=36412)[0m total: 2[32m [repeated 19x across cluster][0m
[36m(SingleAgentEnvRunner pid=36412)[0m [JSB][Reset] exit after_size=1[32m [repeated 19x across cluster][0m
[36m(SingleAgentEnvRunner pid=36412)[0m [JSB][Init] enter BattleSpace=1 Type=1 ForceSide=1 Delta=0.0166667[32m [repeated 38x across cluster][0m
[36m(SingleAgentEnvRunner pid=36412)[0m [JSB][Init] registry size=1[32m [repeated 38x across cluster][0m
[36m(SingleAgentEnvRunner pid=36412)[0m [JSB][Init] before new AIP_FDMExec[32m [repeated 38x across cluster][0m
[36m(SingleAgentEnvRunner pid=36412)[0m [JSB][Init] after new AIP_FDMExec ptr=0000023033A7BCA0[32m [repeated 38x across cluster][0m
[36m(SingleAgentEnvRunner pid=36412)[0m [JSB][Init] before Init_FDM ptr=0000023033A7BCA0[32m [repeated 38x across cluster][0m
[36m(SingleAgentEnvRunner pid=58040)[0m [JSB][Init] after Init_FDM ptr=00000232122CD730[32m [repeated 38x across cluster][0m
[36m(SingleAgentEnvRunner pid=58040)[0m [JSB][Init] before Exec_FDM ptr=00000232122CD730[32m [repeated 38x across cluster][0m
[36m(SingleAgentEnvRunner pid=58040)[0m [JSB][Init] after Exec_FDM ptr=00000232122CD730[32m [repeated 38x across cluster][0m
[36m(SingleAgentEnvRunner pid=58040)[0m [JSB][Init] before InsertFighter BattleSpace=1 ptr=00000232122CD730[32m [repeated 38x across cluster][0m
[36m(SingleAgentEnvRunner pid=58040)[0m [JSB][Init] after InsertFighter FighterID=2[32m [repeated 38x across cluster][0m
[36m(SingleAgentEnvRunner pid=36412)[0m runner:6/env:0	num_steps=[228] | total rewards=[634.9835] | termination= [ownship destroyed][32m [repeated 8x across cluster][0m
[36m(SingleAgentEnvRunner pid=66008)[0m runner:7/env:0	num_steps=[722] | total rewards=[26.2884] | termination= [target altitude below min]
[36m(SingleAgentEnvRunner pid=52932)[0m runner:10/env:0	num_steps=[406] | total rewards=[1303.5329] | termination= [target destroyed][32m [repeated 6x across cluster][0m
[36m(SingleAgentEnvRunner pid=59532)[0m runner:3/env:0	num_steps=[738] | total rewards=[-515.0586] | termination= [ownship altitude below min][32m [repeated 2x across cluster][0m
[36m(SingleAgentEnvRunner pid=61920)[0m runner:13/env:0	num_steps=[2000] | total rewards=[137.3296] | termination= [max time out]
stage=35 | iter_in_stage=70 | total_iter=70 | reward_mean=553.75 | win_rate=0.304 | draw_rate=0.238 | crash_rate=0.113 | ep_wez_steps=16.9 | episodes_this_iter=30 | entropy=-3.570 | vf_loss=137.629
[36m(SingleAgentEnvRunner pid=59532)[0m [JSB][Reset] enter BattleSpace=1[32m [repeated 11x across cluster][0m
[36m(SingleAgentEnvRunner pid=59532)[0m [JSB][Reset] after lock found=1 size=1[32m [repeated 11x across cluster][0m
[36m(SingleAgentEnvRunner pid=59532)[0m [JSB][Reset] fighter_count_after=0[32m [repeated 22x across cluster][0m
[36m(SingleAgentEnvRunner pid=59532)[0m total: 2[32m [repeated 11x across cluster][0m
[36m(SingleAgentEnvRunner pid=59532)[0m [JSB][Reset] exit after_size=1[32m [repeated 11x across cluster][0m
[36m(SingleAgentEnvRunner pid=59532)[0m [JSB][Init] enter BattleSpace=1 Type=1 ForceSide=1 Delta=0.0166667[32m [repeated 22x across cluster][0m
[36m(SingleAgentEnvRunner pid=59532)[0m [JSB][Init] registry size=1[32m [repeated 22x across cluster][0m
[36m(SingleAgentEnvRunner pid=59532)[0m [JSB][Init] before new AIP_FDMExec[32m [repeated 22x across cluster][0m
[36m(SingleAgentEnvRunner pid=59532)[0m [JSB][Init] after new AIP_FDMExec ptr=0000021A34E82ED0[32m [repeated 22x across cluster][0m
[36m(SingleAgentEnvRunner pid=59532)[0m [JSB][Init] before Init_FDM ptr=0000021A34E82ED0[32m [repeated 22x across cluster][0m
[36m(SingleAgentEnvRunner pid=61544)[0m [JSB][Init] after Init_FDM ptr=000001E411D49790[32m [repeated 22x across cluster][0m
[36m(SingleAgentEnvRunner pid=61544)[0m [JSB][Init] before Exec_FDM ptr=000001E411D49790[32m [repeated 22x across cluster][0m
[36m(SingleAgentEnvRunner pid=61544)[0m [JSB][Init] after Exec_FDM ptr=000001E411D49790[32m [repeated 22x across cluster][0m
[36m(SingleAgentEnvRunner pid=61544)[0m [JSB][Init] before InsertFighter BattleSpace=1 ptr=000001E411D49790[32m [repeated 22x across cluster][0m
[36m(SingleAgentEnvRunner pid=61544)[0m [JSB][Init] after InsertFighter FighterID=2[32m [repeated 22x across cluster][0m
[36m(SingleAgentEnvRunner pid=59532)[0m runner:3/env:0	num_steps=[226] | total rewards=[621.9637] | termination= [ownship destroyed][32m [repeated 6x across cluster][0m
[36m(SingleAgentEnvRunner pid=61544)[0m runner:1/env:0	num_steps=[900] | total rewards=[1595.4342] | termination= [target destroyed]
[36m(SingleAgentEnvRunner pid=51724)[0m runner:12/env:0	num_steps=[276] | total rewards=[1311.6519] | termination= [target destroyed]
[36m(SingleAgentEnvRunner pid=47444)[0m runner:4/env:0	num_steps=[709] | total rewards=[-996.4547] | termination= [ownship altitude below min]
[36m(SingleAgentEnvRunner pid=63120)[0m [JSB][Reset] enter BattleSpace=1[32m [repeated 18x across cluster][0m
[36m(SingleAgentEnvRunner pid=63120)[0m [JSB][Reset] after lock found=1 size=1[32m [repeated 18x across cluster][0m
[36m(SingleAgentEnvRunner pid=63120)[0m [JSB][Reset] fighter_count_after=0[32m [repeated 36x across cluster][0m
[36m(SingleAgentEnvRunner pid=63120)[0m total: 2[32m [repeated 18x across cluster][0m
[36m(SingleAgentEnvRunner pid=63120)[0m [JSB][Reset] exit after_size=1[32m [repeated 18x across cluster][0m
[36m(SingleAgentEnvRunner pid=63120)[0m [JSB][Init] enter BattleSpace=1 Type=1 ForceSide=2 Delta=0.0166667[32m [repeated 37x across cluster][0m
[36m(SingleAgentEnvRunner pid=63120)[0m [JSB][Init] registry size=1[32m [repeated 37x across cluster][0m
[36m(SingleAgentEnvRunner pid=63120)[0m [JSB][Init] before new AIP_FDMExec[32m [repeated 37x across cluster][0m
[36m(SingleAgentEnvRunner pid=63120)[0m [JSB][Init] after new AIP_FDMExec ptr=0000017C11D6B450[32m [repeated 37x across cluster][0m
[36m(SingleAgentEnvRunner pid=63120)[0m [JSB][Init] before Init_FDM ptr=0000017C11D6B450[32m [repeated 37x across cluster][0m
[36m(SingleAgentEnvRunner pid=63120)[0m [JSB][Init] after Init_FDM ptr=0000017C11D6B240[32m [repeated 37x across cluster][0m
[36m(SingleAgentEnvRunner pid=63120)[0m [JSB][Init] before Exec_FDM ptr=0000017C11D6B240[32m [repeated 37x across cluster][0m
[36m(SingleAgentEnvRunner pid=63120)[0m [JSB][Init] after Exec_FDM ptr=0000017C11D6B240[32m [repeated 37x across cluster][0m
[36m(SingleAgentEnvRunner pid=63120)[0m [JSB][Init] before InsertFighter BattleSpace=1 ptr=0000017C11D6B240[32m [repeated 37x across cluster][0m
[36m(SingleAgentEnvRunner pid=63120)[0m [JSB][Init] after InsertFighter FighterID=1[32m [repeated 37x across cluster][0m
[36m(SingleAgentEnvRunner pid=36412)[0m runner:6/env:0	num_steps=[168] | total rewards=[263.8646] | termination= [ownship destroyed][32m [repeated 10x across cluster][0m
[36m(SingleAgentEnvRunner pid=36412)[0m runner:6/env:0	num_steps=[191] | total rewards=[1293.8339] | termination= [target destroyed][32m [repeated 7x across cluster][0m
[36m(SingleAgentEnvRunner pid=57920)[0m runner:11/env:0	num_steps=[611] | total rewards=[-457.6264] | termination= [ownship altitude below min]
stage=35 | iter_in_stage=71 | total_iter=71 | reward_mean=612.39 | win_rate=0.232 | draw_rate=0.286 | crash_rate=0.071 | ep_wez_steps=19.9 | episodes_this_iter=30 | entropy=-3.568 | vf_loss=143.936
[36m(SingleAgentEnvRunner pid=18256)[0m [JSB][Reset] enter BattleSpace=1[32m [repeated 12x across cluster][0m
[36m(SingleAgentEnvRunner pid=18256)[0m [JSB][Reset] after lock found=1 size=1[32m [repeated 12x across cluster][0m
[36m(SingleAgentEnvRunner pid=18256)[0m [JSB][Reset] fighter_count_after=0[32m [repeated 24x across cluster][0m
[36m(SingleAgentEnvRunner pid=18256)[0m total: 2[32m [repeated 12x across cluster][0m
[36m(SingleAgentEnvRunner pid=18256)[0m [JSB][Reset] exit after_size=1[32m [repeated 12x across cluster][0m
[36m(SingleAgentEnvRunner pid=18256)[0m [JSB][Init] enter BattleSpace=1 Type=1 ForceSide=2 Delta=0.0166667[32m [repeated 24x across cluster][0m
[36m(SingleAgentEnvRunner pid=18256)[0m [JSB][Init] registry size=1[32m [repeated 24x across cluster][0m
[36m(SingleAgentEnvRunner pid=18256)[0m [JSB][Init] before new AIP_FDMExec[32m [repeated 24x across cluster][0m
[36m(SingleAgentEnvRunner pid=18256)[0m [JSB][Init] after new AIP_FDMExec ptr=000001DE93352270[32m [repeated 24x across cluster][0m
[36m(SingleAgentEnvRunner pid=18256)[0m [JSB][Init] before Init_FDM ptr=000001DE93352270[32m [repeated 24x across cluster][0m
[36m(SingleAgentEnvRunner pid=18256)[0m [JSB][Init] after Init_FDM ptr=000001DE93353710[32m [repeated 24x across cluster][0m
[36m(SingleAgentEnvRunner pid=18256)[0m [JSB][Init] before Exec_FDM ptr=000001DE93353710[32m [repeated 24x across cluster][0m
[36m(SingleAgentEnvRunner pid=18256)[0m [JSB][Init] after Exec_FDM ptr=000001DE93353710[32m [repeated 24x across cluster][0m
[36m(SingleAgentEnvRunner pid=18256)[0m [JSB][Init] before InsertFighter BattleSpace=1 ptr=000001DE93353710[32m [repeated 24x across cluster][0m
[36m(SingleAgentEnvRunner pid=18256)[0m [JSB][Init] after InsertFighter FighterID=1[32m [repeated 24x across cluster][0m
[36m(SingleAgentEnvRunner pid=18256)[0m runner:14/env:0	num_steps=[232] | total rewards=[621.5384] | termination= [ownship destroyed][32m [repeated 10x across cluster][0m
[36m(SingleAgentEnvRunner pid=66008)[0m runner:7/env:0	num_steps=[1082] | total rewards=[1332.6703] | termination= [target destroyed]
[36m(SingleAgentEnvRunner pid=39980)[0m runner:2/env:0	num_steps=[2000] | total rewards=[209.2413] | termination= [max time out]
[36m(SingleAgentEnvRunner pid=59532)[0m runner:3/env:0	num_steps=[947] | total rewards=[-473.5524] | termination= [ownship altitude below min]
[36m(SingleAgentEnvRunner pid=51724)[0m runner:12/env:0	num_steps=[411] | total rewards=[1300.9567] | termination= [target destroyed]
[36m(SingleAgentEnvRunner pid=15664)[0m runner:16/env:0	num_steps=[518] | total rewards=[-23.0254] | termination= [target altitude below min]
[36m(SingleAgentEnvRunner pid=57920)[0m [JSB][Reset] enter BattleSpace=1[32m [repeated 21x across cluster][0m
[36m(SingleAgentEnvRunner pid=57920)[0m [JSB][Reset] after lock found=1 size=1[32m [repeated 21x across cluster][0m
[36m(SingleAgentEnvRunner pid=57920)[0m [JSB][Reset] fighter_count_after=0[32m [repeated 42x across cluster][0m
[36m(SingleAgentEnvRunner pid=57920)[0m total: 2[32m [repeated 21x across cluster][0m
[36m(SingleAgentEnvRunner pid=57920)[0m [JSB][Reset] exit after_size=1[32m [repeated 21x across cluster][0m
[36m(SingleAgentEnvRunner pid=59532)[0m [JSB][Init] enter BattleSpace=1 Type=1 ForceSide=2 Delta=0.0166667[32m [repeated 40x across cluster][0m
[36m(SingleAgentEnvRunner pid=59532)[0m [JSB][Init] registry size=1[32m [repeated 40x across cluster][0m
[36m(SingleAgentEnvRunner pid=59532)[0m [JSB][Init] before new AIP_FDMExec[32m [repeated 40x across cluster][0m
[36m(SingleAgentEnvRunner pid=59532)[0m [JSB][Init] after new AIP_FDMExec ptr=0000021A32ABE030[32m [repeated 40x across cluster][0m
[36m(SingleAgentEnvRunner pid=59532)[0m [JSB][Init] before Init_FDM ptr=0000021A32ABE030[32m [repeated 40x across cluster][0m
[36m(SingleAgentEnvRunner pid=59532)[0m [JSB][Init] after Init_FDM ptr=0000021A32ABE030[32m [repeated 41x across cluster][0m
[36m(SingleAgentEnvRunner pid=59532)[0m [JSB][Init] before Exec_FDM ptr=0000021A32ABE030[32m [repeated 41x across cluster][0m
[36m(SingleAgentEnvRunner pid=59532)[0m [JSB][Init] after Exec_FDM ptr=0000021A32ABE030[32m [repeated 41x across cluster][0m
[36m(SingleAgentEnvRunner pid=59532)[0m [JSB][Init] before InsertFighter BattleSpace=1 ptr=0000021A32ABE030[32m [repeated 41x across cluster][0m
[36m(SingleAgentEnvRunner pid=59532)[0m [JSB][Init] after InsertFighter FighterID=2[32m [repeated 41x across cluster][0m
[36m(SingleAgentEnvRunner pid=57920)[0m runner:11/env:0	num_steps=[976] | total rewards=[135.2052] | termination= [ownship destroyed][32m [repeated 15x across cluster][0m
[36m(SingleAgentEnvRunner pid=66008)[0m runner:7/env:0	num_steps=[834] | total rewards=[-707.0985] | termination= [ownship altitude below min][32m [repeated 2x across cluster][0m
stage=35 | iter_in_stage=72 | total_iter=72 | reward_mean=388.18 | win_rate=0.107 | draw_rate=0.375 | crash_rate=0.107 | ep_wez_steps=15.0 | episodes_this_iter=29 | entropy=-3.582 | vf_loss=228.593
[36m(SingleAgentEnvRunner pid=18096)[0m runner:5/env:0	num_steps=[255] | total rewards=[1290.4061] | termination= [target destroyed]
[36m(SingleAgentEnvRunner pid=58040)[0m [JSB][Reset] enter BattleSpace=1[32m [repeated 8x across cluster][0m
[36m(SingleAgentEnvRunner pid=58040)[0m [JSB][Reset] after lock found=1 size=1[32m [repeated 8x across cluster][0m
[36m(SingleAgentEnvRunner pid=58040)[0m [JSB][Reset] fighter_count_after=0[32m [repeated 16x across cluster][0m
[36m(SingleAgentEnvRunner pid=58040)[0m total: 2[32m [repeated 8x across cluster][0m
[36m(SingleAgentEnvRunner pid=58040)[0m [JSB][Reset] exit after_size=1[32m [repeated 8x across cluster][0m
[36m(SingleAgentEnvRunner pid=58040)[0m [JSB][Init] enter BattleSpace=1 Type=1 ForceSide=2 Delta=0.0166667[32m [repeated 18x across cluster][0m
[36m(SingleAgentEnvRunner pid=58040)[0m [JSB][Init] registry size=1[32m [repeated 18x across cluster][0m
[36m(SingleAgentEnvRunner pid=58040)[0m [JSB][Init] before new AIP_FDMExec[32m [repeated 18x across cluster][0m
[36m(SingleAgentEnvRunner pid=58040)[0m [JSB][Init] after new AIP_FDMExec ptr=0000023211FCC300[32m [repeated 18x across cluster][0m
[36m(SingleAgentEnvRunner pid=58040)[0m [JSB][Init] before Init_FDM ptr=0000023211FCC300[32m [repeated 18x across cluster][0m
[36m(SingleAgentEnvRunner pid=58040)[0m [JSB][Init] after Init_FDM ptr=0000023211FCAA40[32m [repeated 17x across cluster][0m
[36m(SingleAgentEnvRunner pid=58040)[0m [JSB][Init] before Exec_FDM ptr=0000023211FCAA40[32m [repeated 17x across cluster][0m
[36m(SingleAgentEnvRunner pid=58040)[0m [JSB][Init] after Exec_FDM ptr=0000023211FCAA40[32m [repeated 17x across cluster][0m
[36m(SingleAgentEnvRunner pid=58040)[0m [JSB][Init] before InsertFighter BattleSpace=1 ptr=0000023211FCAA40[32m [repeated 17x across cluster][0m
[36m(SingleAgentEnvRunner pid=58040)[0m [JSB][Init] after InsertFighter FighterID=1[32m [repeated 17x across cluster][0m
[36m(SingleAgentEnvRunner pid=58040)[0m runner:8/env:0	num_steps=[852] | total rewards=[93.7511] | termination= [ownship destroyed][32m [repeated 6x across cluster][0m
[36m(SingleAgentEnvRunner pid=36412)[0m runner:6/env:0	num_steps=[1108] | total rewards=[1396.5909] | termination= [target destroyed]
[36m(SingleAgentEnvRunner pid=57920)[0m runner:11/env:0	num_steps=[686] | total rewards=[-532.6113] | termination= [ownship altitude below min]
[36m(SingleAgentEnvRunner pid=52932)[0m runner:10/env:0	num_steps=[907] | total rewards=[256.3869] | termination= [target altitude below min]
[36m(SingleAgentEnvRunner pid=47444)[0m [JSB][Reset] enter BattleSpace=1[32m [repeated 20x across cluster][0m
[36m(SingleAgentEnvRunner pid=47444)[0m [JSB][Reset] after lock found=1 size=1[32m [repeated 20x across cluster][0m
[36m(SingleAgentEnvRunner pid=47444)[0m [JSB][Reset] fighter_count_after=0[32m [repeated 40x across cluster][0m
[36m(SingleAgentEnvRunner pid=47444)[0m total: 2[32m [repeated 20x across cluster][0m
[36m(SingleAgentEnvRunner pid=47444)[0m [JSB][Reset] exit after_size=1[32m [repeated 20x across cluster][0m
[36m(SingleAgentEnvRunner pid=47444)[0m [JSB][Init] enter BattleSpace=1 Type=1 ForceSide=2 Delta=0.0166667[32m [repeated 40x across cluster][0m
[36m(SingleAgentEnvRunner pid=47444)[0m [JSB][Init] registry size=1[32m [repeated 40x across cluster][0m
[36m(SingleAgentEnvRunner pid=47444)[0m [JSB][Init] before new AIP_FDMExec[32m [repeated 40x across cluster][0m
[36m(SingleAgentEnvRunner pid=47444)[0m [JSB][Init] after new AIP_FDMExec ptr=0000024512212CD0[32m [repeated 40x across cluster][0m
[36m(SingleAgentEnvRunner pid=47444)[0m [JSB][Init] before Init_FDM ptr=0000024512212CD0[32m [repeated 40x across cluster][0m
[36m(SingleAgentEnvRunner pid=47444)[0m [JSB][Init] after Init_FDM ptr=0000024512212CD0[32m [repeated 41x across cluster][0m
[36m(SingleAgentEnvRunner pid=47444)[0m [JSB][Init] before Exec_FDM ptr=0000024512212CD0[32m [repeated 41x across cluster][0m
[36m(SingleAgentEnvRunner pid=47444)[0m [JSB][Init] after Exec_FDM ptr=0000024512212CD0[32m [repeated 41x across cluster][0m
[36m(SingleAgentEnvRunner pid=47444)[0m [JSB][Init] before InsertFighter BattleSpace=1 ptr=0000024512212CD0[32m [repeated 41x across cluster][0m
[36m(SingleAgentEnvRunner pid=47444)[0m [JSB][Init] after InsertFighter FighterID=2[32m [repeated 41x across cluster][0m
[36m(SingleAgentEnvRunner pid=57920)[0m runner:11/env:0	num_steps=[193] | total rewards=[550.1401] | termination= [ownship destroyed][32m [repeated 13x across cluster][0m
[36m(SingleAgentEnvRunner pid=66008)[0m runner:7/env:0	num_steps=[241] | total rewards=[1338.7019] | termination= [target destroyed][32m [repeated 3x across cluster][0m
[36m(SingleAgentEnvRunner pid=61016)[0m runner:15/env:0	num_steps=[640] | total rewards=[-359.1327] | termination= [ownship altitude below min][32m [repeated 3x across cluster][0m
stage=35 | iter_in_stage=73 | total_iter=73 | reward_mean=455.78 | win_rate=0.182 | draw_rate=0.255 | crash_rate=0.135 | ep_wez_steps=18.9 | episodes_this_iter=35 | entropy=-3.534 | vf_loss=182.447
[36m(SingleAgentEnvRunner pid=15664)[0m [JSB][Reset] enter BattleSpace=1[32m [repeated 15x across cluster][0m
[36m(SingleAgentEnvRunner pid=15664)[0m [JSB][Reset] after lock found=1 size=1[32m [repeated 15x across cluster][0m
[36m(SingleAgentEnvRunner pid=15664)[0m [JSB][Reset] fighter_count_after=0[32m [repeated 30x across cluster][0m
[36m(SingleAgentEnvRunner pid=15664)[0m total: 2[32m [repeated 15x across cluster][0m
[36m(SingleAgentEnvRunner pid=15664)[0m [JSB][Reset] exit after_size=1[32m [repeated 15x across cluster][0m
[36m(SingleAgentEnvRunner pid=15664)[0m [JSB][Init] enter BattleSpace=1 Type=1 ForceSide=1 Delta=0.0166667[32m [repeated 29x across cluster][0m
[36m(SingleAgentEnvRunner pid=15664)[0m [JSB][Init] registry size=1[32m [repeated 29x across cluster][0m
[36m(SingleAgentEnvRunner pid=15664)[0m [JSB][Init] before new AIP_FDMExec[32m [repeated 29x across cluster][0m
[36m(SingleAgentEnvRunner pid=15664)[0m [JSB][Init] after new AIP_FDMExec ptr=000002E493347060[32m [repeated 29x across cluster][0m
[36m(SingleAgentEnvRunner pid=15664)[0m [JSB][Init] before Init_FDM ptr=000002E493347060[32m [repeated 29x across cluster][0m
[36m(SingleAgentEnvRunner pid=61016)[0m [JSB][Init] after Init_FDM ptr=0000022613BAC7C0[32m [repeated 28x across cluster][0m
[36m(SingleAgentEnvRunner pid=61016)[0m [JSB][Init] before Exec_FDM ptr=0000022613BAC7C0[32m [repeated 28x across cluster][0m
[36m(SingleAgentEnvRunner pid=61016)[0m [JSB][Init] after Exec_FDM ptr=0000022613BAC7C0[32m [repeated 28x across cluster][0m
[36m(SingleAgentEnvRunner pid=61016)[0m [JSB][Init] before InsertFighter BattleSpace=1 ptr=0000022613BAC7C0[32m [repeated 28x across cluster][0m
[36m(SingleAgentEnvRunner pid=61016)[0m [JSB][Init] after InsertFighter FighterID=2[32m [repeated 28x across cluster][0m
[36m(SingleAgentEnvRunner pid=15664)[0m runner:16/env:0	num_steps=[258] | total rewards=[436.9516] | termination= [ownship destroyed][32m [repeated 11x across cluster][0m
[36m(SingleAgentEnvRunner pid=61920)[0m runner:13/env:0	num_steps=[490] | total rewards=[1300.8544] | termination= [target destroyed][32m [repeated 2x across cluster][0m
[36m(SingleAgentEnvRunner pid=66008)[0m [JSB][Reset] enter BattleSpace=1[32m [repeated 20x across cluster][0m
[36m(SingleAgentEnvRunner pid=66008)[0m [JSB][Reset] after lock found=1 size=1[32m [repeated 20x across cluster][0m
[36m(SingleAgentEnvRunner pid=66008)[0m [JSB][Reset] fighter_count_after=0[32m [repeated 40x across cluster][0m
[36m(SingleAgentEnvRunner pid=66008)[0m total: 2[32m [repeated 20x across cluster][0m
[36m(SingleAgentEnvRunner pid=66008)[0m [JSB][Reset] exit after_size=1[32m [repeated 20x across cluster][0m
[36m(SingleAgentEnvRunner pid=66008)[0m [JSB][Init] enter BattleSpace=1 Type=1 ForceSide=2 Delta=0.0166667[32m [repeated 41x across cluster][0m
[36m(SingleAgentEnvRunner pid=66008)[0m [JSB][Init] registry size=1[32m [repeated 41x across cluster][0m
[36m(SingleAgentEnvRunner pid=66008)[0m [JSB][Init] before new AIP_FDMExec[32m [repeated 41x across cluster][0m
[36m(SingleAgentEnvRunner pid=66008)[0m [JSB][Init] after new AIP_FDMExec ptr=000002289323EC80[32m [repeated 41x across cluster][0m
[36m(SingleAgentEnvRunner pid=66008)[0m [JSB][Init] before Init_FDM ptr=000002289323EC80[32m [repeated 41x across cluster][0m
[36m(SingleAgentEnvRunner pid=66008)[0m [JSB][Init] after Init_FDM ptr=000002289323EC80[32m [repeated 42x across cluster][0m
[36m(SingleAgentEnvRunner pid=66008)[0m [JSB][Init] before Exec_FDM ptr=000002289323EC80[32m [repeated 42x across cluster][0m
[36m(SingleAgentEnvRunner pid=66008)[0m [JSB][Init] after Exec_FDM ptr=000002289323EC80[32m [repeated 42x across cluster][0m
[36m(SingleAgentEnvRunner pid=66008)[0m [JSB][Init] before InsertFighter BattleSpace=1 ptr=000002289323EC80[32m [repeated 42x across cluster][0m
[36m(SingleAgentEnvRunner pid=66008)[0m [JSB][Init] after InsertFighter FighterID=2[32m [repeated 42x across cluster][0m
[36m(SingleAgentEnvRunner pid=66008)[0m runner:7/env:0	num_steps=[238] | total rewards=[620.5744] | termination= [ownship destroyed][32m [repeated 11x across cluster][0m
[36m(SingleAgentEnvRunner pid=61016)[0m runner:15/env:0	num_steps=[152] | total rewards=[1280.3460] | termination= [target destroyed][32m [repeated 9x across cluster][0m
stage=35 | iter_in_stage=74 | total_iter=74 | reward_mean=937.37 | win_rate=0.482 | draw_rate=0.304 | crash_rate=0.000 | ep_wez_steps=19.4 | episodes_this_iter=29 | entropy=-3.547 | vf_loss=124.206
[36m(SingleAgentEnvRunner pid=63120)[0m [JSB][Reset] enter BattleSpace=1[32m [repeated 9x across cluster][0m
[36m(SingleAgentEnvRunner pid=63120)[0m [JSB][Reset] after lock found=1 size=1[32m [repeated 9x across cluster][0m
[36m(SingleAgentEnvRunner pid=63120)[0m [JSB][Reset] fighter_count_after=0[32m [repeated 18x across cluster][0m
[36m(SingleAgentEnvRunner pid=63120)[0m total: 2[32m [repeated 9x across cluster][0m
[36m(SingleAgentEnvRunner pid=63120)[0m [JSB][Reset] exit after_size=1[32m [repeated 9x across cluster][0m
[36m(SingleAgentEnvRunner pid=63120)[0m [JSB][Init] enter BattleSpace=1 Type=1 ForceSide=1 Delta=0.0166667[32m [repeated 17x across cluster][0m
[36m(SingleAgentEnvRunner pid=63120)[0m [JSB][Init] registry size=1[32m [repeated 17x across cluster][0m
[36m(SingleAgentEnvRunner pid=63120)[0m [JSB][Init] before new AIP_FDMExec[32m [repeated 17x across cluster][0m
[36m(SingleAgentEnvRunner pid=63120)[0m [JSB][Init] after new AIP_FDMExec ptr=0000017C11D6AA00[32m [repeated 17x across cluster][0m
[36m(SingleAgentEnvRunner pid=63120)[0m [JSB][Init] before Init_FDM ptr=0000017C11D6AA00[32m [repeated 17x across cluster][0m
[36m(SingleAgentEnvRunner pid=51724)[0m [JSB][Init] after Init_FDM ptr=000001DD1305CA00[32m [repeated 16x across cluster][0m
[36m(SingleAgentEnvRunner pid=51724)[0m [JSB][Init] before Exec_FDM ptr=000001DD1305CA00[32m [repeated 16x across cluster][0m
[36m(SingleAgentEnvRunner pid=51724)[0m [JSB][Init] after Exec_FDM ptr=000001DD1305CA00[32m [repeated 16x across cluster][0m
[36m(SingleAgentEnvRunner pid=51724)[0m [JSB][Init] before InsertFighter BattleSpace=1 ptr=000001DD1305CA00[32m [repeated 16x across cluster][0m
[36m(SingleAgentEnvRunner pid=51724)[0m [JSB][Init] after InsertFighter FighterID=2[32m [repeated 16x across cluster][0m
[36m(SingleAgentEnvRunner pid=63120)[0m runner:9/env:0	num_steps=[782] | total rewards=[220.1872] | termination= [ownship destroyed][32m [repeated 6x across cluster][0m
[36m(SingleAgentEnvRunner pid=66008)[0m runner:7/env:0	num_steps=[269] | total rewards=[1378.6097] | termination= [target destroyed][32m [repeated 3x across cluster][0m
[36m(SingleAgentEnvRunner pid=36412)[0m runner:6/env:0	num_steps=[976] | total rewards=[-440.9407] | termination= [ownship altitude below min]
[36m(SingleAgentEnvRunner pid=51724)[0m runner:12/env:0	num_steps=[673] | total rewards=[65.5004] | termination= [target altitude below min]
[36m(SingleAgentEnvRunner pid=59532)[0m [JSB][Reset] enter BattleSpace=1[32m [repeated 12x across cluster][0m
[36m(SingleAgentEnvRunner pid=59532)[0m [JSB][Reset] after lock found=1 size=1[32m [repeated 12x across cluster][0m
[36m(SingleAgentEnvRunner pid=59532)[0m [JSB][Reset] fighter_count_after=0[32m [repeated 24x across cluster][0m
[36m(SingleAgentEnvRunner pid=59532)[0m total: 2[32m [repeated 12x across cluster][0m
[36m(SingleAgentEnvRunner pid=59532)[0m [JSB][Reset] exit after_size=1[32m [repeated 12x across cluster][0m
[36m(SingleAgentEnvRunner pid=59532)[0m [JSB][Init] enter BattleSpace=1 Type=1 ForceSide=1 Delta=0.0166667[32m [repeated 24x across cluster][0m
[36m(SingleAgentEnvRunner pid=59532)[0m [JSB][Init] registry size=1[32m [repeated 24x across cluster][0m
[36m(SingleAgentEnvRunner pid=59532)[0m [JSB][Init] before new AIP_FDMExec[32m [repeated 24x across cluster][0m
[36m(SingleAgentEnvRunner pid=59532)[0m [JSB][Init] after new AIP_FDMExec ptr=0000021A33445710[32m [repeated 24x across cluster][0m
[36m(SingleAgentEnvRunner pid=59532)[0m [JSB][Init] before Init_FDM ptr=0000021A33445710[32m [repeated 24x across cluster][0m
[36m(SingleAgentEnvRunner pid=59532)[0m [JSB][Init] after Init_FDM ptr=0000021A33445710[32m [repeated 25x across cluster][0m
[36m(SingleAgentEnvRunner pid=59532)[0m [JSB][Init] before Exec_FDM ptr=0000021A33445710[32m [repeated 25x across cluster][0m
[36m(SingleAgentEnvRunner pid=59532)[0m [JSB][Init] after Exec_FDM ptr=0000021A33445710[32m [repeated 25x across cluster][0m
[36m(SingleAgentEnvRunner pid=59532)[0m [JSB][Init] before InsertFighter BattleSpace=1 ptr=0000021A33445710[32m [repeated 25x across cluster][0m
[36m(SingleAgentEnvRunner pid=59532)[0m [JSB][Init] after InsertFighter FighterID=1[32m [repeated 25x across cluster][0m
[36m(SingleAgentEnvRunner pid=59532)[0m runner:3/env:0	num_steps=[222] | total rewards=[596.8522] | termination= [ownship destroyed][32m [repeated 7x across cluster][0m
[36m(SingleAgentEnvRunner pid=57920)[0m runner:11/env:0	num_steps=[1642] | total rewards=[1403.6836] | termination= [target destroyed][32m [repeated 3x across cluster][0m
[36m(SingleAgentEnvRunner pid=18096)[0m runner:5/env:0	num_steps=[2000] | total rewards=[290.6535] | termination= [max time out]
[36m(SingleAgentEnvRunner pid=61920)[0m runner:13/env:0	num_steps=[980] | total rewards=[-158.4022] | termination= [ownship altitude below min]
[DogFightEnv][PolicyProbe] iter=75 ramp:a=[-0.734,-1.226,0.123,0.177] s=22.325 | target_ahead:a=[0.784,-0.585,-0.870,0.479] s=20.000 | target_left:a=[-0.675,-1.874,0.986,0.021] s=20.699 | zero_hold:a=[-0.141,-0.274,-0.128,0.965] s=13.413
[JSB][CreateBattleSpace] enter Space@00000001803EE598 SpaceMutex@00000001803DE000
[JSB][CreateBattleSpace] before newspace
[JSB][CreateBattleSpace] newspace=000001F1F5D3C560 use_count=1
[JSB][CreateBattleSpace] before lock
[JSB][CreateBattleSpace] after lock size=0
[JSB][CreateBattleSpace] insert id=1 success=1 final_size=1 stored=000001F1F5D3C560
init ID:1 Lat37.92003070998819 Lon128.18188127777776 Alt(meter)4572.029042862364 Speed(m/sec)200.0
[JSB][Init] enter BattleSpace=1 Type=1 ForceSide=1 Delta=0.0166667
[JSB][Init] registry size=1
[JSB][Init] before new AIP_FDMExec
[JSB][Init] after new AIP_FDMExec ptr=000001EFEBC91FA0
[JSB][Init] before Init_FDM ptr=000001EFEBC91FA0
[JSB][Init] after Init_FDM ptr=000001EFEBC91FA0
[JSB][Init] before Exec_FDM ptr=000001EFEBC91FA0
[JSB][Init] after Exec_FDM ptr=000001EFEBC91FA0
[JSB][Init] before InsertFighter BattleSpace=1 ptr=000001EFEBC91FA0
[JSB][Init] after InsertFighter FighterID=1
init ID:1 Lat37.91455691666667 Lon128.18188127777776 Alt(meter)4572.000000000235 Speed(m/sec)200.0
[JSB][Init] enter BattleSpace=1 Type=1 ForceSide=2 Delta=0.0166667
[JSB][Init] registry size=1
[JSB][Init] before new AIP_FDMExec
[JSB][Init] after new AIP_FDMExec ptr=000001EFEBC923C0
[JSB][Init] before Init_FDM ptr=000001EFEBC923C0
[JSB][Init] after Init_FDM ptr=000001EFEBC923C0
[JSB][Init] before Exec_FDM ptr=000001EFEBC923C0
[JSB][Init] after Exec_FDM ptr=000001EFEBC923C0
[JSB][Init] before InsertFighter BattleSpace=1 ptr=000001EFEBC923C0
[JSB][Init] after InsertFighter FighterID=2
[JSB][Reset] enter BattleSpace=1
[JSB][Reset] after lock found=1 size=1
[JSB][Reset] FighterPtr=000001F1F5D3C560 fighter_count_before=2
total: 2
[JSB][Reset] fighter_count_after=0
[JSB][Reset] exit after_size=1
[JSB][Init] enter BattleSpace=1 Type=1 ForceSide=1 Delta=0.0166667
[JSB][Init] registry size=1
[JSB][Init] before new AIP_FDMExec
[JSB][Init] after new AIP_FDMExec ptr=000001EFEBC92C00
[JSB][Init] before Init_FDM ptr=000001EFEBC92C00
[JSB][Init] after Init_FDM ptr=000001EFEBC92C00
[JSB][Init] before Exec_FDM ptr=000001EFEBC92C00
[JSB][Init] after Exec_FDM ptr=000001EFEBC92C00
[JSB][Init] before InsertFighter BattleSpace=1 ptr=000001EFEBC92C00
[JSB][Init] after InsertFighter FighterID=1
[JSB][Init] enter BattleSpace=1 Type=1 ForceSide=2 Delta=0.0166667
[JSB][Init] registry size=1
[JSB][Init] before new AIP_FDMExec
[JSB][Init] after new AIP_FDMExec ptr=000001EFEBC925D0
[JSB][Init] before Init_FDM ptr=000001EFEBC925D0
[JSB][Init] after Init_FDM ptr=000001EFEBC925D0
[JSB][Init] before Exec_FDM ptr=000001EFEBC925D0
[JSB][Init] after Exec_FDM ptr=000001EFEBC925D0
[JSB][Init] before InsertFighter BattleSpace=1 ptr=000001EFEBC925D0
[JSB][Init] after InsertFighter FighterID=2
