iteration,sampled_steps,stage,probe,probe_step,obs_first4,action_roll,action_pitch,action_rudder,action_throttle,action_norm,action_delta_norm,state_in_norm,state_out_norm
0,0,35,zero_hold,0,"[0.0, 0.0, 0.0, 0.0]",-0.34764939546585083,-0.31571781635284424,-0.13628306984901428,0.6329631209373474,0.7998457551002502,0.0,0.0,5.655960769499107
0,0,35,zero_hold,1,"[0.0, 0.0, 0.0, 0.0]",-0.46067753434181213,-0.25362932682037354,-0.06236354634165764,0.8652421832084656,1.014438271522522,0.2757680118083954,5.655960769499107,8.575025302433245
0,0,35,zero_hold,2,"[0.0, 0.0, 0.0, 0.0]",-0.13070490956306458,-0.4188143014907837,-0.0511394701898098,0.9450215101242065,1.0431538820266724,0.37770190834999084,8.575025302433245,10.980598053494901
0,0,35,zero_hold,3,"[0.0, 0.0, 0.0, 0.0]",-0.07888396084308624,-0.30149292945861816,-0.13389000296592712,1.0239076614379883,1.078626036643982,0.17181499302387238,10.980598053494901,13.122301901167683
0,0,35,target_ahead,0,"[0.0, 0.0, 0.0, 0.0]",0.8820831179618835,-0.6270221471786499,-0.6736711859703064,0.28124573826789856,1.3054345846176147,0.0,0.0,8.52001612950966
0,0,35,target_ahead,1,"[0.009999999776482582, 0.0, 0.0, 0.0]",0.9267905950546265,-0.5844666361808777,-0.8016176819801331,0.529124915599823,1.4570882320404053,0.28569936752319336,8.52001612950966,12.194916461986807
0,0,35,target_ahead,2,"[0.019999999552965164, 0.0, 0.0, 0.0]",0.9042513966560364,-0.5529244542121887,-0.8316180109977722,0.5234690308570862,1.4453388452529907,0.04934504255652428,12.194916461986807,16.006446216656748
0,0,35,target_ahead,3,"[0.029999999329447746, 0.0, 0.0, 0.0]",0.8693649172782898,-0.5497439503669739,-0.8508777618408203,0.48704275488853455,1.4209916591644287,0.0540832094848156,16.006446216656748,19.95290251105081
0,0,35,target_left,0,"[0.0, 0.0, 0.0, 0.0]",-0.4894530475139618,-1.7462742328643799,0.7769919037818909,0.013331148773431778,1.9730515480041504,0.0,0.0,8.601893639862217
0,0,35,target_left,1,"[0.009999999776482582, 0.0, 0.0, 0.0]",-0.8069753050804138,-1.751857876777649,0.955807089805603,0.05132237449288368,2.1532340049743652,0.3664283752441406,8.601893639862217,12.79825524404779
0,0,35,target_left,2,"[0.019999999552965164, 0.0, 0.0, 0.0]",-0.6449584364891052,-1.8308734893798828,0.9501725435256958,0.06744833290576935,2.162278175354004,0.18106552958488464,12.79825524404779,16.78120959009929
0,0,35,target_left,3,"[0.029999999329447746, 0.0, 0.0, 0.0]",-0.6585677266120911,-1.8681135177612305,0.9364599585533142,0.10300761461257935,2.1934282779693604,0.05499572679400444,16.78120959009929,20.781902059785555
0,0,35,ramp,0,"[-0.5, -0.4333333373069763, -0.36666667461395264, -0.30000001192092896]",-0.43130671977996826,-1.379591703414917,-0.06266145408153534,0.21860633790493011,1.4632203578948975,0.0,0.0,9.484006843570127
0,0,35,ramp,1,"[-0.47999998927116394, -0.41333332657814026, -0.3466666638851166, -0.2800000011920929]",-0.6375898718833923,-1.2063640356063843,0.03137096390128136,0.22795239090919495,1.3837562799453735,0.2854645550251007,9.484006843570127,13.199832489237302
0,0,35,ramp,2,"[-0.46000000834465027, -0.3933333456516266, -0.3266666829586029, -0.2600000202655792]",-0.7198883295059204,-1.2902112007141113,0.07424839586019516,0.23066389560699463,1.4971983432769775,0.12509679794311523,13.199832489237302,17.683127155324964
0,0,35,ramp,3,"[-0.4399999976158142, -0.3733333349227905, -0.30666667222976685, -0.24000000953674316]",-0.7900847792625427,-1.1831653118133545,0.07744183391332626,0.2254433035850525,1.442544937133789,0.1281554400920868,17.683127155324964,22.358263700658643
25,25,35,zero_hold,0,"[0.0, 0.0, 0.0, 0.0]",-0.3634282648563385,-0.29369035363197327,-0.12592896819114685,0.6369967460632324,0.79997318983078,0.0,0.0,5.708192035018882
25,25,35,zero_hold,1,"[0.0, 0.0, 0.0, 0.0]",-0.47078192234039307,-0.24440200626850128,-0.06196676567196846,0.868166983127594,1.0192750692367554,0.26736676692962646,5.708192035018882,8.642604309421644
25,25,35,zero_hold,2,"[0.0, 0.0, 0.0, 0.0]",-0.1478492021560669,-0.39145714044570923,-0.047938812524080276,0.9367421269416809,1.0270744562149048,0.36167675256729126,8.642604309421644,11.064407342497804
25,25,35,zero_hold,3,"[0.0, 0.0, 0.0, 0.0]",-0.12471213191747665,-0.2887877821922302,-0.12783700227737427,1.0149866342544556,1.0702764987945557,0.15356510877609253,11.064407342497804,13.23747383538383
25,25,35,target_ahead,0,"[0.0, 0.0, 0.0, 0.0]",0.9088358879089355,-0.6315954923629761,-0.6539492011070251,0.3285045027732849,1.3268234729766846,0.0,0.0,8.516003115716137
25,25,35,target_ahead,1,"[0.009999999776482582, 0.0, 0.0, 0.0]",0.9578663110733032,-0.5960668325424194,-0.7965784072875977,0.5828065872192383,1.499001145362854,0.2977900505065918,8.516003115716137,12.155169591779202
25,25,35,target_ahead,2,"[0.019999999552965164, 0.0, 0.0, 0.0]",0.939720869064331,-0.5695757865905762,-0.8331978917121887,0.5814785361289978,1.496605396270752,0.04872148483991623,12.155169591779202,15.910884110832042
25,25,35,target_ahead,3,"[0.029999999329447746, 0.0, 0.0, 0.0]",0.9071109294891357,-0.5658407211303711,-0.8512358665466309,0.5547547936439514,1.4749174118041992,0.04600962996482849,15.910884110832042,19.817387388432262
25,25,35,target_left,0,"[0.0, 0.0, 0.0, 0.0]",-0.46383315324783325,-1.7529393434524536,0.7857417464256287,0.03306965529918671,1.9764668941497803,0.0,0.0,8.586635882363124
25,25,35,target_left,1,"[0.009999999776482582, 0.0, 0.0, 0.0]",-0.7869313955307007,-1.7844871282577515,0.9577066898345947,0.07444699108600616,2.1740283966064453,0.3696914613246918,8.586635882363124,12.767310898922037
25,25,35,target_left,2,"[0.019999999552965164, 0.0, 0.0, 0.0]",-0.6555798053741455,-1.868321180343628,0.9494296312332153,0.09853042662143707,2.19807505607605,0.15789209306240082,12.767310898922037,16.741078446339195
25,25,35,target_left,3,"[0.029999999329447746, 0.0, 0.0, 0.0]",-0.6682472229003906,-1.9065487384796143,0.9350852966308594,0.13433007895946503,2.230226755142212,0.055760063230991364,16.741078446339195,20.749307622671015
25,25,35,ramp,0,"[-0.5, -0.4333333373069763, -0.36666667461395264, -0.30000001192092896]",-0.36685195565223694,-1.335100769996643,0.003838954959064722,0.21044355630874634,1.4004912376403809,0.0,0.0,9.50571109346071
25,25,35,ramp,1,"[-0.47999998927116394, -0.41333332657814026, -0.3466666638851166, -0.2800000011920929]",-0.6126046180725098,-1.1557661294937134,0.06972819566726685,0.21702463924884796,1.3277957439422607,0.31135186553001404,9.50571109346071,13.209790273743705
25,25,35,ramp,2,"[-0.46000000834465027, -0.3933333456516266, -0.3266666829586029, -0.2600000202655792]",-0.7113519906997681,-1.2826037406921387,0.0985417440533638,0.22437705099582672,1.486993432044983,0.1634720265865326,13.209790273743705,17.71556803235585
25,25,35,ramp,3,"[-0.4399999976158142, -0.3733333349227905, -0.30666667222976685, -0.24000000953674316]",-0.7808510065078735,-1.1733242273330688,0.10298091173171997,0.2232283502817154,1.4306830167770386,0.12958839535713196,17.71556803235585,22.413216306454835
50,50,35,zero_hold,0,"[0.0, 0.0, 0.0, 0.0]",-0.37859317660331726,-0.29514217376708984,-0.10863765329122543,0.6334735155105591,0.8022047877311707,0.0,0.0,5.746025098988018
50,50,35,zero_hold,1,"[0.0, 0.0, 0.0, 0.0]",-0.4781743288040161,-0.23441371321678162,-0.04678567871451378,0.8600885272026062,1.0126903057098389,0.2622677683830261,5.746025098988018,8.69524570515341
50,50,35,zero_hold,2,"[0.0, 0.0, 0.0, 0.0]",-0.15019679069519043,-0.38649559020996094,-0.03908199444413185,0.9309746623039246,1.0198917388916016,0.36848655343055725,8.69524570515341,11.146219117205305
50,50,35,zero_hold,3,"[0.0, 0.0, 0.0, 0.0]",-0.12504732608795166,-0.27232614159584045,-0.12020310759544373,1.0104680061340332,1.060798168182373,0.16299381852149963,11.146219117205305,13.332594356368666
50,50,35,target_ahead,0,"[0.0, 0.0, 0.0, 0.0]",0.886081337928772,-0.6578556895256042,-0.6764933466911316,0.33624139428138733,1.3373913764953613,0.0,0.0,8.525681497284397
50,50,35,target_ahead,1,"[0.009999999776482582, 0.0, 0.0, 0.0]",0.9036473035812378,-0.6399712562561035,-0.8299233317375183,0.5692198872566223,1.4963040351867676,0.2800859808921814,8.525681497284397,12.2295564866441
50,50,35,target_ahead,2,"[0.019999999552965164, 0.0, 0.0, 0.0]",0.887656033039093,-0.6250733733177185,-0.8660678267478943,0.5898303985595703,1.5088483095169067,0.046998780220746994,12.2295564866441,16.04695909283215
50,50,35,target_ahead,3,"[0.029999999329447746, 0.0, 0.0, 0.0]",0.8637408018112183,-0.6331005096435547,-0.8906855583190918,0.5851337909698486,1.5108165740966797,0.03555930405855179,16.04695909283215,19.998888445636954
50,50,35,target_left,0,"[0.0, 0.0, 0.0, 0.0]",-0.47749701142311096,-1.7486507892608643,0.8116462826728821,0.008507506921887398,1.9861079454421997,0.0,0.0,8.58586534598323
50,50,35,target_left,1,"[0.009999999776482582, 0.0, 0.0, 0.0]",-0.7966008186340332,-1.8005906343460083,0.9703385233879089,0.022217677906155586,2.1951651573181152,0.360411137342453,8.58586534598323,12.756020669601048
50,50,35,target_left,2,"[0.019999999552965164, 0.0, 0.0, 0.0]",-0.671841025352478,-1.8814036846160889,0.9687526822090149,0.03773792088031769,2.2205755710601807,0.14946286380290985,12.756020669601048,16.714680948498746
50,50,35,target_left,3,"[0.029999999329447746, 0.0, 0.0, 0.0]",-0.6812666058540344,-1.9149521589279175,0.9576493501663208,0.06713427603244781,2.247835636138916,0.046923037618398666,16.714680948498746,20.708007900240883
50,50,35,ramp,0,"[-0.5, -0.4333333373069763, -0.36666667461395264, -0.30000001192092896]",-0.37946805357933044,-1.3688552379608154,-0.03887416049838066,0.21470648050308228,1.4371397495269775,0.0,0.0,9.478165252289354
50,50,35,ramp,1,"[-0.47999998927116394, -0.41333332657814026, -0.3466666638851166, -0.2800000011920929]",-0.5940974950790405,-1.1564288139343262,0.048234570771455765,0.2089720219373703,1.3176779747009277,0.314343124628067,9.478165252289354,13.152877677640568
50,50,35,ramp,2,"[-0.46000000834465027, -0.3933333456516266, -0.3266666829586029, -0.2600000202655792]",-0.6949832439422607,-1.2847590446472168,0.08387352526187897,0.20877061784267426,1.4779132604599,0.16708308458328247,13.152877677640568,17.635738621226686
50,50,35,ramp,3,"[-0.4399999976158142, -0.3733333349227905, -0.30666667222976685, -0.24000000953674316]",-0.7641294002532959,-1.173883318901062,0.09190552681684494,0.20471952855587006,1.4185389280319214,0.13097916543483734,17.635738621226686,22.296379971142468
75,75,35,zero_hold,0,"[0.0, 0.0, 0.0, 0.0]",-0.38136905431747437,-0.32480210065841675,-0.1160765290260315,0.5984117388725281,0.7889924645423889,0.0,0.0,5.786463406597005
75,75,35,zero_hold,1,"[0.0, 0.0, 0.0, 0.0]",-0.4680480360984802,-0.24192750453948975,-0.06652285158634186,0.8129432201385498,0.9710302948951721,0.2507205009460449,5.786463406597005,8.730189593481272
75,75,35,zero_hold,2,"[0.0, 0.0, 0.0, 0.0]",-0.16911369562149048,-0.40032777190208435,-0.057224880903959274,0.8862836956977844,0.988754391670227,0.34629130363464355,8.730189593481272,11.200175655156345
75,75,35,zero_hold,3,"[0.0, 0.0, 0.0, 0.0]",-0.14113552868366241,-0.274159699678421,-0.1283453404903412,0.9649332761764526,1.0211031436920166,0.16716769337654114,11.200175655156345,13.413140533215673
75,75,35,target_ahead,0,"[0.0, 0.0, 0.0, 0.0]",0.850132167339325,-0.6440350413322449,-0.6707621812820435,0.29475605487823486,1.2939507961273193,0.0,0.0,8.453786483828189
75,75,35,target_ahead,1,"[0.009999999776482582, 0.0, 0.0, 0.0]",0.8501169085502625,-0.6164197325706482,-0.8186144828796387,0.5110983848571777,1.4261919260025024,0.26348987221717834,8.453786483828189,12.183713169149929
75,75,35,target_ahead,2,"[0.019999999552965164, 0.0, 0.0, 0.0]",0.8188733458518982,-0.587969183921814,-0.8495619893074036,0.505036473274231,1.41176438331604,0.05272654816508293,12.183713169149929,16.028066619070337
75,75,35,target_ahead,3,"[0.029999999329447746, 0.0, 0.0, 0.0]",0.7836403250694275,-0.5854442119598389,-0.8696802854537964,0.47920167446136475,1.3938490152359009,0.04816558584570885,16.028066619070337,19.999681637543002
75,75,35,target_left,0,"[0.0, 0.0, 0.0, 0.0]",-0.47190237045288086,-1.7358860969543457,0.833836555480957,-0.02688707411289215,1.982926845550537,0.0,0.0,8.590565389738282
75,75,35,target_left,1,"[0.009999999776482582, 0.0, 0.0, 0.0]",-0.8021899461746216,-1.7651039361953735,0.9976345300674438,-0.021943673491477966,2.180563449859619,0.3698618412017822,8.590565389738282,12.768035525823722
75,75,35,target_left,2,"[0.019999999552965164, 0.0, 0.0, 0.0]",-0.6584163308143616,-1.840480923652649,0.9941719770431519,-0.01107296347618103,2.193030595779419,0.16273507475852966,12.768035525823722,16.71405011415743
75,75,35,target_left,3,"[0.029999999329447746, 0.0, 0.0, 0.0]",-0.6747716069221497,-1.8739389181137085,0.9855069518089294,0.021157264709472656,2.222304105758667,0.05000802502036095,16.71405011415743,20.699356678269197
75,75,35,ramp,0,"[-0.5, -0.4333333373069763, -0.36666667461395264, -0.30000001192092896]",-0.33577537536621094,-1.3465749025344849,-0.0012394217774271965,0.2068769931793213,1.4031424522399902,0.0,0.0,9.49687852370482
75,75,35,ramp,1,"[-0.47999998927116394, -0.41333332657814026, -0.3466666638851166, -0.2800000011920929]",-0.5483728647232056,-1.2146456241607666,0.08429323136806488,0.1754143089056015,1.3468304872512817,0.2662869989871979,9.49687852370482,13.213402369487754
75,75,35,ramp,2,"[-0.46000000834465027, -0.3933333456516266, -0.3266666829586029, -0.2600000202655792]",-0.6602718830108643,-1.2977935075759888,0.11216366291046143,0.18248440325260162,1.4717704057693481,0.14234362542629242,13.213402369487754,17.67463803472006
75,75,35,ramp,3,"[-0.4399999976158142, -0.3733333349227905, -0.30666667222976685, -0.24000000953674316]",-0.7341996431350708,-1.2261390686035156,0.12252196669578552,0.17745114862918854,1.4453257322311401,0.10359681397676468,17.67463803472006,22.325436946384517
100,100,35,zero_hold,0,"[0.0, 0.0, 0.0, 0.0]",-0.391767680644989,-0.3104168474674225,-0.12071884423494339,0.5898902416229248,0.7825497388839722,0.0,0.0,5.830050386896908
100,100,35,zero_hold,1,"[0.0, 0.0, 0.0, 0.0]",-0.46471157670021057,-0.19797895848751068,-0.07683989405632019,0.7916070818901062,0.9421775937080383,0.24612626433372498,5.830050386896908,8.767883263893602
100,100,35,zero_hold,2,"[0.0, 0.0, 0.0, 0.0]",-0.1726069152355194,-0.36064642667770386,-0.06931670010089874,0.8710454106330872,0.9609286785125732,0.3437337577342987,8.767883263893602,11.238181285002549
100,100,35,zero_hold,3,"[0.0, 0.0, 0.0, 0.0]",-0.13546736538410187,-0.22798731923103333,-0.14188025891780853,0.9519354701042175,0.9983189702033997,0.17546069622039795,11.238181285002549,13.457427904574088
100,100,35,target_ahead,0,"[0.0, 0.0, 0.0, 0.0]",0.8294881582260132,-0.638818621635437,-0.6748744249343872,0.2721635401248932,1.2750170230865479,0.0,0.0,8.465281474464907
100,100,35,target_ahead,1,"[0.009999999776482582, 0.0, 0.0, 0.0]",0.805571436882019,-0.6033501625061035,-0.8239033818244934,0.47177350521087646,1.3836053609848022,0.252752423286438,8.465281474464907,12.196163687726761
100,100,35,target_ahead,2,"[0.019999999552965164, 0.0, 0.0, 0.0]",0.7673259973526001,-0.5667067170143127,-0.8510946035385132,0.46148356795310974,1.359144926071167,0.06042103096842766,12.196163687726761,16.046919043827383
100,100,35,target_ahead,3,"[0.029999999329447746, 0.0, 0.0, 0.0]",0.7337542772293091,-0.5671265721321106,-0.8765711188316345,0.4399172067642212,1.3497896194458008,0.04734339937567711,16.046919043827383,20.012780189981793
100,100,35,target_left,0,"[0.0, 0.0, 0.0, 0.0]",-0.47840550541877747,-1.722977638244629,0.834784209728241,-0.042586423456668854,1.9738799333572388,0.0,0.0,8.601537790221222
100,100,35,target_left,1,"[0.009999999776482582, 0.0, 0.0, 0.0]",-0.7893151044845581,-1.7767589092254639,0.9457689523696899,-0.04927825182676315,2.162590503692627,0.3345438539981842,8.601537790221222,12.80247240159808
100,100,35,target_left,2,"[0.019999999552965164, 0.0, 0.0, 0.0]",-0.6698586940765381,-1.8582162857055664,0.9287490248680115,-0.035694874823093414,2.1830086708068848,0.14621670544147491,12.80247240159808,16.748874835857276
100,100,35,target_left,3,"[0.029999999329447746, 0.0, 0.0, 0.0]",-0.6847535371780396,-1.8993768692016602,0.91085284948349,-0.003169482573866844,2.2149903774261475,0.0573953315615654,16.748874835857276,20.73517214196996
100,100,35,ramp,0,"[-0.5, -0.4333333373069763, -0.36666667461395264, -0.30000001192092896]",-0.31124037504196167,-1.304603099822998,0.015572702512145042,0.20649448037147522,1.3571081161499023,0.0,0.0,9.518225277504012
100,100,35,ramp,1,"[-0.47999998927116394, -0.41333332657814026, -0.3466666638851166, -0.2800000011920929]",-0.5875048041343689,-1.2318103313446045,0.08649923652410507,0.17743121087551117,1.3789424896240234,0.29579734802246094,9.518225277504012,13.26201522717887
100,100,35,ramp,2,"[-0.46000000834465027, -0.3933333456516266, -0.3266666829586029, -0.2600000202655792]",-0.6983345746994019,-1.2667593955993652,0.11034910380840302,0.17424024641513824,1.461125373840332,0.11867465078830719,13.26201522717887,17.710494824120694
100,100,35,ramp,3,"[-0.4399999976158142, -0.3733333349227905, -0.30666667222976685, -0.24000000953674316]",-0.7749982476234436,-1.2238109111785889,0.10867874324321747,0.16377662122249603,1.461837649345398,0.08851084113121033,17.710494824120694,22.35575294241118
125,125,35,zero_hold,0,"[0.0, 0.0, 0.0, 0.0]",-0.4092485010623932,-0.2921566963195801,-0.10992417484521866,0.598573625087738,0.789438784122467,0.0,0.0,5.797468817251305
125,125,35,zero_hold,1,"[0.0, 0.0, 0.0, 0.0]",-0.49911919236183167,-0.1858750879764557,-0.06080608069896698,0.8133667707443237,0.9741315841674805,0.2606169581413269,5.797468817251305,8.729488413699945
125,125,35,zero_hold,2,"[0.0, 0.0, 0.0, 0.0]",-0.20190347731113434,-0.352870374917984,-0.05280151590704918,0.8971068859100342,0.9863423705101013,0.3511425256729126,8.729488413699945,11.181007639764612
125,125,35,zero_hold,3,"[0.0, 0.0, 0.0, 0.0]",-0.16318699717521667,-0.22084026038646698,-0.13223865628242493,0.981468915939331,1.027700662612915,0.1798836588859558,11.181007639764612,13.389528221328563
125,125,35,target_ahead,0,"[0.0, 0.0, 0.0, 0.0]",0.8758025765419006,-0.6452696919441223,-0.6509765386581421,0.31841447949409485,1.3071194887161255,0.0,0.0,8.474857903896098
125,125,35,target_ahead,1,"[0.009999999776482582, 0.0, 0.0, 0.0]",0.843558669090271,-0.6043093204498291,-0.7927272319793701,0.5182691812515259,1.4049201011657715,0.25050464272499084,8.474857903896098,12.20118645905464
125,125,35,target_ahead,2,"[0.019999999552965164, 0.0, 0.0, 0.0]",0.7965758442878723,-0.5635377764701843,-0.8222579956054688,0.5015618801116943,1.3710508346557617,0.07085833698511124,12.20118645905464,16.046374711721054
125,125,35,target_ahead,3,"[0.029999999329447746, 0.0, 0.0, 0.0]",0.7622191905975342,-0.5641542077064514,-0.8488355875015259,0.4794290363788605,1.3600081205368042,0.04875439405441284,16.046374711721054,19.998564108775486
125,125,35,target_left,0,"[0.0, 0.0, 0.0, 0.0]",-0.48063263297080994,-1.6902096271514893,0.8379240036010742,-0.05598432570695877,1.9475798606872559,0.0,0.0,8.58739888480693
125,125,35,target_left,1,"[0.009999999776482582, 0.0, 0.0, 0.0]",-0.7770780324935913,-1.7380608320236206,0.9402565360069275,-0.060465313494205475,2.124251365661621,0.3172721862792969,8.58739888480693,12.823461411391136
125,125,35,target_left,2,"[0.019999999552965164, 0.0, 0.0, 0.0]",-0.658022403717041,-1.8190901279449463,0.921197772026062,-0.048496879637241364,2.1431376934051514,0.14576168358325958,12.823461411391136,16.791066815371803
125,125,35,target_left,3,"[0.029999999329447746, 0.0, 0.0, 0.0]",-0.6628450155258179,-1.8604084253311157,0.9059529304504395,-0.01663561724126339,2.1729037761688232,0.05457109585404396,16.791066815371803,20.79338349969485
125,125,35,ramp,0,"[-0.5, -0.4333333373069763, -0.36666667461395264, -0.30000001192092896]",-0.3161928057670593,-1.2991608381271362,-0.01414844486862421,0.19994741678237915,1.3520265817642212,0.0,0.0,9.516569678597701
125,125,35,ramp,1,"[-0.47999998927116394, -0.41333332657814026, -0.3466666638851166, -0.2800000011920929]",-0.5831006765365601,-1.1942989826202393,0.0580526664853096,0.1800825297832489,1.3424441814422607,0.29638391733169556,9.516569678597701,13.259132979504763
125,125,35,ramp,2,"[-0.46000000834465027, -0.3933333456516266, -0.3266666829586029, -0.2600000202655792]",-0.7077078819274902,-1.242989182472229,0.08117049187421799,0.18749578297138214,1.444858431816101,0.1359672099351883,13.259132979504763,17.728411192301856
125,125,35,ramp,3,"[-0.4399999976158142, -0.3733333349227905, -0.30666667222976685, -0.24000000953674316]",-0.7982101440429688,-1.192962408065796,0.0646902546286583,0.18399032950401306,1.4485634565353394,0.10477224737405777,17.728411192301856,22.3891830405703
150,150,35,zero_hold,0,"[0.0, 0.0, 0.0, 0.0]",-0.4138205051422119,-0.3030208945274353,-0.12328843027353287,0.6019006371498108,0.8003458380699158,0.0,0.0,5.819267719500886
150,150,35,zero_hold,1,"[0.0, 0.0, 0.0, 0.0]",-0.5032113194465637,-0.19261378049850464,-0.07471074163913727,0.8167325258255005,0.9813029170036316,0.2620934545993805,5.819267719500886,8.74195739213128
150,150,35,zero_hold,2,"[0.0, 0.0, 0.0, 0.0]",-0.19080011546611786,-0.3704146146774292,-0.06581790745258331,0.9011983871459961,0.9950388073921204,0.36936086416244507,8.74195739213128,11.224792886566272
150,150,35,zero_hold,3,"[0.0, 0.0, 0.0, 0.0]",-0.14867179095745087,-0.21659618616104126,-0.1439925730228424,0.9847443103790283,1.0293067693710327,0.19628067314624786,11.224792886566272,13.466222130781397
150,150,35,target_ahead,0,"[0.0, 0.0, 0.0, 0.0]",0.8727229833602905,-0.6359606981277466,-0.6678845882415771,0.33994060754776,1.3144279718399048,0.0,0.0,8.457544112663804
150,150,35,target_ahead,1,"[0.009999999776482582, 0.0, 0.0, 0.0]",0.8222372531890869,-0.5926694869995117,-0.8191523551940918,0.5263581275939941,1.405487298965454,0.24911116063594818,8.457544112663804,12.197164353213493
150,150,35,target_ahead,2,"[0.019999999552965164, 0.0, 0.0, 0.0]",0.7680692076683044,-0.5513789653778076,-0.842893123626709,0.5132662653923035,1.366696834564209,0.07330828905105591,12.197164353213493,16.07309101231235
150,150,35,target_ahead,3,"[0.029999999329447746, 0.0, 0.0, 0.0]",0.730981707572937,-0.5500468015670776,-0.866628885269165,0.48546648025512695,1.3504106998443604,0.05209099501371384,16.07309101231235,20.054151880522227
150,150,35,target_left,0,"[0.0, 0.0, 0.0, 0.0]",-0.4800412952899933,-1.6778851747512817,0.8237422704696655,-0.04114418104290962,1.9302804470062256,0.0,0.0,8.599608401709826
150,150,35,target_left,1,"[0.009999999776482582, 0.0, 0.0, 0.0]",-0.7868954539299011,-1.7196636199951172,0.9406982660293579,-0.06666567921638489,2.1132452487945557,0.3320165276527405,8.599608401709826,12.809715686073424
150,150,35,target_left,2,"[0.019999999552965164, 0.0, 0.0, 0.0]",-0.6581916213035583,-1.796473503112793,0.9241703748703003,-0.06020978465676308,2.125617504119873,0.1509280800819397,12.809715686073424,16.780092737203972
150,150,35,target_left,3,"[0.029999999329447746, 0.0, 0.0, 0.0]",-0.6614403128623962,-1.8325353860855103,0.9093167185783386,-0.032798994332551956,2.1502609252929688,0.047780707478523254,16.780092737203972,20.789589321500042
150,150,35,ramp,0,"[-0.5, -0.4333333373069763, -0.36666667461395264, -0.30000001192092896]",-0.35525748133659363,-1.2963072061538696,-0.06138840317726135,0.20396752655506134,1.3608789443969727,0.0,0.0,9.503010029468928
150,150,35,ramp,1,"[-0.47999998927116394, -0.41333332657814026, -0.3466666638851166, -0.2800000011920929]",-0.5993998646736145,-1.216219425201416,0.0072984276339411736,0.17854955792427063,1.3676267862319946,0.26717692613601685,9.503010029468928,13.3254707913785
150,150,35,ramp,2,"[-0.46000000834465027, -0.3933333456516266, -0.3266666829586029, -0.2600000202655792]",-0.7150124907493591,-1.2372121810913086,0.03077593445777893,0.18693044781684875,1.4414669275283813,0.12011830508708954,13.3254707913785,17.808508725061966
150,150,35,ramp,3,"[-0.4399999976158142, -0.3733333349227905, -0.30666667222976685, -0.24000000953674316]",-0.8016249537467957,-1.189281940460205,0.019825652241706848,0.1840105503797531,1.446114420890808,0.09963664412498474,17.808508725061966,22.466901444780046
175,175,35,zero_hold,0,"[0.0, 0.0, 0.0, 0.0]",-0.4337894022464752,-0.309810608625412,-0.12654967606067657,0.6034350395202637,0.8150487542152405,0.0,0.0,5.821984488171638
175,175,35,zero_hold,1,"[0.0, 0.0, 0.0, 0.0]",-0.526202380657196,-0.19066762924194336,-0.06008485332131386,0.8247362375259399,0.9985204935073853,0.27591121196746826,5.821984488171638,8.758073618124453
175,175,35,zero_hold,2,"[0.0, 0.0, 0.0, 0.0]",-0.19589799642562866,-0.35920199751853943,-0.047174032777547836,0.9123251438140869,1.0009818077087402,0.3812391757965088,8.758073618124453,11.262278246723312
175,175,35,zero_hold,3,"[0.0, 0.0, 0.0, 0.0]",-0.15467561781406403,-0.2185298502445221,-0.12846840918064117,0.9978561401367188,1.0411056280136108,0.18818145990371704,11.262278246723312,13.514268222919483
175,175,35,target_ahead,0,"[0.0, 0.0, 0.0, 0.0]",0.8386532664299011,-0.6402269601821899,-0.6790302395820618,0.3479771316051483,1.3020752668380737,0.0,0.0,8.448102748404892
175,175,35,target_ahead,1,"[0.009999999776482582, 0.0, 0.0, 0.0]",0.7939428687095642,-0.5777650475502014,-0.820332407951355,0.5560297966003418,1.39508855342865,0.262969046831131,8.448102748404892,12.211324615389143
175,175,35,target_ahead,2,"[0.019999999552965164, 0.0, 0.0, 0.0]",0.7430112957954407,-0.5405458211898804,-0.8530486822128296,0.5501594543457031,1.369168758392334,0.07130295783281326,12.211324615389143,16.100169463635577
175,175,35,target_ahead,3,"[0.029999999329447746, 0.0, 0.0, 0.0]",0.7114173769950867,-0.5446911454200745,-0.88136225938797,0.5380652546882629,1.3671565055847168,0.04430900514125824,16.100169463635577,20.07211427931244
175,175,35,target_left,0,"[0.0, 0.0, 0.0, 0.0]",-0.4916067123413086,-1.665347695350647,0.8236079216003418,-0.06989631056785583,1.9230901002883911,0.0,0.0,8.607858240898366
175,175,35,target_left,1,"[0.009999999776482582, 0.0, 0.0, 0.0]",-0.8198754787445068,-1.6950109004974365,0.961918294429779,-0.0764961987733841,2.1157495975494385,0.3575102984905243,8.607858240898366,12.803054668252829
175,175,35,target_left,2,"[0.019999999552965164, 0.0, 0.0, 0.0]",-0.6706640124320984,-1.7729320526123047,0.9456285834312439,-0.0729956179857254,2.119580030441284,0.16915488243103027,12.803054668252829,16.759792223332656
175,175,35,target_left,3,"[0.029999999329447746, 0.0, 0.0, 0.0]",-0.6731206774711609,-1.8047086000442505,0.932768702507019,-0.044148948043584824,2.1405773162841797,0.044869713485240936,16.759792223332656,20.749931600162377
175,175,35,ramp,0,"[-0.5, -0.4333333373069763, -0.36666667461395264, -0.30000001192092896]",-0.3538604974746704,-1.2662999629974365,-0.100723497569561,0.2194424569606781,1.3367996215820312,0.0,0.0,9.455248467058073
175,175,35,ramp,1,"[-0.47999998927116394, -0.41333332657814026, -0.3466666638851166, -0.2800000011920929]",-0.6018701195716858,-1.1594021320343018,-0.030766552314162254,0.2074301689863205,1.3230400085449219,0.27923858165740967,9.455248467058073,13.272436546140389
175,175,35,ramp,2,"[-0.46000000834465027, -0.3933333456516266, -0.3266666829586029, -0.2600000202655792]",-0.7200148105621338,-1.1946449279785156,-0.0063996147364377975,0.21436506509780884,1.4112374782562256,0.12586526572704315,13.272436546140389,17.728138216181108
175,175,35,ramp,3,"[-0.4399999976158142, -0.3733333349227905, -0.30666667222976685, -0.24000000953674316]",-0.8020266890525818,-1.1503262519836426,-0.011895818635821342,0.2103167176246643,1.4180521965026855,0.0934702679514885,17.728138216181108,22.359567103845905
200,200,35,zero_hold,0,"[0.0, 0.0, 0.0, 0.0]",-0.4255036413669586,-0.31353315711021423,-0.12753626704216003,0.6176028251647949,0.8228335976600647,0.0,0.0,5.800489912677227
200,200,35,zero_hold,1,"[0.0, 0.0, 0.0, 0.0]",-0.5160790085792542,-0.18374088406562805,-0.0754077136516571,0.8646171689033508,1.026327133178711,0.2979654371738434,5.800489912677227,8.729901854639976
200,200,35,zero_hold,2,"[0.0, 0.0, 0.0, 0.0]",-0.19669468700885773,-0.3538302481174469,-0.06227589398622513,0.9426981806755066,1.0278340578079224,0.37041306495666504,8.729901854639976,11.218084109296722
200,200,35,zero_hold,3,"[0.0, 0.0, 0.0, 0.0]",-0.16347698867321014,-0.21942821145057678,-0.138930082321167,1.0268170833587646,1.0716941356658936,0.17921823263168335,11.218084109296722,13.448096962516175
200,200,35,target_ahead,0,"[0.0, 0.0, 0.0, 0.0]",0.8235191106796265,-0.6391718983650208,-0.67931067943573,0.31818336248397827,1.284300684928894,0.0,0.0,8.451273652085652
200,200,35,target_ahead,1,"[0.009999999776482582, 0.0, 0.0, 0.0]",0.7907571196556091,-0.5639142394065857,-0.8375042080879211,0.5317466855049133,1.3883312940597534,0.27815741300582886,8.451273652085652,12.214771609034042
200,200,35,target_ahead,2,"[0.019999999552965164, 0.0, 0.0, 0.0]",0.7482833862304688,-0.5344820618629456,-0.8766798973083496,0.5315263867378235,1.3772026300430298,0.06484638899564743,12.214771609034042,16.08867388589231
200,200,35,target_ahead,3,"[0.029999999329447746, 0.0, 0.0, 0.0]",0.7178199291229248,-0.5406382083892822,-0.9073501825332642,0.5235872864723206,1.3802112340927124,0.04438035935163498,16.08867388589231,20.042712613236336
200,200,35,target_left,0,"[0.0, 0.0, 0.0, 0.0]",-0.5099819898605347,-1.6788575649261475,0.8546422719955444,-0.041613683104515076,1.9521243572235107,0.0,0.0,8.62913226762706
200,200,35,target_left,1,"[0.009999999776482582, 0.0, 0.0, 0.0]",-0.8350764513015747,-1.7149369716644287,0.9726933240890503,-0.07145212590694427,2.1423349380493164,0.3490193784236908,8.62913226762706,12.818685369828017
200,200,35,target_left,2,"[0.019999999552965164, 0.0, 0.0, 0.0]",-0.6798018217086792,-1.7932891845703125,0.9582007527351379,-0.07322515547275543,2.1451170444488525,0.17453497648239136,12.818685369828017,16.782858178332337
200,200,35,target_left,3,"[0.029999999329447746, 0.0, 0.0, 0.0]",-0.6841879487037659,-1.827505111694336,0.9438673257827759,-0.046605974435806274,2.168166399002075,0.04586933180689812,16.782858178332337,20.784549839518036
200,200,35,ramp,0,"[-0.5, -0.4333333373069763, -0.36666667461395264, -0.30000001192092896]",-0.3548647463321686,-1.2652013301849365,-0.11355214565992355,0.25734779238700867,1.3437950611114502,0.0,0.0,9.499360720457483
200,200,35,ramp,1,"[-0.47999998927116394, -0.41333332657814026, -0.3466666638851166, -0.2800000011920929]",-0.5948784351348877,-1.1248433589935303,-0.01563219539821148,0.23557353019714355,1.2941762208938599,0.2955830991268158,9.499360720457483,13.289438328787242
200,200,35,ramp,2,"[-0.46000000834465027, -0.3933333456516266, -0.3266666829586029, -0.2600000202655792]",-0.7167398929595947,-1.1719415187835693,0.015360021032392979,0.2334461212158203,1.3935192823410034,0.13428884744644165,13.289438328787242,17.732149259955754
200,200,35,ramp,3,"[-0.4399999976158142, -0.3733333349227905, -0.30666667222976685, -0.24000000953674316]",-0.8096601963043213,-1.1215269565582275,0.004980691708624363,0.22856464982032776,1.4020124673843384,0.10633611679077148,17.732149259955754,22.35524776965898
225,225,35,zero_hold,0,"[0.0, 0.0, 0.0, 0.0]",-0.3994910717010498,-0.33020955324172974,-0.1282794326543808,0.6203444600105286,0.8184829950332642,0.0,0.0,5.769239306639689
225,225,35,zero_hold,1,"[0.0, 0.0, 0.0, 0.0]",-0.49321603775024414,-0.19867247343063354,-0.07099717110395432,0.8675650358200073,1.020020842552185,0.300808310508728,5.769239306639689,8.682334853011717
225,225,35,zero_hold,2,"[0.0, 0.0, 0.0, 0.0]",-0.16957098245620728,-0.386574387550354,-0.05625799670815468,0.9509868025779724,1.041986107826233,0.383705198764801,8.682334853011717,11.144659357289372
225,225,35,zero_hold,3,"[0.0, 0.0, 0.0, 0.0]",-0.10849268734455109,-0.228948712348938,-0.13163509964942932,1.0385104417800903,1.0770422220230103,0.20474010705947876,11.144659357289372,13.349522721197948
225,225,35,target_ahead,0,"[0.0, 0.0, 0.0, 0.0]",0.8642569184303284,-0.6420823335647583,-0.6713458299636841,0.3618166744709015,1.3194037675857544,0.0,0.0,8.401968963773614
225,225,35,target_ahead,1,"[0.009999999776482582, 0.0, 0.0, 0.0]",0.8419645428657532,-0.564002275466919,-0.828477144241333,0.5889845490455627,1.4353675842285156,0.28790438175201416,8.401968963773614,12.170586964711191
225,225,35,target_ahead,2,"[0.019999999552965164, 0.0, 0.0, 0.0]",0.7974033951759338,-0.5238521099090576,-0.8734496831893921,0.5751851201057434,1.4156360626220703,0.07622785121202469,12.170586964711191,16.021938801031066
225,225,35,target_ahead,3,"[0.029999999329447746, 0.0, 0.0, 0.0]",0.7639268040657043,-0.5251467227935791,-0.9075745940208435,0.5639849305152893,1.4146144390106201,0.049115292727947235,16.021938801031066,19.946044321622807
225,225,35,target_left,0,"[0.0, 0.0, 0.0, 0.0]",-0.4847972095012665,-1.6724556684494019,0.8598055243492126,-0.050146229565143585,1.9426571130752563,0.0,0.0,8.622431622383525
225,225,35,target_left,1,"[0.009999999776482582, 0.0, 0.0, 0.0]",-0.8017327189445496,-1.7013671398162842,0.9907743334770203,-0.07799027115106583,2.1272380352020264,0.3452710509300232,8.622431622383525,12.819559674156219
225,225,35,target_left,2,"[0.019999999552965164, 0.0, 0.0, 0.0]",-0.6396089196205139,-1.7746782302856445,0.9732019305229187,-0.07590451091527939,2.124021053314209,0.17880654335021973,12.819559674156219,16.75503830050457
225,225,35,target_left,3,"[0.029999999329447746, 0.0, 0.0, 0.0]",-0.6488795280456543,-1.8060027360916138,0.9566941261291504,-0.05003673583269119,2.1448676586151123,0.04481984302401543,16.75503830050457,20.716563790588424
225,225,35,ramp,0,"[-0.5, -0.4333333373069763, -0.36666667461395264, -0.30000001192092896]",-0.3620995581150055,-1.2689048051834106,-0.050948601216077805,0.2537572681903839,1.3447022438049316,0.0,0.0,9.505195561794057
225,225,35,ramp,1,"[-0.47999998927116394, -0.41333332657814026, -0.3466666638851166, -0.2800000011920929]",-0.6196431517601013,-1.1649736166000366,0.036819588392972946,0.23587030172348022,1.3409368991851807,0.29181089997291565,9.505195561794057,13.260483173310483
225,225,35,ramp,2,"[-0.46000000834465027, -0.3933333456516266, -0.3266666829586029, -0.2600000202655792]",-0.728402316570282,-1.1862759590148926,0.06724196672439575,0.23705440759658813,1.4136961698532104,0.11493158340454102,13.260483173310483,17.704560317663244
225,225,35,ramp,3,"[-0.4399999976158142, -0.3733333349227905, -0.30666667222976685, -0.24000000953674316]",-0.8159609436988831,-1.149674415588379,0.044658906757831573,0.23308560252189636,1.4296387434005737,0.09763161092996597,17.704560317663244,22.32156937248599
250,250,35,zero_hold,0,"[0.0, 0.0, 0.0, 0.0]",-0.401164710521698,-0.310715913772583,-0.13106805086135864,0.6247268915176392,0.8154385685920715,0.0,0.0,5.793719895286551
250,250,35,zero_hold,1,"[0.0, 0.0, 0.0, 0.0]",-0.489653080701828,-0.19045454263687134,-0.07854834944009781,0.870434582233429,1.0197348594665527,0.2922731339931488,5.793719895286551,8.717671975217739
250,250,35,zero_hold,2,"[0.0, 0.0, 0.0, 0.0]",-0.1736602485179901,-0.3705180585384369,-0.06813404709100723,0.9554694294929504,1.0416359901428223,0.3736491799354553,8.717671975217739,11.190934034295628
250,250,35,zero_hold,3,"[0.0, 0.0, 0.0, 0.0]",-0.1114761158823967,-0.22421079874038696,-0.15031568706035614,1.04236900806427,1.0825088024139404,0.19894230365753174,11.190934034295628,13.412383300489378
250,250,35,target_ahead,0,"[0.0, 0.0, 0.0, 0.0]",0.8390787839889526,-0.6285691261291504,-0.6482861638069153,0.34812653064727783,1.2808666229248047,0.0,0.0,8.406618986779236
250,250,35,target_ahead,1,"[0.009999999776482582, 0.0, 0.0, 0.0]",0.843700647354126,-0.5392005443572998,-0.811726450920105,0.5777996182441711,1.4125580787658691,0.29575422406196594,8.406618986779236,12.211531172082651
250,250,35,target_ahead,2,"[0.019999999552965164, 0.0, 0.0, 0.0]",0.8110039234161377,-0.5008190274238586,-0.865790069103241,0.5628076791763306,1.405308485031128,0.07543109357357025,12.211531172082651,16.06182830751571
250,250,35,target_ahead,3,"[0.029999999329447746, 0.0, 0.0, 0.0]",0.779349684715271,-0.501106321811676,-0.90205979347229,0.555679202079773,1.4074746370315552,0.04866601899266243,16.06182830751571,19.988973992260647
250,250,35,target_left,0,"[0.0, 0.0, 0.0, 0.0]",-0.4737747609615326,-1.6395667791366577,0.8707531690597534,-0.04498156160116196,1.9164749383926392,0.0,0.0,8.604904612924646
250,250,35,target_left,1,"[0.009999999776482582, 0.0, 0.0, 0.0]",-0.7802507877349854,-1.6895833015441895,0.986020028591156,-0.07527074962854385,2.107459306716919,0.33261552453041077,8.604904612924646,12.779347836842923
250,250,35,target_left,2,"[0.019999999552965164, 0.0, 0.0, 0.0]",-0.6198283433914185,-1.758628487586975,0.955646812915802,-0.07508014887571335,2.096630334854126,0.17727145552635193,12.779347836842923,16.70938220732975
250,250,35,target_left,3,"[0.029999999329447746, 0.0, 0.0, 0.0]",-0.6362919807434082,-1.7955842018127441,0.9312588572502136,-0.048726655542850494,2.1209919452667236,0.054093025624752045,16.70938220732975,20.673027269966905
250,250,35,ramp,0,"[-0.5, -0.4333333373069763, -0.36666667461395264, -0.30000001192092896]",-0.361721009016037,-1.2445662021636963,-0.050390638411045074,0.25254666805267334,1.3214031457901,0.0,0.0,9.507306005497043
250,250,35,ramp,1,"[-0.47999998927116394, -0.41333332657814026, -0.3466666638851166, -0.2800000011920929]",-0.6434389352798462,-1.1676236391067505,0.017387960106134415,0.2360806167125702,1.3540291786193848,0.30025026202201843,9.507306005497043,13.297989525497119
250,250,35,ramp,2,"[-0.46000000834465027, -0.3933333456516266, -0.3266666829586029, -0.2600000202655792]",-0.7475931644439697,-1.1921720504760742,0.037457507103681564,0.24338644742965698,1.4285690784454346,0.10911869257688522,13.297989525497119,17.773725738433544
250,250,35,ramp,3,"[-0.4399999976158142, -0.3733333349227905, -0.30666667222976685, -0.24000000953674316]",-0.8305917978286743,-1.1613173484802246,0.00803225114941597,0.24473252892494202,1.4486198425292969,0.09331904351711273,17.773725738433544,22.417186394049242
275,275,35,zero_hold,0,"[0.0, 0.0, 0.0, 0.0]",-0.3819095194339752,-0.3206935226917267,-0.12771384418010712,0.6160218119621277,0.8028031587600708,0.0,0.0,5.779986146260957
275,275,35,zero_hold,1,"[0.0, 0.0, 0.0, 0.0]",-0.47191888093948364,-0.19277122616767883,-0.07207933813333511,0.8696102499961853,1.0105867385864258,0.3030974864959717,5.779986146260957,8.684266003376045
275,275,35,zero_hold,2,"[0.0, 0.0, 0.0, 0.0]",-0.163131445646286,-0.37785327434539795,-0.05608595907688141,0.9550932049751282,1.0415054559707642,0.37036222219467163,8.684266003376045,11.136157058545724
275,275,35,zero_hold,3,"[0.0, 0.0, 0.0, 0.0]",-0.09352648258209229,-0.22509439289569855,-0.13693782687187195,1.0437191724777222,1.0805166959762573,0.2063291370868683,11.136157058545724,13.34633876989762
275,275,35,target_ahead,0,"[0.0, 0.0, 0.0, 0.0]",0.8464710712432861,-0.6191135048866272,-0.6356782913208008,0.32507815957069397,1.2686913013458252,0.0,0.0,8.44836007220897
275,275,35,target_ahead,1,"[0.009999999776482582, 0.0, 0.0, 0.0]",0.8631690740585327,-0.5291032195091248,-0.7943955659866333,0.5675638318061829,1.4064863920211792,0.3039262294769287,8.44836007220897,12.281550406504538
275,275,35,target_ahead,2,"[0.019999999552965164, 0.0, 0.0, 0.0]",0.834435760974884,-0.4884594976902008,-0.8504136204719543,0.557182252407074,1.403043508529663,0.0756525993347168,12.281550406504538,16.16600182727058
275,275,35,target_ahead,3,"[0.029999999329447746, 0.0, 0.0, 0.0]",0.7992602586746216,-0.48838308453559875,-0.8894858360290527,0.5478692650794983,1.4030969142913818,0.05339186638593674,16.16600182727058,20.125377853356607
275,275,35,target_left,0,"[0.0, 0.0, 0.0, 0.0]",-0.44279980659484863,-1.6081839799880981,0.8914315700531006,-0.08558624982833862,1.8932254314422607,0.0,0.0,8.59653976478225
275,275,35,target_left,1,"[0.009999999776482582, 0.0, 0.0, 0.0]",-0.694952130317688,-1.6851791143417358,0.9901657104492188,-0.12521067261695862,2.0781946182250977,0.28430190682411194,8.59653976478225,12.786483813901414
275,275,35,target_left,2,"[0.019999999552965164, 0.0, 0.0, 0.0]",-0.54982590675354,-1.7499120235443115,0.955060601234436,-0.12230333685874939,2.071617603302002,0.16276606917381287,12.786483813901414,16.72572213059464
275,275,35,target_left,3,"[0.029999999329447746, 0.0, 0.0, 0.0]",-0.5637480616569519,-1.783791422843933,0.9249695539474487,-0.10111716389656067,2.0893819332122803,0.05192268267273903,16.72572213059464,20.696436780168458
275,275,35,ramp,0,"[-0.5, -0.4333333373069763, -0.36666667461395264, -0.30000001192092896]",-0.28083816170692444,-1.2491317987442017,-0.0346120148897171,0.2153293937444687,1.298755168914795,0.0,0.0,9.544573474536271
275,275,35,ramp,1,"[-0.47999998927116394, -0.41333332657814026, -0.3466666638851166, -0.2800000011920929]",-0.5774560570716858,-1.1834126710891724,0.03151988983154297,0.17651349306106567,1.3289363384246826,0.3133389353752136,9.544573474536271,13.343414779085817
275,275,35,ramp,2,"[-0.46000000834465027, -0.3933333456516266, -0.3266666829586029, -0.2600000202655792]",-0.6979359984397888,-1.211859107017517,0.05695536732673645,0.19065463542938232,1.4125545024871826,0.12716741859912872,13.343414779085817,17.835876660843205
275,275,35,ramp,3,"[-0.4399999976158142, -0.3733333349227905, -0.30666667222976685, -0.24000000953674316]",-0.7818495631217957,-1.1767443418502808,0.03432066738605499,0.19849330186843872,1.4270926713943481,0.09406544268131256,17.835876660843205,22.484765435513044
300,300,35,zero_hold,0,"[0.0, 0.0, 0.0, 0.0]",-0.367524653673172,-0.3283640742301941,-0.11635144054889679,0.6404232978820801,0.8164416551589966,0.0,0.0,5.746782384381041
300,300,35,zero_hold,1,"[0.0, 0.0, 0.0, 0.0]",-0.470848023891449,-0.18855883181095123,-0.06975217163562775,0.9002424478530884,1.0356419086456299,0.31606757640838623,5.746782384381041,8.642086766914286
300,300,35,zero_hold,2,"[0.0, 0.0, 0.0, 0.0]",-0.18459762632846832,-0.3823348581790924,-0.04825538769364357,0.9771624803543091,1.0665042400360107,0.3547777533531189,8.642086766914286,11.060756776069537
300,300,35,zero_hold,3,"[0.0, 0.0, 0.0, 0.0]",-0.10097012668848038,-0.21875034272670746,-0.11509433388710022,1.0617576837539673,1.0948163270950317,0.21301935613155365,11.060756776069537,13.24587963246382
300,300,35,target_ahead,0,"[0.0, 0.0, 0.0, 0.0]",0.829312801361084,-0.5873516201972961,-0.6305628418922424,0.32037538290023804,1.238140344619751,0.0,0.0,8.465111580240835
300,300,35,target_ahead,1,"[0.009999999776482582, 0.0, 0.0, 0.0]",0.8255237936973572,-0.5011563897132874,-0.8015407919883728,0.5377025604248047,1.3653713464736938,0.2896696925163269,8.465111580240835,12.311020067144321
300,300,35,target_ahead,2,"[0.019999999552965164, 0.0, 0.0, 0.0]",0.8038462400436401,-0.46607401967048645,-0.8671978116035461,0.5374302268028259,1.3799482583999634,0.07753455638885498,12.311020067144321,16.16010742920458
300,300,35,target_ahead,3,"[0.029999999329447746, 0.0, 0.0, 0.0]",0.7737851142883301,-0.4672386348247528,-0.9110285043716431,0.5394837260246277,1.392146110534668,0.053201258182525635,16.16010742920458,20.093947281152833
300,300,35,target_left,0,"[0.0, 0.0, 0.0, 0.0]",-0.44905591011047363,-1.5912364721298218,0.902276337146759,-0.07093226909637451,1.884892225265503,0.0,0.0,8.589110912158748
300,300,35,target_left,1,"[0.009999999776482582, 0.0, 0.0, 0.0]",-0.6529040932655334,-1.668462872505188,0.9932705760002136,-0.13118617236614227,2.0527660846710205,0.24377958476543427,8.589110912158748,12.747074302924588
300,300,35,target_left,2,"[0.019999999552965164, 0.0, 0.0, 0.0]",-0.5096803307533264,-1.7297841310501099,0.9520388841629028,-0.12336637079715729,2.0429205894470215,0.1613522320985794,12.747074302924588,16.68033223345878
300,300,35,target_left,3,"[0.029999999329447746, 0.0, 0.0, 0.0]",-0.5285950899124146,-1.760574221611023,0.9180406928062439,-0.10139508545398712,2.0572102069854736,0.0542624369263649,16.68033223345878,20.64041849032693
300,300,35,ramp,0,"[-0.5, -0.4333333373069763, -0.36666667461395264, -0.30000001192092896]",-0.2493707239627838,-1.237075924873352,-0.020353691652417183,0.2589252293109894,1.2884095907211304,0.0,0.0,9.582697358465497
300,300,35,ramp,1,"[-0.47999998927116394, -0.41333332657814026, -0.3466666638851166, -0.2800000011920929]",-0.5429682731628418,-1.173214316368103,0.03633489832282066,0.19679638743400574,1.3081648349761963,0.3120118975639343,9.582697358465497,13.350265501708368
300,300,35,ramp,2,"[-0.46000000834465027, -0.3933333456516266, -0.3266666829586029, -0.2600000202655792]",-0.6647602915763855,-1.199471354484558,0.05983390286564827,0.20904164016246796,1.3884942531585693,0.12737691402435303,13.350265501708368,17.850728557116426
300,300,35,ramp,3,"[-0.4399999976158142, -0.3733333349227905, -0.30666667222976685, -0.24000000953674316]",-0.7436102032661438,-1.1629430055618286,0.0508042611181736,0.21490736305713654,1.3979122638702393,0.08756466209888458,17.850728557116426,22.502185737567086
325,325,35,zero_hold,0,"[0.0, 0.0, 0.0, 0.0]",-0.3564887046813965,-0.33961883187294006,-0.12659718096256256,0.6364030838012695,0.8145310878753662,0.0,0.0,5.734680179966799
325,325,35,zero_hold,1,"[0.0, 0.0, 0.0, 0.0]",-0.46085330843925476,-0.19728152453899384,-0.0748256966471672,0.8854386806488037,1.0202481746673584,0.3095979392528534,5.734680179966799,8.628847266147623
325,325,35,zero_hold,2,"[0.0, 0.0, 0.0, 0.0]",-0.16604048013687134,-0.3910648822784424,-0.05649148300290108,0.9673463106155396,1.0580413341522217,0.3626452684402466,8.628847266147623,11.065189166731491
325,325,35,zero_hold,3,"[0.0, 0.0, 0.0, 0.0]",-0.06903053820133209,-0.21883529424667358,-0.12363933026790619,1.0578645467758179,1.0895036458969116,0.2275441586971283,11.065189166731491,13.2621072722833
325,325,35,target_ahead,0,"[0.0, 0.0, 0.0, 0.0]",0.8851598501205444,-0.5956822633743286,-0.6268796324729919,0.3564152717590332,1.287771463394165,0.0,0.0,8.475452021996471
325,325,35,target_ahead,1,"[0.009999999776482582, 0.0, 0.0, 0.0]",0.8525128364562988,-0.5192484259605408,-0.8065096139907837,0.5512368679046631,1.3966807126998901,0.2777235209941864,8.475452021996471,12.379072057472422
325,325,35,target_ahead,2,"[0.019999999552965164, 0.0, 0.0, 0.0]",0.8153558969497681,-0.4930301010608673,-0.871845543384552,0.5413373708724976,1.400373101234436,0.08021734654903412,12.379072057472422,16.283656119896072
325,325,35,target_ahead,3,"[0.029999999329447746, 0.0, 0.0, 0.0]",0.7834901809692383,-0.49745240807533264,-0.9133108258247375,0.5413912534713745,1.4101619720458984,0.05248193070292473,16.283656119896072,20.26079922325086
325,325,35,target_left,0,"[0.0, 0.0, 0.0, 0.0]",-0.4509381353855133,-1.5854982137680054,0.890769362449646,-0.05334142595529556,1.8744239807128906,0.0,0.0,8.590787664145227
325,325,35,target_left,1,"[0.009999999776482582, 0.0, 0.0, 0.0]",-0.6751090884208679,-1.6530805826187134,1.0154292583465576,-0.11097452789545059,2.0571484565734863,0.2714436650276184,8.590787664145227,12.729264463039568
325,325,35,target_left,2,"[0.019999999552965164, 0.0, 0.0, 0.0]",-0.5138257741928101,-1.7045916318893433,0.990123987197876,-0.10257882624864578,2.0397346019744873,0.17139585316181183,12.729264463039568,16.63192323917136
325,325,35,target_left,3,"[0.029999999329447746, 0.0, 0.0, 0.0]",-0.5369020104408264,-1.731674075126648,0.9664113521575928,-0.07820919901132584,2.0559732913970947,0.04921523481607437,16.63192323917136,20.556371047325104
325,325,35,ramp,0,"[-0.5, -0.4333333373069763, -0.36666667461395264, -0.30000001192092896]",-0.26476386189460754,-1.234075665473938,-0.03568846359848976,0.2744225859642029,1.2921392917633057,0.0,0.0,9.59943202583648
325,325,35,ramp,1,"[-0.47999998927116394, -0.41333332657814026, -0.3466666638851166, -0.2800000011920929]",-0.5683907866477966,-1.1871360540390015,0.009662946686148643,0.21564091742038727,1.333774447441101,0.31607699394226074,9.59943202583648,13.356698315018027
325,325,35,ramp,2,"[-0.46000000834465027, -0.3933333456516266, -0.3266666829586029, -0.2600000202655792]",-0.6838460564613342,-1.2146267890930176,0.03192561864852905,0.22089512646198273,1.411657691001892,0.12086725234985352,13.356698315018027,17.85717699536822
325,325,35,ramp,3,"[-0.4399999976158142, -0.3733333349227905, -0.30666667222976685, -0.24000000953674316]",-0.7556374073028564,-1.1894766092300415,0.0340956375002861,0.2225487232208252,1.427071452140808,0.07611815631389618,17.85717699536822,22.536142030997173
350,350,35,zero_hold,0,"[0.0, 0.0, 0.0, 0.0]",-0.3417778015136719,-0.33304351568222046,-0.1369951367378235,0.6197941303253174,0.7941300272941589,0.0,0.0,5.751495039120733
350,350,35,zero_hold,1,"[0.0, 0.0, 0.0, 0.0]",-0.4539663791656494,-0.19649457931518555,-0.09658968448638916,0.8681245446205139,1.0038254261016846,0.30746135115623474,5.751495039120733,8.62423211114543
350,350,35,zero_hold,2,"[0.0, 0.0, 0.0, 0.0]",-0.16781291365623474,-0.38573500514030457,-0.08152156323194504,0.9525067806243896,1.0444461107254028,0.3536144196987152,8.62423211114543,11.064157633845351
350,350,35,zero_hold,3,"[0.0, 0.0, 0.0, 0.0]",-0.0774436965584755,-0.21564847230911255,-0.1510079801082611,1.0404587984085083,1.0760388374328613,0.22284510731697083,11.064157633845351,13.26918530296161
350,350,35,target_ahead,0,"[0.0, 0.0, 0.0, 0.0]",0.9056116938591003,-0.5972143411636353,-0.6338809728622437,0.371398001909256,1.3101675510406494,0.0,0.0,8.470031888248053
350,350,35,target_ahead,1,"[0.009999999776482582, 0.0, 0.0, 0.0]",0.8852585554122925,-0.5221996307373047,-0.8195356130599976,0.5684707164764404,1.4321916103363037,0.28168556094169617,8.470031888248053,12.31927149876668
350,350,35,target_ahead,2,"[0.019999999552965164, 0.0, 0.0, 0.0]",0.8544977307319641,-0.49952882528305054,-0.8899881839752197,0.5623182058334351,1.4449831247329712,0.08038415014743805,12.31927149876668,16.161143232969508
350,350,35,target_ahead,3,"[0.029999999329447746, 0.0, 0.0, 0.0]",0.8206146955490112,-0.5056065320968628,-0.9347479939460754,0.5589433908462524,1.4543788433074951,0.056567028164863586,16.161143232969508,20.094795413873346
350,350,35,target_left,0,"[0.0, 0.0, 0.0, 0.0]",-0.42539963126182556,-1.55605149269104,0.8671433329582214,-0.06612983345985413,1.8326407670974731,0.0,0.0,8.567336941814519
350,350,35,target_left,1,"[0.009999999776482582, 0.0, 0.0, 0.0]",-0.6574196815490723,-1.6303644180297852,0.985614001750946,-0.1261436939239502,2.019315719604492,0.2774755358695984,8.567336941814519,12.672180035224164
350,350,35,target_left,2,"[0.019999999552965164, 0.0, 0.0, 0.0]",-0.49208560585975647,-1.6799505949020386,0.9572948813438416,-0.11614161729812622,1.9985706806182861,0.17520318925380707,12.672180035224164,16.568567160885383
350,350,35,target_left,3,"[0.029999999329447746, 0.0, 0.0, 0.0]",-0.5175742506980896,-1.7087969779968262,0.9319688081741333,-0.09198111295700073,2.0161588191986084,0.0520281158387661,16.568567160885383,20.479208230228146
350,350,35,ramp,0,"[-0.5, -0.4333333373069763, -0.36666667461395264, -0.30000001192092896]",-0.26808395981788635,-1.223134160041809,-0.0632556900382042,0.2702782154083252,1.2825669050216675,0.0,0.0,9.574755076600857
350,350,35,ramp,1,"[-0.47999998927116394, -0.41333332657814026, -0.3466666638851166, -0.2800000011920929]",-0.5752770304679871,-1.1913788318634033,-0.017192400991916656,0.21818959712982178,1.3409807682037354,0.3165612816810608,9.574755076600857,13.361671856429693
350,350,35,ramp,2,"[-0.46000000834465027, -0.3933333456516266, -0.3266666829586029, -0.2600000202655792]",-0.6839491128921509,-1.2142078876495361,0.0008106944151222706,0.21713761985301971,1.4104030132293701,0.11249891668558121,13.361671856429693,17.87160741621898
350,350,35,ramp,3,"[-0.4399999976158142, -0.3733333349227905, -0.30666667222976685, -0.24000000953674316]",-0.7579240798950195,-1.1950602531433105,-0.0015457901172339916,0.21504507958889008,1.4313855171203613,0.07647783309221268,17.87160741621898,22.56355077641813
375,375,35,zero_hold,0,"[0.0, 0.0, 0.0, 0.0]",-0.3235991299152374,-0.32962480187416077,-0.14968302845954895,0.6239721775054932,0.790642261505127,0.0,0.0,5.724694873763985
375,375,35,zero_hold,1,"[0.0, 0.0, 0.0, 0.0]",-0.42911654710769653,-0.20375260710716248,-0.11256895959377289,0.8693731427192688,0.997064471244812,0.2976185977458954,5.724694873763985,8.585231204871087
375,375,35,zero_hold,2,"[0.0, 0.0, 0.0, 0.0]",-0.13776655495166779,-0.38739854097366333,-0.10275904834270477,0.9556995034217834,1.045456051826477,0.35518887639045715,8.585231204871087,11.024565072103119
375,375,35,zero_hold,3,"[0.0, 0.0, 0.0, 0.0]",-0.06169489771127701,-0.22561073303222656,-0.17517563700675964,1.044435739517212,1.0845454931259155,0.21232163906097412,11.024565072103119,13.229054627594895
375,375,35,target_ahead,0,"[0.0, 0.0, 0.0, 0.0]",0.9273073673248291,-0.5698758363723755,-0.628730297088623,0.35561081767082214,1.3062994480133057,0.0,0.0,8.499933077503913
375,375,35,target_ahead,1,"[0.009999999776482582, 0.0, 0.0, 0.0]",0.9224969744682312,-0.49275293946266174,-0.8172267079353333,0.5573197603225708,1.4395384788513184,0.2866853177547455,8.499933077503913,12.350121247256485
375,375,35,target_ahead,2,"[0.019999999552965164, 0.0, 0.0, 0.0]",0.8985327482223511,-0.47409430146217346,-0.8863933682441711,0.56910640001297,1.4634554386138916,0.07645509392023087,12.350121247256485,16.215724617441307
375,375,35,target_ahead,3,"[0.029999999329447746, 0.0, 0.0, 0.0]",0.8656693696975708,-0.48201271891593933,-0.9324426651000977,0.5709488987922668,1.4755173921585083,0.05715448781847954,16.215724617441307,20.17351615475165
375,375,35,target_left,0,"[0.0, 0.0, 0.0, 0.0]",-0.4233948588371277,-1.5505781173706055,0.8512752652168274,-0.04490034282207489,1.8194068670272827,0.0,0.0,8.557071013752427
375,375,35,target_left,1,"[0.009999999776482582, 0.0, 0.0, 0.0]",-0.6497132182121277,-1.6615797281265259,0.9780248403549194,-0.14123234152793884,2.03947377204895,0.29813867807388306,8.557071013752427,12.687801267996674
375,375,35,target_left,2,"[0.019999999552965164, 0.0, 0.0, 0.0]",-0.4954012930393219,-1.7085363864898682,0.9498392939567566,-0.12883910536766052,2.020720958709717,0.16421058773994446,12.687801267996674,16.581900552112764
375,375,35,target_left,3,"[0.029999999329447746, 0.0, 0.0, 0.0]",-0.52313631772995,-1.7393465042114258,0.9243566989898682,-0.10519227385520935,2.04071044921875,0.054102033376693726,16.581900552112764,20.50167261497585
375,375,35,ramp,0,"[-0.5, -0.4333333373069763, -0.36666667461395264, -0.30000001192092896]",-0.2849201560020447,-1.2247228622436523,-0.08404827117919922,0.2624107897281647,1.2872642278671265,0.0,0.0,9.594770583671986
375,375,35,ramp,1,"[-0.47999998927116394, -0.41333332657814026, -0.3466666638851166, -0.2800000011920929]",-0.5477927923202515,-1.169569730758667,-0.029310205951333046,0.18328414857387543,1.3047690391540527,0.28530892729759216,9.594770583671986,13.372526999790292
375,375,35,ramp,2,"[-0.46000000834465027, -0.3933333456516266, -0.3266666829586029, -0.2600000202655792]",-0.6629483103752136,-1.2106834650039673,-0.010289126075804234,0.19187334179878235,1.3936197757720947,0.12404316663742065,13.372526999790292,17.874381785869073
375,375,35,ramp,3,"[-0.4399999976158142, -0.3733333349227905, -0.30666667222976685, -0.24000000953674316]",-0.7455414533615112,-1.192866563796997,-0.013316729106009007,0.19593113660812378,1.420327067375183,0.08464455604553223,17.874381785869073,22.570202949007154
400,400,35,zero_hold,0,"[0.0, 0.0, 0.0, 0.0]",-0.31134819984436035,-0.3191710114479065,-0.15691472589969635,0.6479745507240295,0.8020605444908142,0.0,0.0,5.7351801581602055
400,400,35,zero_hold,1,"[0.0, 0.0, 0.0, 0.0]",-0.392273485660553,-0.18928992748260498,-0.11969520896673203,0.8966953158378601,1.0040411949157715,0.2943897247314453,5.7351801581602055,8.594265401422856
400,400,35,zero_hold,2,"[0.0, 0.0, 0.0, 0.0]",-0.11702712625265121,-0.3665793240070343,-0.10831186920404434,0.9868046641349792,1.0647021532058716,0.33976662158966064,8.594265401422856,11.008332061990686
400,400,35,zero_hold,3,"[0.0, 0.0, 0.0, 0.0]",-0.048542194068431854,-0.21592015027999878,-0.17807355523109436,1.0739223957061768,1.1108543872833252,0.19961103796958923,11.008332061990686,13.194178748040741
400,400,35,target_ahead,0,"[0.0, 0.0, 0.0, 0.0]",0.9370885491371155,-0.542281985282898,-0.6372305750846863,0.36932969093322754,1.3094547986984253,0.0,0.0,8.470897771891517
400,400,35,target_ahead,1,"[0.009999999776482582, 0.0, 0.0, 0.0]",0.9307057857513428,-0.4564927816390991,-0.8054912090301514,0.584815263748169,1.4371583461761475,0.2866115868091583,8.470897771891517,12.293805271216454
400,400,35,target_ahead,2,"[0.019999999552965164, 0.0, 0.0, 0.0]",0.9046493172645569,-0.4431414306163788,-0.8670695424079895,0.5953856706619263,1.4563853740692139,0.06899871677160263,12.293805271216454,16.130174118895557
400,400,35,target_ahead,3,"[0.029999999329447746, 0.0, 0.0, 0.0]",0.8709693551063538,-0.45186853408813477,-0.9107916951179504,0.599291205406189,1.4667870998382568,0.056012336164712906,16.130174118895557,20.05694925287471
400,400,35,target_left,0,"[0.0, 0.0, 0.0, 0.0]",-0.38916337490081787,-1.5021607875823975,0.842481791973114,-0.011182038113474846,1.7657394409179688,0.0,0.0,8.5668829198711
400,400,35,target_left,1,"[0.009999999776482582, 0.0, 0.0, 0.0]",-0.5678311586380005,-1.6239111423492432,0.9784752726554871,-0.1199774444103241,1.9827576875686646,0.2776256203651428,8.5668829198711,12.704872814808613
400,400,35,target_left,2,"[0.019999999552965164, 0.0, 0.0, 0.0]",-0.4142484962940216,-1.662034511566162,0.9618189334869385,-0.1043187826871872,1.967215895652771,0.15988637506961823,12.704872814808613,16.60125604275938
400,400,35,target_left,3,"[0.029999999329447746, 0.0, 0.0, 0.0]",-0.4409253001213074,-1.6879751682281494,0.9448031783103943,-0.08116000890731812,1.9856774806976318,0.04701525717973709,16.60125604275938,20.511154954031195
400,400,35,ramp,0,"[-0.5, -0.4333333373069763, -0.36666667461395264, -0.30000001192092896]",-0.2481410652399063,-1.219243049621582,-0.09091785550117493,0.29241183400154114,1.2813658714294434,0.0,0.0,9.598573875873077
400,400,35,ramp,1,"[-0.47999998927116394, -0.41333332657814026, -0.3466666638851166, -0.2800000011920929]",-0.496072918176651,-1.1315686702728271,-0.02249220944941044,0.24432533979415894,1.259657382965088,0.2759553790092468,9.598573875873077,13.355199508303475
400,400,35,ramp,2,"[-0.46000000834465027, -0.3933333456516266, -0.3266666829586029, -0.2600000202655792]",-0.6073252558708191,-1.1873793601989746,-0.004578227177262306,0.23932918906211853,1.354995608329773,0.12584827840328217,13.355199508303475,17.820719306519926
400,400,35,ramp,3,"[-0.4399999976158142, -0.3733333349227905, -0.30666667222976685, -0.24000000953674316]",-0.6912211775779724,-1.1807339191436768,-0.0037513989955186844,0.23649242520332336,1.388474702835083,0.08421055972576141,17.820719306519926,22.475252597037823
425,425,35,zero_hold,0,"[0.0, 0.0, 0.0, 0.0]",-0.29516369104385376,-0.3131135404109955,-0.16518376767635345,0.6416695713996887,0.7900551557540894,0.0,0.0,5.715196816141635
425,425,35,zero_hold,1,"[0.0, 0.0, 0.0, 0.0]",-0.37331652641296387,-0.19742733240127563,-0.12084940075874329,0.8782384395599365,0.9819623827934265,0.27824723720550537,5.715196816141635,8.56593644760621
425,425,35,zero_hold,2,"[0.0, 0.0, 0.0, 0.0]",-0.1221611350774765,-0.3639664053916931,-0.10305272787809372,0.9793323278427124,1.0569325685501099,0.3183566927909851,8.56593644760621,10.971614607999534
425,425,35,zero_hold,3,"[0.0, 0.0, 0.0, 0.0]",-0.03617887571454048,-0.22577622532844543,-0.1733350157737732,1.0681428909301758,1.1060099601745605,0.1982836127281189,10.971614607999534,13.145349043999628
425,425,35,target_ahead,0,"[0.0, 0.0, 0.0, 0.0]",0.9381605982780457,-0.54979407787323,-0.6437236070632935,0.3658181130886078,1.3155310153961182,0.0,0.0,8.466880751124569
425,425,35,target_ahead,1,"[0.009999999776482582, 0.0, 0.0, 0.0]",0.9280597567558289,-0.46520695090293884,-0.8155902624130249,0.5662106275558472,1.436486840248108,0.2774028182029724,8.466880751124569,12.326304955842902
425,425,35,target_ahead,2,"[0.019999999552965164, 0.0, 0.0, 0.0]",0.90390944480896,-0.4572618007659912,-0.881321370601654,0.5613815784454346,1.45534086227417,0.07064178586006165,12.326304955842902,16.237554736899067
425,425,35,target_ahead,3,"[0.029999999329447746, 0.0, 0.0, 0.0]",0.8711762428283691,-0.4689006805419922,-0.9247388243675232,0.5607600212097168,1.465745449066162,0.055609241127967834,16.237554736899067,20.23083964565358
425,425,35,target_left,0,"[0.0, 0.0, 0.0, 0.0]",-0.3470090329647064,-1.525809645652771,0.8140237927436829,-0.005463115870952606,1.7638522386550903,0.0,0.0,8.5845924253829
425,425,35,target_left,1,"[0.009999999776482582, 0.0, 0.0, 0.0]",-0.5412300825119019,-1.630745530128479,0.9758784770965576,-0.10771717876195908,1.9789397716522217,0.2922091484069824,8.5845924253829,12.74065329144479
425,425,35,target_left,2,"[0.019999999552965164, 0.0, 0.0, 0.0]",-0.36923202872276306,-1.6690140962600708,0.9675412178039551,-0.08927758783102036,1.966226577758789,0.17736217379570007,12.74065329144479,16.665862870932752
425,425,35,target_left,3,"[0.029999999329447746, 0.0, 0.0, 0.0]",-0.4007861614227295,-1.6899884939193726,0.9578089714050293,-0.061914436519145966,1.984419822692871,0.04773936793208122,16.665862870932752,20.583060203564827
425,425,35,ramp,0,"[-0.5, -0.4333333373069763, -0.36666667461395264, -0.30000001192092896]",-0.303799033164978,-1.228217363357544,-0.07222265005111694,0.32309579849243164,1.307829737663269,0.0,0.0,9.564895172978297
425,425,35,ramp,1,"[-0.47999998927116394, -0.41333332657814026, -0.3466666638851166, -0.2800000011920929]",-0.5487316846847534,-1.1026583909988403,-0.009989269077777863,0.27305757999420166,1.2615950107574463,0.2865900695323944,9.564895172978297,13.345586987288215
425,425,35,ramp,2,"[-0.46000000834465027, -0.3933333456516266, -0.3266666829586029, -0.2600000202655792]",-0.6414027810096741,-1.1958256959915161,0.0002562771551311016,0.24867215752601624,1.37957763671875,0.1340436488389969,13.345586987288215,17.832457961952194
425,425,35,ramp,3,"[-0.4399999976158142, -0.3733333349227905, -0.30666667222976685, -0.24000000953674316]",-0.7067270278930664,-1.174426555633545,-0.0038534034974873066,0.24701756238937378,1.3927574157714844,0.06888256222009659,17.832457961952194,22.507321616807634
450,450,35,zero_hold,0,"[0.0, 0.0, 0.0, 0.0]",-0.3115372061729431,-0.3093530237674713,-0.17773960530757904,0.6235386729240417,0.7830367684364319,0.0,0.0,5.750592169012255
450,450,35,zero_hold,1,"[0.0, 0.0, 0.0, 0.0]",-0.3826417922973633,-0.19112509489059448,-0.12497816234827042,0.853927493095398,0.9632005095481873,0.2736722230911255,5.750592169012255,8.624442351885373
450,450,35,zero_hold,2,"[0.0, 0.0, 0.0, 0.0]",-0.11447501182556152,-0.3415437340736389,-0.11226265877485275,0.9629935622215271,1.0342708826065063,0.3264908492565155,8.624442351885373,11.053931244628327
450,450,35,zero_hold,3,"[0.0, 0.0, 0.0, 0.0]",-0.04296017438173294,-0.22833707928657532,-0.19043955206871033,1.0607305765151978,1.1024518013000488,0.18328739702701569,11.053931244628327,13.246314543930234
450,450,35,target_ahead,0,"[0.0, 0.0, 0.0, 0.0]",0.9215676188468933,-0.5800365805625916,-0.6872347593307495,0.3634963929653168,1.3379650115966797,0.0,0.0,8.464185920010415
450,450,35,target_ahead,1,"[0.009999999776482582, 0.0, 0.0, 0.0]",0.914292573928833,-0.49105387926101685,-0.8618758320808411,0.5696064233779907,1.4643586874008179,0.28452011942863464,8.464185920010415,12.340173919194138
450,450,35,target_ahead,2,"[0.019999999552965164, 0.0, 0.0, 0.0]",0.8882467150688171,-0.4749489426612854,-0.9240980744361877,0.5546227693557739,1.4751685857772827,0.07094979286193848,12.340173919194138,16.30020205335841
450,450,35,target_ahead,3,"[0.029999999329447746, 0.0, 0.0, 0.0]",0.8554566502571106,-0.48268991708755493,-0.9675256013870239,0.5505320429801941,1.4845830202102661,0.0551161989569664,16.30020205335841,20.345477645419255
450,450,35,target_left,0,"[0.0, 0.0, 0.0, 0.0]",-0.35673636198043823,-1.5356661081314087,0.7647084593772888,-0.028958091512322426,1.7524694204330444,0.0,0.0,8.560186399505207
450,450,35,target_left,1,"[0.009999999776482582, 0.0, 0.0, 0.0]",-0.5535943508148193,-1.6418551206588745,0.9263148307800293,-0.12207265943288803,1.9685313701629639,0.29123204946517944,8.560186399505207,12.747007865621466
450,450,35,target_left,2,"[0.019999999552965164, 0.0, 0.0, 0.0]",-0.3827018141746521,-1.6819652318954468,0.9186893701553345,-0.10124997049570084,1.956964373588562,0.17693164944648743,12.747007865621466,16.695023653793662
450,450,35,target_left,3,"[0.029999999329447746, 0.0, 0.0, 0.0]",-0.4119355082511902,-1.7023414373397827,0.9122036099433899,-0.07220383733510971,1.9761037826538086,0.04642781242728233,16.695023653793662,20.637237345491535
450,450,35,ramp,0,"[-0.5, -0.4333333373069763, -0.36666667461395264, -0.30000001192092896]",-0.3422876000404358,-1.2049492597579956,-0.09813351929187775,0.35276585817337036,1.30504310131073,0.0,0.0,9.513556411011882
450,450,35,ramp,1,"[-0.47999998927116394, -0.41333332657814026, -0.3466666638851166, -0.2800000011920929]",-0.5241743922233582,-1.0364185571670532,-0.012432115152478218,0.2805604934692383,1.1949020624160767,0.2721098065376282,9.513556411011882,13.267173818176813
450,450,35,ramp,2,"[-0.46000000834465027, -0.3933333456516266, -0.3266666829586029, -0.2600000202655792]",-0.6181417107582092,-1.1654667854309082,-0.0042275129817426205,0.25182250142097473,1.343072772026062,0.16240839660167694,13.267173818176813,17.76117971995398
450,450,35,ramp,3,"[-0.4399999976158142, -0.3733333349227905, -0.30666667222976685, -0.24000000953674316]",-0.6829734444618225,-1.1335365772247314,-0.011278437450528145,0.25398120284080505,1.3475873470306396,0.07264342904090881,17.76117971995398,22.43232184794897
475,475,35,zero_hold,0,"[0.0, 0.0, 0.0, 0.0]",-0.28229668736457825,-0.3383465111255646,-0.17591194808483124,0.638575553894043,0.7955460548400879,0.0,0.0,5.702681996270757
475,475,35,zero_hold,1,"[0.0, 0.0, 0.0, 0.0]",-0.35768404603004456,-0.2116689532995224,-0.12452004849910736,0.8958837389945984,0.9954167604446411,0.3009636104106903,5.702681996270757,8.547948941009032
475,475,35,zero_hold,2,"[0.0, 0.0, 0.0, 0.0]",-0.08196970820426941,-0.3710232973098755,-0.11545990407466888,1.0067647695541382,1.0822585821151733,0.3373260796070099,8.547948941009032,10.952695968594384
475,475,35,zero_hold,3,"[0.0, 0.0, 0.0, 0.0]",-0.013068659231066704,-0.24916580319404602,-0.1956663578748703,1.1047641038894653,1.1493664979934692,0.18876850605010986,10.952695968594384,13.116484612786579
475,475,35,target_ahead,0,"[0.0, 0.0, 0.0, 0.0]",0.965104877948761,-0.6091760396957397,-0.6812314391136169,0.38025110960006714,1.382457971572876,0.0,0.0,8.465345764096323
475,475,35,target_ahead,1,"[0.009999999776482582, 0.0, 0.0, 0.0]",0.9504216313362122,-0.5268517136573792,-0.8579209446907043,0.5701353549957275,1.4973164796829224,0.2725217342376709,8.465345764096323,12.29786025834727
475,475,35,target_ahead,2,"[0.019999999552965164, 0.0, 0.0, 0.0]",0.9183754920959473,-0.5008048415184021,-0.9119004607200623,0.5409234762191772,1.4894225597381592,0.07397645711898804,12.29786025834727,16.273473770228353
475,475,35,target_ahead,3,"[0.029999999329447746, 0.0, 0.0, 0.0]",0.8834823369979858,-0.5075758099555969,-0.9552591443061829,0.5269513726234436,1.4927732944488525,0.05778038874268532,16.273473770228353,20.343134841642403
475,475,35,target_left,0,"[0.0, 0.0, 0.0, 0.0]",-0.35400208830833435,-1.5477283000946045,0.7481424808502197,-0.010542459785938263,1.7551662921905518,0.0,0.0,8.568619450360517
475,475,35,target_left,1,"[0.009999999776482582, 0.0, 0.0, 0.0]",-0.5706435441970825,-1.6576855182647705,0.9047380089759827,-0.09728909283876419,1.9752395153045654,0.3017801344394684,8.568619450360517,12.742550656258734
475,475,35,target_left,2,"[0.019999999552965164, 0.0, 0.0, 0.0]",-0.39491546154022217,-1.697789192199707,0.9011104702949524,-0.07820714265108109,1.963813304901123,0.1812896728515625,12.742550656258734,16.687544406434462
475,475,35,target_left,3,"[0.029999999329447746, 0.0, 0.0, 0.0]",-0.42866238951683044,-1.7198896408081055,0.8985766172409058,-0.045262642204761505,1.987777829170227,0.05214446783065796,16.687544406434462,20.622892961140376
475,475,35,ramp,0,"[-0.5, -0.4333333373069763, -0.36666667461395264, -0.30000001192092896]",-0.2972896099090576,-1.2001311779022217,-0.09656593203544617,0.3289894163608551,1.2830647230148315,0.0,0.0,9.54158540708703
475,475,35,ramp,1,"[-0.47999998927116394, -0.41333332657814026, -0.3466666638851166, -0.2800000011920929]",-0.4768395721912384,-1.056921362876892,-0.02619967982172966,0.2676005959510803,1.1902753114700317,0.24792587757110596,9.54158540708703,13.31591704044482
475,475,35,ramp,2,"[-0.46000000834465027, -0.3933333456516266, -0.3266666829586029, -0.2600000202655792]",-0.5794364213943481,-1.1630529165267944,-0.024623248726129532,0.25006207823753357,1.323471188545227,0.1486610323190689,13.31591704044482,17.83353693133407
475,475,35,ramp,3,"[-0.4399999976158142, -0.3733333349227905, -0.30666667222976685, -0.24000000953674316]",-0.6549655199050903,-1.1467206478118896,-0.04022957757115364,0.25524377822875977,1.3456284999847412,0.07900503277778625,17.83353693133407,22.50791073259615
500,500,35,zero_hold,0,"[0.0, 0.0, 0.0, 0.0]",-0.2878277599811554,-0.3562663495540619,-0.18045039474964142,0.6423501372337341,0.8092876672744751,0.0,0.0,5.719201485223354
500,500,35,zero_hold,1,"[0.0, 0.0, 0.0, 0.0]",-0.35587140917778015,-0.22186507284641266,-0.13118548691272736,0.904605507850647,1.0056785345077515,0.3064287006855011,5.719201485223354,8.581164955193042
500,500,35,zero_hold,2,"[0.0, 0.0, 0.0, 0.0]",-0.07721947133541107,-0.3874046206474304,-0.1315610557794571,1.020760416984558,1.1024088859558105,0.3442998230457306,8.581164955193042,10.988555121412768
500,500,35,zero_hold,3,"[0.0, 0.0, 0.0, 0.0]",-0.015046022832393646,-0.2473353147506714,-0.21791651844978333,1.1227271556854248,1.1702158451080322,0.20332100987434387,10.988555121412768,13.153580487995391
500,500,35,target_ahead,0,"[0.0, 0.0, 0.0, 0.0]",1.0028725862503052,-0.6252195835113525,-0.6734693646430969,0.41247233748435974,1.4213892221450806,0.0,0.0,8.42297665358682
500,500,35,target_ahead,1,"[0.009999999776482582, 0.0, 0.0, 0.0]",0.9648845791816711,-0.5619218349456787,-0.8559816479682922,0.5800973176956177,1.521833062171936,0.25857022404670715,8.42297665358682,12.260775107516688
500,500,35,target_ahead,2,"[0.019999999552965164, 0.0, 0.0, 0.0]",0.9137910008430481,-0.5425587892532349,-0.9136291146278381,0.5285977125167847,1.4978376626968384,0.094662144780159,12.260775107516688,16.238595026635107
500,500,35,target_ahead,3,"[0.029999999329447746, 0.0, 0.0, 0.0]",0.8822200894355774,-0.54694664478302,-0.953978955745697,0.5236216187477112,1.5039010047912598,0.05166088417172432,16.238595026635107,20.31038486404373
500,500,35,target_left,0,"[0.0, 0.0, 0.0, 0.0]",-0.36235055327415466,-1.5357054471969604,0.7098451256752014,-0.0010343771427869797,1.7301937341690063,0.0,0.0,8.562789132928998
500,500,35,target_left,1,"[0.009999999776482582, 0.0, 0.0, 0.0]",-0.5900781154632568,-1.6374062299728394,0.8541460633277893,-0.08122175931930542,1.940477728843689,0.2990913987159729,8.562789132928998,12.753384987027522
500,500,35,target_left,2,"[0.019999999552965164, 0.0, 0.0, 0.0]",-0.4163750112056732,-1.6760766506195068,0.8497580885887146,-0.05864018201828003,1.9256502389907837,0.17943620681762695,12.753384987027522,16.74333197794396
500,500,35,target_left,3,"[0.029999999329447746, 0.0, 0.0, 0.0]",-0.45044758915901184,-1.7020238637924194,0.8452708721160889,-0.0225017499178648,1.9531455039978027,0.05621672049164772,16.74333197794396,20.735497792031747
500,500,35,ramp,0,"[-0.5, -0.4333333373069763, -0.36666667461395264, -0.30000001192092896]",-0.3428966999053955,-1.2215187549591064,-0.1664927750825882,0.309580534696579,1.316528081893921,0.0,0.0,9.474512804635816
500,500,35,ramp,1,"[-0.47999998927116394, -0.41333332657814026, -0.3466666638851166, -0.2800000011920929]",-0.4850601255893707,-1.0845060348510742,-0.06557392328977585,0.2791397273540497,1.2221519947052002,0.22381730377674103,9.474512804635816,13.243959065267312
500,500,35,ramp,2,"[-0.46000000834465027, -0.3933333456516266, -0.3266666829586029, -0.2600000202655792]",-0.5706697702407837,-1.1555043458938599,-0.057039111852645874,0.26456451416015625,1.3168531656265259,0.11249466985464096,13.243959065267312,17.711637964242723
500,500,35,ramp,3,"[-0.4399999976158142, -0.3733333349227905, -0.30666667222976685, -0.24000000953674316]",-0.6497917771339417,-1.1454153060913086,-0.07889015227556229,0.26909735798835754,1.3464183807373047,0.0828256905078888,17.711637964242723,22.35692417949478
525,525,35,zero_hold,0,"[0.0, 0.0, 0.0, 0.0]",-0.32657867670059204,-0.3632144331932068,-0.17556418478488922,0.626103937625885,0.8132694959640503,0.0,0.0,5.682711005325538
525,525,35,zero_hold,1,"[0.0, 0.0, 0.0, 0.0]",-0.40237608551979065,-0.22262956202030182,-0.1292048692703247,0.8763952851295471,0.9981147050857544,0.30050674080848694,5.682711005325538,8.548686630531897
525,525,35,zero_hold,2,"[0.0, 0.0, 0.0, 0.0]",-0.10897564142942429,-0.40109992027282715,-0.1355563998222351,0.9937806725502014,1.085694432258606,0.3629809319972992,8.548686630531897,10.963863323671518
525,525,35,zero_hold,3,"[0.0, 0.0, 0.0, 0.0]",-0.0427110493183136,-0.2426750808954239,-0.22730231285095215,1.1046491861343384,1.154396653175354,0.2240503579378128,10.963863323671518,13.137339816183443
525,525,35,target_ahead,0,"[0.0, 0.0, 0.0, 0.0]",1.0108507871627808,-0.6483370661735535,-0.6516680121421814,0.453696072101593,1.4396775960922241,0.0,0.0,8.430912503350012
525,525,35,target_ahead,1,"[0.009999999776482582, 0.0, 0.0, 0.0]",0.9858394861221313,-0.5830022096633911,-0.8370985388755798,0.6229404211044312,1.549373984336853,0.2606191337108612,8.430912503350012,12.214344274358528
525,525,35,target_ahead,2,"[0.019999999552965164, 0.0, 0.0, 0.0]",0.9267187118530273,-0.5435417294502258,-0.8887013792991638,0.5541725158691406,1.5003807544708252,0.11155390739440918,12.214344274358528,16.170863713225184
525,525,35,target_ahead,3,"[0.029999999329447746, 0.0, 0.0, 0.0]",0.892741322517395,-0.5393255352973938,-0.9253136515617371,0.5368483662605286,1.494078516960144,0.05303606390953064,16.170863713225184,20.218957740058354
525,525,35,target_left,0,"[0.0, 0.0, 0.0, 0.0]",-0.3820621371269226,-1.5280588865280151,0.6975590586662292,0.004428071901202202,1.722656011581421,0.0,0.0,8.527846208941643
525,525,35,target_left,1,"[0.009999999776482582, 0.0, 0.0, 0.0]",-0.5947262048721313,-1.6584621667861938,0.8137311339378357,-0.08532378077507019,1.94258451461792,0.28945183753967285,8.527846208941643,12.709408971245342
525,525,35,target_left,2,"[0.019999999552965164, 0.0, 0.0, 0.0]",-0.44177109003067017,-1.698522925376892,0.7899555563926697,-0.06617040932178497,1.9257596731185913,0.1610349714756012,12.709408971245342,16.703094486601696
525,525,35,target_left,3,"[0.029999999329447746, 0.0, 0.0, 0.0]",-0.4757596552371979,-1.7328237295150757,0.7651379704475403,-0.0367497056722641,1.9534103870391846,0.061751581728458405,16.703094486601696,20.72359134975663
525,525,35,ramp,0,"[-0.5, -0.4333333373069763, -0.36666667461395264, -0.30000001192092896]",-0.33878135681152344,-1.2401987314224243,-0.15477406978607178,0.27845799922943115,1.3245223760604858,0.0,0.0,9.474016404451074
525,525,35,ramp,1,"[-0.47999998927116394, -0.41333332657814026, -0.3466666638851166, -0.2800000011920929]",-0.5232378244400024,-1.086860179901123,-0.07029059529304504,0.24875856935977936,1.2336386442184448,0.2560398578643799,9.474016404451074,13.255242233862983
525,525,35,ramp,2,"[-0.46000000834465027, -0.3933333456516266, -0.3266666829586029, -0.2600000202655792]",-0.610398530960083,-1.1793705224990845,-0.05670899152755737,0.2354171723127365,1.3498660326004028,0.12852083146572113,13.255242233862983,17.733552015827204
525,525,35,ramp,3,"[-0.4399999976158142, -0.3733333349227905, -0.30666667222976685, -0.24000000953674316]",-0.6879688501358032,-1.1491025686264038,-0.08667502552270889,0.24577854573726654,1.3644256591796875,0.0890989601612091,17.733552015827204,22.396895579927154
550,550,35,zero_hold,0,"[0.0, 0.0, 0.0, 0.0]",-0.33301952481269836,-0.36999890208244324,-0.16007503867149353,0.633773684501648,0.821641206741333,0.0,0.0,5.666580728086313
550,550,35,zero_hold,1,"[0.0, 0.0, 0.0, 0.0]",-0.4220261871814728,-0.23056399822235107,-0.11794790625572205,0.8782547116279602,1.0082206726074219,0.29817771911621094,5.666580728086313,8.52232965907455
550,550,35,zero_hold,2,"[0.0, 0.0, 0.0, 0.0]",-0.09213945269584656,-0.4133085608482361,-0.126001238822937,0.9985167384147644,1.091890811920166,0.3959149420261383,8.52232965907455,10.924014915365705
550,550,35,zero_hold,3,"[0.0, 0.0, 0.0, 0.0]",-0.01969173178076744,-0.24834278225898743,-0.22731009125709534,1.114033818244934,1.1639600992202759,0.23679117858409882,10.924014915365705,13.080286303629686
550,550,35,target_ahead,0,"[0.0, 0.0, 0.0, 0.0]",0.9762352705001831,-0.664548397064209,-0.631736159324646,0.4327941834926605,1.4075018167495728,0.0,0.0,8.416416694549627
550,550,35,target_ahead,1,"[0.009999999776482582, 0.0, 0.0, 0.0]",0.9586913585662842,-0.6021860837936401,-0.8261930346488953,0.5974081754684448,1.523551344871521,0.2628841698169708,8.416416694549627,12.268424015295762
550,550,35,target_ahead,2,"[0.019999999552965164, 0.0, 0.0, 0.0]",0.8982512354850769,-0.5656752586364746,-0.8786142468452454,0.5540486574172974,1.4851857423782349,0.09805141389369965,12.268424015295762,16.298302236972866
550,550,35,target_ahead,3,"[0.029999999329447746, 0.0, 0.0, 0.0]",0.8643693923950195,-0.5634833574295044,-0.9119158983230591,0.5475466847419739,1.4819061756134033,0.04800061509013176,16.298302236972866,20.411500450837348
550,550,35,target_left,0,"[0.0, 0.0, 0.0, 0.0]",-0.3693755865097046,-1.5659395456314087,0.7045717835426331,0.034311044961214066,1.7567594051361084,0.0,0.0,8.559199345710349
550,550,35,target_left,1,"[0.009999999776482582, 0.0, 0.0, 0.0]",-0.5983582139015198,-1.6734411716461182,0.8276471495628357,-0.06458105146884918,1.9615321159362793,0.298189252614975,8.559199345710349,12.731756379995915
550,550,35,target_left,2,"[0.019999999552965164, 0.0, 0.0, 0.0]",-0.4611532390117645,-1.7192190885543823,0.8025773167610168,-0.04621146246790886,1.953110933303833,0.14794175326824188,12.731756379995915,16.717397671365905
550,550,35,target_left,3,"[0.029999999329447746, 0.0, 0.0, 0.0]",-0.49088987708091736,-1.7522433996200562,0.7789580225944519,-0.01780877634882927,1.9795005321502686,0.05778802931308746,16.717397671365905,20.74056558766369
550,550,35,ramp,0,"[-0.5, -0.4333333373069763, -0.36666667461395264, -0.30000001192092896]",-0.36092427372932434,-1.2863019704818726,-0.17539027333259583,0.26363882422447205,1.372991681098938,0.0,0.0,9.489018347064723
550,550,35,ramp,1,"[-0.47999998927116394, -0.41333332657814026, -0.3466666638851166, -0.2800000011920929]",-0.5590587854385376,-1.0978736877441406,-0.09682384878396988,0.2371785044670105,1.2583727836608887,0.28571897745132446,9.489018347064723,13.286208137631121
550,550,35,ramp,2,"[-0.46000000834465027, -0.3933333456516266, -0.3266666829586029, -0.2600000202655792]",-0.6481741666793823,-1.2043660879135132,-0.0777641162276268,0.22289976477622986,1.387933373451233,0.14088767766952515,13.286208137631121,17.755651784652727
550,550,35,ramp,3,"[-0.4399999976158142, -0.3733333349227905, -0.30666667222976685, -0.24000000953674316]",-0.7269774675369263,-1.1417585611343384,-0.11032164096832275,0.23545974493026733,1.3783036470413208,0.10652421414852142,17.755651784652727,22.400420736912523
575,575,35,zero_hold,0,"[0.0, 0.0, 0.0, 0.0]",-0.3193938434123993,-0.3584904372692108,-0.15614068508148193,0.6465206146240234,0.8203027844429016,0.0,0.0,5.682219962632507
575,575,35,zero_hold,1,"[0.0, 0.0, 0.0, 0.0]",-0.39850321412086487,-0.22597911953926086,-0.12426453828811646,0.8859971761703491,1.005138874053955,0.28667518496513367,5.682219962632507,8.520427385896793
575,575,35,zero_hold,2,"[0.0, 0.0, 0.0, 0.0]",-0.08246895670890808,-0.40008607506752014,-0.14043301343917847,1.0013906955718994,1.0905845165252686,0.37916746735572815,8.520427385896793,10.926862116647689
575,575,35,zero_hold,3,"[0.0, 0.0, 0.0, 0.0]",-0.015104713849723339,-0.23844900727272034,-0.2402329444885254,1.11069917678833,1.161228060722351,0.22928771376609802,10.926862116647689,13.09049539231765
575,575,35,target_ahead,0,"[0.0, 0.0, 0.0, 0.0]",1.0276001691818237,-0.6410483121871948,-0.5862920880317688,0.4497505724430084,1.4187737703323364,0.0,0.0,8.474883470615481
575,575,35,target_ahead,1,"[0.009999999776482582, 0.0, 0.0, 0.0]",1.013105869293213,-0.58837890625,-0.8069087862968445,0.5736383199691772,1.5338630676269531,0.25885140895843506,8.474883470615481,12.374425439009755
575,575,35,target_ahead,2,"[0.019999999552965164, 0.0, 0.0, 0.0]",0.951299786567688,-0.5609380006790161,-0.8638302087783813,0.5511884093284607,1.5065304040908813,0.09119781851768494,12.374425439009755,16.423846035412545
575,575,35,target_ahead,3,"[0.029999999329447746, 0.0, 0.0, 0.0]",0.9231070876121521,-0.5641309022903442,-0.8957182168960571,0.5599430203437805,1.5120244026184082,0.04357190802693367,16.423846035412545,20.548272789106132
575,575,35,target_left,0,"[0.0, 0.0, 0.0, 0.0]",-0.36892056465148926,-1.549180507659912,0.7457506656646729,-0.007170053198933601,1.758481740951538,0.0,0.0,8.561824881011571
575,575,35,target_left,1,"[0.009999999776482582, 0.0, 0.0, 0.0]",-0.6122786402702332,-1.654905080795288,0.8623685836791992,-0.10633330047130585,1.9668712615966797,0.30632323026657104,8.561824881011571,12.694198516028255
575,575,35,target_left,2,"[0.019999999552965164, 0.0, 0.0, 0.0]",-0.4872934818267822,-1.7022796869277954,0.8318021297454834,-0.08133631944656372,1.9579890966415405,0.13937288522720337,12.694198516028255,16.647474354481133
575,575,35,target_left,3,"[0.029999999329447746, 0.0, 0.0, 0.0]",-0.5140695571899414,-1.7354536056518555,0.8065412640571594,-0.04926976561546326,1.9821712970733643,0.059024080634117126,16.647474354481133,20.634397774622986
575,575,35,ramp,0,"[-0.5, -0.4333333373069763, -0.36666667461395264, -0.30000001192092896]",-0.38450080156326294,-1.2831248044967651,-0.1694232076406479,0.24949753284454346,1.3730270862579346,0.0,0.0,9.46437634361326
575,575,35,ramp,1,"[-0.47999998927116394, -0.41333332657814026, -0.3466666638851166, -0.2800000011920929]",-0.5761886239051819,-1.0196866989135742,-0.09994204342365265,0.2311204969882965,1.197981357574463,0.3336303234100342,9.46437634361326,13.241501478665036
575,575,35,ramp,2,"[-0.46000000834465027, -0.3933333456516266, -0.3266666829586029, -0.2600000202655792]",-0.6368024349212646,-1.1927846670150757,-0.06026129424571991,0.2103462666273117,1.3697187900543213,0.18879371881484985,13.241501478665036,17.645228289059258
575,575,35,ramp,3,"[-0.4399999976158142, -0.3733333349227905, -0.30666667222976685, -0.24000000953674316]",-0.7094059586524963,-1.0671131610870361,-0.0869067832827568,0.2319246530532837,1.3051165342330933,0.14913150668144226,17.645228289059258,22.202022813927048
600,600,35,zero_hold,0,"[0.0, 0.0, 0.0, 0.0]",-0.310068815946579,-0.35703045129776,-0.14730289578437805,0.6572200655937195,0.8229518532752991,0.0,0.0,5.679550659430048
600,600,35,zero_hold,1,"[0.0, 0.0, 0.0, 0.0]",-0.38158896565437317,-0.2072819173336029,-0.12525887787342072,0.9003455638885498,1.0074164867401123,0.2951875627040863,5.679550659430048,8.515454869045783
600,600,35,zero_hold,2,"[0.0, 0.0, 0.0, 0.0]",-0.0737309679389,-0.37677860260009766,-0.1491367071866989,1.0220617055892944,1.1019302606582642,0.37268033623695374,8.515454869045783,10.931776287096246
600,600,35,zero_hold,3,"[0.0, 0.0, 0.0, 0.0]",-0.01672406494617462,-0.21576762199401855,-0.24656839668750763,1.1331541538238525,1.1796904802322388,0.22585125267505646,10.931776287096246,13.098495793108135
600,600,35,target_ahead,0,"[0.0, 0.0, 0.0, 0.0]",1.0338350534439087,-0.6985779404640198,-0.5979440212249756,0.42553696036338806,1.4475650787353516,0.0,0.0,8.506432038801062
600,600,35,target_ahead,1,"[0.009999999776482582, 0.0, 0.0, 0.0]",1.065761923789978,-0.6320505142211914,-0.8037923574447632,0.6249822378158569,1.6037522554397583,0.2959682047367096,8.506432038801062,12.36550810547554
600,600,35,target_ahead,2,"[0.019999999552965164, 0.0, 0.0, 0.0]",1.0107043981552124,-0.599551260471344,-0.8574827909469604,0.5944188833236694,1.571494698524475,0.08890620619058609,12.36550810547554,16.427507488445443
600,600,35,target_ahead,3,"[0.029999999329447746, 0.0, 0.0, 0.0]",0.9739686846733093,-0.6069691777229309,-0.8869659900665283,0.5916029214859009,1.5664383172988892,0.04776742309331894,16.427507488445443,20.561694818778413
600,600,35,target_left,0,"[0.0, 0.0, 0.0, 0.0]",-0.3464936316013336,-1.5564488172531128,0.7495309114456177,-0.03814179450273514,1.7623400688171387,0.0,0.0,8.572857117138712
600,600,35,target_left,1,"[0.009999999776482582, 0.0, 0.0, 0.0]",-0.5786458849906921,-1.6607308387756348,0.8586828112602234,-0.14576824009418488,1.9625091552734375,0.2970976233482361,8.572857117138712,12.707168427007325
600,600,35,target_left,2,"[0.019999999552965164, 0.0, 0.0, 0.0]",-0.44794055819511414,-1.705195426940918,0.8330647945404053,-0.12363608926534653,1.9538743495941162,0.14215166866779327,12.707168427007325,16.674089694228314
600,600,35,target_left,3,"[0.029999999329447746, 0.0, 0.0, 0.0]",-0.4786075949668884,-1.7325845956802368,0.8098126649856567,-0.09698387235403061,1.97385835647583,0.05423685163259506,16.674089694228314,20.661807462748094
600,600,35,ramp,0,"[-0.5, -0.4333333373069763, -0.36666667461395264, -0.30000001192092896]",-0.3890681564807892,-1.2709550857543945,-0.17106987535953522,0.24629904329776764,1.362581729888916,0.0,0.0,9.492713745262327
600,600,35,ramp,1,"[-0.47999998927116394, -0.41333332657814026, -0.3466666638851166, -0.2800000011920929]",-0.5981752276420593,-0.9901325106620789,-0.12532208859920502,0.21553921699523926,1.183359146118164,0.3544377386569977,9.492713745262327,13.259769861518679
600,600,35,ramp,2,"[-0.46000000834465027, -0.3933333456516266, -0.3266666829586029, -0.2600000202655792]",-0.6285151839256287,-1.1848301887512207,-0.07261597365140915,0.1985400766134262,1.3577721118927002,0.20468170940876007,13.259769861518679,17.661169642949886
600,600,35,ramp,3,"[-0.4399999976158142, -0.3733333349227905, -0.30666667222976685, -0.24000000953674316]",-0.6797130703926086,-1.0190633535385132,-0.08869883418083191,0.23029489815235138,1.2495611906051636,0.17710700631141663,17.661169642949886,22.202929570294476
625,625,35,zero_hold,0,"[0.0, 0.0, 0.0, 0.0]",-0.30570733547210693,-0.3558790683746338,-0.14214032888412476,0.6613932251930237,0.82325679063797,0.0,0.0,5.69307888011581
625,625,35,zero_hold,1,"[0.0, 0.0, 0.0, 0.0]",-0.38143059611320496,-0.20369166135787964,-0.12079133093357086,0.9017459154129028,1.0073310136795044,0.29516133666038513,5.69307888011581,8.537834830032336
625,625,35,zero_hold,2,"[0.0, 0.0, 0.0, 0.0]",-0.073294997215271,-0.371275931596756,-0.14944908022880554,1.026021122932434,1.103753685951233,0.37322598695755005,8.537834830032336,10.954787405417807
625,625,35,zero_hold,3,"[0.0, 0.0, 0.0, 0.0]",-0.012812374159693718,-0.21304842829704285,-0.2510548532009125,1.1430124044418335,1.1895627975463867,0.22957521677017212,10.954787405417807,13.135574489018003
625,625,35,target_ahead,0,"[0.0, 0.0, 0.0, 0.0]",1.0355422496795654,-0.6952005624771118,-0.6075103878974915,0.40807923674583435,1.4461151361465454,0.0,0.0,8.511545797726354
625,625,35,target_ahead,1,"[0.009999999776482582, 0.0, 0.0, 0.0]",1.0490574836730957,-0.6305368542671204,-0.7982462644577026,0.6106972098350525,1.5837444067001343,0.286003977060318,8.511545797726354,12.378818421094623
625,625,35,target_ahead,2,"[0.019999999552965164, 0.0, 0.0, 0.0]",1.0038120746612549,-0.5990802049636841,-0.8501848578453064,0.564452588558197,1.5517592430114746,0.08872908353805542,12.378818421094623,16.441809652000078
625,625,35,target_ahead,3,"[0.029999999329447746, 0.0, 0.0, 0.0]",0.966995894908905,-0.6067181825637817,-0.8869470953941345,0.5506438612937927,1.5469557046890259,0.05436830595135689,16.441809652000078,20.57427380801131
625,625,35,target_left,0,"[0.0, 0.0, 0.0, 0.0]",-0.35519158840179443,-1.547544002532959,0.7599033117294312,-0.015169825404882431,1.76032292842865,0.0,0.0,8.574466995133967
625,625,35,target_left,1,"[0.009999999776482582, 0.0, 0.0, 0.0]",-0.6145623326301575,-1.6320866346359253,0.8704588413238525,-0.10164949297904968,1.9517748355865479,0.3067929148674011,8.574466995133967,12.722082400900089
625,625,35,target_left,2,"[0.019999999552965164, 0.0, 0.0, 0.0]",-0.4650632441043854,-1.6764048337936401,0.8492088913917542,-0.07998979091644287,1.9375683069229126,0.15885460376739502,12.722082400900089,16.708415377092518
625,625,35,target_left,3,"[0.029999999329447746, 0.0, 0.0, 0.0]",-0.4991130232810974,-1.7004425525665283,0.8284194469451904,-0.0517006479203701,1.9569288492202759,0.05449473485350609,16.708415377092518,20.69714483704069
625,625,35,ramp,0,"[-0.5, -0.4333333373069763, -0.36666667461395264, -0.30000001192092896]",-0.3964560329914093,-1.284853219985962,-0.16829578578472137,0.2464107871055603,1.37734055519104,0.0,0.0,9.493078373283119
625,625,35,ramp,1,"[-0.47999998927116394, -0.41333332657814026, -0.3466666638851166, -0.2800000011920929]",-0.617251455783844,-1.0157302618026733,-0.13170523941516876,0.2140960842370987,1.2148624658584595,0.3515123128890991,9.493078373283119,13.257754885470368
625,625,35,ramp,2,"[-0.46000000834465027, -0.3933333456516266, -0.3266666829586029, -0.2600000202655792]",-0.6667453646659851,-1.2225487232208252,-0.0796445682644844,0.19686049222946167,1.4086419343948364,0.21961535513401031,13.257754885470368,17.65958517190204
625,625,35,ramp,3,"[-0.4399999976158142, -0.3733333349227905, -0.30666667222976685, -0.24000000953674316]",-0.6883144378662109,-1.0248228311538696,-0.08005505800247192,0.23460653424263,1.2591614723205566,0.20244921743869781,17.65958517190204,22.20270259712551
650,650,35,zero_hold,0,"[0.0, 0.0, 0.0, 0.0]",-0.31064409017562866,-0.3792954981327057,-0.1354694366455078,0.6601125001907349,0.833345890045166,0.0,0.0,5.726492757800307
650,650,35,zero_hold,1,"[0.0, 0.0, 0.0, 0.0]",-0.37502092123031616,-0.21761414408683777,-0.11370043456554413,0.910495400428772,1.0148528814315796,0.30569711327552795,5.726492757800307,8.594475043441653
650,650,35,zero_hold,2,"[0.0, 0.0, 0.0, 0.0]",-0.07355181872844696,-0.38654446601867676,-0.14212743937969208,1.0279541015625,1.1098271608352661,0.3660952150821686,8.594475043441653,11.009384774442646
650,650,35,zero_hold,3,"[0.0, 0.0, 0.0, 0.0]",-0.01152794435620308,-0.22274568676948547,-0.23940205574035645,1.1431560516357422,1.1890616416931152,0.23110786080360413,11.009384774442646,13.179600401446606
650,650,35,target_ahead,0,"[0.0, 0.0, 0.0, 0.0]",1.0469485521316528,-0.7188175320625305,-0.5874127149581909,0.4145769774913788,1.4593586921691895,0.0,0.0,8.552985934482235
650,650,35,target_ahead,1,"[0.009999999776482582, 0.0, 0.0, 0.0]",1.034857153892517,-0.65167236328125,-0.7853518724441528,0.5899335741996765,1.5685678720474243,0.27310165762901306,8.552985934482235,12.387948921772828
650,650,35,target_ahead,2,"[0.019999999552965164, 0.0, 0.0, 0.0]",0.989695131778717,-0.6185179948806763,-0.8420149087905884,0.5432237386703491,1.5382269620895386,0.09236519038677216,12.387948921772828,16.443187508751816
650,650,35,target_ahead,3,"[0.029999999329447746, 0.0, 0.0, 0.0]",0.9567297101020813,-0.6252814531326294,-0.8806134462356567,0.5332214832305908,1.5382177829742432,0.05217619612812996,16.443187508751816,20.58404362068256
650,650,35,target_left,0,"[0.0, 0.0, 0.0, 0.0]",-0.34738731384277344,-1.5478049516677856,0.768997311592102,-0.022652221843600273,1.7630224227905273,0.0,0.0,8.55762154447966
650,650,35,target_left,1,"[0.009999999776482582, 0.0, 0.0, 0.0]",-0.6117790937423706,-1.6162744760513306,0.8810696601867676,-0.09789644926786423,1.9422883987426758,0.30465227365493774,8.55762154447966,12.705159722325007
650,650,35,target_left,2,"[0.019999999552965164, 0.0, 0.0, 0.0]",-0.46296530961990356,-1.659366250038147,0.858567476272583,-0.08010747283697128,1.9264965057373047,0.15756027400493622,12.705159722325007,16.682285328724276
650,650,35,target_left,3,"[0.029999999329447746, 0.0, 0.0, 0.0]",-0.5000688433647156,-1.6835280656814575,0.832525372505188,-0.05235780030488968,1.9442672729492188,0.05838408321142197,16.682285328724276,20.683396228082376
650,650,35,ramp,0,"[-0.5, -0.4333333373069763, -0.36666667461395264, -0.30000001192092896]",-0.3786201477050781,-1.2820998430252075,-0.12284021824598312,0.24475185573101044,1.3645975589752197,0.0,0.0,9.470370675079288
650,650,35,ramp,1,"[-0.47999998927116394, -0.41333332657814026, -0.3466666638851166, -0.2800000011920929]",-0.5901113748550415,-1.0287725925445557,-0.08147088438272476,0.2417946308851242,1.2131391763687134,0.33260098099708557,9.470370675079288,13.306144163513197
650,650,35,ramp,2,"[-0.46000000834465027, -0.3933333456516266, -0.3266666829586029, -0.2600000202655792]",-0.6313237547874451,-1.2099647521972656,-0.021562127396464348,0.22619684040546417,1.3835513591766357,0.19586069881916046,13.306144163513197,17.752560063341416
650,650,35,ramp,3,"[-0.4399999976158142, -0.3733333349227905, -0.30666667222976685, -0.24000000953674316]",-0.6889218091964722,-1.060813069343567,-0.04038675129413605,0.2565821707248688,1.291279673576355,0.16383343935012817,17.752560063341416,22.347603830805628
675,675,35,zero_hold,0,"[0.0, 0.0, 0.0, 0.0]",-0.3263772428035736,-0.39271801710128784,-0.15097779035568237,0.6462681293487549,0.8373806476593018,0.0,0.0,5.7364794846000695
675,675,35,zero_hold,1,"[0.0, 0.0, 0.0, 0.0]",-0.3941131830215454,-0.21282650530338287,-0.12428534030914307,0.8912299275398254,1.005165696144104,0.3125185966491699,5.7364794846000695,8.604962519164436
675,675,35,zero_hold,2,"[0.0, 0.0, 0.0, 0.0]",-0.08652524650096893,-0.39457184076309204,-0.156521275639534,1.003857135772705,1.0933442115783691,0.37598633766174316,8.604962519164436,11.039939796762342
675,675,35,zero_hold,3,"[0.0, 0.0, 0.0, 0.0]",-0.03304283320903778,-0.21179834008216858,-0.2552984952926636,1.1158387660980225,1.1645703315734863,0.24199865758419037,11.039939796762342,13.231353509796362
675,675,35,target_ahead,0,"[0.0, 0.0, 0.0, 0.0]",1.0441064834594727,-0.7196907997131348,-0.603420078754425,0.39859721064567566,1.459831714630127,0.0,0.0,8.604558777604673
675,675,35,target_ahead,1,"[0.009999999776482582, 0.0, 0.0, 0.0]",1.0095351934432983,-0.6574273109436035,-0.812311053276062,0.5342926979064941,1.5481246709823608,0.25907647609710693,8.604558777604673,12.373109870596974
675,675,35,target_ahead,2,"[0.019999999552965164, 0.0, 0.0, 0.0]",0.9518868327140808,-0.6199783682823181,-0.8707507252693176,0.477588027715683,1.5088932514190674,0.10656628012657166,12.373109870596974,16.396778126391922
675,675,35,target_ahead,3,"[0.029999999329447746, 0.0, 0.0, 0.0]",0.9182831645011902,-0.626317024230957,-0.9089227914810181,0.46410539746284485,1.5089901685714722,0.05299314111471176,16.396778126391922,20.527928012279443
675,675,35,target_left,0,"[0.0, 0.0, 0.0, 0.0]",-0.3434361219406128,-1.5264151096343994,0.7979620695114136,-0.04315188527107239,1.7568429708480835,0.0,0.0,8.585398754436367
675,675,35,target_left,1,"[0.009999999776482582, 0.0, 0.0, 0.0]",-0.6147757172584534,-1.5946323871612549,0.9019307494163513,-0.1259745955467224,1.9365304708480835,0.30975452065467834,8.585398754436367,12.746923054843142
675,675,35,target_left,2,"[0.019999999552965164, 0.0, 0.0, 0.0]",-0.47712501883506775,-1.6382077932357788,0.8837698101997375,-0.10377851128578186,1.9243680238723755,0.14720399677753448,12.746923054843142,16.70558815301234
675,675,35,target_left,3,"[0.029999999329447746, 0.0, 0.0, 0.0]",-0.5126957297325134,-1.660539150238037,0.8604921102523804,-0.07541409134864807,1.9407166242599487,0.055770572274923325,16.70558815301234,20.698569456501524
675,675,35,ramp,0,"[-0.5, -0.4333333373069763, -0.36666667461395264, -0.30000001192092896]",-0.4028608500957489,-1.3037910461425781,-0.12743692100048065,0.23888450860977173,1.391213059425354,0.0,0.0,9.464918405142337
675,675,35,ramp,1,"[-0.47999998927116394, -0.41333332657814026, -0.3466666638851166, -0.2800000011920929]",-0.6392357349395752,-1.09331476688385,-0.09319059550762177,0.22528675198554993,1.2897279262542725,0.3186393976211548,9.464918405142337,13.328990023887979
675,675,35,ramp,2,"[-0.46000000834465027, -0.3933333456516266, -0.3266666829586029, -0.2600000202655792]",-0.6687126755714417,-1.2375664710998535,-0.03234211355447769,0.2118162363767624,1.4229053258895874,0.15987944602966309,13.328990023887979,17.715820127979857
675,675,35,ramp,3,"[-0.4399999976158142, -0.3733333349227905, -0.30666667222976685, -0.24000000953674316]",-0.7084277868270874,-1.1027110815048218,-0.04337276518344879,0.23526999354362488,1.3323193788528442,0.1429511159658432,17.715820127979857,22.260516391092033
700,700,35,zero_hold,0,"[0.0, 0.0, 0.0, 0.0]",-0.31774502992630005,-0.41058188676834106,-0.14605112373828888,0.6438167095184326,0.8398632407188416,0.0,0.0,5.7664157821580435
700,700,35,zero_hold,1,"[0.0, 0.0, 0.0, 0.0]",-0.3809501528739929,-0.2233315408229828,-0.1279343217611313,0.8923817873001099,1.0038487911224365,0.31807294487953186,5.7664157821580435,8.659891232265768
700,700,35,zero_hold,2,"[0.0, 0.0, 0.0, 0.0]",-0.07782462239265442,-0.41713953018188477,-0.164458230137825,0.9995362758636475,1.098262906074524,0.37717729806900024,8.659891232265768,11.13198822152041
700,700,35,zero_hold,3,"[0.0, 0.0, 0.0, 0.0]",-0.028718413785099983,-0.21956077218055725,-0.2568647563457489,1.106492042541504,1.1572967767715454,0.24784529209136963,11.13198822152041,13.359486441701351
700,700,35,target_ahead,0,"[0.0, 0.0, 0.0, 0.0]",1.0247526168823242,-0.7432976961135864,-0.6031786203384399,0.37910208106040955,1.4526363611221313,0.0,0.0,8.624872956672498
700,700,35,target_ahead,1,"[0.009999999776482582, 0.0, 0.0, 0.0]",0.9778663516044617,-0.6672436594963074,-0.8146060705184937,0.5126944780349731,1.5257376432418823,0.2655767798423767,8.624872956672498,12.372881593579262
700,700,35,target_ahead,2,"[0.019999999552965164, 0.0, 0.0, 0.0]",0.9189110398292542,-0.6304357647895813,-0.8687231540679932,0.46774759888648987,1.4883931875228882,0.0988909974694252,12.372881593579262,16.397366903562972
700,700,35,target_ahead,3,"[0.029999999329447746, 0.0, 0.0, 0.0]",0.8872472643852234,-0.6372919678688049,-0.9031376838684082,0.4572891592979431,1.4893354177474976,0.04840806871652603,16.397366903562972,20.54329095946509
700,700,35,target_left,0,"[0.0, 0.0, 0.0, 0.0]",-0.3323105275630951,-1.5197370052337646,0.8128736019134521,-0.0412093847990036,1.7557028532028198,0.0,0.0,8.578887145155182
700,700,35,target_left,1,"[0.009999999776482582, 0.0, 0.0, 0.0]",-0.6213506460189819,-1.5985090732574463,0.9261982440948486,-0.1245880126953125,1.9531188011169434,0.33097386360168457,8.578887145155182,12.718774813154075
700,700,35,target_left,2,"[0.019999999552965164, 0.0, 0.0, 0.0]",-0.4940304160118103,-1.6427135467529297,0.9030662775039673,-0.09819792211055756,1.9410680532455444,0.13926953077316284,12.718774813154075,16.66368253315628
700,700,35,target_left,3,"[0.029999999329447746, 0.0, 0.0, 0.0]",-0.5329225659370422,-1.6636385917663574,0.8776814937591553,-0.06938913464546204,1.956230878829956,0.058521706610918045,16.66368253315628,20.647569084184163
700,700,35,ramp,0,"[-0.5, -0.4333333373069763, -0.36666667461395264, -0.30000001192092896]",-0.3965240716934204,-1.3070881366729736,-0.14405223727226257,0.22741973400115967,1.392185926437378,0.0,0.0,9.46605321957731
700,700,35,ramp,1,"[-0.47999998927116394, -0.41333332657814026, -0.3466666638851166, -0.2800000011920929]",-0.6585782170295715,-1.1051685810089111,-0.11014771461486816,0.2032719850540161,1.3071246147155762,0.3334314227104187,9.46605321957731,13.389235774393708
700,700,35,ramp,2,"[-0.46000000834465027, -0.3933333456516266, -0.3266666829586029, -0.2600000202655792]",-0.6977571845054626,-1.263648509979248,-0.044934824109077454,0.1826622635126114,1.4556982517242432,0.17699819803237915,13.389235774393708,17.719139111468937
700,700,35,ramp,3,"[-0.4399999976158142, -0.3733333349227905, -0.30666667222976685, -0.24000000953674316]",-0.7020462155342102,-1.1055490970611572,-0.03034844994544983,0.20581352710723877,1.3260421752929688,0.1605072021484375,17.719139111468937,22.202734624543776
725,725,35,zero_hold,0,"[0.0, 0.0, 0.0, 0.0]",-0.28540995717048645,-0.3862597644329071,-0.13739198446273804,0.6528181433677673,0.8220118880271912,0.0,0.0,5.717895103846339
725,725,35,zero_hold,1,"[0.0, 0.0, 0.0, 0.0]",-0.34212684631347656,-0.22156304121017456,-0.12162260711193085,0.9103456139564514,1.0048195123672485,0.31130513548851013,5.717895103846339,8.615732135035742
725,725,35,zero_hold,2,"[0.0, 0.0, 0.0, 0.0]",-0.024612953886389732,-0.40655362606048584,-0.16404104232788086,1.0179890394210815,1.1086491346359253,0.3852570652961731,8.615732135035742,11.076144816742586
725,725,35,zero_hold,3,"[0.0, 0.0, 0.0, 0.0]",0.023370716720819473,-0.21994692087173462,-0.25995877385139465,1.124815583229065,1.175462245941162,0.24028444290161133,11.076144816742586,13.277995917586841
725,725,35,target_ahead,0,"[0.0, 0.0, 0.0, 0.0]",1.0110198259353638,-0.7231220602989197,-0.6371224522590637,0.36662909388542175,1.4440943002700806,0.0,0.0,8.605782047581775
725,725,35,target_ahead,1,"[0.009999999776482582, 0.0, 0.0, 0.0]",0.9922117590904236,-0.6361597180366516,-0.852569043636322,0.5152217149734497,1.5432144403457642,0.27642935514450073,8.605782047581775,12.386469680069155
725,725,35,target_ahead,2,"[0.019999999552965164, 0.0, 0.0, 0.0]",0.9571746587753296,-0.6038637161254883,-0.9072235226631165,0.4905000627040863,1.5311692953109741,0.07660876214504242,12.386469680069155,16.384009066342884
725,725,35,target_ahead,3,"[0.029999999329447746, 0.0, 0.0, 0.0]",0.9320629239082336,-0.6115255951881409,-0.9435935616493225,0.4899047911167145,1.5404804944992065,0.04486020281910896,16.384009066342884,20.504495320726267
725,725,35,target_left,0,"[0.0, 0.0, 0.0, 0.0]",-0.3131648600101471,-1.525124430656433,0.76558917760849,-0.03444945812225342,1.7353357076644897,0.0,0.0,8.56567399322347
725,725,35,target_left,1,"[0.009999999776482582, 0.0, 0.0, 0.0]",-0.6224969029426575,-1.5870143175125122,0.8998358845710754,-0.1194465383887291,1.9313437938690186,0.35321855545043945,8.56567399322347,12.726276106251875
725,725,35,target_left,2,"[0.019999999552965164, 0.0, 0.0, 0.0]",-0.4779367744922638,-1.6391667127609253,0.870650589466095,-0.09312529116868973,1.9188528060913086,0.15862563252449036,12.726276106251875,16.678290819387044
725,725,35,target_left,3,"[0.029999999329447746, 0.0, 0.0, 0.0]",-0.5227362513542175,-1.6595531702041626,0.8423027396202087,-0.06345284730195999,1.9341329336166382,0.06408318877220154,16.678290819387044,20.65934401966491
725,725,35,ramp,0,"[-0.5, -0.4333333373069763, -0.36666667461395264, -0.30000001192092896]",-0.35987064242362976,-1.3064903020858765,-0.15025654435157776,0.22264592349529266,1.381510853767395,0.0,0.0,9.504948493742763
725,725,35,ramp,1,"[-0.47999998927116394, -0.41333332657814026, -0.3466666638851166, -0.2800000011920929]",-0.60809326171875,-1.0117918252944946,-0.11507059633731842,0.22017863392829895,1.2063249349594116,0.3869183361530304,9.504948493742763,13.351331066339407
725,725,35,ramp,2,"[-0.46000000834465027, -0.3933333456516266, -0.3266666829586029, -0.2600000202655792]",-0.6456442475318909,-1.247567057609558,-0.03905927389860153,0.19362127780914307,1.4185537099838257,0.251958429813385,13.351331066339407,17.657793734625933
725,725,35,ramp,3,"[-0.4399999976158142, -0.3733333349227905, -0.30666667222976685, -0.24000000953674316]",-0.652275562286377,-1.0193510055541992,-0.025401698425412178,0.21800090372562408,1.2299225330352783,0.23001615703105927,17.657793734625933,22.129429640320257
750,750,35,zero_hold,0,"[0.0, 0.0, 0.0, 0.0]",-0.2738789916038513,-0.3879280388355255,-0.13944286108016968,0.6569533944129944,0.8225144147872925,0.0,0.0,5.6928414129616245
750,750,35,zero_hold,1,"[0.0, 0.0, 0.0, 0.0]",-0.319472074508667,-0.21673822402954102,-0.12206726521253586,0.9232116937637329,1.0080963373184204,0.3202812373638153,5.6928414129616245,8.60595134200137
750,750,35,zero_hold,2,"[0.0, 0.0, 0.0, 0.0]",-0.02972520887851715,-0.4085794985294342,-0.16381706297397614,1.037338137626648,1.127265453338623,0.36813613772392273,8.60595134200137,11.086133602224033
750,750,35,zero_hold,3,"[0.0, 0.0, 0.0, 0.0]",0.011622609570622444,-0.22279521822929382,-0.2522119879722595,1.1404622793197632,1.1891331672668457,0.23382405936717987,11.086133602224033,13.292809063661652
750,750,35,target_ahead,0,"[0.0, 0.0, 0.0, 0.0]",0.9757094383239746,-0.7327703833580017,-0.6491466164588928,0.3407236337661743,1.4235327243804932,0.0,0.0,8.620968075524598
750,750,35,target_ahead,1,"[0.009999999776482582, 0.0, 0.0, 0.0]",0.983268141746521,-0.6303644180297852,-0.8609882593154907,0.5146505236625671,1.5395913124084473,0.2926970422267914,8.620968075524598,12.390571937336768
750,750,35,target_ahead,2,"[0.019999999552965164, 0.0, 0.0, 0.0]",0.956855833530426,-0.5915127992630005,-0.9207864999771118,0.49958139657974243,1.5371694564819336,0.07752397656440735,12.390571937336768,16.377286601411623
750,750,35,target_ahead,3,"[0.029999999329447746, 0.0, 0.0, 0.0]",0.9365147352218628,-0.5966973900794983,-0.9570586681365967,0.5057567954063416,1.5507607460021973,0.042360901832580566,16.377286601411623,20.498128954163107
750,750,35,target_left,0,"[0.0, 0.0, 0.0, 0.0]",-0.3079586625099182,-1.5165170431137085,0.7483286261558533,-0.053363099694252014,1.7197400331497192,0.0,0.0,8.579241458216293
750,750,35,target_left,1,"[0.009999999776482582, 0.0, 0.0, 0.0]",-0.6078895330429077,-1.5862367153167725,0.8924371600151062,-0.1405813843011856,1.9240280389785767,0.35098955035209656,8.579241458216293,12.745781511603992
750,750,35,target_left,2,"[0.019999999552965164, 0.0, 0.0, 0.0]",-0.4756736755371094,-1.6464121341705322,0.8590090870857239,-0.11192632466554642,1.920250654220581,0.151791512966156,12.745781511603992,16.692246831297986
750,750,35,target_left,3,"[0.029999999329447746, 0.0, 0.0, 0.0]",-0.5138199925422668,-1.6671373844146729,0.8303185701370239,-0.08117001503705978,1.9337464570999146,0.06044645234942436,16.692246831297986,20.658902560802144
750,750,35,ramp,0,"[-0.5, -0.4333333373069763, -0.36666667461395264, -0.30000001192092896]",-0.3119596242904663,-1.316030502319336,-0.16026097536087036,0.1972876787185669,1.3761762380599976,0.0,0.0,9.48965767639415
750,750,35,ramp,1,"[-0.47999998927116394, -0.41333332657814026, -0.3466666638851166, -0.2800000011920929]",-0.51606285572052,-1.0652270317077637,-0.09483703970909119,0.2130095660686493,1.2063982486724854,0.3302846848964691,9.48965767639415,13.287464195166434
750,750,35,ramp,2,"[-0.46000000834465027, -0.3933333456516266, -0.3266666829586029, -0.2600000202655792]",-0.5703466534614563,-1.226750135421753,-0.03222339227795601,0.19520889222621918,1.367244005203247,0.18241101503372192,13.287464195166434,17.61382075579384
750,750,35,ramp,3,"[-0.4399999976158142, -0.3733333349227905, -0.30666667222976685, -0.24000000953674316]",-0.6120862364768982,-1.0917541980743408,-0.02916881814599037,0.20843380689620972,1.269201397895813,0.14195184409618378,17.61382075579384,22.073692924764025
775,775,35,zero_hold,0,"[0.0, 0.0, 0.0, 0.0]",-0.2687259912490845,-0.3939180076122284,-0.12617935240268707,0.6569096446037292,0.821484386920929,0.0,0.0,5.706389565319542
775,775,35,zero_hold,1,"[0.0, 0.0, 0.0, 0.0]",-0.30598893761634827,-0.20987467467784882,-0.12432193011045456,0.9330666661262512,1.0118032693862915,0.3339560329914093,5.706389565319542,8.611390324879546
775,775,35,zero_hold,2,"[0.0, 0.0, 0.0, 0.0]",-0.030566370114684105,-0.4190782308578491,-0.1689157336950302,1.0499224662780762,1.1434292793273926,0.3677874505519867,8.611390324879546,11.076305856690835
775,775,35,zero_hold,3,"[0.0, 0.0, 0.0, 0.0]",0.010799935087561607,-0.21991781890392303,-0.24737723171710968,1.152858018875122,1.1994822025299072,0.24109743535518646,11.076305856690835,13.264827983844306
775,775,35,target_ahead,0,"[0.0, 0.0, 0.0, 0.0]",0.9927747249603271,-0.717086911201477,-0.6277011036872864,0.3585017919540405,1.4220926761627197,0.0,0.0,8.645907765504093
775,775,35,target_ahead,1,"[0.009999999776482582, 0.0, 0.0, 0.0]",0.9860104322433472,-0.625671923160553,-0.8541969060897827,0.5189071297645569,1.5370748043060303,0.2922886908054352,8.645907765504093,12.389250404288743
775,775,35,target_ahead,2,"[0.019999999552965164, 0.0, 0.0, 0.0]",0.9453511238098145,-0.5873215794563293,-0.9157465100288391,0.5019944310188293,1.5261800289154053,0.08484292030334473,12.389250404288743,16.364519938489522
775,775,35,target_ahead,3,"[0.029999999329447746, 0.0, 0.0, 0.0]",0.9223096370697021,-0.5914308428764343,-0.9512321352958679,0.5104576945304871,1.5381336212158203,0.043343424797058105,16.364519938489522,20.4841974183301
775,775,35,target_left,0,"[0.0, 0.0, 0.0, 0.0]",-0.30599650740623474,-1.5164111852645874,0.7549885511398315,-0.04840546101331711,1.7220591306686401,0.0,0.0,8.56211891998461
775,775,35,target_left,1,"[0.009999999776482582, 0.0, 0.0, 0.0]",-0.6014100313186646,-1.593599557876587,0.9108501076698303,-0.13941361010074615,1.9365788698196411,0.3546864986419678,8.56211891998461,12.751695258564649
775,775,35,target_left,2,"[0.019999999552965164, 0.0, 0.0, 0.0]",-0.4719242751598358,-1.6507445573806763,0.8817937970161438,-0.10671117156744003,1.9330333471298218,0.14814125001430511,12.751695258564649,16.70635491740044
775,775,35,target_left,3,"[0.029999999329447746, 0.0, 0.0, 0.0]",-0.5113991498947144,-1.670780897140503,0.855911135673523,-0.07436545938253403,1.9470881223678589,0.060629021376371384,16.70635491740044,20.664572161823468
775,775,35,ramp,0,"[-0.5, -0.4333333373069763, -0.36666667461395264, -0.30000001192092896]",-0.34719768166542053,-1.303922176361084,-0.11821052432060242,0.20784637331962585,1.3703770637512207,0.0,0.0,9.507969098499123
775,775,35,ramp,1,"[-0.47999998927116394, -0.41333332657814026, -0.3466666638851166, -0.2800000011920929]",-0.5478886365890503,-1.0879541635513306,-0.0523814931511879,0.2325637936592102,1.2412316799163818,0.30308985710144043,9.507969098499123,13.307285616884263
775,775,35,ramp,2,"[-0.46000000834465027, -0.3933333456516266, -0.3266666829586029, -0.2600000202655792]",-0.58784419298172,-1.2163540124893188,0.003726779483258724,0.21124154329299927,1.367375135421753,0.14726081490516663,13.307285616884263,17.630514786156045
775,775,35,ramp,3,"[-0.4399999976158142, -0.3733333349227905, -0.30666667222976685, -0.24000000953674316]",-0.6229478716850281,-1.1034469604492188,0.014757934026420116,0.2199549376964569,1.2861793041229248,0.11907090246677399,17.630514786156045,22.058008676608978
800,800,35,zero_hold,0,"[0.0, 0.0, 0.0, 0.0]",-0.26424264907836914,-0.38126662373542786,-0.12378351390361786,0.679477334022522,0.8319857120513916,0.0,0.0,5.728844335613141
800,800,35,zero_hold,1,"[0.0, 0.0, 0.0, 0.0]",-0.31621623039245605,-0.1965804100036621,-0.11790814250707626,0.9551376700401306,1.0319044589996338,0.3359068036079407,5.728844335613141,8.657311534945705
800,800,35,zero_hold,2,"[0.0, 0.0, 0.0, 0.0]",-0.02478657476603985,-0.4082755446434021,-0.16030223667621613,1.0720453262329102,1.1585686206817627,0.3810652792453766,8.657311534945705,11.12902742515589
800,800,35,zero_hold,3,"[0.0, 0.0, 0.0, 0.0]",0.005063081160187721,-0.2053806334733963,-0.24146799743175507,1.1798678636550903,1.221720814704895,0.24550138413906097,11.12902742515589,13.321158151894464
800,800,35,target_ahead,0,"[0.0, 0.0, 0.0, 0.0]",0.990825891494751,-0.7276500463485718,-0.6281878352165222,0.35814446210861206,1.426218032836914,0.0,0.0,8.672461184550027
800,800,35,target_ahead,1,"[0.009999999776482582, 0.0, 0.0, 0.0]",1.0137286186218262,-0.6354546546936035,-0.8501362800598145,0.5422967076301575,1.564693570137024,0.3036407232284546,8.672461184550027,12.40208204717741
800,800,35,target_ahead,2,"[0.019999999552965164, 0.0, 0.0, 0.0]",0.9830960035324097,-0.5929453372955322,-0.911807119846344,0.5357058644294739,1.5609084367752075,0.08119193464517593,12.40208204717741,16.365932167159627
800,800,35,target_ahead,3,"[0.029999999329447746, 0.0, 0.0, 0.0]",0.9603338241577148,-0.593886137008667,-0.947641909122467,0.5432107448577881,1.5710012912750244,0.043121423572301865,16.365932167159627,20.465231146603553
800,800,35,target_left,0,"[0.0, 0.0, 0.0, 0.0]",-0.31372156739234924,-1.5121550559997559,0.690800666809082,-0.03004259243607521,1.692082166671753,0.0,0.0,8.518226070422797
800,800,35,target_left,1,"[0.009999999776482582, 0.0, 0.0, 0.0]",-0.5964984893798828,-1.5880069732666016,0.8420189619064331,-0.09203100204467773,1.8960596323013306,0.33529964089393616,8.518226070422797,12.728065963349954
800,800,35,target_left,2,"[0.019999999552965164, 0.0, 0.0, 0.0]",-0.45351508259773254,-1.6458357572555542,0.8041984438896179,-0.052814383059740067,1.8878495693206787,0.1635749340057373,12.728065963349954,16.690778619933518
800,800,35,target_left,3,"[0.029999999329447746, 0.0, 0.0, 0.0]",-0.4918837249279022,-1.6593248844146729,0.7845264077186584,-0.018229831010103226,1.900295376777649,0.056896306574344635,16.690778619933518,20.66496879098518
800,800,35,ramp,0,"[-0.5, -0.4333333373069763, -0.36666667461395264, -0.30000001192092896]",-0.37315085530281067,-1.304748296737671,-0.1598162055015564,0.22437670826911926,1.3847367763519287,0.0,0.0,9.528714352612734
800,800,35,ramp,1,"[-0.47999998927116394, -0.41333332657814026, -0.3466666638851166, -0.2800000011920929]",-0.590074896812439,-1.0844614505767822,-0.1219511479139328,0.24114659428596497,1.2638310194015503,0.3119252026081085,9.528714352612734,13.376213108169011
800,800,35,ramp,2,"[-0.46000000834465027, -0.3933333456516266, -0.3266666829586029, -0.2600000202655792]",-0.6542997360229492,-1.2513465881347656,-0.06324025243520737,0.21772807836532593,1.4301682710647583,0.18965989351272583,13.376213108169011,17.652780726401783
800,800,35,ramp,3,"[-0.4399999976158142, -0.3733333349227905, -0.30666667222976685, -0.24000000953674316]",-0.6455867886543274,-1.073770523071289,-0.029104527086019516,0.22880974411964417,1.2739570140838623,0.1813759207725525,17.652780726401783,22.022827087882785
825,825,35,zero_hold,0,"[0.0, 0.0, 0.0, 0.0]",-0.2578656077384949,-0.3700864315032959,-0.12445369362831116,0.6877549886703491,0.8318378925323486,0.0,0.0,5.69971097062263
825,825,35,zero_hold,1,"[0.0, 0.0, 0.0, 0.0]",-0.33653998374938965,-0.20283347368240356,-0.11261965334415436,0.9566811919212341,1.0403474569320679,0.3265341520309448,5.69971097062263,8.6294195564317
825,825,35,zero_hold,2,"[0.0, 0.0, 0.0, 0.0]",-0.018120495602488518,-0.4087592661380768,-0.16065333783626556,1.0827163457870483,1.1685447692871094,0.4024779498577118,8.6294195564317,11.107084306339459
825,825,35,zero_hold,3,"[0.0, 0.0, 0.0, 0.0]",0.02983243204653263,-0.21714654564857483,-0.2596862316131592,1.2058820724487305,1.2528492212295532,0.25296685099601746,11.107084306339459,13.2960284220098
825,825,35,target_ahead,0,"[0.0, 0.0, 0.0, 0.0]",0.9675574898719788,-0.7126661539077759,-0.6447358727455139,0.3184073567390442,1.4004027843475342,0.0,0.0,8.684240812788186
825,825,35,target_ahead,1,"[0.009999999776482582, 0.0, 0.0, 0.0]",1.0296223163604736,-0.6091803312301636,-0.8703110218048096,0.5444821715354919,1.5764278173446655,0.34140199422836304,8.684240812788186,12.450204318894599
825,825,35,target_ahead,2,"[0.019999999552965164, 0.0, 0.0, 0.0]",1.0129284858703613,-0.5796439051628113,-0.9443402290344238,0.543741762638092,1.5966980457305908,0.08143682032823563,12.450204318894599,16.44779155602743
825,825,35,target_ahead,3,"[0.029999999329447746, 0.0, 0.0, 0.0]",0.9869386553764343,-0.5820872783660889,-0.9840701222419739,0.5492865443229675,1.6071661710739136,0.04786073789000511,16.44779155602743,20.570720127864554
825,825,35,target_left,0,"[0.0, 0.0, 0.0, 0.0]",-0.30743637681007385,-1.5108047723770142,0.6666654944419861,-0.019721543416380882,1.6798452138900757,0.0,0.0,8.51895182425603
825,825,35,target_left,1,"[0.009999999776482582, 0.0, 0.0, 0.0]",-0.5757415890693665,-1.5814985036849976,0.8116699457168579,-0.08231259137392044,1.8703473806381226,0.3192635774612427,8.51895182425603,12.708520652238212
825,825,35,target_left,2,"[0.019999999552965164, 0.0, 0.0, 0.0]",-0.42014142870903015,-1.642921805381775,0.7719419598579407,-0.041457511484622955,1.8636856079101562,0.1767248809337616,12.708520652238212,16.674606738528166
825,825,35,target_left,3,"[0.029999999329447746, 0.0, 0.0, 0.0]",-0.45779186487197876,-1.6549147367477417,0.7524644136428833,-0.007748624309897423,1.8747210502624512,0.055471159517765045,16.674606738528166,20.636565878128653
825,825,35,ramp,0,"[-0.5, -0.4333333373069763, -0.36666667461395264, -0.30000001192092896]",-0.3783505856990814,-1.305050015449524,-0.1432383507490158,0.25722938776016235,1.3903197050094604,0.0,0.0,9.503402802609475
825,825,35,ramp,1,"[-0.47999998927116394, -0.41333332657814026, -0.3466666638851166, -0.2800000011920929]",-0.5629702806472778,-1.0201752185821533,-0.08501403778791428,0.2798026502132416,1.2013367414474487,0.3451633155345917,9.503402802609475,13.33347501534593
825,825,35,ramp,2,"[-0.46000000834465027, -0.3933333456516266, -0.3266666829586029, -0.2600000202655792]",-0.6018180251121521,-1.2260886430740356,-0.0020284675993025303,0.2511756718158722,1.3887302875518799,0.22719065845012665,13.33347501534593,17.60122075429852
825,825,35,ramp,3,"[-0.4399999976158142, -0.3733333349227905, -0.30666667222976685, -0.24000000953674316]",-0.6063417196273804,-1.0151175260543823,0.03000660426914692,0.2660401165485382,1.212349534034729,0.2139543741941452,17.60122075429852,21.948461141442337
850,850,35,zero_hold,0,"[0.0, 0.0, 0.0, 0.0]",-0.24942362308502197,-0.3748514652252197,-0.12455523014068604,0.6857989430427551,0.8297951221466064,0.0,0.0,5.721690293071812
850,850,35,zero_hold,1,"[0.0, 0.0, 0.0, 0.0]",-0.31702494621276855,-0.20530202984809875,-0.11548534035682678,0.9447100162506104,1.0239471197128296,0.3169134855270386,5.721690293071812,8.633830688894673
850,850,35,zero_hold,2,"[0.0, 0.0, 0.0, 0.0]",-0.005191510543227196,-0.41677871346473694,-0.17241159081459045,1.077215552330017,1.1678401231765747,0.40343624353408813,8.633830688894673,11.117382220155132
850,850,35,zero_hold,3,"[0.0, 0.0, 0.0, 0.0]",0.047253601253032684,-0.22336459159851074,-0.2692914307117462,1.2008024454116821,1.2516264915466309,0.25459563732147217,11.117382220155132,13.296554802392185
850,850,35,target_ahead,0,"[0.0, 0.0, 0.0, 0.0]",0.9496303796768188,-0.7129548788070679,-0.6406077742576599,0.2929612398147583,1.3806908130645752,0.0,0.0,8.674747141435898
850,850,35,target_ahead,1,"[0.009999999776482582, 0.0, 0.0, 0.0]",1.0022423267364502,-0.6304806470870972,-0.8728228211402893,0.487842321395874,1.5497759580612183,0.31854745745658875,8.674747141435898,12.42607961585257
850,850,35,target_ahead,2,"[0.019999999552965164, 0.0, 0.0, 0.0]",0.9781554341316223,-0.6053913831710815,-0.949294924736023,0.4786418080329895,1.5663797855377197,0.08451201766729355,12.42607961585257,16.409374110767512
850,850,35,target_ahead,3,"[0.029999999329447746, 0.0, 0.0, 0.0]",0.9480025768280029,-0.6087080240249634,-0.9879605174064636,0.4799507260322571,1.573420763015747,0.04916234686970711,16.409374110767512,20.52504501084153
850,850,35,target_left,0,"[0.0, 0.0, 0.0, 0.0]",-0.3151249289512634,-1.5020771026611328,0.6456481218338013,0.007541730999946594,1.665069818496704,0.0,0.0,8.490114917439113
850,850,35,target_left,1,"[0.009999999776482582, 0.0, 0.0, 0.0]",-0.5286533832550049,-1.6049777269363403,0.7445183992385864,-0.08181756734848022,1.8483586311340332,0.27192527055740356,8.490114917439113,12.664648186371428
850,850,35,target_left,2,"[0.019999999552965164, 0.0, 0.0, 0.0]",-0.3967578411102295,-1.654707431793213,0.7085773348808289,-0.03668591380119324,1.8436108827590942,0.15230923891067505,12.664648186371428,16.609523853146346
850,850,35,target_left,3,"[0.029999999329447746, 0.0, 0.0, 0.0]",-0.4174622893333435,-1.6656792163848877,0.6951063871383667,-0.00496324896812439,1.8525549173355103,0.04167551174759865,16.609523853146346,20.570615234794296
850,850,35,ramp,0,"[-0.5, -0.4333333373069763, -0.36666667461395264, -0.30000001192092896]",-0.3626880347728729,-1.324546217918396,-0.1665877103805542,0.23012952506542206,1.4023823738098145,0.0,0.0,9.54314272774517
850,850,35,ramp,1,"[-0.47999998927116394, -0.41333332657814026, -0.3466666638851166, -0.2800000011920929]",-0.5602087378501892,-1.0905951261520386,-0.12163427472114563,0.25485557317733765,1.258164405822754,0.31045085191726685,9.54314272774517,13.340843854627034
850,850,35,ramp,2,"[-0.46000000834465027, -0.3933333456516266, -0.3266666829586029, -0.2600000202655792]",-0.626372754573822,-1.260026454925537,-0.06106634438037872,0.23085744678974152,1.4272469282150269,0.19320723414421082,13.340843854627034,17.610094757087058
850,850,35,ramp,3,"[-0.4399999976158142, -0.3733333349227905, -0.30666667222976685, -0.24000000953674316]",-0.6245471239089966,-1.1005864143371582,-0.02709115296602249,0.23603759706020355,1.2875547409057617,0.16311225295066833,17.610094757087058,21.94364225310344
875,875,35,zero_hold,0,"[0.0, 0.0, 0.0, 0.0]",-0.2306814193725586,-0.38524743914604187,-0.12269511073827744,0.6952494382858276,0.8366931676864624,0.0,0.0,5.703245425876426
875,875,35,zero_hold,1,"[0.0, 0.0, 0.0, 0.0]",-0.2969973683357239,-0.22547611594200134,-0.1086340919137001,0.9522219896316528,1.0283846855163574,0.31009238958358765,5.703245425876426,8.579193446473322
875,875,35,zero_hold,2,"[0.0, 0.0, 0.0, 0.0]",0.006173091009259224,-0.4458598792552948,-0.15606658160686493,1.0806710720062256,1.1794219017028809,0.3990367650985718,8.579193446473322,11.049618407714204
875,875,35,zero_hold,3,"[0.0, 0.0, 0.0, 0.0]",0.06234946846961975,-0.2396620512008667,-0.23869077861309052,1.2042899131774902,1.252442717552185,0.26034918427467346,11.049618407714204,13.226000661477368
875,875,35,target_ahead,0,"[0.0, 0.0, 0.0, 0.0]",0.9744119644165039,-0.7263808250427246,-0.6280009150505066,0.2869356572628021,1.397792935371399,0.0,0.0,8.65638734788998
875,875,35,target_ahead,1,"[0.009999999776482582, 0.0, 0.0, 0.0]",0.9843974113464355,-0.6283780336380005,-0.8740119934082031,0.4828377068042755,1.536530613899231,0.329550176858902,8.65638734788998,12.413965789000622
875,875,35,target_ahead,2,"[0.019999999552965164, 0.0, 0.0, 0.0]",0.9517273306846619,-0.5983172059059143,-0.9411848783493042,0.4747782051563263,1.5411072969436646,0.08092057704925537,12.413965789000622,16.399844111853056
875,875,35,target_ahead,3,"[0.029999999329447746, 0.0, 0.0, 0.0]",0.9230255484580994,-0.6049591898918152,-0.9771012663841248,0.4722612798213959,1.5478079319000244,0.04652128368616104,16.399844111853056,20.516428406385845
875,875,35,target_left,0,"[0.0, 0.0, 0.0, 0.0]",-0.26491546630859375,-1.5015199184417725,0.6413559317588806,0.021930202841758728,1.6542553901672363,0.0,0.0,8.512226130601785
875,875,35,target_left,1,"[0.009999999776482582, 0.0, 0.0, 0.0]",-0.4918959140777588,-1.6046831607818604,0.7728140950202942,-0.07759541273117065,1.8493870496749878,0.2989136576652527,8.512226130601785,12.675865108962324
875,875,35,target_left,2,"[0.019999999552965164, 0.0, 0.0, 0.0]",-0.34224316477775574,-1.6537306308746338,0.7442935109138489,-0.036288753151893616,1.845872402191162,0.1652914583683014,12.675865108962324,16.650868401461807
875,875,35,target_left,3,"[0.029999999329447746, 0.0, 0.0, 0.0]",-0.3675891160964966,-1.6634513139724731,0.7383527755737305,-0.005409717559814453,1.8567137718200684,0.04154174029827118,16.650868401461807,20.645435977779798
875,875,35,ramp,0,"[-0.5, -0.4333333373069763, -0.36666667461395264, -0.30000001192092896]",-0.39114999771118164,-1.3446602821350098,-0.14195315539836884,0.25108063220977783,1.4297908544540405,0.0,0.0,9.548518567118178
875,875,35,ramp,1,"[-0.47999998927116394, -0.41333332657814026, -0.3466666638851166, -0.2800000011920929]",-0.5856480598449707,-1.122050404548645,-0.08847587555646896,0.2761200964450836,1.2984802722930908,0.30144891142845154,9.548518567118178,13.348338978530467
875,875,35,ramp,2,"[-0.46000000834465027, -0.3933333456516266, -0.3266666829586029, -0.2600000202655792]",-0.6576135158538818,-1.3090671300888062,-0.03849393129348755,0.23943671584129333,1.4848986864089966,0.20975735783576965,13.348338978530467,17.594833186623948
875,875,35,ramp,3,"[-0.4399999976158142, -0.3733333349227905, -0.30666667222976685, -0.24000000953674316]",-0.6755017042160034,-1.1744413375854492,-0.022250458598136902,0.2342875897884369,1.3751366138458252,0.13687387108802795,17.594833186623948,21.924536742723255
900,900,35,zero_hold,0,"[0.0, 0.0, 0.0, 0.0]",-0.2376079559326172,-0.3796656131744385,-0.12946729362010956,0.6924260854721069,0.8347569704055786,0.0,0.0,5.686664550234056
900,900,35,zero_hold,1,"[0.0, 0.0, 0.0, 0.0]",-0.30900973081588745,-0.22422438859939575,-0.1056099683046341,0.9508879780769348,1.0300995111465454,0.31085672974586487,5.686664550234056,8.550619513084218
900,900,35,zero_hold,2,"[0.0, 0.0, 0.0, 0.0]",0.021954527124762535,-0.43825510144233704,-0.14848649501800537,1.0862711668014526,1.1809245347976685,0.4189433157444,8.550619513084218,11.02489321816727
900,900,35,zero_hold,3,"[0.0, 0.0, 0.0, 0.0]",0.07930649071931839,-0.24528664350509644,-0.24108155071735382,1.2174676656723022,1.2675973176956177,0.25751203298568726,11.02489321816727,13.212604324397429
900,900,35,target_ahead,0,"[0.0, 0.0, 0.0, 0.0]",1.0064877271652222,-0.7594228982925415,-0.6032962799072266,0.3298449218273163,1.4361423254013062,0.0,0.0,8.682884829213013
900,900,35,target_ahead,1,"[0.009999999776482582, 0.0, 0.0, 0.0]",1.0301146507263184,-0.6655512452125549,-0.8302416801452637,0.5487678647041321,1.5794119834899902,0.32985085248947144,8.682884829213013,12.440897513235644
900,900,35,target_ahead,2,"[0.019999999552965164, 0.0, 0.0, 0.0]",1.0069524049758911,-0.6322123408317566,-0.8907864093780518,0.5540128350257874,1.5855839252471924,0.07308314740657806,12.440897513235644,16.42470395567833
900,900,35,target_ahead,3,"[0.029999999329447746, 0.0, 0.0, 0.0]",0.9810609817504883,-0.6374458074569702,-0.9256967306137085,0.5580060482025146,1.592828631401062,0.04395942762494087,16.42470395567833,20.536275733649497
900,900,35,target_left,0,"[0.0, 0.0, 0.0, 0.0]",-0.2634541392326355,-1.5116358995437622,0.634716808795929,-0.011970527470111847,1.660560131072998,0.0,0.0,8.534800363713524
900,900,35,target_left,1,"[0.009999999776482582, 0.0, 0.0, 0.0]",-0.4672449827194214,-1.6285463571548462,0.7566326260566711,-0.13156047463417053,1.8601833581924438,0.29045480489730835,8.534800363713524,12.719988519905446
900,900,35,target_left,2,"[0.019999999552965164, 0.0, 0.0, 0.0]",-0.32648420333862305,-1.6758043766021729,0.7283859252929688,-0.08740038424730301,1.8582510948181152,0.15746398270130157,12.719988519905446,16.7111956844829
900,900,35,target_left,3,"[0.029999999329447746, 0.0, 0.0, 0.0]",-0.34265056252479553,-1.6862012147903442,0.7248297333717346,-0.05924419313669205,1.868039608001709,0.03427627682685852,16.7111956844829,20.73795554491237
900,900,35,ramp,0,"[-0.5, -0.4333333373069763, -0.36666667461395264, -0.30000001192092896]",-0.38221216201782227,-1.3252387046813965,-0.11587043851613998,0.24465423822402954,1.4055694341659546,0.0,0.0,9.49660623570097
900,900,35,ramp,1,"[-0.47999998927116394, -0.41333332657814026, -0.3466666638851166, -0.2800000011920929]",-0.5856665372848511,-1.0216091871261597,-0.056597765535116196,0.29343608021736145,1.2149068117141724,0.3734668493270874,9.49660623570097,13.365932110579463
900,900,35,ramp,2,"[-0.46000000834465027, -0.3933333456516266, -0.3266666829586029, -0.2600000202655792]",-0.6493517756462097,-1.2795003652572632,0.016001906245946884,0.2557853162288666,1.4575531482696533,0.27794235944747925,13.365932110579463,17.604246532050976
900,900,35,ramp,3,"[-0.4399999976158142, -0.3733333349227905, -0.30666667222976685, -0.24000000953674316]",-0.6944932341575623,-1.1014013290405273,0.011896008625626564,0.2444480061531067,1.3248780965805054,0.184126079082489,17.604246532050976,21.9075365250029
925,925,35,zero_hold,0,"[0.0, 0.0, 0.0, 0.0]",-0.2682829201221466,-0.40501177310943604,-0.10248129069805145,0.6968780755996704,0.8556586503982544,0.0,0.0,5.736403378017728
925,925,35,zero_hold,1,"[0.0, 0.0, 0.0, 0.0]",-0.3418724834918976,-0.2230321615934372,-0.06905227899551392,0.9418479204177856,1.0288176536560059,0.3156892955303192,5.736403378017728,8.633447758495354
925,925,35,zero_hold,2,"[0.0, 0.0, 0.0, 0.0]",0.004658618941903114,-0.4473613500595093,-0.1118333637714386,1.0793852806091309,1.1737687587738037,0.4372117817401886,8.633447758495354,11.120910768079414
925,925,35,zero_hold,3,"[0.0, 0.0, 0.0, 0.0]",0.08162162452936172,-0.2354917824268341,-0.2099040299654007,1.2267701625823975,1.2693082094192505,0.286622017621994,11.120910768079414,13.334287517493628
925,925,35,target_ahead,0,"[0.0, 0.0, 0.0, 0.0]",1.036429524421692,-0.7591232061386108,-0.5970509052276611,0.38958999514579773,1.4692529439926147,0.0,0.0,8.669145223026801
925,925,35,target_ahead,1,"[0.009999999776482582, 0.0, 0.0, 0.0]",1.039911150932312,-0.6632900238037109,-0.8372340798377991,0.5820191502571106,1.6003363132476807,0.3223554790019989,8.669145223026801,12.372159111577194
925,925,35,target_ahead,2,"[0.019999999552965164, 0.0, 0.0, 0.0]",0.9952396154403687,-0.6199392080307007,-0.9000827074050903,0.5577925443649292,1.5799075365066528,0.09171541780233383,12.372159111577194,16.341111382877703
925,925,35,target_ahead,3,"[0.029999999329447746, 0.0, 0.0, 0.0]",0.9614838361740112,-0.6251753568649292,-0.9373401403427124,0.5470111966133118,1.5789626836776733,0.051683880388736725,16.341111382877703,20.451579584320726
925,925,35,target_left,0,"[0.0, 0.0, 0.0, 0.0]",-0.26223745942115784,-1.510231614112854,0.6514217853546143,0.0025326628237962723,1.6655104160308838,0.0,0.0,8.568985989054108
925,925,35,target_left,1,"[0.009999999776482582, 0.0, 0.0, 0.0]",-0.4826301634311676,-1.663901686668396,0.7630287408828735,-0.1391267478466034,1.8981753587722778,0.3235906958580017,8.568985989054108,12.738933654325312
925,925,35,target_left,2,"[0.019999999552965164, 0.0, 0.0, 0.0]",-0.3496547043323517,-1.7111194133758545,0.736675500869751,-0.0937858521938324,1.8978078365325928,0.15053994953632355,12.738933654325312,16.705554176497316
925,925,35,target_left,3,"[0.029999999329447746, 0.0, 0.0, 0.0]",-0.3641291558742523,-1.7222975492477417,0.7344708442687988,-0.069493368268013,1.9087104797363281,0.030486812815070152,16.705554176497316,20.70896122940145
925,925,35,ramp,0,"[-0.5, -0.4333333373069763, -0.36666667461395264, -0.30000001192092896]",-0.4571213126182556,-1.324339509010315,-0.13605685532093048,0.2735295593738556,1.4339333772659302,0.0,0.0,9.509896514216338
925,925,35,ramp,1,"[-0.47999998927116394, -0.41333332657814026, -0.3466666638851166, -0.2800000011920929]",-0.6897798776626587,-1.052727460861206,-0.06510001420974731,0.30483290553092957,1.2966080904006958,0.3659479320049286,9.509896514216338,13.428498291788337
925,925,35,ramp,2,"[-0.46000000834465027, -0.3933333456516266, -0.3266666829586029, -0.2600000202655792]",-0.7471487522125244,-1.3272137641906738,-0.008015140891075134,0.2549082636833191,1.5442701578140259,0.2904910743236542,13.428498291788337,17.61470670497959
925,925,35,ramp,3,"[-0.4399999976158142, -0.3733333349227905, -0.30666667222976685, -0.24000000953674316]",-0.788988471031189,-1.1320033073425293,-0.016304101794958115,0.24791046977043152,1.4020198583602905,0.19993838667869568,17.61470670497959,21.939545847978515
950,950,35,zero_hold,0,"[0.0, 0.0, 0.0, 0.0]",-0.2770420014858246,-0.39053770899772644,-0.127891406416893,0.7001771330833435,0.8578322529792786,0.0,0.0,5.679039970665838
950,950,35,zero_hold,1,"[0.0, 0.0, 0.0, 0.0]",-0.3391532897949219,-0.21976658701896667,-0.1078592836856842,0.9587404131889343,1.0460110902786255,0.3166652023792267,5.679039970665838,8.556548406764197
950,950,35,zero_hold,2,"[0.0, 0.0, 0.0, 0.0]",0.0215598214417696,-0.44788265228271484,-0.15767383575439453,1.1027523279190063,1.2008278369903564,0.4531796872615814,8.556548406764197,11.023450676867778
950,950,35,zero_hold,3,"[0.0, 0.0, 0.0, 0.0]",0.08217141777276993,-0.24442800879478455,-0.26425498723983765,1.2546885013580322,1.3078880310058594,0.28197818994522095,11.023450676867778,13.217892213793839
950,950,35,target_ahead,0,"[0.0, 0.0, 0.0, 0.0]",1.0171666145324707,-0.7596513032913208,-0.5996254086494446,0.3990410268306732,1.459617257118225,0.0,0.0,8.66661262383342
950,950,35,target_ahead,1,"[0.009999999776482582, 0.0, 0.0, 0.0]",1.0347814559936523,-0.6611186265945435,-0.8452901244163513,0.5871749520301819,1.6022298336029053,0.32521453499794006,8.66661262383342,12.370800691400552
950,950,35,target_ahead,2,"[0.019999999552965164, 0.0, 0.0, 0.0]",0.9859462976455688,-0.6086198091506958,-0.8967121243476868,0.5771503448486328,1.5747073888778687,0.0888015404343605,12.370800691400552,16.351832194728274
950,950,35,target_ahead,3,"[0.029999999329447746, 0.0, 0.0, 0.0]",0.9531028866767883,-0.6111353039741516,-0.9293521642684937,0.5704178214073181,1.5719298124313354,0.046858470886945724,16.351832194728274,20.469309195456937
950,950,35,target_left,0,"[0.0, 0.0, 0.0, 0.0]",-0.2953558564186096,-1.5313438177108765,0.6286612749099731,-0.03714526444673538,1.68191659450531,0.0,0.0,8.578827842745927
950,950,35,target_left,1,"[0.009999999776482582, 0.0, 0.0, 0.0]",-0.5167606472969055,-1.672683596611023,0.7385454773902893,-0.14979241788387299,1.9059903621673584,0.30620408058166504,8.578827842745927,12.793870716809286
950,950,35,target_left,2,"[0.019999999552965164, 0.0, 0.0, 0.0]",-0.3838544487953186,-1.7211779356002808,0.7117661833763123,-0.0994933471083641,1.9042867422103882,0.1525217592716217,12.793870716809286,16.7917200711315
950,950,35,target_left,3,"[0.029999999329447746, 0.0, 0.0, 0.0]",-0.40141940116882324,-1.731848955154419,0.7095498442649841,-0.07356666773557663,1.9155446290969849,0.03315875679254532,16.7917200711315,20.82566026527531
950,950,35,ramp,0,"[-0.5, -0.4333333373069763, -0.36666667461395264, -0.30000001192092896]",-0.5012490749359131,-1.3406670093536377,-0.1408141553401947,0.29880163073539734,1.4689280986785889,0.0,0.0,9.513476990582845
950,950,35,ramp,1,"[-0.47999998927116394, -0.41333332657814026, -0.3466666638851166, -0.2800000011920929]",-0.7242733240127563,-1.0538619756698608,-0.0889555960893631,0.30155983567237854,1.3168326616287231,0.3670066297054291,9.513476990582845,13.4901292288569
950,950,35,ramp,2,"[-0.46000000834465027, -0.3933333456516266, -0.3266666829586029, -0.2600000202655792]",-0.7775530815124512,-1.360826015472412,-0.03170280531048775,0.24465514719486237,1.586599349975586,0.3218410611152649,13.4901292288569,17.706072118642254
950,950,35,ramp,3,"[-0.4399999976158142, -0.3733333349227905, -0.30666667222976685, -0.24000000953674316]",-0.8306911587715149,-1.1202789545059204,-0.0447460412979126,0.24180839955806732,1.4161731004714966,0.24670787155628204,17.706072118642254,22.031826406961155
975,975,35,zero_hold,0,"[0.0, 0.0, 0.0, 0.0]",-0.27631381154060364,-0.36280301213264465,-0.1275995522737503,0.7027824521064758,0.8474432826042175,0.0,0.0,5.632862396378129
975,975,35,zero_hold,1,"[0.0, 0.0, 0.0, 0.0]",-0.3634648025035858,-0.199142724275589,-0.10542413592338562,0.9593270421028137,1.050327181816101,0.31731194257736206,5.632862396378129,8.483368122798852
975,975,35,zero_hold,2,"[0.0, 0.0, 0.0, 0.0]",0.017428908497095108,-0.4234164357185364,-0.15074311196804047,1.1146053075790405,1.2019375562667847,0.4706844687461853,8.483368122798852,10.933519210306219
975,975,35,zero_hold,3,"[0.0, 0.0, 0.0, 0.0]",0.08416607975959778,-0.2254718691110611,-0.26426833868026733,1.2764091491699219,1.32551109790802,0.28758367896080017,10.933519210306219,13.102808569968126
975,975,35,target_ahead,0,"[0.0, 0.0, 0.0, 0.0]",0.9839461445808411,-0.7603334188461304,-0.6112459897994995,0.3419845998287201,1.4271762371063232,0.0,0.0,8.673833682467379
975,975,35,target_ahead,1,"[0.009999999776482582, 0.0, 0.0, 0.0]",1.0426143407821655,-0.6690657734870911,-0.8226224184036255,0.5506691336631775,1.5857609510421753,0.31622931361198425,8.673833682467379,12.417681784458289
975,975,35,target_ahead,2,"[0.019999999552965164, 0.0, 0.0, 0.0]",1.0268456935882568,-0.6328504681587219,-0.8749114274978638,0.5610746741294861,1.5922269821166992,0.06635219603776932,12.417681784458289,16.42373035107831
975,975,35,target_ahead,3,"[0.029999999329447746, 0.0, 0.0, 0.0]",1.0027687549591064,-0.636633038520813,-0.9083662629127502,0.5632662177085876,1.597887635231018,0.04144919291138649,16.42373035107831,20.564514028048055
975,975,35,target_left,0,"[0.0, 0.0, 0.0, 0.0]",-0.3024624288082123,-1.5199697017669678,0.6349043846130371,-0.05738409608602524,1.6757649183273315,0.0,0.0,8.554745087966396
975,975,35,target_left,1,"[0.009999999776482582, 0.0, 0.0, 0.0]",-0.5029722452163696,-1.6533023118972778,0.7489019632339478,-0.14416569471359253,1.8889223337173462,0.2801932692527771,8.554745087966396,12.794502461661475
975,975,35,target_left,2,"[0.019999999552965164, 0.0, 0.0, 0.0]",-0.3615588843822479,-1.7008357048034668,0.7248672246932983,-0.10107959061861038,1.8865885734558105,0.15713447332382202,12.794502461661475,16.803708695368755
975,975,35,target_left,3,"[0.029999999329447746, 0.0, 0.0, 0.0]",-0.3839244842529297,-1.7128756046295166,0.7226941585540771,-0.07479345053434372,1.8997951745986938,0.036617789417505264,16.803708695368755,20.823722042690967
975,975,35,ramp,0,"[-0.5, -0.4333333373069763, -0.36666667461395264, -0.30000001192092896]",-0.49592095613479614,-1.3524506092071533,-0.1334739625453949,0.2852761149406433,1.4745365381240845,0.0,0.0,9.522002076855046
975,975,35,ramp,1,"[-0.47999998927116394, -0.41333332657814026, -0.3466666638851166, -0.2800000011920929]",-0.7197064757347107,-1.0492656230926514,-0.08035875856876373,0.3035876452922821,1.3105566501617432,0.38099557161331177,9.522002076855046,13.5553689145277
975,975,35,ramp,2,"[-0.46000000834465027, -0.3933333456516266, -0.3266666829586029, -0.2600000202655792]",-0.7796837091445923,-1.3554112911224365,-0.015005679801106453,0.2505907118320465,1.5836879014968872,0.32311320304870605,13.5553689145277,17.793168553795756
975,975,35,ramp,3,"[-0.4399999976158142, -0.3733333349227905, -0.30666667222976685, -0.24000000953674316]",-0.8405191898345947,-1.0956991910934448,-0.02944088913500309,0.24685481190681458,1.4031511545181274,0.26715850830078125,17.793168553795756,22.099880627669766
1000,1000,35,zero_hold,0,"[0.0, 0.0, 0.0, 0.0]",-0.30760353803634644,-0.3737905025482178,-0.1152135580778122,0.7037111520767212,0.8618717193603516,0.0,0.0,5.686739884339631
1000,1000,35,zero_hold,1,"[0.0, 0.0, 0.0, 0.0]",-0.397211492061615,-0.20415782928466797,-0.07853744924068451,0.9450849890708923,1.0482419729232788,0.31050169467926025,5.686739884339631,8.553838728584156
1000,1000,35,zero_hold,2,"[0.0, 0.0, 0.0, 0.0]",-0.02244229055941105,-0.4192756116390228,-0.11713750660419464,1.086429238319397,1.1706174612045288,0.456284761428833,8.553838728584156,11.008667248821293
1000,1000,35,zero_hold,3,"[0.0, 0.0, 0.0, 0.0]",0.06964507699012756,-0.23443391919136047,-0.2318626493215561,1.243575096130371,1.2884289026260376,0.2837308645248413,11.008667248821293,13.19028334426995
1000,1000,35,target_ahead,0,"[0.0, 0.0, 0.0, 0.0]",0.9850497841835022,-0.7857435941696167,-0.6023451089859009,0.3406543433666229,1.437560796737671,0.0,0.0,8.684115731016256
1000,1000,35,target_ahead,1,"[0.009999999776482582, 0.0, 0.0, 0.0]",1.0345678329467773,-0.6896178126335144,-0.8220738172531128,0.5494104027748108,1.5885719060897827,0.32179495692253113,8.684115731016256,12.391278153871319
1000,1000,35,target_ahead,2,"[0.019999999552965164, 0.0, 0.0, 0.0]",1.0023216009140015,-0.6494909524917603,-0.869095504283905,0.555461049079895,1.5780845880508423,0.0699830949306488,12.391278153871319,16.35841648317326
1000,1000,35,target_ahead,3,"[0.029999999329447746, 0.0, 0.0, 0.0]",0.9705034494400024,-0.6545496582984924,-0.8999460935592651,0.5530723333358765,1.5767384767532349,0.0446704626083374,16.35841648317326,20.45479596877321
1000,1000,35,target_left,0,"[0.0, 0.0, 0.0, 0.0]",-0.34046533703804016,-1.5480753183364868,0.6126235723495483,-0.06791885942220688,1.7006982564926147,0.0,0.0,8.567043942797408
1000,1000,35,target_left,1,"[0.009999999776482582, 0.0, 0.0, 0.0]",-0.5491511225700378,-1.678188681602478,0.7410703897476196,-0.16311511397361755,1.9218939542770386,0.2933260202407837,8.567043942797408,12.794943034228305
1000,1000,35,target_left,2,"[0.019999999552965164, 0.0, 0.0, 0.0]",-0.4015601575374603,-1.7247703075408936,0.7167972326278687,-0.12815767526626587,1.9147599935531616,0.16051214933395386,12.794943034228305,16.83205050037673
1000,1000,35,target_left,3,"[0.029999999329447746, 0.0, 0.0, 0.0]",-0.42897629737854004,-1.7351425886154175,0.7141213417053223,-0.10408226400613785,1.9275742769241333,0.03802650049328804,16.83205050037673,20.88429237907439
1000,1000,35,ramp,0,"[-0.5, -0.4333333373069763, -0.36666667461395264, -0.30000001192092896]",-0.5471665263175964,-1.3535653352737427,-0.12617281079292297,0.2836267054080963,1.4926131963729858,0.0,0.0,9.533647976045415
1000,1000,35,ramp,1,"[-0.47999998927116394, -0.41333332657814026, -0.3466666638851166, -0.2800000011920929]",-0.7681668996810913,-1.0415904521942139,-0.07146646082401276,0.2955092787742615,1.3294451236724854,0.3863980770111084,9.533647976045415,13.58085136647588
1000,1000,35,ramp,2,"[-0.46000000834465027, -0.3933333456516266, -0.3266666829586029, -0.2600000202655792]",-0.8142859935760498,-1.3786516189575195,-0.0034174844622612,0.23927414417266846,1.6189520359039307,0.3514687120914459,13.58085136647588,17.81509916228358
1000,1000,35,ramp,3,"[-0.4399999976158142, -0.3733333349227905, -0.30666667222976685, -0.24000000953674316]",-0.8622352480888367,-1.0765049457550049,-0.02075483649969101,0.2449774146080017,1.4009844064712524,0.3064716160297394,17.81509916228358,22.151194359725785
1025,1025,35,zero_hold,0,"[0.0, 0.0, 0.0, 0.0]",-0.2909005284309387,-0.3690308928489685,-0.10197862237691879,0.6881927251815796,0.8395330905914307,0.0,0.0,5.6675793485454795
1025,1025,35,zero_hold,1,"[0.0, 0.0, 0.0, 0.0]",-0.36959096789360046,-0.19032812118530273,-0.07019437104463577,0.9320687055587769,1.022986650466919,0.31402644515037537,5.6675793485454795,8.53174094127965
1025,1025,35,zero_hold,2,"[0.0, 0.0, 0.0, 0.0]",0.006078166887164116,-0.41370347142219543,-0.10940439254045486,1.076139211654663,1.1581158638000488,0.4618631601333618,8.53174094127965,10.970460204821663
1025,1025,35,zero_hold,3,"[0.0, 0.0, 0.0, 0.0]",0.10002546012401581,-0.2346401810646057,-0.2208927720785141,1.2333452701568604,1.2786693572998047,0.2793441712856293,10.970460204821663,13.115876256156
1025,1025,35,target_ahead,0,"[0.0, 0.0, 0.0, 0.0]",0.9939695000648499,-0.8213949203491211,-0.6045066118240356,0.3462468385696411,1.4655988216400146,0.0,0.0,8.685956758519836
1025,1025,35,target_ahead,1,"[0.009999999776482582, 0.0, 0.0, 0.0]",1.0335144996643066,-0.7438690066337585,-0.8161852359771729,0.5485722422599792,1.6089073419570923,0.30547910928726196,8.685956758519836,12.36818630196179
1025,1025,35,target_ahead,2,"[0.019999999552965164, 0.0, 0.0, 0.0]",0.992638885974884,-0.6932832598686218,-0.8582650423049927,0.5509842038154602,1.5830906629562378,0.07750007510185242,12.36818630196179,16.317172421722574
1025,1025,35,target_ahead,3,"[0.029999999329447746, 0.0, 0.0, 0.0]",0.958811342716217,-0.696833610534668,-0.8873229026794434,0.5471505522727966,1.578484058380127,0.044899482280015945,16.317172421722574,20.404326822737126
1025,1025,35,target_left,0,"[0.0, 0.0, 0.0, 0.0]",-0.3337938189506531,-1.5343523025512695,0.663995623588562,-0.11228378117084503,1.7085529565811157,0.0,0.0,8.563748209402732
1025,1025,35,target_left,1,"[0.009999999776482582, 0.0, 0.0, 0.0]",-0.5414703488349915,-1.6816976070404053,0.7918305397033691,-0.21337534487247467,1.9477735757827759,0.3023267388343811,8.563748209402732,12.775403358596964
1025,1025,35,target_left,2,"[0.019999999552965164, 0.0, 0.0, 0.0]",-0.39874476194381714,-1.7324495315551758,0.7561262845993042,-0.17256714403629303,1.9395580291748047,0.16089268028736115,12.775403358596964,16.78219016743378
1025,1025,35,target_left,3,"[0.029999999329447746, 0.0, 0.0, 0.0]",-0.41842636466026306,-1.745427131652832,0.7497444748878479,-0.14770647883415222,1.9507769346237183,0.0348505899310112,16.78219016743378,20.79711764047096
1025,1025,35,ramp,0,"[-0.5, -0.4333333373069763, -0.36666667461395264, -0.30000001192092896]",-0.493349552154541,-1.3735880851745605,-0.13604091107845306,0.2579822838306427,1.4883548021316528,0.0,0.0,9.55301095014462
1025,1025,35,ramp,1,"[-0.47999998927116394, -0.41333332657814026, -0.3466666638851166, -0.2800000011920929]",-0.7260220050811768,-1.1166480779647827,-0.07693213224411011,0.2587459087371826,1.358999252319336,0.35163769125938416,9.55301095014462,13.56982225161324
1025,1025,35,ramp,2,"[-0.46000000834465027, -0.3933333456516266, -0.3266666829586029, -0.2600000202655792]",-0.7805983424186707,-1.4130017757415771,-0.007050744257867336,0.20447398722171783,1.6271960735321045,0.3140588104724884,13.56982225161324,17.746673727662536
1025,1025,35,ramp,3,"[-0.4399999976158142, -0.3733333349227905, -0.30666667222976685, -0.24000000953674316]",-0.8230898380279541,-1.1386144161224365,-0.012964717112481594,0.20753391087055206,1.42026686668396,0.2777377963066101,17.746673727662536,22.041122039201014
1050,1050,35,zero_hold,0,"[0.0, 0.0, 0.0, 0.0]",-0.28058290481567383,-0.36051735281944275,-0.1158323660492897,0.6803905963897705,0.8276762962341309,0.0,0.0,5.683240790112683
1050,1050,35,zero_hold,1,"[0.0, 0.0, 0.0, 0.0]",-0.3658161163330078,-0.1810632050037384,-0.08934637904167175,0.9291473627090454,1.018775224685669,0.31945252418518066,5.683240790112683,8.517203633309327
1050,1050,35,zero_hold,2,"[0.0, 0.0, 0.0, 0.0]",0.006400039419531822,-0.3981524705886841,-0.12646134197711945,1.0679068565368652,1.146727442741394,0.4542073905467987,8.517203633309327,10.932782613686332
1050,1050,35,zero_hold,3,"[0.0, 0.0, 0.0, 0.0]",0.11228493601083755,-0.22571682929992676,-0.23936018347740173,1.2116684913635254,1.2605513334274292,0.2726888656616211,10.932782613686332,13.066405952609157
1050,1050,35,target_ahead,0,"[0.0, 0.0, 0.0, 0.0]",0.9859868288040161,-0.8189180493354797,-0.596072793006897,0.3862837851047516,1.46537184715271,0.0,0.0,8.676567838441253
1050,1050,35,target_ahead,1,"[0.009999999776482582, 0.0, 0.0, 0.0]",1.0460079908370972,-0.7316307425498962,-0.814580500125885,0.5765184164047241,1.6202874183654785,0.3084743916988373,8.676567838441253,12.389647317964283
1050,1050,35,target_ahead,2,"[0.019999999552965164, 0.0, 0.0, 0.0]",1.0082321166992188,-0.6788609623908997,-0.8637364506721497,0.5794678330421448,1.599752426147461,0.08146578073501587,12.389647317964283,16.341352791921246
1050,1050,35,target_ahead,3,"[0.029999999329447746, 0.0, 0.0, 0.0]",0.9745808839797974,-0.6796633005142212,-0.8928918838500977,0.5766744613647461,1.5942269563674927,0.04461940750479698,16.341352791921246,20.415440268647842
1050,1050,35,target_left,0,"[0.0, 0.0, 0.0, 0.0]",-0.3309578001499176,-1.5292458534240723,0.6394630670547485,-0.07855790108442307,1.692102313041687,0.0,0.0,8.529233847557737
1050,1050,35,target_left,1,"[0.009999999776482582, 0.0, 0.0, 0.0]",-0.5340257287025452,-1.6669939756393433,0.7866579294204712,-0.17116574943065643,1.9267020225524902,0.30075517296791077,8.529233847557737,12.71539581096529
1050,1050,35,target_left,2,"[0.019999999552965164, 0.0, 0.0, 0.0]",-0.397257536649704,-1.7157448530197144,0.7493213415145874,-0.12941178679466248,1.918286681175232,0.15562647581100464,12.71539581096529,16.69908988989374
1050,1050,35,target_left,3,"[0.029999999329447746, 0.0, 0.0, 0.0]",-0.4184173047542572,-1.72859787940979,0.7432853579521179,-0.10324893146753311,1.9303516149520874,0.03652210533618927,16.69908988989374,20.685781154817498
1050,1050,35,ramp,0,"[-0.5, -0.4333333373069763, -0.36666667461395264, -0.30000001192092896]",-0.47011077404022217,-1.3851739168167114,-0.12413443624973297,0.2583243250846863,1.4905877113342285,0.0,0.0,9.54901236249058
1050,1050,35,ramp,1,"[-0.47999998927116394, -0.41333332657814026, -0.3466666638851166, -0.2800000011920929]",-0.7138059735298157,-1.179795265197754,-0.0652368813753128,0.24945266544818878,1.402825117111206,0.32421499490737915,9.54901236249058,13.591465482164091
1050,1050,35,ramp,2,"[-0.46000000834465027, -0.3933333456516266, -0.3266666829586029, -0.2600000202655792]",-0.7687752842903137,-1.4274541139602661,0.00044962624087929726,0.20517130196094513,1.6342387199401855,0.265766978263855,13.591465482164091,17.831591131936406
1050,1050,35,ramp,3,"[-0.4399999976158142, -0.3733333349227905, -0.30666667222976685, -0.24000000953674316]",-0.8026376962661743,-1.2087537050247192,0.0019902982749044895,0.2049182653427124,1.465369701385498,0.22131192684173584,17.831591131936406,22.178112807104295
1075,1075,35,zero_hold,0,"[0.0, 0.0, 0.0, 0.0]",-0.2626913785934448,-0.3402557969093323,-0.1540277898311615,0.6903879046440125,0.8277323246002197,0.0,0.0,5.624512664457175
1075,1075,35,zero_hold,1,"[0.0, 0.0, 0.0, 0.0]",-0.3408152163028717,-0.16906455159187317,-0.14168651401996613,0.9531040191650391,1.0359634160995483,0.3233911693096161,5.624512664457175,8.426076524230846
1075,1075,35,zero_hold,2,"[0.0, 0.0, 0.0, 0.0]",0.0038623828440904617,-0.3754270374774933,-0.19395816326141357,1.0946612358093262,1.1733982563018799,0.42913737893104553,8.426076524230846,10.790597498469992
1075,1075,35,zero_hold,3,"[0.0, 0.0, 0.0, 0.0]",0.08230306953191757,-0.22140401601791382,-0.312615305185318,1.2278767824172974,1.2888767719268799,0.24839873611927032,10.790597498469992,12.868224899537536
1075,1075,35,target_ahead,0,"[0.0, 0.0, 0.0, 0.0]",1.0120021104812622,-0.8423423767089844,-0.6159860491752625,0.3831118643283844,1.503297209739685,0.0,0.0,8.697106051327646
1075,1075,35,target_ahead,1,"[0.009999999776482582, 0.0, 0.0, 0.0]",1.0832375288009644,-0.7438344359397888,-0.8279089331626892,0.5884095430374146,1.6608288288116455,0.3191187083721161,8.697106051327646,12.398733867092565
1075,1075,35,target_ahead,2,"[0.019999999552965164, 0.0, 0.0, 0.0]",1.0457080602645874,-0.6892551779747009,-0.8753960728645325,0.5897006988525391,1.6378777027130127,0.08151105791330338,12.398733867092565,16.34067436559597
1075,1075,35,target_ahead,3,"[0.029999999329447746, 0.0, 0.0, 0.0]",1.0109227895736694,-0.6905995011329651,-0.9040800929069519,0.5846465826034546,1.6303573846817017,0.045388758182525635,16.34067436559597,20.401734692434147
1075,1075,35,target_left,0,"[0.0, 0.0, 0.0, 0.0]",-0.28877249360084534,-1.5275139808654785,0.6334714293479919,-0.05056198313832283,1.6794437170028687,0.0,0.0,8.520017349917516
1075,1075,35,target_left,1,"[0.009999999776482582, 0.0, 0.0, 0.0]",-0.5183855891227722,-1.6707417964935303,0.7598883509635925,-0.15441660583019257,1.9134724140167236,0.31623315811157227,8.520017349917516,12.683919397833641
1075,1075,35,target_left,2,"[0.019999999552965164, 0.0, 0.0, 0.0]",-0.3908748924732208,-1.7221070528030396,0.7168472409248352,-0.11142012476921082,1.9091150760650635,0.15032830834388733,12.683919397833641,16.6249218310881
1075,1075,35,target_left,3,"[0.029999999329447746, 0.0, 0.0, 0.0]",-0.4121515154838562,-1.7347004413604736,0.710554301738739,-0.08678559958934784,1.9213207960128784,0.035464756190776825,16.6249218310881,20.572502113978384
1075,1075,35,ramp,0,"[-0.5, -0.4333333373069763, -0.36666667461395264, -0.30000001192092896]",-0.47254982590675354,-1.3785157203674316,-0.14037245512008667,0.2712423503398895,1.488921046257019,0.0,0.0,9.5570202882653
1075,1075,35,ramp,1,"[-0.47999998927116394, -0.41333332657814026, -0.3466666638851166, -0.2800000011920929]",-0.6974064707756042,-1.1586028337478638,-0.09042652696371078,0.2433418184518814,1.3769997358322144,0.3196798861026764,9.5570202882653,13.551065566631552
1075,1075,35,ramp,2,"[-0.46000000834465027, -0.3933333456516266, -0.3266666829586029, -0.2600000202655792]",-0.7538229823112488,-1.417082667350769,-0.019298173487186432,0.20000801980495453,1.6176365613937378,0.27736565470695496,13.551065566631552,17.777722356462665
1075,1075,35,ramp,3,"[-0.4399999976158142, -0.3733333349227905, -0.30666667222976685, -0.24000000953674316]",-0.7973002195358276,-1.179772138595581,-0.025934413075447083,0.2009391486644745,1.4382624626159668,0.24135339260101318,17.777722356462665,22.13181207898032
1100,1100,35,zero_hold,0,"[0.0, 0.0, 0.0, 0.0]",-0.2727719247341156,-0.3427745997905731,-0.15746070444583893,0.6951867341995239,0.8366464972496033,0.0,0.0,5.6133668740741625
1100,1100,35,zero_hold,1,"[0.0, 0.0, 0.0, 0.0]",-0.3562442660331726,-0.17135851085186005,-0.14610888063907623,0.9434273838996887,1.0332844257354736,0.31321460008621216,5.6133668740741625,8.420166728263156
1100,1100,35,zero_hold,2,"[0.0, 0.0, 0.0, 0.0]",-0.014643065631389618,-0.3712802231311798,-0.20238010585308075,1.0814502239227295,1.1612733602523804,0.4229383170604706,8.420166728263156,10.785895827014517
1100,1100,35,zero_hold,3,"[0.0, 0.0, 0.0, 0.0]",0.06726252287626266,-0.22853244841098785,-0.3295843303203583,1.21951162815094,1.285529375076294,0.2496543973684311,10.785895827014517,12.884095043685782
1100,1100,35,target_ahead,0,"[0.0, 0.0, 0.0, 0.0]",1.0193942785263062,-0.8737724423408508,-0.6088526248931885,0.42396852374076843,1.5339797735214233,0.0,0.0,8.721242255614223
1100,1100,35,target_ahead,1,"[0.009999999776482582, 0.0, 0.0, 0.0]",1.0762825012207031,-0.7864808440208435,-0.8296176195144653,0.6141703724861145,1.685943841934204,0.3094673156738281,8.721242255614223,12.422036234889354
1100,1100,35,target_ahead,2,"[0.019999999552965164, 0.0, 0.0, 0.0]",1.0392076969146729,-0.731814980506897,-0.8770762085914612,0.613943874835968,1.661834955215454,0.08133429288864136,12.422036234889354,16.372074666420342
1100,1100,35,target_ahead,3,"[0.029999999329447746, 0.0, 0.0, 0.0]",1.0074383020401,-0.7328336238861084,-0.9036001563072205,0.6121354699134827,1.656254768371582,0.04143817350268364,16.372074666420342,20.458816365389982
1100,1100,35,target_left,0,"[0.0, 0.0, 0.0, 0.0]",-0.30641210079193115,-1.5659685134887695,0.5955333113670349,-0.07005409151315689,1.7046153545379639,0.0,0.0,8.510332464347652
1100,1100,35,target_left,1,"[0.009999999776482582, 0.0, 0.0, 0.0]",-0.49920588731765747,-1.710695505142212,0.7281906604766846,-0.17795231938362122,1.9332910776138306,0.2955593764781952,8.510332464347652,12.665900713544781
1100,1100,35,target_left,2,"[0.019999999552965164, 0.0, 0.0, 0.0]",-0.3806990683078766,-1.764352560043335,0.682059645652771,-0.1336210072040558,1.9341487884521484,0.14496992528438568,12.665900713544781,16.59917683686733
1100,1100,35,target_left,3,"[0.029999999329447746, 0.0, 0.0, 0.0]",-0.39302724599838257,-1.7785884141921997,0.6742621064186096,-0.11038229614496231,1.945420503616333,0.030910884961485863,16.59917683686733,20.53968646810456
1100,1100,35,ramp,0,"[-0.5, -0.4333333373069763, -0.36666667461395264, -0.30000001192092896]",-0.43746909499168396,-1.386665940284729,-0.15024419128894806,0.3200781047344208,1.4964107275009155,0.0,0.0,9.523424385179403
1100,1100,35,ramp,1,"[-0.47999998927116394, -0.41333332657814026, -0.3466666638851166, -0.2800000011920929]",-0.6707771420478821,-1.1258044242858887,-0.10882529616355896,0.26144635677337646,1.3407366275787354,0.3572598397731781,9.523424385179403,13.503450375499806
1100,1100,35,ramp,2,"[-0.46000000834465027, -0.3933333456516266, -0.3266666829586029, -0.2600000202655792]",-0.7257209420204163,-1.4118402004241943,-0.03493095934391022,0.20717695355415344,1.6012827157974243,0.3053536117076874,13.503450375499806,17.628574020711667
1100,1100,35,ramp,3,"[-0.4399999976158142, -0.3733333349227905, -0.30666667222976685, -0.24000000953674316]",-0.7668367028236389,-1.147590160369873,-0.041846856474876404,0.20787116885185242,1.3964108228683472,0.26751992106437683,17.628574020711667,21.899632311764666
1125,1125,35,zero_hold,0,"[0.0, 0.0, 0.0, 0.0]",-0.315000981092453,-0.3615899682044983,-0.1576046198606491,0.6824785470962524,0.8488752245903015,0.0,0.0,5.673023594897373
1125,1125,35,zero_hold,1,"[0.0, 0.0, 0.0, 0.0]",-0.40077701210975647,-0.196527361869812,-0.14136050641536713,0.9139420390129089,1.0268973112106323,0.29739269614219666,5.673023594897373,8.511489170570995
1125,1125,35,zero_hold,2,"[0.0, 0.0, 0.0, 0.0]",-0.055620525032281876,-0.39266788959503174,-0.1949414312839508,1.0487456321716309,1.1380470991134644,0.4226665794849396,8.511489170570995,10.899125123305687
1125,1125,35,zero_hold,3,"[0.0, 0.0, 0.0, 0.0]",0.019214976578950882,-0.2578977942466736,-0.3261517286300659,1.1932728290557861,1.2637861967086792,0.24873195588588715,10.899125123305687,13.022930179555587
1125,1125,35,target_ahead,0,"[0.0, 0.0, 0.0, 0.0]",1.0050349235534668,-0.8762321472167969,-0.5855439305305481,0.4423500895500183,1.5219767093658447,0.0,0.0,8.69969415776477
1125,1125,35,target_ahead,1,"[0.009999999776482582, 0.0, 0.0, 0.0]",1.052464485168457,-0.791867733001709,-0.814045786857605,0.6207407116889954,1.6681503057479858,0.30561941862106323,8.69969415776477,12.385774563144427
1125,1125,35,target_ahead,2,"[0.019999999552965164, 0.0, 0.0, 0.0]",1.0043885707855225,-0.7331855297088623,-0.8710797429084778,0.6076962947845459,1.6353691816329956,0.09580148011445999,12.385774563144427,16.30361871693711
1125,1125,35,target_ahead,3,"[0.029999999329447746, 0.0, 0.0, 0.0]",0.9718121290206909,-0.7309726476669312,-0.8997896909713745,0.6047582626342773,1.6291389465332031,0.043577685952186584,16.30361871693711,20.349634472333282
1125,1125,35,target_left,0,"[0.0, 0.0, 0.0, 0.0]",-0.3424278497695923,-1.5846952199935913,0.5592643022537231,-0.08731774240732193,1.7172410488128662,0.0,0.0,8.525050422515363
1125,1125,35,target_left,1,"[0.009999999776482582, 0.0, 0.0, 0.0]",-0.549434244632721,-1.717758059501648,0.7224300503730774,-0.1798768937587738,1.9511103630065918,0.30943113565444946,8.525050422515363,12.659668946181226
1125,1125,35,target_left,2,"[0.019999999552965164, 0.0, 0.0, 0.0]",-0.41445693373680115,-1.778546690940857,0.6839736700057983,-0.13463512063026428,1.954724907875061,0.15949872136116028,12.659668946181226,16.5975178478469
1125,1125,35,target_left,3,"[0.029999999329447746, 0.0, 0.0, 0.0]",-0.43401339650154114,-1.7948802709579468,0.6820935010910034,-0.10900356620550156,1.9715720415115356,0.03619050607085228,16.5975178478469,20.53200261920605
1125,1125,35,ramp,0,"[-0.5, -0.4333333373069763, -0.36666667461395264, -0.30000001192092896]",-0.4623297452926636,-1.3911888599395752,-0.154305562376976,0.30821824073791504,1.5059760808944702,0.0,0.0,9.538406948750044
1125,1125,35,ramp,1,"[-0.47999998927116394, -0.41333332657814026, -0.3466666638851166, -0.2800000011920929]",-0.7078810334205627,-1.1181367635726929,-0.1340916007757187,0.23941516876220703,1.3515270948410034,0.3741595149040222,9.538406948750044,13.5590679749212
1125,1125,35,ramp,2,"[-0.46000000834465027, -0.3933333456516266, -0.3266666829586029, -0.2600000202655792]",-0.7656175494194031,-1.4303699731826782,-0.06352601200342178,0.18623125553131104,1.6342723369598389,0.32959234714508057,13.5590679749212,17.647717277471408
1125,1125,35,ramp,3,"[-0.4399999976158142, -0.3733333349227905, -0.30666667222976685, -0.24000000953674316]",-0.8126776814460754,-1.1300328969955444,-0.08415181189775467,0.1910402774810791,1.4074790477752686,0.30473852157592773,17.647717277471408,21.90363346084626
1150,1150,35,zero_hold,0,"[0.0, 0.0, 0.0, 0.0]",-0.31908532977104187,-0.40983226895332336,-0.136862114071846,0.6808043718338013,0.8671815395355225,0.0,0.0,5.715495950516736
1150,1150,35,zero_hold,1,"[0.0, 0.0, 0.0, 0.0]",-0.41277310252189636,-0.22686916589736938,-0.12754936516284943,0.9115250110626221,1.033923625946045,0.30914661288261414,5.715495950516736,8.577886423947058
1150,1150,35,zero_hold,2,"[0.0, 0.0, 0.0, 0.0]",-0.07379021495580673,-0.4319099187850952,-0.17606277763843536,1.039087176322937,1.1413551568984985,0.41901880502700806,8.577886423947058,11.016081375707818
1150,1150,35,zero_hold,3,"[0.0, 0.0, 0.0, 0.0]",0.01722664386034012,-0.2930966317653656,-0.29628676176071167,1.1855329275131226,1.2567722797393799,0.25189951062202454,11.016081375707818,13.211807766861243
1150,1150,35,target_ahead,0,"[0.0, 0.0, 0.0, 0.0]",1.00967538356781,-0.9044557213783264,-0.5662038922309875,0.4591851830482483,1.539130449295044,0.0,0.0,8.672508616692255
1150,1150,35,target_ahead,1,"[0.009999999776482582, 0.0, 0.0, 0.0]",1.0657261610031128,-0.8134971857070923,-0.7923514246940613,0.6181955337524414,1.6755704879760742,0.29638174176216125,8.672508616692255,12.38634200863014
1150,1150,35,target_ahead,2,"[0.019999999552965164, 0.0, 0.0, 0.0]",1.0370618104934692,-0.7568727731704712,-0.8478254675865173,0.5983201265335083,1.6508023738861084,0.08660467714071274,12.38634200863014,16.28410861478718
1150,1150,35,target_ahead,3,"[0.029999999329447746, 0.0, 0.0, 0.0]",1.0118823051452637,-0.7526739835739136,-0.8747791051864624,0.5997105240821838,1.647821307182312,0.03714928403496742,16.28410861478718,20.308800986100078
1150,1150,35,target_left,0,"[0.0, 0.0, 0.0, 0.0]",-0.3335367441177368,-1.6005098819732666,0.5563056468963623,-0.07595886290073395,1.7286192178726196,0.0,0.0,8.524272837605585
1150,1150,35,target_left,1,"[0.009999999776482582, 0.0, 0.0, 0.0]",-0.5261386036872864,-1.7303332090377808,0.7181417346000671,-0.17087282240390778,1.9534072875976562,0.29857856035232544,8.524272837605585,12.684681207972682
1150,1150,35,target_left,2,"[0.019999999552965164, 0.0, 0.0, 0.0]",-0.40886735916137695,-1.7863167524337769,0.6795551776885986,-0.125290647149086,1.9584670066833496,0.14301525056362152,12.684681207972682,16.663675062036734
1150,1150,35,target_left,3,"[0.029999999329447746, 0.0, 0.0, 0.0]",-0.42341452836990356,-1.8017879724502563,0.6763004064559937,-0.10180036723613739,1.9731866121292114,0.031833402812480927,16.663675062036734,20.64098929282044
1150,1150,35,ramp,0,"[-0.5, -0.4333333373069763, -0.36666667461395264, -0.30000001192092896]",-0.49712586402893066,-1.4252761602401733,-0.1270308941602707,0.3071058392524719,1.545638084411621,0.0,0.0,9.535005996289588
1150,1150,35,ramp,1,"[-0.47999998927116394, -0.41333332657814026, -0.3466666638851166, -0.2800000011920929]",-0.7264525294303894,-1.164297342300415,-0.07966237515211105,0.23275147378444672,1.3942170143127441,0.35843130946159363,9.535005996289588,13.556055135196923
1150,1150,35,ramp,2,"[-0.46000000834465027, -0.3933333456516266, -0.3266666829586029, -0.2600000202655792]",-0.7837812900543213,-1.4743067026138306,-0.010650670155882835,0.18242968618869781,1.6796687841415405,0.32663020491600037,13.556055135196923,17.64603894295443
1150,1150,35,ramp,3,"[-0.4399999976158142, -0.3733333349227905, -0.30666667222976685, -0.24000000953674316]",-0.8202784657478333,-1.1819379329681396,-0.016337433829903603,0.1891561895608902,1.4511654376983643,0.29476961493492126,17.64603894295443,21.943858200757855
1175,1175,35,zero_hold,0,"[0.0, 0.0, 0.0, 0.0]",-0.31404730677604675,-0.4221261143684387,-0.13852252066135406,0.6944546699523926,0.8821972608566284,0.0,0.0,5.752958927067395
1175,1175,35,zero_hold,1,"[0.0, 0.0, 0.0, 0.0]",-0.41601133346557617,-0.24942028522491455,-0.13650433719158173,0.9331152439117432,1.0604779720306396,0.3117481470108032,5.752958927067395,8.619560154008424
1175,1175,35,zero_hold,2,"[0.0, 0.0, 0.0, 0.0]",-0.09739895164966583,-0.45724713802337646,-0.18242760002613068,1.0471071004867554,1.1611522436141968,0.3997611105442047,8.619560154008424,11.060220449628932
1175,1175,35,zero_hold,3,"[0.0, 0.0, 0.0, 0.0]",-0.014585573226213455,-0.3118935227394104,-0.2989134192466736,1.1832118034362793,1.2596943378448486,0.24511051177978516,11.060220449628932,13.28716799522043
1175,1175,35,target_ahead,0,"[0.0, 0.0, 0.0, 0.0]",1.0285561084747314,-0.8877055048942566,-0.5675488710403442,0.4624388813972473,1.5433439016342163,0.0,0.0,8.704310262074504
1175,1175,35,target_ahead,1,"[0.009999999776482582, 0.0, 0.0, 0.0]",1.103258490562439,-0.7843413352966309,-0.8127749562263489,0.6346743702888489,1.7017006874084473,0.32567697763442993,8.704310262074504,12.449404883645768
1175,1175,35,target_ahead,2,"[0.019999999552965164, 0.0, 0.0, 0.0]",1.08090078830719,-0.733180582523346,-0.8842458724975586,0.6185483932495117,1.6942235231399536,0.09211638569831848,12.449404883645768,16.36311840925115
1175,1175,35,target_ahead,3,"[0.029999999329447746, 0.0, 0.0, 0.0]",1.052734613418579,-0.7305442094802856,-0.9145604372024536,0.6195266246795654,1.6917976140975952,0.041475459933280945,16.36311840925115,20.40382874854354
1175,1175,35,target_left,0,"[0.0, 0.0, 0.0, 0.0]",-0.34835729002952576,-1.5795953273773193,0.5716932415962219,-0.090355783700943,1.7179847955703735,0.0,0.0,8.520848577569538
1175,1175,35,target_left,1,"[0.009999999776482582, 0.0, 0.0, 0.0]",-0.5408691763877869,-1.7302658557891846,0.7264373302459717,-0.17550164461135864,1.9608343839645386,0.3015924096107483,8.520848577569538,12.619414037344077
1175,1175,35,target_left,2,"[0.019999999552965164, 0.0, 0.0, 0.0]",-0.4207666516304016,-1.7835315465927124,0.6978148221969604,-0.12772181630134583,1.9650158882141113,0.14270251989364624,12.619414037344077,16.585408856373146
1175,1175,35,target_left,3,"[0.029999999329447746, 0.0, 0.0, 0.0]",-0.4362553656101227,-1.7994458675384521,0.6913127303123474,-0.1034185141324997,1.9791243076324463,0.03355731815099716,16.585408856373146,20.562709338900074
1175,1175,35,ramp,0,"[-0.5, -0.4333333373069763, -0.36666667461395264, -0.30000001192092896]",-0.45639732480049133,-1.435509443283081,-0.10646224021911621,0.3309507369995117,1.5459134578704834,0.0,0.0,9.55350736982156
1175,1175,35,ramp,1,"[-0.47999998927116394, -0.41333332657814026, -0.3466666638851166, -0.2800000011920929]",-0.7013275027275085,-1.1790826320648193,-0.07703787088394165,0.2665804624557495,1.3996771574020386,0.3616003692150116,9.55350736982156,13.505020419380898
1175,1175,35,ramp,2,"[-0.46000000834465027, -0.3933333456516266, -0.3266666829586029, -0.2600000202655792]",-0.75984126329422,-1.4859330654144287,-0.010025188326835632,0.21463514864444733,1.682713508605957,0.32368203997612,13.505020419380898,17.57817561014056
1175,1175,35,ramp,3,"[-0.4399999976158142, -0.3733333349227905, -0.30666667222976685, -0.24000000953674316]",-0.7974900603294373,-1.1848498582839966,-0.021511714905500412,0.21475978195667267,1.4444528818130493,0.3036453127861023,17.57817561014056,21.85579966340992
1200,1200,35,zero_hold,0,"[0.0, 0.0, 0.0, 0.0]",-0.3243366479873657,-0.41939836740493774,-0.11822526901960373,0.6989872455596924,0.885239839553833,0.0,0.0,5.779579344220954
1200,1200,35,zero_hold,1,"[0.0, 0.0, 0.0, 0.0]",-0.4380965232849121,-0.23982924222946167,-0.1057901605963707,0.9511845707893372,1.0795323848724365,0.3300674259662628,5.779579344220954,8.689147342283537
1200,1200,35,zero_hold,2,"[0.0, 0.0, 0.0, 0.0]",-0.11006629467010498,-0.4520583152770996,-0.15523989498615265,1.071233868598938,1.1781820058822632,0.4117063581943512,8.689147342283537,11.144065938628895
1200,1200,35,zero_hold,3,"[0.0, 0.0, 0.0, 0.0]",-0.01514979638159275,-0.30119988322257996,-0.27421140670776367,1.2062774896621704,1.273282527923584,0.25329509377479553,11.144065938628895,13.38956259060793
1200,1200,35,target_ahead,0,"[0.0, 0.0, 0.0, 0.0]",1.027334451675415,-0.8781824707984924,-0.5330924391746521,0.4785011112689972,1.5296311378479004,0.0,0.0,8.656297266495761
1200,1200,35,target_ahead,1,"[0.009999999776482582, 0.0, 0.0, 0.0]",1.0855845212936401,-0.7511894106864929,-0.7779157757759094,0.662910521030426,1.6695456504821777,0.33684656023979187,8.656297266495761,12.418276171697574
1200,1200,35,target_ahead,2,"[0.019999999552965164, 0.0, 0.0, 0.0]",1.0521265268325806,-0.6954235434532166,-0.849716305732727,0.646740734577179,1.6525360345840454,0.0982142984867096,12.418276171697574,16.312474390410905
1200,1200,35,target_ahead,3,"[0.029999999329447746, 0.0, 0.0, 0.0]",1.0259159803390503,-0.691112220287323,-0.8772968649864197,0.6540312767028809,1.6515284776687622,0.03897973150014877,16.312474390410905,20.325366589967842
1200,1200,35,target_left,0,"[0.0, 0.0, 0.0, 0.0]",-0.3362574577331543,-1.5818088054656982,0.5481777787208557,-0.10104338079690933,1.7105252742767334,0.0,0.0,8.538309433191078
1200,1200,35,target_left,1,"[0.009999999776482582, 0.0, 0.0, 0.0]",-0.556815505027771,-1.7564377784729004,0.7085661292076111,-0.19543960690498352,1.9837791919708252,0.33730727434158325,8.538309433191078,12.614930996146313
1200,1200,35,target_left,2,"[0.019999999552965164, 0.0, 0.0, 0.0]",-0.4359228014945984,-1.8217337131500244,0.6893495917320251,-0.14671283960342407,2.0013670921325684,0.1470448076725006,12.614930996146313,16.585158049271328
1200,1200,35,target_left,3,"[0.029999999329447746, 0.0, 0.0, 0.0]",-0.4528702199459076,-1.8364074230194092,0.6848823428153992,-0.11753281205892563,2.0150339603424072,0.03706700727343559,16.585158049271328,20.572494569768757
1200,1200,35,ramp,0,"[-0.5, -0.4333333373069763, -0.36666667461395264, -0.30000001192092896]",-0.42593926191329956,-1.4401779174804688,-0.12419100850820541,0.3352378308773041,1.5438084602355957,0.0,0.0,9.579275448041606
1200,1200,35,ramp,1,"[-0.47999998927116394, -0.41333332657814026, -0.3466666638851166, -0.2800000011920929]",-0.682563066482544,-1.2217435836791992,-0.07477758824825287,0.28579139709472656,1.4303209781646729,0.344174325466156,9.579275448041606,13.49334746878945
1200,1200,35,ramp,2,"[-0.46000000834465027, -0.3933333456516266, -0.3266666829586029, -0.2600000202655792]",-0.7392411828041077,-1.4931740760803223,-0.00727298017591238,0.23555216193199158,1.6827311515808105,0.2897719442844391,13.49334746878945,17.54071335100257
1200,1200,35,ramp,3,"[-0.4399999976158142, -0.3733333349227905, -0.30666667222976685, -0.24000000953674316]",-0.770270049571991,-1.2287611961364746,-0.013491644524037838,0.23220697045326233,1.4687654972076416,0.2663209140300751,17.54071335100257,21.820541993338136
1225,1225,35,zero_hold,0,"[0.0, 0.0, 0.0, 0.0]",-0.32806333899497986,-0.44291210174560547,-0.12403149902820587,0.6849889159202576,0.8879134654998779,0.0,0.0,5.80950064245576
1225,1225,35,zero_hold,1,"[0.0, 0.0, 0.0, 0.0]",-0.43241387605667114,-0.2484322339296341,-0.11343768984079361,0.922780454158783,1.0550318956375122,0.32460513710975647,5.80950064245576,8.751593704099154
1225,1225,35,zero_hold,2,"[0.0, 0.0, 0.0, 0.0]",-0.12207560986280441,-0.4589877128601074,-0.16460196673870087,1.0349608659744263,1.1505694389343262,0.3947729468345642,8.751593704099154,11.232010491694139
1225,1225,35,zero_hold,3,"[0.0, 0.0, 0.0, 0.0]",-0.023479394614696503,-0.2926982641220093,-0.2867558002471924,1.1667484045028687,1.2368323802947998,0.2639373242855072,11.232010491694139,13.518971122432317
1225,1225,35,target_ahead,0,"[0.0, 0.0, 0.0, 0.0]",1.0391740798950195,-0.9005346298217773,-0.5322878360748291,0.4788477122783661,1.550313115119934,0.0,0.0,8.669475566103143
1225,1225,35,target_ahead,1,"[0.009999999776482582, 0.0, 0.0, 0.0]",1.0710904598236084,-0.7803666591644287,-0.7783849835395813,0.6401152610778809,1.6648837327957153,0.3194213807582855,8.669475566103143,12.401877469252144
1225,1225,35,target_ahead,2,"[0.019999999552965164, 0.0, 0.0, 0.0]",1.015503168106079,-0.7206647396087646,-0.8498144745826721,0.6116510033607483,1.6269314289093018,0.11210107803344727,12.401877469252144,16.294601645179217
1225,1225,35,target_ahead,3,"[0.029999999329447746, 0.0, 0.0, 0.0]",0.9809325337409973,-0.717504620552063,-0.8762781023979187,0.6153436303138733,1.6197384595870972,0.04380723834037781,16.294601645179217,20.31972826605958
1225,1225,35,target_left,0,"[0.0, 0.0, 0.0, 0.0]",-0.3429323732852936,-1.625867247581482,0.5055848360061646,-0.1073012575507164,1.7401657104492188,0.0,0.0,8.554534853274369
1225,1225,35,target_left,1,"[0.009999999776482582, 0.0, 0.0, 0.0]",-0.5216989517211914,-1.7998336553573608,0.6630472540855408,-0.21936964988708496,1.9998313188552856,0.3155559003353119,8.554534853274369,12.663337572517326
1225,1225,35,target_left,2,"[0.019999999552965164, 0.0, 0.0, 0.0]",-0.41972753405570984,-1.857744812965393,0.6473084092140198,-0.17105808854103088,2.0188252925872803,0.12780293822288513,12.663337572517326,16.654390023669468
1225,1225,35,target_left,3,"[0.029999999329447746, 0.0, 0.0, 0.0]",-0.4304886758327484,-1.873580813407898,0.6438693404197693,-0.1430966556072235,2.032404899597168,0.03406244516372681,16.654390023669468,20.664385697937643
1225,1225,35,ramp,0,"[-0.5, -0.4333333373069763, -0.36666667461395264, -0.30000001192092896]",-0.4271382689476013,-1.4523454904556274,-0.11764857918024063,0.3510490953922272,1.5584708452224731,0.0,0.0,9.592813513026071
1225,1225,35,ramp,1,"[-0.47999998927116394, -0.41333332657814026, -0.3466666638851166, -0.2800000011920929]",-0.7032893300056458,-1.281988263130188,-0.08652488142251968,0.2758745849132538,1.4905378818511963,0.33451589941978455,9.592813513026071,13.560891079695672
1225,1225,35,ramp,2,"[-0.46000000834465027, -0.3933333456516266, -0.3266666829586029, -0.2600000202655792]",-0.7600247263908386,-1.4997321367263794,-0.03098512440919876,0.23019790649414062,1.6972875595092773,0.2362251579761505,13.560891079695672,17.625827392456753
1225,1225,35,ramp,3,"[-0.4399999976158142, -0.3733333349227905, -0.30666667222976685, -0.24000000953674316]",-0.7846746444702148,-1.2833478450775146,-0.04307955875992775,0.22040879726409912,1.5208983421325684,0.21833890676498413,17.625827392456753,21.8449630286388
1250,1250,35,zero_hold,0,"[0.0, 0.0, 0.0, 0.0]",-0.34654849767684937,-0.4516962170600891,-0.132013201713562,0.6932162046432495,0.9066981673240662,0.0,0.0,5.818372258229803
1250,1250,35,zero_hold,1,"[0.0, 0.0, 0.0, 0.0]",-0.46346020698547363,-0.24755124747753143,-0.12230461835861206,0.9219009280204773,1.0681463479995728,0.32822930812835693,5.818372258229803,8.76436470710349
1250,1250,35,zero_hold,2,"[0.0, 0.0, 0.0, 0.0]",-0.14303787052631378,-0.4624954164028168,-0.1806263029575348,1.0344631671905518,1.156331181526184,0.40613195300102234,8.76436470710349,11.250908638515996
1250,1250,35,zero_hold,3,"[0.0, 0.0, 0.0, 0.0]",-0.05552440881729126,-0.3064424991607666,-0.3110199272632599,1.1706348657608032,1.2506436109542847,0.2599160373210907,11.250908638515996,13.534206905012251
1250,1250,35,target_ahead,0,"[0.0, 0.0, 0.0, 0.0]",0.9860897064208984,-0.8987106680870056,-0.5441462397575378,0.45259231328964233,1.5102941989898682,0.0,0.0,8.628212334840624
1250,1250,35,target_ahead,1,"[0.009999999776482582, 0.0, 0.0, 0.0]",1.025818943977356,-0.7743044495582581,-0.7901739478111267,0.61955326795578,1.630972981452942,0.3247474730014801,8.628212334840624,12.402844519520826
1250,1250,35,target_ahead,2,"[0.019999999552965164, 0.0, 0.0, 0.0]",0.9723091125488281,-0.7162293791770935,-0.8560128808021545,0.6064869165420532,1.5996730327606201,0.10364125669002533,12.402844519520826,16.30163490342786
1250,1250,35,target_ahead,3,"[0.029999999329447746, 0.0, 0.0, 0.0]",0.9415793418884277,-0.7146517038345337,-0.8767436742782593,0.6164240837097168,1.595605492591858,0.03840990737080574,16.30163490342786,20.317553255258357
1250,1250,35,target_left,0,"[0.0, 0.0, 0.0, 0.0]",-0.3463490903377533,-1.5896022319793701,0.5280287861824036,-0.12524820864200592,1.7150202989578247,0.0,0.0,8.527303235101362
1250,1250,35,target_left,1,"[0.009999999776482582, 0.0, 0.0, 0.0]",-0.5204639434814453,-1.778536081314087,0.7047061920166016,-0.22288717329502106,1.9950846433639526,0.32674187421798706,8.527303235101362,12.698768061565108
1250,1250,35,target_left,2,"[0.019999999552965164, 0.0, 0.0, 0.0]",-0.4278141260147095,-1.8383346796035767,0.6894606947898865,-0.176048144698143,2.017138719558716,0.12077326327562332,12.698768061565108,16.695614679782945
1250,1250,35,target_left,3,"[0.029999999329447746, 0.0, 0.0, 0.0]",-0.43827617168426514,-1.8565860986709595,0.6867315173149109,-0.14858411252498627,2.032898426055908,0.034702885895967484,16.695614679782945,20.721705934032833
1250,1250,35,ramp,0,"[-0.5, -0.4333333373069763, -0.36666667461395264, -0.30000001192092896]",-0.414175420999527,-1.4374370574951172,-0.13702647387981415,0.3628140985965729,1.545372724533081,0.0,0.0,9.57998445230908
1250,1250,35,ramp,1,"[-0.47999998927116394, -0.41333332657814026, -0.3466666638851166, -0.2800000011920929]",-0.7071710228919983,-1.2302381992340088,-0.10587790608406067,0.2878997325897217,1.4517827033996582,0.36791327595710754,9.57998445230908,13.547445314363388
1250,1250,35,ramp,2,"[-0.46000000834465027, -0.3933333456516266, -0.3266666829586029, -0.2600000202655792]",-0.7659033536911011,-1.49020516872406,-0.046258874237537384,0.2352796494960785,1.6925766468048096,0.2781287729740143,13.547445314363388,17.6205888766232
1250,1250,35,ramp,3,"[-0.4399999976158142, -0.3733333349227905, -0.30666667222976685, -0.24000000953674316]",-0.796142041683197,-1.2506251335144043,-0.051589030772447586,0.22663411498069763,1.5006431341171265,0.24169428646564484,17.6205888766232,21.85919784451269
1275,1275,35,zero_hold,0,"[0.0, 0.0, 0.0, 0.0]",-0.34950053691864014,-0.4642537236213684,-0.11356901377439499,0.6918399333953857,0.9106165766716003,0.0,0.0,5.811045110031427
1275,1275,35,zero_hold,1,"[0.0, 0.0, 0.0, 0.0]",-0.4492146372795105,-0.24640832841396332,-0.1126754954457283,0.9116523861885071,1.0518158674240112,0.3251427710056305,5.811045110031427,8.771272527906104
1275,1275,35,zero_hold,2,"[0.0, 0.0, 0.0, 0.0]",-0.13108010590076447,-0.4556027352809906,-0.17891624569892883,1.0184149742126465,1.1375130414962769,0.40094634890556335,8.771272527906104,11.25316106308358
1275,1275,35,zero_hold,3,"[0.0, 0.0, 0.0, 0.0]",-0.05738178268074989,-0.2857784330844879,-0.31296780705451965,1.1549444198608398,1.2315874099731445,0.26623645424842834,11.25316106308358,13.534989644252052
1275,1275,35,target_ahead,0,"[0.0, 0.0, 0.0, 0.0]",0.9539474844932556,-0.9130833148956299,-0.5651829242706299,0.42320019006729126,1.4974201917648315,0.0,0.0,8.661764457055206
1275,1275,35,target_ahead,1,"[0.009999999776482582, 0.0, 0.0, 0.0]",0.9970237016677856,-0.791075587272644,-0.8055317401885986,0.602544903755188,1.6222819089889526,0.32660913467407227,8.661764457055206,12.465906947404534
1275,1275,35,target_ahead,2,"[0.019999999552965164, 0.0, 0.0, 0.0]",0.941655158996582,-0.7391413450241089,-0.8766761422157288,0.5936843752861023,1.598144769668579,0.10441683977842331,12.465906947404534,16.388750042542036
1275,1275,35,target_ahead,3,"[0.029999999329447746, 0.0, 0.0, 0.0]",0.9097434282302856,-0.7406848073005676,-0.8967945575714111,0.6038464903831482,1.5953426361083984,0.03909936174750328,16.388750042542036,20.44768509781217
1275,1275,35,target_left,0,"[0.0, 0.0, 0.0, 0.0]",-0.3395739495754242,-1.5913975238800049,0.5321641564369202,-0.14428488910198212,1.7181016206741333,0.0,0.0,8.560452393642649
1275,1275,35,target_left,1,"[0.009999999776482582, 0.0, 0.0, 0.0]",-0.5020391941070557,-1.7707043886184692,0.6877828240394592,-0.25603732466697693,1.9814231395721436,0.30862870812416077,8.560452393642649,12.728735030162728
1275,1275,35,target_left,2,"[0.019999999552965164, 0.0, 0.0, 0.0]",-0.40973109006881714,-1.822817325592041,0.6593363881111145,-0.2194918692111969,1.9933499097824097,0.11567763239145279,12.728735030162728,16.747147065318508
1275,1275,35,target_left,3,"[0.029999999329447746, 0.0, 0.0, 0.0]",-0.41153693199157715,-1.8367304801940918,0.6529653072357178,-0.19977839291095734,2.002302885055542,0.025020966306328773,16.747147065318508,20.798462262064074
1275,1275,35,ramp,0,"[-0.5, -0.4333333373069763, -0.36666667461395264, -0.30000001192092896]",-0.443848192691803,-1.434924602508545,-0.15443244576454163,0.34227320551872253,1.5482280254364014,0.0,0.0,9.559633964357703
1275,1275,35,ramp,1,"[-0.47999998927116394, -0.41333332657814026, -0.3466666638851166, -0.2800000011920929]",-0.7112938165664673,-1.2116401195526123,-0.12775322794914246,0.249177023768425,1.4326272010803223,0.3616100251674652,9.559633964357703,13.531360041021223
1275,1275,35,ramp,2,"[-0.46000000834465027, -0.3933333456516266, -0.3266666829586029, -0.2600000202655792]",-0.7674679756164551,-1.4847402572631836,-0.06501015275716782,0.20205572247505188,1.6847889423370361,0.2896486222743988,13.531360041021223,17.61477230361969
1275,1275,35,ramp,3,"[-0.4399999976158142, -0.3733333349227905, -0.30666667222976685, -0.24000000953674316]",-0.786577582359314,-1.2433948516845703,-0.06572829931974411,0.19823060929775238,1.4860520362854004,0.2421320527791977,17.61477230361969,21.887098681111553
1300,1300,35,zero_hold,0,"[0.0, 0.0, 0.0, 0.0]",-0.34333282709121704,-0.47621405124664307,-0.10150433331727982,0.6866204142570496,0.909069836139679,0.0,0.0,5.7993592936461225
1300,1300,35,zero_hold,1,"[0.0, 0.0, 0.0, 0.0]",-0.4573438763618469,-0.25631943345069885,-0.09597647935152054,0.9006472826004028,1.046537160873413,0.3273991644382477,5.7993592936461225,8.739338121272109
1300,1300,35,zero_hold,2,"[0.0, 0.0, 0.0, 0.0]",-0.12546081840991974,-0.47002726793289185,-0.16037486493587494,1.0058528184890747,1.1287719011306763,0.413561075925827,8.739338121272109,11.213608303584854
1300,1300,35,zero_hold,3,"[0.0, 0.0, 0.0, 0.0]",-0.05383923649787903,-0.2995806932449341,-0.29807937145233154,1.1451640129089355,1.2218425273895264,0.2693544626235962,11.213608303584854,13.487929096626752
1300,1300,35,target_ahead,0,"[0.0, 0.0, 0.0, 0.0]",0.975583553314209,-0.924223005771637,-0.5661749839782715,0.4325101375579834,1.5210425853729248,0.0,0.0,8.658477050347429
1300,1300,35,target_ahead,1,"[0.009999999776482582, 0.0, 0.0, 0.0]",1.046729564666748,-0.7879557013511658,-0.8239163160324097,0.6192358136177063,1.666975736618042,0.3534509837627411,8.658477050347429,12.423126658759925
1300,1300,35,target_ahead,2,"[0.019999999552965164, 0.0, 0.0, 0.0]",0.9955736398696899,-0.733376681804657,-0.9124821424484253,0.6037082076072693,1.6510891914367676,0.11696499586105347,12.423126658759925,16.305094902681585
1300,1300,35,target_ahead,3,"[0.029999999329447746, 0.0, 0.0, 0.0]",0.9604055881500244,-0.7302967309951782,-0.9370497465133667,0.6120719909667969,1.6457237005233765,0.043815501034259796,16.305094902681585,20.315844384462018
1300,1300,35,target_left,0,"[0.0, 0.0, 0.0, 0.0]",-0.3314863443374634,-1.5664697885513306,0.5444065928459167,-0.1407920867204666,1.6970303058624268,0.0,0.0,8.580693940091656
1300,1300,35,target_left,1,"[0.009999999776482582, 0.0, 0.0, 0.0]",-0.5022090077400208,-1.7573999166488647,0.6853545308113098,-0.28797388076782227,1.9731467962265015,0.32730618119239807,8.580693940091656,12.750408378609869
1300,1300,35,target_left,2,"[0.019999999552965164, 0.0, 0.0, 0.0]",-0.41346096992492676,-1.8053170442581177,0.6567524075508118,-0.25248295068740845,1.9812095165252686,0.1106795072555542,12.750408378609869,16.769656504101448
1300,1300,35,target_left,3,"[0.029999999329447746, 0.0, 0.0, 0.0]",-0.4138132929801941,-1.819175362586975,0.6505333781242371,-0.2342742681503296,1.9896528720855713,0.023715175688266754,16.769656504101448,20.831686060501713
1300,1300,35,ramp,0,"[-0.5, -0.4333333373069763, -0.36666667461395264, -0.30000001192092896]",-0.44661247730255127,-1.4305578470230103,-0.133200004696846,0.3100496232509613,1.5361742973327637,0.0,0.0,9.556716049617693
1300,1300,35,ramp,1,"[-0.47999998927116394, -0.41333332657814026, -0.3466666638851166, -0.2800000011920929]",-0.6928733587265015,-1.240836501121521,-0.09168469160795212,0.2315143495798111,1.4428284168243408,0.32331088185310364,9.556716049617693,13.545447150377157
1300,1300,35,ramp,2,"[-0.46000000834465027, -0.3933333456516266, -0.3266666829586029, -0.2600000202655792]",-0.7480181455612183,-1.4645897150039673,-0.030324652791023254,0.19313950836658478,1.6561330556869507,0.24154530465602875,13.545447150377157,17.6591775229363
1300,1300,35,ramp,3,"[-0.4399999976158142, -0.3733333349227905, -0.30666667222976685, -0.24000000953674316]",-0.7753663063049316,-1.2734044790267944,-0.028164446353912354,0.192399799823761,1.5035167932510376,0.19314484298229218,17.6591775229363,21.948350524254295
1325,1325,35,zero_hold,0,"[0.0, 0.0, 0.0, 0.0]",-0.34889936447143555,-0.47427651286125183,-0.11325690150260925,0.6776949763298035,0.9048572182655334,0.0,0.0,5.7925206112353
1325,1325,35,zero_hold,1,"[0.0, 0.0, 0.0, 0.0]",-0.4531465768814087,-0.2572780251502991,-0.10696982592344284,0.8831117749214172,1.0309523344039917,0.3165302872657776,5.7925206112353,8.721746512856644
1325,1325,35,zero_hold,2,"[0.0, 0.0, 0.0, 0.0]",-0.10257963836193085,-0.4756489396095276,-0.17744527757167816,0.9875114560127258,1.1150920391082764,0.4317975342273712,8.721746512856644,11.202202546819601
1325,1325,35,zero_hold,3,"[0.0, 0.0, 0.0, 0.0]",-0.06311793625354767,-0.2975257635116577,-0.3168662190437317,1.1222004890441895,1.2050906419754028,0.26620373129844666,11.202202546819601,13.452370067421485
1325,1325,35,target_ahead,0,"[0.0, 0.0, 0.0, 0.0]",0.9598503708839417,-0.9177148342132568,-0.5744393467903137,0.41812536120414734,1.5060951709747314,0.0,0.0,8.67833443126022
1325,1325,35,target_ahead,1,"[0.009999999776482582, 0.0, 0.0, 0.0]",1.0184696912765503,-0.7859577536582947,-0.8366649746894836,0.5833907723426819,1.6417561769485474,0.34186413884162903,8.67833443126022,12.444155972365696
1325,1325,35,target_ahead,2,"[0.019999999552965164, 0.0, 0.0, 0.0]",0.9530459642410278,-0.7296116948127747,-0.9294913411140442,0.5583500266075134,1.6175100803375244,0.1292242854833603,12.444155972365696,16.337193600294256
1325,1325,35,target_ahead,3,"[0.029999999329447746, 0.0, 0.0, 0.0]",0.9190754890441895,-0.7299800515174866,-0.9530026316642761,0.566432535648346,1.6145062446594238,0.04209794104099274,16.337193600294256,20.368688161051892
1325,1325,35,target_left,0,"[0.0, 0.0, 0.0, 0.0]",-0.31043535470962524,-1.5433425903320312,0.5845498442649841,-0.1761908233165741,1.6884958744049072,0.0,0.0,8.569165681542453
1325,1325,35,target_left,1,"[0.009999999776482582, 0.0, 0.0, 0.0]",-0.5001311302185059,-1.7562639713287354,0.697755753993988,-0.32506000995635986,1.981696605682373,0.34102436900138855,8.569165681542453,12.783683717822274
1325,1325,35,target_left,2,"[0.019999999552965164, 0.0, 0.0, 0.0]",-0.42923611402511597,-1.8027288913726807,0.6774881482124329,-0.28828734159469604,1.994034767150879,0.09459438174962997,12.783683717822274,16.815409231593758
1325,1325,35,target_left,3,"[0.029999999329447746, 0.0, 0.0, 0.0]",-0.4279903173446655,-1.8175334930419922,0.6722992658615112,-0.2674517333507538,2.002528429031372,0.026110827922821045,16.815409231593758,20.901270528559117
1325,1325,35,ramp,0,"[-0.5, -0.4333333373069763, -0.36666667461395264, -0.30000001192092896]",-0.40275877714157104,-1.4401443004608154,-0.13417686522006989,0.3189992904663086,1.534924864768982,0.0,0.0,9.566356259306444
1325,1325,35,ramp,1,"[-0.47999998927116394, -0.41333332657814026, -0.3466666638851166, -0.2800000011920929]",-0.6698020696640015,-1.2742109298706055,-0.12520591914653778,0.22977566719055176,1.463120460510254,0.3269363045692444,9.566356259306444,13.544593320053337
1325,1325,35,ramp,2,"[-0.46000000834465027, -0.3933333456516266, -0.3266666829586029, -0.2600000202655792]",-0.732192873954773,-1.4729104042053223,-0.06688349694013596,0.1902606338262558,1.6571794748306274,0.219856858253479,13.544593320053337,17.654953334348974
1325,1325,35,ramp,3,"[-0.4399999976158142, -0.3733333349227905, -0.30666667222976685, -0.24000000953674316]",-0.7743317484855652,-1.293463945388794,-0.06287969648838043,0.18522876501083374,1.520165205001831,0.18443988263607025,17.654953334348974,21.89725320699576
1350,1350,35,zero_hold,0,"[0.0, 0.0, 0.0, 0.0]",-0.34742817282676697,-0.4862586259841919,-0.11681409925222397,0.6786430478096008,0.9117870926856995,0.0,0.0,5.800776220045452
1350,1350,35,zero_hold,1,"[0.0, 0.0, 0.0, 0.0]",-0.43657323718070984,-0.2686837315559387,-0.10718266665935516,0.886741042137146,1.0298470258712769,0.31413885951042175,5.800776220045452,8.741641011244397
1350,1350,35,zero_hold,2,"[0.0, 0.0, 0.0, 0.0]",-0.09744571149349213,-0.490987628698349,-0.16316761076450348,0.985620379447937,1.1174237728118896,0.42111513018608093,8.741641011244397,11.225521710920171
1350,1350,35,zero_hold,3,"[0.0, 0.0, 0.0, 0.0]",-0.03844015300273895,-0.3139965534210205,-0.29727888107299805,1.1109548807144165,1.1927560567855835,0.261728972196579,11.225521710920171,13.49215415027817
1350,1350,35,target_ahead,0,"[0.0, 0.0, 0.0, 0.0]",0.9421621561050415,-0.9269202351570129,-0.5635355114936829,0.4221757650375366,1.4975497722625732,0.0,0.0,8.646181758156436
1350,1350,35,target_ahead,1,"[0.009999999776482582, 0.0, 0.0, 0.0]",0.9880849123001099,-0.7983904480934143,-0.8227463960647583,0.5784189701080322,1.6202528476715088,0.3320105969905853,8.646181758156436,12.417667124199557
1350,1350,35,target_ahead,2,"[0.019999999552965164, 0.0, 0.0, 0.0]",0.919439435005188,-0.7418255805969238,-0.9158610701560974,0.538948655128479,1.5890063047409058,0.1346849501132965,12.417667124199557,16.30878295661943
1350,1350,35,target_ahead,3,"[0.029999999329447746, 0.0, 0.0, 0.0]",0.8839261531829834,-0.7408881783485413,-0.9427021741867065,0.5419796705245972,1.585140347480774,0.044628508388996124,16.30878295661943,20.338082226042545
1350,1350,35,target_left,0,"[0.0, 0.0, 0.0, 0.0]",-0.3406018912792206,-1.5362958908081055,0.5827175378799438,-0.1678636223077774,1.6864023208618164,0.0,0.0,8.583598368038713
1350,1350,35,target_left,1,"[0.009999999776482582, 0.0, 0.0, 0.0]",-0.5244203805923462,-1.7583003044128418,0.6928593516349792,-0.3129374086856842,1.9861068725585938,0.34095868468284607,8.583598368038713,12.799007318718507
1350,1350,35,target_left,2,"[0.019999999552965164, 0.0, 0.0, 0.0]",-0.45510172843933105,-1.806528925895691,0.6826933026313782,-0.2739943861961365,2.0029497146606445,0.09354668855667114,12.799007318718507,16.83331453605358
1350,1350,35,target_left,3,"[0.029999999329447746, 0.0, 0.0, 0.0]",-0.4548616111278534,-1.8225408792495728,0.6785715222358704,-0.2520766854286194,2.013096332550049,0.027455691248178482,16.83331453605358,20.915163618816084
1350,1350,35,ramp,0,"[-0.5, -0.4333333373069763, -0.36666667461395264, -0.30000001192092896]",-0.41826120018959045,-1.4336096048355103,-0.12971611320972443,0.32488107681274414,1.5338034629821777,0.0,0.0,9.576883883113045
1350,1350,35,ramp,1,"[-0.47999998927116394, -0.41333332657814026, -0.3466666638851166, -0.2800000011920929]",-0.684707760810852,-1.2688162326812744,-0.12400351464748383,0.2573208808898926,1.4697993993759155,0.32054272294044495,9.576883883113045,13.583295700629638
1350,1350,35,ramp,2,"[-0.46000000834465027, -0.3933333456516266, -0.3266666829586029, -0.2600000202655792]",-0.7493497133255005,-1.4680287837982178,-0.059903450310230255,0.22267381846904755,1.6642732620239258,0.2217509001493454,13.583295700629638,17.7024779779751
1350,1350,35,ramp,3,"[-0.4399999976158142, -0.3733333349227905, -0.30666667222976685, -0.24000000953674316]",-0.7826653718948364,-1.2852689027786255,-0.04993915930390358,0.21455077826976776,1.520857334136963,0.18621593713760376,17.7024779779751,21.963105709649703
1375,1375,35,zero_hold,0,"[0.0, 0.0, 0.0, 0.0]",-0.35464364290237427,-0.5128293037414551,-0.11669127643108368,0.6799259185791016,0.9298828840255737,0.0,0.0,5.838957601346284
1375,1375,35,zero_hold,1,"[0.0, 0.0, 0.0, 0.0]",-0.42998069524765015,-0.28666800260543823,-0.09760832786560059,0.8855993151664734,1.0299880504608154,0.31542083621025085,5.838957601346284,8.789496310587145
1375,1375,35,zero_hold,2,"[0.0, 0.0, 0.0, 0.0]",-0.0990053117275238,-0.5077965259552002,-0.15147602558135986,0.9923334121704102,1.129305124282837,0.4156157076358795,8.789496310587145,11.305850158083043
1375,1375,35,zero_hold,3,"[0.0, 0.0, 0.0, 0.0]",-0.054115179926157,-0.32578548789024353,-0.27753785252571106,1.1177616119384766,1.198116421699524,0.2583930492401123,11.305850158083043,13.604361427052815
1375,1375,35,target_ahead,0,"[0.0, 0.0, 0.0, 0.0]",0.941976010799408,-0.9189993739128113,-0.5695167779922485,0.42846372723579407,1.4965991973876953,0.0,0.0,8.662171473245351
1375,1375,35,target_ahead,1,"[0.009999999776482582, 0.0, 0.0, 0.0]",1.0069541931152344,-0.8139110803604126,-0.8148097991943359,0.5729950666427612,1.6335991621017456,0.3103605806827545,8.662171473245351,12.456254008598712
1375,1375,35,target_ahead,2,"[0.019999999552965164, 0.0, 0.0, 0.0]",0.9357112050056458,-0.7546142935752869,-0.9024011492729187,0.5252389907836914,1.5922317504882812,0.1361784189939499,12.456254008598712,16.355087193156702
1375,1375,35,target_ahead,3,"[0.029999999329447746, 0.0, 0.0, 0.0]",0.901068389415741,-0.7512707114219666,-0.926310122013092,0.526691734790802,1.5848616361618042,0.042249895632267,16.355087193156702,20.413636995837777
1375,1375,35,target_left,0,"[0.0, 0.0, 0.0, 0.0]",-0.33332300186157227,-1.5631208419799805,0.5726448893547058,-0.18031594157218933,1.7073040008544922,0.0,0.0,8.606351923219314
1375,1375,35,target_left,1,"[0.009999999776482582, 0.0, 0.0, 0.0]",-0.533785879611969,-1.7615723609924316,0.7202674150466919,-0.338582843542099,2.0053648948669434,0.3555406928062439,8.606351923219314,12.854376306064147
1375,1375,35,target_left,2,"[0.019999999552965164, 0.0, 0.0, 0.0]",-0.46391284465789795,-1.816209077835083,0.7095131278038025,-0.2991839349269867,2.0265119075775146,0.09764906764030457,12.854376306064147,16.922193482089394
1375,1375,35,target_left,3,"[0.029999999329447746, 0.0, 0.0, 0.0]",-0.4693821668624878,-1.8323662281036377,0.7091525793075562,-0.2738218307495117,2.0385684967041016,0.0305668655782938,16.922193482089394,21.03079136388359
1375,1375,35,ramp,0,"[-0.5, -0.4333333373069763, -0.36666667461395264, -0.30000001192092896]",-0.4074522852897644,-1.4221413135528564,-0.09616002440452576,0.36960119009017944,1.5278596878051758,0.0,0.0,9.565940086202216
1375,1375,35,ramp,1,"[-0.47999998927116394, -0.41333332657814026, -0.3466666638851166, -0.2800000011920929]",-0.6457493305206299,-1.2375657558441162,-0.11016829311847687,0.2840478718280792,1.4287692308425903,0.31363868713378906,9.565940086202216,13.525037570859773
1375,1375,35,ramp,2,"[-0.46000000834465027, -0.3933333456516266, -0.3266666829586029, -0.2600000202655792]",-0.7132059335708618,-1.4642112255096436,-0.05270124971866608,0.2392665594816208,1.6469981670379639,0.2474396675825119,13.525037570859773,17.62886106292927
1375,1375,35,ramp,3,"[-0.4399999976158142, -0.3733333349227905, -0.30666667222976685, -0.24000000953674316]",-0.7535262703895569,-1.2666237354278564,-0.042944006621837616,0.23193638026714325,1.4925737380981445,0.20202840864658356,17.62886106292927,21.884464493324995
1400,1400,35,zero_hold,0,"[0.0, 0.0, 0.0, 0.0]",-0.3668147325515747,-0.49210235476493835,-0.11043798178434372,0.6954714059829712,0.9341278672218323,0.0,0.0,5.888016124016997
1400,1400,35,zero_hold,1,"[0.0, 0.0, 0.0, 0.0]",-0.4408493638038635,-0.26302820444107056,-0.09193655848503113,0.8945853114128113,1.0355033874511719,0.31296125054359436,5.888016124016997,8.869884259376017
1400,1400,35,zero_hold,2,"[0.0, 0.0, 0.0, 0.0]",-0.1040012389421463,-0.47406432032585144,-0.1450953483581543,1.0106291770935059,1.1304765939712524,0.4174864590167999,8.869884259376017,11.414013101985406
1400,1400,35,zero_hold,3,"[0.0, 0.0, 0.0, 0.0]",-0.07473017275333405,-0.31459710001945496,-0.2768629491329193,1.1492213010787964,1.2255278825759888,0.2507131099700928,11.414013101985406,13.73754340613317
1400,1400,35,target_ahead,0,"[0.0, 0.0, 0.0, 0.0]",0.9615657329559326,-0.9022594094276428,-0.560276448726654,0.4504361152648926,1.5018266439437866,0.0,0.0,8.669874683255571
1400,1400,35,target_ahead,1,"[0.009999999776482582, 0.0, 0.0, 0.0]",1.0094294548034668,-0.7920300364494324,-0.8103731274604797,0.5741353034973145,1.6225274801254272,0.303794801235199,8.669874683255571,12.441774408940761
1400,1400,35,target_ahead,2,"[0.019999999552965164, 0.0, 0.0, 0.0]",0.9330730438232422,-0.7269521355628967,-0.8949824571609497,0.5265243053436279,1.5739459991455078,0.13961009681224823,12.441774408940761,16.32883053120723
1400,1400,35,target_ahead,3,"[0.029999999329447746, 0.0, 0.0, 0.0]",0.9014484882354736,-0.7225064635276794,-0.9174132347106934,0.5304235219955444,1.5676801204681396,0.03922015056014061,16.32883053120723,20.372558177317487
1400,1400,35,target_left,0,"[0.0, 0.0, 0.0, 0.0]",-0.3210124373435974,-1.5492749214172363,0.5449892282485962,-0.14564858376979828,1.6797406673431396,0.0,0.0,8.608492460551243
1400,1400,35,target_left,1,"[0.009999999776482582, 0.0, 0.0, 0.0]",-0.48301029205322266,-1.7527759075164795,0.6810720562934875,-0.32458990812301636,1.9684360027313232,0.3437942564487457,8.608492460551243,12.834450136551075
1400,1400,35,target_left,2,"[0.019999999552965164, 0.0, 0.0, 0.0]",-0.4163471460342407,-1.8049179315567017,0.6626880168914795,-0.2921554446220398,1.9888650178909302,0.09248098731040955,12.834450136551075,16.882245809686953
1400,1400,35,target_left,3,"[0.029999999329447746, 0.0, 0.0, 0.0]",-0.4178287386894226,-1.8222546577453613,0.6599130630493164,-0.27222421765327454,2.0011956691741943,0.026602845638990402,16.882245809686953,20.984304883352912
1400,1400,35,ramp,0,"[-0.5, -0.4333333373069763, -0.36666667461395264, -0.30000001192092896]",-0.4307742118835449,-1.4007893800735474,-0.07229877263307571,0.3778388798236847,1.5151786804199219,0.0,0.0,9.522819868683367
1400,1400,35,ramp,1,"[-0.47999998927116394, -0.41333332657814026, -0.3466666638851166, -0.2800000011920929]",-0.6464109420776367,-1.1438862085342407,-0.08466681838035583,0.3301687240600586,1.3573881387710571,0.33900418877601624,9.522819868683367,13.447508548432898
1400,1400,35,ramp,2,"[-0.46000000834465027, -0.3933333456516266, -0.3266666829586029, -0.2600000202655792]",-0.7087715864181519,-1.427269458770752,-0.020375020802021027,0.2795165479183197,1.6180235147476196,0.3014863133430481,13.447508548432898,17.529168107539327
1400,1400,35,ramp,3,"[-0.4399999976158142, -0.3733333349227905, -0.30666667222976685, -0.24000000953674316]",-0.7674018144607544,-1.1947205066680908,-0.03131970763206482,0.2724250555038452,1.4461877346038818,0.24018032848834991,17.529168107539327,21.704657555823477
1425,1425,35,zero_hold,0,"[0.0, 0.0, 0.0, 0.0]",-0.351078599691391,-0.5196468830108643,-0.10097332298755646,0.6810603737831116,0.931304395198822,0.0,0.0,5.86975807611198
1425,1425,35,zero_hold,1,"[0.0, 0.0, 0.0, 0.0]",-0.4332717955112457,-0.27297407388687134,-0.07738585770130157,0.8780868053436279,1.019443154335022,0.32707640528678894,5.86975807611198,8.849245497021622
1425,1425,35,zero_hold,2,"[0.0, 0.0, 0.0, 0.0]",-0.08725268393754959,-0.4896998405456543,-0.12996231019496918,0.990914523601532,1.1163426637649536,0.42684149742126465,8.849245497021622,11.375444779811287
1425,1425,35,zero_hold,3,"[0.0, 0.0, 0.0, 0.0]",-0.04341134428977966,-0.3296065032482147,-0.26476261019706726,1.1300140619277954,1.2072927951812744,0.2550916373729706,11.375444779811287,13.693613486657101
1425,1425,35,target_ahead,0,"[0.0, 0.0, 0.0, 0.0]",0.9492515921592712,-0.9275866150856018,-0.5577970743179321,0.44649240374565125,1.5073117017745972,0.0,0.0,8.738447704665822
1425,1425,35,target_ahead,1,"[0.009999999776482582, 0.0, 0.0, 0.0]",1.0033807754516602,-0.8190186619758606,-0.7855935096740723,0.5885538458824158,1.625151515007019,0.29460081458091736,8.738447704665822,12.53137111698299
1425,1425,35,target_ahead,2,"[0.019999999552965164, 0.0, 0.0, 0.0]",0.9346779584884644,-0.7579023241996765,-0.8742597103118896,0.537230908870697,1.5814505815505981,0.13766270875930786,12.53137111698299,16.459003563635186
1425,1425,35,target_ahead,3,"[0.029999999329447746, 0.0, 0.0, 0.0]",0.9024400115013123,-0.7525239586830139,-0.8995038270950317,0.5376275181770325,1.574433445930481,0.041299331933259964,16.459003563635186,20.5228751738222
1425,1425,35,target_left,0,"[0.0, 0.0, 0.0, 0.0]",-0.30762580037117004,-1.5780029296875,0.5296944379806519,-0.16537198424339294,1.7007794380187988,0.0,0.0,8.599042942753677
1425,1425,35,target_left,1,"[0.009999999776482582, 0.0, 0.0, 0.0]",-0.4687027037143707,-1.7649270296096802,0.6778824925422668,-0.33513927459716797,1.9764848947525024,0.33416616916656494,8.599042942753677,12.845959693318807
1425,1425,35,target_left,2,"[0.019999999552965164, 0.0, 0.0, 0.0]",-0.3972039520740509,-1.817247986793518,0.6610903143882751,-0.3014250099658966,1.9970124959945679,0.09627140313386917,12.845959693318807,16.935939600330872
1425,1425,35,target_left,3,"[0.029999999329447746, 0.0, 0.0, 0.0]",-0.40210720896720886,-1.8342498540878296,0.6608633399009705,-0.2805785536766052,2.0103800296783447,0.027344683185219765,16.935939600330872,21.072329591478084
1425,1425,35,ramp,0,"[-0.5, -0.4333333373069763, -0.36666667461395264, -0.30000001192092896]",-0.45583388209342957,-1.447474479675293,-0.10177644342184067,0.3417438566684723,1.5588823556900024,0.0,0.0,9.51499617572172
1425,1425,35,ramp,1,"[-0.47999998927116394, -0.41333332657814026, -0.3466666638851166, -0.2800000011920929]",-0.6410074234008789,-1.2560993432998657,-0.11430498957633972,0.27408888936042786,1.441133737564087,0.27504152059555054,9.51499617572172,13.444087591288893
1425,1425,35,ramp,2,"[-0.46000000834465027, -0.3933333456516266, -0.3266666829586029, -0.2600000202655792]",-0.6995750069618225,-1.4793401956558228,-0.05643926188349724,0.22781315445899963,1.6531596183776855,0.2423974573612213,13.444087591288893,17.492102760666633
1425,1425,35,ramp,3,"[-0.4399999976158142, -0.3733333349227905, -0.30666667222976685, -0.24000000953674316]",-0.7471306920051575,-1.2940038442611694,-0.04547754302620888,0.22180026769638062,1.51126229763031,0.19174833595752716,17.492102760666633,21.708260158956893
1450,1450,35,zero_hold,0,"[0.0, 0.0, 0.0, 0.0]",-0.36176908016204834,-0.5136928558349609,-0.08928187191486359,0.6832399368286133,0.9324941039085388,0.0,0.0,5.859688522722115
1450,1450,35,zero_hold,1,"[0.0, 0.0, 0.0, 0.0]",-0.46714890003204346,-0.26449698209762573,-0.06595238298177719,0.8853383660316467,1.037477970123291,0.33851370215415955,5.859688522722115,8.839408125266665
1450,1450,35,zero_hold,2,"[0.0, 0.0, 0.0, 0.0]",-0.1301967203617096,-0.4799010157585144,-0.10817702859640121,0.9898471832275391,1.1129940748214722,0.4155005216598511,8.839408125266665,11.370204725632732
1450,1450,35,zero_hold,3,"[0.0, 0.0, 0.0, 0.0]",-0.08146864175796509,-0.3146060109138489,-0.23697566986083984,1.1263242959976196,1.195984125137329,0.2547782361507416,11.370204725632732,13.69762561883532
1450,1450,35,target_ahead,0,"[0.0, 0.0, 0.0, 0.0]",0.949383020401001,-0.9180330038070679,-0.5350584387779236,0.4382826089859009,1.4908024072647095,0.0,0.0,8.721559382587872
1450,1450,35,target_ahead,1,"[0.009999999776482582, 0.0, 0.0, 0.0]",0.984681248664856,-0.8225624561309814,-0.7591951489448547,0.5530779361724854,1.5901190042495728,0.27161705493927,8.721559382587872,12.514014622401834
1450,1450,35,target_ahead,2,"[0.019999999552965164, 0.0, 0.0, 0.0]",0.9112416505813599,-0.7663118839263916,-0.8383276462554932,0.5061261653900146,1.5416070222854614,0.13047575950622559,12.514014622401834,16.45324881506428
1450,1450,35,target_ahead,3,"[0.029999999329447746, 0.0, 0.0, 0.0]",0.8828285932540894,-0.7637243866920471,-0.8600466251373291,0.5098984837532043,1.5369899272918701,0.03605470061302185,16.45324881506428,20.531104330425933
1450,1450,35,target_left,0,"[0.0, 0.0, 0.0, 0.0]",-0.3101526200771332,-1.579982042312622,0.5459836721420288,-0.16050896048545837,1.7077467441558838,0.0,0.0,8.616800534109842
1450,1450,35,target_left,1,"[0.009999999776482582, 0.0, 0.0, 0.0]",-0.47352078557014465,-1.7762341499328613,0.6843106746673584,-0.3254888355731964,1.9883294105529785,0.3340011537075043,8.616800534109842,12.863038100739928
1450,1450,35,target_left,2,"[0.019999999552965164, 0.0, 0.0, 0.0]",-0.40094539523124695,-1.8305238485336304,0.6692289113998413,-0.291716605424881,2.0111043453216553,0.09789066016674042,12.863038100739928,16.92810151344544
1450,1450,35,target_left,3,"[0.029999999329447746, 0.0, 0.0, 0.0]",-0.4058142602443695,-1.8482379913330078,0.6682203412055969,-0.2711200416088104,2.0250167846679688,0.02761760912835598,16.92810151344544,21.038837146675363
1450,1450,35,ramp,0,"[-0.5, -0.4333333373069763, -0.36666667461395264, -0.30000001192092896]",-0.46134164929389954,-1.4558639526367188,-0.08239347487688065,0.3479309678077698,1.5685089826583862,0.0,0.0,9.52713660649968
1450,1450,35,ramp,1,"[-0.47999998927116394, -0.41333332657814026, -0.3466666638851166, -0.2800000011920929]",-0.6278672218322754,-1.2206482887268066,-0.10220388323068619,0.2924150228500366,1.4071786403656006,0.2941626310348511,9.52713660649968,13.368317587811479
1450,1450,35,ramp,2,"[-0.46000000834465027, -0.3933333456516266, -0.3266666829586029, -0.2600000202655792]",-0.6914221048355103,-1.4725420475006104,-0.04674695432186127,0.23474353551864624,1.6443036794662476,0.2718292772769928,13.368317587811479,17.40987135409158
1450,1450,35,ramp,3,"[-0.4399999976158142, -0.3733333349227905, -0.30666667222976685, -0.24000000953674316]",-0.7540541887283325,-1.2725696563720703,-0.03249074146151543,0.23114359378814697,1.4975026845932007,0.21006649732589722,17.40987135409158,21.6717075323926
1475,1475,35,zero_hold,0,"[0.0, 0.0, 0.0, 0.0]",-0.3508937358856201,-0.5167526602745056,-0.0973779559135437,0.68010413646698,0.9285385608673096,0.0,0.0,5.857170464962141
1475,1475,35,zero_hold,1,"[0.0, 0.0, 0.0, 0.0]",-0.4398718476295471,-0.2582832872867584,-0.07325883209705353,0.8845698833465576,1.0237325429916382,0.34221556782722473,5.857170464962141,8.8292458312127
1475,1475,35,zero_hold,2,"[0.0, 0.0, 0.0, 0.0]",-0.10262324661016464,-0.4753973186016083,-0.11757753789424896,0.9895070791244507,1.1088204383850098,0.41695451736450195,8.8292458312127,11.36031769457764
1475,1475,35,zero_hold,3,"[0.0, 0.0, 0.0, 0.0]",-0.05596299469470978,-0.30390802025794983,-0.24091076850891113,1.1238913536071777,1.19023597240448,0.25466835498809814,11.36031769457764,13.672603796109286
1475,1475,35,target_ahead,0,"[0.0, 0.0, 0.0, 0.0]",0.8976445198059082,-0.931840181350708,-0.5416101813316345,0.3871060907840729,1.4550892114639282,0.0,0.0,8.723563668328655
1475,1475,35,target_ahead,1,"[0.009999999776482582, 0.0, 0.0, 0.0]",0.911105215549469,-0.8396930694580078,-0.7507568001747131,0.5070279836654663,1.5348974466323853,0.25844892859458923,8.723563668328655,12.539363258689006
1475,1475,35,target_ahead,2,"[0.019999999552965164, 0.0, 0.0, 0.0]",0.8468074202537537,-0.7893815040588379,-0.8207437992095947,0.4624883234500885,1.4925554990768433,0.11639338731765747,12.539363258689006,16.498100059821446
1475,1475,35,target_ahead,3,"[0.029999999329447746, 0.0, 0.0, 0.0]",0.8238551616668701,-0.7899907827377319,-0.8416137099266052,0.4671609699726105,1.4931094646453857,0.03137776628136635,16.498100059821446,20.60768848149418
1475,1475,35,target_left,0,"[0.0, 0.0, 0.0, 0.0]",-0.32011687755584717,-1.5991392135620117,0.5698859691619873,-0.19041550159454346,1.738030195236206,0.0,0.0,8.630852842975507
1475,1475,35,target_left,1,"[0.009999999776482582, 0.0, 0.0, 0.0]",-0.48806554079055786,-1.7952945232391357,0.7088025808334351,-0.34231728315353394,2.0201170444488525,0.33023571968078613,8.630852842975507,12.856316866319336
1475,1475,35,target_left,2,"[0.019999999552965164, 0.0, 0.0, 0.0]",-0.41781601309776306,-1.85274338722229,0.6965062618255615,-0.31769827008247375,2.047750234603882,0.09482965618371964,12.856316866319336,16.886751090898777
1475,1475,35,target_left,3,"[0.029999999329447746, 0.0, 0.0, 0.0]",-0.4219081699848175,-1.8696362972259521,0.6954936385154724,-0.300128310918808,2.060906410217285,0.024735501036047935,16.886751090898777,20.960898730596277
1475,1475,35,ramp,0,"[-0.5, -0.4333333373069763, -0.36666667461395264, -0.30000001192092896]",-0.4589483141899109,-1.442243218421936,-0.09007713943719864,0.36144715547561646,1.558671474456787,0.0,0.0,9.556735171524501
1475,1475,35,ramp,1,"[-0.47999998927116394, -0.41333332657814026, -0.3466666638851166, -0.2800000011920929]",-0.6388614177703857,-1.1573684215545654,-0.11767393350601196,0.3054288625717163,1.3619028329849243,0.34266895055770874,9.556735171524501,13.352025414260066
1475,1475,35,ramp,2,"[-0.46000000834465027, -0.3933333456516266, -0.3266666829586029, -0.2600000202655792]",-0.7123783826828003,-1.44956636428833,-0.05435948818922043,0.2375381886959076,1.63343346118927,0.3152812123298645,13.352025414260066,17.339688396884725
1475,1475,35,ramp,3,"[-0.4399999976158142, -0.3733333349227905, -0.30666667222976685, -0.24000000953674316]",-0.7874103784561157,-1.1997206211090088,-0.03989779204130173,0.239231139421463,1.4553927183151245,0.26127514243125916,17.339688396884725,21.56882434388678
1500,1500,35,zero_hold,0,"[0.0, 0.0, 0.0, 0.0]",-0.35843226313591003,-0.5088341236114502,-0.08859682828187943,0.6853674650192261,0.930034339427948,0.0,0.0,5.874252742870986
1500,1500,35,zero_hold,1,"[0.0, 0.0, 0.0, 0.0]",-0.4247368574142456,-0.25986379384994507,-0.061907511204481125,0.8734752535820007,1.0073341131210327,0.3201240003108978,5.874252742870986,8.857638551795956
1500,1500,35,zero_hold,2,"[0.0, 0.0, 0.0, 0.0]",-0.06488639116287231,-0.48471006751060486,-0.11808861792087555,0.981752872467041,1.1031489372253418,0.44150716066360474,8.857638551795956,11.392471836065686
1500,1500,35,zero_hold,3,"[0.0, 0.0, 0.0, 0.0]",-0.025794846937060356,-0.3101227879524231,-0.2454758733510971,1.1251972913742065,1.1929664611816406,0.26232171058654785,11.392471836065686,13.701842526203356
1500,1500,35,target_ahead,0,"[0.0, 0.0, 0.0, 0.0]",0.8916063904762268,-0.8860803246498108,-0.5487015247344971,0.4108300805091858,1.431766390800476,0.0,0.0,8.675437995531203
1500,1500,35,target_ahead,1,"[0.009999999776482582, 0.0, 0.0, 0.0]",0.9354206323623657,-0.7918255925178528,-0.7506586909294128,0.5462378859519958,1.53748619556427,0.2644345164299011,8.675437995531203,12.503352929697751
1500,1500,35,target_ahead,2,"[0.019999999552965164, 0.0, 0.0, 0.0]",0.8592910766601562,-0.7332280874252319,-0.8259839415550232,0.4898875653743744,1.4826475381851196,0.1344567984342575,12.503352929697751,16.466116457741354
1500,1500,35,target_ahead,3,"[0.029999999329447746, 0.0, 0.0, 0.0]",0.8303836584091187,-0.7327844500541687,-0.8423830270767212,0.4897306263446808,1.475111961364746,0.03323838487267494,16.466116457741354,20.576323296951905
1500,1500,35,target_left,0,"[0.0, 0.0, 0.0, 0.0]",-0.3057056963443756,-1.6186497211456299,0.5903187990188599,-0.16874460875988007,1.757962942123413,0.0,0.0,8.668410805173956
1500,1500,35,target_left,1,"[0.009999999776482582, 0.0, 0.0, 0.0]",-0.5109191536903381,-1.8201807737350464,0.7440983057022095,-0.32786720991134644,2.057978630065918,0.36289870738983154,8.668410805173956,12.915439047261273
1500,1500,35,target_left,2,"[0.019999999552965164, 0.0, 0.0, 0.0]",-0.44919353723526,-1.8785666227340698,0.7276870012283325,-0.29316121339797974,2.084768295288086,0.09323516488075256,12.915439047261273,16.961218360153776
1500,1500,35,target_left,3,"[0.029999999329447746, 0.0, 0.0, 0.0]",-0.45850279927253723,-1.896597981452942,0.7267300486564636,-0.27476608753204346,2.100224256515503,0.02740599773824215,16.961218360153776,21.050831498764765
1500,1500,35,ramp,0,"[-0.5, -0.4333333373069763, -0.36666667461395264, -0.30000001192092896]",-0.4510008692741394,-1.4169491529464722,-0.08230718970298767,0.3864692151546478,1.5385966300964355,0.0,0.0,9.507951702786633
1500,1500,35,ramp,1,"[-0.47999998927116394, -0.41333332657814026, -0.3466666638851166, -0.2800000011920929]",-0.6607458591461182,-1.0860570669174194,-0.11284628510475159,0.33373257517814636,1.319172739982605,0.39647993445396423,9.507951702786633,13.349805276263023
1500,1500,35,ramp,2,"[-0.46000000834465027, -0.3933333456516266, -0.3266666829586029, -0.2600000202655792]",-0.7328316569328308,-1.4033139944076538,-0.04063936322927475,0.26066574454307556,1.6049705743789673,0.34117579460144043,13.349805276263023,17.312921872663388
1500,1500,35,ramp,3,"[-0.4399999976158142, -0.3733333349227905, -0.30666667222976685, -0.24000000953674316]",-0.8201581239700317,-1.1170333623886108,-0.03770243003964424,0.26250600814819336,1.4109407663345337,0.2993234395980835,17.312921872663388,21.488626118407
1525,1525,35,zero_hold,0,"[0.0, 0.0, 0.0, 0.0]",-0.347005158662796,-0.5072983503341675,-0.11635228246450424,0.6865700483322144,0.928805947303772,0.0,0.0,5.846504904828283
1525,1525,35,zero_hold,1,"[0.0, 0.0, 0.0, 0.0]",-0.4069501459598541,-0.2628653943538666,-0.10201486945152283,0.8779886960983276,1.0079572200775146,0.3165241479873657,5.846504904828283,8.838796226932535
1525,1525,35,zero_hold,2,"[0.0, 0.0, 0.0, 0.0]",-0.04621805250644684,-0.4948068857192993,-0.1634262353181839,0.984939694404602,1.115250825881958,0.4462447464466095,8.838796226932535,11.391216946949937
1525,1525,35,zero_hold,3,"[0.0, 0.0, 0.0, 0.0]",-0.033142365515232086,-0.3101223409175873,-0.2900080382823944,1.126823902130127,1.2046207189559937,0.2653929889202118,11.391216946949937,13.701840743474717
1525,1525,35,target_ahead,0,"[0.0, 0.0, 0.0, 0.0]",0.8899742364883423,-0.9128034114837646,-0.5488770604133606,0.4045701026916504,1.445754885673523,0.0,0.0,8.702112020758518
1525,1525,35,target_ahead,1,"[0.009999999776482582, 0.0, 0.0, 0.0]",0.9538597464561462,-0.8180487751960754,-0.7633568048477173,0.54334557056427,1.567478895187378,0.2798570990562439,8.702112020758518,12.563502727968816
1525,1525,35,target_ahead,2,"[0.019999999552965164, 0.0, 0.0, 0.0]",0.8953791260719299,-0.7650659680366516,-0.840125322341919,0.4934774339199066,1.5285156965255737,0.12086106091737747,12.563502727968816,16.544629410564276
1525,1525,35,target_ahead,3,"[0.029999999329447746, 0.0, 0.0, 0.0]",0.8665732145309448,-0.7647147178649902,-0.8592032790184021,0.49276646971702576,1.522099494934082,0.03455977141857147,16.544629410564276,20.674651421544795
1525,1525,35,target_left,0,"[0.0, 0.0, 0.0, 0.0]",-0.3180885314941406,-1.6408811807632446,0.5339304804801941,-0.14513246715068817,1.7606295347213745,0.0,0.0,8.685892457433164
1525,1525,35,target_left,1,"[0.009999999776482582, 0.0, 0.0, 0.0]",-0.5730718374252319,-1.838423490524292,0.7056505084037781,-0.2851443290710449,2.0706188678741455,0.3913189768791199,8.685892457433164,12.893043053508096
1525,1525,35,target_left,2,"[0.019999999552965164, 0.0, 0.0, 0.0]",-0.5054882168769836,-1.9037531614303589,0.6923880577087402,-0.24930942058563232,2.10270094871521,0.10146696120500565,12.893043053508096,16.949760223132294
1525,1525,35,target_left,3,"[0.029999999329447746, 0.0, 0.0, 0.0]",-0.5213690400123596,-1.9234347343444824,0.6953738927841187,-0.22501340508460999,2.122640609741211,0.03519625589251518,16.949760223132294,21.051856055942295
1525,1525,35,ramp,0,"[-0.5, -0.4333333373069763, -0.36666667461395264, -0.30000001192092896]",-0.47956135869026184,-1.404747724533081,-0.0777006596326828,0.3957069218158722,1.5381536483764648,0.0,0.0,9.471492375899183
1525,1525,35,ramp,1,"[-0.47999998927116394, -0.41333332657814026, -0.3466666638851166, -0.2800000011920929]",-0.681692361831665,-1.1356837749481201,-0.0977632999420166,0.31984028220176697,1.3661396503448486,0.34555840492248535,9.471492375899183,13.19881054844941
1525,1525,35,ramp,2,"[-0.46000000834465027, -0.3933333456516266, -0.3266666829586029, -0.2600000202655792]",-0.7361658811569214,-1.392531156539917,-0.029617872089147568,0.2514958083629608,1.5953716039657593,0.27973684668540955,13.19881054844941,17.22234171443767
1525,1525,35,ramp,3,"[-0.4399999976158142, -0.3733333349227905, -0.30666667222976685, -0.24000000953674316]",-0.8028944730758667,-1.181902527809143,-0.031127385795116425,0.24632640182971954,1.450234055519104,0.22101159393787384,17.22234171443767,21.488896496931755
1550,1550,35,zero_hold,0,"[0.0, 0.0, 0.0, 0.0]",-0.35434743762016296,-0.48287099599838257,-0.11054693162441254,0.6997838616371155,0.9277093410491943,0.0,0.0,5.829297761294362
1550,1550,35,zero_hold,1,"[0.0, 0.0, 0.0, 0.0]",-0.4008808732032776,-0.24187257885932922,-0.1070137768983841,0.8983641862869263,1.0186843872070312,0.31574076414108276,5.829297761294362,8.79837696013888
1550,1550,35,zero_hold,2,"[0.0, 0.0, 0.0, 0.0]",-0.04955941438674927,-0.4787852466106415,-0.17225801944732666,1.003492832183838,1.1262158155441284,0.4414331316947937,8.79837696013888,11.333475204952407
1550,1550,35,zero_hold,3,"[0.0, 0.0, 0.0, 0.0]",-0.048115696758031845,-0.29450497031211853,-0.29501381516456604,1.1412006616592407,1.2159031629562378,0.26075607538223267,11.333475204952407,13.618320847679302
1550,1550,35,target_ahead,0,"[0.0, 0.0, 0.0, 0.0]",0.8989721536636353,-0.9217262268066406,-0.5202712416648865,0.399217426776886,1.4449175596237183,0.0,0.0,8.7185567578219
1550,1550,35,target_ahead,1,"[0.009999999776482582, 0.0, 0.0, 0.0]",0.928007185459137,-0.8349584341049194,-0.7379733920097351,0.5134162902832031,1.538360834121704,0.2623114287853241,8.7185567578219,12.535831699321134
1550,1550,35,target_ahead,2,"[0.019999999552965164, 0.0, 0.0, 0.0]",0.8468608260154724,-0.772118091583252,-0.8134356141090393,0.4605262577533722,1.478885293006897,0.13793312013149261,12.535831699321134,16.46698108284175
1550,1550,35,target_ahead,3,"[0.029999999329447746, 0.0, 0.0, 0.0]",0.8200714588165283,-0.7695963382720947,-0.8299157023429871,0.46021780371665955,1.4715149402618408,0.031554996967315674,16.46698108284175,20.55332894986545
1550,1550,35,target_left,0,"[0.0, 0.0, 0.0, 0.0]",-0.32608944177627563,-1.602344036102295,0.5913311839103699,-0.15876485407352448,1.7460582256317139,0.0,0.0,8.687237311671991
1550,1550,35,target_left,1,"[0.009999999776482582, 0.0, 0.0, 0.0]",-0.563132107257843,-1.811118483543396,0.7582928538322449,-0.2934194505214691,2.063581943511963,0.3818167746067047,8.687237311671991,12.903494779959455
1550,1550,35,target_left,2,"[0.019999999552965164, 0.0, 0.0, 0.0]",-0.49526333808898926,-1.8800283670425415,0.7366908192634583,-0.26250386238098145,2.0955700874328613,0.10381311923265457,12.903494779959455,16.93908282064859
1550,1550,35,target_left,3,"[0.029999999329447746, 0.0, 0.0, 0.0]",-0.508242666721344,-1.9029786586761475,0.7392882108688354,-0.24123349785804749,2.1176352500915527,0.03397578001022339,16.93908282064859,21.014820436941534
1550,1550,35,ramp,0,"[-0.5, -0.4333333373069763, -0.36666667461395264, -0.30000001192092896]",-0.4942578971385956,-1.380447506904602,-0.0806111991405487,0.3735017478466034,1.515231966972351,0.0,0.0,9.45333536382357
1550,1550,35,ramp,1,"[-0.47999998927116394, -0.41333332657814026, -0.3466666638851166, -0.2800000011920929]",-0.7035897970199585,-1.091934323310852,-0.09983614832162857,0.31691160798072815,1.3408055305480957,0.3614301383495331,9.45333536382357,13.241806919903759
1550,1550,35,ramp,2,"[-0.46000000834465027, -0.3933333456516266, -0.3266666829586029, -0.2600000202655792]",-0.7588038444519043,-1.3724888563156128,-0.026043882593512535,0.24974673986434937,1.588257074356079,0.3028462529182434,13.241806919903759,17.30582692345883
1550,1550,35,ramp,3,"[-0.4399999976158142, -0.3733333349227905, -0.30666667222976685, -0.24000000953674316]",-0.8250153660774231,-1.1360467672348022,-0.02954736538231373,0.24677318334579468,1.425840973854065,0.24558082222938538,17.30582692345883,21.58594652968474
1575,1575,35,zero_hold,0,"[0.0, 0.0, 0.0, 0.0]",-0.35708901286125183,-0.5290027260780334,-0.10394304990768433,0.6912829875946045,0.9465900659561157,0.0,0.0,5.889380438770685
1575,1575,35,zero_hold,1,"[0.0, 0.0, 0.0, 0.0]",-0.39360952377319336,-0.24854609370231628,-0.10461650043725967,0.9106526374816895,1.0280741453170776,0.357928991317749,5.889380438770685,8.884459954180132
1575,1575,35,zero_hold,2,"[0.0, 0.0, 0.0, 0.0]",-0.05122029781341553,-0.5004590749740601,-0.16600778698921204,1.0188510417938232,1.148346185684204,0.4429066777229309,8.884459954180132,11.459105597296182
1575,1575,35,zero_hold,3,"[0.0, 0.0, 0.0, 0.0]",-0.05447212606668472,-0.3086635172367096,-0.2781820297241211,1.1529127359390259,1.2267165184020996,0.25952208042144775,11.459105597296182,13.776327935388192
1575,1575,35,target_ahead,0,"[0.0, 0.0, 0.0, 0.0]",0.9124952554702759,-0.9165857434272766,-0.4878203868865967,0.4112853407859802,1.4421863555908203,0.0,0.0,8.666306519032336
1575,1575,35,target_ahead,1,"[0.009999999776482582, 0.0, 0.0, 0.0]",0.9318792223930359,-0.8242685198783875,-0.6954897046089172,0.5033934116363525,1.511597990989685,0.24598506093025208,8.666306519032336,12.51277908706029
1575,1575,35,target_ahead,2,"[0.019999999552965164, 0.0, 0.0, 0.0]",0.8688649535179138,-0.7718691229820251,-0.7638174295425415,0.45756885409355164,1.464067816734314,0.1161252036690712,12.51277908706029,16.481567754435858
1575,1575,35,target_ahead,3,"[0.029999999329447746, 0.0, 0.0, 0.0]",0.8482259511947632,-0.7731852531433105,-0.782005250453949,0.4617938697338104,1.4635875225067139,0.027863025665283203,16.481567754435858,20.617372506741976
1575,1575,35,target_left,0,"[0.0, 0.0, 0.0, 0.0]",-0.35058140754699707,-1.620572805404663,0.5518604516983032,-0.15930594503879547,1.7547341585159302,0.0,0.0,8.687466095849354
1575,1575,35,target_left,1,"[0.009999999776482582, 0.0, 0.0, 0.0]",-0.5812460780143738,-1.8276609182357788,0.7178970575332642,-0.2917754352092743,2.0685019493103027,0.3757765293121338,8.687466095849354,12.874985179274434
1575,1575,35,target_left,2,"[0.019999999552965164, 0.0, 0.0, 0.0]",-0.5126334428787231,-1.8936407566070557,0.7011978030204773,-0.25376686453819275,2.098748207092285,0.10384868085384369,12.874985179274434,16.909239619365366
1575,1575,35,target_left,3,"[0.029999999329447746, 0.0, 0.0, 0.0]",-0.5289651155471802,-1.9162366390228271,0.7054826021194458,-0.2253526747226715,2.1213808059692383,0.040037769824266434,16.909239619365366,20.991952975860798
1575,1575,35,ramp,0,"[-0.5, -0.4333333373069763, -0.36666667461395264, -0.30000001192092896]",-0.49472564458847046,-1.402418613433838,-0.08573402464389801,0.3448941111564636,1.528997540473938,0.0,0.0,9.470139653926804
1575,1575,35,ramp,1,"[-0.47999998927116394, -0.41333332657814026, -0.3466666638851166, -0.2800000011920929]",-0.7146685123443604,-1.285172700881958,-0.07799233496189117,0.2702644169330597,1.4971792697906494,0.2602902054786682,9.470139653926804,13.249582122036044
1575,1575,35,ramp,2,"[-0.46000000834465027, -0.3933333456516266, -0.3266666829586029, -0.2600000202655792]",-0.7604867219924927,-1.3982524871826172,-0.031734440475702286,0.21819062530994415,1.6068803071975708,0.14049135148525238,13.249582122036044,17.36941456379708
1575,1575,35,ramp,3,"[-0.4399999976158142, -0.3733333349227905, -0.30666667222976685, -0.24000000953674316]",-0.7939844727516174,-1.2805981636047363,-0.017690975219011307,0.2093062400817871,1.521336555480957,0.12345359474420547,17.36941456379708,21.74645877753681
1600,1600,35,zero_hold,0,"[0.0, 0.0, 0.0, 0.0]",-0.3581019639968872,-0.5510075092315674,-0.10637179017066956,0.6973674893379211,0.9640968441963196,0.0,0.0,5.943007712289552
1600,1600,35,zero_hold,1,"[0.0, 0.0, 0.0, 0.0]",-0.3933684229850769,-0.2552281618118286,-0.11167849600315094,0.9127674102783203,1.032228946685791,0.367633581161499,5.943007712289552,8.962814858124894
1600,1600,35,zero_hold,2,"[0.0, 0.0, 0.0, 0.0]",-0.057612255215644836,-0.5069935321807861,-0.16470813751220703,1.0184928178787231,1.1510074138641357,0.436013787984848,8.962814858124894,11.562833874132224
1600,1600,35,zero_hold,3,"[0.0, 0.0, 0.0, 0.0]",-0.0595010444521904,-0.312166303396225,-0.27275267243385315,1.1472175121307373,1.2212657928466797,0.2573030889034271,11.562833874132224,13.90988773411801
1600,1600,35,target_ahead,0,"[0.0, 0.0, 0.0, 0.0]",0.9134518504142761,-0.924482524394989,-0.4882170557975769,0.4116545617580414,1.4480599164962769,0.0,0.0,8.692143748091404
1600,1600,35,target_ahead,1,"[0.009999999776482582, 0.0, 0.0, 0.0]",0.9547604918479919,-0.8384809494018555,-0.6947689056396484,0.49377912282943726,1.5300782918930054,0.24189002811908722,8.692143748091404,12.529416294607753
1600,1600,35,target_ahead,2,"[0.019999999552965164, 0.0, 0.0, 0.0]",0.8951135277748108,-0.7924676537513733,-0.7721342444419861,0.4429681897163391,1.4905184507369995,0.11934039741754532,12.529416294607753,16.495746769773156
1600,1600,35,target_ahead,3,"[0.029999999329447746, 0.0, 0.0, 0.0]",0.8718836903572083,-0.7946098446846008,-0.7936756014823914,0.44291460514068604,1.4891877174377441,0.03175291046500206,16.495746769773156,20.619911255257268
1600,1600,35,target_left,0,"[0.0, 0.0, 0.0, 0.0]",-0.3282775580883026,-1.619529128074646,0.5361161828041077,-0.14473095536231995,1.7432751655578613,0.0,0.0,8.671778960322891
1600,1600,35,target_left,1,"[0.009999999776482582, 0.0, 0.0, 0.0]",-0.5506154894828796,-1.8056306838989258,0.6861280202865601,-0.2668481469154358,2.026193380355835,0.34854570031166077,8.671778960322891,12.802360735940187
1600,1600,35,target_left,2,"[0.019999999552965164, 0.0, 0.0, 0.0]",-0.48395875096321106,-1.8761118650436401,0.6662458181381226,-0.23044510185718536,2.061795234680176,0.10550450533628464,12.802360735940187,16.833523534952757
1600,1600,35,target_left,3,"[0.029999999329447746, 0.0, 0.0, 0.0]",-0.499854177236557,-1.8998122215270996,0.6676124334335327,-0.200827494263649,2.0845091342926025,0.04115144908428192,16.833523534952757,20.909885588032445
1600,1600,35,ramp,0,"[-0.5, -0.4333333373069763, -0.36666667461395264, -0.30000001192092896]",-0.4436938762664795,-1.403139591217041,-0.12957514822483063,0.3614926338195801,1.5208982229232788,0.0,0.0,9.492764921199141
1600,1600,35,ramp,1,"[-0.47999998927116394, -0.41333332657814026, -0.3466666638851166, -0.2800000011920929]",-0.6796339750289917,-1.3114197254180908,-0.12359069287776947,0.27074679732322693,1.506752371788025,0.2689812183380127,9.492764921199141,13.262490016124204
1600,1600,35,ramp,2,"[-0.46000000834465027, -0.3933333456516266, -0.3266666829586029, -0.2600000202655792]",-0.7300808429718018,-1.397260069847107,-0.06936296820640564,0.2239835262298584,1.5938423871994019,0.12264134734869003,13.262490016124204,17.41897307286856
1600,1600,35,ramp,3,"[-0.4399999976158142, -0.3733333349227905, -0.30666667222976685, -0.24000000953674316]",-0.7802833914756775,-1.2861765623092651,-0.05234268680214882,0.21448124945163727,1.5204716920852661,0.12344968318939209,17.41897307286856,21.8309749567828
1625,1625,35,zero_hold,0,"[0.0, 0.0, 0.0, 0.0]",-0.3583662211894989,-0.5556011199951172,-0.09504317492246628,0.6826903223991394,0.9551011323928833,0.0,0.0,5.956165354682178
1625,1625,35,zero_hold,1,"[0.0, 0.0, 0.0, 0.0]",-0.40341073274612427,-0.2536279261112213,-0.10984976589679718,0.9005307555198669,1.0247390270233154,0.3753538429737091,5.956165354682178,8.95675831523863
1625,1625,35,zero_hold,2,"[0.0, 0.0, 0.0, 0.0]",-0.07411742955446243,-0.5204132795333862,-0.16457323729991913,1.0083082914352417,1.1489530801773071,0.44070303440093994,8.95675831523863,11.539533152112005
1625,1625,35,zero_hold,3,"[0.0, 0.0, 0.0, 0.0]",-0.06981097161769867,-0.32335612177848816,-0.26627805829048157,1.139159083366394,1.2157385349273682,0.2575186789035797,11.539533152112005,13.88600438085679
1625,1625,35,target_ahead,0,"[0.0, 0.0, 0.0, 0.0]",0.9241713285446167,-0.9245221018791199,-0.47826868295669556,0.41914522647857666,1.4537047147750854,0.0,0.0,8.723685373000443
1625,1625,35,target_ahead,1,"[0.009999999776482582, 0.0, 0.0, 0.0]",0.9767608642578125,-0.8437089920043945,-0.6911112070083618,0.500083863735199,1.547134518623352,0.24728408455848694,8.723685373000443,12.532251545036193
1625,1625,35,target_ahead,2,"[0.019999999552965164, 0.0, 0.0, 0.0]",0.917308509349823,-0.7970438003540039,-0.771182656288147,0.4469214677810669,1.507048487663269,0.12226978689432144,12.532251545036193,16.495230881342888
1625,1625,35,target_ahead,3,"[0.029999999329447746, 0.0, 0.0, 0.0]",0.8902572393417358,-0.7967026233673096,-0.7916473150253296,0.44743549823760986,1.5013984441757202,0.03392571583390236,16.495230881342888,20.606014721837365
1625,1625,35,target_left,0,"[0.0, 0.0, 0.0, 0.0]",-0.32103508710861206,-1.6133124828338623,0.5561008453369141,-0.1392078697681427,1.7419723272323608,0.0,0.0,8.694528005466386
1625,1625,35,target_left,1,"[0.009999999776482582, 0.0, 0.0, 0.0]",-0.5361236333847046,-1.8289823532104492,0.6965571641921997,-0.2700250744819641,2.0471224784851074,0.3600245714187622,8.694528005466386,12.84166787060133
1625,1625,35,target_left,2,"[0.019999999552965164, 0.0, 0.0, 0.0]",-0.4811958074569702,-1.8988590240478516,0.673446774482727,-0.23463380336761475,2.084657907485962,0.09841975569725037,12.84166787060133,16.86435106629385
1625,1625,35,target_left,3,"[0.029999999329447746, 0.0, 0.0, 0.0]",-0.49622148275375366,-1.9235347509384155,0.6735714673995972,-0.2095893919467926,2.108043670654297,0.038234807550907135,16.86435106629385,20.94296271909758
1625,1625,35,ramp,0,"[-0.5, -0.4333333373069763, -0.36666667461395264, -0.30000001192092896]",-0.46430638432502747,-1.396552562713623,-0.13343912363052368,0.35508158802986145,1.519811987876892,0.0,0.0,9.497340731087668
1625,1625,35,ramp,1,"[-0.47999998927116394, -0.41333332657814026, -0.3466666638851166, -0.2800000011920929]",-0.7124204039573669,-1.2629477977752686,-0.12513455748558044,0.2583187520503998,1.478163480758667,0.2980651259422302,9.497340731087668,13.249146314084859
1625,1625,35,ramp,2,"[-0.46000000834465027, -0.3933333456516266, -0.3266666829586029, -0.2600000202655792]",-0.7668585777282715,-1.3970966339111328,-0.06738130748271942,0.20670834183692932,1.6084836721420288,0.16419042646884918,13.249146314084859,17.416660598647145
1625,1625,35,ramp,3,"[-0.4399999976158142, -0.3733333349227905, -0.30666667222976685, -0.24000000953674316]",-0.8128395676612854,-1.2493281364440918,-0.05466454476118088,0.20298224687576294,1.5052305459976196,0.15532347559928894,17.416660598647145,21.820353432164865
1650,1650,35,zero_hold,0,"[0.0, 0.0, 0.0, 0.0]",-0.35093528032302856,-0.5574997663497925,-0.09036197513341904,0.6672038435935974,0.94195955991745,0.0,0.0,5.968642679796612
1650,1650,35,zero_hold,1,"[0.0, 0.0, 0.0, 0.0]",-0.4019656479358673,-0.24567149579524994,-0.11085882782936096,0.8831720352172852,1.0070816278457642,0.3832797110080719,5.968642679796612,8.96703997104216
1650,1650,35,zero_hold,2,"[0.0, 0.0, 0.0, 0.0]",-0.08682775497436523,-0.5174975991249084,-0.16114398837089539,0.9922019243240356,1.1339200735092163,0.43314826488494873,8.96703997104216,11.5537433777698
1650,1650,35,zero_hold,3,"[0.0, 0.0, 0.0, 0.0]",-0.08934003114700317,-0.31400275230407715,-0.26161158084869385,1.1189332008361816,1.1945842504501343,0.25994426012039185,11.5537433777698,13.900402117725278
1650,1650,35,target_ahead,0,"[0.0, 0.0, 0.0, 0.0]",0.9432591199874878,-0.9566498398780823,-0.43922701478004456,0.43189436197280884,1.4779614210128784,0.0,0.0,8.745614035315876
1650,1650,35,target_ahead,1,"[0.009999999776482582, 0.0, 0.0, 0.0]",0.9799078702926636,-0.8716906309127808,-0.6552457809448242,0.5371890068054199,1.5614042282104492,0.2575116753578186,8.745614035315876,12.478508591506808
1650,1650,35,target_ahead,2,"[0.019999999552965164, 0.0, 0.0, 0.0]",0.8977655172348022,-0.8199279308319092,-0.726268470287323,0.4802453815937042,1.4954484701156616,0.1330922394990921,12.478508591506808,16.40364330969394
1650,1650,35,target_ahead,3,"[0.029999999329447746, 0.0, 0.0, 0.0]",0.8643410205841064,-0.8186590671539307,-0.7404060363769531,0.48024776577949524,1.48193359375,0.036313604563474655,16.40364330969394,20.457828763947504
1650,1650,35,target_left,0,"[0.0, 0.0, 0.0, 0.0]",-0.3172261416912079,-1.5911921262741089,0.607214093208313,-0.17055270075798035,1.7407819032669067,0.0,0.0,8.64976918818607
1650,1650,35,target_left,1,"[0.009999999776482582, 0.0, 0.0, 0.0]",-0.5235679745674133,-1.808547019958496,0.7328728437423706,-0.29526767134666443,2.041874408721924,0.34808626770973206,8.64976918818607,12.835423901931994
1650,1650,35,target_left,2,"[0.019999999552965164, 0.0, 0.0, 0.0]",-0.46848151087760925,-1.8721104860305786,0.704704761505127,-0.2613469660282135,2.0710344314575195,0.09496782720088959,12.835423901931994,16.843393956187633
1650,1650,35,target_left,3,"[0.029999999329447746, 0.0, 0.0, 0.0]",-0.47847405076026917,-1.897335171699524,0.7033560276031494,-0.23734495043754578,2.0928115844726562,0.03624984622001648,16.843393956187633,20.91068053836185
1650,1650,35,ramp,0,"[-0.5, -0.4333333373069763, -0.36666667461395264, -0.30000001192092896]",-0.42579010128974915,-1.4071577787399292,-0.12500834465026855,0.3488035500049591,1.5161402225494385,0.0,0.0,9.436898182016176
1650,1650,35,ramp,1,"[-0.47999998927116394, -0.41333332657814026, -0.3466666638851166, -0.2800000011920929]",-0.6556126475334167,-1.3090637922286987,-0.10034926980733871,0.23361407220363617,1.485974907875061,0.276256263256073,9.436898182016176,13.14844922993589
1650,1650,35,ramp,2,"[-0.46000000834465027, -0.3933333456516266, -0.3266666829586029, -0.2600000202655792]",-0.7070107460021973,-1.4104617834091187,-0.046937089413404465,0.17324133217334747,1.5879175662994385,0.13935941457748413,13.14844922993589,17.315335814456585
1650,1650,35,ramp,3,"[-0.4399999976158142, -0.3733333349227905, -0.30666667222976685, -0.24000000953674316]",-0.7655576467514038,-1.2941869497299194,-0.030715296044945717,0.16094054281711578,1.5125619173049927,0.13176506757736206,17.315335814456585,21.73576200215576
1675,1675,35,zero_hold,0,"[0.0, 0.0, 0.0, 0.0]",-0.33852455019950867,-0.5678321719169617,-0.09080494195222855,0.6605031490325928,0.9389047622680664,0.0,0.0,5.9630392305530275
1675,1675,35,zero_hold,1,"[0.0, 0.0, 0.0, 0.0]",-0.37847062945365906,-0.24194446206092834,-0.11144701391458511,0.8885970711708069,1.0018993616104126,0.4003141522407532,5.9630392305530275,8.947240379988616
1675,1675,35,zero_hold,2,"[0.0, 0.0, 0.0, 0.0]",-0.05920287221670151,-0.5321941375732422,-0.16200873255729675,1.0081626176834106,1.1529849767684937,0.45058757066726685,8.947240379988616,11.539177153237182
1675,1675,35,zero_hold,3,"[0.0, 0.0, 0.0, 0.0]",-0.06158006936311722,-0.31536731123924255,-0.2642222046852112,1.1324713230133057,1.206463098526001,0.27003660798072815,11.539177153237182,13.87661680356751
1675,1675,35,target_ahead,0,"[0.0, 0.0, 0.0, 0.0]",0.9716600179672241,-0.9409025311470032,-0.4227454364299774,0.4322207272052765,1.4815360307693481,0.0,0.0,8.75599096325838
1675,1675,35,target_ahead,1,"[0.009999999776482582, 0.0, 0.0, 0.0]",0.9989581108093262,-0.8671959042549133,-0.6706041693687439,0.536969780921936,1.5773371458053589,0.2803286910057068,8.75599096325838,12.481309597138466
1675,1675,35,target_ahead,2,"[0.019999999552965164, 0.0, 0.0, 0.0]",0.9181559085845947,-0.8144392371177673,-0.751366376876831,0.48105505108833313,1.5173288583755493,0.13769985735416412,12.481309597138466,16.37351158726071
1675,1675,35,target_ahead,3,"[0.029999999329447746, 0.0, 0.0, 0.0]",0.88280189037323,-0.810499906539917,-0.7670669555664062,0.4820040762424469,1.5023212432861328,0.03889516368508339,16.37351158726071,20.384308168651682
1675,1675,35,target_left,0,"[0.0, 0.0, 0.0, 0.0]",-0.33288952708244324,-1.5893712043762207,0.660430371761322,-0.23342248797416687,1.768493890762329,0.0,0.0,8.647942833638231
1675,1675,35,target_left,1,"[0.009999999776482582, 0.0, 0.0, 0.0]",-0.5425845384597778,-1.803999662399292,0.7714835405349731,-0.3395289480686188,2.0638022422790527,0.3370886445045471,8.647942833638231,12.905449274527284
1675,1675,35,target_left,2,"[0.019999999552965164, 0.0, 0.0, 0.0]",-0.48109349608421326,-1.8589656352996826,0.7467139363288879,-0.31039220094680786,2.0835375785827637,0.09091144055128098,12.905449274527284,16.984995789412558
1675,1675,35,target_left,3,"[0.029999999329447746, 0.0, 0.0, 0.0]",-0.4879910945892334,-1.8759211301803589,0.7454203367233276,-0.2939069867134094,2.0974385738372803,0.02466781996190548,16.984995789412558,21.122328520927066
1675,1675,35,ramp,0,"[-0.5, -0.4333333373069763, -0.36666667461395264, -0.30000001192092896]",-0.42080169916152954,-1.3870553970336914,-0.1307360976934433,0.304367333650589,1.4868518114089966,0.0,0.0,9.491087644114693
1675,1675,35,ramp,1,"[-0.47999998927116394, -0.41333332657814026, -0.3466666638851166, -0.2800000011920929]",-0.6269426941871643,-1.3419408798217773,-0.08812399208545685,0.21350783109664917,1.4990710020065308,0.23366786539554596,9.491087644114693,13.246205528370659
1675,1675,35,ramp,2,"[-0.46000000834465027, -0.3933333456516266, -0.3266666829586029, -0.2600000202655792]",-0.6877011656761169,-1.4102590084075928,-0.02558143064379692,0.17065316438674927,1.5784612894058228,0.11877311021089554,13.246205528370659,17.471457202931095
1675,1675,35,ramp,3,"[-0.4399999976158142, -0.3733333349227905, -0.30666667222976685, -0.24000000953674316]",-0.7616758346557617,-1.3113517761230469,0.0016366736963391304,0.16354021430015564,1.5253005027770996,0.12667404115200043,17.471457202931095,21.967463752646314
1700,1700,35,zero_hold,0,"[0.0, 0.0, 0.0, 0.0]",-0.3373537063598633,-0.568575382232666,-0.07729443162679672,0.6794714331626892,0.9511789083480835,0.0,0.0,5.949709754181245
1700,1700,35,zero_hold,1,"[0.0, 0.0, 0.0, 0.0]",-0.3610973060131073,-0.23411478102207184,-0.08477555960416794,0.9118553996086121,1.0118637084960938,0.40802687406539917,5.949709754181245,8.90527020489384
1700,1700,35,zero_hold,2,"[0.0, 0.0, 0.0, 0.0]",-0.03485436737537384,-0.5216634273529053,-0.13678023219108582,1.037320852279663,1.1696542501449585,0.45559272170066833,8.90527020489384,11.48398162121549
1700,1700,35,zero_hold,3,"[0.0, 0.0, 0.0, 0.0]",-0.03854326903820038,-0.2926046550273895,-0.23965229094028473,1.160446047782898,1.2211352586746216,0.2796855568885803,11.48398162121549,13.804623474881094
1700,1700,35,target_ahead,0,"[0.0, 0.0, 0.0, 0.0]",0.9373819231987,-0.9307284355163574,-0.43652600049972534,0.4377685785293579,1.4584705829620361,0.0,0.0,8.750236151151885
1700,1700,35,target_ahead,1,"[0.009999999776482582, 0.0, 0.0, 0.0]",0.9667354226112366,-0.8664922714233398,-0.6795026063919067,0.534391462802887,1.559706449508667,0.27085331082344055,8.750236151151885,12.502800515746449
1700,1700,35,target_ahead,2,"[0.019999999552965164, 0.0, 0.0, 0.0]",0.8762190341949463,-0.8121532201766968,-0.7605605125427246,0.4737675189971924,1.4934056997299194,0.1462586671113968,12.502800515746449,16.35653231801786
1700,1700,35,target_ahead,3,"[0.029999999329447746, 0.0, 0.0, 0.0]",0.839246928691864,-0.8075188398361206,-0.7742226123809814,0.4699927270412445,1.4753764867782593,0.03986622765660286,16.35653231801786,20.326997729747276
1700,1700,35,target_left,0,"[0.0, 0.0, 0.0, 0.0]",-0.2915891110897064,-1.5707625150680542,0.6725761890411377,-0.22295552492141724,1.7476805448532104,0.0,0.0,8.637672995774283
1700,1700,35,target_left,1,"[0.009999999776482582, 0.0, 0.0, 0.0]",-0.4923730194568634,-1.7858260869979858,0.7968802452087402,-0.3348183035850525,2.044193744659424,0.3384247422218323,8.637672995774283,12.942720593014458
1700,1700,35,target_left,2,"[0.019999999552965164, 0.0, 0.0, 0.0]",-0.43753930926322937,-1.842617154121399,0.7671960592269897,-0.30424603819847107,2.065873622894287,0.08970939368009567,12.942720593014458,17.082590660002744
1700,1700,35,target_left,3,"[0.029999999329447746, 0.0, 0.0, 0.0]",-0.4474587142467499,-1.860254168510437,0.7623134851455688,-0.28682708740234375,2.079460620880127,0.02714255452156067,17.082590660002744,21.276178135898075
1700,1700,35,ramp,0,"[-0.5, -0.4333333373069763, -0.36666667461395264, -0.30000001192092896]",-0.4368986189365387,-1.418047308921814,-0.14447630941867828,0.2884369492530823,1.5184886455535889,0.0,0.0,9.50995384111007
1700,1700,35,ramp,1,"[-0.47999998927116394, -0.41333332657814026, -0.3466666638851166, -0.2800000011920929]",-0.6520704627037048,-1.4092788696289062,-0.11894194781780243,0.176824152469635,1.5673788785934448,0.24389593303203583,9.50995384111007,13.31702848388746
1700,1700,35,ramp,2,"[-0.46000000834465027, -0.3933333456516266, -0.3266666829586029, -0.2600000202655792]",-0.7091426253318787,-1.463691234588623,-0.05532187968492508,0.14157792925834656,1.6335177421569824,0.10727416723966599,13.31702848388746,17.519426073812234
1700,1700,35,ramp,3,"[-0.4399999976158142, -0.3733333349227905, -0.30666667222976685, -0.24000000953674316]",-0.7628423571586609,-1.3628571033477783,-0.01264483667910099,0.1447836458683014,1.5685758590698242,0.12199504673480988,17.519426073812234,21.978932851342584
1725,1725,35,zero_hold,0,"[0.0, 0.0, 0.0, 0.0]",-0.3145234286785126,-0.5892242193222046,-0.06005154550075531,0.6889737248420715,0.9614578485488892,0.0,0.0,5.950065622347883
1725,1725,35,zero_hold,1,"[0.0, 0.0, 0.0, 0.0]",-0.32258519530296326,-0.26431626081466675,-0.0765484869480133,0.9254961013793945,1.0180014371871948,0.4022998511791229,5.950065622347883,8.880199351381844
1725,1725,35,zero_hold,2,"[0.0, 0.0, 0.0, 0.0]",-0.01365901343524456,-0.5671058893203735,-0.129045307636261,1.0475658178329468,1.1982663869857788,0.4525194764137268,8.880199351381844,11.436667368083784
1725,1725,35,zero_hold,3,"[0.0, 0.0, 0.0, 0.0]",-0.0007144603878259659,-0.30836015939712524,-0.2233535498380661,1.1663063764572144,1.2268837690353394,0.3001837432384491,11.436667368083784,13.760128337452949
1725,1725,35,target_ahead,0,"[0.0, 0.0, 0.0, 0.0]",0.9438270926475525,-0.8976357579231262,-0.43484795093536377,0.4622531533241272,1.4489065408706665,0.0,0.0,8.75282101323849
1725,1725,35,target_ahead,1,"[0.009999999776482582, 0.0, 0.0, 0.0]",0.983161985874176,-0.8454093337059021,-0.6623029112815857,0.555593729019165,1.5584139823913574,0.25440725684165955,8.75282101323849,12.54964668168177
1725,1725,35,target_ahead,2,"[0.019999999552965164, 0.0, 0.0, 0.0]",0.8984999060630798,-0.7947075963020325,-0.7424214482307434,0.49281245470046997,1.4942944049835205,0.14177024364471436,12.54964668168177,16.410681457884976
1725,1725,35,target_ahead,3,"[0.029999999329447746, 0.0, 0.0, 0.0]",0.8578153252601624,-0.7872493863105774,-0.7607889175415039,0.48040878772735596,1.4714622497558594,0.04692626744508743,16.410681457884976,20.40768181966881
1725,1725,35,target_left,0,"[0.0, 0.0, 0.0, 0.0]",-0.26913902163505554,-1.5464537143707275,0.7356003522872925,-0.15567678213119507,1.7404879331588745,0.0,0.0,8.67149508583539
1725,1725,35,target_left,1,"[0.009999999776482582, 0.0, 0.0, 0.0]",-0.45412981510162354,-1.7963882684707642,0.8300919532775879,-0.29070615768432617,2.0510501861572266,0.35192397236824036,8.67149508583539,12.894321868899606
1725,1725,35,target_left,2,"[0.019999999552965164, 0.0, 0.0, 0.0]",-0.41066986322402954,-1.8590031862258911,0.7903587222099304,-0.2651847004890442,2.078348398208618,0.08966308832168579,12.894321868899606,16.938493127220347
1725,1725,35,target_left,3,"[0.029999999329447746, 0.0, 0.0, 0.0]",-0.4177514910697937,-1.8801847696304321,0.7788475751876831,-0.2484452724456787,2.0923526287078857,0.0301914531737566,16.938493127220347,21.07245406616221
1725,1725,35,ramp,0,"[-0.5, -0.4333333373069763, -0.36666667461395264, -0.30000001192092896]",-0.4384823143482208,-1.419962763786316,-0.10429088771343231,0.3066388964653015,1.5210078954696655,0.0,0.0,9.484949661819522
1725,1725,35,ramp,1,"[-0.47999998927116394, -0.41333332657814026, -0.3466666638851166, -0.2800000011920929]",-0.6527642607688904,-1.4446898698806763,-0.07409035414457321,0.20035958290100098,1.5996447801589966,0.24235416948795319,9.484949661819522,13.329991248610076
1725,1725,35,ramp,2,"[-0.46000000834465027, -0.3933333456516266, -0.3266666829586029, -0.2600000202655792]",-0.6959925889968872,-1.4773578643798828,-0.015959640964865685,0.169330894947052,1.641925573348999,0.08531028777360916,13.329991248610076,17.593780893907375
1725,1725,35,ramp,3,"[-0.4399999976158142, -0.3733333349227905, -0.30666667222976685, -0.24000000953674316]",-0.7331297993659973,-1.3911503553390503,0.028059830889105797,0.16773194074630737,1.5816762447357178,0.10368788242340088,17.593780893907375,22.10143843805648
1750,1750,35,zero_hold,0,"[0.0, 0.0, 0.0, 0.0]",-0.2914803624153137,-0.5840310454368591,-0.06163095682859421,0.697304904460907,0.9571235775947571,0.0,0.0,5.927424571545869
1750,1750,35,zero_hold,1,"[0.0, 0.0, 0.0, 0.0]",-0.30757051706314087,-0.25955331325531006,-0.08182822167873383,0.9441916346549988,1.0296412706375122,0.4085409343242645,5.927424571545869,8.848339447715269
1750,1750,35,zero_hold,2,"[0.0, 0.0, 0.0, 0.0]",0.003250598907470703,-0.5675613880157471,-0.1336122453212738,1.0623886585235596,1.2118821144104004,0.4562135934829712,8.848339447715269,11.405440139706162
1750,1750,35,zero_hold,3,"[0.0, 0.0, 0.0, 0.0]",0.02790558710694313,-0.30940985679626465,-0.22669561207294464,1.1746846437454224,1.236037254333496,0.29753148555755615,11.405440139706162,13.725185392298457
1750,1750,35,target_ahead,0,"[0.0, 0.0, 0.0, 0.0]",0.9953159689903259,-0.8530406951904297,-0.4522470533847809,0.453891396522522,1.4590672254562378,0.0,0.0,8.749737327735815
1750,1750,35,target_ahead,1,"[0.009999999776482582, 0.0, 0.0, 0.0]",1.0437326431274414,-0.8154303431510925,-0.7071449756622314,0.5276037454605103,1.5914534330368042,0.2723328471183777,8.749737327735815,12.590722232357159
1750,1750,35,target_ahead,2,"[0.019999999552965164, 0.0, 0.0, 0.0]",0.9498447775840759,-0.7721487879753113,-0.7870597839355469,0.46824392676353455,1.5287688970565796,0.14352068305015564,12.590722232357159,16.473732087063343
1750,1750,35,target_ahead,3,"[0.029999999329447746, 0.0, 0.0, 0.0]",0.9067394137382507,-0.7680656909942627,-0.7974708080291748,0.4569493532180786,1.5022860765457153,0.045942362397909164,16.473732087063343,20.496642061757427
1750,1750,35,target_left,0,"[0.0, 0.0, 0.0, 0.0]",-0.2619633376598358,-1.5462751388549805,0.7290474772453308,-0.15674781799316406,1.7365689277648926,0.0,0.0,8.676259726076124
1750,1750,35,target_left,1,"[0.009999999776482582, 0.0, 0.0, 0.0]",-0.4556450843811035,-1.807234525680542,0.8374173641204834,-0.2941531240940094,2.064340829849243,0.36910250782966614,8.676259726076124,12.895053029497111
1750,1750,35,target_left,2,"[0.019999999552965164, 0.0, 0.0, 0.0]",-0.4098297357559204,-1.8667824268341064,0.8056740760803223,-0.2643958032131195,2.090897560119629,0.08682242035865784,12.895053029497111,16.912129803484664
1750,1750,35,target_left,3,"[0.029999999329447746, 0.0, 0.0, 0.0]",-0.4167463779449463,-1.888636589050293,0.7965942621231079,-0.24531489610671997,2.1060311794281006,0.031176406890153885,16.912129803484664,21.0157786583718
1750,1750,35,ramp,0,"[-0.5, -0.4333333373069763, -0.36666667461395264, -0.30000001192092896]",-0.4897027015686035,-1.4302124977111816,-0.061422593891620636,0.3171082139015198,1.5458482503890991,0.0,0.0,9.458220174244742
1750,1750,35,ramp,1,"[-0.47999998927116394, -0.41333332657814026, -0.3466666638851166, -0.2800000011920929]",-0.6906987428665161,-1.4156718254089355,-0.015723075717687607,0.22397691011428833,1.5911016464233398,0.2266555279493332,9.458220174244742,13.294494982317795
1750,1750,35,ramp,2,"[-0.46000000834465027, -0.3933333456516266, -0.3266666829586029, -0.2600000202655792]",-0.711637556552887,-1.4729528427124023,0.04102021083235741,0.18744224309921265,1.647068738937378,0.090962253510952,13.294494982317795,17.570453838007904
1750,1750,35,ramp,3,"[-0.4399999976158142, -0.3733333349227905, -0.30666667222976685, -0.24000000953674316]",-0.7346426248550415,-1.3840415477752686,0.07910227030515671,0.18363800644874573,1.5796363353729248,0.0994945615530014,17.570453838007904,22.080534003110618
1775,1775,35,zero_hold,0,"[0.0, 0.0, 0.0, 0.0]",-0.2844046950340271,-0.586641252040863,-0.06321782618761063,0.6950366497039795,0.9550426006317139,0.0,0.0,5.931831428232334
1775,1775,35,zero_hold,1,"[0.0, 0.0, 0.0, 0.0]",-0.29561084508895874,-0.2891045808792114,-0.07700751721858978,0.9359848499298096,1.026140809059143,0.3832751512527466,5.931831428232334,8.855614063557104
1775,1775,35,zero_hold,2,"[0.0, 0.0, 0.0, 0.0]",0.03633497282862663,-0.5745097994804382,-0.12683026492595673,1.055237889289856,1.2087161540985107,0.45645126700401306,8.855614063557104,11.441281603707134
1775,1775,35,zero_hold,3,"[0.0, 0.0, 0.0, 0.0]",0.03732931241393089,-0.3352874517440796,-0.22701723873615265,1.1697334051132202,1.2383958101272583,0.28350478410720825,11.441281603707134,13.783360266343948
1775,1775,35,target_ahead,0,"[0.0, 0.0, 0.0, 0.0]",1.0031099319458008,-0.875919759273529,-0.4367310106754303,0.43282297253608704,1.4668110609054565,0.0,0.0,8.72685430990872
1775,1775,35,target_ahead,1,"[0.009999999776482582, 0.0, 0.0, 0.0]",1.066375970840454,-0.837383508682251,-0.7048390507698059,0.5098656415939331,1.61094069480896,0.2886262834072113,8.72685430990872,12.59493163837187
1775,1775,35,target_ahead,2,"[0.019999999552965164, 0.0, 0.0, 0.0]",0.9657915830612183,-0.7854340672492981,-0.7861552834510803,0.45707398653030396,1.5416280031204224,0.14904780685901642,12.59493163837187,16.506913607591528
1775,1775,35,target_ahead,3,"[0.029999999329447746, 0.0, 0.0, 0.0]",0.9255639314651489,-0.7834294438362122,-0.793140172958374,0.45399340987205505,1.5184240341186523,0.04099464789032936,16.506913607591528,20.536806106288335
1775,1775,35,target_left,0,"[0.0, 0.0, 0.0, 0.0]",-0.2722291052341461,-1.5768659114837646,0.6799883246421814,-0.16852129995822906,1.7468252182006836,0.0,0.0,8.659026287717106
1775,1775,35,target_left,1,"[0.009999999776482582, 0.0, 0.0, 0.0]",-0.43144088983535767,-1.8353945016860962,0.7875468730926514,-0.28426593542099,2.062971591949463,0.34227341413497925,8.659026287717106,12.887014059585775
1775,1775,35,target_left,2,"[0.019999999552965164, 0.0, 0.0, 0.0]",-0.38510817289352417,-1.890559434890747,0.7737129926681519,-0.24440345168113708,2.093057155609131,0.08348823338747025,12.887014059585775,16.94232957676571
1775,1775,35,target_left,3,"[0.029999999329447746, 0.0, 0.0, 0.0]",-0.3956109285354614,-1.9127768278121948,0.7691256999969482,-0.21821613609790802,2.110543966293335,0.03620413318276405,16.94232957676571,21.082021163917656
1775,1775,35,ramp,0,"[-0.5, -0.4333333373069763, -0.36666667461395264, -0.30000001192092896]",-0.4731249213218689,-1.4233665466308594,-0.06674709171056747,0.3255932331085205,1.5363221168518066,0.0,0.0,9.477720883376747
1775,1775,35,ramp,1,"[-0.47999998927116394, -0.41333332657814026, -0.3466666638851166, -0.2800000011920929]",-0.6697218418121338,-1.3852784633636475,-0.03930654376745224,0.24246668815612793,1.5581587553024292,0.21854989230632782,9.477720883376747,13.26561299629608
1775,1775,35,ramp,2,"[-0.46000000834465027, -0.3933333456516266, -0.3266666829586029, -0.2600000202655792]",-0.6992652416229248,-1.4637627601623535,0.01828993670642376,0.20729300379753113,1.6355055570602417,0.10764358192682266,13.26561299629608,17.510829027216694
1775,1775,35,ramp,3,"[-0.4399999976158142, -0.3733333349227905, -0.30666667222976685, -0.24000000953674316]",-0.7166640758514404,-1.3571007251739502,0.05827704817056656,0.20477956533432007,1.5494065284729004,0.11525969207286835,17.510829027216694,22.00417773831362
1800,1800,35,zero_hold,0,"[0.0, 0.0, 0.0, 0.0]",-0.28072017431259155,-0.605567216873169,-0.05010509863495827,0.6979597210884094,0.9670438170433044,0.0,0.0,5.951574272196095
1800,1800,35,zero_hold,1,"[0.0, 0.0, 0.0, 0.0]",-0.2938311994075775,-0.2933214008808136,-0.0612512044608593,0.950968325138092,1.0394549369812012,0.40225234627723694,5.951574272196095,8.887496422547201
1800,1800,35,zero_hold,2,"[0.0, 0.0, 0.0, 0.0]",0.02560396119952202,-0.5941730737686157,-0.09887245297431946,1.078973650932312,1.235984206199646,0.4586406946182251,8.887496422547201,11.485310238176838
1800,1800,35,zero_hold,3,"[0.0, 0.0, 0.0, 0.0]",0.03873617202043533,-0.3451648950576782,-0.1932862401008606,1.1976920366287231,1.2619291543960571,0.29186561703681946,11.485310238176838,13.848977017080607
1800,1800,35,target_ahead,0,"[0.0, 0.0, 0.0, 0.0]",1.0190417766571045,-0.9240548610687256,-0.4394630193710327,0.4395252466201782,1.5095144510269165,0.0,0.0,8.705251657966093
1800,1800,35,target_ahead,1,"[0.009999999776482582, 0.0, 0.0, 0.0]",1.1110808849334717,-0.8844757080078125,-0.6973584890365601,0.5415155291557312,1.6722278594970703,0.2948724925518036,8.705251657966093,12.535039961263312
1800,1800,35,target_ahead,2,"[0.019999999552965164, 0.0, 0.0, 0.0]",1.029997706413269,-0.8409218192100525,-0.78643399477005,0.4871513843536377,1.6198270320892334,0.13914498686790466,12.535039961263312,16.42553128145889
1800,1800,35,target_ahead,3,"[0.029999999329447746, 0.0, 0.0, 0.0]",0.9864392876625061,-0.8385509252548218,-0.800314724445343,0.47880274057388306,1.5956145524978638,0.04653312265872955,16.42553128145889,20.445981949235772
1800,1800,35,target_left,0,"[0.0, 0.0, 0.0, 0.0]",-0.285462349653244,-1.6115121841430664,0.6919152736663818,-0.18782301247119904,1.786752462387085,0.0,0.0,8.656459174014401
1800,1800,35,target_left,1,"[0.009999999776482582, 0.0, 0.0, 0.0]",-0.4516107738018036,-1.8592342138290405,0.8019216656684875,-0.2828388512134552,2.093747854232788,0.33181458711624146,8.656459174014401,12.905490438813965
1800,1800,35,target_left,2,"[0.019999999552965164, 0.0, 0.0, 0.0]",-0.39994803071022034,-1.9126043319702148,0.7852375507354736,-0.24891726672649384,2.120512008666992,0.08334531635046005,12.905490438813965,16.971954023853606
1800,1800,35,target_left,3,"[0.029999999329447746, 0.0, 0.0, 0.0]",-0.4086465835571289,-1.9317463636398315,0.7802826166152954,-0.23159430921077728,2.135676145553589,0.027689680457115173,16.971954023853606,21.114393633770444
1800,1800,35,ramp,0,"[-0.5, -0.4333333373069763, -0.36666667461395264, -0.30000001192092896]",-0.44698604941368103,-1.4639159440994263,-0.09370791167020798,0.32188040018081665,1.5669188499450684,0.0,0.0,9.492671457269827
1800,1800,35,ramp,1,"[-0.47999998927116394, -0.41333332657814026, -0.3466666638851166, -0.2800000011920929]",-0.6351140737533569,-1.3424155712127686,-0.06466619670391083,0.265184223651886,1.5099515914916992,0.23283550143241882,9.492671457269827,13.249111981528738
1800,1800,35,ramp,2,"[-0.46000000834465027, -0.3933333456516266, -0.3266666829586029, -0.2600000202655792]",-0.6753754019737244,-1.4884899854660034,-0.007622485049068928,0.21637894213199615,1.648821473121643,0.16909952461719513,13.249111981528738,17.457271267177877
1800,1800,35,ramp,3,"[-0.4399999976158142, -0.3733333349227905, -0.30666667222976685, -0.24000000953674316]",-0.7028161287307739,-1.3282347917556763,0.04165073111653328,0.218764528632164,1.5191283226013184,0.1699066311120987,17.457271267177877,21.920486466829736
1825,1825,35,zero_hold,0,"[0.0, 0.0, 0.0, 0.0]",-0.27333447337150574,-0.5736436247825623,-0.06371119618415833,0.705352783203125,0.9515042901039124,0.0,0.0,5.916750963443753
1825,1825,35,zero_hold,1,"[0.0, 0.0, 0.0, 0.0]",-0.28552883863449097,-0.2926063537597656,-0.05912882089614868,0.9693129062652588,1.0536644458770752,0.3857805132865906,5.916750963443753,8.821824261062478
1825,1825,35,zero_hold,2,"[0.0, 0.0, 0.0, 0.0]",0.05323576182126999,-0.5778283476829529,-0.10305442661046982,1.0978682041168213,1.2460556030273438,0.4632159173488617,8.821824261062478,11.399824128238508
1825,1825,35,zero_hold,3,"[0.0, 0.0, 0.0, 0.0]",0.0673370212316513,-0.33922120928764343,-0.20628300309181213,1.2160788774490356,1.281017541885376,0.2859407365322113,11.399824128238508,13.725221743184205
1825,1825,35,target_ahead,0,"[0.0, 0.0, 0.0, 0.0]",0.9934859275817871,-0.9151001572608948,-0.4170340299606323,0.43953630328178406,1.4803824424743652,0.0,0.0,8.671320819941847
1825,1825,35,target_ahead,1,"[0.009999999776482582, 0.0, 0.0, 0.0]",1.0700085163116455,-0.8801202178001404,-0.677984356880188,0.5100659728050232,1.6246106624603271,0.28310564160346985,8.671320819941847,12.530968942609556
1825,1825,35,target_ahead,2,"[0.019999999552965164, 0.0, 0.0, 0.0]",1.0015898942947388,-0.8414376378059387,-0.7684741020202637,0.45585960149765015,1.5841591358184814,0.13154533505439758,12.530968942609556,16.451907990343
1825,1825,35,target_ahead,3,"[0.029999999329447746, 0.0, 0.0, 0.0]",0.969224214553833,-0.8427222371101379,-0.7891199588775635,0.44875940680503845,1.5727910995483398,0.039062149822711945,16.451907990343,20.51970479721707
1825,1825,35,target_left,0,"[0.0, 0.0, 0.0, 0.0]",-0.3119226098060608,-1.5696754455566406,0.6955821514129639,-0.21718671917915344,1.7584599256515503,0.0,0.0,8.62827096787555
1825,1825,35,target_left,1,"[0.009999999776482582, 0.0, 0.0, 0.0]",-0.47430628538131714,-1.8328156471252441,0.783714771270752,-0.2723352909088135,2.0670158863067627,0.32622072100639343,8.62827096787555,12.82800659117761
1825,1825,35,target_left,2,"[0.019999999552965164, 0.0, 0.0, 0.0]",-0.4225979149341583,-1.8866958618164062,0.7663271427154541,-0.23752203583717346,2.093295097351074,0.08420882374048233,12.82800659117761,16.832184331269513
1825,1825,35,target_left,3,"[0.029999999329447746, 0.0, 0.0, 0.0]",-0.4307630956172943,-1.9086250066757202,0.7623335123062134,-0.21875736117362976,2.1112587451934814,0.030259208753705025,16.832184331269513,20.914336474614444
1825,1825,35,ramp,0,"[-0.5, -0.4333333373069763, -0.36666667461395264, -0.30000001192092896]",-0.434317946434021,-1.4497178792953491,-0.11666518449783325,0.3498683571815491,1.5576690435409546,0.0,0.0,9.4375029089608
1825,1825,35,ramp,1,"[-0.47999998927116394, -0.41333332657814026, -0.3466666638851166, -0.2800000011920929]",-0.6341073513031006,-1.2734109163284302,-0.0981142520904541,0.3035801351070404,1.457893967628479,0.2710842788219452,9.4375029089608,13.218983400565442
1825,1825,35,ramp,2,"[-0.46000000834465027, -0.3933333456516266, -0.3266666829586029, -0.2600000202655792]",-0.6932999491691589,-1.479527473449707,-0.0590926855802536,0.235841304063797,1.6519018411636353,0.2282521277666092,13.218983400565442,17.36862121631087
1825,1825,35,ramp,3,"[-0.4399999976158142, -0.3733333349227905, -0.30666667222976685, -0.24000000953674316]",-0.7722722291946411,-1.2978836297988892,-0.018206406384706497,0.2293095886707306,1.5276846885681152,0.20234984159469604,17.36862121631087,21.70061311673585
1850,1850,35,zero_hold,0,"[0.0, 0.0, 0.0, 0.0]",-0.2822079658508301,-0.565636157989502,-0.07389882206916809,0.7099596858024597,0.953461766242981,0.0,0.0,5.94122513623586
1850,1850,35,zero_hold,1,"[0.0, 0.0, 0.0, 0.0]",-0.29607078433036804,-0.2929271459579468,-0.07934020459651947,0.9657096266746521,1.0546820163726807,0.37416577339172363,5.94122513623586,8.855295209510144
1850,1850,35,zero_hold,2,"[0.0, 0.0, 0.0, 0.0]",0.05275767669081688,-0.5682079792022705,-0.12631431221961975,1.0952292680740356,1.2414209842681885,0.46523407101631165,8.855295209510144,11.431133657622924
1850,1850,35,zero_hold,3,"[0.0, 0.0, 0.0, 0.0]",0.06908439099788666,-0.326325923204422,-0.2373816967010498,1.2165390253067017,1.2835804224014282,0.29295989871025085,11.431133657622924,13.755363355448512
1850,1850,35,target_ahead,0,"[0.0, 0.0, 0.0, 0.0]",0.9944174289703369,-0.9344242811203003,-0.4226920008659363,0.4518226385116577,1.4982746839523315,0.0,0.0,8.64336261015564
1850,1850,35,target_ahead,1,"[0.009999999776482582, 0.0, 0.0, 0.0]",1.0800657272338867,-0.8964031934738159,-0.6943725347518921,0.5384383797645569,1.655943751335144,0.3001563549041748,8.64336261015564,12.520936152789629
1850,1850,35,target_ahead,2,"[0.019999999552965164, 0.0, 0.0, 0.0]",1.0171505212783813,-0.8670691251754761,-0.7829241156578064,0.4858265817165375,1.6233919858932495,0.12421028316020966,12.520936152789629,16.460119097304943
1850,1850,35,target_ahead,3,"[0.029999999329447746, 0.0, 0.0, 0.0]",0.9837965965270996,-0.8746143579483032,-0.8049938082695007,0.4784106910228729,1.6154558658599854,0.04137005656957626,16.460119097304943,20.540044757448698
1850,1850,35,target_left,0,"[0.0, 0.0, 0.0, 0.0]",-0.3301183879375458,-1.60333251953125,0.6861023306846619,-0.2579801678657532,1.7935839891433716,0.0,0.0,8.604104824011143
1850,1850,35,target_left,1,"[0.009999999776482582, 0.0, 0.0, 0.0]",-0.51649010181427,-1.860440731048584,0.7680551409721375,-0.286933571100235,2.097675323486328,0.329231858253479,8.604104824011143,12.8426239605897
1850,1850,35,target_left,2,"[0.019999999552965164, 0.0, 0.0, 0.0]",-0.4510091543197632,-1.9124712944030762,0.7478071451187134,-0.2524076998233795,2.1175177097320557,0.09271974861621857,12.8426239605897,16.873670247891088
1850,1850,35,target_left,3,"[0.029999999329447746, 0.0, 0.0, 0.0]",-0.4628395140171051,-1.9304360151290894,0.7476659417152405,-0.23810018599033356,2.1345958709716797,0.025834346190094948,16.873670247891088,20.96827807999009
1850,1850,35,ramp,0,"[-0.5, -0.4333333373069763, -0.36666667461395264, -0.30000001192092896]",-0.5117537379264832,-1.45061457157135,-0.11749018728733063,0.30639177560806274,1.572849154472351,0.0,0.0,9.486548782428345
1850,1850,35,ramp,1,"[-0.47999998927116394, -0.41333332657814026, -0.3466666638851166, -0.2800000011920929]",-0.7021884918212891,-1.2520126104354858,-0.11333021521568298,0.2624647319316864,1.4636719226837158,0.27866652607917786,9.486548782428345,13.340369134441966
1850,1850,35,ramp,2,"[-0.46000000834465027, -0.3933333456516266, -0.3266666829586029, -0.2600000202655792]",-0.7578553557395935,-1.4991037845611572,-0.05277411267161369,0.2042096108198166,1.6929688453674316,0.26685866713523865,13.340369134441966,17.559869327585545
1850,1850,35,ramp,3,"[-0.4399999976158142, -0.3733333349227905, -0.30666667222976685, -0.24000000953674316]",-0.8309296369552612,-1.2730664014816284,-0.02030259743332863,0.21212585270404816,1.5351064205169678,0.23989543318748474,17.559869327585545,21.94171335850084
1875,1875,35,zero_hold,0,"[0.0, 0.0, 0.0, 0.0]",-0.3138555884361267,-0.566835343837738,-0.0720558911561966,0.7144981622695923,0.9672162532806396,0.0,0.0,5.966989662949545
1875,1875,35,zero_hold,1,"[0.0, 0.0, 0.0, 0.0]",-0.35153594613075256,-0.2842308282852173,-0.06139332801103592,0.9752886891365051,1.0767180919647217,0.386536568403244,5.966989662949545,8.887301009751846
1875,1875,35,zero_hold,2,"[0.0, 0.0, 0.0, 0.0]",0.010357731953263283,-0.5628265142440796,-0.10348360985517502,1.101611614227295,1.24142587184906,0.4757222533226013,8.887301009751846,11.459702022133863
1875,1875,35,zero_hold,3,"[0.0, 0.0, 0.0, 0.0]",0.01744399033486843,-0.33623799681663513,-0.22311988472938538,1.2257773876190186,1.29060959815979,0.28482019901275635,11.459702022133863,13.79935716737291
1875,1875,35,target_ahead,0,"[0.0, 0.0, 0.0, 0.0]",0.963956892490387,-0.9581392407417297,-0.46711286902427673,0.4136546552181244,1.495509386062622,0.0,0.0,8.654454293292144
1875,1875,35,target_ahead,1,"[0.009999999776482582, 0.0, 0.0, 0.0]",1.0316919088363647,-0.9300713539123535,-0.7151084542274475,0.5042286515235901,1.6416599750518799,0.27400967478752136,8.654454293292144,12.552559410753895
1875,1875,35,target_ahead,2,"[0.019999999552965164, 0.0, 0.0, 0.0]",0.975402295589447,-0.8968957662582397,-0.7965674996376038,0.455596923828125,1.6118063926696777,0.11519445478916168,12.552559410753895,16.486018538543927
1875,1875,35,target_ahead,3,"[0.029999999329447746, 0.0, 0.0, 0.0]",0.9444413781166077,-0.9031215906143188,-0.8171610236167908,0.44468051195144653,1.6040856838226318,0.039250485599040985,16.486018538543927,20.569935372774996
1875,1875,35,target_left,0,"[0.0, 0.0, 0.0, 0.0]",-0.3179517984390259,-1.5967068672180176,0.6845085024833679,-0.22331452369689941,1.7801650762557983,0.0,0.0,8.630958296982763
1875,1875,35,target_left,1,"[0.009999999776482582, 0.0, 0.0, 0.0]",-0.522327721118927,-1.8460496664047241,0.7782689929008484,-0.26724299788475037,2.08754563331604,0.3386179208755493,8.630958296982763,12.823409096878851
1875,1875,35,target_left,2,"[0.019999999552965164, 0.0, 0.0, 0.0]",-0.45429128408432007,-1.8991098403930664,0.759733259677887,-0.24018338322639465,2.1089999675750732,0.09230457246303558,12.823409096878851,16.835244383445715
1875,1875,35,target_left,3,"[0.029999999329447746, 0.0, 0.0, 0.0]",-0.46507254242897034,-1.9182543754577637,0.760030210018158,-0.2279517501592636,2.1273458003997803,0.025148553773760796,16.835244383445715,20.928555586808333
1875,1875,35,ramp,0,"[-0.5, -0.4333333373069763, -0.36666667461395264, -0.30000001192092896]",-0.5760638117790222,-1.4602763652801514,-0.09981376677751541,0.3135698437690735,1.6039155721664429,0.0,0.0,9.527351379309238
1875,1875,35,ramp,1,"[-0.47999998927116394, -0.41333332657814026, -0.3466666638851166, -0.2800000011920929]",-0.772037923336029,-1.2463990449905396,-0.07858503609895706,0.2773076593875885,1.494198203086853,0.29311254620552063,9.527351379309238,13.406508664834586
1875,1875,35,ramp,2,"[-0.46000000834465027, -0.3933333456516266, -0.3266666829586029, -0.2600000202655792]",-0.8206589818000793,-1.5059435367584229,-0.008569367229938507,0.2256748229265213,1.729840874671936,0.2780206799507141,13.406508664834586,17.66701124913112
1875,1875,35,ramp,3,"[-0.4399999976158142, -0.3733333349227905, -0.30666667222976685, -0.24000000953674316]",-0.8874997496604919,-1.2801482677459717,0.021402522921562195,0.23950789868831635,1.5761526823043823,0.23778322339057922,17.66701124913112,22.085444253417503
1900,1900,35,zero_hold,0,"[0.0, 0.0, 0.0, 0.0]",-0.3090399503707886,-0.5575486421585083,-0.07757356017827988,0.7010801434516907,0.9507350921630859,0.0,0.0,5.985596930671789
1900,1900,35,zero_hold,1,"[0.0, 0.0, 0.0, 0.0]",-0.33929771184921265,-0.2801520824432373,-0.06862717866897583,0.9713679552078247,1.0685847997665405,0.388587087392807,5.985596930671789,8.872912168500697
1900,1900,35,zero_hold,2,"[0.0, 0.0, 0.0, 0.0]",0.005720553919672966,-0.5549952983856201,-0.11344467848539352,1.100774884223938,1.2379933595657349,0.46187785267829895,8.872912168500697,11.413241244343284
1900,1900,35,zero_hold,3,"[0.0, 0.0, 0.0, 0.0]",0.008703036233782768,-0.3377751111984253,-0.2333647608757019,1.2274284362792969,1.2942980527877808,0.278595507144928,11.413241244343284,13.727707632884536
1900,1900,35,target_ahead,0,"[0.0, 0.0, 0.0, 0.0]",0.9838560819625854,-0.952816903591156,-0.4787149727344513,0.42531371116638184,1.5119168758392334,0.0,0.0,8.646196992802224
1900,1900,35,target_ahead,1,"[0.009999999776482582, 0.0, 0.0, 0.0]",1.0472253561019897,-0.9406748414039612,-0.7523736953735352,0.5042626857757568,1.6738868951797485,0.29203617572784424,8.646196992802224,12.511068050612137
1900,1900,35,target_ahead,2,"[0.019999999552965164, 0.0, 0.0, 0.0]",0.986068606376648,-0.9110836386680603,-0.8358917236328125,0.45326435565948486,1.6451650857925415,0.11912967264652252,12.511068050612137,16.43466909882556
1900,1900,35,target_ahead,3,"[0.029999999329447746, 0.0, 0.0, 0.0]",0.9537431001663208,-0.9172962307929993,-0.8542126417160034,0.4412996172904968,1.6356903314590454,0.03952651843428612,16.43466909882556,20.515398586014996
1900,1900,35,target_left,0,"[0.0, 0.0, 0.0, 0.0]",-0.33138757944107056,-1.5931413173675537,0.6710076332092285,-0.21021869778633118,1.7726703882217407,0.0,0.0,8.624939289721292
1900,1900,35,target_left,1,"[0.009999999776482582, 0.0, 0.0, 0.0]",-0.52445387840271,-1.8424627780914307,0.7737548351287842,-0.25375035405158997,2.0815393924713135,0.33449631929397583,8.624939289721292,12.804558647361318
1900,1900,35,target_left,2,"[0.019999999552965164, 0.0, 0.0, 0.0]",-0.4470735490322113,-1.8953871726989746,0.7517699599266052,-0.22969529032707214,2.1000678539276123,0.09925062954425812,12.804558647361318,16.79647764961872
1900,1900,35,target_left,3,"[0.029999999329447746, 0.0, 0.0, 0.0]",-0.46033453941345215,-1.916151523590088,0.7507593631744385,-0.21913620829582214,2.120189905166626,0.026824012398719788,16.79647764961872,20.86669999668921
1900,1900,35,ramp,0,"[-0.5, -0.4333333373069763, -0.36666667461395264, -0.30000001192092896]",-0.6003081202507019,-1.4521174430847168,-0.11076433211565018,0.32478487491607666,1.608343482017517,0.0,0.0,9.524194977437428
1900,1900,35,ramp,1,"[-0.47999998927116394, -0.41333332657814026, -0.3466666638851166, -0.2800000011920929]",-0.7807333469390869,-1.1962635517120361,-0.10753635317087173,0.29817572236061096,1.4632375240325928,0.3142179846763611,9.524194977437428,13.38594761532873
1900,1900,35,ramp,2,"[-0.46000000834465027, -0.3933333456516266, -0.3266666829586029, -0.2600000202655792]",-0.8221869468688965,-1.4880244731903076,-0.04167530685663223,0.24081334471702576,1.717537760734558,0.30736127495765686,13.38594761532873,17.635552084664837
1900,1900,35,ramp,3,"[-0.4399999976158142, -0.3733333349227905, -0.30666667222976685, -0.24000000953674316]",-0.8851986527442932,-1.2436637878417969,-0.017502106726169586,0.25345370173454285,1.5475209951400757,0.25382423400878906,17.635552084664837,22.05510071435863
1925,1925,35,zero_hold,0,"[0.0, 0.0, 0.0, 0.0]",-0.3241346776485443,-0.54811692237854,-0.0880390927195549,0.698204755783081,0.9490712285041809,0.0,0.0,5.924128187209022
1925,1925,35,zero_hold,1,"[0.0, 0.0, 0.0, 0.0]",-0.3427892327308655,-0.27305519580841064,-0.07807698845863342,0.9624276161193848,1.060389757156372,0.3819946348667145,5.924128187209022,8.806585978046362
1925,1925,35,zero_hold,2,"[0.0, 0.0, 0.0, 0.0]",0.012315057218074799,-0.5459153652191162,-0.12242910265922546,1.1002228260040283,1.2343639135360718,0.47064462304115295,8.806585978046362,11.336848703740285
1925,1925,35,zero_hold,3,"[0.0, 0.0, 0.0, 0.0]",0.014384973794221878,-0.34452024102211,-0.24247173964977264,1.2389421463012695,1.3086906671524048,0.2724290192127228,11.336848703740285,13.630322186961308
1925,1925,35,target_ahead,0,"[0.0, 0.0, 0.0, 0.0]",1.0120331048965454,-0.9735784530639648,-0.47372114658355713,0.4318428933620453,1.5436859130859375,0.0,0.0,8.653284482602784
1925,1925,35,target_ahead,1,"[0.009999999776482582, 0.0, 0.0, 0.0]",1.0778770446777344,-0.9682621955871582,-0.7357766628265381,0.5259012579917908,1.708007574081421,0.2861533761024475,8.653284482602784,12.497556074757851
1925,1925,35,target_ahead,2,"[0.019999999552965164, 0.0, 0.0, 0.0]",1.0159659385681152,-0.9411836266517639,-0.8171200752258301,0.4747859239578247,1.6766395568847656,0.11745535582304001,12.497556074757851,16.391360279249223
1925,1925,35,target_ahead,3,"[0.029999999329447746, 0.0, 0.0, 0.0]",0.9833992719650269,-0.94721519947052,-0.8371016979217529,0.4609106183052063,1.6665738821029663,0.04109448939561844,16.391360279249223,20.432725243333046
1925,1925,35,target_left,0,"[0.0, 0.0, 0.0, 0.0]",-0.33590179681777954,-1.5732090473175049,0.676197350025177,-0.25032299757003784,1.7628730535507202,0.0,0.0,8.630351992852574
1925,1925,35,target_left,1,"[0.009999999776482582, 0.0, 0.0, 0.0]",-0.5153919458389282,-1.8356232643127441,0.766080379486084,-0.28357234597206116,2.074230909347534,0.3320578634738922,8.630351992852574,12.851881758251967
1925,1925,35,target_left,2,"[0.019999999552965164, 0.0, 0.0, 0.0]",-0.4421323835849762,-1.8905411958694458,0.7453830242156982,-0.26126667857170105,2.0960636138916016,0.09648246318101883,12.851881758251967,16.86452680231204
1925,1925,35,target_left,3,"[0.029999999329447746, 0.0, 0.0, 0.0]",-0.4520842730998993,-1.9129338264465332,0.7458796501159668,-0.2520143985748291,2.1174380779266357,0.026197735220193863,16.86452680231204,20.9493995935836
1925,1925,35,ramp,0,"[-0.5, -0.4333333373069763, -0.36666667461395264, -0.30000001192092896]",-0.652623176574707,-1.4484021663665771,-0.12594281136989594,0.3044913411140442,1.6224557161331177,0.0,0.0,9.520208242633888
1925,1925,35,ramp,1,"[-0.47999998927116394, -0.41333332657814026, -0.3466666638851166, -0.2800000011920929]",-0.8218079805374146,-1.1444107294082642,-0.14021961390972137,0.272921085357666,1.4419403076171875,0.3496209383010864,9.520208242633888,13.404543955335422
1925,1925,35,ramp,2,"[-0.46000000834465027, -0.3933333456516266, -0.3266666829586029, -0.2600000202655792]",-0.84871506690979,-1.4672245979309082,-0.07879305630922318,0.2164858877658844,1.7105963230133057,0.3345010280609131,13.404543955335422,17.677585722946077
1925,1925,35,ramp,3,"[-0.4399999976158142, -0.3733333349227905, -0.30666667222976685, -0.24000000953674316]",-0.8955330848693848,-1.181111216545105,-0.06424371153116226,0.23195502161979675,1.5016436576843262,0.29069533944129944,17.677585722946077,22.150392170105427
1950,1950,35,zero_hold,0,"[0.0, 0.0, 0.0, 0.0]",-0.3201943337917328,-0.5211856365203857,-0.10039788484573364,0.6960145235061646,0.932027280330658,0.0,0.0,5.887096736188597
1950,1950,35,zero_hold,1,"[0.0, 0.0, 0.0, 0.0]",-0.33882567286491394,-0.24305108189582825,-0.09166693687438965,0.9665104150772095,1.0566086769104004,0.3885231018066406,5.887096736188597,8.732353137570666
1950,1950,35,zero_hold,2,"[0.0, 0.0, 0.0, 0.0]",0.0003273002803325653,-0.5177853107452393,-0.13268990814685822,1.1028406620025635,1.225547194480896,0.4590996205806732,8.732353137570666,11.206967352407954
1950,1950,35,zero_hold,3,"[0.0, 0.0, 0.0, 0.0]",0.006944622844457626,-0.31606677174568176,-0.24661746621131897,1.2386882305145264,1.3019658327102661,0.2686414122581482,11.206967352407954,13.455214107872797
1950,1950,35,target_ahead,0,"[0.0, 0.0, 0.0, 0.0]",0.9789679646492004,-1.012937068939209,-0.4700300097465515,0.40882840752601624,1.5402885675430298,0.0,0.0,8.701921115738436
1950,1950,35,target_ahead,1,"[0.009999999776482582, 0.0, 0.0, 0.0]",1.0335530042648315,-1.011610746383667,-0.7227993607521057,0.5007261633872986,1.6925582885742188,0.27444276213645935,8.701921115738436,12.56113304109933
1950,1950,35,target_ahead,2,"[0.019999999552965164, 0.0, 0.0, 0.0]",0.97683185338974,-0.9900504350662231,-0.8028556108474731,0.4523065388202667,1.6684000492095947,0.11151501536369324,12.56113304109933,16.50058320984055
1950,1950,35,target_ahead,3,"[0.029999999329447746, 0.0, 0.0, 0.0]",0.9469998478889465,-0.9963908791542053,-0.8230915069580078,0.43801549077033997,1.661005973815918,0.03929217904806137,16.50058320984055,20.599812740521756
1950,1950,35,target_left,0,"[0.0, 0.0, 0.0, 0.0]",-0.34147924184799194,-1.5683810710906982,0.6528538465499878,-0.2728966176509857,1.75417160987854,0.0,0.0,8.623729720450505
1950,1950,35,target_left,1,"[0.009999999776482582, 0.0, 0.0, 0.0]",-0.5177131295204163,-1.8273106813430786,0.7622891664505005,-0.30424943566322327,2.068995714187622,0.3332596719264984,8.623729720450505,12.862501534825892
1950,1950,35,target_left,2,"[0.019999999552965164, 0.0, 0.0, 0.0]",-0.4472936689853668,-1.8787455558776855,0.7447225451469421,-0.27629414200782776,2.0882303714752197,0.09324447065591812,12.862501534825892,16.882590474485525
1950,1950,35,target_left,3,"[0.029999999329447746, 0.0, 0.0, 0.0]",-0.457941472530365,-1.9002141952514648,0.743503749370575,-0.26358461380004883,2.107794761657715,0.027153190225362778,16.882590474485525,20.976959480675394
1950,1950,35,ramp,0,"[-0.5, -0.4333333373069763, -0.36666667461395264, -0.30000001192092896]",-0.6567355394363403,-1.4462783336639404,-0.13366088271141052,0.3055650293827057,1.623039722442627,0.0,0.0,9.512599290540694
1950,1950,35,ramp,1,"[-0.47999998927116394, -0.41333332657814026, -0.3466666638851166, -0.2800000011920929]",-0.8091427683830261,-1.104345440864563,-0.15514172613620758,0.2779146730899811,1.4055590629577637,0.3759947419166565,9.512599290540694,13.433329521398834
1950,1950,35,ramp,2,"[-0.46000000834465027, -0.3933333456516266, -0.3266666829586029, -0.2600000202655792]",-0.8353847861289978,-1.453908085823059,-0.09438586235046387,0.21175888180732727,1.692768931388855,0.3618709146976471,13.433329521398834,17.751923104669952
1950,1950,35,ramp,3,"[-0.4399999976158142, -0.3733333349227905, -0.30666667222976685, -0.24000000953674316]",-0.8855703473091125,-1.1456594467163086,-0.0790652334690094,0.23182205855846405,1.4685921669006348,0.31332582235336304,17.751923104669952,22.259034818029303
1975,1975,35,zero_hold,0,"[0.0, 0.0, 0.0, 0.0]",-0.3394239842891693,-0.5219525098800659,-0.10121055692434311,0.6864705085754395,0.9322705864906311,0.0,0.0,5.899444721672686
1975,1975,35,zero_hold,1,"[0.0, 0.0, 0.0, 0.0]",-0.3498910367488861,-0.24586573243141174,-0.10098128765821457,0.9562274217605591,1.052350640296936,0.3861376941204071,5.899444721672686,8.737441914249592
1975,1975,35,zero_hold,2,"[0.0, 0.0, 0.0, 0.0]",-0.018753884360194206,-0.526049792766571,-0.14055028557777405,1.0960453748703003,1.2239893674850464,0.45746004581451416,8.737441914249592,11.198257216922364
1975,1975,35,zero_hold,3,"[0.0, 0.0, 0.0, 0.0]",-0.007888371124863625,-0.3252192735671997,-0.25135302543640137,1.2285295724868774,1.2954894304275513,0.2651042640209198,11.198257216922364,13.431981675991628
1975,1975,35,target_ahead,0,"[0.0, 0.0, 0.0, 0.0]",0.9660423994064331,-1.0167006254196167,-0.44814732670783997,0.37186288833618164,1.5185638666152954,0.0,0.0,8.731238284948068
1975,1975,35,target_ahead,1,"[0.009999999776482582, 0.0, 0.0, 0.0]",1.0294170379638672,-1.0106110572814941,-0.687675416469574,0.47760656476020813,1.6679447889328003,0.2694603204727173,8.731238284948068,12.53448536920574
1975,1975,35,target_ahead,2,"[0.019999999552965164, 0.0, 0.0, 0.0]",0.9787003397941589,-0.9929524660110474,-0.7676644325256348,0.4322444498538971,1.6492279767990112,0.10648931562900543,12.53448536920574,16.437151034032077
1975,1975,35,target_ahead,3,"[0.029999999329447746, 0.0, 0.0, 0.0]",0.9494004249572754,-1.0000848770141602,-0.7911529541015625,0.4187006652355194,1.6440085172653198,0.040552448481321335,16.437151034032077,20.502322771857482
1975,1975,35,target_left,0,"[0.0, 0.0, 0.0, 0.0]",-0.3835042417049408,-1.5797975063323975,0.6428481936454773,-0.26367706060409546,1.767940878868103,0.0,0.0,8.611120309229223
1975,1975,35,target_left,1,"[0.009999999776482582, 0.0, 0.0, 0.0]",-0.577915608882904,-1.813154935836792,0.7502084970474243,-0.28842106461524963,2.0657968521118164,0.32309436798095703,8.611120309229223,12.860668646317484
1975,1975,35,target_left,2,"[0.019999999552965164, 0.0, 0.0, 0.0]",-0.4900026321411133,-1.861936092376709,0.732177197933197,-0.2667340934276581,2.0770504474639893,0.10442099720239639,12.860668646317484,16.91534736277844
1975,1975,35,target_left,3,"[0.029999999329447746, 0.0, 0.0, 0.0]",-0.5033563375473022,-1.8834888935089111,0.7366572618484497,-0.25397560000419617,2.099539279937744,0.028734905645251274,16.91534736277844,21.035657671048508
1975,1975,35,ramp,0,"[-0.5, -0.4333333373069763, -0.36666667461395264, -0.30000001192092896]",-0.7175766229629517,-1.4519271850585938,-0.12786303460597992,0.2856292128562927,1.6495277881622314,0.0,0.0,9.566312636785531
1975,1975,35,ramp,1,"[-0.47999998927116394, -0.41333332657814026, -0.3466666638851166, -0.2800000011920929]",-0.8631815314292908,-1.186295986175537,-0.1323976218700409,0.2395893633365631,1.4924184083938599,0.3064326345920563,9.566312636785531,13.440944645032861
1975,1975,35,ramp,2,"[-0.46000000834465027, -0.3933333456516266, -0.3266666829586029, -0.2600000202655792]",-0.8945711255073547,-1.4602422714233398,-0.07842694967985153,0.18272365629673004,1.723979115486145,0.2866677939891815,13.440944645032861,17.825013768747834
1975,1975,35,ramp,3,"[-0.4399999976158142, -0.3733333349227905, -0.30666667222976685, -0.24000000953674316]",-0.9485916495323181,-1.2180286645889282,-0.059887781739234924,0.19945940375328064,1.5578159093856812,0.2494181990623474,17.825013768747834,22.336660455583978
2000,2000,35,zero_hold,0,"[0.0, 0.0, 0.0, 0.0]",-0.3367342948913574,-0.5098188519477844,-0.11910393834114075,0.6946070194244385,0.9327217936515808,0.0,0.0,5.896838336712529
2000,2000,35,zero_hold,1,"[0.0, 0.0, 0.0, 0.0]",-0.3368394672870636,-0.22812332212924957,-0.12184193730354309,0.9688233137130737,1.0578114986419678,0.39313414692878723,5.896838336712529,8.72916223923999
2000,2000,35,zero_hold,2,"[0.0, 0.0, 0.0, 0.0]",-0.009865116328001022,-0.5148506164550781,-0.16128286719322205,1.1107066869735718,1.234848141670227,0.45914188027381897,8.72916223923999,11.170116077844051
2000,2000,35,zero_hold,3,"[0.0, 0.0, 0.0, 0.0]",0.006614286452531815,-0.3122754991054535,-0.2676283121109009,1.2425986528396606,1.3089064359664917,0.26459985971450806,11.170116077844051,13.387273677537667
2000,2000,35,target_ahead,0,"[0.0, 0.0, 0.0, 0.0]",0.9513738751411438,-1.0181970596313477,-0.47740229964256287,0.3861013650894165,1.5227687358856201,0.0,0.0,8.699164330581825
2000,2000,35,target_ahead,1,"[0.009999999776482582, 0.0, 0.0, 0.0]",1.0349910259246826,-1.0177874565124512,-0.7020843625068665,0.4992150664329529,1.6879678964614868,0.2650825083255768,8.699164330581825,12.529381242649618
2000,2000,35,target_ahead,2,"[0.019999999552965164, 0.0, 0.0, 0.0]",0.9952805042266846,-0.9983706474304199,-0.7817836403846741,0.45931172370910645,1.6761504411697388,0.09948964416980743,12.529381242649618,16.43510563282123
2000,2000,35,target_ahead,3,"[0.029999999329447746, 0.0, 0.0, 0.0]",0.9682106375694275,-1.0068279504776,-0.8069391846656799,0.44739821553230286,1.674052119255066,0.039737094193696976,16.43510563282123,20.511783298616503
2000,2000,35,target_left,0,"[0.0, 0.0, 0.0, 0.0]",-0.3754199147224426,-1.5569723844528198,0.6155527234077454,-0.2433139979839325,1.732977271080017,0.0,0.0,8.613099769837152
2000,2000,35,target_left,1,"[0.009999999776482582, 0.0, 0.0, 0.0]",-0.5849291086196899,-1.7938424348831177,0.7169327139854431,-0.2732769846916199,2.036832094192505,0.33343246579170227,8.613099769837152,12.849696815077781
2000,2000,35,target_left,2,"[0.019999999552965164, 0.0, 0.0, 0.0]",-0.49525654315948486,-1.8408540487289429,0.6999557018280029,-0.2511369287967682,2.0462234020233154,0.10502219945192337,12.849696815077781,16.89570719977148
2000,2000,35,target_left,3,"[0.029999999329447746, 0.0, 0.0, 0.0]",-0.5165712237358093,-1.862054467201233,0.7059260010719299,-0.23942930996418,2.071171283721924,0.032809849828481674,16.89570719977148,21.009181723478008
2000,2000,35,ramp,0,"[-0.5, -0.4333333373069763, -0.36666667461395264, -0.30000001192092896]",-0.7155041098594666,-1.4216488599777222,-0.14714914560317993,0.3087141513824463,1.6278786659240723,0.0,0.0,9.57653078016346
2000,2000,35,ramp,1,"[-0.47999998927116394, -0.41333332657814026, -0.3466666638851166, -0.2800000011920929]",-0.854702353477478,-1.067653775215149,-0.14295241236686707,0.2767566442489624,1.4026511907577515,0.38174280524253845,9.57653078016346,13.410296683548957
2000,2000,35,ramp,2,"[-0.46000000834465027, -0.3933333456516266, -0.3266666829586029, -0.2600000202655792]",-0.8915181159973145,-1.4133280515670776,-0.08863139897584915,0.2001873254776001,1.6852985620498657,0.3600829541683197,13.410296683548957,17.76680212379084
2000,2000,35,ramp,3,"[-0.4399999976158142, -0.3733333349227905, -0.30666667222976685, -0.24000000953674316]",-0.9538105726242065,-1.091246247291565,-0.07606306672096252,0.22465375065803528,1.4686143398284912,0.32920148968696594,17.76680212379084,22.271800675578646
2025,2025,35,zero_hold,0,"[0.0, 0.0, 0.0, 0.0]",-0.3369324207305908,-0.47831690311431885,-0.13173998892307281,0.6909894347190857,0.914949357509613,0.0,0.0,5.880682470341766
2025,2025,35,zero_hold,1,"[0.0, 0.0, 0.0, 0.0]",-0.32870855927467346,-0.21292516589164734,-0.13491085171699524,0.973815381526947,1.0582550764083862,0.3879445493221283,5.880682470341766,8.699878942520328
2025,2025,35,zero_hold,2,"[0.0, 0.0, 0.0, 0.0]",-0.00843590497970581,-0.4903513491153717,-0.17276577651500702,1.1175825595855713,1.2326209545135498,0.4490455090999603,8.699878942520328,11.12753877354062
2025,2025,35,zero_hold,3,"[0.0, 0.0, 0.0, 0.0]",0.012565083801746368,-0.3015752136707306,-0.2780126929283142,1.2476825714111328,1.3134337663650513,0.25314104557037354,11.12753877354062,13.330962778989315
2025,2025,35,target_ahead,0,"[0.0, 0.0, 0.0, 0.0]",0.9607983827590942,-1.0203551054000854,-0.456245094537735,0.37767690420150757,1.521531343460083,0.0,0.0,8.714329348064746
2025,2025,35,target_ahead,1,"[0.009999999776482582, 0.0, 0.0, 0.0]",1.0252678394317627,-1.0213526487350464,-0.6798927783966064,0.4909370541572571,1.6726053953170776,0.2588502764701843,8.714329348064746,12.570092264008268
2025,2025,35,target_ahead,2,"[0.019999999552965164, 0.0, 0.0, 0.0]",0.9840612411499023,-1.0033286809921265,-0.7546871900558472,0.453044593334198,1.658266305923462,0.09514667838811874,12.570092264008268,16.522577802121315
2025,2025,35,target_ahead,3,"[0.029999999329447746, 0.0, 0.0, 0.0]",0.9600242376327515,-1.0117683410644531,-0.7786794900894165,0.4429593086242676,1.6576719284057617,0.03641907125711441,16.522577802121315,20.65640422579554
2025,2025,35,target_left,0,"[0.0, 0.0, 0.0, 0.0]",-0.37226030230522156,-1.541399359703064,0.6267581582069397,-0.2713409662246704,1.7265403270721436,0.0,0.0,8.625872265064036
2025,2025,35,target_left,1,"[0.009999999776482582, 0.0, 0.0, 0.0]",-0.5685023069381714,-1.7809503078460693,0.7211618423461914,-0.2848663926124573,2.0239076614379883,0.324022501707077,8.625872265064036,12.86465302036677
2025,2025,35,target_left,2,"[0.019999999552965164, 0.0, 0.0, 0.0]",-0.4610092341899872,-1.8212432861328125,0.6988191604614258,-0.26539355516433716,2.021939277648926,0.11856083571910858,12.86465302036677,16.907873806631365
2025,2025,35,target_left,3,"[0.029999999329447746, 0.0, 0.0, 0.0]",-0.4859747588634491,-1.8435726165771484,0.7046513557434082,-0.2522240877151489,2.048189878463745,0.036459922790527344,16.907873806631365,21.008189954430787
2025,2025,35,ramp,0,"[-0.5, -0.4333333373069763, -0.36666667461395264, -0.30000001192092896]",-0.7066799402236938,-1.4098694324493408,-0.17104347050189972,0.30525901913642883,1.6154155731201172,0.0,0.0,9.548656650721822
2025,2025,35,ramp,1,"[-0.47999998927116394, -0.41333332657814026, -0.3466666638851166, -0.2800000011920929]",-0.8548256158828735,-1.011488437652588,-0.18230395019054413,0.2749805450439453,1.3648021221160889,0.42626065015792847,9.548656650721822,13.416333687047608
2025,2025,35,ramp,2,"[-0.46000000834465027, -0.3933333456516266, -0.3266666829586029, -0.2600000202655792]",-0.8931790590286255,-1.3982172012329102,-0.12727375328540802,0.19356803596019745,1.6752455234527588,0.400857150554657,13.416333687047608,17.779910452003076
2025,2025,35,ramp,3,"[-0.4399999976158142, -0.3733333349227905, -0.30666667222976685, -0.24000000953674316]",-0.95455002784729,-1.037643313407898,-0.11570177227258682,0.22248156368732452,1.4320454597473145,0.3670828640460968,17.779910452003076,22.291731356707913
2050,2050,35,zero_hold,0,"[0.0, 0.0, 0.0, 0.0]",-0.31572026014328003,-0.47108447551727295,-0.14805397391319275,0.7041964530944824,0.9161945581436157,0.0,0.0,5.889939391775618
2050,2050,35,zero_hold,1,"[0.0, 0.0, 0.0, 0.0]",-0.32360175251960754,-0.2024126648902893,-0.1545754075050354,0.9912046194076538,1.0733448266983032,0.3932720124721527,5.889939391775618,8.703876385444783
2050,2050,35,zero_hold,2,"[0.0, 0.0, 0.0, 0.0]",-0.010244181379675865,-0.48583984375,-0.19009748101234436,1.1292535066604614,1.2439838647842407,0.44591841101646423,8.703876385444783,11.12902164206382
2050,2050,35,zero_hold,3,"[0.0, 0.0, 0.0, 0.0]",0.011585989966988564,-0.2832525074481964,-0.29423993825912476,1.2550503015518188,1.3198843002319336,0.26112958788871765,11.12902164206382,13.34259497252971
2050,2050,35,target_ahead,0,"[0.0, 0.0, 0.0, 0.0]",0.9699875116348267,-1.0345255136489868,-0.4800838232040405,0.3838469386100769,1.5456188917160034,0.0,0.0,8.705693599767256
2050,2050,35,target_ahead,1,"[0.009999999776482582, 0.0, 0.0, 0.0]",1.0403904914855957,-1.036123275756836,-0.7108421325683594,0.49650534987449646,1.7052206993103027,0.2662713825702667,8.705693599767256,12.645699063824473
2050,2050,35,target_ahead,2,"[0.019999999552965164, 0.0, 0.0, 0.0]",1.0008487701416016,-1.0197012424468994,-0.78743976354599,0.459405779838562,1.694875717163086,0.09527227282524109,12.645699063824473,16.645869492076354
2050,2050,35,target_ahead,3,"[0.029999999329447746, 0.0, 0.0, 0.0]",0.9788074493408203,-1.02764892578125,-0.8108201622962952,0.4509842097759247,1.6955655813217163,0.03415481373667717,16.645869492076354,20.808856275056034
2050,2050,35,target_left,0,"[0.0, 0.0, 0.0, 0.0]",-0.35596710443496704,-1.5479742288589478,0.6126970052719116,-0.24151462316513062,1.719495177268982,0.0,0.0,8.627907614933932
2050,2050,35,target_left,1,"[0.009999999776482582, 0.0, 0.0, 0.0]",-0.5574644207954407,-1.795589566230774,0.6956562995910645,-0.2657185196876526,2.0222394466400146,0.3307303786277771,8.627907614933932,12.859798432583174
2050,2050,35,target_left,2,"[0.019999999552965164, 0.0, 0.0, 0.0]",-0.45089465379714966,-1.840302586555481,0.6756150722503662,-0.24967209994792938,2.027020215988159,0.11838711053133011,12.859798432583174,16.89257013366604
2050,2050,35,target_left,3,"[0.029999999329447746, 0.0, 0.0, 0.0]",-0.4747808873653412,-1.862924575805664,0.6831294298171997,-0.23752319812774658,2.0540175437927246,0.03586596995592117,16.89257013366604,20.991759724737122
2050,2050,35,ramp,0,"[-0.5, -0.4333333373069763, -0.36666667461395264, -0.30000001192092896]",-0.6618117094039917,-1.4066754579544067,-0.19726230204105377,0.29359471797943115,1.5943151712417603,0.0,0.0,9.533795771707151
2050,2050,35,ramp,1,"[-0.47999998927116394, -0.41333332657814026, -0.3466666638851166, -0.2800000011920929]",-0.8108895421028137,-1.037284016609192,-0.2029191106557846,0.2656818926334381,1.3584046363830566,0.3993561863899231,9.533795771707151,13.397570024255424
2050,2050,35,ramp,2,"[-0.46000000834465027, -0.3933333456516266, -0.3266666829586029, -0.2600000202655792]",-0.8493839502334595,-1.4083887338638306,-0.14096467196941376,0.1930840015411377,1.6619759798049927,0.3851095139980316,13.397570024255424,17.78342011199574
2050,2050,35,ramp,3,"[-0.4399999976158142, -0.3733333349227905, -0.30666667222976685, -0.24000000953674316]",-0.9041008353233337,-1.0636721849441528,-0.13105830550193787,0.2194063514471054,1.419194221496582,0.35016342997550964,17.78342011199574,22.307954992372025
2075,2075,35,zero_hold,0,"[0.0, 0.0, 0.0, 0.0]",-0.3049275577068329,-0.4704042077064514,-0.1390255093574524,0.6859566569328308,0.8967304825782776,0.0,0.0,5.896795643605498
2075,2075,35,zero_hold,1,"[0.0, 0.0, 0.0, 0.0]",-0.3121316134929657,-0.19518722593784332,-0.15542086958885193,0.9694057106971741,1.0485358238220215,0.3954851031303406,5.896795643605498,8.722539452632839
2075,2075,35,zero_hold,2,"[0.0, 0.0, 0.0, 0.0]",-0.018822290003299713,-0.4837866425514221,-0.18488681316375732,1.1020125150680542,1.2177923917770386,0.4333275854587555,8.722539452632839,11.155868717700066
2075,2075,35,zero_hold,3,"[0.0, 0.0, 0.0, 0.0]",0.00117473304271698,-0.2740280330181122,-0.2828926146030426,1.2258652448654175,1.2875816822052002,0.26333093643188477,11.155868717700066,13.37585830985081
2075,2075,35,target_ahead,0,"[0.0, 0.0, 0.0, 0.0]",0.9827972650527954,-1.0149098634719849,-0.46273523569107056,0.338319331407547,1.5246363878250122,0.0,0.0,8.715852471904034
2075,2075,35,target_ahead,1,"[0.009999999776482582, 0.0, 0.0, 0.0]",1.0759220123291016,-1.0186562538146973,-0.6881351470947266,0.47304460406303406,1.7007557153701782,0.2786436378955841,8.715852471904034,12.638835195840377
2075,2075,35,target_ahead,2,"[0.019999999552965164, 0.0, 0.0, 0.0]",1.0351148843765259,-1.0064932107925415,-0.7679144144058228,0.434391587972641,1.692004680633545,0.09834606945514679,12.638835195840377,16.633680534172505
2075,2075,35,target_ahead,3,"[0.029999999329447746, 0.0, 0.0, 0.0]",1.008193016052246,-1.014836311340332,-0.7923096418380737,0.42335638403892517,1.689180612564087,0.03887540474534035,16.633680534172505,20.781048908596837
2075,2075,35,target_left,0,"[0.0, 0.0, 0.0, 0.0]",-0.34374192357063293,-1.515479326248169,0.6010207533836365,-0.25704702734947205,1.6858633756637573,0.0,0.0,8.627199112770704
2075,2075,35,target_left,1,"[0.009999999776482582, 0.0, 0.0, 0.0]",-0.534943699836731,-1.7786972522735596,0.6679239869117737,-0.28003615140914917,1.9936076402664185,0.3329359292984009,8.627199112770704,12.855336533185403
2075,2075,35,target_left,2,"[0.019999999552965164, 0.0, 0.0, 0.0]",-0.42853105068206787,-1.8124089241027832,0.6489616632461548,-0.257938414812088,1.9890068769454956,0.11536034196615219,12.855336533185403,16.89349662089515
2075,2075,35,target_left,3,"[0.029999999329447746, 0.0, 0.0, 0.0]",-0.44947534799575806,-1.8340203762054443,0.6551946401596069,-0.24803268909454346,2.0140652656555176,0.0322907380759716,16.89349662089515,21.019143893471938
2075,2075,35,ramp,0,"[-0.5, -0.4333333373069763, -0.36666667461395264, -0.30000001192092896]",-0.6345115900039673,-1.4093761444091797,-0.17851611971855164,0.30226486921310425,1.5849852561950684,0.0,0.0,9.505060068824822
2075,2075,35,ramp,1,"[-0.47999998927116394, -0.41333332657814026, -0.3466666638851166, -0.2800000011920929]",-0.770840048789978,-1.0202816724777222,-0.18358731269836426,0.28963717818260193,1.3239195346832275,0.4125107526779175,9.505060068824822,13.31874839778697
2075,2075,35,ramp,2,"[-0.46000000834465027, -0.3933333456516266, -0.3266666829586029, -0.2600000202655792]",-0.8102238178253174,-1.4014471769332886,-0.13955989480018616,0.20008021593093872,1.6370784044265747,0.39597612619400024,13.31874839778697,17.714839335139594
2075,2075,35,ramp,3,"[-0.4399999976158142, -0.3733333349227905, -0.30666667222976685, -0.24000000953674316]",-0.8706538677215576,-1.0661842823028564,-0.12571313977241516,0.22644440829753876,1.4006669521331787,0.34196463227272034,17.714839335139594,22.283447795057647
2100,2100,35,zero_hold,0,"[0.0, 0.0, 0.0, 0.0]",-0.2831284701824188,-0.5056567192077637,-0.1673526167869568,0.687130331993103,0.9143333435058594,0.0,0.0,5.908746722982382
2100,2100,35,zero_hold,1,"[0.0, 0.0, 0.0, 0.0]",-0.2910938560962677,-0.21460460126399994,-0.1897474080324173,0.9676734209060669,1.050326943397522,0.40494534373283386,5.908746722982382,8.749431653567308
2100,2100,35,zero_hold,2,"[0.0, 0.0, 0.0, 0.0]",-0.005344606935977936,-0.5202379822731018,-0.21852365136146545,1.1000754833221436,1.2363635301589966,0.4397985637187958,8.749431653567308,11.20185219164166
2100,2100,35,zero_hold,3,"[0.0, 0.0, 0.0, 0.0]",0.027958519756793976,-0.2864498794078827,-0.3136502504348755,1.218178629875183,1.2904150485992432,0.2806481719017029,11.20185219164166,13.455478024166773
2100,2100,35,target_ahead,0,"[0.0, 0.0, 0.0, 0.0]",0.983220636844635,-1.0184835195541382,-0.4793474078178406,0.36145445704460144,1.5376783609390259,0.0,0.0,8.673090738187947
2100,2100,35,target_ahead,1,"[0.009999999776482582, 0.0, 0.0, 0.0]",1.0652985572814941,-1.0375760793685913,-0.666721761226654,0.4978305697441101,1.704047679901123,0.2465946227312088,8.673090738187947,12.605753161977892
2100,2100,35,target_ahead,2,"[0.019999999552965164, 0.0, 0.0, 0.0]",1.0294570922851562,-1.0340919494628906,-0.7406588196754456,0.4583614468574524,1.699352502822876,0.09122088551521301,12.605753161977892,16.599259226742948
2100,2100,35,target_ahead,3,"[0.029999999329447746, 0.0, 0.0, 0.0]",1.00418221950531,-1.046820878982544,-0.7658805251121521,0.44652077555656433,1.700049877166748,0.03971373662352562,16.599259226742948,20.757210577955295
2100,2100,35,target_left,0,"[0.0, 0.0, 0.0, 0.0]",-0.3237387239933014,-1.5262718200683594,0.5996383428573608,-0.28539368510246277,1.6956791877746582,0.0,0.0,8.63930080895979
2100,2100,35,target_left,1,"[0.009999999776482582, 0.0, 0.0, 0.0]",-0.5128738880157471,-1.809804916381836,0.6784606575965881,-0.2945204973220825,2.0212581157684326,0.3499419689178467,8.63930080895979,12.83117303810052
2100,2100,35,target_left,2,"[0.019999999552965164, 0.0, 0.0, 0.0]",-0.4046006500720978,-1.8480134010314941,0.6583667397499084,-0.2700972557067871,2.0212013721466064,0.11909341812133789,12.83117303810052,16.848066546670385
2100,2100,35,target_left,3,"[0.029999999329447746, 0.0, 0.0, 0.0]",-0.42693012952804565,-1.8704144954681396,0.6633856296539307,-0.25805410742759705,2.046311855316162,0.03421463817358017,16.848066546670385,20.95239120557798
2100,2100,35,ramp,0,"[-0.5, -0.4333333373069763, -0.36666667461395264, -0.30000001192092896]",-0.6251153349876404,-1.418534517288208,-0.2139798104763031,0.3011489808559418,1.5935769081115723,0.0,0.0,9.499024387317043
2100,2100,35,ramp,1,"[-0.47999998927116394, -0.41333332657814026, -0.3466666638851166, -0.2800000011920929]",-0.7511149048805237,-1.0420567989349365,-0.21296055614948273,0.2890366017818451,1.3337730169296265,0.39718902111053467,9.499024387317043,13.314342085937117
2100,2100,35,ramp,2,"[-0.46000000834465027, -0.3933333456516266, -0.3266666829586029, -0.2600000202655792]",-0.7827340960502625,-1.4145739078521729,-0.1839515119791031,0.1955408900976181,1.6388307809829712,0.386460542678833,13.314342085937117,17.698986642869336
2100,2100,35,ramp,3,"[-0.4399999976158142, -0.3733333349227905, -0.30666667222976685, -0.24000000953674316]",-0.8352716565132141,-1.0962073802947998,-0.16263699531555176,0.2234785556793213,1.4056111574172974,0.3245801329612732,17.698986642869336,22.246492006244253
2125,2125,35,zero_hold,0,"[0.0, 0.0, 0.0, 0.0]",-0.2779148817062378,-0.47882893681526184,-0.16765566170215607,0.7017571926116943,0.9094423651695251,0.0,0.0,5.888121483448457
2125,2125,35,zero_hold,1,"[0.0, 0.0, 0.0, 0.0]",-0.2889185845851898,-0.20171600580215454,-0.19049473106861115,0.9964891672134399,1.0739842653274536,0.40534085035324097,5.888121483448457,8.729046646829625
2125,2125,35,zero_hold,2,"[0.0, 0.0, 0.0, 0.0]",0.006839809939265251,-0.49597540497779846,-0.21054719388484955,1.1347538232803345,1.256198525428772,0.4399782121181488,8.729046646829625,11.184588369189687
2125,2125,35,zero_hold,3,"[0.0, 0.0, 0.0, 0.0]",0.035822734236717224,-0.27813056111335754,-0.30944886803627014,1.2573739290237427,1.3249104022979736,0.27039530873298645,11.184588369189687,13.442441888480115
2125,2125,35,target_ahead,0,"[0.0, 0.0, 0.0, 0.0]",1.0113105773925781,-0.9923487901687622,-0.4651816487312317,0.3741641938686371,1.5374972820281982,0.0,0.0,8.67608632114223
2125,2125,35,target_ahead,1,"[0.009999999776482582, 0.0, 0.0, 0.0]",1.0933220386505127,-1.0252922773361206,-0.6524468064308167,0.5121678709983826,1.7130615711212158,0.2488461583852768,8.67608632114223,12.592448812338194
2125,2125,35,target_ahead,2,"[0.019999999552965164, 0.0, 0.0, 0.0]",1.0543584823608398,-1.0260480642318726,-0.7283920049667358,0.4681316614151001,1.707087755203247,0.09604994207620621,12.592448812338194,16.555109610756418
2125,2125,35,target_ahead,3,"[0.029999999329447746, 0.0, 0.0, 0.0]",1.0268980264663696,-1.040121078491211,-0.7546641826629639,0.455238938331604,1.7067899703979492,0.04252735525369644,16.555109610756418,20.68930049353075
2125,2125,35,target_left,0,"[0.0, 0.0, 0.0, 0.0]",-0.300961434841156,-1.5232748985290527,0.5865265130996704,-0.28568243980407715,1.684212565422058,0.0,0.0,8.657099346149682
2125,2125,35,target_left,1,"[0.009999999776482582, 0.0, 0.0, 0.0]",-0.5004506707191467,-1.799638032913208,0.6777440309524536,-0.28266164660453796,2.007082939147949,0.3528488278388977,8.657099346149682,12.819837405566728
2125,2125,35,target_left,2,"[0.019999999552965164, 0.0, 0.0, 0.0]",-0.39165201783180237,-1.8432097434997559,0.6610466241836548,-0.25813212990760803,2.0135610103607178,0.12089724093675613,12.819837405566728,16.821386412718642
2125,2125,35,target_left,3,"[0.029999999329447746, 0.0, 0.0, 0.0]",-0.41683682799339294,-1.866288185119629,0.665844738483429,-0.2446814328432083,2.0396084785461426,0.03702475130558014,16.821386412718642,20.916053372876846
2125,2125,35,ramp,0,"[-0.5, -0.4333333373069763, -0.36666667461395264, -0.30000001192092896]",-0.6132839918136597,-1.4151439666748047,-0.23099488019943237,0.304416298866272,1.5889549255371094,0.0,0.0,9.498494256654816
2125,2125,35,ramp,1,"[-0.47999998927116394, -0.41333332657814026, -0.3466666638851166, -0.2800000011920929]",-0.7257070541381836,-1.0089222192764282,-0.22960536181926727,0.2988255023956299,1.2986878156661987,0.4215308427810669,9.498494256654816,13.322250996964982
2125,2125,35,ramp,2,"[-0.46000000834465027, -0.3933333456516266, -0.3266666829586029, -0.2600000202655792]",-0.7687152028083801,-1.4062399864196777,-0.19103555381298065,0.20422331988811493,1.6268484592437744,0.4124903678894043,13.322250996964982,17.717757379757202
2125,2125,35,ramp,3,"[-0.4399999976158142, -0.3733333349227905, -0.30666667222976685, -0.24000000953674316]",-0.8293898105621338,-1.0587462186813354,-0.15866445004940033,0.23811276257038116,1.375028371810913,0.3558506965637207,17.717757379757202,22.271384840085936
2150,2150,35,zero_hold,0,"[0.0, 0.0, 0.0, 0.0]",-0.26901549100875854,-0.4772709906101227,-0.16664014756679535,0.7076358795166016,0.9103155136108398,0.0,0.0,5.865021439592555
2150,2150,35,zero_hold,1,"[0.0, 0.0, 0.0, 0.0]",-0.28866761922836304,-0.2043026238679886,-0.19066858291625977,0.9962301254272461,1.074196219444275,0.3984494209289551,5.865021439592555,8.699271838855895
2150,2150,35,zero_hold,2,"[0.0, 0.0, 0.0, 0.0]",0.004532849416136742,-0.49667203426361084,-0.20954367518424988,1.127139687538147,1.249422311782837,0.4346722662448883,8.699271838855895,11.131361849585293
2150,2150,35,zero_hold,3,"[0.0, 0.0, 0.0, 0.0]",0.038950733840465546,-0.28169432282447815,-0.30366063117980957,1.2467352151870728,1.3143162727355957,0.26563337445259094,11.131361849585293,13.370833294011176
2150,2150,35,target_ahead,0,"[0.0, 0.0, 0.0, 0.0]",1.0210376977920532,-0.9908088445663452,-0.45280373096466064,0.3726145029067993,1.5388609170913696,0.0,0.0,8.657122013801217
2150,2150,35,target_ahead,1,"[0.009999999776482582, 0.0, 0.0, 0.0]",1.1195104122161865,-1.036452054977417,-0.644568145275116,0.5165220499038696,1.734877347946167,0.2631789445877075,8.657122013801217,12.578645862654582
2150,2150,35,target_ahead,2,"[0.019999999552965164, 0.0, 0.0, 0.0]",1.0732680559158325,-1.03839910030365,-0.732297956943512,0.4664403796195984,1.7274270057678223,0.11111633479595184,12.578645862654582,16.529535583304103
2150,2150,35,target_ahead,3,"[0.029999999329447746, 0.0, 0.0, 0.0]",1.0404977798461914,-1.0534940958023071,-0.7620863318443298,0.45181745290756226,1.7255144119262695,0.04901966080069542,16.529535583304103,20.660806675877208
2150,2150,35,target_left,0,"[0.0, 0.0, 0.0, 0.0]",-0.3394756615161896,-1.521302580833435,0.6333397030830383,-0.3100091814994812,1.7107980251312256,0.0,0.0,8.644602720253683
2150,2150,35,target_left,1,"[0.009999999776482582, 0.0, 0.0, 0.0]",-0.521109402179718,-1.8161828517913818,0.7064505219459534,-0.3074048161506653,2.040501117706299,0.3539734184741974,8.644602720253683,12.79322508755256
2150,2150,35,target_left,2,"[0.019999999552965164, 0.0, 0.0, 0.0]",-0.4131779372692108,-1.8616076707839966,0.6930519938468933,-0.2831419110298157,2.0486068725585938,0.12033629417419434,12.79322508755256,16.79146868783564
2150,2150,35,target_left,3,"[0.029999999329447746, 0.0, 0.0, 0.0]",-0.43474283814430237,-1.8844023942947388,0.7022632956504822,-0.2689834237098694,2.07496976852417,0.035636432468891144,16.79146868783564,20.870701643968413
2150,2150,35,ramp,0,"[-0.5, -0.4333333373069763, -0.36666667461395264, -0.30000001192092896]",-0.5949147939682007,-1.3981339931488037,-0.22496755421161652,0.30544447898864746,1.5660808086395264,0.0,0.0,9.459952158681476
2150,2150,35,ramp,1,"[-0.47999998927116394, -0.41333332657814026, -0.3466666638851166, -0.2800000011920929]",-0.7205785512924194,-0.9884031414985657,-0.2119404375553131,0.2965107560157776,1.27632737159729,0.42885926365852356,9.459952158681476,13.331666339355323
2150,2150,35,ramp,2,"[-0.46000000834465027, -0.3933333456516266, -0.3266666829586029, -0.2600000202655792]",-0.765805184841156,-1.3857053518295288,-0.17630219459533691,0.2049088329076767,1.6061466932296753,0.41177114844322205,13.331666339355323,17.69780220228519
2150,2150,35,ramp,3,"[-0.4399999976158142, -0.3733333349227905, -0.30666667222976685, -0.24000000953674316]",-0.831802248954773,-1.0610816478729248,-0.1251036822795868,0.23336701095104218,1.3740088939666748,0.336403489112854,17.69780220228519,22.21150790994004
2175,2175,35,zero_hold,0,"[0.0, 0.0, 0.0, 0.0]",-0.2666710913181305,-0.48163366317749023,-0.16662104427814484,0.701219916343689,0.906948983669281,0.0,0.0,5.85270093085025
2175,2175,35,zero_hold,1,"[0.0, 0.0, 0.0, 0.0]",-0.2885231077671051,-0.2040683925151825,-0.19132855534553528,0.9924125671386719,1.0706908702850342,0.40363797545433044,5.85270093085025,8.69000462539725
2175,2175,35,zero_hold,2,"[0.0, 0.0, 0.0, 0.0]",0.008618747815489769,-0.4937162697315216,-0.21511097252368927,1.114661455154419,1.237971305847168,0.433243066072464,8.69000462539725,11.115636532494841
2175,2175,35,zero_hold,3,"[0.0, 0.0, 0.0, 0.0]",0.043183453381061554,-0.2846125364303589,-0.30517804622650146,1.232119083404541,1.3015837669372559,0.2585100829601288,11.115636532494841,13.344754638299253
2175,2175,35,target_ahead,0,"[0.0, 0.0, 0.0, 0.0]",1.025073766708374,-0.9514858722686768,-0.4671595096588135,0.3841564953327179,1.5237834453582764,0.0,0.0,8.61249743862353
2175,2175,35,target_ahead,1,"[0.009999999776482582, 0.0, 0.0, 0.0]",1.1213710308074951,-1.0138204097747803,-0.6755830645561218,0.4977799654006958,1.729017734527588,0.2636464238166809,8.61249743862353,12.527900807788457
2175,2175,35,target_ahead,2,"[0.019999999552965164, 0.0, 0.0, 0.0]",1.065039038658142,-1.0180062055587769,-0.7672095894813538,0.44521525502204895,1.7197301387786865,0.11978849768638611,12.527900807788457,16.445124477809205
2175,2175,35,target_ahead,3,"[0.029999999329447746, 0.0, 0.0, 0.0]",1.0315250158309937,-1.0325734615325928,-0.8006696105003357,0.42634689807891846,1.7184573411941528,0.05301870033144951,16.445124477809205,20.54020303112538
2175,2175,35,target_left,0,"[0.0, 0.0, 0.0, 0.0]",-0.3511561453342438,-1.5156279802322388,0.6073653697967529,-0.290871262550354,1.695269227027893,0.0,0.0,8.629349561546078
2175,2175,35,target_left,1,"[0.009999999776482582, 0.0, 0.0, 0.0]",-0.5444120168685913,-1.8182400465011597,0.68375164270401,-0.27608025074005127,2.0362019538879395,0.3673901855945587,8.629349561546078,12.796468433262865
2175,2175,35,target_left,2,"[0.019999999552965164, 0.0, 0.0, 0.0]",-0.4499424397945404,-1.8646177053451538,0.671268105506897,-0.2398555725812912,2.0463085174560547,0.1119975596666336,12.796468433262865,16.82704682562324
2175,2175,35,target_left,3,"[0.029999999329447746, 0.0, 0.0, 0.0]",-0.4694267511367798,-1.8860533237457275,0.6844548583030701,-0.22554026544094086,2.0728979110717773,0.0348990336060524,16.82704682562324,20.944096842100063
2175,2175,35,ramp,0,"[-0.5, -0.4333333373069763, -0.36666667461395264, -0.30000001192092896]",-0.5711780786514282,-1.4028658866882324,-0.21127381920814514,0.30780574679374695,1.5600186586380005,0.0,0.0,9.481433981543901
2175,2175,35,ramp,1,"[-0.47999998927116394, -0.41333332657814026, -0.3466666638851166, -0.2800000011920929]",-0.7120831608772278,-1.0200164318084717,-0.20275750756263733,0.29984450340270996,1.2955745458602905,0.40812236070632935,9.481433981543901,13.349047030181358
2175,2175,35,ramp,2,"[-0.46000000834465027, -0.3933333456516266, -0.3266666829586029, -0.2600000202655792]",-0.7594376802444458,-1.4036861658096313,-0.1699691116809845,0.21723048388957977,1.6196168661117554,0.3966674506664276,13.349047030181358,17.751943420582265
2175,2175,35,ramp,3,"[-0.4399999976158142, -0.3733333349227905, -0.30666667222976685, -0.24000000953674316]",-0.814125120639801,-1.0789902210235596,-0.11406747251749039,0.2411986142396927,1.37775456905365,0.33483973145484924,17.751943420582265,22.30999084403565
2200,2200,35,zero_hold,0,"[0.0, 0.0, 0.0, 0.0]",-0.27537548542022705,-0.5020601749420166,-0.1773308366537094,0.7137141227722168,0.9320569634437561,0.0,0.0,5.814228504653624
2200,2200,35,zero_hold,1,"[0.0, 0.0, 0.0, 0.0]",-0.2966064512729645,-0.22191037237644196,-0.20101088285446167,1.0102932453155518,1.0946768522262573,0.4092121720314026,5.814228504653624,8.65855280592933
2200,2200,35,zero_hold,2,"[0.0, 0.0, 0.0, 0.0]",0.00917116366326809,-0.5270477533340454,-0.23423361778259277,1.1320914030075073,1.2705745697021484,0.45005255937576294,8.65855280592933,11.075668152404829
2200,2200,35,zero_hold,3,"[0.0, 0.0, 0.0, 0.0]",0.04703328758478165,-0.3023601174354553,-0.3267504870891571,1.2552939653396606,1.3327275514602661,0.275056928396225,11.075668152404829,13.282795400395607
2200,2200,35,target_ahead,0,"[0.0, 0.0, 0.0, 0.0]",0.9870480895042419,-0.9381904006004333,-0.47624245285987854,0.3617367148399353,1.4873216152191162,0.0,0.0,8.596366514978834
2200,2200,35,target_ahead,1,"[0.009999999776482582, 0.0, 0.0, 0.0]",1.1018016338348389,-0.9969707131385803,-0.6672657132148743,0.5104790329933167,1.7069709300994873,0.2742948532104492,8.596366514978834,12.492460886922858
2200,2200,35,target_ahead,2,"[0.019999999552965164, 0.0, 0.0, 0.0]",1.049225926399231,-0.998670220375061,-0.7596713304519653,0.46003177762031555,1.6991018056869507,0.11768949776887894,12.492460886922858,16.40680741217984
2200,2200,35,target_ahead,3,"[0.029999999329447746, 0.0, 0.0, 0.0]",1.0138657093048096,-1.0140715837478638,-0.7923116087913513,0.4420369863510132,1.6968852281570435,0.05363531783223152,16.40680741217984,20.494375193536936
2200,2200,35,target_left,0,"[0.0, 0.0, 0.0, 0.0]",-0.33102330565452576,-1.5454761981964111,0.6149795651435852,-0.27827760577201843,1.7186365127563477,0.0,0.0,8.636085085097552
2200,2200,35,target_left,1,"[0.009999999776482582, 0.0, 0.0, 0.0]",-0.5263939499855042,-1.8444294929504395,0.683622419834137,-0.2633226215839386,2.0532143115997314,0.3639756143093109,8.636085085097552,12.782656836012146
2200,2200,35,target_left,2,"[0.019999999552965164, 0.0, 0.0, 0.0]",-0.42251521348953247,-1.888174295425415,0.6643255352973938,-0.23188084363937378,2.0588390827178955,0.11859744787216187,12.782656836012146,16.79037800764606
2200,2200,35,target_left,3,"[0.029999999329447746, 0.0, 0.0, 0.0]",-0.4469631016254425,-1.9108657836914062,0.6759622693061829,-0.2167454957962036,2.0868847370147705,0.03843299672007561,16.79037800764606,20.902267198190934
2200,2200,35,ramp,0,"[-0.5, -0.4333333373069763, -0.36666667461395264, -0.30000001192092896]",-0.5670402646064758,-1.41797935962677,-0.2163032591342926,0.32134193181991577,1.5755151510238647,0.0,0.0,9.458886532859887
2200,2200,35,ramp,1,"[-0.47999998927116394, -0.41333332657814026, -0.3466666638851166, -0.2800000011920929]",-0.7027074694633484,-1.0016120672225952,-0.22156444191932678,0.3214647173881531,1.284311056137085,0.43794405460357666,9.458886532859887,13.314497097927905
2200,2200,35,ramp,2,"[-0.46000000834465027, -0.3933333456516266, -0.3266666829586029, -0.2600000202655792]",-0.7415091395378113,-1.4102015495300293,-0.18771013617515564,0.22756418585777283,1.6203471422195435,0.42239123582839966,13.314497097927905,17.66939526153054
2200,2200,35,ramp,3,"[-0.4399999976158142, -0.3733333349227905, -0.30666667222976685, -0.24000000953674316]",-0.8102272748947144,-1.0626753568649292,-0.12950389087200165,0.24967151880264282,1.3655966520309448,0.3596850633621216,17.66939526153054,22.20171016669672
2225,2225,35,zero_hold,0,"[0.0, 0.0, 0.0, 0.0]",-0.27489906549453735,-0.4970049560070038,-0.1725630909204483,0.7202463746070862,0.933336079120636,0.0,0.0,5.77459192077508
2225,2225,35,zero_hold,1,"[0.0, 0.0, 0.0, 0.0]",-0.3123013377189636,-0.23942984640598297,-0.21232084929943085,1.0205144882202148,1.1141762733459473,0.39935633540153503,5.77459192077508,8.628449976203688
2225,2225,35,zero_hold,2,"[0.0, 0.0, 0.0, 0.0]",0.011979881674051285,-0.5371661186218262,-0.2500939667224884,1.146488070487976,1.2906094789505005,0.459457665681839,8.628449976203688,11.059793364169444
2225,2225,35,zero_hold,3,"[0.0, 0.0, 0.0, 0.0]",0.03904251009225845,-0.3140033185482025,-0.3505389988422394,1.275808572769165,1.360399842262268,0.27811330556869507,11.059793364169444,13.270445509250184
2225,2225,35,target_ahead,0,"[0.0, 0.0, 0.0, 0.0]",1.001184344291687,-0.9398583173751831,-0.4846096336841583,0.3712822198867798,1.5027977228164673,0.0,0.0,8.604057846876183
2225,2225,35,target_ahead,1,"[0.009999999776482582, 0.0, 0.0, 0.0]",1.1013787984848022,-0.9933210611343384,-0.6508728265762329,0.5239723920822144,1.7023231983184814,0.25269532203674316,8.604057846876183,12.49607109096572
2225,2225,35,target_ahead,2,"[0.019999999552965164, 0.0, 0.0, 0.0]",1.045223355293274,-0.991195559501648,-0.7359767556190491,0.4740540683269501,1.6856303215026855,0.1135450080037117,12.49607109096572,16.418543640718696
2225,2225,35,target_ahead,3,"[0.029999999329447746, 0.0, 0.0, 0.0]",1.0077011585235596,-1.0050315856933594,-0.767984926700592,0.45569702982902527,1.6801817417144775,0.05441373586654663,16.418543640718696,20.52071185421081
2225,2225,35,target_left,0,"[0.0, 0.0, 0.0, 0.0]",-0.34811931848526,-1.5578171014785767,0.5756780505180359,-0.2440672516822815,1.7143380641937256,0.0,0.0,8.639050390415758
2225,2225,35,target_left,1,"[0.009999999776482582, 0.0, 0.0, 0.0]",-0.5775647759437561,-1.865458369255066,0.6409386992454529,-0.22322911024093628,2.067401647567749,0.38984811305999756,8.639050390415758,12.778726024671158
2225,2225,35,target_left,2,"[0.019999999552965164, 0.0, 0.0, 0.0]",-0.4877586364746094,-1.9161666631698608,0.6244123578071594,-0.19003498554229736,2.082212209701538,0.10959672927856445,12.778726024671158,16.77201322172608
2225,2225,35,target_left,3,"[0.029999999329447746, 0.0, 0.0, 0.0]",-0.5179623365402222,-1.9384987354278564,0.6384791135787964,-0.17598377168178558,2.112980842590332,0.042500533163547516,16.77201322172608,20.874791519963107
2225,2225,35,ramp,0,"[-0.5, -0.4333333373069763, -0.36666667461395264, -0.30000001192092896]",-0.5857023000717163,-1.464192509651184,-0.2159346491098404,0.33510124683380127,1.6266000270843506,0.0,0.0,9.48365960260416
2225,2225,35,ramp,1,"[-0.47999998927116394, -0.41333332657814026, -0.3466666638851166, -0.2800000011920929]",-0.7184234261512756,-1.0268633365631104,-0.22448204457759857,0.3283100724220276,1.3148232698440552,0.4571551978588104,9.48365960260416,13.337025118243762
2225,2225,35,ramp,2,"[-0.46000000834465027, -0.3933333456516266, -0.3266666829586029, -0.2600000202655792]",-0.7557141184806824,-1.4595519304275513,-0.19492556154727936,0.2272440493106842,1.670638084411621,0.44687575101852417,13.337025118243762,17.732426354322005
2225,2225,35,ramp,3,"[-0.4399999976158142, -0.3733333349227905, -0.30666667222976685, -0.24000000953674316]",-0.8091230988502502,-1.0960384607315063,-0.14905966818332672,0.24759387969970703,1.3926600217819214,0.3708265721797943,17.732426354322005,22.30774185071467
2250,2250,35,zero_hold,0,"[0.0, 0.0, 0.0, 0.0]",-0.27191898226737976,-0.49838685989379883,-0.19498282670974731,0.7165887355804443,0.9347978830337524,0.0,0.0,5.730079649811772
2250,2250,35,zero_hold,1,"[0.0, 0.0, 0.0, 0.0]",-0.30447590351104736,-0.2580227255821228,-0.242506206035614,1.0199859142303467,1.121811866760254,0.391335129737854,5.730079649811772,8.557343367331052
2250,2250,35,zero_hold,2,"[0.0, 0.0, 0.0, 0.0]",0.022730039432644844,-0.5531733632087708,-0.28229382634162903,1.1482336521148682,1.30562162399292,0.4606606066226959,8.557343367331052,10.963715399301481
2250,2250,35,zero_hold,3,"[0.0, 0.0, 0.0, 0.0]",0.036709681153297424,-0.33037081360816956,-0.38415348529815674,1.2707583904266357,1.3685369491577148,0.2742701470851898,10.963715399301481,13.160237988484095
2250,2250,35,target_ahead,0,"[0.0, 0.0, 0.0, 0.0]",0.9866538643836975,-0.9231189489364624,-0.5141136050224304,0.3522394895553589,1.487958312034607,0.0,0.0,8.550263441017513
2250,2250,35,target_ahead,1,"[0.009999999776482582, 0.0, 0.0, 0.0]",1.0896995067596436,-0.9838066697120667,-0.7026745676994324,0.47862979769706726,1.6965136528015137,0.2565758228302002,8.550263441017513,12.472755815035812
2250,2250,35,target_ahead,2,"[0.019999999552965164, 0.0, 0.0, 0.0]",1.0426030158996582,-0.984207034111023,-0.7828887701034546,0.4333420693874359,1.6900842189788818,0.10345789790153503,12.472755815035812,16.415534711621206
2250,2250,35,target_ahead,3,"[0.029999999329447746, 0.0, 0.0, 0.0]",1.0116698741912842,-1.000793218612671,-0.8114997744560242,0.4218595325946808,1.6916147470474243,0.046716153621673584,16.415534711621206,20.54590216251329
2250,2250,35,target_left,0,"[0.0, 0.0, 0.0, 0.0]",-0.30892062187194824,-1.5574157238006592,0.5632619857788086,-0.22630368173122406,1.6998391151428223,0.0,0.0,8.63862533258605
2250,2250,35,target_left,1,"[0.009999999776482582, 0.0, 0.0, 0.0]",-0.5288687348365784,-1.8619650602340698,0.6200078129768372,-0.22257910668849945,2.0446436405181885,0.3799492418766022,8.63862533258605,12.781265952716515
2250,2250,35,target_left,2,"[0.019999999552965164, 0.0, 0.0, 0.0]",-0.44779956340789795,-1.919689416885376,0.5938989520072937,-0.19166319072246552,2.0676515102386475,0.10743267089128494,12.781265952716515,16.76536640421123
2250,2250,35,target_left,3,"[0.029999999329447746, 0.0, 0.0, 0.0]",-0.4714369773864746,-1.9447606801986694,0.6052535176277161,-0.18234460055828094,2.0985538959503174,0.0374574139714241,16.76536640421123,20.85433028697349
2250,2250,35,ramp,0,"[-0.5, -0.4333333373069763, -0.36666667461395264, -0.30000001192092896]",-0.5261681079864502,-1.4177250862121582,-0.20140285789966583,0.3456428050994873,1.5642343759536743,0.0,0.0,9.41914374746617
2250,2250,35,ramp,1,"[-0.47999998927116394, -0.41333332657814026, -0.3466666638851166, -0.2800000011920929]",-0.6554667353630066,-0.9689696431159973,-0.23565255105495453,0.3345177173614502,1.2393437623977661,0.46839767694473267,9.41914374746617,13.341569159798413
2250,2250,35,ramp,2,"[-0.46000000834465027, -0.3933333456516266, -0.3266666829586029, -0.2600000202655792]",-0.6796531081199646,-1.3953335285186768,-0.1938103884458542,0.24219413101673126,1.5827522277832031,0.43891406059265137,13.341569159798413,17.695879555119845
2250,2250,35,ramp,3,"[-0.4399999976158142, -0.3733333349227905, -0.30666667222976685, -0.24000000953674316]",-0.7435478568077087,-1.0241389274597168,-0.1595991551876068,0.26052045822143555,1.3019473552703857,0.37864789366722107,17.695879555119845,22.27573696204849
2275,2275,35,zero_hold,0,"[0.0, 0.0, 0.0, 0.0]",-0.2541939616203308,-0.49368515610694885,-0.20990809798240662,0.7074183821678162,0.9234943389892578,0.0,0.0,5.7646846813393005
2275,2275,35,zero_hold,1,"[0.0, 0.0, 0.0, 0.0]",-0.2822437882423401,-0.24040807783603668,-0.2727676033973694,1.0212852954864502,1.120215892791748,0.4091452360153198,5.7646846813393005,8.582451672623867
2275,2275,35,zero_hold,2,"[0.0, 0.0, 0.0, 0.0]",0.024111509323120117,-0.5515151023864746,-0.30536532402038574,1.1478625535964966,1.309804081916809,0.45576921105384827,8.582451672623867,10.976058831625746
2275,2275,35,zero_hold,3,"[0.0, 0.0, 0.0, 0.0]",0.04164229333400726,-0.3183934688568115,-0.401858925819397,1.2607431411743164,1.3616431951522827,0.2769586145877838,10.976058831625746,13.161265810790622
2275,2275,35,target_ahead,0,"[0.0, 0.0, 0.0, 0.0]",1.0094043016433716,-0.9352065920829773,-0.4986482858657837,0.3525201082229614,1.505466341972351,0.0,0.0,8.528414199464693
2275,2275,35,target_ahead,1,"[0.009999999776482582, 0.0, 0.0, 0.0]",1.092157006263733,-0.9919083714485168,-0.6750383973121643,0.4618309736251831,1.6869065761566162,0.2304895669221878,8.528414199464693,12.440440937634882
2275,2275,35,target_ahead,2,"[0.019999999552965164, 0.0, 0.0, 0.0]",1.0416136980056763,-0.9901109337806702,-0.7480565309524536,0.41936713457107544,1.6735399961471558,0.09845142066478729,12.440440937634882,16.391275385674565
2275,2275,35,target_ahead,3,"[0.029999999329447746, 0.0, 0.0, 0.0]",1.016186237335205,-1.00560462474823,-0.7790088653564453,0.4084622859954834,1.6785622835159302,0.04431222006678581,16.391275385674565,20.52416953322104
2275,2275,35,target_left,0,"[0.0, 0.0, 0.0, 0.0]",-0.28140854835510254,-1.549257516860962,0.5488196611404419,-0.2240494340658188,1.682495355606079,0.0,0.0,8.61021772476267
2275,2275,35,target_left,1,"[0.009999999776482582, 0.0, 0.0, 0.0]",-0.5099764466285706,-1.831729531288147,0.5919236540794373,-0.20156794786453247,2.001577377319336,0.3666020929813385,8.61021772476267,12.763975439388854
2275,2275,35,target_left,2,"[0.019999999552965164, 0.0, 0.0, 0.0]",-0.416606605052948,-1.8921781778335571,0.5665866732597351,-0.17202956974506378,2.0259599685668945,0.11784075945615768,12.763975439388854,16.771960457489026
2275,2275,35,target_left,3,"[0.029999999329447746, 0.0, 0.0, 0.0]",-0.4414524435997009,-1.9173604249954224,0.5796442627906799,-0.15866871178150177,2.0572590827941895,0.04000592976808548,16.771960457489026,20.866048916144543
2275,2275,35,ramp,0,"[-0.5, -0.4333333373069763, -0.36666667461395264, -0.30000001192092896]",-0.5305243134498596,-1.40615713596344,-0.1800469607114792,0.34976673126220703,1.5535403490066528,0.0,0.0,9.428853842444731
2275,2275,35,ramp,1,"[-0.47999998927116394, -0.41333332657814026, -0.3466666638851166, -0.2800000011920929]",-0.6408373117446899,-0.9714364409446716,-0.2274034023284912,0.33076298236846924,1.2310473918914795,0.4513920843601227,9.428853842444731,13.300687727731015
2275,2275,35,ramp,2,"[-0.46000000834465027, -0.3933333456516266, -0.3266666829586029, -0.2600000202655792]",-0.6774407625198364,-1.3982415199279785,-0.18927615880966187,0.23646338284015656,1.58295476436615,0.44028228521347046,13.300687727731015,17.662996519041503
2275,2275,35,ramp,3,"[-0.4399999976158142, -0.3733333349227905, -0.30666667222976685, -0.24000000953674316]",-0.7358487844467163,-1.058789849281311,-0.1489819437265396,0.2508699893951416,1.3219835758209229,0.3470880389213562,17.662996519041503,22.235916611773362
2300,2300,35,zero_hold,0,"[0.0, 0.0, 0.0, 0.0]",-0.27481967210769653,-0.49871736764907837,-0.21538586914539337,0.7104405164718628,0.9356076717376709,0.0,0.0,5.760172523395215
2300,2300,35,zero_hold,1,"[0.0, 0.0, 0.0, 0.0]",-0.29475167393684387,-0.24473795294761658,-0.27617624402046204,1.0254188776016235,1.128951907157898,0.40964576601982117,5.760172523395215,8.564800256608757
2300,2300,35,zero_hold,2,"[0.0, 0.0, 0.0, 0.0]",0.016867857426404953,-0.5788478851318359,-0.30042508244514465,1.147143006324768,1.3196748495101929,0.47343525290489197,8.564800256608757,10.937805257599301
2300,2300,35,zero_hold,3,"[0.0, 0.0, 0.0, 0.0]",0.05359640344977379,-0.3211495280265808,-0.39163899421691895,1.2565512657165527,1.3558435440063477,0.29672810435295105,10.937805257599301,13.11800505150878
2300,2300,35,target_ahead,0,"[0.0, 0.0, 0.0, 0.0]",0.9939329028129578,-0.9163250923156738,-0.47176477313041687,0.3524972200393677,1.4745746850967407,0.0,0.0,8.456958372805799
2300,2300,35,target_ahead,1,"[0.009999999776482582, 0.0, 0.0, 0.0]",1.1133531332015991,-0.9798480868339539,-0.6395790576934814,0.4484589993953705,1.6762560606002808,0.23593783378601074,8.456958372805799,12.384847986897915
2300,2300,35,target_ahead,2,"[0.019999999552965164, 0.0, 0.0, 0.0]",1.077953577041626,-0.9794886708259583,-0.7059897184371948,0.41241785883903503,1.6702970266342163,0.08344218134880066,12.384847986897915,16.328768852605403
2300,2300,35,target_ahead,3,"[0.029999999329447746, 0.0, 0.0, 0.0]",1.0570751428604126,-0.9938602447509766,-0.7332181930541992,0.4010775685310364,1.6744067668914795,0.03889014199376106,16.328768852605403,20.451303614244623
2300,2300,35,target_left,0,"[0.0, 0.0, 0.0, 0.0]",-0.3006414473056793,-1.5572307109832764,0.5406118631362915,-0.21505790948867798,1.6893383264541626,0.0,0.0,8.64513986096238
2300,2300,35,target_left,1,"[0.009999999776482582, 0.0, 0.0, 0.0]",-0.5262563228607178,-1.8371295928955078,0.5945415496826172,-0.19908000528812408,2.011244058609009,0.3638806939125061,8.64513986096238,12.764131662441688
2300,2300,35,target_left,2,"[0.019999999552965164, 0.0, 0.0, 0.0]",-0.4303598403930664,-1.8896108865737915,0.5687316656112671,-0.16620780527591705,2.0265536308288574,0.11703483760356903,12.764131662441688,16.75632876775965
2300,2300,35,target_left,3,"[0.029999999329447746, 0.0, 0.0, 0.0]",-0.4525354206562042,-1.9142619371414185,0.5781325101852417,-0.1511397510766983,2.05578875541687,0.037614528089761734,16.75632876775965,20.851328717434537
2300,2300,35,ramp,0,"[-0.5, -0.4333333373069763, -0.36666667461395264, -0.30000001192092896]",-0.4922350347042084,-1.3223365545272827,-0.24484875798225403,0.3357064425945282,1.4708906412124634,0.0,0.0,9.381742274086912
2300,2300,35,ramp,1,"[-0.47999998927116394, -0.41333332657814026, -0.3466666638851166, -0.2800000011920929]",-0.6097374558448792,-0.895868182182312,-0.2673804461956024,0.31607598066329956,1.1600672006607056,0.44336792826652527,9.381742274086912,13.32247539254414
2300,2300,35,ramp,2,"[-0.46000000834465027, -0.3933333456516266, -0.3266666829586029, -0.2600000202655792]",-0.6382704377174377,-1.3211504220962524,-0.21602174639701843,0.21528148651123047,1.498612403869629,0.4409947395324707,13.32247539254414,17.638255160702567
2300,2300,35,ramp,3,"[-0.4399999976158142, -0.3733333349227905, -0.30666667222976685, -0.24000000953674316]",-0.7208049893379211,-0.9629310369491577,-0.16515669226646423,0.2314976304769516,1.2359870672225952,0.37146103382110596,17.638255160702567,22.201952446897877
2325,2325,35,zero_hold,0,"[0.0, 0.0, 0.0, 0.0]",-0.28822457790374756,-0.4791892170906067,-0.2248540073633194,0.7256839275360107,0.9433303475379944,0.0,0.0,5.781390600115809
2325,2325,35,zero_hold,1,"[0.0, 0.0, 0.0, 0.0]",-0.30963462591171265,-0.2295638769865036,-0.2886805236339569,1.0528651475906372,1.1577714681625366,0.4170042872428894,5.781390600115809,8.583223084701471
2325,2325,35,zero_hold,2,"[0.0, 0.0, 0.0, 0.0]",0.005527155473828316,-0.5614764094352722,-0.3164447247982025,1.181640625,1.3459933996200562,0.4762844145298004,8.583223084701471,10.947910602747768
2325,2325,35,zero_hold,3,"[0.0, 0.0, 0.0, 0.0]",0.025846900418400764,-0.3060353100299835,-0.40728357434272766,1.2882716655731201,1.3855863809585571,0.2920358180999756,10.947910602747768,13.106432477477671
2325,2325,35,target_ahead,0,"[0.0, 0.0, 0.0, 0.0]",0.9923737049102783,-0.9256493449211121,-0.4751054346561432,0.34020522236824036,1.4775307178497314,0.0,0.0,8.489777703554651
2325,2325,35,target_ahead,1,"[0.009999999776482582, 0.0, 0.0, 0.0]",1.124729037284851,-0.9769230484962463,-0.6400544047355652,0.4630127251148224,1.6862515211105347,0.24987350404262543,8.489777703554651,12.377902245003634
2325,2325,35,target_ahead,2,"[0.019999999552965164, 0.0, 0.0, 0.0]",1.0974076986312866,-0.9796159863471985,-0.7122400999069214,0.4266185164451599,1.689153790473938,0.08537575602531433,12.377902245003634,16.298541246213418
2325,2325,35,target_ahead,3,"[0.029999999329447746, 0.0, 0.0, 0.0]",1.0774157047271729,-0.9930185675621033,-0.7412316799163818,0.41444131731987,1.6935455799102783,0.039599303156137466,16.298541246213418,20.40038190852716
2325,2325,35,target_left,0,"[0.0, 0.0, 0.0, 0.0]",-0.30186063051223755,-1.5763267278671265,0.5102499127388,-0.20837101340293884,1.696967601776123,0.0,0.0,8.663185511020286
2325,2325,35,target_left,1,"[0.009999999776482582, 0.0, 0.0, 0.0]",-0.5336328148841858,-1.8681178092956543,0.5615797638893127,-0.18104009330272675,2.0304617881774902,0.3771499991416931,8.663185511020286,12.757541272763635
2325,2325,35,target_left,2,"[0.019999999552965164, 0.0, 0.0, 0.0]",-0.4577585756778717,-1.9227532148361206,0.537524402141571,-0.14260903000831604,2.053239583969116,0.10391119122505188,12.757541272763635,16.73234787588833
2325,2325,35,target_left,3,"[0.029999999329447746, 0.0, 0.0, 0.0]",-0.47497645020484924,-1.9472148418426514,0.5452761650085449,-0.12759175896644592,2.0810704231262207,0.034357454627752304,16.73234787588833,20.83127083325448
2325,2325,35,ramp,0,"[-0.5, -0.4333333373069763, -0.36666667461395264, -0.30000001192092896]",-0.5344022512435913,-1.2603044509887695,-0.23504318296909332,0.36449959874153137,1.435986876487732,0.0,0.0,9.374509106771303
2325,2325,35,ramp,1,"[-0.47999998927116394, -0.41333332657814026, -0.3466666638851166, -0.2800000011920929]",-0.6477281451225281,-0.8298289179801941,-0.25833365321159363,0.3606504499912262,1.1423540115356445,0.4457681179046631,9.374509106771303,13.310301115863329
2325,2325,35,ramp,2,"[-0.46000000834465027, -0.3933333456516266, -0.3266666829586029, -0.2600000202655792]",-0.6617732644081116,-1.2149704694747925,-0.19840461015701294,0.27175235748291016,1.4238367080688477,0.40003204345703125,13.310301115863329,17.585207720476927
2325,2325,35,ramp,3,"[-0.4399999976158142, -0.3733333349227905, -0.30666667222976685, -0.24000000953674316]",-0.7532405853271484,-0.8772101998329163,-0.15401838719844818,0.27922323346138,1.199398398399353,0.35280904173851013,17.585207720476927,22.150020465374247
2350,2350,35,zero_hold,0,"[0.0, 0.0, 0.0, 0.0]",-0.2837350070476532,-0.47290340065956116,-0.2260153889656067,0.7228637933731079,0.9368875026702881,0.0,0.0,5.816547271537989
2350,2350,35,zero_hold,1,"[0.0, 0.0, 0.0, 0.0]",-0.30315300822257996,-0.20636817812919617,-0.29166826605796814,1.0466477870941162,1.1467481851577759,0.42492878437042236,5.816547271537989,8.6278665927304
2350,2350,35,zero_hold,2,"[0.0, 0.0, 0.0, 0.0]",-0.007363913580775261,-0.5382640957832336,-0.32083266973495483,1.1700842380523682,1.3273330926895142,0.46231287717819214,8.6278665927304,10.975680498635208
2350,2350,35,zero_hold,3,"[0.0, 0.0, 0.0, 0.0]",0.02213198132812977,-0.2785998284816742,-0.4083784222602844,1.270592212677002,1.363556146621704,0.29336267709732056,10.975680498635208,13.12603834457799
2350,2350,35,target_ahead,0,"[0.0, 0.0, 0.0, 0.0]",0.9538760781288147,-0.9141653776168823,-0.49790164828300476,0.3270653188228607,1.449294924736023,0.0,0.0,8.500032890031601
2350,2350,35,target_ahead,1,"[0.009999999776482582, 0.0, 0.0, 0.0]",1.119519829750061,-0.97251296043396,-0.6766420006752014,0.45449838042259216,1.692193627357483,0.28112202882766724,8.500032890031601,12.39678313519452
2350,2350,35,target_ahead,2,"[0.019999999552965164, 0.0, 0.0, 0.0]",1.0899120569229126,-0.9750551581382751,-0.7629252076148987,0.41472485661506653,1.7007917165756226,0.09954801946878433,12.39678313519452,16.31405875050031
2350,2350,35,target_ahead,3,"[0.029999999329447746, 0.0, 0.0, 0.0]",1.063062071800232,-0.9894468188285828,-0.7974140048027039,0.39985761046409607,1.7043653726577759,0.04835859686136246,16.31405875050031,20.40439002604465
2350,2350,35,target_left,0,"[0.0, 0.0, 0.0, 0.0]",-0.2962859869003296,-1.5527019500732422,0.5306913256645203,-0.2408987581729889,1.684735655784607,0.0,0.0,8.641769184396836
2350,2350,35,target_left,1,"[0.009999999776482582, 0.0, 0.0, 0.0]",-0.5216647386550903,-1.8113248348236084,0.5710188746452332,-0.21955716609954834,1.9817415475845337,0.3460681438446045,8.641769184396836,12.724462573164896
2350,2350,35,target_left,2,"[0.019999999552965164, 0.0, 0.0, 0.0]",-0.438740998506546,-1.8637275695800781,0.5423722863197327,-0.18731066584587097,1.9988064765930176,0.10715809464454651,12.724462573164896,16.725648910277723
2350,2350,35,target_left,3,"[0.029999999329447746, 0.0, 0.0, 0.0]",-0.451725572347641,-1.886121392250061,0.5519388318061829,-0.1719188690185547,2.0237841606140137,0.03159918636083603,16.725648910277723,20.84143882312962
2350,2350,35,ramp,0,"[-0.5, -0.4333333373069763, -0.36666667461395264, -0.30000001192092896]",-0.5317572951316833,-1.3270561695098877,-0.2302669882774353,0.3188219964504242,1.482738733291626,0.0,0.0,9.394194403541858
2350,2350,35,ramp,1,"[-0.47999998927116394, -0.41333332657814026, -0.3466666638851166, -0.2800000011920929]",-0.6708137392997742,-0.8988187909126282,-0.25201061367988586,0.3224143087863922,1.1938704252243042,0.45078781247138977,9.394194403541858,13.341361373299609
2350,2350,35,ramp,2,"[-0.46000000834465027, -0.3933333456516266, -0.3266666829586029, -0.2600000202655792]",-0.7018027305603027,-1.3366403579711914,-0.19677329063415527,0.22049203515052795,1.5383338928222656,0.45396843552589417,13.341361373299609,17.616811608280056
2350,2350,35,ramp,3,"[-0.4399999976158142, -0.3733333349227905, -0.30666667222976685, -0.24000000953674316]",-0.7750371098518372,-0.9708802103996277,-0.15309080481529236,0.23671218752861023,1.2738760709762573,0.3759188950061798,17.616811608280056,22.177460588386463
2375,2375,35,zero_hold,0,"[0.0, 0.0, 0.0, 0.0]",-0.2921271324157715,-0.47811564803123474,-0.24057172238826752,0.730121374130249,0.9512543082237244,0.0,0.0,5.8279357014944635
2375,2375,35,zero_hold,1,"[0.0, 0.0, 0.0, 0.0]",-0.29651564359664917,-0.22083473205566406,-0.2897043526172638,1.0477304458618164,1.1481974124908447,0.41170650720596313,5.8279357014944635,8.624736446790648
2375,2375,35,zero_hold,2,"[0.0, 0.0, 0.0, 0.0]",-0.008340202271938324,-0.5586974024772644,-0.32211166620254517,1.1649036407470703,1.3315287828445435,0.46040859818458557,8.624736446790648,10.94507069440189
2375,2375,35,zero_hold,3,"[0.0, 0.0, 0.0, 0.0]",0.014912299811840057,-0.2884965240955353,-0.4099469780921936,1.261494517326355,1.3575263023376465,0.30098843574523926,10.94507069440189,13.078413128914356
2375,2375,35,target_ahead,0,"[0.0, 0.0, 0.0, 0.0]",0.9129503965377808,-0.9019765853881836,-0.5418080687522888,0.31171715259552,1.4275026321411133,0.0,0.0,8.463663788252312
2375,2375,35,target_ahead,1,"[0.009999999776482582, 0.0, 0.0, 0.0]",1.0804027318954468,-0.9607345461845398,-0.6978693604469299,0.4580169916152954,1.669455647468567,0.27794164419174194,8.463663788252312,12.397179373431204
2375,2375,35,target_ahead,2,"[0.019999999552965164, 0.0, 0.0, 0.0]",1.0696907043457031,-0.965151846408844,-0.7698625326156616,0.42652300000190735,1.6883028745651245,0.07943014800548553,12.397179373431204,16.347621054874576
2375,2375,35,target_ahead,3,"[0.029999999329447746, 0.0, 0.0, 0.0]",1.0497817993164062,-0.9797295331954956,-0.7993288040161133,0.4167617857456207,1.6954435110092163,0.03965369984507561,16.347621054874576,20.475577937483198
2375,2375,35,target_left,0,"[0.0, 0.0, 0.0, 0.0]",-0.29347801208496094,-1.5481996536254883,0.5348950624465942,-0.2398412972688675,1.681275725364685,0.0,0.0,8.638043090662984
2375,2375,35,target_left,1,"[0.009999999776482582, 0.0, 0.0, 0.0]",-0.4909529685974121,-1.8122299909591675,0.5887013673782349,-0.21476511657238007,1.9793699979782104,0.33501091599464417,8.638043090662984,12.714710682574973
2375,2375,35,target_left,2,"[0.019999999552965164, 0.0, 0.0, 0.0]",-0.41267621517181396,-1.8618491888046265,0.5652070045471191,-0.18427816033363342,1.9975488185882568,0.10035314410924911,12.714710682574973,16.704605235861017
2375,2375,35,target_left,3,"[0.029999999329447746, 0.0, 0.0, 0.0]",-0.42394930124282837,-1.8849964141845703,0.5727238655090332,-0.16943305730819702,2.022291898727417,0.030655452981591225,16.704605235861017,20.8064521572763
2375,2375,35,ramp,0,"[-0.5, -0.4333333373069763, -0.36666667461395264, -0.30000001192092896]",-0.48191672563552856,-1.3272351026535034,-0.23031945526599884,0.31161943078041077,1.4642235040664673,0.0,0.0,9.391454050320641
2375,2375,35,ramp,1,"[-0.47999998927116394, -0.41333332657814026, -0.3466666638851166, -0.2800000011920929]",-0.6615995764732361,-0.9278721809387207,-0.22575348615646362,0.3222197890281677,1.2055915594100952,0.4380752146244049,9.391454050320641,13.352557884486043
2375,2375,35,ramp,2,"[-0.46000000834465027, -0.3933333456516266, -0.3266666829586029, -0.2600000202655792]",-0.6766127943992615,-1.3357733488082886,-0.15439674258232117,0.22935086488723755,1.5226738452911377,0.42464712262153625,13.352557884486043,17.611916925966355
2375,2375,35,ramp,3,"[-0.4399999976158142, -0.3733333349227905, -0.30666667222976685, -0.24000000953674316]",-0.7421143054962158,-0.9849177598953247,-0.1090899407863617,0.2403450906276703,1.2611355781555176,0.3599495589733124,17.611916925966355,22.1199302033326
2400,2400,35,zero_hold,0,"[0.0, 0.0, 0.0, 0.0]",-0.2791232168674469,-0.4651332199573517,-0.24804110825061798,0.7296450138092041,0.942425012588501,0.0,0.0,5.814261167111922
2400,2400,35,zero_hold,1,"[0.0, 0.0, 0.0, 0.0]",-0.27785754203796387,-0.23455220460891724,-0.29869383573532104,1.0398128032684326,1.1413360834121704,0.3897934854030609,5.814261167111922,8.599549408390825
2400,2400,35,zero_hold,2,"[0.0, 0.0, 0.0, 0.0]",0.00423566997051239,-0.5569257140159607,-0.3420087695121765,1.171980857849121,1.3418991565704346,0.45038411021232605,8.599549408390825,10.921617736875247
2400,2400,35,zero_hold,3,"[0.0, 0.0, 0.0, 0.0]",0.019609741866588593,-0.29598891735076904,-0.4402580261230469,1.2706937789916992,1.3771288394927979,0.2961781919002533,10.921617736875247,13.059610896988895
2400,2400,35,target_ahead,0,"[0.0, 0.0, 0.0, 0.0]",0.9347618818283081,-0.9212453961372375,-0.5392276048660278,0.3093748092651367,1.4522231817245483,0.0,0.0,8.461418143260467
2400,2400,35,target_ahead,1,"[0.009999999776482582, 0.0, 0.0, 0.0]",1.111800193786621,-0.9842349886894226,-0.7118051052093506,0.44912832975387573,1.7068102359771729,0.2909025549888611,8.461418143260467,12.407625705625778
2400,2400,35,target_ahead,2,"[0.019999999552965164, 0.0, 0.0, 0.0]",1.1023880243301392,-0.9938197135925293,-0.7888999581336975,0.4112204313278198,1.7304341793060303,0.08695447444915771,12.407625705625778,16.363147601120172
2400,2400,35,target_ahead,3,"[0.029999999329447746, 0.0, 0.0, 0.0]",1.0827895402908325,-1.0088708400726318,-0.8206196427345276,0.4002102315425873,1.738918662071228,0.041689325124025345,16.363147601120172,20.493826821100903
2400,2400,35,target_left,0,"[0.0, 0.0, 0.0, 0.0]",-0.2580861747264862,-1.5389879941940308,0.5397263765335083,-0.23193690180778503,1.6673907041549683,0.0,0.0,8.661289293268245
2400,2400,35,target_left,1,"[0.009999999776482582, 0.0, 0.0, 0.0]",-0.46717774868011475,-1.8206881284713745,0.5899941921234131,-0.18212056159973145,1.978489637374878,0.35788652300834656,8.661289293268245,12.766618865847411
2400,2400,35,target_left,2,"[0.019999999552965164, 0.0, 0.0, 0.0]",-0.384792298078537,-1.8690853118896484,0.5660098791122437,-0.15028105676174164,1.9961203336715698,0.10353092104196548,12.766618865847411,16.791878477858823
2400,2400,35,target_left,3,"[0.029999999329447746, 0.0, 0.0, 0.0]",-0.3971432149410248,-1.891867995262146,0.5765715837478638,-0.13560548424720764,2.0218088626861572,0.03159933164715767,16.791878477858823,20.930484598999346
2400,2400,35,ramp,0,"[-0.5, -0.4333333373069763, -0.36666667461395264, -0.30000001192092896]",-0.5066062808036804,-1.364490270614624,-0.24222642183303833,0.30063456296920776,1.505834698677063,0.0,0.0,9.407979550336604
2400,2400,35,ramp,1,"[-0.47999998927116394, -0.41333332657814026, -0.3466666638851166, -0.2800000011920929]",-0.6843001246452332,-0.9758584499359131,-0.22148080170154572,0.32769903540611267,1.2557892799377441,0.4286871552467346,9.407979550336604,13.374026567130509
2400,2400,35,ramp,2,"[-0.46000000834465027, -0.3933333456516266, -0.3266666829586029, -0.2600000202655792]",-0.700512170791626,-1.3940026760101318,-0.16477161645889282,0.22389450669288635,1.5846890211105347,0.4348548352718353,13.374026567130509,17.661848188047404
2400,2400,35,ramp,3,"[-0.4399999976158142, -0.3733333349227905, -0.30666667222976685, -0.24000000953674316]",-0.7632650136947632,-1.0389659404754639,-0.12035973370075226,0.238957941532135,1.3166667222976685,0.36357712745666504,17.661848188047404,22.189499202714117
2425,2425,35,zero_hold,0,"[0.0, 0.0, 0.0, 0.0]",-0.28079187870025635,-0.440371036529541,-0.26579785346984863,0.7134161591529846,0.9232452511787415,0.0,0.0,5.762079142736642
2425,2425,35,zero_hold,1,"[0.0, 0.0, 0.0, 0.0]",-0.2726062834262848,-0.23328010737895966,-0.32164573669433594,1.0281132459640503,1.1354323625564575,0.38092899322509766,5.762079142736642,8.534972358533357
2425,2425,35,zero_hold,2,"[0.0, 0.0, 0.0, 0.0]",0.026393238455057144,-0.5376667976379395,-0.375002384185791,1.1611248254776,1.3336490392684937,0.4501010775566101,8.534972358533357,10.820430872035745
2425,2425,35,zero_hold,3,"[0.0, 0.0, 0.0, 0.0]",0.023303650319576263,-0.2884088456630707,-0.47547295689582825,1.25462007522583,1.3725409507751465,0.2845606803894043,10.820430872035745,12.912304399753962
2425,2425,35,target_ahead,0,"[0.0, 0.0, 0.0, 0.0]",0.881166934967041,-0.9352523684501648,-0.547649085521698,0.2726282775402069,1.42316472530365,0.0,0.0,8.47894772559277
2425,2425,35,target_ahead,1,"[0.009999999776482582, 0.0, 0.0, 0.0]",1.0828149318695068,-0.9959728717803955,-0.6974101662635803,0.44061079621315,1.6867035627365112,0.3082132339477539,8.47894772559277,12.439566863445501
2425,2425,35,target_ahead,2,"[0.019999999552965164, 0.0, 0.0, 0.0]",1.0871831178665161,-1.013401746749878,-0.7840223908424377,0.40661272406578064,1.7288652658462524,0.09476494044065475,12.439566863445501,16.430979451888675
2425,2425,35,target_ahead,3,"[0.029999999329447746, 0.0, 0.0, 0.0]",1.070593237876892,-1.0309520959854126,-0.8204445838928223,0.39687296748161316,1.7434648275375366,0.04477363079786301,16.430979451888675,20.57446625896486
2425,2425,35,target_left,0,"[0.0, 0.0, 0.0, 0.0]",-0.2811031937599182,-1.5600756406784058,0.5549975037574768,-0.23425689339637756,1.6958045959472656,0.0,0.0,8.648004023249808
2425,2425,35,target_left,1,"[0.009999999776482582, 0.0, 0.0, 0.0]",-0.49708470702171326,-1.8250041007995605,0.6221134066581726,-0.17978061735630035,1.999269723892212,0.35257241129875183,8.648004023249808,12.725210872118026
2425,2425,35,target_left,2,"[0.019999999552965164, 0.0, 0.0, 0.0]",-0.4224022626876831,-1.8743696212768555,0.6002461314201355,-0.14334288239479065,2.0180504322052,0.09909746795892715,12.725210872118026,16.721207197842727
2425,2425,35,target_left,3,"[0.029999999329447746, 0.0, 0.0, 0.0]",-0.4331629276275635,-1.8953672647476196,0.6068440079689026,-0.12685427069664001,2.0406858921051025,0.0295313261449337,16.721207197842727,20.822122688190948
2425,2425,35,ramp,0,"[-0.5, -0.4333333373069763, -0.36666667461395264, -0.30000001192092896]",-0.5153390169143677,-1.2752022743225098,-0.2572551667690277,0.3079220950603485,1.43272864818573,0.0,0.0,9.39230621385613
2425,2425,35,ramp,1,"[-0.47999998927116394, -0.41333332657814026, -0.3466666638851166, -0.2800000011920929]",-0.7144212126731873,-0.9303862452507019,-0.2379835546016693,0.3080657720565796,1.2359436750411987,0.3986266851425171,9.39230621385613,13.464826644849492
2425,2425,35,ramp,2,"[-0.46000000834465027, -0.3933333456516266, -0.3266666829586029, -0.2600000202655792]",-0.7412998676300049,-1.338484764099121,-0.17799368500709534,0.2108132541179657,1.554731845855713,0.42464539408683777,13.464826644849492,17.751550825189256
2425,2425,35,ramp,3,"[-0.4399999976158142, -0.3733333349227905, -0.30666667222976685, -0.24000000953674316]",-0.7979220747947693,-1.002744197845459,-0.12732532620429993,0.22402969002723694,1.3071253299713135,0.34448477625846863,17.751550825189256,22.30750621711831
2450,2450,35,zero_hold,0,"[0.0, 0.0, 0.0, 0.0]",-0.26874661445617676,-0.4462338089942932,-0.25998494029045105,0.7133504152297974,0.9207661747932434,0.0,0.0,5.786768976142806
2450,2450,35,zero_hold,1,"[0.0, 0.0, 0.0, 0.0]",-0.25603196024894714,-0.2435903698205948,-0.34230566024780273,1.0424959659576416,1.152761697769165,0.3953979015350342,5.786768976142806,8.582120816367237
2450,2450,35,zero_hold,2,"[0.0, 0.0, 0.0, 0.0]",0.019208960235118866,-0.5605947375297546,-0.3927145004272461,1.1765466928482056,1.3612942695617676,0.4435763657093048,8.582120816367237,10.867508776040891
2450,2450,35,zero_hold,3,"[0.0, 0.0, 0.0, 0.0]",0.02059026062488556,-0.29206353425979614,-0.48484042286872864,1.258520483970642,1.380097508430481,0.295495867729187,10.867508776040891,12.966662393538536
2450,2450,35,target_ahead,0,"[0.0, 0.0, 0.0, 0.0]",0.8937917351722717,-0.9327178001403809,-0.5395915508270264,0.2748979330062866,1.4267284870147705,0.0,0.0,8.475840481325948
2450,2450,35,target_ahead,1,"[0.009999999776482582, 0.0, 0.0, 0.0]",1.1019593477249146,-0.9963281154632568,-0.6902151107788086,0.45592108368873596,1.7003661394119263,0.3206818699836731,8.475840481325948,12.444965879822885
2450,2450,35,target_ahead,2,"[0.019999999552965164, 0.0, 0.0, 0.0]",1.106608271598816,-1.0152722597122192,-0.7750171422958374,0.4270922839641571,1.7431061267852783,0.09166775643825531,12.444965879822885,16.420553604571154
2450,2450,35,target_ahead,3,"[0.029999999329447746, 0.0, 0.0, 0.0]",1.0882548093795776,-1.033931851387024,-0.811542272567749,0.41848212480545044,1.7569979429244995,0.04575204849243164,16.420553604571154,20.54211045443404
2450,2450,35,target_left,0,"[0.0, 0.0, 0.0, 0.0]",-0.2695237398147583,-1.5714797973632812,0.5599722862243652,-0.25441300868988037,1.7089431285858154,0.0,0.0,8.645016105362037
2450,2450,35,target_left,1,"[0.009999999776482582, 0.0, 0.0, 0.0]",-0.5066179037094116,-1.83292818069458,0.6135439872741699,-0.1768980175256729,2.005995273590088,0.36530452966690063,8.645016105362037,12.71868787592268
2450,2450,35,target_left,2,"[0.019999999552965164, 0.0, 0.0, 0.0]",-0.42505943775177,-1.8854150772094727,0.5990048050880432,-0.14320461452007294,2.028491973876953,0.10369807481765747,12.71868787592268,16.734017682879962
2450,2450,35,target_left,3,"[0.029999999329447746, 0.0, 0.0, 0.0]",-0.43811437487602234,-1.9068280458450317,0.6038466691970825,-0.1243932843208313,2.051351308822632,0.03172154352068901,16.734017682879962,20.848961528092225
2450,2450,35,ramp,0,"[-0.5, -0.4333333373069763, -0.36666667461395264, -0.30000001192092896]",-0.48743176460266113,-1.277931809425354,-0.248470276594162,0.3270780146121979,1.4280816316604614,0.0,0.0,9.408460929781532
2450,2450,35,ramp,1,"[-0.47999998927116394, -0.41333332657814026, -0.3466666638851166, -0.2800000011920929]",-0.6937562823295593,-0.9167444109916687,-0.2476191520690918,0.32155072689056396,1.2191916704177856,0.41600170731544495,9.408460929781532,13.517869684672757
2450,2450,35,ramp,2,"[-0.46000000834465027, -0.3933333456516266, -0.3266666829586029, -0.2600000202655792]",-0.7161761522293091,-1.3276292085647583,-0.1813284158706665,0.23070530593395233,1.5367538928985596,0.4265868365764618,13.517869684672757,17.8160648215185
2450,2450,35,ramp,3,"[-0.4399999976158142, -0.3733333349227905, -0.30666667222976685, -0.24000000953674316]",-0.7866162657737732,-0.9957722425460815,-0.14633959531784058,0.23117728531360626,1.2981470823287964,0.34105026721954346,17.8160648215185,22.413889120311335
2475,2475,35,zero_hold,0,"[0.0, 0.0, 0.0, 0.0]",-0.26583442091941833,-0.46121281385421753,-0.276812881231308,0.7160279750823975,0.9341877102851868,0.0,0.0,5.8102191124187135
2475,2475,35,zero_hold,1,"[0.0, 0.0, 0.0, 0.0]",-0.2769765853881836,-0.27114176750183105,-0.35622403025627136,1.0526701211929321,1.1769638061523438,0.39482301473617554,5.8102191124187135,8.596863552260052
2475,2475,35,zero_hold,2,"[0.0, 0.0, 0.0, 0.0]",0.03258088231086731,-0.5769909024238586,-0.401102215051651,1.1875540018081665,1.3802708387374878,0.4577960669994354,8.596863552260052,10.891179411802423
2475,2475,35,zero_hold,3,"[0.0, 0.0, 0.0, 0.0]",0.00502127967774868,-0.3087247312068939,-0.50227952003479,1.2747113704681396,1.4044607877731323,0.30093109607696533,10.891179411802423,12.99250443351306
2475,2475,35,target_ahead,0,"[0.0, 0.0, 0.0, 0.0]",0.9028866291046143,-0.9451145529747009,-0.5340992212295532,0.2820993959903717,1.4398916959762573,0.0,0.0,8.48545195993646
2475,2475,35,target_ahead,1,"[0.009999999776482582, 0.0, 0.0, 0.0]",1.099678635597229,-1.0204225778579712,-0.6912416219711304,0.458206444978714,1.7141538858413696,0.3163950443267822,8.48545195993646,12.429358360568338
2475,2475,35,target_ahead,2,"[0.019999999552965164, 0.0, 0.0, 0.0]",1.1036803722381592,-1.0358223915100098,-0.7772557735443115,0.4265219271183014,1.7541624307632446,0.09303499758243561,12.429358360568338,16.36410918724863
2475,2475,35,target_ahead,3,"[0.029999999329447746, 0.0, 0.0, 0.0]",1.0829471349716187,-1.0542099475860596,-0.8154314160346985,0.41549888253211975,1.7668336629867554,0.048444364219903946,16.36410918724863,20.439604661663264
2475,2475,35,target_left,0,"[0.0, 0.0, 0.0, 0.0]",-0.25663426518440247,-1.591352105140686,0.5546598434448242,-0.24696099758148193,1.7224692106246948,0.0,0.0,8.61688050336329
2475,2475,35,target_left,1,"[0.009999999776482582, 0.0, 0.0, 0.0]",-0.5032315850257874,-1.8438547849655151,0.5874307751655579,-0.1669764667749405,2.0064890384674072,0.36337214708328247,8.61688050336329,12.676196508320055
2475,2475,35,target_left,2,"[0.019999999552965164, 0.0, 0.0, 0.0]",-0.40704143047332764,-1.8977258205413818,0.5774078965187073,-0.13552139699459076,2.0294857025146484,0.11508481204509735,12.676196508320055,16.686881174092033
2475,2475,35,target_left,3,"[0.029999999329447746, 0.0, 0.0, 0.0]",-0.419935017824173,-1.9195584058761597,0.5875909328460693,-0.11678297072649002,2.0542519092559814,0.03313199803233147,16.686881174092033,20.78895716890569
2475,2475,35,ramp,0,"[-0.5, -0.4333333373069763, -0.36666667461395264, -0.30000001192092896]",-0.48606982827186584,-1.2881444692611694,-0.24574412405490875,0.32393062114715576,1.4355839490890503,0.0,0.0,9.403486137118264
2475,2475,35,ramp,1,"[-0.47999998927116394, -0.41333332657814026, -0.3466666638851166, -0.2800000011920929]",-0.7003717422485352,-0.9014062285423279,-0.26201891899108887,0.3277950584888458,1.2162060737609863,0.442460834980011,9.403486137118264,13.53145338733948
2475,2475,35,ramp,2,"[-0.46000000834465027, -0.3933333456516266, -0.3266666829586029, -0.2600000202655792]",-0.7372033596038818,-1.3360754251480103,-0.20687758922576904,0.22819861769676208,1.5567399263381958,0.4508368968963623,13.53145338733948,17.832182382490835
2475,2475,35,ramp,3,"[-0.4399999976158142, -0.3733333349227905, -0.30666667222976685, -0.24000000953674316]",-0.8144258260726929,-0.989077627658844,-0.17562590539455414,0.23733946681022644,1.3148149251937866,0.3569748103618622,17.832182382490835,22.418657665268196
2500,2500,35,zero_hold,0,"[0.0, 0.0, 0.0, 0.0]",-0.25501176714897156,-0.47949331998825073,-0.2715599238872528,0.719524085521698,0.9414905905723572,0.0,0.0,5.841593534994483
2500,2500,35,zero_hold,1,"[0.0, 0.0, 0.0, 0.0]",-0.2681317925453186,-0.2870746850967407,-0.3672446310520172,1.05652916431427,1.185507893562317,0.39990630745887756,5.841593534994483,8.638399339156464
2500,2500,35,zero_hold,2,"[0.0, 0.0, 0.0, 0.0]",0.05004717782139778,-0.594944179058075,-0.40999895334243774,1.1823440790176392,1.3865424394607544,0.4622540771961212,8.638399339156464,10.934140558904954
2500,2500,35,zero_hold,3,"[0.0, 0.0, 0.0, 0.0]",-0.00045836344361305237,-0.33152443170547485,-0.5039800405502319,1.2608823776245117,1.3977584838867188,0.2948583960533142,10.934140558904954,13.042534323966734
2500,2500,35,target_ahead,0,"[0.0, 0.0, 0.0, 0.0]",0.8862344026565552,-0.945852518081665,-0.5269255638122559,0.31957945227622986,1.4352108240127563,0.0,0.0,8.528096642155052
2500,2500,35,target_ahead,1,"[0.009999999776482582, 0.0, 0.0, 0.0]",1.0503209829330444,-1.031886339187622,-0.6763783097267151,0.49362680315971375,1.6938472986221313,0.29488104581832886,8.528096642155052,12.482610243142823
2500,2500,35,target_ahead,2,"[0.019999999552965164, 0.0, 0.0, 0.0]",1.043060302734375,-1.0447577238082886,-0.7616823315620422,0.4633120596408844,1.7246192693710327,0.09172867983579636,12.482610243142823,16.41507138811893
2500,2500,35,target_ahead,3,"[0.029999999329447746, 0.0, 0.0, 0.0]",1.024869680404663,-1.0604792833328247,-0.8017630577087402,0.4519144594669342,1.7383971214294434,0.04810858517885208,16.41507138811893,20.478866155528827
2500,2500,35,target_left,0,"[0.0, 0.0, 0.0, 0.0]",-0.2531404495239258,-1.585828185081482,0.5526229739189148,-0.22111502289772034,1.712663173675537,0.0,0.0,8.600469101275294
2500,2500,35,target_left,1,"[0.009999999776482582, 0.0, 0.0, 0.0]",-0.5188314914703369,-1.8231112957000732,0.5793025493621826,-0.1497192680835724,1.9876941442489624,0.36428582668304443,8.600469101275294,12.654442453681543
2500,2500,35,target_left,2,"[0.019999999552965164, 0.0, 0.0, 0.0]",-0.41437196731567383,-1.8784270286560059,0.5695503950119019,-0.11735063791275024,2.0095648765563965,0.12294086068868637,12.654442453681543,16.688417916014764
2500,2500,35,target_left,3,"[0.029999999329447746, 0.0, 0.0, 0.0]",-0.4301905632019043,-1.9003267288208008,0.583440899848938,-0.09693625569343567,2.036198854446411,0.036599427461624146,16.688417916014764,20.808643333849712
2500,2500,35,ramp,0,"[-0.5, -0.4333333373069763, -0.36666667461395264, -0.30000001192092896]",-0.4614086151123047,-1.2607706785202026,-0.20380224287509918,0.34545427560806274,1.4011832475662231,0.0,0.0,9.40562658242001
2500,2500,35,ramp,1,"[-0.47999998927116394, -0.41333332657814026, -0.3466666638851166, -0.2800000011920929]",-0.6965307593345642,-0.888618528842926,-0.23464275896549225,0.3456840217113495,1.2038905620574951,0.4412831664085388,9.40562658242001,13.525574303316835
2500,2500,35,ramp,2,"[-0.46000000834465027, -0.3933333456516266, -0.3266666829586029, -0.2600000202655792]",-0.7379369139671326,-1.3041048049926758,-0.16153669357299805,0.2653006315231323,1.5302674770355225,0.431450217962265,13.525574303316835,17.808337525355004
2500,2500,35,ramp,3,"[-0.4399999976158142, -0.3733333349227905, -0.30666667222976685, -0.24000000953674316]",-0.8056048154830933,-0.9554453492164612,-0.13482201099395752,0.2624458968639374,1.2841066122055054,0.35618001222610474,17.808337525355004,22.374503453588257
2525,2525,35,zero_hold,0,"[0.0, 0.0, 0.0, 0.0]",-0.25405949354171753,-0.46066662669181824,-0.2524341642856598,0.719020426273346,0.9259985685348511,0.0,0.0,5.829367414670356
2525,2525,35,zero_hold,1,"[0.0, 0.0, 0.0, 0.0]",-0.2590450942516327,-0.25571489334106445,-0.33771905303001404,1.0390628576278687,1.151607632637024,0.38952627778053284,5.829367414670356,8.62831356797503
2525,2525,35,zero_hold,2,"[0.0, 0.0, 0.0, 0.0]",0.033540040254592896,-0.5635849237442017,-0.38978227972984314,1.1673558950424194,1.354032039642334,0.44672104716300964,8.62831356797503,10.908572905678044
2525,2525,35,zero_hold,3,"[0.0, 0.0, 0.0, 0.0]",0.02564886026084423,-0.3228648602962494,-0.49422720074653625,1.2416337728500366,1.3750689029693604,0.272826611995697,10.908572905678044,13.004777126731023
2525,2525,35,target_ahead,0,"[0.0, 0.0, 0.0, 0.0]",0.9450381994247437,-0.9386128187179565,-0.5119641423225403,0.36120525002479553,1.4719605445861816,0.0,0.0,8.54279096748994
2525,2525,35,target_ahead,1,"[0.009999999776482582, 0.0, 0.0, 0.0]",1.0933669805526733,-1.0320996046066284,-0.6668473482131958,0.5033093094825745,1.7200833559036255,0.27372172474861145,8.54279096748994,12.463443446883389
2525,2525,35,target_ahead,2,"[0.019999999552965164, 0.0, 0.0, 0.0]",1.075727105140686,-1.044502854347229,-0.7476680874824524,0.4702669680118561,1.740210771560669,0.089937724173069,12.463443446883389,16.341172333040234
2525,2525,35,target_ahead,3,"[0.029999999329447746, 0.0, 0.0, 0.0]",1.0567013025283813,-1.0601458549499512,-0.786467432975769,0.4583958685398102,1.7519088983535767,0.047465745359659195,16.341172333040234,20.36299213785918
2525,2525,35,target_left,0,"[0.0, 0.0, 0.0, 0.0]",-0.2212224304676056,-1.5814549922943115,0.5609970092773438,-0.2451336681842804,1.7101893424987793,0.0,0.0,8.607578439609632
2525,2525,35,target_left,1,"[0.009999999776482582, 0.0, 0.0, 0.0]",-0.49416062235832214,-1.8235008716583252,0.5976274013519287,-0.18433286249637604,1.9900972843170166,0.3716449737548828,8.607578439609632,12.672229220114192
2525,2525,35,target_left,2,"[0.019999999552965164, 0.0, 0.0, 0.0]",-0.3975321054458618,-1.880262851715088,0.5866761207580566,-0.14673739671707153,2.014730930328369,0.11871117353439331,12.672229220114192,16.718542777632337
2525,2525,35,target_left,3,"[0.029999999329447746, 0.0, 0.0, 0.0]",-0.4169464707374573,-1.9012470245361328,0.6044149398803711,-0.12431958317756653,2.041900396347046,0.04042866826057434,16.718542777632337,20.853668345254928
2525,2525,35,ramp,0,"[-0.5, -0.4333333373069763, -0.36666667461395264, -0.30000001192092896]",-0.4202493727207184,-1.2338299751281738,-0.2158554047346115,0.3611886203289032,1.3696702718734741,0.0,0.0,9.37609479210081
2525,2525,35,ramp,1,"[-0.47999998927116394, -0.41333332657814026, -0.3466666638851166, -0.2800000011920929]",-0.6497364640235901,-0.8715965747833252,-0.24383483827114105,0.3490463197231293,1.1675301790237427,0.4298925995826721,9.37609479210081,13.51266522164442
2525,2525,35,ramp,2,"[-0.46000000834465027, -0.3933333456516266, -0.3266666829586029, -0.2600000202655792]",-0.681007444858551,-1.2728725671768188,-0.17124564945697784,0.2739291787147522,1.479303240776062,0.4158269762992859,13.51266522164442,17.82188712818667
2525,2525,35,ramp,3,"[-0.4399999976158142, -0.3733333349227905, -0.30666667222976685, -0.24000000953674316]",-0.7485842704772949,-0.9363141059875488,-0.14157409965991974,0.262145072221756,1.2352432012557983,0.3447571396827698,17.82188712818667,22.37178567118463
2550,2550,35,zero_hold,0,"[0.0, 0.0, 0.0, 0.0]",-0.25737088918685913,-0.4453277587890625,-0.24790839850902557,0.7467161417007446,0.9400001168251038,0.0,0.0,5.820054286535967
2550,2550,35,zero_hold,1,"[0.0, 0.0, 0.0, 0.0]",-0.2860766351222992,-0.25273168087005615,-0.3322203755378723,1.0782240629196167,1.1910711526870728,0.3936029374599457,5.820054286535967,8.594140205472222
2550,2550,35,zero_hold,2,"[0.0, 0.0, 0.0, 0.0]",0.019928786903619766,-0.5628909468650818,-0.37866830825805664,1.2025338411331177,1.380840539932251,0.45546504855155945,8.594140205472222,10.85467977329503
2550,2550,35,zero_hold,3,"[0.0, 0.0, 0.0, 0.0]",-0.0004933327436447144,-0.30408239364624023,-0.48501646518707275,1.2718480825424194,1.3947418928146362,0.2889867126941681,10.85467977329503,12.93878892446888
2550,2550,35,target_ahead,0,"[0.0, 0.0, 0.0, 0.0]",0.9380640983581543,-0.9651151299476624,-0.5431254506111145,0.36628973484039307,1.4968516826629639,0.0,0.0,8.591714555907462
2550,2550,35,target_ahead,1,"[0.009999999776482582, 0.0, 0.0, 0.0]",1.0944753885269165,-1.0634957551956177,-0.6803176999092102,0.54377681016922,1.7571070194244385,0.29063141345977783,8.591714555907462,12.524930086526464
2550,2550,35,target_ahead,2,"[0.019999999552965164, 0.0, 0.0, 0.0]",1.0762861967086792,-1.0782874822616577,-0.7525940537452698,0.5214387774467468,1.7774678468704224,0.07919912040233612,12.524930086526464,16.42521348774912
2550,2550,35,target_ahead,3,"[0.029999999329447746, 0.0, 0.0, 0.0]",1.0556191205978394,-1.0957094430923462,-0.7860939502716064,0.5136852860450745,1.787939429283142,0.043737996369600296,16.42521348774912,20.4563221511439
2550,2550,35,target_left,0,"[0.0, 0.0, 0.0, 0.0]",-0.24819627404212952,-1.562276840209961,0.593897819519043,-0.26068049669265747,1.709672212600708,0.0,0.0,8.601141626921336
2550,2550,35,target_left,1,"[0.009999999776482582, 0.0, 0.0, 0.0]",-0.5174124240875244,-1.8174034357070923,0.6220308542251587,-0.19015321135520935,1.9984371662139893,0.37859275937080383,8.601141626921336,12.671352558557945
2550,2550,35,target_left,2,"[0.019999999552965164, 0.0, 0.0, 0.0]",-0.4146445691585541,-1.8678920269012451,0.6032905578613281,-0.14700539410114288,2.011596441268921,0.12378716468811035,12.671352558557945,16.706657400754118
2550,2550,35,target_left,3,"[0.029999999329447746, 0.0, 0.0, 0.0]",-0.43723148107528687,-1.889134168624878,0.6151454448699951,-0.12138450890779495,2.0379247665405273,0.04193286597728729,16.706657400754118,20.8337874914807
2550,2550,35,ramp,0,"[-0.5, -0.4333333373069763, -0.36666667461395264, -0.30000001192092896]",-0.4187643826007843,-1.2795077562332153,-0.21496732532978058,0.3427921533584595,1.4057813882827759,0.0,0.0,9.430645758400287
2550,2550,35,ramp,1,"[-0.47999998927116394, -0.41333332657814026, -0.3466666638851166, -0.2800000011920929]",-0.655526876449585,-0.9151833057403564,-0.25976741313934326,0.3403066098690033,1.2043935060501099,0.43680888414382935,9.430645758400287,13.573584431644479
2550,2550,35,ramp,2,"[-0.46000000834465027, -0.3933333456516266, -0.3266666829586029, -0.2600000202655792]",-0.682217538356781,-1.340738296508789,-0.19534137845039368,0.2636919319629669,1.5397050380706787,0.43798398971557617,13.573584431644479,17.86091491850671
2550,2550,35,ramp,3,"[-0.4399999976158142, -0.3733333349227905, -0.30666667222976685, -0.24000000953674316]",-0.7543233036994934,-0.980318546295166,-0.15780268609523773,0.25852787494659424,1.2734858989715576,0.3695097267627716,17.86091491850671,22.38064077276888
2575,2575,35,zero_hold,0,"[0.0, 0.0, 0.0, 0.0]",-0.25148528814315796,-0.46578851342201233,-0.24216455221176147,0.7512803673744202,0.9504050016403198,0.0,0.0,5.859010737505483
2575,2575,35,zero_hold,1,"[0.0, 0.0, 0.0, 0.0]",-0.29230955243110657,-0.2756088972091675,-0.3122369050979614,1.0744765996932983,1.188863754272461,0.38366764783859253,5.859010737505483,8.643922261380013
2575,2575,35,zero_hold,2,"[0.0, 0.0, 0.0, 0.0]",0.02027885429561138,-0.5952849984169006,-0.357983261346817,1.2038809061050415,1.3900563716888428,0.46769917011260986,8.643922261380013,10.942456489544734
2575,2575,35,zero_hold,3,"[0.0, 0.0, 0.0, 0.0]",-0.0051584746688604355,-0.3291451334953308,-0.45951181650161743,1.2740141153335571,1.393781304359436,0.29445576667785645,10.942456489544734,13.06724567867385
2575,2575,35,target_ahead,0,"[0.0, 0.0, 0.0, 0.0]",0.983742892742157,-0.9744912981987,-0.503545343875885,0.41091999411582947,1.5296393632888794,0.0,0.0,8.631268337532067
2575,2575,35,target_ahead,1,"[0.009999999776482582, 0.0, 0.0, 0.0]",1.1581337451934814,-1.0727355480194092,-0.6294888257980347,0.5873945951461792,1.7981445789337158,0.29507482051849365,8.631268337532067,12.569680696306984
2575,2575,35,target_ahead,2,"[0.019999999552965164, 0.0, 0.0, 0.0]",1.1313225030899048,-1.090810775756836,-0.6868153810501099,0.5732287168502808,1.8083322048187256,0.06732431054115295,12.569680696306984,16.509656851462875
2575,2575,35,target_ahead,3,"[0.029999999329447746, 0.0, 0.0, 0.0]",1.1004180908203125,-1.1075658798217773,-0.7086402773857117,0.5706475973129272,1.8070505857467651,0.04145846515893936,16.509656851462875,20.586013007047878
2575,2575,35,target_left,0,"[0.0, 0.0, 0.0, 0.0]",-0.24533185362815857,-1.5852093696594238,0.5664975643157959,-0.24376121163368225,1.7185503244400024,0.0,0.0,8.579310174115285
2575,2575,35,target_left,1,"[0.009999999776482582, 0.0, 0.0, 0.0]",-0.5543636679649353,-1.8151524066925049,0.5964694619178772,-0.1575222909450531,1.9956669807434082,0.3958660364151001,8.579310174115285,12.639633593460651
2575,2575,35,target_left,2,"[0.019999999552965164, 0.0, 0.0, 0.0]",-0.43114081025123596,-1.8671510219573975,0.5765760540962219,-0.12446071207523346,2.0050101280212402,0.1391996592283249,12.639633593460651,16.694547254951235
2575,2575,35,target_left,3,"[0.029999999329447746, 0.0, 0.0, 0.0]",-0.45353156328201294,-1.8855860233306885,0.5895196795463562,-0.10077504813671112,2.0294861793518066,0.03961998596787453,16.694547254951235,20.819344895844242
2575,2575,35,ramp,0,"[-0.5, -0.4333333373069763, -0.36666667461395264, -0.30000001192092896]",-0.4264560639858246,-1.299461007118225,-0.23635844886302948,0.3636207580566406,1.4347643852233887,0.0,0.0,9.428131387071396
2575,2575,35,ramp,1,"[-0.47999998927116394, -0.41333332657814026, -0.3466666638851166, -0.2800000011920929]",-0.655160665512085,-0.9203737378120422,-0.2877550721168518,0.34798315167427063,1.2166422605514526,0.44598105549812317,9.428131387071396,13.532437012367497
2575,2575,35,ramp,2,"[-0.46000000834465027, -0.3933333456516266, -0.3266666829586029, -0.2600000202655792]",-0.6667630076408386,-1.3556275367736816,-0.23348867893218994,0.27908948063850403,1.5539326667785645,0.44415274262428284,13.532437012367497,17.81831587470264
2575,2575,35,ramp,3,"[-0.4399999976158142, -0.3733333349227905, -0.30666667222976685, -0.24000000953674316]",-0.7457229495048523,-0.985751211643219,-0.2023915797472,0.2611318528652191,1.2794374227523804,0.3799113929271698,17.81831587470264,22.329231360528286
2600,2600,35,zero_hold,0,"[0.0, 0.0, 0.0, 0.0]",-0.24495136737823486,-0.4673748016357422,-0.2507195770740509,0.7390983700752258,0.9421077370643616,0.0,0.0,5.859883194605583
2600,2600,35,zero_hold,1,"[0.0, 0.0, 0.0, 0.0]",-0.2748764753341675,-0.2794906795024872,-0.31909966468811035,1.0615053176879883,1.1757084131240845,0.3805496394634247,5.859883194605583,8.664757384849992
2600,2600,35,zero_hold,2,"[0.0, 0.0, 0.0, 0.0]",0.04845841974020004,-0.5863298177719116,-0.3786214292049408,1.1886987686157227,1.379307746887207,0.4673507511615753,8.664757384849992,10.983235185428425
2600,2600,35,zero_hold,3,"[0.0, 0.0, 0.0, 0.0]",0.023238012567162514,-0.3384249210357666,-0.490427702665329,1.2566559314727783,1.3909618854522705,0.28144577145576477,10.983235185428425,13.109532348092733
2600,2600,35,target_ahead,0,"[0.0, 0.0, 0.0, 0.0]",1.0099092721939087,-0.9638222455978394,-0.51545250415802,0.41469767689704895,1.5448416471481323,0.0,0.0,8.642389253422323
2600,2600,35,target_ahead,1,"[0.009999999776482582, 0.0, 0.0, 0.0]",1.194544792175293,-1.0592780113220215,-0.638454794883728,0.6092572808265686,1.824233055114746,0.31013718247413635,8.642389253422323,12.562129151385259
2600,2600,35,target_ahead,2,"[0.019999999552965164, 0.0, 0.0, 0.0]",1.1671838760375977,-1.0772688388824463,-0.6976404190063477,0.5892094373703003,1.832128882408142,0.070548877120018,12.562129151385259,16.493602261795697
2600,2600,35,target_ahead,3,"[0.029999999329447746, 0.0, 0.0, 0.0]",1.1355743408203125,-1.0941681861877441,-0.7214264273643494,0.5831820964813232,1.8295601606369019,0.04343792796134949,16.493602261795697,20.564889623236404
2600,2600,35,target_left,0,"[0.0, 0.0, 0.0, 0.0]",-0.25662603974342346,-1.6074206829071045,0.5587132573127747,-0.24892134964466095,1.7389020919799805,0.0,0.0,8.576722575029006
2600,2600,35,target_left,1,"[0.009999999776482582, 0.0, 0.0, 0.0]",-0.5592228770256042,-1.8201755285263062,0.5866168737411499,-0.16391855478286743,1.9991893768310547,0.38057005405426025,8.576722575029006,12.669483973553412
2600,2600,35,target_left,2,"[0.019999999552965164, 0.0, 0.0, 0.0]",-0.42297250032424927,-1.8681652545928955,0.5706059336662292,-0.13592255115509033,2.0032505989074707,0.14801116287708282,12.669483973553412,16.75995604664567
2600,2600,35,target_left,3,"[0.029999999329447746, 0.0, 0.0, 0.0]",-0.4466974139213562,-1.8850988149642944,0.5882160067558289,-0.11297895759344101,2.0277817249298096,0.04106263816356659,16.75995604664567,20.908495554653822
2600,2600,35,ramp,0,"[-0.5, -0.4333333373069763, -0.36666667461395264, -0.30000001192092896]",-0.4328771233558655,-1.2753305435180664,-0.23942987620830536,0.35016342997550964,1.4120168685913086,0.0,0.0,9.449232117580184
2600,2600,35,ramp,1,"[-0.47999998927116394, -0.41333332657814026, -0.3466666638851166, -0.2800000011920929]",-0.6675251722335815,-0.9167029857635498,-0.2958667576313019,0.33331021666526794,1.218428134918213,0.4325997829437256,9.449232117580184,13.564384529749795
2600,2600,35,ramp,2,"[-0.46000000834465027, -0.3933333456516266, -0.3266666829586029, -0.2600000202655792]",-0.6898762583732605,-1.3286828994750977,-0.23468263447284698,0.2768091559410095,1.5404632091522217,0.42090722918510437,13.564384529749795,17.8612452990608
2600,2600,35,ramp,3,"[-0.4399999976158142, -0.3733333349227905, -0.30666667222976685, -0.24000000953674316]",-0.761981725692749,-0.9863479137420654,-0.19882060587406158,0.2691132426261902,1.2905231714248657,0.3517637848854065,17.8612452990608,22.39060374825612
2625,2625,35,zero_hold,0,"[0.0, 0.0, 0.0, 0.0]",-0.2576373219490051,-0.4451029300689697,-0.25013792514801025,0.7320660948753357,0.9289689660072327,0.0,0.0,5.7912586801933434
2625,2625,35,zero_hold,1,"[0.0, 0.0, 0.0, 0.0]",-0.2697979509830475,-0.2677573263645172,-0.29850563406944275,1.0508172512054443,1.1566362380981445,0.36815905570983887,5.7912586801933434,8.564345598993357
2625,2625,35,zero_hold,2,"[0.0, 0.0, 0.0, 0.0]",0.0798250138759613,-0.5803879499435425,-0.3630916476249695,1.19053053855896,1.37565279006958,0.49362462759017944,8.564345598993357,10.87111757008645
2625,2625,35,zero_hold,3,"[0.0, 0.0, 0.0, 0.0]",0.04199586808681488,-0.31952008605003357,-0.4851822853088379,1.2589079141616821,1.3871220350265503,0.29843705892562866,10.87111757008645,12.975759522171291
2625,2625,35,target_ahead,0,"[0.0, 0.0, 0.0, 0.0]",1.021100401878357,-0.945503830909729,-0.4892011284828186,0.40482422709465027,1.5296483039855957,0.0,0.0,8.633954214135096
2625,2625,35,target_ahead,1,"[0.009999999776482582, 0.0, 0.0, 0.0]",1.190893530845642,-1.027826189994812,-0.6239237785339355,0.5850701332092285,1.7905982732772827,0.2936757504940033,8.633954214135096,12.574461399275572
2625,2625,35,target_ahead,2,"[0.019999999552965164, 0.0, 0.0, 0.0]",1.1648283004760742,-1.0409808158874512,-0.6911423802375793,0.5583336353302002,1.7971867322921753,0.07801039516925812,12.574461399275572,16.506121177052158
2625,2625,35,target_ahead,3,"[0.029999999329447746, 0.0, 0.0, 0.0]",1.1365607976913452,-1.0567741394042969,-0.7169832587242126,0.5523665547370911,1.7965844869613647,0.04185496270656586,16.506121177052158,20.569587010858253
2625,2625,35,target_left,0,"[0.0, 0.0, 0.0, 0.0]",-0.241003155708313,-1.5792700052261353,0.5386836528778076,-0.2413012534379959,1.703109622001648,0.0,0.0,8.582466616103222
2625,2625,35,target_left,1,"[0.009999999776482582, 0.0, 0.0, 0.0]",-0.5541560649871826,-1.7853419780731201,0.5602403879165649,-0.14431728422641754,1.9568421840667725,0.3878156542778015,8.582466616103222,12.655630974212547
2625,2625,35,target_left,2,"[0.019999999552965164, 0.0, 0.0, 0.0]",-0.4123123288154602,-1.836479663848877,0.5381994247436523,-0.11468540132045746,1.9609870910644531,0.1552371084690094,12.655630974212547,16.716222915476955
2625,2625,35,target_left,3,"[0.029999999329447746, 0.0, 0.0, 0.0]",-0.4376409649848938,-1.854487657546997,0.5509790182113647,-0.09275206923484802,1.9856573343276978,0.040127504616975784,16.716222915476955,20.829149833522948
2625,2625,35,ramp,0,"[-0.5, -0.4333333373069763, -0.36666667461395264, -0.30000001192092896]",-0.4380283057689667,-1.303438663482666,-0.2819831967353821,0.3281737267971039,1.441538691520691,0.0,0.0,9.435167389901785
2625,2625,35,ramp,1,"[-0.47999998927116394, -0.41333332657814026, -0.3466666638851166, -0.2800000011920929]",-0.6532121300697327,-0.9674679040908813,-0.3227798342704773,0.34454917907714844,1.2591986656188965,0.4013887643814087,9.435167389901785,13.483460264032765
2625,2625,35,ramp,2,"[-0.46000000834465027, -0.3933333456516266, -0.3266666829586029, -0.2600000202655792]",-0.6754530668258667,-1.334742784500122,-0.27576306462287903,0.2863166034221649,1.547836422920227,0.3754824995994568,13.483460264032765,17.78856594161521
2625,2625,35,ramp,3,"[-0.4399999976158142, -0.3733333349227905, -0.30666667222976685, -0.24000000953674316]",-0.7471243739128113,-1.0801092386245728,-0.2514781355857849,0.27220645546913147,1.3646129369735718,0.26601481437683105,17.78856594161521,22.276130934607032
2650,2650,35,zero_hold,0,"[0.0, 0.0, 0.0, 0.0]",-0.2706218361854553,-0.4578646421432495,-0.24129728972911835,0.7229381203651428,0.9293761849403381,0.0,0.0,5.785532505697764
2650,2650,35,zero_hold,1,"[0.0, 0.0, 0.0, 0.0]",-0.28190770745277405,-0.2830262780189514,-0.2747730612754822,1.0350092649459839,1.1429436206817627,0.3594507575035095,5.785532505697764,8.569365530698649
2650,2650,35,zero_hold,2,"[0.0, 0.0, 0.0, 0.0]",0.06773154437541962,-0.589881420135498,-0.333405077457428,1.176609754562378,1.3594547510147095,0.4897918701171875,8.569365530698649,10.870835060176748
2650,2650,35,zero_hold,3,"[0.0, 0.0, 0.0, 0.0]",0.04265313223004341,-0.3501201272010803,-0.45138663053512573,1.2545859813690186,1.379180669784546,0.2794894278049469,10.870835060176748,12.97119588031196
2650,2650,35,target_ahead,0,"[0.0, 0.0, 0.0, 0.0]",1.0151057243347168,-0.9812688827514648,-0.5120293498039246,0.4079251289367676,1.5562472343444824,0.0,0.0,8.713638844157751
2650,2650,35,target_ahead,1,"[0.009999999776482582, 0.0, 0.0, 0.0]",1.2074095010757446,-1.0678493976593018,-0.6579218506813049,0.614671528339386,1.846299648284912,0.3294019103050232,8.713638844157751,12.665131895761082
2650,2650,35,target_ahead,2,"[0.019999999552965164, 0.0, 0.0, 0.0]",1.1818896532058716,-1.0864882469177246,-0.7312229871749878,0.5834552645683289,1.858070731163025,0.08570986986160278,12.665131895761082,16.619813227007587
2650,2650,35,target_ahead,3,"[0.029999999329447746, 0.0, 0.0, 0.0]",1.1520864963531494,-1.1005589962005615,-0.7570972442626953,0.5755559206008911,1.8555307388305664,0.042639076709747314,16.619813227007587,20.700545600230974
2650,2650,35,target_left,0,"[0.0, 0.0, 0.0, 0.0]",-0.2548656761646271,-1.585899829864502,0.5345777869224548,-0.2855364680290222,1.7167816162109375,0.0,0.0,8.603427587033584
2650,2650,35,target_left,1,"[0.009999999776482582, 0.0, 0.0, 0.0]",-0.561799168586731,-1.8024417161941528,0.558539092540741,-0.20385392010211945,1.9793778657913208,0.38515546917915344,8.603427587033584,12.669663725468617
2650,2650,35,target_left,2,"[0.019999999552965164, 0.0, 0.0, 0.0]",-0.43589404225349426,-1.8589353561401367,0.5414936542510986,-0.1765224039554596,1.9924907684326172,0.1417081207036972,12.669663725468617,16.719754571265813
2650,2650,35,target_left,3,"[0.029999999329447746, 0.0, 0.0, 0.0]",-0.4554418623447418,-1.8783433437347412,0.5572402477264404,-0.15876153111457825,2.017751932144165,0.0363619439303875,16.719754571265813,20.842699231402268
2650,2650,35,ramp,0,"[-0.5, -0.4333333373069763, -0.36666667461395264, -0.30000001192092896]",-0.4452655017375946,-1.3041045665740967,-0.26559996604919434,0.25687962770462036,1.426702618598938,0.0,0.0,9.42060536202833
2650,2650,35,ramp,1,"[-0.47999998927116394, -0.41333332657814026, -0.3466666638851166, -0.2800000011920929]",-0.6971931457519531,-1.0340709686279297,-0.2840883135795593,0.28235286474227905,1.3098894357681274,0.3706432282924652,9.42060536202833,13.477167290822644
2650,2650,35,ramp,2,"[-0.46000000834465027, -0.3933333456516266, -0.3266666829586029, -0.2600000202655792]",-0.7286555171012878,-1.3295413255691528,-0.2463538646697998,0.22238267958164215,1.5520191192626953,0.30547162890434265,13.477167290822644,17.81653084653206
2650,2650,35,ramp,3,"[-0.4399999976158142, -0.3733333349227905, -0.30666667222976685, -0.24000000953674316]",-0.7973964810371399,-1.1451609134674072,-0.21452338993549347,0.2039194107055664,1.4264774322509766,0.20018872618675232,17.81653084653206,22.360389861975687
2675,2675,35,zero_hold,0,"[0.0, 0.0, 0.0, 0.0]",-0.26721787452697754,-0.46115803718566895,-0.22915217280387878,0.7099466323852539,0.9168462753295898,0.0,0.0,5.804589672771378
2675,2675,35,zero_hold,1,"[0.0, 0.0, 0.0, 0.0]",-0.294627845287323,-0.28453385829925537,-0.2640879154205322,1.016768217086792,1.127530574798584,0.3568016290664673,5.804589672771378,8.568595042294762
2675,2675,35,zero_hold,2,"[0.0, 0.0, 0.0, 0.0]",0.06549888849258423,-0.5700215697288513,-0.3256838619709015,1.1632939577102661,1.3373621702194214,0.48626983165740967,8.568595042294762,10.871002440586652
2675,2675,35,zero_hold,3,"[0.0, 0.0, 0.0, 0.0]",0.028202306479215622,-0.3532975912094116,-0.44735482335090637,1.245512843132019,1.3700522184371948,0.2644316256046295,10.871002440586652,12.969963569130531
2675,2675,35,target_ahead,0,"[0.0, 0.0, 0.0, 0.0]",0.9599307775497437,-0.9962164759635925,-0.4890223741531372,0.3839242160320282,1.5167250633239746,0.0,0.0,8.712470213364979
2675,2675,35,target_ahead,1,"[0.009999999776482582, 0.0, 0.0, 0.0]",1.1406272649765015,-1.088171124458313,-0.6051854491233826,0.5918461084365845,1.789323329925537,0.3127814829349518,8.712470213364979,12.646277528787456
2675,2675,35,target_ahead,2,"[0.019999999552965164, 0.0, 0.0, 0.0]",1.1135755777359009,-1.104288935661316,-0.663402795791626,0.5740768313407898,1.7969896793365479,0.06853163242340088,12.646277528787456,16.630174861213312
2675,2675,35,target_ahead,3,"[0.029999999329447746, 0.0, 0.0, 0.0]",1.088253378868103,-1.1189284324645996,-0.6889891028404236,0.567179262638092,1.7979695796966553,0.039468519389629364,16.630174861213312,20.749952249765197
2675,2675,35,target_left,0,"[0.0, 0.0, 0.0, 0.0]",-0.2440526932477951,-1.5868408679962158,0.5599210858345032,-0.2397470772266388,1.7171534299850464,0.0,0.0,8.609892226086377
2675,2675,35,target_left,1,"[0.009999999776482582, 0.0, 0.0, 0.0]",-0.5998726487159729,-1.7859749794006348,0.6053407788276672,-0.15627050399780273,1.9850469827651978,0.41868069767951965,8.609892226086377,12.65708277520349
2675,2675,35,target_left,2,"[0.019999999552965164, 0.0, 0.0, 0.0]",-0.4620653986930847,-1.8485031127929688,0.5875276327133179,-0.12794283032417297,1.9980056285858154,0.15498507022857666,12.65708277520349,16.712024850373734
2675,2675,35,target_left,3,"[0.029999999329447746, 0.0, 0.0, 0.0]",-0.4983331561088562,-1.8643615245819092,0.6018528938293457,-0.10086121410131454,2.024000883102417,0.050054632127285004,16.712024850373734,20.839963627972306
2675,2675,35,ramp,0,"[-0.5, -0.4333333373069763, -0.36666667461395264, -0.30000001192092896]",-0.4234313368797302,-1.2770076990127563,-0.20490461587905884,0.3111625611782074,1.3960124254226685,0.0,0.0,9.407557063124385
2675,2675,35,ramp,1,"[-0.47999998927116394, -0.41333332657814026, -0.3466666638851166, -0.2800000011920929]",-0.6865682601928711,-0.9249458312988281,-0.2531459331512451,0.30789828300476074,1.2189278602600098,0.4421837627887726,9.407557063124385,13.43831464370215
2675,2675,35,ramp,2,"[-0.46000000834465027, -0.3933333456516266, -0.3266666829586029, -0.2600000202655792]",-0.7080000638961792,-1.295170783996582,-0.2094598114490509,0.2558148205280304,1.5126289129257202,0.3770238757133484,13.43831464370215,17.754667471902
2675,2675,35,ramp,3,"[-0.4399999976158142, -0.3733333349227905, -0.30666667222976685, -0.24000000953674316]",-0.7721951007843018,-1.0382933616638184,-0.19242367148399353,0.22096586227416992,1.3267220258712769,0.2676036059856415,17.754667471902,22.274151152062853
2700,2700,35,zero_hold,0,"[0.0, 0.0, 0.0, 0.0]",-0.2879139482975006,-0.479622483253479,-0.22859600186347961,0.728955090045929,0.9468705654144287,0.0,0.0,5.799408365208351
2700,2700,35,zero_hold,1,"[0.0, 0.0, 0.0, 0.0]",-0.31828007102012634,-0.28900349140167236,-0.25727036595344543,1.0412365198135376,1.1555027961730957,0.36823853850364685,5.799408365208351,8.562482472124907
2700,2700,35,zero_hold,2,"[0.0, 0.0, 0.0, 0.0]",0.05230797827243805,-0.5696655511856079,-0.31930476427078247,1.1961666345596313,1.3638273477554321,0.4939213693141937,8.562482472124907,10.863345910961801
2700,2700,35,zero_hold,3,"[0.0, 0.0, 0.0, 0.0]",-0.0018113497644662857,-0.35193079710006714,-0.44513651728630066,1.2790613174438477,1.3992866277694702,0.2702637314796448,10.863345910961801,12.96075369515142
2700,2700,35,target_ahead,0,"[0.0, 0.0, 0.0, 0.0]",0.9277605414390564,-1.0334011316299438,-0.5229923725128174,0.3764987885951996,1.5309898853302002,0.0,0.0,8.73279236616677
2700,2700,35,target_ahead,1,"[0.009999999776482582, 0.0, 0.0, 0.0]",1.1073346138000488,-1.124751329421997,-0.6311114430427551,0.5857083797454834,1.7979464530944824,0.30991947650909424,8.73279236616677,12.653877500894835
2700,2700,35,target_ahead,2,"[0.019999999552965164, 0.0, 0.0, 0.0]",1.0842474699020386,-1.145376443862915,-0.6839613318443298,0.5712857246398926,1.8115324974060059,0.0629248395562172,12.653877500894835,16.641064489424124
2700,2700,35,target_ahead,3,"[0.029999999329447746, 0.0, 0.0, 0.0]",1.0608898401260376,-1.1604843139648438,-0.7085122466087341,0.5636805891990662,1.8143694400787354,0.037873633205890656,16.641064489424124,20.760824868230692
2700,2700,35,target_left,0,"[0.0, 0.0, 0.0, 0.0]",-0.25206634402275085,-1.590299129486084,0.5596521496772766,-0.2306814193725586,1.720178246498108,0.0,0.0,8.595558271085869
2700,2700,35,target_left,1,"[0.009999999776482582, 0.0, 0.0, 0.0]",-0.6483390927314758,-1.7865079641342163,0.6052340865135193,-0.13907308876514435,1.9994009733200073,0.4538719952106476,8.595558271085869,12.650340670072026
2700,2700,35,target_left,2,"[0.019999999552965164, 0.0, 0.0, 0.0]",-0.5114980340003967,-1.8553895950317383,0.5829505920410156,-0.10650118440389633,2.0137712955474854,0.15820126235485077,12.650340670072026,16.704927989648407
2700,2700,35,target_left,3,"[0.029999999329447746, 0.0, 0.0, 0.0]",-0.5489205718040466,-1.8684427738189697,0.5956526398658752,-0.07866200059652328,2.037984848022461,0.05007188767194748,16.704927989648407,20.835759341860896
2700,2700,35,ramp,0,"[-0.5, -0.4333333373069763, -0.36666667461395264, -0.30000001192092896]",-0.4271194040775299,-1.2518572807312012,-0.15331096947193146,0.3723960518836975,1.3826643228530884,0.0,0.0,9.37999824678757
2700,2700,35,ramp,1,"[-0.47999998927116394, -0.41333332657814026, -0.3466666638851166, -0.2800000011920929]",-0.6482328772544861,-0.8609538078308105,-0.17936716973781586,0.3886944651603699,1.1596134901046753,0.45015692710876465,9.37999824678757,13.398621131265992
2700,2700,35,ramp,2,"[-0.46000000834465027, -0.3933333456516266, -0.3266666829586029, -0.2600000202655792]",-0.6576274037361145,-1.2197234630584717,-0.12445708364248276,0.34245771169662476,1.4328175783157349,0.3660011887550354,13.398621131265992,17.698185785380403
2700,2700,35,ramp,3,"[-0.4399999976158142, -0.3733333349227905, -0.30666667222976685, -0.24000000953674316]",-0.7239324450492859,-0.97693932056427,-0.11171593517065048,0.3049570322036743,1.258557915687561,0.25477272272109985,17.698185785380403,22.206940902515232
2725,2725,35,zero_hold,0,"[0.0, 0.0, 0.0, 0.0]",-0.3018083870410919,-0.4769614636898041,-0.22673974931240082,0.7272495627403259,0.9480946063995361,0.0,0.0,5.804774676699497
2725,2725,35,zero_hold,1,"[0.0, 0.0, 0.0, 0.0]",-0.31990283727645874,-0.3030868470668793,-0.26642489433288574,1.0393669605255127,1.1599419116973877,0.3599332869052887,5.804774676699497,8.5460636704505
2725,2725,35,zero_hold,2,"[0.0, 0.0, 0.0, 0.0]",0.04231298714876175,-0.5769696831703186,-0.3329775929450989,1.2004958391189575,1.3735897541046143,0.4864194691181183,8.5460636704505,10.848614607272294
2725,2725,35,zero_hold,3,"[0.0, 0.0, 0.0, 0.0]",-0.006864948198199272,-0.3672918379306793,-0.4574686288833618,1.29549241065979,1.4221563339233398,0.2662811279296875,10.848614607272294,12.97028568619401
2725,2725,35,target_ahead,0,"[0.0, 0.0, 0.0, 0.0]",0.8855488896369934,-1.021072506904602,-0.5274752378463745,0.36970630288124084,1.4972304105758667,0.0,0.0,8.739532334737733
2725,2725,35,target_ahead,1,"[0.009999999776482582, 0.0, 0.0, 0.0]",1.0693621635437012,-1.0982028245925903,-0.6427069306373596,0.5740407109260559,1.758459448814392,0.3078429698944092,8.739532334737733,12.656531927398841
2725,2725,35,target_ahead,2,"[0.019999999552965164, 0.0, 0.0, 0.0]",1.047416090965271,-1.1157829761505127,-0.6996527314186096,0.5582157969474792,1.7728990316390991,0.06545184552669525,12.656531927398841,16.617604822430202
2725,2725,35,target_ahead,3,"[0.029999999329447746, 0.0, 0.0, 0.0]",1.0235183238983154,-1.129171371459961,-0.7226681709289551,0.5501854419708252,1.7741395235061646,0.036668095737695694,16.617604822430202,20.71837357776932
2725,2725,35,target_left,0,"[0.0, 0.0, 0.0, 0.0]",-0.2507672905921936,-1.6059434413909912,0.5402581691741943,-0.22806589305400848,1.7279558181762695,0.0,0.0,8.592575160337542
2725,2725,35,target_left,1,"[0.009999999776482582, 0.0, 0.0, 0.0]",-0.5694708824157715,-1.805121898651123,0.5819112062454224,-0.17246469855308533,1.9877440929412842,0.3821917176246643,8.592575160337542,12.645866830896923
2725,2725,35,target_left,2,"[0.019999999552965164, 0.0, 0.0, 0.0]",-0.4440222382545471,-1.8629871606826782,0.5502721667289734,-0.13390593230724335,1.9971497058868408,0.1468794047832489,12.645866830896923,16.691764908912074
2725,2725,35,target_left,3,"[0.029999999329447746, 0.0, 0.0, 0.0]",-0.46721869707107544,-1.875542402267456,0.5550130605697632,-0.10910594463348389,2.013925552368164,0.03651335835456848,16.691764908912074,20.805516582090082
2725,2725,35,ramp,0,"[-0.5, -0.4333333373069763, -0.36666667461395264, -0.30000001192092896]",-0.45912548899650574,-1.2510676383972168,-0.1625392735004425,0.3771205246448517,1.3944910764694214,0.0,0.0,9.402643769227849
2725,2725,35,ramp,1,"[-0.47999998927116394, -0.41333332657814026, -0.3466666638851166, -0.2800000011920929]",-0.6899487376213074,-0.8483160138130188,-0.20081289112567902,0.3681655824184418,1.1711281538009644,0.46586835384368896,9.402643769227849,13.364295778683625
2725,2725,35,ramp,2,"[-0.46000000834465027, -0.3933333456516266, -0.3266666829586029, -0.2600000202655792]",-0.6954393982887268,-1.241153359413147,-0.13580919802188873,0.3176775574684143,1.4640562534332275,0.40140485763549805,13.364295778683625,17.69584419574816
2725,2725,35,ramp,3,"[-0.4399999976158142, -0.3733333349227905, -0.30666667222976685, -0.24000000953674316]",-0.766359806060791,-0.967678427696228,-0.1281277984380722,0.2789153754711151,1.2719746828079224,0.28527137637138367,17.69584419574816,22.247354678260038
2750,2750,35,zero_hold,0,"[0.0, 0.0, 0.0, 0.0]",-0.30458948016166687,-0.4965903162956238,-0.23980283737182617,0.7294895052909851,0.9638656377792358,0.0,0.0,5.8613113322508426
2750,2750,35,zero_hold,1,"[0.0, 0.0, 0.0, 0.0]",-0.3186925947666168,-0.31438690423965454,-0.2797226011753082,1.0410380363464355,1.1672227382659912,0.36339107155799866,5.8613113322508426,8.617539802471036
2750,2750,35,zero_hold,2,"[0.0, 0.0, 0.0, 0.0]",0.027211666107177734,-0.5987205505371094,-0.3370167911052704,1.1967976093292236,1.3802578449249268,0.47753435373306274,8.617539802471036,10.941240441303869
2750,2750,35,zero_hold,3,"[0.0, 0.0, 0.0, 0.0]",-0.0038549378514289856,-0.36495429277420044,-0.44423970580101013,1.2902836799621582,1.4125818014144897,0.27540552616119385,10.941240441303869,13.084339455598181
2750,2750,35,target_ahead,0,"[0.0, 0.0, 0.0, 0.0]",0.8718068599700928,-1.0093625783920288,-0.5395270586013794,0.3677177131175995,1.4849799871444702,0.0,0.0,8.74363048917301
2750,2750,35,target_ahead,1,"[0.009999999776482582, 0.0, 0.0, 0.0]",1.0479156970977783,-1.0891597270965576,-0.6693172454833984,0.5654552578926086,1.7470322847366333,0.30549556016921997,8.74363048917301,12.705944017005256
2750,2750,35,target_ahead,2,"[0.019999999552965164, 0.0, 0.0, 0.0]",1.0209187269210815,-1.1009156703948975,-0.7264856100082397,0.5504254102706909,1.7564281225204468,0.0660390555858612,12.705944017005256,16.714360762754342
2750,2750,35,target_ahead,3,"[0.029999999329447746, 0.0, 0.0, 0.0]",0.9975794553756714,-1.1123076677322388,-0.7474050521850586,0.5427628755569458,1.756587266921997,0.03421749174594879,16.714360762754342,20.856128226255063
2750,2750,35,target_left,0,"[0.0, 0.0, 0.0, 0.0]",-0.2581571340560913,-1.604583501815796,0.5251209735870361,-0.23648160696029663,1.7242414951324463,0.0,0.0,8.617147888109331
2750,2750,35,target_left,1,"[0.009999999776482582, 0.0, 0.0, 0.0]",-0.612844705581665,-1.773219108581543,0.5600038766860962,-0.1437918096780777,1.963202714920044,0.40503019094467163,8.617147888109331,12.607010651567585
2750,2750,35,target_left,2,"[0.019999999552965164, 0.0, 0.0, 0.0]",-0.4689430296421051,-1.8340566158294678,0.5321211814880371,-0.10789886862039566,1.9693821668624878,0.1627103090286255,12.607010651567585,16.643029409571078
2750,2750,35,target_left,3,"[0.029999999329447746, 0.0, 0.0, 0.0]",-0.4983614981174469,-1.845651626586914,0.5401380062103271,-0.0779762789607048,1.988120675086975,0.0442664809525013,16.643029409571078,20.742512758590966
2750,2750,35,ramp,0,"[-0.5, -0.4333333373069763, -0.36666667461395264, -0.30000001192092896]",-0.4104137718677521,-1.2525925636291504,-0.18481722474098206,0.38597333431243896,1.3858428001403809,0.0,0.0,9.481652370186024
2750,2750,35,ramp,1,"[-0.47999998927116394, -0.41333332657814026, -0.3466666638851166, -0.2800000011920929]",-0.6510614156723022,-0.9534875154495239,-0.2298024296760559,0.3518545627593994,1.2286701202392578,0.38802433013916016,9.481652370186024,13.363654520951625
2750,2750,35,ramp,2,"[-0.46000000834465027, -0.3933333456516266, -0.3266666829586029, -0.2600000202655792]",-0.6614328622817993,-1.3017663955688477,-0.17670080065727234,0.3072982132434845,1.5025793313980103,0.35526159405708313,13.363654520951625,17.675175754462234
2750,2750,35,ramp,3,"[-0.4399999976158142, -0.3733333349227905, -0.30666667222976685, -0.24000000953674316]",-0.7144180536270142,-1.0918335914611816,-0.15194189548492432,0.27802515029907227,1.3427129983901978,0.21988435089588165,17.675175754462234,22.17015974810736
2775,2775,35,zero_hold,0,"[0.0, 0.0, 0.0, 0.0]",-0.2812921404838562,-0.5220457911491394,-0.22595813870429993,0.7327579259872437,0.9693545699119568,0.0,0.0,5.8970951065118316
2775,2775,35,zero_hold,1,"[0.0, 0.0, 0.0, 0.0]",-0.28471168875694275,-0.33026567101478577,-0.28535568714141846,1.0479536056518555,1.1703720092773438,0.3737214207649231,5.8970951065118316,8.678163863310752
2775,2775,35,zero_hold,2,"[0.0, 0.0, 0.0, 0.0]",0.05561927706003189,-0.6307805180549622,-0.3446037173271179,1.1972700357437134,1.3975639343261719,0.4816015660762787,8.678163863310752,11.021683462452307
2775,2775,35,zero_hold,3,"[0.0, 0.0, 0.0, 0.0]",0.03248506039381027,-0.3826320171356201,-0.44304656982421875,1.2811473608016968,1.4089326858520508,0.2807833254337311,11.021683462452307,13.173918124159519
2775,2775,35,target_ahead,0,"[0.0, 0.0, 0.0, 0.0]",0.870337188243866,-1.0308806896209717,-0.545439600944519,0.3969721496105194,1.508407473564148,0.0,0.0,8.781699370064374
2775,2775,35,target_ahead,1,"[0.009999999776482582, 0.0, 0.0, 0.0]",1.0485397577285767,-1.1074471473693848,-0.6824093461036682,0.5649597644805908,1.763728141784668,0.29085928201675415,8.781699370064374,12.746962900263917
2775,2775,35,target_ahead,2,"[0.019999999552965164, 0.0, 0.0, 0.0]",1.0288546085357666,-1.1191127300262451,-0.7359625697135925,0.5600791573524475,1.7794057130813599,0.05844107270240784,12.746962900263917,16.77182408995112
2775,2775,35,target_ahead,3,"[0.029999999329447746, 0.0, 0.0, 0.0]",1.0113719701766968,-1.1274783611297607,-0.7527502179145813,0.5546401739120483,1.7799829244613647,0.026211336255073547,16.77182408995112,20.929013595647042
2775,2775,35,target_left,0,"[0.0, 0.0, 0.0, 0.0]",-0.22859975695610046,-1.6068761348724365,0.5133588910102844,-0.21589618921279907,1.7159420251846313,0.0,0.0,8.595414083631443
2775,2775,35,target_left,1,"[0.009999999776482582, 0.0, 0.0, 0.0]",-0.5955155491828918,-1.767791509628296,0.5770321488380432,-0.12351614981889725,1.9565142393112183,0.41606405377388,8.595414083631443,12.580963060074042
2775,2775,35,target_left,2,"[0.019999999552965164, 0.0, 0.0, 0.0]",-0.45871713757514954,-1.835252046585083,0.5535549521446228,-0.0882970467209816,1.9730156660079956,0.1582918018102646,12.580963060074042,16.61081392882273
2775,2775,35,target_left,3,"[0.029999999329447746, 0.0, 0.0, 0.0]",-0.4900849461555481,-1.8457576036453247,0.5619298815727234,-0.05779329687356949,1.9915093183517456,0.04577034339308739,16.61081392882273,20.691819459458276
2775,2775,35,ramp,0,"[-0.5, -0.4333333373069763, -0.36666667461395264, -0.30000001192092896]",-0.3486923277378082,-1.2220901250839233,-0.15706388652324677,0.4089156687259674,1.3442364931106567,0.0,0.0,9.447896528072585
2775,2775,35,ramp,1,"[-0.47999998927116394, -0.41333332657814026, -0.3466666638851166, -0.2800000011920929]",-0.5724067091941833,-0.8872049450874329,-0.18091028928756714,0.3883635103702545,1.1394459009170532,0.40396443009376526,9.447896528072585,13.266424219887003
2775,2775,35,ramp,2,"[-0.46000000834465027, -0.3933333456516266, -0.3266666829586029, -0.2600000202655792]",-0.5730613470077515,-1.1934497356414795,-0.10185912251472473,0.3591649532318115,1.3755348920822144,0.3176286220550537,13.266424219887003,17.538135332955903
2775,2775,35,ramp,3,"[-0.4399999976158142, -0.3733333349227905, -0.30666667222976685, -0.24000000953674316]",-0.6119125485420227,-0.9855425357818604,-0.05971109867095947,0.3253942131996155,1.2063075304031372,0.21829278767108917,17.538135332955903,22.006808796963973
2800,2800,35,zero_hold,0,"[0.0, 0.0, 0.0, 0.0]",-0.2740737199783325,-0.5233665108680725,-0.2531968653202057,0.7242639660835266,0.9683469533920288,0.0,0.0,5.897365727062494
2800,2800,35,zero_hold,1,"[0.0, 0.0, 0.0, 0.0]",-0.26575446128845215,-0.3298202157020569,-0.31172266602516174,1.0209630727767944,1.148452639579773,0.35914480686187744,5.897365727062494,8.6821488082469
2800,2800,35,zero_hold,2,"[0.0, 0.0, 0.0, 0.0]",0.10689983516931534,-0.6290611028671265,-0.383040189743042,1.1727815866470337,1.3889858722686768,0.506509006023407,8.6821488082469,11.017501948192972
2800,2800,35,zero_hold,3,"[0.0, 0.0, 0.0, 0.0]",0.0589660182595253,-0.3885829448699951,-0.4860473573207855,1.2581695318222046,1.4048866033554077,0.2793366611003876,11.017501948192972,13.171475854585795
2800,2800,35,target_ahead,0,"[0.0, 0.0, 0.0, 0.0]",0.862705409526825,-1.0414797067642212,-0.5635151863098145,0.3962211310863495,1.5177223682403564,0.0,0.0,8.753155722964092
2800,2800,35,target_ahead,1,"[0.009999999776482582, 0.0, 0.0, 0.0]",1.06172513961792,-1.101569652557373,-0.6916362047195435,0.5772920846939087,1.7754838466644287,0.3040087819099426,8.753155722964092,12.734524497861887
2800,2800,35,target_ahead,2,"[0.019999999552965164, 0.0, 0.0, 0.0]",1.0515803098678589,-1.1218645572662354,-0.746109127998352,0.5778367519378662,1.8041549921035767,0.05901183560490608,12.734524497861887,16.792645258684114
2800,2800,35,target_ahead,3,"[0.029999999329447746, 0.0, 0.0, 0.0]",1.037922978401184,-1.1324646472930908,-0.7662522792816162,0.5737897157669067,1.810010313987732,0.026851624250411987,16.792645258684114,20.970562554309332
2800,2800,35,target_left,0,"[0.0, 0.0, 0.0, 0.0]",-0.23042362928390503,-1.6235764026641846,0.4822181165218353,-0.2109438180923462,1.7222448587417603,0.0,0.0,8.597222909907403
2800,2800,35,target_left,1,"[0.009999999776482582, 0.0, 0.0, 0.0]",-0.6245377659797668,-1.7573175430297852,0.5493127107620239,-0.11077357828617096,1.947364330291748,0.4332994520664215,8.597222909907403,12.583991090863229
2800,2800,35,target_left,2,"[0.019999999552965164, 0.0, 0.0, 0.0]",-0.44969120621681213,-1.8307201862335205,0.5276601314544678,-0.08986927568912506,1.9596582651138306,0.19200284779071808,12.583991090863229,16.578632045775176
2800,2800,35,target_left,3,"[0.029999999329447746, 0.0, 0.0, 0.0]",-0.49705591797828674,-1.838285207748413,0.5373257398605347,-0.05637020245194435,1.979457974433899,0.059298038482666016,16.578632045775176,20.62889932271701
2800,2800,35,ramp,0,"[-0.5, -0.4333333373069763, -0.36666667461395264, -0.30000001192092896]",-0.32132771611213684,-1.2390409708023071,-0.15142174065113068,0.4017547070980072,1.3501145839691162,0.0,0.0,9.470532918373499
2800,2800,35,ramp,1,"[-0.47999998927116394, -0.41333332657814026, -0.3466666638851166, -0.2800000011920929]",-0.5686341524124146,-0.9309102892875671,-0.18478283286094666,0.36606553196907043,1.1653701066970825,0.39811012148857117,9.470532918373499,13.375960867733339
2800,2800,35,ramp,2,"[-0.46000000834465027, -0.3933333456516266, -0.3266666829586029, -0.2600000202655792]",-0.5705174207687378,-1.2447198629379272,-0.11805780231952667,0.3264087736606598,1.4125500917434692,0.32327213883399963,13.375960867733339,17.679074491893097
2800,2800,35,ramp,3,"[-0.4399999976158142, -0.3733333349227905, -0.30666667222976685, -0.24000000953674316]",-0.6247921586036682,-1.048338532447815,-0.08992065489292145,0.28931763768196106,1.2574455738067627,0.2089948058128357,17.679074491893097,22.190877929954407
2825,2825,35,zero_hold,0,"[0.0, 0.0, 0.0, 0.0]",-0.27957630157470703,-0.5148941278457642,-0.25130733847618103,0.7104741930961609,0.9545720219612122,0.0,0.0,5.887103135206272
2825,2825,35,zero_hold,1,"[0.0, 0.0, 0.0, 0.0]",-0.2576335072517395,-0.3069171905517578,-0.30626752972602844,1.0018717050552368,1.1216593980789185,0.3628622591495514,5.887103135206272,8.684787408979654
2825,2825,35,zero_hold,2,"[0.0, 0.0, 0.0, 0.0]",0.10545381903648376,-0.6227157115936279,-0.37476885318756104,1.1620579957962036,1.3746730089187622,0.5117745399475098,8.684787408979654,11.009505413373718
2825,2825,35,zero_hold,3,"[0.0, 0.0, 0.0, 0.0]",0.0808790922164917,-0.3745848536491394,-0.4828096330165863,1.24894380569458,1.3927745819091797,0.2852977216243744,11.009505413373718,13.171671517099728
2825,2825,35,target_ahead,0,"[0.0, 0.0, 0.0, 0.0]",0.8206186294555664,-1.040486216545105,-0.5797806978225708,0.38290223479270935,1.4962574243545532,0.0,0.0,8.743589381885004
2825,2825,35,target_ahead,1,"[0.009999999776482582, 0.0, 0.0, 0.0]",1.007265329360962,-1.119221806526184,-0.7051891088485718,0.5409358739852905,1.7484691143035889,0.285898894071579,8.743589381885004,12.722088584756163
2825,2825,35,target_ahead,2,"[0.019999999552965164, 0.0, 0.0, 0.0]",0.9893511533737183,-1.138646125793457,-0.7533156871795654,0.5411151647567749,1.770768404006958,0.054903749376535416,12.722088584756163,16.785442752128098
2825,2825,35,target_ahead,3,"[0.029999999329447746, 0.0, 0.0, 0.0]",0.9767425060272217,-1.1490867137908936,-0.7735852003097534,0.5369505286216736,1.7779697179794312,0.026385245844721794,16.785442752128098,20.96857015580841
2825,2825,35,target_left,0,"[0.0, 0.0, 0.0, 0.0]",-0.23359355330467224,-1.617789626121521,0.48838263750076294,-0.2238864302635193,1.720596432685852,0.0,0.0,8.598614595319432
2825,2825,35,target_left,1,"[0.009999999776482582, 0.0, 0.0, 0.0]",-0.6330873966217041,-1.7487168312072754,0.5743349194526672,-0.11498891562223434,1.9498443603515625,0.44270047545433044,8.598614595319432,12.599520558587527
2825,2825,35,target_left,2,"[0.019999999552965164, 0.0, 0.0, 0.0]",-0.46097201108932495,-1.827139139175415,0.5496013164520264,-0.08665703982114792,1.9648164510726929,0.19284245371818542,12.599520558587527,16.550820183486724
2825,2825,35,target_left,3,"[0.029999999329447746, 0.0, 0.0, 0.0]",-0.5127342343330383,-1.835383653640747,0.5625954270362854,-0.05089821666479111,1.987620234489441,0.06476758420467377,16.550820183486724,20.567058341829124
2825,2825,35,ramp,0,"[-0.5, -0.4333333373069763, -0.36666667461395264, -0.30000001192092896]",-0.2890026569366455,-1.1746636629104614,-0.10394435375928879,0.4597455859184265,1.2982786893844604,0.0,0.0,9.386230299917761
2825,2825,35,ramp,1,"[-0.47999998927116394, -0.41333332657814026, -0.3466666638851166, -0.2800000011920929]",-0.5357152223587036,-0.8571519255638123,-0.08795326203107834,0.46090126037597656,1.1143903732299805,0.402415007352829,9.386230299917761,13.3244888645756
2825,2825,35,ramp,2,"[-0.46000000834465027, -0.3933333456516266, -0.3266666829586029, -0.2600000202655792]",-0.527815580368042,-1.081040382385254,-0.007451784797012806,0.4264732599258423,1.2763904333114624,0.24052904546260834,13.3244888645756,17.727640857098105
2825,2825,35,ramp,3,"[-0.4399999976158142, -0.3733333349227905, -0.30666667222976685, -0.24000000953674316]",-0.594123363494873,-0.9409275650978088,0.03240193799138069,0.39099738001823425,1.1799390316009521,0.16393651068210602,17.727640857098105,22.310757789776893
2850,2850,35,zero_hold,0,"[0.0, 0.0, 0.0, 0.0]",-0.29718953371047974,-0.5200741291046143,-0.2492900788784027,0.7187874913215637,0.9682973027229309,0.0,0.0,5.862183479121752
2850,2850,35,zero_hold,1,"[0.0, 0.0, 0.0, 0.0]",-0.308316171169281,-0.30970486998558044,-0.3041408360004425,1.0101193189620972,1.1418488025665283,0.3636782467365265,5.862183479121752,8.637901675957751
2850,2850,35,zero_hold,2,"[0.0, 0.0, 0.0, 0.0]",0.06458941102027893,-0.6105656623840332,-0.3712257146835327,1.1611968278884888,1.3649721145629883,0.5068535804748535,8.637901675957751,10.967396362391154
2850,2850,35,zero_hold,3,"[0.0, 0.0, 0.0, 0.0]",0.02568761818110943,-0.3766998052597046,-0.48097866773605347,1.246195673942566,1.3881306648254395,0.27473095059394836,10.967396362391154,13.121712123174804
2850,2850,35,target_ahead,0,"[0.0, 0.0, 0.0, 0.0]",0.797213077545166,-1.0390193462371826,-0.5837599039077759,0.3856712877750397,1.4847990274429321,0.0,0.0,8.755848608960678
2850,2850,35,target_ahead,1,"[0.009999999776482582, 0.0, 0.0, 0.0]",0.9811393022537231,-1.1266076564788818,-0.7067487835884094,0.5368568897247314,1.7376962900161743,0.2819289267063141,8.755848608960678,12.661472287735622
2850,2850,35,target_ahead,2,"[0.019999999552965164, 0.0, 0.0, 0.0]",0.9623215198516846,-1.1520341634750366,-0.7546802759170532,0.5402283668518066,1.7648327350616455,0.05752747878432274,12.661472287735622,16.666276766444668
2850,2850,35,target_ahead,3,"[0.029999999329447746, 0.0, 0.0, 0.0]",0.9490748047828674,-1.1642405986785889,-0.7760088443756104,0.5369351506233215,1.773890733718872,0.02811095304787159,16.666276766444668,20.78295396512899
2850,2850,35,target_left,0,"[0.0, 0.0, 0.0, 0.0]",-0.23989593982696533,-1.5812941789627075,0.4543692171573639,-0.22836169600486755,1.6782853603363037,0.0,0.0,8.567919646392266
2850,2850,35,target_left,1,"[0.009999999776482582, 0.0, 0.0, 0.0]",-0.6622397899627686,-1.7108463048934937,0.5351351499557495,-0.09514942765235901,1.913368582725525,0.4684300720691681,8.567919646392266,12.566772637628567
2850,2850,35,target_left,2,"[0.019999999552965164, 0.0, 0.0, 0.0]",-0.48739689588546753,-1.7841235399246216,0.5067883133888245,-0.0639604926109314,1.9187438488006592,0.19420577585697174,12.566772637628567,16.478137992098286
2850,2850,35,target_left,3,"[0.029999999329447746, 0.0, 0.0, 0.0]",-0.5467909574508667,-1.792016863822937,0.5241107940673828,-0.028733909130096436,1.9457190036773682,0.0716305747628212,16.478137992098286,20.463278264971585
2850,2850,35,ramp,0,"[-0.5, -0.4333333373069763, -0.36666667461395264, -0.30000001192092896]",-0.33803609013557434,-1.2045978307724,-0.1152091845870018,0.46945202350616455,1.341261625289917,0.0,0.0,9.386899244294566
2850,2850,35,ramp,1,"[-0.47999998927116394, -0.41333332657814026, -0.3466666638851166, -0.2800000011920929]",-0.5561413764953613,-0.9321553707122803,-0.1115877628326416,0.4570547342300415,1.183029055595398,0.3492300510406494,9.386899244294566,13.2775563813738
2850,2850,35,ramp,2,"[-0.46000000834465027, -0.3933333456516266, -0.3266666829586029, -0.2600000202655792]",-0.5497900247573853,-1.1080416440963745,-0.040219444781541824,0.4238395690917969,1.3081601858139038,0.1928030103445053,13.2775563813738,17.659015721384613
2850,2850,35,ramp,3,"[-0.4399999976158142, -0.3733333349227905, -0.30666667222976685, -0.24000000953674316]",-0.6052799820899963,-0.9825147986412048,0.0019229850731790066,0.3917243480682373,1.2186676263809204,0.14711728692054749,17.659015721384613,22.21500810370551
2875,2875,35,zero_hold,0,"[0.0, 0.0, 0.0, 0.0]",-0.3011111915111542,-0.5256455540657043,-0.2738330066204071,0.7243049144744873,0.9831446409225464,0.0,0.0,5.880413050933744
2875,2875,35,zero_hold,1,"[0.0, 0.0, 0.0, 0.0]",-0.33261775970458984,-0.32222071290016174,-0.3319694399833679,1.0200707912445068,1.1684215068817139,0.365009069442749,5.880413050933744,8.682127782708386
2875,2875,35,zero_hold,2,"[0.0, 0.0, 0.0, 0.0]",0.052518799901008606,-0.618468165397644,-0.386521577835083,1.1632452011108398,1.3739721775054932,0.5094777345657349,8.682127782708386,11.016340219385649
2875,2875,35,zero_hold,3,"[0.0, 0.0, 0.0, 0.0]",0.009412219747900963,-0.39564967155456543,-0.4967386722564697,1.2554235458374023,1.4069346189498901,0.2686092257499695,11.016340219385649,13.198464525411516
2875,2875,35,target_ahead,0,"[0.0, 0.0, 0.0, 0.0]",0.8347340822219849,-1.0184863805770874,-0.5524216294288635,0.3981267213821411,1.4824877977371216,0.0,0.0,8.78798341253802
2875,2875,35,target_ahead,1,"[0.009999999776482582, 0.0, 0.0, 0.0]",0.9952881336212158,-1.0998085737228394,-0.6712226271629333,0.5629928112030029,1.722694993019104,0.27145054936408997,8.78798341253802,12.794885631833806
2875,2875,35,target_ahead,2,"[0.019999999552965164, 0.0, 0.0, 0.0]",0.9709829688072205,-1.1246507167816162,-0.7185078263282776,0.5643603205680847,1.744248628616333,0.05869951471686363,12.794885631833806,16.844680697320896
2875,2875,35,target_ahead,3,"[0.029999999329447746, 0.0, 0.0, 0.0]",0.957736611366272,-1.1364469528198242,-0.7407110333442688,0.5595985054969788,1.7523053884506226,0.02881448343396187,16.844680697320896,20.997595298811348
2875,2875,35,target_left,0,"[0.0, 0.0, 0.0, 0.0]",-0.23668140172958374,-1.6110408306121826,0.4197961688041687,-0.20390832424163818,1.6938942670822144,0.0,0.0,8.575957240068679
2875,2875,35,target_left,1,"[0.009999999776482582, 0.0, 0.0, 0.0]",-0.6524163484573364,-1.7091883420944214,0.48236602544784546,-0.06715032458305359,1.8931872844696045,0.45286446809768677,8.575957240068679,12.55563887733372
2875,2875,35,target_left,2,"[0.019999999552965164, 0.0, 0.0, 0.0]",-0.46818670630455017,-1.7738289833068848,0.44560807943344116,-0.030955076217651367,1.8881717920303345,0.20194111764431,12.55563887733372,16.47613232458488
2875,2875,35,target_left,3,"[0.029999999329447746, 0.0, 0.0, 0.0]",-0.5454597473144531,-1.7875584363937378,0.47011739015579224,-0.002026200294494629,1.927149772644043,0.08716195821762085,16.47613232458488,20.491608075609484
2875,2875,35,ramp,0,"[-0.5, -0.4333333373069763, -0.36666667461395264, -0.30000001192092896]",-0.40457969903945923,-1.1975867748260498,-0.10491898655891418,0.46766623854637146,1.3518943786621094,0.0,0.0,9.424521964519068
2875,2875,35,ramp,1,"[-0.47999998927116394, -0.41333332657814026, -0.3466666638851166, -0.2800000011920929]",-0.5883311629295349,-0.8918282985687256,-0.0889468863606453,0.45257672667503357,1.1637132167816162,0.3574012517929077,9.424521964519068,13.353768708627076
2875,2875,35,ramp,2,"[-0.46000000834465027, -0.3933333456516266, -0.3266666829586029, -0.2600000202655792]",-0.5778093338012695,-1.1112935543060303,-0.0181313157081604,0.4123322665691376,1.3187811374664307,0.2343291938304901,13.353768708627076,17.836357521896364
2875,2875,35,ramp,3,"[-0.4399999976158142, -0.3733333349227905, -0.30666667222976685, -0.24000000953674316]",-0.6418555974960327,-0.9711530804634094,0.013553024269640446,0.3847426772117615,1.226102590560913,0.15970709919929504,17.836357521896364,22.44662396737922
2900,2900,35,zero_hold,0,"[0.0, 0.0, 0.0, 0.0]",-0.3020000457763672,-0.539799153804779,-0.27649903297424316,0.7428141832351685,1.0053913593292236,0.0,0.0,5.897704396606213
2900,2900,35,zero_hold,1,"[0.0, 0.0, 0.0, 0.0]",-0.3100798726081848,-0.32082700729370117,-0.3376150131225586,1.0387953519821167,1.1798980236053467,0.37330162525177,5.897704396606213,8.742031551980364
2900,2900,35,zero_hold,2,"[0.0, 0.0, 0.0, 0.0]",0.041542135179042816,-0.6376954317092896,-0.396604061126709,1.178106427192688,1.3977162837982178,0.49692144989967346,8.742031551980364,11.098803183854612
2900,2900,35,zero_hold,3,"[0.0, 0.0, 0.0, 0.0]",0.015034452080726624,-0.39776307344436646,-0.4904109835624695,1.2685166597366333,1.417067050933838,0.2743062973022461,11.098803183854612,13.31178637041731
2900,2900,35,target_ahead,0,"[0.0, 0.0, 0.0, 0.0]",0.8495786786079407,-1.0087685585021973,-0.5493289828300476,0.42578446865081787,1.4907892942428589,0.0,0.0,8.774734386628348
2900,2900,35,target_ahead,1,"[0.009999999776482582, 0.0, 0.0, 0.0]",1.01577627658844,-1.0778608322143555,-0.6617146730422974,0.602860689163208,1.7305757999420166,0.2763727903366089,8.774734386628348,12.814416438143972
2900,2900,35,target_ahead,2,"[0.019999999552965164, 0.0, 0.0, 0.0]",0.9943229556083679,-1.1081548929214478,-0.7032861113548279,0.608692467212677,1.7555065155029297,0.056037213653326035,12.814416438143972,16.87871630878342
2900,2900,35,target_ahead,3,"[0.029999999329447746, 0.0, 0.0, 0.0]",0.9822250008583069,-1.1218355894088745,-0.7241471409797668,0.6060066223144531,1.7649118900299072,0.02785531058907509,16.87871630878342,21.032407920505765
2900,2900,35,target_left,0,"[0.0, 0.0, 0.0, 0.0]",-0.21534952521324158,-1.6141947507858276,0.40565264225006104,-0.167202889919281,1.686567783355713,0.0,0.0,8.583234587648427
2900,2900,35,target_left,1,"[0.009999999776482582, 0.0, 0.0, 0.0]",-0.6298496127128601,-1.7299697399139404,0.4752762019634247,-0.007002992555499077,1.901431679725647,0.4644627273082733,8.583234587648427,12.572476149387727
2900,2900,35,target_left,2,"[0.019999999552965164, 0.0, 0.0, 0.0]",-0.44986915588378906,-1.787298560142517,0.443282812833786,0.03586912155151367,1.8959442377090454,0.19631901383399963,12.572476149387727,16.50955773404877
2900,2900,35,target_left,3,"[0.029999999329447746, 0.0, 0.0, 0.0]",-0.5306451320648193,-1.8074430227279663,0.46722277998924255,0.06750556826591492,1.9419806003570557,0.09222009032964706,16.50955773404877,20.54666610602763
2900,2900,35,ramp,0,"[-0.5, -0.4333333373069763, -0.36666667461395264, -0.30000001192092896]",-0.4285091161727905,-1.2115832567214966,-0.12712006270885468,0.475170373916626,1.3760452270507812,0.0,0.0,9.42025128272124
2900,2900,35,ramp,1,"[-0.47999998927116394, -0.41333332657814026, -0.3466666638851166, -0.2800000011920929]",-0.5920168161392212,-0.9051601886749268,-0.09049635380506516,0.48212718963623047,1.1876174211502075,0.34931299090385437,9.42025128272124,13.402767808087853
2900,2900,35,ramp,2,"[-0.46000000834465027, -0.3933333456516266, -0.3266666829586029, -0.2600000202655792]",-0.5804323554039001,-1.1277902126312256,-0.013525198213756084,0.44229698181152344,1.3433622121810913,0.23918472230434418,13.402767808087853,17.901892803401324
2900,2900,35,ramp,3,"[-0.4399999976158142, -0.3733333349227905, -0.30666667222976685, -0.24000000953674316]",-0.6511974930763245,-0.9796342253684998,0.020628876984119415,0.41482698917388916,1.2474968433380127,0.16993823647499084,17.901892803401324,22.5338659677949
2925,2925,35,zero_hold,0,"[0.0, 0.0, 0.0, 0.0]",-0.29246053099632263,-0.5402379035949707,-0.2777389883995056,0.7550464868545532,1.012237310409546,0.0,0.0,5.869854784702296
2925,2925,35,zero_hold,1,"[0.0, 0.0, 0.0, 0.0]",-0.319461464881897,-0.31686022877693176,-0.3362606167793274,1.0493167638778687,1.1902070045471191,0.3750285506248474,5.869854784702296,8.69003169051834
2925,2925,35,zero_hold,2,"[0.0, 0.0, 0.0, 0.0]",0.04154990613460541,-0.6513428688049316,-0.3977242708206177,1.1861655712127686,1.411080241203308,0.5145028829574585,8.69003169051834,11.023779961886131
2925,2925,35,zero_hold,3,"[0.0, 0.0, 0.0, 0.0]",0.02545716054737568,-0.39467713236808777,-0.4971616864204407,1.2832684516906738,1.4319097995758057,0.2923235297203064,11.023779961886131,13.208669949090359
2925,2925,35,target_ahead,0,"[0.0, 0.0, 0.0, 0.0]",0.8557409048080444,-0.9932002425193787,-0.5190872550010681,0.4444647431373596,1.4784247875213623,0.0,0.0,8.757216680617804
2925,2925,35,target_ahead,1,"[0.009999999776482582, 0.0, 0.0, 0.0]",1.0393497943878174,-1.0552089214324951,-0.6318582892417908,0.6264634728431702,1.7278354167938232,0.2887873649597168,8.757216680617804,12.783869836113285
2925,2925,35,target_ahead,2,"[0.019999999552965164, 0.0, 0.0, 0.0]",1.0215249061584473,-1.0858585834503174,-0.6719970107078552,0.6304342150688171,1.7526063919067383,0.05370299890637398,12.783869836113285,16.823279106993212
2925,2925,35,target_ahead,3,"[0.029999999329447746, 0.0, 0.0, 0.0]",1.0081464052200317,-1.1006866693496704,-0.6915599703788757,0.6265029311180115,1.7602930068969727,0.028231557458639145,16.823279106993212,20.96144396659958
2925,2925,35,target_left,0,"[0.0, 0.0, 0.0, 0.0]",-0.17743748426437378,-1.5863252878189087,0.41304343938827515,-0.18548160791397095,1.659192681312561,0.0,0.0,8.611975783177572
2925,2925,35,target_left,1,"[0.009999999776482582, 0.0, 0.0, 0.0]",-0.6209315061569214,-1.7335224151611328,0.4876127541065216,-0.016775671392679214,1.904915690422058,0.5023705959320068,8.611975783177572,12.639408414705189
2925,2925,35,target_left,2,"[0.019999999552965164, 0.0, 0.0, 0.0]",-0.4381658136844635,-1.7907483577728271,0.4588598906993866,0.033972498029470444,1.9001251459121704,0.2002004235982895,12.639408414705189,16.636878062288265
2925,2925,35,target_left,3,"[0.029999999329447746, 0.0, 0.0, 0.0]",-0.5230205655097961,-1.8119773864746094,0.48162245750427246,0.07411670684814453,1.9478875398635864,0.09889738261699677,16.636878062288265,20.735884564236382
2925,2925,35,ramp,0,"[-0.5, -0.4333333373069763, -0.36666667461395264, -0.30000001192092896]",-0.3995158076286316,-1.2242213487625122,-0.14013421535491943,0.5214875936508179,1.3963944911956787,0.0,0.0,9.463772990939637
2925,2925,35,ramp,1,"[-0.47999998927116394, -0.41333332657814026, -0.3466666638851166, -0.2800000011920929]",-0.5572218298912048,-0.9574111104011536,-0.09419743716716766,0.5232210755348206,1.2287251949310303,0.3133242428302765,9.463772990939637,13.426023304311752
2925,2925,35,ramp,2,"[-0.46000000834465027, -0.3933333456516266, -0.3266666829586029, -0.2600000202655792]",-0.5501772165298462,-1.119699478149414,-0.010535992681980133,0.4887813329696655,1.3399403095245361,0.18593674898147583,13.426023304311752,17.93653993791988
2925,2925,35,ramp,3,"[-0.4399999976158142, -0.3733333349227905, -0.30666667222976685, -0.24000000953674316]",-0.6118506193161011,-0.9984866380691528,0.03404110297560692,0.45841488242149353,1.2580300569534302,0.1463058441877365,17.93653993791988,22.58938204965956
2950,2950,35,zero_hold,0,"[0.0, 0.0, 0.0, 0.0]",-0.3206593990325928,-0.531956672668457,-0.29247239232063293,0.7443811893463135,1.0126420259475708,0.0,0.0,5.853065888679227
2950,2950,35,zero_hold,1,"[0.0, 0.0, 0.0, 0.0]",-0.3340948522090912,-0.3129168450832367,-0.34299248456954956,1.049157738685608,1.1949527263641357,0.37894588708877563,5.853065888679227,8.658159812272226
2950,2950,35,zero_hold,2,"[0.0, 0.0, 0.0, 0.0]",0.04353731498122215,-0.6577756404876709,-0.4152824282646179,1.2001971006393433,1.4309077262878418,0.5381192564964294,8.658159812272226,10.985293221838774
2950,2950,35,zero_hold,3,"[0.0, 0.0, 0.0, 0.0]",0.03915764018893242,-0.4048013687133789,-0.5279653668403625,1.3028937578201294,1.4634469747543335,0.29539668560028076,10.985293221838774,13.156363517029567
2950,2950,35,target_ahead,0,"[0.0, 0.0, 0.0, 0.0]",0.84954833984375,-0.9953122138977051,-0.5370502471923828,0.4350299835205078,1.4798827171325684,0.0,0.0,8.752472022321871
2950,2950,35,target_ahead,1,"[0.009999999776482582, 0.0, 0.0, 0.0]",1.0149368047714233,-1.0564440488815308,-0.6379643678665161,0.6179113388061523,1.7131794691085815,0.2733490467071533,8.752472022321871,12.782687486715252
2950,2950,35,target_ahead,2,"[0.019999999552965164, 0.0, 0.0, 0.0]",0.9933462142944336,-1.0806560516357422,-0.6759880781173706,0.6141220927238464,1.7287741899490356,0.05012520030140877,12.782687486715252,16.82042380031998
2950,2950,35,target_ahead,3,"[0.029999999329447746, 0.0, 0.0, 0.0]",0.9803093671798706,-1.0913702249526978,-0.693568766117096,0.6077404618263245,1.7327669858932495,0.0251904483884573,16.82042380031998,20.9602092265125
2950,2950,35,target_left,0,"[0.0, 0.0, 0.0, 0.0]",-0.20408228039741516,-1.5751385688781738,0.4053542912006378,-0.20934449136257172,1.6525278091430664,0.0,0.0,8.59876789567958
2950,2950,35,target_left,1,"[0.009999999776482582, 0.0, 0.0, 0.0]",-0.6468627452850342,-1.7375922203063965,0.45336994528770447,-0.04015074670314789,1.9091397523880005,0.5033664107322693,8.59876789567958,12.661641182438395
2950,2950,35,target_left,2,"[0.019999999552965164, 0.0, 0.0, 0.0]",-0.4685342609882355,-1.7984645366668701,0.4210018217563629,0.019687101244926453,1.9056833982467651,0.20033659040927887,12.661641182438395,16.673766655797774
2950,2950,35,target_left,3,"[0.029999999329447746, 0.0, 0.0, 0.0]",-0.5483772158622742,-1.8224942684173584,0.44242292642593384,0.05808255076408386,1.9548182487487793,0.09426239877939224,16.673766655797774,20.78125715862172
2950,2950,35,ramp,0,"[-0.5, -0.4333333373069763, -0.36666667461395264, -0.30000001192092896]",-0.4056941270828247,-1.1510143280029297,-0.10536022484302521,0.5424821972846985,1.339704990386963,0.0,0.0,9.43728062481187
2950,2950,35,ramp,1,"[-0.47999998927116394, -0.41333332657814026, -0.3466666638851166, -0.2800000011920929]",-0.5313884615898132,-0.8910864591598511,-0.04031342640519142,0.5524909496307373,1.1761293411254883,0.2961297333240509,9.43728062481187,13.473221990066351
2950,2950,35,ramp,2,"[-0.46000000834465027, -0.3933333456516266, -0.3266666829586029, -0.2600000202655792]",-0.5246792435646057,-1.0400187969207764,0.02816556580364704,0.5157135725021362,1.2742375135421753,0.1681303083896637,13.473221990066351,18.037155678013896
2950,2950,35,ramp,3,"[-0.4399999976158142, -0.3733333349227905, -0.30666667222976685, -0.24000000953674316]",-0.5884565711021423,-0.9474692344665527,0.06589695811271667,0.4913698434829712,1.2205595970153809,0.12103406339883804,18.037155678013896,22.699536127538657
2975,2975,35,zero_hold,0,"[0.0, 0.0, 0.0, 0.0]",-0.3144969344139099,-0.5233175158500671,-0.28414538502693176,0.7503499388694763,1.0082327127456665,0.0,0.0,5.837763927380077
2975,2975,35,zero_hold,1,"[0.0, 0.0, 0.0, 0.0]",-0.33622080087661743,-0.32530665397644043,-0.3368698060512543,1.0620299577713013,1.2084112167358398,0.3736369013786316,5.837763927380077,8.628168684094872
2975,2975,35,zero_hold,2,"[0.0, 0.0, 0.0, 0.0]",0.05588875710964203,-0.675690233707428,-0.4034387469291687,1.2154390811920166,1.4490466117858887,0.5518009662628174,8.628168684094872,10.967426583549113
2975,2975,35,zero_hold,3,"[0.0, 0.0, 0.0, 0.0]",0.053812481462955475,-0.41413500905036926,-0.518980085849762,1.309346318244934,1.4690580368041992,0.30097144842147827,10.967426583549113,13.13678773668225
2975,2975,35,target_ahead,0,"[0.0, 0.0, 0.0, 0.0]",0.8700708746910095,-0.9885990023612976,-0.5411261916160583,0.4493786096572876,1.4930204153060913,0.0,0.0,8.750290540992905
2975,2975,35,target_ahead,1,"[0.009999999776482582, 0.0, 0.0, 0.0]",1.0166712999343872,-1.0858570337295532,-0.6542485952377319,0.617291271686554,1.7383313179016113,0.26822033524513245,8.750290540992905,12.826465839347946
2975,2975,35,target_ahead,2,"[0.019999999552965164, 0.0, 0.0, 0.0]",0.9947869181632996,-1.1146031618118286,-0.6923891305923462,0.6136196255683899,1.7572344541549683,0.05266353115439415,12.826465839347946,16.857100973912658
2975,2975,35,target_ahead,3,"[0.029999999329447746, 0.0, 0.0, 0.0]",0.9811913371086121,-1.1259092092514038,-0.7091487646102905,0.6063635349273682,1.7609590291976929,0.02542051672935486,16.857100973912658,20.99054901700801
2975,2975,35,target_left,0,"[0.0, 0.0, 0.0, 0.0]",-0.1929687112569809,-1.549152135848999,0.43406572937965393,-0.21096397936344147,1.6340219974517822,0.0,0.0,8.602283901295314
2975,2975,35,target_left,1,"[0.009999999776482582, 0.0, 0.0, 0.0]",-0.6086558699607849,-1.7239474058151245,0.4827991724014282,-0.049697406589984894,1.8915659189224243,0.4813845157623291,8.602283901295314,12.631488021542328
2975,2975,35,target_left,2,"[0.019999999552965164, 0.0, 0.0, 0.0]",-0.4287883937358856,-1.7801800966262817,0.4459887444972992,0.01712619699537754,1.8847016096115112,0.20330968499183655,12.631488021542328,16.63014957459768
2975,2975,35,target_left,3,"[0.029999999329447746, 0.0, 0.0, 0.0]",-0.5147363543510437,-1.8032180070877075,0.4673197269439697,0.05522013455629349,1.9333871603012085,0.09911587089300156,16.63014957459768,20.712799002194
2975,2975,35,ramp,0,"[-0.5, -0.4333333373069763, -0.36666667461395264, -0.30000001192092896]",-0.3952084481716156,-1.1540757417678833,-0.10694237053394318,0.5303893089294434,1.334477424621582,0.0,0.0,9.43227698347185
2975,2975,35,ramp,1,"[-0.47999998927116394, -0.41333332657814026, -0.3466666638851166, -0.2800000011920929]",-0.5237605571746826,-0.9110472798347473,-0.033056434243917465,0.5366165041923523,1.1804161071777344,0.28475672006607056,9.43227698347185,13.51396992966222
2975,2975,35,ramp,2,"[-0.46000000834465027, -0.3933333456516266, -0.3266666829586029, -0.2600000202655792]",-0.5272600650787354,-1.0191417932510376,0.04222148284316063,0.5015273094177246,1.2529826164245605,0.13636234402656555,13.51396992966222,18.101159629411576
2975,2975,35,ramp,3,"[-0.4399999976158142, -0.3733333349227905, -0.30666667222976685, -0.24000000953674316]",-0.5993461608886719,-0.9476263523101807,0.08765647560358047,0.4765964150428772,1.2214906215667725,0.11400330066680908,18.101159629411576,22.77302453570844
3000,3000,35,zero_hold,0,"[0.0, 0.0, 0.0, 0.0]",-0.2907189130783081,-0.5495608448982239,-0.27285391092300415,0.7489978075027466,1.0109310150146484,0.0,0.0,5.816385819835044
3000,3000,35,zero_hold,1,"[0.0, 0.0, 0.0, 0.0]",-0.2972218692302704,-0.36986246705055237,-0.33085712790489197,1.075695276260376,1.2213623523712158,0.37739819288253784,5.816385819835044,8.61454297421258
3000,3000,35,zero_hold,2,"[0.0, 0.0, 0.0, 0.0]",0.10694138705730438,-0.7151588797569275,-0.3887711763381958,1.218880534172058,1.4695922136306763,0.5535644292831421,8.61454297421258,10.956023190895642
3000,3000,35,zero_hold,3,"[0.0, 0.0, 0.0, 0.0]",0.07761861383914948,-0.44108328223228455,-0.4997389316558838,1.3111053705215454,1.4728596210479736,0.31112140417099,10.956023190895642,13.129539143126612
3000,3000,35,target_ahead,0,"[0.0, 0.0, 0.0, 0.0]",0.8801678419113159,-1.0035744905471802,-0.5401937365531921,0.4501243829727173,1.508734107017517,0.0,0.0,8.785596640512336
3000,3000,35,target_ahead,1,"[0.009999999776482582, 0.0, 0.0, 0.0]",1.0275928974151611,-1.1050697565078735,-0.6526085734367371,0.6257441639900208,1.7591418027877808,0.274799644947052,8.785596640512336,12.881378856262842
3000,3000,35,target_ahead,2,"[0.019999999552965164, 0.0, 0.0, 0.0]",1.0057969093322754,-1.136226773262024,-0.6924917697906494,0.6253802180290222,1.7813713550567627,0.05510559678077698,12.881378856262842,16.942292204303836
3000,3000,35,target_ahead,3,"[0.029999999329447746, 0.0, 0.0, 0.0]",0.9936140179634094,-1.1472195386886597,-0.7094278931617737,0.6198800206184387,1.786314845085144,0.024214627221226692,16.942292204303836,21.10578214445765
3000,3000,35,target_left,0,"[0.0, 0.0, 0.0, 0.0]",-0.16674548387527466,-1.5531198978424072,0.44714289903640747,-0.22905758023262024,1.6408501863479614,0.0,0.0,8.624738736956386
3000,3000,35,target_left,1,"[0.009999999776482582, 0.0, 0.0, 0.0]",-0.5747008323669434,-1.733209252357483,0.47123658657073975,-0.09456046670675278,1.8882004022598267,0.46640080213546753,8.624738736956386,12.6421350606501
3000,3000,35,target_left,2,"[0.019999999552965164, 0.0, 0.0, 0.0]",-0.40723055601119995,-1.7995553016662598,0.42646265029907227,-0.022381342947483063,1.8938339948654175,0.19915476441383362,12.6421350606501,16.63619216986656
3000,3000,35,target_left,3,"[0.029999999329447746, 0.0, 0.0, 0.0]",-0.4824618995189667,-1.8215720653533936,0.44608256220817566,0.015485085546970367,1.936523675918579,0.08923732489347458,16.63619216986656,20.718162020631354
3000,3000,35,ramp,0,"[-0.5, -0.4333333373069763, -0.36666667461395264, -0.30000001192092896]",-0.33456334471702576,-1.1435586214065552,-0.09901824593544006,0.5134603977203369,1.3011937141418457,0.0,0.0,9.442345626732703
3000,3000,35,ramp,1,"[-0.47999998927116394, -0.41333332657814026, -0.3466666638851166, -0.2800000011920929]",-0.48426029086112976,-0.9207035899162292,-0.016441451385617256,0.5059030652046204,1.1568973064422607,0.2809796631336212,9.442345626732703,13.489619167117668
3000,3000,35,ramp,2,"[-0.46000000834465027, -0.3933333456516266, -0.3266666829586029, -0.2600000202655792]",-0.48838454484939575,-1.040433645248413,0.05195127800107002,0.47470101714134216,1.2446130514144897,0.1414334774017334,13.489619167117668,18.04824266374959
3000,3000,35,ramp,3,"[-0.4399999976158142, -0.3733333349227905, -0.30666667222976685, -0.24000000953674316]",-0.5614946484565735,-0.9674906730651855,0.096490278840065,0.4559096395969391,1.2118079662322998,0.11402895301580429,18.04824266374959,22.70221110878663
3025,3025,35,zero_hold,0,"[0.0, 0.0, 0.0, 0.0]",-0.28965020179748535,-0.5587015748023987,-0.26658040285110474,0.7650970816612244,1.0259060859680176,0.0,0.0,5.824529203888643
3025,3025,35,zero_hold,1,"[0.0, 0.0, 0.0, 0.0]",-0.2953740358352661,-0.3772318661212921,-0.33300837874412537,1.088922142982483,1.2353929281234741,0.37714633345603943,5.824529203888643,8.61027941825472
3025,3025,35,zero_hold,2,"[0.0, 0.0, 0.0, 0.0]",0.10502194613218307,-0.7124118208885193,-0.39253583550453186,1.2263712882995605,1.4753410816192627,0.5432295203208923,8.61027941825472,10.943389261681448
3025,3025,35,zero_hold,3,"[0.0, 0.0, 0.0, 0.0]",0.06411720812320709,-0.43602123856544495,-0.5011368989944458,1.3207231760025024,1.4797545671463013,0.31426331400871277,10.943389261681448,13.113466228285295
3025,3025,35,target_ahead,0,"[0.0, 0.0, 0.0, 0.0]",0.8604679703712463,-1.0267932415008545,-0.5128298997879028,0.41229817271232605,1.4925460815429688,0.0,0.0,8.764629321158171
3025,3025,35,target_ahead,1,"[0.009999999776482582, 0.0, 0.0, 0.0]",1.0188417434692383,-1.1218640804290771,-0.6177816987037659,0.6078077554702759,1.7457668781280518,0.28872060775756836,8.764629321158171,12.825940646164465
3025,3025,35,target_ahead,2,"[0.019999999552965164, 0.0, 0.0, 0.0]",0.9984332919120789,-1.1507384777069092,-0.6638939380645752,0.6062124371528625,1.7689875364303589,0.05813019350171089,12.825940646164465,16.864306561445037
3025,3025,35,target_ahead,3,"[0.029999999329447746, 0.0, 0.0, 0.0]",0.984523355960846,-1.1619609594345093,-0.6832278370857239,0.5997223258018494,1.7736704349517822,0.02711736597120762,16.864306561445037,20.977576336489097
3025,3025,35,target_left,0,"[0.0, 0.0, 0.0, 0.0]",-0.1902724802494049,-1.55546236038208,0.4517102539539337,-0.20738843083381653,1.6439948081970215,0.0,0.0,8.643173052942464
3025,3025,35,target_left,1,"[0.009999999776482582, 0.0, 0.0, 0.0]",-0.6076714396476746,-1.7320432662963867,0.4804823100566864,-0.05307651311159134,1.8981355428695679,0.47962766885757446,8.643173052942464,12.6328289055156
3025,3025,35,target_left,2,"[0.019999999552965164, 0.0, 0.0, 0.0]",-0.4571869373321533,-1.7951478958129883,0.4266411364078522,0.029864616692066193,1.9011813402175903,0.19080325961112976,12.6328289055156,16.608556214811376
3025,3025,35,target_left,3,"[0.029999999329447746, 0.0, 0.0, 0.0]",-0.5290445685386658,-1.817821741104126,0.4522314965724945,0.062122635543346405,1.9474949836730957,0.08586657047271729,16.608556214811376,20.675076888938754
3025,3025,35,ramp,0,"[-0.5, -0.4333333373069763, -0.36666667461395264, -0.30000001192092896]",-0.3526397943496704,-1.1845448017120361,-0.11693006753921509,0.4675447940826416,1.3265639543533325,0.0,0.0,9.444284826168728
3025,3025,35,ramp,1,"[-0.47999998927116394, -0.41333332657814026, -0.3466666638851166, -0.2800000011920929]",-0.5207914710044861,-1.0023101568222046,-0.031234337016940117,0.4698558747768402,1.2237604856491089,0.2623614966869354,9.444284826168728,13.428659478942583
3025,3025,35,ramp,2,"[-0.46000000834465027, -0.3933333456516266, -0.3266666829586029, -0.2600000202655792]",-0.5258103609085083,-1.1217598915100098,0.048952437937259674,0.43746986985206604,1.3147615194320679,0.14755405485630035,13.428659478942583,17.933914699860274
3025,3025,35,ramp,3,"[-0.4399999976158142, -0.3733333349227905, -0.30666667222976685, -0.24000000953674316]",-0.5875125527381897,-1.0498055219650269,0.09646178781986237,0.41614821553230286,1.2766153812408447,0.10814963281154633,17.933914699860274,22.522594757555158
3050,3050,35,zero_hold,0,"[0.0, 0.0, 0.0, 0.0]",-0.2823038101196289,-0.5361394286155701,-0.2588554322719574,0.7631673812866211,1.008251667022705,0.0,0.0,5.874933700873485
3050,3050,35,zero_hold,1,"[0.0, 0.0, 0.0, 0.0]",-0.2793850302696228,-0.34287184476852417,-0.3350830376148224,1.0894485712051392,1.2226184606552124,0.38682159781455994,5.874933700873485,8.660436273837371
3050,3050,35,zero_hold,2,"[0.0, 0.0, 0.0, 0.0]",0.10113966464996338,-0.6819719672203064,-0.39513421058654785,1.2244476079940796,1.459697961807251,0.5306776762008667,8.660436273837371,11.001336387378153
3050,3050,35,zero_hold,3,"[0.0, 0.0, 0.0, 0.0]",0.09030525386333466,-0.40822750329971313,-0.49576741456985474,1.3089805841445923,1.4608286619186401,0.3038524091243744,11.001336387378153,13.180179476987636
3050,3050,35,target_ahead,0,"[0.0, 0.0, 0.0, 0.0]",0.8345984816551208,-1.024954080581665,-0.5436952114105225,0.40192487835884094,1.4846662282943726,0.0,0.0,8.781404652124849
3050,3050,35,target_ahead,1,"[0.009999999776482582, 0.0, 0.0, 0.0]",1.0015904903411865,-1.1261937618255615,-0.6601841449737549,0.5878474116325378,1.7472559213638306,0.29372209310531616,8.781404652124849,12.814766407919159
3050,3050,35,target_ahead,2,"[0.019999999552965164, 0.0, 0.0, 0.0]",0.9847740530967712,-1.1510746479034424,-0.7076228857040405,0.5861233472824097,1.7717289924621582,0.05617167800664902,12.814766407919159,16.836937636335332
3050,3050,35,target_ahead,3,"[0.029999999329447746, 0.0, 0.0, 0.0]",0.9722153544425964,-1.1610498428344727,-0.7248692512512207,0.5777266621589661,1.7755119800567627,0.025003336369991302,16.836937636335332,20.954898493318666
3050,3050,35,target_left,0,"[0.0, 0.0, 0.0, 0.0]",-0.16888496279716492,-1.5480290651321411,0.4353938400745392,-0.1945306658744812,1.628596305847168,0.0,0.0,8.64282359071792
3050,3050,35,target_left,1,"[0.009999999776482582, 0.0, 0.0, 0.0]",-0.5696563720703125,-1.71140456199646,0.4538399577140808,-0.0438779853284359,1.860459566116333,0.4586346745491028,8.64282359071792,12.591625727620263
3050,3050,35,target_left,2,"[0.019999999552965164, 0.0, 0.0, 0.0]",-0.4072943925857544,-1.7719390392303467,0.40034499764442444,0.0319003202021122,1.861974835395813,0.19654490053653717,12.591625727620263,16.540766238293614
3050,3050,35,target_left,3,"[0.029999999329447746, 0.0, 0.0, 0.0]",-0.48826366662979126,-1.7932484149932861,0.4278450310230255,0.06418780982494354,1.9082224369049072,0.09385545551776886,16.540766238293614,20.571511806008413
3050,3050,35,ramp,0,"[-0.5, -0.4333333373069763, -0.36666667461395264, -0.30000001192092896]",-0.36427876353263855,-1.247415542602539,-0.1373186856508255,0.4563714265823364,1.3841516971588135,0.0,0.0,9.465236761867185
3050,3050,35,ramp,1,"[-0.47999998927116394, -0.41333332657814026, -0.3466666638851166, -0.2800000011920929]",-0.5091508030891418,-1.0263633728027344,-0.0858447253704071,0.43786385655403137,1.2295325994491577,0.26989638805389404,9.465236761867185,13.334566094863666
3050,3050,35,ramp,2,"[-0.46000000834465027, -0.3933333456516266, -0.3266666829586029, -0.2600000202655792]",-0.5009540319442749,-1.1896281242370605,-0.009439508430659771,0.41136136651039124,1.3547978401184082,0.18238066136837006,13.334566094863666,17.707280186092834
3050,3050,35,ramp,3,"[-0.4399999976158142, -0.3733333349227905, -0.30666667222976685, -0.24000000953674316]",-0.5497468709945679,-1.0795207023620605,0.04466824606060982,0.394784539937973,1.2749261856079102,0.13306699693202972,17.707280186092834,22.19587378396078
