iteration,sampled_steps,stage,probe,probe_step,obs_first4,action_roll,action_pitch,action_rudder,action_throttle,action_norm,action_delta_norm,state_in_norm,state_out_norm
0,0,33,zero_hold,0,"[0.0, 0.0, 0.0, 0.0]",-0.10953646898269653,-0.24017111957073212,-0.07630167156457901,0.6929274797439575,0.7454199194908142,0.0,0.0,8.403908259757884
0,0,33,zero_hold,1,"[0.0, 0.0, 0.0, 0.0]",-0.1643538624048233,-0.22748467326164246,-0.07172644883394241,0.7856478095054626,0.8373461961746216,0.10855359584093094,8.403908259757884,12.250241229280274
0,0,33,zero_hold,2,"[0.0, 0.0, 0.0, 0.0]",0.01244342140853405,-0.2384480983018875,-0.08744388073682785,0.8089640140533447,0.8479867577552795,0.17935483157634735,12.250241229280274,15.713791228706611
0,0,33,zero_hold,3,"[0.0, 0.0, 0.0, 0.0]",0.03909285366535187,-0.26255008578300476,-0.10756514966487885,0.8122859001159668,0.8613010048866272,0.04131583869457245,15.713791228706611,18.834059233135754
0,0,33,target_ahead,0,"[0.0, 0.0, 0.0, 0.0]",0.5287989974021912,-0.8580508232116699,-0.26786479353904724,0.8222538828849792,1.32805597782135,0.0,0.0,12.450344707210437
0,0,33,target_ahead,1,"[0.009999999776482582, 0.0, 0.0, 0.0]",0.01902940683066845,-1.000659704208374,-0.27233168482780457,0.8106157183647156,1.316413402557373,0.529488205909729,12.450344707210437,16.87833078535985
0,0,33,target_ahead,2,"[0.019999999552965164, 0.0, 0.0, 0.0]",-0.13056695461273193,-1.0670835971832275,-0.23048105835914612,0.8434237837791443,1.3857128620147705,0.17210185527801514,16.87833078535985,21.207124373651755
0,0,33,target_ahead,3,"[0.029999999329447746, 0.0, 0.0, 0.0]",-0.19700336456298828,-1.0959749221801758,-0.2063576728105545,0.847277820110321,1.4143671989440918,0.0764545425772667,21.207124373651755,25.400199383414517
0,0,33,target_left,0,"[0.0, 0.0, 0.0, 0.0]",-0.006909983232617378,-1.0307356119155884,-0.13647054135799408,0.7191665768623352,1.2642344236373901,0.0,0.0,13.078820712834695
0,0,33,target_left,1,"[0.009999999776482582, 0.0, 0.0, 0.0]",-0.12288105487823486,-1.1589792966842651,-0.10399478673934937,0.719843327999115,1.3737983703613281,0.17592857778072357,13.078820712834695,18.737294390143564
0,0,33,target_left,2,"[0.019999999552965164, 0.0, 0.0, 0.0]",-0.1019354835152626,-1.206653356552124,-0.09793524444103241,0.7392481565475464,1.422140121459961,0.05589989572763443,18.737294390143564,24.43043597188319
0,0,33,target_left,3,"[0.029999999329447746, 0.0, 0.0, 0.0]",-0.1060943454504013,-1.2072882652282715,-0.0907544493675232,0.7463477849960327,1.4262090921401978,0.010939276777207851,24.43043597188319,30.093712286410945
0,0,33,ramp,0,"[-0.5, -0.4333333373069763, -0.36666667461395264, -0.30000001192092896]",-0.4529282748699188,-0.7655985951423645,-0.05791424214839935,0.7592054009437561,1.1709108352661133,0.0,0.0,13.204208757993065
0,0,33,ramp,1,"[-0.47999998927116394, -0.41333332657814026, -0.3466666638851166, -0.2800000011920929]",-0.3954426944255829,-0.9848983287811279,-0.020656580105423927,0.822101891040802,1.342638373374939,0.23820383846759796,13.204208757993065,18.94667432280345
0,0,33,ramp,2,"[-0.46000000834465027, -0.3933333456516266, -0.3266666829586029, -0.2600000202655792]",-0.41255447268486023,-1.0712535381317139,-0.018895020708441734,0.8404163718223572,1.4228289127349854,0.08993641287088394,18.94667432280345,24.59124599024499
0,0,33,ramp,3,"[-0.4399999976158142, -0.3733333349227905, -0.30666667222976685, -0.24000000953674316]",-0.4075271785259247,-1.1004575490951538,-0.020118262618780136,0.8446311950683594,1.4459916353225708,0.029956785961985588,24.59124599024499,30.13790829061794
25,25,33,zero_hold,0,"[0.0, 0.0, 0.0, 0.0]",-0.14499953389167786,-0.22588999569416046,-0.08074961602687836,0.7060497999191284,0.7596564888954163,0.0,0.0,8.405640798313245
25,25,33,zero_hold,1,"[0.0, 0.0, 0.0, 0.0]",-0.21594156324863434,-0.19871008396148682,-0.07278673350811005,0.7969667911529541,0.8523910641670227,0.11874689906835556,8.405640798313245,12.268493177741549
25,25,33,zero_hold,2,"[0.0, 0.0, 0.0, 0.0]",-0.01245078630745411,-0.19492970407009125,-0.09064799547195435,0.8184962272644043,0.8463484644889832,0.20543935894966125,12.268493177741549,15.745255840193117
25,25,33,zero_hold,3,"[0.0, 0.0, 0.0, 0.0]",0.048177510499954224,-0.2150803506374359,-0.1149667501449585,0.8212966322898865,0.8580945134162903,0.06841844320297241,15.745255840193117,18.85701306171949
25,25,33,target_ahead,0,"[0.0, 0.0, 0.0, 0.0]",0.5649076700210571,-0.8124986290931702,-0.26780441403388977,0.8515865802764893,1.3327391147613525,0.0,0.0,12.428610972550311
25,25,33,target_ahead,1,"[0.009999999776482582, 0.0, 0.0, 0.0]",0.03359897434711456,-0.9387005567550659,-0.2795170247554779,0.8386083841323853,1.2898377180099487,0.5463712215423584,12.428610972550311,16.781368581445424
25,25,33,target_ahead,2,"[0.019999999552965164, 0.0, 0.0, 0.0]",-0.12119324505329132,-1.000881552696228,-0.24652844667434692,0.8724808692932129,1.355894923210144,0.17338597774505615,16.781368581445424,21.046345504335207
25,25,33,target_ahead,3,"[0.029999999329447746, 0.0, 0.0, 0.0]",-0.22713474929332733,-1.0304664373397827,-0.2230815589427948,0.8730952143669128,1.3876280784606934,0.11246778070926666,21.046345504335207,25.184912286792
25,25,33,target_left,0,"[0.0, 0.0, 0.0, 0.0]",-0.06028307229280472,-1.0461746454238892,-0.14980505406856537,0.708352267742157,1.2737032175064087,0.0,0.0,13.099016473045763
25,25,33,target_left,1,"[0.009999999776482582, 0.0, 0.0, 0.0]",-0.18957723677158356,-1.1663488149642944,-0.12087178230285645,0.7124997973442078,1.3851263523101807,0.17892219126224518,13.099016473045763,18.77233349343144
25,25,33,target_left,2,"[0.019999999552965164, 0.0, 0.0, 0.0]",-0.16855038702487946,-1.2131816148757935,-0.11563312262296677,0.7314444184303284,1.4312934875488281,0.05497073754668236,18.77233349343144,24.472280484977592
25,25,33,target_left,3,"[0.029999999329447746, 0.0, 0.0, 0.0]",-0.17072375118732452,-1.2137333154678345,-0.10967784374952316,0.7390115857124329,1.4354311227798462,0.009887125343084335,24.472280484977592,30.14787620053051
25,25,33,ramp,0,"[-0.5, -0.4333333373069763, -0.36666667461395264, -0.30000001192092896]",-0.4752560555934906,-0.7825890183448792,-0.05743204429745674,0.7625961303710938,1.1929649114608765,0.0,0.0,13.208102793828019
25,25,33,ramp,1,"[-0.47999998927116394, -0.41333332657814026, -0.3466666638851166, -0.2800000011920929]",-0.4117259681224823,-1.0068674087524414,-0.02427191659808159,0.8249409794807434,1.3654365539550781,0.24356383085250854,13.208102793828019,18.927934972787455
25,25,33,ramp,2,"[-0.46000000834465027, -0.3933333456516266, -0.3266666829586029, -0.2600000202655792]",-0.4280567169189453,-1.0960601568222046,-0.02500845491886139,0.838392436504364,1.44502854347229,0.09167073667049408,18.927934972787455,24.54184851545093
25,25,33,ramp,3,"[-0.4399999976158142, -0.3733333349227905, -0.30666667222976685, -0.24000000953674316]",-0.42479977011680603,-1.1226651668548584,-0.027704600244760513,0.8399002552032471,1.4652752876281738,0.0269810501486063,24.54184851545093,30.030295807271486
50,50,33,zero_hold,0,"[0.0, 0.0, 0.0, 0.0]",-0.10185600817203522,-0.2534017264842987,-0.08836270123720169,0.7223589420318604,0.7773014307022095,0.0,0.0,8.417335917854523
50,50,33,zero_hold,1,"[0.0, 0.0, 0.0, 0.0]",-0.15664298832416534,-0.24168998003005981,-0.08736046403646469,0.8076151013374329,0.8618729710578918,0.10202154517173767,8.417335917854523,12.287109713197673
50,50,33,zero_hold,2,"[0.0, 0.0, 0.0, 0.0]",0.03360235318541527,-0.2449098825454712,-0.10998820513486862,0.8242298364639282,0.8675034642219543,0.19233232736587524,12.287109713197673,15.777742179578038
50,50,33,zero_hold,3,"[0.0, 0.0, 0.0, 0.0]",0.050516415387392044,-0.26900434494018555,-0.1325894296169281,0.8258416652679443,0.8800622820854187,0.037148915231227875,15.777742179578038,18.90350706854858
50,50,33,target_ahead,0,"[0.0, 0.0, 0.0, 0.0]",0.6141675710678101,-0.8577429056167603,-0.25788405537605286,0.8380452394485474,1.3717684745788574,0.0,0.0,12.472787187143261
50,50,33,target_ahead,1,"[0.009999999776482582, 0.0, 0.0, 0.0]",0.16682524979114532,-0.9785046577453613,-0.2753123342990875,0.8253130912780762,1.3199396133422852,0.4638581871986389,12.472787187143261,16.825620992474647
50,50,33,target_ahead,2,"[0.019999999552965164, 0.0, 0.0, 0.0]",0.01590673252940178,-1.0479391813278198,-0.2563256323337555,0.866640567779541,1.3839068412780762,0.17223821580410004,16.825620992474647,21.06421143605123
50,50,33,target_ahead,3,"[0.029999999329447746, 0.0, 0.0, 0.0]",-0.13116665184497833,-1.0786477327346802,-0.2355388104915619,0.8721853494644165,1.4131070375442505,0.15177758038043976,21.06421143605123,25.196289720514986
50,50,33,target_left,0,"[0.0, 0.0, 0.0, 0.0]",-0.014244165271520615,-1.0688199996948242,-0.14984780550003052,0.7074286937713623,1.2905381917953491,0.0,0.0,13.099941213719395
50,50,33,target_left,1,"[0.009999999776482582, 0.0, 0.0, 0.0]",-0.15698516368865967,-1.1839816570281982,-0.12738850712776184,0.7030184864997864,1.3917325735092163,0.18482713401317596,13.099941213719395,18.776106481145423
50,50,33,target_left,2,"[0.019999999552965164, 0.0, 0.0, 0.0]",-0.1424337923526764,-1.228872537612915,-0.12111815065145493,0.7218767404556274,1.4374250173568726,0.051204342395067215,18.776106481145423,24.484172009816135
50,50,33,target_left,3,"[0.029999999329447746, 0.0, 0.0, 0.0]",-0.14618587493896484,-1.2286665439605713,-0.11460971087217331,0.7285376191139221,1.4404493570327759,0.01004229299724102,24.484172009816135,30.161627514145998
50,50,33,ramp,0,"[-0.5, -0.4333333373069763, -0.36666667461395264, -0.30000001192092896]",-0.46630966663360596,-0.8098793029785156,-0.04653352126479149,0.7775326371192932,1.21658194065094,0.0,0.0,13.219212349958685
50,50,33,ramp,1,"[-0.47999998927116394, -0.41333332657814026, -0.3466666638851166, -0.2800000011920929]",-0.39816364645957947,-1.0372477769851685,-0.013419082388281822,0.8185539245605469,1.3800824880599976,0.24314525723457336,13.219212349958685,18.942853938125378
50,50,33,ramp,2,"[-0.46000000834465027, -0.3933333456516266, -0.3266666829586029, -0.2600000202655792]",-0.42045554518699646,-1.1226282119750977,-0.01522131823003292,0.8265658617019653,1.4562004804611206,0.08862384408712387,18.942853938125378,24.5607212599152
50,50,33,ramp,3,"[-0.4399999976158142, -0.3733333349227905, -0.30666667222976685, -0.24000000953674316]",-0.42030173540115356,-1.1482014656066895,-0.018649976700544357,0.827498197555542,1.4765233993530273,0.02581937052309513,24.5607212599152,30.050654075329007
75,75,33,zero_hold,0,"[0.0, 0.0, 0.0, 0.0]",-0.12226486206054688,-0.254340797662735,-0.0866180807352066,0.7291180491447449,0.7866089940071106,0.0,0.0,8.46346130587103
75,75,33,zero_hold,1,"[0.0, 0.0, 0.0, 0.0]",-0.19551405310630798,-0.2384563535451889,-0.08918961137533188,0.7975929379463196,0.859765350818634,0.10155384242534637,8.46346130587103,12.342623216026626
75,75,33,zero_hold,2,"[0.0, 0.0, 0.0, 0.0]",-0.01750265806913376,-0.24727043509483337,-0.11552952975034714,0.806610107421875,0.8517135381698608,0.18039080500602722,12.342623216026626,15.84206544468771
75,75,33,zero_hold,3,"[0.0, 0.0, 0.0, 0.0]",-0.009239725768566132,-0.27445659041404724,-0.13884633779525757,0.8071029186248779,0.8637738227844238,0.03675975278019905,15.84206544468771,18.997982059823634
75,75,33,target_ahead,0,"[0.0, 0.0, 0.0, 0.0]",0.5900692343711853,-0.8535004258155823,-0.26099634170532227,0.8461092710494995,1.3640618324279785,0.0,0.0,12.496893713104972
75,75,33,target_ahead,1,"[0.009999999776482582, 0.0, 0.0, 0.0]",0.12379541248083115,-0.9856166243553162,-0.2803441882133484,0.8124715685844421,1.3135708570480347,0.4861808121204376,12.496893713104972,16.827440434932296
75,75,33,target_ahead,2,"[0.019999999552965164, 0.0, 0.0, 0.0]",-0.01283971220254898,-1.05781888961792,-0.2591555416584015,0.8472545146942139,1.3799084424972534,0.1598159521818161,16.827440434932296,21.047816705112638
75,75,33,target_ahead,3,"[0.029999999329447746, 0.0, 0.0, 0.0]",-0.15628370642662048,-1.0920770168304443,-0.23690296709537506,0.8504717350006104,1.4129692316055298,0.14918220043182373,21.047816705112638,25.16347024844018
75,75,33,target_left,0,"[0.0, 0.0, 0.0, 0.0]",-0.06275399774312973,-1.042783498764038,-0.13592787086963654,0.6985950469970703,1.2640597820281982,0.0,0.0,13.107004315385211
75,75,33,target_left,1,"[0.009999999776482582, 0.0, 0.0, 0.0]",-0.19943276047706604,-1.1615777015686035,-0.1126447543501854,0.6877564191818237,1.3692092895507812,0.18290086090564728,13.107004315385211,18.777052807688825
75,75,33,target_left,2,"[0.019999999552965164, 0.0, 0.0, 0.0]",-0.17716529965400696,-1.209176778793335,-0.10831601917743683,0.7043862342834473,1.4147043228149414,0.05528834089636803,18.777052807688825,24.48137510524849
75,75,33,target_left,3,"[0.029999999329447746, 0.0, 0.0, 0.0]",-0.18036764860153198,-1.209536075592041,-0.10267910361289978,0.7114009857177734,1.4185007810592651,0.0095585398375988,24.48137510524849,30.161299922831574
75,75,33,ramp,0,"[-0.5, -0.4333333373069763, -0.36666667461395264, -0.30000001192092896]",-0.4667431116104126,-0.7914692163467407,-0.04223198816180229,0.7678543329238892,1.1981887817382812,0.0,0.0,13.234263668133314
75,75,33,ramp,1,"[-0.47999998927116394, -0.41333332657814026, -0.3466666638851166, -0.2800000011920929]",-0.405889630317688,-1.0357844829559326,-0.009136652573943138,0.8022700548171997,1.3716109991073608,0.25626713037490845,13.234263668133314,18.955831665903027
75,75,33,ramp,2,"[-0.46000000834465027, -0.3933333456516266, -0.3266666829586029, -0.2600000202655792]",-0.41753360629081726,-1.1276254653930664,-0.011034483090043068,0.8123826384544373,1.451192855834961,0.0931461974978447,18.955831665903027,24.56879635408251
75,75,33,ramp,3,"[-0.4399999976158142, -0.3733333349227905, -0.30666667222976685, -0.24000000953674316]",-0.41504132747650146,-1.1555625200271606,-0.014591660350561142,0.8137341737747192,1.4730784893035889,0.02830495685338974,24.56879635408251,30.05163917184358
100,100,33,zero_hold,0,"[0.0, 0.0, 0.0, 0.0]",-0.14030522108078003,-0.24049066007137299,-0.07916077971458435,0.7375537157058716,0.7923214435577393,0.0,0.0,8.495904448767618
100,100,33,zero_hold,1,"[0.0, 0.0, 0.0, 0.0]",-0.21940556168556213,-0.21612101793289185,-0.07162842899560928,0.7988289594650269,0.8591306209564209,0.10325761884450912,8.495904448767618,12.375163277149532
100,100,33,zero_hold,2,"[0.0, 0.0, 0.0, 0.0]",-0.02250276878476143,-0.21927332878112793,-0.09752766788005829,0.8048321008682251,0.8401508927345276,0.1987145096063614,12.375163277149532,15.86307234123187
100,100,33,zero_hold,3,"[0.0, 0.0, 0.0, 0.0]",-0.012070823460817337,-0.24419640004634857,-0.12224630266427994,0.8041033744812012,0.8492961525917053,0.03662686049938202,15.86307234123187,19.00657968543287
100,100,33,target_ahead,0,"[0.0, 0.0, 0.0, 0.0]",0.5971110463142395,-0.8289600610733032,-0.254495769739151,0.8674036264419556,1.3641383647918701,0.0,0.0,12.514563552734328
100,100,33,target_ahead,1,"[0.009999999776482582, 0.0, 0.0, 0.0]",0.09275296330451965,-0.9178693294525146,-0.26995426416397095,0.8344102501869202,1.272871971130371,0.5134290456771851,12.514563552734328,16.82640265750585
100,100,33,target_ahead,2,"[0.019999999552965164, 0.0, 0.0, 0.0]",-0.032059285789728165,-0.9840686321258545,-0.25019940733909607,0.8649321794509888,1.3342137336730957,0.14588449895381927,16.82640265750585,21.05599164791605
100,100,33,target_ahead,3,"[0.029999999329447746, 0.0, 0.0, 0.0]",-0.17107844352722168,-1.0127007961273193,-0.22939686477184296,0.8650749921798706,1.3622806072235107,0.1434534639120102,21.05599164791605,25.162864489248463
100,100,33,target_left,0,"[0.0, 0.0, 0.0, 0.0]",-0.05393337830901146,-1.0424225330352783,-0.1451895385980606,0.7080443501472473,1.2696300745010376,0.0,0.0,13.116519900112927
100,100,33,target_left,1,"[0.009999999776482582, 0.0, 0.0, 0.0]",-0.20031380653381348,-1.1559593677520752,-0.12243899703025818,0.6970004439353943,1.3700979948043823,0.18696898221969604,13.116519900112927,18.782775205845308
100,100,33,target_left,2,"[0.019999999552965164, 0.0, 0.0, 0.0]",-0.1791382133960724,-1.2018463611602783,-0.11824513971805573,0.7132713794708252,1.4139529466629028,0.053257428109645844,18.782775205845308,24.480614253349007
100,100,33,target_left,3,"[0.029999999329447746, 0.0, 0.0, 0.0]",-0.18336322903633118,-1.2027994394302368,-0.11301487684249878,0.7198159694671631,1.4181876182556152,0.009431141428649426,24.480614253349007,30.155084278337554
100,100,33,ramp,0,"[-0.5, -0.4333333373069763, -0.36666667461395264, -0.30000001192092896]",-0.4458984136581421,-0.7882838249206543,-0.05651410296559334,0.7655159831047058,1.1871922016143799,0.0,0.0,13.213684687547257
100,100,33,ramp,1,"[-0.47999998927116394, -0.41333332657814026, -0.3466666638851166, -0.2800000011920929]",-0.38982486724853516,-1.0488841533660889,-0.03279464319348335,0.798581063747406,1.375110387802124,0.2696529030799866,13.213684687547257,18.940613913377238
100,100,33,ramp,2,"[-0.46000000834465027, -0.3933333456516266, -0.3266666829586029, -0.2600000202655792]",-0.40216028690338135,-1.1372523307800293,-0.033803392201662064,0.8072431683540344,1.4518470764160156,0.08965013921260834,18.940613913377238,24.536543161427627
100,100,33,ramp,3,"[-0.4399999976158142, -0.3733333349227905, -0.30666667222976685, -0.24000000953674316]",-0.39854925870895386,-1.1616652011871338,-0.03592442348599434,0.8096659779548645,1.471447229385376,0.024887679144740105,24.536543161427627,29.991666743173575
125,125,33,zero_hold,0,"[0.0, 0.0, 0.0, 0.0]",-0.12451973557472229,-0.2390490174293518,-0.08735055476427078,0.7231172323226929,0.7766455411911011,0.0,0.0,8.451979753258696
125,125,33,zero_hold,1,"[0.0, 0.0, 0.0, 0.0]",-0.19203683733940125,-0.20952670276165009,-0.07230766117572784,0.7778153419494629,0.8312669396400452,0.09299622476100922,8.451979753258696,12.306187464744974
125,125,33,zero_hold,2,"[0.0, 0.0, 0.0, 0.0]",0.030716387555003166,-0.20680086314678192,-0.09598354995250702,0.7798255085945129,0.8130503296852112,0.22403351962566376,12.306187464744974,15.76665395910365
125,125,33,zero_hold,3,"[0.0, 0.0, 0.0, 0.0]",0.058131732046604156,-0.23179717361927032,-0.12352824956178665,0.7789385318756104,0.8240835666656494,0.04621594771742821,15.76665395910365,18.875665661785977
125,125,33,target_ahead,0,"[0.0, 0.0, 0.0, 0.0]",0.631843090057373,-0.8112795352935791,-0.256152480840683,0.8662787675857544,1.3687413930892944,0.0,0.0,12.48188263808398
125,125,33,target_ahead,1,"[0.009999999776482582, 0.0, 0.0, 0.0]",0.174693763256073,-0.8681625127792358,-0.2619188129901886,0.8302744030952454,1.2418458461761475,0.4621155261993408,12.48188263808398,16.734712159308195
125,125,33,target_ahead,2,"[0.019999999552965164, 0.0, 0.0, 0.0]",0.04845580458641052,-0.956093430519104,-0.25295552611351013,0.8684058785438538,1.3170337677001953,0.15875206887722015,16.734712159308195,20.89884548141816
125,125,33,target_ahead,3,"[0.029999999329447746, 0.0, 0.0, 0.0]",-0.1161741316318512,-0.98560631275177,-0.23019394278526306,0.8717696070671082,1.3408533334732056,0.16882959008216858,20.89884548141816,24.94690774686224
125,125,33,target_left,0,"[0.0, 0.0, 0.0, 0.0]",-0.0388340950012207,-1.0488531589508057,-0.14816266298294067,0.7004623413085938,1.2705119848251343,0.0,0.0,13.10881460132206
125,125,33,target_left,1,"[0.009999999776482582, 0.0, 0.0, 0.0]",-0.17279726266860962,-1.1645468473434448,-0.11922212690114975,0.6826316714286804,1.3660995960235596,0.18024052679538727,13.10881460132206,18.765237641171066
125,125,33,target_left,2,"[0.019999999552965164, 0.0, 0.0, 0.0]",-0.15255671739578247,-1.2111563682556152,-0.11525566130876541,0.6995560526847839,1.411678433418274,0.05370562896132469,18.765237641171066,24.428677797894085
125,125,33,target_left,3,"[0.029999999329447746, 0.0, 0.0, 0.0]",-0.15601980686187744,-1.212088704109192,-0.1097031757235527,0.7054643034934998,1.415350079536438,0.008865650743246078,24.428677797894085,30.065435856281546
125,125,33,ramp,0,"[-0.5, -0.4333333373069763, -0.36666667461395264, -0.30000001192092896]",-0.4902838468551636,-0.7777926921844482,-0.051100533455610275,0.774023711681366,1.2029396295547485,0.0,0.0,13.217397113415963
125,125,33,ramp,1,"[-0.47999998927116394, -0.41333332657814026, -0.3466666638851166, -0.2800000011920929]",-0.44645750522613525,-1.0478558540344238,-0.014295618049800396,0.8088132739067078,1.3970359563827515,0.27824410796165466,13.217397113415963,18.92405605423068
125,125,33,ramp,2,"[-0.46000000834465027, -0.3933333456516266, -0.3266666829586029, -0.2600000202655792]",-0.4441838562488556,-1.1376094818115234,-0.013600648380815983,0.8139376640319824,1.4676969051361084,0.08993122726678848,18.92405605423068,24.480551581815067
125,125,33,ramp,3,"[-0.4399999976158142, -0.3733333349227905, -0.30666667222976685, -0.24000000953674316]",-0.43428540229797363,-1.1630394458770752,-0.01673773117363453,0.8152115941047668,1.4852994680404663,0.027497757226228714,24.480551581815067,29.901091915002674
150,150,33,zero_hold,0,"[0.0, 0.0, 0.0, 0.0]",-0.10549470782279968,-0.2267836332321167,-0.07838588207960129,0.7062835693359375,0.7533529996871948,0.0,0.0,8.430910107331256
150,150,33,zero_hold,1,"[0.0, 0.0, 0.0, 0.0]",-0.19634051620960236,-0.20469608902931213,-0.07340209186077118,0.7644608616828918,0.8186808824539185,0.11022819578647614,8.430910107331256,12.290149144841262
150,150,33,zero_hold,2,"[0.0, 0.0, 0.0, 0.0]",-0.03774130716919899,-0.20667898654937744,-0.09678440541028976,0.7703922986984253,0.804370641708374,0.1604355275630951,12.290149144841262,15.766953885077113
150,150,33,zero_hold,3,"[0.0, 0.0, 0.0, 0.0]",-0.020538870245218277,-0.22630253434181213,-0.11870379745960236,0.7719380855560303,0.8133963942527771,0.034115344285964966,15.766953885077113,18.89900436644644
150,150,33,target_ahead,0,"[0.0, 0.0, 0.0, 0.0]",0.6341675519943237,-0.7972498536109924,-0.2347414493560791,0.85072261095047,1.3478161096572876,0.0,0.0,12.445740542927576
150,150,33,target_ahead,1,"[0.009999999776482582, 0.0, 0.0, 0.0]",0.16402532160282135,-0.8609621524810791,-0.23830701410770416,0.8177188634872437,1.2221351861953735,0.4755995571613312,12.445740542927576,16.687482506533076
150,150,33,target_ahead,2,"[0.019999999552965164, 0.0, 0.0, 0.0]",0.025074075907468796,-0.9508100748062134,-0.22699618339538574,0.8591870665550232,1.3016904592514038,0.1709609478712082,16.687482506533076,20.838069546959396
150,150,33,target_ahead,3,"[0.029999999329447746, 0.0, 0.0, 0.0]",-0.1359841674566269,-0.9735473990440369,-0.20370317995548248,0.8659399747848511,1.325757622718811,0.16445337235927582,20.838069546959396,24.881713559991336
150,150,33,target_left,0,"[0.0, 0.0, 0.0, 0.0]",-0.04278847202658653,-1.0315988063812256,-0.14865311980247498,0.7001252174377441,1.256304144859314,0.0,0.0,13.086370326646895
150,150,33,target_left,1,"[0.009999999776482582, 0.0, 0.0, 0.0]",-0.18428100645542145,-1.1582201719284058,-0.12425611168146133,0.692728579044342,1.3677520751953125,0.19158035516738892,13.086370326646895,18.728665552741035
150,150,33,target_left,2,"[0.019999999552965164, 0.0, 0.0, 0.0]",-0.16616567969322205,-1.207822561264038,-0.11893326044082642,0.7161403298377991,1.4189603328704834,0.05800866335630417,18.728665552741035,24.36380309070187
150,150,33,target_left,3,"[0.029999999329447746, 0.0, 0.0, 0.0]",-0.16880346834659576,-1.2101002931594849,-0.11353464424610138,0.7234337329864502,1.4244590997695923,0.009720328263938427,24.36380309070187,29.964401156338234
150,150,33,ramp,0,"[-0.5, -0.4333333373069763, -0.36666667461395264, -0.30000001192092896]",-0.4739515781402588,-0.7773520350456238,-0.05410521477460861,0.7905401587486267,1.2069745063781738,0.0,0.0,13.21493494024968
150,150,33,ramp,1,"[-0.47999998927116394, -0.41333332657814026, -0.3466666638851166, -0.2800000011920929]",-0.44377782940864563,-1.050869107246399,-0.014384141191840172,0.8224050402641296,1.4063504934310913,0.27984848618507385,13.21493494024968,18.97541532299994
150,150,33,ramp,2,"[-0.46000000834465027, -0.3933333456516266, -0.3266666829586029, -0.2600000202655792]",-0.4408920407295227,-1.141123652458191,-0.012045325711369514,0.8266469836235046,1.476495623588562,0.09043049812316895,18.97541532299994,24.55785537424928
150,150,33,ramp,3,"[-0.4399999976158142, -0.3733333349227905, -0.30666667222976685, -0.24000000953674316]",-0.43114274740219116,-1.164078712463379,-0.013349954038858414,0.827118992805481,1.4917330741882324,0.024978157132864,24.55785537424928,30.00017650117398
175,175,33,zero_hold,0,"[0.0, 0.0, 0.0, 0.0]",-0.07765673846006393,-0.2370123565196991,-0.0730338916182518,0.6932735443115234,0.7403833866119385,0.0,0.0,8.440754015708896
175,175,33,zero_hold,1,"[0.0, 0.0, 0.0, 0.0]",-0.1671222746372223,-0.22876712679862976,-0.06348114460706711,0.7283121943473816,0.7840489149093628,0.09690731763839722,8.440754015708896,12.291482529715482
175,175,33,zero_hold,2,"[0.0, 0.0, 0.0, 0.0]",-0.03184282034635544,-0.2373412400484085,-0.08642556518316269,0.7240815162658691,0.7675338387489319,0.13754414021968842,12.291482529715482,15.755271157982252
175,175,33,zero_hold,3,"[0.0, 0.0, 0.0, 0.0]",-0.03360100835561752,-0.2547382712364197,-0.10799912363290787,0.7235081791877747,0.7753376364707947,0.027775799855589867,15.755271157982252,18.88687587843718
175,175,33,target_ahead,0,"[0.0, 0.0, 0.0, 0.0]",0.6338236331939697,-0.823729395866394,-0.2382255345582962,0.8255242705345154,1.3485193252563477,0.0,0.0,12.470436249224877
175,175,33,target_ahead,1,"[0.009999999776482582, 0.0, 0.0, 0.0]",0.20915713906288147,-0.8903695940971375,-0.24370335042476654,0.7845152020454407,1.2293739318847656,0.4318498373031616,12.470436249224877,16.702229771672883
175,175,33,target_ahead,2,"[0.019999999552965164, 0.0, 0.0, 0.0]",0.06889801472425461,-0.9818760752677917,-0.23350399732589722,0.8269155025482178,1.3065760135650635,0.1730545163154602,16.702229771672883,20.823911423428417
175,175,33,target_ahead,3,"[0.029999999329447746, 0.0, 0.0, 0.0]",-0.10319734364748001,-0.99847811460495,-0.206135556101799,0.83445805311203,1.3215219974517822,0.17520947754383087,20.823911423428417,24.859223557992404
175,175,33,target_left,0,"[0.0, 0.0, 0.0, 0.0]",0.011221373453736305,-1.0529844760894775,-0.14404918253421783,0.6731616854667664,1.2580934762954712,0.0,0.0,13.090911778932787
175,175,33,target_left,1,"[0.009999999776482582, 0.0, 0.0, 0.0]",-0.12556041777133942,-1.1793231964111328,-0.11950314044952393,0.6544176936149597,1.3598206043243408,0.18874473869800568,13.090911778932787,18.727204375787633
175,175,33,target_left,2,"[0.019999999552965164, 0.0, 0.0, 0.0]",-0.11244764178991318,-1.2215696573257446,-0.11193536967039108,0.6799352169036865,1.407024621963501,0.051624834537506104,18.727204375787633,24.352980462031116
175,175,33,target_left,3,"[0.029999999329447746, 0.0, 0.0, 0.0]",-0.11354594677686691,-1.2210454940795898,-0.1051916778087616,0.6875180602073669,1.4098196029663086,0.010220465250313282,24.352980462031116,29.942930938721766
175,175,33,ramp,0,"[-0.5, -0.4333333373069763, -0.36666667461395264, -0.30000001192092896]",-0.4889090359210968,-0.7862063050270081,-0.047036029398441315,0.7906572818756104,1.2184021472930908,0.0,0.0,13.22402932864379
175,175,33,ramp,1,"[-0.47999998927116394, -0.41333332657814026, -0.3466666638851166, -0.2800000011920929]",-0.42792776226997375,-1.0545456409454346,-0.006856943946331739,0.8305069804191589,1.408892273902893,0.28093963861465454,13.22402932864379,18.927547157484433
175,175,33,ramp,2,"[-0.46000000834465027, -0.3933333456516266, -0.3266666829586029, -0.2600000202655792]",-0.4247010350227356,-1.142850399017334,-0.003540040459483862,0.8286809325218201,1.474178671836853,0.0884447768330574,18.927547157484433,24.487078452701393
175,175,33,ramp,3,"[-0.4399999976158142, -0.3733333349227905, -0.30666667222976685, -0.24000000953674316]",-0.4161854386329651,-1.1649281978607178,-0.004532154183834791,0.8256485462188721,1.4872740507125854,0.023877274245023727,24.487078452701393,29.912912949885705
200,200,33,zero_hold,0,"[0.0, 0.0, 0.0, 0.0]",-0.07044759392738342,-0.24843478202819824,-0.08462420105934143,0.6769982576370239,0.7295002341270447,0.0,0.0,8.42931629417072
200,200,33,zero_hold,1,"[0.0, 0.0, 0.0, 0.0]",-0.17047090828418732,-0.24469846487045288,-0.07863335311412811,0.7080618143081665,0.7723162174224854,0.10497361421585083,8.42931629417072,12.278812036935054
200,200,33,zero_hold,2,"[0.0, 0.0, 0.0, 0.0]",-0.08019645512104034,-0.2538556158542633,-0.09585683792829514,0.7128427028656006,0.7669467926025391,0.09248153865337372,12.278812036935054,15.745935151327528
200,200,33,zero_hold,3,"[0.0, 0.0, 0.0, 0.0]",-0.0914677083492279,-0.2651228606700897,-0.1111612617969513,0.7160335779190063,0.7769924998283386,0.022324852645397186,15.745935151327528,18.890342102485747
200,200,33,target_ahead,0,"[0.0, 0.0, 0.0, 0.0]",0.5591000318527222,-0.867302656173706,-0.2574344575405121,0.7808569669723511,1.3194001913070679,0.0,0.0,12.475706823411162
200,200,33,target_ahead,1,"[0.009999999776482582, 0.0, 0.0, 0.0]",0.15891458094120026,-0.9268132448196411,-0.24950720369815826,0.7650985717773438,1.2376859188079834,0.4049704968929291,12.475706823411162,16.7363941475291
200,200,33,target_ahead,2,"[0.019999999552965164, 0.0, 0.0, 0.0]",0.012319967150688171,-1.0204881429672241,-0.23021724820137024,0.8088526725769043,1.3224183320999146,0.18042032420635223,16.7363941475291,20.871518144465373
200,200,33,target_ahead,3,"[0.029999999329447746, 0.0, 0.0, 0.0]",-0.14353354275226593,-1.040837287902832,-0.19856463372707367,0.8167695999145508,1.345542550086975,0.16052715480327606,20.871518144465373,24.919115155685407
200,200,33,target_left,0,"[0.0, 0.0, 0.0, 0.0]",-0.015241935849189758,-1.0570300817489624,-0.1511547714471817,0.6582531929016113,1.2544679641723633,0.0,0.0,13.082007980749184
200,200,33,target_left,1,"[0.009999999776482582, 0.0, 0.0, 0.0]",-0.14490914344787598,-1.1887973546981812,-0.12337134033441544,0.6397989988327026,1.3633785247802734,0.18785279989242554,13.082007980749184,18.717345704574747
200,200,33,target_left,2,"[0.019999999552965164, 0.0, 0.0, 0.0]",-0.1251092255115509,-1.2326184511184692,-0.11648819595575333,0.6631560325622559,1.41008722782135,0.05390040948987007,18.717345704574747,24.33955606277428
200,200,33,target_left,3,"[0.029999999329447746, 0.0, 0.0, 0.0]",-0.12499555200338364,-1.231738805770874,-0.11095044016838074,0.6688096523284912,1.4115313291549683,0.007963470183312893,24.33955606277428,29.921158420012745
200,200,33,ramp,0,"[-0.5, -0.4333333373069763, -0.36666667461395264, -0.30000001192092896]",-0.5395023226737976,-0.76348876953125,-0.04491652548313141,0.7291238307952881,1.1864303350448608,0.0,0.0,13.222532940095462
200,200,33,ramp,1,"[-0.47999998927116394, -0.41333332657814026, -0.3466666638851166, -0.2800000011920929]",-0.4842401146888733,-1.0321804285049438,-0.001856812508776784,0.7849304676055908,1.3841980695724487,0.28322720527648926,13.222532940095462,18.91752262132085
200,200,33,ramp,2,"[-0.46000000834465027, -0.3933333456516266, -0.3266666829586029, -0.2600000202655792]",-0.4734686017036438,-1.1329737901687622,-0.00029680621810257435,0.7908824682235718,1.4605811834335327,0.10155386477708817,18.91752262132085,24.47561561519909
200,200,33,ramp,3,"[-0.4399999976158142, -0.3733333349227905, -0.30666667222976685, -0.24000000953674316]",-0.4615793228149414,-1.1604918241500854,-0.0009473462123423815,0.7891197204589844,1.4773311614990234,0.030035439878702164,24.47561561519909,29.918740558575298
225,225,33,zero_hold,0,"[0.0, 0.0, 0.0, 0.0]",-0.04320786893367767,-0.25406473875045776,-0.09332185983657837,0.6506503224372864,0.7060245275497437,0.0,0.0,8.384596925805425
225,225,33,zero_hold,1,"[0.0, 0.0, 0.0, 0.0]",-0.13691776990890503,-0.255794882774353,-0.09625494480133057,0.668919563293457,0.7354562282562256,0.09553484618663788,8.384596925805425,12.208797209228663
225,225,33,zero_hold,2,"[0.0, 0.0, 0.0, 0.0]",-0.06491821259260178,-0.27170872688293457,-0.11567915976047516,0.666227400302887,0.7316287755966187,0.07630029320716858,12.208797209228663,15.65947161311526
225,225,33,zero_hold,3,"[0.0, 0.0, 0.0, 0.0]",-0.08461591601371765,-0.29023489356040955,-0.12968245148658752,0.6671339273452759,0.7438288331031799,0.0304652638733387,15.65947161311526,18.787622470091357
225,225,33,target_ahead,0,"[0.0, 0.0, 0.0, 0.0]",0.5481926798820496,-0.9200381636619568,-0.25709062814712524,0.7681196331977844,1.3427914381027222,0.0,0.0,12.508358861301462
225,225,33,target_ahead,1,"[0.009999999776482582, 0.0, 0.0, 0.0]",0.22175851464271545,-0.9897165298461914,-0.25340285897254944,0.7400121092796326,1.2808382511138916,0.3349895179271698,12.508358861301462,16.75900051302976
225,225,33,target_ahead,2,"[0.019999999552965164, 0.0, 0.0, 0.0]",0.09521030634641647,-1.0687954425811768,-0.23345845937728882,0.7772414088249207,1.3453608751296997,0.15508617460727692,16.75900051302976,20.82456403427587
225,225,33,target_ahead,3,"[0.029999999329447746, 0.0, 0.0, 0.0]",-0.06828255206346512,-1.0922863483428955,-0.20499259233474731,0.7846865057945251,1.3621699810028076,0.1677720844745636,20.82456403427587,24.78512472291151
225,225,33,target_left,0,"[0.0, 0.0, 0.0, 0.0]",-0.018781229853630066,-1.0801270008087158,-0.14876624941825867,0.6407890915870667,1.2648197412490845,0.0,0.0,13.059410532728101
225,225,33,target_left,1,"[0.009999999776482582, 0.0, 0.0, 0.0]",-0.1359267234802246,-1.207014799118042,-0.12183400988578796,0.5985001921653748,1.3595612049102783,0.17982569336891174,13.059410532728101,18.64688669251321
225,225,33,target_left,2,"[0.019999999552965164, 0.0, 0.0, 0.0]",-0.1143452450633049,-1.2507059574127197,-0.11794684082269669,0.619345486164093,1.4052902460098267,0.05314427614212036,18.64688669251321,24.22645871252959
225,225,33,target_left,3,"[0.029999999329447746, 0.0, 0.0, 0.0]",-0.113667793571949,-1.2497644424438477,-0.11405671387910843,0.6256725192070007,1.4068782329559326,0.007517301943153143,24.22645871252959,29.76873287331899
225,225,33,ramp,0,"[-0.5, -0.4333333373069763, -0.36666667461395264, -0.30000001192092896]",-0.5105457901954651,-0.7982810139656067,-0.04567640647292137,0.6947619318962097,1.1758784055709839,0.0,0.0,13.244204428824654
225,225,33,ramp,1,"[-0.47999998927116394, -0.41333332657814026, -0.3466666638851166, -0.2800000011920929]",-0.46901118755340576,-1.0606056451797485,0.0016673144418746233,0.7402299046516418,1.3757902383804321,0.2735837996006012,13.244204428824654,18.93060929470631
225,225,33,ramp,2,"[-0.46000000834465027, -0.3933333456516266, -0.3266666829586029, -0.2600000202655792]",-0.46574026346206665,-1.1586847305297852,0.0034153845626860857,0.7460207343101501,1.4546555280685425,0.09831986576318741,18.93060929470631,24.484838934833405
225,225,33,ramp,3,"[-0.4399999976158142, -0.3733333349227905, -0.30666667222976685, -0.24000000953674316]",-0.4546336829662323,-1.1854944229125977,0.002837804378941655,0.745764434337616,1.4725017547607422,0.029026109725236893,24.484838934833405,29.924617521112097
250,250,33,zero_hold,0,"[0.0, 0.0, 0.0, 0.0]",-0.08032602071762085,-0.2567690312862396,-0.0941556841135025,0.6522683501243591,0.7118299603462219,0.0,0.0,8.41996787775102
250,250,33,zero_hold,1,"[0.0, 0.0, 0.0, 0.0]",-0.19723060727119446,-0.2695416212081909,-0.08753987401723862,0.6638110876083374,0.7482386231422424,0.11835043132305145,8.41996787775102,12.275494511563691
250,250,33,zero_hold,2,"[0.0, 0.0, 0.0, 0.0]",-0.11120057106018066,-0.29328134655952454,-0.10470090061426163,0.6578735709190369,0.7363011837005615,0.09107412397861481,12.275494511563691,15.75665367060296
250,250,33,zero_hold,3,"[0.0, 0.0, 0.0, 0.0]",-0.10685141384601593,-0.3199503719806671,-0.12031163275241852,0.657377302646637,0.7486022114753723,0.03121046908199787,15.75665367060296,18.90626138609414
250,250,33,target_ahead,0,"[0.0, 0.0, 0.0, 0.0]",0.5507057905197144,-0.9040707945823669,-0.2633242905139923,0.7692337036132812,1.3347963094711304,0.0,0.0,12.502206273612106
250,250,33,target_ahead,1,"[0.009999999776482582, 0.0, 0.0, 0.0]",0.23377642035484314,-0.9616498947143555,-0.2669832408428192,0.7295987606048584,1.258179783821106,0.3245672583580017,12.502206273612106,16.738833584078066
250,250,33,target_ahead,2,"[0.019999999552965164, 0.0, 0.0, 0.0]",0.08702677488327026,-1.0384550094604492,-0.2498500794172287,0.7645035982131958,1.3163788318634033,0.17013634741306305,16.738833584078066,20.765126569214495
250,250,33,target_ahead,3,"[0.029999999329447746, 0.0, 0.0, 0.0]",-0.09983491897583008,-1.0580086708068848,-0.22367535531520844,0.7705370187759399,1.3315807580947876,0.18979239463806152,20.765126569214495,24.676067590617386
250,250,33,target_left,0,"[0.0, 0.0, 0.0, 0.0]",-0.08280032128095627,-1.069169282913208,-0.14125271141529083,0.6221625804901123,1.2478049993515015,0.0,0.0,13.049736363847916
250,250,33,target_left,1,"[0.009999999776482582, 0.0, 0.0, 0.0]",-0.20163750648498535,-1.2071094512939453,-0.11553479731082916,0.5833224058151245,1.3606557846069336,0.1879354566335678,13.049736363847916,18.64340073206072
250,250,33,target_left,2,"[0.019999999552965164, 0.0, 0.0, 0.0]",-0.17536303400993347,-1.2567031383514404,-0.1160426065325737,0.6040956974029541,1.4101250171661377,0.05984704941511154,18.64340073206072,24.2285540159024
250,250,33,target_left,3,"[0.029999999329447746, 0.0, 0.0, 0.0]",-0.1781327724456787,-1.2580697536468506,-0.11331167817115784,0.6104169487953186,1.4141849279403687,0.007546872366219759,24.2285540159024,29.78266369968367
250,250,33,ramp,0,"[-0.5, -0.4333333373069763, -0.36666667461395264, -0.30000001192092896]",-0.5282146334648132,-0.795364499092102,-0.05471672862768173,0.6898206472396851,1.1791784763336182,0.0,0.0,13.24450921566746
250,250,33,ramp,1,"[-0.47999998927116394, -0.41333332657814026, -0.3466666638851166, -0.2800000011920929]",-0.49945539236068726,-1.0728490352630615,-0.011302127502858639,0.7491165399551392,1.4006298780441284,0.2884884476661682,13.24450921566746,18.94600890170058
250,250,33,ramp,2,"[-0.46000000834465027, -0.3933333456516266, -0.3266666829586029, -0.2600000202655792]",-0.4959898591041565,-1.173233151435852,-0.009135317988693714,0.7546507716178894,1.4805617332458496,0.1006195992231369,18.94600890170058,24.493425892038974
250,250,33,ramp,3,"[-0.4399999976158142, -0.3733333349227905, -0.30666667222976685, -0.24000000953674316]",-0.48337268829345703,-1.2003517150878906,-0.009366790764033794,0.7533324956893921,1.4973613023757935,0.029939955100417137,24.493425892038974,29.91814928529064
275,275,33,zero_hold,0,"[0.0, 0.0, 0.0, 0.0]",-0.08110173046588898,-0.25339969992637634,-0.08993549644947052,0.6331515908241272,0.6926458477973938,0.0,0.0,8.444816560003451
275,275,33,zero_hold,1,"[0.0, 0.0, 0.0, 0.0]",-0.19396337866783142,-0.257680743932724,-0.08254963904619217,0.6287775635719299,0.7114750742912292,0.11326853930950165,8.444816560003451,12.301797248721288
275,275,33,zero_hold,2,"[0.0, 0.0, 0.0, 0.0]",-0.09407055377960205,-0.2857664227485657,-0.10038596391677856,0.6218522191047668,0.6980610489845276,0.10551529377698898,12.301797248721288,15.787814877940246
275,275,33,zero_hold,3,"[0.0, 0.0, 0.0, 0.0]",-0.0867406353354454,-0.3151891529560089,-0.11560540646314621,0.6208153367042542,0.7110868096351624,0.033943060785532,15.787814877940246,18.946971102270428
275,275,33,target_ahead,0,"[0.0, 0.0, 0.0, 0.0]",0.4871004521846771,-0.9223905205726624,-0.25288546085357666,0.7373246550559998,1.3021788597106934,0.0,0.0,12.466308587997602
275,275,33,target_ahead,1,"[0.009999999776482582, 0.0, 0.0, 0.0]",0.10945004224777222,-1.001000165939331,-0.25185519456863403,0.6965306401252747,1.2500265836715698,0.3878975510597229,12.466308587997602,16.72168316115494
275,275,33,target_ahead,2,"[0.019999999552965164, 0.0, 0.0, 0.0]",-0.06169000267982483,-1.0643718242645264,-0.22450628876686096,0.7248827815055847,1.3086447715759277,0.18669946491718292,16.72168316115494,20.79410922405977
275,275,33,target_ahead,3,"[0.029999999329447746, 0.0, 0.0, 0.0]",-0.21096661686897278,-1.0827205181121826,-0.19617149233818054,0.7252237200737,1.3346247673034668,0.15304626524448395,20.79410922405977,24.75444160466639
275,275,33,target_left,0,"[0.0, 0.0, 0.0, 0.0]",-0.08313999325037003,-1.0730376243591309,-0.14460405707359314,0.5849213600158691,1.2334363460540771,0.0,0.0,13.062174324977105
275,275,33,target_left,1,"[0.009999999776482582, 0.0, 0.0, 0.0]",-0.18137112259864807,-1.204108715057373,-0.11780980974435806,0.5423961281776428,1.3382248878479004,0.1713339239358902,13.062174324977105,18.6571999630736
275,275,33,target_left,2,"[0.019999999552965164, 0.0, 0.0, 0.0]",-0.15392839908599854,-1.2506897449493408,-0.11913954466581345,0.5612069368362427,1.3845815658569336,0.05725827440619469,18.6571999630736,24.249990233855968
275,275,33,target_left,3,"[0.029999999329447746, 0.0, 0.0, 0.0]",-0.15530619025230408,-1.2519261837005615,-0.11659097671508789,0.5674523711204529,1.3881767988204956,0.006994836498051882,24.249990233855968,29.805730796809634
275,275,33,ramp,0,"[-0.5, -0.4333333373069763, -0.36666667461395264, -0.30000001192092896]",-0.5410253405570984,-0.8165061473846436,-0.06173365190625191,0.6394592523574829,1.1713709831237793,0.0,0.0,13.252598720826855
275,275,33,ramp,1,"[-0.47999998927116394, -0.41333332657814026, -0.3466666638851166, -0.2800000011920929]",-0.5035265684127808,-1.0961723327636719,-0.024130014702677727,0.7005503177642822,1.3951650857925415,0.29114511609077454,13.252598720826855,18.976845173120648
275,275,33,ramp,2,"[-0.46000000834465027, -0.3933333456516266, -0.3266666829586029, -0.2600000202655792]",-0.4960499107837677,-1.1986045837402344,-0.024638088420033455,0.7122682929039001,1.480085015296936,0.10337231308221817,18.976845173120648,24.549066746048513
275,275,33,ramp,3,"[-0.4399999976158142, -0.3733333349227905, -0.30666667222976685, -0.24000000953674316]",-0.48445814847946167,-1.2245612144470215,-0.024904998019337654,0.7141810655593872,1.4983073472976685,0.02849290333688259,24.549066746048513,29.992466880127232
300,300,33,zero_hold,0,"[0.0, 0.0, 0.0, 0.0]",-0.08437474071979523,-0.25338906049728394,-0.092323437333107,0.6412180662155151,0.7007206082344055,0.0,0.0,8.47614390342376
300,300,33,zero_hold,1,"[0.0, 0.0, 0.0, 0.0]",-0.17643433809280396,-0.2591477036476135,-0.08529160171747208,0.6317828297615051,0.7104300260543823,0.09298710525035858,8.47614390342376,12.340021875719941
300,300,33,zero_hold,2,"[0.0, 0.0, 0.0, 0.0]",-0.0860753059387207,-0.2960304319858551,-0.10345137864351273,0.6291913986206055,0.7082563042640686,0.09930551052093506,12.340021875719941,15.827911599382258
300,300,33,zero_hold,3,"[0.0, 0.0, 0.0, 0.0]",-0.0941842794418335,-0.3277633786201477,-0.11840908974409103,0.6300206184387207,0.7261172533035278,0.03601605072617531,15.827911599382258,19.003405677963052
300,300,33,target_ahead,0,"[0.0, 0.0, 0.0, 0.0]",0.53075110912323,-0.9215112328529358,-0.2613414525985718,0.7635141015052795,1.334965467453003,0.0,0.0,12.499385584398066
300,300,33,target_ahead,1,"[0.009999999776482582, 0.0, 0.0, 0.0]",0.1648693084716797,-1.0138341188430786,-0.26446104049682617,0.7290284633636475,1.2870367765426636,0.3789353370666504,12.499385584398066,16.75917890254171
300,300,33,target_ahead,2,"[0.019999999552965164, 0.0, 0.0, 0.0]",-0.01939481496810913,-1.0790146589279175,-0.23770436644554138,0.7610315680503845,1.341760516166687,0.19985467195510864,16.75917890254171,20.84658463765727
300,300,33,target_ahead,3,"[0.029999999329447746, 0.0, 0.0, 0.0]",-0.18050521612167358,-1.0963574647903442,-0.20758424699306488,0.7610408067703247,1.362665057182312,0.1648167371749878,20.84658463765727,24.833109365587895
300,300,33,target_left,0,"[0.0, 0.0, 0.0, 0.0]",-0.06012723594903946,-1.0717253684997559,-0.13067664206027985,0.5971914529800415,1.2352831363677979,0.0,0.0,13.077636458103242
300,300,33,target_left,1,"[0.009999999776482582, 0.0, 0.0, 0.0]",-0.15616346895694733,-1.2041220664978027,-0.10898715257644653,0.5611516237258911,1.3420381546020508,0.16888204216957092,13.077636458103242,18.698707309366764
300,300,33,target_left,2,"[0.019999999552965164, 0.0, 0.0, 0.0]",-0.13732337951660156,-1.2506977319717407,-0.10989842563867569,0.5815304517745972,1.3904523849487305,0.05422516539692879,18.698707309366764,24.31309499648256
300,300,33,target_left,3,"[0.029999999329447746, 0.0, 0.0, 0.0]",-0.14096400141716003,-1.2515636682510376,-0.10672738403081894,0.5876166820526123,1.393903374671936,0.007816756144165993,24.31309499648256,29.89172458518439
300,300,33,ramp,0,"[-0.5, -0.4333333373069763, -0.36666667461395264, -0.30000001192092896]",-0.5250159502029419,-0.8527299165725708,-0.045869581401348114,0.6532219648361206,1.1964919567108154,0.0,0.0,13.257948452483339
300,300,33,ramp,1,"[-0.47999998927116394, -0.41333332657814026, -0.3466666638851166, -0.2800000011920929]",-0.4938524663448334,-1.1387578248977661,-0.005596493370831013,0.7246637344360352,1.4372990131378174,0.2991805076599121,13.257948452483339,19.019776697206677
300,300,33,ramp,2,"[-0.46000000834465027, -0.3933333456516266, -0.3266666829586029, -0.2600000202655792]",-0.4835796356201172,-1.2308435440063477,-0.005764673464000225,0.7400132417678833,1.5154134035110474,0.09391989558935165,19.019776697206677,24.618660850563586
300,300,33,ramp,3,"[-0.4399999976158142, -0.3733333349227905, -0.30666667222976685, -0.24000000953674316]",-0.4721768796443939,-1.2518082857131958,-0.007014045491814613,0.7456044554710388,1.5316494703292847,0.024543143808841705,24.618660850563586,30.081542545058678
325,325,33,zero_hold,0,"[0.0, 0.0, 0.0, 0.0]",-0.10154043883085251,-0.2568376958370209,-0.08479515463113785,0.6192767024040222,0.683351993560791,0.0,0.0,8.442450169582749
325,325,33,zero_hold,1,"[0.0, 0.0, 0.0, 0.0]",-0.16592514514923096,-0.2590785622596741,-0.0805635005235672,0.6277062892913818,0.7036750316619873,0.06511049717664719,8.442450169582749,12.287789748980162
325,325,33,zero_hold,2,"[0.0, 0.0, 0.0, 0.0]",-0.04267154633998871,-0.2922210693359375,-0.10478995740413666,0.6316871047019958,0.7051408290863037,0.1299716979265213,12.287789748980162,15.76385212722063
325,325,33,zero_hold,3,"[0.0, 0.0, 0.0, 0.0]",-0.0578845739364624,-0.3227374851703644,-0.12295355647802353,0.6335897445678711,0.7239224314689636,0.03868105635046959,15.76385212722063,18.92560406982396
325,325,33,target_ahead,0,"[0.0, 0.0, 0.0, 0.0]",0.5300179123878479,-0.9371808767318726,-0.261779248714447,0.7073447108268738,1.314569115638733,0.0,0.0,12.5104541647824
325,325,33,target_ahead,1,"[0.009999999776482582, 0.0, 0.0, 0.0]",0.20507733523845673,-1.00670325756073,-0.27507317066192627,0.6963801980018616,1.2712665796279907,0.3327411711215973,12.5104541647824,16.789475054697423
325,325,33,target_ahead,2,"[0.019999999552965164, 0.0, 0.0, 0.0]",0.03747127950191498,-1.0741163492202759,-0.2584149241447449,0.7336061596870422,1.326682448387146,0.1852014809846878,16.789475054697423,20.882019021764197
325,325,33,target_ahead,3,"[0.029999999329447746, 0.0, 0.0, 0.0]",-0.12320779263973236,-1.0917061567306519,-0.23336176574230194,0.7396326661109924,1.344810962677002,0.16368001699447632,20.882019021764197,24.86109598340482
325,325,33,target_left,0,"[0.0, 0.0, 0.0, 0.0]",-0.05644100904464722,-1.0841413736343384,-0.12137226015329361,0.5810163617134094,1.2372790575027466,0.0,0.0,13.101165535965837
325,325,33,target_left,1,"[0.009999999776482582, 0.0, 0.0, 0.0]",-0.14545835554599762,-1.2004700899124146,-0.10605860501527786,0.5569484233856201,1.3355622291564941,0.1492321491241455,13.101165535965837,18.718766572416325
325,325,33,target_left,2,"[0.019999999552965164, 0.0, 0.0, 0.0]",-0.12519095838069916,-1.2472153902053833,-0.10855937004089355,0.575827956199646,1.3836841583251953,0.05439284071326256,18.718766572416325,24.334393336322034
325,325,33,target_left,3,"[0.029999999329447746, 0.0, 0.0, 0.0]",-0.1262591928243637,-1.2480449676513672,-0.10635055601596832,0.5833953619003296,1.3875223398208618,0.007998363114893436,24.334393336322034,29.919054201115358
325,325,33,ramp,0,"[-0.5, -0.4333333373069763, -0.36666667461395264, -0.30000001192092896]",-0.5252190828323364,-0.8470252156257629,-0.06426044553518295,0.6063229441642761,1.168359398841858,0.0,0.0,13.23547311348968
325,325,33,ramp,1,"[-0.47999998927116394, -0.41333332657814026, -0.3466666638851166, -0.2800000011920929]",-0.5193142294883728,-1.1238980293273926,-0.02809203416109085,0.6863042712211609,1.4158519506454468,0.29051434993743896,13.23547311348968,18.988365186495802
325,325,33,ramp,2,"[-0.46000000834465027, -0.3933333456516266, -0.3266666829586029, -0.2600000202655792]",-0.5072501301765442,-1.214064598083496,-0.02705085277557373,0.7045307755470276,1.4927661418914795,0.0927838459610939,18.988365186495802,24.596905429585764
325,325,33,ramp,3,"[-0.4399999976158142, -0.3733333349227905, -0.30666667222976685, -0.24000000953674316]",-0.49264809489250183,-1.235456943511963,-0.02836541272699833,0.7119997143745422,1.5089082717895508,0.026988238096237183,24.596905429585764,30.08055649129179
350,350,33,zero_hold,0,"[0.0, 0.0, 0.0, 0.0]",-0.10498899966478348,-0.2650660574436188,-0.08947406709194183,0.626482367515564,0.6940954327583313,0.0,0.0,8.474111588316033
350,350,33,zero_hold,1,"[0.0, 0.0, 0.0, 0.0]",-0.13845232129096985,-0.27030402421951294,-0.08378224819898605,0.6344056129455566,0.7083242535591125,0.03524776175618172,8.474111588316033,12.322986122444794
350,350,33,zero_hold,2,"[0.0, 0.0, 0.0, 0.0]",-0.008171940222382545,-0.30796724557876587,-0.1108749732375145,0.6383548378944397,0.7174264788627625,0.13835138082504272,12.322986122444794,15.783720227887878
350,350,33,zero_hold,3,"[0.0, 0.0, 0.0, 0.0]",-0.03905966132879257,-0.3425168991088867,-0.13209789991378784,0.6392815709114075,0.7382237315177917,0.050980400294065475,15.783720227887878,18.938842846497774
350,350,33,target_ahead,0,"[0.0, 0.0, 0.0, 0.0]",0.6204937100410461,-0.9224789142608643,-0.2675963342189789,0.7203174829483032,1.3514602184295654,0.0,0.0,12.518981864557835
350,350,33,target_ahead,1,"[0.009999999776482582, 0.0, 0.0, 0.0]",0.37020525336265564,-0.9846454858779907,-0.3042471408843994,0.7187173366546631,1.309847116470337,0.2604896128177643,12.518981864557835,16.766870662425863
350,350,33,target_ahead,2,"[0.019999999552965164, 0.0, 0.0, 0.0]",0.2152658998966217,-1.069313883781433,-0.3024160861968994,0.7638241052627563,1.3655234575271606,0.18224410712718964,16.766870662425863,20.762078057262137
350,350,33,target_ahead,3,"[0.029999999329447746, 0.0, 0.0, 0.0]",0.009034162387251854,-1.088126540184021,-0.279112309217453,0.7761642932891846,1.3654433488845825,0.2087601274251938,20.762078057262137,24.6277539362465
350,350,33,target_left,0,"[0.0, 0.0, 0.0, 0.0]",-0.061863966286182404,-1.0917940139770508,-0.11850146949291229,0.5879934430122375,1.2472450733184814,0.0,0.0,13.110399873904663
350,350,33,target_left,1,"[0.009999999776482582, 0.0, 0.0, 0.0]",-0.1358271688222885,-1.2199097871780396,-0.10547582805156708,0.5722978115081787,1.358410358428955,0.14933259785175323,13.110399873904663,18.736990740914035
350,350,33,target_left,2,"[0.019999999552965164, 0.0, 0.0, 0.0]",-0.11560485512018204,-1.268586277961731,-0.10825733840465546,0.5891153812408447,1.4076405763626099,0.055397745221853256,18.736990740914035,24.372826755504672
350,350,33,target_left,3,"[0.029999999329447746, 0.0, 0.0, 0.0]",-0.11532534658908844,-1.2704118490219116,-0.10614026337862015,0.5942258834838867,1.411246418952942,0.005831815768033266,24.372826755504672,29.980305707720706
350,350,33,ramp,0,"[-0.5, -0.4333333373069763, -0.36666667461395264, -0.30000001192092896]",-0.5308809280395508,-0.8519867658615112,-0.06295368075370789,0.5902881622314453,1.1662415266036987,0.0,0.0,13.218739528801246
350,350,33,ramp,1,"[-0.47999998927116394, -0.41333332657814026, -0.3466666638851166, -0.2800000011920929]",-0.5476141571998596,-1.1287795305252075,-0.02475157380104065,0.67047518491745,1.4227347373962402,0.2911762297153473,13.218739528801246,18.961971830916646
350,350,33,ramp,2,"[-0.46000000834465027, -0.3933333456516266, -0.3266666829586029, -0.2600000202655792]",-0.5438624620437622,-1.2148517370224,-0.019613029435276985,0.6837719678878784,1.4965226650238037,0.08732530474662781,18.961971830916646,24.571471824110574
350,350,33,ramp,3,"[-0.4399999976158142, -0.3733333349227905, -0.30666667222976685, -0.24000000953674316]",-0.5292454361915588,-1.2322444915771484,-0.018851226195693016,0.6894020438194275,1.5080311298370361,0.023418869823217392,24.571471824110574,30.050289568490467
375,375,33,zero_hold,0,"[0.0, 0.0, 0.0, 0.0]",-0.12148977071046829,-0.27169138193130493,-0.10510371625423431,0.6365542411804199,0.7105097770690918,0.0,0.0,8.523588509017005
375,375,33,zero_hold,1,"[0.0, 0.0, 0.0, 0.0]",-0.18216866254806519,-0.2745131552219391,-0.09945317357778549,0.6331568360328674,0.7206395864486694,0.061101239174604416,8.523588509017005,12.404753455549228
375,375,33,zero_hold,2,"[0.0, 0.0, 0.0, 0.0]",-0.055128686130046844,-0.3105372190475464,-0.12084268778562546,0.6367456912994385,0.7207777500152588,0.13381807506084442,12.404753455549228,15.900588575105084
375,375,33,zero_hold,3,"[0.0, 0.0, 0.0, 0.0]",-0.057383306324481964,-0.34337806701660156,-0.1376640498638153,0.6390742063522339,0.7406541705131531,0.037040311843156815,15.900588575105084,19.089531673313896
375,375,33,target_ahead,0,"[0.0, 0.0, 0.0, 0.0]",0.6272949576377869,-0.9607568979263306,-0.27492162585258484,0.7247310876846313,1.3846912384033203,0.0,0.0,12.5187179015849
375,375,33,target_ahead,1,"[0.009999999776482582, 0.0, 0.0, 0.0]",0.3598257005214691,-1.025109887123108,-0.29864954948425293,0.7198292016983032,1.3370379209518433,0.2761668860912323,12.5187179015849,16.78850195713113
375,375,33,target_ahead,2,"[0.019999999552965164, 0.0, 0.0, 0.0]",0.18912211060523987,-1.1143990755081177,-0.291789174079895,0.7621921300888062,1.3941773176193237,0.1973675638437271,16.78850195713113,20.81241179366754
375,375,33,target_ahead,3,"[0.029999999329447746, 0.0, 0.0, 0.0]",-0.0030925795435905457,-1.1271517276763916,-0.2654746174812317,0.7721368670463562,1.391816258430481,0.19468043744564056,20.81241179366754,24.727585561555536
375,375,33,target_left,0,"[0.0, 0.0, 0.0, 0.0]",-0.0915878638625145,-1.0973187685012817,-0.1348802000284195,0.5933365821838379,1.2580690383911133,0.0,0.0,13.125313636782057
375,375,33,target_left,1,"[0.009999999776482582, 0.0, 0.0, 0.0]",-0.16577351093292236,-1.2392189502716064,-0.11684544384479523,0.582715630531311,1.3843246698379517,0.16148445010185242,13.125313636782057,18.807399217413646
375,375,33,target_left,2,"[0.019999999552965164, 0.0, 0.0, 0.0]",-0.1473175287246704,-1.2878974676132202,-0.11893108487129211,0.6018167734146118,1.4341235160827637,0.05549256503582001,18.807399217413646,24.50593674270878
375,375,33,target_left,3,"[0.029999999329447746, 0.0, 0.0, 0.0]",-0.14691755175590515,-1.2887576818466187,-0.11642724275588989,0.6065636873245239,1.4366475343704224,0.005449987947940826,24.50593674270878,30.18125740270128
375,375,33,ramp,0,"[-0.5, -0.4333333373069763, -0.36666667461395264, -0.30000001192092896]",-0.5409093499183655,-0.869692325592041,-0.08506271988153458,0.6105313301086426,1.195379376411438,0.0,0.0,13.207724470520219
375,375,33,ramp,1,"[-0.47999998927116394, -0.41333332657814026, -0.3466666638851166, -0.2800000011920929]",-0.5712911486625671,-1.1575812101364136,-0.046526845544576645,0.6898112893104553,1.4643675088882446,0.30261096358299255,13.207724470520219,19.019660357353448
375,375,33,ramp,2,"[-0.46000000834465027, -0.3933333456516266, -0.3266666829586029, -0.2600000202655792]",-0.5670409202575684,-1.2373534440994263,-0.041353534907102585,0.6992196440696716,1.5307505130767822,0.080603688955307,19.019660357353448,24.643252056355387
375,375,33,ramp,3,"[-0.4399999976158142, -0.3733333349227905, -0.30666667222976685, -0.24000000953674316]",-0.550336480140686,-1.2545579671859741,-0.040680382400751114,0.7053358554840088,1.5414083003997803,0.024756718426942825,24.643252056355387,30.15190520921341
400,400,33,zero_hold,0,"[0.0, 0.0, 0.0, 0.0]",-0.1461106538772583,-0.26124751567840576,-0.09500329941511154,0.626140296459198,0.7004826068878174,0.0,0.0,8.508610863312523
400,400,33,zero_hold,1,"[0.0, 0.0, 0.0, 0.0]",-0.22497349977493286,-0.25086963176727295,-0.09142320603132248,0.615597665309906,0.7077198624610901,0.08031819760799408,8.508610863312523,12.377509533403027
400,400,33,zero_hold,2,"[0.0, 0.0, 0.0, 0.0]",-0.09144768863916397,-0.2820838391780853,-0.11262217164039612,0.6194360852241516,0.6959301829338074,0.1388077735900879,12.377509533403027,15.862171086416495
400,400,33,zero_hold,3,"[0.0, 0.0, 0.0, 0.0]",-0.0712265595793724,-0.31606629490852356,-0.12862959504127502,0.6225705146789551,0.7135199904441833,0.04277573525905609,15.862171086416495,19.034646573899543
400,400,33,target_ahead,0,"[0.0, 0.0, 0.0, 0.0]",0.5798260569572449,-0.9547473192214966,-0.2656736373901367,0.7162215113639832,1.3532540798187256,0.0,0.0,12.531504134892911
400,400,33,target_ahead,1,"[0.009999999776482582, 0.0, 0.0, 0.0]",0.2597593665122986,-1.0277200937271118,-0.28318148851394653,0.7155914306640625,1.309941291809082,0.32874706387519836,12.531504134892911,16.840531955003172
400,400,33,target_ahead,2,"[0.019999999552965164, 0.0, 0.0, 0.0]",0.08832921832799911,-1.1064951419830322,-0.27109652757644653,0.7525022029876709,1.3681690692901611,0.1926194429397583,16.840531955003172,20.937085608941626
400,400,33,target_ahead,3,"[0.029999999329447746, 0.0, 0.0, 0.0]",-0.08584479242563248,-1.122044563293457,-0.24482469260692596,0.7605981230735779,1.3801456689834595,0.17701447010040283,20.937085608941626,24.92287683906364
400,400,33,target_left,0,"[0.0, 0.0, 0.0, 0.0]",-0.1441200077533722,-1.0925698280334473,-0.12219855189323425,0.5910323858261108,1.2564756870269775,0.0,0.0,13.149667897450058
400,400,33,target_left,1,"[0.009999999776482582, 0.0, 0.0, 0.0]",-0.22030016779899597,-1.2362418174743652,-0.09774096310138702,0.582506537437439,1.3876935243606567,0.16466912627220154,13.149667897450058,18.843764258563905
400,400,33,target_left,2,"[0.019999999552965164, 0.0, 0.0, 0.0]",-0.1918676793575287,-1.2861368656158447,-0.09716163575649261,0.5990691781044006,1.4350210428237915,0.05977105349302292,18.843764258563905,24.57801797219165
400,400,33,target_left,3,"[0.029999999329447746, 0.0, 0.0, 0.0]",-0.1920655071735382,-1.2862365245819092,-0.09421450644731522,0.6019440293312073,1.436142921447754,0.004123033955693245,24.57801797219165,30.301459815013708
400,400,33,ramp,0,"[-0.5, -0.4333333373069763, -0.36666667461395264, -0.30000001192092896]",-0.5824902057647705,-0.8321332335472107,-0.05860912427306175,0.5951964259147644,1.1787426471710205,0.0,0.0,13.199681565064378
400,400,33,ramp,1,"[-0.47999998927116394, -0.41333332657814026, -0.3466666638851166, -0.2800000011920929]",-0.6032503843307495,-1.1266151666641235,-0.01371240708976984,0.6800810098648071,1.4477123022079468,0.3104379177093506,13.199681565064378,19.051795038230896
400,400,33,ramp,2,"[-0.46000000834465027, -0.3933333456516266, -0.3266666829586029, -0.2600000202655792]",-0.5900518298149109,-1.2114635705947876,-0.009166989475488663,0.697166383266449,1.5172113180160522,0.0876699760556221,19.051795038230896,24.7170930391388
400,400,33,ramp,3,"[-0.4399999976158142, -0.3733333349227905, -0.30666667222976685, -0.24000000953674316]",-0.5734764933586121,-1.2287135124206543,-0.008326788432896137,0.7037334442138672,1.5277180671691895,0.02482205629348755,24.7170930391388,30.25541960702713
425,425,33,zero_hold,0,"[0.0, 0.0, 0.0, 0.0]",-0.14142225682735443,-0.2577401399612427,-0.09122516959905624,0.6289791464805603,0.7002621293067932,0.0,0.0,8.534404893045352
425,425,33,zero_hold,1,"[0.0, 0.0, 0.0, 0.0]",-0.23011671006679535,-0.23970574140548706,-0.080076664686203,0.6157246828079224,0.7042312622070312,0.09215158969163895,8.534404893045352,12.417671858535499
425,425,33,zero_hold,2,"[0.0, 0.0, 0.0, 0.0]",-0.08374045789241791,-0.27200064063072205,-0.09646715223789215,0.6158411502838135,0.6852467060089111,0.1507900208234787,12.417671858535499,15.909268743764068
425,425,33,zero_hold,3,"[0.0, 0.0, 0.0, 0.0]",-0.043610021471977234,-0.3083931505680084,-0.11231886595487595,0.6171934008598328,0.7003937363624573,0.056462131440639496,15.909268743764068,19.071228321748627
425,425,33,target_ahead,0,"[0.0, 0.0, 0.0, 0.0]",0.5797555446624756,-0.9724807739257812,-0.2464781403541565,0.6962831020355225,1.351812481880188,0.0,0.0,12.524479217268514
425,425,33,target_ahead,1,"[0.009999999776482582, 0.0, 0.0, 0.0]",0.24215109646320343,-1.0271506309509277,-0.26037946343421936,0.6927375793457031,1.2889368534088135,0.342303067445755,12.524479217268514,16.84638527677126
425,425,33,target_ahead,2,"[0.019999999552965164, 0.0, 0.0, 0.0]",0.057890310883522034,-1.1007319688796997,-0.24470913410186768,0.7296102046966553,1.3443124294281006,0.20241393148899078,16.84638527677126,20.97569638933474
425,425,33,target_ahead,3,"[0.029999999329447746, 0.0, 0.0, 0.0]",-0.13091294467449188,-1.1174116134643555,-0.2190176546573639,0.7373348474502563,1.3628567457199097,0.1914277970790863,20.97569638933474,24.986182268266198
425,425,33,target_left,0,"[0.0, 0.0, 0.0, 0.0]",-0.13932713866233826,-1.1077631711959839,-0.11990391463041306,0.5792967677116394,1.2635319232940674,0.0,0.0,13.169281600461105
425,425,33,target_left,1,"[0.009999999776482582, 0.0, 0.0, 0.0]",-0.21516582369804382,-1.2527763843536377,-0.09861578047275543,0.5635983943939209,1.393955945968628,0.16577081382274628,13.169281600461105,18.893256668571883
425,425,33,target_left,2,"[0.019999999552965164, 0.0, 0.0, 0.0]",-0.183961883187294,-1.3035128116607666,-0.10023807734251022,0.5821048021316528,1.4428725242614746,0.062393829226493835,18.893256668571883,24.654023434445918
425,425,33,target_left,3,"[0.029999999329447746, 0.0, 0.0, 0.0]",-0.1862519532442093,-1.3038971424102783,-0.09808257222175598,0.5868773460388184,1.4452967643737793,0.005728482268750668,24.654023434445918,30.404789943213576
425,425,33,ramp,0,"[-0.5, -0.4333333373069763, -0.36666667461395264, -0.30000001192092896]",-0.5356727838516235,-0.8562412261962891,-0.050808630883693695,0.619569718837738,1.1859774589538574,0.0,0.0,13.244316528311796
425,425,33,ramp,1,"[-0.47999998927116394, -0.41333332657814026, -0.3466666638851166, -0.2800000011920929]",-0.5678380131721497,-1.1331143379211426,-0.008226992562413216,0.6995011568069458,1.4476732015609741,0.2930794358253479,13.244316528311796,19.164813962022055
425,425,33,ramp,2,"[-0.46000000834465027, -0.3933333456516266, -0.3266666829586029, -0.2600000202655792]",-0.5571199059486389,-1.2157195806503296,-0.004834330175071955,0.7141025066375732,1.516021966934204,0.08463577181100845,19.164813962022055,24.86331020596848
425,425,33,ramp,3,"[-0.4399999976158142, -0.3733333349227905, -0.30666667222976685, -0.24000000953674316]",-0.5420916676521301,-1.2328557968139648,-0.00352123798802495,0.7186250686645508,1.5265095233917236,0.023273926228284836,24.86331020596848,30.44307136617561
450,450,33,zero_hold,0,"[0.0, 0.0, 0.0, 0.0]",-0.17053315043449402,-0.25163233280181885,-0.09753155708312988,0.6373264193534851,0.7128097414970398,0.0,0.0,8.539140911793597
450,450,33,zero_hold,1,"[0.0, 0.0, 0.0, 0.0]",-0.27240946888923645,-0.22697849571704865,-0.0787365511059761,0.6307657361030579,0.7278674244880676,0.10669063031673431,8.539140911793597,12.429280827785718
450,450,33,zero_hold,2,"[0.0, 0.0, 0.0, 0.0]",-0.07656384259462357,-0.2516672909259796,-0.0901641696691513,0.6317112445831299,0.6902080178260803,0.19772842526435852,12.429280827785718,15.927070994225529
450,450,33,zero_hold,3,"[0.0, 0.0, 0.0, 0.0]",0.027132652699947357,-0.2907290756702423,-0.10782792419195175,0.6345506310462952,0.7067821025848389,0.1122446283698082,15.927070994225529,19.0838226408616
450,450,33,target_ahead,0,"[0.0, 0.0, 0.0, 0.0]",0.683479368686676,-0.9582184553146362,-0.24912291765213013,0.7164473533630371,1.4002448320388794,0.0,0.0,12.56452250170975
450,450,33,target_ahead,1,"[0.009999999776482582, 0.0, 0.0, 0.0]",0.5151574015617371,-0.9803001284599304,-0.270689457654953,0.7204739451408386,1.348603367805481,0.1711759716272354,12.56452250170975,16.88289572304708
450,450,33,target_ahead,2,"[0.019999999552965164, 0.0, 0.0, 0.0]",0.34821027517318726,-1.0808216333389282,-0.26581937074661255,0.7740696668624878,1.399739146232605,0.20216858386993408,16.88289572304708,20.962378500845535
450,450,33,target_ahead,3,"[0.029999999329447746, 0.0, 0.0, 0.0]",0.12567919492721558,-1.0960036516189575,-0.24050694704055786,0.792197048664093,1.3792892694473267,0.2252107858657837,20.962378500845535,24.93159024584688
450,450,33,target_left,0,"[0.0, 0.0, 0.0, 0.0]",-0.12687596678733826,-1.1101093292236328,-0.11174500733613968,0.5889073014259338,1.2679665088653564,0.0,0.0,13.169431803728388
450,450,33,target_left,1,"[0.009999999776482582, 0.0, 0.0, 0.0]",-0.21317410469055176,-1.2574270963668823,-0.08223243057727814,0.5838244557380676,1.4050549268722534,0.17333990335464478,13.169431803728388,18.903879641391576
450,450,33,target_left,2,"[0.019999999552965164, 0.0, 0.0, 0.0]",-0.17964264750480652,-1.3091161251068115,-0.08265439420938492,0.6039571166038513,1.455215573310852,0.06481987237930298,18.903879641391576,24.679908620832766
450,450,33,target_left,3,"[0.029999999329447746, 0.0, 0.0, 0.0]",-0.17886805534362793,-1.3103429079055786,-0.08069534599781036,0.6085101962089539,1.4580084085464478,0.005164628848433495,24.679908620832766,30.449335252953052
450,450,33,ramp,0,"[-0.5, -0.4333333373069763, -0.36666667461395264, -0.30000001192092896]",-0.5482348799705505,-0.8243530988693237,-0.03704942390322685,0.5883554816246033,1.1522388458251953,0.0,0.0,13.252872548199367
450,450,33,ramp,1,"[-0.47999998927116394, -0.41333332657814026, -0.3466666638851166, -0.2800000011920929]",-0.5802637338638306,-1.117268443107605,0.014421842992305756,0.6773150563240051,1.4296706914901733,0.3120710551738739,13.252872548199367,19.117275667533786
450,450,33,ramp,2,"[-0.46000000834465027, -0.3933333456516266, -0.3266666829586029, -0.2600000202655792]",-0.5750069618225098,-1.2124053239822388,0.02021290920674801,0.6976914405822754,1.5125281810760498,0.09760836511850357,19.117275667533786,24.812709569210114
450,450,33,ramp,3,"[-0.4399999976158142, -0.3733333349227905, -0.30666667222976685, -0.24000000953674316]",-0.5603410601615906,-1.2330659627914429,0.022222448140382767,0.7040854096412659,1.5266512632369995,0.026208238676190376,24.812709569210114,30.39704688200508
475,475,33,zero_hold,0,"[0.0, 0.0, 0.0, 0.0]",-0.1875595599412918,-0.263133704662323,-0.10001945495605469,0.6408288478851318,0.7246264219284058,0.0,0.0,8.54692225813233
475,475,33,zero_hold,1,"[0.0, 0.0, 0.0, 0.0]",-0.27580714225769043,-0.23357541859149933,-0.0751204565167427,0.6170079708099365,0.7190055251121521,0.0992407277226448,8.54692225813233,12.456190448295434
475,475,33,zero_hold,2,"[0.0, 0.0, 0.0, 0.0]",-0.05602312088012695,-0.26299625635147095,-0.08441773056983948,0.6116248965263367,0.67343670129776,0.22200454771518707,12.456190448295434,15.97927537573811
475,475,33,zero_hold,3,"[0.0, 0.0, 0.0, 0.0]",0.06129465997219086,-0.3105297088623047,-0.10439857840538025,0.6128067970275879,0.6975793838500977,0.12815429270267487,15.97927537573811,19.16159314382005
475,475,33,target_ahead,0,"[0.0, 0.0, 0.0, 0.0]",0.6962249875068665,-0.9988097548484802,-0.2541723847389221,0.7160684466362,1.4351682662963867,0.0,0.0,12.589915223223986
475,475,33,target_ahead,1,"[0.009999999776482582, 0.0, 0.0, 0.0]",0.6175601482391357,-0.9850192070007324,-0.2727617025375366,0.7048118710517883,1.3866513967514038,0.08276841044425964,12.589915223223986,16.93231792250707
475,475,33,target_ahead,2,"[0.019999999552965164, 0.0, 0.0, 0.0]",0.45196908712387085,-1.0933597087860107,-0.27142927050590515,0.7635893225669861,1.4340341091156006,0.20643310248851776,16.93231792250707,21.04168006626535
475,475,33,target_ahead,3,"[0.029999999329447746, 0.0, 0.0, 0.0]",0.21708150207996368,-1.1166496276855469,-0.24358944594860077,0.788132905960083,1.4051761627197266,0.23893940448760986,21.04168006626535,25.039267142075992
475,475,33,target_left,0,"[0.0, 0.0, 0.0, 0.0]",-0.13554224371910095,-1.1451157331466675,-0.09660737216472626,0.5739872455596924,1.291687250137329,0.0,0.0,13.218930564041205
475,475,33,target_left,1,"[0.009999999776482582, 0.0, 0.0, 0.0]",-0.21780700981616974,-1.2885565757751465,-0.055794890969991684,0.5468260645866394,1.417726993560791,0.17247073352336884,13.218930564041205,18.96525266590979
475,475,33,target_left,2,"[0.019999999552965164, 0.0, 0.0, 0.0]",-0.18003831803798676,-1.3412641286849976,-0.054471321403980255,0.5660462379455566,1.467916488647461,0.06764411926269531,18.96525266590979,24.78426186141034
475,475,33,target_left,3,"[0.029999999329447746, 0.0, 0.0, 0.0]",-0.17954884469509125,-1.3413089513778687,-0.051386624574661255,0.5712403059005737,1.469797134399414,0.006060964427888393,24.78426186141034,30.604659824679356
475,475,33,ramp,0,"[-0.5, -0.4333333373069763, -0.36666667461395264, -0.30000001192092896]",-0.541398823261261,-0.8756430745124817,-0.03323962539434433,0.569395899772644,1.1769367456436157,0.0,0.0,13.261116705170577
475,475,33,ramp,1,"[-0.47999998927116394, -0.41333332657814026, -0.3466666638851166, -0.2800000011920929]",-0.5695871710777283,-1.1599398851394653,0.02837507240474224,0.6587545871734619,1.4507421255111694,0.3056151270866394,13.261116705170577,19.16567192322884
475,475,33,ramp,2,"[-0.46000000834465027, -0.3933333456516266, -0.3266666829586029, -0.2600000202655792]",-0.5723976492881775,-1.2502882480621338,0.03605144843459129,0.6738091707229614,1.531723976135254,0.09195810556411743,19.16567192322884,24.8898116787703
475,475,33,ramp,3,"[-0.4399999976158142, -0.3733333349227905, -0.30666667222976685, -0.24000000953674316]",-0.5599920153617859,-1.2689313888549805,0.03893300145864487,0.6772963404655457,1.5440285205841064,0.022845791652798653,24.8898116787703,30.519813045238855
500,500,33,zero_hold,0,"[0.0, 0.0, 0.0, 0.0]",-0.17334574460983276,-0.24229936301708221,-0.0893125906586647,0.6436671614646912,0.7148719429969788,0.0,0.0,8.5542815730253
500,500,33,zero_hold,1,"[0.0, 0.0, 0.0, 0.0]",-0.25026991963386536,-0.20940610766410828,-0.05881659314036369,0.6229110360145569,0.7056652903556824,0.09143368154764175,8.5542815730253,12.470153020983124
500,500,33,zero_hold,2,"[0.0, 0.0, 0.0, 0.0]",1.2643635272979736e-05,-0.23812341690063477,-0.06661330163478851,0.6209378242492676,0.668359100818634,0.25205302238464355,12.470153020983124,15.997557266623508
500,500,33,zero_hold,3,"[0.0, 0.0, 0.0, 0.0]",0.12872269749641418,-0.28667813539505005,-0.08653436601161957,0.6261758804321289,0.7059308290481567,0.13909754157066345,15.997557266623508,19.16451722578627
500,500,33,target_ahead,0,"[0.0, 0.0, 0.0, 0.0]",0.7127016186714172,-0.9764159917831421,-0.26305603981018066,0.7200211882591248,1.4314191341400146,0.0,0.0,12.570424745340873
500,500,33,target_ahead,1,"[0.009999999776482582, 0.0, 0.0, 0.0]",0.6900359392166138,-0.9645574688911438,-0.28300854563713074,0.7102769017219543,1.4110661745071411,0.033873457461595535,12.570424745340873,16.883593771108202
500,500,33,target_ahead,2,"[0.019999999552965164, 0.0, 0.0, 0.0]",0.4987933039665222,-1.0942656993865967,-0.28960493206977844,0.7749459147453308,1.4596657752990723,0.2400490939617157,16.883593771108202,20.93358811252342
500,500,33,target_ahead,3,"[0.029999999329447746, 0.0, 0.0, 0.0]",0.2385936677455902,-1.1248698234558105,-0.26369279623031616,0.801615297794342,1.4263169765472412,0.2646189033985138,20.93358811252342,24.87438225164529
500,500,33,target_left,0,"[0.0, 0.0, 0.0, 0.0]",-0.13832977414131165,-1.1316709518432617,-0.08578728139400482,0.5673079490661621,1.2763274908065796,0.0,0.0,13.201791708193177
500,500,33,target_left,1,"[0.009999999776482582, 0.0, 0.0, 0.0]",-0.20558449625968933,-1.275102138519287,-0.03564009070396423,0.5434576272964478,1.4017014503479004,0.16786685585975647,13.201791708193177,18.91000647544697
500,500,33,target_left,2,"[0.019999999552965164, 0.0, 0.0, 0.0]",-0.16091379523277283,-1.3266770839691162,-0.03169785439968109,0.5677857995033264,1.4523605108261108,0.07254549115896225,18.91000647544697,24.70190187752253
500,500,33,target_left,3,"[0.029999999329447746, 0.0, 0.0, 0.0]",-0.15870225429534912,-1.3262367248535156,-0.02706826850771904,0.5775947570800781,1.4554857015609741,0.011078516952693462,24.70190187752253,30.49823276586718
500,500,33,ramp,0,"[-0.5, -0.4333333373069763, -0.36666667461395264, -0.30000001192092896]",-0.5107448697090149,-0.8641112446784973,-0.04241824522614479,0.560104489326477,1.1502455472946167,0.0,0.0,13.274540308471257
500,500,33,ramp,1,"[-0.47999998927116394, -0.41333332657814026, -0.3466666638851166, -0.2800000011920929]",-0.5415027141571045,-1.1485471725463867,0.01788252405822277,0.6599438786506653,1.4311643838882446,0.30895620584487915,13.274540308471257,19.137008345551088
500,500,33,ramp,2,"[-0.46000000834465027, -0.3933333456516266, -0.3266666829586029, -0.2600000202655792]",-0.5441454648971558,-1.2406597137451172,0.02886873483657837,0.6774117350578308,1.5149425268173218,0.09443265944719315,19.137008345551088,24.862720862862837
500,500,33,ramp,3,"[-0.4399999976158142, -0.3733333349227905, -0.30666667222976685, -0.24000000953674316]",-0.5334192514419556,-1.258786916732788,0.033833399415016174,0.6808544993400574,1.5276740789413452,0.02191227115690708,24.862720862862837,30.49259857067144
525,525,33,zero_hold,0,"[0.0, 0.0, 0.0, 0.0]",-0.22751721739768982,-0.23161831498146057,-0.07168932259082794,0.6355522274971008,0.7172706127166748,0.0,0.0,8.549617198533646
525,525,33,zero_hold,1,"[0.0, 0.0, 0.0, 0.0]",-0.30800753831863403,-0.19753749668598175,-0.03186764568090439,0.6012572646141052,0.7045676112174988,0.101990707218647,8.549617198533646,12.445663534340973
525,525,33,zero_hold,2,"[0.0, 0.0, 0.0, 0.0]",-0.018083319067955017,-0.22756171226501465,-0.04176108539104462,0.5978729128837585,0.6413324475288391,0.29166218638420105,12.445663534340973,15.950584444676172
525,525,33,zero_hold,3,"[0.0, 0.0, 0.0, 0.0]",0.14566917717456818,-0.27694445848464966,-0.06711272150278091,0.6068222522735596,0.6860430836677551,0.17313674092292786,15.950584444676172,19.09103948314002
525,525,33,target_ahead,0,"[0.0, 0.0, 0.0, 0.0]",0.7185834646224976,-0.9439364075660706,-0.2336338758468628,0.7584890127182007,1.4273290634155273,0.0,0.0,12.559531287642582
525,525,33,target_ahead,1,"[0.009999999776482582, 0.0, 0.0, 0.0]",0.6699038147926331,-0.9242013096809387,-0.25306928157806396,0.7324473857879639,1.379652976989746,0.0617663636803627,12.559531287642582,16.84300299296538
525,525,33,target_ahead,2,"[0.019999999552965164, 0.0, 0.0, 0.0]",0.4634128212928772,-1.070033073425293,-0.25890108942985535,0.7983390688896179,1.4366966485977173,0.26130664348602295,16.84300299296538,20.881025951955333
525,525,33,target_ahead,3,"[0.029999999329447746, 0.0, 0.0, 0.0]",0.18986313045024872,-1.100083351135254,-0.23128725588321686,0.8185209035873413,1.4034606218338013,0.27731257677078247,20.881025951955333,24.828307429176558
525,525,33,target_left,0,"[0.0, 0.0, 0.0, 0.0]",-0.1351279318332672,-1.1418956518173218,-0.062189988791942596,0.5530927181243896,1.277483582496643,0.0,0.0,13.204232337230057
525,525,33,target_left,1,"[0.009999999776482582, 0.0, 0.0, 0.0]",-0.20817065238952637,-1.2871328592300415,-0.012931532226502895,0.511448323726654,1.4006400108337402,0.17489922046661377,13.204232337230057,18.91279926999855
525,525,33,target_left,2,"[0.019999999552965164, 0.0, 0.0, 0.0]",-0.1642506718635559,-1.3376281261444092,-0.008494486100971699,0.5341042876243591,1.4496781826019287,0.07079347968101501,18.91279926999855,24.717182578876805
525,525,33,target_left,3,"[0.029999999329447746, 0.0, 0.0, 0.0]",-0.16103018820285797,-1.3371373414993286,-0.0051274849101901054,0.5433188080787659,1.4522701501846313,0.010337140411138535,24.717182578876805,30.52800041686053
525,525,33,ramp,0,"[-0.5, -0.4333333373069763, -0.36666667461395264, -0.30000001192092896]",-0.5263523459434509,-0.8509111404418945,-0.005532984621822834,0.5466713905334473,1.1401652097702026,0.0,0.0,13.258101448904398
525,525,33,ramp,1,"[-0.47999998927116394, -0.41333332657814026, -0.3466666638851166, -0.2800000011920929]",-0.5503103733062744,-1.156995415687561,0.0513259619474411,0.6321648359298706,1.4295966625213623,0.3237338960170746,13.258101448904398,19.05589923194042
525,525,33,ramp,2,"[-0.46000000834465027, -0.3933333456516266, -0.3266666829586029, -0.2600000202655792]",-0.5451635122299194,-1.2521491050720215,0.06024700403213501,0.6508045792579651,1.5140202045440674,0.09750764071941376,19.05589923194042,24.752685950496666
525,525,33,ramp,3,"[-0.4399999976158142, -0.3733333349227905, -0.30666667222976685, -0.24000000953674316]",-0.5302082300186157,-1.2713192701339722,0.06389901041984558,0.6558383107185364,1.5269513130187988,0.025096438825130463,24.752685950496666,30.35883968588236
550,550,33,zero_hold,0,"[0.0, 0.0, 0.0, 0.0]",-0.20377470552921295,-0.2471330314874649,-0.07098691165447235,0.6335338950157166,0.7134445905685425,0.0,0.0,8.50555935438809
550,550,33,zero_hold,1,"[0.0, 0.0, 0.0, 0.0]",-0.28222382068634033,-0.22022895514965057,-0.027694877237081528,0.6074783802032471,0.7056543231010437,0.09711427986621857,8.50555935438809,12.376647335006512
550,550,33,zero_hold,2,"[0.0, 0.0, 0.0, 0.0]",-0.017526105046272278,-0.24476215243339539,-0.036492835730314255,0.6072278618812561,0.6559520363807678,0.2659778892993927,12.376647335006512,15.868640508420562
550,550,33,zero_hold,3,"[0.0, 0.0, 0.0, 0.0]",0.11228334903717041,-0.2887662351131439,-0.058515649288892746,0.6171308159828186,0.6930137276649475,0.1391758769750595,15.868640508420562,19.00260378129005
550,550,33,target_ahead,0,"[0.0, 0.0, 0.0, 0.0]",0.6565984487533569,-0.9610212445259094,-0.22745341062545776,0.7690723538398743,1.4134676456451416,0.0,0.0,12.55121422239782
550,550,33,target_ahead,1,"[0.009999999776482582, 0.0, 0.0, 0.0]",0.4909890294075012,-0.9677566289901733,-0.2444770336151123,0.7463862299919128,1.3395837545394897,0.16815561056137085,12.55121422239782,16.86779200368692
550,550,33,target_ahead,2,"[0.019999999552965164, 0.0, 0.0, 0.0]",0.30111759901046753,-1.102890133857727,-0.24857056140899658,0.8070984482765198,1.421349287033081,0.24086293578147888,16.86779200368692,20.958766386375178
550,550,33,target_ahead,3,"[0.029999999329447746, 0.0, 0.0, 0.0]",0.07107619941234589,-1.124887466430664,-0.22380605340003967,0.8206974864006042,1.4121109247207642,0.23281139135360718,20.958766386375178,24.94824638894452
550,550,33,target_left,0,"[0.0, 0.0, 0.0, 0.0]",-0.1307765543460846,-1.1411443948745728,-0.038564927875995636,0.5597336888313293,1.278320074081421,0.0,0.0,13.177165232300444
550,550,33,target_left,1,"[0.009999999776482582, 0.0, 0.0, 0.0]",-0.1988915652036667,-1.283265471458435,0.010090252384543419,0.5257008671760559,1.4009965658187866,0.16841500997543335,13.177165232300444,18.85856659517681
550,550,33,target_left,2,"[0.019999999552965164, 0.0, 0.0, 0.0]",-0.15579919517040253,-1.3309229612350464,0.015467340126633644,0.547751784324646,1.4477225542068481,0.06814209371805191,18.85856659517681,24.636476320652356
550,550,33,target_left,3,"[0.029999999329447746, 0.0, 0.0, 0.0]",-0.15380170941352844,-1.3295522928237915,0.020100224763154984,0.5567753911018372,1.4497472047805786,0.010428699664771557,24.636476320652356,30.417859010690382
550,550,33,ramp,0,"[-0.5, -0.4333333373069763, -0.36666667461395264, -0.30000001192092896]",-0.5311607122421265,-0.864820659160614,-0.0003388328477740288,0.5703754425048828,1.164205551147461,0.0,0.0,13.25455805840789
550,550,33,ramp,1,"[-0.47999998927116394, -0.41333332657814026, -0.3466666638851166, -0.2800000011920929]",-0.5692785978317261,-1.17098867893219,0.06638945639133453,0.6572495698928833,1.4600263833999634,0.3274012804031372,13.25455805840789,19.08323584518745
550,550,33,ramp,2,"[-0.46000000834465027, -0.3933333456516266, -0.3266666829586029, -0.2600000202655792]",-0.5854451656341553,-1.24801504611969,0.0834498405456543,0.6640300154685974,1.5323796272277832,0.08081738650798798,19.08323584518745,24.798816342131143
550,550,33,ramp,3,"[-0.4399999976158142, -0.3733333349227905, -0.30666667222976685, -0.24000000953674316]",-0.5760806202888489,-1.2600501775741577,0.09132291376590729,0.6622772812843323,1.5383583307266235,0.01725098490715027,24.798816342131143,30.430096766994964
575,575,33,zero_hold,0,"[0.0, 0.0, 0.0, 0.0]",-0.1907452642917633,-0.22967974841594696,-0.0807921439409256,0.6299564838409424,0.701789915561676,0.0,0.0,8.505112961830848
575,575,33,zero_hold,1,"[0.0, 0.0, 0.0, 0.0]",-0.24995294213294983,-0.1843990981578827,-0.03475464507937431,0.6023147702217102,0.6785797476768494,0.09186621755361557,8.505112961830848,12.361977833852961
575,575,33,zero_hold,2,"[0.0, 0.0, 0.0, 0.0]",0.02038547955453396,-0.2058487981557846,-0.04120359569787979,0.6021811962127686,0.6380510926246643,0.2712647318840027,12.361977833852961,15.839890214008474
575,575,33,zero_hold,3,"[0.0, 0.0, 0.0, 0.0]",0.1308363527059555,-0.25459739565849304,-0.06234055384993553,0.610492467880249,0.6771450042724609,0.12284816056489944,15.839890214008474,18.948427106684264
575,575,33,target_ahead,0,"[0.0, 0.0, 0.0, 0.0]",0.6371448040008545,-0.9407931566238403,-0.22430290281772614,0.7486847639083862,1.3790888786315918,0.0,0.0,12.522107132042839
575,575,33,target_ahead,1,"[0.009999999776482582, 0.0, 0.0, 0.0]",0.4398944079875946,-0.939744234085083,-0.2315656542778015,0.7202303409576416,1.2841264009475708,0.19942723214626312,12.522107132042839,16.775502715986576
575,575,33,target_ahead,2,"[0.019999999552965164, 0.0, 0.0, 0.0]",0.24613507091999054,-1.0842773914337158,-0.23009462654590607,0.773286759853363,1.3737379312515259,0.24748669564723969,16.775502715986576,20.85518887036738
575,575,33,target_ahead,3,"[0.029999999329447746, 0.0, 0.0, 0.0]",0.01857488416135311,-1.1081125736236572,-0.20475922524929047,0.7816897034645081,1.3715770244598389,0.23035678267478943,20.85518887036738,24.834870712978653
575,575,33,target_left,0,"[0.0, 0.0, 0.0, 0.0]",-0.12933501601219177,-1.127456545829773,-0.03930946812033653,0.5374061465263367,1.2562787532806396,0.0,0.0,13.143219573259637
575,575,33,target_left,1,"[0.009999999776482582, 0.0, 0.0, 0.0]",-0.20059114694595337,-1.268000841140747,0.017166949808597565,0.4936305284500122,1.375510334968567,0.17302030324935913,13.143219573259637,18.76758687203023
575,575,33,target_left,2,"[0.019999999552965164, 0.0, 0.0, 0.0]",-0.15177132189273834,-1.3149505853652954,0.021519841626286507,0.5154141187667847,1.4206492900848389,0.07128202170133591,18.76758687203023,24.491599743224164
575,575,33,target_left,3,"[0.029999999329447746, 0.0, 0.0, 0.0]",-0.1491212695837021,-1.3136130571365356,0.024229560047388077,0.5252102017402649,1.4227612018585205,0.010588559322059155,24.491599743224164,30.214754016214545
575,575,33,ramp,0,"[-0.5, -0.4333333373069763, -0.36666667461395264, -0.30000001192092896]",-0.5399912595748901,-0.8631755113601685,-0.013438519090414047,0.5500382781028748,1.157318115234375,0.0,0.0,13.217257151451802
575,575,33,ramp,1,"[-0.47999998927116394, -0.41333332657814026, -0.3466666638851166, -0.2800000011920929]",-0.5512807369232178,-1.1471166610717773,0.06261298805475235,0.6447230577468872,1.4280669689178467,0.309029221534729,13.217257151451802,19.02032883245029
575,575,33,ramp,2,"[-0.46000000834465027, -0.3933333456516266, -0.3266666829586029, -0.2600000202655792]",-0.5616291761398315,-1.225501298904419,0.07765965908765793,0.6539909243583679,1.5003385543823242,0.08101566135883331,19.02032883245029,24.709382841140897
575,575,33,ramp,3,"[-0.4399999976158142, -0.3733333349227905, -0.30666667222976685, -0.24000000953674316]",-0.5521456003189087,-1.2400050163269043,0.0843755230307579,0.6535974740982056,1.5089023113250732,0.018589073792099953,24.709382841140897,30.301375574715216
600,600,33,zero_hold,0,"[0.0, 0.0, 0.0, 0.0]",-0.17310163378715515,-0.24215024709701538,-0.09445728361606598,0.6278595924377441,0.7012351751327515,0.0,0.0,8.476153088829038
600,600,33,zero_hold,1,"[0.0, 0.0, 0.0, 0.0]",-0.22200781106948853,-0.21261219680309296,-0.047270070761442184,0.6107560396194458,0.6853822469711304,0.07604916393756866,8.476153088829038,12.325674441072653
600,600,33,zero_hold,2,"[0.0, 0.0, 0.0, 0.0]",0.04566490650177002,-0.24023868143558502,-0.05087456852197647,0.6142494678497314,0.6630916595458984,0.26914143562316895,12.325674441072653,15.79492003374207
600,600,33,zero_hold,3,"[0.0, 0.0, 0.0, 0.0]",0.13450324535369873,-0.2935868799686432,-0.07009318470954895,0.6238229274749756,0.705940842628479,0.10582668334245682,15.79492003374207,18.895498023236396
600,600,33,target_ahead,0,"[0.0, 0.0, 0.0, 0.0]",0.6276839971542358,-0.9489995837211609,-0.23191726207733154,0.7429805994033813,1.3785475492477417,0.0,0.0,12.510178700726701
600,600,33,target_ahead,1,"[0.009999999776482582, 0.0, 0.0, 0.0]",0.5014259815216064,-0.9316511154174805,-0.23736557364463806,0.7104188203811646,1.2963175773620605,0.13165108859539032,12.510178700726701,16.776603850738763
600,600,33,target_ahead,2,"[0.019999999552965164, 0.0, 0.0, 0.0]",0.2734632194042206,-1.0918632745742798,-0.239454984664917,0.7649065256118774,1.3817988634109497,0.2839158773422241,16.776603850738763,20.85341241583409
600,600,33,target_ahead,3,"[0.029999999329447746, 0.0, 0.0, 0.0]",0.04443177580833435,-1.1149266958236694,-0.21067847311496735,0.7726844549179077,1.3734855651855469,0.2321118414402008,20.85341241583409,24.832877187248513
600,600,33,target_left,0,"[0.0, 0.0, 0.0, 0.0]",-0.12022929638624191,-1.135903239250183,-0.04511663317680359,0.5303577184677124,1.2601770162582397,0.0,0.0,13.141146261927327
600,600,33,target_left,1,"[0.009999999776482582, 0.0, 0.0, 0.0]",-0.211935892701149,-1.2709871530532837,0.010354396887123585,0.47548946738243103,1.3735073804855347,0.18095669150352478,13.141146261927327,18.75122955770744
600,600,33,target_left,2,"[0.019999999552965164, 0.0, 0.0, 0.0]",-0.1617252081632614,-1.3182728290557861,0.01391483936458826,0.49861475825309753,1.4187347888946533,0.07283202558755875,18.75122955770744,24.46092457940782
600,600,33,target_left,3,"[0.029999999329447746, 0.0, 0.0, 0.0]",-0.16004610061645508,-1.317298412322998,0.015562348067760468,0.5108635425567627,1.4220104217529297,0.01251063123345375,24.46092457940782,30.162030030305996
600,600,33,ramp,0,"[-0.5, -0.4333333373069763, -0.36666667461395264, -0.30000001192092896]",-0.5381907224655151,-0.870482325553894,-0.02098025381565094,0.5437616109848022,1.1590969562530518,0.0,0.0,13.208328877879135
600,600,33,ramp,1,"[-0.47999998927116394, -0.41333332657814026, -0.3466666638851166, -0.2800000011920929]",-0.571280837059021,-1.1449345350265503,0.05428652465343475,0.6340748071670532,1.4290677309036255,0.30040061473846436,13.208328877879135,19.02252094476562
600,600,33,ramp,2,"[-0.46000000834465027, -0.3933333456516266, -0.3266666829586029, -0.2600000202655792]",-0.587890625,-1.2198947668075562,0.07091395556926727,0.6403194665908813,1.499598741531372,0.07880602031946182,19.02252094476562,24.730368431266182
600,600,33,ramp,3,"[-0.4399999976158142, -0.3733333349227905, -0.30666667222976685, -0.24000000953674316]",-0.5782742500305176,-1.2325468063354492,0.07908247411251068,0.6390995979309082,1.5060793161392212,0.017909817397594452,24.730368431266182,30.337420108551836
625,625,33,zero_hold,0,"[0.0, 0.0, 0.0, 0.0]",-0.15100553631782532,-0.2470383495092392,-0.09449433535337448,0.6327674388885498,0.7022495269775391,0.0,0.0,8.47360236131035
625,625,33,zero_hold,1,"[0.0, 0.0, 0.0, 0.0]",-0.21060186624526978,-0.21823325753211975,-0.04007630795240402,0.6324529647827148,0.7025537490844727,0.08569058775901794,8.47360236131035,12.307474779744359
625,625,33,zero_hold,2,"[0.0, 0.0, 0.0, 0.0]",0.041956931352615356,-0.2473294585943222,-0.03745903819799423,0.6395530700683594,0.6880142092704773,0.25434190034866333,12.307474779744359,15.777219271559941
625,625,33,zero_hold,3,"[0.0, 0.0, 0.0, 0.0]",0.1648576408624649,-0.30295610427856445,-0.05508435145020485,0.6496652960777283,0.737604022026062,0.13642513751983643,15.777219271559941,18.88755637999125
625,625,33,target_ahead,0,"[0.0, 0.0, 0.0, 0.0]",0.636673629283905,-0.9655274152755737,-0.23012259602546692,0.7349809408187866,1.3895142078399658,0.0,0.0,12.56174666415114
625,625,33,target_ahead,1,"[0.009999999776482582, 0.0, 0.0, 0.0]",0.579257071018219,-0.9435797333717346,-0.2448858916759491,0.7126504778862,1.3392987251281738,0.06704451143741608,12.56174666415114,16.837570289660512
625,625,33,target_ahead,2,"[0.019999999552965164, 0.0, 0.0, 0.0]",0.32845619320869446,-1.0881807804107666,-0.24436655640602112,0.7721242904663086,1.3956761360168457,0.29554685950279236,16.837570289660512,20.906063439071715
625,625,33,target_ahead,3,"[0.029999999329447746, 0.0, 0.0, 0.0]",0.06418636441230774,-1.1125819683074951,-0.21527037024497986,0.7853502035140991,1.380244493484497,0.26731157302856445,20.906063439071715,24.884882482132017
625,625,33,target_left,0,"[0.0, 0.0, 0.0, 0.0]",-0.1273733377456665,-1.1581447124481201,-0.04871843010187149,0.5412357449531555,1.2856254577636719,0.0,0.0,13.143986932501056
625,625,33,target_left,1,"[0.009999999776482582, 0.0, 0.0, 0.0]",-0.20380142331123352,-1.2913941144943237,0.0003899410367012024,0.49251747131347656,1.3970710039138794,0.16846886277198792,13.143986932501056,18.766670671028002
625,625,33,target_left,2,"[0.019999999552965164, 0.0, 0.0, 0.0]",-0.14824745059013367,-1.3351876735687256,-3.116205334663391e-05,0.5153330564498901,1.438843846321106,0.07432932406663895,18.766670671028002,24.485997335784244
625,625,33,target_left,3,"[0.029999999329447746, 0.0, 0.0, 0.0]",-0.1481289118528366,-1.3331518173217773,0.0009473245590925217,0.5250006318092346,1.4404382705688477,0.009928655810654163,24.485997335784244,30.199025324521106
625,625,33,ramp,0,"[-0.5, -0.4333333373069763, -0.36666667461395264, -0.30000001192092896]",-0.5819523334503174,-0.8733726739883423,-0.02403629943728447,0.5538776516914368,1.1869316101074219,0.0,0.0,13.233768600725496
625,625,33,ramp,1,"[-0.47999998927116394, -0.41333332657814026, -0.3466666638851166, -0.2800000011920929]",-0.5887158513069153,-1.1351102590560913,0.03949056938290596,0.654154896736145,1.436850666999817,0.2874778211116791,13.233768600725496,19.0299371664833
625,625,33,ramp,2,"[-0.46000000834465027, -0.3933333456516266, -0.3266666829586029, -0.2600000202655792]",-0.6028373837471008,-1.2149431705474854,0.05381143093109131,0.6649015545845032,1.5114527940750122,0.08302583545446396,19.0299371664833,24.72894859528695
625,625,33,ramp,3,"[-0.4399999976158142, -0.3733333349227905, -0.30666667222976685, -0.24000000953674316]",-0.5940663814544678,-1.229641079902649,0.06133224442601204,0.6642382144927979,1.519837498664856,0.018707262352108955,24.72894859528695,30.334291377091464
650,650,33,zero_hold,0,"[0.0, 0.0, 0.0, 0.0]",-0.1511528044939041,-0.24605099856853485,-0.0978078618645668,0.6310638785362244,0.7008539438247681,0.0,0.0,8.444640026911076
650,650,33,zero_hold,1,"[0.0, 0.0, 0.0, 0.0]",-0.19457043707370758,-0.21068893373012543,-0.053912822157144547,0.6285920143127441,0.6930238008499146,0.07119305431842804,8.444640026911076,12.275129708310828
650,650,33,zero_hold,2,"[0.0, 0.0, 0.0, 0.0]",0.07485997676849365,-0.24121838808059692,-0.05561453476548195,0.6344731450080872,0.685156524181366,0.27122366428375244,12.275129708310828,15.740666296322646
650,650,33,zero_hold,3,"[0.0, 0.0, 0.0, 0.0]",0.18191425502300262,-0.30494287610054016,-0.07490363717079163,0.6424644589424133,0.7378713488578796,0.1263224482536316,15.740666296322646,18.839051240599822
650,650,33,target_ahead,0,"[0.0, 0.0, 0.0, 0.0]",0.5827609300613403,-0.9543915390968323,-0.2437703013420105,0.7412157654762268,1.3635609149932861,0.0,0.0,12.592274246400278
650,650,33,target_ahead,1,"[0.009999999776482582, 0.0, 0.0, 0.0]",0.4214981496334076,-0.9657662510871887,-0.260911762714386,0.706760823726654,1.2953574657440186,0.16618074476718903,12.592274246400278,16.919949063435734
650,650,33,target_ahead,2,"[0.019999999552965164, 0.0, 0.0, 0.0]",0.17713578045368195,-1.079891562461853,-0.2518458664417267,0.7587478756904602,1.3552371263504028,0.27481338381767273,16.919949063435734,21.07100516539824
650,650,33,target_ahead,3,"[0.029999999329447746, 0.0, 0.0, 0.0]",-0.06808032095432281,-1.1032863855361938,-0.2212834358215332,0.7658147215843201,1.3628332614898682,0.2483188658952713,21.07100516539824,25.12539320813302
650,650,33,target_left,0,"[0.0, 0.0, 0.0, 0.0]",-0.13049714267253876,-1.1353243589401245,-0.040436748415231705,0.5472440123558044,1.267715334892273,0.0,0.0,13.149253882930358
650,650,33,target_left,1,"[0.009999999776482582, 0.0, 0.0, 0.0]",-0.2205558866262436,-1.2571805715560913,0.008571898564696312,0.4980393052101135,1.3701330423355103,0.1666807234287262,13.149253882930358,18.779437299439216
650,650,33,target_left,2,"[0.019999999552965164, 0.0, 0.0, 0.0]",-0.168500617146492,-1.2956945896148682,0.009765664115548134,0.5207915306091309,1.4066044092178345,0.06864524632692337,18.779437299439216,24.50978996909098
650,650,33,target_left,3,"[0.029999999329447746, 0.0, 0.0, 0.0]",-0.16907480359077454,-1.2930024862289429,0.011383503675460815,0.5309280157089233,1.4079971313476562,0.010627456940710545,24.50978996909098,30.23065529663105
650,650,33,ramp,0,"[-0.5, -0.4333333373069763, -0.36666667461395264, -0.30000001192092896]",-0.6138992309570312,-0.829469621181488,-0.007779377046972513,0.5676858425140381,1.1778030395507812,0.0,0.0,13.236831259005385
650,650,33,ramp,1,"[-0.47999998927116394, -0.41333332657814026, -0.3466666638851166, -0.2800000011920929]",-0.6051965951919556,-1.0791698694229126,0.05369695648550987,0.6697923541069031,1.4079686403274536,0.27682310342788696,13.236831259005385,19.08150800105896
650,650,33,ramp,2,"[-0.46000000834465027, -0.3933333456516266, -0.3266666829586029, -0.2600000202655792]",-0.6191456317901611,-1.1605732440948486,0.06507690995931625,0.6822988390922546,1.4832525253295898,0.08430302888154984,19.08150800105896,24.809448266133685
650,650,33,ramp,3,"[-0.4399999976158142, -0.3733333349227905, -0.30666667222976685, -0.24000000953674316]",-0.6111537218093872,-1.175767421722412,0.07117655128240585,0.6808056831359863,1.4914759397506714,0.018280284479260445,24.809448266133685,30.4301377851283
675,675,33,zero_hold,0,"[0.0, 0.0, 0.0, 0.0]",-0.16714461147785187,-0.24606026709079742,-0.09361185878515244,0.6538574695587158,0.724414050579071,0.0,0.0,8.474583633972241
675,675,33,zero_hold,1,"[0.0, 0.0, 0.0, 0.0]",-0.23543021082878113,-0.20102699100971222,-0.04521111771464348,0.6611714363098145,0.7314581274986267,0.09532599151134491,8.474583633972241,12.337477631609682
675,675,33,zero_hold,2,"[0.0, 0.0, 0.0, 0.0]",0.018766330555081367,-0.23221617937088013,-0.0472620353102684,0.670021116733551,0.7109419703483582,0.2562638819217682,12.337477631609682,15.832795666810638
675,675,33,zero_hold,3,"[0.0, 0.0, 0.0, 0.0]",0.13370749354362488,-0.2990090847015381,-0.06810691952705383,0.6811639666557312,0.758885383605957,0.135023832321167,15.832795666810638,18.961757420223122
675,675,33,target_ahead,0,"[0.0, 0.0, 0.0, 0.0]",0.5962094664573669,-0.9414145350456238,-0.2480071634054184,0.7765123844146729,1.380654215812683,0.0,0.0,12.600153807413001
675,675,33,target_ahead,1,"[0.009999999776482582, 0.0, 0.0, 0.0]",0.5734254717826843,-0.9255191683769226,-0.26754772663116455,0.7576010227203369,1.353123664855957,0.038874752819538116,12.600153807413001,16.93928352381399
675,675,33,target_ahead,2,"[0.019999999552965164, 0.0, 0.0, 0.0]",0.22997859120368958,-1.0704190731048584,-0.2671051323413849,0.8242729306221008,1.3962299823760986,0.3786780536174774,16.93928352381399,21.08784800087559
675,675,33,target_ahead,3,"[0.029999999329447746, 0.0, 0.0, 0.0]",-0.02975141815841198,-1.0834640264511108,-0.23425787687301636,0.8348103165626526,1.388007402420044,0.26233533024787903,21.08784800087559,25.14468406700805
675,675,33,target_left,0,"[0.0, 0.0, 0.0, 0.0]",-0.13973183929920197,-1.1308436393737793,-0.04145510867238045,0.5830201506614685,1.2806105613708496,0.0,0.0,13.151210771893977
675,675,33,target_left,1,"[0.009999999776482582, 0.0, 0.0, 0.0]",-0.23144373297691345,-1.250669002532959,0.0022423681803047657,0.536464273929596,1.3804123401641846,0.16384781897068024,13.151210771893977,18.779754118116863
675,675,33,target_left,2,"[0.019999999552965164, 0.0, 0.0, 0.0]",-0.18360170722007751,-1.2907718420028687,0.002502471674233675,0.5577773451805115,1.4180703163146973,0.06596523523330688,18.779754118116863,24.512486730181408
675,675,33,target_left,3,"[0.029999999329447746, 0.0, 0.0, 0.0]",-0.18246939778327942,-1.2876067161560059,0.0044326637871563435,0.568652331829071,1.4193700551986694,0.011545177549123764,24.512486730181408,30.248946570781023
675,675,33,ramp,0,"[-0.5, -0.4333333373069763, -0.36666667461395264, -0.30000001192092896]",-0.6255686283111572,-0.8186984658241272,0.001183659303933382,0.60108882188797,1.1928589344024658,0.0,0.0,13.23985546352801
675,675,33,ramp,1,"[-0.47999998927116394, -0.41333332657814026, -0.3466666638851166, -0.2800000011920929]",-0.6307295560836792,-1.068441390991211,0.05958069488406181,0.6939407587051392,1.4228458404541016,0.27281835675239563,13.23985546352801,19.092473158330726
675,675,33,ramp,2,"[-0.46000000834465027, -0.3933333456516266, -0.3266666829586029, -0.2600000202655792]",-0.6387981176376343,-1.1466598510742188,0.07375214248895645,0.7033315300941467,1.490975022315979,0.08045026659965515,19.092473158330726,24.84658582103255
675,675,33,ramp,3,"[-0.4399999976158142, -0.3733333349227905, -0.30666667222976685, -0.24000000953674316]",-0.6271733045578003,-1.1607829332351685,0.07977530360221863,0.7015442252159119,1.4964263439178467,0.01934090629220009,24.84658582103255,30.506855392502413
700,700,33,zero_hold,0,"[0.0, 0.0, 0.0, 0.0]",-0.18057629466056824,-0.2624353766441345,-0.08804642409086227,0.6522329449653625,0.7311909198760986,0.0,0.0,8.502747594090124
700,700,33,zero_hold,1,"[0.0, 0.0, 0.0, 0.0]",-0.2579871118068695,-0.2264947146177292,-0.032605450600385666,0.6583177447319031,0.7431706190109253,0.1019553393125534,8.502747594090124,12.387179354937867
700,700,33,zero_hold,2,"[0.0, 0.0, 0.0, 0.0]",-0.0055936891585588455,-0.2649485170841217,-0.031219083815813065,0.6702864766120911,0.7214482426643372,0.2555901110172272,12.387179354937867,15.895468198059438
700,700,33,zero_hold,3,"[0.0, 0.0, 0.0, 0.0]",0.1314825713634491,-0.33138591051101685,-0.05015825852751732,0.6819104552268982,0.7711173892021179,0.1539403647184372,15.895468198059438,19.02922811877687
700,700,33,target_ahead,0,"[0.0, 0.0, 0.0, 0.0]",0.5373019576072693,-0.9819278120994568,-0.22466304898262024,0.7572960257530212,1.3699804544448853,0.0,0.0,12.593767880377131
700,700,33,target_ahead,1,"[0.009999999776482582, 0.0, 0.0, 0.0]",0.35925915837287903,-1.0065927505493164,-0.2482990026473999,0.7515844106674194,1.3299728631973267,0.1813804805278778,12.593767880377131,16.981803945449897
700,700,33,target_ahead,2,"[0.019999999552965164, 0.0, 0.0, 0.0]",0.12556132674217224,-1.0988743305206299,-0.23878419399261475,0.8121753334999084,1.3928163051605225,0.258635550737381,16.981803945449897,21.164412083031472
700,700,33,target_ahead,3,"[0.029999999329447746, 0.0, 0.0, 0.0]",-0.08408313989639282,-1.122476577758789,-0.2144511342048645,0.8227883577346802,1.410671353340149,0.21263255178928375,21.164412083031472,25.20997062099785
700,700,33,target_left,0,"[0.0, 0.0, 0.0, 0.0]",-0.15409184992313385,-1.1507315635681152,-0.03650449961423874,0.6054186224937439,1.3098822832107544,0.0,0.0,13.176211758272187
700,700,33,target_left,1,"[0.009999999776482582, 0.0, 0.0, 0.0]",-0.25268858671188354,-1.270593523979187,0.005447040777653456,0.5703125596046448,1.415466547012329,0.16456176340579987,13.176211758272187,18.821051516973696
700,700,33,target_left,2,"[0.019999999552965164, 0.0, 0.0, 0.0]",-0.20543497800827026,-1.3112132549285889,0.005737136583775282,0.5946584343910217,1.454350471496582,0.06690046191215515,18.821051516973696,24.550672020022542
700,700,33,target_left,3,"[0.029999999329447746, 0.0, 0.0, 0.0]",-0.20392915606498718,-1.3077585697174072,0.007922336459159851,0.6033912301063538,1.4546350240707397,0.009759055450558662,24.550672020022542,30.284977530980356
700,700,33,ramp,0,"[-0.5, -0.4333333373069763, -0.36666667461395264, -0.30000001192092896]",-0.6425704956054688,-0.8642671704292297,0.01243891566991806,0.5953890681266785,1.2306492328643799,0.0,0.0,13.233051181868627
700,700,33,ramp,1,"[-0.47999998927116394, -0.41333332657814026, -0.3466666638851166, -0.2800000011920929]",-0.6461432576179504,-1.1060757637023926,0.080690898001194,0.7006002068519592,1.4622777700424194,0.2724185883998871,13.233051181868627,19.110073179415444
700,700,33,ramp,2,"[-0.46000000834465027, -0.3933333456516266, -0.3266666829586029, -0.2600000202655792]",-0.664422333240509,-1.1655786037445068,0.09304782003164291,0.7122530341148376,1.521838665008545,0.06452281773090363,19.110073179415444,24.868392412278812
700,700,33,ramp,3,"[-0.4399999976158142, -0.3733333349227905, -0.30666667222976685, -0.24000000953674316]",-0.6568383574485779,-1.176340937614441,0.09615732729434967,0.7120887637138367,1.5269352197647095,0.013529247604310513,24.868392412278812,30.525725847413735
725,725,33,zero_hold,0,"[0.0, 0.0, 0.0, 0.0]",-0.17920412123203278,-0.24568670988082886,-0.09972473978996277,0.6556363105773926,0.7295752763748169,0.0,0.0,8.497752359015536
725,725,33,zero_hold,1,"[0.0, 0.0, 0.0, 0.0]",-0.26387736201286316,-0.20543788373470306,-0.045376840978860855,0.6659215092658997,0.7465564608573914,0.10885313153266907,8.497752359015536,12.353912874959207
725,725,33,zero_hold,2,"[0.0, 0.0, 0.0, 0.0]",-0.011171739548444748,-0.24826771020889282,-0.04204995557665825,0.684266984462738,0.7292127013206482,0.25698670744895935,12.353912874959207,15.836536028473816
725,725,33,zero_hold,3,"[0.0, 0.0, 0.0, 0.0]",0.1268337219953537,-0.3178412616252899,-0.0629081204533577,0.6983913779258728,0.7802677750587463,0.15659038722515106,15.836536028473816,18.96014677997183
725,725,33,target_ahead,0,"[0.0, 0.0, 0.0, 0.0]",0.5706958770751953,-0.9486231803894043,-0.24229149520397186,0.7562210559844971,1.3624078035354614,0.0,0.0,12.622543519075098
725,725,33,target_ahead,1,"[0.009999999776482582, 0.0, 0.0, 0.0]",0.4290926456451416,-0.9756770730018616,-0.27591273188591003,0.7583504319190979,1.33689546585083,0.14804834127426147,12.622543519075098,16.988162507647637
725,725,33,target_ahead,2,"[0.019999999552965164, 0.0, 0.0, 0.0]",0.17117320001125336,-1.0921193361282349,-0.2769438922405243,0.8329890370368958,1.4115926027297974,0.2926657199859619,16.988162507647637,21.148019523802663
725,725,33,target_ahead,3,"[0.029999999329447746, 0.0, 0.0, 0.0]",-0.05517764016985893,-1.1157952547073364,-0.25160449743270874,0.852067768573761,1.4273639917373657,0.22978541254997253,21.148019523802663,25.18242524519911
725,725,33,target_left,0,"[0.0, 0.0, 0.0, 0.0]",-0.16273993253707886,-1.123416543006897,-0.05559596046805382,0.6192305684089661,1.2942513227462769,0.0,0.0,13.151192985601831
725,725,33,target_left,1,"[0.009999999776482582, 0.0, 0.0, 0.0]",-0.2496592104434967,-1.2423933744430542,-0.014021757990121841,0.5953968167304993,1.4002017974853516,0.1549416333436966,13.151192985601831,18.78135209221939
725,725,33,target_left,2,"[0.019999999552965164, 0.0, 0.0, 0.0]",-0.20404256880283356,-1.2805663347244263,-0.013310080394148827,0.6219393014907837,1.438217282295227,0.0651387944817543,18.78135209221939,24.505815751107754
725,725,33,target_left,3,"[0.029999999329447746, 0.0, 0.0, 0.0]",-0.20400960743427277,-1.2768248319625854,-0.010280586779117584,0.6347460150718689,1.4404547214508057,0.013681728392839432,24.505815751107754,30.228295122940317
725,725,33,ramp,0,"[-0.5, -0.4333333373069763, -0.36666667461395264, -0.30000001192092896]",-0.650214433670044,-0.8607127666473389,-0.015687914565205574,0.6073998808860779,1.2380573749542236,0.0,0.0,13.196574098442046
725,725,33,ramp,1,"[-0.47999998927116394, -0.41333332657814026, -0.3466666638851166, -0.2800000011920929]",-0.6423089504241943,-1.0933595895767212,0.06177473068237305,0.7104974389076233,1.4548603296279907,0.26611390709877014,13.196574098442046,19.148942459048563
725,725,33,ramp,2,"[-0.46000000834465027, -0.3933333456516266, -0.3266666829586029, -0.2600000202655792]",-0.6686913371086121,-1.1542857885360718,0.07326215505599976,0.728003978729248,1.5214732885360718,0.06961660832166672,19.148942459048563,24.965104535605867
725,725,33,ramp,3,"[-0.4399999976158142, -0.3733333349227905, -0.30666667222976685, -0.24000000953674316]",-0.6595949530601501,-1.1669031381607056,0.07713450491428375,0.7303999662399292,1.5284509658813477,0.01620733179152012,24.965104535605867,30.663571222295474
750,750,33,zero_hold,0,"[0.0, 0.0, 0.0, 0.0]",-0.24185331165790558,-0.2356816679239273,-0.10326239466667175,0.6626577973365784,0.7508776783943176,0.0,0.0,8.553765528252086
750,750,33,zero_hold,1,"[0.0, 0.0, 0.0, 0.0]",-0.3254842162132263,-0.1833173632621765,-0.045147452503442764,0.6658340692520142,0.7647996544837952,0.11455821245908737,8.553765528252086,12.430038304512964
750,750,33,zero_hold,2,"[0.0, 0.0, 0.0, 0.0]",-0.0380401574075222,-0.22340913116931915,-0.04100777208805084,0.6853118538856506,0.7229748964309692,0.2909088432788849,12.430038304512964,15.902730906286614
750,750,33,zero_hold,3,"[0.0, 0.0, 0.0, 0.0]",0.1323365420103073,-0.28963637351989746,-0.065623939037323,0.7036674618721008,0.775149405002594,0.18535682559013367,15.902730906286614,19.00691084456624
750,750,33,target_ahead,0,"[0.0, 0.0, 0.0, 0.0]",0.5815714597702026,-0.9334869980812073,-0.24648499488830566,0.7806474566459656,1.3710538148880005,0.0,0.0,12.611861867671392
750,750,33,target_ahead,1,"[0.009999999776482582, 0.0, 0.0, 0.0]",0.36122727394104004,-0.9758551716804504,-0.27790749073028564,0.778454601764679,1.3289103507995605,0.2265806794166565,12.611861867671392,17.001389322470896
750,750,33,target_ahead,2,"[0.019999999552965164, 0.0, 0.0, 0.0]",0.13316752016544342,-1.0955166816711426,-0.2707236111164093,0.8435937762260437,1.4152145385742188,0.2657533586025238,17.001389322470896,21.176802664223832
750,750,33,target_ahead,3,"[0.029999999329447746, 0.0, 0.0, 0.0]",-0.07500593364238739,-1.1157838106155396,-0.24312801659107208,0.8514332175254822,1.4264112710952759,0.21111588180065155,21.176802664223832,25.24563495145016
750,750,33,target_left,0,"[0.0, 0.0, 0.0, 0.0]",-0.16865500807762146,-1.1215251684188843,-0.04615272954106331,0.6189101338386536,1.292842984199524,0.0,0.0,13.16542643747201
750,750,33,target_left,1,"[0.009999999776482582, 0.0, 0.0, 0.0]",-0.2562316060066223,-1.2308753728866577,-0.004169801250100136,0.593498945236206,1.3903119564056396,0.148443341255188,13.16542643747201,18.79672306316511
750,750,33,target_left,2,"[0.019999999552965164, 0.0, 0.0, 0.0]",-0.20850110054016113,-1.2669769525527954,-0.002781961113214493,0.6170246601104736,1.4245808124542236,0.06431882083415985,18.79672306316511,24.520652772981762
750,750,33,target_left,3,"[0.029999999329447746, 0.0, 0.0, 0.0]",-0.20948533713817596,-1.264017939567566,8.792988955974579e-05,0.6260684132575989,1.4260389804840088,0.009987503290176392,24.520652772981762,30.243626865675573
750,750,33,ramp,0,"[-0.5, -0.4333333373069763, -0.36666667461395264, -0.30000001192092896]",-0.6701239347457886,-0.8707790374755859,-0.009434697218239307,0.604592502117157,1.2541704177856445,0.0,0.0,13.216178498827926
750,750,33,ramp,1,"[-0.47999998927116394, -0.41333332657814026, -0.3466666638851166, -0.2800000011920929]",-0.6220037937164307,-1.0997954607009888,0.0676431655883789,0.7067953944206238,1.4493356943130493,0.26674050092697144,13.216178498827926,19.13106730013668
750,750,33,ramp,2,"[-0.46000000834465027, -0.3933333456516266, -0.3266666829586029, -0.2600000202655792]",-0.6469888687133789,-1.1594926118850708,0.07725323736667633,0.7238290309906006,1.5142372846603394,0.06760548800230026,19.13106730013668,24.9277840975045
750,750,33,ramp,3,"[-0.4399999976158142, -0.3733333349227905, -0.30666667222976685, -0.24000000953674316]",-0.6373361945152283,-1.171480655670166,0.08063822984695435,0.724722683429718,1.5199637413024902,0.01578429900109768,24.9277840975045,30.60957342905836
775,775,33,zero_hold,0,"[0.0, 0.0, 0.0, 0.0]",-0.27384933829307556,-0.25140881538391113,-0.10397563129663467,0.674854040145874,0.7774565815925598,0.0,0.0,8.58463216878485
775,775,33,zero_hold,1,"[0.0, 0.0, 0.0, 0.0]",-0.39234933257102966,-0.1975293755531311,-0.045134544372558594,0.6762850284576416,0.807684600353241,0.14286203682422638,8.58463216878485,12.469426921849703
775,775,33,zero_hold,2,"[0.0, 0.0, 0.0, 0.0]",-0.12016710638999939,-0.24704675376415253,-0.040273942053318024,0.6918584108352661,0.7454946637153625,0.27713045477867126,12.469426921849703,15.96904194642369
775,775,33,zero_hold,3,"[0.0, 0.0, 0.0, 0.0]",0.10380677878856659,-0.3165663778781891,-0.06695761531591415,0.70987468957901,0.7870168089866638,0.23671476542949677,15.96904194642369,19.11372767195396
775,775,33,target_ahead,0,"[0.0, 0.0, 0.0, 0.0]",0.5082471966743469,-0.9803286790847778,-0.2374541163444519,0.7989116907119751,1.3834753036499023,0.0,0.0,12.649912399949875
775,775,33,target_ahead,1,"[0.009999999776482582, 0.0, 0.0, 0.0]",0.23371769487857819,-1.049638032913208,-0.25952157378196716,0.7978267073631287,1.3639072179794312,0.28400421142578125,12.649912399949875,17.106301765251455
775,775,33,target_ahead,2,"[0.019999999552965164, 0.0, 0.0, 0.0]",0.02097390964627266,-1.1459870338439941,-0.2393067479133606,0.8539766669273376,1.4492307901382446,0.24104876816272736,17.106301765251455,21.35340478883539
775,775,33,target_ahead,3,"[0.029999999329447746, 0.0, 0.0, 0.0]",-0.14999903738498688,-1.163468360900879,-0.21084997057914734,0.8561216592788696,1.4675014019012451,0.17421749234199524,21.35340478883539,25.4819743541181
775,775,33,target_left,0,"[0.0, 0.0, 0.0, 0.0]",-0.18729935586452484,-1.126721739768982,-0.032450102269649506,0.6529576778411865,1.3160507678985596,0.0,0.0,13.184267465221414
775,775,33,target_left,1,"[0.009999999776482582, 0.0, 0.0, 0.0]",-0.2655445337295532,-1.2375125885009766,0.016750698909163475,0.6256479024887085,1.4119727611541748,0.1468450278043747,13.184267465221414,18.824508430786317
775,775,33,target_left,2,"[0.019999999552965164, 0.0, 0.0, 0.0]",-0.22040753066539764,-1.2760944366455078,0.016162890940904617,0.6471383571624756,1.4477726221084595,0.06315135210752487,18.824508430786317,24.561424930966563
775,775,33,target_left,3,"[0.029999999329447746, 0.0, 0.0, 0.0]",-0.2231910079717636,-1.275359869003296,0.017424803227186203,0.6540815830230713,1.4506837129592896,0.007621557917445898,24.561424930966563,30.287842140864527
775,775,33,ramp,0,"[-0.5, -0.4333333373069763, -0.36666667461395264, -0.30000001192092896]",-0.7009879946708679,-0.8738909959793091,-0.0002595381811261177,0.6196688413619995,1.2802574634552002,0.0,0.0,13.254916227985735
775,775,33,ramp,1,"[-0.47999998927116394, -0.41333332657814026, -0.3466666638851166, -0.2800000011920929]",-0.65449458360672,-1.112959623336792,0.079486183822155,0.7256852388381958,1.483232855796814,0.2773342728614807,13.254916227985735,19.134372109375995
775,775,33,ramp,2,"[-0.46000000834465027, -0.3933333456516266, -0.3266666829586029, -0.2600000202655792]",-0.6730198264122009,-1.1835291385650635,0.0867171660065651,0.7525818347930908,1.5580744743347168,0.07809580862522125,19.134372109375995,24.931213035347636
775,775,33,ramp,3,"[-0.4399999976158142, -0.3733333349227905, -0.30666667222976685, -0.24000000953674316]",-0.6635276675224304,-1.1990432739257812,0.08934801071882248,0.7550203204154968,1.567167043685913,0.018537988886237144,24.931213035347636,30.60877058607342
800,800,33,zero_hold,0,"[0.0, 0.0, 0.0, 0.0]",-0.24865466356277466,-0.25168511271476746,-0.10857214778661728,0.6701303720474243,0.7655306458473206,0.0,0.0,8.620770754997872
800,800,33,zero_hold,1,"[0.0, 0.0, 0.0, 0.0]",-0.3277941942214966,-0.20245707035064697,-0.05623362585902214,0.6716631650924683,0.776357889175415,0.10690245777368546,8.620770754997872,12.511345950247414
800,800,33,zero_hold,2,"[0.0, 0.0, 0.0, 0.0]",-0.04395792633295059,-0.2555601894855499,-0.05810149759054184,0.6922924518585205,0.7415443062782288,0.2895030677318573,12.511345950247414,16.011627316890515
800,800,33,zero_hold,3,"[0.0, 0.0, 0.0, 0.0]",0.1569768637418747,-0.3239116668701172,-0.08538707345724106,0.7109723091125488,0.8014568090438843,0.2148025929927826,16.011627316890515,19.16630449771973
800,800,33,target_ahead,0,"[0.0, 0.0, 0.0, 0.0]",0.4754854440689087,-0.9791554808616638,-0.2336537092924118,0.7619823813438416,1.3490897417068481,0.0,0.0,12.639910599505983
800,800,33,target_ahead,1,"[0.009999999776482582, 0.0, 0.0, 0.0]",0.1547352373600006,-1.0576661825180054,-0.2608577609062195,0.7539908289909363,1.3338476419448853,0.33143407106399536,12.639910599505983,17.142459585682538
800,800,33,target_ahead,2,"[0.019999999552965164, 0.0, 0.0, 0.0]",-0.0337209478020668,-1.1337939500808716,-0.23441146314144135,0.7954976558685303,1.4051302671432495,0.20912529528141022,17.142459585682538,21.435109523756296
800,800,33,target_ahead,3,"[0.029999999329447746, 0.0, 0.0, 0.0]",-0.14303496479988098,-1.1527832746505737,-0.2122524529695511,0.7946255803108215,1.4233232736587524,0.1131456196308136,21.435109523756296,25.609025143735785
800,800,33,target_left,0,"[0.0, 0.0, 0.0, 0.0]",-0.14538253843784332,-1.1470270156860352,-0.044059719890356064,0.636142373085022,1.3203884363174438,0.0,0.0,13.224048023108313
800,800,33,target_left,1,"[0.009999999776482582, 0.0, 0.0, 0.0]",-0.21830537915229797,-1.2387053966522217,-0.0020145834423601627,0.6156348586082458,1.4003779888153076,0.12613888084888458,13.224048023108313,18.87503248178948
800,800,33,target_left,2,"[0.019999999552965164, 0.0, 0.0, 0.0]",-0.16924667358398438,-1.275307059288025,-0.004322335589677095,0.6427528858184814,1.438124656677246,0.06698620319366455,18.87503248178948,24.634086042190876
800,800,33,target_left,3,"[0.029999999329447746, 0.0, 0.0, 0.0]",-0.16971763968467712,-1.2738288640975952,-0.003673252183943987,0.650929868221283,1.4405440092086792,0.008348126895725727,24.634086042190876,30.39022690846796
800,800,33,ramp,0,"[-0.5, -0.4333333373069763, -0.36666667461395264, -0.30000001192092896]",-0.6928598284721375,-0.8812103867530823,0.0002004760317504406,0.6052759885787964,1.2739487886428833,0.0,0.0,13.242910577356794
800,800,33,ramp,1,"[-0.47999998927116394, -0.41333332657814026, -0.3466666638851166, -0.2800000011920929]",-0.6372756958007812,-1.0922471284866333,0.08527743816375732,0.7382435202598572,1.46676504611969,0.26934096217155457,13.242910577356794,19.138962592494757
800,800,33,ramp,2,"[-0.46000000834465027, -0.3933333456516266, -0.3266666829586029, -0.2600000202655792]",-0.6594656705856323,-1.1628985404968262,0.08583742380142212,0.7636155486106873,1.5419808626174927,0.07828199118375778,19.138962592494757,24.913565181360166
800,800,33,ramp,3,"[-0.4399999976158142, -0.3733333349227905, -0.30666667222976685, -0.24000000953674316]",-0.650056004524231,-1.1788636445999146,0.08625520765781403,0.7639162540435791,1.5502581596374512,0.018538914620876312,24.913565181360166,30.58369115718551
825,825,33,zero_hold,0,"[0.0, 0.0, 0.0, 0.0]",-0.23619677126407623,-0.2624150514602661,-0.13255569338798523,0.6979483366012573,0.7933180332183838,0.0,0.0,8.69065141383897
825,825,33,zero_hold,1,"[0.0, 0.0, 0.0, 0.0]",-0.2905920445919037,-0.21975532174110413,-0.08757564425468445,0.6949330568313599,0.7895172834396362,0.08252875506877899,8.69065141383897,12.642445496761221
825,825,33,zero_hold,2,"[0.0, 0.0, 0.0, 0.0]",-0.004304300993680954,-0.2946888506412506,-0.08973545581102371,0.7102147340774536,0.7741559743881226,0.2963341176509857,12.642445496761221,16.18495102288634
825,825,33,zero_hold,3,"[0.0, 0.0, 0.0, 0.0]",0.1937246173620224,-0.3701842129230499,-0.1150425374507904,0.7241495847702026,0.8439152240753174,0.2138916403055191,16.18495102288634,19.376680217081788
825,825,33,target_ahead,0,"[0.0, 0.0, 0.0, 0.0]",0.36386314034461975,-1.0254720449447632,-0.23318159580230713,0.7769744396209717,1.3572221994400024,0.0,0.0,12.605651273596235
825,825,33,target_ahead,1,"[0.009999999776482582, 0.0, 0.0, 0.0]",0.011866021901369095,-1.0876388549804688,-0.24021661281585693,0.752126157283783,1.3440598249435425,0.35837632417678833,12.605651273596235,17.194933226041005
825,825,33,target_ahead,2,"[0.019999999552965164, 0.0, 0.0, 0.0]",-0.1721925288438797,-1.1452593803405762,-0.2006177306175232,0.7680671215057373,1.404081106185913,0.1975344568490982,17.194933226041005,21.595405953785598
825,825,33,target_ahead,3,"[0.029999999329447746, 0.0, 0.0, 0.0]",-0.1467195749282837,-1.1570162773132324,-0.1901145577430725,0.7707070112228394,1.4107962846755981,0.03007293865084648,21.595405953785598,25.846761650960175
825,825,33,target_left,0,"[0.0, 0.0, 0.0, 0.0]",-0.11766339838504791,-1.1604421138763428,-0.07178983092308044,0.6324100494384766,1.3287463188171387,0.0,0.0,13.253063318427113
825,825,33,target_left,1,"[0.009999999776482582, 0.0, 0.0, 0.0]",-0.18149568140506744,-1.2512996196746826,-0.036019787192344666,0.607675313949585,1.403302550315857,0.11925162374973297,13.253063318427113,18.9434900917036
825,825,33,target_left,2,"[0.019999999552965164, 0.0, 0.0, 0.0]",-0.12999923527240753,-1.287400484085083,-0.03789713978767395,0.6306962966918945,1.4399700164794922,0.06699736416339874,18.9434900917036,24.759385525041573
825,825,33,target_left,3,"[0.029999999329447746, 0.0, 0.0, 0.0]",-0.13025249540805817,-1.2860296964645386,-0.036802686750888824,0.6387630701065063,1.4422935247421265,0.008259167894721031,24.759385525041573,30.58155195225846
825,825,33,ramp,0,"[-0.5, -0.4333333373069763, -0.36666667461395264, -0.30000001192092896]",-0.6603516340255737,-0.9001970887184143,-0.01594487950205803,0.6211813688278198,1.277708649635315,0.0,0.0,13.263934451189197
825,825,33,ramp,1,"[-0.47999998927116394, -0.41333332657814026, -0.3466666638851166, -0.2800000011920929]",-0.5945000648498535,-1.1012816429138184,0.059203773736953735,0.7532384991645813,1.4618908166885376,0.2604953646659851,13.263934451189197,19.120312514640144
825,825,33,ramp,2,"[-0.46000000834465027, -0.3933333456516266, -0.3266666829586029, -0.2600000202655792]",-0.6218724250793457,-1.165653944015503,0.05941835045814514,0.7703748941421509,1.5305171012878418,0.07201903313398361,19.120312514640144,24.860419505425856
825,825,33,ramp,3,"[-0.4399999976158142, -0.3733333349227905, -0.30666667222976685, -0.24000000953674316]",-0.6148915886878967,-1.1792306900024414,0.0600663386285305,0.7685826420783997,1.5372065305709839,0.015384803526103497,24.860419505425856,30.5189382934972
850,850,33,zero_hold,0,"[0.0, 0.0, 0.0, 0.0]",-0.22633114457130432,-0.2341194748878479,-0.13574257493019104,0.6791403293609619,0.7653073668479919,0.0,0.0,8.66672473454684
850,850,33,zero_hold,1,"[0.0, 0.0, 0.0, 0.0]",-0.31775766611099243,-0.1836467832326889,-0.09072663635015488,0.6804422736167908,0.7784144878387451,0.11372964084148407,8.66672473454684,12.602031033867677
850,850,33,zero_hold,2,"[0.0, 0.0, 0.0, 0.0]",-0.03881239891052246,-0.25239479541778564,-0.0905754342675209,0.6995106935501099,0.7501524090766907,0.28792425990104675,12.602031033867677,16.135190899162485
850,850,33,zero_hold,3,"[0.0, 0.0, 0.0, 0.0]",0.18101157248020172,-0.32569462060928345,-0.11628169566392899,0.7166985869407654,0.8161007761955261,0.2337769865989685,16.135190899162485,19.317588151696395
850,850,33,target_ahead,0,"[0.0, 0.0, 0.0, 0.0]",0.48452818393707275,-0.9537668824195862,-0.22210735082626343,0.758136510848999,1.3298652172088623,0.0,0.0,12.573482623265223
850,850,33,target_ahead,1,"[0.009999999776482582, 0.0, 0.0, 0.0]",0.09632295370101929,-1.0308793783187866,-0.23592308163642883,0.7380217909812927,1.293184518814087,0.39654144644737244,12.573482623265223,17.11073643348157
850,850,33,target_ahead,2,"[0.019999999552965164, 0.0, 0.0, 0.0]",-0.11745107173919678,-1.1002963781356812,-0.19565632939338684,0.761658251285553,1.3575166463851929,0.22956077754497528,17.11073643348157,21.48337706245696
850,850,33,target_ahead,3,"[0.029999999329447746, 0.0, 0.0, 0.0]",-0.1602891981601715,-1.1191457509994507,-0.18150565028190613,0.764079749584198,1.3765689134597778,0.048954155296087265,21.48337706245696,25.723343317681795
850,850,33,target_left,0,"[0.0, 0.0, 0.0, 0.0]",-0.0810626745223999,-1.1534154415130615,-0.07415162771940231,0.6065558791160583,1.3078023195266724,0.0,0.0,13.244643960020866
850,850,33,target_left,1,"[0.009999999776482582, 0.0, 0.0, 0.0]",-0.15266485512256622,-1.2459994554519653,-0.040675535798072815,0.5906718969345093,1.3879369497299194,0.12276653200387955,13.244643960020866,18.91424911337075
850,850,33,target_left,2,"[0.019999999552965164, 0.0, 0.0, 0.0]",-0.09913547337055206,-1.280897855758667,-0.04135305434465408,0.61648029088974,1.4255824089050293,0.06891897320747375,18.91424911337075,24.704715982446807
850,850,33,target_left,3,"[0.029999999329447746, 0.0, 0.0, 0.0]",-0.09848659485578537,-1.2787584066390991,-0.04084489867091179,0.6277070641517639,1.4284981489181519,0.011458487249910831,24.704715982446807,30.49716525878182
850,850,33,ramp,0,"[-0.5, -0.4333333373069763, -0.36666667461395264, -0.30000001192092896]",-0.6495742201805115,-0.9145607352256775,0.009946363978087902,0.586763858795166,1.2660011053085327,0.0,0.0,13.252572741614
850,850,33,ramp,1,"[-0.47999998927116394, -0.41333332657814026, -0.3466666638851166, -0.2800000011920929]",-0.5650380849838257,-1.0854203701019287,0.0873427540063858,0.7587184906005859,1.442458987236023,0.26813796162605286,13.252572741614,19.115577293847505
850,850,33,ramp,2,"[-0.46000000834465027, -0.3933333456516266, -0.3266666829586029, -0.2600000202655792]",-0.5994449257850647,-1.1519924402236938,0.0817771777510643,0.7844100594520569,1.519344449043274,0.07941475510597229,19.115577293847505,24.855597145346575
850,850,33,ramp,3,"[-0.4399999976158142, -0.3733333349227905, -0.30666667222976685, -0.24000000953674316]",-0.59621661901474,-1.1671905517578125,0.08073142915964127,0.7830752730369568,1.528899073600769,0.01562945358455181,24.855597145346575,30.50988883874953
875,875,33,zero_hold,0,"[0.0, 0.0, 0.0, 0.0]",-0.22023127973079681,-0.2182733416557312,-0.11637724936008453,0.6825405359268188,0.7586503028869629,0.0,0.0,8.676640249503276
875,875,33,zero_hold,1,"[0.0, 0.0, 0.0, 0.0]",-0.31992989778518677,-0.1566748172044754,-0.05075344070792198,0.6731933355331421,0.7633264660835266,0.1346404254436493,8.676640249503276,12.596705981039864
875,875,33,zero_hold,2,"[0.0, 0.0, 0.0, 0.0]",-0.015407951548695564,-0.2216935157775879,-0.04637527093291283,0.685696005821228,0.7222985029220581,0.3116673231124878,12.596705981039864,16.105166516271094
875,875,33,zero_hold,3,"[0.0, 0.0, 0.0, 0.0]",0.23549918830394745,-0.2931074798107147,-0.07500424236059189,0.699714183807373,0.7978705763816833,0.26281264424324036,16.105166516271094,19.249243005705868
875,875,33,target_ahead,0,"[0.0, 0.0, 0.0, 0.0]",0.5401777029037476,-0.9184974431991577,-0.21298085153102875,0.7624817490577698,1.3274670839309692,0.0,0.0,12.583335876394827
875,875,33,target_ahead,1,"[0.009999999776482582, 0.0, 0.0, 0.0]",0.17121808230876923,-0.9862693548202515,-0.22360484302043915,0.7342373132705688,1.2614065408706665,0.37634405493736267,12.583335876394827,17.018402340087768
875,875,33,target_ahead,2,"[0.019999999552965164, 0.0, 0.0, 0.0]",-0.03601650893688202,-1.0657985210418701,-0.18909874558448792,0.7629209160804749,1.3247755765914917,0.2264607846736908,17.018402340087768,21.31475520280108
875,875,33,target_ahead,3,"[0.029999999329447746, 0.0, 0.0, 0.0]",-0.13347391784191132,-1.0895509719848633,-0.17285485565662384,0.7649838328361511,1.3490796089172363,0.1016378104686737,21.31475520280108,25.49687845309994
875,875,33,target_left,0,"[0.0, 0.0, 0.0, 0.0]",-0.10949857532978058,-1.1412582397460938,-0.06803667545318604,0.5999046564102173,1.2957526445388794,0.0,0.0,13.245467018764998
875,875,33,target_left,1,"[0.009999999776482582, 0.0, 0.0, 0.0]",-0.17524202167987823,-1.2382373809814453,-0.04346991702914238,0.5960985422134399,1.3860608339309692,0.119771309196949,13.245467018764998,18.911674007982302
875,875,33,target_left,2,"[0.019999999552965164, 0.0, 0.0, 0.0]",-0.12012146413326263,-1.2760553359985352,-0.04600317403674126,0.6238207221031189,1.4261889457702637,0.07241139560937881,18.911674007982302,24.686568202410818
875,875,33,target_left,3,"[0.029999999329447746, 0.0, 0.0, 0.0]",-0.11804582178592682,-1.2742395401000977,-0.04536711797118187,0.632236659526825,1.4280766248703003,0.008879074826836586,24.686568202410818,30.45976385168161
875,875,33,ramp,0,"[-0.5, -0.4333333373069763, -0.36666667461395264, -0.30000001192092896]",-0.6422380208969116,-0.9154523611068726,0.007059929426759481,0.6036713719367981,1.2708232402801514,0.0,0.0,13.253215442310909
875,875,33,ramp,1,"[-0.47999998927116394, -0.41333332657814026, -0.3466666638851166, -0.2800000011920929]",-0.5514347553253174,-1.081247329711914,0.0824720561504364,0.7801890969276428,1.4452240467071533,0.2694043517112732,13.253215442310909,19.0926112126219
875,875,33,ramp,2,"[-0.46000000834465027, -0.3933333456516266, -0.3266666829586029, -0.2600000202655792]",-0.5825095176696777,-1.1447741985321045,0.07973819971084595,0.800798237323761,1.5157378911972046,0.07371237874031067,19.0926112126219,24.79511492856449
875,875,33,ramp,3,"[-0.4399999976158142, -0.3733333349227905, -0.30666667222976685, -0.24000000953674316]",-0.5791297554969788,-1.1601147651672363,0.07868259400129318,0.797880232334137,1.5244872570037842,0.016012022271752357,24.79511492856449,30.409948928420626
900,900,33,zero_hold,0,"[0.0, 0.0, 0.0, 0.0]",-0.2741420865058899,-0.21712055802345276,-0.11532758921384811,0.6813458204269409,0.7744854688644409,0.0,0.0,8.716054932997448
900,900,33,zero_hold,1,"[0.0, 0.0, 0.0, 0.0]",-0.36138325929641724,-0.1451069861650467,-0.03977087140083313,0.6708135008811951,0.7766764760017395,0.1364431232213974,8.716054932997448,12.661879411182587
900,900,33,zero_hold,2,"[0.0, 0.0, 0.0, 0.0]",-0.022091425955295563,-0.20620138943195343,-0.03141629695892334,0.6867672801017761,0.7180830836296082,0.3452184796333313,12.661879411182587,16.177907438136156
900,900,33,zero_hold,3,"[0.0, 0.0, 0.0, 0.0]",0.2457343339920044,-0.2766266465187073,-0.06101537495851517,0.7045833468437195,0.798165500164032,0.27907681465148926,16.177907438136156,19.322229897212054
900,900,33,target_ahead,0,"[0.0, 0.0, 0.0, 0.0]",0.5278788805007935,-0.9373433589935303,-0.21006877720355988,0.7582624554634094,1.332801342010498,0.0,0.0,12.63900595557361
900,900,33,target_ahead,1,"[0.009999999776482582, 0.0, 0.0, 0.0]",0.15552982687950134,-1.0233708620071411,-0.22438637912273407,0.7139847874641418,1.277341365814209,0.38498058915138245,12.63900595557361,17.11362474919155
900,900,33,target_ahead,2,"[0.019999999552965164, 0.0, 0.0, 0.0]",-0.04304102808237076,-1.1087983846664429,-0.18704380095005035,0.7370228171348572,1.3451670408248901,0.22057530283927917,17.11362474919155,21.458033703399547
900,900,33,target_ahead,3,"[0.029999999329447746, 0.0, 0.0, 0.0]",-0.14059507846832275,-1.1299201250076294,-0.16826389729976654,0.7399737238883972,1.3683421611785889,0.10160862654447556,21.458033703399547,25.693350037108143
900,900,33,target_left,0,"[0.0, 0.0, 0.0, 0.0]",-0.15172696113586426,-1.1364408731460571,-0.05643752962350845,0.5950292944908142,1.2929670810699463,0.0,0.0,13.261577013882587
900,900,33,target_left,1,"[0.009999999776482582, 0.0, 0.0, 0.0]",-0.2085704803466797,-1.2335387468338013,-0.031899675726890564,0.5905553698539734,1.3837965726852417,0.1152445450425148,13.261577013882587,18.94823170561236
900,900,33,target_left,2,"[0.019999999552965164, 0.0, 0.0, 0.0]",-0.15284860134124756,-1.2729114294052124,-0.033974431455135345,0.6149361729621887,1.4223103523254395,0.07248353958129883,18.94823170561236,24.741364963753444
900,900,33,target_left,3,"[0.029999999329447746, 0.0, 0.0, 0.0]",-0.15030944347381592,-1.2716566324234009,-0.03319152444601059,0.6224045753479004,1.424146294593811,0.008025696501135826,24.741364963753444,30.53892386872765
900,900,33,ramp,0,"[-0.5, -0.4333333373069763, -0.36666667461395264, -0.30000001192092896]",-0.7131187915802002,-0.8725867867469788,0.018029050901532173,0.5684482455253601,1.2623013257980347,0.0,0.0,13.25833760539524
900,900,33,ramp,1,"[-0.47999998927116394, -0.41333332657814026, -0.3466666638851166, -0.2800000011920929]",-0.6223731637001038,-1.056204915046692,0.09128351509571075,0.7247966527938843,1.4270880222320557,0.2678832411766052,13.25833760539524,19.08456215735055
900,900,33,ramp,2,"[-0.46000000834465027, -0.3933333456516266, -0.3266666829586029, -0.2600000202655792]",-0.6438009142875671,-1.1251639127731323,0.09037238359451294,0.7483903169631958,1.499576210975647,0.07597357034683228,19.08456215735055,24.787827392054066
900,900,33,ramp,3,"[-0.4399999976158142, -0.3733333349227905, -0.30666667222976685, -0.24000000953674316]",-0.6385693550109863,-1.141403317451477,0.08955495804548264,0.7462348341941833,1.5084624290466309,0.01721632294356823,24.787827392054066,30.397538716249173
925,925,33,zero_hold,0,"[0.0, 0.0, 0.0, 0.0]",-0.22807486355304718,-0.2103015035390854,-0.11816953122615814,0.675324022769928,0.7525100708007812,0.0,0.0,8.654722457026233
925,925,33,zero_hold,1,"[0.0, 0.0, 0.0, 0.0]",-0.27991536259651184,-0.13960739970207214,-0.0478544682264328,0.6700252294540405,0.7409903407096863,0.11250501871109009,8.654722457026233,12.550619688385407
925,925,33,zero_hold,2,"[0.0, 0.0, 0.0, 0.0]",0.043221890926361084,-0.1964772492647171,-0.043004270642995834,0.6887772083282471,0.7188426852226257,0.32867464423179626,12.550619688385407,16.020625917180297
925,925,33,zero_hold,3,"[0.0, 0.0, 0.0, 0.0]",0.26452818512916565,-0.26205408573150635,-0.07151594758033752,0.7017107605934143,0.7975963950157166,0.23293130099773407,16.020625917180297,19.125642675278918
925,925,33,target_ahead,0,"[0.0, 0.0, 0.0, 0.0]",0.6011906266212463,-0.9082812666893005,-0.22212569415569305,0.7634165287017822,1.3485361337661743,0.0,0.0,12.634787921883268
925,925,33,target_ahead,1,"[0.009999999776482582, 0.0, 0.0, 0.0]",0.2795937657356262,-0.9875145554542542,-0.23568390309810638,0.7203811407089233,1.2758736610412598,0.3342728316783905,12.634787921883268,17.05759948325612
925,925,33,target_ahead,2,"[0.019999999552965164, 0.0, 0.0, 0.0]",0.10494104027748108,-1.0877087116241455,-0.20754103362560272,0.7603640556335449,1.3473490476608276,0.20720304548740387,17.05759948325612,21.314313215032957
925,925,33,target_ahead,3,"[0.029999999329447746, 0.0, 0.0, 0.0]",-0.05083182454109192,-1.1105703115463257,-0.1829306036233902,0.7681920528411865,1.3636468648910522,0.15954557061195374,21.314313215032957,25.492393606255384
925,925,33,target_left,0,"[0.0, 0.0, 0.0, 0.0]",-0.10723543167114258,-1.0988119840621948,-0.057563189417123795,0.6128212213516235,1.264021635055542,0.0,0.0,13.223775807442005
925,925,33,target_left,1,"[0.009999999776482582, 0.0, 0.0, 0.0]",-0.15219102799892426,-1.195547342300415,-0.032444264739751816,0.6046658754348755,1.3487657308578491,0.10989178717136383,13.223775807442005,18.87163371578365
925,925,33,target_left,2,"[0.019999999552965164, 0.0, 0.0, 0.0]",-0.09431469440460205,-1.2369489669799805,-0.03510863706469536,0.630457878112793,1.3919942378997803,0.07573698461055756,18.87163371578365,24.624492724730455
925,925,33,target_left,3,"[0.029999999329447746, 0.0, 0.0, 0.0]",-0.09045657515525818,-1.2379251718521118,-0.03479766845703125,0.6369752883911133,1.395560622215271,0.007642734795808792,24.624492724730455,30.369254014925094
925,925,33,ramp,0,"[-0.5, -0.4333333373069763, -0.36666667461395264, -0.30000001192092896]",-0.6850954294204712,-0.8193854689598083,4.956265911459923e-05,0.5716847777366638,1.2114337682724,0.0,0.0,13.26194757559436
925,925,33,ramp,1,"[-0.47999998927116394, -0.41333332657814026, -0.3466666638851166, -0.2800000011920929]",-0.5687394142150879,-1.0061674118041992,0.06744629144668579,0.726057767868042,1.366581916809082,0.27712732553482056,13.26194757559436,19.02674165799483
925,925,33,ramp,2,"[-0.46000000834465027, -0.3933333456516266, -0.3266666829586029, -0.2600000202655792]",-0.5844346284866333,-1.0819551944732666,0.06633184850215912,0.7576364874839783,1.445892095565796,0.08359775692224503,19.02674165799483,24.665391746676015
925,925,33,ramp,3,"[-0.4399999976158142, -0.3733333349227905, -0.30666667222976685, -0.24000000953674316]",-0.5769587159156799,-1.0991290807724,0.0675126239657402,0.7558887600898743,1.4549542665481567,0.018848884850740433,24.665391746676015,30.20771059869771
950,950,33,zero_hold,0,"[0.0, 0.0, 0.0, 0.0]",-0.2707878649234772,-0.1897803246974945,-0.1093185544013977,0.6691992282867432,0.754400908946991,0.0,0.0,8.687153981681705
950,950,33,zero_hold,1,"[0.0, 0.0, 0.0, 0.0]",-0.3099483549594879,-0.11537771672010422,-0.04521381855010986,0.6576330065727234,0.737499475479126,0.10636017471551895,8.687153981681705,12.620064433053697
950,950,33,zero_hold,2,"[0.0, 0.0, 0.0, 0.0]",0.03143274039030075,-0.17302578687667847,-0.04318178445100784,0.6730185747146606,0.6969537734985352,0.3465619683265686,12.620064433053697,16.095144459055014
950,950,33,zero_hold,3,"[0.0, 0.0, 0.0, 0.0]",0.24320895969867706,-0.24034586548805237,-0.07212082296609879,0.6874343156814575,0.7711576223373413,0.22455832362174988,16.095144459055014,19.195216424914324
950,950,33,target_ahead,0,"[0.0, 0.0, 0.0, 0.0]",0.6556921601295471,-0.8776695728302002,-0.2219889909029007,0.7545458078384399,1.3486491441726685,0.0,0.0,12.658290412240628
950,950,33,target_ahead,1,"[0.009999999776482582, 0.0, 0.0, 0.0]",0.3341858386993408,-0.935011625289917,-0.24500210583209991,0.7147914171218872,1.247749924659729,0.3297945559024811,12.658290412240628,17.09872999698503
950,950,33,target_ahead,2,"[0.019999999552965164, 0.0, 0.0, 0.0]",0.16539831459522247,-1.0567808151245117,-0.2169368416070938,0.7598631978034973,1.329885721206665,0.2147931307554245,17.09872999698503,21.333400923900015
950,950,33,target_ahead,3,"[0.029999999329447746, 0.0, 0.0, 0.0]",-0.01567707397043705,-1.0817196369171143,-0.18417657911777496,0.770330548286438,1.3407808542251587,0.1859920620918274,21.333400923900015,25.51475011834386
950,950,33,target_left,0,"[0.0, 0.0, 0.0, 0.0]",-0.13301007449626923,-1.0882710218429565,-0.04761037603020668,0.6084856986999512,1.2548096179962158,0.0,0.0,13.219666608287998
950,950,33,target_left,1,"[0.009999999776482582, 0.0, 0.0, 0.0]",-0.17899887263774872,-1.1933735609054565,-0.029368437826633453,0.5984327793121338,1.347280740737915,0.11659906804561615,13.219666608287998,18.86888992972402
950,950,33,target_left,2,"[0.019999999552965164, 0.0, 0.0, 0.0]",-0.12253957986831665,-1.2350915670394897,-0.03129451721906662,0.6244683861732483,1.3897507190704346,0.07489730417728424,18.86888992972402,24.61450306181395
950,950,33,target_left,3,"[0.029999999329447746, 0.0, 0.0, 0.0]",-0.11966679990291595,-1.2364405393600464,-0.03053128719329834,0.6308672428131104,1.393567681312561,0.00718334736302495,24.61450306181395,30.354773517385567
950,950,33,ramp,0,"[-0.5, -0.4333333373069763, -0.36666667461395264, -0.30000001192092896]",-0.7471671104431152,-0.8303124904632568,0.011939333751797676,0.5697517395019531,1.253968596458435,0.0,0.0,13.26092756089211
950,950,33,ramp,1,"[-0.47999998927116394, -0.41333332657814026, -0.3466666638851166, -0.2800000011920929]",-0.6612713932991028,-1.020243525505066,0.07773978263139725,0.7345287203788757,1.4225865602493286,0.2737389802932739,13.26092756089211,19.056364282038114
950,950,33,ramp,2,"[-0.46000000834465027, -0.3933333456516266, -0.3266666829586029, -0.2600000202655792]",-0.6691189408302307,-1.0864232778549194,0.07357794046401978,0.7608218193054199,1.487380027770996,0.07176344096660614,19.056364282038114,24.68576624121884
950,950,33,ramp,3,"[-0.4399999976158142, -0.3733333349227905, -0.30666667222976685, -0.24000000953674316]",-0.6598822474479675,-1.0999263525009155,0.07390696555376053,0.7579049468040466,1.4916986227035522,0.016621248796582222,24.68576624121884,30.229260675053993
975,975,33,zero_hold,0,"[0.0, 0.0, 0.0, 0.0]",-0.27597635984420776,-0.17599670588970184,-0.11929037421941757,0.6660120487213135,0.7516249418258667,0.0,0.0,8.69276608529118
975,975,33,zero_hold,1,"[0.0, 0.0, 0.0, 0.0]",-0.2989348769187927,-0.10869064927101135,-0.06973318755626678,0.6588171124458313,0.7349002957344055,0.08697632700204849,8.69276608529118,12.635331415693623
975,975,33,zero_hold,2,"[0.0, 0.0, 0.0, 0.0]",0.016379354521632195,-0.16655930876731873,-0.07203640043735504,0.6733038425445557,0.6975224614143372,0.32091590762138367,12.635331415693623,16.116239807597232
975,975,33,zero_hold,3,"[0.0, 0.0, 0.0, 0.0]",0.192381352186203,-0.22636999189853668,-0.10038396716117859,0.6838348507881165,0.7523037791252136,0.18833084404468536,16.116239807597232,19.228428140785333
975,975,33,target_ahead,0,"[0.0, 0.0, 0.0, 0.0]",0.6756371855735779,-0.8400142788887024,-0.23692373931407928,0.7525844573974609,1.3358988761901855,0.0,0.0,12.583396005613862
975,975,33,target_ahead,1,"[0.009999999776482582, 0.0, 0.0, 0.0]",0.3743934631347656,-0.8883996605873108,-0.25732743740081787,0.7223889827728271,1.2318634986877441,0.3072735071182251,12.583396005613862,17.000595312736404
975,975,33,target_ahead,2,"[0.019999999552965164, 0.0, 0.0, 0.0]",0.20943695306777954,-1.0348365306854248,-0.23735623061656952,0.7708102464675903,1.3286222219467163,0.2267109900712967,17.000595312736404,21.15837028983585
975,975,33,target_ahead,3,"[0.029999999329447746, 0.0, 0.0, 0.0]",0.04727768898010254,-1.0645135641098022,-0.21181555092334747,0.7842427492141724,1.3398979902267456,0.16735923290252686,21.15837028983585,25.2850022702734
975,975,33,target_left,0,"[0.0, 0.0, 0.0, 0.0]",-0.10132632404565811,-1.069929599761963,-0.04652043804526329,0.6148937344551086,1.2390620708465576,0.0,0.0,13.200794543773439
975,975,33,target_left,1,"[0.009999999776482582, 0.0, 0.0, 0.0]",-0.15637707710266113,-1.1918669939041138,-0.029558636248111725,0.6122004985809326,1.3493198156356812,0.13488613069057465,13.200794543773439,18.843350652805334
975,975,33,target_left,2,"[0.019999999552965164, 0.0, 0.0, 0.0]",-0.10607472062110901,-1.2359097003936768,-0.03125796839594841,0.6379407048225403,1.3952311277389526,0.07166263461112976,18.843350652805334,24.585114170532872
975,975,33,target_left,3,"[0.029999999329447746, 0.0, 0.0, 0.0]",-0.10513833165168762,-1.2385051250457764,-0.031026218086481094,0.6434590816497803,1.3999825716018677,0.006174078211188316,24.585114170532872,30.321844619135806
975,975,33,ramp,0,"[-0.5, -0.4333333373069763, -0.36666667461395264, -0.30000001192092896]",-0.7230257391929626,-0.8402348160743713,0.011223390698432922,0.5651810765266418,1.2443135976791382,0.0,0.0,13.253934323343085
975,975,33,ramp,1,"[-0.47999998927116394, -0.41333332657814026, -0.3466666638851166, -0.2800000011920929]",-0.6178886890411377,-1.0320065021514893,0.08747991919517517,0.7552310228347778,1.422972321510315,0.2996067702770233,13.253934323343085,19.020557279468207
975,975,33,ramp,2,"[-0.46000000834465027, -0.3933333456516266, -0.3266666829586029, -0.2600000202655792]",-0.6239081621170044,-1.1108057498931885,0.0781010091304779,0.7840794324874878,1.4980090856552124,0.08465075492858887,19.020557279468207,24.616366216491436
975,975,33,ramp,3,"[-0.4399999976158142, -0.3733333349227905, -0.30666667222976685, -0.24000000953674316]",-0.6119261980056763,-1.1307497024536133,0.07451978325843811,0.7829235196113586,1.5071731805801392,0.023568835109472275,24.616366216491436,30.1329960585183
1000,1000,33,zero_hold,0,"[0.0, 0.0, 0.0, 0.0]",-0.2688373625278473,-0.19967712461948395,-0.09884108603000641,0.667104184627533,0.7529555559158325,0.0,0.0,8.681972850418388
1000,1000,33,zero_hold,1,"[0.0, 0.0, 0.0, 0.0]",-0.2727119028568268,-0.1471738964319229,-0.05906639248132706,0.6683518290519714,0.739063560962677,0.06599381566047668,8.681972850418388,12.629962071430374
1000,1000,33,zero_hold,2,"[0.0, 0.0, 0.0, 0.0]",0.026452025398612022,-0.20351450145244598,-0.0664619728922844,0.687295138835907,0.7203538417816162,0.3051013946533203,12.629962071430374,16.125566159370493
1000,1000,33,zero_hold,3,"[0.0, 0.0, 0.0, 0.0]",0.16017355024814606,-0.2615889012813568,-0.09065860509872437,0.6985695958137512,0.768311619758606,0.14821158349514008,16.125566159370493,19.253940936994578
1000,1000,33,target_ahead,0,"[0.0, 0.0, 0.0, 0.0]",0.6623001098632812,-0.8779332041740417,-0.20584803819656372,0.7189704775810242,1.3299248218536377,0.0,0.0,12.653900752295234
1000,1000,33,target_ahead,1,"[0.009999999776482582, 0.0, 0.0, 0.0]",0.4141203463077545,-0.9360935091972351,-0.233547642827034,0.7142294645309448,1.2698168754577637,0.256447970867157,12.653900752295234,17.1285716281873
1000,1000,33,target_ahead,2,"[0.019999999552965164, 0.0, 0.0, 0.0]",0.27176839113235474,-1.071372151374817,-0.21268372237682343,0.7679431438446045,1.362595796585083,0.2046578973531723,17.1285716281873,21.34465403163814
1000,1000,33,target_ahead,3,"[0.029999999329447746, 0.0, 0.0, 0.0]",0.09648966044187546,-1.1023541688919067,-0.1870037168264389,0.7852466702461243,1.3696998357772827,0.18066929280757904,21.34465403163814,25.499725354291336
1000,1000,33,target_left,0,"[0.0, 0.0, 0.0, 0.0]",-0.11888085305690765,-1.0746948719024658,-0.03169301897287369,0.5999740362167358,1.236962080001831,0.0,0.0,13.190553726429123
1000,1000,33,target_left,1,"[0.009999999776482582, 0.0, 0.0, 0.0]",-0.15343664586544037,-1.191151738166809,-0.03003784641623497,0.6057314276695251,1.3454359769821167,0.12162315845489502,13.190553726429123,18.789832776825286
1000,1000,33,target_left,2,"[0.019999999552965164, 0.0, 0.0, 0.0]",-0.09375488758087158,-1.2348603010177612,-0.03413044661283493,0.6324548125267029,1.3909831047058105,0.07876064628362656,18.789832776825286,24.50253790652701
1000,1000,33,target_left,3,"[0.029999999329447746, 0.0, 0.0, 0.0]",-0.0923837348818779,-1.237905502319336,-0.03485431522130966,0.6385518908500671,1.3963911533355713,0.0069893961772322655,24.50253790652701,30.212869865358375
1000,1000,33,ramp,0,"[-0.5, -0.4333333373069763, -0.36666667461395264, -0.30000001192092896]",-0.7244548797607422,-0.8711257576942444,0.014276142232120037,0.542752206325531,1.2563751935958862,0.0,0.0,13.272235666211841
1000,1000,33,ramp,1,"[-0.47999998927116394, -0.41333332657814026, -0.3466666638851166, -0.2800000011920929]",-0.6482001543045044,-1.0666345357894897,0.09238666296005249,0.7237225770950317,1.4457463026046753,0.2879062294960022,13.272235666211841,19.060381290354147
1000,1000,33,ramp,2,"[-0.46000000834465027, -0.3933333456516266, -0.3266666829586029, -0.2600000202655792]",-0.6450009346008301,-1.1417629718780518,0.08489047735929489,0.7520541548728943,1.5140807628631592,0.08070556074380875,19.060381290354147,24.692703318863828
1000,1000,33,ramp,3,"[-0.4399999976158142, -0.3733333349227905, -0.30666667222976685, -0.24000000953674316]",-0.6318712830543518,-1.1598533391952515,0.08166849613189697,0.751945972442627,1.5220426321029663,0.022584110498428345,24.692703318863828,30.2374062814576
1025,1025,33,zero_hold,0,"[0.0, 0.0, 0.0, 0.0]",-0.2838437855243683,-0.2005331665277481,-0.11013328284025192,0.6552916765213013,0.7498782277107239,0.0,0.0,8.728152787445023
1025,1025,33,zero_hold,1,"[0.0, 0.0, 0.0, 0.0]",-0.3196898102760315,-0.14179353415966034,-0.07427027821540833,0.645660936832428,0.7380386590957642,0.07819327712059021,8.728152787445023,12.709632341678141
1025,1025,33,zero_hold,2,"[0.0, 0.0, 0.0, 0.0]",-0.011117823421955109,-0.19877302646636963,-0.08267294615507126,0.6656308174133301,0.6996667385101318,0.3145357668399811,12.709632341678141,16.23964535789201
1025,1025,33,zero_hold,3,"[0.0, 0.0, 0.0, 0.0]",0.1356758177280426,-0.2589758634567261,-0.10598068684339523,0.6779823303222656,0.7459010481834412,0.1608370691537857,16.23964535789201,19.407663534658514
1025,1025,33,target_ahead,0,"[0.0, 0.0, 0.0, 0.0]",0.6739533543586731,-0.8626869916915894,-0.1947248876094818,0.6983895301818848,1.313052773475647,0.0,0.0,12.642937155923557
1025,1025,33,target_ahead,1,"[0.009999999776482582, 0.0, 0.0, 0.0]",0.4465613067150116,-0.9218332767486572,-0.22590458393096924,0.7012688517570496,1.2617465257644653,0.2370356321334839,12.642937155923557,17.12140422200913
1025,1025,33,target_ahead,2,"[0.019999999552965164, 0.0, 0.0, 0.0]",0.29766279458999634,-1.0582815408706665,-0.2071022093296051,0.755484938621521,1.3498932123184204,0.20995669066905975,17.12140422200913,21.360600324645972
1025,1025,33,target_ahead,3,"[0.029999999329447746, 0.0, 0.0, 0.0]",0.1306057870388031,-1.0867860317230225,-0.18738630414009094,0.7737663984298706,1.3535101413726807,0.17159101366996765,21.360600324645972,25.554499091228344
1025,1025,33,target_left,0,"[0.0, 0.0, 0.0, 0.0]",-0.14224296808242798,-1.0817742347717285,-0.017362099140882492,0.5850839614868164,1.238181471824646,0.0,0.0,13.219972018983782
1025,1025,33,target_left,1,"[0.009999999776482582, 0.0, 0.0, 0.0]",-0.19047865271568298,-1.202099323272705,-0.017003603279590607,0.5877420902252197,1.351685881614685,0.12966109812259674,13.219972018983782,18.832258900982172
1025,1025,33,target_left,2,"[0.019999999552965164, 0.0, 0.0, 0.0]",-0.12421221286058426,-1.247055172920227,-0.021165769547224045,0.6155250072479248,1.3963861465454102,0.08486155420541763,18.832258900982172,24.558560838659883
1025,1025,33,target_left,3,"[0.029999999329447746, 0.0, 0.0, 0.0]",-0.12053551524877548,-1.249282956123352,-0.0232345312833786,0.624845027923584,1.4022153615951538,0.010470133274793625,24.558560838659883,30.291459633563107
1025,1025,33,ramp,0,"[-0.5, -0.4333333373069763, -0.36666667461395264, -0.30000001192092896]",-0.7408126592636108,-0.9046563506126404,0.025486260652542114,0.5261495113372803,1.2824543714523315,0.0,0.0,13.286473847133191
1025,1025,33,ramp,1,"[-0.47999998927116394, -0.41333332657814026, -0.3466666638851166, -0.2800000011920929]",-0.6664161682128906,-1.0881625413894653,0.09702408313751221,0.7038850784301758,1.460505485534668,0.27553030848503113,13.286473847133191,19.140058823940105
1025,1025,33,ramp,2,"[-0.46000000834465027, -0.3933333456516266, -0.3266666829586029, -0.2600000202655792]",-0.6664633750915527,-1.1518681049346924,0.08658955246210098,0.7316077947616577,1.5210920572280884,0.07025545835494995,19.140058823940105,24.844997070396154
1025,1025,33,ramp,3,"[-0.4399999976158142, -0.3733333349227905, -0.30666667222976685, -0.24000000953674316]",-0.6532377600669861,-1.169452428817749,0.08222365379333496,0.7335643768310547,1.5294495820999146,0.02251698449254036,24.844997070396154,30.45147276999483
1050,1050,33,zero_hold,0,"[0.0, 0.0, 0.0, 0.0]",-0.2884152829647064,-0.21792607009410858,-0.10598704218864441,0.6485559940338135,0.7500221729278564,0.0,0.0,8.699617652654256
1050,1050,33,zero_hold,1,"[0.0, 0.0, 0.0, 0.0]",-0.35201147198677063,-0.16815367341041565,-0.0746641457080841,0.6439341306686401,0.7565802335739136,0.08674244582653046,8.699617652654256,12.687426098896733
1050,1050,33,zero_hold,2,"[0.0, 0.0, 0.0, 0.0]",-0.0615784153342247,-0.23133157193660736,-0.08118236809968948,0.6622394323348999,0.7088425755500793,0.29785966873168945,12.687426098896733,16.22616425409974
1050,1050,33,zero_hold,3,"[0.0, 0.0, 0.0, 0.0]",0.07743930071592331,-0.2933668792247772,-0.10186999291181564,0.6725951433181763,0.7448642253875732,0.15397897362709045,16.22616425409974,19.403938221566577
1050,1050,33,target_ahead,0,"[0.0, 0.0, 0.0, 0.0]",0.6144447326660156,-0.8734534978866577,-0.1886909306049347,0.6942098140716553,1.2876315116882324,0.0,0.0,12.620246049948337
1050,1050,33,target_ahead,1,"[0.009999999776482582, 0.0, 0.0, 0.0]",0.351905882358551,-0.9141978025436401,-0.21371999382972717,0.7059483528137207,1.226227879524231,0.26711606979370117,12.620246049948337,17.124300668112117
1050,1050,33,target_ahead,2,"[0.019999999552965164, 0.0, 0.0, 0.0]",0.24982106685638428,-1.031572699546814,-0.19362418353557587,0.7510422468185425,1.3145750761032104,0.16320379078388214,17.124300668112117,21.36162028023575
1050,1050,33,target_ahead,3,"[0.029999999329447746, 0.0, 0.0, 0.0]",0.09894897788763046,-1.0521548986434937,-0.1751440316438675,0.7651232481002808,1.3164002895355225,0.15403182804584503,21.36162028023575,25.54100544989036
1050,1050,33,target_left,0,"[0.0, 0.0, 0.0, 0.0]",-0.15921637415885925,-1.091715931892395,-0.005515331868082285,0.5602080821990967,1.2373589277267456,0.0,0.0,13.248601071289402
1050,1050,33,target_left,1,"[0.009999999776482582, 0.0, 0.0, 0.0]",-0.2211913764476776,-1.2045830488204956,-0.012996980920433998,0.5650731325149536,1.3488597869873047,0.12907180190086365,13.248601071289402,18.827593145372717
1050,1050,33,target_left,2,"[0.019999999552965164, 0.0, 0.0, 0.0]",-0.15573182702064514,-1.245597243309021,-0.01879662461578846,0.5951278209686279,1.3893506526947021,0.08309053629636765,18.827593145372717,24.537135778529738
1050,1050,33,target_left,3,"[0.029999999329447746, 0.0, 0.0, 0.0]",-0.15185502171516418,-1.2470225095748901,-0.02179594337940216,0.607080340385437,1.395401954650879,0.012996908277273178,24.537135778529738,30.253484679885855
1050,1050,33,ramp,0,"[-0.5, -0.4333333373069763, -0.36666667461395264, -0.30000001192092896]",-0.800918459892273,-0.8933326601982117,0.026267146691679955,0.5229617357254028,1.3090808391571045,0.0,0.0,13.285829178612268
1050,1050,33,ramp,1,"[-0.47999998927116394, -0.41333332657814026, -0.3466666638851166, -0.2800000011920929]",-0.7253592014312744,-1.076154112815857,0.09038717299699783,0.7024142742156982,1.4784482717514038,0.274677038192749,13.285829178612268,19.1540063674348
1050,1050,33,ramp,2,"[-0.46000000834465027, -0.3933333456516266, -0.3266666829586029, -0.2600000202655792]",-0.7227835655212402,-1.135931134223938,0.0792747363448143,0.73311448097229,1.5350886583328247,0.06816095113754272,19.1540063674348,24.880332920932606
1050,1050,33,ramp,3,"[-0.4399999976158142, -0.3733333349227905, -0.30666667222976685, -0.24000000953674316]",-0.7092449069023132,-1.150117039680481,0.07472827285528183,0.7336373329162598,1.539352297782898,0.020136507228016853,24.880332920932606,30.515796162247813
1075,1075,33,zero_hold,0,"[0.0, 0.0, 0.0, 0.0]",-0.2836827039718628,-0.21305100619792938,-0.09804712235927582,0.6240900754928589,0.7245469093322754,0.0,0.0,8.657026418705605
1075,1075,33,zero_hold,1,"[0.0, 0.0, 0.0, 0.0]",-0.35134056210517883,-0.1656733900308609,-0.06554847955703735,0.6169259548187256,0.7319713830947876,0.08904892206192017,8.657026418705605,12.630352764816344
1075,1075,33,zero_hold,2,"[0.0, 0.0, 0.0, 0.0]",-0.05585619807243347,-0.22322899103164673,-0.06988027691841125,0.6324508190155029,0.6766301989555359,0.3014688193798065,12.630352764816344,16.15968964625715
1075,1075,33,zero_hold,3,"[0.0, 0.0, 0.0, 0.0]",0.10850688815116882,-0.2855145037174225,-0.08992008119821548,0.6424066424369812,0.7169827222824097,0.17718753218650818,16.15968964625715,19.328399674635286
1075,1075,33,target_ahead,0,"[0.0, 0.0, 0.0, 0.0]",0.6386227607727051,-0.8590582609176636,-0.18588446080684662,0.6685833930969238,1.2756868600845337,0.0,0.0,12.616670400226491
1075,1075,33,target_ahead,1,"[0.009999999776482582, 0.0, 0.0, 0.0]",0.401978075504303,-0.9103884696960449,-0.21144719421863556,0.6854626536369324,1.226769208908081,0.24407756328582764,12.616670400226491,17.119104873442343
1075,1075,33,target_ahead,2,"[0.019999999552965164, 0.0, 0.0, 0.0]",0.2869875431060791,-1.027809739112854,-0.1906004101037979,0.7309211492538452,1.307413101196289,0.1717895269393921,17.119104873442343,21.321268434629555
1075,1075,33,target_ahead,3,"[0.029999999329447746, 0.0, 0.0, 0.0]",0.13355299830436707,-1.0488848686218262,-0.17167998850345612,0.7454361915588379,1.3050459623336792,0.15670031309127808,21.321268434629555,25.47797773242534
1075,1075,33,target_left,0,"[0.0, 0.0, 0.0, 0.0]",-0.1069369986653328,-1.102535367012024,0.011778580024838448,0.5332853198051453,1.2294517755508423,0.0,0.0,13.24018482756083
1075,1075,33,target_left,1,"[0.009999999776482582, 0.0, 0.0, 0.0]",-0.1668778359889984,-1.2169562578201294,0.009500032290816307,0.5267584323883057,1.3365610837936401,0.12935546040534973,13.24018482756083,18.821480055837252
1075,1075,33,target_left,2,"[0.019999999552965164, 0.0, 0.0, 0.0]",-0.10419270396232605,-1.2540658712387085,0.005518099293112755,0.5619351863861084,1.3781651258468628,0.08099264651536942,18.821480055837252,24.53771394366589
1075,1075,33,target_left,3,"[0.029999999329447746, 0.0, 0.0, 0.0]",-0.10249893367290497,-1.2539942264556885,0.0029774215072393417,0.5782339572906494,1.384691596031189,0.016582489013671875,24.53771394366589,30.25302020974022
1075,1075,33,ramp,0,"[-0.5, -0.4333333373069763, -0.36666667461395264, -0.30000001192092896]",-0.8237457275390625,-0.8875540494918823,0.05200608819723129,0.515304684638977,1.3170242309570312,0.0,0.0,13.280158739959434
1075,1075,33,ramp,1,"[-0.47999998927116394, -0.41333332657814026, -0.3466666638851166, -0.2800000011920929]",-0.7440903186798096,-1.0872386693954468,0.1117490828037262,0.6892656087875366,1.4910845756530762,0.2829320728778839,13.280158739959434,19.1704337664821
1075,1075,33,ramp,2,"[-0.46000000834465027, -0.3933333456516266, -0.3266666829586029, -0.2600000202655792]",-0.7321025133132935,-1.1470478773117065,0.10058891773223877,0.7226242423057556,1.5440196990966797,0.0704144611954689,19.1704337664821,24.896024391780735
1075,1075,33,ramp,3,"[-0.4399999976158142, -0.3733333349227905, -0.30666667222976685, -0.24000000953674316]",-0.7161222696304321,-1.1620794534683228,0.0960458293557167,0.7243560552597046,1.5482816696166992,0.02247120998799801,24.896024391780735,30.511549532117883
1100,1100,33,zero_hold,0,"[0.0, 0.0, 0.0, 0.0]",-0.2536821663379669,-0.20722250640392303,-0.10519373416900635,0.6265923976898193,0.7148283123970032,0.0,0.0,8.636818243396153
1100,1100,33,zero_hold,1,"[0.0, 0.0, 0.0, 0.0]",-0.3168832063674927,-0.15507826209068298,-0.07706849277019501,0.6229457259178162,0.720045268535614,0.0867047905921936,8.636818243396153,12.58803518501457
1100,1100,33,zero_hold,2,"[0.0, 0.0, 0.0, 0.0]",-0.02185615710914135,-0.2018277645111084,-0.08455687016248703,0.644704282283783,0.6811795830726624,0.2995930314064026,12.58803518501457,16.09355660116366
1100,1100,33,zero_hold,3,"[0.0, 0.0, 0.0, 0.0]",0.10669600963592529,-0.25188902020454407,-0.10383863747119904,0.6569521427154541,0.7191666960716248,0.13983413577079773,16.09355660116366,19.237754173653215
1100,1100,33,target_ahead,0,"[0.0, 0.0, 0.0, 0.0]",0.5838120579719543,-0.8325103521347046,-0.1926165223121643,0.6578785181045532,1.2263014316558838,0.0,0.0,12.615386277998434
1100,1100,33,target_ahead,1,"[0.009999999776482582, 0.0, 0.0, 0.0]",0.29785868525505066,-0.8831232786178589,-0.21173903346061707,0.6754605174064636,1.1703447103500366,0.29155755043029785,12.615386277998434,17.16822691498635
1100,1100,33,target_ahead,2,"[0.019999999552965164, 0.0, 0.0, 0.0]",0.20897416770458221,-0.9891334772109985,-0.1880967766046524,0.718795895576477,1.2546327114105225,0.14688611030578613,17.16822691498635,21.41169505710028
1100,1100,33,target_ahead,3,"[0.029999999329447746, 0.0, 0.0, 0.0]",0.08555810153484344,-1.014062762260437,-0.16984254121780396,0.7347429990768433,1.2666243314743042,0.1282206028699875,21.41169505710028,25.616424338139435
1100,1100,33,target_left,0,"[0.0, 0.0, 0.0, 0.0]",-0.08490820229053497,-1.0975697040557861,0.010541855357587337,0.5441843867301941,1.2280539274215698,0.0,0.0,13.20298571834843
1100,1100,33,target_left,1,"[0.009999999776482582, 0.0, 0.0, 0.0]",-0.12941817939281464,-1.2147467136383057,0.006620573811233044,0.5396419763565063,1.33552086353302,0.12548944354057312,13.20298571834843,18.77359158932015
1100,1100,33,target_left,2,"[0.019999999552965164, 0.0, 0.0, 0.0]",-0.06436222791671753,-1.2515782117843628,0.00191445741802454,0.5743122100830078,1.3785603046417236,0.08254095166921616,18.77359158932015,24.464743348016523
1100,1100,33,target_left,3,"[0.029999999329447746, 0.0, 0.0, 0.0]",-0.0652305856347084,-1.2519584894180298,-0.0007372507825493813,0.5898629426956177,1.3854941129684448,0.015803655609488487,24.464743348016523,30.14716181386768
1100,1100,33,ramp,0,"[-0.5, -0.4333333373069763, -0.36666667461395264, -0.30000001192092896]",-0.7905800342559814,-0.9016262292861938,0.021044649183750153,0.5322818756103516,1.3121408224105835,0.0,0.0,13.274673802176498
1100,1100,33,ramp,1,"[-0.47999998927116394, -0.41333332657814026, -0.3466666638851166, -0.2800000011920929]",-0.7152456045150757,-1.0968215465545654,0.07860496640205383,0.7044223546981812,1.488953709602356,0.2769874036312103,13.274673802176498,19.149480465739753
1100,1100,33,ramp,2,"[-0.46000000834465027, -0.3933333456516266, -0.3266666829586029, -0.2600000202655792]",-0.7020193934440613,-1.153676152229309,0.07155570387840271,0.7344908714294434,1.5389597415924072,0.06603927910327911,19.149480465739753,24.849160612249065
1100,1100,33,ramp,3,"[-0.4399999976158142, -0.3733333349227905, -0.30666667222976685, -0.24000000953674316]",-0.6872657537460327,-1.1681175231933594,0.06882096827030182,0.7357272505760193,1.5436526536941528,0.02086217887699604,24.849160612249065,30.445260082826337
1125,1125,33,zero_hold,0,"[0.0, 0.0, 0.0, 0.0]",-0.256001740694046,-0.20111627876758575,-0.11936231702566147,0.6454197764396667,0.732665479183197,0.0,0.0,8.600875549829944
1125,1125,33,zero_hold,1,"[0.0, 0.0, 0.0, 0.0]",-0.349423885345459,-0.147212415933609,-0.08593176305294037,0.644077718257904,0.7523223161697388,0.11292796581983566,8.600875549829944,12.528572483402689
1125,1125,33,zero_hold,2,"[0.0, 0.0, 0.0, 0.0]",-0.060643844306468964,-0.18870405852794647,-0.0929279550909996,0.6636059880256653,0.6987813711166382,0.29248207807540894,12.528572483402689,16.0226203500331
1125,1125,33,zero_hold,3,"[0.0, 0.0, 0.0, 0.0]",0.06830363720655441,-0.23658208549022675,-0.11267723888158798,0.6746014952659607,0.7269248962402344,0.13939401507377625,16.0226203500331,19.159210419784984
1125,1125,33,target_ahead,0,"[0.0, 0.0, 0.0, 0.0]",0.6027308702468872,-0.794447660446167,-0.19600428640842438,0.6543356776237488,1.2087202072143555,0.0,0.0,12.617948670608513
1125,1125,33,target_ahead,1,"[0.009999999776482582, 0.0, 0.0, 0.0]",0.35484397411346436,-0.8447110056877136,-0.208940789103508,0.6793798804283142,1.159596562385559,0.25449731945991516,12.617948670608513,17.197577439631708
1125,1125,33,target_ahead,2,"[0.019999999552965164, 0.0, 0.0, 0.0]",0.26144835352897644,-0.9430422186851501,-0.1815870851278305,0.7276269197463989,1.2329227924346924,0.14651884138584137,17.197577439631708,21.421127980682044
1125,1125,33,target_ahead,3,"[0.029999999329447746, 0.0, 0.0, 0.0]",0.1378883421421051,-0.9649001359939575,-0.162435844540596,0.7458861470222473,1.238053798675537,0.12823811173439026,21.421127980682044,25.59097575355333
1125,1125,33,target_left,0,"[0.0, 0.0, 0.0, 0.0]",-0.08951746672391891,-1.0596479177474976,-0.005620025563985109,0.5530688166618347,1.1986591815948486,0.0,0.0,13.165410968043266
1125,1125,33,target_left,1,"[0.009999999776482582, 0.0, 0.0, 0.0]",-0.1338609755039215,-1.1794301271438599,-0.0039269276894629,0.5407549142837524,1.3043793439865112,0.12833014130592346,13.165410968043266,18.701019042421215
1125,1125,33,target_left,2,"[0.019999999552965164, 0.0, 0.0, 0.0]",-0.06122446432709694,-1.2180370092391968,-0.009038267657160759,0.575252115726471,1.3484655618667603,0.08934616297483444,18.701019042421215,24.34705964739979
1125,1125,33,target_left,3,"[0.029999999329447746, 0.0, 0.0, 0.0]",-0.06291493773460388,-1.2195513248443604,-0.012070469558238983,0.5915566682815552,1.356963038444519,0.016738682985305786,24.34705964739979,29.977809271887796
1125,1125,33,ramp,0,"[-0.5, -0.4333333373069763, -0.36666667461395264, -0.30000001192092896]",-0.7305204272270203,-0.8878822326660156,0.005301492754369974,0.5591975450515747,1.2785636186599731,0.0,0.0,13.27257070221998
1125,1125,33,ramp,1,"[-0.47999998927116394, -0.41333332657814026, -0.3466666638851166, -0.2800000011920929]",-0.6665852069854736,-1.0727213621139526,0.06793113052845001,0.7233348488807678,1.4570157527923584,0.26290062069892883,13.27257070221998,19.15694182432406
1125,1125,33,ramp,2,"[-0.46000000834465027, -0.3933333456516266, -0.3266666829586029, -0.2600000202655792]",-0.662769615650177,-1.1251038312911987,0.0634474828839302,0.7531957626342773,1.508791446685791,0.060582663863897324,19.15694182432406,24.833204683132976
1125,1125,33,ramp,3,"[-0.4399999976158142, -0.3733333349227905, -0.30666667222976685, -0.24000000953674316]",-0.6505449414253235,-1.138931155204773,0.061296604573726654,0.7550953030586243,1.5146944522857666,0.01867811754345894,24.833204683132976,30.394635173841476
1150,1150,33,zero_hold,0,"[0.0, 0.0, 0.0, 0.0]",-0.25249236822128296,-0.1973900943994522,-0.10935501009225845,0.6478649377822876,0.7310285568237305,0.0,0.0,8.54382766459809
1150,1150,33,zero_hold,1,"[0.0, 0.0, 0.0, 0.0]",-0.3442542552947998,-0.14643000066280365,-0.08039407432079315,0.6405715942382812,0.7461554408073425,0.10912884026765823,8.54382766459809,12.425315496727533
1150,1150,33,zero_hold,2,"[0.0, 0.0, 0.0, 0.0]",-0.022721081972122192,-0.17877919971942902,-0.08975061029195786,0.656057596206665,0.6862543225288391,0.32366248965263367,12.425315496727533,15.877082083372796
1150,1150,33,zero_hold,3,"[0.0, 0.0, 0.0, 0.0]",0.1187111884355545,-0.2277069091796875,-0.11169824749231339,0.6670876741409302,0.723481297492981,0.15165872871875763,15.877082083372796,18.96248731453007
1150,1150,33,target_ahead,0,"[0.0, 0.0, 0.0, 0.0]",0.5597033500671387,-0.7902638912200928,-0.19387200474739075,0.6619717478752136,1.1889398097991943,0.0,0.0,12.62228997007059
1150,1150,33,target_ahead,1,"[0.009999999776482582, 0.0, 0.0, 0.0]",0.32434797286987305,-0.8345145583152771,-0.21700379252433777,0.669552206993103,1.138862133026123,0.24071314930915833,12.62228997007059,17.183644654814678
1150,1150,33,target_ahead,2,"[0.019999999552965164, 0.0, 0.0, 0.0]",0.23933403193950653,-0.928809404373169,-0.18770398199558258,0.7147643566131592,1.210821509361267,0.13791847229003906,17.183644654814678,21.410850302482192
1150,1150,33,target_ahead,3,"[0.029999999329447746, 0.0, 0.0, 0.0]",0.11591766774654388,-0.9516050219535828,-0.16741237044334412,0.7314537763595581,1.2173908948898315,0.12822450697422028,21.410850302482192,25.589012504222964
1150,1150,33,target_left,0,"[0.0, 0.0, 0.0, 0.0]",-0.11679632216691971,-1.0506874322891235,-0.0010297773405909538,0.586220383644104,1.208817958831787,0.0,0.0,13.149203793858938
1150,1150,33,target_left,1,"[0.009999999776482582, 0.0, 0.0, 0.0]",-0.15348894894123077,-1.16693115234375,-0.009588840417563915,0.5791491866111755,1.3117899894714355,0.12240184098482132,13.149203793858938,18.66411884753906
1150,1150,33,target_left,2,"[0.019999999552965164, 0.0, 0.0, 0.0]",-0.0810149610042572,-1.205312728881836,-0.014141899533569813,0.6122344732284546,1.3543903827667236,0.08854936808347702,18.66411884753906,24.281531429816223
1150,1150,33,target_left,3,"[0.029999999329447746, 0.0, 0.0, 0.0]",-0.08626808226108551,-1.2078009843826294,-0.017581012099981308,0.6260919570922852,1.363277554512024,0.015415707603096962,24.281531429816223,29.880811198141927
1150,1150,33,ramp,0,"[-0.5, -0.4333333373069763, -0.36666667461395264, -0.30000001192092896]",-0.7414533495903015,-0.8847672343254089,0.014593296684324741,0.5800300240516663,1.2919806241989136,0.0,0.0,13.26793625514357
1150,1150,33,ramp,1,"[-0.47999998927116394, -0.41333332657814026, -0.3466666638851166, -0.2800000011920929]",-0.683023989200592,-1.0628055334091187,0.06794123351573944,0.7497144937515259,1.4706343412399292,0.2583610713481903,13.26793625514357,19.107272510208592
1150,1150,33,ramp,2,"[-0.46000000834465027, -0.3933333456516266, -0.3266666829586029, -0.2600000202655792]",-0.6870071291923523,-1.115742802619934,0.0596126951277256,0.7790205478668213,1.5255450010299683,0.061208080500364304,19.107272510208592,24.756061748012335
1150,1150,33,ramp,3,"[-0.4399999976158142, -0.3733333349227905, -0.30666667222976685, -0.24000000953674316]",-0.676590621471405,-1.1305017471313477,0.05662064254283905,0.7812445163726807,1.532761573791504,0.01844528317451477,24.756061748012335,30.28812589151657
1175,1175,33,zero_hold,0,"[0.0, 0.0, 0.0, 0.0]",-0.2293810099363327,-0.20050109922885895,-0.10176403820514679,0.6707660555839539,0.743706464767456,0.0,0.0,8.564438918409008
1175,1175,33,zero_hold,1,"[0.0, 0.0, 0.0, 0.0]",-0.3103701174259186,-0.1554984301328659,-0.07121667265892029,0.6662769913673401,0.7546563744544983,0.09766150265932083,8.564438918409008,12.444900511890227
1175,1175,33,zero_hold,2,"[0.0, 0.0, 0.0, 0.0]",0.001270068809390068,-0.19786109030246735,-0.08146583288908005,0.68106609582901,0.7138895988464355,0.3150205612182617,12.444900511890227,15.89969188291847
1175,1175,33,zero_hold,3,"[0.0, 0.0, 0.0, 0.0]",0.12249034643173218,-0.2557092607021332,-0.10523531585931778,0.6887507438659668,0.7522254586219788,0.1366192102432251,15.89969188291847,19.002041579303533
1175,1175,33,target_ahead,0,"[0.0, 0.0, 0.0, 0.0]",0.5953480005264282,-0.7838273644447327,-0.1751580536365509,0.6809234023094177,1.2096121311187744,0.0,0.0,12.61138856571595
1175,1175,33,target_ahead,1,"[0.009999999776482582, 0.0, 0.0, 0.0]",0.3764949440956116,-0.82456374168396,-0.21091684699058533,0.6898561120033264,1.158465027809143,0.2256426364183426,12.61138856571595,17.166828488887017
1175,1175,33,target_ahead,2,"[0.019999999552965164, 0.0, 0.0, 0.0]",0.26492542028427124,-0.9210126996040344,-0.18150031566619873,0.7418003678321838,1.2254223823547363,0.15910278260707855,17.166828488887017,21.358569498748356
1175,1175,33,target_ahead,3,"[0.029999999329447746, 0.0, 0.0, 0.0]",0.14031745493412018,-0.9441099166870117,-0.1604270190000534,0.7609463334083557,1.2311818599700928,0.12988948822021484,21.358569498748356,25.522240194191923
1175,1175,33,target_left,0,"[0.0, 0.0, 0.0, 0.0]",-0.10981554538011551,-1.052627444267273,0.018358753994107246,0.6057832837104797,1.219587802886963,0.0,0.0,13.157571631444249
1175,1175,33,target_left,1,"[0.009999999776482582, 0.0, 0.0, 0.0]",-0.14763176441192627,-1.175303339958191,0.004807842429727316,0.5859487652778625,1.3215491771697998,0.1306004524230957,13.157571631444249,18.671638111022773
1175,1175,33,target_left,2,"[0.019999999552965164, 0.0, 0.0, 0.0]",-0.06628087162971497,-1.2156991958618164,-0.00019970955327153206,0.618169903755188,1.36544930934906,0.09650424867868423,18.671638111022773,24.298050057400037
1175,1175,33,target_left,3,"[0.029999999329447746, 0.0, 0.0, 0.0]",-0.06910763680934906,-1.2186442613601685,-0.004574280697852373,0.6326798796653748,1.3748362064361572,0.015695231035351753,24.298050057400037,29.913003389729788
1175,1175,33,ramp,0,"[-0.5, -0.4333333373069763, -0.36666667461395264, -0.30000001192092896]",-0.7181649804115295,-0.8902714252471924,0.03956342861056328,0.6134071946144104,1.2985291481018066,0.0,0.0,13.273808624863667
1175,1175,33,ramp,1,"[-0.47999998927116394, -0.41333332657814026, -0.3466666638851166, -0.2800000011920929]",-0.6527984142303467,-1.0586894750595093,0.09806331247091293,0.7807175517082214,1.4717695713043213,0.25308579206466675,13.273808624863667,19.092542663675818
1175,1175,33,ramp,2,"[-0.46000000834465027, -0.3933333456516266, -0.3266666829586029, -0.2600000202655792]",-0.651688814163208,-1.1142468452453613,0.08921795338392258,0.8073444962501526,1.5251259803771973,0.06225019693374634,19.092542663675818,24.724648945547877
1175,1175,33,ramp,3,"[-0.4399999976158142, -0.3733333349227905, -0.30666667222976685, -0.24000000953674316]",-0.639094889163971,-1.1304742097854614,0.08519206196069717,0.8083987832069397,1.5320510864257812,0.020958377048373222,24.724648945547877,30.2309964879682
1200,1200,33,zero_hold,0,"[0.0, 0.0, 0.0, 0.0]",-0.245128333568573,-0.16640929877758026,-0.08599911630153656,0.6534172296524048,0.7225855588912964,0.0,0.0,8.489914131198415
1200,1200,33,zero_hold,1,"[0.0, 0.0, 0.0, 0.0]",-0.32962679862976074,-0.1029331162571907,-0.06136289983987808,0.6567424535751343,0.7445301413536072,0.1085689440369606,8.489914131198415,12.318318571661994
1200,1200,33,zero_hold,2,"[0.0, 0.0, 0.0, 0.0]",-0.0031093601137399673,-0.13139685988426208,-0.07474149763584137,0.6705152988433838,0.6873513460159302,0.32831767201423645,12.318318571661994,15.72917075431522
1200,1200,33,zero_hold,3,"[0.0, 0.0, 0.0, 0.0]",0.12910118699073792,-0.1857990324497223,-0.10048465430736542,0.6756851077079773,0.7196081876754761,0.14535702764987946,15.72917075431522,18.786819531196915
1200,1200,33,target_ahead,0,"[0.0, 0.0, 0.0, 0.0]",0.5702686905860901,-0.7435433268547058,-0.14303697645664215,0.6516987085342407,1.15031898021698,0.0,0.0,12.575886407943903
1200,1200,33,target_ahead,1,"[0.009999999776482582, 0.0, 0.0, 0.0]",0.3421001434326172,-0.7854442000389099,-0.17366237938404083,0.6788862943649292,1.1067973375320435,0.23557090759277344,12.575886407943903,17.13564786758299
1200,1200,33,target_ahead,2,"[0.019999999552965164, 0.0, 0.0, 0.0]",0.21140706539154053,-0.882361650466919,-0.1463956981897354,0.7314344644546509,1.1745991706848145,0.17314288020133972,17.13564786758299,21.31146878311406
1200,1200,33,target_ahead,3,"[0.029999999329447746, 0.0, 0.0, 0.0]",0.09293819218873978,-0.9148370623588562,-0.12747496366500854,0.7532484531402588,1.1954904794692993,0.12618783116340637,21.31146878311406,25.426704861880093
1200,1200,33,target_left,0,"[0.0, 0.0, 0.0, 0.0]",-0.14167699217796326,-1.0159202814102173,0.006074101664125919,0.6057893633842468,1.1912950277328491,0.0,0.0,13.143424056223243
1200,1200,33,target_left,1,"[0.009999999776482582, 0.0, 0.0, 0.0]",-0.15950992703437805,-1.1257699728012085,-0.017404399812221527,0.5970903038978577,1.284375786781311,0.11406964063644409,13.143424056223243,18.625042238378214
1200,1200,33,target_left,2,"[0.019999999552965164, 0.0, 0.0, 0.0]",-0.07483036816120148,-1.1651314496994019,-0.02443213388323784,0.6258400678634644,1.3249164819717407,0.09795862436294556,18.625042238378214,24.208958986182388
1200,1200,33,target_left,3,"[0.029999999329447746, 0.0, 0.0, 0.0]",-0.07812201231718063,-1.1674154996871948,-0.028365813195705414,0.6377988457679749,1.3328742980957031,0.013211282901465893,24.208958986182388,29.782626174051355
1200,1200,33,ramp,0,"[-0.5, -0.4333333373069763, -0.36666667461395264, -0.30000001192092896]",-0.7071976661682129,-0.8308547139167786,0.03697877377271652,0.6029011607170105,1.2471188306808472,0.0,0.0,13.270603913226788
1200,1200,33,ramp,1,"[-0.47999998927116394, -0.41333332657814026, -0.3466666638851166, -0.2800000011920929]",-0.6353455781936646,-1.0126248598098755,0.07667909562587738,0.773491621017456,1.4259179830551147,0.26245060563087463,13.270603913226788,19.07829661396209
1200,1200,33,ramp,2,"[-0.46000000834465027, -0.3933333456516266, -0.3266666829586029, -0.2600000202655792]",-0.6354239583015442,-1.0715550184249878,0.06597935408353806,0.8023760914802551,1.483291745185852,0.06649485975503922,19.07829661396209,24.686681623915838
1200,1200,33,ramp,3,"[-0.4399999976158142, -0.3733333349227905, -0.30666667222976685, -0.24000000953674316]",-0.6262655258178711,-1.088774561882019,0.06151954084634781,0.803755521774292,1.4924631118774414,0.02005448378622532,24.686681623915838,30.16959728568027
1225,1225,33,zero_hold,0,"[0.0, 0.0, 0.0, 0.0]",-0.25935736298561096,-0.19740700721740723,-0.081131212413311,0.6466898918151855,0.7287152409553528,0.0,0.0,8.535529357846483
1225,1225,33,zero_hold,1,"[0.0, 0.0, 0.0, 0.0]",-0.3467000126838684,-0.13876840472221375,-0.05277322977781296,0.6448706388473511,0.7470614314079285,0.10897114127874374,8.535529357846483,12.388308569495617
1225,1225,33,zero_hold,2,"[0.0, 0.0, 0.0, 0.0]",-0.024194510653614998,-0.1743997484445572,-0.06636487692594528,0.656109094619751,0.6825570464134216,0.324946790933609,12.388308569495617,15.82202561799436
1225,1225,33,zero_hold,3,"[0.0, 0.0, 0.0, 0.0]",0.11461924016475677,-0.23254065215587616,-0.0916728600859642,0.6616538763046265,0.716521143913269,0.1527116894721985,15.82202561799436,18.904022035341924
1225,1225,33,target_ahead,0,"[0.0, 0.0, 0.0, 0.0]",0.5546935796737671,-0.7945857048034668,-0.16285763680934906,0.6315770149230957,1.168102502822876,0.0,0.0,12.572535881559673
1225,1225,33,target_ahead,1,"[0.009999999776482582, 0.0, 0.0, 0.0]",0.33113211393356323,-0.8373993635177612,-0.1955743283033371,0.6586408615112305,1.1326708793640137,0.23155036568641663,12.572535881559673,17.112277803777232
1225,1225,33,target_ahead,2,"[0.019999999552965164, 0.0, 0.0, 0.0]",0.19368523359298706,-0.9485280513763428,-0.1704135239124298,0.7078647613525391,1.2113350629806519,0.18519526720046997,17.112277803777232,21.30513427902764
1225,1225,33,target_ahead,3,"[0.029999999329447746, 0.0, 0.0, 0.0]",0.06588450074195862,-0.9716678857803345,-0.14774107933044434,0.7275463342666626,1.224593997001648,0.1333037167787552,21.30513427902764,25.44303482215343
1225,1225,33,target_left,0,"[0.0, 0.0, 0.0, 0.0]",-0.2064473032951355,-1.0287574529647827,0.03483646735548973,0.572516679763794,1.1958056688308716,0.0,0.0,13.17327863545105
1225,1225,33,target_left,1,"[0.009999999776482582, 0.0, 0.0, 0.0]",-0.20917119085788727,-1.1440761089324951,0.012881653383374214,0.5703483819961548,1.2954250574111938,0.1174415871500969,13.17327863545105,18.660828516666857
1225,1225,33,target_left,2,"[0.019999999552965164, 0.0, 0.0, 0.0]",-0.11507165431976318,-1.1856791973114014,0.00352771719917655,0.5976542234420776,1.3327714204788208,0.10685805976390839,18.660828516666857,24.253216640977627
1225,1225,33,target_left,3,"[0.029999999329447746, 0.0, 0.0, 0.0]",-0.11405140161514282,-1.1884686946868896,-0.0019810819067060947,0.6100391149520874,1.3407524824142456,0.013876405544579029,24.253216640977627,29.838726562998183
1225,1225,33,ramp,0,"[-0.5, -0.4333333373069763, -0.36666667461395264, -0.30000001192092896]",-0.7016453742980957,-0.8689888715744019,0.05948486179113388,0.609943151473999,1.2739768028259277,0.0,0.0,13.269821839092941
1225,1225,33,ramp,1,"[-0.47999998927116394, -0.41333332657814026, -0.3466666638851166, -0.2800000011920929]",-0.628711998462677,-1.0530601739883423,0.10449673235416412,0.7590659856796265,1.4461380243301392,0.2519230246543884,13.269821839092941,19.076170164880686
1225,1225,33,ramp,2,"[-0.46000000834465027, -0.3933333456516266, -0.3266666829586029, -0.2600000202655792]",-0.6228631734848022,-1.1101834774017334,0.09199381619691849,0.7907061576843262,1.5013810396194458,0.06674356758594513,19.076170164880686,24.7207648846757
1225,1225,33,ramp,3,"[-0.4399999976158142, -0.3733333349227905, -0.30666667222976685, -0.24000000953674316]",-0.6127567291259766,-1.1256078481674194,0.08534038066864014,0.7925776243209839,1.5092800855636597,0.019693197682499886,24.7207648846757,30.24266355007308
1250,1250,33,zero_hold,0,"[0.0, 0.0, 0.0, 0.0]",-0.287141889333725,-0.20484863221645355,-0.08730155229568481,0.6438376307487488,0.7392982244491577,0.0,0.0,8.541066593958446
1250,1250,33,zero_hold,1,"[0.0, 0.0, 0.0, 0.0]",-0.37029847502708435,-0.14601923525333405,-0.0564429871737957,0.6533622145652771,0.7671444416046143,0.10685918480157852,8.541066593958446,12.405445617946876
1250,1250,33,zero_hold,2,"[0.0, 0.0, 0.0, 0.0]",-0.03076227381825447,-0.16513442993164062,-0.07008856534957886,0.6680981516838074,0.692447304725647,0.34066635370254517,12.405445617946876,15.848195360978398
1250,1250,33,zero_hold,3,"[0.0, 0.0, 0.0, 0.0]",0.11185401678085327,-0.21348752081394196,-0.0945022702217102,0.6778374910354614,0.7255911827087402,0.15286697447299957,15.848195360978398,18.928131842259216
1250,1250,33,target_ahead,0,"[0.0, 0.0, 0.0, 0.0]",0.5242581963539124,-0.7919853925704956,-0.16981378197669983,0.6457857489585876,1.1610182523727417,0.0,0.0,12.540309579153968
1250,1250,33,target_ahead,1,"[0.009999999776482582, 0.0, 0.0, 0.0]",0.25830361247062683,-0.8406355381011963,-0.19199037551879883,0.6875763535499573,1.1327004432678223,0.27447575330734253,12.540309579153968,17.06010101787931
1250,1250,33,target_ahead,2,"[0.019999999552965164, 0.0, 0.0, 0.0]",0.12493638694286346,-0.9425371885299683,-0.16362635791301727,0.7385898232460022,1.2150201797485352,0.17770104110240936,17.06010101787931,21.270809955145126
1250,1250,33,target_ahead,3,"[0.029999999329447746, 0.0, 0.0, 0.0]",0.02906728908419609,-0.958029568195343,-0.14202338457107544,0.7566347718238831,1.2293626070022583,0.10110986977815628,21.270809955145126,25.42154212835962
1250,1250,33,target_left,0,"[0.0, 0.0, 0.0, 0.0]",-0.2645277678966522,-1.0151138305664062,0.028351768851280212,0.5674949288368225,1.193015217781067,0.0,0.0,13.18166288857617
1250,1250,33,target_left,1,"[0.009999999776482582, 0.0, 0.0, 0.0]",-0.24916888773441315,-1.1265676021575928,0.011779959313571453,0.5782626271247864,1.2906455993652344,0.11422961950302124,13.18166288857617,18.68149564652599
1250,1250,33,target_left,2,"[0.019999999552965164, 0.0, 0.0, 0.0]",-0.1439974457025528,-1.169853925704956,0.0021434715017676353,0.6069112420082092,1.3257598876953125,0.11767898499965668,18.68149564652599,24.27439475360697
1250,1250,33,target_left,3,"[0.029999999329447746, 0.0, 0.0, 0.0]",-0.13704591989517212,-1.1742357015609741,-0.0038169817999005318,0.6199634671211243,1.334908366203308,0.01653515174984932,24.27439475360697,29.862422900918734
1250,1250,33,ramp,0,"[-0.5, -0.4333333373069763, -0.36666667461395264, -0.30000001192092896]",-0.718417763710022,-0.8742505311965942,0.048961032181978226,0.6194851994514465,1.2909674644470215,0.0,0.0,13.270531407852612
1250,1250,33,ramp,1,"[-0.47999998927116394, -0.41333332657814026, -0.3466666638851166, -0.2800000011920929]",-0.6543808579444885,-1.0533621311187744,0.10525345802307129,0.7586691379547119,1.4575470685958862,0.24232766032218933,13.270531407852612,19.05438610738434
1250,1250,33,ramp,2,"[-0.46000000834465027, -0.3933333456516266, -0.3266666829586029, -0.2600000202655792]",-0.6536256074905396,-1.1044176816940308,0.09916757047176361,0.7862642407417297,1.508313775062561,0.05835895240306854,19.05438610738434,24.670351374189714
1250,1250,33,ramp,3,"[-0.4399999976158142, -0.3733333349227905, -0.30666667222976685, -0.24000000953674316]",-0.6453222632408142,-1.1189345121383667,0.09421668946743011,0.7865023016929626,1.5152287483215332,0.017442815005779266,24.670351374189714,30.17501903498384
1275,1275,33,zero_hold,0,"[0.0, 0.0, 0.0, 0.0]",-0.2935744524002075,-0.18262971937656403,-0.10610281676054001,0.6221117973327637,0.7195974588394165,0.0,0.0,8.537472331929125
1275,1275,33,zero_hold,1,"[0.0, 0.0, 0.0, 0.0]",-0.36930006742477417,-0.11593928188085556,-0.09550552070140839,0.6216042041778564,0.7384697198867798,0.10146202892065048,8.537472331929125,12.389236564858729
1275,1275,33,zero_hold,2,"[0.0, 0.0, 0.0, 0.0]",0.003500480204820633,-0.1380782127380371,-0.1188245490193367,0.6369351148605347,0.6624827980995178,0.3744986057281494,12.389236564858729,15.822972500057103
1275,1275,33,zero_hold,3,"[0.0, 0.0, 0.0, 0.0]",0.14139284193515778,-0.19389082491397858,-0.1447439193725586,0.6448826193809509,0.7031429409980774,0.15120954811573029,15.822972500057103,18.892837305070895
1275,1275,33,target_ahead,0,"[0.0, 0.0, 0.0, 0.0]",0.5350472331047058,-0.7745442986488342,-0.19008025527000427,0.6117763519287109,1.1386812925338745,0.0,0.0,12.533220086929147
1275,1275,33,target_ahead,1,"[0.009999999776482582, 0.0, 0.0, 0.0]",0.3176077902317047,-0.8318877816200256,-0.20577964186668396,0.6524583101272583,1.1229243278503418,0.22906261682510376,12.533220086929147,17.048779783319873
1275,1275,33,target_ahead,2,"[0.019999999552965164, 0.0, 0.0, 0.0]",0.1898207813501358,-0.9380431771278381,-0.1794608235359192,0.7026364207267761,1.200775146484375,0.17552495002746582,17.048779783319873,21.272457205216995
1275,1275,33,target_ahead,3,"[0.029999999329447746, 0.0, 0.0, 0.0]",0.07885588705539703,-0.9577092528343201,-0.15770043432712555,0.723480224609375,1.2131439447402954,0.11665307730436325,21.272457205216995,25.427700020993527
1275,1275,33,target_left,0,"[0.0, 0.0, 0.0, 0.0]",-0.2790774703025818,-0.9973524808883667,0.012146389111876488,0.5480544567108154,1.1717966794967651,0.0,0.0,13.187171489130481
1275,1275,33,target_left,1,"[0.009999999776482582, 0.0, 0.0, 0.0]",-0.25634750723838806,-1.1036559343338013,-0.012010989710688591,0.5606347322463989,1.2642096281051636,0.11206657439470291,13.187171489130481,18.693338765888953
1275,1275,33,target_left,2,"[0.019999999552965164, 0.0, 0.0, 0.0]",-0.15207402408123016,-1.1488980054855347,-0.022220304235816002,0.587494432926178,1.2995140552520752,0.11724110692739487,18.693338765888953,24.311200291013932
1275,1275,33,target_left,3,"[0.029999999329447746, 0.0, 0.0, 0.0]",-0.14069896936416626,-1.1540868282318115,-0.028193676844239235,0.6002330780029297,1.3087350130081177,0.018822062760591507,24.311200291013932,29.916428841505915
1275,1275,33,ramp,0,"[-0.5, -0.4333333373069763, -0.36666667461395264, -0.30000001192092896]",-0.7018824219703674,-0.857354462146759,0.031167730689048767,0.621729850769043,1.2709110975265503,0.0,0.0,13.23603660141866
1275,1275,33,ramp,1,"[-0.47999998927116394, -0.41333332657814026, -0.3466666638851166, -0.2800000011920929]",-0.625870943069458,-1.0320298671722412,0.08040446043014526,0.7605561017990112,1.4288843870162964,0.2408032864332199,13.23603660141866,19.03422362254887
1275,1275,33,ramp,2,"[-0.46000000834465027, -0.3933333456516266, -0.3266666829586029, -0.2600000202655792]",-0.6217536926269531,-1.0855751037597656,0.07110309600830078,0.7903581261634827,1.4814765453338623,0.06211859732866287,19.03422362254887,24.638394597037372
1275,1275,33,ramp,3,"[-0.4399999976158142, -0.3733333349227905, -0.30666667222976685, -0.24000000953674316]",-0.6129916310310364,-1.1001529693603516,0.0659145936369896,0.7903369665145874,1.488312005996704,0.017782263457775116,24.638394597037372,30.130769306131665
1300,1300,33,zero_hold,0,"[0.0, 0.0, 0.0, 0.0]",-0.32333728671073914,-0.16814950108528137,-0.12151885032653809,0.6010769605636597,0.7133594155311584,0.0,0.0,8.536654880780135
1300,1300,33,zero_hold,1,"[0.0, 0.0, 0.0, 0.0]",-0.39064550399780273,-0.08657345920801163,-0.12165769934654236,0.5888615250587463,0.7222585082054138,0.10646259039640427,8.536654880780135,12.391737140950578
1300,1300,33,zero_hold,2,"[0.0, 0.0, 0.0, 0.0]",-0.013085898011922836,-0.10112302750349045,-0.1483260542154312,0.6025681495666504,0.6288768649101257,0.37902772426605225,12.391737140950578,15.82036635489106
1300,1300,33,zero_hold,3,"[0.0, 0.0, 0.0, 0.0]",0.1556728333234787,-0.1495371162891388,-0.17455926537513733,0.6155495643615723,0.6752537488937378,0.1779891401529312,15.82036635489106,18.87264639664856
1300,1300,33,target_ahead,0,"[0.0, 0.0, 0.0, 0.0]",0.5898695588111877,-0.7778567671775818,-0.19922378659248352,0.5593416094779968,1.1426112651824951,0.0,0.0,12.560905184958356
1300,1300,33,target_ahead,1,"[0.009999999776482582, 0.0, 0.0, 0.0]",0.4143508970737457,-0.8221897482872009,-0.2232930064201355,0.6039621233940125,1.123526930809021,0.18799608945846558,12.560905184958356,17.074524710647914
1300,1300,33,target_ahead,2,"[0.019999999552965164, 0.0, 0.0, 0.0]",0.24163955450057983,-0.9376544952392578,-0.1974276751279831,0.6508919596672058,1.1833103895187378,0.21455241739749908,17.074524710647914,21.285704610246363
1300,1300,33,target_ahead,3,"[0.029999999329447746, 0.0, 0.0, 0.0]",0.11319553852081299,-0.9562302231788635,-0.17562034726142883,0.6720249652862549,1.187286615371704,0.1332857310771942,21.285704610246363,25.426199493094966
1300,1300,33,target_left,0,"[0.0, 0.0, 0.0, 0.0]",-0.28994253277778625,-0.9956134557723999,-0.005481887608766556,0.4927918016910553,1.1481231451034546,0.0,0.0,13.199329553851193
1300,1300,33,target_left,1,"[0.009999999776482582, 0.0, 0.0, 0.0]",-0.2728784382343292,-1.0986204147338867,-0.03327563777565956,0.5015932321548462,1.2386009693145752,0.10840468108654022,13.199329553851193,18.714249965350646
1300,1300,33,target_left,2,"[0.019999999552965164, 0.0, 0.0, 0.0]",-0.1774604618549347,-1.145016074180603,-0.04210861027240753,0.5294642448425293,1.2746213674545288,0.11005435883998871,18.714249965350646,24.3434019355446
1300,1300,33,target_left,3,"[0.029999999329447746, 0.0, 0.0, 0.0]",-0.1683567464351654,-1.1496258974075317,-0.0476590134203434,0.5433956384658813,1.2835630178451538,0.01813887618482113,24.3434019355446,29.95621246903157
1300,1300,33,ramp,0,"[-0.5, -0.4333333373069763, -0.36666667461395264, -0.30000001192092896]",-0.7239981889724731,-0.8374872207641602,0.01108374260365963,0.5712193250656128,1.2457818984985352,0.0,0.0,13.253255631834419
1300,1300,33,ramp,1,"[-0.47999998927116394, -0.41333332657814026, -0.3466666638851166, -0.2800000011920929]",-0.6605793237686157,-1.0155502557754517,0.05264309421181679,0.7229900360107422,1.4118049144744873,0.245947003364563,13.253255631834419,19.03832051236669
1300,1300,33,ramp,2,"[-0.46000000834465027, -0.3933333456516266, -0.3266666829586029, -0.2600000202655792]",-0.6594949960708618,-1.0662273168563843,0.04190990701317787,0.752062201499939,1.462575912475586,0.05941155180335045,19.03832051236669,24.648672630081375
1300,1300,33,ramp,3,"[-0.4399999976158142, -0.3733333349227905, -0.30666667222976685, -0.24000000953674316]",-0.6522908210754395,-1.0789493322372437,0.037100087851285934,0.7520180344581604,1.4685102701187134,0.015391104854643345,24.648672630081375,30.153270410384366
1325,1325,33,zero_hold,0,"[0.0, 0.0, 0.0, 0.0]",-0.3044097423553467,-0.15734438598155975,-0.12159042060375214,0.5994601845741272,0.7011128664016724,0.0,0.0,8.547919869906398
1325,1325,33,zero_hold,1,"[0.0, 0.0, 0.0, 0.0]",-0.40886929631233215,-0.07526890188455582,-0.11774507910013199,0.5962033271789551,0.7363163828849792,0.13294200599193573,8.547919869906398,12.403188192107457
1325,1325,33,zero_hold,2,"[0.0, 0.0, 0.0, 0.0]",-0.04939404875040054,-0.08254045993089676,-0.1437799334526062,0.6143084168434143,0.6382007598876953,0.3609445095062256,12.403188192107457,15.835605307422435
1325,1325,33,zero_hold,3,"[0.0, 0.0, 0.0, 0.0]",0.13128097355365753,-0.12245690077543259,-0.17213179171085358,0.6299704313278198,0.6772905588150024,0.18784545361995697,15.835605307422435,18.899530766002904
1325,1325,33,target_ahead,0,"[0.0, 0.0, 0.0, 0.0]",0.6319056153297424,-0.7804629802703857,-0.21988166868686676,0.5571799278259277,1.1692837476730347,0.0,0.0,12.617484700655327
1325,1325,33,target_ahead,1,"[0.009999999776482582, 0.0, 0.0, 0.0]",0.4819408059120178,-0.8435457348823547,-0.23794756829738617,0.6233733892440796,1.178579568862915,0.1765696108341217,12.617484700655327,17.13431249860793
1325,1325,33,target_ahead,2,"[0.019999999552965164, 0.0, 0.0, 0.0]",0.29903605580329895,-0.961658239364624,-0.21631325781345367,0.6790174245834351,1.233720064163208,0.22576317191123962,17.13431249860793,21.347541106345908
1325,1325,33,target_ahead,3,"[0.029999999329447746, 0.0, 0.0, 0.0]",0.1510053426027298,-0.9788739085197449,-0.19501857459545135,0.7023403644561768,1.2297605276107788,0.15233810245990753,21.347541106345908,25.4957821538392
1325,1325,33,target_left,0,"[0.0, 0.0, 0.0, 0.0]",-0.2687761187553406,-0.9798957109451294,-0.0007610567845404148,0.5170255899429321,1.1400667428970337,0.0,0.0,13.165957258784609
1325,1325,33,target_left,1,"[0.009999999776482582, 0.0, 0.0, 0.0]",-0.2621712386608124,-1.0730117559432983,-0.019778987392783165,0.5387393236160278,1.229113221168518,0.0977107509970665,13.165957258784609,18.651620555897164
1325,1325,33,target_left,2,"[0.019999999552965164, 0.0, 0.0, 0.0]",-0.16821467876434326,-1.1206812858581543,-0.028673673048615456,0.5674364566802979,1.2676864862442017,0.10955756902694702,18.651620555897164,24.239130979475775
1325,1325,33,target_left,3,"[0.029999999329447746, 0.0, 0.0, 0.0]",-0.15955504775047302,-1.1257277727127075,-0.034095410257577896,0.5804064869880676,1.277010202407837,0.017264796420931816,24.239130979475775,29.8085721515219
1325,1325,33,ramp,0,"[-0.5, -0.4333333373069763, -0.36666667461395264, -0.30000001192092896]",-0.7648698687553406,-0.8102133274078369,0.005273197311908007,0.5849449038505554,1.2584354877471924,0.0,0.0,13.265861811247351
1325,1325,33,ramp,1,"[-0.47999998927116394, -0.41333332657814026, -0.3466666638851166, -0.2800000011920929]",-0.6775577068328857,-1.0000063180923462,0.05239110812544823,0.7578352689743042,1.4269394874572754,0.2752380073070526,13.265861811247351,18.988547422094044
1325,1325,33,ramp,2,"[-0.46000000834465027, -0.3933333456516266, -0.3266666829586029, -0.2600000202655792]",-0.6712526082992554,-1.05721116065979,0.042011480778455734,0.7906433343887329,1.481606364250183,0.06705411523580551,18.988547422094044,24.57537527192263
1325,1325,33,ramp,3,"[-0.4399999976158142, -0.3733333349227905, -0.30666667222976685, -0.24000000953674316]",-0.6622565984725952,-1.0709210634231567,0.03769843652844429,0.7917636036872864,1.4878731966018677,0.016992555931210518,24.57537527192263,30.068965827502122
1350,1350,33,zero_hold,0,"[0.0, 0.0, 0.0, 0.0]",-0.27558258175849915,-0.17331106960773468,-0.12056313455104828,0.5952898263931274,0.6891211271286011,0.0,0.0,8.531508449799514
1350,1350,33,zero_hold,1,"[0.0, 0.0, 0.0, 0.0]",-0.39293453097343445,-0.10823357850313187,-0.11080247163772583,0.5855244398117065,0.7219613194465637,0.13489697873592377,8.531508449799514,12.381470777121088
1350,1350,33,zero_hold,2,"[0.0, 0.0, 0.0, 0.0]",-0.04505123198032379,-0.12017383426427841,-0.1339489221572876,0.6045641899108887,0.6323855519294739,0.34937602281570435,12.381470777121088,15.806502243799104
1350,1350,33,zero_hold,3,"[0.0, 0.0, 0.0, 0.0]",0.1389385461807251,-0.16139279305934906,-0.15882737934589386,0.6236176490783691,0.6778470873832703,0.19113664329051971,15.806502243799104,18.868824472889898
1350,1350,33,target_ahead,0,"[0.0, 0.0, 0.0, 0.0]",0.5976501703262329,-0.8063156008720398,-0.21517665684223175,0.5672788619995117,1.1727901697158813,0.0,0.0,12.60533927044147
1350,1350,33,target_ahead,1,"[0.009999999776482582, 0.0, 0.0, 0.0]",0.44309407472610474,-0.8690197467803955,-0.23542869091033936,0.6321117877960205,1.1859678030014038,0.1800912320613861,12.60533927044147,17.124125942846728
1350,1350,33,target_ahead,2,"[0.019999999552965164, 0.0, 0.0, 0.0]",0.26015159487724304,-0.9864681363105774,-0.214368537068367,0.6867194175720215,1.2483330965042114,0.2251390665769577,17.124125942846728,21.313810502927332
1350,1350,33,target_ahead,3,"[0.029999999329447746, 0.0, 0.0, 0.0]",0.12300390005111694,-1.0053112506866455,-0.19338126480579376,0.710618257522583,1.2522600889205933,0.1420428603887558,21.313810502927332,25.456066255878202
1350,1350,33,target_left,0,"[0.0, 0.0, 0.0, 0.0]",-0.27692997455596924,-1.0024017095565796,-0.0009578955359756947,0.523645281791687,1.1643472909927368,0.0,0.0,13.168501330482044
1350,1350,33,target_left,1,"[0.009999999776482582, 0.0, 0.0, 0.0]",-0.2826145887374878,-1.093226432800293,-0.0135900117456913,0.5329669713973999,1.248700737953186,0.0923466831445694,13.168501330482044,18.652458282649295
1350,1350,33,target_left,2,"[0.019999999552965164, 0.0, 0.0, 0.0]",-0.19376251101493835,-1.142406940460205,-0.01987697184085846,0.5607147216796875,1.2874135971069336,0.10546505451202393,18.652458282649295,24.237756934570726
1350,1350,33,target_left,3,"[0.029999999329447746, 0.0, 0.0, 0.0]",-0.18562203645706177,-1.1471643447875977,-0.0238933265209198,0.574730396270752,1.29666006565094,0.01736290380358696,24.237756934570726,29.804149075758605
1350,1350,33,ramp,0,"[-0.5, -0.4333333373069763, -0.36666667461395264, -0.30000001192092896]",-0.7453497052192688,-0.8031666874885559,0.005431882571429014,0.5926218032836914,1.2457339763641357,0.0,0.0,13.28725613699681
1350,1350,33,ramp,1,"[-0.47999998927116394, -0.41333332657814026, -0.3466666638851166, -0.2800000011920929]",-0.6597206592559814,-0.998589038848877,0.06076592952013016,0.7416319847106934,1.4092984199523926,0.26606038212776184,13.28725613699681,18.988924803955882
1350,1350,33,ramp,2,"[-0.46000000834465027, -0.3933333456516266, -0.3266666829586029, -0.2600000202655792]",-0.6639775633811951,-1.0523513555526733,0.052639782428741455,0.7767728567123413,1.4678066968917847,0.06488006561994553,18.988924803955882,24.564320495288918
1350,1350,33,ramp,3,"[-0.4399999976158142, -0.3733333349227905, -0.30666667222976685, -0.24000000953674316]",-0.6589148044586182,-1.0654064416885376,0.04934454709291458,0.7778637409210205,1.4753868579864502,0.014426205307245255,24.564320495288918,30.049289441148677
1375,1375,33,zero_hold,0,"[0.0, 0.0, 0.0, 0.0]",-0.2754499614238739,-0.16073055565357208,-0.1480819135904312,0.5962942242622375,0.6922441720962524,0.0,0.0,8.507199735568125
1375,1375,33,zero_hold,1,"[0.0, 0.0, 0.0, 0.0]",-0.3930586278438568,-0.07808537036180496,-0.14050179719924927,0.5932977795600891,0.7296132445335388,0.14397382736206055,8.507199735568125,12.316539882208524
1375,1375,33,zero_hold,2,"[0.0, 0.0, 0.0, 0.0]",-0.03706289082765579,-0.07708441466093063,-0.16270369291305542,0.617806613445282,0.6445720791816711,0.3575298488140106,12.316539882208524,15.704612891448827
1375,1375,33,zero_hold,3,"[0.0, 0.0, 0.0, 0.0]",0.14683325588703156,-0.11654593795537949,-0.18966971337795258,0.6368994116783142,0.6904769539833069,0.19096258282661438,15.704612891448827,18.732835952288678
1375,1375,33,target_ahead,0,"[0.0, 0.0, 0.0, 0.0]",0.6573655605316162,-0.7962369322776794,-0.25728780031204224,0.5802960991859436,1.2120492458343506,0.0,0.0,12.674407295553959
1375,1375,33,target_ahead,1,"[0.009999999776482582, 0.0, 0.0, 0.0]",0.5927379131317139,-0.8511454463005066,-0.26900219917297363,0.6528021693229675,1.2547110319137573,0.11218749731779099,12.674407295553959,17.198946095949072
1375,1375,33,target_ahead,2,"[0.019999999552965164, 0.0, 0.0, 0.0]",0.3750585913658142,-0.9749506115913391,-0.2440911829471588,0.710747480392456,1.28683340549469,0.25824448466300964,17.198946095949072,21.338309716663158
1375,1375,33,target_ahead,3,"[0.029999999329447746, 0.0, 0.0, 0.0]",0.207228884100914,-0.9988909363746643,-0.2189483642578125,0.7393569350242615,1.2787939310073853,0.17375445365905762,21.338309716663158,25.433849760401102
1375,1375,33,target_left,0,"[0.0, 0.0, 0.0, 0.0]",-0.2847974896430969,-1.016601800918579,-0.007393996696919203,0.5394116640090942,1.1855835914611816,0.0,0.0,13.171930402307739
1375,1375,33,target_left,1,"[0.009999999776482582, 0.0, 0.0, 0.0]",-0.2820300757884979,-1.105672001838684,-0.008205752819776535,0.5594250559806824,1.2708561420440674,0.09133648872375488,13.171930402307739,18.64428088648818
1375,1375,33,target_left,2,"[0.019999999552965164, 0.0, 0.0, 0.0]",-0.2037576287984848,-1.1509662866592407,-0.014047767966985703,0.5872192978858948,1.3081530332565308,0.09478817135095596,18.64428088648818,24.212046027617625
1375,1375,33,target_left,3,"[0.029999999329447746, 0.0, 0.0, 0.0]",-0.20055949687957764,-1.154468059539795,-0.017484553158283234,0.6011216044425964,1.3170700073242188,0.015085624530911446,24.212046027617625,29.76384619745734
1375,1375,33,ramp,0,"[-0.5, -0.4333333373069763, -0.36666667461395264, -0.30000001192092896]",-0.7682846784591675,-0.7794358134269714,-0.012918895110487938,0.6089304685592651,1.2524954080581665,0.0,0.0,13.296084540871467
1375,1375,33,ramp,1,"[-0.47999998927116394, -0.41333332657814026, -0.3466666638851166, -0.2800000011920929]",-0.6816120743751526,-0.9905049800872803,0.05406513810157776,0.7652434706687927,1.4262592792510986,0.2845750153064728,13.296084540871467,18.97467183545219
1375,1375,33,ramp,2,"[-0.46000000834465027, -0.3933333456516266, -0.3266666829586029, -0.2600000202655792]",-0.6741954684257507,-1.0506904125213623,0.04868454486131668,0.8009299635887146,1.484031319618225,0.07056747376918793,18.97467183545219,24.53110756884933
1375,1375,33,ramp,3,"[-0.4399999976158142, -0.3733333349227905, -0.30666667222976685, -0.24000000953674316]",-0.6661943793296814,-1.0659016370773315,0.045368168503046036,0.8031385540962219,1.49233078956604,0.01764298602938652,24.53110756884933,29.998108581476494
1400,1400,33,zero_hold,0,"[0.0, 0.0, 0.0, 0.0]",-0.2755061984062195,-0.17202194035053253,-0.13445843756198883,0.5868443250656128,0.6840764284133911,0.0,0.0,8.499470481258264
1400,1400,33,zero_hold,1,"[0.0, 0.0, 0.0, 0.0]",-0.38556981086730957,-0.09223564714193344,-0.1296563297510147,0.5865093469619751,0.7197051048278809,0.1360258162021637,8.499470481258264,12.307440873453483
1400,1400,33,zero_hold,2,"[0.0, 0.0, 0.0, 0.0]",-0.016516976058483124,-0.08625590056180954,-0.1536785364151001,0.6121177673339844,0.6371955275535583,0.37076759338378906,12.307440873453483,15.693951092040841
1400,1400,33,zero_hold,3,"[0.0, 0.0, 0.0, 0.0]",0.16068315505981445,-0.12636375427246094,-0.18095846474170685,0.6327036619186401,0.6890912652015686,0.18486888706684113,15.693951092040841,18.70727790430333
1400,1400,33,target_ahead,0,"[0.0, 0.0, 0.0, 0.0]",0.6188730001449585,-0.8036106824874878,-0.23224148154258728,0.5799612998962402,1.1912535429000854,0.0,0.0,12.608504731151701
1400,1400,33,target_ahead,1,"[0.009999999776482582, 0.0, 0.0, 0.0]",0.48909348249435425,-0.88435959815979,-0.23908866941928864,0.6706123948097229,1.2361992597579956,0.17784154415130615,12.608504731151701,17.143663509273132
1400,1400,33,target_ahead,2,"[0.019999999552965164, 0.0, 0.0, 0.0]",0.195569708943367,-1.0293205976486206,-0.21420706808567047,0.7290421724319458,1.2942702770233154,0.3334712088108063,17.143663509273132,21.339729633296155
1400,1400,33,target_ahead,3,"[0.029999999329447746, 0.0, 0.0, 0.0]",0.08729253709316254,-1.0440645217895508,-0.19272004067897797,0.7516770362854004,1.3037829399108887,0.1136457622051239,21.339729633296155,25.492858425373804
1400,1400,33,target_left,0,"[0.0, 0.0, 0.0, 0.0]",-0.29120200872421265,-1.0392351150512695,-0.012169640511274338,0.5184403657913208,1.197387456893921,0.0,0.0,13.166209270431533
1400,1400,33,target_left,1,"[0.009999999776482582, 0.0, 0.0, 0.0]",-0.2741798758506775,-1.1313740015029907,-0.02063220739364624,0.5429534912109375,1.2846812009811401,0.09722054749727249,13.166209270431533,18.60591240687173
1400,1400,33,target_left,2,"[0.019999999552965164, 0.0, 0.0, 0.0]",-0.1954718828201294,-1.1728458404541016,-0.02870514616370201,0.5722283720970154,1.3198658227920532,0.09400559961795807,18.60591240687173,24.132674651351422
1400,1400,33,target_left,3,"[0.029999999329447746, 0.0, 0.0, 0.0]",-0.19469386339187622,-1.1752649545669556,-0.032628633081912994,0.586509644985199,1.3282363414764404,0.015026840381324291,24.132674651351422,29.640118656488035
1400,1400,33,ramp,0,"[-0.5, -0.4333333373069763, -0.36666667461395264, -0.30000001192092896]",-0.8150282502174377,-0.7770053148269653,-0.016809701919555664,0.6003117561340332,1.2761915922164917,0.0,0.0,13.303048686168502
1400,1400,33,ramp,1,"[-0.47999998927116394, -0.41333332657814026, -0.3466666638851166, -0.2800000011920929]",-0.7025823593139648,-1.0084348917007446,0.04475615546107292,0.7472078800201416,1.4390572309494019,0.30260956287384033,13.303048686168502,18.911094075565156
1400,1400,33,ramp,2,"[-0.46000000834465027, -0.3933333456516266, -0.3266666829586029, -0.2600000202655792]",-0.6882492899894714,-1.0736888647079468,0.03872091695666313,0.7871497869491577,1.499199390411377,0.07807238399982452,18.911094075565156,24.431474719607582
1400,1400,33,ramp,3,"[-0.4399999976158142, -0.3733333349227905, -0.30666667222976685, -0.24000000953674316]",-0.677724301815033,-1.0892460346221924,0.0358857586979866,0.7914470434188843,1.5077942609786987,0.019475765526294708,24.431474719607582,29.85553166303175
1425,1425,33,zero_hold,0,"[0.0, 0.0, 0.0, 0.0]",-0.2839915156364441,-0.14607347548007965,-0.12811633944511414,0.5672093629837036,0.6634221076965332,0.0,0.0,8.446834923761667
1425,1425,33,zero_hold,1,"[0.0, 0.0, 0.0, 0.0]",-0.40213170647621155,-0.07552092522382736,-0.11936894804239273,0.5761241316795349,0.7166458368301392,0.1381693035364151,8.446834923761667,12.224646429273472
1425,1425,33,zero_hold,2,"[0.0, 0.0, 0.0, 0.0]",-0.030336817726492882,-0.07827568799257278,-0.14254134893417358,0.6113576292991638,0.6333431601524353,0.37418895959854126,12.224646429273472,15.586477530963537
1425,1425,33,zero_hold,3,"[0.0, 0.0, 0.0, 0.0]",0.13518235087394714,-0.13250292837619781,-0.17358562350273132,0.6332300305366516,0.6833326816558838,0.17826759815216064,15.586477530963537,18.570610765775672
1425,1425,33,target_ahead,0,"[0.0, 0.0, 0.0, 0.0]",0.6658466458320618,-0.7474415302276611,-0.23003549873828888,0.5525653958320618,1.1663042306900024,0.0,0.0,12.568489477168246
1425,1425,33,target_ahead,1,"[0.009999999776482582, 0.0, 0.0, 0.0]",0.7295188903808594,-0.8237362504005432,-0.2376355230808258,0.6468934416770935,1.2983378171920776,0.13722456991672516,12.568489477168246,17.07210854076249
1425,1425,33,target_ahead,2,"[0.019999999552965164, 0.0, 0.0, 0.0]",0.2267317771911621,-1.000516653060913,-0.20141758024692535,0.6934601664543152,1.2545504570007324,0.5362148880958557,17.07210854076249,21.151950792503392
1425,1425,33,target_ahead,3,"[0.029999999329447746, 0.0, 0.0, 0.0]",0.0951286181807518,-1.02700936794281,-0.1686723828315735,0.7204470038414001,1.26936674118042,0.14078988134860992,21.151950792503392,25.14655700409847
1425,1425,33,target_left,0,"[0.0, 0.0, 0.0, 0.0]",-0.24950507283210754,-1.029678463935852,-0.002569961827248335,0.5012796521186829,1.1720829010009766,0.0,0.0,13.122807532864803
1425,1425,33,target_left,1,"[0.009999999776482582, 0.0, 0.0, 0.0]",-0.22316640615463257,-1.127920150756836,-0.008172789588570595,0.5280265808105469,1.265261173248291,0.10531830042600632,13.122807532864803,18.536474357604803
1425,1425,33,target_left,2,"[0.019999999552965164, 0.0, 0.0, 0.0]",-0.14163383841514587,-1.166772484779358,-0.012603694573044777,0.5594152808189392,1.3017382621765137,0.09571806341409683,18.536474357604803,24.0191708293824
1425,1425,33,target_left,3,"[0.029999999329447746, 0.0, 0.0, 0.0]",-0.14267092943191528,-1.1675646305084229,-0.015095572918653488,0.5747054219245911,1.3092273473739624,0.015546734444797039,24.0191708293824,29.47138975646666
1425,1425,33,ramp,0,"[-0.5, -0.4333333373069763, -0.36666667461395264, -0.30000001192092896]",-0.7537224292755127,-0.7794705629348755,-0.012745164334774017,0.6002175211906433,1.2393931150436401,0.0,0.0,13.30147903505267
1425,1425,33,ramp,1,"[-0.47999998927116394, -0.41333332657814026, -0.3466666638851166, -0.2800000011920929]",-0.6573278307914734,-1.0202763080596924,0.06033762916922569,0.7371015548706055,1.421268105506897,0.3022542893886566,13.30147903505267,18.844140071498842
1425,1425,33,ramp,2,"[-0.46000000834465027, -0.3933333456516266, -0.3266666829586029, -0.2600000202655792]",-0.6394916772842407,-1.0873287916183472,0.05927262455224991,0.7736724019050598,1.4809846878051758,0.07843931019306183,18.844140071498842,24.273192520700857
1425,1425,33,ramp,3,"[-0.4399999976158142, -0.3733333349227905, -0.30666667222976685, -0.24000000953674316]",-0.6305922865867615,-1.104907751083374,0.0576978400349617,0.7780547142028809,1.492369294166565,0.020246075466275215,24.273192520700857,29.6165378791086
1450,1450,33,zero_hold,0,"[0.0, 0.0, 0.0, 0.0]",-0.2817630171775818,-0.14494669437408447,-0.12339136749505997,0.5744304656982422,0.6675295829772949,0.0,0.0,8.435191379357226
1450,1450,33,zero_hold,1,"[0.0, 0.0, 0.0, 0.0]",-0.4176216423511505,-0.07531134784221649,-0.11723044514656067,0.5905387997627258,0.736585795879364,0.15363620221614838,8.435191379357226,12.22902393113604
1450,1450,33,zero_hold,2,"[0.0, 0.0, 0.0, 0.0]",-0.059223420917987823,-0.08355776965618134,-0.13983331620693207,0.6280627846717834,0.6515408754348755,0.3611595630645752,12.22902393113604,15.613119236163337
1450,1450,33,zero_hold,3,"[0.0, 0.0, 0.0, 0.0]",0.11806334555149078,-0.14266031980514526,-0.1700972020626068,0.6565148234367371,0.7030189633369446,0.19143962860107422,15.613119236163337,18.6125457451337
1450,1450,33,target_ahead,0,"[0.0, 0.0, 0.0, 0.0]",0.703347384929657,-0.7365657091140747,-0.2233666479587555,0.5937508940696716,1.1998580694198608,0.0,0.0,12.499202487966738
1450,1450,33,target_ahead,1,"[0.009999999776482582, 0.0, 0.0, 0.0]",0.7504769563674927,-0.8333031535148621,-0.23153653740882874,0.6739103198051453,1.3286738395690918,0.1344306915998459,12.499202487966738,16.9788000246534
1450,1450,33,target_ahead,2,"[0.019999999552965164, 0.0, 0.0, 0.0]",0.14910410344600677,-1.0215684175491333,-0.1899276226758957,0.7082087397575378,1.2662804126739502,0.6324561834335327,16.9788000246534,21.036863428874682
1450,1450,33,target_ahead,3,"[0.029999999329447746, 0.0, 0.0, 0.0]",0.025149865075945854,-1.0365890264511108,-0.16055123507976532,0.7270137667655945,1.2765089273452759,0.1296413242816925,21.036863428874682,25.006739202724162
1450,1450,33,target_left,0,"[0.0, 0.0, 0.0, 0.0]",-0.29521071910858154,-1.0440517663955688,0.005577057134360075,0.5150600671768188,1.2010459899902344,0.0,0.0,13.107911551197361
1450,1450,33,target_left,1,"[0.009999999776482582, 0.0, 0.0, 0.0]",-0.26634907722473145,-1.1370049715042114,-0.005518407095223665,0.5407007336616516,1.2868993282318115,0.10126127302646637,13.107911551197361,18.518784531558868
1450,1450,33,target_left,2,"[0.019999999552965164, 0.0, 0.0, 0.0]",-0.18038202822208405,-1.1773821115493774,-0.011402685195207596,0.5698214769363403,1.3204517364501953,0.09951527416706085,18.518784531558868,24.00481235283057
1450,1450,33,target_left,3,"[0.029999999329447746, 0.0, 0.0, 0.0]",-0.18022219836711884,-1.177890419960022,-0.01459827646613121,0.583564817905426,1.3269013166427612,0.014120026491582394,24.00481235283057,29.459918298705947
1450,1450,33,ramp,0,"[-0.5, -0.4333333373069763, -0.36666667461395264, -0.30000001192092896]",-0.7984813451766968,-0.8000069856643677,-0.01911861263215542,0.6148318648338318,1.2868438959121704,0.0,0.0,13.306132786070316
1450,1450,33,ramp,1,"[-0.47999998927116394, -0.41333332657814026, -0.3466666638851166, -0.2800000011920929]",-0.6840529441833496,-1.021741271018982,0.044502243399620056,0.7446132898330688,1.438163161277771,0.28835877776145935,13.306132786070316,18.861312774921217
1450,1450,33,ramp,2,"[-0.46000000834465027, -0.3933333456516266, -0.3266666829586029, -0.2600000202655792]",-0.657012939453125,-1.0983139276504517,0.04153246805071831,0.7878172993659973,1.5034428834915161,0.09203227609395981,18.861312774921217,24.30842337323757
1450,1450,33,ramp,3,"[-0.4399999976158142, -0.3733333349227905, -0.30666667222976685, -0.24000000953674316]",-0.646594226360321,-1.119094729423523,0.038469500839710236,0.791821300983429,1.5162183046340942,0.02378665842115879,24.30842337323757,29.665593772584966
1475,1475,33,zero_hold,0,"[0.0, 0.0, 0.0, 0.0]",-0.2882193922996521,-0.1377418488264084,-0.11895014345645905,0.5887853503227234,0.6803385615348816,0.0,0.0,8.460540567919413
1475,1475,33,zero_hold,1,"[0.0, 0.0, 0.0, 0.0]",-0.4099220931529999,-0.060405999422073364,-0.1131935566663742,0.6098799109458923,0.7459566593170166,0.14584410190582275,8.460540567919413,12.28098604205417
1475,1475,33,zero_hold,2,"[0.0, 0.0, 0.0, 0.0]",-0.03960956633090973,-0.06774203479290009,-0.1405320018529892,0.643299400806427,0.6631299257278442,0.3728933334350586,12.28098604205417,15.683339943121805
1475,1475,33,zero_hold,3,"[0.0, 0.0, 0.0, 0.0]",0.13608847558498383,-0.12366431951522827,-0.17112310230731964,0.6729673147201538,0.7183182239532471,0.18924351036548615,15.683339943121805,18.69141736247733
1475,1475,33,target_ahead,0,"[0.0, 0.0, 0.0, 0.0]",0.7009288668632507,-0.753382682800293,-0.22858981788158417,0.6101279854774475,1.2179474830627441,0.0,0.0,12.546477468206557
1475,1475,33,target_ahead,1,"[0.009999999776482582, 0.0, 0.0, 0.0]",0.6371159553527832,-0.8523277044296265,-0.23181268572807312,0.6997094750404358,1.2944921255111694,0.147977814078331,12.546477468206557,17.069690184792
1475,1475,33,target_ahead,2,"[0.019999999552965164, 0.0, 0.0, 0.0]",0.10792949795722961,-1.0256270170211792,-0.1908017247915268,0.7394973039627075,1.2832852602005005,0.5597642064094543,17.069690184792,21.211099790000386
1475,1475,33,target_ahead,3,"[0.029999999329447746, 0.0, 0.0, 0.0]",0.00798901729285717,-1.0433045625686646,-0.16241392493247986,0.7506720423698425,1.2955442667007446,0.10597800463438034,21.211099790000386,25.281735504346358
1475,1475,33,target_left,0,"[0.0, 0.0, 0.0, 0.0]",-0.31261369585990906,-1.0438469648361206,0.010857010260224342,0.5425682663917542,1.2173093557357788,0.0,0.0,13.144732411020106
1475,1475,33,target_left,1,"[0.009999999776482582, 0.0, 0.0, 0.0]",-0.2928636968135834,-1.1314946413040161,-0.010773874819278717,0.576909065246582,1.3034528493881226,0.09858683496713638,13.144732411020106,18.566021857309206
1475,1475,33,target_left,2,"[0.019999999552965164, 0.0, 0.0, 0.0]",-0.2082168459892273,-1.170308232307434,-0.018014756962656975,0.6059272289276123,1.3343342542648315,0.09780628234148026,18.566021857309206,24.070150308272826
1475,1475,33,target_left,3,"[0.029999999329447746, 0.0, 0.0, 0.0]",-0.2081604301929474,-1.1708375215530396,-0.021653085947036743,0.6182411313056946,1.3404783010482788,0.012851185165345669,24.070150308272826,29.5424674943718
1475,1475,33,ramp,0,"[-0.5, -0.4333333373069763, -0.36666667461395264, -0.30000001192092896]",-0.8479574918746948,-0.791945219039917,-0.0028458135202527046,0.6326484680175781,1.3215374946594238,0.0,0.0,13.296937294642373
1475,1475,33,ramp,1,"[-0.47999998927116394, -0.41333332657814026, -0.3466666638851166, -0.2800000011920929]",-0.7176859974861145,-1.0150623321533203,0.04860907793045044,0.7824086546897888,1.4696770906448364,0.30303072929382324,13.296937294642373,18.85089554486995
1475,1475,33,ramp,2,"[-0.46000000834465027, -0.3933333456516266, -0.3266666829586029, -0.2600000202655792]",-0.6936239004135132,-1.0897537469863892,0.04321450740098953,0.8235326409339905,1.5325634479522705,0.08875852078199387,18.85089554486995,24.2930112480301
1475,1475,33,ramp,3,"[-0.4399999976158142, -0.3733333349227905, -0.30666667222976685, -0.24000000953674316]",-0.6844065189361572,-1.1092666387557983,0.03946460783481598,0.8261939287185669,1.543709397315979,0.02206484228372574,24.2930112480301,29.638999537940524
1500,1500,33,zero_hold,0,"[0.0, 0.0, 0.0, 0.0]",-0.2566964030265808,-0.14958420395851135,-0.12021877616643906,0.6103306412696838,0.6893653273582458,0.0,0.0,8.502853267095045
1500,1500,33,zero_hold,1,"[0.0, 0.0, 0.0, 0.0]",-0.3469316363334656,-0.07984980940818787,-0.11166030913591385,0.6244514584541321,0.7274237275123596,0.11522988975048065,8.502853267095045,12.334046817463818
1500,1500,33,zero_hold,2,"[0.0, 0.0, 0.0, 0.0]",0.02038392424583435,-0.10083194077014923,-0.13830730319023132,0.6543604731559753,0.6766824126243591,0.3700886070728302,12.334046817463818,15.747699128014514
1500,1500,33,zero_hold,3,"[0.0, 0.0, 0.0, 0.0]",0.2135034203529358,-0.16622982919216156,-0.16721981763839722,0.6850821375846863,0.7553251385688782,0.20821090042591095,15.747699128014514,18.770852741263326
1500,1500,33,target_ahead,0,"[0.0, 0.0, 0.0, 0.0]",0.7403765320777893,-0.7728868722915649,-0.22413180768489838,0.6127715706825256,1.253489375114441,0.0,0.0,12.569508671761648
1500,1500,33,target_ahead,1,"[0.009999999776482582, 0.0, 0.0, 0.0]",0.631701648235321,-0.8882466554641724,-0.2253064215183258,0.7012731432914734,1.3155136108398438,0.18152691423892975,12.569508671761648,17.077138623846857
1500,1500,33,target_ahead,2,"[0.019999999552965164, 0.0, 0.0, 0.0]",0.19550326466560364,-1.0550336837768555,-0.19001129269599915,0.7432622313499451,1.3190377950668335,0.47020822763442993,17.077138623846857,21.255153930243768
1500,1500,33,target_ahead,3,"[0.029999999329447746, 0.0, 0.0, 0.0]",0.07053174823522568,-1.0620774030685425,-0.15896832942962646,0.7521666884422302,1.313015103340149,0.12926889955997467,21.255153930243768,25.380292393467364
1500,1500,33,target_left,0,"[0.0, 0.0, 0.0, 0.0]",-0.2931973934173584,-1.058557391166687,0.01771901547908783,0.5495047569274902,1.228323221206665,0.0,0.0,13.198367408053409
1500,1500,33,target_left,1,"[0.009999999776482582, 0.0, 0.0, 0.0]",-0.2447386085987091,-1.152701735496521,-0.0013129753060638905,0.5766449570655823,1.3119220733642578,0.11095142364501953,13.198367408053409,18.604705344315597
1500,1500,33,target_left,2,"[0.019999999552965164, 0.0, 0.0, 0.0]",-0.15719082951545715,-1.195533037185669,-0.005939990747720003,0.6067680716514587,1.3498929738998413,0.10211731493473053,18.604705344315597,24.11842237637881
1500,1500,33,target_left,3,"[0.029999999329447746, 0.0, 0.0, 0.0]",-0.1548343002796173,-1.1979130506515503,-0.009076587855815887,0.6203855872154236,1.357913851737976,0.014369852840900421,24.11842237637881,29.605491620714126
1500,1500,33,ramp,0,"[-0.5, -0.4333333373069763, -0.36666667461395264, -0.30000001192092896]",-0.8270050883293152,-0.800096869468689,0.0016831452958285809,0.625647246837616,1.3097823858261108,0.0,0.0,13.309847705655214
1500,1500,33,ramp,1,"[-0.47999998927116394, -0.41333332657814026, -0.3466666638851166, -0.2800000011920929]",-0.6918914914131165,-1.035491704940796,0.04488278925418854,0.7832625508308411,1.4718939065933228,0.3168204724788666,13.309847705655214,18.871911483497676
1500,1500,33,ramp,2,"[-0.46000000834465027, -0.3933333456516266, -0.3266666829586029, -0.2600000202655792]",-0.6716635823249817,-1.1178946495056152,0.036219529807567596,0.8302949070930481,1.546454668045044,0.09739870578050613,18.871911483497676,24.329282304377678
1500,1500,33,ramp,3,"[-0.4399999976158142, -0.3733333349227905, -0.30666667222976685, -0.24000000953674316]",-0.6627435088157654,-1.140300989151001,0.032738182693719864,0.8341791033744812,1.5609105825424194,0.024674247950315475,24.329282304377678,29.681764789134398
1525,1525,33,zero_hold,0,"[0.0, 0.0, 0.0, 0.0]",-0.2649255096912384,-0.16592329740524292,-0.13122129440307617,0.6096711754798889,0.6975916028022766,0.0,0.0,8.541779699440406
1525,1525,33,zero_hold,1,"[0.0, 0.0, 0.0, 0.0]",-0.33740344643592834,-0.09223165363073349,-0.12848299741744995,0.6087153553962708,0.713715672492981,0.10340175032615662,8.541779699440406,12.393936672691275
1525,1525,33,zero_hold,2,"[0.0, 0.0, 0.0, 0.0]",0.048857517540454865,-0.11403492838144302,-0.16076970100402832,0.6412138938903809,0.6726018190383911,0.38957861065864563,12.393936672691275,15.828893281276558
1525,1525,33,zero_hold,3,"[0.0, 0.0, 0.0, 0.0]",0.23947279155254364,-0.1812165081501007,-0.1915300190448761,0.6733270287513733,0.7617346048355103,0.20694200694561005,15.828893281276558,18.874165955592247
1525,1525,33,target_ahead,0,"[0.0, 0.0, 0.0, 0.0]",0.7044568061828613,-0.8000388145446777,-0.24460098147392273,0.6368666291236877,1.265602707862854,0.0,0.0,12.588587937480685
1525,1525,33,target_ahead,1,"[0.009999999776482582, 0.0, 0.0, 0.0]",0.4861671030521393,-0.9356807470321655,-0.2344495952129364,0.7107588648796082,1.2930591106414795,0.26760461926460266,12.588587937480685,17.12766786501359
1525,1525,33,target_ahead,2,"[0.019999999552965164, 0.0, 0.0, 0.0]",0.21367262303829193,-1.0720417499542236,-0.20136725902557373,0.7565706372261047,1.3445733785629272,0.3099043667316437,17.12766786501359,21.37279689164525
1525,1525,33,target_ahead,3,"[0.029999999329447746, 0.0, 0.0, 0.0]",0.11651834100484848,-1.0757396221160889,-0.17343002557754517,0.7635237574577332,1.3356043100357056,0.1013975515961647,21.37279689164525,25.547794031341134
1525,1525,33,target_left,0,"[0.0, 0.0, 0.0, 0.0]",-0.2950589060783386,-1.0616148710250854,0.02722153253853321,0.5551442503929138,1.2341036796569824,0.0,0.0,13.218855332390646
1525,1525,33,target_left,1,"[0.009999999776482582, 0.0, 0.0, 0.0]",-0.2353583127260208,-1.1578254699707031,0.011609267443418503,0.574542224407196,1.3138443231582642,0.11593388020992279,13.218855332390646,18.64007797364086
1525,1525,33,target_left,2,"[0.019999999552965164, 0.0, 0.0, 0.0]",-0.14445321261882782,-1.2014918327331543,0.008693113923072815,0.6024982333183289,1.3518613576889038,0.10469254851341248,18.64007797364086,24.176867641311425
1525,1525,33,target_left,3,"[0.029999999329447746, 0.0, 0.0, 0.0]",-0.1407843679189682,-1.2042845487594604,0.005431538447737694,0.6147030591964722,1.3594156503677368,0.013448246754705906,24.176867641311425,29.687966993646132
1525,1525,33,ramp,0,"[-0.5, -0.4333333373069763, -0.36666667461395264, -0.30000001192092896]",-0.818070113658905,-0.7558478116989136,0.009902560152113438,0.608085572719574,1.269019603729248,0.0,0.0,13.314709042992016
1525,1525,33,ramp,1,"[-0.47999998927116394, -0.41333332657814026, -0.3466666638851166, -0.2800000011920929]",-0.7070388793945312,-0.9964038133621216,0.0547231063246727,0.754420816898346,1.4369654655456543,0.30597060918807983,13.314709042992016,18.895610506974684
1525,1525,33,ramp,2,"[-0.46000000834465027, -0.3933333456516266, -0.3266666829586029, -0.2600000202655792]",-0.6764044165611267,-1.0891058444976807,0.04832294583320618,0.8005935549736023,1.5122697353363037,0.10818973928689957,18.895610506974684,24.379907053463846
1525,1525,33,ramp,3,"[-0.4399999976158142, -0.3733333349227905, -0.30666667222976685, -0.24000000953674316]",-0.6659072637557983,-1.1152522563934326,0.04443226009607315,0.8045852780342102,1.5285784006118774,0.028721008449792862,24.379907053463846,29.75421213059353
1550,1550,33,zero_hold,0,"[0.0, 0.0, 0.0, 0.0]",-0.25715702772140503,-0.15741270780563354,-0.15313783288002014,0.6325744986534119,0.7172936797142029,0.0,0.0,8.535633665527428
1550,1550,33,zero_hold,1,"[0.0, 0.0, 0.0, 0.0]",-0.31865552067756653,-0.0797869861125946,-0.1474342942237854,0.6302772760391235,0.7258743643760681,0.09922511875629425,8.535633665527428,12.364706880009685
1550,1550,33,zero_hold,2,"[0.0, 0.0, 0.0, 0.0]",0.0823671743273735,-0.10442724823951721,-0.1784326136112213,0.6642806529998779,0.7005686163902283,0.4044050872325897,12.364706880009685,15.771134994228506
1550,1550,33,zero_hold,3,"[0.0, 0.0, 0.0, 0.0]",0.27443021535873413,-0.17625848948955536,-0.21039308607578278,0.6936945915222168,0.7948939800262451,0.20960578322410583,15.771134994228506,18.793782810893628
1550,1550,33,target_ahead,0,"[0.0, 0.0, 0.0, 0.0]",0.8006737232208252,-0.7630276679992676,-0.2791246771812439,0.6725496053695679,1.3242065906524658,0.0,0.0,12.584499169120507
1550,1550,33,target_ahead,1,"[0.009999999776482582, 0.0, 0.0, 0.0]",0.689719557762146,-0.8925741910934448,-0.27203798294067383,0.7246519923210144,1.3680375814437866,0.1784881204366684,12.584499169120507,17.086758115066857
1550,1550,33,target_ahead,2,"[0.019999999552965164, 0.0, 0.0, 0.0]",0.253886878490448,-1.0570400953292847,-0.23705606162548065,0.7715028524398804,1.3539588451385498,0.4694868326187134,17.086758115066857,21.295541989366747
1550,1550,33,target_ahead,3,"[0.029999999329447746, 0.0, 0.0, 0.0]",0.15873625874519348,-1.0679205656051636,-0.20805609226226807,0.7791861891746521,1.34761643409729,0.10035963356494904,21.295541989366747,25.42947426883511
1550,1550,33,target_left,0,"[0.0, 0.0, 0.0, 0.0]",-0.281587153673172,-1.0664442777633667,0.0003850972279906273,0.5955842733383179,1.253521203994751,0.0,0.0,13.213458287195804
1550,1550,33,target_left,1,"[0.009999999776482582, 0.0, 0.0, 0.0]",-0.22461500763893127,-1.1712253093719482,-0.011452549137175083,0.6089382767677307,1.3390883207321167,0.12059581279754639,13.213458287195804,18.623447545093462
1550,1550,33,target_left,2,"[0.019999999552965164, 0.0, 0.0, 0.0]",-0.13628645241260529,-1.2137914896011353,-0.013622005470097065,0.6369222402572632,1.377577304840088,0.10198834538459778,18.623447545093462,24.139427327309654
1550,1550,33,target_left,3,"[0.029999999329447746, 0.0, 0.0, 0.0]",-0.13606612384319305,-1.216020107269287,-0.017015349119901657,0.6488236784934998,1.3850922584533691,0.012576736509799957,24.139427327309654,29.632237561145793
1550,1550,33,ramp,0,"[-0.5, -0.4333333373069763, -0.36666667461395264, -0.30000001192092896]",-0.7894595861434937,-0.7324508428573608,-0.029912535101175308,0.6343753337860107,1.2502230405807495,0.0,0.0,13.309438308757159
1550,1550,33,ramp,1,"[-0.47999998927116394, -0.41333332657814026, -0.3466666638851166, -0.2800000011920929]",-0.669278621673584,-0.989060640335083,0.0125625254586339,0.7798718214035034,1.4263705015182495,0.3213493525981903,13.309438308757159,18.862266373255153
1550,1550,33,ramp,2,"[-0.46000000834465027, -0.3933333456516266, -0.3266666829586029, -0.2600000202655792]",-0.6332369446754456,-1.0899749994277954,0.007963960990309715,0.8323577642440796,1.5106016397476196,0.11940950900316238,18.862266373255153,24.29797811949458
1550,1550,33,ramp,3,"[-0.4399999976158142, -0.3733333349227905, -0.30666667222976685, -0.24000000953674316]",-0.6229923367500305,-1.1185380220413208,0.004901410546153784,0.8373099565505981,1.5298230648040771,0.03089824691414833,24.29797811949458,29.613601519412068
1575,1575,33,zero_hold,0,"[0.0, 0.0, 0.0, 0.0]",-0.26648542284965515,-0.14890627562999725,-0.14799284934997559,0.6153243780136108,0.7026475071907043,0.0,0.0,8.517713156083472
1575,1575,33,zero_hold,1,"[0.0, 0.0, 0.0, 0.0]",-0.34012436866760254,-0.07386229932308197,-0.1356542408466339,0.6021245121955872,0.7085874676704407,0.10668069124221802,8.517713156083472,12.331870160791224
1575,1575,33,zero_hold,2,"[0.0, 0.0, 0.0, 0.0]",0.05874594300985336,-0.10713405907154083,-0.16512149572372437,0.6309305429458618,0.6635263562202454,0.40237128734588623,12.331870160791224,15.719140636218091
1575,1575,33,zero_hold,3,"[0.0, 0.0, 0.0, 0.0]",0.2744947671890259,-0.18486474454402924,-0.20359006524085999,0.660710871219635,0.7664920687675476,0.23442761600017548,15.719140636218091,18.72775083009082
1575,1575,33,target_ahead,0,"[0.0, 0.0, 0.0, 0.0]",0.8058211207389832,-0.7496004700660706,-0.2797054946422577,0.6606618165969849,1.313757061958313,0.0,0.0,12.523582840625615
1575,1575,33,target_ahead,1,"[0.009999999776482582, 0.0, 0.0, 0.0]",0.5871602296829224,-0.877398669719696,-0.2777595818042755,0.72831130027771,1.3123160600662231,0.2621549367904663,12.523582840625615,17.0297302569846
1575,1575,33,target_ahead,2,"[0.019999999552965164, 0.0, 0.0, 0.0]",0.22108972072601318,-1.0202380418777466,-0.24581104516983032,0.7728685140609741,1.3219361305236816,0.3967578113079071,17.0297302569846,21.225991430799482
1575,1575,33,target_ahead,3,"[0.029999999329447746, 0.0, 0.0, 0.0]",0.12856009602546692,-1.0187184810638428,-0.21693167090415955,0.7744385004043579,1.3042734861373901,0.0969562977552414,21.225991430799482,25.358796001886265
1575,1575,33,target_left,0,"[0.0, 0.0, 0.0, 0.0]",-0.31932932138442993,-1.085840106010437,-0.008756260387599468,0.5945314764976501,1.2785007953643799,0.0,0.0,13.212933677288293
1575,1575,33,target_left,1,"[0.009999999776482582, 0.0, 0.0, 0.0]",-0.2568896412849426,-1.1940767765045166,-0.023214176297187805,0.6036198139190674,1.3626105785369873,0.12611709535121918,13.212933677288293,18.6247178346294
1575,1575,33,target_left,2,"[0.019999999552965164, 0.0, 0.0, 0.0]",-0.1855257898569107,-1.235047459602356,-0.027813468128442764,0.629952073097229,1.3990622758865356,0.08652131259441376,18.6247178346294,24.15031272513013
1575,1575,33,target_left,3,"[0.029999999329447746, 0.0, 0.0, 0.0]",-0.1879350244998932,-1.2370150089263916,-0.030887607485055923,0.6416563987731934,1.406485915184021,0.012494687922298908,24.15031272513013,29.661835472941956
1575,1575,33,ramp,0,"[-0.5, -0.4333333373069763, -0.36666667461395264, -0.30000001192092896]",-0.8358734250068665,-0.7630115747451782,-0.03820592910051346,0.633161187171936,1.2973911762237549,0.0,0.0,13.32514888897605
1575,1575,33,ramp,1,"[-0.47999998927116394, -0.41333332657814026, -0.3466666638851166, -0.2800000011920929]",-0.7033728361129761,-1.0041249990463257,-0.0019550705328583717,0.7641951441764832,1.444644808769226,0.30688127875328064,13.32514888897605,18.868110893639702
1575,1575,33,ramp,2,"[-0.46000000834465027, -0.3933333456516266, -0.3266666829586029, -0.2600000202655792]",-0.6697761416435242,-1.0943005084991455,-0.010972236283123493,0.8121203780174255,1.5184707641601562,0.10788187384605408,18.868110893639702,24.286564108380677
1575,1575,33,ramp,3,"[-0.4399999976158142, -0.3733333349227905, -0.30666667222976685, -0.24000000953674316]",-0.6593886017799377,-1.1171729564666748,-0.01666756346821785,0.8146183490753174,1.5319104194641113,0.02587907388806343,24.286564108380677,29.590447184684837
1600,1600,33,zero_hold,0,"[0.0, 0.0, 0.0, 0.0]",-0.26993104815483093,-0.13545028865337372,-0.1508653461933136,0.6253243684768677,0.7106338739395142,0.0,0.0,8.492700606324686
1600,1600,33,zero_hold,1,"[0.0, 0.0, 0.0, 0.0]",-0.3818214535713196,-0.08158692717552185,-0.13404986262321472,0.6049875020980835,0.7324092388153076,0.12695303559303284,8.492700606324686,12.278900847422566
1600,1600,33,zero_hold,2,"[0.0, 0.0, 0.0, 0.0]",0.013657160103321075,-0.12667368352413177,-0.1572842001914978,0.6305559873580933,0.6622476577758789,0.3995369076728821,12.278900847422566,15.63496619498986
1600,1600,33,zero_hold,3,"[0.0, 0.0, 0.0, 0.0]",0.27496010065078735,-0.20675940811634064,-0.20127680897712708,0.6615957021713257,0.7723819017410278,0.27855297923088074,15.63496619498986,18.622248584100554
1600,1600,33,target_ahead,0,"[0.0, 0.0, 0.0, 0.0]",0.9271103143692017,-0.7227617502212524,-0.31634506583213806,0.6593602299690247,1.3844667673110962,0.0,0.0,12.495322805258464
1600,1600,33,target_ahead,1,"[0.009999999776482582, 0.0, 0.0, 0.0]",0.7875674962997437,-0.8581508994102478,-0.3314485251903534,0.714871346950531,1.406266212463379,0.2027609944343567,12.495322805258464,17.002823072465308
1600,1600,33,target_ahead,2,"[0.019999999552965164, 0.0, 0.0, 0.0]",0.23157919943332672,-1.0191898345947266,-0.2858660817146301,0.754761815071106,1.3205156326293945,0.5820013284683228,17.002823072465308,21.14966269638461
1600,1600,33,target_ahead,3,"[0.029999999329447746, 0.0, 0.0, 0.0]",0.16582851111888885,-1.0219429731369019,-0.2476119101047516,0.753652811050415,1.3042893409729004,0.07612715661525726,21.14966269638461,25.22128188161344
1600,1600,33,target_left,0,"[0.0, 0.0, 0.0, 0.0]",-0.2899675965309143,-1.0892443656921387,-0.021182233467698097,0.6054038405418396,1.2796472311019897,0.0,0.0,13.192057525469682
1600,1600,33,target_left,1,"[0.009999999776482582, 0.0, 0.0, 0.0]",-0.22780944406986237,-1.2122175693511963,-0.030852055177092552,0.6027314066886902,1.3731735944747925,0.13815459609031677,13.192057525469682,18.59414056847516
1600,1600,33,target_left,2,"[0.019999999552965164, 0.0, 0.0, 0.0]",-0.1596342772245407,-1.2542784214019775,-0.03601595386862755,0.6279096007347107,1.4121845960617065,0.08412832766771317,18.59414056847516,24.10214979339081
1600,1600,33,target_left,3,"[0.029999999329447746, 0.0, 0.0, 0.0]",-0.16237126290798187,-1.256688117980957,-0.03883920609951019,0.63851398229599,1.4194499254226685,0.011563796550035477,24.10214979339081,29.58659401600779
1600,1600,33,ramp,0,"[-0.5, -0.4333333373069763, -0.36666667461395264, -0.30000001192092896]",-0.8491427898406982,-0.739828884601593,-0.06080181896686554,0.6453158259391785,1.2994304895401,0.0,0.0,13.313266128757556
1600,1600,33,ramp,1,"[-0.47999998927116394, -0.41333332657814026, -0.3466666638851166, -0.2800000011920929]",-0.7161761522293091,-0.9915367364883423,-0.02069941535592079,0.7637757658958435,1.442163348197937,0.3109307587146759,13.313266128757556,18.845354425354603
1600,1600,33,ramp,2,"[-0.46000000834465027, -0.3933333456516266, -0.3266666829586029, -0.2600000202655792]",-0.6800816059112549,-1.094204068183899,-0.02529164031147957,0.808667778968811,1.5213075876235962,0.11781246960163116,18.845354425354603,24.280324085829886
1600,1600,33,ramp,3,"[-0.4399999976158142, -0.3733333349227905, -0.30666667222976685, -0.24000000953674316]",-0.6692556142807007,-1.1208422183990479,-0.0278280321508646,0.8080631494522095,1.5355556011199951,0.028871992602944374,24.280324085829886,29.59204739298535
1625,1625,33,zero_hold,0,"[0.0, 0.0, 0.0, 0.0]",-0.26827818155288696,-0.11289260536432266,-0.14533062279224396,0.61722731590271,0.6977165937423706,0.0,0.0,8.516043181559969
1625,1625,33,zero_hold,1,"[0.0, 0.0, 0.0, 0.0]",-0.4110557436943054,-0.041280150413513184,-0.12802372872829437,0.6065382957458496,0.744949460029602,0.16102036833763123,8.516043181559969,12.323714690953482
1625,1625,33,zero_hold,2,"[0.0, 0.0, 0.0, 0.0]",-0.03182928264141083,-0.07420115172863007,-0.15436874330043793,0.6370769739151001,0.6604662537574768,0.382783442735672,12.323714690953482,15.691023663714791
1625,1625,33,zero_hold,3,"[0.0, 0.0, 0.0, 0.0]",0.2176925241947174,-0.14201447367668152,-0.19891110062599182,0.6762677431106567,0.7513067722320557,0.2652917504310608,15.691023663714791,18.688083747113122
1625,1625,33,target_ahead,0,"[0.0, 0.0, 0.0, 0.0]",1.1960135698318481,-0.617820680141449,-0.3493759036064148,0.6507312059402466,1.5354691743850708,0.0,0.0,12.554581230236932
1625,1625,33,target_ahead,1,"[0.009999999776482582, 0.0, 0.0, 0.0]",1.1333941221237183,-0.755558431148529,-0.37609004974365234,0.7383078336715698,1.5943629741668701,0.17685076594352722,12.554581230236932,17.072468142333065
1625,1625,33,target_ahead,2,"[0.019999999552965164, 0.0, 0.0, 0.0]",0.36509233713150024,-0.9623429179191589,-0.3255762457847595,0.7793881893157959,1.3314812183380127,0.7983023524284363,17.072468142333065,21.158976927515745
1625,1625,33,target_ahead,3,"[0.029999999329447746, 0.0, 0.0, 0.0]",0.20795534551143646,-1.0071696043014526,-0.27975916862487793,0.7810041904449463,1.3213132619857788,0.1697153002023697,21.158976927515745,25.215140848912355
1625,1625,33,target_left,0,"[0.0, 0.0, 0.0, 0.0]",-0.2895464301109314,-1.0887224674224854,-0.003598832758143544,0.5719765424728394,1.2634570598602295,0.0,0.0,13.155270798316948
1625,1625,33,target_left,1,"[0.009999999776482582, 0.0, 0.0, 0.0]",-0.2236616462469101,-1.2159301042556763,-0.01754544861614704,0.5797889232635498,1.36564040184021,0.14414620399475098,13.155270798316948,18.541779382819783
1625,1625,33,target_left,2,"[0.019999999552965164, 0.0, 0.0, 0.0]",-0.14312493801116943,-1.2582509517669678,-0.022993119433522224,0.6092149019241333,1.4054720401763916,0.09577463567256927,18.541779382819783,24.012269242641434
1625,1625,33,target_left,3,"[0.029999999329447746, 0.0, 0.0, 0.0]",-0.1423974633216858,-1.2608728408813477,-0.02750629372894764,0.621597170829773,1.4132293462753296,0.013457073830068111,24.012269242641434,29.446611847308542
1625,1625,33,ramp,0,"[-0.5, -0.4333333373069763, -0.36666667461395264, -0.30000001192092896]",-0.8378422260284424,-0.7143857479095459,-0.04491566866636276,0.6226927042007446,1.2657370567321777,0.0,0.0,13.339963238821577
1625,1625,33,ramp,1,"[-0.47999998927116394, -0.41333332657814026, -0.3466666638851166, -0.2800000011920929]",-0.7133955955505371,-0.9745747447013855,-0.006759173236787319,0.7387155294418335,1.415795087814331,0.31321316957473755,13.339963238821577,18.841506670252805
1625,1625,33,ramp,2,"[-0.46000000834465027, -0.3933333456516266, -0.3266666829586029, -0.2600000202655792]",-0.6656875014305115,-1.0814813375473022,-0.014629337005317211,0.789434552192688,1.4953804016113281,0.1278258115053177,18.841506670252805,24.26225736378506
1625,1625,33,ramp,3,"[-0.4399999976158142, -0.3733333349227905, -0.30666667222976685, -0.24000000953674316]",-0.6530177593231201,-1.110546588897705,-0.019928868860006332,0.7905246019363403,1.5116454362869263,0.032164957374334335,24.26225736378506,29.574312329170542
1650,1650,33,zero_hold,0,"[0.0, 0.0, 0.0, 0.0]",-0.2746303677558899,-0.11226610094308853,-0.1674390733242035,0.6229231953620911,0.709996223449707,0.0,0.0,8.579900885057068
1650,1650,33,zero_hold,1,"[0.0, 0.0, 0.0, 0.0]",-0.41390538215637207,-0.04707222804427147,-0.1585821956396103,0.6006567478179932,0.7479774951934814,0.15563420951366425,8.579900885057068,12.420951263465009
1650,1650,33,zero_hold,2,"[0.0, 0.0, 0.0, 0.0]",-0.0239547211676836,-0.08270983397960663,-0.185311958193779,0.628121554851532,0.6605240106582642,0.39344677329063416,12.420951263465009,15.804207060034113
1650,1650,33,zero_hold,3,"[0.0, 0.0, 0.0, 0.0]",0.23287242650985718,-0.15056335926055908,-0.22882238030433655,0.6662258505821228,0.7570438981056213,0.27186280488967896,15.804207060034113,18.818682610834436
1650,1650,33,target_ahead,0,"[0.0, 0.0, 0.0, 0.0]",1.2120753526687622,-0.6178002953529358,-0.3852675259113312,0.6440311670303345,1.553708791732788,0.0,0.0,12.545010854655155
1650,1650,33,target_ahead,1,"[0.009999999776482582, 0.0, 0.0, 0.0]",1.101460337638855,-0.7752780318260193,-0.41040748357772827,0.7113189101219177,1.5775550603866577,0.20541317760944366,12.545010854655155,17.03770051288558
1650,1650,33,target_ahead,2,"[0.019999999552965164, 0.0, 0.0, 0.0]",0.3350568115711212,-0.9766185879707336,-0.3558252453804016,0.7487440705299377,1.324113368988037,0.7951681017875671,17.03770051288558,21.12927004714939
1650,1650,33,target_ahead,3,"[0.029999999329447746, 0.0, 0.0, 0.0]",0.1977507472038269,-1.0086983442306519,-0.3085247576236725,0.7473573088645935,1.307787537574768,0.14873239398002625,21.12927004714939,25.17404983598511
1650,1650,33,target_left,0,"[0.0, 0.0, 0.0, 0.0]",-0.3007732927799225,-1.0935041904449463,-0.03392242640256882,0.578416645526886,1.273551106452942,0.0,0.0,13.18895444700506
1650,1650,33,target_left,1,"[0.009999999776482582, 0.0, 0.0, 0.0]",-0.22444124519824982,-1.2182092666625977,-0.05055631697177887,0.5919007658958435,1.3737940788269043,0.14777159690856934,13.18895444700506,18.587536877893395
1650,1650,33,target_left,2,"[0.019999999552965164, 0.0, 0.0, 0.0]",-0.14609700441360474,-1.2618905305862427,-0.05862225592136383,0.6224246621131897,1.4158252477645874,0.09509279578924179,18.587536877893395,24.078792024917576
1650,1650,33,target_left,3,"[0.029999999329447746, 0.0, 0.0, 0.0]",-0.14367777109146118,-1.2643277645111084,-0.06452927738428116,0.6345698833465576,1.4233801364898682,0.013935282826423645,24.078792024917576,29.542216964123973
1650,1650,33,ramp,0,"[-0.5, -0.4333333373069763, -0.36666667461395264, -0.30000001192092896]",-0.8573964834213257,-0.6925390362739563,-0.06670993566513062,0.6329947113990784,1.272741675376892,0.0,0.0,13.340532709460952
1650,1650,33,ramp,1,"[-0.47999998927116394, -0.41333332657814026, -0.3466666638851166, -0.2800000011920929]",-0.7044314742088318,-0.948950469493866,-0.034967806190252304,0.7523451447486877,1.4014195203781128,0.3231055438518524,13.340532709460952,18.820073613196747
1650,1650,33,ramp,2,"[-0.46000000834465027, -0.3933333456516266, -0.3266666829586029, -0.2600000202655792]",-0.6552159786224365,-1.0609219074249268,-0.04457180202007294,0.8025336265563965,1.483546495437622,0.13255523145198822,18.820073613196747,24.23637655199116
1650,1650,33,ramp,3,"[-0.4399999976158142, -0.3733333349227905, -0.30666667222976685, -0.24000000953674316]",-0.6426427364349365,-1.0948750972747803,-0.05054536461830139,0.8067116141319275,1.5050181150436401,0.03693297505378723,24.23637655199116,29.544691526004264
1675,1675,33,zero_hold,0,"[0.0, 0.0, 0.0, 0.0]",-0.253639817237854,-0.09804456681013107,-0.1673385351896286,0.6203251481056213,0.6976757049560547,0.0,0.0,8.557319016799621
1675,1675,33,zero_hold,1,"[0.0, 0.0, 0.0, 0.0]",-0.4045621156692505,-0.037368129938840866,-0.16717727482318878,0.6127941608428955,0.7540104985237122,0.16283707320690155,8.557319016799621,12.381860722535533
1675,1675,33,zero_hold,2,"[0.0, 0.0, 0.0, 0.0]",-0.03950970247387886,-0.06815644353628159,-0.1967647671699524,0.6505318880081177,0.6841888427734375,0.36947357654571533,12.381860722535533,15.750678591602174
1675,1675,33,zero_hold,3,"[0.0, 0.0, 0.0, 0.0]",0.2122633457183838,-0.13685473799705505,-0.23881295323371887,0.694307267665863,0.7764529585838318,0.26794302463531494,15.750678591602174,18.75692677106192
1675,1675,33,target_ahead,0,"[0.0, 0.0, 0.0, 0.0]",1.2408868074417114,-0.593690037727356,-0.39465945959091187,0.6881965398788452,1.587966799736023,0.0,0.0,12.53595264583345
1675,1675,33,target_ahead,1,"[0.009999999776482582, 0.0, 0.0, 0.0]",1.028007984161377,-0.7883250713348389,-0.4332638084888458,0.7582146525382996,1.562326431274414,0.29932093620300293,12.53595264583345,17.073538575452204
1675,1675,33,target_ahead,2,"[0.019999999552965164, 0.0, 0.0, 0.0]",0.2906310558319092,-0.9908618927001953,-0.3899678885936737,0.7857547402381897,1.354901909828186,0.7664064764976501,17.073538575452204,21.21114838455981
1675,1675,33,target_ahead,3,"[0.029999999329447746, 0.0, 0.0, 0.0]",0.15564729273319244,-1.0390467643737793,-0.35113096237182617,0.7862678170204163,1.3584381341934204,0.14849568903446198,21.21114838455981,25.293777353006856
1675,1675,33,target_left,0,"[0.0, 0.0, 0.0, 0.0]",-0.23719963431358337,-1.125778079032898,-0.0471031628549099,0.5785818696022034,1.2886487245559692,0.0,0.0,13.194630804416132
1675,1675,33,target_left,1,"[0.009999999776482582, 0.0, 0.0, 0.0]",-0.1700870245695114,-1.256669521331787,-0.07363034784793854,0.5989587306976318,1.4043934345245361,0.15084952116012573,13.194630804416132,18.623613750673154
1675,1675,33,target_left,2,"[0.019999999552965164, 0.0, 0.0, 0.0]",-0.1004706546664238,-1.296585202217102,-0.085126593708992,0.634387195110321,1.4494554996490479,0.08847055584192276,18.623613750673154,24.14869188098066
1675,1675,33,target_left,3,"[0.029999999329447746, 0.0, 0.0, 0.0]",-0.10469603538513184,-1.2992807626724243,-0.09198594093322754,0.6477371454238892,1.4584637880325317,0.015823770314455032,24.14869188098066,29.644324738004702
1675,1675,33,ramp,0,"[-0.5, -0.4333333373069763, -0.36666667461395264, -0.30000001192092896]",-0.8992008566856384,-0.6789160966873169,-0.07919932156801224,0.6353899836540222,1.2959483861923218,0.0,0.0,13.337649492195919
1675,1675,33,ramp,1,"[-0.47999998927116394, -0.41333332657814026, -0.3466666638851166, -0.2800000011920929]",-0.731993556022644,-0.9285435080528259,-0.050547439604997635,0.7570346593856812,1.4048715829849243,0.3254081904888153,13.337649492195919,18.82471732814838
1675,1675,33,ramp,2,"[-0.46000000834465027, -0.3933333456516266, -0.3266666829586029, -0.2600000202655792]",-0.6777909398078918,-1.0407862663269043,-0.059395283460617065,0.8071095943450928,1.4824272394180298,0.13461850583553314,18.82471732814838,24.248632527347578
1675,1675,33,ramp,3,"[-0.4399999976158142, -0.3733333349227905, -0.30666667222976685, -0.24000000953674316]",-0.6646158695220947,-1.0764578580856323,-0.06234554201364517,0.8102064728736877,1.5035947561264038,0.03826668858528137,24.248632527347578,29.5697582088389
1700,1700,33,zero_hold,0,"[0.0, 0.0, 0.0, 0.0]",-0.25867190957069397,-0.10414417833089828,-0.16567648947238922,0.615632176399231,0.6958511471748352,0.0,0.0,8.550711128145661
1700,1700,33,zero_hold,1,"[0.0, 0.0, 0.0, 0.0]",-0.4275321960449219,-0.05447981506586075,-0.16906426846981049,0.6018311977386475,0.7592992186546326,0.17658507823944092,8.550711128145661,12.376837302565727
1700,1700,33,zero_hold,2,"[0.0, 0.0, 0.0, 0.0]",-0.07217638939619064,-0.0817573294043541,-0.1978081613779068,0.6325157880783081,0.6716382503509521,0.3588726222515106,12.376837302565727,15.7536040888477
1700,1700,33,zero_hold,3,"[0.0, 0.0, 0.0, 0.0]",0.17975567281246185,-0.14807698130607605,-0.23755000531673431,0.6730910539627075,0.7508131861686707,0.2666342556476593,15.7536040888477,18.77094935794
1700,1700,33,target_ahead,0,"[0.0, 0.0, 0.0, 0.0]",1.2336915731430054,-0.5869295597076416,-0.3945081830024719,0.6752306818962097,1.5741838216781616,0.0,0.0,12.565208531762208
1700,1700,33,target_ahead,1,"[0.009999999776482582, 0.0, 0.0, 0.0]",1.057545781135559,-0.7906902432441711,-0.43177396059036255,0.7519562840461731,1.5797028541564941,0.2825266420841217,12.565208531762208,17.116785040955268
1700,1700,33,target_ahead,2,"[0.019999999552965164, 0.0, 0.0, 0.0]",0.2956985831260681,-0.9891543388366699,-0.369168758392334,0.7825765609741211,1.3470618724822998,0.790351927280426,17.116785040955268,21.25415731866255
1700,1700,33,target_ahead,3,"[0.029999999329447746, 0.0, 0.0, 0.0]",0.1128457635641098,-1.0278376340866089,-0.32131150364875793,0.7756835222244263,1.3319573402404785,0.19305279850959778,21.25415731866255,25.307244686651686
1700,1700,33,target_left,0,"[0.0, 0.0, 0.0, 0.0]",-0.24387967586517334,-1.119808554649353,-0.021677080541849136,0.5528714656829834,1.2726292610168457,0.0,0.0,13.193812061004044
1700,1700,33,target_left,1,"[0.009999999776482582, 0.0, 0.0, 0.0]",-0.1783244013786316,-1.2505935430526733,-0.049635134637355804,0.5805811882019043,1.3911584615707397,0.15149815380573273,13.193812061004044,18.63116801795133
1700,1700,33,target_left,2,"[0.019999999552965164, 0.0, 0.0, 0.0]",-0.11086879670619965,-1.2873457670211792,-0.06205960735678673,0.615667998790741,1.4326372146606445,0.08536062389612198,18.63116801795133,24.164008021773686
1700,1700,33,target_left,3,"[0.029999999329447746, 0.0, 0.0, 0.0]",-0.11818283796310425,-1.2909235954284668,-0.06975672394037247,0.6287841796875,1.4424585103988647,0.017250386998057365,24.164008021773686,29.66625629378564
1700,1700,33,ramp,0,"[-0.5, -0.4333333373069763, -0.36666667461395264, -0.30000001192092896]",-0.8879972696304321,-0.6646148562431335,-0.055541977286338806,0.6100757122039795,1.2670948505401611,0.0,0.0,13.305631754712008
1700,1700,33,ramp,1,"[-0.47999998927116394, -0.41333332657814026, -0.3466666638851166, -0.2800000011920929]",-0.7454104423522949,-0.8907635807991028,-0.03063015639781952,0.7255420684814453,1.369834303855896,0.29227951169013977,13.305631754712008,18.761119992156004
1700,1700,33,ramp,2,"[-0.46000000834465027, -0.3933333456516266, -0.3266666829586029, -0.2600000202655792]",-0.6903737187385559,-1.0088802576065063,-0.0392717570066452,0.7818747758865356,1.4516631364822388,0.1422274261713028,18.761119992156004,24.166523987097694
1700,1700,33,ramp,3,"[-0.4399999976158142, -0.3733333349227905, -0.30666667222976685, -0.24000000953674316]",-0.6704548001289368,-1.0496031045913696,-0.04215676710009575,0.7897160649299622,1.4753321409225464,0.046096883714199066,24.166523987097694,29.47017042426348
1725,1725,33,zero_hold,0,"[0.0, 0.0, 0.0, 0.0]",-0.23928344249725342,-0.06250064820051193,-0.16881047189235687,0.601193904876709,0.6716352701187134,0.0,0.0,8.519535994711049
1725,1725,33,zero_hold,1,"[0.0, 0.0, 0.0, 0.0]",-0.3905837833881378,0.011777679435908794,-0.18030701577663422,0.5765662789344788,0.7194676399230957,0.17072713375091553,8.519535994711049,12.316406526119891
1725,1725,33,zero_hold,2,"[0.0, 0.0, 0.0, 0.0]",-0.014259058982133865,-0.023369047790765762,-0.21945150196552277,0.608659565448761,0.6475915908813477,0.38133692741394043,12.316406526119891,15.657737302866177
1725,1725,33,zero_hold,3,"[0.0, 0.0, 0.0, 0.0]",0.1823919117450714,-0.10985032469034195,-0.2620948851108551,0.6446999907493591,0.727781355381012,0.22196391224861145,15.657737302866177,18.645167803006863
1725,1725,33,target_ahead,0,"[0.0, 0.0, 0.0, 0.0]",1.3404620885849,-0.5162032246589661,-0.39933234453201294,0.6474497318267822,1.6254112720489502,0.0,0.0,12.554971314043629
1725,1725,33,target_ahead,1,"[0.009999999776482582, 0.0, 0.0, 0.0]",1.1401678323745728,-0.7561982870101929,-0.44274526834487915,0.7271129488945007,1.6113767623901367,0.3254939913749695,12.554971314043629,17.122116894556555
1725,1725,33,target_ahead,2,"[0.019999999552965164, 0.0, 0.0, 0.0]",0.4286818206310272,-0.9370373487472534,-0.3731863498687744,0.7688912749290466,1.3387565612792969,0.7385789752006531,17.122116894556555,21.241343749957416
1725,1725,33,target_ahead,3,"[0.029999999329447746, 0.0, 0.0, 0.0]",0.13840064406394958,-0.979077935218811,-0.3116978108882904,0.7635148763656616,1.2875787019729614,0.2997337281703949,21.241343749957416,25.323381214514516
1725,1725,33,target_left,0,"[0.0, 0.0, 0.0, 0.0]",-0.24542871117591858,-1.092017412185669,-0.006221429444849491,0.5530174374580383,1.2484407424926758,0.0,0.0,13.171383078751328
1725,1725,33,target_left,1,"[0.009999999776482582, 0.0, 0.0, 0.0]",-0.18062973022460938,-1.2127742767333984,-0.03618317469954491,0.5828626751899719,1.3581187725067139,0.1434209644794464,13.171383078751328,18.597758549047246
1725,1725,33,target_left,2,"[0.019999999552965164, 0.0, 0.0, 0.0]",-0.10887610167264938,-1.2486915588378906,-0.04831396043300629,0.6205026507377625,1.3994436264038086,0.08945702016353607,18.597758549047246,24.12224384728163
1725,1725,33,target_left,3,"[0.029999999329447746, 0.0, 0.0, 0.0]",-0.11609823256731033,-1.250732421875,-0.05594196170568466,0.6343072056770325,1.4082916975021362,0.017466437071561813,24.12224384728163,29.603107250789527
1725,1725,33,ramp,0,"[-0.5, -0.4333333373069763, -0.36666667461395264, -0.30000001192092896]",-0.907439649105072,-0.6584365367889404,-0.054042402654886246,0.6224746704101562,1.2835032939910889,0.0,0.0,13.318957522563192
1725,1725,33,ramp,1,"[-0.47999998927116394, -0.41333332657814026, -0.3466666638851166, -0.2800000011920929]",-0.7636493444442749,-0.8813928365707397,-0.028857428580522537,0.7375230193138123,1.3801400661468506,0.29026809334754944,13.318957522563192,18.80522978848034
1725,1725,33,ramp,2,"[-0.46000000834465027, -0.3933333456516266, -0.3266666829586029, -0.2600000202655792]",-0.7046102285385132,-0.9924264550209045,-0.03794879466295242,0.7968941330909729,1.4552891254425049,0.13936161994934082,18.80522978848034,24.242009553853205
1725,1725,33,ramp,3,"[-0.4399999976158142, -0.3733333349227905, -0.30666667222976685, -0.24000000953674316]",-0.6835732460021973,-1.0311567783355713,-0.041093166917562485,0.8052809834480286,1.47672700881958,0.04497575759887695,24.242009553853205,29.554765709663336
1750,1750,33,zero_hold,0,"[0.0, 0.0, 0.0, 0.0]",-0.20204854011535645,-0.09879039227962494,-0.1860729604959488,0.6217857003211975,0.6868942975997925,0.0,0.0,8.515467824274046
1750,1750,33,zero_hold,1,"[0.0, 0.0, 0.0, 0.0]",-0.35838305950164795,-0.04016155004501343,-0.19348250329494476,0.602783739566803,0.7285842895507812,0.16820761561393738,8.515467824274046,12.319079615248395
1750,1750,33,zero_hold,2,"[0.0, 0.0, 0.0, 0.0]",-0.00048381462693214417,-0.07962578535079956,-0.22903220355510712,0.631511390209198,0.6764635443687439,0.36295777559280396,12.319079615248395,15.69396761652204
1750,1750,33,zero_hold,3,"[0.0, 0.0, 0.0, 0.0]",0.17074042558670044,-0.17003418505191803,-0.269249826669693,0.6678619384765625,0.7593411207199097,0.20107270777225494,15.69396761652204,18.728981317588833
1750,1750,33,target_ahead,0,"[0.0, 0.0, 0.0, 0.0]",1.3901227712631226,-0.5630412101745605,-0.4180811047554016,0.656618595123291,1.6897917985916138,0.0,0.0,12.588886949414883
1750,1750,33,target_ahead,1,"[0.009999999776482582, 0.0, 0.0, 0.0]",1.1955358982086182,-0.7891160845756531,-0.45907288789749146,0.746937096118927,1.6794860363006592,0.3143432140350342,12.588886949414883,17.173933157385495
1750,1750,33,target_ahead,2,"[0.019999999552965164, 0.0, 0.0, 0.0]",0.5556706190109253,-0.954464852809906,-0.39543041586875916,0.796680748462677,1.41804039478302,0.6658022403717041,17.173933157385495,21.292098239919827
1750,1750,33,target_ahead,3,"[0.029999999329447746, 0.0, 0.0, 0.0]",0.19191887974739075,-1.0120917558670044,-0.32754117250442505,0.7882946729660034,1.3378543853759766,0.3745870590209961,21.292098239919827,25.399855918842757
1750,1750,33,target_left,0,"[0.0, 0.0, 0.0, 0.0]",-0.2225746512413025,-1.1092581748962402,-0.016369758173823357,0.586837887763977,1.274613618850708,0.0,0.0,13.168758394224264
1750,1750,33,target_left,1,"[0.009999999776482582, 0.0, 0.0, 0.0]",-0.17595013976097107,-1.2170947790145874,-0.034967612475156784,0.5965253114700317,1.367239236831665,0.11934112757444382,13.168758394224264,18.596640511783452
1750,1750,33,target_left,2,"[0.019999999552965164, 0.0, 0.0, 0.0]",-0.10142699629068375,-1.252166509628296,-0.042676448822021484,0.6321792006492615,1.4070110321044922,0.09007969498634338,18.596640511783452,24.112749246821576
1750,1750,33,target_left,3,"[0.029999999329447746, 0.0, 0.0, 0.0]",-0.10393717139959335,-1.2522246837615967,-0.04919539391994476,0.6453139781951904,1.4134072065353394,0.01487694215029478,24.112749246821576,29.576695357288482
1750,1750,33,ramp,0,"[-0.5, -0.4333333373069763, -0.36666667461395264, -0.30000001192092896]",-0.8973411917686462,-0.7015656232833862,-0.07646387070417404,0.658194899559021,1.3177566528320312,0.0,0.0,13.332973219831725
1750,1750,33,ramp,1,"[-0.47999998927116394, -0.41333332657814026, -0.3466666638851166, -0.2800000011920929]",-0.7354031205177307,-0.9127539992332458,-0.03134199231863022,0.7602146863937378,1.3974428176879883,0.2885628044605255,13.332973219831725,18.867257766526734
1750,1750,33,ramp,2,"[-0.46000000834465027, -0.3933333456516266, -0.3266666829586029, -0.2600000202655792]",-0.686089813709259,-1.0115656852722168,-0.039630189538002014,0.8207314014434814,1.472805142402649,0.12620031833648682,18.867257766526734,24.3488437252353
1750,1750,33,ramp,3,"[-0.4399999976158142, -0.3733333349227905, -0.30666667222976685, -0.24000000953674316]",-0.6689209938049316,-1.0417077541351318,-0.042318135499954224,0.8294345736503601,1.4907591342926025,0.03586478531360626,24.3488437252353,29.693927859755963
1775,1775,33,zero_hold,0,"[0.0, 0.0, 0.0, 0.0]",-0.21834716200828552,-0.07380280643701553,-0.1963382512331009,0.6305767893791199,0.6994984745979309,0.0,0.0,8.518999420389651
1775,1775,33,zero_hold,1,"[0.0, 0.0, 0.0, 0.0]",-0.37026259303092957,0.0008132853545248508,-0.20903104543685913,0.620363712310791,0.7520905137062073,0.17003315687179565,8.518999420389651,12.33470788044641
1775,1775,33,zero_hold,2,"[0.0, 0.0, 0.0, 0.0]",0.015860335901379585,-0.03040706180036068,-0.24072054028511047,0.6524572968482971,0.6962923407554626,0.3899998366832733,12.33470788044641,15.713881486772765
1775,1775,33,zero_hold,3,"[0.0, 0.0, 0.0, 0.0]",0.20590007305145264,-0.1239810362458229,-0.2797755002975464,0.6864402890205383,0.7792565226554871,0.2180626541376114,15.713881486772765,18.73332278915739
1775,1775,33,target_ahead,0,"[0.0, 0.0, 0.0, 0.0]",1.3773807287216187,-0.5256246328353882,-0.4336487948894501,0.6751212477684021,1.678481101989746,0.0,0.0,12.506006694507874
1775,1775,33,target_ahead,1,"[0.009999999776482582, 0.0, 0.0, 0.0]",1.1354955434799194,-0.7491497993469238,-0.4729529917240143,0.7507018446922302,1.6241346597671509,0.34018993377685547,12.506006694507874,17.078399509285944
1775,1775,33,target_ahead,2,"[0.019999999552965164, 0.0, 0.0, 0.0]",0.4600326716899872,-0.9100911617279053,-0.4020080268383026,0.7873867154121399,1.349623680114746,0.6989500522613525,17.078399509285944,21.202861719499207
1775,1775,33,target_ahead,3,"[0.029999999329447746, 0.0, 0.0, 0.0]",0.18913228809833527,-0.9288744926452637,-0.33092251420021057,0.7794461846351624,1.2710723876953125,0.28081315755844116,21.202861719499207,25.315202291624132
1775,1775,33,target_left,0,"[0.0, 0.0, 0.0, 0.0]",-0.19476673007011414,-1.1044648885726929,-0.03722594305872917,0.5763515830039978,1.2614847421646118,0.0,0.0,13.187881517771787
1775,1775,33,target_left,1,"[0.009999999776482582, 0.0, 0.0, 0.0]",-0.17278344929218292,-1.2229641675949097,-0.0580514557659626,0.5791153311729431,1.3653717041015625,0.12233839929103851,13.187881517771787,18.629928760096796
1775,1775,33,target_left,2,"[0.019999999552965164, 0.0, 0.0, 0.0]",-0.09807153791189194,-1.2578688859939575,-0.06752641499042511,0.6165271401405334,1.4058867692947388,0.09104739129543304,18.629928760096796,24.16192077215063
1775,1775,33,target_left,3,"[0.029999999329447746, 0.0, 0.0, 0.0]",-0.1080312430858612,-1.257227897644043,-0.07531077414751053,0.631648600101471,1.4131327867507935,0.019719569012522697,24.16192077215063,29.643497602532253
1775,1775,33,ramp,0,"[-0.5, -0.4333333373069763, -0.36666667461395264, -0.30000001192092896]",-0.8855108618736267,-0.654103696346283,-0.10875220596790314,0.6742915511131287,1.295560598373413,0.0,0.0,13.339920333788793
1775,1775,33,ramp,1,"[-0.47999998927116394, -0.41333332657814026, -0.3466666638851166, -0.2800000011920929]",-0.6932636499404907,-0.8849374055862427,-0.06515172868967056,0.7682810425758362,1.3631688356399536,0.31777068972587585,13.339920333788793,18.871036880742427
1775,1775,33,ramp,2,"[-0.46000000834465027, -0.3933333456516266, -0.3266666829586029, -0.2600000202655792]",-0.6466941833496094,-0.9740530252456665,-0.07828731834888458,0.82679283618927,1.4341226816177368,0.11707468330860138,18.871036880742427,24.379208344141865
1775,1775,33,ramp,3,"[-0.4399999976158142, -0.3733333349227905, -0.30666667222976685, -0.24000000953674316]",-0.6325106024742126,-1.0010786056518555,-0.08342628926038742,0.8344456553459167,1.4510297775268555,0.031883079558610916,24.379208344141865,29.74654674677438
1800,1800,33,zero_hold,0,"[0.0, 0.0, 0.0, 0.0]",-0.20780479907989502,-0.07136716693639755,-0.21662279963493347,0.6072946786880493,0.6811816096305847,0.0,0.0,8.473664542297124
1800,1800,33,zero_hold,1,"[0.0, 0.0, 0.0, 0.0]",-0.36569321155548096,-0.004546166863292456,-0.23903554677963257,0.6000906229019165,0.7422930002212524,0.17305497825145721,8.473664542297124,12.268235726521233
1800,1800,33,zero_hold,2,"[0.0, 0.0, 0.0, 0.0]",0.014452323317527771,-0.042114630341529846,-0.27157098054885864,0.6375197768211365,0.6943808794021606,0.3852032423019409,12.268235726521233,15.628937863436436
1800,1800,33,zero_hold,3,"[0.0, 0.0, 0.0, 0.0]",0.20219306647777557,-0.13826774060726166,-0.311069518327713,0.6703986525535583,0.7785875797271729,0.21710173785686493,15.628937863436436,18.626145419153953
1800,1800,33,target_ahead,0,"[0.0, 0.0, 0.0, 0.0]",1.36849844455719,-0.5244902968406677,-0.4590049088001251,0.6755369901657104,1.6777704954147339,0.0,0.0,12.51587989072487
1800,1800,33,target_ahead,1,"[0.009999999776482582, 0.0, 0.0, 0.0]",1.1322931051254272,-0.7705750465393066,-0.4825446903705597,0.7362101078033447,1.6281057596206665,0.3472549617290497,12.51587989072487,17.07798458966024
1800,1800,33,target_ahead,2,"[0.019999999552965164, 0.0, 0.0, 0.0]",0.5731703042984009,-0.912976861000061,-0.4125586450099945,0.7715542912483215,1.3883628845214844,0.5822747349739075,17.07798458966024,21.189886875975166
1800,1800,33,target_ahead,3,"[0.029999999329447746, 0.0, 0.0, 0.0]",0.20666657388210297,-0.9530091285705566,-0.3395858108997345,0.7636746764183044,1.284311056137085,0.375918447971344,21.189886875975166,25.30607261314415
1800,1800,33,target_left,0,"[0.0, 0.0, 0.0, 0.0]",-0.24858860671520233,-1.1019176244735718,-0.05610884726047516,0.5376341938972473,1.2522848844528198,0.0,0.0,13.167221263055918
1800,1800,33,target_left,1,"[0.009999999776482582, 0.0, 0.0, 0.0]",-0.22487811744213104,-1.2183811664581299,-0.07166920602321625,0.5339912176132202,1.3510388135910034,0.1199222207069397,13.167221263055918,18.591389139783924
1800,1800,33,target_left,2,"[0.019999999552965164, 0.0, 0.0, 0.0]",-0.1437041461467743,-1.2539453506469727,-0.08179032802581787,0.5707923769950867,1.3876323699951172,0.09649241715669632,18.591389139783924,24.09804168007771
1800,1800,33,target_left,3,"[0.029999999329447746, 0.0, 0.0, 0.0]",-0.1524817943572998,-1.2542022466659546,-0.09037873148918152,0.586104154586792,1.3956935405731201,0.01962967962026596,24.09804168007771,29.551710073397995
1800,1800,33,ramp,0,"[-0.5, -0.4333333373069763, -0.36666667461395264, -0.30000001192092896]",-0.9216999411582947,-0.6893428564071655,-0.15321815013885498,0.6619852781295776,1.3365719318389893,0.0,0.0,13.3556327328319
1800,1800,33,ramp,1,"[-0.47999998927116394, -0.41333332657814026, -0.3466666638851166, -0.2800000011920929]",-0.7012903690338135,-0.9155314564704895,-0.10994276404380798,0.7561078071594238,1.3833988904953003,0.33237549662590027,13.3556327328319,18.933186507598442
1800,1800,33,ramp,2,"[-0.46000000834465027, -0.3933333456516266, -0.3266666829586029, -0.2600000202655792]",-0.6690137982368469,-0.9993098974227905,-0.12707921862602234,0.8143211007118225,1.4578983783721924,0.10836535692214966,18.933186507598442,24.47015414623764
1800,1800,33,ramp,3,"[-0.4399999976158142, -0.3733333349227905, -0.30666667222976685, -0.24000000953674316]",-0.6548435688018799,-1.0234851837158203,-0.13061277568340302,0.8178956508636475,1.4704947471618652,0.02846933901309967,24.47015414623764,29.857222023957576
1825,1825,33,zero_hold,0,"[0.0, 0.0, 0.0, 0.0]",-0.22952653467655182,-0.06828811764717102,-0.20047752559185028,0.6006667613983154,0.6770062446594238,0.0,0.0,8.453896756680717
1825,1825,33,zero_hold,1,"[0.0, 0.0, 0.0, 0.0]",-0.4029778838157654,-0.0008623232133686543,-0.22526445984840393,0.5980523228645325,0.7555148005485535,0.18775738775730133,8.453896756680717,12.225821116248845
1825,1825,33,zero_hold,2,"[0.0, 0.0, 0.0, 0.0]",-0.04519785940647125,-0.04560559242963791,-0.25937265157699585,0.6326958537101746,0.6868048906326294,0.36382973194122314,12.225821116248845,15.56405079622
1825,1825,33,zero_hold,3,"[0.0, 0.0, 0.0, 0.0]",0.13150900602340698,-0.14164131879806519,-0.2980944514274597,0.6576202511787415,0.747450053691864,0.20632202923297882,15.56405079622,18.56197110541621
1825,1825,33,target_ahead,0,"[0.0, 0.0, 0.0, 0.0]",1.2615089416503906,-0.5585914850234985,-0.4550325274467468,0.6473903656005859,1.5904710292816162,0.0,0.0,12.471326153262952
1825,1825,33,target_ahead,1,"[0.009999999776482582, 0.0, 0.0, 0.0]",0.9693823456764221,-0.8027310967445374,-0.49010565876960754,0.7165247797966003,1.5289509296417236,0.3885251581668854,12.471326153262952,17.08495599019914
1825,1825,33,target_ahead,2,"[0.019999999552965164, 0.0, 0.0, 0.0]",0.4177950322628021,-0.9438513517379761,-0.4080462157726288,0.7504070997238159,1.339783787727356,0.5762336850166321,17.08495599019914,21.154805782284175
1825,1825,33,target_ahead,3,"[0.029999999329447746, 0.0, 0.0, 0.0]",0.1439332813024521,-0.9836080074310303,-0.34116896986961365,0.751652717590332,1.2921221256256104,0.28470155596733093,21.154805782284175,25.222512331375366
1825,1825,33,target_left,0,"[0.0, 0.0, 0.0, 0.0]",-0.25320443511009216,-1.1320832967758179,-0.04248308390378952,0.5049923062324524,1.2659175395965576,0.0,0.0,13.162755282941788
1825,1825,33,target_left,1,"[0.009999999776482582, 0.0, 0.0, 0.0]",-0.23139788210391998,-1.2496275901794434,-0.05657070502638817,0.5147112011909485,1.3723126649856567,0.12076880782842636,13.162755282941788,18.60188950752831
1825,1825,33,target_left,2,"[0.019999999552965164, 0.0, 0.0, 0.0]",-0.16164033114910126,-1.2845820188522339,-0.06679023802280426,0.55293208360672,1.4094231128692627,0.08748258650302887,18.60188950752831,24.137793089331765
1825,1825,33,target_left,3,"[0.029999999329447746, 0.0, 0.0, 0.0]",-0.1724119335412979,-1.284598708152771,-0.07537845522165298,0.5693139433860779,1.4176459312438965,0.02140445075929165,24.137793089331765,29.622211342725766
1825,1825,33,ramp,0,"[-0.5, -0.4333333373069763, -0.36666667461395264, -0.30000001192092896]",-0.8946175575256348,-0.6939082741737366,-0.13530629873275757,0.6678887605667114,1.32145094871521,0.0,0.0,13.355943945379769
1825,1825,33,ramp,1,"[-0.47999998927116394, -0.41333332657814026, -0.3466666638851166, -0.2800000011920929]",-0.6980575919151306,-0.9316632747650146,-0.0906834602355957,0.7559667825698853,1.391039252281189,0.323901504278183,13.355943945379769,18.955573155943828
1825,1825,33,ramp,2,"[-0.46000000834465027, -0.3933333456516266, -0.3266666829586029, -0.2600000202655792]",-0.6671209335327148,-1.0252432823181152,-0.10697361081838608,0.8173317313194275,1.4750080108642578,0.11724044382572174,18.955573155943828,24.531737722432194
1825,1825,33,ramp,3,"[-0.4399999976158142, -0.3733333349227905, -0.30666667222976685, -0.24000000953674316]",-0.6533249616622925,-1.0518219470977783,-0.110735222697258,0.8216060996055603,1.4901213645935059,0.03048235923051834,24.531737722432194,29.967662188062675
1850,1850,33,zero_hold,0,"[0.0, 0.0, 0.0, 0.0]",-0.26603955030441284,-0.06530369073152542,-0.19004492461681366,0.5917656421661377,0.6792240142822266,0.0,0.0,8.439581669764955
1850,1850,33,zero_hold,1,"[0.0, 0.0, 0.0, 0.0]",-0.44215214252471924,-0.0056616743095219135,-0.20778430998325348,0.5848997235298157,0.7621105909347534,0.18690811097621918,8.439581669764955,12.20175011302825
1850,1850,33,zero_hold,2,"[0.0, 0.0, 0.0, 0.0]",-0.04305224493145943,-0.04791712015867233,-0.23960886895656586,0.6192579865455627,0.6671149730682373,0.40405386686325073,12.20175011302825,15.5101373254077
1850,1850,33,zero_hold,3,"[0.0, 0.0, 0.0, 0.0]",0.1702595353126526,-0.14369314908981323,-0.2815403640270233,0.643059253692627,0.7364959120750427,0.23874612152576447,15.5101373254077,18.474818135187636
1850,1850,33,target_ahead,0,"[0.0, 0.0, 0.0, 0.0]",1.2571049928665161,-0.5739613175392151,-0.4502529203891754,0.6551165580749512,1.5942553281784058,0.0,0.0,12.467676688448401
1850,1850,33,target_ahead,1,"[0.009999999776482582, 0.0, 0.0, 0.0]",0.975490391254425,-0.8069888353347778,-0.4826575219631195,0.7093713283538818,1.529371976852417,0.3709477484226227,12.467676688448401,17.06585803261993
1850,1850,33,target_ahead,2,"[0.019999999552965164, 0.0, 0.0, 0.0]",0.4450458586215973,-0.9505385160446167,-0.4042088985443115,0.7459361553192139,1.3495906591415405,0.5562994480133057,17.06585803261993,21.159803421671594
1850,1850,33,target_ahead,3,"[0.029999999329447746, 0.0, 0.0, 0.0]",0.13493451476097107,-1.0043528079986572,-0.3373280167579651,0.7472817897796631,1.3035153150558472,0.3217761516571045,21.159803421671594,25.255864090962284
1850,1850,33,target_left,0,"[0.0, 0.0, 0.0, 0.0]",-0.31709691882133484,-1.1381093263626099,-0.054224707186222076,0.5129568576812744,1.2891502380371094,0.0,0.0,13.154727853814602
1850,1850,33,target_left,1,"[0.009999999776482582, 0.0, 0.0, 0.0]",-0.27586132287979126,-1.25126051902771,-0.06883499771356583,0.5149261951446533,1.3826205730438232,0.12132973968982697,13.154727853814602,18.572309817310135
1850,1850,33,target_left,2,"[0.019999999552965164, 0.0, 0.0, 0.0]",-0.20401796698570251,-1.287380576133728,-0.07855648547410965,0.5545585751533508,1.4186890125274658,0.09017404913902283,18.572309817310135,24.0851434938504
1850,1850,33,target_left,3,"[0.029999999329447746, 0.0, 0.0, 0.0]",-0.2118334174156189,-1.287729263305664,-0.08675134927034378,0.5719645619392395,1.4275115728378296,0.020768413320183754,24.0851434938504,29.548893692217355
1850,1850,33,ramp,0,"[-0.5, -0.4333333373069763, -0.36666667461395264, -0.30000001192092896]",-0.971004068851471,-0.7176492810249329,-0.15234564244747162,0.6705915331840515,1.3895220756530762,0.0,0.0,13.35030183815461
1850,1850,33,ramp,1,"[-0.47999998927116394, -0.41333332657814026, -0.3466666638851166, -0.2800000011920929]",-0.7345948815345764,-0.9610679149627686,-0.11470282822847366,0.7663878798484802,1.4365891218185425,0.35459253191947937,13.35030183815461,18.935872444072352
1850,1850,33,ramp,2,"[-0.46000000834465027, -0.3933333456516266, -0.3266666829586029, -0.2600000202655792]",-0.6949995160102844,-1.0584373474121094,-0.1302284449338913,0.8264031410217285,1.5176348686218262,0.12203063070774078,18.935872444072352,24.50382284971974
1850,1850,33,ramp,3,"[-0.4399999976158142, -0.3733333349227905, -0.30666667222976685, -0.24000000953674316]",-0.6807579398155212,-1.0835790634155273,-0.13385643064975739,0.8300765156745911,1.5311822891235352,0.029352756217122078,24.50382284971974,29.907919202248536
1875,1875,33,zero_hold,0,"[0.0, 0.0, 0.0, 0.0]",-0.29797399044036865,-0.03348701074719429,-0.1865479201078415,0.5701771378517151,0.6706802248954773,0.0,0.0,8.442944353357264
1875,1875,33,zero_hold,1,"[0.0, 0.0, 0.0, 0.0]",-0.4867309033870697,0.0412902757525444,-0.2047790139913559,0.5616937875747681,0.7720403075218201,0.20402243733406067,8.442944353357264,12.215858581981108
1875,1875,33,zero_hold,2,"[0.0, 0.0, 0.0, 0.0]",-0.052930064499378204,0.005873821675777435,-0.23990817368030548,0.6012395620346069,0.6495236754417419,0.43844661116600037,12.215858581981108,15.524119965871447
1875,1875,33,zero_hold,3,"[0.0, 0.0, 0.0, 0.0]",0.19475464522838593,-0.09173866361379623,-0.28378012776374817,0.6281356811523438,0.7221017479896545,0.27115321159362793,15.524119965871447,18.472425836998205
1875,1875,33,target_ahead,0,"[0.0, 0.0, 0.0, 0.0]",1.2521694898605347,-0.5417609214782715,-0.4234524071216583,0.6411424875259399,1.565825343132019,0.0,0.0,12.407906804269198
1875,1875,33,target_ahead,1,"[0.009999999776482582, 0.0, 0.0, 0.0]",0.965075671672821,-0.7930065393447876,-0.4645712673664093,0.7218250036239624,1.5156147480010986,0.39210668206214905,12.407906804269198,17.018249979020577
1875,1875,33,target_ahead,2,"[0.019999999552965164, 0.0, 0.0, 0.0]",0.383808434009552,-0.95557701587677,-0.3833739757537842,0.7631511688232422,1.3378384113311768,0.6104110479354858,17.018249979020577,21.143123250261397
1875,1875,33,target_ahead,3,"[0.029999999329447746, 0.0, 0.0, 0.0]",0.08329466730356216,-1.0075081586837769,-0.3214651346206665,0.7629429697990417,1.306687593460083,0.3111882507801056,21.143123250261397,25.268825983940953
1875,1875,33,target_left,0,"[0.0, 0.0, 0.0, 0.0]",-0.37776076793670654,-1.1154509782791138,-0.048838790506124496,0.5246943235397339,1.2902028560638428,0.0,0.0,13.166362973892547
1875,1875,33,target_left,1,"[0.009999999776482582, 0.0, 0.0, 0.0]",-0.32894518971443176,-1.238632321357727,-0.07046990096569061,0.5322139263153076,1.3894721269607544,0.1344657987356186,13.166362973892547,18.6170994122778
1875,1875,33,target_left,2,"[0.019999999552965164, 0.0, 0.0, 0.0]",-0.2470988929271698,-1.2768889665603638,-0.08112171292304993,0.5711984634399414,1.4227972030639648,0.09897293895483017,18.6170994122778,24.157923768239627
1875,1875,33,target_left,3,"[0.029999999329447746, 0.0, 0.0, 0.0]",-0.25027304887771606,-1.2780619859695435,-0.08894148468971252,0.5881174802780151,1.4317373037338257,0.0189434215426445,24.157923768239627,29.650775596384314
1875,1875,33,ramp,0,"[-0.5, -0.4333333373069763, -0.36666667461395264, -0.30000001192092896]",-1.0230425596237183,-0.6794299483299255,-0.1340683400630951,0.6492166519165039,1.3955994844436646,0.0,0.0,13.350683668883608
1875,1875,33,ramp,1,"[-0.47999998927116394, -0.41333332657814026, -0.3466666638851166, -0.2800000011920929]",-0.7814845442771912,-0.9150991439819336,-0.10986649990081787,0.7607299089431763,1.427902340888977,0.3562459647655487,13.350683668883608,18.967148590880804
1875,1875,33,ramp,2,"[-0.46000000834465027, -0.3933333456516266, -0.3266666829586029, -0.2600000202655792]",-0.7428632378578186,-1.0201719999313354,-0.1273939460515976,0.8212305307388306,1.5110411643981934,0.1284501701593399,18.967148590880804,24.55865912998207
1875,1875,33,ramp,3,"[-0.4399999976158142, -0.3733333349227905, -0.30666667222976685, -0.24000000953674316]",-0.7258353233337402,-1.0512841939926147,-0.132878378033638,0.8271694183349609,1.5277111530303955,0.036376748234033585,24.55865912998207,29.987394674029435
1900,1900,33,zero_hold,0,"[0.0, 0.0, 0.0, 0.0]",-0.2376459687948227,-0.04013404622673988,-0.18525516986846924,0.5548392534255981,0.6326550841331482,0.0,0.0,8.405093271217627
1900,1900,33,zero_hold,1,"[0.0, 0.0, 0.0, 0.0]",-0.39055684208869934,0.014079559594392776,-0.20511464774608612,0.5535756945610046,0.7079907655715942,0.1634528785943985,8.405093271217627,12.14520731637653
1900,1900,33,zero_hold,2,"[0.0, 0.0, 0.0, 0.0]",0.04230804741382599,-0.03450858220458031,-0.24655203521251678,0.5940471887588501,0.645492672920227,0.43941760063171387,12.14520731637653,15.424030562314291
1900,1900,33,zero_hold,3,"[0.0, 0.0, 0.0, 0.0]",0.2439422458410263,-0.13667818903923035,-0.29254961013793945,0.6154308319091797,0.7365657687187195,0.23166358470916748,15.424030562314291,18.35590534690747
1900,1900,33,target_ahead,0,"[0.0, 0.0, 0.0, 0.0]",1.378350019454956,-0.5033591389656067,-0.42949378490448,0.5966529846191406,1.6412431001663208,0.0,0.0,12.470034116077368
1900,1900,33,target_ahead,1,"[0.009999999776482582, 0.0, 0.0, 0.0]",1.165671467781067,-0.7538195848464966,-0.4642885625362396,0.6656687259674072,1.6080151796340942,0.3375447392463684,12.470034116077368,17.027204534479264
1900,1900,33,target_ahead,2,"[0.019999999552965164, 0.0, 0.0, 0.0]",0.8979247808456421,-0.8716603517532349,-0.416008323431015,0.7454656362533569,1.5148738622665405,0.3070394992828369,17.027204534479264,21.114935105997656
1900,1900,33,target_ahead,3,"[0.029999999329447746, 0.0, 0.0, 0.0]",0.4501037001609802,-0.9627332091331482,-0.3551042675971985,0.760251522064209,1.354079008102417,0.46126553416252136,21.114935105997656,25.201983594988363
1900,1900,33,target_left,0,"[0.0, 0.0, 0.0, 0.0]",-0.35199034214019775,-1.1322394609451294,-0.051231496036052704,0.5214258432388306,1.2962919473648071,0.0,0.0,13.151695768824752
1900,1900,33,target_left,1,"[0.009999999776482582, 0.0, 0.0, 0.0]",-0.3042393624782562,-1.2634745836257935,-0.07333319634199142,0.5352563858032227,1.4074113368988037,0.14206542074680328,13.151695768824752,18.576670347771
1900,1900,33,target_left,2,"[0.019999999552965164, 0.0, 0.0, 0.0]",-0.2276185154914856,-1.3052560091018677,-0.08178066462278366,0.5736829042434692,1.4461339712142944,0.09573086351156235,18.576670347771,24.094362141584607
1900,1900,33,target_left,3,"[0.029999999329447746, 0.0, 0.0, 0.0]",-0.22701600193977356,-1.3068492412567139,-0.08912760019302368,0.5919618606567383,1.4552503824234009,0.01977369748055935,24.094362141584607,29.5645603864853
1900,1900,33,ramp,0,"[-0.5, -0.4333333373069763, -0.36666667461395264, -0.30000001192092896]",-0.9604783654212952,-0.6947158575057983,-0.11746027320623398,0.6636829376220703,1.3636058568954468,0.0,0.0,13.343838155296693
1900,1900,33,ramp,1,"[-0.47999998927116394, -0.41333332657814026, -0.3466666638851166, -0.2800000011920929]",-0.768481433391571,-0.9420740604400635,-0.09486881643533707,0.7892348170280457,1.4525697231292725,0.3381161689758301,13.343838155296693,18.93438047627866
1900,1900,33,ramp,2,"[-0.46000000834465027, -0.3933333456516266, -0.3266666829586029, -0.2600000202655792]",-0.7240690588951111,-1.0528041124343872,-0.10823873430490494,0.845686674118042,1.5360904932022095,0.1326618641614914,18.93438047627866,24.49746206646519
1900,1900,33,ramp,3,"[-0.4399999976158142, -0.3733333349227905, -0.30666667222976685, -0.24000000953674316]",-0.705041229724884,-1.085947871208191,-0.11433339864015579,0.8522576689720154,1.5542783737182617,0.039254169911146164,24.49746206646519,29.89639083575226
1925,1925,33,zero_hold,0,"[0.0, 0.0, 0.0, 0.0]",-0.22445930540561676,-0.029141850769519806,-0.2016781121492386,0.5497885942459106,0.6278318166732788,0.0,0.0,8.406236854544801
1925,1925,33,zero_hold,1,"[0.0, 0.0, 0.0, 0.0]",-0.36463573575019836,0.026631083339452744,-0.2232968658208847,0.5389723181724548,0.6884918808937073,0.15278878808021545,8.406236854544801,12.138487672781869
1925,1925,33,zero_hold,2,"[0.0, 0.0, 0.0, 0.0]",0.05687586963176727,-0.0285055972635746,-0.26276084780693054,0.5690656304359436,0.6300209760665894,0.4279896020889282,12.138487672781869,15.404990243599627
1925,1925,33,zero_hold,3,"[0.0, 0.0, 0.0, 0.0]",0.23872773349285126,-0.13170458376407623,-0.31032174825668335,0.5870571136474609,0.7178249359130859,0.21518796682357788,15.404990243599627,18.340818947596315
1925,1925,33,target_ahead,0,"[0.0, 0.0, 0.0, 0.0]",1.4443219900131226,-0.46631893515586853,-0.46173423528671265,0.5902950167655945,1.6926801204681396,0.0,0.0,12.549332729092292
1925,1925,33,target_ahead,1,"[0.009999999776482582, 0.0, 0.0, 0.0]",1.251364827156067,-0.7017335891723633,-0.48626503348350525,0.6430263519287109,1.6456854343414307,0.30989494919776917,12.549332729092292,17.11169255266721
1925,1925,33,target_ahead,2,"[0.019999999552965164, 0.0, 0.0, 0.0]",0.9685975909233093,-0.8269796371459961,-0.43867751955986023,0.7234094738960266,1.5289982557296753,0.32306328415870667,17.11169255266721,21.235362388012977
1925,1925,33,target_ahead,3,"[0.029999999329447746, 0.0, 0.0, 0.0]",0.4891747236251831,-0.9311408996582031,-0.3745134472846985,0.7423255443572998,1.340754508972168,0.49514713883399963,21.235362388012977,25.37852210474742
1925,1925,33,target_left,0,"[0.0, 0.0, 0.0, 0.0]",-0.31019318103790283,-1.1194361448287964,-0.05762593448162079,0.5121288299560547,1.2708083391189575,0.0,0.0,13.15306486215717
1925,1925,33,target_left,1,"[0.009999999776482582, 0.0, 0.0, 0.0]",-0.2675113081932068,-1.2541182041168213,-0.07501509040594101,0.5198588967323303,1.3857327699661255,0.1425592303276062,13.15306486215717,18.563917192901336
1925,1925,33,target_left,2,"[0.019999999552965164, 0.0, 0.0, 0.0]",-0.18785534799098969,-1.2919425964355469,-0.08359334617853165,0.5558847188949585,1.4214080572128296,0.09564100950956345,18.563917192901336,24.067511509564593
1925,1925,33,target_left,3,"[0.029999999329447746, 0.0, 0.0, 0.0]",-0.19015617668628693,-1.2939528226852417,-0.09120887517929077,0.5737876296043396,1.4310921430587769,0.019693788141012192,24.067511509564593,29.528581873877364
1925,1925,33,ramp,0,"[-0.5, -0.4333333373069763, -0.36666667461395264, -0.30000001192092896]",-0.9375466704368591,-0.6774028539657593,-0.1290520578622818,0.6510971784591675,1.333585500717163,0.0,0.0,13.324770310168008
1925,1925,33,ramp,1,"[-0.47999998927116394, -0.41333332657814026, -0.3466666638851166, -0.2800000011920929]",-0.7324272990226746,-0.9226663112640381,-0.10358770191669464,0.7782556414604187,1.4156889915466309,0.34503018856048584,13.324770310168008,18.909826803676722
1925,1925,33,ramp,2,"[-0.46000000834465027, -0.3933333456516266, -0.3266666829586029, -0.2600000202655792]",-0.6870768666267395,-1.0345674753189087,-0.11550537496805191,0.8364037275314331,1.501771330833435,0.1345427930355072,18.909826803676722,24.47028034826052
1925,1925,33,ramp,3,"[-0.4399999976158142, -0.3733333349227905, -0.30666667222976685, -0.24000000953674316]",-0.6706974506378174,-1.0680532455444336,-0.12013687938451767,0.8421441912651062,1.5212535858154297,0.03799981251358986,24.47028034826052,29.8680632283629
1950,1950,33,zero_hold,0,"[0.0, 0.0, 0.0, 0.0]",-0.18510057032108307,-0.014871100895106792,-0.176282599568367,0.5582689046859741,0.6141849160194397,0.0,0.0,8.407936030251514
1950,1950,33,zero_hold,1,"[0.0, 0.0, 0.0, 0.0]",-0.3036803901195526,0.03199036046862602,-0.18291333317756653,0.5630890727043152,0.6661619544029236,0.12776686251163483,8.407936030251514,12.141274808307678
1950,1950,33,zero_hold,2,"[0.0, 0.0, 0.0, 0.0]",0.08993538469076157,-0.02636967971920967,-0.22248104214668274,0.5948246717453003,0.6419485211372375,0.40113839507102966,12.141274808307678,15.410767371600604
1950,1950,33,zero_hold,3,"[0.0, 0.0, 0.0, 0.0]",0.22470441460609436,-0.1178363710641861,-0.26562342047691345,0.6099498271942139,0.7120197415351868,0.16917115449905396,15.410767371600604,18.354037043743112
1950,1950,33,target_ahead,0,"[0.0, 0.0, 0.0, 0.0]",1.4105994701385498,-0.40554946660995483,-0.4358266294002533,0.5509517192840576,1.6271920204162598,0.0,0.0,12.552680582399754
1950,1950,33,target_ahead,1,"[0.009999999776482582, 0.0, 0.0, 0.0]",1.2538281679153442,-0.618752121925354,-0.4759536683559418,0.6062649488449097,1.5965677499771118,0.2733173072338104,12.552680582399754,17.063726984238702
1950,1950,33,target_ahead,2,"[0.019999999552965164, 0.0, 0.0, 0.0]",1.0022069215774536,-0.7392752170562744,-0.4347130358219147,0.6819624900817871,1.4849225282669067,0.29201024770736694,17.063726984238702,21.136844082062993
1950,1950,33,target_ahead,3,"[0.029999999329447746, 0.0, 0.0, 0.0]",0.6149007081985474,-0.8354982733726501,-0.37726065516471863,0.7059939503669739,1.3103103637695312,0.40390998125076294,21.136844082062993,25.27060666730463
1950,1950,33,target_left,0,"[0.0, 0.0, 0.0, 0.0]",-0.331981897354126,-1.0800294876098633,-0.0454995334148407,0.5085254907608032,1.2398967742919922,0.0,0.0,13.12515567500783
1950,1950,33,target_left,1,"[0.009999999776482582, 0.0, 0.0, 0.0]",-0.2550863027572632,-1.2024016380310059,-0.06898945569992065,0.528095006942749,1.3395830392837524,0.14772480726242065,13.12515567500783,18.531962835551944
1950,1950,33,target_left,2,"[0.019999999552965164, 0.0, 0.0, 0.0]",-0.17762182652950287,-1.2393320798873901,-0.07471276074647903,0.5616329908370972,1.3742296695709229,0.09231551736593246,18.531962835551944,24.04268188223535
1950,1950,33,target_left,3,"[0.029999999329447746, 0.0, 0.0, 0.0]",-0.17870892584323883,-1.2409266233444214,-0.07996556162834167,0.5787233114242554,1.383167028427124,0.017983196303248405,24.04268188223535,29.50888563173017
1950,1950,33,ramp,0,"[-0.5, -0.4333333373069763, -0.36666667461395264, -0.30000001192092896]",-0.9494636654853821,-0.630307137966156,-0.11373153328895569,0.6523089408874512,1.3180327415466309,0.0,0.0,13.305289072235626
1950,1950,33,ramp,1,"[-0.47999998927116394, -0.41333332657814026, -0.3466666638851166, -0.2800000011920929]",-0.7676607370376587,-0.8608410358428955,-0.09551782160997391,0.7819092273712158,1.3967304229736328,0.3214438557624817,13.305289072235626,18.84121168458003
1950,1950,33,ramp,2,"[-0.46000000834465027, -0.3933333456516266, -0.3266666829586029, -0.2600000202655792]",-0.7213703393936157,-0.9781399369239807,-0.10929238051176071,0.8385040760040283,1.4805967807769775,0.13890482485294342,18.84121168458003,24.362626114896702
1950,1950,33,ramp,3,"[-0.4399999976158142, -0.3733333349227905, -0.30666667222976685, -0.24000000953674316]",-0.7059992551803589,-1.0193835496902466,-0.111858069896698,0.8421574234962463,1.5031031370162964,0.04424065351486206,24.362626114896702,29.730962991579773
1975,1975,33,zero_hold,0,"[0.0, 0.0, 0.0, 0.0]",-0.23328787088394165,-0.03608463332056999,-0.1713067889213562,0.5634887218475342,0.6345005035400391,0.0,0.0,8.436622321174795
1975,1975,33,zero_hold,1,"[0.0, 0.0, 0.0, 0.0]",-0.36871206760406494,0.007070116698741913,-0.17020632326602936,0.5707730054855347,0.7005359530448914,0.14232468605041504,8.436622321174795,12.18496688460237
1975,1975,33,zero_hold,2,"[0.0, 0.0, 0.0, 0.0]",0.03892950713634491,-0.05162397772073746,-0.20625317096710205,0.604077160358429,0.6415840983390808,0.41475921869277954,12.18496688460237,15.462501358124369
1975,1975,33,zero_hold,3,"[0.0, 0.0, 0.0, 0.0]",0.20143789052963257,-0.14854663610458374,-0.2562864422798157,0.6175094246864319,0.7138935327529907,0.19618035852909088,15.462501358124369,18.40744613001985
1975,1975,33,target_ahead,0,"[0.0, 0.0, 0.0, 0.0]",1.3670709133148193,-0.4203433394432068,-0.4380190074443817,0.5825353264808655,1.605234980583191,0.0,0.0,12.563931977230498
1975,1975,33,target_ahead,1,"[0.009999999776482582, 0.0, 0.0, 0.0]",1.2085949182510376,-0.6432361602783203,-0.49186867475509644,0.6303325891494751,1.58546781539917,0.28280773758888245,12.563931977230498,17.105738728846852
1975,1975,33,target_ahead,2,"[0.019999999552965164, 0.0, 0.0, 0.0]",0.9571310877799988,-0.7652239799499512,-0.4450977146625519,0.6987027525901794,1.4791772365570068,0.2915083169937134,17.105738728846852,21.200902942558184
1975,1975,33,target_ahead,3,"[0.029999999329447746, 0.0, 0.0, 0.0]",0.5970643162727356,-0.8545548915863037,-0.3822542130947113,0.7204238772392273,1.3235855102539062,0.37689414620399475,21.200902942558184,25.351069415186444
1975,1975,33,target_left,0,"[0.0, 0.0, 0.0, 0.0]",-0.320381224155426,-1.0858755111694336,-0.05494813993573189,0.5179628729820251,1.2462241649627686,0.0,0.0,13.12726782874905
1975,1975,33,target_left,1,"[0.009999999776482582, 0.0, 0.0, 0.0]",-0.27334555983543396,-1.2130136489868164,-0.07926180958747864,0.5502586960792542,1.3620525598526,0.14145894348621368,13.12726782874905,18.525874963430525
1975,1975,33,target_left,2,"[0.019999999552965164, 0.0, 0.0, 0.0]",-0.20244936645030975,-1.2531780004501343,-0.08396507054567337,0.5866515636444092,1.4009464979171753,0.08936446160078049,18.525874963430525,24.036064746754903
1975,1975,33,target_left,3,"[0.029999999329447746, 0.0, 0.0, 0.0]",-0.2023632824420929,-1.2556103467941284,-0.08869247138500214,0.6042377352714539,1.410843014717102,0.018372410908341408,24.036064746754903,29.49723255745585
1975,1975,33,ramp,0,"[-0.5, -0.4333333373069763, -0.36666667461395264, -0.30000001192092896]",-0.9335564374923706,-0.6464085578918457,-0.10646654665470123,0.6416417956352234,1.3085912466049194,0.0,0.0,13.31123804329692
1975,1975,33,ramp,1,"[-0.47999998927116394, -0.41333332657814026, -0.3466666638851166, -0.2800000011920929]",-0.74061518907547,-0.8840147256851196,-0.0794956386089325,0.7814969420433044,1.3953672647476196,0.33759430050849915,13.31123804329692,18.834875145892536
1975,1975,33,ramp,2,"[-0.46000000834465027, -0.3933333456516266, -0.3266666829586029, -0.2600000202655792]",-0.7014306783676147,-1.0006316900253296,-0.09859337657690048,0.8448615670204163,1.4888856410980225,0.1396951675415039,18.834875145892536,24.351398495363107
1975,1975,33,ramp,3,"[-0.4399999976158142, -0.3733333349227905, -0.30666667222976685, -0.24000000953674316]",-0.6866042613983154,-1.0391274690628052,-0.10470502078533173,0.8473377227783203,1.5100184679031372,0.041775964200496674,24.351398495363107,29.71573758841902
2000,2000,33,zero_hold,0,"[0.0, 0.0, 0.0, 0.0]",-0.22450324892997742,-0.025644022971391678,-0.16207022964954376,0.5705183148384094,0.634678840637207,0.0,0.0,8.403542378622484
2000,2000,33,zero_hold,1,"[0.0, 0.0, 0.0, 0.0]",-0.34757712483406067,0.030817463994026184,-0.16354462504386902,0.5723602175712585,0.690001904964447,0.13542763888835907,8.403542378622484,12.11612231379084
2000,2000,33,zero_hold,2,"[0.0, 0.0, 0.0, 0.0]",0.05492347106337547,-0.03283591568470001,-0.1995440572500229,0.6054061055183411,0.6406474709510803,0.41042232513427734,12.11612231379084,15.361484953483032
2000,2000,33,zero_hold,3,"[0.0, 0.0, 0.0, 0.0]",0.19930735230445862,-0.13384708762168884,-0.24915450811386108,0.6176006197929382,0.707917332649231,0.18346624076366425,15.361484953483032,18.276682510879663
2000,2000,33,target_ahead,0,"[0.0, 0.0, 0.0, 0.0]",1.342118501663208,-0.429657518863678,-0.4188700318336487,0.5772523880004883,1.5794175863265991,0.0,0.0,12.575152732037818
2000,2000,33,target_ahead,1,"[0.009999999776482582, 0.0, 0.0, 0.0]",1.2152788639068604,-0.6289487481117249,-0.4755912125110626,0.6101588606834412,1.5719287395477295,0.24516405165195465,12.575152732037818,17.093784957567028
2000,2000,33,target_ahead,2,"[0.019999999552965164, 0.0, 0.0, 0.0]",1.0377895832061768,-0.7315458655357361,-0.4350179433822632,0.6812304854393005,1.5051518678665161,0.22073961794376373,17.093784957567028,21.217447906370147
2000,2000,33,target_ahead,3,"[0.029999999329447746, 0.0, 0.0, 0.0]",0.8202969431877136,-0.7823966145515442,-0.3832722306251526,0.7103576064109802,1.3915951251983643,0.23111653327941895,21.217447906370147,25.362028072612695
2000,2000,33,target_left,0,"[0.0, 0.0, 0.0, 0.0]",-0.3279205560684204,-1.0549969673156738,-0.043265413492918015,0.5249525308609009,1.2239271402359009,0.0,0.0,13.095832227974336
2000,2000,33,target_left,1,"[0.009999999776482582, 0.0, 0.0, 0.0]",-0.27707475423812866,-1.1769757270812988,-0.07098808884620667,0.548047661781311,1.329450249671936,0.13698922097682953,13.095832227974336,18.46014281150811
2000,2000,33,target_left,2,"[0.019999999552965164, 0.0, 0.0, 0.0]",-0.21005487442016602,-1.2178324460983276,-0.07603419572114944,0.5842419266700745,1.3690721988677979,0.08658189326524734,18.46014281150811,23.931343387754975
2000,2000,33,target_left,3,"[0.029999999329447746, 0.0, 0.0, 0.0]",-0.21096989512443542,-1.221266269683838,-0.08074835687875748,0.6013903021812439,1.379923939704895,0.01813611015677452,23.931343387754975,29.348473595450635
2000,2000,33,ramp,0,"[-0.5, -0.4333333373069763, -0.36666667461395264, -0.30000001192092896]",-0.9222643375396729,-0.6020169258117676,-0.12901344895362854,0.6654677987098694,1.2932469844818115,0.0,0.0,13.314148684944394
2000,2000,33,ramp,1,"[-0.47999998927116394, -0.41333332657814026, -0.3466666638851166, -0.2800000011920929]",-0.7623754143714905,-0.8363151550292969,-0.10667462646961212,0.7798517346382141,1.378472924232483,0.30666404962539673,13.314148684944394,18.795948904640124
2000,2000,33,ramp,2,"[-0.46000000834465027, -0.3933333456516266, -0.3266666829586029, -0.2600000202655792]",-0.7149234414100647,-0.9535880088806152,-0.12820272147655487,0.8443807363510132,1.4662401676177979,0.14363865554332733,18.795948904640124,24.268483019748732
2000,2000,33,ramp,3,"[-0.4399999976158142, -0.3733333349227905, -0.30666667222976685, -0.24000000953674316]",-0.6962469220161438,-0.9985809326171875,-0.13537734746932983,0.8506619334220886,1.4912667274475098,0.0496397465467453,24.268483019748732,29.59096761320278
2025,2025,33,zero_hold,0,"[0.0, 0.0, 0.0, 0.0]",-0.24278809130191803,-0.012432290241122246,-0.1667374074459076,0.5777493715286255,0.6486110687255859,0.0,0.0,8.429761860442403
2025,2025,33,zero_hold,1,"[0.0, 0.0, 0.0, 0.0]",-0.37870538234710693,0.056036368012428284,-0.16317786276340485,0.5741300582885742,0.709091067314148,0.15227356553077698,8.429761860442403,12.15738368412191
2025,2025,33,zero_hold,2,"[0.0, 0.0, 0.0, 0.0]",0.03063930571079254,0.002166731283068657,-0.19275854527950287,0.6094331741333008,0.6399282217025757,0.4154351055622101,12.15738368412191,15.41827986268676
2025,2025,33,zero_hold,3,"[0.0, 0.0, 0.0, 0.0]",0.2056983858346939,-0.09208481013774872,-0.24047096073627472,0.6198643445968628,0.7020324468612671,0.2047298699617386,15.41827986268676,18.334975846865955
2025,2025,33,target_ahead,0,"[0.0, 0.0, 0.0, 0.0]",1.4003865718841553,-0.4058522880077362,-0.4018089175224304,0.5969283580780029,1.6259067058563232,0.0,0.0,12.596194841867614
2025,2025,33,target_ahead,1,"[0.009999999776482582, 0.0, 0.0, 0.0]",1.276469349861145,-0.6082322597503662,-0.4418807029724121,0.6145193576812744,1.6038120985031128,0.24130545556545258,12.596194841867614,17.10406747996144
2025,2025,33,target_ahead,2,"[0.019999999552965164, 0.0, 0.0, 0.0]",1.120207667350769,-0.7060091495513916,-0.3905613124370575,0.6801145076751709,1.5389633178710938,0.2022731751203537,17.10406747996144,21.210462504572696
2025,2025,33,target_ahead,3,"[0.029999999329447746, 0.0, 0.0, 0.0]",0.947601854801178,-0.7476661205291748,-0.3324469029903412,0.7059627771377563,1.4373093843460083,0.18860934674739838,21.210462504572696,25.34832610625754
2025,2025,33,target_left,0,"[0.0, 0.0, 0.0, 0.0]",-0.359724760055542,-1.0406444072723389,-0.01625773124396801,0.5168401002883911,1.2164418697357178,0.0,0.0,13.102806778042362
2025,2025,33,target_left,1,"[0.009999999776482582, 0.0, 0.0, 0.0]",-0.3069324493408203,-1.1498223543167114,-0.03801107406616211,0.544052243232727,1.3090976476669312,0.12617669999599457,13.102806778042362,18.43729295001548
2025,2025,33,target_left,2,"[0.019999999552965164, 0.0, 0.0, 0.0]",-0.2374870926141739,-1.187821388244629,-0.03898939490318298,0.5776090621948242,1.3425618410110474,0.08598605543375015,18.43729295001548,23.87567427025661
2025,2025,33,target_left,3,"[0.029999999329447746, 0.0, 0.0, 0.0]",-0.23359616100788116,-1.1905919313430786,-0.04308298975229263,0.5940380096435547,1.351596713066101,0.017592132091522217,23.87567427025661,29.26534836844332
2025,2025,33,ramp,0,"[-0.5, -0.4333333373069763, -0.36666667461395264, -0.30000001192092896]",-0.9272183179855347,-0.5866771936416626,-0.11780369281768799,0.6575623750686646,1.2845971584320068,0.0,0.0,13.308257282416028
2025,2025,33,ramp,1,"[-0.47999998927116394, -0.41333332657814026, -0.3466666638851166, -0.2800000011920929]",-0.7719972729682922,-0.8230215311050415,-0.08411220461130142,0.7587947845458984,1.3624202013015747,0.30221736431121826,13.308257282416028,18.784131975099783
2025,2025,33,ramp,2,"[-0.46000000834465027, -0.3933333456516266, -0.3266666829586029, -0.2600000202655792]",-0.7203960418701172,-0.936197817325592,-0.10488705337047577,0.8270429372787476,1.445834755897522,0.1433909386396408,18.784131975099783,24.251991414071306
2025,2025,33,ramp,3,"[-0.4399999976158142, -0.3733333349227905, -0.30666667222976685, -0.24000000953674316]",-0.7030458450317383,-0.9813220500946045,-0.1107906848192215,0.837876558303833,1.4736275672912598,0.04989434778690338,24.251991414071306,29.57592513549982
2050,2050,33,zero_hold,0,"[0.0, 0.0, 0.0, 0.0]",-0.2279622107744217,-0.017872454598546028,-0.1678471565246582,0.5958916544914246,0.6599588990211487,0.0,0.0,8.448947610843296
2050,2050,33,zero_hold,1,"[0.0, 0.0, 0.0, 0.0]",-0.3538745045661926,0.06196825951337814,-0.1628832072019577,0.5954645872116089,0.7142662405967712,0.14917530119419098,8.448947610843296,12.177777117240353
2050,2050,33,zero_hold,2,"[0.0, 0.0, 0.0, 0.0]",0.05063734948635101,0.010951390489935875,-0.1923937201499939,0.6344889998435974,0.6650381088256836,0.4106413722038269,12.177777117240353,15.4357384468064
2050,2050,33,zero_hold,3,"[0.0, 0.0, 0.0, 0.0]",0.22186149656772614,-0.07730051130056381,-0.24050864577293396,0.648134171962738,0.7301508188247681,0.19901593029499054,15.4357384468064,18.350627331536817
2050,2050,33,target_ahead,0,"[0.0, 0.0, 0.0, 0.0]",1.4325554370880127,-0.4184417724609375,-0.3938847780227661,0.628223180770874,1.6664687395095825,0.0,0.0,12.614676653725493
2050,2050,33,target_ahead,1,"[0.009999999776482582, 0.0, 0.0, 0.0]",1.3099290132522583,-0.6196498870849609,-0.4473305344581604,0.6458481550216675,1.6483641862869263,0.2422581911087036,12.614676653725493,17.113619820406168
2050,2050,33,target_ahead,2,"[0.019999999552965164, 0.0, 0.0, 0.0]",1.1339534521102905,-0.7307825684547424,-0.40624284744262695,0.7142156958580017,1.5795667171478271,0.22289052605628967,17.113619820406168,21.231648135540205
2050,2050,33,target_ahead,3,"[0.029999999329447746, 0.0, 0.0, 0.0]",0.8890705108642578,-0.796515703201294,-0.34998035430908203,0.7368621826171875,1.4457993507385254,0.26070448756217957,21.231648135540205,25.36105190570981
2050,2050,33,target_left,0,"[0.0, 0.0, 0.0, 0.0]",-0.3447170853614807,-1.03140127658844,-0.0030669625848531723,0.5394415259361267,1.2139296531677246,0.0,0.0,13.120457608571293
2050,2050,33,target_left,1,"[0.009999999776482582, 0.0, 0.0, 0.0]",-0.2946142554283142,-1.1330021619796753,-0.03176737576723099,0.5603200197219849,1.2982523441314697,0.11871250718832016,13.120457608571293,18.46602226675906
2050,2050,33,target_left,2,"[0.019999999552965164, 0.0, 0.0, 0.0]",-0.2246205061674118,-1.1750906705856323,-0.03222857415676117,0.5915976166725159,1.3350350856781006,0.08745895326137543,18.46602226675906,23.923753093947724
2050,2050,33,target_left,3,"[0.029999999329447746, 0.0, 0.0, 0.0]",-0.2190043181180954,-1.1793733835220337,-0.03800132870674133,0.6072279810905457,1.3450108766555786,0.0180974081158638,23.923753093947724,29.33270958489288
2050,2050,33,ramp,0,"[-0.5, -0.4333333373069763, -0.36666667461395264, -0.30000001192092896]",-0.8895885348320007,-0.6118845343589783,-0.09174824506044388,0.6677429676055908,1.2728192806243896,0.0,0.0,13.316832420636043
2050,2050,33,ramp,1,"[-0.47999998927116394, -0.41333332657814026, -0.3466666638851166, -0.2800000011920929]",-0.7021045684814453,-0.8308181166648865,-0.05978082865476608,0.7631840109825134,1.3301252126693726,0.30530813336372375,13.316832420636043,18.786789442118764
2050,2050,33,ramp,2,"[-0.46000000834465027, -0.3933333456516266, -0.3266666829586029, -0.2600000202655792]",-0.6626114845275879,-0.9435752630233765,-0.08503422886133194,0.8304233551025391,1.4234542846679688,0.1394013613462448,18.786789442118764,24.24703541080782
2050,2050,33,ramp,3,"[-0.4399999976158142, -0.3733333349227905, -0.30666667222976685, -0.24000000953674316]",-0.6483962535858154,-0.9850313663482666,-0.09281604737043381,0.8382580876350403,1.4498261213302612,0.04519536718726158,24.24703541080782,29.564945691437853
2075,2075,33,zero_hold,0,"[0.0, 0.0, 0.0, 0.0]",-0.2135012000799179,-0.006088291294872761,-0.15797622501850128,0.5905315279960632,0.6475366950035095,0.0,0.0,8.44246373191369
2075,2075,33,zero_hold,1,"[0.0, 0.0, 0.0, 0.0]",-0.3221132457256317,0.06527461856603622,-0.15677545964717865,0.5923791527748108,0.69534832239151,0.1299773007631302,8.44246373191369,12.170389703527805
2075,2075,33,zero_hold,2,"[0.0, 0.0, 0.0, 0.0]",0.0695657804608345,0.015519554726779461,-0.1887671798467636,0.6343145966529846,0.6656337976455688,0.3983341157436371,12.170389703527805,15.430485243691802
2075,2075,33,zero_hold,3,"[0.0, 0.0, 0.0, 0.0]",0.23726452887058258,-0.0688244178891182,-0.2349884957075119,0.6486389636993408,0.7327914834022522,0.19385141134262085,15.430485243691802,18.34704336223885
2075,2075,33,target_ahead,0,"[0.0, 0.0, 0.0, 0.0]",1.4785873889923096,-0.38595888018608093,-0.37946343421936035,0.6526029706001282,1.7044259309768677,0.0,0.0,12.615836133965733
2075,2075,33,target_ahead,1,"[0.009999999776482582, 0.0, 0.0, 0.0]",1.3688349723815918,-0.5892143249511719,-0.4098455011844635,0.668015718460083,1.6837759017944336,0.23349303007125854,12.615836133965733,17.07675296347868
2075,2075,33,target_ahead,2,"[0.019999999552965164, 0.0, 0.0, 0.0]",1.283805012702942,-0.6630713939666748,-0.3615052402019501,0.7324244379997253,1.659804344177246,0.1384565830230713,17.07675296347868,21.186646415857002
2075,2075,33,target_ahead,3,"[0.029999999329447746, 0.0, 0.0, 0.0]",1.2067277431488037,-0.6812726259231567,-0.31256067752838135,0.7594912052154541,1.6108523607254028,0.09695550799369812,21.186646415857002,25.294648136034382
2075,2075,33,target_left,0,"[0.0, 0.0, 0.0, 0.0]",-0.35369160771369934,-1.0303086042404175,0.031042685732245445,0.5184337496757507,1.2068018913269043,0.0,0.0,13.11021277576867
2075,2075,33,target_left,1,"[0.009999999776482582, 0.0, 0.0, 0.0]",-0.31374624371528625,-1.1446760892868042,-0.001053491374477744,0.5386840105056763,1.3034191131591797,0.12694798409938812,13.11021277576867,18.46469192039176
2075,2075,33,target_left,2,"[0.019999999552965164, 0.0, 0.0, 0.0]",-0.24098289012908936,-1.1890641450881958,0.00044872076250612736,0.568496584892273,1.3398264646530151,0.0903097540140152,18.46469192039176,23.926079361666257
2075,2075,33,target_left,3,"[0.029999999329447746, 0.0, 0.0, 0.0]",-0.23104946315288544,-1.193696141242981,-0.0058278609067201614,0.5833144783973694,1.3485488891601562,0.0194703321903944,23.926079361666257,29.338977064827162
2075,2075,33,ramp,0,"[-0.5, -0.4333333373069763, -0.36666667461395264, -0.30000001192092896]",-0.8712660670280457,-0.6113824844360352,-0.06302245706319809,0.6484583616256714,1.2479435205459595,0.0,0.0,13.314058196213534
2075,2075,33,ramp,1,"[-0.47999998927116394, -0.41333332657814026, -0.3466666638851166, -0.2800000011920929]",-0.6714057922363281,-0.8189257979393005,-0.02597513236105442,0.7349958419799805,1.2893093824386597,0.30311647057533264,13.314058196213534,18.783623483855347
2075,2075,33,ramp,2,"[-0.46000000834465027, -0.3933333456516266, -0.3266666829586029, -0.2600000202655792]",-0.6353263854980469,-0.9335282444953918,-0.05098099261522293,0.8051228523254395,1.3877811431884766,0.14134544134140015,18.783623483855347,24.225416904058896
2075,2075,33,ramp,3,"[-0.4399999976158142, -0.3733333349227905, -0.30666667222976685, -0.24000000953674316]",-0.6231405138969421,-0.9804786443710327,-0.059828273952007294,0.8161628842353821,1.4210362434387207,0.050527144223451614,24.225416904058896,29.53381769600612
2100,2100,33,zero_hold,0,"[0.0, 0.0, 0.0, 0.0]",-0.22559767961502075,0.03005240112543106,-0.15543413162231445,0.5775981545448303,0.6399819254875183,0.0,0.0,8.406455668551795
2100,2100,33,zero_hold,1,"[0.0, 0.0, 0.0, 0.0]",-0.3516922891139984,0.10598959028720856,-0.1524837464094162,0.5750888586044312,0.6992136836051941,0.14724574983119965,8.406455668551795,12.123909487306971
2100,2100,33,zero_hold,2,"[0.0, 0.0, 0.0, 0.0]",0.043461114168167114,0.061152100563049316,-0.186196431517601,0.6155225038528442,0.6474299430847168,0.4011583626270294,12.123909487306971,15.370770541404735
2100,2100,33,zero_hold,3,"[0.0, 0.0, 0.0, 0.0]",0.2122388482093811,-0.02445697784423828,-0.23206192255020142,0.6325008869171143,0.7067910432815552,0.19546546041965485,15.370770541404735,18.26633608170966
2100,2100,33,target_ahead,0,"[0.0, 0.0, 0.0, 0.0]",1.4888737201690674,-0.34203633666038513,-0.3597226142883301,0.6234829425811768,1.6887465715408325,0.0,0.0,12.592969855102972
2100,2100,33,target_ahead,1,"[0.009999999776482582, 0.0, 0.0, 0.0]",1.3768844604492188,-0.5487605929374695,-0.38306981325149536,0.6592887043952942,1.6668392419815063,0.23896370828151703,12.592969855102972,17.063528664546762
2100,2100,33,target_ahead,2,"[0.019999999552965164, 0.0, 0.0, 0.0]",1.3088340759277344,-0.619723379611969,-0.3366204500198364,0.7264156341552734,1.6547194719314575,0.1277894377708435,17.063528664546762,21.19083563073294
2100,2100,33,target_ahead,3,"[0.029999999329447746, 0.0, 0.0, 0.0]",1.269104242324829,-0.6316195130348206,-0.2929900288581848,0.7584238052368164,1.6342028379440308,0.06817708164453506,21.19083563073294,25.30942016250601
2100,2100,33,target_left,0,"[0.0, 0.0, 0.0, 0.0]",-0.34762144088745117,-0.9901456236839294,0.029737334698438644,0.5190252065658569,1.17111074924469,0.0,0.0,13.100335828233618
2100,2100,33,target_left,1,"[0.009999999776482582, 0.0, 0.0, 0.0]",-0.2951586842536926,-1.1198995113372803,0.0026901434175670147,0.531666100025177,1.274350643157959,0.14310750365257263,13.100335828233618,18.44390193305746
2100,2100,33,target_left,2,"[0.019999999552965164, 0.0, 0.0, 0.0]",-0.20846915245056152,-1.1634584665298462,0.005070507060736418,0.5596065521240234,1.3077768087387085,0.10098907351493835,18.44390193305746,23.89694775962362
2100,2100,33,target_left,3,"[0.029999999329447746, 0.0, 0.0, 0.0]",-0.18808263540267944,-1.1685086488723755,-0.0011741002090275288,0.5736433267593384,1.315239667892456,0.0260219257324934,23.89694775962362,29.305557923009523
2100,2100,33,ramp,0,"[-0.5, -0.4333333373069763, -0.36666667461395264, -0.30000001192092896]",-0.857387125492096,-0.5808584094047546,-0.07164562493562698,0.6635100245475769,1.2320258617401123,0.0,0.0,13.303810899598547
2100,2100,33,ramp,1,"[-0.47999998927116394, -0.41333332657814026, -0.3466666638851166, -0.2800000011920929]",-0.6871081590652466,-0.7835134863853455,-0.031850799918174744,0.7559158802032471,1.2878021001815796,0.2831721603870392,13.303810899598547,18.763672805514375
2100,2100,33,ramp,2,"[-0.46000000834465027, -0.3933333456516266, -0.3266666829586029, -0.2600000202655792]",-0.6613345146179199,-0.8901121020317078,-0.053875841200351715,0.8235963582992554,1.3823446035385132,0.13074132800102234,18.763672805514375,24.216380306666412
2100,2100,33,ramp,3,"[-0.4399999976158142, -0.3733333349227905, -0.30666667222976685, -0.24000000953674316]",-0.6456138491630554,-0.938661515712738,-0.05815662816166878,0.8317131996154785,1.4117478132247925,0.051849719136953354,24.216380306666412,29.53701459055643
2125,2125,33,zero_hold,0,"[0.0, 0.0, 0.0, 0.0]",-0.21790936589241028,0.026646677404642105,-0.1686762422323227,0.5883787870407104,0.6502582430839539,0.0,0.0,8.412664213064026
2125,2125,33,zero_hold,1,"[0.0, 0.0, 0.0, 0.0]",-0.34005656838417053,0.11282045394182205,-0.16929815709590912,0.5711744427680969,0.6951755285263062,0.15047337114810944,8.412664213064026,12.127618632308394
2125,2125,33,zero_hold,2,"[0.0, 0.0, 0.0, 0.0]",0.05712037906050682,0.07248964160680771,-0.20615576207637787,0.605906069278717,0.6466373205184937,0.4024187922477722,12.127618632308394,15.381954032520893
2125,2125,33,zero_hold,3,"[0.0, 0.0, 0.0, 0.0]",0.2345046103000641,-0.01591695472598076,-0.2527657747268677,0.6210988759994507,0.7105632424354553,0.20416709780693054,15.381954032520893,18.275060007105232
2125,2125,33,target_ahead,0,"[0.0, 0.0, 0.0, 0.0]",1.518752098083496,-0.30248916149139404,-0.3811728358268738,0.5958780646324158,1.7024897336959839,0.0,0.0,12.6160232700772
2125,2125,33,target_ahead,1,"[0.009999999776482582, 0.0, 0.0, 0.0]",1.417866587638855,-0.48953402042388916,-0.4073408842086792,0.6161315441131592,1.6719850301742554,0.215078204870224,12.6160232700772,17.074629298167313
2125,2125,33,target_ahead,2,"[0.019999999552965164, 0.0, 0.0, 0.0]",1.4142959117889404,-0.5555917620658875,-0.3747713267803192,0.6769037246704102,1.705159068107605,0.09555317461490631,17.074629298167313,21.208085786981393
2125,2125,33,target_ahead,3,"[0.029999999329447746, 0.0, 0.0, 0.0]",1.3864731788635254,-0.5817821025848389,-0.33626753091812134,0.7178322672843933,1.6997462511062622,0.06795385479927063,21.208085786981393,25.33055457171013
2125,2125,33,target_left,0,"[0.0, 0.0, 0.0, 0.0]",-0.30739307403564453,-0.9947400689125061,0.006302425637841225,0.509860634803772,1.1593084335327148,0.0,0.0,13.075702619795807
2125,2125,33,target_left,1,"[0.009999999776482582, 0.0, 0.0, 0.0]",-0.24928438663482666,-1.116114616394043,-0.008647629991173744,0.5129383206367493,1.2534093856811523,0.13543033599853516,13.075702619795807,18.427178445447794
2125,2125,33,target_left,2,"[0.019999999552965164, 0.0, 0.0, 0.0]",-0.16821783781051636,-1.1565790176391602,-0.003980940207839012,0.5404644012451172,1.2876683473587036,0.09480831027030945,18.427178445447794,23.895002672364438
2125,2125,33,target_left,3,"[0.029999999329447746, 0.0, 0.0, 0.0]",-0.15869130194187164,-1.1606568098068237,-0.008913068100810051,0.5548766255378723,1.29625403881073,0.01842339150607586,23.895002672364438,29.312713474162756
2125,2125,33,ramp,0,"[-0.5, -0.4333333373069763, -0.36666667461395264, -0.30000001192092896]",-0.7863414287567139,-0.6116685271263123,-0.08277549594640732,0.701624870300293,1.2213109731674194,0.0,0.0,13.266829538457914
2125,2125,33,ramp,1,"[-0.47999998927116394, -0.41333332657814026, -0.3466666638851166, -0.2800000011920929]",-0.6221697330474854,-0.8287032246589661,-0.023875467479228973,0.7696053981781006,1.2910100221633911,0.28661292791366577,13.266829538457914,18.69764304042519
2125,2125,33,ramp,2,"[-0.46000000834465027, -0.3933333456516266, -0.3266666829586029, -0.2600000202655792]",-0.6143884658813477,-0.9282453656196594,-0.04223225265741348,0.8297353982925415,1.3890129327774048,0.11799056828022003,18.69764304042519,24.107689233192193
2125,2125,33,ramp,3,"[-0.4399999976158142, -0.3733333349227905, -0.30666667222976685, -0.24000000953674316]",-0.602988600730896,-0.9642637372016907,-0.04567703977227211,0.8344221711158752,1.411292552947998,0.03822449967265129,24.107689233192193,29.38509822590927
2150,2150,33,zero_hold,0,"[0.0, 0.0, 0.0, 0.0]",-0.21424929797649384,0.02551969513297081,-0.1691373884677887,0.5933199524879456,0.6535977721214294,0.0,0.0,8.393621763255423
2150,2150,33,zero_hold,1,"[0.0, 0.0, 0.0, 0.0]",-0.32000041007995605,0.10322415828704834,-0.1700197160243988,0.5809164643287659,0.6924060583114624,0.13181769847869873,8.393621763255423,12.091192544098092
2150,2150,33,zero_hold,2,"[0.0, 0.0, 0.0, 0.0]",0.05607236176729202,0.06257213652133942,-0.2049461454153061,0.6160561442375183,0.6546659469604492,0.3814943730831146,12.091192544098092,15.334891987065392
2150,2150,33,zero_hold,3,"[0.0, 0.0, 0.0, 0.0]",0.18533636629581451,-0.02738189697265625,-0.24350646138191223,0.6288731098175049,0.6999115347862244,0.16264095902442932,15.334891987065392,18.222155227256643
2150,2150,33,target_ahead,0,"[0.0, 0.0, 0.0, 0.0]",1.4795845746994019,-0.3023146688938141,-0.37951600551605225,0.575965940952301,1.660220980644226,0.0,0.0,12.603760960199724
2150,2150,33,target_ahead,1,"[0.009999999776482582, 0.0, 0.0, 0.0]",1.3907009363174438,-0.5115272402763367,-0.380687415599823,0.6239124536514282,1.6522406339645386,0.23231539130210876,12.603760960199724,17.06695522972949
2150,2150,33,target_ahead,2,"[0.019999999552965164, 0.0, 0.0, 0.0]",1.3419533967971802,-0.5947883725166321,-0.32819199562072754,0.6964103579521179,1.657500982284546,0.13160718977451324,17.06695522972949,21.194160136617658
2150,2150,33,target_ahead,3,"[0.029999999329447746, 0.0, 0.0, 0.0]",1.2931405305862427,-0.6239999532699585,-0.27714115381240845,0.739402174949646,1.6386308670043945,0.08769547939300537,21.194160136617658,25.3147043605437
2150,2150,33,target_left,0,"[0.0, 0.0, 0.0, 0.0]",-0.33104372024536133,-1.0188148021697998,0.02155928686261177,0.4896039664745331,1.1780282258987427,0.0,0.0,13.053375252509898
2150,2150,33,target_left,1,"[0.009999999776482582, 0.0, 0.0, 0.0]",-0.2630416750907898,-1.1635947227478027,0.0073654381558299065,0.4920266568660736,1.290460467338562,0.16060149669647217,13.053375252509898,18.411502779322067
2150,2150,33,target_left,2,"[0.019999999552965164, 0.0, 0.0, 0.0]",-0.1797572374343872,-1.2081174850463867,0.014092396013438702,0.5166254639625549,1.3262583017349243,0.09782089293003082,18.411502779322067,23.876768441329514
2150,2150,33,target_left,3,"[0.029999999329447746, 0.0, 0.0, 0.0]",-0.17166289687156677,-1.2128043174743652,0.0098114637658,0.5311020016670227,1.335113525390625,0.01775897666811943,23.876768441329514,29.29270780954352
2150,2150,33,ramp,0,"[-0.5, -0.4333333373069763, -0.36666667461395264, -0.30000001192092896]",-0.7972297072410583,-0.636786937713623,-0.05548720434308052,0.7403954267501831,1.2618783712387085,0.0,0.0,13.26340894180961
2150,2150,33,ramp,1,"[-0.47999998927116394, -0.41333332657814026, -0.3466666638851166, -0.2800000011920929]",-0.6169264912605286,-0.8639077544212341,0.00444298330694437,0.7937971353530884,1.3255445957183838,0.30089280009269714,13.26340894180961,18.73971785203941
2150,2150,33,ramp,2,"[-0.46000000834465027, -0.3933333456516266, -0.3266666829586029, -0.2600000202655792]",-0.6148873567581177,-0.9641539454460144,-0.012432788498699665,0.8476746082305908,1.4235118627548218,0.1150696724653244,18.73971785203941,24.169342782297672
2150,2150,33,ramp,3,"[-0.4399999976158142, -0.3733333349227905, -0.30666667222976685, -0.24000000953674316]",-0.6045544743537903,-0.9991845488548279,-0.015797439962625504,0.8484240174293518,1.4435819387435913,0.036685068160295486,24.169342782297672,29.459609980419668
2175,2175,33,zero_hold,0,"[0.0, 0.0, 0.0, 0.0]",-0.22628812491893768,0.02919468842446804,-0.15932650864124298,0.6060088872909546,0.6668510437011719,0.0,0.0,8.401759723719946
2175,2175,33,zero_hold,1,"[0.0, 0.0, 0.0, 0.0]",-0.3494972288608551,0.11856524646282196,-0.1598900705575943,0.5953989624977112,0.7185198664665222,0.1525793820619583,8.401759723719946,12.106236413478026
2175,2175,33,zero_hold,2,"[0.0, 0.0, 0.0, 0.0]",0.02209390141069889,0.08578626811504364,-0.19297640025615692,0.6278451085090637,0.6627795696258545,0.37590140104293823,12.106236413478026,15.335795735902607
2175,2175,33,zero_hold,3,"[0.0, 0.0, 0.0, 0.0]",0.1735687553882599,0.0021651554852724075,-0.2332002967596054,0.6405259370803833,0.7034107446670532,0.17808954417705536,15.335795735902607,18.21319627046227
2175,2175,33,target_ahead,0,"[0.0, 0.0, 0.0, 0.0]",1.4877240657806396,-0.2951403558254242,-0.36020106077194214,0.6148203611373901,1.675762414932251,0.0,0.0,12.614405860284021
2175,2175,33,target_ahead,1,"[0.009999999776482582, 0.0, 0.0, 0.0]",1.3981726169586182,-0.5170143246650696,-0.3369330167770386,0.6574726104736328,1.6637260913848877,0.24414777755737305,12.614405860284021,17.080140557148223
2175,2175,33,target_ahead,2,"[0.019999999552965164, 0.0, 0.0, 0.0]",1.3499950170516968,-0.5881522297859192,-0.273983359336853,0.7224224805831909,1.6629403829574585,0.12475106120109558,17.080140557148223,21.18961606416676
2175,2175,33,target_ahead,3,"[0.029999999329447746, 0.0, 0.0, 0.0]",1.3101509809494019,-0.6014508605003357,-0.22049961984157562,0.7635661363601685,1.6461750268936157,0.07948403805494308,21.18961606416676,25.30680247187598
2175,2175,33,target_left,0,"[0.0, 0.0, 0.0, 0.0]",-0.34527602791786194,-1.0237865447998047,0.034199200570583344,0.4717795252799988,1.1794489622116089,0.0,0.0,13.041288570092252
2175,2175,33,target_left,1,"[0.009999999776482582, 0.0, 0.0, 0.0]",-0.2838044762611389,-1.1639412641525269,0.019776448607444763,0.48363327980041504,1.2921286821365356,0.1541772484779358,13.041288570092252,18.41130507694248
2175,2175,33,target_left,2,"[0.019999999552965164, 0.0, 0.0, 0.0]",-0.2061367630958557,-1.2072975635528564,0.025539124384522438,0.5089887976646423,1.3265676498413086,0.09267228841781616,18.41130507694248,23.88313468819899
2175,2175,33,target_left,3,"[0.029999999329447746, 0.0, 0.0, 0.0]",-0.19345588982105255,-1.2124924659729004,0.021296467632055283,0.523853600025177,1.3350802659988403,0.02065802551805973,23.88313468819899,29.307425252821517
2175,2175,33,ramp,0,"[-0.5, -0.4333333373069763, -0.36666667461395264, -0.30000001192092896]",-0.7788665294647217,-0.6558160185813904,-0.049538545310497284,0.7275356650352478,1.2523937225341797,0.0,0.0,13.2432975062007
2175,2175,33,ramp,1,"[-0.47999998927116394, -0.41333332657814026, -0.3466666638851166, -0.2800000011920929]",-0.5983948111534119,-0.8718494176864624,-0.0006883218884468079,0.7974323630332947,1.32442307472229,0.2941298484802246,13.2432975062007,18.700024787979615
2175,2175,33,ramp,2,"[-0.46000000834465027, -0.3933333456516266, -0.3266666829586029, -0.2600000202655792]",-0.6012578010559082,-0.9656467437744141,-0.015557285398244858,0.84537273645401,1.417350172996521,0.1064213290810585,18.700024787979615,24.11950290768617
2175,2175,33,ramp,3,"[-0.4399999976158142, -0.3733333349227905, -0.30666667222976685, -0.24000000953674316]",-0.5931348204612732,-1.0035855770111084,-0.015733875334262848,0.8432796001434326,1.4388748407363892,0.038855504244565964,24.11950290768617,29.397440965007615
2200,2200,33,zero_hold,0,"[0.0, 0.0, 0.0, 0.0]",-0.26442939043045044,0.024040235206484795,-0.16061902046203613,0.6069847941398621,0.681710958480835,0.0,0.0,8.391918944376313
2200,2200,33,zero_hold,1,"[0.0, 0.0, 0.0, 0.0]",-0.3874189257621765,0.12619468569755554,-0.1607200652360916,0.605427622795105,0.747256338596344,0.15988868474960327,8.391918944376313,12.079047946365678
2200,2200,33,zero_hold,2,"[0.0, 0.0, 0.0, 0.0]",0.026605891063809395,0.10645899921655655,-0.19342848658561707,0.6430979371070862,0.6804637908935547,0.4174864888191223,12.079047946365678,15.305270737253466
2200,2200,33,zero_hold,3,"[0.0, 0.0, 0.0, 0.0]",0.19877426326274872,0.01705283485352993,-0.23754946887493134,0.6525713801383972,0.7225518226623535,0.1991778463125229,15.305270737253466,18.169225625729833
2200,2200,33,target_ahead,0,"[0.0, 0.0, 0.0, 0.0]",1.4331600666046143,-0.2961764633655548,-0.350900799036026,0.6054628491401672,1.6221543550491333,0.0,0.0,12.620352597282356
2200,2200,33,target_ahead,1,"[0.009999999776482582, 0.0, 0.0, 0.0]",1.3566392660140991,-0.5068195462226868,-0.32407239079475403,0.6529259085655212,1.621317744255066,0.23064789175987244,12.620352597282356,17.064672307741535
2200,2200,33,target_ahead,2,"[0.019999999552965164, 0.0, 0.0, 0.0]",1.2723653316497803,-0.5899198055267334,-0.26248082518577576,0.7124489545822144,1.5948035717010498,0.14609676599502563,17.064672307741535,21.15318476994708
2200,2200,33,target_ahead,3,"[0.029999999329447746, 0.0, 0.0, 0.0]",1.1991891860961914,-0.6121417880058289,-0.2099837362766266,0.7509301900863647,1.5558797121047974,0.10042566806077957,21.15318476994708,25.264378133523646
2200,2200,33,target_left,0,"[0.0, 0.0, 0.0, 0.0]",-0.3834972679615021,-1.0285406112670898,0.03221619874238968,0.4729992747306824,1.195713996887207,0.0,0.0,13.086681085086587
2200,2200,33,target_left,1,"[0.009999999776482582, 0.0, 0.0, 0.0]",-0.3186805546283722,-1.146706461906433,0.017352815717458725,0.4913408160209656,1.287714958190918,0.136827290058136,13.086681085086587,18.47976117751364
2200,2200,33,target_left,2,"[0.019999999552965164, 0.0, 0.0, 0.0]",-0.24556487798690796,-1.1872925758361816,0.020542502403259277,0.518868088722229,1.3189435005187988,0.08809687197208405,18.47976117751364,23.98649456286907
2200,2200,33,target_left,3,"[0.029999999329447746, 0.0, 0.0, 0.0]",-0.22719427943229675,-1.191131353378296,0.016055848449468613,0.5339347720146179,1.3250491619110107,0.024481628090143204,23.98649456286907,29.45447759036898
2200,2200,33,ramp,0,"[-0.5, -0.4333333373069763, -0.36666667461395264, -0.30000001192092896]",-0.7596102952957153,-0.6862712502479553,-0.05117997154593468,0.7254312634468079,1.2557252645492554,0.0,0.0,13.236533716109605
2200,2200,33,ramp,1,"[-0.47999998927116394, -0.41333332657814026, -0.3466666638851166, -0.2800000011920929]",-0.5732376575469971,-0.8724212646484375,0.005219832994043827,0.7846478819847107,1.3059172630310059,0.2758153975009918,13.236533716109605,18.71244315436403
2200,2200,33,ramp,2,"[-0.46000000834465027, -0.3933333456516266, -0.3266666829586029, -0.2600000202655792]",-0.5920943021774292,-0.9544861912727356,-0.009832900017499924,0.8349148631095886,1.3995710611343384,0.0992148146033287,18.71244315436403,24.122108357149223
2200,2200,33,ramp,3,"[-0.4399999976158142, -0.3733333349227905, -0.30666667222976685, -0.24000000953674316]",-0.5860310792922974,-0.9901745319366455,-0.009047306142747402,0.833347499370575,1.4207139015197754,0.03624216094613075,24.122108357149223,29.3906420041228
2225,2225,33,zero_hold,0,"[0.0, 0.0, 0.0, 0.0]",-0.2490021139383316,0.025632893666625023,-0.1599828004837036,0.5841339230537415,0.6553365588188171,0.0,0.0,8.373063200286694
2225,2225,33,zero_hold,1,"[0.0, 0.0, 0.0, 0.0]",-0.3873893916606903,0.11996559798717499,-0.15508362650871277,0.582488477230072,0.7265025973320007,0.1675601601600647,8.373063200286694,12.041671065862964
2225,2225,33,zero_hold,2,"[0.0, 0.0, 0.0, 0.0]",0.027768509462475777,0.101838618516922,-0.1871836632490158,0.624570906162262,0.6605064272880554,0.41891053318977356,12.041671065862964,15.25015404594163
2225,2225,33,zero_hold,3,"[0.0, 0.0, 0.0, 0.0]",0.21169230341911316,0.012302292510867119,-0.23423582315444946,0.6392863392829895,0.713104784488678,0.21041665971279144,15.25015404594163,18.09730404180675
2225,2225,33,target_ahead,0,"[0.0, 0.0, 0.0, 0.0]",1.405493140220642,-0.3329964578151703,-0.373176246881485,0.582838237285614,1.6016424894332886,0.0,0.0,12.633214334731592
2225,2225,33,target_ahead,1,"[0.009999999776482582, 0.0, 0.0, 0.0]",1.3399131298065186,-0.5638091564178467,-0.3401896059513092,0.6323767304420471,1.6213812828063965,0.24721936881542206,12.633214334731592,17.103564051858157
2225,2225,33,target_ahead,2,"[0.019999999552965164, 0.0, 0.0, 0.0]",1.2713673114776611,-0.6348686218261719,-0.27482736110687256,0.6934027075767517,1.6049206256866455,0.1332079917192459,17.103564051858157,21.20048805574388
2225,2225,33,target_ahead,3,"[0.029999999329447746, 0.0, 0.0, 0.0]",1.2465730905532837,-0.6379660367965698,-0.22610773146152496,0.7326903939247131,1.5965291261672974,0.06739044189453125,21.20048805574388,25.319203276463455
2225,2225,33,target_left,0,"[0.0, 0.0, 0.0, 0.0]",-0.3535149395465851,-1.0230512619018555,0.045820802450180054,0.43864017724990845,1.1688076257705688,0.0,0.0,13.077428628961908
2225,2225,33,target_left,1,"[0.009999999776482582, 0.0, 0.0, 0.0]",-0.28829383850097656,-1.1440420150756836,0.04432981461286545,0.46159130334854126,1.2676661014556885,0.1393611580133438,13.077428628961908,18.473960686526787
2225,2225,33,target_left,2,"[0.019999999552965164, 0.0, 0.0, 0.0]",-0.2165171504020691,-1.185258150100708,0.052669279277324677,0.4947628378868103,1.3035646677017212,0.08955758064985275,18.473960686526787,23.978189544453144
2225,2225,33,target_left,3,"[0.029999999329447746, 0.0, 0.0, 0.0]",-0.19719675183296204,-1.1884206533432007,0.0501873679459095,0.5121515393257141,1.3099801540374756,0.02630220726132393,23.978189544453144,29.43486860593734
2225,2225,33,ramp,0,"[-0.5, -0.4333333373069763, -0.36666667461395264, -0.30000001192092896]",-0.6965171694755554,-0.6724154949188232,-0.04462296888232231,0.7027643322944641,1.197141408920288,0.0,0.0,13.2194580421269
2225,2225,33,ramp,1,"[-0.47999998927116394, -0.41333332657814026, -0.3466666638851166, -0.2800000011920929]",-0.5406501293182373,-0.8389116525650024,0.022864094004034996,0.7381775975227356,1.2415733337402344,0.24046644568443298,13.2194580421269,18.718497938000816
2225,2225,33,ramp,2,"[-0.46000000834465027, -0.3933333456516266, -0.3266666829586029, -0.2600000202655792]",-0.5683957934379578,-0.9107428193092346,0.009317513555288315,0.7820077538490295,1.3282127380371094,0.08963330835103989,18.718497938000816,24.122865683980855
2225,2225,33,ramp,3,"[-0.4399999976158142, -0.3733333349227905, -0.30666667222976685, -0.24000000953674316]",-0.565770149230957,-0.9473114013671875,0.01051957905292511,0.7808787226676941,1.3518050909042358,0.036699794232845306,24.122865683980855,29.38083029581731
2250,2250,33,zero_hold,0,"[0.0, 0.0, 0.0, 0.0]",-0.272470623254776,0.025485917925834656,-0.16713102161884308,0.588421106338501,0.6701208353042603,0.0,0.0,8.403600695011518
2250,2250,33,zero_hold,1,"[0.0, 0.0, 0.0, 0.0]",-0.432908296585083,0.13065023720264435,-0.15794602036476135,0.5738998651504517,0.7475206255912781,0.19260065257549286,8.403600695011518,12.088759933639583
2250,2250,33,zero_hold,2,"[0.0, 0.0, 0.0, 0.0]",0.007843291386961937,0.12516619265079498,-0.1878500133752823,0.6136404275894165,0.6538885831832886,0.443582683801651,12.088759933639583,15.32442385905528
2250,2250,33,zero_hold,3,"[0.0, 0.0, 0.0, 0.0]",0.2157546877861023,0.03879256546497345,-0.234038308262825,0.6344170570373535,0.7108543515205383,0.2307652086019516,15.32442385905528,18.18470604005906
2250,2250,33,target_ahead,0,"[0.0, 0.0, 0.0, 0.0]",1.419003963470459,-0.3485073149204254,-0.37153899669647217,0.5959750413894653,1.6211899518966675,0.0,0.0,12.658565696927912
2250,2250,33,target_ahead,1,"[0.009999999776482582, 0.0, 0.0, 0.0]",1.3663818836212158,-0.5523239970207214,-0.334333598613739,0.6377297639846802,1.6402864456176758,0.2178027182817459,12.658565696927912,17.099631924957077
2250,2250,33,target_ahead,2,"[0.019999999552965164, 0.0, 0.0, 0.0]",1.3140041828155518,-0.6072796583175659,-0.2670166492462158,0.6965615153312683,1.6284629106521606,0.11728723347187042,17.099631924957077,21.183329763699412
2250,2250,33,target_ahead,3,"[0.029999999329447746, 0.0, 0.0, 0.0]",1.264410376548767,-0.6142798066139221,-0.21617165207862854,0.7318821549415588,1.5995171070098877,0.07963233441114426,21.183329763699412,25.253990793910212
2250,2250,33,target_left,0,"[0.0, 0.0, 0.0, 0.0]",-0.3785531222820282,-1.008651852607727,0.03771337866783142,0.42201900482177734,1.157671570777893,0.0,0.0,13.092948459695346
2250,2250,33,target_left,1,"[0.009999999776482582, 0.0, 0.0, 0.0]",-0.32331693172454834,-1.1109927892684937,0.03958588093519211,0.4376278519630432,1.2377091646194458,0.11735351383686066,13.092948459695346,18.444709323722115
2250,2250,33,target_left,2,"[0.019999999552965164, 0.0, 0.0, 0.0]",-0.24341769516468048,-1.1533926725387573,0.04641534760594368,0.4692021608352661,1.2695951461791992,0.09604799002408981,18.444709323722115,23.89173624621288
2250,2250,33,target_left,3,"[0.029999999329447746, 0.0, 0.0, 0.0]",-0.2114967554807663,-1.157084345817566,0.04301322624087334,0.4859917163848877,1.2734256982803345,0.03641481325030327,23.89173624621288,29.27672906115433
2250,2250,33,ramp,0,"[-0.5, -0.4333333373069763, -0.36666667461395264, -0.30000001192092896]",-0.722265362739563,-0.6320887804031372,-0.04864206165075302,0.6748547554016113,1.1743075847625732,0.0,0.0,13.221942704234337
2250,2250,33,ramp,1,"[-0.47999998927116394, -0.41333332657814026, -0.3466666638851166, -0.2800000011920929]",-0.5392447113990784,-0.7849348187446594,0.0133693628013134,0.7190011739730835,1.1933352947235107,0.2503054141998291,13.221942704234337,18.70096212880569
2250,2250,33,ramp,2,"[-0.46000000834465027, -0.3933333456516266, -0.3266666829586029, -0.2600000202655792]",-0.5805932283401489,-0.8540048003196716,-0.004430950153619051,0.7659902572631836,1.2857578992843628,0.09489566087722778,18.70096212880569,24.092583553183673
2250,2250,33,ramp,3,"[-0.4399999976158142, -0.3733333349227905, -0.30666667222976685, -0.24000000953674316]",-0.5851991772651672,-0.8924517035484314,-0.0036357701756060123,0.7631697654724121,1.3120096921920776,0.03883254528045654,24.092583553183673,29.332635822663907
2275,2275,33,zero_hold,0,"[0.0, 0.0, 0.0, 0.0]",-0.25823408365249634,0.022397413849830627,-0.17431265115737915,0.5934224128723145,0.6706128120422363,0.0,0.0,8.380517160998542
2275,2275,33,zero_hold,1,"[0.0, 0.0, 0.0, 0.0]",-0.3824268579483032,0.13095001876354218,-0.17203477025032043,0.5732001066207886,0.7221859693527222,0.16619759798049927,8.380517160998542,12.039905359679642
2275,2275,33,zero_hold,2,"[0.0, 0.0, 0.0, 0.0]",0.06452623754739761,0.12004435062408447,-0.20586740970611572,0.6086820363998413,0.656848132610321,0.4497661590576172,12.039905359679642,15.250870729911867
2275,2275,33,zero_hold,3,"[0.0, 0.0, 0.0, 0.0]",0.23650719225406647,0.02376360073685646,-0.2529142498970032,0.6244009733200073,0.7143826484680176,0.20324350893497467,15.250870729911867,18.085882951025475
2275,2275,33,target_ahead,0,"[0.0, 0.0, 0.0, 0.0]",1.4009168148040771,-0.32767078280448914,-0.39177757501602173,0.5765658020973206,1.5987037420272827,0.0,0.0,12.659082029624614
2275,2275,33,target_ahead,1,"[0.009999999776482582, 0.0, 0.0, 0.0]",1.3702349662780762,-0.5298057794570923,-0.3579241633415222,0.5943222045898438,1.6246743202209473,0.20799344778060913,12.659082029624614,17.085021187532213
2275,2275,33,target_ahead,2,"[0.019999999552965164, 0.0, 0.0, 0.0]",1.345561146736145,-0.5775765180587769,-0.29313087463378906,0.651645839214325,1.629324197769165,0.10185778886079788,17.085021187532213,21.15824191343013
2275,2275,33,target_ahead,3,"[0.029999999329447746, 0.0, 0.0, 0.0]",1.3098291158676147,-0.5857871770858765,-0.24609977006912231,0.6875566244125366,1.609999418258667,0.0696110799908638,21.15824191343013,25.23319559458386
2275,2275,33,target_left,0,"[0.0, 0.0, 0.0, 0.0]",-0.37638017535209656,-1.023317575454712,0.02316640131175518,0.42679697275161743,1.171124815940857,0.0,0.0,13.080346808702561
2275,2275,33,target_left,1,"[0.009999999776482582, 0.0, 0.0, 0.0]",-0.3109332025051117,-1.1354751586914062,0.021348582580685616,0.4273277819156647,1.25261652469635,0.1298699975013733,13.080346808702561,18.37721473056925
2275,2275,33,target_left,2,"[0.019999999552965164, 0.0, 0.0, 0.0]",-0.23127539455890656,-1.1810669898986816,0.02412116900086403,0.4545392394065857,1.2866994142532349,0.09577125310897827,18.37721473056925,23.763201444149356
2275,2275,33,target_left,3,"[0.029999999329447746, 0.0, 0.0, 0.0]",-0.20551319420337677,-1.1847413778305054,0.018702993169426918,0.47155213356018066,1.2917271852493286,0.03155926614999771,23.763201444149356,29.079817772515685
2275,2275,33,ramp,0,"[-0.5, -0.4333333373069763, -0.36666667461395264, -0.30000001192092896]",-0.7118788957595825,-0.6540465950965881,-0.06770459562540054,0.7116547226905823,1.2023247480392456,0.0,0.0,13.245253392536254
2275,2275,33,ramp,1,"[-0.47999998927116394, -0.41333332657814026, -0.3466666638851166, -0.2800000011920929]",-0.5280903577804565,-0.8249329924583435,-0.0038023090455681086,0.7337747812271118,1.223860263824463,0.2599099576473236,13.245253392536254,18.669577561185804
2275,2275,33,ramp,2,"[-0.46000000834465027, -0.3933333456516266, -0.3266666829586029, -0.2600000202655792]",-0.5728363990783691,-0.8981710076332092,-0.02469010464847088,0.7817897796630859,1.3216116428375244,0.10053733736276627,18.669577561185804,24.00508238445274
2275,2275,33,ramp,3,"[-0.4399999976158142, -0.3733333349227905, -0.30666667222976685, -0.24000000953674316]",-0.5799686312675476,-0.9355274438858032,-0.025263691321015358,0.775946319103241,1.3469618558883667,0.03848177567124367,24.00508238445274,29.187194851911162
2300,2300,33,zero_hold,0,"[0.0, 0.0, 0.0, 0.0]",-0.27468743920326233,0.010527821257710457,-0.20900282263755798,0.5894300937652588,0.683135449886322,0.0,0.0,8.436713177865723
2300,2300,33,zero_hold,1,"[0.0, 0.0, 0.0, 0.0]",-0.3997851312160492,0.12977078557014465,-0.20384538173675537,0.5691247582435608,0.7362911105155945,0.1740896999835968,8.436713177865723,12.107112179611283
2300,2300,33,zero_hold,2,"[0.0, 0.0, 0.0, 0.0]",0.053899191319942474,0.12148228287696838,-0.23370634019374847,0.603465735912323,0.660645604133606,0.4560363292694092,12.107112179611283,15.33186182146137
2300,2300,33,zero_hold,3,"[0.0, 0.0, 0.0, 0.0]",0.24100914597511292,0.019424082711338997,-0.2756901681423187,0.6131510138511658,0.7144381999969482,0.21744529902935028,15.33186182146137,18.1873222109099
2300,2300,33,target_ahead,0,"[0.0, 0.0, 0.0, 0.0]",1.3502979278564453,-0.4024004638195038,-0.4131358861923218,0.5637748837471008,1.5728172063827515,0.0,0.0,12.673059256935499
2300,2300,33,target_ahead,1,"[0.009999999776482582, 0.0, 0.0, 0.0]",1.3469812870025635,-0.6020492911338806,-0.39566218852996826,0.5673197507858276,1.6294852495193481,0.20047082006931305,12.673059256935499,17.109243707243017
2300,2300,33,target_ahead,2,"[0.019999999552965164, 0.0, 0.0, 0.0]",1.2877693176269531,-0.6628127694129944,-0.334923654794693,0.616104006767273,1.6091701984405518,0.11518389731645584,17.109243707243017,21.17661295510069
2300,2300,33,target_ahead,3,"[0.029999999329447746, 0.0, 0.0, 0.0]",1.2026878595352173,-0.6793366074562073,-0.28595858812332153,0.6499801874160767,1.5531268119812012,0.10515257716178894,21.17661295510069,25.255890933824585
2300,2300,33,target_left,0,"[0.0, 0.0, 0.0, 0.0]",-0.37970274686813354,-1.0384143590927124,0.0119001604616642,0.3973640203475952,1.1749546527862549,0.0,0.0,13.09882542780815
2300,2300,33,target_left,1,"[0.009999999776482582, 0.0, 0.0, 0.0]",-0.33570587635040283,-1.139428973197937,0.021802831441164017,0.404522180557251,1.2550339698791504,0.11085566133260727,13.09882542780815,18.407616128889725
2300,2300,33,target_left,2,"[0.019999999552965164, 0.0, 0.0, 0.0]",-0.2523553669452667,-1.1866503953933716,0.02645343542098999,0.43475639820098877,1.2890055179595947,0.1005629450082779,18.407616128889725,23.81727876798291
2300,2300,33,target_left,3,"[0.029999999329447746, 0.0, 0.0, 0.0]",-0.22326427698135376,-1.18877112865448,0.020936183631420135,0.45298653841018677,1.291765809059143,0.034836288541555405,23.81727876798291,29.16147338751651
2300,2300,33,ramp,0,"[-0.5, -0.4333333373069763, -0.36666667461395264, -0.30000001192092896]",-0.6688550114631653,-0.7071675658226013,-0.10500719398260117,0.7099389433860779,1.2093356847763062,0.0,0.0,13.234295906348652
2300,2300,33,ramp,1,"[-0.47999998927116394, -0.41333332657814026, -0.3466666638851166, -0.2800000011920929]",-0.4824354350566864,-0.861190140247345,-0.0287841334939003,0.7117601037025452,1.217301607131958,0.253551721572876,13.234295906348652,18.742113637446586
2300,2300,33,ramp,2,"[-0.46000000834465027, -0.3933333456516266, -0.3266666829586029, -0.2600000202655792]",-0.5370430946350098,-0.9302614331245422,-0.04307880625128746,0.753290593624115,1.3126705884933472,0.09839694201946259,18.742113637446586,24.132918929317484
2300,2300,33,ramp,3,"[-0.4399999976158142, -0.3733333349227905, -0.30666667222976685, -0.24000000953674316]",-0.5449109673500061,-0.9589084982872009,-0.04199368506669998,0.7496577501296997,1.3342351913452148,0.02994883619248867,24.132918929317484,29.362059106751527
2325,2325,33,zero_hold,0,"[0.0, 0.0, 0.0, 0.0]",-0.27455928921699524,0.014001650735735893,-0.18066608905792236,0.5972363948822021,0.6818434000015259,0.0,0.0,8.434841957698486
2325,2325,33,zero_hold,1,"[0.0, 0.0, 0.0, 0.0]",-0.3659086227416992,0.1432865709066391,-0.17536626756191254,0.5763735771179199,0.7192913293838501,0.159758061170578,8.434841957698486,12.122325562848298
2325,2325,33,zero_hold,2,"[0.0, 0.0, 0.0, 0.0]",0.09577032178640366,0.12625128030776978,-0.20694616436958313,0.6079532504081726,0.6614720225334167,0.46414676308631897,12.122325562848298,15.346294582383951
2325,2325,33,zero_hold,3,"[0.0, 0.0, 0.0, 0.0]",0.28826531767845154,0.022735340520739555,-0.2538629174232483,0.6171419024467468,0.7272717952728271,0.22373081743717194,15.346294582383951,18.187033042516916
2325,2325,33,target_ahead,0,"[0.0, 0.0, 0.0, 0.0]",1.3646502494812012,-0.4166035056114197,-0.4022345244884491,0.5457038879394531,1.5796880722045898,0.0,0.0,12.663478842137089
2325,2325,33,target_ahead,1,"[0.009999999776482582, 0.0, 0.0, 0.0]",1.360361099243164,-0.5979389548301697,-0.3866864740848541,0.5619080662727356,1.6350475549697876,0.18277105689048767,12.663478842137089,17.090571709710417
2325,2325,33,target_ahead,2,"[0.019999999552965164, 0.0, 0.0, 0.0]",1.3502438068389893,-0.6428678631782532,-0.3254314959049225,0.6181901097297668,1.650606632232666,0.09508316218852997,17.090571709710417,21.162573480037388
2325,2325,33,target_ahead,3,"[0.029999999329447746, 0.0, 0.0, 0.0]",1.3083679676055908,-0.6463257670402527,-0.28513452410697937,0.6540526151657104,1.6243922710418701,0.06837768852710724,21.162573480037388,25.23285357467908
2325,2325,33,target_left,0,"[0.0, 0.0, 0.0, 0.0]",-0.40225493907928467,-1.0411086082458496,0.04938153922557831,0.39276447892189026,1.1842375993728638,0.0,0.0,13.102600846621918
2325,2325,33,target_left,1,"[0.009999999776482582, 0.0, 0.0, 0.0]",-0.36227771639823914,-1.1363974809646606,0.05537630617618561,0.3889015018939972,1.2557687759399414,0.10358092188835144,13.102600846621918,18.4135203286632
2325,2325,33,target_left,2,"[0.019999999552965164, 0.0, 0.0, 0.0]",-0.2736702263355255,-1.1883834600448608,0.06299330294132233,0.4177587032318115,1.2905972003936768,0.1069793701171875,18.4135203286632,23.8177336252331
2325,2325,33,target_left,3,"[0.029999999329447746, 0.0, 0.0, 0.0]",-0.24006855487823486,-1.1919093132019043,0.057518456131219864,0.43535315990448,1.2927186489105225,0.03848431631922722,23.8177336252331,29.150705233315147
2325,2325,33,ramp,0,"[-0.5, -0.4333333373069763, -0.36666667461395264, -0.30000001192092896]",-0.7132411599159241,-0.6889969110488892,-0.029294315725564957,0.7119444608688354,1.2211276292800903,0.0,0.0,13.211610816161588
2325,2325,33,ramp,1,"[-0.47999998927116394, -0.41333332657814026, -0.3466666638851166, -0.2800000011920929]",-0.5231724381446838,-0.8815443515777588,0.023841621354222298,0.7179052829742432,1.2517133951187134,0.2757890522480011,13.211610816161588,18.724429659789127
2325,2325,33,ramp,2,"[-0.46000000834465027, -0.3933333456516266, -0.3266666829586029, -0.2600000202655792]",-0.5670977234840393,-0.9563794732093811,0.0031547551043331623,0.7648295164108276,1.349531650543213,0.10079462081193924,18.724429659789127,24.108896926338833
2325,2325,33,ramp,3,"[-0.4399999976158142, -0.3733333349227905, -0.30666667222976685, -0.24000000953674316]",-0.5701038241386414,-0.9825417399406433,-0.00013289367780089378,0.7617254257202148,1.3677105903625488,0.026719747111201286,24.108896926338833,29.328684662362797
2350,2350,33,zero_hold,0,"[0.0, 0.0, 0.0, 0.0]",-0.2826949954032898,0.03295224532485008,-0.17638620734214783,0.5961621403694153,0.6837570667266846,0.0,0.0,8.445324044429864
2350,2350,33,zero_hold,1,"[0.0, 0.0, 0.0, 0.0]",-0.3960466682910919,0.15885941684246063,-0.17645639181137085,0.5699646472930908,0.733543336391449,0.171427920460701,8.445324044429864,12.134935369146273
2350,2350,33,zero_hold,2,"[0.0, 0.0, 0.0, 0.0]",0.11180392652750015,0.14808054268360138,-0.2143518328666687,0.5991194844245911,0.6628113389015198,0.5102102160453796,12.134935369146273,15.35649346917264
2350,2350,33,zero_hold,3,"[0.0, 0.0, 0.0, 0.0]",0.343334823846817,0.046918150037527084,-0.26702648401260376,0.6072088479995728,0.7483888268470764,0.25822556018829346,15.35649346917264,18.17945749947637
2350,2350,33,target_ahead,0,"[0.0, 0.0, 0.0, 0.0]",1.3939613103866577,-0.40837329626083374,-0.40407794713974,0.512820839881897,1.5925328731536865,0.0,0.0,12.67264891452574
2350,2350,33,target_ahead,1,"[0.009999999776482582, 0.0, 0.0, 0.0]",1.3881036043167114,-0.5794655680656433,-0.38244935870170593,0.5341693162918091,1.641406774520874,0.17386899888515472,12.67264891452574,17.0911321741207
2350,2350,33,target_ahead,2,"[0.019999999552965164, 0.0, 0.0, 0.0]",1.3663142919540405,-0.6243358254432678,-0.3218456208705902,0.5952436327934265,1.6475768089294434,0.09945350140333176,17.0911321741207,21.158669264591122
2350,2350,33,target_ahead,3,"[0.029999999329447746, 0.0, 0.0, 0.0]",1.3067635297775269,-0.6317270994186401,-0.28255578875541687,0.6347656846046448,1.6091846227645874,0.08189388364553452,21.158669264591122,25.225813987715284
2350,2350,33,target_left,0,"[0.0, 0.0, 0.0, 0.0]",-0.4041406512260437,-1.0399659872055054,0.04745643213391304,0.3949545919895172,1.1845252513885498,0.0,0.0,13.085994361875548
2350,2350,33,target_left,1,"[0.009999999776482582, 0.0, 0.0, 0.0]",-0.3632338047027588,-1.1277101039886475,0.051630835980176926,0.39717787504196167,1.2506338357925415,0.09692661464214325,13.085994361875548,18.39142986978157
2350,2350,33,target_left,2,"[0.019999999552965164, 0.0, 0.0, 0.0]",-0.26118147373199463,-1.1756386756896973,0.05654324218630791,0.4263112246990204,1.2787808179855347,0.11655347049236298,18.39142986978157,23.766702407096346
2350,2350,33,target_left,3,"[0.029999999329447746, 0.0, 0.0, 0.0]",-0.21839044988155365,-1.17494535446167,0.049611613154411316,0.4426453709602356,1.2753772735595703,0.046329300850629807,23.766702407096346,29.061604141767145
2350,2350,33,ramp,0,"[-0.5, -0.4333333373069763, -0.36666667461395264, -0.30000001192092896]",-0.721337080001831,-0.6889264583587646,-0.028230704367160797,0.7138150930404663,1.22689688205719,0.0,0.0,13.223143952496518
2350,2350,33,ramp,1,"[-0.47999998927116394, -0.41333332657814026, -0.3466666638851166, -0.2800000011920929]",-0.5479192137718201,-0.888755738735199,0.015008262358605862,0.7325305938720703,1.2755111455917358,0.26874780654907227,13.223143952496518,18.752787633837862
2350,2350,33,ramp,2,"[-0.46000000834465027, -0.3933333456516266, -0.3266666829586029, -0.2600000202655792]",-0.5903632640838623,-0.9641861319541931,-0.007544957101345062,0.7814047336578369,1.374348521232605,0.1019243374466896,18.752787633837862,24.14232388598736
2350,2350,33,ramp,3,"[-0.4399999976158142, -0.3733333349227905, -0.30666667222976685, -0.24000000953674316]",-0.5923802256584167,-0.9873937368392944,-0.010994665324687958,0.7777544856071472,1.3895623683929443,0.02383035607635975,24.14232388598736,29.372763770790772
2375,2375,33,zero_hold,0,"[0.0, 0.0, 0.0, 0.0]",-0.274716854095459,0.02631848305463791,-0.16661274433135986,0.5969832539558411,0.6784621477127075,0.0,0.0,8.429905614693928
2375,2375,33,zero_hold,1,"[0.0, 0.0, 0.0, 0.0]",-0.3707205057144165,0.14223626255989075,-0.170190691947937,0.5648680925369263,0.711129903793335,0.15394096076488495,8.429905614693928,12.088916887045604
2375,2375,33,zero_hold,2,"[0.0, 0.0, 0.0, 0.0]",0.14745180308818817,0.12038391828536987,-0.21226398646831512,0.5922148823738098,0.6572737693786621,0.5210548043251038,12.088916887045604,15.270791722124754
2375,2375,33,zero_hold,3,"[0.0, 0.0, 0.0, 0.0]",0.370672345161438,0.004360094666481018,-0.2686024308204651,0.5959165692329407,0.7514524459838867,0.2578306794166565,15.270791722124754,18.05305076251729
2375,2375,33,target_ahead,0,"[0.0, 0.0, 0.0, 0.0]",1.4226340055465698,-0.39371299743652344,-0.41908445954322815,0.517253041267395,1.6192837953567505,0.0,0.0,12.738786740538957
2375,2375,33,target_ahead,1,"[0.009999999776482582, 0.0, 0.0, 0.0]",1.3770813941955566,-0.568099319934845,-0.4031636416912079,0.5448809266090393,1.6366204023361206,0.18303662538528442,12.738786740538957,17.152920618321662
2375,2375,33,target_ahead,2,"[0.019999999552965164, 0.0, 0.0, 0.0]",1.390694499015808,-0.6139427423477173,-0.34088829159736633,0.603438138961792,1.6707181930541992,0.09794948995113373,17.152920618321662,21.251696847729622
2375,2375,33,target_ahead,3,"[0.029999999329447746, 0.0, 0.0, 0.0]",1.3728502988815308,-0.6197891235351562,-0.2968064546585083,0.6431953310966492,1.664527177810669,0.06226104870438576,21.251696847729622,25.35247599944564
2375,2375,33,target_left,0,"[0.0, 0.0, 0.0, 0.0]",-0.4223369359970093,-1.0320099592208862,0.0677318125963211,0.3827512860298157,1.1808891296386719,0.0,0.0,13.083316003722954
2375,2375,33,target_left,1,"[0.009999999776482582, 0.0, 0.0, 0.0]",-0.34999316930770874,-1.1191648244857788,0.07469286024570465,0.37749069929122925,1.2341407537460327,0.11360335350036621,13.083316003722954,18.36322741459642
2375,2375,33,target_left,2,"[0.019999999552965164, 0.0, 0.0, 0.0]",-0.23300616443157196,-1.1694284677505493,0.08090651780366898,0.40249380469322205,1.2611113786697388,0.1299082636833191,18.36322741459642,23.677585368545174
2375,2375,33,target_left,3,"[0.029999999329447746, 0.0, 0.0, 0.0]",-0.18810822069644928,-1.1697741746902466,0.07666008174419403,0.41650357842445374,1.2582162618637085,0.047225531190633774,23.677585368545174,28.904962946378898
2375,2375,33,ramp,0,"[-0.5, -0.4333333373069763, -0.36666667461395264, -0.30000001192092896]",-0.7521660923957825,-0.6838290095329285,-0.006648784503340721,0.6708256006240845,1.217960238456726,0.0,0.0,13.222434449959431
2375,2375,33,ramp,1,"[-0.47999998927116394, -0.41333332657814026, -0.3466666638851166, -0.2800000011920929]",-0.5705068707466125,-0.8981316089630127,0.03190285712480545,0.7327843308448792,1.2923270463943481,0.29025986790657043,13.222434449959431,18.712361483493687
2375,2375,33,ramp,2,"[-0.46000000834465027, -0.3933333456516266, -0.3266666829586029, -0.2600000202655792]",-0.6077611446380615,-0.972095251083374,0.008293315768241882,0.7841764688491821,1.3890084028244019,0.10028491169214249,18.712361483493687,24.039688291799465
2375,2375,33,ramp,3,"[-0.4399999976158142, -0.3733333349227905, -0.30666667222976685, -0.24000000953674316]",-0.6054146885871887,-0.9925247430801392,0.0037760252598673105,0.7806731462478638,1.4003918170928955,0.021343598142266273,24.039688291799465,29.21490486731644
2400,2400,33,zero_hold,0,"[0.0, 0.0, 0.0, 0.0]",-0.30146515369415283,0.03348488733172417,-0.18863394856452942,0.5835650563240051,0.6842027902603149,0.0,0.0,8.417139988886088
2400,2400,33,zero_hold,1,"[0.0, 0.0, 0.0, 0.0]",-0.41281500458717346,0.1493712216615677,-0.20219138264656067,0.5455182194709778,0.728834331035614,0.1657099723815918,8.417139988886088,12.066126826291905
2400,2400,33,zero_hold,2,"[0.0, 0.0, 0.0, 0.0]",0.11420600116252899,0.12868723273277283,-0.25568631291389465,0.5664951205253601,0.6448996663093567,0.5305474996566772,12.066126826291905,15.233951186016943
2400,2400,33,zero_hold,3,"[0.0, 0.0, 0.0, 0.0]",0.322477787733078,0.004835854284465313,-0.31246915459632874,0.5644611716270447,0.7212965488433838,0.24888698756694794,15.233951186016943,18.011621957695798
2400,2400,33,target_ahead,0,"[0.0, 0.0, 0.0, 0.0]",1.405909776687622,-0.3714766800403595,-0.4180544912815094,0.48391517996788025,1.5885592699050903,0.0,0.0,12.762092682281176
2400,2400,33,target_ahead,1,"[0.009999999776482582, 0.0, 0.0, 0.0]",1.358633279800415,-0.545648992061615,-0.4215584695339203,0.4772532284259796,1.5965899229049683,0.18063144385814667,12.762092682281176,17.17505942183078
2400,2400,33,target_ahead,2,"[0.019999999552965164, 0.0, 0.0, 0.0]",1.4000356197357178,-0.5944517850875854,-0.37619438767433167,0.5114452242851257,1.6482024192810059,0.0855737030506134,17.17505942183078,21.254837335264558
2400,2400,33,target_ahead,3,"[0.029999999329447746, 0.0, 0.0, 0.0]",1.3870713710784912,-0.6055541634559631,-0.34565338492393494,0.5486230850219727,1.6465498208999634,0.05105174332857132,21.254837335264558,25.332809952896117
2400,2400,33,target_left,0,"[0.0, 0.0, 0.0, 0.0]",-0.4429081678390503,-1.0162055492401123,0.0669827088713646,0.36114731431007385,1.1677993535995483,0.0,0.0,13.09671668722869
2400,2400,33,target_left,1,"[0.009999999776482582, 0.0, 0.0, 0.0]",-0.3842967748641968,-1.0970470905303955,0.0715540423989296,0.37201717495918274,1.22258460521698,0.10054700821638107,13.09671668722869,18.393352703825393
2400,2400,33,target_left,2,"[0.019999999552965164, 0.0, 0.0, 0.0]",-0.2642417848110199,-1.1454592943191528,0.07811850309371948,0.39960694313049316,1.2440614700317383,0.13251878321170807,18.393352703825393,23.711323322935478
2400,2400,33,target_left,3,"[0.029999999329447746, 0.0, 0.0, 0.0]",-0.22691622376441956,-1.144919991493225,0.0736980065703392,0.41525784134864807,1.2410492897033691,0.04071829840540886,23.711323322935478,28.951001833316194
2400,2400,33,ramp,0,"[-0.5, -0.4333333373069763, -0.36666667461395264, -0.30000001192092896]",-0.7515642642974854,-0.6400119662284851,0.0048215677961707115,0.6445328593254089,1.17894446849823,0.0,0.0,13.18294211181149
2400,2400,33,ramp,1,"[-0.47999998927116394, -0.41333332657814026, -0.3466666638851166, -0.2800000011920929]",-0.5637613534927368,-0.8448221683502197,0.03859497234225273,0.7311200499534607,1.252029299736023,0.2930104732513428,13.18294211181149,18.680387356500663
2400,2400,33,ramp,2,"[-0.46000000834465027, -0.3933333456516266, -0.3266666829586029, -0.2600000202655792]",-0.6075513362884521,-0.9173300266265869,0.01395016722381115,0.7836413979530334,1.3508890867233276,0.10266844928264618,18.680387356500663,23.97558381140297
2400,2400,33,ramp,3,"[-0.4399999976158142, -0.3733333349227905, -0.30666667222976685, -0.24000000953674316]",-0.6109800338745117,-0.9405468702316284,0.010271568782627583,0.7833774089813232,1.3681048154830933,0.02375667355954647,23.97558381140297,29.10013410711076
2425,2425,33,zero_hold,0,"[0.0, 0.0, 0.0, 0.0]",-0.31080734729766846,0.04177899286150932,-0.16988195478916168,0.5741967558860779,0.6759500503540039,0.0,0.0,8.425648255714718
2425,2425,33,zero_hold,1,"[0.0, 0.0, 0.0, 0.0]",-0.4420303702354431,0.1565689742565155,-0.1784852296113968,0.537604808807373,0.735377848148346,0.17835135757923126,8.425648255714718,12.098369963592114
2425,2425,33,zero_hold,2,"[0.0, 0.0, 0.0, 0.0]",0.05996757000684738,0.13378682732582092,-0.23292724788188934,0.5564768314361572,0.6208192706108093,0.5058073401451111,12.098369963592114,15.28036379888937
2425,2425,33,zero_hold,3,"[0.0, 0.0, 0.0, 0.0]",0.27516037225723267,0.019060499966144562,-0.28840190172195435,0.5585623979568481,0.6864722371101379,0.2501036822795868,15.28036379888937,18.07436455894833
2425,2425,33,target_ahead,0,"[0.0, 0.0, 0.0, 0.0]",1.3841888904571533,-0.35084033012390137,-0.39508354663848877,0.47301897406578064,1.5552831888198853,0.0,0.0,12.762330486094124
2425,2425,33,target_ahead,1,"[0.009999999776482582, 0.0, 0.0, 0.0]",1.325622797012329,-0.5264312028884888,-0.41648662090301514,0.44436290860176086,1.5509110689163208,0.1885242760181427,12.762330486094124,17.22369452046829
2425,2425,33,target_ahead,2,"[0.019999999552965164, 0.0, 0.0, 0.0]",1.3762600421905518,-0.5707506537437439,-0.3841150403022766,0.4801551401615143,1.6118130683898926,0.08280910551548004,17.22369452046829,21.345154298181058
2425,2425,33,target_ahead,3,"[0.029999999329447746, 0.0, 0.0, 0.0]",1.371031641960144,-0.5841577053070068,-0.35309720039367676,0.5264788866043091,1.619513988494873,0.0575767420232296,21.345154298181058,25.44588655886682
2425,2425,33,target_left,0,"[0.0, 0.0, 0.0, 0.0]",-0.4727097153663635,-1.0221487283706665,0.08441068232059479,0.3556000590324402,1.183984398841858,0.0,0.0,13.115903450425229
2425,2425,33,target_left,1,"[0.009999999776482582, 0.0, 0.0, 0.0]",-0.44400936365127563,-1.1115130186080933,0.08452901244163513,0.36295780539512634,1.25359046459198,0.09414795786142349,13.115903450425229,18.460273276201043
2425,2425,33,target_left,2,"[0.019999999552965164, 0.0, 0.0, 0.0]",-0.32393670082092285,-1.1599832773208618,0.09145060181617737,0.39381471276283264,1.2704130411148071,0.13329240679740906,18.460273276201043,23.82153565254691
2425,2425,33,target_left,3,"[0.029999999329447746, 0.0, 0.0, 0.0]",-0.2856985330581665,-1.1597422361373901,0.0871390625834465,0.41104182600975037,1.2661652565002441,0.04216133803129196,23.82153565254691,29.107747224480292
2425,2425,33,ramp,0,"[-0.5, -0.4333333373069763, -0.36666667461395264, -0.30000001192092896]",-0.7465237379074097,-0.6298137903213501,0.02422151528298855,0.6107548475265503,1.152202844619751,0.0,0.0,13.234715842279456
2425,2425,33,ramp,1,"[-0.47999998927116394, -0.41333332657814026, -0.3466666638851166, -0.2800000011920929]",-0.5888543128967285,-0.8506252765655518,0.04089319705963135,0.738249659538269,1.2716121673583984,0.3002502918243408,13.234715842279456,18.75567591420203
2425,2425,33,ramp,2,"[-0.46000000834465027, -0.3933333456516266, -0.3266666829586029, -0.2600000202655792]",-0.6357709169387817,-0.9168689250946045,0.016522783786058426,0.7873331308364868,1.3656573295593262,0.09794127196073532,18.75567591420203,24.08459658368221
2425,2425,33,ramp,3,"[-0.4399999976158142, -0.3733333349227905, -0.30666667222976685, -0.24000000953674316]",-0.6404185891151428,-0.9388902187347412,0.013095144182443619,0.7833440899848938,1.3803805112838745,0.02311275340616703,24.08459658368221,29.227415090116384
2450,2450,33,zero_hold,0,"[0.0, 0.0, 0.0, 0.0]",-0.31444936990737915,0.04790671914815903,-0.17742733657360077,0.578315794467926,0.683449387550354,0.0,0.0,8.445317376056353
2450,2450,33,zero_hold,1,"[0.0, 0.0, 0.0, 0.0]",-0.4459569454193115,0.17181116342544556,-0.19351060688495636,0.5500847697257996,0.7539471387863159,0.1835816353559494,8.445317376056353,12.133442535043677
2450,2450,33,zero_hold,2,"[0.0, 0.0, 0.0, 0.0]",0.06143220141530037,0.16177470982074738,-0.25196266174316406,0.5773002505302429,0.6532271504402161,0.5115679502487183,12.133442535043677,15.323607865747867
2450,2450,33,zero_hold,3,"[0.0, 0.0, 0.0, 0.0]",0.26189202070236206,0.05720243975520134,-0.30871787667274475,0.5839646458625793,0.7128681540489197,0.23320606350898743,15.323607865747867,18.108490361197028
2450,2450,33,target_ahead,0,"[0.0, 0.0, 0.0, 0.0]",1.3601408004760742,-0.33008506894111633,-0.4411974847316742,0.4420584440231323,1.5326480865478516,0.0,0.0,12.745582741581897
2450,2450,33,target_ahead,1,"[0.009999999776482582, 0.0, 0.0, 0.0]",1.3015475273132324,-0.49711304903030396,-0.451275497674942,0.4123816192150116,1.5214649438858032,0.1797603964805603,12.745582741581897,17.218063674223732
2450,2450,33,target_ahead,2,"[0.019999999552965164, 0.0, 0.0, 0.0]",1.3368604183197021,-0.548488199710846,-0.4076693654060364,0.44291800260543823,1.5653772354125977,0.08197787404060364,17.218063674223732,21.343628326510338
2450,2450,33,target_ahead,3,"[0.029999999329447746, 0.0, 0.0, 0.0]",1.3253707885742188,-0.561920702457428,-0.3708234131336212,0.4913468360900879,1.565661072731018,0.0633673444390297,21.343628326510338,25.4606284304073
2450,2450,33,target_left,0,"[0.0, 0.0, 0.0, 0.0]",-0.46593642234802246,-1.0072836875915527,0.094721220433712,0.33780187368392944,1.1639585494995117,0.0,0.0,13.141753832515985
2450,2450,33,target_left,1,"[0.009999999776482582, 0.0, 0.0, 0.0]",-0.4366193115711212,-1.100340723991394,0.11026276648044586,0.3587395250797272,1.2418688535690308,0.10099024325609207,13.141753832515985,18.49687859260782
2450,2450,33,target_left,2,"[0.019999999552965164, 0.0, 0.0, 0.0]",-0.3179174065589905,-1.1482408046722412,0.11740359663963318,0.3962875306606293,1.261093020439148,0.13358668982982635,18.49687859260782,23.884543444668864
2450,2450,33,target_left,3,"[0.029999999329447746, 0.0, 0.0, 0.0]",-0.2832619547843933,-1.1483653783798218,0.11247024685144424,0.41715943813323975,1.259226679801941,0.0407552495598793,23.884543444668864,29.19680531861536
2450,2450,33,ramp,0,"[-0.5, -0.4333333373069763, -0.36666667461395264, -0.30000001192092896]",-0.7079523205757141,-0.5965027213096619,0.06011198088526726,0.5604645609855652,1.0838570594787598,0.0,0.0,13.175803504264183
2450,2450,33,ramp,1,"[-0.47999998927116394, -0.41333332657814026, -0.3466666638851166, -0.2800000011920929]",-0.5440571904182434,-0.8143696188926697,0.0776083916425705,0.700738251209259,1.2067532539367676,0.3071000277996063,13.175803504264183,18.72092873258566
2450,2450,33,ramp,2,"[-0.46000000834465027, -0.3933333456516266, -0.3266666829586029, -0.2600000202655792]",-0.5889699459075928,-0.8811556100845337,0.05371275171637535,0.7535529732704163,1.3015559911727905,0.09918629378080368,18.72092873258566,24.015671558032963
2450,2450,33,ramp,3,"[-0.4399999976158142, -0.3733333349227905, -0.30666667222976685, -0.24000000953674316]",-0.5976004600524902,-0.9073729515075684,0.04784645885229111,0.7587756514549255,1.3260775804519653,0.028697118163108826,24.015671558032963,29.117589683114435
2475,2475,33,zero_hold,0,"[0.0, 0.0, 0.0, 0.0]",-0.28408366441726685,0.0386417955160141,-0.19081178307533264,0.5797052979469299,0.6742878556251526,0.0,0.0,8.411930154322595
2475,2475,33,zero_hold,1,"[0.0, 0.0, 0.0, 0.0]",-0.39243394136428833,0.1695856750011444,-0.21335898339748383,0.5700613260269165,0.7438116073608398,0.17171913385391235,8.411930154322595,12.090482005080622
2475,2475,33,zero_hold,2,"[0.0, 0.0, 0.0, 0.0]",0.10095679014921188,0.1578306257724762,-0.27745482325553894,0.6001097559928894,0.6871795058250427,0.49858176708221436,12.090482005080622,15.267926304099394
2475,2475,33,zero_hold,3,"[0.0, 0.0, 0.0, 0.0]",0.3025552034378052,0.05389486998319626,-0.3450615108013153,0.6025068759918213,0.759293258190155,0.23668749630451202,15.267926304099394,18.040967129747983
2475,2475,33,target_ahead,0,"[0.0, 0.0, 0.0, 0.0]",1.365695595741272,-0.3455052971839905,-0.45513981580734253,0.46101993322372437,1.5505450963974,0.0,0.0,12.707169526880483
2475,2475,33,target_ahead,1,"[0.009999999776482582, 0.0, 0.0, 0.0]",1.3091884851455688,-0.5161252021789551,-0.4820895195007324,0.45153170824050903,1.5545580387115479,0.18199044466018677,12.707169526880483,17.1265175384327
2475,2475,33,target_ahead,2,"[0.019999999552965164, 0.0, 0.0, 0.0]",1.3305927515029907,-0.5688348412513733,-0.43760451674461365,0.4949471950531006,1.5907610654830933,0.08426309376955032,17.1265175384327,21.21489673346936
2475,2475,33,target_ahead,3,"[0.029999999329447746, 0.0, 0.0, 0.0]",1.3038636445999146,-0.5794584155082703,-0.3985826373100281,0.5472267866134644,1.5792902708053589,0.0712963417172432,21.21489673346936,25.30370660193566
2475,2475,33,target_left,0,"[0.0, 0.0, 0.0, 0.0]",-0.45580458641052246,-1.0374805927276611,0.11158561706542969,0.30236315727233887,1.178133487701416,0.0,0.0,13.141956143789708
2475,2475,33,target_left,1,"[0.009999999776482582, 0.0, 0.0, 0.0]",-0.43861472606658936,-1.1400418281555176,0.13535594940185547,0.32438814640045166,1.2710732221603394,0.10892394930124283,13.141956143789708,18.503070098314982
2475,2475,33,target_left,2,"[0.019999999552965164, 0.0, 0.0, 0.0]",-0.3260044455528259,-1.193314552307129,0.14222726225852966,0.36278724670410156,1.296966314315796,0.13054028153419495,18.503070098314982,23.887867770814687
2475,2475,33,target_left,3,"[0.029999999329447746, 0.0, 0.0, 0.0]",-0.2808234691619873,-1.1932177543640137,0.13483485579490662,0.3844141960144043,1.2917373180389404,0.0506330169737339,23.887867770814687,29.202830889543172
2475,2475,33,ramp,0,"[-0.5, -0.4333333373069763, -0.36666667461395264, -0.30000001192092896]",-0.7047619223594666,-0.5817871689796448,0.06306768208742142,0.5851434469223022,1.0869848728179932,0.0,0.0,13.211252134199972
2475,2475,33,ramp,1,"[-0.47999998927116394, -0.41333332657814026, -0.3466666638851166, -0.2800000011920929]",-0.5165780186653137,-0.8187808990478516,0.08509393781423569,0.7241869568824768,1.211999535560608,0.33376258611679077,13.211252134199972,18.747746347137273
2475,2475,33,ramp,2,"[-0.46000000834465027, -0.3933333456516266, -0.3266666829586029, -0.2600000202655792]",-0.5650089383125305,-0.8965874314308167,0.058256324380636215,0.7801463603973389,1.317241907119751,0.11068478971719742,18.747746347137273,24.07877376308033
2475,2475,33,ramp,3,"[-0.4399999976158142, -0.3733333349227905, -0.30666667222976685, -0.24000000953674316]",-0.5752540230751038,-0.923687756061554,0.053031694144010544,0.7859595417976379,1.3433767557144165,0.03000798635184765,24.07877376308033,29.236449934585703
2500,2500,33,zero_hold,0,"[0.0, 0.0, 0.0, 0.0]",-0.31684279441833496,0.04387378320097923,-0.18306705355644226,0.5972528457641602,0.7018110752105713,0.0,0.0,8.432964943163393
2500,2500,33,zero_hold,1,"[0.0, 0.0, 0.0, 0.0]",-0.4446650445461273,0.17801617085933685,-0.20356327295303345,0.5887945890426636,0.7858331799507141,0.1866128146648407,8.432964943163393,12.13479325097494
2500,2500,33,zero_hold,2,"[0.0, 0.0, 0.0, 0.0]",0.08976110816001892,0.17158521711826324,-0.27104511857032776,0.6212731599807739,0.7049427628517151,0.5396863222122192,12.13479325097494,15.3360272799431
2500,2500,33,zero_hold,3,"[0.0, 0.0, 0.0, 0.0]",0.2803525924682617,0.07480622828006744,-0.33595573902130127,0.6254656910896301,0.7669857740402222,0.22343288362026215,15.3360272799431,18.116434423626796
2500,2500,33,target_ahead,0,"[0.0, 0.0, 0.0, 0.0]",1.3564746379852295,-0.3298293650150299,-0.4388315677642822,0.47985678911209106,1.5400151014328003,0.0,0.0,12.686484804850597
2500,2500,33,target_ahead,1,"[0.009999999776482582, 0.0, 0.0, 0.0]",1.3261353969573975,-0.47766435146331787,-0.4447043538093567,0.4773975610733032,1.5532124042510986,0.15105028450489044,12.686484804850597,17.085007375564434
2500,2500,33,target_ahead,2,"[0.019999999552965164, 0.0, 0.0, 0.0]",1.3554730415344238,-0.5137494802474976,-0.389724463224411,0.5252029895782471,1.5902732610702515,0.08643484115600586,17.085007375564434,21.1593428880475
2500,2500,33,target_ahead,3,"[0.029999999329447746, 0.0, 0.0, 0.0]",1.3339061737060547,-0.5194642543792725,-0.3436817526817322,0.5845396518707275,1.5839673280715942,0.07834895700216293,21.1593428880475,25.2396676334206
2500,2500,33,target_left,0,"[0.0, 0.0, 0.0, 0.0]",-0.47254130244255066,-1.035575032234192,0.11598082631826401,0.32402676343917847,1.1891827583312988,0.0,0.0,13.131629843626163
2500,2500,33,target_left,1,"[0.009999999776482582, 0.0, 0.0, 0.0]",-0.46125900745391846,-1.1230112314224243,0.13997483253479004,0.35930341482162476,1.2738155126571655,0.09794148057699203,13.131629843626163,18.50777397164611
2500,2500,33,target_left,2,"[0.019999999552965164, 0.0, 0.0, 0.0]",-0.3482827842235565,-1.1726481914520264,0.1450604647397995,0.40107059478759766,1.2954940795898438,0.1303756684064865,18.50777397164611,23.912006857810177
2500,2500,33,target_left,3,"[0.029999999329447746, 0.0, 0.0, 0.0]",-0.30557185411453247,-1.170060634613037,0.13668856024742126,0.4233071208000183,1.2885220050811768,0.048943549394607544,23.912006857810177,29.250683049224882
2500,2500,33,ramp,0,"[-0.5, -0.4333333373069763, -0.36666667461395264, -0.30000001192092896]",-0.6924951672554016,-0.6020869016647339,0.0637412965297699,0.6222752332687378,1.1105618476867676,0.0,0.0,13.227986607853488
2500,2500,33,ramp,1,"[-0.47999998927116394, -0.41333332657814026, -0.3466666638851166, -0.2800000011920929]",-0.5161740183830261,-0.8271461725234985,0.0861230194568634,0.7550317049026489,1.2361619472503662,0.31601589918136597,13.227986607853488,18.7930137543197
2500,2500,33,ramp,2,"[-0.46000000834465027, -0.3933333456516266, -0.3266666829586029, -0.2600000202655792]",-0.564449667930603,-0.9002372026443481,0.058273088186979294,0.8150111436843872,1.340398907661438,0.10975421965122223,18.7930137543197,24.16088708490334
2500,2500,33,ramp,3,"[-0.4399999976158142, -0.3733333349227905, -0.30666667222976685, -0.24000000953674316]",-0.5748434066772461,-0.9245193004608154,0.05320105701684952,0.820024311542511,1.3639835119247437,0.02735886350274086,24.16088708490334,29.356649832390836
2525,2525,33,zero_hold,0,"[0.0, 0.0, 0.0, 0.0]",-0.3390887975692749,0.06203528121113777,-0.1957789808511734,0.5757912397384644,0.6990669369697571,0.0,0.0,8.404570327952442
2525,2525,33,zero_hold,1,"[0.0, 0.0, 0.0, 0.0]",-0.47819629311561584,0.20564334094524384,-0.20655925571918488,0.5862316489219666,0.8107374310493469,0.2004978507757187,8.404570327952442,12.103410958024284
2525,2525,33,zero_hold,2,"[0.0, 0.0, 0.0, 0.0]",0.06288713961839676,0.20526784658432007,-0.26889151334762573,0.6305161714553833,0.718291699886322,0.5464593768119812,12.103410958024284,15.296051011470086
2525,2525,33,zero_hold,3,"[0.0, 0.0, 0.0, 0.0]",0.25736549496650696,0.10741157084703445,-0.3332391083240509,0.6419259309768677,0.7751718759536743,0.2273070216178894,15.296051011470086,18.05977830025716
2525,2525,33,target_ahead,0,"[0.0, 0.0, 0.0, 0.0]",1.3296226263046265,-0.29828351736068726,-0.4496927559375763,0.42583438754081726,1.4968059062957764,0.0,0.0,12.703353344595932
2525,2525,33,target_ahead,1,"[0.009999999776482582, 0.0, 0.0, 0.0]",1.2952907085418701,-0.46742039918899536,-0.4225773513317108,0.41115880012512207,1.4979596138000488,0.17531852424144745,12.703353344595932,17.11304285742775
2525,2525,33,target_ahead,2,"[0.019999999552965164, 0.0, 0.0, 0.0]",1.3290748596191406,-0.5214676856994629,-0.35236456990242004,0.4373968839645386,1.5342246294021606,0.09839080274105072,17.11304285742775,21.191436681137372
2525,2525,33,target_ahead,3,"[0.029999999329447746, 0.0, 0.0, 0.0]",1.309386968612671,-0.5360875129699707,-0.2972797453403473,0.485970675945282,1.5252628326416016,0.07742805778980255,21.191436681137372,25.280791346086946
2525,2525,33,target_left,0,"[0.0, 0.0, 0.0, 0.0]",-0.4623189866542816,-1.0310152769088745,0.09730997681617737,0.3051198422908783,1.1744354963302612,0.0,0.0,13.08798437996687
2525,2525,33,target_left,1,"[0.009999999776482582, 0.0, 0.0, 0.0]",-0.4103688895702362,-1.1328155994415283,0.1274484097957611,0.3550640046596527,1.262532114982605,0.12831547856330872,13.08798437996687,18.434458139463903
2525,2525,33,target_left,2,"[0.019999999552965164, 0.0, 0.0, 0.0]",-0.2903733551502228,-1.1860376596450806,0.135048970580101,0.39629483222961426,1.2908484935760498,0.13780154287815094,18.434458139463903,23.810445631796444
2525,2525,33,target_left,3,"[0.029999999329447746, 0.0, 0.0, 0.0]",-0.2616429924964905,-1.1882662773132324,0.13190042972564697,0.416416198015213,1.2927621603012085,0.03528715297579765,23.810445631796444,29.122983073002594
2525,2525,33,ramp,0,"[-0.5, -0.4333333373069763, -0.36666667461395264, -0.30000001192092896]",-0.7322606444358826,-0.5919549465179443,0.0236787311732769,0.5902318954467773,1.1115533113479614,0.0,0.0,13.200290732171633
2525,2525,33,ramp,1,"[-0.47999998927116394, -0.41333332657814026, -0.3466666638851166, -0.2800000011920929]",-0.5364739298820496,-0.8321664333343506,0.05003150552511215,0.7508426904678345,1.2436130046844482,0.3500347137451172,13.200290732171633,18.77218524577982
2525,2525,33,ramp,2,"[-0.46000000834465027, -0.3933333456516266, -0.3266666829586029, -0.2600000202655792]",-0.575678288936615,-0.9080370664596558,0.024863112717866898,0.8171839118003845,1.3506829738616943,0.11103125661611557,18.77218524577982,24.134889902060717
2525,2525,33,ramp,3,"[-0.4399999976158142, -0.3733333349227905, -0.30666667222976685, -0.24000000953674316]",-0.5754384398460388,-0.9327857494354248,0.021653179079294205,0.8247907161712646,1.3718481063842773,0.026090649887919426,24.134889902060717,29.306964292039602
2550,2550,33,zero_hold,0,"[0.0, 0.0, 0.0, 0.0]",-0.3161010146141052,0.06442435830831528,-0.19103969633579254,0.5917385816574097,0.7005148530006409,0.0,0.0,8.401346464295683
2550,2550,33,zero_hold,1,"[0.0, 0.0, 0.0, 0.0]",-0.42029476165771484,0.20688454806804657,-0.2057115137577057,0.6172893047332764,0.8017557263374329,0.17893950641155243,8.401346464295683,12.098573562552298
2550,2550,33,zero_hold,2,"[0.0, 0.0, 0.0, 0.0]",0.09698672592639923,0.1891031116247177,-0.2691582441329956,0.6623101234436035,0.7458332777023315,0.5234010815620422,12.098573562552298,15.278188850669231
2550,2550,33,zero_hold,3,"[0.0, 0.0, 0.0, 0.0]",0.27315837144851685,0.08962476998567581,-0.3303053379058838,0.6677298545837402,0.7985066771507263,0.21142546832561493,15.278188850669231,18.03854616412538
2550,2550,33,target_ahead,0,"[0.0, 0.0, 0.0, 0.0]",1.3825222253799438,-0.3008502721786499,-0.4416135251522064,0.4266090989112854,1.5423672199249268,0.0,0.0,12.694979797316874
2550,2550,33,target_ahead,1,"[0.009999999776482582, 0.0, 0.0, 0.0]",1.3233665227890015,-0.4712294042110443,-0.402986079454422,0.41571083664894104,1.5193977355957031,0.18476822972297668,12.694979797316874,17.114535463314724
2550,2550,33,target_ahead,2,"[0.019999999552965164, 0.0, 0.0, 0.0]",1.351791262626648,-0.5256449580192566,-0.3351053297519684,0.45164400339126587,1.5556092262268066,0.09832602739334106,17.114535463314724,21.201579738186684
2550,2550,33,target_ahead,3,"[0.029999999329447746, 0.0, 0.0, 0.0]",1.32951819896698,-0.5344673991203308,-0.2899749279022217,0.5037896633148193,1.5463387966156006,0.0730058029294014,21.201579738186684,25.301618005559195
2550,2550,33,target_left,0,"[0.0, 0.0, 0.0, 0.0]",-0.5003343820571899,-1.0213065147399902,0.08460642397403717,0.3191397488117218,1.1842339038848877,0.0,0.0,13.090070431280875
2550,2550,33,target_left,1,"[0.009999999776482582, 0.0, 0.0, 0.0]",-0.4536864459514618,-1.109533667564392,0.11803479492664337,0.3762129247188568,1.2618893384933472,0.11972828954458237,13.090070431280875,18.433746911604675
2550,2550,33,target_left,2,"[0.019999999552965164, 0.0, 0.0, 0.0]",-0.338021457195282,-1.1606478691101074,0.12528307735919952,0.4185790717601776,1.2854050397872925,0.13356076180934906,18.433746911604675,23.81931029411442
2550,2550,33,target_left,3,"[0.029999999329447746, 0.0, 0.0, 0.0]",-0.29804688692092896,-1.161681056022644,0.12200211733579636,0.436974436044693,1.2822504043579102,0.04413828253746033,23.81931029411442,29.148777599575162
2550,2550,33,ramp,0,"[-0.5, -0.4333333373069763, -0.36666667461395264, -0.30000001192092896]",-0.744002103805542,-0.6198899745941162,0.029776982963085175,0.6268504858016968,1.1539630889892578,0.0,0.0,13.216634901327888
2550,2550,33,ramp,1,"[-0.47999998927116394, -0.41333332657814026, -0.3466666638851166, -0.2800000011920929]",-0.538612425327301,-0.8574577569961548,0.0675685927271843,0.7948933839797974,1.289091944694519,0.35817593336105347,13.216634901327888,18.762265702759905
2550,2550,33,ramp,2,"[-0.46000000834465027, -0.3933333456516266, -0.3266666829586029, -0.2600000202655792]",-0.5732527375221252,-0.9309099912643433,0.04452011361718178,0.859909176826477,1.3916313648223877,0.10655265301465988,18.762265702759905,24.14324635092771
2550,2550,33,ramp,3,"[-0.4399999976158142, -0.3733333349227905, -0.30666667222976685, -0.24000000953674316]",-0.5690969824790955,-0.9508286714553833,0.04194958135485649,0.8624445796012878,1.404819130897522,0.020665429532527924,24.14324635092771,29.348172416843024
2575,2575,33,zero_hold,0,"[0.0, 0.0, 0.0, 0.0]",-0.36050117015838623,0.049158237874507904,-0.1736002415418625,0.5806333422660828,0.7068590521812439,0.0,0.0,8.410493268809374
2575,2575,33,zero_hold,1,"[0.0, 0.0, 0.0, 0.0]",-0.4641086757183075,0.1974916160106659,-0.18608102202415466,0.6057308316230774,0.8098986148834229,0.18309275805950165,8.410493268809374,12.110504867552626
2575,2575,33,zero_hold,2,"[0.0, 0.0, 0.0, 0.0]",0.0868055447936058,0.18287068605422974,-0.2490222305059433,0.654793381690979,0.7292073369026184,0.5568563342094421,12.110504867552626,15.29281003502802
2575,2575,33,zero_hold,3,"[0.0, 0.0, 0.0, 0.0]",0.2893759310245514,0.08503709733486176,-0.3105960190296173,0.667784571647644,0.7958491444587708,0.23359423875808716,15.29281003502802,18.050435522789154
2575,2575,33,target_ahead,0,"[0.0, 0.0, 0.0, 0.0]",1.3895468711853027,-0.32674992084503174,-0.43771418929100037,0.4095250368118286,1.5481958389282227,0.0,0.0,12.722852350195682
2575,2575,33,target_ahead,1,"[0.009999999776482582, 0.0, 0.0, 0.0]",1.3352701663970947,-0.4996888041496277,-0.39849933981895447,0.39233702421188354,1.5314586162567139,0.18624459207057953,12.722852350195682,17.168210148146073
2575,2575,33,target_ahead,2,"[0.019999999552965164, 0.0, 0.0, 0.0]",1.350069284439087,-0.5495822429656982,-0.32765766978263855,0.42617470026016235,1.5536125898361206,0.09419076144695282,17.168210148146073,21.280251991277336
2575,2575,33,target_ahead,3,"[0.029999999329447746, 0.0, 0.0, 0.0]",1.3210279941558838,-0.5525166392326355,-0.28491365909576416,0.4734461307525635,1.534834384918213,0.07009740173816681,21.280251991277336,25.396945356105743
2575,2575,33,target_left,0,"[0.0, 0.0, 0.0, 0.0]",-0.5388653874397278,-1.036192774772644,0.11536276340484619,0.283387154340744,1.2073476314544678,0.0,0.0,13.109983545925822
2575,2575,33,target_left,1,"[0.009999999776482582, 0.0, 0.0, 0.0]",-0.49032795429229736,-1.1072574853897095,0.14064471423625946,0.34008920192718506,1.2656548023223877,0.10611490905284882,13.109983545925822,18.470031595646677
2575,2575,33,target_left,2,"[0.019999999552965164, 0.0, 0.0, 0.0]",-0.3637126386165619,-1.1554181575775146,0.1471884399652481,0.3829551637172699,1.278904676437378,0.14223642647266388,18.470031595646677,23.870882128900156
2575,2575,33,target_left,3,"[0.029999999329447746, 0.0, 0.0, 0.0]",-0.31807848811149597,-1.1548064947128296,0.1429082304239273,0.3999144434928894,1.2708683013916016,0.048875220119953156,23.870882128900156,29.21980378822387
2575,2575,33,ramp,0,"[-0.5, -0.4333333373069763, -0.36666667461395264, -0.30000001192092896]",-0.7447747588157654,-0.6659130454063416,0.05572441220283508,0.6088157296180725,1.1712777614593506,0.0,0.0,13.22253516413011
2575,2575,33,ramp,1,"[-0.47999998927116394, -0.41333332657814026, -0.3466666638851166, -0.2800000011920929]",-0.5504083633422852,-0.8903014063835144,0.09878304600715637,0.7948159575462341,1.3179819583892822,0.3529568910598755,13.22253516413011,18.79386264481469
2575,2575,33,ramp,2,"[-0.46000000834465027, -0.3933333456516266, -0.3266666829586029, -0.2600000202655792]",-0.6037625670433044,-0.9562954306602478,0.07330916821956635,0.8557897806167603,1.4201340675354004,0.10755746066570282,18.79386264481469,24.197327279043854
2575,2575,33,ramp,3,"[-0.4399999976158142, -0.3733333349227905, -0.30666667222976685, -0.24000000953674316]",-0.6015247702598572,-0.9759302735328674,0.0716058686375618,0.8566029667854309,1.4328880310058594,0.019851883873343468,24.197327279043854,29.430981446453636
2600,2600,33,zero_hold,0,"[0.0, 0.0, 0.0, 0.0]",-0.35598239302635193,0.07543431967496872,-0.17708232998847961,0.5567695498466492,0.6883053779602051,0.0,0.0,8.410377170567202
2600,2600,33,zero_hold,1,"[0.0, 0.0, 0.0, 0.0]",-0.4818052053451538,0.22997048497200012,-0.1966848373413086,0.5940231680870056,0.8225394487380981,0.20367839932441711,8.410377170567202,12.110783226909554
2600,2600,33,zero_hold,2,"[0.0, 0.0, 0.0, 0.0]",0.03821473568677902,0.20977669954299927,-0.2658049762248993,0.6459168791770935,0.7302927374839783,0.5275406241416931,12.110783226909554,15.27503631377991
2600,2600,33,zero_hold,3,"[0.0, 0.0, 0.0, 0.0]",0.25562620162963867,0.1085459515452385,-0.32946693897247314,0.6566249132156372,0.785386323928833,0.24836045503616333,15.27503631377991,18.030715435386806
2600,2600,33,target_ahead,0,"[0.0, 0.0, 0.0, 0.0]",1.3764716386795044,-0.27723821997642517,-0.4397898018360138,0.3741476535797119,1.5182018280029297,0.0,0.0,12.73848549728743
2600,2600,33,target_ahead,1,"[0.009999999776482582, 0.0, 0.0, 0.0]",1.3152683973312378,-0.468565970659256,-0.40196627378463745,0.35564887523651123,1.4958436489105225,0.20524367690086365,12.73848549728743,17.244710407888547
2600,2600,33,target_ahead,2,"[0.019999999552965164, 0.0, 0.0, 0.0]",1.326074481010437,-0.5317779779434204,-0.3389261066913605,0.38784727454185486,1.5187355279922485,0.09551612287759781,17.244710407888547,21.41352753883587
2600,2600,33,target_ahead,3,"[0.029999999329447746, 0.0, 0.0, 0.0]",1.2841860055923462,-0.5511249303817749,-0.2947187125682831,0.4337700605392456,1.492611050605774,0.07869018614292145,21.41352753883587,25.580503973448845
2600,2600,33,target_left,0,"[0.0, 0.0, 0.0, 0.0]",-0.5609971284866333,-1.0204671621322632,0.10406337678432465,0.2746935486793518,1.200981616973877,0.0,0.0,13.07707767842682
2600,2600,33,target_left,1,"[0.009999999776482582, 0.0, 0.0, 0.0]",-0.5186945796012878,-1.090757131576538,0.12366221100091934,0.33879995346069336,1.2605050802230835,0.10594305396080017,13.07707767842682,18.424065519663
2600,2600,33,target_left,2,"[0.019999999552965164, 0.0, 0.0, 0.0]",-0.40529775619506836,-1.1389285326004028,0.12785574793815613,0.3813806176185608,1.2740576267242432,0.1304224729537964,18.424065519663,23.821165577996837
2600,2600,33,target_left,3,"[0.029999999329447746, 0.0, 0.0, 0.0]",-0.35928481817245483,-1.1385911703109741,0.12323698401451111,0.3970942795276642,1.2642573118209839,0.048842158168554306,23.821165577996837,29.171640315936987
2600,2600,33,ramp,0,"[-0.5, -0.4333333373069763, -0.36666667461395264, -0.30000001192092896]",-0.7644786834716797,-0.6887467503547668,0.03774728253483772,0.60765141248703,1.195602297782898,0.0,0.0,13.201523878141922
2600,2600,33,ramp,1,"[-0.47999998927116394, -0.41333332657814026, -0.3466666638851166, -0.2800000011920929]",-0.5650014281272888,-0.8800831437110901,0.07060112804174423,0.823870062828064,1.3332364559173584,0.3524637222290039,13.201523878141922,18.807856507006964
2600,2600,33,ramp,2,"[-0.46000000834465027, -0.3933333456516266, -0.3266666829586029, -0.2600000202655792]",-0.6182498931884766,-0.9371078014373779,0.04479864239692688,0.8800787925720215,1.4272174835205078,0.09956103563308716,18.807856507006964,24.226601407692634
2600,2600,33,ramp,3,"[-0.4399999976158142, -0.3733333349227905, -0.30666667222976685, -0.24000000953674316]",-0.6117373704910278,-0.9536135196685791,0.04114948585629463,0.8801010847091675,1.4352256059646606,0.018115421757102013,24.226601407692634,29.461851295609208
2625,2625,33,zero_hold,0,"[0.0, 0.0, 0.0, 0.0]",-0.35797810554504395,0.08295916020870209,-0.15409432351589203,0.5579160451889038,0.6855989694595337,0.0,0.0,8.378999864648897
2625,2625,33,zero_hold,1,"[0.0, 0.0, 0.0, 0.0]",-0.45587316155433655,0.24166159331798553,-0.16344000399112701,0.605437695980072,0.8120887279510498,0.19265396893024445,8.378999864648897,12.064026639699176
2625,2625,33,zero_hold,2,"[0.0, 0.0, 0.0, 0.0]",0.057489946484565735,0.2185613363981247,-0.22797100245952606,0.6669723987579346,0.7402006983757019,0.5215612053871155,12.064026639699176,15.203430415450342
2625,2625,33,zero_hold,3,"[0.0, 0.0, 0.0, 0.0]",0.27575886249542236,0.10972274839878082,-0.29247981309890747,0.6797048449516296,0.7972609996795654,0.2526077330112457,15.203430415450342,17.926777641381594
2625,2625,33,target_ahead,0,"[0.0, 0.0, 0.0, 0.0]",1.3529313802719116,-0.24414972960948944,-0.4270568788051605,0.38668251037597656,1.4906151294708252,0.0,0.0,12.729569937035667
2625,2625,33,target_ahead,1,"[0.009999999776482582, 0.0, 0.0, 0.0]",1.312029242515564,-0.44513633847236633,-0.3799290359020233,0.3602758049964905,1.4811184406280518,0.2121012657880783,12.729569937035667,17.19640455618734
2625,2625,33,target_ahead,2,"[0.019999999552965164, 0.0, 0.0, 0.0]",1.3318060636520386,-0.5067409873008728,-0.3043707311153412,0.3989635705947876,1.5107307434082031,0.10673357546329498,17.19640455618734,21.322589003739008
2625,2625,33,target_ahead,3,"[0.029999999329447746, 0.0, 0.0, 0.0]",1.2995045185089111,-0.5251350998878479,-0.25515300035476685,0.4510350823402405,1.494327425956726,0.08071901649236679,21.322589003739008,25.45573548500823
2625,2625,33,target_left,0,"[0.0, 0.0, 0.0, 0.0]",-0.5843110084533691,-1.0199159383773804,0.10814489424228668,0.28831934928894043,1.2151013612747192,0.0,0.0,13.052944525533036
2625,2625,33,target_left,1,"[0.009999999776482582, 0.0, 0.0, 0.0]",-0.536866307258606,-1.0818259716033936,0.12834833562374115,0.35180914402008057,1.2644429206848145,0.10258159786462784,13.052944525533036,18.39434497619643
2625,2625,33,target_left,2,"[0.019999999552965164, 0.0, 0.0, 0.0]",-0.4110392928123474,-1.13607919216156,0.1330786794424057,0.39483642578125,1.2779808044433594,0.14369958639144897,18.39434497619643,23.76400859096243
2625,2625,33,target_left,3,"[0.029999999329447746, 0.0, 0.0, 0.0]",-0.3558966815471649,-1.1391918659210205,0.12774452567100525,0.4113735556602478,1.2688449621200562,0.05789927765727043,23.76400859096243,29.08049513800321
2625,2625,33,ramp,0,"[-0.5, -0.4333333373069763, -0.36666667461395264, -0.30000001192092896]",-0.8339283466339111,-0.6695554852485657,0.05918661132454872,0.5911840796470642,1.223414421081543,0.0,0.0,13.194420336003986
2625,2625,33,ramp,1,"[-0.47999998927116394, -0.41333332657814026, -0.3466666638851166, -0.2800000011920929]",-0.5842414498329163,-0.8668801188468933,0.08476074039936066,0.8244039416313171,1.334033489227295,0.3953809440135956,13.194420336003986,18.77078687830754
2625,2625,33,ramp,2,"[-0.46000000834465027, -0.3933333456516266, -0.3266666829586029, -0.2600000202655792]",-0.6267910003662109,-0.9296432137489319,0.05811615288257599,0.8808719515800476,1.4270305633544922,0.09822545945644379,18.77078687830754,24.162501499375782
2625,2625,33,ramp,3,"[-0.4399999976158142, -0.3733333349227905, -0.30666667222976685, -0.24000000953674316]",-0.619676947593689,-0.9492685198783875,0.0536159873008728,0.8809022903442383,1.4366536140441895,0.02135450206696987,24.162501499375782,29.38051244575649
2650,2650,33,zero_hold,0,"[0.0, 0.0, 0.0, 0.0]",-0.3356495499610901,0.11192109435796738,-0.16139492392539978,0.5466893911361694,0.6708983182907104,0.0,0.0,8.377271672653851
2650,2650,33,zero_hold,1,"[0.0, 0.0, 0.0, 0.0]",-0.4179827570915222,0.27987369894981384,-0.17509296536445618,0.5903191566467285,0.7950931787490845,0.19255656003952026,8.377271672653851,12.074500188705676
2650,2650,33,zero_hold,2,"[0.0, 0.0, 0.0, 0.0]",0.06729154288768768,0.24588799476623535,-0.23736156523227692,0.6498413681983948,0.7373082041740417,0.49403083324432373,12.074500188705676,15.20990726142635
2650,2650,33,zero_hold,3,"[0.0, 0.0, 0.0, 0.0]",0.2975461483001709,0.136248379945755,-0.3008221685886383,0.6522953510284424,0.7893545031547546,0.2628141939640045,15.20990726142635,17.936731890992135
2650,2650,33,target_ahead,0,"[0.0, 0.0, 0.0, 0.0]",1.3555508852005005,-0.1998642385005951,-0.43155235052108765,0.3513503670692444,1.4789010286331177,0.0,0.0,12.744169789215677
2650,2650,33,target_ahead,1,"[0.009999999776482582, 0.0, 0.0, 0.0]",1.338421106338501,-0.41640448570251465,-0.36362093687057495,0.3209437131881714,1.4832359552383423,0.22961348295211792,12.744169789215677,17.18561857295044
2650,2650,33,target_ahead,2,"[0.019999999552965164, 0.0, 0.0, 0.0]",1.3577160835266113,-0.4948153495788574,-0.2805803120136261,0.35201478004455566,1.513563632965088,0.11992379277944565,17.18561857295044,21.332858262746377
2650,2650,33,target_ahead,3,"[0.029999999329447746, 0.0, 0.0, 0.0]",1.3290112018585205,-0.5141438245773315,-0.2385978400707245,0.40012723207473755,1.4992148876190186,0.07262848317623138,21.332858262746377,25.501566443309393
2650,2650,33,target_left,0,"[0.0, 0.0, 0.0, 0.0]",-0.5883790850639343,-1.0214259624481201,0.08232321590185165,0.28032219409942627,1.2144376039505005,0.0,0.0,13.05880869365323
2650,2650,33,target_left,1,"[0.009999999776482582, 0.0, 0.0, 0.0]",-0.5320685505867004,-1.0956634283065796,0.09516823291778564,0.35228902101516724,1.2715108394622803,0.1184326633810997,13.05880869365323,18.402526977993634
2650,2650,33,target_left,2,"[0.019999999552965164, 0.0, 0.0, 0.0]",-0.4066370129585266,-1.1481631994247437,0.09710995852947235,0.39964574575424194,1.28560471534729,0.14399905502796173,18.402526977993634,23.773999833954438
2650,2650,33,target_left,3,"[0.029999999329447746, 0.0, 0.0, 0.0]",-0.3461141586303711,-1.1507693529129028,0.09133879840373993,0.41767066717147827,1.2754828929901123,0.0634666234254837,23.773999833954438,29.090939398736847
2650,2650,33,ramp,0,"[-0.5, -0.4333333373069763, -0.36666667461395264, -0.30000001192092896]",-0.8722385168075562,-0.6575281620025635,0.014211216010153294,0.6259357333183289,1.2590237855911255,0.0,0.0,13.171511409721397
2650,2650,33,ramp,1,"[-0.47999998927116394, -0.41333332657814026, -0.3466666638851166, -0.2800000011920929]",-0.5877650380134583,-0.8590221405029297,0.04065350443124771,0.8165746331214905,1.3235684633255005,0.3982051908969879,13.171511409721397,18.73137833681956
2650,2650,33,ramp,2,"[-0.46000000834465027, -0.3933333456516266, -0.3266666829586029, -0.2600000202655792]",-0.6218504905700684,-0.9322313666343689,0.009070315398275852,0.8800427317619324,1.4248898029327393,0.1074574664235115,18.73137833681956,24.109256359812317
2650,2650,33,ramp,3,"[-0.4399999976158142, -0.3733333349227905, -0.30666667222976685, -0.24000000953674316]",-0.6135415434837341,-0.9558719396591187,0.004756525624543428,0.8822901248931885,1.4382569789886475,0.025525962933897972,24.109256359812317,29.31196470542094
2675,2675,33,zero_hold,0,"[0.0, 0.0, 0.0, 0.0]",-0.3313480019569397,0.10177658498287201,-0.1615600287914276,0.5400678515434265,0.6617589592933655,0.0,0.0,8.357292190359175
2675,2675,33,zero_hold,1,"[0.0, 0.0, 0.0, 0.0]",-0.4310398995876312,0.2733026146888733,-0.17172321677207947,0.6008853912353516,0.8068715929985046,0.207753986120224,8.357292190359175,12.041166435771823
2675,2675,33,zero_hold,2,"[0.0, 0.0, 0.0, 0.0]",0.042954716831445694,0.2442275583744049,-0.24008074402809143,0.6650777459144592,0.7493059039115906,0.48405542969703674,12.041166435771823,15.160459600473128
2675,2675,33,zero_hold,3,"[0.0, 0.0, 0.0, 0.0]",0.28549402952194214,0.13776233792304993,-0.30989813804626465,0.6695205569267273,0.8029819130897522,0.27396053075790405,15.160459600473128,17.886847573792554
2675,2675,33,target_ahead,0,"[0.0, 0.0, 0.0, 0.0]",1.4129564762115479,-0.18949328362941742,-0.448582261800766,0.33073264360427856,1.5306743383407593,0.0,0.0,12.777155178985096
2675,2675,33,target_ahead,1,"[0.009999999776482582, 0.0, 0.0, 0.0]",1.403238296508789,-0.41574230790138245,-0.3810705840587616,0.3151148855686188,1.5448079109191895,0.23682230710983276,12.777155178985096,17.21885186631981
2675,2675,33,target_ahead,2,"[0.019999999552965164, 0.0, 0.0, 0.0]",1.4218498468399048,-0.506369948387146,-0.30207887291908264,0.3418268859386444,1.5767576694488525,0.12455111742019653,17.21885186631981,21.38556930851321
2675,2675,33,target_ahead,3,"[0.029999999329447746, 0.0, 0.0, 0.0]",1.397444486618042,-0.5255658030509949,-0.26434987783432007,0.38508468866348267,1.5643662214279175,0.06525961309671402,21.38556930851321,25.58289363266006
2675,2675,33,target_left,0,"[0.0, 0.0, 0.0, 0.0]",-0.5982685089111328,-1.0198407173156738,0.08291426301002502,0.24910366535186768,1.2111679315567017,0.0,0.0,13.075159333235758
2675,2675,33,target_left,1,"[0.009999999776482582, 0.0, 0.0, 0.0]",-0.6008224487304688,-1.1026467084884644,0.09828507155179977,0.3344491124153137,1.3032011985778809,0.11993107199668884,13.075159333235758,18.434730093342143
2675,2675,33,target_left,2,"[0.019999999552965164, 0.0, 0.0, 0.0]",-0.5208844542503357,-1.159456491470337,0.1040731891989708,0.3908296525478363,1.3338812589645386,0.11326827853918076,18.434730093342143,23.8041395403003
2675,2675,33,target_left,3,"[0.029999999329447746, 0.0, 0.0, 0.0]",-0.4852066934108734,-1.1654289960861206,0.10008108615875244,0.41425466537475586,1.3323938846588135,0.043280959129333496,23.8041395403003,29.119432161900725
2675,2675,33,ramp,0,"[-0.5, -0.4333333373069763, -0.36666667461395264, -0.30000001192092896]",-0.8559231758117676,-0.661531925201416,0.01877843402326107,0.5356261134147644,1.2072601318359375,0.0,0.0,13.194568393380488
2675,2675,33,ramp,1,"[-0.47999998927116394, -0.41333332657814026, -0.3466666638851166, -0.2800000011920929]",-0.5707518458366394,-0.8727132678031921,0.045507267117500305,0.7686597108840942,1.2962619066238403,0.42536965012550354,13.194568393380488,18.746836112720622
2675,2675,33,ramp,2,"[-0.46000000834465027, -0.3933333456516266, -0.3266666829586029, -0.2600000202655792]",-0.612922728061676,-0.9485634565353394,0.014694486744701862,0.8430449366569519,1.4093925952911377,0.11838168650865555,18.746836112720622,24.12653571884261
2675,2675,33,ramp,3,"[-0.4399999976158142, -0.3733333349227905, -0.30666667222976685, -0.24000000953674316]",-0.6113208532333374,-0.9750471115112305,0.011797861196100712,0.8547455668449402,1.4335826635360718,0.029141811653971672,24.12653571884261,29.32834064028422
2700,2700,33,zero_hold,0,"[0.0, 0.0, 0.0, 0.0]",-0.33842402696609497,0.09850163757801056,-0.16874240338802338,0.5383656620979309,0.6652405261993408,0.0,0.0,4.396753802152698
2700,2700,33,zero_hold,1,"[0.0, 0.0, 0.0, 0.0]",-0.42899683117866516,0.2671201229095459,-0.17991024255752563,0.5896567702293396,0.7971538305282593,0.19847197830677032,4.396753802152698,7.143207290971605
2700,2700,33,zero_hold,2,"[0.0, 0.0, 0.0, 0.0]",0.06209505349397659,0.22947274148464203,-0.24606549739837646,0.6482539772987366,0.733004093170166,0.5003985166549683,7.143207290971605,9.454148024212575
2700,2700,33,zero_hold,3,"[0.0, 0.0, 0.0, 0.0]",0.30641621351242065,0.11940203607082367,-0.31134411692619324,0.6517256498336792,0.7936177849769592,0.2758291959762573,9.454148024212575,11.374500031071179
2700,2700,33,target_ahead,0,"[0.0, 0.0, 0.0, 0.0]",1.471770167350769,-0.1796731799840927,-0.45369061827659607,0.3296738266944885,1.5852160453796387,0.0,0.0,8.528710109443965
2700,2700,33,target_ahead,1,"[0.009999999776482582, 0.0, 0.0, 0.0]",1.4721139669418335,-0.38936102390289307,-0.3805570602416992,0.3236144185066223,1.6025826930999756,0.22215837240219116,8.528710109443965,12.391368833166865
2700,2700,33,target_ahead,2,"[0.019999999552965164, 0.0, 0.0, 0.0]",1.5034818649291992,-0.46845585107803345,-0.3022173345088959,0.35104578733444214,1.6414862871170044,0.11886769533157349,12.391368833166865,16.111772400884284
2700,2700,33,target_ahead,3,"[0.029999999329447746, 0.0, 0.0, 0.0]",1.488144040107727,-0.4811800718307495,-0.2689153552055359,0.39088118076324463,1.6343837976455688,0.05561506003141403,16.111772400884284,19.923947644229607
2700,2700,33,target_left,0,"[0.0, 0.0, 0.0, 0.0]",-0.5759104490280151,-1.0170555114746094,0.06254227459430695,0.26644641160964966,1.2004082202911377,0.0,0.0,8.110803161794365
2700,2700,33,target_left,1,"[0.009999999776482582, 0.0, 0.0, 0.0]",-0.5602757334709167,-1.114242434501648,0.0779721662402153,0.3483006954193115,1.297242522239685,0.12894940376281738,8.110803161794365,12.651877532191016
2700,2700,33,target_left,2,"[0.019999999552965164, 0.0, 0.0, 0.0]",-0.4735000729560852,-1.1717147827148438,0.08509351313114166,0.3998972177505493,1.3282606601715088,0.11638729274272919,12.651877532191016,17.066926522030556
2700,2700,33,target_left,3,"[0.029999999329447746, 0.0, 0.0, 0.0]",-0.4334719181060791,-1.1776270866394043,0.08245885372161865,0.421814501285553,1.3264352083206177,0.04609248414635658,17.066926522030556,21.34283407643761
2700,2700,33,ramp,0,"[-0.5, -0.4333333373069763, -0.36666667461395264, -0.30000001192092896]",-0.8475099802017212,-0.6539379954338074,-0.0058743031695485115,0.5351070761680603,1.1967798471450806,0.0,0.0,9.693774258373212
2700,2700,33,ramp,1,"[-0.47999998927116394, -0.41333332657814026, -0.3466666638851166, -0.2800000011920929]",-0.5624515414237976,-0.8783767819404602,0.014362857677042484,0.7732036709785461,1.2984405755996704,0.43443137407302856,9.693774258373212,14.284567891541231
2700,2700,33,ramp,2,"[-0.46000000834465027, -0.3933333456516266, -0.3266666829586029, -0.2600000202655792]",-0.600558340549469,-0.9590886235237122,-0.01798642799258232,0.8552440404891968,1.4185510873794556,0.12547361850738525,14.284567891541231,19.197374140770055
2700,2700,33,ramp,3,"[-0.4399999976158142, -0.3733333349227905, -0.30666667222976685, -0.24000000953674316]",-0.5977869033813477,-0.9849745035171509,-0.02028033882379532,0.8672193884849548,1.4422221183776855,0.02874770574271679,19.197374140770055,24.00119545228177
2725,2725,33,zero_hold,0,"[0.0, 0.0, 0.0, 0.0]",-0.3118050992488861,0.07436462491750717,-0.17129305005073547,0.5588254928588867,0.6666181683540344,0.0,0.0,4.396032522746282
2725,2725,33,zero_hold,1,"[0.0, 0.0, 0.0, 0.0]",-0.4020414352416992,0.23780277371406555,-0.17875796556472778,0.5988906621932983,0.7802640199661255,0.19109046459197998,4.396032522746282,7.139893235706428
2725,2725,33,zero_hold,2,"[0.0, 0.0, 0.0, 0.0]",0.06636805832386017,0.19338737428188324,-0.23575156927108765,0.6448638439178467,0.7164018154144287,0.4761742949485779,7.139893235706428,9.439887384490957
2725,2725,33,zero_hold,3,"[0.0, 0.0, 0.0, 0.0]",0.31042659282684326,0.0848635733127594,-0.2922554612159729,0.6425209641456604,0.7757660746574402,0.2730204463005066,9.439887384490957,11.35228576305052
2725,2725,33,target_ahead,0,"[0.0, 0.0, 0.0, 0.0]",1.5411771535873413,-0.192070871591568,-0.4830048680305481,0.3335495591163635,1.6603213548660278,0.0,0.0,8.548952631141383
2725,2725,33,target_ahead,1,"[0.009999999776482582, 0.0, 0.0, 0.0]",1.4983385801315308,-0.3726579248905182,-0.41468265652656555,0.3099481463432312,1.6284723281860352,0.19917775690555573,8.548952631141383,12.410912506410758
2725,2725,33,target_ahead,2,"[0.019999999552965164, 0.0, 0.0, 0.0]",1.5334832668304443,-0.45471012592315674,-0.33031129837036133,0.3368637263774872,1.6676075458526611,0.12574055790901184,12.410912506410758,16.09872979747986
2725,2725,33,target_ahead,3,"[0.029999999329447746, 0.0, 0.0, 0.0]",1.519990086555481,-0.473273366689682,-0.2810324430465698,0.3814564347267151,1.6609773635864258,0.0703105628490448,16.09872979747986,19.890280337158607
2725,2725,33,target_left,0,"[0.0, 0.0, 0.0, 0.0]",-0.5405640006065369,-1.0382897853851318,0.07942572236061096,0.29994499683380127,1.2110038995742798,0.0,0.0,8.115041441875725
2725,2725,33,target_left,1,"[0.009999999776482582, 0.0, 0.0, 0.0]",-0.5286337733268738,-1.1309118270874023,0.10325831174850464,0.37691396474838257,1.3081060647964478,0.12334255874156952,8.115041441875725,12.60926917561412
2725,2725,33,target_left,2,"[0.019999999552965164, 0.0, 0.0, 0.0]",-0.4387985169887543,-1.1909765005111694,0.11597761511802673,0.42501962184906006,1.3435258865356445,0.11897089332342148,12.60926917561412,16.957940816450378
2725,2725,33,target_left,3,"[0.029999999329447746, 0.0, 0.0, 0.0]",-0.4014745354652405,-1.1977205276489258,0.11688242852687836,0.44474875926971436,1.344313621520996,0.042762357741594315,16.957940816450378,21.158271618428458
2725,2725,33,ramp,0,"[-0.5, -0.4333333373069763, -0.36666667461395264, -0.30000001192092896]",-0.8037857413291931,-0.681484043598175,0.004461096134036779,0.5993748307228088,1.2123374938964844,0.0,0.0,9.699712468579559
2725,2725,33,ramp,1,"[-0.47999998927116394, -0.41333332657814026, -0.3466666638851166, -0.2800000011920929]",-0.5222920775413513,-0.8954369425773621,0.044123467057943344,0.822785496711731,1.3242051601409912,0.42011895775794983,9.699712468579559,14.30539279004978
2725,2725,33,ramp,2,"[-0.46000000834465027, -0.3933333456516266, -0.3266666829586029, -0.2600000202655792]",-0.5534489154815674,-0.9688773155212402,0.019002916291356087,0.8968985080718994,1.4317182302474976,0.1117497980594635,14.30539279004978,19.200756082472342
2725,2725,33,ramp,3,"[-0.4399999976158142, -0.3733333349227905, -0.30666667222976685, -0.24000000953674316]",-0.5489972233772278,-0.9920774102210999,0.01767890527844429,0.9066702723503113,1.451888084411621,0.02559887245297432,19.200756082472342,23.988145618429105
2750,2750,33,zero_hold,0,"[0.0, 0.0, 0.0, 0.0]",-0.298317551612854,0.09564509987831116,-0.16733115911483765,0.5630238652229309,0.6656852960586548,0.0,0.0,4.421675374288916
2750,2750,33,zero_hold,1,"[0.0, 0.0, 0.0, 0.0]",-0.4264763593673706,0.2790251076221466,-0.16486549377441406,0.6052938103675842,0.8082687258720398,0.22769658267498016,4.421675374288916,7.168223744724862
2750,2750,33,zero_hold,2,"[0.0, 0.0, 0.0, 0.0]",0.030496761202812195,0.24698849022388458,-0.2140619158744812,0.6552187204360962,0.7328488826751709,0.4634259045124054,7.168223744724862,9.468997891219802
2750,2750,33,zero_hold,3,"[0.0, 0.0, 0.0, 0.0]",0.2616986036300659,0.14471271634101868,-0.267974853515625,0.6645305752754211,0.7764273285865784,0.25866571068763733,9.468997891219802,11.369829570777124
2750,2750,33,target_ahead,0,"[0.0, 0.0, 0.0, 0.0]",1.5791654586791992,-0.1859433501958847,-0.48841506242752075,0.30231335759162903,1.6906452178955078,0.0,0.0,8.562103770101967
2750,2750,33,target_ahead,1,"[0.009999999776482582, 0.0, 0.0, 0.0]",1.509037971496582,-0.37633633613586426,-0.41604083776474,0.2717714011669159,1.632719874382019,0.21757341921329498,8.562103770101967,12.48716601755258
2750,2750,33,target_ahead,2,"[0.019999999552965164, 0.0, 0.0, 0.0]",1.541187047958374,-0.47439974546432495,-0.33184683322906494,0.2914595901966095,1.6719400882720947,0.13463376462459564,12.48716601755258,16.205003200578837
2750,2750,33,target_ahead,3,"[0.029999999329447746, 0.0, 0.0, 0.0]",1.524461269378662,-0.5008265972137451,-0.28048133850097656,0.33441904187202454,1.6629236936569214,0.07390574365854263,16.205003200578837,20.0225693762592
2750,2750,33,target_left,0,"[0.0, 0.0, 0.0, 0.0]",-0.5701028108596802,-1.0398415327072144,0.09118355810642242,0.3011288642883301,1.2268987894058228,0.0,0.0,8.139394643362083
2750,2750,33,target_left,1,"[0.009999999776482582, 0.0, 0.0, 0.0]",-0.5610988140106201,-1.1241497993469238,0.1092919334769249,0.3830409348011017,1.3180325031280518,0.11927470564842224,8.139394643362083,12.626052035381475
2750,2750,33,target_left,2,"[0.019999999552965164, 0.0, 0.0, 0.0]",-0.4901999831199646,-1.1824311017990112,0.11751185357570648,0.4340299069881439,1.3566982746124268,0.10531284660100937,12.626052035381475,16.94003405806988
2750,2750,33,target_left,3,"[0.029999999329447746, 0.0, 0.0, 0.0]",-0.46736955642700195,-1.1871827840805054,0.1164562851190567,0.45400696992874146,1.3592356443405151,0.030724650248885155,16.94003405806988,21.090683773496913
2750,2750,33,ramp,0,"[-0.5, -0.4333333373069763, -0.36666667461395264, -0.30000001192092896]",-0.8360926508903503,-0.6681140065193176,0.0031868363730609417,0.6099298596382141,1.231848955154419,0.0,0.0,9.727181904547729
2750,2750,33,ramp,1,"[-0.47999998927116394, -0.41333332657814026, -0.3466666638851166, -0.2800000011920929]",-0.5740090608596802,-0.8795248866081238,0.04211808368563652,0.8299407362937927,1.3392632007598877,0.4041074216365814,9.727181904547729,14.308452280441559
2750,2750,33,ramp,2,"[-0.46000000834465027, -0.3933333456516266, -0.3266666829586029, -0.2600000202655792]",-0.5858811736106873,-0.9615451693534851,0.01772793009877205,0.90851891040802,1.4469094276428223,0.11678048968315125,14.308452280441559,19.167238915274396
2750,2750,33,ramp,3,"[-0.4399999976158142, -0.3733333349227905, -0.30666667222976685, -0.24000000953674316]",-0.5780206918716431,-0.9881811738014221,0.013165566138923168,0.9207820296287537,1.4692251682281494,0.030699562281370163,19.167238915274396,23.936225596788727
2775,2775,33,zero_hold,0,"[0.0, 0.0, 0.0, 0.0]",-0.3045112192630768,0.08078018575906754,-0.17143790423870087,0.5763131380081177,0.6788080334663391,0.0,0.0,4.416435084115563
2775,2775,33,zero_hold,1,"[0.0, 0.0, 0.0, 0.0]",-0.4264231026172638,0.2679905295372009,-0.18284229934215546,0.6240972876548767,0.822547435760498,0.2287435382604599,4.416435084115563,7.166128747729371
2775,2775,33,zero_hold,2,"[0.0, 0.0, 0.0, 0.0]",0.031299151480197906,0.24091528356075287,-0.23955263197422028,0.6761934757232666,0.757392168045044,0.46494385600090027,7.166128747729371,9.474249944010369
2775,2775,33,zero_hold,3,"[0.0, 0.0, 0.0, 0.0]",0.24644452333450317,0.14099320769309998,-0.2900536358356476,0.6845813989639282,0.7958623170852661,0.24267810583114624,9.474249944010369,11.388062184590426
2775,2775,33,target_ahead,0,"[0.0, 0.0, 0.0, 0.0]",1.6196173429489136,-0.20198437571525574,-0.4855661988258362,0.3314570486545563,1.7348188161849976,0.0,0.0,8.54118259882045
2775,2775,33,target_ahead,1,"[0.009999999776482582, 0.0, 0.0, 0.0]",1.5507524013519287,-0.3600384593009949,-0.4072328209877014,0.31068745255470276,1.6723713874816895,0.1905018836259842,8.54118259882045,12.444830220082492
2775,2775,33,target_ahead,2,"[0.019999999552965164, 0.0, 0.0, 0.0]",1.584593415260315,-0.4412881135940552,-0.31959769129753113,0.34886643290519714,1.7115846872329712,0.1299394965171814,12.444830220082492,16.198092629166574
2775,2775,33,target_ahead,3,"[0.029999999329447746, 0.0, 0.0, 0.0]",1.5722841024398804,-0.4520324468612671,-0.27573901414871216,0.3975403308868408,1.7060132026672363,0.06752549111843109,16.198092629166574,20.063936423085075
2775,2775,33,target_left,0,"[0.0, 0.0, 0.0, 0.0]",-0.6079058051109314,-1.051776647567749,0.09090395271778107,0.2869039475917816,1.251543402671814,0.0,0.0,8.111335063449117
2775,2775,33,target_left,1,"[0.009999999776482582, 0.0, 0.0, 0.0]",-0.5785753130912781,-1.1292756795883179,0.10312899947166443,0.3774571120738983,1.3278262615203857,0.12335195392370224,8.111335063449117,12.588909276283081
2775,2775,33,target_left,2,"[0.019999999552965164, 0.0, 0.0, 0.0]",-0.5013136863708496,-1.1897392272949219,0.1091519147157669,0.4346090257167816,1.366599440574646,0.11370055377483368,12.588909276283081,16.885739595180493
2775,2775,33,target_left,3,"[0.029999999329447746, 0.0, 0.0, 0.0]",-0.4683517813682556,-1.1951314210891724,0.10760991275310516,0.4551915228366852,1.3661887645721436,0.039262957870960236,16.885739595180493,21.014934661735655
2775,2775,33,ramp,0,"[-0.5, -0.4333333373069763, -0.36666667461395264, -0.30000001192092896]",-0.8540757298469543,-0.7257480621337891,-0.0034046578221023083,0.6120651364326477,1.277024269104004,0.0,0.0,9.721556364950947
2775,2775,33,ramp,1,"[-0.47999998927116394, -0.41333332657814026, -0.3466666638851166, -0.2800000011920929]",-0.5714300870895386,-0.9092674851417542,0.020338330417871475,0.8385398983955383,1.362667441368103,0.4067216217517853,9.721556364950947,14.309247626767648
2775,2775,33,ramp,2,"[-0.46000000834465027, -0.3933333456516266, -0.3266666829586029, -0.2600000202655792]",-0.5941455364227295,-0.9798218607902527,-0.00490894028916955,0.9042765498161316,1.4597259759902954,0.10223817080259323,14.309247626767648,19.1525815296614
2775,2775,33,ramp,3,"[-0.4399999976158142, -0.3733333349227905, -0.30666667222976685, -0.24000000953674316]",-0.5913087725639343,-1.0039968490600586,-0.006302404683083296,0.9140532612800598,1.480941891670227,0.02626791037619114,19.1525815296614,23.910431270003716
2800,2800,33,zero_hold,0,"[0.0, 0.0, 0.0, 0.0]",-0.3196519911289215,0.06808710098266602,-0.16070137917995453,0.5706092119216919,0.6769291162490845,0.0,0.0,4.466292977854373
2800,2800,33,zero_hold,1,"[0.0, 0.0, 0.0, 0.0]",-0.444951593875885,0.2757328450679779,-0.16716501116752625,0.6189574003219604,0.8276852965354919,0.2473783940076828,4.466292977854373,7.2283467892733935
2800,2800,33,zero_hold,2,"[0.0, 0.0, 0.0, 0.0]",0.03208601847290993,0.26233869791030884,-0.2250218540430069,0.6652100682258606,0.7503268122673035,0.4829399585723877,7.2283467892733935,9.533986263330446
2800,2800,33,zero_hold,3,"[0.0, 0.0, 0.0, 0.0]",0.2503792643547058,0.16548551619052887,-0.2786000370979309,0.6662819385528564,0.7820644974708557,0.24475345015525818,9.533986263330446,11.406708738697908
2800,2800,33,target_ahead,0,"[0.0, 0.0, 0.0, 0.0]",1.5981897115707397,-0.19999104738235474,-0.45319950580596924,0.3007381558418274,1.7000118494033813,0.0,0.0,8.537639549318127
2800,2800,33,target_ahead,1,"[0.009999999776482582, 0.0, 0.0, 0.0]",1.5660449266433716,-0.35640445351600647,-0.3400801420211792,0.2654957175254822,1.663028359413147,0.1988377720117569,8.537639549318127,12.437943581775261
2800,2800,33,target_ahead,2,"[0.019999999552965164, 0.0, 0.0, 0.0]",1.612051010131836,-0.4416036903858185,-0.24031950533390045,0.2967906594276428,1.7145146131515503,0.14250272512435913,12.437943581775261,16.158506115789432
2800,2800,33,target_ahead,3,"[0.029999999329447746, 0.0, 0.0, 0.0]",1.614855170249939,-0.4498186707496643,-0.1940881311893463,0.34850460290908813,1.7231425046920776,0.06990723311901093,16.158506115789432,19.996574091443104
2800,2800,33,target_left,0,"[0.0, 0.0, 0.0, 0.0]",-0.6065053343772888,-1.0400508642196655,0.09361334890127182,0.3106341063976288,1.2469208240509033,0.0,0.0,8.117822932199484
2800,2800,33,target_left,1,"[0.009999999776482582, 0.0, 0.0, 0.0]",-0.5762315392494202,-1.1056588888168335,0.11361484974622726,0.40937185287475586,1.317200779914856,0.12397627532482147,8.117822932199484,12.569917685915184
2800,2800,33,target_left,2,"[0.019999999552965164, 0.0, 0.0, 0.0]",-0.493349552154541,-1.164237380027771,0.12186144292354584,0.46377402544021606,1.3523236513137817,0.1154489740729332,12.569917685915184,16.864345891444643
2800,2800,33,target_left,3,"[0.029999999329447746, 0.0, 0.0, 0.0]",-0.45126378536224365,-1.1714638471603394,0.12085042893886566,0.4829787611961365,1.3504961729049683,0.04683244228363037,16.864345891444643,20.997169010507065
2800,2800,33,ramp,0,"[-0.5, -0.4333333373069763, -0.36666667461395264, -0.30000001192092896]",-0.789929211139679,-0.731117308139801,0.01674511842429638,0.6579089760780334,1.2616043090820312,0.0,0.0,9.721692796632635
2800,2800,33,ramp,1,"[-0.47999998927116394, -0.41333332657814026, -0.3466666638851166, -0.2800000011920929]",-0.5071566104888916,-0.9245551228523254,0.04166628047823906,0.8719072937965393,1.3689297437667847,0.40471580624580383,9.721692796632635,14.293107798095974
2800,2800,33,ramp,2,"[-0.46000000834465027, -0.3933333456516266, -0.3266666829586029, -0.2600000202655792]",-0.5693520903587341,-0.9820674657821655,0.021818000823259354,0.9291666746139526,1.4671213626861572,0.10415631532669067,14.293107798095974,19.126634367475297
2800,2800,33,ramp,3,"[-0.4399999976158142, -0.3733333349227905, -0.30666667222976685, -0.24000000953674316]",-0.5708292126655579,-1.003593921661377,0.026704352349042892,0.9380214214324951,1.487831950187683,0.023829670622944832,19.126634367475297,23.892912604788076
2825,2825,33,zero_hold,0,"[0.0, 0.0, 0.0, 0.0]",-0.3569950759410858,0.08194182068109512,-0.1460760086774826,0.5370367169380188,0.6662631630897522,0.0,0.0,4.385264215937711
2825,2825,33,zero_hold,1,"[0.0, 0.0, 0.0, 0.0]",-0.4997440278530121,0.2939084470272064,-0.1451680213212967,0.5833172798156738,0.8351401090621948,0.25971105694770813,4.385264215937711,7.101673703495996
2825,2825,33,zero_hold,2,"[0.0, 0.0, 0.0, 0.0]",-0.00402333028614521,0.2899447977542877,-0.20529116690158844,0.6300432682037354,0.7233139872550964,0.5015504360198975,7.101673703495996,9.353780430969211
2825,2825,33,zero_hold,3,"[0.0, 0.0, 0.0, 0.0]",0.23423969745635986,0.20162595808506012,-0.25946417450904846,0.6344403624534607,0.7519025802612305,0.25985291600227356,9.353780430969211,11.173153680769733
2825,2825,33,target_ahead,0,"[0.0, 0.0, 0.0, 0.0]",1.5251880884170532,-0.20161722600460052,-0.43475955724716187,0.24728316068649292,1.6177185773849487,0.0,0.0,8.506287992247016
2825,2825,33,target_ahead,1,"[0.009999999776482582, 0.0, 0.0, 0.0]",1.506813645362854,-0.353032648563385,-0.3224468231201172,0.20536461472511292,1.59413480758667,0.19399887323379517,8.506287992247016,12.418038435987166
2825,2825,33,target_ahead,2,"[0.019999999552965164, 0.0, 0.0, 0.0]",1.5481092929840088,-0.43547677993774414,-0.21938224136829376,0.2319420576095581,1.6395756006240845,0.14082270860671997,12.418038435987166,16.11663048961236
2825,2825,33,target_ahead,3,"[0.029999999329447746, 0.0, 0.0, 0.0]",1.5438984632492065,-0.44730114936828613,-0.16810786724090576,0.28274500370025635,1.6407028436660767,0.07326354831457138,16.11663048961236,19.942495696622707
2825,2825,33,target_left,0,"[0.0, 0.0, 0.0, 0.0]",-0.6379768252372742,-1.0556837320327759,0.11067946255207062,0.2798968255519867,1.2696750164031982,0.0,0.0,8.116227980873694
2825,2825,33,target_left,1,"[0.009999999776482582, 0.0, 0.0, 0.0]",-0.5995900630950928,-1.1236352920532227,0.13167855143547058,0.37806636095046997,1.3350423574447632,0.12715807557106018,8.116227980873694,12.580689867720325
2825,2825,33,target_left,2,"[0.019999999552965164, 0.0, 0.0, 0.0]",-0.5261714458465576,-1.1812289953231812,0.14007015526294708,0.42987021803855896,1.3698782920837402,0.10705786198377609,12.580689867720325,16.868096608421382
2825,2825,33,target_left,3,"[0.029999999329447746, 0.0, 0.0, 0.0]",-0.4940176010131836,-1.186429500579834,0.13878832757472992,0.44896718859672546,1.3683940172195435,0.03777899220585823,16.868096608421382,20.986327961341388
2825,2825,33,ramp,0,"[-0.5, -0.4333333373069763, -0.36666667461395264, -0.30000001192092896]",-0.8244609832763672,-0.7176374793052673,0.043866049498319626,0.5789166688919067,1.237662434577942,0.0,0.0,9.674923851242191
2825,2825,33,ramp,1,"[-0.47999998927116394, -0.41333332657814026, -0.3466666638851166, -0.2800000011920929]",-0.5341653227806091,-0.9227927923202515,0.055081646889448166,0.8023804426193237,1.3355625867843628,0.42002633213996887,9.674923851242191,14.255986680530519
2825,2825,33,ramp,2,"[-0.46000000834465027, -0.3933333456516266, -0.3266666829586029, -0.2600000202655792]",-0.5826864838600159,-0.9843051433563232,0.03751303628087044,0.8609440326690674,1.4321354627609253,0.09938019514083862,14.255986680530519,19.0975773640219
2825,2825,33,ramp,3,"[-0.4399999976158142, -0.3733333349227905, -0.30666667222976685, -0.24000000953674316]",-0.5838944315910339,-1.005364179611206,0.042087163776159286,0.8736498951911926,1.4548969268798828,0.025046031922101974,19.0975773640219,23.87301705768781
2850,2850,33,zero_hold,0,"[0.0, 0.0, 0.0, 0.0]",-0.3703312575817108,0.06951755285263062,-0.15807729959487915,0.5476112365722656,0.6832601428031921,0.0,0.0,4.427840053776501
2850,2850,33,zero_hold,1,"[0.0, 0.0, 0.0, 0.0]",-0.4837926924228668,0.2841476500034332,-0.16260892152786255,0.6051177978515625,0.8410733938217163,0.24953380227088928,4.427840053776501,7.167092156946942
2850,2850,33,zero_hold,2,"[0.0, 0.0, 0.0, 0.0]",-0.0014764685183763504,0.2797965407371521,-0.213928684592247,0.6568255424499512,0.7453010082244873,0.48780661821365356,7.167092156946942,9.429457509571977
2850,2850,33,zero_hold,3,"[0.0, 0.0, 0.0, 0.0]",0.22156749665737152,0.19695627689361572,-0.2596835494041443,0.6637301445007324,0.7719178199768066,0.2423887401819229,9.429457509571977,11.256824135910119
2850,2850,33,target_ahead,0,"[0.0, 0.0, 0.0, 0.0]",1.5489649772644043,-0.278889000415802,-0.440399706363678,0.25308847427368164,1.6538068056106567,0.0,0.0,8.479014579978928
2850,2850,33,target_ahead,1,"[0.009999999776482582, 0.0, 0.0, 0.0]",1.5236234664916992,-0.42515960335731506,-0.3442038893699646,0.2241707146167755,1.6342943906784058,0.17924049496650696,8.479014579978928,12.355894906991034
2850,2850,33,target_ahead,2,"[0.019999999552965164, 0.0, 0.0, 0.0]",1.5653842687606812,-0.49370789527893066,-0.24224163591861725,0.2548507750034332,1.6786320209503174,0.1333431750535965,12.355894906991034,16.040655556083646
2850,2850,33,target_ahead,3,"[0.029999999329447746, 0.0, 0.0, 0.0]",1.5644266605377197,-0.49570533633232117,-0.18753108382225037,0.30836501717567444,1.6803009510040283,0.07656320929527283,16.040655556083646,19.859611420417007
2850,2850,33,target_left,0,"[0.0, 0.0, 0.0, 0.0]",-0.6455979943275452,-1.0433329343795776,0.0931265652179718,0.27453354001045227,1.2607067823410034,0.0,0.0,8.11369413996919
2850,2850,33,target_left,1,"[0.009999999776482582, 0.0, 0.0, 0.0]",-0.6003711223602295,-1.101499319076538,0.10744180530309677,0.3815273940563202,1.315618872642517,0.1306958645582199,8.11369413996919,12.542064694757368
2850,2850,33,target_left,2,"[0.019999999552965164, 0.0, 0.0, 0.0]",-0.5207200050354004,-1.15340256690979,0.11276164650917053,0.4319302439689636,1.341926097869873,0.1077357679605484,12.542064694757368,16.794924724971043
2850,2850,33,target_left,3,"[0.029999999329447746, 0.0, 0.0, 0.0]",-0.4784485101699829,-1.155234456062317,0.10897714644670486,0.4512951076030731,1.333800196647644,0.046685706824064255,16.794924724971043,20.88143035527366
2850,2850,33,ramp,0,"[-0.5, -0.4333333373069763, -0.36666667461395264, -0.30000001192092896]",-0.8052688837051392,-0.7132881879806519,0.019275782629847527,0.6110508441925049,1.2373329401016235,0.0,0.0,9.697042094221471
2850,2850,33,ramp,1,"[-0.47999998927116394, -0.41333332657814026, -0.3466666638851166, -0.2800000011920929]",-0.5381610989570618,-0.9173708558082581,0.02873419225215912,0.8319001197814941,1.350581407546997,0.40231847763061523,9.697042094221471,14.364630841635437
2850,2850,33,ramp,2,"[-0.46000000834465027, -0.3933333456516266, -0.3266666829586029, -0.2600000202655792]",-0.580099880695343,-0.97319096326828,0.014254346489906311,0.8848642110824585,1.437638521194458,0.08882346004247665,14.364630841635437,19.225294251334038
2850,2850,33,ramp,3,"[-0.4399999976158142, -0.3733333349227905, -0.30666667222976685, -0.24000000953674316]",-0.5826340317726135,-0.9886494278907776,0.01644091308116913,0.8977888822555542,1.4571154117584229,0.02042582258582115,19.225294251334038,23.994912613686164
2875,2875,33,zero_hold,0,"[0.0, 0.0, 0.0, 0.0]",-0.33500465750694275,0.056406423449516296,-0.14718589186668396,0.544358491897583,0.6583309769630432,0.0,0.0,4.441724490125228
2875,2875,33,zero_hold,1,"[0.0, 0.0, 0.0, 0.0]",-0.4448695480823517,0.2579633593559265,-0.14458081126213074,0.603259265422821,0.8057787418365479,0.23700544238090515,4.441724490125228,7.197989841118575
2875,2875,33,zero_hold,2,"[0.0, 0.0, 0.0, 0.0]",0.01619776152074337,0.2614689767360687,-0.19328221678733826,0.6574190855026245,0.7336117625236511,0.4667981266975403,7.197989841118575,9.484532706682973
2875,2875,33,zero_hold,3,"[0.0, 0.0, 0.0, 0.0]",0.21998097002506256,0.18681061267852783,-0.23859141767024994,0.6620762348175049,0.7606317400932312,0.22175680100917816,9.484532706682973,11.347198067312386
2875,2875,33,target_ahead,0,"[0.0, 0.0, 0.0, 0.0]",1.5861740112304688,-0.31574374437332153,-0.39460834860801697,0.2531245946884155,1.6838735342025757,0.0,0.0,8.481373355408046
2875,2875,33,target_ahead,1,"[0.009999999776482582, 0.0, 0.0, 0.0]",1.548471450805664,-0.4421026110649109,-0.2994750738143921,0.2398720681667328,1.655428171157837,0.1631380319595337,8.481373355408046,12.464124481386321
2875,2875,33,target_ahead,2,"[0.019999999552965164, 0.0, 0.0, 0.0]",1.6109893321990967,-0.49665898084640503,-0.2032688707113266,0.26545941829681396,1.7186459302902222,0.12959641218185425,12.464124481386321,16.291380620020604
2875,2875,33,target_ahead,3,"[0.029999999329447746, 0.0, 0.0, 0.0]",1.6203032732009888,-0.4950084686279297,-0.1570681631565094,0.31156542897224426,1.7297859191894531,0.06595258414745331,16.291380620020604,20.242302371180525
2875,2875,33,target_left,0,"[0.0, 0.0, 0.0, 0.0]",-0.6520652770996094,-1.0860939025878906,0.11828967183828354,0.25225523114204407,1.297079086303711,0.0,0.0,8.168716339264845
2875,2875,33,target_left,1,"[0.009999999776482582, 0.0, 0.0, 0.0]",-0.5978754758834839,-1.1549441814422607,0.13231290876865387,0.35157909989356995,1.353685975074768,0.13318701088428497,8.168716339264845,12.607377076714513
2875,2875,33,target_left,2,"[0.019999999552965164, 0.0, 0.0, 0.0]",-0.5149199366569519,-1.2077877521514893,0.14045168459415436,0.4006654620170593,1.3799105882644653,0.11022602021694183,12.607377076714513,16.88688617878687
2875,2875,33,target_left,3,"[0.029999999329447746, 0.0, 0.0, 0.0]",-0.46322885155677795,-1.2104883193969727,0.138048455119133,0.4208389222621918,1.3696808815002441,0.055605802685022354,16.88688617878687,21.018678291322708
2875,2875,33,ramp,0,"[-0.5, -0.4333333373069763, -0.36666667461395264, -0.30000001192092896]",-0.7869220972061157,-0.7477571964263916,0.05420423299074173,0.5992060899734497,1.2411177158355713,0.0,0.0,9.72087983858454
2875,2875,33,ramp,1,"[-0.47999998927116394, -0.41333332657814026, -0.3466666638851166, -0.2800000011920929]",-0.5181682705879211,-0.9585790634155273,0.06675343960523605,0.8127923011779785,1.3610508441925049,0.4030521512031555,9.72087983858454,14.38733535396278
2875,2875,33,ramp,2,"[-0.46000000834465027, -0.3933333456516266, -0.3266666829586029, -0.2600000202655792]",-0.5634214878082275,-1.0156100988388062,0.05057061091065407,0.8691497445106506,1.4515117406845093,0.09347961097955704,14.38733535396278,19.301546005218896
2875,2875,33,ramp,3,"[-0.4399999976158142, -0.3733333349227905, -0.30666667222976685, -0.24000000953674316]",-0.5671889781951904,-1.0295581817626953,0.05056371912360191,0.8847701549530029,1.472096562385559,0.021277694031596184,19.301546005218896,24.11389664690263
2900,2900,33,zero_hold,0,"[0.0, 0.0, 0.0, 0.0]",-0.31452327966690063,0.05227608233690262,-0.12912163138389587,0.5250787734985352,0.627724289894104,0.0,0.0,4.342399472053469
2900,2900,33,zero_hold,1,"[0.0, 0.0, 0.0, 0.0]",-0.3987090587615967,0.23570068180561066,-0.13941431045532227,0.5769490599632263,0.7528812885284424,0.20863434672355652,4.342399472053469,7.063895751036954
2900,2900,33,zero_hold,2,"[0.0, 0.0, 0.0, 0.0]",0.04886564612388611,0.23145002126693726,-0.19895051419734955,0.6253492832183838,0.6975671648979187,0.45412370562553406,7.063895751036954,9.304151205919592
2900,2900,33,zero_hold,3,"[0.0, 0.0, 0.0, 0.0]",0.2738368511199951,0.1516837477684021,-0.25652819871902466,0.6223270893096924,0.7423559427261353,0.24555858969688416,9.304151205919592,11.118998063485549
2900,2900,33,target_ahead,0,"[0.0, 0.0, 0.0, 0.0]",1.59465754032135,-0.3240324556827545,-0.40470850467681885,0.19800493121147156,1.6884682178497314,0.0,0.0,8.465227611357108
2900,2900,33,target_ahead,1,"[0.009999999776482582, 0.0, 0.0, 0.0]",1.5473355054855347,-0.4629383087158203,-0.3176083564758301,0.20174089074134827,1.6583526134490967,0.17068861424922943,8.465227611357108,12.431554563863942
2900,2900,33,target_ahead,2,"[0.019999999552965164, 0.0, 0.0, 0.0]",1.595653772354126,-0.5251002311706543,-0.2263343334197998,0.22638122737407684,1.7100634574890137,0.12303192168474197,12.431554563863942,16.20090183334842
2900,2900,33,target_ahead,3,"[0.029999999329447746, 0.0, 0.0, 0.0]",1.6034923791885376,-0.5279056429862976,-0.17674432694911957,0.2745281159877777,1.7194406986236572,0.06961756944656372,16.20090183334842,20.08142601443835
2900,2900,33,target_left,0,"[0.0, 0.0, 0.0, 0.0]",-0.636966347694397,-1.0999623537063599,0.14893750846385956,0.21352912485599518,1.2974668741226196,0.0,0.0,8.140310221500886
2900,2900,33,target_left,1,"[0.009999999776482582, 0.0, 0.0, 0.0]",-0.5735176801681519,-1.1675611734390259,0.15388540923595428,0.3078078329563141,1.3455660343170166,0.1323188990354538,8.140310221500886,12.60027345617975
2900,2900,33,target_left,2,"[0.019999999552965164, 0.0, 0.0, 0.0]",-0.48030662536621094,-1.218279480934143,0.1579151749610901,0.35761722922325134,1.3666479587554932,0.11729391664266586,12.60027345617975,16.88441766032579
2900,2900,33,target_left,3,"[0.029999999329447746, 0.0, 0.0, 0.0]",-0.4210813641548157,-1.2193866968154907,0.15228959918022156,0.3769216537475586,1.3525810241699219,0.06255529820919037,16.88441766032579,21.019342543020635
2900,2900,33,ramp,0,"[-0.5, -0.4333333373069763, -0.36666667461395264, -0.30000001192092896]",-0.8268265724182129,-0.7192280888557434,0.09160660952329636,0.5680581331253052,1.2377451658248901,0.0,0.0,9.645897895245678
2900,2900,33,ramp,1,"[-0.47999998927116394, -0.41333332657814026, -0.3466666638851166, -0.2800000011920929]",-0.5390517711639404,-0.9630995392799377,0.10198330134153366,0.7955111861228943,1.3643226623535156,0.44060206413269043,9.645897895245678,14.298136245087948
2900,2900,33,ramp,2,"[-0.46000000834465027, -0.3933333456516266, -0.3266666829586029, -0.2600000202655792]",-0.5609931945800781,-1.0338002443313599,0.083311527967453,0.8573272824287415,1.4578776359558105,0.09823381155729294,14.298136245087948,19.217634024518183
2900,2900,33,ramp,3,"[-0.4399999976158142, -0.3733333349227905, -0.30666667222976685, -0.24000000953674316]",-0.5577539205551147,-1.0472909212112427,0.07893103361129761,0.8722488284111023,1.4747731685638428,0.02084064669907093,19.217634024518183,24.045474711336134
2925,2925,33,zero_hold,0,"[0.0, 0.0, 0.0, 0.0]",-0.32413342595100403,0.056324295699596405,-0.1274976283311844,0.5279262661933899,0.6349776983261108,0.0,0.0,4.258475330367245
2925,2925,33,zero_hold,1,"[0.0, 0.0, 0.0, 0.0]",-0.4204937517642975,0.21661435067653656,-0.1458326131105423,0.5942263007164001,0.7733749747276306,0.19927388429641724,4.258475330367245,6.941951704483729
2925,2925,33,zero_hold,2,"[0.0, 0.0, 0.0, 0.0]",0.027849463745951653,0.20385293662548065,-0.20953762531280518,0.6468691229820251,0.7104064226150513,0.45607465505599976,6.941951704483729,9.140281846790106
2925,2925,33,zero_hold,3,"[0.0, 0.0, 0.0, 0.0]",0.26480311155319214,0.10952375829219818,-0.2690370976924896,0.638613224029541,0.7498826384544373,0.2620178759098053,9.140281846790106,10.941083267376621
2925,2925,33,target_ahead,0,"[0.0, 0.0, 0.0, 0.0]",1.550378441810608,-0.35064229369163513,-0.38526976108551025,0.1953948736190796,1.6471900939941406,0.0,0.0,8.502741689686715
2925,2925,33,target_ahead,1,"[0.009999999776482582, 0.0, 0.0, 0.0]",1.4973900318145752,-0.4977812170982361,-0.30770325660705566,0.20929166674613953,1.621248722076416,0.17512086033821106,8.502741689686715,12.499857306412778
2925,2925,33,target_ahead,2,"[0.019999999552965164, 0.0, 0.0, 0.0]",1.5089119672775269,-0.5659397840499878,-0.22866706550121307,0.2285822629928589,1.643667221069336,0.10675763338804245,12.499857306412778,16.260541777646772
2925,2925,33,target_ahead,3,"[0.029999999329447746, 0.0, 0.0, 0.0]",1.4973249435424805,-0.5752934217453003,-0.17656557261943817,0.27269789576530457,1.6366074085235596,0.06987491995096207,16.260541777646772,20.107474853775603
2925,2925,33,target_left,0,"[0.0, 0.0, 0.0, 0.0]",-0.6390685439109802,-1.1062736511230469,0.15594038367271423,0.21757125854492188,1.3053370714187622,0.0,0.0,8.140307603269356
2925,2925,33,target_left,1,"[0.009999999776482582, 0.0, 0.0, 0.0]",-0.5987259149551392,-1.1819483041763306,0.15851913392543793,0.32325294613838196,1.3729877471923828,0.1361229121685028,8.140307603269356,12.615312950897605
2925,2925,33,target_left,2,"[0.019999999552965164, 0.0, 0.0, 0.0]",-0.5349845290184021,-1.233069658279419,0.165296733379364,0.38309651613235474,1.407392978668213,0.10150638222694397,12.615312950897605,16.912287056293582
2925,2925,33,target_left,3,"[0.029999999329447746, 0.0, 0.0, 0.0]",-0.5040355324745178,-1.2355645895004272,0.16188032925128937,0.40818703174591064,1.404810905456543,0.04006583243608475,16.912287056293582,21.05039783018657
2925,2925,33,ramp,0,"[-0.5, -0.4333333373069763, -0.36666667461395264, -0.30000001192092896]",-0.782153844833374,-0.7028802037239075,0.12146349996328354,0.5684509873390198,1.2015386819839478,0.0,0.0,9.652482753968215
2925,2925,33,ramp,1,"[-0.47999998927116394, -0.41333332657814026, -0.3466666638851166, -0.2800000011920929]",-0.5032971501350403,-0.9440488219261169,0.13832972943782806,0.8047391772270203,1.3458367586135864,0.43822360038757324,9.652482753968215,14.249812605736713
2925,2925,33,ramp,2,"[-0.46000000834465027, -0.3933333456516266, -0.3266666829586029, -0.2600000202655792]",-0.5256779789924622,-1.0241998434066772,0.12087509781122208,0.8755269646644592,1.4513720273971558,0.11063753068447113,14.249812605736713,19.14248040893498
2925,2925,33,ramp,3,"[-0.4399999976158142, -0.3733333349227905, -0.30666667222976685, -0.24000000953674316]",-0.531747043132782,-1.0422797203063965,0.11544407159090042,0.8937695622444153,1.476906657218933,0.026944460347294807,19.14248040893498,23.926102933962575
2950,2950,33,zero_hold,0,"[0.0, 0.0, 0.0, 0.0]",-0.34692782163619995,0.0558241531252861,-0.11994171142578125,0.5150277614593506,0.6349132657051086,0.0,0.0,4.215298332998813
2950,2950,33,zero_hold,1,"[0.0, 0.0, 0.0, 0.0]",-0.4614352285861969,0.2213304340839386,-0.14447270333766937,0.5861116647720337,0.7913967967033386,0.21484637260437012,4.215298332998813,6.883773377266186
2950,2950,33,zero_hold,2,"[0.0, 0.0, 0.0, 0.0]",0.018846815451979637,0.21646596491336823,-0.2161126732826233,0.647179126739502,0.7160714268684387,0.4894446134567261,6.883773377266186,9.107457614440165
2950,2950,33,zero_hold,3,"[0.0, 0.0, 0.0, 0.0]",0.2544635534286499,0.11979985237121582,-0.279075562953949,0.639950692653656,0.7526777386665344,0.2624426782131195,9.107457614440165,10.930957200130901
2950,2950,33,target_ahead,0,"[0.0, 0.0, 0.0, 0.0]",1.5012186765670776,-0.3353566825389862,-0.38962507247924805,0.1724896878004074,1.5961459875106812,0.0,0.0,8.492560383805081
2950,2950,33,target_ahead,1,"[0.009999999776482582, 0.0, 0.0, 0.0]",1.4523011445999146,-0.4841327369213104,-0.33476272225379944,0.19557051360607147,1.579201340675354,0.1675405651330948,8.492560383805081,12.486878008497142
2950,2950,33,target_ahead,2,"[0.019999999552965164, 0.0, 0.0, 0.0]",1.451187252998352,-0.5427165031433105,-0.26498740911483765,0.21959702670574188,1.5871127843856812,0.0942293256521225,12.486878008497142,16.23659953652057
2950,2950,33,target_ahead,3,"[0.029999999329447746, 0.0, 0.0, 0.0]",1.4388865232467651,-0.5484995245933533,-0.21049430966377258,0.26650094985961914,1.5768883228302002,0.07317258417606354,16.23659953652057,20.0804150365713
2950,2950,33,target_left,0,"[0.0, 0.0, 0.0, 0.0]",-0.6504712104797363,-1.080193042755127,0.15506963431835175,0.23634107410907745,1.2922203540802002,0.0,0.0,8.114707292380556
2950,2950,33,target_left,1,"[0.009999999776482582, 0.0, 0.0, 0.0]",-0.6095163822174072,-1.1576297283172607,0.15152809023857117,0.3374713361263275,1.3595824241638184,0.13384173810482025,8.114707292380556,12.581919465180977
2950,2950,33,target_left,2,"[0.019999999552965164, 0.0, 0.0, 0.0]",-0.5506645441055298,-1.211607813835144,0.15581770241260529,0.39995473623275757,1.3983805179595947,0.10148768126964569,12.581919465180977,16.87155321400734
2950,2950,33,target_left,3,"[0.029999999329447746, 0.0, 0.0, 0.0]",-0.529109001159668,-1.2149548530578613,0.15114642679691315,0.42622897028923035,1.4002100229263306,0.03446738049387932,16.87155321400734,20.98909445091639
2950,2950,33,ramp,0,"[-0.5, -0.4333333373069763, -0.36666667461395264, -0.30000001192092896]",-0.7878906726837158,-0.6470860838890076,0.11364944279193878,0.5624226927757263,1.1699262857437134,0.0,0.0,9.684095352358167
2950,2950,33,ramp,1,"[-0.47999998927116394, -0.41333332657814026, -0.3466666638851166, -0.2800000011920929]",-0.5046313405036926,-0.8994837403297424,0.1281466782093048,0.8088506460189819,1.3169604539871216,0.4526337683200836,9.684095352358167,14.251908244394446
2950,2950,33,ramp,2,"[-0.46000000834465027, -0.3933333456516266, -0.3266666829586029, -0.2600000202655792]",-0.5138288140296936,-0.9945904016494751,0.11044854670763016,0.8942955732345581,1.4370781183242798,0.12939834594726562,14.251908244394446,19.175353885217852
2950,2950,33,ramp,3,"[-0.4399999976158142, -0.3733333349227905, -0.30666667222976685, -0.24000000953674316]",-0.5152573585510254,-1.0159697532653809,0.10571669042110443,0.9158138036727905,1.4654608964920044,0.03073340468108654,19.175353885217852,24.015092389213034
2975,2975,33,zero_hold,0,"[0.0, 0.0, 0.0, 0.0]",-0.3083095848560333,0.02546529844403267,-0.1261996030807495,0.5022347569465637,0.6032158732414246,0.0,0.0,4.177481219609538
2975,2975,33,zero_hold,1,"[0.0, 0.0, 0.0, 0.0]",-0.41315940022468567,0.19154320657253265,-0.14870083332061768,0.5693801641464233,0.7441070079803467,0.20878258347511292,4.177481219609538,6.820566448098508
2975,2975,33,zero_hold,2,"[0.0, 0.0, 0.0, 0.0]",0.039497844874858856,0.1943141222000122,-0.21218180656433105,0.6310160160064697,0.694636881351471,0.46123212575912476,6.820566448098508,9.028965113729877
2975,2975,33,zero_hold,3,"[0.0, 0.0, 0.0, 0.0]",0.2805924415588379,0.10593898594379425,-0.27451881766319275,0.6275976300239563,0.7477931380271912,0.2642619013786316,9.028965113729877,10.859013191625646
2975,2975,33,target_ahead,0,"[0.0, 0.0, 0.0, 0.0]",1.537826657295227,-0.3316030502319336,-0.39566516876220703,0.14484508335590363,1.6286197900772095,0.0,0.0,8.531456835754893
2975,2975,33,target_ahead,1,"[0.009999999776482582, 0.0, 0.0, 0.0]",1.4566019773483276,-0.4908202886581421,-0.3495180606842041,0.16116131842136383,1.5845282077789307,0.18531960248947144,8.531456835754893,12.566273363198638
2975,2975,33,target_ahead,2,"[0.019999999552965164, 0.0, 0.0, 0.0]",1.4688165187835693,-0.544220507144928,-0.2883913218975067,0.17854176461696625,1.6026991605758667,0.08390075713396072,12.566273363198638,16.360083860708922
2975,2975,33,target_ahead,3,"[0.029999999329447746, 0.0, 0.0, 0.0]",1.460172414779663,-0.5494129061698914,-0.2331313192844391,0.22265441715717316,1.5930734872817993,0.07142321765422821,16.360083860708922,20.235880804551616
2975,2975,33,target_left,0,"[0.0, 0.0, 0.0, 0.0]",-0.6375583410263062,-1.126047968864441,0.16698752343654633,0.25865238904953003,1.3301317691802979,0.0,0.0,8.12116268919369
2975,2975,33,target_left,1,"[0.009999999776482582, 0.0, 0.0, 0.0]",-0.5814951658248901,-1.2034205198287964,0.17382006347179413,0.34997129440307617,1.3924981355667114,0.13234582543373108,8.12116268919369,12.546285407244838
2975,2975,33,target_left,2,"[0.019999999552965164, 0.0, 0.0, 0.0]",-0.5196185111999512,-1.2566571235656738,0.1793580949306488,0.40759867429733276,1.4309076070785522,0.10007217526435852,12.546285407244838,16.808121590893357
2975,2975,33,target_left,3,"[0.029999999329447746, 0.0, 0.0, 0.0]",-0.49079278111457825,-1.2587283849716187,0.17463985085487366,0.4315335750579834,1.4289839267730713,0.03782002255320549,16.808121590893357,20.90005048955052
2975,2975,33,ramp,0,"[-0.5, -0.4333333373069763, -0.36666667461395264, -0.30000001192092896]",-0.8004024028778076,-0.6986774802207947,0.09268471598625183,0.5860335230827332,1.216889500617981,0.0,0.0,9.719590604763376
2975,2975,33,ramp,1,"[-0.47999998927116394, -0.41333332657814026, -0.3466666638851166, -0.2800000011920929]",-0.5221425294876099,-0.9468386173248291,0.11371700465679169,0.8100125193595886,1.3557978868484497,0.43545547127723694,9.719590604763376,14.270507940195925
2975,2975,33,ramp,2,"[-0.46000000834465027, -0.3933333456516266, -0.3266666829586029, -0.2600000202655792]",-0.5320693254470825,-1.0362663269042969,0.09915492683649063,0.8809414505958557,1.4638426303863525,0.11549382656812668,14.270507940195925,19.165697341293956
2975,2975,33,ramp,3,"[-0.4399999976158142, -0.3733333349227905, -0.30666667222976685, -0.24000000953674316]",-0.5293296575546265,-1.0548995733261108,0.0968356505036354,0.8978819847106934,1.4861265420913696,0.025437461212277412,19.165697341293956,23.99441663664332
3000,3000,33,zero_hold,0,"[0.0, 0.0, 0.0, 0.0]",-0.33783429861068726,0.035893090069293976,-0.13849300146102905,0.5185955166816711,0.6352494955062866,0.0,0.0,4.27315110163553
3000,3000,33,zero_hold,1,"[0.0, 0.0, 0.0, 0.0]",-0.4525976777076721,0.2079511135816574,-0.15999391674995422,0.5967952609062195,0.7936314940452576,0.22215329110622406,4.27315110163553,6.949787191406249
3000,3000,33,zero_hold,2,"[0.0, 0.0, 0.0, 0.0]",0.0081744734197855,0.20904789865016937,-0.22598624229431152,0.6699448227882385,0.7373355031013489,0.47118788957595825,6.949787191406249,9.180755549344305
3000,3000,33,zero_hold,3,"[0.0, 0.0, 0.0, 0.0]",0.27478712797164917,0.1278679370880127,-0.29624807834625244,0.6791326403617859,0.8005262017250061,0.2875649929046631,9.180755549344305,11.061211104677405
3000,3000,33,target_ahead,0,"[0.0, 0.0, 0.0, 0.0]",1.5412906408309937,-0.299156129360199,-0.4371922016143799,0.13843749463558197,1.635656714439392,0.0,0.0,8.567055738242344
3000,3000,33,target_ahead,1,"[0.009999999776482582, 0.0, 0.0, 0.0]",1.4440053701400757,-0.45965054631233215,-0.3964277505874634,0.1434960812330246,1.5729514360427856,0.19212031364440918,8.567055738242344,12.629702466257003
3000,3000,33,target_ahead,2,"[0.019999999552965164, 0.0, 0.0, 0.0]",1.4662636518478394,-0.5197240710258484,-0.3243277668952942,0.16736990213394165,1.5978871583938599,0.09936109185218811,12.629702466257003,16.484851420808685
3000,3000,33,target_ahead,3,"[0.029999999329447746, 0.0, 0.0, 0.0]",1.4730037450790405,-0.5213108658790588,-0.2653837203979492,0.22029109299182892,1.6001442670822144,0.07951728999614716,16.484851420808685,20.426680762640753
3000,3000,33,target_left,0,"[0.0, 0.0, 0.0, 0.0]",-0.6482324004173279,-1.1411681175231934,0.16453400254249573,0.2627509832382202,1.348547101020813,0.0,0.0,8.16946235198025
3000,3000,33,target_left,1,"[0.009999999776482582, 0.0, 0.0, 0.0]",-0.6234188675880432,-1.2158442735671997,0.17392492294311523,0.36533433198928833,1.425007939338684,0.12962937355041504,8.16946235198025,12.638455475118857
3000,3000,33,target_left,2,"[0.019999999552965164, 0.0, 0.0, 0.0]",-0.5764980912208557,-1.2674744129180908,0.1782197803258896,0.4290090799331665,1.467873454093933,0.09455236792564392,12.638455475118857,16.925817255988004
3000,3000,33,target_left,3,"[0.029999999329447746, 0.0, 0.0, 0.0]",-0.5591500401496887,-1.2699501514434814,0.17412246763706207,0.4563307464122772,1.471046805381775,0.032716136425733566,16.925817255988004,21.039012645977717
3000,3000,33,ramp,0,"[-0.5, -0.4333333373069763, -0.36666667461395264, -0.30000001192092896]",-0.8110564351081848,-0.7204779386520386,0.09444679319858551,0.6145555377006531,1.2503998279571533,0.0,0.0,9.741030017213346
3000,3000,33,ramp,1,"[-0.47999998927116394, -0.41333332657814026, -0.3466666638851166, -0.2800000011920929]",-0.5316217541694641,-0.9692820906639099,0.12620830535888672,0.8399514555931091,1.3941221237182617,0.4379490315914154,9.741030017213346,14.325610134621192
3000,3000,33,ramp,2,"[-0.46000000834465027, -0.3933333456516266, -0.3266666829586029, -0.2600000202655792]",-0.5458709597587585,-1.0530116558074951,0.11177891492843628,0.9122661352157593,1.500510811805725,0.11247799545526505,14.325610134621192,19.240242687405026
3000,3000,33,ramp,3,"[-0.4399999976158142, -0.3733333349227905, -0.30666667222976685, -0.24000000953674316]",-0.5493197441101074,-1.0717642307281494,0.10705026984214783,0.9280444383621216,1.5241906642913818,0.025196589529514313,19.240242687405026,24.081635374617566
3025,3025,33,zero_hold,0,"[0.0, 0.0, 0.0, 0.0]",-0.3511667251586914,0.026124874129891396,-0.13222578167915344,0.5133366584777832,0.6363950967788696,0.0,0.0,4.249560178767475
3025,3025,33,zero_hold,1,"[0.0, 0.0, 0.0, 0.0]",-0.4581717252731323,0.18028439581394196,-0.1590777188539505,0.5950345993041992,0.7885401844978333,0.20642384886741638,4.249560178767475,6.9341815416762165
3025,3025,33,zero_hold,2,"[0.0, 0.0, 0.0, 0.0]",0.0029641445726156235,0.1728527992963791,-0.2269265204668045,0.6733751893043518,0.7313116192817688,0.4726967513561249,6.9341815416762165,9.179931382019863
3025,3025,33,zero_hold,3,"[0.0, 0.0, 0.0, 0.0]",0.2705017924308777,0.08641616255044937,-0.29893139004707336,0.6775985956192017,0.7931827306747437,0.29025888442993164,9.179931382019863,11.064135859265686
3025,3025,33,target_ahead,0,"[0.0, 0.0, 0.0, 0.0]",1.5313607454299927,-0.31285521388053894,-0.42482897639274597,0.11355585604906082,1.6236745119094849,0.0,0.0,8.521820608002484
3025,3025,33,target_ahead,1,"[0.009999999776482582, 0.0, 0.0, 0.0]",1.4822994470596313,-0.49566757678985596,-0.39312508702278137,0.10888314992189407,1.615333080291748,0.19197486340999603,8.521820608002484,12.601002092132095
3025,3025,33,target_ahead,2,"[0.019999999552965164, 0.0, 0.0, 0.0]",1.5077732801437378,-0.5586354732513428,-0.3320539891719818,0.12833768129348755,1.6468710899353027,0.09339180588722229,12.601002092132095,16.43166120994264
3025,3025,33,target_ahead,3,"[0.029999999329447746, 0.0, 0.0, 0.0]",1.5124146938323975,-0.567566990852356,-0.27692869305610657,0.1758880615234375,1.648379921913147,0.07349252700805664,16.43166120994264,20.331895544124816
3025,3025,33,target_left,0,"[0.0, 0.0, 0.0, 0.0]",-0.6306405067443848,-1.1687796115875244,0.1620587259531021,0.27247339487075806,1.3653783798217773,0.0,0.0,8.139945618715343
3025,3025,33,target_left,1,"[0.009999999776482582, 0.0, 0.0, 0.0]",-0.5991702079772949,-1.2548625469207764,0.1814746856689453,0.38557884097099304,1.454403281211853,0.14686889946460724,8.139945618715343,12.590602076987244
3025,3025,33,target_left,2,"[0.019999999552965164, 0.0, 0.0, 0.0]",-0.5454651117324829,-1.3059126138687134,0.18953095376491547,0.44831448793411255,1.4966121912002563,0.09742182493209839,12.590602076987244,16.90101915246118
3025,3025,33,target_left,3,"[0.029999999329447746, 0.0, 0.0, 0.0]",-0.5257762670516968,-1.3082687854766846,0.18653850257396698,0.4760279655456543,1.4998023509979248,0.03420809283852577,16.90101915246118,21.051457682643445
3025,3025,33,ramp,0,"[-0.5, -0.4333333373069763, -0.36666667461395264, -0.30000001192092896]",-0.8016848564147949,-0.7532221078872681,0.10917743295431137,0.6064061522483826,1.260829210281372,0.0,0.0,9.730373122076847
3025,3025,33,ramp,1,"[-0.47999998927116394, -0.41333332657814026, -0.3466666638851166, -0.2800000011920929]",-0.5216886401176453,-1.0136312246322632,0.12963682413101196,0.8412235379219055,1.4226981401443481,0.4491865634918213,9.730373122076847,14.27342045912227
3025,3025,33,ramp,2,"[-0.46000000834465027, -0.3933333456516266, -0.3266666829586029, -0.2600000202655792]",-0.5396971702575684,-1.091336727142334,0.11471176892518997,0.9070918560028076,1.5225844383239746,0.10451719909906387,14.27342045912227,19.1381081039986
3025,3025,33,ramp,3,"[-0.4399999976158142, -0.3733333349227905, -0.30666667222976685, -0.24000000953674316]",-0.5459745526313782,-1.1083810329437256,0.10869220644235611,0.9214456081390381,1.5451449155807495,0.023920267820358276,19.1381081039986,23.950483896349233
3050,3050,33,zero_hold,0,"[0.0, 0.0, 0.0, 0.0]",-0.35876116156578064,0.02297225221991539,-0.11734456568956375,0.5265311598777771,0.6482608318328857,0.0,0.0,4.228870861981381
3050,3050,33,zero_hold,1,"[0.0, 0.0, 0.0, 0.0]",-0.44520077109336853,0.19833603501319885,-0.1425873339176178,0.607363760471344,0.791683554649353,0.2130618840456009,4.228870861981381,6.9024577823713695
3050,3050,33,zero_hold,2,"[0.0, 0.0, 0.0, 0.0]",0.014146320521831512,0.20288799703121185,-0.20919249951839447,0.6807501316070557,0.7406388521194458,0.46993860602378845,6.9024577823713695,9.15143478638441
3050,3050,33,zero_hold,3,"[0.0, 0.0, 0.0, 0.0]",0.2655654847621918,0.12287260591983795,-0.2794245481491089,0.6770541667938232,0.7887351512908936,0.273057222366333,9.15143478638441,11.03299793139252
3050,3050,33,target_ahead,0,"[0.0, 0.0, 0.0, 0.0]",1.5471620559692383,-0.24518054723739624,-0.37840238213539124,0.12452255189418793,1.6163285970687866,0.0,0.0,8.514320132925205
3050,3050,33,target_ahead,1,"[0.009999999776482582, 0.0, 0.0, 0.0]",1.5118846893310547,-0.4021666646003723,-0.3221645951271057,0.10996018350124359,1.6010667085647583,0.17106691002845764,8.514320132925205,12.574709875820858
3050,3050,33,target_ahead,2,"[0.019999999552965164, 0.0, 0.0, 0.0]",1.5440104007720947,-0.4782218039035797,-0.25367358326911926,0.12472431361675262,1.640905499458313,0.10828409343957901,12.574709875820858,16.420456224013883
3050,3050,33,target_ahead,3,"[0.029999999329447746, 0.0, 0.0, 0.0]",1.5516064167022705,-0.4929582178592682,-0.20561356842517853,0.16729384660720825,1.6494709253311157,0.06630830466747284,16.420456224013883,20.32568393639762
3050,3050,33,target_left,0,"[0.0, 0.0, 0.0, 0.0]",-0.5823854207992554,-1.164262294769287,0.1620296835899353,0.2616252601146698,1.3376773595809937,0.0,0.0,8.103778217092588
3050,3050,33,target_left,1,"[0.009999999776482582, 0.0, 0.0, 0.0]",-0.5527520179748535,-1.265660285949707,0.17919567227363586,0.3678891062736511,1.4404457807540894,0.15081898868083954,8.103778217092588,12.52329649081035
3050,3050,33,target_left,2,"[0.019999999552965164, 0.0, 0.0, 0.0]",-0.49940255284309387,-1.3170641660690308,0.18816499412059784,0.43166935443878174,1.4851953983306885,0.09816768020391464,12.52329649081035,16.810126648848115
3050,3050,33,target_left,3,"[0.029999999329447746, 0.0, 0.0, 0.0]",-0.4753490388393402,-1.3193840980529785,0.1857733130455017,0.46102374792099,1.4878796339035034,0.03809664025902748,16.810126648848115,20.951881468741202
3050,3050,33,ramp,0,"[-0.5, -0.4333333373069763, -0.36666667461395264, -0.30000001192092896]",-0.7507355213165283,-0.7586008906364441,0.10053455084562302,0.6170181035995483,1.2368903160095215,0.0,0.0,9.736465324506888
3050,3050,33,ramp,1,"[-0.47999998927116394, -0.41333332657814026, -0.3466666638851166, -0.2800000011920929]",-0.4937824606895447,-1.0044862031936646,0.11493594944477081,0.8549845814704895,1.4131605625152588,0.4281587600708008,9.736465324506888,14.320621282058928
3050,3050,33,ramp,2,"[-0.46000000834465027, -0.3933333456516266, -0.3266666829586029, -0.2600000202655792]",-0.5095783472061157,-1.0821146965026855,0.10145879536867142,0.9191864728927612,1.511899471282959,0.10285528749227524,14.320621282058928,19.21653604323561
3050,3050,33,ramp,3,"[-0.4399999976158142, -0.3733333349227905, -0.30666667222976685, -0.24000000953674316]",-0.5119533538818359,-1.1011226177215576,0.09658624976873398,0.9336053729057312,1.53476881980896,0.02446606010198593,19.21653604323561,24.060751081975834
3075,3075,33,zero_hold,0,"[0.0, 0.0, 0.0, 0.0]",-0.3877125382423401,-0.005742799490690231,-0.12638667225837708,0.5262712240219116,0.6657994985580444,0.0,0.0,4.252370057543614
3075,3075,33,zero_hold,1,"[0.0, 0.0, 0.0, 0.0]",-0.46452248096466064,0.15043289959430695,-0.14923855662345886,0.6030864119529724,0.790187656879425,0.19160741567611694,4.252370057543614,6.933786891644298
3075,3075,33,zero_hold,2,"[0.0, 0.0, 0.0, 0.0]",0.005998736247420311,0.1439507156610489,-0.2143956422805786,0.6761961579322815,0.7238539457321167,0.4806482195854187,6.933786891644298,9.21072509799002
3075,3075,33,zero_hold,3,"[0.0, 0.0, 0.0, 0.0]",0.2585912346839905,0.07439528405666351,-0.28764504194259644,0.6741821765899658,0.7808107137680054,0.2720486521720886,9.21072509799002,11.131518032673128
3075,3075,33,target_ahead,0,"[0.0, 0.0, 0.0, 0.0]",1.5655986070632935,-0.27644380927085876,-0.37191611528396606,0.10817208886146545,1.636319875717163,0.0,0.0,8.482551375092603
3075,3075,33,target_ahead,1,"[0.009999999776482582, 0.0, 0.0, 0.0]",1.4936264753341675,-0.42039597034454346,-0.3128576874732971,0.09295368194580078,1.5856144428253174,0.17210958898067474,8.482551375092603,12.456688647903588
3075,3075,33,target_ahead,2,"[0.019999999552965164, 0.0, 0.0, 0.0]",1.5127794742584229,-0.4862067997455597,-0.24605664610862732,0.09660345315933228,1.610830545425415,0.0957789272069931,12.456688647903588,16.25145686354676
3075,3075,33,target_ahead,3,"[0.029999999329447746, 0.0, 0.0, 0.0]",1.5142043828964233,-0.4959298074245453,-0.21010862290859222,0.13098058104515076,1.6124709844589233,0.05070122703909874,16.25145686354676,20.105660984685997
3075,3075,33,target_left,0,"[0.0, 0.0, 0.0, 0.0]",-0.5806047916412354,-1.1828967332839966,0.15770168602466583,0.24769163131713867,1.3500250577926636,0.0,0.0,8.119570134163277
3075,3075,33,target_left,1,"[0.009999999776482582, 0.0, 0.0, 0.0]",-0.5494940280914307,-1.2947797775268555,0.1815786510705948,0.3579805791378021,1.4627095460891724,0.16192422807216644,8.119570134163277,12.527581808032325
3075,3075,33,target_left,2,"[0.019999999552965164, 0.0, 0.0, 0.0]",-0.4983532726764679,-1.3448469638824463,0.18976658582687378,0.418658047914505,1.506072759628296,0.09418544173240662,12.527581808032325,16.807278474975426
3075,3075,33,target_left,3,"[0.029999999329447746, 0.0, 0.0, 0.0]",-0.4696864187717438,-1.346606731414795,0.18634915351867676,0.44756385684013367,1.506318211555481,0.04089144244790077,16.807278474975426,20.94739615492065
3075,3075,33,ramp,0,"[-0.5, -0.4333333373069763, -0.36666667461395264, -0.30000001192092896]",-0.7599013447761536,-0.7866443395614624,0.09021661430597305,0.6234734058380127,1.2621876001358032,0.0,0.0,9.713242769245088
3075,3075,33,ramp,1,"[-0.47999998927116394, -0.41333332657814026, -0.3466666638851166, -0.2800000011920929]",-0.5155671238899231,-1.0302977561950684,0.11027926206588745,0.8413825631141663,1.4308769702911377,0.40859895944595337,9.713242769245088,14.314236362647396
3075,3075,33,ramp,2,"[-0.46000000834465027, -0.3933333456516266, -0.3266666829586029, -0.2600000202655792]",-0.5265541076660156,-1.1085089445114136,0.10049189627170563,0.9023266434669495,1.5265462398529053,0.10023809969425201,14.314236362647396,19.20071013540275
3075,3075,33,ramp,3,"[-0.4399999976158142, -0.3733333349227905, -0.30666667222976685, -0.24000000953674316]",-0.5250494480133057,-1.1246726512908936,0.0965164303779602,0.9185323119163513,1.5471206903457642,0.023279979825019836,19.20071013540275,24.04041280686696
3100,3100,33,zero_hold,0,"[0.0, 0.0, 0.0, 0.0]",-0.42164090275764465,-0.014938000589609146,-0.11622139066457748,0.5138455629348755,0.6749435663223267,0.0,0.0,4.296601566767635
3100,3100,33,zero_hold,1,"[0.0, 0.0, 0.0, 0.0]",-0.5063518285751343,0.13646602630615234,-0.13053470849990845,0.5928677320480347,0.8022135496139526,0.1911766082048416,4.296601566767635,6.985620170407877
3100,3100,33,zero_hold,2,"[0.0, 0.0, 0.0, 0.0]",-0.020029699429869652,0.12534277141094208,-0.1960318386554718,0.6688050031661987,0.7084071040153503,0.49667826294898987,6.985620170407877,9.276041069407864
3100,3100,33,zero_hold,3,"[0.0, 0.0, 0.0, 0.0]",0.24536918103694916,0.059226881712675095,-0.2685438096523285,0.6630392074584961,0.7585846185684204,0.2830178439617157,9.276041069407864,11.208311782448094
3100,3100,33,target_ahead,0,"[0.0, 0.0, 0.0, 0.0]",1.5142161846160889,-0.27699294686317444,-0.3802036643028259,0.06984763592481613,1.5871387720108032,0.0,0.0,8.513212556111823
3100,3100,33,target_ahead,1,"[0.009999999776482582, 0.0, 0.0, 0.0]",1.4570809602737427,-0.42008689045906067,-0.34003475308418274,0.0338551327586174,1.5544542074203491,0.16324616968631744,8.513212556111823,12.540589470660194
3100,3100,33,target_ahead,2,"[0.019999999552965164, 0.0, 0.0, 0.0]",1.4729499816894531,-0.4928182363510132,-0.27373653650283813,0.03268051892518997,1.5774825811386108,0.09969206899404526,12.540589470660194,16.34395174790863
3100,3100,33,target_ahead,3,"[0.029999999329447746, 0.0, 0.0, 0.0]",1.4657988548278809,-0.5109601616859436,-0.23165234923362732,0.06393379718065262,1.5707950592041016,0.05592954531311989,16.34395174790863,20.189814970628323
3100,3100,33,target_left,0,"[0.0, 0.0, 0.0, 0.0]",-0.5998288989067078,-1.1853091716766357,0.14976079761981964,0.23703444004058838,1.3577063083648682,0.0,0.0,8.158431051912487
3100,3100,33,target_left,1,"[0.009999999776482582, 0.0, 0.0, 0.0]",-0.59917813539505,-1.3024327754974365,0.16406576335430145,0.3574092388153076,1.4866083860397339,0.16856181621551514,8.158431051912487,12.613516368563582
3100,3100,33,target_left,2,"[0.019999999552965164, 0.0, 0.0, 0.0]",-0.5621345639228821,-1.3540606498718262,0.17116697132587433,0.42313069105148315,1.5355172157287598,0.09169187396764755,12.613516368563582,16.92763926514616
3100,3100,33,target_left,3,"[0.029999999329447746, 0.0, 0.0, 0.0]",-0.5468363165855408,-1.3565118312835693,0.16801846027374268,0.4550691545009613,1.540932297706604,0.03563738614320755,16.92763926514616,21.09696827309003
3100,3100,33,ramp,0,"[-0.5, -0.4333333373069763, -0.36666667461395264, -0.30000001192092896]",-0.7582420110702515,-0.8138030767440796,0.0977366641163826,0.6060163974761963,1.27043879032135,0.0,0.0,9.723220070033602
3100,3100,33,ramp,1,"[-0.47999998927116394, -0.41333332657814026, -0.3466666638851166, -0.2800000011920929]",-0.5291803479194641,-1.0716404914855957,0.11935067921876907,0.8450559377670288,1.4686079025268555,0.42018619179725647,9.723220070033602,14.29767198654111
3100,3100,33,ramp,2,"[-0.46000000834465027, -0.3933333456516266, -0.3266666829586029, -0.2600000202655792]",-0.5307794213294983,-1.1476147174835205,0.10856207460165024,0.9140146970748901,1.5639549493789673,0.1031811311841011,14.29767198654111,19.173834594539475
3100,3100,33,ramp,3,"[-0.4399999976158142, -0.3733333349227905, -0.30666667222976685, -0.24000000953674316]",-0.5250701308250427,-1.160383939743042,0.10300229489803314,0.9344393014907837,1.5830273628234863,0.025371728464961052,19.173834594539475,23.987680176694894
3125,3125,33,zero_hold,0,"[0.0, 0.0, 0.0, 0.0]",-0.37951722741127014,-0.03623809665441513,-0.10362689942121506,0.49953630566596985,0.6368842720985413,0.0,0.0,4.284456255059951
3125,3125,33,zero_hold,1,"[0.0, 0.0, 0.0, 0.0]",-0.4268184304237366,0.09980177134275436,-0.11813942342996597,0.5818096995353699,0.737966001033783,0.16650457680225372,4.284456255059951,6.963855679374807
3125,3125,33,zero_hold,2,"[0.0, 0.0, 0.0, 0.0]",0.03136257454752922,0.07822249084711075,-0.18073871731758118,0.6603215336799622,0.6897777915000916,0.469551146030426,6.963855679374807,9.236344884052967
3125,3125,33,zero_hold,3,"[0.0, 0.0, 0.0, 0.0]",0.27905887365341187,0.011473649181425571,-0.24966345727443695,0.6511749029159546,0.7512430548667908,0.2657877802848816,9.236344884052967,11.17229877744426
3125,3125,33,target_ahead,0,"[0.0, 0.0, 0.0, 0.0]",1.5251456499099731,-0.30233362317085266,-0.35686805844306946,0.05690589174628258,1.5962668657302856,0.0,0.0,8.470178435948423
3125,3125,33,target_ahead,1,"[0.009999999776482582, 0.0, 0.0, 0.0]",1.457659363746643,-0.4482020437717438,-0.33286717534065247,0.01796114072203636,1.5610185861587524,0.16710694134235382,8.470178435948423,12.515959604962106
3125,3125,33,target_ahead,2,"[0.019999999552965164, 0.0, 0.0, 0.0]",1.4786096811294556,-0.5163935422897339,-0.27054062485694885,0.012633714824914932,1.5894341468811035,0.09487874805927277,12.515959604962106,16.31273881701971
3125,3125,33,target_ahead,3,"[0.029999999329447746, 0.0, 0.0, 0.0]",1.4748517274856567,-0.5347512364387512,-0.22778795659542084,0.04229496046900749,1.5858192443847656,0.05530558153986931,16.31273881701971,20.134895032854182
3125,3125,33,target_left,0,"[0.0, 0.0, 0.0, 0.0]",-0.5845758318901062,-1.1980355978012085,0.16295824944972992,0.2356906533241272,1.3634967803955078,0.0,0.0,8.128122553865337
3125,3125,33,target_left,1,"[0.009999999776482582, 0.0, 0.0, 0.0]",-0.5908488035202026,-1.3240853548049927,0.17885631322860718,0.36611708998680115,1.5060995817184448,0.18218588829040527,8.128122553865337,12.610460390721016
3125,3125,33,target_left,2,"[0.019999999552965164, 0.0, 0.0, 0.0]",-0.5508655905723572,-1.376845359802246,0.18586476147174835,0.43480321764945984,1.5565203428268433,0.09565133601427078,12.610460390721016,16.952524810809837
3125,3125,33,target_left,3,"[0.029999999329447746, 0.0, 0.0, 0.0]",-0.5336241126060486,-1.3819315433502197,0.1835659295320511,0.4681021273136139,1.5643867254257202,0.03791094571352005,16.952524810809837,21.15402860530625
3125,3125,33,ramp,0,"[-0.5, -0.4333333373069763, -0.36666667461395264, -0.30000001192092896]",-0.6963646411895752,-0.8614239692687988,0.10461559146642685,0.5909780263900757,1.2598310708999634,0.0,0.0,9.683433196367597
3125,3125,33,ramp,1,"[-0.47999998927116394, -0.41333332657814026, -0.3466666638851166, -0.2800000011920929]",-0.48726874589920044,-1.117797613143921,0.12862111628055573,0.8562479615211487,1.4955288171768188,0.4247269034385681,9.683433196367597,14.285587147252564
3125,3125,33,ramp,2,"[-0.46000000834465027, -0.3933333456516266, -0.3266666829586029, -0.2600000202655792]",-0.490046888589859,-1.1881189346313477,0.12116818130016327,0.9265162944793701,1.5889892578125,0.09972959011793137,14.285587147252564,19.14803238261264
3125,3125,33,ramp,3,"[-0.4399999976158142, -0.3733333349227905, -0.30666667222976685, -0.24000000953674316]",-0.48550841212272644,-1.201759934425354,0.1160687655210495,0.9462974667549133,1.6090047359466553,0.02497946098446846,19.14803238261264,23.957623824309643
3150,3150,33,zero_hold,0,"[0.0, 0.0, 0.0, 0.0]",-0.396214097738266,-0.021227069199085236,-0.09964354336261749,0.5039069056510925,0.6490663886070251,0.0,0.0,4.360453913747633
3150,3150,33,zero_hold,1,"[0.0, 0.0, 0.0, 0.0]",-0.4489419162273407,0.12399926036596298,-0.1014852449297905,0.5945133566856384,0.7620170712471008,0.17911960184574127,4.360453913747633,7.046672664318897
3150,3150,33,zero_hold,2,"[0.0, 0.0, 0.0, 0.0]",0.029348019510507584,0.10919887572526932,-0.164417564868927,0.6821296811103821,0.7107177376747131,0.4905276894569397,7.046672664318897,9.339640295831718
3150,3150,33,zero_hold,3,"[0.0, 0.0, 0.0, 0.0]",0.2629404664039612,0.050878264009952545,-0.23219402134418488,0.6821668744087219,0.7687600255012512,0.25012072920799255,9.339640295831718,11.27893640926698
3150,3150,33,target_ahead,0,"[0.0, 0.0, 0.0, 0.0]",1.5625241994857788,-0.2907033860683441,-0.3406488299369812,0.08323818445205688,1.6275627613067627,0.0,0.0,8.486731832210394
3150,3150,33,target_ahead,1,"[0.009999999776482582, 0.0, 0.0, 0.0]",1.44509756565094,-0.43333467841148376,-0.301028311252594,0.06753420829772949,1.5398911237716675,0.18960247933864594,8.486731832210394,12.470166898542008
3150,3150,33,target_ahead,2,"[0.019999999552965164, 0.0, 0.0, 0.0]",1.4545382261276245,-0.5018696784973145,-0.23428809642791748,0.06532831490039825,1.5577911138534546,0.09615245461463928,12.470166898542008,16.276049916019144
3150,3150,33,target_ahead,3,"[0.029999999329447746, 0.0, 0.0, 0.0]",1.4513335227966309,-0.515974760055542,-0.19610905647277832,0.09399867057800293,1.555600643157959,0.04988839477300644,16.276049916019144,20.112567454652055
3150,3150,33,target_left,0,"[0.0, 0.0, 0.0, 0.0]",-0.6259585618972778,-1.192959189414978,0.1742846965789795,0.20394036173820496,1.3736602067947388,0.0,0.0,8.175939133017538
3150,3150,33,target_left,1,"[0.009999999776482582, 0.0, 0.0, 0.0]",-0.6317841410636902,-1.3136152029037476,0.19164162874221802,0.3404039144515991,1.509084939956665,0.1830720454454422,8.175939133017538,12.631220788557902
3150,3150,33,target_left,2,"[0.019999999552965164, 0.0, 0.0, 0.0]",-0.5934737920761108,-1.3669863939285278,0.19933703541755676,0.4081847667694092,1.55795156955719,0.09470812976360321,12.631220788557902,16.937415048918798
3150,3150,33,target_left,3,"[0.029999999329447746, 0.0, 0.0, 0.0]",-0.5772651433944702,-1.3702545166015625,0.19831249117851257,0.4399605989456177,1.563241958618164,0.03583509474992752,16.937415048918798,21.112675926269887
3150,3150,33,ramp,0,"[-0.5, -0.4333333373069763, -0.36666667461395264, -0.30000001192092896]",-0.6858581304550171,-0.8955264687538147,0.09878449141979218,0.5989101529121399,1.2809453010559082,0.0,0.0,9.68153111940333
3150,3150,33,ramp,1,"[-0.47999998927116394, -0.41333332657814026, -0.3466666638851166, -0.2800000011920929]",-0.49719470739364624,-1.1309010982513428,0.1298128068447113,0.8623046278953552,1.512137770652771,0.401664674282074,9.68153111940333,14.273046175884256
3150,3150,33,ramp,2,"[-0.46000000834465027, -0.3933333456516266, -0.3266666829586029, -0.2600000202655792]",-0.4999043941497803,-1.1926522254943848,0.12761954963207245,0.9266272187232971,1.5960100889205933,0.08923424035310745,14.273046175884256,19.100914611936954
3150,3150,33,ramp,3,"[-0.4399999976158142, -0.3733333349227905, -0.30666667222976685, -0.24000000953674316]",-0.49612173438072205,-1.2042618989944458,0.12484279274940491,0.9470855593681335,1.615221381187439,0.023986393585801125,19.100914611936954,23.89481827030951
3175,3175,33,zero_hold,0,"[0.0, 0.0, 0.0, 0.0]",-0.3949650228023529,-0.01910324953496456,-0.09857535362243652,0.5246119499206543,0.6643019914627075,0.0,0.0,4.394124314847438
3175,3175,33,zero_hold,1,"[0.0, 0.0, 0.0, 0.0]",-0.42713162302970886,0.13343305885791779,-0.09310431033372879,0.611407458782196,0.7633697390556335,0.17850884795188904,4.394124314847438,7.091443948829507
3175,3175,33,zero_hold,2,"[0.0, 0.0, 0.0, 0.0]",0.05033530294895172,0.11761122941970825,-0.15767629444599152,0.6941311359405518,0.723219096660614,0.48911938071250916,7.091443948829507,9.39909887809799
3175,3175,33,zero_hold,3,"[0.0, 0.0, 0.0, 0.0]",0.2877664268016815,0.05625098943710327,-0.22868561744689941,0.687294602394104,0.7814375758171082,0.25539711117744446,9.39909887809799,11.35083973648154
3175,3175,33,target_ahead,0,"[0.0, 0.0, 0.0, 0.0]",1.5672712326049805,-0.3176513910293579,-0.32309189438819885,0.1359311044216156,1.6371033191680908,0.0,0.0,8.471072469787545
3175,3175,33,target_ahead,1,"[0.009999999776482582, 0.0, 0.0, 0.0]",1.4354454278945923,-0.44580090045928955,-0.2689394950866699,0.10969863086938858,1.5308834314346313,0.19344499707221985,8.471072469787545,12.490027619402909
3175,3175,33,target_ahead,2,"[0.019999999552965164, 0.0, 0.0, 0.0]",1.4452717304229736,-0.5073890089988708,-0.19956140220165253,0.10648370534181595,1.5483596324920654,0.09334509819746017,12.490027619402909,16.36650942461989
3175,3175,33,target_ahead,3,"[0.029999999329447746, 0.0, 0.0, 0.0]",1.444078803062439,-0.5140327215194702,-0.1691519320011139,0.13408979773521423,1.547961711883545,0.041622038930654526,16.36650942461989,20.263167349202778
3175,3175,33,target_left,0,"[0.0, 0.0, 0.0, 0.0]",-0.6434489488601685,-1.2037273645401,0.18547990918159485,0.23714867234230042,1.397722601890564,0.0,0.0,8.204027896968334
3175,3175,33,target_left,1,"[0.009999999776482582, 0.0, 0.0, 0.0]",-0.6413705945014954,-1.3154386281967163,0.1980334222316742,0.36300545930862427,1.520764708518982,0.1687638759613037,8.204027896968334,12.65605872729925
3175,3175,33,target_left,2,"[0.019999999552965164, 0.0, 0.0, 0.0]",-0.59782475233078,-1.3637839555740356,0.20349958539009094,0.43202856183052063,1.563765287399292,0.0950135737657547,12.65605872729925,16.97013762546625
3175,3175,33,target_left,3,"[0.029999999329447746, 0.0, 0.0, 0.0]",-0.5771883130073547,-1.3632863759994507,0.20059095323085785,0.4647977352142334,1.5645989179611206,0.0388379842042923,16.97013762546625,21.15200479255798
3175,3175,33,ramp,0,"[-0.5, -0.4333333373069763, -0.36666667461395264, -0.30000001192092896]",-0.6853079795837402,-0.898383617401123,0.08073754608631134,0.6373738646507263,1.299809217453003,0.0,0.0,9.68120143440197
3175,3175,33,ramp,1,"[-0.47999998927116394, -0.41333332657814026, -0.3466666638851166, -0.2800000011920929]",-0.4962252378463745,-1.1261175870895386,0.1160101369023323,0.861945390701294,1.5069135427474976,0.3732178509235382,9.68120143440197,14.265682900448516
3175,3175,33,ramp,2,"[-0.46000000834465027, -0.3933333456516266, -0.3266666829586029, -0.2600000202655792]",-0.4946444630622864,-1.1916699409484863,0.11896471679210663,0.9241522550582886,1.5915277004241943,0.09043247997760773,14.265682900448516,19.094280795299763
3175,3175,33,ramp,3,"[-0.4399999976158142, -0.3733333349227905, -0.30666667222976685, -0.24000000953674316]",-0.4895056486129761,-1.2034320831298828,0.11798346042633057,0.9463772773742676,1.6116496324539185,0.025684040039777756,19.094280795299763,23.886878271510298
3200,3200,33,zero_hold,0,"[0.0, 0.0, 0.0, 0.0]",-0.3874388337135315,0.009182377718389034,-0.08581489324569702,0.5091444849967957,0.6455892324447632,0.0,0.0,4.400110602310491
3200,3200,33,zero_hold,1,"[0.0, 0.0, 0.0, 0.0]",-0.4108399748802185,0.16729635000228882,-0.07781603187322617,0.6108101010322571,0.7588951587677002,0.18959830701351166,4.400110602310491,7.109236245779739
3200,3200,33,zero_hold,2,"[0.0, 0.0, 0.0, 0.0]",0.039557088166475296,0.1545271873474121,-0.1416417956352234,0.6967041492462158,0.728630542755127,0.4631113111972809,7.109236245779739,9.423236680208964
3200,3200,33,zero_hold,3,"[0.0, 0.0, 0.0, 0.0]",0.25269174575805664,0.09940400719642639,-0.21337349712848663,0.6918590068817139,0.7732602953910828,0.23158985376358032,9.423236680208964,11.379173808955832
3200,3200,33,target_ahead,0,"[0.0, 0.0, 0.0, 0.0]",1.6061402559280396,-0.2953193187713623,-0.32649263739585876,0.12503764033317566,1.6700694561004639,0.0,0.0,8.530899559876458
3200,3200,33,target_ahead,1,"[0.009999999776482582, 0.0, 0.0, 0.0]",1.4574459791183472,-0.41716450452804565,-0.2768396735191345,0.13051921129226685,1.5465608835220337,0.19862452149391174,8.530899559876458,12.540227363530912
3200,3200,33,target_ahead,2,"[0.019999999552965164, 0.0, 0.0, 0.0]",1.481549859046936,-0.46795955300331116,-0.2051726132631302,0.13813483715057373,1.5732619762420654,0.09140732139348984,12.540227363530912,16.410995332216135
3200,3200,33,target_ahead,3,"[0.029999999329447746, 0.0, 0.0, 0.0]",1.4903706312179565,-0.4706154465675354,-0.16416504979133606,0.17305979132652283,1.5810070037841797,0.054646432399749756,16.410995332216135,20.32407549558826
3200,3200,33,target_left,0,"[0.0, 0.0, 0.0, 0.0]",-0.6302684545516968,-1.1972589492797852,0.19274471700191498,0.22970879077911377,1.3858513832092285,0.0,0.0,8.202496058101882
3200,3200,33,target_left,1,"[0.009999999776482582, 0.0, 0.0, 0.0]",-0.6229032278060913,-1.3162498474121094,0.20689423382282257,0.34829479455947876,1.511501431465149,0.16874812543392181,8.202496058101882,12.626886630190675
3200,3200,33,target_left,2,"[0.019999999552965164, 0.0, 0.0, 0.0]",-0.5825972557067871,-1.366288661956787,0.21464373171329498,0.4152117967605591,1.5571246147155762,0.09309346973896027,12.626886630190675,16.921964440952543
3200,3200,33,target_left,3,"[0.029999999329447746, 0.0, 0.0, 0.0]",-0.5571151375770569,-1.3665649890899658,0.21241207420825958,0.4481814503669739,1.5568759441375732,0.04173000156879425,16.921964440952543,21.08692509237095
3200,3200,33,ramp,0,"[-0.5, -0.4333333373069763, -0.36666667461395264, -0.30000001192092896]",-0.6863235235214233,-0.9139887690544128,0.08187521249055862,0.6410550475120544,1.31303870677948,0.0,0.0,9.683803652286134
3200,3200,33,ramp,1,"[-0.47999998927116394, -0.41333332657814026, -0.3466666638851166, -0.2800000011920929]",-0.4976450204849243,-1.1219115257263184,0.11727198213338852,0.86454838514328,1.5058329105377197,0.3606018126010895,9.683803652286134,14.314185376474606
3200,3200,33,ramp,2,"[-0.46000000834465027, -0.3933333456516266, -0.3266666829586029, -0.2600000202655792]",-0.49470406770706177,-1.1763752698898315,0.12105689942836761,0.9242926836013794,1.580367922782898,0.08098553121089935,14.314185376474606,19.177912544603018
3200,3200,33,ramp,3,"[-0.4399999976158142, -0.3733333349227905, -0.30666667222976685, -0.24000000953674316]",-0.4857194423675537,-1.1830220222473145,0.12207285314798355,0.9465881586074829,1.5957428216934204,0.024960432201623917,19.177912544603018,23.994576648963854
3225,3225,33,zero_hold,0,"[0.0, 0.0, 0.0, 0.0]",-0.3949935734272003,-0.0017945840954780579,-0.0813923180103302,0.48702460527420044,0.6323297023773193,0.0,0.0,4.396170034604486
3225,3225,33,zero_hold,1,"[0.0, 0.0, 0.0, 0.0]",-0.40001893043518066,0.1509997844696045,-0.07413719594478607,0.5957866907119751,0.7370713353157043,0.18775834143161774,4.396170034604486,7.1079793736750165
3225,3225,33,zero_hold,2,"[0.0, 0.0, 0.0, 0.0]",0.05901094898581505,0.13561537861824036,-0.1384248435497284,0.6874906420707703,0.7167137861251831,0.47274479269981384,7.1079793736750165,9.43233183684655
3225,3225,33,zero_hold,3,"[0.0, 0.0, 0.0, 0.0]",0.2640112638473511,0.07480480521917343,-0.20683200657367706,0.6868701577186584,0.7680284976959229,0.22450606524944305,9.43233183684655,11.406169090452549
3225,3225,33,target_ahead,0,"[0.0, 0.0, 0.0, 0.0]",1.5989162921905518,-0.37205880880355835,-0.28630760312080383,0.10916963964700699,1.6699854135513306,0.0,0.0,8.539535133914619
3225,3225,33,target_ahead,1,"[0.009999999776482582, 0.0, 0.0, 0.0]",1.4345629215240479,-0.5033423900604248,-0.2567448318004608,0.11559601873159409,1.5461580753326416,0.21251508593559265,8.539535133914619,12.580506161716812
3225,3225,33,target_ahead,2,"[0.019999999552965164, 0.0, 0.0, 0.0]",1.455356240272522,-0.5502311587333679,-0.19081798195838928,0.12057488411664963,1.5721851587295532,0.08367829769849777,12.580506161716812,16.47045072962931
3225,3225,33,target_ahead,3,"[0.029999999329447746, 0.0, 0.0, 0.0]",1.46486496925354,-0.5523169040679932,-0.12999768555164337,0.16252297163009644,1.5793025493621826,0.07452192157506943,16.47045072962931,20.40700569067628
3225,3225,33,target_left,0,"[0.0, 0.0, 0.0, 0.0]",-0.6372683644294739,-1.1844500303268433,0.2237926721572876,0.18028584122657776,1.375361442565918,0.0,0.0,8.215096260233414
3225,3225,33,target_left,1,"[0.009999999776482582, 0.0, 0.0, 0.0]",-0.6453946828842163,-1.2986551523208618,0.23144182562828064,0.31408828496932983,1.5017510652542114,0.17626811563968658,8.215096260233414,12.661898356445711
3225,3225,33,target_left,2,"[0.019999999552965164, 0.0, 0.0, 0.0]",-0.6052160859107971,-1.3512734174728394,0.23816846311092377,0.384826123714447,1.5482382774353027,0.09711895138025284,12.661898356445711,16.955338171089004
3225,3225,33,target_left,3,"[0.029999999329447746, 0.0, 0.0, 0.0]",-0.5785382986068726,-1.35112464427948,0.2347509115934372,0.4190320372581482,1.5462665557861328,0.04351379722356796,16.955338171089004,21.11925882214001
3225,3225,33,ramp,0,"[-0.5, -0.4333333373069763, -0.36666667461395264, -0.30000001192092896]",-0.6713844537734985,-0.8926117420196533,0.11099161207675934,0.6741365790367126,1.309309720993042,0.0,0.0,9.676635709052547
3225,3225,33,ramp,1,"[-0.47999998927116394, -0.41333332657814026, -0.3466666638851166, -0.2800000011920929]",-0.4988590478897095,-1.1076616048812866,0.1464490443468094,0.8830541372299194,1.5089753866195679,0.3477286696434021,9.676635709052547,14.29773807467296
3225,3225,33,ramp,2,"[-0.46000000834465027, -0.3933333456516266, -0.3266666829586029, -0.2600000202655792]",-0.49299246072769165,-1.167124629020691,0.1521565169095993,0.9410405158996582,1.5855379104614258,0.08345815539360046,14.29773807467296,19.16640262920452
3225,3225,33,ramp,3,"[-0.4399999976158142, -0.3733333349227905, -0.30666667222976685, -0.24000000953674316]",-0.47982245683670044,-1.1745097637176514,0.15398024022579193,0.9629241228103638,1.6001986265182495,0.02664971724152565,19.16640262920452,23.995437072463133
3250,3250,33,zero_hold,0,"[0.0, 0.0, 0.0, 0.0]",-0.4044622778892517,-0.029763296246528625,-0.05677083507180214,0.48450738191604614,0.6343862414360046,0.0,0.0,4.3838364745026634
3250,3250,33,zero_hold,1,"[0.0, 0.0, 0.0, 0.0]",-0.3895912766456604,0.12301810085773468,-0.047409284859895706,0.6043181419372559,0.7310013175010681,0.194950133562088,4.3838364745026634,7.0808422143527
3250,3250,33,zero_hold,2,"[0.0, 0.0, 0.0, 0.0]",0.06455802917480469,0.11545790731906891,-0.11213745176792145,0.702189028263092,0.7232859134674072,0.46912387013435364,7.0808422143527,9.368890731340038
3250,3250,33,zero_hold,3,"[0.0, 0.0, 0.0, 0.0]",0.25136488676071167,0.06245779991149902,-0.1818448156118393,0.7038639187812805,0.7717365026473999,0.20631949603557587,9.368890731340038,11.32063064014641
3250,3250,33,target_ahead,0,"[0.0, 0.0, 0.0, 0.0]",1.5839897394180298,-0.3537590801715851,-0.28235700726509094,0.13394170999526978,1.6528263092041016,0.0,0.0,8.457929337401474
3250,3250,33,target_ahead,1,"[0.009999999776482582, 0.0, 0.0, 0.0]",1.4199846982955933,-0.49186912178993225,-0.26527613401412964,0.12046228349208832,1.5307430028915405,0.21551215648651123,8.457929337401474,12.41196772181976
3250,3250,33,target_ahead,2,"[0.019999999552965164, 0.0, 0.0, 0.0]",1.4338040351867676,-0.5491032004356384,-0.21011079847812653,0.12414610385894775,1.5546276569366455,0.08076818287372589,12.41196772181976,16.19779253618111
3250,3250,33,target_ahead,3,"[0.029999999329447746, 0.0, 0.0, 0.0]",1.4298771619796753,-0.5666323900222778,-0.1578119546175003,0.15915867686271667,1.5543028116226196,0.06545030325651169,16.19779253618111,20.03662919192743
3250,3250,33,target_left,0,"[0.0, 0.0, 0.0, 0.0]",-0.6481741666793823,-1.216855525970459,0.24083711206912994,0.2107606828212738,1.4153761863708496,0.0,0.0,8.241100305395111
3250,3250,33,target_left,1,"[0.009999999776482582, 0.0, 0.0, 0.0]",-0.6353470683097839,-1.3233023881912231,0.24925528466701508,0.3516301214694977,1.5298912525177002,0.17723017930984497,8.241100305395111,12.729362547099727
3250,3250,33,target_left,2,"[0.019999999552965164, 0.0, 0.0, 0.0]",-0.5999060273170471,-1.3768523931503296,0.25733858346939087,0.42530733346939087,1.5819984674453735,0.09806804358959198,12.729362547099727,17.072271200361396
3250,3250,33,target_left,3,"[0.029999999329447746, 0.0, 0.0, 0.0]",-0.5779815912246704,-1.3754198551177979,0.25406086444854736,0.4610171318054199,1.582063913345337,0.042055513709783554,17.072271200361396,21.28317862486432
3250,3250,33,ramp,0,"[-0.5, -0.4333333373069763, -0.36666667461395264, -0.30000001192092896]",-0.686156690120697,-0.9382671117782593,0.11651022732257843,0.7268912196159363,1.3759002685546875,0.0,0.0,9.681554920939343
3250,3250,33,ramp,1,"[-0.47999998927116394, -0.41333332657814026, -0.3466666638851166, -0.2800000011920929]",-0.5089260339736938,-1.1335358619689941,0.15298371016979218,0.9124311804771423,1.5491429567337036,0.324493408203125,9.681554920939343,14.342966134151153
3250,3250,33,ramp,2,"[-0.46000000834465027, -0.3933333456516266, -0.3266666829586029, -0.2600000202655792]",-0.5059358477592468,-1.1918814182281494,0.15969492495059967,0.9674598574638367,1.6242023706436157,0.0805378258228302,14.342966134151153,19.26184911108883
3250,3250,33,ramp,3,"[-0.4399999976158142, -0.3733333349227905, -0.30666667222976685, -0.24000000953674316]",-0.49259909987449646,-1.1980834007263184,0.1628107875585556,0.990276038646698,1.638661503791809,0.02732435055077076,19.26184911108883,24.13182964449515
3275,3275,33,zero_hold,0,"[0.0, 0.0, 0.0, 0.0]",-0.3981188237667084,-0.014564833603799343,-0.05651203915476799,0.48759934306144714,0.6321846842765808,0.0,0.0,4.458742842536291
3275,3275,33,zero_hold,1,"[0.0, 0.0, 0.0, 0.0]",-0.3899590075016022,0.1388930082321167,-0.054795730859041214,0.6119176745414734,0.7408137917518616,0.19767114520072937,4.458742842536291,7.203314038153338
3275,3275,33,zero_hold,2,"[0.0, 0.0, 0.0, 0.0]",0.06328514218330383,0.11893663555383682,-0.12322890758514404,0.7148391008377075,0.7377880215644836,0.47021743655204773,7.203314038153338,9.527557523450792
3275,3275,33,zero_hold,3,"[0.0, 0.0, 0.0, 0.0]",0.2573111355304718,0.058215074241161346,-0.19698184728622437,0.72513747215271,0.796381950378418,0.21651498973369598,9.527557523450792,11.51573205663393
3275,3275,33,target_ahead,0,"[0.0, 0.0, 0.0, 0.0]",1.5431636571884155,-0.34392791986465454,-0.3211372196674347,0.13559649884700775,1.618998408317566,0.0,0.0,8.453070166851527
3275,3275,33,target_ahead,1,"[0.009999999776482582, 0.0, 0.0, 0.0]",1.351318359375,-0.4959728717803955,-0.3002145290374756,0.11250331997871399,1.474732518196106,0.24676576256752014,8.453070166851527,12.412558199061731
3275,3275,33,target_ahead,2,"[0.019999999552965164, 0.0, 0.0, 0.0]",1.3562809228897095,-0.577182412147522,-0.25292107462882996,0.11178021132946014,1.4997004270553589,0.0941106304526329,12.412558199061731,16.195339231616856
3275,3275,33,target_ahead,3,"[0.029999999329447746, 0.0, 0.0, 0.0]",1.3514682054519653,-0.6063545942306519,-0.20330750942230225,0.14744052290916443,1.5023996829986572,0.0678774043917656,16.195339231616856,20.01199060326511
3275,3275,33,target_left,0,"[0.0, 0.0, 0.0, 0.0]",-0.6623228788375854,-1.2131870985031128,0.23814088106155396,0.20503821969032288,1.4174789190292358,0.0,0.0,8.288317948292338
3275,3275,33,target_left,1,"[0.009999999776482582, 0.0, 0.0, 0.0]",-0.6348186135292053,-1.3168169260025024,0.24533934891223907,0.35356414318084717,1.5238767862319946,0.1833231896162033,8.288317948292338,12.823612942322372
3275,3275,33,target_left,2,"[0.019999999552965164, 0.0, 0.0, 0.0]",-0.5870974659919739,-1.3686282634735107,0.2509514093399048,0.43411681056022644,1.5713881254196167,0.10715386271476746,12.823612942322372,17.213990965216624
3275,3275,33,target_left,3,"[0.029999999329447746, 0.0, 0.0, 0.0]",-0.5493133068084717,-1.3670728206634521,0.24631227552890778,0.47428813576698303,1.5672435760498047,0.05536532402038574,17.213990965216624,21.477273719404185
3275,3275,33,ramp,0,"[-0.5, -0.4333333373069763, -0.36666667461395264, -0.30000001192092896]",-0.7241992950439453,-0.9422862529754639,0.12153013050556183,0.6992580890655518,1.3842324018478394,0.0,0.0,9.737874850390527
3275,3275,33,ramp,1,"[-0.47999998927116394, -0.41333332657814026, -0.3466666638851166, -0.2800000011920929]",-0.5592995285987854,-1.1286684274673462,0.14930753409862518,0.8929820656776428,1.5512633323669434,0.3165925145149231,9.737874850390527,14.476803075256482
3275,3275,33,ramp,2,"[-0.46000000834465027, -0.3933333456516266, -0.3266666829586029, -0.2600000202655792]",-0.5587334632873535,-1.1834105253219604,0.1556076854467392,0.9514331817626953,1.6254483461380005,0.08033207803964615,14.476803075256482,19.47205144807344
3275,3275,33,ramp,3,"[-0.4399999976158142, -0.3733333349227905, -0.30666667222976685, -0.24000000953674316]",-0.5483072400093079,-1.1886883974075317,0.1589071899652481,0.973931074142456,1.6393334865570068,0.025565678253769875,19.47205144807344,24.400031485086814
3300,3300,33,zero_hold,0,"[0.0, 0.0, 0.0, 0.0]",-0.38569802045822144,-0.02018582820892334,-0.05898493528366089,0.47255071997642517,0.6131507158279419,0.0,0.0,4.461942366102382
3300,3300,33,zero_hold,1,"[0.0, 0.0, 0.0, 0.0]",-0.3775111734867096,0.15064357221126556,-0.06613083183765411,0.60050368309021,0.72813880443573,0.21371179819107056,4.461942366102382,7.219714119350637
3300,3300,33,zero_hold,2,"[0.0, 0.0, 0.0, 0.0]",0.06764478981494904,0.14275574684143066,-0.13963328301906586,0.7052455544471741,0.7360867857933044,0.4632488787174225,7.219714119350637,9.546870259779475
3300,3300,33,zero_hold,3,"[0.0, 0.0, 0.0, 0.0]",0.27613887190818787,0.08453255891799927,-0.21741855144500732,0.7148992419242859,0.8010931015014648,0.2302248179912567,9.546870259779475,11.519509103622458
3300,3300,33,target_ahead,0,"[0.0, 0.0, 0.0, 0.0]",1.5313347578048706,-0.35301169753074646,-0.32045891880989075,0.12978367507457733,1.6090807914733887,0.0,0.0,8.456420665222753
3300,3300,33,target_ahead,1,"[0.009999999776482582, 0.0, 0.0, 0.0]",1.3443280458450317,-0.4994921386241913,-0.30715352296829224,0.1266123205423355,1.4721019268035889,0.23793931305408478,8.456420665222753,12.422497269146776
3300,3300,33,target_ahead,2,"[0.019999999552965164, 0.0, 0.0, 0.0]",1.3617231845855713,-0.5721781253814697,-0.25769495964050293,0.13240714371204376,1.5051963329315186,0.08980853855609894,12.422497269146776,16.218303277917894
3300,3300,33,target_ahead,3,"[0.029999999329447746, 0.0, 0.0, 0.0]",1.3687824010849,-0.5907254219055176,-0.2033635377883911,0.17277772724628448,1.5145068168640137,0.07053738087415695,16.218303277917894,20.043623777373153
3300,3300,33,target_left,0,"[0.0, 0.0, 0.0, 0.0]",-0.6536291241645813,-1.1825416088104248,0.23118722438812256,0.20528459548950195,1.386082649230957,0.0,0.0,8.244354409765924
3300,3300,33,target_left,1,"[0.009999999776482582, 0.0, 0.0, 0.0]",-0.5986178517341614,-1.2872331142425537,0.22781868278980255,0.3572756350040436,1.4815058708190918,0.1926114559173584,8.244354409765924,12.770146005821568
3300,3300,33,target_left,2,"[0.019999999552965164, 0.0, 0.0, 0.0]",-0.5456866025924683,-1.334808111190796,0.22815634310245514,0.43334540724754333,1.5229346752166748,0.10417208075523376,12.770146005821568,17.15097992670166
3300,3300,33,target_left,3,"[0.029999999329447746, 0.0, 0.0, 0.0]",-0.502514123916626,-1.3335621356964111,0.22126774489879608,0.4713314473628998,1.517241358757019,0.057929329574108124,17.15097992670166,21.404550237559825
3300,3300,33,ramp,0,"[-0.5, -0.4333333373069763, -0.36666667461395264, -0.30000001192092896]",-0.715649425983429,-0.919323205947876,0.1100001186132431,0.678638219833374,1.352759838104248,0.0,0.0,9.738420993086505
3300,3300,33,ramp,1,"[-0.47999998927116394, -0.41333332657814026, -0.3466666638851166, -0.2800000011920929]",-0.5467284321784973,-1.1031947135925293,0.13137096166610718,0.8690757751464844,1.5127794742584229,0.3147478401660919,9.738420993086505,14.484404647651289
3300,3300,33,ramp,2,"[-0.46000000834465027, -0.3933333456516266, -0.3266666829586029, -0.2600000202655792]",-0.5441794395446777,-1.1648967266082764,0.13677524030208588,0.9256338477134705,1.5901639461517334,0.08391458541154861,14.484404647651289,19.500863841210474
3300,3300,33,ramp,3,"[-0.4399999976158142, -0.3733333349227905, -0.30666667222976685, -0.24000000953674316]",-0.5339499115943909,-1.1717474460601807,0.13973461091518402,0.9470396041870117,1.604526162147522,0.024870460852980614,19.500863841210474,24.443010144637928
3325,3325,33,zero_hold,0,"[0.0, 0.0, 0.0, 0.0]",-0.4375227093696594,-0.008966028690338135,-0.0769793689250946,0.4998558461666107,0.6687961220741272,0.0,0.0,4.539290052318146
3325,3325,33,zero_hold,1,"[0.0, 0.0, 0.0, 0.0]",-0.4652493894100189,0.1671873927116394,-0.059643376618623734,0.6409693360328674,0.811669647693634,0.22806216776371002,4.539290052318146,7.320550856297471
3325,3325,33,zero_hold,2,"[0.0, 0.0, 0.0, 0.0]",-0.03331884741783142,0.1637805849313736,-0.10838378220796585,0.7437595725059509,0.7699737548828125,0.44667333364486694,7.320550856297471,9.676937533526166
3325,3325,33,zero_hold,3,"[0.0, 0.0, 0.0, 0.0]",0.18741844594478607,0.11299867928028107,-0.1751326024532318,0.7560380697250366,0.8063246011734009,0.23645278811454773,9.676937533526166,11.70168831894291
3325,3325,33,target_ahead,0,"[0.0, 0.0, 0.0, 0.0]",1.4780175685882568,-0.35464298725128174,-0.33911341428756714,0.14861640334129333,1.564414381980896,0.0,0.0,8.494080488143961
3325,3325,33,target_ahead,1,"[0.009999999776482582, 0.0, 0.0, 0.0]",1.2833569049835205,-0.5172867774963379,-0.32352450489997864,0.13812255859375,1.4277032613754272,0.25435981154441833,8.494080488143961,12.447031286129464
3325,3325,33,target_ahead,2,"[0.019999999552965164, 0.0, 0.0, 0.0]",1.299755334854126,-0.5722772479057312,-0.2743939459323883,0.1473422646522522,1.4539144039154053,0.07610305398702621,12.447031286129464,16.217593183094564
3325,3325,33,target_ahead,3,"[0.029999999329447746, 0.0, 0.0, 0.0]",1.3174430131912231,-0.5785234570503235,-0.21657507121562958,0.18825730681419373,1.4672051668167114,0.07327299565076828,16.217593183094564,20.014851548335198
3325,3325,33,target_left,0,"[0.0, 0.0, 0.0, 0.0]",-0.6884574294090271,-1.1718318462371826,0.2102290689945221,0.22400978207588196,1.3933916091918945,0.0,0.0,8.231397941009424
3325,3325,33,target_left,1,"[0.009999999776482582, 0.0, 0.0, 0.0]",-0.6234833598136902,-1.2756742238998413,0.21749156713485718,0.37431395053863525,1.4844156503677368,0.1940333992242813,8.231397941009424,12.72634435237775
3325,3325,33,target_left,2,"[0.019999999552965164, 0.0, 0.0, 0.0]",-0.5641636252403259,-1.3231499195098877,0.2212141454219818,0.44904467463493347,1.5230177640914917,0.10663634538650513,12.72634435237775,17.06640510720213
3325,3325,33,target_left,3,"[0.029999999329447746, 0.0, 0.0, 0.0]",-0.51756751537323,-1.32292640209198,0.21697886288166046,0.48541060090065,1.5168102979660034,0.05925930663943291,17.06640510720213,21.279450462454566
3325,3325,33,ramp,0,"[-0.5, -0.4333333373069763, -0.36666667461395264, -0.30000001192092896]",-0.7017467617988586,-0.933356523513794,0.07196605950593948,0.7366988062858582,1.3825726509094238,0.0,0.0,9.778033128019251
3325,3325,33,ramp,1,"[-0.47999998927116394, -0.41333332657814026, -0.3466666638851166, -0.2800000011920929]",-0.5447868704795837,-1.100160837173462,0.0909673199057579,0.9032227396965027,1.5268375873565674,0.2838157117366791,9.778033128019251,14.50664608975008
3325,3325,33,ramp,2,"[-0.46000000834465027, -0.3933333456516266, -0.3266666829586029, -0.2600000202655792]",-0.5508275628089905,-1.1555671691894531,0.09589236229658127,0.9535558819770813,1.5991281270980835,0.07525976747274399,14.50664608975008,19.500978331902473
3325,3325,33,ramp,3,"[-0.4399999976158142, -0.3733333349227905, -0.30666667222976685, -0.24000000953674316]",-0.5409670472145081,-1.1604828834533691,0.10050429403781891,0.9720161557197571,1.6106775999069214,0.021987397223711014,19.500978331902473,24.410760605942922
3350,3350,33,zero_hold,0,"[0.0, 0.0, 0.0, 0.0]",-0.4216972291469574,-0.014291340485215187,-0.05890095606446266,0.5051931142807007,0.6608495712280273,0.0,0.0,4.476276922843904
3350,3350,33,zero_hold,1,"[0.0, 0.0, 0.0, 0.0]",-0.4381789267063141,0.15881125628948212,-0.04339529201388359,0.6433118581771851,0.7955847382545471,0.2226058542728424,4.476276922843904,7.257921719372905
3350,3350,33,zero_hold,2,"[0.0, 0.0, 0.0, 0.0]",-0.029718386009335518,0.1531940996646881,-0.0979689210653305,0.7368089556694031,0.759497880935669,0.4226009249687195,7.257921719372905,9.60700495176099
3350,3350,33,zero_hold,3,"[0.0, 0.0, 0.0, 0.0]",0.17024216055870056,0.09833178669214249,-0.16467276215553284,0.7378299832344055,0.781128466129303,0.21781766414642334,9.60700495176099,11.610964168907765
3350,3350,33,target_ahead,0,"[0.0, 0.0, 0.0, 0.0]",1.467138409614563,-0.33556774258613586,-0.3265170454978943,0.12229128926992416,1.5448849201202393,0.0,0.0,8.43822968673577
3350,3350,33,target_ahead,1,"[0.009999999776482582, 0.0, 0.0, 0.0]",1.2912741899490356,-0.48532554507255554,-0.28211215138435364,0.10002625733613968,1.4115673303604126,0.23626923561096191,8.43822968673577,12.406016490164353
3350,3350,33,target_ahead,2,"[0.019999999552965164, 0.0, 0.0, 0.0]",1.2970670461654663,-0.5426550507545471,-0.21432030200958252,0.11393440514802933,1.4268046617507935,0.09005220979452133,12.406016490164353,16.17542570843371
3350,3350,33,target_ahead,3,"[0.029999999329447746, 0.0, 0.0, 0.0]",1.2961301803588867,-0.5519041419029236,-0.16899369657039642,0.15078413486480713,1.4268308877944946,0.05915088579058647,16.17542570843371,19.954271864539766
3350,3350,33,target_left,0,"[0.0, 0.0, 0.0, 0.0]",-0.694909930229187,-1.181742548942566,0.22369122505187988,0.2183571457862854,1.406105637550354,0.0,0.0,8.254036608741199
3350,3350,33,target_left,1,"[0.009999999776482582, 0.0, 0.0, 0.0]",-0.6552685499191284,-1.285361647605896,0.22966326773166656,0.3585916757583618,1.5042821168899536,0.1789126843214035,8.254036608741199,12.774441941766788
3350,3350,33,target_left,2,"[0.019999999552965164, 0.0, 0.0, 0.0]",-0.605613648891449,-1.3331156969070435,0.23531457781791687,0.43512672185897827,1.5455334186553955,0.10312908887863159,12.774441941766788,17.119929587043114
3350,3350,33,target_left,3,"[0.029999999329447746, 0.0, 0.0, 0.0]",-0.5667309165000916,-1.3327707052230835,0.2310984879732132,0.47262996435165405,1.5408592224121094,0.054187219589948654,17.119929587043114,21.325391826569067
3350,3350,33,ramp,0,"[-0.5, -0.4333333373069763, -0.36666667461395264, -0.30000001192092896]",-0.6859689354896545,-0.9495867490768433,0.10515884310007095,0.7639374732971191,1.4024717807769775,0.0,0.0,9.785486494578409
3350,3350,33,ramp,1,"[-0.47999998927116394, -0.41333332657814026, -0.3466666638851166, -0.2800000011920929]",-0.5607543587684631,-1.0997991561889648,0.11447431892156601,0.9171591997146606,1.5421701669692993,0.24860839545726776,9.785486494578409,14.555652687492067
3350,3350,33,ramp,2,"[-0.46000000834465027, -0.3933333456516266, -0.3266666829586029, -0.2600000202655792]",-0.5749807953834534,-1.1520737409591675,0.12123607844114304,0.9568012952804565,1.6087397336959839,0.06747029721736908,14.555652687492067,19.58433012313066
3350,3350,33,ramp,3,"[-0.4399999976158142, -0.3733333349227905, -0.30666667222976685, -0.24000000953674316]",-0.5665016770362854,-1.1559474468231201,0.12598371505737305,0.9732016324996948,1.6186821460723877,0.019452817738056183,19.58433012313066,24.486813431017207
3375,3375,33,zero_hold,0,"[0.0, 0.0, 0.0, 0.0]",-0.4248231053352356,-0.009005865082144737,-0.06826182454824448,0.5021047592163086,0.6613052487373352,0.0,0.0,4.54379306440895
3375,3375,33,zero_hold,1,"[0.0, 0.0, 0.0, 0.0]",-0.4418032467365265,0.18384674191474915,-0.05988473817706108,0.6500760912895203,0.8094286918640137,0.24381579458713531,4.54379306440895,7.3409150958928135
3375,3375,33,zero_hold,2,"[0.0, 0.0, 0.0, 0.0]",-0.05631949007511139,0.18601375818252563,-0.11284781992435455,0.7525312304496765,0.7853730916976929,0.40237364172935486,7.3409150958928135,9.706502773289897
3375,3375,33,zero_hold,3,"[0.0, 0.0, 0.0, 0.0]",0.12947025895118713,0.13407719135284424,-0.16667106747627258,0.7654261589050293,0.8052302002906799,0.2006949484348297,9.706502773289897,11.735443743211402
3375,3375,33,target_ahead,0,"[0.0, 0.0, 0.0, 0.0]",1.4348399639129639,-0.31382879614830017,-0.30719831585884094,0.07407255470752716,1.502368688583374,0.0,0.0,8.476515653260872
3375,3375,33,target_ahead,1,"[0.009999999776482582, 0.0, 0.0, 0.0]",1.2780330181121826,-0.46486538648605347,-0.2489180713891983,0.0753059908747673,1.3845936059951782,0.2253853976726532,8.476515653260872,12.540355220498299
3375,3375,33,target_ahead,2,"[0.019999999552965164, 0.0, 0.0, 0.0]",1.298811912536621,-0.5318989753723145,-0.1758478432893753,0.0999312624335289,1.4180048704147339,0.10426373779773712,12.540355220498299,16.386868777355954
3375,3375,33,target_ahead,3,"[0.029999999329447746, 0.0, 0.0, 0.0]",1.3003544807434082,-0.5418511629104614,-0.1464017778635025,0.13896021246910095,1.423119068145752,0.04991748183965683,16.386868777355954,20.235742959634383
3375,3375,33,target_left,0,"[0.0, 0.0, 0.0, 0.0]",-0.6723029017448425,-1.149848461151123,0.2196774035692215,0.19063785672187805,1.3633575439453125,0.0,0.0,8.24467583724456
3375,3375,33,target_left,1,"[0.009999999776482582, 0.0, 0.0, 0.0]",-0.6437984108924866,-1.2432860136032104,0.21716654300689697,0.3434518277645111,1.4578603506088257,0.18138769268989563,8.24467583724456,12.775639132899814
3375,3375,33,target_left,2,"[0.019999999552965164, 0.0, 0.0, 0.0]",-0.5942351222038269,-1.2927262783050537,0.22161774337291718,0.4223833680152893,1.500592827796936,0.10559763014316559,12.775639132899814,17.149118882492207
3375,3375,33,target_left,3,"[0.029999999329447746, 0.0, 0.0, 0.0]",-0.549786388874054,-1.2922959327697754,0.21743282675743103,0.461654394865036,1.4942207336425781,0.05946092680096626,17.149118882492207,21.384430194195748
3375,3375,33,ramp,0,"[-0.5, -0.4333333373069763, -0.36666667461395264, -0.30000001192092896]",-0.6901074051856995,-0.8796402215957642,0.1011333167552948,0.7338765859603882,1.3412001132965088,0.0,0.0,9.737468756367607
3375,3375,33,ramp,1,"[-0.47999998927116394, -0.41333332657814026, -0.3466666638851166, -0.2800000011920929]",-0.5567558407783508,-1.041588306427002,0.11078236997127533,0.8988763093948364,1.4883328676223755,0.2670727074146271,9.737468756367607,14.431560250480691
3375,3375,33,ramp,2,"[-0.46000000834465027, -0.3933333456516266, -0.3266666829586029, -0.2600000202655792]",-0.5681771636009216,-1.097704291343689,0.11763433367013931,0.9397372603416443,1.557152509689331,0.07068251073360443,14.431560250480691,19.40599888005815
3375,3375,33,ramp,3,"[-0.4399999976158142, -0.3733333349227905, -0.30666667222976685, -0.24000000953674316]",-0.5548581480979919,-1.1036286354064941,0.12394510209560394,0.9551482200622559,1.5663760900497437,0.022131821140646935,19.40599888005815,24.283690475526882
3400,3400,33,zero_hold,0,"[0.0, 0.0, 0.0, 0.0]",-0.42338865995407104,-0.0008549224585294724,-0.08469478040933609,0.506115198135376,0.665270209312439,0.0,0.0,4.533950860478498
3400,3400,33,zero_hold,1,"[0.0, 0.0, 0.0, 0.0]",-0.4594537019729614,0.1920410394668579,-0.07043959945440292,0.6538851261138916,0.8249272704124451,0.24606645107269287,4.533950860478498,7.3350640444317605
3400,3400,33,zero_hold,2,"[0.0, 0.0, 0.0, 0.0]",-0.07630123198032379,0.19099383056163788,-0.11896923184394836,0.7498404383659363,0.7865843176841736,0.39795660972595215,7.3350640444317605,9.700515547446118
3400,3400,33,zero_hold,3,"[0.0, 0.0, 0.0, 0.0]",0.10197094082832336,0.13065361976623535,-0.17383112013339996,0.7539657354354858,0.7912964224815369,0.19608354568481445,9.700515547446118,11.72979561393669
3400,3400,33,target_ahead,0,"[0.0, 0.0, 0.0, 0.0]",1.4043468236923218,-0.34370920062065125,-0.3410985469818115,0.027690421789884567,1.4857460260391235,0.0,0.0,8.513321868366768
3400,3400,33,target_ahead,1,"[0.009999999776482582, 0.0, 0.0, 0.0]",1.2597380876541138,-0.48064398765563965,-0.2895781993865967,0.03886320814490318,1.379610300064087,0.20601455867290497,8.513321868366768,12.668062212193606
3400,3400,33,target_ahead,2,"[0.019999999552965164, 0.0, 0.0, 0.0]",1.2801008224487305,-0.5472882986068726,-0.22736749053001404,0.05978243425488472,1.411896824836731,0.09572821855545044,12.668062212193606,16.56170059836786
3400,3400,33,target_ahead,3,"[0.029999999329447746, 0.0, 0.0, 0.0]",1.2808936834335327,-0.5573530197143555,-0.2033195048570633,0.09507139027118683,1.414817452430725,0.04388101398944855,16.56170059836786,20.43750791353906
3400,3400,33,target_left,0,"[0.0, 0.0, 0.0, 0.0]",-0.6715964674949646,-1.1556764841079712,0.18421851098537445,0.22057564556598663,1.3671941757202148,0.0,0.0,8.257645940964983
3400,3400,33,target_left,1,"[0.009999999776482582, 0.0, 0.0, 0.0]",-0.615517795085907,-1.2430355548858643,0.19588983058929443,0.3820696771144867,1.4520156383514404,0.1923355609178543,8.257645940964983,12.79603007125599
3400,3400,33,target_left,2,"[0.019999999552965164, 0.0, 0.0, 0.0]",-0.535691499710083,-1.2890586853027344,0.20064614713191986,0.4622584879398346,1.4841090440750122,0.1222425252199173,12.79603007125599,17.20136414873509
3400,3400,33,target_left,3,"[0.029999999329447746, 0.0, 0.0, 0.0]",-0.46610385179519653,-1.285217523574829,0.19799311459064484,0.5008421540260315,1.4693812131881714,0.07970529049634933,17.20136414873509,21.478162217542163
3400,3400,33,ramp,0,"[-0.5, -0.4333333373069763, -0.36666667461395264, -0.30000001192092896]",-0.6127783060073853,-0.8828188180923462,0.06397709995508194,0.7765054106712341,1.3273733854293823,0.0,0.0,9.76615719211338
3400,3400,33,ramp,1,"[-0.47999998927116394, -0.41333332657814026, -0.3466666638851166, -0.2800000011920929]",-0.49727171659469604,-1.0231956243515015,0.07730673998594284,0.9253608584403992,1.4684950113296509,0.23533602058887482,9.76615719211338,14.464392224839752
3400,3400,33,ramp,2,"[-0.46000000834465027, -0.3933333456516266, -0.3266666829586029, -0.2600000202655792]",-0.515388011932373,-1.073401689529419,0.08724717795848846,0.9625382423400879,1.5335931777954102,0.06580135971307755,14.464392224839752,19.426633272300766
3400,3400,33,ramp,3,"[-0.4399999976158142, -0.3733333349227905, -0.30666667222976685, -0.24000000953674316]",-0.5059089064598083,-1.08018159866333,0.09609770774841309,0.9765169620513916,1.5445245504379272,0.0202375166118145,19.426633272300766,24.29443925500147
3425,3425,33,zero_hold,0,"[0.0, 0.0, 0.0, 0.0]",-0.4440520703792572,-0.016728736460208893,-0.07985047250986099,0.524333655834198,0.6919277310371399,0.0,0.0,4.579867310885303
3425,3425,33,zero_hold,1,"[0.0, 0.0, 0.0, 0.0]",-0.4964165985584259,0.17741698026657104,-0.059643544256687164,0.6596276760101318,0.846505880355835,0.24320237338542938,4.579867310885303,7.381153692959492
3425,3425,33,zero_hold,2,"[0.0, 0.0, 0.0, 0.0]",-0.10222310572862625,0.1740390956401825,-0.11204466968774796,0.7521252632141113,0.7867563962936401,0.4082911014556885,7.381153692959492,9.753680379313275
3425,3425,33,zero_hold,3,"[0.0, 0.0, 0.0, 0.0]",0.07300250232219696,0.12073260545730591,-0.17032434046268463,0.7664979100227356,0.7977688312530518,0.19273996353149414,9.753680379313275,11.792017367681623
3425,3425,33,target_ahead,0,"[0.0, 0.0, 0.0, 0.0]",1.3854509592056274,-0.3623325824737549,-0.34567156434059143,0.0069609954953193665,1.4731926918029785,0.0,0.0,8.529242624126997
3425,3425,33,target_ahead,1,"[0.009999999776482582, 0.0, 0.0, 0.0]",1.2461202144622803,-0.502070426940918,-0.2846120297908783,0.008646737784147263,1.3733059167861938,0.20656919479370117,8.529242624126997,12.691432344320464
3425,3425,33,target_ahead,2,"[0.019999999552965164, 0.0, 0.0, 0.0]",1.2665789127349854,-0.5736097097396851,-0.22124220430850983,0.025877859443426132,1.4081435203552246,0.09924250096082687,12.691432344320464,16.5863244878528
3425,3425,33,target_ahead,3,"[0.029999999329447746, 0.0, 0.0, 0.0]",1.267924189567566,-0.5855036973953247,-0.19416876137256622,0.0618574284017086,1.4113731384277344,0.04659160226583481,16.5863244878528,20.464353085378647
3425,3425,33,target_left,0,"[0.0, 0.0, 0.0, 0.0]",-0.6634390354156494,-1.1730351448059082,0.19267693161964417,0.22148369252681732,1.3792542219161987,0.0,0.0,8.288326076942154
3425,3425,33,target_left,1,"[0.009999999776482582, 0.0, 0.0, 0.0]",-0.6182968020439148,-1.2648165225982666,0.2032928317785263,0.36166301369667053,1.4677125215530396,0.17385217547416687,8.288326076942154,12.82452827006378
3425,3425,33,target_left,2,"[0.019999999552965164, 0.0, 0.0, 0.0]",-0.5568020939826965,-1.3099451065063477,0.20923620462417603,0.43295902013778687,1.5024040937423706,0.10457835346460342,12.82452827006378,17.246988742033505
3425,3425,33,target_left,3,"[0.029999999329447746, 0.0, 0.0, 0.0]",-0.4979974031448364,-1.3067257404327393,0.20737287402153015,0.46804079413414,1.4891605377197266,0.06857520341873169,17.246988742033505,21.535037918142013
3425,3425,33,ramp,0,"[-0.5, -0.4333333373069763, -0.36666667461395264, -0.30000001192092896]",-0.6125960946083069,-0.9035919904708862,0.07895892858505249,0.7815948724746704,1.3449451923370361,0.0,0.0,9.79283171789205
3425,3425,33,ramp,1,"[-0.47999998927116394, -0.41333332657814026, -0.3466666638851166, -0.2800000011920929]",-0.5073441863059998,-1.0326344966888428,0.08517876267433167,0.9144240021705627,1.4721273183822632,0.2131013721227646,9.79283171789205,14.485463104339845
3425,3425,33,ramp,2,"[-0.46000000834465027, -0.3933333456516266, -0.3266666829586029, -0.2600000202655792]",-0.5300694108009338,-1.0798420906066895,0.0907166376709938,0.9497801661491394,1.5353646278381348,0.06344855576753616,14.485463104339845,19.469864858271457
3425,3425,33,ramp,3,"[-0.4399999976158142, -0.3733333349227905, -0.30666667222976685, -0.24000000953674316]",-0.5236210227012634,-1.0856562852859497,0.09669829159975052,0.9636092782020569,1.5461959838867188,0.017389971762895584,19.469864858271457,24.36904759451593
3450,3450,33,zero_hold,0,"[0.0, 0.0, 0.0, 0.0]",-0.4429880380630493,-0.008414006792008877,-0.07977434992790222,0.5007357001304626,0.6733567714691162,0.0,0.0,4.529145541200608
3450,3450,33,zero_hold,1,"[0.0, 0.0, 0.0, 0.0]",-0.47639375925064087,0.19109873473644257,-0.07055218517780304,0.6245140433311462,0.8114586472511292,0.23733393847942352,4.529145541200608,7.283329036425709
3450,3450,33,zero_hold,2,"[0.0, 0.0, 0.0, 0.0]",-0.07060752809047699,0.1874997466802597,-0.13166049122810364,0.7169686555862427,0.7559894919395447,0.42066314816474915,7.283329036425709,9.591962870321302
3450,3450,33,zero_hold,3,"[0.0, 0.0, 0.0, 0.0]",0.11713099479675293,0.12904272973537445,-0.19740036129951477,0.7315465807914734,0.7774953842163086,0.20783941447734833,9.591962870321302,11.574385410665004
3450,3450,33,target_ahead,0,"[0.0, 0.0, 0.0, 0.0]",1.3848004341125488,-0.3519129157066345,-0.3580699861049652,-0.0031566694378852844,1.4730033874511719,0.0,0.0,8.512329049449361
3450,3450,33,target_ahead,1,"[0.009999999776482582, 0.0, 0.0, 0.0]",1.246106743812561,-0.5059509873390198,-0.2972966432571411,-0.006281424313783646,1.3773863315582275,0.21602506935596466,8.512329049449361,12.671414610605446
3450,3450,33,target_ahead,2,"[0.019999999552965164, 0.0, 0.0, 0.0]",1.2510114908218384,-0.5744351744651794,-0.24037696421146393,0.006401721388101578,1.3974360227584839,0.09008247405290604,12.671414610605446,16.540413476617623
3450,3450,33,target_ahead,3,"[0.029999999329447746, 0.0, 0.0, 0.0]",1.2478070259094238,-0.5869224667549133,-0.20438170433044434,0.04179510846734047,1.3946393728256226,0.05210135877132416,16.540413476617623,20.396837547131067
3450,3450,33,target_left,0,"[0.0, 0.0, 0.0, 0.0]",-0.6471607089042664,-1.149256706237793,0.19170980155467987,0.20794865489006042,1.3489267826080322,0.0,0.0,8.27644987188136
3450,3450,33,target_left,1,"[0.009999999776482582, 0.0, 0.0, 0.0]",-0.578963577747345,-1.2310094833374023,0.1857324242591858,0.36604294180870056,1.4209388494491577,0.1906932145357132,8.27644987188136,12.834275758343603
3450,3450,33,target_left,2,"[0.019999999552965164, 0.0, 0.0, 0.0]",-0.4907916784286499,-1.2689213752746582,0.18434013426303864,0.44007521867752075,1.4417645931243896,0.12122009694576263,12.834275758343603,17.281519764474467
3450,3450,33,target_left,3,"[0.029999999329447746, 0.0, 0.0, 0.0]",-0.41596677899360657,-1.2641584873199463,0.18028835952281952,0.47447600960731506,1.4243441820144653,0.08259105682373047,17.281519764474467,21.600119857666275
3450,3450,33,ramp,0,"[-0.5, -0.4333333373069763, -0.36666667461395264, -0.30000001192092896]",-0.6132072806358337,-0.8918758034706116,0.12509912252426147,0.7322032451629639,1.3127212524414062,0.0,0.0,9.74698625099733
3450,3450,33,ramp,1,"[-0.47999998927116394, -0.41333332657814026, -0.3466666638851166, -0.2800000011920929]",-0.4921349585056305,-1.0071392059326172,0.11400235444307327,0.8850414752960205,1.4327669143676758,0.22677482664585114,9.74698625099733,14.429339762574829
3450,3450,33,ramp,2,"[-0.46000000834465027, -0.3933333456516266, -0.3266666829586029, -0.2600000202655792]",-0.516351580619812,-1.0447640419006348,0.11628361791372299,0.9299734830856323,1.4955010414123535,0.06345205008983612,14.429339762574829,19.382963116189394
3450,3450,33,ramp,3,"[-0.4399999976158142, -0.3733333349227905, -0.30666667222976685, -0.24000000953674316]",-0.5096494555473328,-1.045231819152832,0.12010826915502548,0.946932315826416,1.5044463872909546,0.01863779127597809,19.382963116189394,24.247014911509552
3475,3475,33,zero_hold,0,"[0.0, 0.0, 0.0, 0.0]",-0.43683430552482605,-0.0179254412651062,-0.0889468863606453,0.49695634841918945,0.6678493022918701,0.0,0.0,4.503931713542402
3475,3475,33,zero_hold,1,"[0.0, 0.0, 0.0, 0.0]",-0.4732423722743988,0.16431915760040283,-0.08306974172592163,0.6070724129676819,0.7914522290229797,0.21609888970851898,4.503931713542402,7.233740920699523
3475,3475,33,zero_hold,2,"[0.0, 0.0, 0.0, 0.0]",-0.06564105302095413,0.15247288346290588,-0.14568492770195007,0.6933973431587219,0.7277229428291321,0.4214876592159271,7.233740920699523,9.51330305951527
3475,3475,33,zero_hold,3,"[0.0, 0.0, 0.0, 0.0]",0.1332620531320572,0.09150759875774384,-0.213759183883667,0.7073885798454285,0.7564548850059509,0.2193378061056137,9.51330305951527,11.48450910448031
3475,3475,33,target_ahead,0,"[0.0, 0.0, 0.0, 0.0]",1.351863980293274,-0.3886328339576721,-0.36032816767692566,-0.0046175383031368256,1.4520431756973267,0.0,0.0,8.562084299591998
3475,3475,33,target_ahead,1,"[0.009999999776482582, 0.0, 0.0, 0.0]",1.2086483240127563,-0.5425586104393005,-0.3144811987876892,-0.007881123572587967,1.3616758584976196,0.2152125984430313,8.562084299591998,12.780133648480016
3475,3475,33,target_ahead,2,"[0.019999999552965164, 0.0, 0.0, 0.0]",1.2188644409179688,-0.6120727062225342,-0.2615720331668854,0.005522157996892929,1.3887814283370972,0.08896969258785248,12.780133648480016,16.685040537574853
3475,3475,33,target_ahead,3,"[0.029999999329447746, 0.0, 0.0, 0.0]",1.2140233516693115,-0.626803457736969,-0.21803128719329834,0.04320568963885307,1.3842469453811646,0.05963452160358429,16.685040537574853,20.574830108090907
3475,3475,33,target_left,0,"[0.0, 0.0, 0.0, 0.0]",-0.6378936171531677,-1.1651904582977295,0.2073213756084442,0.20624811947345734,1.3601828813552856,0.0,0.0,8.281401411853187
3475,3475,33,target_left,1,"[0.009999999776482582, 0.0, 0.0, 0.0]",-0.5740171074867249,-1.2421183586120605,0.20707130432128906,0.35024547576904297,1.4275517463684082,0.1753094643354416,8.281401411853187,12.845731151978237
3475,3475,33,target_left,2,"[0.019999999552965164, 0.0, 0.0, 0.0]",-0.49368032813072205,-1.2766859531402588,0.20747587084770203,0.42085781693458557,1.4470020532608032,0.11240632832050323,12.845731151978237,17.308764196436712
3475,3475,33,target_left,3,"[0.029999999329447746, 0.0, 0.0, 0.0]",-0.42620888352394104,-1.2699568271636963,0.20328420400619507,0.45414188504219055,1.4289904832839966,0.07565101981163025,17.308764196436712,21.64155844664941
3475,3475,33,ramp,0,"[-0.5, -0.4333333373069763, -0.36666667461395264, -0.30000001192092896]",-0.5975421071052551,-0.9213953018188477,0.14361095428466797,0.7616695761680603,1.344169020652771,0.0,0.0,9.801435195023938
3475,3475,33,ramp,1,"[-0.47999998927116394, -0.41333332657814026, -0.3466666638851166, -0.2800000011920929]",-0.4873344898223877,-1.022010087966919,0.13900555670261383,0.8877843022346497,1.4455044269561768,0.19543588161468506,9.801435195023938,14.48034015280576
3475,3475,33,ramp,2,"[-0.46000000834465027, -0.3933333456516266, -0.3266666829586029, -0.2600000202655792]",-0.5179027318954468,-1.049649953842163,0.14662060141563416,0.9296799302101135,1.5019290447235107,0.05925885587930679,14.48034015280576,19.472551150311244
3475,3475,33,ramp,3,"[-0.4399999976158142, -0.3733333349227905, -0.30666667222976685, -0.24000000953674316]",-0.5128614902496338,-1.037982702255249,0.1554381102323532,0.9444386959075928,1.5021852254867554,0.021380094811320305,19.472551150311244,24.353145695993554
3500,3500,33,zero_hold,0,"[0.0, 0.0, 0.0, 0.0]",-0.4490053653717041,-0.01821961998939514,-0.07897669821977615,0.5070149898529053,0.6820845007896423,0.0,0.0,4.535687513343748
3500,3500,33,zero_hold,1,"[0.0, 0.0, 0.0, 0.0]",-0.49797433614730835,0.17532165348529816,-0.0768563374876976,0.6242155432701111,0.8211382627487183,0.2315095067024231,4.535687513343748,7.27382013386923
3500,3500,33,zero_hold,2,"[0.0, 0.0, 0.0, 0.0]",-0.06757718324661255,0.1669054627418518,-0.149546280503273,0.7182855010032654,0.755461573600769,0.4465932548046112,7.27382013386923,9.572602498984404
3500,3500,33,zero_hold,3,"[0.0, 0.0, 0.0, 0.0]",0.13518109917640686,0.10357646644115448,-0.22433452308177948,0.7390652298927307,0.7909142971038818,0.2261560559272766,9.572602498984404,11.540390308535777
3500,3500,33,target_ahead,0,"[0.0, 0.0, 0.0, 0.0]",1.3087704181671143,-0.36211493611335754,-0.33865275979042053,0.006852634251117706,1.3995498418807983,0.0,0.0,8.585015831860616
3500,3500,33,target_ahead,1,"[0.009999999776482582, 0.0, 0.0, 0.0]",1.156167984008789,-0.5403226017951965,-0.29396864771842957,-0.0020205825567245483,1.309616208076477,0.23899973928928375,8.585015831860616,12.800212277393804
3500,3500,33,target_ahead,2,"[0.019999999552965164, 0.0, 0.0, 0.0]",1.1724196672439575,-0.6242594718933105,-0.23448650538921356,0.01115010678768158,1.3488425016403198,0.10498145967721939,12.800212277393804,16.681936283880376
3500,3500,33,target_ahead,3,"[0.029999999329447746, 0.0, 0.0, 0.0]",1.173197865486145,-0.6390725374221802,-0.1940889209508896,0.05325498431921005,1.3510416746139526,0.06020646169781685,16.681936283880376,20.538593264944
3500,3500,33,target_left,0,"[0.0, 0.0, 0.0, 0.0]",-0.6561762690544128,-1.150951862335205,0.21066901087760925,0.21136948466300964,1.3580559492111206,0.0,0.0,8.255888745814685
3500,3500,33,target_left,1,"[0.009999999776482582, 0.0, 0.0, 0.0]",-0.5968020558357239,-1.2117747068405151,0.20325429737567902,0.3723602592945099,1.415816068649292,0.18220242857933044,8.255888745814685,12.79612435749903
3500,3500,33,target_left,2,"[0.019999999552965164, 0.0, 0.0, 0.0]",-0.5208216905593872,-1.2467728853225708,0.2015623152256012,0.44791391491889954,1.4376899003982544,0.11273467540740967,12.79612435749903,17.235509536183752
3500,3500,33,target_left,3,"[0.029999999329447746, 0.0, 0.0, 0.0]",-0.4570714831352234,-1.2404441833496094,0.1958538293838501,0.4835810959339142,1.4212056398391724,0.07354506105184555,17.235509536183752,21.55023439789891
3500,3500,33,ramp,0,"[-0.5, -0.4333333373069763, -0.36666667461395264, -0.30000001192092896]",-0.5906575322151184,-0.9044811725616455,0.1664522886276245,0.758616030216217,1.3304762840270996,0.0,0.0,9.761428456551668
3500,3500,33,ramp,1,"[-0.47999998927116394, -0.41333332657814026, -0.3466666638851166, -0.2800000011920929]",-0.4649565815925598,-1.004892110824585,0.15319707989692688,0.9099885821342468,1.4413678646087646,0.22129715979099274,9.761428456551668,14.433388721811205
3500,3500,33,ramp,2,"[-0.46000000834465027, -0.3933333456516266, -0.3266666829586029, -0.2600000202655792]",-0.49711161851882935,-1.0312113761901855,0.1586163192987442,0.9537899494171143,1.4984630346298218,0.06061829999089241,14.433388721811205,19.422395127715003
3500,3500,33,ramp,3,"[-0.4399999976158142, -0.3733333349227905, -0.30666667222976685, -0.24000000953674316]",-0.4930410385131836,-1.019655704498291,0.16741663217544556,0.9681140780448914,1.499353289604187,0.020802147686481476,19.422395127715003,24.315653680037247
3525,3525,33,zero_hold,0,"[0.0, 0.0, 0.0, 0.0]",-0.4762338697910309,-0.007265418767929077,-0.0784468874335289,0.4787682294845581,0.6798709034919739,0.0,0.0,4.630120366837753
3525,3525,33,zero_hold,1,"[0.0, 0.0, 0.0, 0.0]",-0.4648388922214508,0.19240188598632812,-0.06406647711992264,0.6064302921295166,0.7905415296554565,0.2376999706029892,4.630120366837753,7.386263412798403
3525,3525,33,zero_hold,2,"[0.0, 0.0, 0.0, 0.0]",-0.011144639924168587,0.17807967960834503,-0.13184253871440887,0.7004170417785645,0.7347129583358765,0.4684769809246063,7.386263412798403,9.663587117491568
3525,3525,33,zero_hold,3,"[0.0, 0.0, 0.0, 0.0]",0.1878875195980072,0.11267811059951782,-0.19878149032592773,0.7129559516906738,0.7718927264213562,0.22029346227645874,9.663587117491568,11.595363751614272
3525,3525,33,target_ahead,0,"[0.0, 0.0, 0.0, 0.0]",1.3185217380523682,-0.326619952917099,-0.31313833594322205,-0.01989886909723282,1.3941419124603271,0.0,0.0,8.582351869721968
3525,3525,33,target_ahead,1,"[0.009999999776482582, 0.0, 0.0, 0.0]",1.1756553649902344,-0.5154392719268799,-0.24936892092227936,-0.0021438151597976685,1.3076821565628052,0.24585628509521484,8.582351869721968,12.797238278976554
3525,3525,33,target_ahead,2,"[0.019999999552965164, 0.0, 0.0, 0.0]",1.2012087106704712,-0.6088130474090576,-0.17473898828029633,0.016966544091701508,1.3580784797668457,0.12371931225061417,12.797238278976554,16.690148777343605
3525,3525,33,target_ahead,3,"[0.029999999329447746, 0.0, 0.0, 0.0]",1.2194808721542358,-0.618827223777771,-0.12760093808174133,0.07000480592250824,1.3752321004867554,0.07395409792661667,16.690148777343605,20.557745884209215
3525,3525,33,target_left,0,"[0.0, 0.0, 0.0, 0.0]",-0.6696984171867371,-1.144516110420227,0.19506961107254028,0.20718848705291748,1.3562419414520264,0.0,0.0,8.251996505162447
3525,3525,33,target_left,1,"[0.009999999776482582, 0.0, 0.0, 0.0]",-0.6358830332756042,-1.2057658433914185,0.20265299081802368,0.372298926115036,1.4275480508804321,0.17948251962661743,8.251996505162447,12.781404084592877
3525,3525,33,target_left,2,"[0.019999999552965164, 0.0, 0.0, 0.0]",-0.5664816498756409,-1.2385272979736328,0.20464256405830383,0.4471452534198761,1.4479877948760986,0.10721845179796219,12.781404084592877,17.18313427651072
3525,3525,33,target_left,3,"[0.029999999329447746, 0.0, 0.0, 0.0]",-0.5041081309318542,-1.2303836345672607,0.20074902474880219,0.48368632793426514,1.4290632009506226,0.07285042852163315,17.18313427651072,21.45144769630009
3525,3525,33,ramp,0,"[-0.5, -0.4333333373069763, -0.36666667461395264, -0.30000001192092896]",-0.6222100853919983,-0.8916153907775879,0.15730233490467072,0.7232000827789307,1.3152512311935425,0.0,0.0,9.735379825012538
3525,3525,33,ramp,1,"[-0.47999998927116394, -0.41333332657814026, -0.3466666638851166, -0.2800000011920929]",-0.5054028034210205,-0.9806171655654907,0.16298876702785492,0.9044835567474365,1.435861349105835,0.23336942493915558,9.735379825012538,14.46955528311683
3525,3525,33,ramp,2,"[-0.46000000834465027, -0.3933333456516266, -0.3266666829586029, -0.2600000202655792]",-0.5300890207290649,-1.006885051727295,0.171903595328331,0.9475734829902649,1.4907240867614746,0.056882571429014206,14.46955528311683,19.51089155787611
3525,3525,33,ramp,3,"[-0.4399999976158142, -0.3733333349227905, -0.30666667222976685, -0.24000000953674316]",-0.5217456221580505,-0.9972411394119263,0.18177954852581024,0.9603986740112305,1.490676999092102,0.02060673013329506,19.51089155787611,24.43154268701265
3550,3550,33,zero_hold,0,"[0.0, 0.0, 0.0, 0.0]",-0.45385876297950745,0.006662098690867424,-0.07150652259588242,0.48765793442726135,0.6700415015220642,0.0,0.0,4.5490846205775926
3550,3550,33,zero_hold,1,"[0.0, 0.0, 0.0, 0.0]",-0.4493078887462616,0.19889111816883087,-0.05648943409323692,0.6093704700469971,0.7848303318023682,0.2280617505311966,4.5490846205775926,7.2667772721415815
3550,3550,33,zero_hold,2,"[0.0, 0.0, 0.0, 0.0]",0.008891932666301727,0.18790967762470245,-0.12594275176525116,0.6992143392562866,0.7349498867988586,0.4721899628639221,7.2667772721415815,9.521703685583551
3550,3550,33,zero_hold,3,"[0.0, 0.0, 0.0, 0.0]",0.21934181451797485,0.11976988613605499,-0.19879010319709778,0.7059208154678345,0.7747885584831238,0.23298904299736023,9.521703685583551,11.43054221494914
3550,3550,33,target_ahead,0,"[0.0, 0.0, 0.0, 0.0]",1.2746762037277222,-0.3171747922897339,-0.29957282543182373,-0.0508589893579483,1.3482320308685303,0.0,0.0,8.56090491574819
3550,3550,33,target_ahead,1,"[0.009999999776482582, 0.0, 0.0, 0.0]",1.1520024538040161,-0.537886917591095,-0.2311994731426239,-0.015752390027046204,1.292336344718933,0.263950914144516,8.56090491574819,12.791794375877947
3550,3550,33,target_ahead,2,"[0.019999999552965164, 0.0, 0.0, 0.0]",1.1887251138687134,-0.626244306564331,-0.1593034416437149,0.022187761962413788,1.3531885147094727,0.12555506825447083,12.791794375877947,16.72817773842045
3550,3550,33,target_ahead,3,"[0.029999999329447746, 0.0, 0.0, 0.0]",1.217764973640442,-0.6317121386528015,-0.128102108836174,0.0789983794093132,1.38009512424469,0.07123328000307083,16.72817773842045,20.626058061058963
3550,3550,33,target_left,0,"[0.0, 0.0, 0.0, 0.0]",-0.6608644127845764,-1.130091905593872,0.20184004306793213,0.22580662369728088,1.3437178134918213,0.0,0.0,8.20487961231874
3550,3550,33,target_left,1,"[0.009999999776482582, 0.0, 0.0, 0.0]",-0.6245208978652954,-1.1921151876449585,0.20758718252182007,0.391169935464859,1.416782021522522,0.18040452897548676,8.20487961231874,12.690782843366998
3550,3550,33,target_left,2,"[0.019999999552965164, 0.0, 0.0, 0.0]",-0.5490776896476746,-1.2268016338348389,0.20387613773345947,0.4675568640232086,1.4376033544540405,0.11288738250732422,12.690782843366998,17.045111504430217
3550,3550,33,target_left,3,"[0.029999999329447746, 0.0, 0.0, 0.0]",-0.4837157428264618,-1.2194801568984985,0.19664955139160156,0.5030441284179688,1.4187449216842651,0.07508233934640884,17.045111504430217,21.261237792082024
3550,3550,33,ramp,0,"[-0.5, -0.4333333373069763, -0.36666667461395264, -0.30000001192092896]",-0.6103503108024597,-0.8563421964645386,0.1507236808538437,0.7303050756454468,1.289151906967163,0.0,0.0,9.664024841287564
3550,3550,33,ramp,1,"[-0.47999998927116394, -0.41333332657814026, -0.3466666638851166, -0.2800000011920929]",-0.4737537205219269,-0.9740690588951111,0.1594628393650055,0.9176100492477417,1.4285271167755127,0.2601495087146759,9.664024841287564,14.439452781965642
3550,3550,33,ramp,2,"[-0.46000000834465027, -0.3933333456516266, -0.3266666829586029, -0.2600000202655792]",-0.5000802278518677,-1.0081602334976196,0.16446104645729065,0.9644912481307983,1.4912270307540894,0.06386017054319382,14.439452781965642,19.484118415703342
3550,3550,33,ramp,3,"[-0.4399999976158142, -0.3733333349227905, -0.30666667222976685, -0.24000000953674316]",-0.4971168041229248,-1.0027586221694946,0.1710696518421173,0.9766236543655396,1.4952285289764404,0.015127070248126984,19.484118415703342,24.406377909955808
3575,3575,33,zero_hold,0,"[0.0, 0.0, 0.0, 0.0]",-0.456169992685318,0.03132390230894089,-0.06834813207387924,0.4809879660606384,0.667153000831604,0.0,0.0,4.518268862972985
3575,3575,33,zero_hold,1,"[0.0, 0.0, 0.0, 0.0]",-0.4993171989917755,0.2322814166545868,-0.034882884472608566,0.6005218029022217,0.8155461549758911,0.24011218547821045,4.518268862972985,7.2159087160210715
3575,3575,33,zero_hold,2,"[0.0, 0.0, 0.0, 0.0]",-0.07200397551059723,0.2340705394744873,-0.08454223722219467,0.6987305879592896,0.7452149987220764,0.4412604570388794,7.2159087160210715,9.479316947780884
3575,3575,33,zero_hold,3,"[0.0, 0.0, 0.0, 0.0]",0.1529063582420349,0.17625035345554352,-0.1476593166589737,0.7216593623161316,0.7726836800575256,0.24173814058303833,9.479316947780884,11.408690616325794
3575,3575,33,target_ahead,0,"[0.0, 0.0, 0.0, 0.0]",1.2120680809020996,-0.27193373441696167,-0.32700738310813904,-0.10172277688980103,1.2885411977767944,0.0,0.0,8.571460557183197
3575,3575,33,target_ahead,1,"[0.009999999776482582, 0.0, 0.0, 0.0]",1.085821509361267,-0.5322303175926208,-0.2711927592754364,-0.09883598238229752,1.243218183517456,0.294645756483078,8.571460557183197,12.846772186154183
3575,3575,33,target_ahead,2,"[0.019999999552965164, 0.0, 0.0, 0.0]",1.1356747150421143,-0.6241427659988403,-0.1898738592863083,-0.050337567925453186,1.3106857538223267,0.14106062054634094,12.846772186154183,16.836956806821735
3575,3575,33,target_ahead,3,"[0.029999999329447746, 0.0, 0.0, 0.0]",1.1724605560302734,-0.6337010860443115,-0.15524892508983612,0.01705794781446457,1.3418771028518677,0.08476792275905609,16.836956806821735,20.777604890654107
3575,3575,33,target_left,0,"[0.0, 0.0, 0.0, 0.0]",-0.6493668556213379,-1.123426914215088,0.18899889290332794,0.22110489010810852,1.3298020362854004,0.0,0.0,8.165356388483401
3575,3575,33,target_left,1,"[0.009999999776482582, 0.0, 0.0, 0.0]",-0.6494930386543274,-1.1969163417816162,0.21224434673786163,0.38925930857658386,1.432138442993164,0.18497829139232635,8.165356388483401,12.668127447667153
3575,3575,33,target_left,2,"[0.019999999552965164, 0.0, 0.0, 0.0]",-0.5900768637657166,-1.2369509935379028,0.21440283954143524,0.46450990438461304,1.4628658294677734,0.10392481088638306,12.668127447667153,17.021516183150467
3575,3575,33,target_left,3,"[0.029999999329447746, 0.0, 0.0, 0.0]",-0.5464867949485779,-1.2329357862472534,0.21141044795513153,0.5001620054244995,1.4538345336914062,0.05653532221913338,17.021516183150467,21.23557010321162
3575,3575,33,ramp,0,"[-0.5, -0.4333333373069763, -0.36666667461395264, -0.30000001192092896]",-0.5829869508743286,-0.8742409944534302,0.143534317612648,0.727428674697876,1.2860504388809204,0.0,0.0,9.665786808852216
3575,3575,33,ramp,1,"[-0.47999998927116394, -0.41333332657814026, -0.3466666638851166, -0.2800000011920929]",-0.44882771372795105,-0.986692488193512,0.15852953493595123,0.9312921762466431,1.4378613233566284,0.2691267728805542,9.665786808852216,14.462574141393391
3575,3575,33,ramp,2,"[-0.46000000834465027, -0.3933333456516266, -0.3266666829586029, -0.2600000202655792]",-0.4677654206752777,-1.0145866870880127,0.16502578556537628,0.9834054708480835,1.4975014925003052,0.06240769103169441,14.462574141393391,19.51404037962173
3575,3575,33,ramp,3,"[-0.4399999976158142, -0.3733333349227905, -0.30666667222976685, -0.24000000953674316]",-0.4668247401714325,-1.0081709623336792,0.16993483901023865,0.9935109615325928,1.5000919103622437,0.012971744872629642,19.51404037962173,24.4517967510654
3600,3600,33,zero_hold,0,"[0.0, 0.0, 0.0, 0.0]",-0.4859968423843384,0.01317466702312231,-0.06356155872344971,0.4942238926887512,0.6961780190467834,0.0,0.0,4.495596873102065
3600,3600,33,zero_hold,1,"[0.0, 0.0, 0.0, 0.0]",-0.5108854174613953,0.1954783946275711,-0.028056012466549873,0.6111282110214233,0.8206586241722107,0.22086501121520996,4.495596873102065,7.182680865448719
3600,3600,33,zero_hold,2,"[0.0, 0.0, 0.0, 0.0]",-0.04392138123512268,0.18680892884731293,-0.0776446983218193,0.70732581615448,0.7369974255561829,0.4794200658798218,7.182680865448719,9.446347128460731
3600,3600,33,zero_hold,3,"[0.0, 0.0, 0.0, 0.0]",0.1851063370704651,0.11890958994626999,-0.141074538230896,0.7205919623374939,0.7665237188339233,0.24751435220241547,9.446347128460731,11.366156918201959
3600,3600,33,target_ahead,0,"[0.0, 0.0, 0.0, 0.0]",1.226871132850647,-0.2831629812717438,-0.3104589283466339,-0.0711153894662857,1.2987825870513916,0.0,0.0,8.533097842102562
3600,3600,33,target_ahead,1,"[0.009999999776482582, 0.0, 0.0, 0.0]",1.1456868648529053,-0.553305447101593,-0.23396115005016327,-0.041535988450050354,1.2942984104156494,0.2937595844268799,8.533097842102562,12.786198522086563
3600,3600,33,target_ahead,2,"[0.019999999552965164, 0.0, 0.0, 0.0]",1.1860733032226562,-0.6390490531921387,-0.15465788543224335,0.007115751504898071,1.3561427593231201,0.1328120082616806,12.786198522086563,16.78128328491649
3600,3600,33,target_ahead,3,"[0.029999999329447746, 0.0, 0.0, 0.0]",1.211611270904541,-0.6443859934806824,-0.1286085695028305,0.06408114731311798,1.379812240600586,0.06785494834184647,16.78128328491649,20.733688247530097
3600,3600,33,target_left,0,"[0.0, 0.0, 0.0, 0.0]",-0.6730805039405823,-1.128005027770996,0.20643334090709686,0.23659352958202362,1.3505643606185913,0.0,0.0,8.151077099334469
3600,3600,33,target_left,1,"[0.009999999776482582, 0.0, 0.0, 0.0]",-0.685048520565033,-1.1982721090316772,0.22275115549564362,0.3961934447288513,1.4531809091567993,0.17555369436740875,8.151077099334469,12.675391075973854
3600,3600,33,target_left,2,"[0.019999999552965164, 0.0, 0.0, 0.0]",-0.628822922706604,-1.2371344566345215,0.2283831089735031,0.46964651346206665,1.4827834367752075,0.10049214959144592,12.675391075973854,17.05557777010066
3600,3600,33,target_left,3,"[0.029999999329447746, 0.0, 0.0, 0.0]",-0.5884726047515869,-1.2330256700515747,0.22759214043617249,0.5054792761802673,1.4744354486465454,0.05412617325782776,17.05557777010066,21.289935508035928
3600,3600,33,ramp,0,"[-0.5, -0.4333333373069763, -0.36666667461395264, -0.30000001192092896]",-0.6025764346122742,-0.8798077702522278,0.18939702212810516,0.746182382106781,1.3152259588241577,0.0,0.0,9.678385396738287
3600,3600,33,ramp,1,"[-0.47999998927116394, -0.41333332657814026, -0.3466666638851166, -0.2800000011920929]",-0.4739837348461151,-0.9900822043418884,0.20161382853984833,0.9372374415397644,1.4573899507522583,0.2556321918964386,9.678385396738287,14.418329891391089
3600,3600,33,ramp,2,"[-0.46000000834465027, -0.3933333456516266, -0.3266666829586029, -0.2600000202655792]",-0.497359037399292,-1.0190203189849854,0.20671935379505157,0.9855102896690369,1.516486644744873,0.06115679442882538,14.418329891391089,19.412549063937604
3600,3600,33,ramp,3,"[-0.4399999976158142, -0.3733333349227905, -0.30666667222976685, -0.24000000953674316]",-0.4971446990966797,-1.0130648612976074,0.2111760526895523,0.9950265288352966,1.5192519426345825,0.012080330401659012,19.412549063937604,24.280876429042518
3625,3625,33,zero_hold,0,"[0.0, 0.0, 0.0, 0.0]",-0.5011211037635803,0.018032891675829887,-0.06287024170160294,0.4822521209716797,0.6985465884208679,0.0,0.0,4.49075642627332
3625,3625,33,zero_hold,1,"[0.0, 0.0, 0.0, 0.0]",-0.5221033096313477,0.20297850668430328,-0.018868735060095787,0.6022517085075378,0.8227121233940125,0.2257900983095169,4.49075642627332,7.187326604905447
3625,3625,33,zero_hold,2,"[0.0, 0.0, 0.0, 0.0]",-0.016685165464878082,0.20050159096717834,-0.06961984187364578,0.7021144032478333,0.7336830496788025,0.5176889300346375,7.187326604905447,9.465451906635765
3625,3625,33,zero_hold,3,"[0.0, 0.0, 0.0, 0.0]",0.21988821029663086,0.13253094255924225,-0.13701231777668,0.7144831418991089,0.771475076675415,0.2555028200149536,9.465451906635765,11.391869993283612
3625,3625,33,target_ahead,0,"[0.0, 0.0, 0.0, 0.0]",1.2442948818206787,-0.2635744512081146,-0.323509156703949,-0.07825003564357758,1.3147329092025757,0.0,0.0,8.472085130275877
3625,3625,33,target_ahead,1,"[0.009999999776482582, 0.0, 0.0, 0.0]",1.1599044799804688,-0.5196142792701721,-0.2555748522281647,-0.05105377361178398,1.2974214553833008,0.2793435752391815,8.472085130275877,12.702457630465485
3625,3625,33,target_ahead,2,"[0.019999999552965164, 0.0, 0.0, 0.0]",1.2000086307525635,-0.6047551035881042,-0.18613409996032715,-0.0007182322442531586,1.3566118478775024,0.1273302286863327,12.702457630465485,16.681107367458896
3625,3625,33,target_ahead,3,"[0.029999999329447746, 0.0, 0.0, 0.0]",1.2267804145812988,-0.6144212484359741,-0.16343437135219574,0.058434341102838516,1.3829783201217651,0.06945838779211044,16.681107367458896,20.624299311809434
3625,3625,33,target_left,0,"[0.0, 0.0, 0.0, 0.0]",-0.6914413571357727,-1.1127452850341797,0.18740439414978027,0.27174055576324463,1.3510205745697021,0.0,0.0,8.142346840080801
3625,3625,33,target_left,1,"[0.009999999776482582, 0.0, 0.0, 0.0]",-0.6864627599716187,-1.1740381717681885,0.21118181943893433,0.43821364641189575,1.4443773031234741,0.17905378341674805,8.142346840080801,12.658679935041095
3625,3625,33,target_left,2,"[0.019999999552965164, 0.0, 0.0, 0.0]",-0.619735062122345,-1.214773416519165,0.21659475564956665,0.5127540230751038,1.4729480743408203,0.10815504193305969,12.658679935041095,17.024435231148274
3625,3625,33,target_left,3,"[0.029999999329447746, 0.0, 0.0, 0.0]",-0.5625364184379578,-1.2119722366333008,0.21699866652488708,0.5454647541046143,1.45943284034729,0.06595215201377869,17.024435231148274,21.2354887384091
3625,3625,33,ramp,0,"[-0.5, -0.4333333373069763, -0.36666667461395264, -0.30000001192092896]",-0.6364708542823792,-0.8762257695198059,0.17532481253147125,0.7735821604728699,1.342399001121521,0.0,0.0,9.629342087383769
3625,3625,33,ramp,1,"[-0.47999998927116394, -0.41333332657814026, -0.3466666638851166, -0.2800000011920929]",-0.4936913847923279,-0.9987612366676331,0.1879512220621109,0.9672529101371765,1.4873329401016235,0.27031224966049194,9.629342087383769,14.341721053942848
3625,3625,33,ramp,2,"[-0.46000000834465027, -0.3933333456516266, -0.3266666829586029, -0.2600000202655792]",-0.5129224061965942,-1.0311273336410522,0.19456644356250763,1.0147895812988281,1.547244906425476,0.06099911779165268,14.341721053942848,19.295510954104238
3625,3625,33,ramp,3,"[-0.4399999976158142, -0.3733333349227905, -0.30666667222976685, -0.24000000953674316]",-0.5133045315742493,-1.0246031284332275,0.1998213827610016,1.023782730102539,1.5496299266815186,0.012296438217163086,19.295510954104238,24.13517634261669
3650,3650,33,zero_hold,0,"[0.0, 0.0, 0.0, 0.0]",-0.5154425501823425,-0.0004953527823090553,-0.047654710710048676,0.48907315731048584,0.7121409773826599,0.0,0.0,4.560566938273765
3650,3650,33,zero_hold,1,"[0.0, 0.0, 0.0, 0.0]",-0.5297547578811646,0.18823157250881195,0.012646498158574104,0.6146399974822998,0.833074688911438,0.2350020408630371,4.560566938273765,7.274659418104067
3650,3650,33,zero_hold,2,"[0.0, 0.0, 0.0, 0.0]",0.0036564581096172333,0.18591588735580444,-0.04083830863237381,0.7134261131286621,0.7383919954299927,0.545116662979126,7.274659418104067,9.574404867627312
3650,3650,33,zero_hold,3,"[0.0, 0.0, 0.0, 0.0]",0.2428170144557953,0.12986703217029572,-0.11117225885391235,0.7274749279022217,0.7857509851455688,0.2558974027633667,9.574404867627312,11.511389986196109
3650,3650,33,target_ahead,0,"[0.0, 0.0, 0.0, 0.0]",1.2492010593414307,-0.25067126750946045,-0.34101006388664246,-0.0898207426071167,1.3220041990280151,0.0,0.0,8.49960098491632
3650,3650,33,target_ahead,1,"[0.009999999776482582, 0.0, 0.0, 0.0]",1.1726022958755493,-0.4925439953804016,-0.27059513330459595,-0.05673835426568985,1.3015516996383667,0.2653723657131195,8.49960098491632,12.732538514217113
3650,3650,33,target_ahead,2,"[0.019999999552965164, 0.0, 0.0, 0.0]",1.2194331884384155,-0.5715354084968567,-0.19808919727802277,0.002936631441116333,1.3612192869186401,0.1313430219888687,12.732538514217113,16.733871734064106
3650,3650,33,target_ahead,3,"[0.029999999329447746, 0.0, 0.0, 0.0]",1.245280146598816,-0.5782731771469116,-0.17719335854053497,0.06266903132200241,1.3858020305633545,0.06868812441825867,16.733871734064106,20.70372465685681
3650,3650,33,target_left,0,"[0.0, 0.0, 0.0, 0.0]",-0.66352379322052,-1.1156936883926392,0.20209522545337677,0.30237793922424316,1.3480768203735352,0.0,0.0,8.1803925395193
3650,3650,33,target_left,1,"[0.009999999776482582, 0.0, 0.0, 0.0]",-0.6683611869812012,-1.1746495962142944,0.2263629287481308,0.47076815366744995,1.448920726776123,0.18012046813964844,8.1803925395193,12.697593054248658
3650,3650,33,target_left,2,"[0.019999999552965164, 0.0, 0.0, 0.0]",-0.6072862148284912,-1.2140536308288574,0.23436371982097626,0.5481893420219421,1.4826195240020752,0.10649358481168747,12.697593054248658,17.081460399630565
3650,3650,33,target_left,3,"[0.029999999329447746, 0.0, 0.0, 0.0]",-0.5564665794372559,-1.2119556665420532,0.23699361085891724,0.5788536667823792,1.4730000495910645,0.05944959074258804,17.081460399630565,21.322602491911148
3650,3650,33,ramp,0,"[-0.5, -0.4333333373069763, -0.36666667461395264, -0.30000001192092896]",-0.5632268190383911,-0.838471531867981,0.25164952874183655,0.7739874124526978,1.2971673011779785,0.0,0.0,9.615113039568225
3650,3650,33,ramp,1,"[-0.47999998927116394, -0.41333332657814026, -0.3466666638851166, -0.2800000011920929]",-0.4158284068107605,-0.9713389873504639,0.25665080547332764,1.0194708108901978,1.4905043840408325,0.31570106744766235,9.615113039568225,14.318802551870741
3650,3650,33,ramp,2,"[-0.46000000834465027, -0.3933333456516266, -0.3266666829586029, -0.2600000202655792]",-0.430584579706192,-1.0019503831863403,0.2578326165676117,1.075829029083252,1.5534456968307495,0.0658213347196579,14.318802551870741,19.237843666774324
3650,3650,33,ramp,3,"[-0.4399999976158142, -0.3733333349227905, -0.30666667222976685, -0.24000000953674316]",-0.433784544467926,-1.0003418922424316,0.259277880191803,1.0797560214996338,1.5562618970870972,0.005507910158485174,19.237843666774324,24.06647037225693
3675,3675,33,zero_hold,0,"[0.0, 0.0, 0.0, 0.0]",-0.543853223323822,0.011552222073078156,-0.04340706393122673,0.4878571033477783,0.7319825887680054,0.0,0.0,4.569292806285728
3675,3675,33,zero_hold,1,"[0.0, 0.0, 0.0, 0.0]",-0.5760334134101868,0.19698140025138855,0.018561093136668205,0.6314094066619873,0.8772904276847839,0.24467706680297852,4.569292806285728,7.307998885910726
3675,3675,33,zero_hold,2,"[0.0, 0.0, 0.0, 0.0]",-0.05600547790527344,0.18848571181297302,-0.030166637152433395,0.7424427270889282,0.7686316967010498,0.5340449810028076,7.307998885910726,9.649006234659504
3675,3675,33,zero_hold,3,"[0.0, 0.0, 0.0, 0.0]",0.17024138569831848,0.1350119709968567,-0.09648686647415161,0.7647711634635925,0.8008714318275452,0.24278387427330017,9.649006234659504,11.631519463372072
3675,3675,33,target_ahead,0,"[0.0, 0.0, 0.0, 0.0]",1.2791961431503296,-0.21156421303749084,-0.38435500860214233,-0.09954139590263367,1.3560012578964233,0.0,0.0,8.516423425408199
3675,3675,33,target_ahead,1,"[0.009999999776482582, 0.0, 0.0, 0.0]",1.1939820051193237,-0.4554043710231781,-0.3326846957206726,-0.049763161689043045,1.3214164972305298,0.26808053255081177,8.516423425408199,12.732882668638984
3675,3675,33,target_ahead,2,"[0.019999999552965164, 0.0, 0.0, 0.0]",1.2324813604354858,-0.544183075428009,-0.25635960698127747,0.01013246551156044,1.3714840412139893,0.13702869415283203,12.732882668638984,16.725158066970558
3675,3675,33,target_ahead,3,"[0.029999999329447746, 0.0, 0.0, 0.0]",1.2585002183914185,-0.5512748956680298,-0.2268359363079071,0.07328909635543823,1.3944721221923828,0.07475080341100693,16.725158066970558,20.699503655103058
3675,3675,33,target_left,0,"[0.0, 0.0, 0.0, 0.0]",-0.6894299387931824,-1.1100581884384155,0.20716020464897156,0.3043273091316223,1.3575984239578247,0.0,0.0,8.1873497727711
3675,3675,33,target_left,1,"[0.009999999776482582, 0.0, 0.0, 0.0]",-0.6906529068946838,-1.1667014360427856,0.23369933664798737,0.48389101028442383,1.4584099054336548,0.19015099108219147,8.1873497727711,12.72640703272775
3675,3675,33,target_left,2,"[0.019999999552965164, 0.0, 0.0, 0.0]",-0.6266248822212219,-1.2082785367965698,0.24315319955348969,0.5642508268356323,1.4933513402938843,0.11124441027641296,12.72640703272775,17.12376738462749
3675,3675,33,target_left,3,"[0.029999999329447746, 0.0, 0.0, 0.0]",-0.5749909281730652,-1.2062963247299194,0.24613116681575775,0.5996743440628052,1.4852458238601685,0.06271912157535553,17.12376738462749,21.37406718121039
3675,3675,33,ramp,0,"[-0.5, -0.4333333373069763, -0.36666667461395264, -0.30000001192092896]",-0.5817542672157288,-0.8464192152023315,0.24627362191677094,0.798407793045044,1.3239973783493042,0.0,0.0,9.657514788734787
3675,3675,33,ramp,1,"[-0.47999998927116394, -0.41333332657814026, -0.3466666638851166, -0.2800000011920929]",-0.4311157166957855,-0.9728455543518066,0.24978089332580566,1.023856282234192,1.4976519346237183,0.2991904318332672,9.657514788734787,14.350195731071755
3675,3675,33,ramp,2,"[-0.46000000834465027, -0.3933333456516266, -0.3266666829586029, -0.2600000202655792]",-0.4550700783729553,-1.00440514087677,0.24848836660385132,1.0839245319366455,1.5660642385482788,0.07197002321481705,14.350195731071755,19.302028960542426
3675,3675,33,ramp,3,"[-0.4399999976158142, -0.3733333349227905, -0.30666667222976685, -0.24000000953674316]",-0.46085280179977417,-1.002873182296753,0.24902503192424774,1.0905059576034546,1.5714186429977417,0.008910104632377625,19.302028960542426,24.171130577843225
3700,3700,33,zero_hold,0,"[0.0, 0.0, 0.0, 0.0]",-0.5713052153587341,0.01948394998908043,-0.027839118614792824,0.5075258016586304,0.7649357318878174,0.0,0.0,4.557355479612711
3700,3700,33,zero_hold,1,"[0.0, 0.0, 0.0, 0.0]",-0.6177715063095093,0.21296678483486176,0.040351781994104385,0.6534919738769531,0.9250278472900391,0.2560289800167084,4.557355479612711,7.287283558482663
3700,3700,33,zero_hold,2,"[0.0, 0.0, 0.0, 0.0]",-0.1111455112695694,0.20118504762649536,-0.0017255919519811869,0.7642562985420227,0.7980722784996033,0.5204305648803711,7.287283558482663,9.612664152527111
3700,3700,33,zero_hold,3,"[0.0, 0.0, 0.0, 0.0]",0.12167883664369583,0.14856314659118652,-0.06851775199174881,0.7819890379905701,0.8081325888633728,0.24849927425384521,9.612664152527111,11.594755425727461
3700,3700,33,target_ahead,0,"[0.0, 0.0, 0.0, 0.0]",1.26297926902771,-0.18952463567256927,-0.3847939074039459,-0.12955404818058014,1.3401069641113281,0.0,0.0,8.52138121993425
3700,3700,33,target_ahead,1,"[0.009999999776482582, 0.0, 0.0, 0.0]",1.1915137767791748,-0.44701123237609863,-0.3443932831287384,-0.0789744108915329,1.3207451105117798,0.27494940161705017,8.52138121993425,12.785809348744325
3700,3700,33,target_ahead,2,"[0.019999999552965164, 0.0, 0.0, 0.0]",1.2254891395568848,-0.5400054454803467,-0.2662890553474426,-0.022477593272924423,1.3655931949615479,0.13818252086639404,12.785809348744325,16.808305570229486
3700,3700,33,target_ahead,3,"[0.029999999329447746, 0.0, 0.0, 0.0]",1.2482389211654663,-0.5508254766464233,-0.2275822013616562,0.040689077228307724,1.3838202953338623,0.07824879884719849,16.808305570229486,20.832317373518965
3700,3700,33,target_left,0,"[0.0, 0.0, 0.0, 0.0]",-0.7293577790260315,-1.1054134368896484,0.22803407907485962,0.316794753074646,1.3806737661361694,0.0,0.0,8.244722026353516
3700,3700,33,target_left,1,"[0.009999999776482582, 0.0, 0.0, 0.0]",-0.753745973110199,-1.161218285560608,0.24746005237102509,0.5005903840065002,1.4927786588668823,0.19459488987922668,8.244722026353516,12.81263218984271
3700,3700,33,target_left,2,"[0.019999999552965164, 0.0, 0.0, 0.0]",-0.69820636510849,-1.2051767110824585,0.2557462453842163,0.583779513835907,1.5317139625549316,0.10957227647304535,12.81263218984271,17.202061681115755
3700,3700,33,target_left,3,"[0.029999999329447746, 0.0, 0.0, 0.0]",-0.6601007580757141,-1.2045764923095703,0.2599957287311554,0.6177842617034912,1.5283955335617065,0.051252108067274094,17.202061681115755,21.427814482435213
3700,3700,33,ramp,0,"[-0.5, -0.4333333373069763, -0.36666667461395264, -0.30000001192092896]",-0.5933713316917419,-0.8521326780319214,0.23385581374168396,0.8102368116378784,1.337681531906128,0.0,0.0,9.664685248987096
3700,3700,33,ramp,1,"[-0.47999998927116394, -0.41333332657814026, -0.3466666638851166, -0.2800000011920929]",-0.43873360753059387,-0.9665569067001343,0.24809274077415466,1.0401033163070679,1.506679892539978,0.3000783622264862,9.664685248987096,14.292695401916138
3700,3700,33,ramp,2,"[-0.46000000834465027, -0.3933333456516266, -0.3266666829586029, -0.2600000202655792]",-0.47049540281295776,-0.9939880967140198,0.24693012237548828,1.0952398777008057,1.5715925693511963,0.06930132955312729,14.292695401916138,19.190244873158388
3700,3700,33,ramp,3,"[-0.4399999976158142, -0.3733333349227905, -0.30666667222976685, -0.24000000953674316]",-0.4771391451358795,-0.9896653294563293,0.248932346701622,1.1017001867294312,1.5756934881210327,0.010419698432087898,19.190244873158388,24.007790281073135
3725,3725,33,zero_hold,0,"[0.0, 0.0, 0.0, 0.0]",-0.5954643487930298,0.005220859311521053,-0.02240568771958351,0.5244340300559998,0.7938123941421509,0.0,0.0,4.649631101961957
3725,3725,33,zero_hold,1,"[0.0, 0.0, 0.0, 0.0]",-0.6439765095710754,0.1979702264070511,0.042186181992292404,0.660605251789093,0.9444982409477234,0.2494402825832367,4.649631101961957,7.37996898893504
3725,3725,33,zero_hold,2,"[0.0, 0.0, 0.0, 0.0]",-0.1529320329427719,0.18701621890068054,-0.007285307161509991,0.7667855620384216,0.8039754033088684,0.5049419403076172,7.37996898893504,9.712005588964768
3725,3725,33,zero_hold,3,"[0.0, 0.0, 0.0, 0.0]",0.08342252671718597,0.13190148770809174,-0.07558906078338623,0.7881709933280945,0.807021975517273,0.25302934646606445,9.712005588964768,11.723256174596862
3725,3725,33,target_ahead,0,"[0.0, 0.0, 0.0, 0.0]",1.2448652982711792,-0.2105698138475418,-0.36408814787864685,-0.14074045419692993,1.321513295173645,0.0,0.0,8.495378486681979
3725,3725,33,target_ahead,1,"[0.009999999776482582, 0.0, 0.0, 0.0]",1.1767131090164185,-0.4621667265892029,-0.3419492840766907,-0.11775191128253937,1.314932107925415,0.26261061429977417,8.495378486681979,12.753716526238218
3725,3725,33,target_ahead,2,"[0.019999999552965164, 0.0, 0.0, 0.0]",1.2125818729400635,-0.5546925663948059,-0.2661033868789673,-0.06069643050432205,1.361078143119812,0.13731542229652405,12.753716526238218,16.762768224276243
3725,3725,33,target_ahead,3,"[0.029999999329447746, 0.0, 0.0, 0.0]",1.2370284795761108,-0.5715959072113037,-0.2134411633014679,0.010237939655780792,1.3793561458587646,0.0932113379240036,16.762768224276243,20.792580863472256
3725,3725,33,target_left,0,"[0.0, 0.0, 0.0, 0.0]",-0.7412298321723938,-1.0959506034851074,0.24367201328277588,0.29902195930480957,1.3781580924987793,0.0,0.0,8.227394768422444
3725,3725,33,target_left,1,"[0.009999999776482582, 0.0, 0.0, 0.0]",-0.7675821185112,-1.1524043083190918,0.2610286772251129,0.4678916335105896,1.4846806526184082,0.18083053827285767,8.227394768422444,12.79438999853381
3725,3725,33,target_left,2,"[0.019999999552965164, 0.0, 0.0, 0.0]",-0.7127317786216736,-1.2009090185165405,0.2683509290218353,0.5482277870178223,1.5240521430969238,0.10894393175840378,12.79438999853381,17.179622643207736
3725,3725,33,target_left,3,"[0.029999999329447746, 0.0, 0.0, 0.0]",-0.6757245659828186,-1.2020620107650757,0.27182212471961975,0.5812400579452515,1.5209484100341797,0.04972647503018379,17.179622643207736,21.39792187250391
3725,3725,33,ramp,0,"[-0.5, -0.4333333373069763, -0.36666667461395264, -0.30000001192092896]",-0.5881440043449402,-0.8483949899673462,0.24502673745155334,0.8184062838554382,1.3399680852890015,0.0,0.0,9.681385749527221
3725,3725,33,ramp,1,"[-0.47999998927116394, -0.41333332657814026, -0.3466666638851166, -0.2800000011920929]",-0.45674607157707214,-0.9396488666534424,0.25807493925094604,1.0313401222229004,1.4905776977539062,0.2666528820991516,9.681385749527221,14.35083001515189
3725,3725,33,ramp,2,"[-0.46000000834465027, -0.3933333456516266, -0.3266666829586029, -0.2600000202655792]",-0.48525094985961914,-0.9645839333534241,0.2595992684364319,1.0888936519622803,1.5553044080734253,0.06891311705112457,14.35083001515189,19.260954357924263
3725,3725,33,ramp,3,"[-0.4399999976158142, -0.3733333349227905, -0.30666667222976685, -0.24000000953674316]",-0.4927259087562561,-0.9587126970291138,0.26179444789886475,1.0969611406326294,1.5600541830062866,0.012658974155783653,19.260954357924263,24.080915818435045
3750,3750,33,zero_hold,0,"[0.0, 0.0, 0.0, 0.0]",-0.5952847599983215,0.016332730650901794,-0.03198464959859848,0.5234777331352234,0.7935254573822021,0.0,0.0,4.651403207993693
3750,3750,33,zero_hold,1,"[0.0, 0.0, 0.0, 0.0]",-0.6303987503051758,0.2132692039012909,0.019447248429059982,0.6765827536582947,0.9492253661155701,0.2571057379245758,4.651403207993693,7.395629394249837
3750,3750,33,zero_hold,2,"[0.0, 0.0, 0.0, 0.0]",-0.13585320115089417,0.193925678730011,-0.03357190266251564,0.7855725884437561,0.8211666345596313,0.5095481276512146,7.395629394249837,9.734655454083848
3750,3750,33,zero_hold,3,"[0.0, 0.0, 0.0, 0.0]",0.11110759526491165,0.1287759691476822,-0.10176868736743927,0.804960310459137,0.829003095626831,0.26506754755973816,9.734655454083848,11.747493146137986
3750,3750,33,target_ahead,0,"[0.0, 0.0, 0.0, 0.0]",1.2744135856628418,-0.20470726490020752,-0.3446924686431885,-0.06863941252231598,1.337744116783142,0.0,0.0,8.504678044577851
3750,3750,33,target_ahead,1,"[0.009999999776482582, 0.0, 0.0, 0.0]",1.207140326499939,-0.429697722196579,-0.3145972192287445,-0.05339162424206734,1.3204734325408936,0.23724378645420074,8.504678044577851,12.745029842894708
3750,3750,33,target_ahead,2,"[0.019999999552965164, 0.0, 0.0, 0.0]",1.2290997505187988,-0.5196855664253235,-0.24338914453983307,-0.002059090882539749,1.3564666509628296,0.12761524319648743,12.745029842894708,16.746961450766488
3750,3750,33,target_ahead,3,"[0.029999999329447746, 0.0, 0.0, 0.0]",1.257488489151001,-0.5360023379325867,-0.1853066086769104,0.07247744500637054,1.3813642263412476,0.10000716149806976,16.746961450766488,20.783848861479253
3750,3750,33,target_left,0,"[0.0, 0.0, 0.0, 0.0]",-0.7445047497749329,-1.060778260231018,0.23403580486774445,0.3116894066333771,1.353314757347107,0.0,0.0,8.19818914295276
3750,3750,33,target_left,1,"[0.009999999776482582, 0.0, 0.0, 0.0]",-0.7519744038581848,-1.1154977083206177,0.2325306385755539,0.49227800965309143,1.4512783288955688,0.1888505220413208,8.19818914295276,12.759474007527093
3750,3750,33,target_left,2,"[0.019999999552965164, 0.0, 0.0, 0.0]",-0.6740789413452148,-1.164591908454895,0.22997905313968658,0.5712880492210388,1.4798368215560913,0.12135501950979233,12.759474007527093,17.123703696642146
3750,3750,33,target_left,3,"[0.029999999329447746, 0.0, 0.0, 0.0]",-0.6093391180038452,-1.1647721529006958,0.2285766899585724,0.6021882891654968,1.4638532400131226,0.07175004482269287,17.123703696642146,21.32504444585366
3750,3750,33,ramp,0,"[-0.5, -0.4333333373069763, -0.36666667461395264, -0.30000001192092896]",-0.6032513380050659,-0.8499476313591003,0.24462704360485077,0.7850467562675476,1.3275781869888306,0.0,0.0,9.671784753231398
3750,3750,33,ramp,1,"[-0.47999998927116394, -0.41333332657814026, -0.3466666638851166, -0.2800000011920929]",-0.45834797620773315,-0.9353825449943542,0.24330900609493256,1.024909257888794,1.4814389944076538,0.2929707467556,9.671784753231398,14.34351935729744
3750,3750,33,ramp,2,"[-0.46000000834465027, -0.3933333456516266, -0.3266666829586029, -0.2600000202655792]",-0.48481133580207825,-0.9530119299888611,0.23997704684734344,1.0861632823944092,1.5429236888885498,0.06909603625535965,14.34351935729744,19.20849036693744
3750,3750,33,ramp,3,"[-0.4399999976158142, -0.3733333349227905, -0.30666667222976685, -0.24000000953674316]",-0.4911496341228485,-0.9434017539024353,0.24045827984809875,1.0949804782867432,1.5453275442123413,0.014508756808936596,19.20849036693744,23.970165539916568
3775,3775,33,zero_hold,0,"[0.0, 0.0, 0.0, 0.0]",-0.6051834225654602,0.007189756724983454,-0.052476365119218826,0.523568868637085,0.8019830584526062,0.0,0.0,4.699991640955208
3775,3775,33,zero_hold,1,"[0.0, 0.0, 0.0, 0.0]",-0.609495222568512,0.20159344375133514,0.0018012389773502946,0.6774892210960388,0.9333376884460449,0.2538679242134094,4.699991640955208,7.447439432091739
3775,3775,33,zero_hold,2,"[0.0, 0.0, 0.0, 0.0]",-0.11170782148838043,0.17732031643390656,-0.04611686244606972,0.79011470079422,0.8187362551689148,0.5131881833076477,7.447439432091739,9.802387839013736
3775,3775,33,zero_hold,3,"[0.0, 0.0, 0.0, 0.0]",0.12053647637367249,0.11239195615053177,-0.10705514997243881,0.8127087950706482,0.8361324071884155,0.24975402653217316,9.802387839013736,11.828994438472238
3775,3775,33,target_ahead,0,"[0.0, 0.0, 0.0, 0.0]",1.3016996383666992,-0.18624913692474365,-0.38604360818862915,-0.02683628350496292,1.3707153797149658,0.0,0.0,8.500393828431143
3775,3775,33,target_ahead,1,"[0.009999999776482582, 0.0, 0.0, 0.0]",1.2407907247543335,-0.39535561203956604,-0.3432249426841736,-0.019552305340766907,1.3468679189682007,0.2220853567123413,8.500393828431143,12.757222629529597
3775,3775,33,target_ahead,2,"[0.019999999552965164, 0.0, 0.0, 0.0]",1.2566583156585693,-0.48246049880981445,-0.2772815227508545,0.025408774614334106,1.374586820602417,0.11920182406902313,12.757222629529597,16.772049757497296
3775,3775,33,target_ahead,3,"[0.029999999329447746, 0.0, 0.0, 0.0]",1.2853713035583496,-0.5018589496612549,-0.21449162065982819,0.1007123738527298,1.4000684022903442,0.1039900928735733,16.772049757497296,20.825834776842456
3775,3775,33,target_left,0,"[0.0, 0.0, 0.0, 0.0]",-0.7413792014122009,-1.0771241188049316,0.2259076088666916,0.2944657802581787,1.3592585325241089,0.0,0.0,8.209074726680898
3775,3775,33,target_left,1,"[0.009999999776482582, 0.0, 0.0, 0.0]",-0.7351858019828796,-1.1379647254943848,0.24030610918998718,0.46783918142318726,1.4533005952835083,0.18440604209899902,8.209074726680898,12.782030842870824
3775,3775,33,target_left,2,"[0.019999999552965164, 0.0, 0.0, 0.0]",-0.6595337390899658,-1.1856001615524292,0.24008198082447052,0.5451094508171082,1.4816937446594238,0.11816561967134476,12.782030842870824,17.173181291099144
3775,3775,33,target_left,3,"[0.029999999329447746, 0.0, 0.0, 0.0]",-0.5997849106788635,-1.1854634284973145,0.23954907059669495,0.5767989754676819,1.4680416584014893,0.0676346868276596,17.173181291099144,21.41420108422883
3775,3775,33,ramp,0,"[-0.5, -0.4333333373069763, -0.36666667461395264, -0.30000001192092896]",-0.6033621430397034,-0.8641471266746521,0.23713178932666779,0.7668378353118896,1.3247897624969482,0.0,0.0,9.659950789071877
3775,3775,33,ramp,1,"[-0.47999998927116394, -0.41333332657814026, -0.3466666638851166, -0.2800000011920929]",-0.461225688457489,-0.9602249264717102,0.2467789351940155,1.0066187381744385,1.4862509965896606,0.2949943542480469,9.659950789071877,14.38252498617605
3775,3775,33,ramp,2,"[-0.46000000834465027, -0.3933333456516266, -0.3266666829586029, -0.2600000202655792]",-0.4764780104160309,-0.9770214557647705,0.24765540659427643,1.0622577667236328,1.5399113893508911,0.060093481093645096,14.38252498617605,19.26628776029522
3775,3775,33,ramp,3,"[-0.4399999976158142, -0.3733333349227905, -0.30666667222976685, -0.24000000953674316]",-0.47972649335861206,-0.9655781388282776,0.24763797223567963,1.0712554454803467,1.539932370185852,0.01491511519998312,19.26628776029522,24.048455181480627
3800,3800,33,zero_hold,0,"[0.0, 0.0, 0.0, 0.0]",-0.6003425717353821,-0.008629633113741875,-0.03868629410862923,0.520209550857544,0.7953617572784424,0.0,0.0,4.72098404443829
3800,3800,33,zero_hold,1,"[0.0, 0.0, 0.0, 0.0]",-0.6145032644271851,0.18044260144233704,0.024078339338302612,0.6741470098495483,0.9301761984825134,0.25216060876846313,4.72098404443829,7.471570916920304
3800,3800,33,zero_hold,2,"[0.0, 0.0, 0.0, 0.0]",-0.12011458724737167,0.1547892689704895,-0.020591946318745613,0.7877283096313477,0.8119896054267883,0.5098768472671509,7.471570916920304,9.829860284709941
3800,3800,33,zero_hold,3,"[0.0, 0.0, 0.0, 0.0]",0.10099519789218903,0.09190770983695984,-0.07840289175510406,0.8167089223861694,0.831749677658081,0.23880034685134888,9.829860284709941,11.870035058357983
3800,3800,33,target_ahead,0,"[0.0, 0.0, 0.0, 0.0]",1.2385236024856567,-0.20532222092151642,-0.3691661059856415,0.02249913290143013,1.308773398399353,0.0,0.0,8.48279082086446
3800,3800,33,target_ahead,1,"[0.009999999776482582, 0.0, 0.0, 0.0]",1.203119158744812,-0.37954404950141907,-0.3325718939304352,0.02705196663737297,1.3049464225769043,0.1815670281648636,8.48279082086446,12.750513741820763
3800,3800,33,target_ahead,2,"[0.019999999552965164, 0.0, 0.0, 0.0]",1.2167948484420776,-0.4595121741294861,-0.28692296147346497,0.06241745874285698,1.333402395248413,0.09958146512508392,12.750513741820763,16.76319640749547
3800,3800,33,target_ahead,3,"[0.029999999329447746, 0.0, 0.0, 0.0]",1.2433419227600098,-0.4820730984210968,-0.23153617978096008,0.1322271078824997,1.3599215745925903,0.0956808477640152,16.76319640749547,20.818931978736924
3800,3800,33,target_left,0,"[0.0, 0.0, 0.0, 0.0]",-0.7296217679977417,-1.0901496410369873,0.2435721755027771,0.2982022762298584,1.3671233654022217,0.0,0.0,8.21093740543536
3800,3800,33,target_left,1,"[0.009999999776482582, 0.0, 0.0, 0.0]",-0.7104392051696777,-1.1469703912734985,0.2617044746875763,0.4752623736858368,1.4541761875152588,0.18781806528568268,8.21093740543536,12.803387087420205
3800,3800,33,target_left,2,"[0.019999999552965164, 0.0, 0.0, 0.0]",-0.6184288263320923,-1.193528175354004,0.26636502146720886,0.5531916618347168,1.4778143167495728,0.12933766841888428,12.803387087420205,17.224839794056784
3800,3800,33,target_left,3,"[0.029999999329447746, 0.0, 0.0, 0.0]",-0.5471410751342773,-1.1933047771453857,0.2672909200191498,0.5858536958694458,1.4621931314468384,0.0784197673201561,17.224839794056784,21.50466099772472
3800,3800,33,ramp,0,"[-0.5, -0.4333333373069763, -0.36666667461395264, -0.30000001192092896]",-0.5709360837936401,-0.8687822222709656,0.2848852872848511,0.7379581332206726,1.3063278198242188,0.0,0.0,9.640656323356573
3800,3800,33,ramp,1,"[-0.47999998927116394, -0.41333332657814026, -0.3466666638851166, -0.2800000011920929]",-0.43169665336608887,-0.9912013411521912,0.2953978478908539,1.000732660293579,1.5025205612182617,0.321768581867218,9.640656323356573,14.311309621292967
3800,3800,33,ramp,2,"[-0.46000000834465027, -0.3933333456516266, -0.3266666829586029, -0.2600000202655792]",-0.44916170835494995,-1.0141549110412598,0.2972462773323059,1.0533288717269897,1.558240532875061,0.06001393496990204,14.311309621292967,19.20380720230051
3800,3800,33,ramp,3,"[-0.4399999976158142, -0.3733333349227905, -0.30666667222976685, -0.24000000953674316]",-0.4573182463645935,-1.004436731338501,0.29661673307418823,1.0616304874420166,1.5598313808441162,0.015175153501331806,19.20380720230051,24.037403257263623
3825,3825,33,zero_hold,0,"[0.0, 0.0, 0.0, 0.0]",-0.5598860383033752,0.009014548733830452,-0.04248339682817459,0.4928339421749115,0.7471571564674377,0.0,0.0,4.644437052177911
3825,3825,33,zero_hold,1,"[0.0, 0.0, 0.0, 0.0]",-0.5332999229431152,0.19108684360980988,0.0018103488255292177,0.6293052434921265,0.8467298150062561,0.23333130776882172,4.644437052177911,7.363788768835685
3825,3825,33,zero_hold,2,"[0.0, 0.0, 0.0, 0.0]",-0.04893157631158829,0.15688905119895935,-0.044365402311086655,0.7396472692489624,0.75898277759552,0.5000897645950317,7.363788768835685,9.643559730779224
3825,3825,33,zero_hold,3,"[0.0, 0.0, 0.0, 0.0]",0.17132282257080078,0.08630084246397018,-0.09847775101661682,0.767825722694397,0.7975296378135681,0.23920047283172607,9.643559730779224,11.583689000520991
3825,3825,33,target_ahead,0,"[0.0, 0.0, 0.0, 0.0]",1.1873425245285034,-0.16160106658935547,-0.3644152283668518,-0.006257086992263794,1.2524914741516113,0.0,0.0,8.424155530735442
3825,3825,33,target_ahead,1,"[0.009999999776482582, 0.0, 0.0, 0.0]",1.1635243892669678,-0.3164505362510681,-0.33285531401634216,-0.0208645761013031,1.2510627508163452,0.16048385202884674,8.424155530735442,12.659510550308008
3825,3825,33,target_ahead,2,"[0.019999999552965164, 0.0, 0.0, 0.0]",1.1633665561676025,-0.3963961899280548,-0.2941236197948456,-0.007200226187705994,1.2637690305709839,0.08987875282764435,12.659510550308008,16.619841782054678
3825,3825,33,target_ahead,3,"[0.029999999329447746, 0.0, 0.0, 0.0]",1.1805530786514282,-0.42285996675491333,-0.24241171777248383,0.05147567391395569,1.2782524824142456,0.0843367651104927,16.619841782054678,20.6154243453808
3825,3825,33,target_left,0,"[0.0, 0.0, 0.0, 0.0]",-0.7069961428642273,-1.0830938816070557,0.25580930709838867,0.28336673974990845,1.348581075668335,0.0,0.0,8.17865586547732
3825,3825,33,target_left,1,"[0.009999999776482582, 0.0, 0.0, 0.0]",-0.6581457853317261,-1.142487645149231,0.26931384205818176,0.4531351625919342,1.4199631214141846,0.18686269223690033,8.17865586547732,12.732494581018532
3825,3825,33,target_left,2,"[0.019999999552965164, 0.0, 0.0, 0.0]",-0.5401049256324768,-1.1879856586456299,0.2744678258895874,0.5292898416519165,1.434748649597168,0.1477491557598114,12.732494581018532,17.13314812408638
3825,3825,33,target_left,3,"[0.029999999329447746, 0.0, 0.0, 0.0]",-0.46496206521987915,-1.1876232624053955,0.2758875787258148,0.5619009733200073,1.420734167098999,0.08192729949951172,17.13314812408638,21.39631251847856
3825,3825,33,ramp,0,"[-0.5, -0.4333333373069763, -0.36666667461395264, -0.30000001192092896]",-0.5747864246368408,-0.8674590587615967,0.29530656337738037,0.7375137805938721,1.309197187423706,0.0,0.0,9.653153505330453
3825,3825,33,ramp,1,"[-0.47999998927116394, -0.41333332657814026, -0.3466666638851166, -0.2800000011920929]",-0.4206528663635254,-0.9668875336647034,0.3036961257457733,0.9862924814224243,1.475406527519226,0.30919963121414185,9.653153505330453,14.325522334619754
3825,3825,33,ramp,2,"[-0.46000000834465027, -0.3933333456516266, -0.3266666829586029, -0.2600000202655792]",-0.44275540113449097,-0.987159013748169,0.3025829493999481,1.0366249084472656,1.5286146402359009,0.05860074609518051,14.325522334619754,19.20936198112272
3825,3825,33,ramp,3,"[-0.4399999976158142, -0.3733333349227905, -0.30666667222976685, -0.24000000953674316]",-0.4524350166320801,-0.9758781790733337,0.2997059226036072,1.041057825088501,1.526650071144104,0.01577593758702278,19.20936198112272,23.99814874766672
3850,3850,33,zero_hold,0,"[0.0, 0.0, 0.0, 0.0]",-0.535340428352356,-0.0012060287408530712,-0.024010613560676575,0.498117059469223,0.7316337823867798,0.0,0.0,4.647414668729983
3850,3850,33,zero_hold,1,"[0.0, 0.0, 0.0, 0.0]",-0.499797523021698,0.19875527918338776,0.018960868939757347,0.6455747485160828,0.8404924273490906,0.2546333372592926,4.647414668729983,7.367229711324288
3850,3850,33,zero_hold,2,"[0.0, 0.0, 0.0, 0.0]",-0.038766488432884216,0.16604210436344147,-0.026738746091723442,0.7580063343048096,0.7774068117141724,0.47785884141921997,7.367229711324288,9.62555092949423
3850,3850,33,zero_hold,3,"[0.0, 0.0, 0.0, 0.0]",0.16842442750930786,0.08218466490507126,-0.08225318789482117,0.7841375470161438,0.8104063272476196,0.23178619146347046,9.62555092949423,11.544470010072786
3850,3850,33,target_ahead,0,"[0.0, 0.0, 0.0, 0.0]",1.211409330368042,-0.20043660700321198,-0.3468003571033478,0.031034138053655624,1.2762919664382935,0.0,0.0,8.504258418294754
3850,3850,33,target_ahead,1,"[0.009999999776482582, 0.0, 0.0, 0.0]",1.1830915212631226,-0.3613828420639038,-0.30565890669822693,0.01153116300702095,1.2743090391159058,0.16964249312877655,8.504258418294754,12.76878195773015
3850,3850,33,target_ahead,2,"[0.019999999552965164, 0.0, 0.0, 0.0]",1.1894792318344116,-0.4283284544944763,-0.26019763946533203,0.029317449778318405,1.291080355644226,0.08309991657733917,12.76878195773015,16.803227082055912
3850,3850,33,target_ahead,3,"[0.029999999329447746, 0.0, 0.0, 0.0]",1.2121433019638062,-0.44470757246017456,-0.20420314371585846,0.0892438292503357,1.3102364540100098,0.08665154129266739,16.803227082055912,20.87140023035006
3850,3850,33,target_left,0,"[0.0, 0.0, 0.0, 0.0]",-0.674025297164917,-1.0776387453079224,0.2648564279079437,0.31014570593833923,1.3348987102508545,0.0,0.0,8.17676266465898
3850,3850,33,target_left,1,"[0.009999999776482582, 0.0, 0.0, 0.0]",-0.6081292033195496,-1.1231119632720947,0.2740100026130676,0.48686930537223816,1.3940318822860718,0.19422957301139832,8.17676266465898,12.701596462855022
3850,3850,33,target_left,2,"[0.019999999552965164, 0.0, 0.0, 0.0]",-0.4831479787826538,-1.1670873165130615,0.28097742795944214,0.5680027604103088,1.4131879806518555,0.15551629662513733,12.701596462855022,17.063772684787704
3850,3850,33,target_left,3,"[0.029999999329447746, 0.0, 0.0, 0.0]",-0.40360748767852783,-1.1667231321334839,0.28510355949401855,0.6019608378410339,1.402776837348938,0.08658520877361298,17.063772684787704,21.279566542985062
3850,3850,33,ramp,0,"[-0.5, -0.4333333373069763, -0.36666667461395264, -0.30000001192092896]",-0.5497681498527527,-0.851518988609314,0.3271465301513672,0.7813982367515564,1.3209608793258667,0.0,0.0,9.690374620074081
3850,3850,33,ramp,1,"[-0.47999998927116394, -0.41333332657814026, -0.3466666638851166, -0.2800000011920929]",-0.4083976149559021,-0.9536069631576538,0.3369234502315521,1.0008043050765991,1.4802978038787842,0.28043216466903687,9.690374620074081,14.317969553881095
3850,3850,33,ramp,2,"[-0.46000000834465027, -0.3933333456516266, -0.3266666829586029, -0.2600000202655792]",-0.4294643998146057,-0.9787630438804626,0.3377391993999481,1.0466015338897705,1.5335773229599,0.05634438246488571,14.317969553881095,19.167239454968566
3850,3850,33,ramp,3,"[-0.4399999976158142, -0.3733333349227905, -0.30666667222976685, -0.24000000953674316]",-0.4380408525466919,-0.9689879417419434,0.33480870723724365,1.0508191585540771,1.532036304473877,0.013981570489704609,19.167239454968566,23.927988436714458
3875,3875,33,zero_hold,0,"[0.0, 0.0, 0.0, 0.0]",-0.5187596678733826,-0.015404317528009415,-0.03308480978012085,0.5142099261283875,0.7313380837440491,0.0,0.0,4.707420720548715
3875,3875,33,zero_hold,1,"[0.0, 0.0, 0.0, 0.0]",-0.4850068688392639,0.18642088770866394,0.013597628101706505,0.6641524434089661,0.8433669209480286,0.25794315338134766,4.707420720548715,7.459778843775841
3875,3875,33,zero_hold,2,"[0.0, 0.0, 0.0, 0.0]",-0.04799852520227432,0.15641477704048157,-0.02912396378815174,0.7758532166481018,0.7934518456459045,0.45406922698020935,7.459778843775841,9.775662047760848
3875,3875,33,zero_hold,3,"[0.0, 0.0, 0.0, 0.0]",0.15393182635307312,0.08134989440441132,-0.08327241241931915,0.8037659525871277,0.8266116380691528,0.22387893497943878,9.775662047760848,11.763960021995748
3875,3875,33,target_ahead,0,"[0.0, 0.0, 0.0, 0.0]",1.2297919988632202,-0.20767319202423096,-0.37349840998649597,0.040745437145233154,1.3025658130645752,0.0,0.0,8.486093981423345
3875,3875,33,target_ahead,1,"[0.009999999776482582, 0.0, 0.0, 0.0]",1.2165688276290894,-0.3583833575248718,-0.3222522735595703,0.043513908982276917,1.309281587600708,0.15975679457187653,8.486093981423345,12.707839306923645
3875,3875,33,target_ahead,2,"[0.019999999552965164, 0.0, 0.0, 0.0]",1.2300570011138916,-0.4289405047893524,-0.258759468793869,0.08948919177055359,1.3311630487442017,0.10632640868425369,12.707839306923645,16.715068290349226
3875,3875,33,target_ahead,3,"[0.029999999329447746, 0.0, 0.0, 0.0]",1.2626452445983887,-0.44793203473091125,-0.1882629096508026,0.171254962682724,1.3637034893035889,0.11435942351818085,16.715068290349226,20.77243094676709
3875,3875,33,target_left,0,"[0.0, 0.0, 0.0, 0.0]",-0.6466456651687622,-1.0667510032653809,0.2781665027141571,0.3554821014404297,1.3265942335128784,0.0,0.0,8.193858078269463
3875,3875,33,target_left,1,"[0.009999999776482582, 0.0, 0.0, 0.0]",-0.575516939163208,-1.0960438251495361,0.29769760370254517,0.525725245475769,1.3775132894515991,0.18783386051654816,8.193858078269463,12.728430520639632
3875,3875,33,target_left,2,"[0.019999999552965164, 0.0, 0.0, 0.0]",-0.4558597505092621,-1.1381957530975342,0.3070873022079468,0.6047110557556152,1.4011694192886353,0.14973828196525574,12.728430520639632,17.096266579454063
3875,3875,33,target_left,3,"[0.029999999329447746, 0.0, 0.0, 0.0]",-0.38165584206581116,-1.138515591621399,0.31190064549446106,0.6368440985679626,1.3945362567901611,0.08100631088018417,17.096266579454063,21.310909609817536
3875,3875,33,ramp,0,"[-0.5, -0.4333333373069763, -0.36666667461395264, -0.30000001192092896]",-0.5044053196907043,-0.8323090076446533,0.3619316816329956,0.8277413845062256,1.3278981447219849,0.0,0.0,9.700008485180971
3875,3875,33,ramp,1,"[-0.47999998927116394, -0.41333332657814026, -0.3466666638851166, -0.2800000011920929]",-0.3653063178062439,-0.9240913391113281,0.3827084004878998,1.043203353881836,1.4906818866729736,0.27318137884140015,9.700008485180971,14.274622348779003
3875,3875,33,ramp,2,"[-0.46000000834465027, -0.3933333456516266, -0.3266666829586029, -0.2600000202655792]",-0.3877352178096771,-0.9479367136955261,0.3807826042175293,1.087813138961792,1.541835069656372,0.055366043001413345,14.274622348779003,19.106293163205123
3875,3875,33,ramp,3,"[-0.4399999976158142, -0.3733333349227905, -0.30666667222976685, -0.24000000953674316]",-0.39817774295806885,-0.9364041090011597,0.3752293288707733,1.0884716510772705,1.5365434885025024,0.01653238572180271,19.106293163205123,23.859045890204115
3900,3900,33,zero_hold,0,"[0.0, 0.0, 0.0, 0.0]",-0.49101802706718445,-0.03263936936855316,-0.040322620421648026,0.5217816829681396,0.7183634638786316,0.0,0.0,4.680348766661066
3900,3900,33,zero_hold,1,"[0.0, 0.0, 0.0, 0.0]",-0.4928436577320099,0.18164655566215515,0.015628661960363388,0.6614164710044861,0.8447522521018982,0.2618209421634674,4.680348766661066,7.438714413476324
3900,3900,33,zero_hold,2,"[0.0, 0.0, 0.0, 0.0]",-0.07861462980508804,0.16034963726997375,-0.02378014102578163,0.7670658230781555,0.7879389524459839,0.42983031272888184,7.438714413476324,9.747476562965222
3900,3900,33,zero_hold,3,"[0.0, 0.0, 0.0, 0.0]",0.1303863674402237,0.08771589398384094,-0.08049236238002777,0.7967908978462219,0.8161185383796692,0.23034091293811798,9.747476562965222,11.716555516011246
3900,3900,33,target_ahead,0,"[0.0, 0.0, 0.0, 0.0]",1.2582106590270996,-0.2534494400024414,-0.36674192547798157,0.08383359014987946,1.3374820947647095,0.0,0.0,8.51358170424988
3900,3900,33,target_ahead,1,"[0.009999999776482582, 0.0, 0.0, 0.0]",1.2365095615386963,-0.3901938796043396,-0.3201916813850403,0.09511098265647888,1.3389458656311035,0.14650626480579376,8.51358170424988,12.722797198476552
3900,3900,33,target_ahead,2,"[0.019999999552965164, 0.0, 0.0, 0.0]",1.245378851890564,-0.4595053791999817,-0.2724674344062805,0.14109019935131073,1.3624458312988281,0.09630389511585236,12.722797198476552,16.726751234545603
3900,3900,33,target_ahead,3,"[0.029999999329447746, 0.0, 0.0, 0.0]",1.2620152235031128,-0.4810594916343689,-0.2222767025232315,0.20689617097377777,1.3843097686767578,0.08712568134069443,16.726751234545603,20.774606303134476
3900,3900,33,target_left,0,"[0.0, 0.0, 0.0, 0.0]",-0.6197335124015808,-1.096308946609497,0.2658784091472626,0.3396111726760864,1.3311611413955688,0.0,0.0,8.182785414926588
3900,3900,33,target_left,1,"[0.009999999776482582, 0.0, 0.0, 0.0]",-0.5266656279563904,-1.1291804313659668,0.2894081771373749,0.5087301135063171,1.376585841178894,0.19722330570220947,8.182785414926588,12.712814465209949
3900,3900,33,target_left,2,"[0.019999999552965164, 0.0, 0.0, 0.0]",-0.40126296877861023,-1.1710314750671387,0.3021385967731476,0.5884144306182861,1.4035120010375977,0.15488380193710327,12.712814465209949,17.119241608459898
3900,3900,33,target_left,3,"[0.029999999329447746, 0.0, 0.0, 0.0]",-0.3358677923679352,-1.1718803644180298,0.3070524036884308,0.6221830248832703,1.402677297592163,0.07376796752214432,17.119241608459898,21.383777968355083
3900,3900,33,ramp,0,"[-0.5, -0.4333333373069763, -0.36666667461395264, -0.30000001192092896]",-0.4699477255344391,-0.8742340803146362,0.3528570830821991,0.8332291841506958,1.3430989980697632,0.0,0.0,9.71719127486003
3900,3900,33,ramp,1,"[-0.47999998927116394, -0.41333332657814026, -0.3466666638851166, -0.2800000011920929]",-0.36046361923217773,-0.9594087600708008,0.38458845019340515,1.0242552757263184,1.499135136604309,0.23820021748542786,9.71719127486003,14.274679971568686
3900,3900,33,ramp,2,"[-0.46000000834465027, -0.3933333456516266, -0.3266666829586029, -0.2600000202655792]",-0.3814436197280884,-0.9792624711990356,0.38582494854927063,1.0730334520339966,1.5507147312164307,0.056702468544244766,14.274679971568686,19.115788781279495
3900,3900,33,ramp,3,"[-0.4399999976158142, -0.3733333349227905, -0.30666667222976685, -0.24000000953674316]",-0.39337804913520813,-0.9641925692558289,0.3797195851802826,1.0774692296981812,1.545813798904419,0.020651493221521378,19.115788781279495,23.88582988637665
3925,3925,33,zero_hold,0,"[0.0, 0.0, 0.0, 0.0]",-0.46997666358947754,-0.02869795449078083,-0.04189499095082283,0.48883122205734253,0.6800093650817871,0.0,0.0,4.622108464673121
3925,3925,33,zero_hold,1,"[0.0, 0.0, 0.0, 0.0]",-0.4288212060928345,0.18528513610363007,0.008551095612347126,0.6513705849647522,0.8016077280044556,0.27648940682411194,4.622108464673121,7.3921797039096
3925,3925,33,zero_hold,2,"[0.0, 0.0, 0.0, 0.0]",-0.00895904004573822,0.1630410999059677,-0.030975520610809326,0.7708569765090942,0.788569986820221,0.43888309597969055,7.3921797039096,9.681819543745666
3925,3925,33,zero_hold,3,"[0.0, 0.0, 0.0, 0.0]",0.1964329332113266,0.09296371787786484,-0.08750296384096146,0.8026612997055054,0.8361519575119019,0.2265029102563858,9.681819543745666,11.623873969823574
3925,3925,33,target_ahead,0,"[0.0, 0.0, 0.0, 0.0]",1.21896231174469,-0.24798278510570526,-0.3743770718574524,0.06213894858956337,1.3005322217941284,0.0,0.0,8.547010470918156
3925,3925,33,target_ahead,1,"[0.009999999776482582, 0.0, 0.0, 0.0]",1.2172094583511353,-0.375857949256897,-0.3276650011539459,0.10925959050655365,1.3199129104614258,0.14407463371753693,8.547010470918156,12.764629509531053
3925,3925,33,target_ahead,2,"[0.019999999552965164, 0.0, 0.0, 0.0]",1.2401961088180542,-0.4409472346305847,-0.27445897459983826,0.16951949894428253,1.355206847190857,0.10595819354057312,12.764629509531053,16.759119360530693
3925,3925,33,target_ahead,3,"[0.029999999329447746, 0.0, 0.0, 0.0]",1.2765154838562012,-0.45363423228263855,-0.21869951486587524,0.24776487052440643,1.3944506645202637,0.10349643975496292,16.759119360530693,20.77837546882419
3925,3925,33,target_left,0,"[0.0, 0.0, 0.0, 0.0]",-0.6275728940963745,-1.0914188623428345,0.2545160949230194,0.32413992285728455,1.3247218132019043,0.0,0.0,8.172421540501446
3925,3925,33,target_left,1,"[0.009999999776482582, 0.0, 0.0, 0.0]",-0.5124300718307495,-1.1134260892868042,0.271649032831192,0.5043649077415466,1.352952003479004,0.21567746996879578,8.172421540501446,12.688771274847532
3925,3925,33,target_left,2,"[0.019999999552965164, 0.0, 0.0, 0.0]",-0.386799693107605,-1.1528834104537964,0.2842007577419281,0.5858447551727295,1.3793978691101074,0.15535888075828552,12.688771274847532,17.08613470964158
3925,3925,33,target_left,3,"[0.029999999329447746, 0.0, 0.0, 0.0]",-0.3233070373535156,-1.153694987297058,0.2885746657848358,0.6225045919418335,1.3806979656219482,0.07345100492238998,17.08613470964158,21.330420854634628
3925,3925,33,ramp,0,"[-0.5, -0.4333333373069763, -0.36666667461395264, -0.30000001192092896]",-0.5022405385971069,-0.8665753602981567,0.3434281647205353,0.8206435441970825,1.3396257162094116,0.0,0.0,9.670598789141849
3925,3925,33,ramp,1,"[-0.47999998927116394, -0.41333332657814026, -0.3466666638851166, -0.2800000011920929]",-0.37092775106430054,-0.9431653022766113,0.3583619296550751,1.0380839109420776,1.494386076927185,0.2657299339771271,9.670598789141849,14.213915752955277
3925,3925,33,ramp,2,"[-0.46000000834465027, -0.3933333456516266, -0.3266666829586029, -0.2600000202655792]",-0.3889680504798889,-0.9657365679740906,0.36176368594169617,1.0834800004959106,1.5455565452575684,0.05391930416226387,14.213915752955277,19.018616446811237
3925,3925,33,ramp,3,"[-0.4399999976158142, -0.3733333349227905, -0.30666667222976685, -0.24000000953674316]",-0.397599995136261,-0.9527686834335327,0.35798805952072144,1.084636926651001,1.5396255254745483,0.016070790588855743,19.018616446811237,23.743544886421578
3950,3950,33,zero_hold,0,"[0.0, 0.0, 0.0, 0.0]",-0.47518104314804077,-0.020991886034607887,-0.06388568133115768,0.4917276203632355,0.6871063113212585,0.0,0.0,4.689930356071962
3950,3950,33,zero_hold,1,"[0.0, 0.0, 0.0, 0.0]",-0.4182593524456024,0.1846412569284439,-0.011927859857678413,0.6474434733390808,0.7926907539367676,0.2692064344882965,4.689930356071962,7.477025546424849
3950,3950,33,zero_hold,2,"[0.0, 0.0, 0.0, 0.0]",0.016914788633584976,0.14686432480812073,-0.04728977382183075,0.7632918357849121,0.7789133191108704,0.45329344272613525,7.477025546424849,9.798887986466859
3950,3950,33,zero_hold,3,"[0.0, 0.0, 0.0, 0.0]",0.194601371884346,0.07443404942750931,-0.09890187531709671,0.7963190078735352,0.8290450572967529,0.20142808556556702,9.798887986466859,11.771562361848648
3950,3950,33,target_ahead,0,"[0.0, 0.0, 0.0, 0.0]",1.1659743785858154,-0.22119078040122986,-0.40047481656074524,0.09332005679607391,1.2559897899627686,0.0,0.0,8.526416794001856
3950,3950,33,target_ahead,1,"[0.009999999776482582, 0.0, 0.0, 0.0]",1.176172137260437,-0.319537878036499,-0.3479346036911011,0.1379963606595993,1.2749850749969482,0.120551198720932,8.526416794001856,12.82117856819592
3950,3950,33,target_ahead,2,"[0.019999999552965164, 0.0, 0.0, 0.0]",1.228216528892517,-0.373907208442688,-0.28839486837387085,0.20987464487552643,1.3324943780899048,0.1199004203081131,12.82117856819592,16.861320144015792
3950,3950,33,target_ahead,3,"[0.029999999329447746, 0.0, 0.0, 0.0]",1.2846101522445679,-0.3860044777393341,-0.23477667570114136,0.29302671551704407,1.3929133415222168,0.11452406644821167,16.861320144015792,20.90213981038201
3950,3950,33,target_left,0,"[0.0, 0.0, 0.0, 0.0]",-0.6456993222236633,-1.1139723062515259,0.2703944444656372,0.2976023256778717,1.348904013633728,0.0,0.0,8.214009328427467
3950,3950,33,target_left,1,"[0.009999999776482582, 0.0, 0.0, 0.0]",-0.5197991132736206,-1.137436032295227,0.2834281325340271,0.4840107262134552,1.370602011680603,0.2265378087759018,8.214009328427467,12.733324018805021
3950,3950,33,target_left,2,"[0.019999999552965164, 0.0, 0.0, 0.0]",-0.4041190445423126,-1.1791514158248901,0.2973387837409973,0.5690159797668457,1.402105450630188,0.15013810992240906,12.733324018805021,17.153942747621173
3950,3950,33,target_left,3,"[0.029999999329447746, 0.0, 0.0, 0.0]",-0.33493342995643616,-1.1787983179092407,0.3003307580947876,0.6083804965019226,1.4007395505905151,0.07965733855962753,17.153942747621173,21.42525960843593
3950,3950,33,ramp,0,"[-0.5, -0.4333333373069763, -0.36666667461395264, -0.30000001192092896]",-0.4796334207057953,-0.8746590614318848,0.3550909161567688,0.7936698198318481,1.323283076286316,0.0,0.0,9.678675607408193
3950,3950,33,ramp,1,"[-0.47999998927116394, -0.41333332657814026, -0.3466666638851166, -0.2800000011920929]",-0.3375599682331085,-0.9624530673027039,0.3828461170196533,1.0172969102859497,1.4905458688735962,0.28048545122146606,9.678675607408193,14.197288101119733
3950,3950,33,ramp,2,"[-0.46000000834465027, -0.3933333456516266, -0.3266666829586029, -0.2600000202655792]",-0.35715731978416443,-0.9888883829116821,0.3835873603820801,1.0614063739776611,1.5424604415893555,0.05503704398870468,14.197288101119733,18.968060456934392
3950,3950,33,ramp,3,"[-0.4399999976158142, -0.3733333349227905, -0.30666667222976685, -0.24000000953674316]",-0.37190309166908264,-0.9801220297813416,0.37667110562324524,1.0630329847335815,1.5397634506225586,0.018567906692624092,18.968060456934392,23.670696244995227
3975,3975,33,zero_hold,0,"[0.0, 0.0, 0.0, 0.0]",-0.4829164445400238,-0.03304732218384743,-0.04767824709415436,0.48666590452194214,0.68805330991745,0.0,0.0,4.787775506715712
3975,3975,33,zero_hold,1,"[0.0, 0.0, 0.0, 0.0]",-0.4156063497066498,0.17763811349868774,0.02153058722615242,0.6321819424629211,0.7774326801300049,0.2736490070819855,4.787775506715712,7.615264040040067
3975,3975,33,zero_hold,2,"[0.0, 0.0, 0.0, 0.0]",0.04901598021388054,0.1442568004131317,-0.010955430567264557,0.744229257106781,0.7597432136535645,0.48020637035369873,7.615264040040067,9.989348806986452
3975,3975,33,zero_hold,3,"[0.0, 0.0, 0.0, 0.0]",0.22580383718013763,0.07682616263628006,-0.06479214131832123,0.7769734859466553,0.8153376579284668,0.19942770898342133,9.989348806986452,11.996934552364333
3975,3975,33,target_ahead,0,"[0.0, 0.0, 0.0, 0.0]",1.1896100044250488,-0.24147659540176392,-0.4139380156993866,0.09965940564870834,1.286374568939209,0.0,0.0,8.581169454673574
3975,3975,33,target_ahead,1,"[0.009999999776482582, 0.0, 0.0, 0.0]",1.212750792503357,-0.32473865151405334,-0.3508235812187195,0.13657790422439575,1.3107061386108398,0.11320102959871292,8.581169454673574,12.893112339625182
3975,3975,33,target_ahead,2,"[0.019999999552965164, 0.0, 0.0, 0.0]",1.2521300315856934,-0.38020390272140503,-0.2864014804363251,0.20089372992515564,1.3545364141464233,0.11363912373781204,12.893112339625182,16.95836234181938
3975,3975,33,target_ahead,3,"[0.029999999329447746, 0.0, 0.0, 0.0]",1.302959680557251,-0.3950786888599396,-0.22156572341918945,0.2845665216445923,1.4084959030151367,0.1183626800775528,16.95836234181938,21.043010822532057
3975,3975,33,target_left,0,"[0.0, 0.0, 0.0, 0.0]",-0.6742498874664307,-1.1273891925811768,0.2925888001918793,0.266520619392395,1.3719550371170044,0.0,0.0,8.295668698421458
3975,3975,33,target_left,1,"[0.009999999776482582, 0.0, 0.0, 0.0]",-0.567574143409729,-1.1474440097808838,0.31461095809936523,0.4479576647281647,1.392269492149353,0.2125706672668457,8.295668698421458,12.894624010714585
3975,3975,33,target_left,2,"[0.019999999552965164, 0.0, 0.0, 0.0]",-0.46185797452926636,-1.1897387504577637,0.3267229497432709,0.5293300747871399,1.4197639226913452,0.14047391712665558,12.894624010714585,17.390123140838575
3975,3975,33,target_left,3,"[0.029999999329447746, 0.0, 0.0, 0.0]",-0.3923680782318115,-1.187254548072815,0.32821717858314514,0.5675365924835205,1.4118605852127075,0.07935356348752975,17.390123140838575,21.73949802818258
3975,3975,33,ramp,0,"[-0.5, -0.4333333373069763, -0.36666667461395264, -0.30000001192092896]",-0.45388421416282654,-0.8758672475814819,0.34838971495628357,0.7860049605369568,1.3085616827011108,0.0,0.0,9.678667530607909
3975,3975,33,ramp,1,"[-0.47999998927116394, -0.41333332657814026, -0.3466666638851166, -0.2800000011920929]",-0.30560463666915894,-0.9594203233718872,0.39669978618621826,1.0137848854064941,1.4829065799713135,0.2884189784526825,9.678667530607909,14.239092538413207
3975,3975,33,ramp,2,"[-0.46000000834465027, -0.3933333456516266, -0.3266666829586029, -0.2600000202655792]",-0.3220377266407013,-0.9816411137580872,0.40081191062927246,1.061063289642334,1.5342206954956055,0.054917819797992706,14.239092538413207,19.053055947744024
3975,3975,33,ramp,3,"[-0.4399999976158142, -0.3733333349227905, -0.30666667222976685, -0.24000000953674316]",-0.3367639482021332,-0.970695436000824,0.3939235508441925,1.0616350173950195,1.5290206670761108,0.019607290625572205,19.053055947744024,23.794889489054523
4000,4000,33,zero_hold,0,"[0.0, 0.0, 0.0, 0.0]",-0.4999842941761017,-0.03237828612327576,-0.05882736295461655,0.48241499066352844,0.6980096697807312,0.0,0.0,4.799438629411845
4000,4000,33,zero_hold,1,"[0.0, 0.0, 0.0, 0.0]",-0.4504149258136749,0.17629770934581757,-0.0055282097309827805,0.6344285011291504,0.797799825668335,0.2682381570339203,4.799438629411845,7.674198244255501
4000,4000,33,zero_hold,2,"[0.0, 0.0, 0.0, 0.0]",0.01438290998339653,0.13381032645702362,-0.04395929351449013,0.7503877878189087,0.7636271119117737,0.4824579954147339,7.674198244255501,10.09126223452303
4000,4000,33,zero_hold,3,"[0.0, 0.0, 0.0, 0.0]",0.1963895857334137,0.06533600389957428,-0.0972665473818779,0.78608638048172,0.8186758756637573,0.20477113127708435,10.09126223452303,12.13224139292555
4000,4000,33,target_ahead,0,"[0.0, 0.0, 0.0, 0.0]",1.2720317840576172,-0.2539861500263214,-0.428671658039093,0.11985387653112411,1.3713854551315308,0.0,0.0,8.554047322783681
4000,4000,33,target_ahead,1,"[0.009999999776482582, 0.0, 0.0, 0.0]",1.2472310066223145,-0.31923916935920715,-0.35853371024131775,0.15602454543113708,1.3455069065093994,0.10535978525876999,8.554047322783681,12.864646055456074
4000,4000,33,target_ahead,2,"[0.019999999552965164, 0.0, 0.0, 0.0]",1.2541351318359375,-0.3697637915611267,-0.2977878153324127,0.2105187475681305,1.3574151992797852,0.09622934460639954,12.864646055456074,16.921744548872834
4000,4000,33,target_ahead,3,"[0.029999999329447746, 0.0, 0.0, 0.0]",1.2943305969238281,-0.3811468780040741,-0.23058520257472992,0.28923824429512024,1.3990685939788818,0.11161630600690842,16.921744548872834,21.00797931103927
4000,4000,33,target_left,0,"[0.0, 0.0, 0.0, 0.0]",-0.7133319973945618,-1.1308696269989014,0.2882290184497833,0.22577285766601562,1.3862749338150024,0.0,0.0,8.342536931436872
4000,4000,33,target_left,1,"[0.009999999776482582, 0.0, 0.0, 0.0]",-0.6228363513946533,-1.1478638648986816,0.295341819524765,0.38551679253578186,1.3933292627334595,0.1845182478427887,8.342536931436872,12.983247971711235
4000,4000,33,target_left,2,"[0.019999999552965164, 0.0, 0.0, 0.0]",-0.5246385335922241,-1.1925586462020874,0.3062573969364166,0.46283605694770813,1.416140079498291,0.1331835240125656,12.983247971711235,17.53060279317549
4000,4000,33,target_left,3,"[0.029999999329447746, 0.0, 0.0, 0.0]",-0.4483848512172699,-1.1889241933822632,0.30518028140068054,0.5030160546302795,1.4002678394317627,0.08627528697252274,17.53060279317549,21.93361298008293
4000,4000,33,ramp,0,"[-0.5, -0.4333333373069763, -0.36666667461395264, -0.30000001192092896]",-0.4753112196922302,-0.8395026326179504,0.3333047926425934,0.7406088709831238,1.2610626220703125,0.0,0.0,9.681586841621652
4000,4000,33,ramp,1,"[-0.47999998927116394, -0.41333332657814026, -0.3466666638851166, -0.2800000011920929]",-0.3238060474395752,-0.9393472075462341,0.37433964014053345,0.9689708948135376,1.437448501586914,0.29454341530799866,9.681586841621652,14.259656513656735
4000,4000,33,ramp,2,"[-0.46000000834465027, -0.3933333456516266, -0.3266666829586029, -0.2600000202655792]",-0.34429895877838135,-0.9653184413909912,0.3700973093509674,1.0107325315475464,1.486248254776001,0.053446196019649506,14.259656513656735,19.11168047116709
4000,4000,33,ramp,3,"[-0.4399999976158142, -0.3733333349227905, -0.30666667222976685, -0.24000000953674316]",-0.35997477173805237,-0.9560630321502686,0.35812684893608093,1.0130773782730103,1.482639193534851,0.02191310003399849,19.11168047116709,23.914994753800016
4025,4025,33,zero_hold,0,"[0.0, 0.0, 0.0, 0.0]",-0.46872299909591675,-0.030673708766698837,-0.0458548404276371,0.4663623869419098,0.6635048389434814,0.0,0.0,4.682083268326894
4025,4025,33,zero_hold,1,"[0.0, 0.0, 0.0, 0.0]",-0.4349047839641571,0.16975370049476624,0.006185295060276985,0.6271690130233765,0.7818809151649475,0.26435160636901855,4.682083268326894,7.538830045062178
4025,4025,33,zero_hold,2,"[0.0, 0.0, 0.0, 0.0]",0.017509689554572105,0.1272421032190323,-0.04237109422683716,0.7450180649757385,0.7571950554847717,0.4719451367855072,7.538830045062178,9.940779975492049
4025,4025,33,zero_hold,3,"[0.0, 0.0, 0.0, 0.0]",0.2230559140443802,0.05862458795309067,-0.11095985770225525,0.7750848531723022,0.8162471652030945,0.22927285730838776,9.940779975492049,11.973687974726833
4025,4025,33,target_ahead,0,"[0.0, 0.0, 0.0, 0.0]",1.2939831018447876,-0.20497258007526398,-0.4371581971645355,0.08711663633584976,1.3838722705841064,0.0,0.0,8.592205152076783
4025,4025,33,target_ahead,1,"[0.009999999776482582, 0.0, 0.0, 0.0]",1.2480369806289673,-0.2663787007331848,-0.3639336824417114,0.11748763173818588,1.332218050956726,0.11029952019453049,8.592205152076783,12.879356481144233
4025,4025,33,target_ahead,2,"[0.019999999552965164, 0.0, 0.0, 0.0]",1.240814447402954,-0.3245185315608978,-0.28152042627334595,0.16852900385856628,1.3238537311553955,0.1132676973938942,12.879356481144233,16.94679451793325
4025,4025,33,target_ahead,3,"[0.029999999329447746, 0.0, 0.0, 0.0]",1.2801365852355957,-0.33837640285491943,-0.20482230186462402,0.25489798188209534,1.3638817071914673,0.12280257791280746,16.94679451793325,21.068532948153962
4025,4025,33,target_left,0,"[0.0, 0.0, 0.0, 0.0]",-0.7288051247596741,-1.1363633871078491,0.30633050203323364,0.21335989236831665,1.400656819343567,0.0,0.0,8.29948550265595
4025,4025,33,target_left,1,"[0.009999999776482582, 0.0, 0.0, 0.0]",-0.6228906512260437,-1.1605395078659058,0.3217979073524475,0.38955923914909363,1.4107285737991333,0.20757603645324707,8.29948550265595,12.968413638182735
4025,4025,33,target_left,2,"[0.019999999552965164, 0.0, 0.0, 0.0]",-0.5231322646141052,-1.2041958570480347,0.33694717288017273,0.4710550010204315,1.4349846839904785,0.13685274124145508,12.968413638182735,17.557770188822893
4025,4025,33,target_left,3,"[0.029999999329447746, 0.0, 0.0, 0.0]",-0.4505448341369629,-1.2014544010162354,0.33766138553619385,0.5123107433319092,1.422308325767517,0.08354039490222931,17.557770188822893,21.989938369089025
4025,4025,33,ramp,0,"[-0.5, -0.4333333373069763, -0.36666667461395264, -0.30000001192092896]",-0.4980943500995636,-0.8223847150802612,0.38442671298980713,0.7261452674865723,1.2647076845169067,0.0,0.0,9.689424217940195
4025,4025,33,ramp,1,"[-0.47999998927116394, -0.41333332657814026, -0.3466666638851166, -0.2800000011920929]",-0.3208180367946625,-0.9235925078392029,0.41820287704467773,0.9770181179046631,1.4440932273864746,0.3251890540122986,9.689424217940195,14.27644475590407
4025,4025,33,ramp,2,"[-0.46000000834465027, -0.3933333456516266, -0.3266666829586029, -0.2600000202655792]",-0.3466707170009613,-0.9598551988601685,0.4148445129394531,1.0169346332550049,1.499251365661621,0.059899505227804184,14.27644475590407,19.155467800603653
4025,4025,33,ramp,3,"[-0.4399999976158142, -0.3733333349227905, -0.30666667222976685, -0.24000000953674316]",-0.36353108286857605,-0.9591819047927856,0.40579742193222046,1.0202330350875854,1.5025750398635864,0.01942818984389305,19.155467800603653,23.98637952574507
4050,4050,33,zero_hold,0,"[0.0, 0.0, 0.0, 0.0]",-0.46486884355545044,-0.009829132817685604,-0.0779673233628273,0.46834635734558105,0.6645501255989075,0.0,0.0,4.759355620550539
4050,4050,33,zero_hold,1,"[0.0, 0.0, 0.0, 0.0]",-0.4193870425224304,0.212215855717659,-0.0381360724568367,0.6280116438865662,0.7853496670722961,0.2800930142402649,4.759355620550539,7.6571803117438035
4050,4050,33,zero_hold,2,"[0.0, 0.0, 0.0, 0.0]",0.024374552071094513,0.17389580607414246,-0.08536695688962936,0.7485420107841492,0.7735868096351624,0.46384382247924805,7.6571803117438035,10.066668174591964
4050,4050,33,zero_hold,3,"[0.0, 0.0, 0.0, 0.0]",0.22125136852264404,0.1072465255856514,-0.14757733047008514,0.7832411527633667,0.8340861797332764,0.2197197526693344,10.066668174591964,12.089303910084755
4050,4050,33,target_ahead,0,"[0.0, 0.0, 0.0, 0.0]",1.3371034860610962,-0.190205380320549,-0.42653214931488037,0.10311509668827057,1.4200656414031982,0.0,0.0,8.549116881255857
4050,4050,33,target_ahead,1,"[0.009999999776482582, 0.0, 0.0, 0.0]",1.284781575202942,-0.2682039737701416,-0.3453778326511383,0.15033799409866333,1.3654612302780151,0.13280582427978516,8.549116881255857,12.868421552032434
4050,4050,33,target_ahead,2,"[0.019999999552965164, 0.0, 0.0, 0.0]",1.2855271100997925,-0.334133118391037,-0.26087966561317444,0.21207751333713531,1.3701313734054565,0.12368878722190857,12.868421552032434,16.99172644269418
4050,4050,33,target_ahead,3,"[0.029999999329447746, 0.0, 0.0, 0.0]",1.3190823793411255,-0.34881120920181274,-0.1771017163991928,0.2981034517288208,1.4077919721603394,0.12554126977920532,16.99172644269418,21.16971786902119
4050,4050,33,target_left,0,"[0.0, 0.0, 0.0, 0.0]",-0.7198559641838074,-1.1194918155670166,0.2881699204444885,0.24849306046962738,1.3842850923538208,0.0,0.0,8.300461251371859
4050,4050,33,target_left,1,"[0.009999999776482582, 0.0, 0.0, 0.0]",-0.5994159579277039,-1.130295991897583,0.29883912205696106,0.4226992428302765,1.3801623582839966,0.21233029663562775,8.300461251371859,12.963899734764889
4050,4050,33,target_left,2,"[0.019999999552965164, 0.0, 0.0, 0.0]",-0.4882335364818573,-1.1761404275894165,0.31208840012550354,0.5032992959022522,1.4044171571731567,0.14537934958934784,12.963899734764889,17.56688435371836
4050,4050,33,target_left,3,"[0.029999999329447746, 0.0, 0.0, 0.0]",-0.4156155586242676,-1.1736582517623901,0.31231698393821716,0.543938934803009,1.394138216972351,0.08325361460447311,17.56688435371836,22.022644817592408
4050,4050,33,ramp,0,"[-0.5, -0.4333333373069763, -0.36666667461395264, -0.30000001192092896]",-0.46355709433555603,-0.7967627644538879,0.3511953353881836,0.7583142518997192,1.2442245483398438,0.0,0.0,9.767837439507135
4050,4050,33,ramp,1,"[-0.47999998927116394, -0.41333332657814026, -0.3466666638851166, -0.2800000011920929]",-0.2589389681816101,-0.8483378291130066,0.39946267008781433,0.9762153029441833,1.3781484365463257,0.307146817445755,9.767837439507135,14.290357559037547
4050,4050,33,ramp,2,"[-0.46000000834465027, -0.3933333456516266, -0.3266666829586029, -0.2600000202655792]",-0.2903827428817749,-0.8872267603874207,0.3967171609401703,1.0137768983840942,1.43409264087677,0.06260568648576736,14.290357559037547,19.17037574001183
4050,4050,33,ramp,3,"[-0.4399999976158142, -0.3733333349227905, -0.30666667222976685, -0.24000000953674316]",-0.3105253577232361,-0.8892082571983337,0.38278740644454956,1.0130499601364136,1.4352400302886963,0.02458084188401699,19.17037574001183,24.01527326340729
4075,4075,33,zero_hold,0,"[0.0, 0.0, 0.0, 0.0]",-0.47247469425201416,-0.002794531174004078,-0.0773589164018631,0.4724777638912201,0.6726512908935547,0.0,0.0,4.802021448668142
4075,4075,33,zero_hold,1,"[0.0, 0.0, 0.0, 0.0]",-0.47477394342422485,0.21765932440757751,-0.031095709651708603,0.6293975710868835,0.8184705972671509,0.2745347023010254,4.802021448668142,7.720851413312421
4075,4075,33,zero_hold,2,"[0.0, 0.0, 0.0, 0.0]",-0.020656412467360497,0.1776859611272812,-0.07580392062664032,0.7499692440032959,0.7747251987457275,0.473663330078125,7.720851413312421,10.158119544185391
4075,4075,33,zero_hold,3,"[0.0, 0.0, 0.0, 0.0]",0.17854414880275726,0.10544701665639877,-0.13788039982318878,0.782905101776123,0.8215524554252625,0.2232433259487152,10.158119544185391,12.196658127294166
4075,4075,33,target_ahead,0,"[0.0, 0.0, 0.0, 0.0]",1.3401776552200317,-0.21442167460918427,-0.4147517681121826,0.13751310110092163,1.4258266687393188,0.0,0.0,8.524234658236848
4075,4075,33,target_ahead,1,"[0.009999999776482582, 0.0, 0.0, 0.0]",1.280497670173645,-0.3031808137893677,-0.3575391173362732,0.18266403675079346,1.3757882118225098,0.1294286698102951,8.524234658236848,12.839891303773019
4075,4075,33,target_ahead,2,"[0.019999999552965164, 0.0, 0.0, 0.0]",1.2840080261230469,-0.3657527565956116,-0.303592324256897,0.24076929688453674,1.3901761770248413,0.10106457769870758,12.839891303773019,16.927486004571815
4075,4075,33,target_ahead,3,"[0.029999999329447746, 0.0, 0.0, 0.0]",1.3135972023010254,-0.38270696997642517,-0.23651280999183655,0.3165741562843323,1.4241347312927246,0.10681293159723282,16.927486004571815,21.038353256627442
4075,4075,33,target_left,0,"[0.0, 0.0, 0.0, 0.0]",-0.7601887583732605,-1.1260284185409546,0.29670780897140503,0.22042974829673767,1.4079957008361816,0.0,0.0,8.363380082195262
4075,4075,33,target_left,1,"[0.009999999776482582, 0.0, 0.0, 0.0]",-0.6799173355102539,-1.137311577796936,0.31254827976226807,0.3960462510585785,1.4178519248962402,0.1940692961215973,8.363380082195262,13.072989127029695
4075,4075,33,target_left,2,"[0.019999999552965164, 0.0, 0.0, 0.0]",-0.5812862515449524,-1.1788588762283325,0.3290509283542633,0.47317227721214294,1.4351893663406372,0.13294747471809387,13.072989127029695,17.708633317646747
4075,4075,33,target_left,3,"[0.029999999329447746, 0.0, 0.0, 0.0]",-0.516798734664917,-1.1730477809906006,0.33081889152526855,0.5151097774505615,1.420528531074524,0.07716403901576996,17.708633317646747,22.200031622905907
4075,4075,33,ramp,0,"[-0.5, -0.4333333373069763, -0.36666667461395264, -0.30000001192092896]",-0.43084585666656494,-0.7741994857788086,0.3736504316329956,0.7147356867790222,1.198112964630127,0.0,0.0,9.800761008173458
4075,4075,33,ramp,1,"[-0.47999998927116394, -0.41333332657814026, -0.3466666638851166, -0.2800000011920929]",-0.2506564259529114,-0.8490545153617859,0.43720823526382446,0.9691935777664185,1.3835495710372925,0.3268943428993225,9.800761008173458,14.436922308269372
4075,4075,33,ramp,2,"[-0.46000000834465027, -0.3933333456516266, -0.3266666829586029, -0.2600000202655792]",-0.2745320200920105,-0.881790041923523,0.43128275871276855,1.00972318649292,1.434735894203186,0.05761440098285675,14.436922308269372,19.366893047552825
4075,4075,33,ramp,3,"[-0.4399999976158142, -0.3733333349227905, -0.30666667222976685, -0.24000000953674316]",-0.2953506410121918,-0.8833291530609131,0.4168556332588196,1.0073214769363403,1.4338645935058594,0.025489095598459244,19.366893047552825,24.269949130875638
4100,4100,33,zero_hold,0,"[0.0, 0.0, 0.0, 0.0]",-0.5090565085411072,0.014340798370540142,-0.06155257299542427,0.46262064576148987,0.6907610297203064,0.0,0.0,4.862643657568502
4100,4100,33,zero_hold,1,"[0.0, 0.0, 0.0, 0.0]",-0.5218852162361145,0.2403212934732437,-0.01631869561970234,0.6171198487281799,0.8433396220207214,0.2777550518512726,4.862643657568502,7.801546941398326
4100,4100,33,zero_hold,2,"[0.0, 0.0, 0.0, 0.0]",-0.05274555832147598,0.19379539787769318,-0.06289388239383698,0.7344561219215393,0.7640158534049988,0.4880509674549103,7.801546941398326,10.244157837351311
4100,4100,33,zero_hold,3,"[0.0, 0.0, 0.0, 0.0]",0.14065301418304443,0.11699948459863663,-0.12317432463169098,0.7658334970474243,0.7969598770141602,0.21890383958816528,10.244157837351311,12.268910612295112
4100,4100,33,target_ahead,0,"[0.0, 0.0, 0.0, 0.0]",1.359378457069397,-0.2152368724346161,-0.430814653635025,0.14878445863723755,1.4498188495635986,0.0,0.0,8.580859011598271
4100,4100,33,target_ahead,1,"[0.009999999776482582, 0.0, 0.0, 0.0]",1.292833924293518,-0.30465370416641235,-0.37391114234924316,0.18953627347946167,1.3928269147872925,0.1316140741109848,8.580859011598271,12.883765635244869
4100,4100,33,target_ahead,2,"[0.019999999552965164, 0.0, 0.0, 0.0]",1.2940694093704224,-0.3693729341030121,-0.3098479211330414,0.24706420302391052,1.4028892517089844,0.10772030055522919,12.883765635244869,16.977526736518875
4100,4100,33,target_ahead,3,"[0.029999999329447746, 0.0, 0.0, 0.0]",1.331661343574524,-0.3810741603374481,-0.22629418969154358,0.33000534772872925,1.4417531490325928,0.12413915991783142,16.977526736518875,21.11061150160025
4100,4100,33,target_left,0,"[0.0, 0.0, 0.0, 0.0]",-0.7667760252952576,-1.1163840293884277,0.30021682381629944,0.22786220908164978,1.4058129787445068,0.0,0.0,8.384674083858666
4100,4100,33,target_left,1,"[0.009999999776482582, 0.0, 0.0, 0.0]",-0.6799903512001038,-1.1281132698059082,0.3160901963710785,0.40718886256217957,1.414475917816162,0.2001982480287552,8.384674083858666,13.089664726234776
4100,4100,33,target_left,2,"[0.019999999552965164, 0.0, 0.0, 0.0]",-0.5672773718833923,-1.1713234186172485,0.33021673560142517,0.4826371967792511,1.4268090724945068,0.1430501490831375,13.089664726234776,17.74298786437788
4100,4100,33,target_left,3,"[0.029999999329447746, 0.0, 0.0, 0.0]",-0.5014656782150269,-1.1656798124313354,0.331367552280426,0.5227959156036377,1.4118772745132446,0.07731155306100845,17.74298786437788,22.2801979043195
4100,4100,33,ramp,0,"[-0.5, -0.4333333373069763, -0.36666667461395264, -0.30000001192092896]",-0.4409630298614502,-0.7536472082138062,0.38462188839912415,0.7127006649971008,1.1909276247024536,0.0,0.0,9.796196028782163
4100,4100,33,ramp,1,"[-0.47999998927116394, -0.41333332657814026, -0.3466666638851166, -0.2800000011920929]",-0.23467278480529785,-0.8217744827270508,0.44825848937034607,0.9802737832069397,1.3755933046340942,0.35048818588256836,9.796196028782163,14.420326960271007
4100,4100,33,ramp,2,"[-0.46000000834465027, -0.3933333456516266, -0.3266666829586029, -0.2600000202655792]",-0.256204754114151,-0.8540798425674438,0.4427942931652069,1.0184316635131836,1.4242061376571655,0.054709624499082565,14.420326960271007,19.354350003260393
4100,4100,33,ramp,3,"[-0.4399999976158142, -0.3733333349227905, -0.30666667222976685, -0.24000000953674316]",-0.2751060128211975,-0.8554587960243225,0.42836835980415344,1.015661597251892,1.4221677780151367,0.02397790364921093,19.354350003260393,24.279704088123403
4125,4125,33,zero_hold,0,"[0.0, 0.0, 0.0, 0.0]",-0.5174629092216492,-0.0024270210415124893,-0.029433120042085648,0.44703710079193115,0.6844576597213745,0.0,0.0,4.836057417972745
4125,4125,33,zero_hold,1,"[0.0, 0.0, 0.0, 0.0]",-0.5190679430961609,0.19735223054885864,0.035139329731464386,0.5886717438697815,0.8100299835205078,0.2532672584056854,4.836057417972745,7.744639647741952
4125,4125,33,zero_hold,2,"[0.0, 0.0, 0.0, 0.0]",-0.056257180869579315,0.13784906268119812,-0.0072394609451293945,0.6977616548538208,0.7135061025619507,0.4810727536678314,7.744639647741952,10.142620390797607
4125,4125,33,zero_hold,3,"[0.0, 0.0, 0.0, 0.0]",0.12709927558898926,0.055716611444950104,-0.06747514009475708,0.727269172668457,0.7434594631195068,0.2118120938539505,10.142620390797607,12.119958454226836
4125,4125,33,target_ahead,0,"[0.0, 0.0, 0.0, 0.0]",1.382468819618225,-0.22814705967903137,-0.40827223658561707,0.10062511265277863,1.4629021883010864,0.0,0.0,8.645303171787562
4125,4125,33,target_ahead,1,"[0.009999999776482582, 0.0, 0.0, 0.0]",1.2600834369659424,-0.303852915763855,-0.36985403299331665,0.12312225997447968,1.3535465002059937,0.1506374478340149,8.645303171787562,12.951382701213541
4125,4125,33,target_ahead,2,"[0.019999999552965164, 0.0, 0.0, 0.0]",1.243560552597046,-0.37381139397621155,-0.3223063051700592,0.1641777902841568,1.3479664325714111,0.09546484798192978,12.951382701213541,17.042545602357958
4125,4125,33,target_ahead,3,"[0.029999999329447746, 0.0, 0.0, 0.0]",1.2715296745300293,-0.393336683511734,-0.25412145256996155,0.23941655457019806,1.3760085105895996,0.10711468011140823,17.042545602357958,21.15284180263297
4125,4125,33,target_left,0,"[0.0, 0.0, 0.0, 0.0]",-0.822625994682312,-1.127199411392212,0.3092609941959381,0.18823449313640594,1.441654086112976,0.0,0.0,8.416726066499894
4125,4125,33,target_left,1,"[0.009999999776482582, 0.0, 0.0, 0.0]",-0.7322285175323486,-1.1465368270874023,0.3053555190563202,0.37847399711608887,1.4447109699249268,0.21154659986495972,8.416726066499894,13.137670412745862
4125,4125,33,target_left,2,"[0.019999999552965164, 0.0, 0.0, 0.0]",-0.6335906982421875,-1.190390944480896,0.31131711602211,0.4544868469238281,1.4566895961761475,0.13215936720371246,13.137670412745862,17.780028441470005
4125,4125,33,target_left,3,"[0.029999999329447746, 0.0, 0.0, 0.0]",-0.5750819444656372,-1.1858267784118652,0.3114398419857025,0.4930899143218994,1.441192865371704,0.070244699716568,17.780028441470005,22.290975090029804
4125,4125,33,ramp,0,"[-0.5, -0.4333333373069763, -0.36666667461395264, -0.30000001192092896]",-0.48516401648521423,-0.8018062710762024,0.4018632173538208,0.6514732241630554,1.2100367546081543,0.0,0.0,9.809327894058491
4125,4125,33,ramp,1,"[-0.47999998927116394, -0.41333332657814026, -0.3466666638851166, -0.2800000011920929]",-0.30347421765327454,-0.877592921257019,0.4470216631889343,0.935595691204071,1.3919172286987305,0.3485966920852661,9.809327894058491,14.428030248012222
4125,4125,33,ramp,2,"[-0.46000000834465027, -0.3933333456516266, -0.3266666829586029, -0.2600000202655792]",-0.32738444209098816,-0.9002866148948669,0.4379236400127411,0.9675543308258057,1.430256962776184,0.04680631682276726,14.428030248012222,19.36022284616205
4125,4125,33,ramp,3,"[-0.4399999976158142, -0.3733333349227905, -0.30666667222976685, -0.24000000953674316]",-0.3496346175670624,-0.8958876132965088,0.4218769073486328,0.9614744186401367,1.4238231182098389,0.028440894559025764,19.36022284616205,24.292411290652584
4150,4150,33,zero_hold,0,"[0.0, 0.0, 0.0, 0.0]",-0.49665164947509766,0.00353804137557745,-0.028381038457155228,0.4232161045074463,0.653140664100647,0.0,0.0,4.715698330051391
4150,4150,33,zero_hold,1,"[0.0, 0.0, 0.0, 0.0]",-0.48710325360298157,0.18779601156711578,0.029849156737327576,0.5637809634208679,0.7689452767372131,0.23914724588394165,4.715698330051391,7.600468169054522
4150,4150,33,zero_hold,2,"[0.0, 0.0, 0.0, 0.0]",-0.029615117236971855,0.13352522253990173,-0.018718622624874115,0.6696828007698059,0.6837627291679382,0.47519969940185547,7.600468169054522,9.98963811694721
4150,4150,33,zero_hold,3,"[0.0, 0.0, 0.0, 0.0]",0.1337820440530777,0.052714988589286804,-0.0816262736916542,0.6941317915916443,0.7135533094406128,0.1943812072277069,9.98963811694721,11.96682148826348
4150,4150,33,target_ahead,0,"[0.0, 0.0, 0.0, 0.0]",1.2502764463424683,-0.2284642457962036,-0.41699597239494324,0.07168838381767273,1.3395565748214722,0.0,0.0,8.573370751087253
4150,4150,33,target_ahead,1,"[0.009999999776482582, 0.0, 0.0, 0.0]",1.1859443187713623,-0.3303031623363495,-0.37837886810302734,0.08299842476844788,1.2905902862548828,0.12699994444847107,8.573370751087253,12.87790678776481
4150,4150,33,target_ahead,2,"[0.019999999552965164, 0.0, 0.0, 0.0]",1.1821744441986084,-0.3848574459552765,-0.32463538646698,0.1265469342470169,1.2911443710327148,0.08817718923091888,12.87790678776481,16.939776295559685
4150,4150,33,target_ahead,3,"[0.029999999329447746, 0.0, 0.0, 0.0]",1.2129645347595215,-0.3961608111858368,-0.25692054629325867,0.20115824043750763,1.317079782485962,0.10596198588609695,16.939776295559685,21.022751720840795
4150,4150,33,target_left,0,"[0.0, 0.0, 0.0, 0.0]",-0.7886257171630859,-1.1129902601242065,0.3333565592765808,0.14789797365665436,1.41197669506073,0.0,0.0,8.383844579477314
4150,4150,33,target_left,1,"[0.009999999776482582, 0.0, 0.0, 0.0]",-0.7147091031074524,-1.1467260122299194,0.3365168869495392,0.3272877633571625,1.4304372072219849,0.19695799052715302,8.383844579477314,13.148274404824685
4150,4150,33,target_left,2,"[0.019999999552965164, 0.0, 0.0, 0.0]",-0.6044062972068787,-1.1960691213607788,0.34033122658729553,0.39947816729545593,1.4391999244689941,0.14080999791622162,13.148274404824685,17.8193664968578
4150,4150,33,target_left,3,"[0.029999999329447746, 0.0, 0.0, 0.0]",-0.5428317189216614,-1.1958123445510864,0.34089598059654236,0.43428927659988403,1.4245878458023071,0.07073631882667542,17.8193664968578,22.351453517943398
4150,4150,33,ramp,0,"[-0.5, -0.4333333373069763, -0.36666667461395264, -0.30000001192092896]",-0.46605563163757324,-0.7800565361976624,0.42223498225212097,0.5962375402450562,1.1659663915634155,0.0,0.0,9.777628890560626
4150,4150,33,ramp,1,"[-0.47999998927116394, -0.41333332657814026, -0.3466666638851166, -0.2800000011920929]",-0.28387582302093506,-0.8673484921455383,0.4565732479095459,0.9076257348060608,1.3656948804855347,0.37276142835617065,9.777628890560626,14.39845892520872
4150,4150,33,ramp,2,"[-0.46000000834465027, -0.3933333456516266, -0.3266666829586029, -0.2600000202655792]",-0.31337618827819824,-0.893308699131012,0.45120200514793396,0.9366497993469238,1.4060943126678467,0.04914723336696625,14.39845892520872,19.333815620092135
4150,4150,33,ramp,3,"[-0.4399999976158142, -0.3733333349227905, -0.30666667222976685, -0.24000000953674316]",-0.3388631343841553,-0.8923683762550354,0.43717288970947266,0.927993655204773,1.401228666305542,0.03036796860396862,19.333815620092135,24.268378115615874
4175,4175,33,zero_hold,0,"[0.0, 0.0, 0.0, 0.0]",-0.5056421160697937,-0.01287633553147316,-0.014901758171617985,0.40819501876831055,0.6501423120498657,0.0,0.0,4.663967657924605
4175,4175,33,zero_hold,1,"[0.0, 0.0, 0.0, 0.0]",-0.49902427196502686,0.17596112191677094,0.04751606285572052,0.5354443192481995,0.7542850375175476,0.23620277643203735,4.663967657924605,7.511827082363835
4175,4175,33,zero_hold,2,"[0.0, 0.0, 0.0, 0.0]",-0.03354119881987572,0.1373276710510254,0.0021116521675139666,0.6380624175071716,0.6535380482673645,0.48037388920783997,7.511827082363835,9.868676978177369
4175,4175,33,zero_hold,3,"[0.0, 0.0, 0.0, 0.0]",0.1273062825202942,0.06202009692788124,-0.060100454837083817,0.6611582040786743,0.6788192987442017,0.18959669768810272,9.868676978177369,11.816331633178967
4175,4175,33,target_ahead,0,"[0.0, 0.0, 0.0, 0.0]",1.2156709432601929,-0.28114497661590576,-0.3959985375404358,0.03974849730730057,1.3096920251846313,0.0,0.0,8.595182831570776
4175,4175,33,target_ahead,1,"[0.009999999776482582, 0.0, 0.0, 0.0]",1.1822890043258667,-0.4027153551578522,-0.3684493899345398,0.05275898426771164,1.3032748699188232,0.12969942390918732,8.595182831570776,12.959774907516984
4175,4175,33,target_ahead,2,"[0.019999999552965164, 0.0, 0.0, 0.0]",1.1816551685333252,-0.4619790017604828,-0.32270148396492004,0.09751413017511368,1.3127752542495728,0.08722657710313797,12.959774907516984,17.082612065780214
4175,4175,33,target_ahead,3,"[0.029999999329447746, 0.0, 0.0, 0.0]",1.2108384370803833,-0.4684339165687561,-0.26930615305900574,0.16892105340957642,1.3366451263427734,0.09403903037309647,17.082612065780214,21.1804485946013
4175,4175,33,target_left,0,"[0.0, 0.0, 0.0, 0.0]",-0.7567030191421509,-1.1047207117080688,0.35449233651161194,0.15249675512313843,1.3935306072235107,0.0,0.0,8.336563315967215
4175,4175,33,target_left,1,"[0.009999999776482582, 0.0, 0.0, 0.0]",-0.6700534224510193,-1.1239320039749146,0.35945865511894226,0.33345189690589905,1.3973530530929565,0.20161014795303345,8.336563315967215,13.083460802268762
4175,4175,33,target_left,2,"[0.019999999552965164, 0.0, 0.0, 0.0]",-0.5465692281723022,-1.1700210571289062,0.3639411926269531,0.40642181038856506,1.4018983840942383,0.1507224291563034,13.083460802268762,17.73426981416578
4175,4175,33,target_left,3,"[0.029999999329447746, 0.0, 0.0, 0.0]",-0.47780105471611023,-1.1683686971664429,0.3647899627685547,0.4394042193889618,1.3854700326919556,0.07629122585058212,17.73426981416578,22.22619365588337
4175,4175,33,ramp,0,"[-0.5, -0.4333333373069763, -0.36666667461395264, -0.30000001192092896]",-0.46621325612068176,-0.755683183670044,0.42141467332839966,0.5784609317779541,1.1404469013214111,0.0,0.0,9.755915695298373
4175,4175,33,ramp,1,"[-0.47999998927116394, -0.41333332657814026, -0.3466666638851166, -0.2800000011920929]",-0.27616605162620544,-0.823867678642273,0.46255213022232056,0.8924564123153687,1.3287055492401123,0.37556958198547363,9.755915695298373,14.368994429338274
4175,4175,33,ramp,2,"[-0.46000000834465027, -0.3933333456516266, -0.3266666829586029, -0.2600000202655792]",-0.30887430906295776,-0.8538850545883179,0.4638531506061554,0.9209153056144714,1.3739606142044067,0.052749164402484894,14.368994429338274,19.31465942678476
4175,4175,33,ramp,3,"[-0.4399999976158142, -0.3733333349227905, -0.30666667222976685, -0.24000000953674316]",-0.3340827524662018,-0.8570727705955505,0.4534749984741211,0.9126347899436951,1.3728535175323486,0.028668800368905067,19.31465942678476,24.261724983332407
4200,4200,33,zero_hold,0,"[0.0, 0.0, 0.0, 0.0]",-0.4945959746837616,-0.011175034567713737,-0.02855120785534382,0.4047580063343048,0.639839231967926,0.0,0.0,4.683995075379707
4200,4200,33,zero_hold,1,"[0.0, 0.0, 0.0, 0.0]",-0.47239330410957336,0.17269153892993927,0.03449639305472374,0.5336015820503235,0.7340970635414124,0.23425528407096863,4.683995075379707,7.539880255385734
4200,4200,33,zero_hold,2,"[0.0, 0.0, 0.0, 0.0]",-0.00922609306871891,0.12283085286617279,-0.010104716755449772,0.636724054813385,0.6486078500747681,0.4792008697986603,7.539880255385734,9.888429221257574
4200,4200,33,zero_hold,3,"[0.0, 0.0, 0.0, 0.0]",0.1355847865343094,0.044110044836997986,-0.07305210828781128,0.6592763066291809,0.6784620881080627,0.17787112295627594,9.888429221257574,11.836370303980253
4200,4200,33,target_ahead,0,"[0.0, 0.0, 0.0, 0.0]",1.2144477367401123,-0.24891631305217743,-0.4358271360397339,0.1216939240694046,1.3196959495544434,0.0,0.0,8.577652040748466
4200,4200,33,target_ahead,1,"[0.009999999776482582, 0.0, 0.0, 0.0]",1.1985267400741577,-0.3735223710536957,-0.41083821654319763,0.127004936337471,1.3269904851913452,0.12819048762321472,8.577652040748466,12.88821637788997
4200,4200,33,target_ahead,2,"[0.019999999552965164, 0.0, 0.0, 0.0]",1.2049750089645386,-0.4236133098602295,-0.37088823318481445,0.17015911638736725,1.3408674001693726,0.07751752436161041,12.88821637788997,16.97276541411427
4200,4200,33,target_ahead,3,"[0.029999999329447746, 0.0, 0.0, 0.0]",1.2321728467941284,-0.42830124497413635,-0.3218158185482025,0.23095305263996124,1.363303542137146,0.08285953849554062,16.97276541411427,21.041358908504442
4200,4200,33,target_left,0,"[0.0, 0.0, 0.0, 0.0]",-0.7369444370269775,-1.110517144203186,0.3522130250930786,0.16906233131885529,1.3888741731643677,0.0,0.0,8.325485733064218
4200,4200,33,target_left,1,"[0.009999999776482582, 0.0, 0.0, 0.0]",-0.6115512251853943,-1.123611330986023,0.35435381531715393,0.34130334854125977,1.3706027269363403,0.21346303820610046,8.325485733064218,13.056889689713516
4200,4200,33,target_left,2,"[0.019999999552965164, 0.0, 0.0, 0.0]",-0.4861954152584076,-1.1646019220352173,0.35556760430336,0.4123902916908264,1.3744735717773438,0.14983035624027252,13.056889689713516,17.73058437030769
4200,4200,33,target_left,3,"[0.029999999329447746, 0.0, 0.0, 0.0]",-0.4329094886779785,-1.1636039018630981,0.3550398051738739,0.44301655888557434,1.3651745319366455,0.06147058308124542,17.73058437030769,22.2421151351346
4200,4200,33,ramp,0,"[-0.5, -0.4333333373069763, -0.36666667461395264, -0.30000001192092896]",-0.45960894227027893,-0.7460848689079285,0.3929809629917145,0.5276193022727966,1.09576416015625,0.0,0.0,9.737936680598908
4200,4200,33,ramp,1,"[-0.47999998927116394, -0.41333332657814026, -0.3466666638851166, -0.2800000011920929]",-0.2496860921382904,-0.8121962547302246,0.4323470890522003,0.8619616031646729,1.285265564918518,0.4022098779678345,9.737936680598908,14.220681726673536
4200,4200,33,ramp,2,"[-0.46000000834465027, -0.3933333456516266, -0.3266666829586029, -0.2600000202655792]",-0.2827731966972351,-0.8369337916374207,0.4356647729873657,0.8958033323287964,1.3314226865768433,0.053506746888160706,14.220681726673536,19.08923997212616
4200,4200,33,ramp,3,"[-0.4399999976158142, -0.3733333349227905, -0.30666667222976685, -0.24000000953674316]",-0.30751338601112366,-0.8380305171012878,0.42687124013900757,0.8901663422584534,1.330967664718628,0.026877157390117645,19.08923997212616,23.98206007525307
4225,4225,33,zero_hold,0,"[0.0, 0.0, 0.0, 0.0]",-0.48812830448150635,-0.03894031047821045,-0.029894595965743065,0.4364851117134094,0.6566570997238159,0.0,0.0,4.686366234410145
4225,4225,33,zero_hold,1,"[0.0, 0.0, 0.0, 0.0]",-0.49044251441955566,0.14003580808639526,0.03751162439584732,0.5753356218338013,0.7697805166244507,0.23634904623031616,4.686366234410145,7.554632359914372
4225,4225,33,zero_hold,2,"[0.0, 0.0, 0.0, 0.0]",-0.03167787194252014,0.0863298550248146,-0.004856751766055822,0.6780961751937866,0.684320330619812,0.47508329153060913,7.554632359914372,9.915629007673848
4225,4225,33,zero_hold,3,"[0.0, 0.0, 0.0, 0.0]",0.11084069311618805,0.009716399013996124,-0.06648208945989609,0.6980143785476685,0.7099465131759644,0.1742859184741974,9.915629007673848,11.87582130074471
4225,4225,33,target_ahead,0,"[0.0, 0.0, 0.0, 0.0]",1.1975034475326538,-0.28740838170051575,-0.42311835289001465,0.1708325892686844,1.3133282661437988,0.0,0.0,8.628658193425935
4225,4225,33,target_ahead,1,"[0.009999999776482582, 0.0, 0.0, 0.0]",1.1895697116851807,-0.41772520542144775,-0.40765082836151123,0.17286370694637299,1.3362752199172974,0.13148683309555054,8.628658193425935,12.925228146089278
4225,4225,33,target_ahead,2,"[0.019999999552965164, 0.0, 0.0, 0.0]",1.1883175373077393,-0.4662136733531952,-0.3774864375591278,0.2117219865322113,1.347878336906433,0.06908369064331055,12.925228146089278,16.99983224170743
4225,4225,33,target_ahead,3,"[0.029999999329447746, 0.0, 0.0, 0.0]",1.2001336812973022,-0.4759819209575653,-0.3450026512145996,0.25894150137901306,1.3612337112426758,0.05932890623807907,16.99983224170743,21.074368011065296
4225,4225,33,target_left,0,"[0.0, 0.0, 0.0, 0.0]",-0.7427084445953369,-1.1164238452911377,0.3589804768562317,0.17101356387138367,1.3986173868179321,0.0,0.0,8.359598020717852
4225,4225,33,target_left,1,"[0.009999999776482582, 0.0, 0.0, 0.0]",-0.6292603611946106,-1.1203422546386719,0.37479180097579956,0.347981721162796,1.3830024003982544,0.210840106010437,8.359598020717852,13.07681456119594
4225,4225,33,target_left,2,"[0.019999999552965164, 0.0, 0.0, 0.0]",-0.5042763948440552,-1.161450743675232,0.3871054947376251,0.41827964782714844,1.3885499238967896,0.1496807336807251,13.07681456119594,17.72267815785836
4225,4225,33,target_left,3,"[0.029999999329447746, 0.0, 0.0, 0.0]",-0.46273279190063477,-1.1608922481536865,0.391535222530365,0.44961822032928467,1.3846476078033447,0.05222941190004349,17.72267815785836,22.19853284715029
4225,4225,33,ramp,0,"[-0.5, -0.4333333373069763, -0.36666667461395264, -0.30000001192092896]",-0.44774675369262695,-0.7503617405891418,0.4206774830818176,0.5807574987411499,1.1303843259811401,0.0,0.0,9.79330429535654
4225,4225,33,ramp,1,"[-0.47999998927116394, -0.41333332657814026, -0.3466666638851166, -0.2800000011920929]",-0.24890683591365814,-0.800288736820221,0.4697191119194031,0.9232243299484253,1.3324397802352905,0.40214255452156067,9.79330429535654,14.264589576076595
4225,4225,33,ramp,2,"[-0.46000000834465027, -0.3933333456516266, -0.3266666829586029, -0.2600000202655792]",-0.28252679109573364,-0.8244524002075195,0.47313767671585083,0.9584237337112427,1.3791223764419556,0.05445060878992081,14.264589576076595,19.129793240106075
4225,4225,33,ramp,3,"[-0.4399999976158142, -0.3733333349227905, -0.30666667222976685, -0.24000000953674316]",-0.3067088723182678,-0.828980028629303,0.4645575284957886,0.9501454830169678,1.378357172012329,0.027338998392224312,19.129793240106075,24.035653843073987
4250,4250,33,zero_hold,0,"[0.0, 0.0, 0.0, 0.0]",-0.4886963367462158,-0.04620089754462242,-0.0307979304343462,0.4431787133216858,0.6620532870292664,0.0,0.0,4.675688891014884
4250,4250,33,zero_hold,1,"[0.0, 0.0, 0.0, 0.0]",-0.47065383195877075,0.147897407412529,0.04115366190671921,0.5811170935630798,0.7633998990058899,0.24940672516822815,4.675688891014884,7.5246966445475465
4250,4250,33,zero_hold,2,"[0.0, 0.0, 0.0, 0.0]",-0.01225331798195839,0.09555746614933014,0.002530129626393318,0.6868529915809631,0.6935811638832092,0.47491300106048584,7.5246966445475465,9.840322205671393
4250,4250,33,zero_hold,3,"[0.0, 0.0, 0.0, 0.0]",0.12844356894493103,0.01523390132933855,-0.05511343479156494,0.7088554501533508,0.7226640582084656,0.17336197197437286,9.840322205671393,11.747790837592628
4250,4250,33,target_ahead,0,"[0.0, 0.0, 0.0, 0.0]",1.1704049110412598,-0.32479557394981384,-0.41358742117881775,0.24488884210586548,1.3062790632247925,0.0,0.0,8.598482310480204
4250,4250,33,target_ahead,1,"[0.009999999776482582, 0.0, 0.0, 0.0]",1.1708379983901978,-0.4547594487667084,-0.40051397681236267,0.2375539243221283,1.3395936489105225,0.13082626461982727,8.598482310480204,12.921942500469381
4250,4250,33,target_ahead,2,"[0.019999999552965164, 0.0, 0.0, 0.0]",1.1403225660324097,-0.5117206573486328,-0.3802092969417572,0.2616080641746521,1.3323631286621094,0.07187943160533905,12.921942500469381,17.006413026013302
4250,4250,33,target_ahead,3,"[0.029999999329447746, 0.0, 0.0, 0.0]",1.1292181015014648,-0.5259178876876831,-0.3516414165496826,0.29304271936416626,1.3271205425262451,0.046142518520355225,17.006413026013302,21.072619623765096
4250,4250,33,target_left,0,"[0.0, 0.0, 0.0, 0.0]",-0.729621171951294,-1.11618173122406,0.3559531271457672,0.19216495752334595,1.3934987783432007,0.0,0.0,8.317802600012397
4250,4250,33,target_left,1,"[0.009999999776482582, 0.0, 0.0, 0.0]",-0.603480339050293,-1.1230577230453491,0.3825291693210602,0.36254775524139404,1.3795711994171143,0.2137647569179535,8.317802600012397,13.0341252302888
4250,4250,33,target_left,2,"[0.019999999552965164, 0.0, 0.0, 0.0]",-0.47049304842948914,-1.1660045385360718,0.3989521861076355,0.43356987833976746,1.3885518312454224,0.15761950612068176,13.0341252302888,17.676951196931096
4250,4250,33,target_left,3,"[0.029999999329447746, 0.0, 0.0, 0.0]",-0.4344816207885742,-1.165631890296936,0.40506264567375183,0.4648205637931824,1.3883824348449707,0.04807187244296074,17.676951196931096,22.157058005055475
4250,4250,33,ramp,0,"[-0.5, -0.4333333373069763, -0.36666667461395264, -0.30000001192092896]",-0.4214978814125061,-0.764859676361084,0.4081447422504425,0.5789437890052795,1.124468207359314,0.0,0.0,9.759333483165857
4250,4250,33,ramp,1,"[-0.47999998927116394, -0.41333332657814026, -0.3466666638851166, -0.2800000011920929]",-0.22735600173473358,-0.7987080812454224,0.47246620059013367,0.9207960963249207,1.326919436454773,0.3997962474822998,9.759333483165857,14.1896420766205
4250,4250,33,ramp,2,"[-0.46000000834465027, -0.3933333456516266, -0.3266666829586029, -0.2600000202655792]",-0.2645731568336487,-0.8204724788665771,0.4795977473258972,0.9534319043159485,1.3719403743743896,0.054541364312171936,14.1896420766205,19.059069881731407
4250,4250,33,ramp,3,"[-0.4399999976158142, -0.3733333349227905, -0.30666667222976685, -0.24000000953674316]",-0.29235947132110596,-0.82999587059021,0.47546353936195374,0.945111095905304,1.3761060237884521,0.03080749697983265,19.059069881731407,23.978364851840507
4275,4275,33,zero_hold,0,"[0.0, 0.0, 0.0, 0.0]",-0.5178855061531067,-0.051656898111104965,-0.03225995972752571,0.4495076537132263,0.6884559988975525,0.0,0.0,4.768355398637858
4275,4275,33,zero_hold,1,"[0.0, 0.0, 0.0, 0.0]",-0.4837043583393097,0.14808113873004913,0.04159572347998619,0.5901820063591003,0.7784233689308167,0.25750255584716797,4.768355398637858,7.6227970823124815
4275,4275,33,zero_hold,2,"[0.0, 0.0, 0.0, 0.0]",0.01642313227057457,0.08829748630523682,-0.007025671191513538,0.6991448998451233,0.7049248814582825,0.5176278352737427,7.6227970823124815,9.94296605709782
4275,4275,33,zero_hold,3,"[0.0, 0.0, 0.0, 0.0]",0.1538028120994568,0.004213135689496994,-0.06888198852539062,0.7258661389350891,0.7451841235160828,0.17459547519683838,9.94296605709782,11.852950151358668
4275,4275,33,target_ahead,0,"[0.0, 0.0, 0.0, 0.0]",1.1901472806930542,-0.33870968222618103,-0.4146963059902191,0.24932080507278442,1.3286491632461548,0.0,0.0,8.605409828512267
4275,4275,33,target_ahead,1,"[0.009999999776482582, 0.0, 0.0, 0.0]",1.2003306150436401,-0.4583713412284851,-0.3794834613800049,0.2536817193031311,1.3635468482971191,0.12522609531879425,8.605409828512267,12.953848168797592
4275,4275,33,target_ahead,2,"[0.019999999552965164, 0.0, 0.0, 0.0]",1.1719845533370972,-0.5130193829536438,-0.35766327381134033,0.27647513151168823,1.3568707704544067,0.06917779892683029,12.953848168797592,17.02905984441085
4275,4275,33,target_ahead,3,"[0.029999999329447746, 0.0, 0.0, 0.0]",1.1711410284042358,-0.523648738861084,-0.3257647156715393,0.31020668148994446,1.3594595193862915,0.047634340822696686,17.02905984441085,21.08669381126162
4275,4275,33,target_left,0,"[0.0, 0.0, 0.0, 0.0]",-0.727976381778717,-1.107844591140747,0.3515852987766266,0.21275362372398376,1.3878564834594727,0.0,0.0,8.305919876294876
4275,4275,33,target_left,1,"[0.009999999776482582, 0.0, 0.0, 0.0]",-0.6323515176773071,-1.1193100214004517,0.3959682881832123,0.3773869276046753,1.397116780281067,0.19583038985729218,8.305919876294876,13.004255214766271
4275,4275,33,target_left,2,"[0.019999999552965164, 0.0, 0.0, 0.0]",-0.5009714961051941,-1.1616631746292114,0.4133867621421814,0.4480476975440979,1.404303789138794,0.15604758262634277,13.004255214766271,17.627914688060514
4275,4275,33,target_left,3,"[0.029999999329447746, 0.0, 0.0, 0.0]",-0.45499128103256226,-1.1603997945785522,0.41894084215164185,0.48116469383239746,1.4002056121826172,0.05695050209760666,17.627914688060514,22.09334610578725
4275,4275,33,ramp,0,"[-0.5, -0.4333333373069763, -0.36666667461395264, -0.30000001192092896]",-0.4192323684692383,-0.7335522770881653,0.4368366599082947,0.5580475926399231,1.1027684211730957,0.0,0.0,9.801361669156279
4275,4275,33,ramp,1,"[-0.47999998927116394, -0.41333332657814026, -0.3466666638851166, -0.2800000011920929]",-0.22095851600170135,-0.7759178876876831,0.4943491220474243,0.9530022740364075,1.3429317474365234,0.44766533374786377,9.801361669156279,14.209988789995938
4275,4275,33,ramp,2,"[-0.46000000834465027, -0.3933333456516266, -0.3266666829586029, -0.2600000202655792]",-0.2562187612056732,-0.7982919812202454,0.49721941351890564,0.9930618405342102,1.391516089439392,0.05793869495391846,14.209988789995938,19.054745149885996
4275,4275,33,ramp,3,"[-0.4399999976158142, -0.3733333349227905, -0.30666667222976685, -0.24000000953674316]",-0.2857063114643097,-0.808911144733429,0.4948911964893341,0.9847255349159241,1.3966270685195923,0.03251456469297409,19.054745149885996,23.94190107232735
4300,4300,33,zero_hold,0,"[0.0, 0.0, 0.0, 0.0]",-0.5022411346435547,-0.05912695825099945,-0.026097983121871948,0.44109031558036804,0.671553373336792,0.0,0.0,4.835357859462466
4300,4300,33,zero_hold,1,"[0.0, 0.0, 0.0, 0.0]",-0.45094984769821167,0.1387757509946823,0.043797437101602554,0.5798032879829407,0.7488020658493042,0.25675463676452637,4.835357859462466,7.718121447285042
4300,4300,33,zero_hold,2,"[0.0, 0.0, 0.0, 0.0]",0.03245074674487114,0.07350026071071625,-0.005378083325922489,0.6815524101257324,0.6862928867340088,0.5007076263427734,7.718121447285042,10.035269745989458
4300,4300,33,zero_hold,3,"[0.0, 0.0, 0.0, 0.0]",0.1652127504348755,-0.005659984424710274,-0.0643957257270813,0.7084066271781921,0.7302835583686829,0.16761958599090576,10.035269745989458,11.939587829403063
4300,4300,33,target_ahead,0,"[0.0, 0.0, 0.0, 0.0]",1.2477694749832153,-0.36082136631011963,-0.3942757546901703,0.2167367935180664,1.3746086359024048,0.0,0.0,8.593279429098912
4300,4300,33,target_ahead,1,"[0.009999999776482582, 0.0, 0.0, 0.0]",1.2417610883712769,-0.46702319383621216,-0.3529103100299835,0.20771804451942444,1.388442873954773,0.1144874095916748,8.593279429098912,13.02080219928093
4300,4300,33,target_ahead,2,"[0.019999999552965164, 0.0, 0.0, 0.0]",1.2088425159454346,-0.5205883979797363,-0.332974910736084,0.2218170166015625,1.3756407499313354,0.0674467533826828,13.02080219928093,17.183244051083367
4300,4300,33,target_ahead,3,"[0.029999999329447746, 0.0, 0.0, 0.0]",1.2057029008865356,-0.5312355160713196,-0.3047627806663513,0.2512529194355011,1.3754777908325195,0.042256537824869156,17.183244051083367,21.318773936061092
4300,4300,33,target_left,0,"[0.0, 0.0, 0.0, 0.0]",-0.7473241090774536,-1.0936200618743896,0.33938848972320557,0.19793856143951416,1.3816158771514893,0.0,0.0,8.32813970115417
4300,4300,33,target_left,1,"[0.009999999776482582, 0.0, 0.0, 0.0]",-0.6232135891914368,-1.110549807548523,0.37641599774360657,0.3706771731376648,1.378697395324707,0.2165633887052536,8.32813970115417,13.031849579468927
4300,4300,33,target_left,2,"[0.019999999552965164, 0.0, 0.0, 0.0]",-0.4861949384212494,-1.1531769037246704,0.3907584249973297,0.44071075320243835,1.3831560611724854,0.16031715273857117,13.031849579468927,17.657729973124592
4300,4300,33,target_left,3,"[0.029999999329447746, 0.0, 0.0, 0.0]",-0.4393141567707062,-1.1503883600234985,0.39695560932159424,0.4745027422904968,1.3780845403671265,0.05818837881088257,17.657729973124592,22.13514507602049
4300,4300,33,ramp,0,"[-0.5, -0.4333333373069763, -0.36666667461395264, -0.30000001192092896]",-0.43081098794937134,-0.7097273468971252,0.42070308327674866,0.5540621280670166,1.0831836462020874,0.0,0.0,9.836813530828719
4300,4300,33,ramp,1,"[-0.47999998927116394, -0.41333332657814026, -0.3466666638851166, -0.2800000011920929]",-0.20156808197498322,-0.7619218230247498,0.4616190493106842,0.9410877823829651,1.3114469051361084,0.4546861946582794,9.836813530828719,14.284441994539172
4300,4300,33,ramp,2,"[-0.46000000834465027, -0.3933333456516266, -0.3266666829586029, -0.2600000202655792]",-0.2363601177930832,-0.7805655598640442,0.46328994631767273,0.982535719871521,1.358367681503296,0.05726078897714615,14.284441994539172,19.144647220371237
4300,4300,33,ramp,3,"[-0.4399999976158142, -0.3733333349227905, -0.30666667222976685, -0.24000000953674316]",-0.25904160737991333,-0.7922056317329407,0.4628787934780121,0.9751564264297485,1.3637738227844238,0.0265436302870512,19.144647220371237,24.031007597557586
4325,4325,33,zero_hold,0,"[0.0, 0.0, 0.0, 0.0]",-0.5277789831161499,-0.05663061887025833,-0.01583089493215084,0.42186927795410156,0.678219735622406,0.0,0.0,4.757254914358404
4325,4325,33,zero_hold,1,"[0.0, 0.0, 0.0, 0.0]",-0.47665172815322876,0.12971177697181702,0.04688509181141853,0.558681309223175,0.7472248673439026,0.2449251115322113,4.757254914358404,7.59325314109877
4325,4325,33,zero_hold,2,"[0.0, 0.0, 0.0, 0.0]",0.022953130304813385,0.06544926017522812,-0.009602286852896214,0.6582307815551758,0.6619444489479065,0.5165613293647766,7.59325314109877,9.86347923828832
4325,4325,33,zero_hold,3,"[0.0, 0.0, 0.0, 0.0]",0.1658531129360199,-0.017582733184099197,-0.07319165766239166,0.6831167936325073,0.7069808840751648,0.17882293462753296,9.86347923828832,11.711025238113482
4325,4325,33,target_ahead,0,"[0.0, 0.0, 0.0, 0.0]",1.2471727132797241,-0.3186129629611969,-0.4136629104614258,0.20661890506744385,1.3677581548690796,0.0,0.0,8.530624296955855
4325,4325,33,target_ahead,1,"[0.009999999776482582, 0.0, 0.0, 0.0]",1.2582746744155884,-0.4215191900730133,-0.37869927287101746,0.18972977995872498,1.3929623365402222,0.1105470210313797,8.530624296955855,12.934683403639097
4325,4325,33,target_ahead,2,"[0.019999999552965164, 0.0, 0.0, 0.0]",1.2189809083938599,-0.4791007339954376,-0.35889357328414917,0.20105037093162537,1.3728357553482056,0.07334885746240616,12.934683403639097,17.059831321154203
4325,4325,33,target_ahead,3,"[0.029999999329447746, 0.0, 0.0, 0.0]",1.214510202407837,-0.4921954274177551,-0.32908862829208374,0.23081892728805542,1.3707181215286255,0.044339146465063095,17.059831321154203,21.15091747598002
4325,4325,33,target_left,0,"[0.0, 0.0, 0.0, 0.0]",-0.774574875831604,-1.1037667989730835,0.347125768661499,0.134343683719635,1.3988609313964844,0.0,0.0,8.322098268441891
4325,4325,33,target_left,1,"[0.009999999776482582, 0.0, 0.0, 0.0]",-0.6444652080535889,-1.135532259941101,0.3818487823009491,0.3179123103618622,1.3970130681991577,0.22987104952335358,8.322098268441891,13.026989405725326
4325,4325,33,target_left,2,"[0.019999999552965164, 0.0, 0.0, 0.0]",-0.5130573511123657,-1.1797771453857422,0.39807385206222534,0.3929920196533203,1.4028569459915161,0.15851135551929474,13.026989405725326,17.629342368907984
4325,4325,33,target_left,3,"[0.029999999329447746, 0.0, 0.0, 0.0]",-0.4655227065086365,-1.1773287057876587,0.4066546857357025,0.4283735156059265,1.397027611732483,0.059925105422735214,17.629342368907984,22.0784825255705
4325,4325,33,ramp,0,"[-0.5, -0.4333333373069763, -0.36666667461395264, -0.30000001192092896]",-0.45933693647384644,-0.7230299711227417,0.46387016773223877,0.49774956703186035,1.0939346551895142,0.0,0.0,9.819005412821413
4325,4325,33,ramp,1,"[-0.47999998927116394, -0.41333332657814026, -0.3466666638851166, -0.2800000011920929]",-0.20981505513191223,-0.7823168039321899,0.5125972032546997,0.8532045483589172,1.2832598686218262,0.44102001190185547,9.819005412821413,14.237890911655041
4325,4325,33,ramp,2,"[-0.46000000834465027, -0.3933333456516266, -0.3266666829586029, -0.2600000202655792]",-0.24441277980804443,-0.8143463134765625,0.5062894225120544,0.933591902256012,1.3604485988616943,0.09340667724609375,14.237890911655041,19.108499645685782
4325,4325,33,ramp,3,"[-0.4399999976158142, -0.3733333349227905, -0.30666667222976685, -0.24000000953674316]",-0.2729380428791046,-0.8243023157119751,0.49751949310302734,0.9367568492889404,1.3707692623138428,0.03161868453025818,19.108499645685782,24.003010184657757
4350,4350,33,zero_hold,0,"[0.0, 0.0, 0.0, 0.0]",-0.5165268182754517,-0.09067589044570923,-0.009300623089075089,0.415448397397995,0.6691083312034607,0.0,0.0,4.805476782138324
4350,4350,33,zero_hold,1,"[0.0, 0.0, 0.0, 0.0]",-0.4540148973464966,0.11666613817214966,0.06055445969104767,0.5609676837921143,0.733547568321228,0.27010008692741394,4.805476782138324,7.685717439096326
4350,4350,33,zero_hold,2,"[0.0, 0.0, 0.0, 0.0]",0.04266258329153061,0.06048000231385231,0.014040844514966011,0.6605837345123291,0.6648653745651245,0.5117931962013245,7.685717439096326,10.000034130978865
4350,4350,33,zero_hold,3,"[0.0, 0.0, 0.0, 0.0]",0.18626917898654938,-0.016606386750936508,-0.04520079120993614,0.6878675222396851,0.7142666578292847,0.1755538284778595,10.000034130978865,11.876384386322398
4350,4350,33,target_ahead,0,"[0.0, 0.0, 0.0, 0.0]",1.2213729619979858,-0.34891363978385925,-0.4218898415565491,0.20369398593902588,1.3538740873336792,0.0,0.0,8.510506317825236
4350,4350,33,target_ahead,1,"[0.009999999776482582, 0.0, 0.0, 0.0]",1.252146601676941,-0.4359857141971588,-0.39534619450569153,0.18962404131889343,1.3964993953704834,0.09711380302906036,8.510506317825236,12.917127537319548
4350,4350,33,target_ahead,2,"[0.019999999552965164, 0.0, 0.0, 0.0]",1.1999653577804565,-0.5036832690238953,-0.38297027349472046,0.19212105870246887,1.3701059818267822,0.08640161901712418,12.917127537319548,17.029881226303687
4350,4350,33,target_ahead,3,"[0.029999999329447746, 0.0, 0.0, 0.0]",1.1940137147903442,-0.5164509415626526,-0.3564585745334625,0.2214416265487671,1.3669270277023315,0.04196428880095482,17.029881226303687,21.110119505134637
4350,4350,33,target_left,0,"[0.0, 0.0, 0.0, 0.0]",-0.7583059668540955,-1.139044165611267,0.34820058941841125,0.12120675295591354,1.4171746969223022,0.0,0.0,8.31687479211502
4350,4350,33,target_left,1,"[0.009999999776482582, 0.0, 0.0, 0.0]",-0.6083869338035583,-1.1546412706375122,0.38493111729621887,0.3141258955001831,1.396487832069397,0.24755990505218506,8.31687479211502,13.01521559500928
4350,4350,33,target_left,2,"[0.019999999552965164, 0.0, 0.0, 0.0]",-0.4685265123844147,-1.1993943452835083,0.4032467305660248,0.387119859457016,1.4037569761276245,0.16500712931156158,13.01521559500928,17.592180360412886
4350,4350,33,target_left,3,"[0.029999999329447746, 0.0, 0.0, 0.0]",-0.42658883333206177,-1.1965304613113403,0.4116734564304352,0.42224031686782837,1.4005088806152344,0.05542045459151268,17.592180360412886,22.01409942420747
4350,4350,33,ramp,0,"[-0.5, -0.4333333373069763, -0.36666667461395264, -0.30000001192092896]",-0.45865511894226074,-0.7549601197242737,0.45270511507987976,0.44566774368286133,1.0880675315856934,0.0,0.0,9.814980040005816
4350,4350,33,ramp,1,"[-0.47999998927116394, -0.41333332657814026, -0.3466666638851166, -0.2800000011920929]",-0.21337780356407166,-0.7942783236503601,0.5042760968208313,0.8472156524658203,1.2839303016662598,0.4749812185764313,9.814980040005816,14.219873074867056
4350,4350,33,ramp,2,"[-0.46000000834465027, -0.3933333456516266, -0.3266666829586029, -0.2600000202655792]",-0.25366634130477905,-0.8186861872673035,0.5001994967460632,0.9018537402153015,1.3409450054168701,0.072255440056324,14.219873074867056,19.068576372583014
4350,4350,33,ramp,3,"[-0.4399999976158142, -0.3733333349227905, -0.30666667222976685, -0.24000000953674316]",-0.2763773202896118,-0.828619658946991,0.49490535259246826,0.8991623520851135,1.3477460145950317,0.02548987977206707,19.068576372583014,23.95366575560189
4375,4375,33,zero_hold,0,"[0.0, 0.0, 0.0, 0.0]",-0.5188241004943848,-0.09183911234140396,-0.024761442095041275,0.40361645817756653,0.6641778945922852,0.0,0.0,4.765462261631167
4375,4375,33,zero_hold,1,"[0.0, 0.0, 0.0, 0.0]",-0.45947617292404175,0.10268201678991318,0.0437222421169281,0.5469238758087158,0.7229794859886169,0.25804588198661804,4.765462261631167,7.65557350967814
4375,4375,33,zero_hold,2,"[0.0, 0.0, 0.0, 0.0]",0.05561280623078346,0.04402710869908333,-0.007930295541882515,0.6543256044387817,0.6582067012786865,0.5319399833679199,7.65557350967814,10.0002931672604
4375,4375,33,zero_hold,3,"[0.0, 0.0, 0.0, 0.0]",0.21625187993049622,-0.036748092621564865,-0.07672528922557831,0.6853616237640381,0.7236868143081665,0.19500136375427246,10.0002931672604,11.910991983788003
4375,4375,33,target_ahead,0,"[0.0, 0.0, 0.0, 0.0]",1.2107847929000854,-0.3663889765739441,-0.44784805178642273,0.21333767473697662,1.3587942123413086,0.0,0.0,8.54126429499649
4375,4375,33,target_ahead,1,"[0.009999999776482582, 0.0, 0.0, 0.0]",1.2190290689468384,-0.49246883392333984,-0.4400113523006439,0.19261756539344788,1.3997389078140259,0.12827639281749725,8.54126429499649,12.891256273918442
4375,4375,33,target_ahead,2,"[0.019999999552965164, 0.0, 0.0, 0.0]",1.1553212404251099,-0.5675234198570251,-0.4183705151081085,0.20519974827766418,1.3689378499984741,0.10158009827136993,12.891256273918442,16.95073179382919
4375,4375,33,target_ahead,3,"[0.029999999329447746, 0.0, 0.0, 0.0]",1.129445195198059,-0.5823253393173218,-0.3867894411087036,0.2407047301530838,1.3499237298965454,0.05609487369656563,16.95073179382919,20.98491809381764
4375,4375,33,target_left,0,"[0.0, 0.0, 0.0, 0.0]",-0.7531168460845947,-1.153156042098999,0.3550817668437958,0.08456538617610931,1.4248467683792114,0.0,0.0,8.321745923768972
4375,4375,33,target_left,1,"[0.009999999776482582, 0.0, 0.0, 0.0]",-0.5808088183403015,-1.1644260883331299,0.39055752754211426,0.2751382887363434,1.3861685991287231,0.2596028447151184,8.321745923768972,13.039485955744196
4375,4375,33,target_left,2,"[0.019999999552965164, 0.0, 0.0, 0.0]",-0.43873894214630127,-1.212360143661499,0.40821775794029236,0.34601035714149475,1.395949125289917,0.16678206622600555,13.039485955744196,17.618764896143194
4375,4375,33,target_left,3,"[0.029999999329447746, 0.0, 0.0, 0.0]",-0.40184590220451355,-1.2121174335479736,0.41637104749679565,0.3788709044456482,1.3955703973770142,0.050074413418769836,17.618764896143194,22.031362947951408
4375,4375,33,ramp,0,"[-0.5, -0.4333333373069763, -0.36666667461395264, -0.30000001192092896]",-0.455072820186615,-0.7624894380569458,0.4552759826183319,0.3823878765106201,1.068633794784546,0.0,0.0,9.83029986334948
4375,4375,33,ramp,1,"[-0.47999998927116394, -0.41333332657814026, -0.3466666638851166, -0.2800000011920929]",-0.19903336465358734,-0.802059531211853,0.5063042044639587,0.8033802509307861,1.258839726448059,0.496951162815094,9.83029986334948,14.218233142524408
4375,4375,33,ramp,2,"[-0.46000000834465027, -0.3933333456516266, -0.3266666829586029, -0.2600000202655792]",-0.22944648563861847,-0.8323477506637573,0.4987773299217224,0.8539671897888184,1.3128165006637573,0.06676845252513885,14.218233142524408,19.056709385167412
4375,4375,33,ramp,3,"[-0.4399999976158142, -0.3733333349227905, -0.30666667222976685, -0.24000000953674316]",-0.2539314329624176,-0.8423756957054138,0.4877450168132782,0.8485516309738159,1.3160595893859863,0.0291738323867321,19.056709385167412,23.935304045287737
4400,4400,33,zero_hold,0,"[0.0, 0.0, 0.0, 0.0]",-0.5389204621315002,-0.10333091020584106,-0.00411568395793438,0.417064368724823,0.6892547607421875,0.0,0.0,4.797747493211722
4400,4400,33,zero_hold,1,"[0.0, 0.0, 0.0, 0.0]",-0.4908865690231323,0.08347713947296143,0.05188377946615219,0.5615234971046448,0.7522888779640198,0.2474042922258377,4.797747493211722,7.708627679456196
4400,4400,33,zero_hold,2,"[0.0, 0.0, 0.0, 0.0]",0.029084112495183945,0.009302061051130295,-0.007631110958755016,0.6606107354164124,0.6613601446151733,0.5378026962280273,7.708627679456196,10.052963129719561
4400,4400,33,zero_hold,3,"[0.0, 0.0, 0.0, 0.0]",0.18898335099220276,-0.08286820352077484,-0.07909072935581207,0.6837965846061707,0.7186201810836792,0.19926661252975464,10.052963129719561,11.967141477540364
4400,4400,33,target_ahead,0,"[0.0, 0.0, 0.0, 0.0]",1.180628776550293,-0.3821691572666168,-0.4234970808029175,0.20986032485961914,1.3279038667678833,0.0,0.0,8.561283453747768
4400,4400,33,target_ahead,1,"[0.009999999776482582, 0.0, 0.0, 0.0]",1.2118456363677979,-0.4997677505016327,-0.4145994782447815,0.1838679164648056,1.387096881866455,0.12473449110984802,8.561283453747768,12.966264094178337
4400,4400,33,target_ahead,2,"[0.019999999552965164, 0.0, 0.0, 0.0]",1.1644296646118164,-0.5656560063362122,-0.3937862813472748,0.1901955008506775,1.3664205074310303,0.08404025435447693,12.966264094178337,17.058923509561755
4400,4400,33,target_ahead,3,"[0.029999999329447746, 0.0, 0.0, 0.0]",1.147162675857544,-0.5780011415481567,-0.3696857690811157,0.21817725896835327,1.3543767929077148,0.042595360428094864,17.058923509561755,21.13351246714565
4400,4400,33,target_left,0,"[0.0, 0.0, 0.0, 0.0]",-0.7820774912834167,-1.1444040536880493,0.38210782408714294,0.08102080225944519,1.4400960206985474,0.0,0.0,8.314663663051448
4400,4400,33,target_left,1,"[0.009999999776482582, 0.0, 0.0, 0.0]",-0.6253341436386108,-1.1624983549118042,0.40845924615859985,0.2736572027206421,1.4086065292358398,0.25039780139923096,8.314663663051448,13.04356455660519
4400,4400,33,target_left,2,"[0.019999999552965164, 0.0, 0.0, 0.0]",-0.4716554582118988,-1.2119165658950806,0.4196096658706665,0.3452264964580536,1.4094163179397583,0.17693443596363068,13.04356455660519,17.607664168015162
4400,4400,33,target_left,3,"[0.029999999329447746, 0.0, 0.0, 0.0]",-0.42737793922424316,-1.213724970817566,0.42478102445602417,0.3763114809989929,1.406353235244751,0.054376356303691864,17.607664168015162,21.995134123761485
4400,4400,33,ramp,0,"[-0.5, -0.4333333373069763, -0.36666667461395264, -0.30000001192092896]",-0.4782315194606781,-0.7730664610862732,0.47511762380599976,0.4004002809524536,1.1010878086090088,0.0,0.0,9.834799395132475
4400,4400,33,ramp,1,"[-0.47999998927116394, -0.41333332657814026, -0.3466666638851166, -0.2800000011920929]",-0.21637141704559326,-0.8385583758354187,0.5133162140846252,0.8169999718666077,1.2965258359909058,0.4978697896003723,9.834799395132475,14.24059026526846
4400,4400,33,ramp,2,"[-0.46000000834465027, -0.3933333456516266, -0.3266666829586029, -0.2600000202655792]",-0.25314590334892273,-0.8660339117050171,0.5032423734664917,0.8629571199417114,1.34612238407135,0.06573286652565002,14.24059026526846,19.10759257841199
4400,4400,33,ramp,3,"[-0.4399999976158142, -0.3733333349227905, -0.30666667222976685, -0.24000000953674316]",-0.2837010324001312,-0.8724775910377502,0.4901139736175537,0.8534794449806213,1.3454896211624146,0.03517553210258484,19.10759257841199,24.032302595622387
4425,4425,33,zero_hold,0,"[0.0, 0.0, 0.0, 0.0]",-0.5473930835723877,-0.07846303284168243,0.0007641033735126257,0.4089314937591553,0.68776535987854,0.0,0.0,4.843958482790097
4425,4425,33,zero_hold,1,"[0.0, 0.0, 0.0, 0.0]",-0.5034061074256897,0.13159765303134918,0.07022298127412796,0.5516708493232727,0.7615823149681091,0.26694455742836,4.843958482790097,7.784641795135432
4425,4425,33,zero_hold,2,"[0.0, 0.0, 0.0, 0.0]",0.015260757878422737,0.06368406116962433,0.027024058625102043,0.6519479155540466,0.6557857394218445,0.5343680381774902,7.784641795135432,10.152558211469877
4425,4425,33,zero_hold,3,"[0.0, 0.0, 0.0, 0.0]",0.18536098301410675,-0.029844243079423904,-0.03737149015069008,0.6784084439277649,0.7049000263214111,0.20622457563877106,10.152558211469877,12.072720791835179
4425,4425,33,target_ahead,0,"[0.0, 0.0, 0.0, 0.0]",1.1824336051940918,-0.3522154986858368,-0.42157649993896484,0.25128573179244995,1.3278088569641113,0.0,0.0,8.524523200781474
4425,4425,33,target_ahead,1,"[0.009999999776482582, 0.0, 0.0, 0.0]",1.2315022945404053,-0.46735700964927673,-0.4213487505912781,0.23134607076644897,1.4021683931350708,0.12673968076705933,8.524523200781474,12.86544664601755
4425,4425,33,target_ahead,2,"[0.019999999552965164, 0.0, 0.0, 0.0]",1.1784462928771973,-0.5380332469940186,-0.396769255399704,0.2354734241962433,1.3751686811447144,0.09182187169790268,12.86544664601755,16.880668586529186
4425,4425,33,target_ahead,3,"[0.029999999329447746, 0.0, 0.0, 0.0]",1.1570812463760376,-0.5526273846626282,-0.36698007583618164,0.26155272126197815,1.3591609001159668,0.047296714037656784,16.880668586529186,20.88241459332484
4425,4425,33,target_left,0,"[0.0, 0.0, 0.0, 0.0]",-0.8046595454216003,-1.10992431640625,0.405517578125,0.11348988115787506,1.4341316223144531,0.0,0.0,8.313711910572247
4425,4425,33,target_left,1,"[0.009999999776482582, 0.0, 0.0, 0.0]",-0.6117333769798279,-1.1158385276794434,0.4302257299423218,0.2911800444126129,1.3744792938232422,0.26351428031921387,8.313711910572247,13.047774676653495
4425,4425,33,target_left,2,"[0.019999999552965164, 0.0, 0.0, 0.0]",-0.45276162028312683,-1.1674931049346924,0.43933865427970886,0.35888803005218506,1.3747190237045288,0.18057583272457123,13.047774676653495,17.622868912316974
4425,4425,33,target_left,3,"[0.029999999329447746, 0.0, 0.0, 0.0]",-0.4130318760871887,-1.1708452701568604,0.44552531838417053,0.38763871788978577,1.3748565912246704,0.049543578177690506,17.622868912316974,22.022403542228567
4425,4425,33,ramp,0,"[-0.5, -0.4333333373069763, -0.36666667461395264, -0.30000001192092896]",-0.4872278869152069,-0.7733588814735413,0.48013752698898315,0.42663684487342834,1.117150902748108,0.0,0.0,9.835915673427083
4425,4425,33,ramp,1,"[-0.47999998927116394, -0.41333332657814026, -0.3466666638851166, -0.2800000011920929]",-0.23537465929985046,-0.8222178816795349,0.5095371603965759,0.8343185782432556,1.298906922340393,0.48258262872695923,9.835915673427083,14.241329061644835
4425,4425,33,ramp,2,"[-0.46000000834465027, -0.3933333456516266, -0.3266666829586029, -0.2600000202655792]",-0.269660621881485,-0.8412021994590759,0.5015782117843628,0.866604208946228,1.3352608680725098,0.051396869122982025,14.241329061644835,19.092949217798232
4425,4425,33,ramp,3,"[-0.4399999976158142, -0.3733333349227905, -0.30666667222976685, -0.24000000953674316]",-0.30159956216812134,-0.843718945980072,0.4896516799926758,0.8533856272697449,1.330732822418213,0.03665246441960335,19.092949217798232,24.00988769924868
4450,4450,33,zero_hold,0,"[0.0, 0.0, 0.0, 0.0]",-0.5669294595718384,-0.05436626076698303,0.0034676892682909966,0.4011137783527374,0.6966124773025513,0.0,0.0,4.857175193084149
4450,4450,33,zero_hold,1,"[0.0, 0.0, 0.0, 0.0]",-0.5364755988121033,0.16124364733695984,0.08053548634052277,0.5545902848243713,0.7923774123191833,0.27732571959495544,4.857175193084149,7.801948053213232
4450,4450,33,zero_hold,2,"[0.0, 0.0, 0.0, 0.0]",0.01483265869319439,0.0916403979063034,0.034266721457242966,0.6622188091278076,0.6695714592933655,0.567899763584137,7.801948053213232,10.19661957248619
4450,4450,33,zero_hold,3,"[0.0, 0.0, 0.0, 0.0]",0.1995401680469513,-0.013163788244128227,-0.04059060290455818,0.6900831460952759,0.7196192741394043,0.2268938571214676,10.19661957248619,12.13305247674141
4450,4450,33,target_ahead,0,"[0.0, 0.0, 0.0, 0.0]",1.154354453086853,-0.34195488691329956,-0.40988481044769287,0.26442548632621765,1.298997163772583,0.0,0.0,8.517202561763911
4450,4450,33,target_ahead,1,"[0.009999999776482582, 0.0, 0.0, 0.0]",1.2251087427139282,-0.46601366996765137,-0.4122776389122009,0.25419989228248596,1.3973727226257324,0.1432027965784073,8.517202561763911,12.825989754861506
4450,4450,33,target_ahead,2,"[0.019999999552965164, 0.0, 0.0, 0.0]",1.1629003286361694,-0.5431360602378845,-0.3933052718639374,0.2532895505428314,1.3660814762115479,0.1008886992931366,12.825989754861506,16.854869592604043
4450,4450,33,target_ahead,3,"[0.029999999329447746, 0.0, 0.0, 0.0]",1.131606101989746,-0.5591972470283508,-0.367080956697464,0.2710915505886078,1.3421896696090698,0.047348879277706146,16.854869592604043,20.9057738891955
4450,4450,33,target_left,0,"[0.0, 0.0, 0.0, 0.0]",-0.8488035798072815,-1.0870869159698486,0.40547657012939453,0.09974328428506851,1.4410362243652344,0.0,0.0,8.271929028169373
4450,4450,33,target_left,1,"[0.009999999776482582, 0.0, 0.0, 0.0]",-0.653816282749176,-1.0899220705032349,0.43118816614151,0.28163859248161316,1.3713676929473877,0.2679086923599243,8.271929028169373,12.955560427460489
4450,4450,33,target_left,2,"[0.019999999552965164, 0.0, 0.0, 0.0]",-0.4743644595146179,-1.1414260864257812,0.4319993257522583,0.3522482216358185,1.3559415340423584,0.1996046006679535,12.955560427460489,17.464089090976447
4450,4450,33,target_left,3,"[0.029999999329447746, 0.0, 0.0, 0.0]",-0.4177226722240448,-1.1448686122894287,0.4351584315299988,0.38265112042427063,1.3494447469711304,0.06445509940385818,17.464089090976447,21.803232981690204
4450,4450,33,ramp,0,"[-0.5, -0.4333333373069763, -0.36666667461395264, -0.30000001192092896]",-0.4718857407569885,-0.7176774740219116,0.47311338782310486,0.3979637920856476,1.0582762956619263,0.0,0.0,9.862189071877376
4450,4450,33,ramp,1,"[-0.47999998927116394, -0.41333332657814026, -0.3466666638851166, -0.2800000011920929]",-0.2282238006591797,-0.7603062391281128,0.5127631425857544,0.8025414347648621,1.2398186922073364,0.4758608341217041,9.862189071877376,14.273916810387387
4450,4450,33,ramp,2,"[-0.46000000834465027, -0.3933333456516266, -0.3266666829586029, -0.2600000202655792]",-0.2545889914035797,-0.7847263813018799,0.49748533964157104,0.843020498752594,1.2801508903503418,0.05624439939856529,14.273916810387387,19.115839496643602
4450,4450,33,ramp,3,"[-0.4399999976158142, -0.3733333349227905, -0.30666667222976685, -0.24000000953674316]",-0.28437361121177673,-0.7939122915267944,0.4832157492637634,0.8383615612983704,1.2835546731948853,0.03459525108337402,19.115839496643602,24.00997401286293
4475,4475,33,zero_hold,0,"[0.0, 0.0, 0.0, 0.0]",-0.5393648147583008,-0.044794075191020966,-0.020859958603978157,0.4008042812347412,0.6737953424453735,0.0,0.0,4.725937356171
4475,4475,33,zero_hold,1,"[0.0, 0.0, 0.0, 0.0]",-0.4793042540550232,0.15799090266227722,0.04613044485449791,0.561221182346344,0.7561686038970947,0.2737705707550049,4.725937356171,7.652859566290645
4475,4475,33,zero_hold,2,"[0.0, 0.0, 0.0, 0.0]",0.057553213089704514,0.08795446157455444,-0.00011214730329811573,0.6792951226234436,0.6873792409896851,0.5560583472251892,7.652859566290645,10.062967857640908
4475,4475,33,zero_hold,3,"[0.0, 0.0, 0.0, 0.0]",0.24324193596839905,-0.016544923186302185,-0.07417668402194977,0.6985161304473877,0.7435504794120789,0.2263966053724289,10.062967857640908,12.00750634757389
4475,4475,33,target_ahead,0,"[0.0, 0.0, 0.0, 0.0]",1.184507131576538,-0.3163911700248718,-0.421941876411438,0.22067992389202118,1.3152546882629395,0.0,0.0,8.524076851401249
4475,4475,33,target_ahead,1,"[0.009999999776482582, 0.0, 0.0, 0.0]",1.252307653427124,-0.4449341893196106,-0.442110538482666,0.18290598690509796,1.4125003814697266,0.15150532126426697,8.524076851401249,12.855842254827014
4475,4475,33,target_ahead,2,"[0.019999999552965164, 0.0, 0.0, 0.0]",1.2177324295043945,-0.5187208652496338,-0.41431763768196106,0.1869760900735855,1.3994865417480469,0.08619124442338943,12.855842254827014,16.856410396509872
4475,4475,33,target_ahead,3,"[0.029999999329447746, 0.0, 0.0, 0.0]",1.2022669315338135,-0.5344647169113159,-0.3823253810405731,0.2119394987821579,1.3864303827285767,0.04619228094816208,16.856410396509872,20.863226467621683
4475,4475,33,target_left,0,"[0.0, 0.0, 0.0, 0.0]",-0.8356761336326599,-1.0758081674575806,0.3890162706375122,0.09784083068370819,1.420078992843628,0.0,0.0,8.256006356549936
4475,4475,33,target_left,1,"[0.009999999776482582, 0.0, 0.0, 0.0]",-0.6017388701438904,-1.075912594795227,0.4098854660987854,0.2851678133010864,1.3300392627716064,0.300422340631485,8.256006356549936,12.896431312170014
4475,4475,33,target_left,2,"[0.019999999552965164, 0.0, 0.0, 0.0]",-0.4227881133556366,-1.1305571794509888,0.4145691990852356,0.35322117805480957,1.3242137432098389,0.19915471971035004,12.896431312170014,17.36972870470931
4475,4475,33,target_left,3,"[0.029999999329447746, 0.0, 0.0, 0.0]",-0.38094374537467957,-1.1355544328689575,0.42052412033081055,0.3788055181503296,1.3247400522232056,0.049658264964818954,17.36972870470931,21.684941459638203
4475,4475,33,ramp,0,"[-0.5, -0.4333333373069763, -0.36666667461395264, -0.30000001192092896]",-0.4551756680011749,-0.7265631556510925,0.4736378788948059,0.43372201919555664,1.0712265968322754,0.0,0.0,9.836317882604925
4475,4475,33,ramp,1,"[-0.47999998927116394, -0.41333332657814026, -0.3466666638851166, -0.2800000011920929]",-0.18724218010902405,-0.7699484825134277,0.5054724812507629,0.8363863825798035,1.258143424987793,0.48664429783821106,9.836317882604925,14.362228342608047
4475,4475,33,ramp,2,"[-0.46000000834465027, -0.3933333456516266, -0.3266666829586029, -0.2600000202655792]",-0.21250750124454498,-0.7895771265029907,0.4928399324417114,0.8668968081474304,1.289570689201355,0.04597920924425125,14.362228342608047,19.25287632598226
4475,4475,33,ramp,3,"[-0.4399999976158142, -0.3733333349227905, -0.30666667222976685, -0.24000000953674316]",-0.24217650294303894,-0.7955545783042908,0.4790474772453308,0.8563286066055298,1.2862122058868408,0.03489840030670166,19.25287632598226,24.18591218488972
4500,4500,33,zero_hold,0,"[0.0, 0.0, 0.0, 0.0]",-0.5172257423400879,-0.04785033315420151,-0.01395631954073906,0.386979877948761,0.6478891372680664,0.0,0.0,4.699186039759991
4500,4500,33,zero_hold,1,"[0.0, 0.0, 0.0, 0.0]",-0.44739365577697754,0.15328389406204224,0.050735995173454285,0.5423449277877808,0.7213661670684814,0.27139437198638916,4.699186039759991,7.604442660243371
4500,4500,33,zero_hold,2,"[0.0, 0.0, 0.0, 0.0]",0.07891817390918732,0.09331104904413223,0.003262527287006378,0.6532101631164551,0.664551854133606,0.5432731509208679,7.604442660243371,9.992601129764427
4500,4500,33,zero_hold,3,"[0.0, 0.0, 0.0, 0.0]",0.2825934886932373,-0.011543133296072483,-0.07644575089216232,0.662898063659668,0.7247552275657654,0.24274533987045288,9.992601129764427,11.92159283731939
4500,4500,33,target_ahead,0,"[0.0, 0.0, 0.0, 0.0]",1.1926132440567017,-0.2999132573604584,-0.41063791513442993,0.19191981852054596,1.3106223344802856,0.0,0.0,8.501813335716383
4500,4500,33,target_ahead,1,"[0.009999999776482582, 0.0, 0.0, 0.0]",1.2381888628005981,-0.4362465739250183,-0.41873490810394287,0.12879329919815063,1.3839614391326904,0.15720823407173157,8.501813335716383,12.812308825123923
4500,4500,33,target_ahead,2,"[0.019999999552965164, 0.0, 0.0, 0.0]",1.1791956424713135,-0.4935891628265381,-0.3880995512008667,0.11756572127342224,1.3411097526550293,0.08850398659706116,12.812308825123923,16.885757024976787
4500,4500,33,target_ahead,3,"[0.029999999329447746, 0.0, 0.0, 0.0]",1.1256715059280396,-0.5088269114494324,-0.3617933988571167,0.12371209263801575,1.2931512594223022,0.061861246824264526,16.885757024976787,20.967438320533102
4500,4500,33,target_left,0,"[0.0, 0.0, 0.0, 0.0]",-0.8448458313941956,-1.0775856971740723,0.3987466096878052,0.08117806911468506,1.4284762144088745,0.0,0.0,8.237433579581054
4500,4500,33,target_left,1,"[0.009999999776482582, 0.0, 0.0, 0.0]",-0.6045107245445251,-1.080270528793335,0.4229438304901123,0.2787717282772064,1.337539792060852,0.312084823846817,8.237433579581054,12.890885171328557
4500,4500,33,target_left,2,"[0.019999999552965164, 0.0, 0.0, 0.0]",-0.429132342338562,-1.1380929946899414,0.42616796493530273,0.3499280512332916,1.3354696035385132,0.19792582094669342,12.890885171328557,17.373261368554324
4500,4500,33,target_left,3,"[0.029999999329447746, 0.0, 0.0, 0.0]",-0.38903698325157166,-1.1443562507629395,0.42978328466415405,0.37726160883903503,1.3371391296386719,0.04906180128455162,17.373261368554324,21.69326068925015
4500,4500,33,ramp,0,"[-0.5, -0.4333333373069763, -0.36666667461395264, -0.30000001192092896]",-0.4732776880264282,-0.7471663355827332,0.49169856309890747,0.44527921080589294,1.1055723428726196,0.0,0.0,9.821144219552155
4500,4500,33,ramp,1,"[-0.47999998927116394, -0.41333332657814026, -0.3466666638851166, -0.2800000011920929]",-0.2032616138458252,-0.7936317324638367,0.5320476293563843,0.8411779403686523,1.289116621017456,0.4831475615501404,9.821144219552155,14.33879089066888
4500,4500,33,ramp,2,"[-0.46000000834465027, -0.3933333456516266, -0.3266666829586029, -0.2600000202655792]",-0.22759570181369781,-0.8131245970726013,0.5194422602653503,0.870130181312561,1.3190596103668213,0.0443761982023716,14.33879089066888,19.234815321258168
4500,4500,33,ramp,3,"[-0.4399999976158142, -0.3733333349227905, -0.30666667222976685, -0.24000000953674316]",-0.2529028058052063,-0.8144129514694214,0.505652666091919,0.8579686880111694,1.3111152648925781,0.03130757436156273,19.234815321258168,24.166999536025823
4525,4525,33,zero_hold,0,"[0.0, 0.0, 0.0, 0.0]",-0.4944039583206177,-0.053917258977890015,-0.031825412064790726,0.3902915120124817,0.6329950094223022,0.0,0.0,4.720077234888913
4525,4525,33,zero_hold,1,"[0.0, 0.0, 0.0, 0.0]",-0.38517892360687256,0.1391182243824005,0.03182792291045189,0.5403074622154236,0.6787207722663879,0.275225967168808,4.720077234888913,7.636603638824663
4525,4525,33,zero_hold,2,"[0.0, 0.0, 0.0, 0.0]",0.14980767667293549,0.07953735440969467,-0.013722527772188187,0.6476734280586243,0.669654905796051,0.5507838726043701,7.636603638824663,10.053358621703532
4525,4525,33,zero_hold,3,"[0.0, 0.0, 0.0, 0.0]",0.3455958962440491,-0.012249939143657684,-0.093731589615345,0.6538782119750977,0.7456064224243164,0.23064666986465454,10.053358621703532,12.015433171859051
4525,4525,33,target_ahead,0,"[0.0, 0.0, 0.0, 0.0]",1.1793090105056763,-0.2962127923965454,-0.44348588585853577,0.1706247329711914,1.3054900169372559,0.0,0.0,8.48571502041379
4525,4525,33,target_ahead,1,"[0.009999999776482582, 0.0, 0.0, 0.0]",1.2354804277420044,-0.4184579849243164,-0.45142409205436707,0.10678230226039886,1.384451150894165,0.14912405610084534,8.48571502041379,12.865816651580246
4525,4525,33,target_ahead,2,"[0.019999999552965164, 0.0, 0.0, 0.0]",1.2060996294021606,-0.4656900465488434,-0.4171581268310547,0.10009513795375824,1.362197995185852,0.06567323207855225,12.865816651580246,16.991151275804913
4525,4525,33,target_ahead,3,"[0.029999999329447746, 0.0, 0.0, 0.0]",1.1620603799819946,-0.47349557280540466,-0.3975766897201538,0.10421831905841827,1.320420742034912,0.048998113721609116,16.991151275804913,21.11588818935909
4525,4525,33,target_left,0,"[0.0, 0.0, 0.0, 0.0]",-0.8325520157814026,-1.09330153465271,0.38497233390808105,0.08634960651397705,1.429724097251892,0.0,0.0,8.258870659530897
4525,4525,33,target_left,1,"[0.009999999776482582, 0.0, 0.0, 0.0]",-0.5821841359138489,-1.1067143678665161,0.40314981341362,0.2850733995437622,1.344452142715454,0.32044586539268494,8.258870659530897,12.88165805113292
4525,4525,33,target_left,2,"[0.019999999552965164, 0.0, 0.0, 0.0]",-0.4008304476737976,-1.1688381433486938,0.4042959213256836,0.3553721606731415,1.34781014919281,0.2041855901479721,12.88165805113292,17.34280030340095
4525,4525,33,target_left,3,"[0.029999999329447746, 0.0, 0.0, 0.0]",-0.35757988691329956,-1.1767202615737915,0.4060550034046173,0.38397157192230225,1.3508696556091309,0.05247627571225166,17.34280030340095,21.642311855525186
4525,4525,33,ramp,0,"[-0.5, -0.4333333373069763, -0.36666667461395264, -0.30000001192092896]",-0.479323148727417,-0.7690480947494507,0.44726330041885376,0.4800000786781311,1.1187628507614136,0.0,0.0,9.8166374003232
4525,4525,33,ramp,1,"[-0.47999998927116394, -0.41333332657814026, -0.3466666638851166, -0.2800000011920929]",-0.22414177656173706,-0.8057170510292053,0.4678562879562378,0.8484079837799072,1.2798848152160645,0.4501228630542755,9.8166374003232,14.297648308266355
4525,4525,33,ramp,2,"[-0.46000000834465027, -0.3933333456516266, -0.3266666829586029, -0.2600000202655792]",-0.25071588158607483,-0.8263413906097412,0.4598158597946167,0.8700798153877258,1.3092623949050903,0.04081498831510544,14.297648308266355,19.180933269317524
4525,4525,33,ramp,3,"[-0.4399999976158142, -0.3733333349227905, -0.30666667222976685, -0.24000000953674316]",-0.2777785062789917,-0.8276055455207825,0.4457405209541321,0.8544052839279175,1.3003017902374268,0.034318942576646805,19.180933269317524,24.095634920148946
4550,4550,33,zero_hold,0,"[0.0, 0.0, 0.0, 0.0]",-0.4993872344493866,-0.027423230931162834,-0.012093683704733849,0.3829050660133362,0.6300017237663269,0.0,0.0,4.68115323381729
4550,4550,33,zero_hold,1,"[0.0, 0.0, 0.0, 0.0]",-0.3817475736141205,0.19884049892425537,0.0551636703312397,0.5320398211479187,0.68656986951828,0.3029836416244507,4.68115323381729,7.564878475451655
4550,4550,33,zero_hold,2,"[0.0, 0.0, 0.0, 0.0]",0.15485233068466187,0.14757725596427917,0.011049154214560986,0.6409493088722229,0.6757931709289551,0.5517016649246216,7.564878475451655,9.929395324774271
4550,4550,33,zero_hold,3,"[0.0, 0.0, 0.0, 0.0]",0.3444722890853882,0.047708362340927124,-0.07464617490768433,0.6502810120582581,0.7411981225013733,0.2309984713792801,9.929395324774271,11.811882297617146
4550,4550,33,target_ahead,0,"[0.0, 0.0, 0.0, 0.0]",1.1384271383285522,-0.26867246627807617,-0.47732308506965637,0.1492343246936798,1.2721278667449951,0.0,0.0,8.475727967031933
4550,4550,33,target_ahead,1,"[0.009999999776482582, 0.0, 0.0, 0.0]",1.2048901319503784,-0.4122026264667511,-0.49943944811820984,0.08659140765666962,1.3706235885620117,0.17155613005161285,8.475727967031933,12.834906631943847
4550,4550,33,target_ahead,2,"[0.019999999552965164, 0.0, 0.0, 0.0]",1.181747317314148,-0.46746140718460083,-0.4692706763744354,0.07843409478664398,1.3569869995117188,0.06757084280252457,12.834906631943847,16.971456025264484
4550,4550,33,target_ahead,3,"[0.029999999329447746, 0.0, 0.0, 0.0]",1.1412051916122437,-0.4776325225830078,-0.45363351702690125,0.08191584050655365,1.3202180862426758,0.044763363897800446,16.971456025264484,21.103732810470508
4550,4550,33,target_left,0,"[0.0, 0.0, 0.0, 0.0]",-0.7952592372894287,-1.1138722896575928,0.37655431032180786,0.1029868870973587,1.423217535018921,0.0,0.0,8.220209673715338
4550,4550,33,target_left,1,"[0.009999999776482582, 0.0, 0.0, 0.0]",-0.5614513158798218,-1.1343252658843994,0.39465904235839844,0.296008825302124,1.3584176301956177,0.3044170141220093,8.220209673715338,12.85405519215895
4550,4550,33,target_left,2,"[0.019999999552965164, 0.0, 0.0, 0.0]",-0.395127534866333,-1.1993889808654785,0.3962872326374054,0.3646160066127777,1.3728249073028564,0.19132821261882782,12.85405519215895,17.341209971497793
4550,4550,33,target_left,3,"[0.029999999329447746, 0.0, 0.0, 0.0]",-0.3642182946205139,-1.2060563564300537,0.39685484766960144,0.3940395414829254,1.378400444984436,0.04319608211517334,17.341209971497793,21.667786794918506
4550,4550,33,ramp,0,"[-0.5, -0.4333333373069763, -0.36666667461395264, -0.30000001192092896]",-0.43634068965911865,-0.8217825889587402,0.43231916427612305,0.5037631988525391,1.142977237701416,0.0,0.0,9.78937955097633
4550,4550,33,ramp,1,"[-0.47999998927116394, -0.41333332657814026, -0.3466666638851166, -0.2800000011920929]",-0.20465591549873352,-0.8207022547721863,0.47844478487968445,0.8531938195228577,1.2931686639785767,0.42179182171821594,9.78937955097633,14.244186681429262
4550,4550,33,ramp,2,"[-0.46000000834465027, -0.3933333456516266, -0.3266666829586029, -0.2600000202655792]",-0.23239034414291382,-0.8374183177947998,0.47661787271499634,0.8803303837776184,1.325677514076233,0.04228895902633667,14.244186681429262,19.120972258165523
4550,4550,33,ramp,3,"[-0.4399999976158142, -0.3733333349227905, -0.30666667222976685, -0.24000000953674316]",-0.262154757976532,-0.8372207880020142,0.4652680456638336,0.8661808967590332,1.3177281618118286,0.0348566472530365,19.120972258165523,24.020442466860057
4575,4575,33,zero_hold,0,"[0.0, 0.0, 0.0, 0.0]",-0.5071536302566528,-0.0012402930296957493,-0.02242163196206093,0.403484582901001,0.6484665274620056,0.0,0.0,4.749590462797844
4575,4575,33,zero_hold,1,"[0.0, 0.0, 0.0, 0.0]",-0.41401249170303345,0.23119716346263885,0.03812054544687271,0.5579618215560913,0.7332346439361572,0.3003847897052765,4.749590462797844,7.6382105615343425
4575,4575,33,zero_hold,2,"[0.0, 0.0, 0.0, 0.0]",0.08878922462463379,0.16695724427700043,-0.0059243300929665565,0.6686460375785828,0.6948962807655334,0.5206987857818604,7.6382105615343425,10.01412139934329
4575,4575,33,zero_hold,3,"[0.0, 0.0, 0.0, 0.0]",0.27668261528015137,0.053705763071775436,-0.0824447050690651,0.6815145611763,0.7420894503593445,0.23270322382450104,10.01412139934329,11.937052557235985
4575,4575,33,target_ahead,0,"[0.0, 0.0, 0.0, 0.0]",1.1035668849945068,-0.25589311122894287,-0.48871487379074097,0.15300352871418,1.243219017982483,0.0,0.0,8.540870369208188
4575,4575,33,target_ahead,1,"[0.009999999776482582, 0.0, 0.0, 0.0]",1.1727149486541748,-0.4248645305633545,-0.5019844770431519,0.10300318896770477,1.3484688997268677,0.18976013362407684,8.540870369208188,12.882430486025543
4575,4575,33,target_ahead,2,"[0.019999999552965164, 0.0, 0.0, 0.0]",1.1639174222946167,-0.48549649119377136,-0.46458137035369873,0.10106194019317627,1.3477611541748047,0.07180802524089813,12.882430486025543,17.042091375937858
4575,4575,33,target_ahead,3,"[0.029999999329447746, 0.0, 0.0, 0.0]",1.1331827640533447,-0.4936657249927521,-0.4435773491859436,0.10684806108474731,1.317568302154541,0.03854871913790703,17.042091375937858,21.184499766301666
4575,4575,33,target_left,0,"[0.0, 0.0, 0.0, 0.0]",-0.7646731734275818,-1.1019529104232788,0.36841821670532227,0.11986537277698517,1.3961106538772583,0.0,0.0,8.160081471424899
4575,4575,33,target_left,1,"[0.009999999776482582, 0.0, 0.0, 0.0]",-0.5330955386161804,-1.1299214363098145,0.3859719932079315,0.3057941198348999,1.3429064750671387,0.2988111078739166,8.160081471424899,12.765941145801834
4575,4575,33,target_left,2,"[0.019999999552965164, 0.0, 0.0, 0.0]",-0.35481876134872437,-1.1949708461761475,0.385745644569397,0.37661218643188477,1.358119249343872,0.20255686342716217,12.765941145801834,17.22348755765029
4575,4575,33,target_left,3,"[0.029999999329447746, 0.0, 0.0, 0.0]",-0.3227137327194214,-1.2045400142669678,0.38238418102264404,0.40423473715782166,1.3655344247817993,0.043550048023462296,17.22348755765029,21.532208177510345
4575,4575,33,ramp,0,"[-0.5, -0.4333333373069763, -0.36666667461395264, -0.30000001192092896]",-0.4086639881134033,-0.7980050444602966,0.38975951075553894,0.5031269788742065,1.099485158920288,0.0,0.0,9.763895111300217
4575,4575,33,ramp,1,"[-0.47999998927116394, -0.41333332657814026, -0.3466666638851166, -0.2800000011920929]",-0.22560840845108032,-0.788712203502655,0.45243895053863525,0.820052444934845,1.2450515031814575,0.3714379668235779,9.763895111300217,14.231347329682608
4575,4575,33,ramp,2,"[-0.46000000834465027, -0.3933333456516266, -0.3266666829586029, -0.2600000202655792]",-0.25336700677871704,-0.8008618950843811,0.45300590991973877,0.8529723286628723,1.2799807786941528,0.04474589228630066,14.231347329682608,19.121650339181226
4575,4575,33,ramp,3,"[-0.4399999976158142, -0.3733333349227905, -0.30666667222976685, -0.24000000953674316]",-0.28802287578582764,-0.8070484399795532,0.444624125957489,0.847067654132843,1.2843281030654907,0.03666636347770691,19.121650339181226,24.016306041513406
4600,4600,33,zero_hold,0,"[0.0, 0.0, 0.0, 0.0]",-0.4757399559020996,-0.02934315986931324,-0.024385862052440643,0.4125799536705017,0.6308774948120117,0.0,0.0,4.735582634022652
4600,4600,33,zero_hold,1,"[0.0, 0.0, 0.0, 0.0]",-0.38306450843811035,0.2014775425195694,0.03736945614218712,0.5787067413330078,0.7236225605010986,0.30541571974754333,4.735582634022652,7.648886330590006
4600,4600,33,zero_hold,2,"[0.0, 0.0, 0.0, 0.0]",0.10504065454006195,0.1345541626214981,0.0010498091578483582,0.687980055809021,0.7088413238525391,0.5059497952461243,7.648886330590006,10.054550773709776
4600,4600,33,zero_hold,3,"[0.0, 0.0, 0.0, 0.0]",0.28244855999946594,0.024777492508292198,-0.07923022657632828,0.6972469091415405,0.7568499445915222,0.22373028099536896,10.054550773709776,12.02777364026877
4600,4600,33,target_ahead,0,"[0.0, 0.0, 0.0, 0.0]",1.2097703218460083,-0.24419476091861725,-0.5128020644187927,0.16678687930107117,1.3468329906463623,0.0,0.0,8.600045431796806
4600,4600,33,target_ahead,1,"[0.009999999776482582, 0.0, 0.0, 0.0]",1.2847187519073486,-0.39008772373199463,-0.5344963669776917,0.12530571222305298,1.4505374431610107,0.17056773602962494,8.600045431796806,12.926496968785523
4600,4600,33,target_ahead,2,"[0.019999999552965164, 0.0, 0.0, 0.0]",1.275070071220398,-0.4620821177959442,-0.4964500963687897,0.1291911005973816,1.4499919414520264,0.0820908322930336,12.926496968785523,17.0407907050306
4600,4600,33,target_ahead,3,"[0.029999999329447746, 0.0, 0.0, 0.0]",1.260971188545227,-0.4712757170200348,-0.47145360708236694,0.1420840620994568,1.4333895444869995,0.0327773354947567,17.0407907050306,21.147258086878658
4600,4600,33,target_left,0,"[0.0, 0.0, 0.0, 0.0]",-0.7595640420913696,-1.1320945024490356,0.3557915687561035,0.17742133140563965,1.4200849533081055,0.0,0.0,8.167646292335805
4600,4600,33,target_left,1,"[0.009999999776482582, 0.0, 0.0, 0.0]",-0.5140019655227661,-1.1567940711975098,0.36916252970695496,0.3636587858200073,1.367808222770691,0.3094736933708191,8.167646292335805,12.786128167451333
4600,4600,33,target_left,2,"[0.019999999552965164, 0.0, 0.0, 0.0]",-0.35505545139312744,-1.2276623249053955,0.3687650263309479,0.4301570653915405,1.397942066192627,0.18630214035511017,12.786128167451333,17.25075257384657
4600,4600,33,target_left,3,"[0.029999999329447746, 0.0, 0.0, 0.0]",-0.33345264196395874,-1.2378640174865723,0.36703017354011536,0.4546431303024292,1.4088680744171143,0.03425394743680954,17.25075257384657,21.565469273575548
4600,4600,33,ramp,0,"[-0.5, -0.4333333373069763, -0.36666667461395264, -0.30000001192092896]",-0.3703225255012512,-0.8056519031524658,0.38197097182273865,0.5553002953529358,1.1137657165527344,0.0,0.0,9.751042958855098
4600,4600,33,ramp,1,"[-0.47999998927116394, -0.41333332657814026, -0.3466666638851166, -0.2800000011920929]",-0.20831148326396942,-0.8035905361175537,0.4412422478199005,0.8426627516746521,1.2625080347061157,0.3351747393608093,9.751042958855098,14.216189850387892
4600,4600,33,ramp,2,"[-0.46000000834465027, -0.3933333456516266, -0.3266666829586029, -0.2600000202655792]",-0.2324182540178299,-0.8180500268936157,0.4439806044101715,0.8718446493148804,1.2963240146636963,0.04061151295900345,14.216189850387892,19.090448187768764
4600,4600,33,ramp,3,"[-0.4399999976158142, -0.3733333349227905, -0.30666667222976685, -0.24000000953674316]",-0.2636568546295166,-0.8241323232650757,0.4393288791179657,0.8670363426208496,1.301334261894226,0.032520804554224014,19.090448187768764,23.968813446485427
4625,4625,33,zero_hold,0,"[0.0, 0.0, 0.0, 0.0]",-0.48378872871398926,-0.05290820822119713,-0.024482013657689095,0.40253815054893494,0.6320499777793884,0.0,0.0,4.796405762681825
4625,4625,33,zero_hold,1,"[0.0, 0.0, 0.0, 0.0]",-0.37413376569747925,0.17040058970451355,0.036001451313495636,0.5861570239067078,0.7168602347373962,0.3150637745857239,4.796405762681825,7.742845239965748
4625,4625,33,zero_hold,2,"[0.0, 0.0, 0.0, 0.0]",0.13607631623744965,0.10340815782546997,-0.0074136024340987206,0.7088587880134583,0.7292090058326721,0.530794620513916,7.742845239965748,10.172751822483926
4625,4625,33,zero_hold,3,"[0.0, 0.0, 0.0, 0.0]",0.2920328676700592,-0.002187062054872513,-0.0874243825674057,0.7264558672904968,0.7878255844116211,0.2053878754377365,10.172751822483926,12.169080224912445
4625,4625,33,target_ahead,0,"[0.0, 0.0, 0.0, 0.0]",1.2487921714782715,-0.2568855881690979,-0.5015161633491516,0.18699845671653748,1.382736086845398,0.0,0.0,8.540781552554275
4625,4625,33,target_ahead,1,"[0.009999999776482582, 0.0, 0.0, 0.0]",1.309336543083191,-0.4089798629283905,-0.5201982259750366,0.15081271529197693,1.4747804403305054,0.16869118809700012,8.540781552554275,12.863404177242922
4625,4625,33,target_ahead,2,"[0.019999999552965164, 0.0, 0.0, 0.0]",1.3021191358566284,-0.4748121500015259,-0.48765870928764343,0.14887285232543945,1.4767988920211792,0.07381439208984375,12.863404177242922,16.992899729028284
4625,4625,33,target_ahead,3,"[0.029999999329447746, 0.0, 0.0, 0.0]",1.2812252044677734,-0.47843676805496216,-0.46966150403022766,0.15415480732917786,1.4542301893234253,0.02831064723432064,16.992899729028284,21.127282847355954
4625,4625,33,target_left,0,"[0.0, 0.0, 0.0, 0.0]",-0.784998893737793,-1.1544407606124878,0.34362998604774475,0.19099777936935425,1.4503511190414429,0.0,0.0,8.215402439426061
4625,4625,33,target_left,1,"[0.009999999776482582, 0.0, 0.0, 0.0]",-0.5332366824150085,-1.1840877532958984,0.35211291909217834,0.37890931963920593,1.3978415727615356,0.3156673312187195,8.215402439426061,12.865775375175739
4625,4625,33,target_left,2,"[0.019999999552965164, 0.0, 0.0, 0.0]",-0.3771587312221527,-1.2562376260757446,0.3509259521961212,0.4453015625476837,1.4289240837097168,0.18432381749153137,12.865775375175739,17.37214041804575
4625,4625,33,target_left,3,"[0.029999999329447746, 0.0, 0.0, 0.0]",-0.358242005109787,-1.2666711807250977,0.34973233938217163,0.4702286422252655,1.440909743309021,0.03300735726952553,17.37214041804575,21.736432152710556
4625,4625,33,ramp,0,"[-0.5, -0.4333333373069763, -0.36666667461395264, -0.30000001192092896]",-0.3741743862628937,-0.8221794962882996,0.3780387341976166,0.5632851123809814,1.1296852827072144,0.0,0.0,9.750007567390758
4625,4625,33,ramp,1,"[-0.47999998927116394, -0.41333332657814026, -0.3466666638851166, -0.2800000011920929]",-0.20383448898792267,-0.8185549974441528,0.43491438031196594,0.8415924906730652,1.2684673070907593,0.3312380611896515,9.750007567390758,14.26278747685412
4625,4625,33,ramp,2,"[-0.46000000834465027, -0.3933333456516266, -0.3266666829586029, -0.2600000202655792]",-0.22748784720897675,-0.841359555721283,0.43753764033317566,0.870965301990509,1.3075382709503174,0.04414943605661392,14.26278747685412,19.21251267597661
4625,4625,33,ramp,3,"[-0.4399999976158142, -0.3733333349227905, -0.30666667222976685, -0.24000000953674316]",-0.25602495670318604,-0.8520559668540955,0.4350908398628235,0.8676871061325073,1.3167129755020142,0.03074919991195202,19.21251267597661,24.162842399223003
4650,4650,33,zero_hold,0,"[0.0, 0.0, 0.0, 0.0]",-0.4860551357269287,-0.04811279475688934,-0.018803797662258148,0.40404340624809265,0.6341680288314819,0.0,0.0,4.805983271711013
4650,4650,33,zero_hold,1,"[0.0, 0.0, 0.0, 0.0]",-0.38431793451309204,0.16444212198257446,0.038442663848400116,0.583304226398468,0.7186537384986877,0.30156534910202026,4.805983271711013,7.75290230312786
4650,4650,33,zero_hold,2,"[0.0, 0.0, 0.0, 0.0]",0.13160568475723267,0.08862005919218063,-0.004270491190254688,0.695727527141571,0.7136025428771973,0.5351538062095642,7.75290230312786,10.157276107797236
4650,4650,33,zero_hold,3,"[0.0, 0.0, 0.0, 0.0]",0.2727263569831848,-0.01949765533208847,-0.08332674205303192,0.7047876715660095,0.7605450749397278,0.1947728395462036,10.157276107797236,12.11318098536517
4650,4650,33,target_ahead,0,"[0.0, 0.0, 0.0, 0.0]",1.271079659461975,-0.2470615953207016,-0.483955442905426,0.1634320169687271,1.3919790983200073,0.0,0.0,8.565340223667505
4650,4650,33,target_ahead,1,"[0.009999999776482582, 0.0, 0.0, 0.0]",1.3138761520385742,-0.4203459620475769,-0.5029064416885376,0.11300723254680634,1.472632646560669,0.1864425092935562,8.565340223667505,12.899798574064691
4650,4650,33,target_ahead,2,"[0.019999999552965164, 0.0, 0.0, 0.0]",1.2847574949264526,-0.4947071969509125,-0.4776320159435272,0.10428734123706818,1.460939884185791,0.0842159315943718,12.899798574064691,17.04272614037358
4650,4650,33,target_ahead,3,"[0.029999999329447746, 0.0, 0.0, 0.0]",1.2463951110839844,-0.5068066716194153,-0.467642217874527,0.10497002303600311,1.428307294845581,0.041452765464782715,17.04272614037358,21.19153606855713
4650,4650,33,target_left,0,"[0.0, 0.0, 0.0, 0.0]",-0.7953717708587646,-1.1718422174453735,0.34558799862861633,0.19763994216918945,1.4711638689041138,0.0,0.0,8.235892583103254
4650,4650,33,target_left,1,"[0.009999999776482582, 0.0, 0.0, 0.0]",-0.5770034193992615,-1.2021664381027222,0.35533684492111206,0.3738422989845276,1.4297410249710083,0.2823944091796875,8.235892583103254,12.878321002927871
4650,4650,33,target_left,2,"[0.019999999552965164, 0.0, 0.0, 0.0]",-0.42166149616241455,-1.2755194902420044,0.355290025472641,0.4365037977695465,1.4565421342849731,0.18286128342151642,12.878321002927871,17.36356242517679
4650,4650,33,target_left,3,"[0.029999999329447746, 0.0, 0.0, 0.0]",-0.4032776951789856,-1.2863526344299316,0.3547775149345398,0.4592624306678772,1.46769380569458,0.031201589852571487,17.36356242517679,21.70257733421063
4650,4650,33,ramp,0,"[-0.5, -0.4333333373069763, -0.36666667461395264, -0.30000001192092896]",-0.38645386695861816,-0.7920910120010376,0.37155240774154663,0.5723811984062195,1.1146416664123535,0.0,0.0,9.79425871822382
4650,4650,33,ramp,1,"[-0.47999998927116394, -0.41333332657814026, -0.3466666638851166, -0.2800000011920929]",-0.28144732117652893,-0.7775901556015015,0.43871793150901794,0.8384009003639221,1.2566815614700317,0.29413318634033203,9.79425871822382,14.377157791837378
4650,4650,33,ramp,2,"[-0.46000000834465027, -0.3933333456516266, -0.3266666829586029, -0.2600000202655792]",-0.3002277910709381,-0.8111016750335693,0.43383195996284485,0.8701781630516052,1.3013235330581665,0.050093863159418106,14.377157791837378,19.33007583740356
4650,4650,33,ramp,3,"[-0.4399999976158142, -0.3733333349227905, -0.30666667222976685, -0.24000000953674316]",-0.32895559072494507,-0.8309452533721924,0.42925524711608887,0.867988646030426,1.3177049160003662,0.03528164327144623,19.33007583740356,24.272715498960252
4675,4675,33,zero_hold,0,"[0.0, 0.0, 0.0, 0.0]",-0.45675432682037354,-0.05808011442422867,-0.014786433428525925,0.4252239763736725,0.6269225478172302,0.0,0.0,4.825684160403684
4675,4675,33,zero_hold,1,"[0.0, 0.0, 0.0, 0.0]",-0.3888964056968689,0.15606552362442017,0.044993575662374496,0.6013368368148804,0.7343209981918335,0.29163751006126404,4.825684160403684,7.780179761013051
4675,4675,33,zero_hold,2,"[0.0, 0.0, 0.0, 0.0]",0.11097545921802521,0.08352011442184448,0.004815857857465744,0.7073250412940979,0.7208488583564758,0.517670214176178,7.780179761013051,10.190339266086832
4675,4675,33,zero_hold,3,"[0.0, 0.0, 0.0, 0.0]",0.2502018213272095,-0.028580548241734505,-0.07627653330564499,0.7164604067802429,0.7632505893707275,0.1964941918849945,10.190339266086832,12.152776604580604
4675,4675,33,target_ahead,0,"[0.0, 0.0, 0.0, 0.0]",1.2735915184020996,-0.2582933008670807,-0.46728843450546265,0.17130130529403687,1.3915650844573975,0.0,0.0,8.629524200455242
4675,4675,33,target_ahead,1,"[0.009999999776482582, 0.0, 0.0, 0.0]",1.3039069175720215,-0.4331410527229309,-0.4885789155960083,0.12730464339256287,1.4637964963912964,0.18406452238559723,8.629524200455242,12.948924727383686
4675,4675,33,target_ahead,2,"[0.019999999552965164, 0.0, 0.0, 0.0]",1.2722558975219727,-0.503491997718811,-0.4687352478504181,0.11895101517438889,1.451206922531128,0.08009117841720581,12.948924727383686,17.129006411602486
4675,4675,33,target_ahead,3,"[0.029999999329447746, 0.0, 0.0, 0.0]",1.2250452041625977,-0.5138223767280579,-0.46376025676727295,0.11313965171575546,1.4116030931472778,0.048929426819086075,17.129006411602486,21.337213960975003
4675,4675,33,target_left,0,"[0.0, 0.0, 0.0, 0.0]",-0.8147129416465759,-1.1768245697021484,0.35008764266967773,0.21285799145698547,1.4888060092926025,0.0,0.0,8.255647781635538
4675,4675,33,target_left,1,"[0.009999999776482582, 0.0, 0.0, 0.0]",-0.6155338287353516,-1.1988060474395752,0.3532021641731262,0.3741470277309418,1.4424824714660645,0.257253497838974,8.255647781635538,12.900426897935537
4675,4675,33,target_left,2,"[0.019999999552965164, 0.0, 0.0, 0.0]",-0.455866277217865,-1.2708286046981812,0.3567890226840973,0.43385425209999084,1.4623088836669922,0.1850913166999817,12.900426897935537,17.39330778486838
4675,4675,33,target_left,3,"[0.029999999329447746, 0.0, 0.0, 0.0]",-0.4309384822845459,-1.2824572324752808,0.3587730824947357,0.4541829526424408,1.4715313911437988,0.03426094725728035,17.39330778486838,21.732865874236424
4675,4675,33,ramp,0,"[-0.5, -0.4333333373069763, -0.36666667461395264, -0.30000001192092896]",-0.3409927487373352,-0.8328372240066528,0.3881704807281494,0.6092431545257568,1.1540136337280273,0.0,0.0,9.836119428062727
4675,4675,33,ramp,1,"[-0.47999998927116394, -0.41333332657814026, -0.3466666638851166, -0.2800000011920929]",-0.25244420766830444,-0.8326160907745361,0.47052574157714844,0.8542450070381165,1.306945562362671,0.273220032453537,9.836119428062727,14.426004175314501
4675,4675,33,ramp,2,"[-0.46000000834465027, -0.3933333456516266, -0.3266666829586029, -0.2600000202655792]",-0.2741777002811432,-0.8693745136260986,0.4701290726661682,0.8857852220535278,1.3552203178405762,0.05308925360441208,14.426004175314501,19.40169452793729
4675,4675,33,ramp,3,"[-0.4399999976158142, -0.3733333349227905, -0.30666667222976685, -0.24000000953674316]",-0.3017340898513794,-0.8865257501602173,0.46594852209091187,0.8823134303092957,1.3684138059616089,0.03290972486138344,19.40169452793729,24.367138784784263
4700,4700,33,zero_hold,0,"[0.0, 0.0, 0.0, 0.0]",-0.4480925500392914,-0.06486424803733826,-0.019615191966295242,0.4119549095630646,0.6124426126480103,0.0,0.0,4.788077722715907
4700,4700,33,zero_hold,1,"[0.0, 0.0, 0.0, 0.0]",-0.3929983377456665,0.15406230092048645,0.04789920523762703,0.5771322250366211,0.7166301608085632,0.2877602279186249,4.788077722715907,7.71113947589333
4700,4700,33,zero_hold,2,"[0.0, 0.0, 0.0, 0.0]",0.13764721155166626,0.09370096027851105,0.006320181768387556,0.6739073991775513,0.6942029595375061,0.5443550944328308,7.71113947589333,10.087693997765145
4700,4700,33,zero_hold,3,"[0.0, 0.0, 0.0, 0.0]",0.26909908652305603,-0.014927702955901623,-0.08319304883480072,0.675017237663269,0.7315781116485596,0.19259707629680634,10.087693997765145,11.987874179908806
4700,4700,33,target_ahead,0,"[0.0, 0.0, 0.0, 0.0]",1.1588455438613892,-0.2557736933231354,-0.5053649544715881,0.1200709417462349,1.2954357862472534,0.0,0.0,8.60268514438281
4700,4700,33,target_ahead,1,"[0.009999999776482582, 0.0, 0.0, 0.0]",1.1168603897094727,-0.4537109136581421,-0.5391907691955566,0.05602749437093735,1.3217778205871582,0.21491310000419617,8.60268514438281,12.99646530675708
4700,4700,33,target_ahead,2,"[0.019999999552965164, 0.0, 0.0, 0.0]",1.0609855651855469,-0.5363492965698242,-0.5234122276306152,0.04755806922912598,1.2998396158218384,0.1013498529791832,12.99646530675708,17.288421624295257
4700,4700,33,target_ahead,3,"[0.029999999329447746, 0.0, 0.0, 0.0]",1.0358718633651733,-0.5608550310134888,-0.5185629725456238,0.05372271686792374,1.2881702184677124,0.0359547920525074,17.288421624295257,21.55369588750371
4700,4700,33,target_left,0,"[0.0, 0.0, 0.0, 0.0]",-0.7955161929130554,-1.1883572340011597,0.358412504196167,0.1950370967388153,1.487123966217041,0.0,0.0,8.260535746933279
4700,4700,33,target_left,1,"[0.009999999776482582, 0.0, 0.0, 0.0]",-0.5983383655548096,-1.2158946990966797,0.36273694038391113,0.3557577133178711,1.4472562074661255,0.2559047341346741,8.260535746933279,12.9412414942776
4700,4700,33,target_left,2,"[0.019999999552965164, 0.0, 0.0, 0.0]",-0.43894872069358826,-1.2854506969451904,0.36203011870384216,0.41721293330192566,1.466353178024292,0.1844460368156433,12.9412414942776,17.484956370605424
4700,4700,33,target_left,3,"[0.029999999329447746, 0.0, 0.0, 0.0]",-0.41078659892082214,-1.2964006662368774,0.36252066493034363,0.4379555284976959,1.4739831686019897,0.036653824150562286,17.484956370605424,21.8754505312234
4700,4700,33,ramp,0,"[-0.5, -0.4333333373069763, -0.36666667461395264, -0.30000001192092896]",-0.3157615065574646,-0.869303286075592,0.3850632607936859,0.5904322862625122,1.162874698638916,0.0,0.0,9.836947112667504
4700,4700,33,ramp,1,"[-0.47999998927116394, -0.41333332657814026, -0.3466666638851166, -0.2800000011920929]",-0.22203463315963745,-0.8680334091186523,0.4597112238407135,0.8353609442710876,1.3084126710891724,0.27266961336135864,9.836947112667504,14.430317847258486
4700,4700,33,ramp,2,"[-0.46000000834465027, -0.3933333456516266, -0.3266666829586029, -0.2600000202655792]",-0.24301356077194214,-0.8959088325500488,0.4656406342983246,0.8680291771888733,1.3535155057907104,0.04816145822405815,14.430317847258486,19.394979989078546
4700,4700,33,ramp,3,"[-0.4399999976158142, -0.3733333349227905, -0.30666667222976685, -0.24000000953674316]",-0.26814547181129456,-0.9054234027862549,0.4644930362701416,0.8653285503387451,1.3624392747879028,0.02703239582479,19.394979989078546,24.32580215321641
4725,4725,33,zero_hold,0,"[0.0, 0.0, 0.0, 0.0]",-0.485063761472702,-0.06357193738222122,-0.028246229514479637,0.4231335520744324,0.6474319100379944,0.0,0.0,4.837197975868651
4725,4725,33,zero_hold,1,"[0.0, 0.0, 0.0, 0.0]",-0.4078284204006195,0.15300680696964264,0.037205010652542114,0.5839551091194153,0.7294675707817078,0.28813034296035767,4.837197975868651,7.7707816830612275
4725,4725,33,zero_hold,2,"[0.0, 0.0, 0.0, 0.0]",0.1411433219909668,0.0914243832230568,-0.005468280520290136,0.6751212477684021,0.6957718729972839,0.5615110397338867,7.7707816830612275,10.157057890088838
4725,4725,33,zero_hold,3,"[0.0, 0.0, 0.0, 0.0]",0.2746298611164093,-0.020257839933037758,-0.09739436954259872,0.6731566786766052,0.7337966561317444,0.19683963060379028,10.157057890088838,12.073448079634579
4725,4725,33,target_ahead,0,"[0.0, 0.0, 0.0, 0.0]",1.132964015007019,-0.26050490140914917,-0.5217225551605225,0.10320623219013214,1.2784037590026855,0.0,0.0,8.607430791164763
4725,4725,33,target_ahead,1,"[0.009999999776482582, 0.0, 0.0, 0.0]",1.0990378856658936,-0.45809927582740784,-0.5547547340393066,0.03768210858106613,1.3141202926635742,0.2134925276041031,8.607430791164763,12.943500326544916
4725,4725,33,target_ahead,2,"[0.019999999552965164, 0.0, 0.0, 0.0]",1.0388026237487793,-0.5498178601264954,-0.5348321199417114,0.02265738695859909,1.2914988994598389,0.11253105849027634,12.943500326544916,17.19231133041487
4725,4725,33,target_ahead,3,"[0.029999999329447746, 0.0, 0.0, 0.0]",1.0079941749572754,-0.5778478980064392,-0.5267592072486877,0.029321976006031036,1.276046872138977,0.04294685274362564,17.19231133041487,21.429561990892495
4725,4725,33,target_left,0,"[0.0, 0.0, 0.0, 0.0]",-0.841036319732666,-1.1884737014770508,0.3441132605075836,0.1857690066099167,1.5075595378875732,0.0,0.0,8.280110180328819
4725,4725,33,target_left,1,"[0.009999999776482582, 0.0, 0.0, 0.0]",-0.6575924158096313,-1.2017353773117065,0.3608407974243164,0.3368016481399536,1.4561034440994263,0.23857536911964417,8.280110180328819,12.992259014899853
4725,4725,33,target_left,2,"[0.019999999552965164, 0.0, 0.0, 0.0]",-0.49997255206108093,-1.2688915729522705,0.36347320675849915,0.3988840579986572,1.466724157333374,0.18225018680095673,12.992259014899853,17.52966948366109
4725,4725,33,target_left,3,"[0.029999999329447746, 0.0, 0.0, 0.0]",-0.4705313742160797,-1.2785398960113525,0.3653978407382965,0.4206520915031433,1.4719129800796509,0.037913382053375244,17.52966948366109,21.891293313174316
4725,4725,33,ramp,0,"[-0.5, -0.4333333373069763, -0.36666667461395264, -0.30000001192092896]",-0.328451544046402,-0.8440444469451904,0.3963272273540497,0.5907965898513794,1.1516976356506348,0.0,0.0,9.841310562731325
4725,4725,33,ramp,1,"[-0.47999998927116394, -0.41333332657814026, -0.3466666638851166, -0.2800000011920929]",-0.23991015553474426,-0.8490515947341919,0.4760390818119049,0.8446545600891113,1.3109157085418701,0.2804683446884155,9.841310562731325,14.436199400761744
4725,4725,33,ramp,2,"[-0.46000000834465027, -0.3933333456516266, -0.3266666829586029, -0.2600000202655792]",-0.2642163634300232,-0.8854730129241943,0.48013201355934143,0.879560112953186,1.3630940914154053,0.056146781891584396,14.436199400761744,19.41192037114125
4725,4725,33,ramp,3,"[-0.4399999976158142, -0.3733333349227905, -0.30666667222976685, -0.24000000953674316]",-0.2863353192806244,-0.9000535011291504,0.47853055596351624,0.878311276435852,1.3756839036941528,0.026569966226816177,19.41192037114125,24.3720673051803
4750,4750,33,zero_hold,0,"[0.0, 0.0, 0.0, 0.0]",-0.47922468185424805,-0.04964331537485123,-0.0018538698786869645,0.4200095534324646,0.6391652226448059,0.0,0.0,4.821361969206744
4750,4750,33,zero_hold,1,"[0.0, 0.0, 0.0, 0.0]",-0.3982328772544861,0.14980706572532654,0.07213030755519867,0.5856457352638245,0.7274718284606934,0.28151223063468933,4.821361969206744,7.728182904838126
4750,4750,33,zero_hold,2,"[0.0, 0.0, 0.0, 0.0]",0.15987220406532288,0.07644720375537872,0.027952013537287712,0.6776201128959656,0.7009662389755249,0.5720786452293396,7.728182904838126,10.077029722764927
4750,4750,33,zero_hold,3,"[0.0, 0.0, 0.0, 0.0]",0.3030641973018646,-0.034303147345781326,-0.07438485324382782,0.672099232673645,0.7418053150177002,0.2080214023590088,10.077029722764927,11.941642589239063
4750,4750,33,target_ahead,0,"[0.0, 0.0, 0.0, 0.0]",1.1262314319610596,-0.24279725551605225,-0.5359354615211487,0.11115437746047974,1.275511622428894,0.0,0.0,8.538144976184874
4750,4750,33,target_ahead,1,"[0.009999999776482582, 0.0, 0.0, 0.0]",1.0702438354492188,-0.44032227993011475,-0.586732804775238,0.03720764070749283,1.2980544567108154,0.22405186295509338,8.538144976184874,12.78568613775309
4750,4750,33,target_ahead,2,"[0.019999999552965164, 0.0, 0.0, 0.0]",1.0238234996795654,-0.5257024765014648,-0.5698986053466797,0.03623765707015991,1.2847861051559448,0.0986354723572731,12.78568613775309,16.97328742629742
4750,4750,33,target_ahead,3,"[0.029999999329447746, 0.0, 0.0, 0.0]",1.0012751817703247,-0.5577905774116516,-0.5612668395042419,0.05187206715345383,1.277260184288025,0.04309309646487236,16.97328742629742,21.1511657918376
4750,4750,33,target_left,0,"[0.0, 0.0, 0.0, 0.0]",-0.8115957975387573,-1.1699990034103394,0.3520843982696533,0.19976884126663208,1.4803568124771118,0.0,0.0,8.211236384095123
4750,4750,33,target_left,1,"[0.009999999776482582, 0.0, 0.0, 0.0]",-0.6514973640441895,-1.2014178037643433,0.3690530061721802,0.3446453809738159,1.456994891166687,0.21885107457637787,8.211236384095123,12.901174871891786
4750,4750,33,target_left,2,"[0.019999999552965164, 0.0, 0.0, 0.0]",-0.48933541774749756,-1.2667171955108643,0.3658926486968994,0.41053539514541626,1.4650728702545166,0.1868475079536438,12.901174871891786,17.410608564149996
4750,4750,33,target_left,3,"[0.029999999329447746, 0.0, 0.0, 0.0]",-0.4504607319831848,-1.2744029760360718,0.36433491110801697,0.4337235689163208,1.4655627012252808,0.04593941941857338,17.410608564149996,21.756840550766935
4750,4750,33,ramp,0,"[-0.5, -0.4333333373069763, -0.36666667461395264, -0.30000001192092896]",-0.2787116765975952,-0.8109439611434937,0.42374902963638306,0.6120777130126953,1.13556706905365,0.0,0.0,9.80741408149651
4750,4750,33,ramp,1,"[-0.47999998927116394, -0.41333332657814026, -0.3466666638851166, -0.2800000011920929]",-0.20070788264274597,-0.8358994722366333,0.4990135729312897,0.8732497096061707,1.3230990171432495,0.2838713228702545,9.80741408149651,14.362937150579688
4750,4750,33,ramp,2,"[-0.46000000834465027, -0.3933333456516266, -0.3266666829586029, -0.2600000202655792]",-0.22583210468292236,-0.8775586485862732,0.4972307085990906,0.9111156463623047,1.3778531551361084,0.061674315482378006,14.362937150579688,19.26883814451707
4750,4750,33,ramp,3,"[-0.4399999976158142, -0.3733333349227905, -0.30666667222976685, -0.24000000953674316]",-0.24512258172035217,-0.8940064907073975,0.49042776226997375,0.9103918671607971,1.3887640237808228,0.026257531717419624,19.26883814451707,24.185541667413926
4775,4775,33,zero_hold,0,"[0.0, 0.0, 0.0, 0.0]",-0.47683602571487427,-0.03377615660429001,-0.005053866654634476,0.4025314450263977,0.6249564290046692,0.0,0.0,4.776596996220155
4775,4775,33,zero_hold,1,"[0.0, 0.0, 0.0, 0.0]",-0.4336787462234497,0.17482632398605347,0.061773881316185,0.561900794506073,0.7336143255233765,0.2743028998374939,4.776596996220155,7.663344145403815
4775,4775,33,zero_hold,2,"[0.0, 0.0, 0.0, 0.0]",0.1223495602607727,0.10593479126691818,0.004269788041710854,0.6524036526679993,0.6721907258033752,0.5704480409622192,7.663344145403815,9.982433246425561
4775,4775,33,zero_hold,3,"[0.0, 0.0, 0.0, 0.0]",0.2912404537200928,-0.005217710509896278,-0.11869510263204575,0.6442587971687317,0.7169421911239624,0.2367819994688034,9.982433246425561,11.813295980304233
4775,4775,33,target_ahead,0,"[0.0, 0.0, 0.0, 0.0]",1.1541413068771362,-0.21506676077842712,-0.569719135761261,0.06124653294682503,1.3063793182373047,0.0,0.0,8.473597927673314
4775,4775,33,target_ahead,1,"[0.009999999776482582, 0.0, 0.0, 0.0]",1.0467286109924316,-0.4183787405490875,-0.6415043473243713,-0.012108135968446732,1.2970566749572754,0.2518080174922943,8.473597927673314,12.671640485853446
4775,4775,33,target_ahead,2,"[0.019999999552965164, 0.0, 0.0, 0.0]",0.9874446988105774,-0.5158892273902893,-0.629393994808197,-0.0037617459893226624,1.2795857191085815,0.11506172269582748,12.671640485853446,16.84052504820301
4775,4775,33,target_ahead,3,"[0.029999999329447746, 0.0, 0.0, 0.0]",0.9618589878082275,-0.560007631778717,-0.6176785826683044,0.021869618445634842,1.2731010913848877,0.05826903134584427,16.84052504820301,20.98326922681056
4775,4775,33,target_left,0,"[0.0, 0.0, 0.0, 0.0]",-0.803586483001709,-1.1761479377746582,0.33967193961143494,0.18794716894626617,1.4764065742492676,0.0,0.0,8.16968464576784
4775,4775,33,target_left,1,"[0.009999999776482582, 0.0, 0.0, 0.0]",-0.6483712196350098,-1.211093544960022,0.3520258963108063,0.3409629464149475,1.458530306816101,0.22108690440654755,8.16968464576784,12.899042605512317
4775,4775,33,target_left,2,"[0.019999999552965164, 0.0, 0.0, 0.0]",-0.489018052816391,-1.277025818824768,0.34978312253952026,0.4115297794342041,1.470251202583313,0.18634699285030365,12.899042605512317,17.441063864144706
4775,4775,33,target_left,3,"[0.029999999329447746, 0.0, 0.0, 0.0]",-0.45832306146621704,-1.283253788948059,0.34845730662345886,0.4371004104614258,1.4728474617004395,0.04045473039150238,17.441063864144706,21.804258689031236
4775,4775,33,ramp,0,"[-0.5, -0.4333333373069763, -0.36666667461395264, -0.30000001192092896]",-0.24304115772247314,-0.8091123700141907,0.41990652680397034,0.6196877956390381,1.128745436668396,0.0,0.0,9.724360916562425
4775,4775,33,ramp,1,"[-0.47999998927116394, -0.41333332657814026, -0.3466666638851166, -0.2800000011920929]",-0.2189333736896515,-0.8296947479248047,0.46687376499176025,0.8841423392295837,1.3175750970840454,0.2704569101333618,9.724360916562425,14.332431108863588
4775,4775,33,ramp,2,"[-0.46000000834465027, -0.3933333456516266, -0.3266666829586029, -0.2600000202655792]",-0.25118765234947205,-0.8645110726356506,0.4605351984500885,0.9211663603782654,1.3678869009017944,0.060526613146066666,14.332431108863588,19.278433614412833
4775,4775,33,ramp,3,"[-0.4399999976158142, -0.3733333349227905, -0.30666667222976685, -0.24000000953674316]",-0.2737993001937866,-0.8881202936172485,0.4538269639015198,0.9183988571166992,1.3831627368927002,0.03348643705248833,19.278433614412833,24.227532927072975
4800,4800,33,zero_hold,0,"[0.0, 0.0, 0.0, 0.0]",-0.4593810737133026,-0.03830549865961075,-0.0007977106724865735,0.400174081325531,0.6104410290718079,0.0,0.0,4.75415430355801
4800,4800,33,zero_hold,1,"[0.0, 0.0, 0.0, 0.0]",-0.4071728587150574,0.17366698384284973,0.05307622626423836,0.5653790235519409,0.7200142741203308,0.279021680355072,4.75415430355801,7.68113732049959
4800,4800,33,zero_hold,2,"[0.0, 0.0, 0.0, 0.0]",0.15110579133033752,0.10607755184173584,-0.011219370178878307,0.653479814529419,0.6791517734527588,0.5728342533111572,7.68113732049959,10.0270061205746
4800,4800,33,zero_hold,3,"[0.0, 0.0, 0.0, 0.0]",0.3171573877334595,-0.00698575284332037,-0.13750949501991272,0.6366820335388184,0.7245070338249207,0.23788191378116608,10.0270061205746,11.865422419916973
4800,4800,33,target_ahead,0,"[0.0, 0.0, 0.0, 0.0]",1.153252124786377,-0.19951637089252472,-0.5850799679756165,0.07310254871845245,1.3105188608169556,0.0,0.0,8.530343760432576
4800,4800,33,target_ahead,1,"[0.009999999776482582, 0.0, 0.0, 0.0]",1.071324110031128,-0.387201189994812,-0.6554388999938965,-0.00728757306933403,1.3142729997634888,0.23097780346870422,8.530343760432576,12.733907611382635
4800,4800,33,target_ahead,2,"[0.019999999552965164, 0.0, 0.0, 0.0]",1.0125641822814941,-0.4903842806816101,-0.6360917687416077,-0.009685691446065903,1.292466402053833,0.12033096700906754,12.733907611382635,16.897131369495547
4800,4800,33,target_ahead,3,"[0.029999999329447746, 0.0, 0.0, 0.0]",0.9854143857955933,-0.5372132658958435,-0.614551842212677,0.011892080307006836,1.2796307802200317,0.062125954777002335,16.897131369495547,21.039096208943192
4800,4800,33,target_left,0,"[0.0, 0.0, 0.0, 0.0]",-0.7945271134376526,-1.1817593574523926,0.3587285578250885,0.18573486804962158,1.480206847190857,0.0,0.0,8.171864401256467
4800,4800,33,target_left,1,"[0.009999999776482582, 0.0, 0.0, 0.0]",-0.6388543248176575,-1.209077000617981,0.3791871666908264,0.34638550877571106,1.4607422351837158,0.22629064321517944,8.171864401256467,12.891758362689387
4800,4800,33,target_left,2,"[0.019999999552965164, 0.0, 0.0, 0.0]",-0.46704939007759094,-1.2742934226989746,0.3804548382759094,0.4208429157733917,1.4709906578063965,0.1982816904783249,12.891758362689387,17.42009413600872
4800,4800,33,target_left,3,"[0.029999999329447746, 0.0, 0.0, 0.0]",-0.43534260988235474,-1.2801463603973389,0.37790632247924805,0.44931337237358093,1.4741077423095703,0.04308873042464256,17.42009413600872,21.77444848815646
4800,4800,33,ramp,0,"[-0.5, -0.4333333373069763, -0.36666667461395264, -0.30000001192092896]",-0.27340736985206604,-0.8340342044830322,0.44159841537475586,0.6028149127960205,1.1527183055877686,0.0,0.0,9.747928199679908
4800,4800,33,ramp,1,"[-0.47999998927116394, -0.41333332657814026, -0.3466666638851166, -0.2800000011920929]",-0.26758238673210144,-0.858421266078949,0.5028791427612305,0.8800095319747925,1.3549139499664307,0.28499269485473633,9.747928199679908,14.366430038633327
4800,4800,33,ramp,2,"[-0.46000000834465027, -0.3933333456516266, -0.3266666829586029, -0.2600000202655792]",-0.29738014936447144,-0.8977137207984924,0.49557724595069885,0.9128139019012451,1.4046889543533325,0.059676192700862885,14.366430038633327,19.290698384951952
4800,4800,33,ramp,3,"[-0.4399999976158142, -0.3733333349227905, -0.30666667222976685, -0.24000000953674316]",-0.31025442481040955,-0.9154035449028015,0.4862033724784851,0.9116998910903931,1.4148539304733276,0.02382829040288925,19.290698384951952,24.219912962466253
4825,4825,33,zero_hold,0,"[0.0, 0.0, 0.0, 0.0]",-0.44782161712646484,-0.03551375865936279,-0.02802635170519352,0.4242624342441559,0.6185382008552551,0.0,0.0,4.668065840898099
4825,4825,33,zero_hold,1,"[0.0, 0.0, 0.0, 0.0]",-0.41806328296661377,0.16256511211395264,0.019315987825393677,0.5870270729064941,0.7390387058258057,0.2624012529850006,4.668065840898099,7.541646030293857
4825,4825,33,zero_hold,2,"[0.0, 0.0, 0.0, 0.0]",0.15701864659786224,0.10055654495954514,-0.04805327206850052,0.6772922873497009,0.704131007194519,0.58927983045578,7.541646030293857,9.872771892335077
4825,4825,33,zero_hold,3,"[0.0, 0.0, 0.0, 0.0]",0.3176443874835968,-0.00902663916349411,-0.16828925907611847,0.6576771140098572,0.7495598196983337,0.2294570803642273,9.872771892335077,11.703226056424006
4825,4825,33,target_ahead,0,"[0.0, 0.0, 0.0, 0.0]",1.1253447532653809,-0.19116637110710144,-0.5878539681434631,0.0625130906701088,1.2854670286178589,0.0,0.0,8.541845446303556
4825,4825,33,target_ahead,1,"[0.009999999776482582, 0.0, 0.0, 0.0]",1.0429790019989014,-0.367116779088974,-0.6729757189750671,-0.025549843907356262,1.2946540117263794,0.22965943813323975,8.541845446303556,12.766627232854024
4825,4825,33,target_ahead,2,"[0.019999999552965164, 0.0, 0.0, 0.0]",0.9999434351921082,-0.4624268114566803,-0.6574308276176453,-0.02061130851507187,1.2831077575683594,0.10583995282649994,12.766627232854024,16.942420108078984
4825,4825,33,target_ahead,3,"[0.029999999329447746, 0.0, 0.0, 0.0]",0.9858017563819885,-0.5101372599601746,-0.6353028416633606,0.0060867443680763245,1.2789417505264282,0.06065235286951065,16.942420108078984,21.092516634579496
4825,4825,33,target_left,0,"[0.0, 0.0, 0.0, 0.0]",-0.7612707018852234,-1.1843663454055786,0.34236690402030945,0.22576862573623657,1.4664390087127686,0.0,0.0,8.17788573873518
4825,4825,33,target_left,1,"[0.009999999776482582, 0.0, 0.0, 0.0]",-0.611006498336792,-1.2269288301467896,0.35011714696884155,0.37607651948928833,1.4637961387634277,0.2168949544429779,8.17788573873518,12.940824984146566
4825,4825,33,target_left,2,"[0.019999999552965164, 0.0, 0.0, 0.0]",-0.43952667713165283,-1.2882360219955444,0.35327795147895813,0.4540237486362457,1.4777275323867798,0.198115274310112,12.940824984146566,17.51464580249306
4825,4825,33,target_left,3,"[0.029999999329447746, 0.0, 0.0, 0.0]",-0.40609949827194214,-1.2939095497131348,0.3523189425468445,0.4836624264717102,1.4822876453399658,0.045043714344501495,17.51464580249306,21.917438261190085
4825,4825,33,ramp,0,"[-0.5, -0.4333333373069763, -0.36666667461395264, -0.30000001192092896]",-0.2409285306930542,-0.8270813226699829,0.4025459289550781,0.6411692500114441,1.1468440294265747,0.0,0.0,9.754328770632654
4825,4825,33,ramp,1,"[-0.47999998927116394, -0.41333332657814026, -0.3466666638851166, -0.2800000011920929]",-0.2529887557029724,-0.8476556539535522,0.4794163405895233,0.9128276109695435,1.3585351705551147,0.2833303213119507,9.754328770632654,14.348413897281139
4825,4825,33,ramp,2,"[-0.46000000834465027, -0.3933333456516266, -0.3266666829586029, -0.2600000202655792]",-0.26727092266082764,-0.9019128084182739,0.4699077010154724,0.9472386240959167,1.4152578115463257,0.06650076061487198,14.348413897281139,19.282058332192666
4825,4825,33,ramp,3,"[-0.4399999976158142, -0.3733333349227905, -0.30666667222976685, -0.24000000953674316]",-0.27871277928352356,-0.9202443957328796,0.46156516671180725,0.9470037817955017,1.4263200759887695,0.023164978250861168,19.282058332192666,24.225616658554703
4850,4850,33,zero_hold,0,"[0.0, 0.0, 0.0, 0.0]",-0.44963014125823975,-0.034139037132263184,-0.05430534854531288,0.43703681230545044,0.6303038597106934,0.0,0.0,4.638360223461354
4850,4850,33,zero_hold,1,"[0.0, 0.0, 0.0, 0.0]",-0.4059775769710541,0.16687174141407013,-0.0050064194947481155,0.6113502383232117,0.7526208758354187,0.27409201860427856,4.638360223461354,7.494336451236747
4850,4850,33,zero_hold,2,"[0.0, 0.0, 0.0, 0.0]",0.1577509045600891,0.11082154512405396,-0.06761292368173599,0.7056030035018921,0.7345841526985168,0.5776976346969604,7.494336451236747,9.813835964268854
4850,4850,33,zero_hold,3,"[0.0, 0.0, 0.0, 0.0]",0.2927166223526001,0.0008220691233873367,-0.18432274460792542,0.6816336512565613,0.7643840909004211,0.21097712218761444,9.813835964268854,11.64154870516616
4850,4850,33,target_ahead,0,"[0.0, 0.0, 0.0, 0.0]",1.0756442546844482,-0.13254590332508087,-0.6067973971366882,0.029191739857196808,1.2424308061599731,0.0,0.0,8.545039338420167
4850,4850,33,target_ahead,1,"[0.009999999776482582, 0.0, 0.0, 0.0]",0.9208463430404663,-0.31651097536087036,-0.6903887987136841,-0.07540260255336761,1.196018099784851,0.275196373462677,8.545039338420167,12.798053073054605
4850,4850,33,target_ahead,2,"[0.019999999552965164, 0.0, 0.0, 0.0]",0.8823832273483276,-0.40806886553764343,-0.6769092679023743,-0.06311256438493729,1.1863008737564087,0.1009703055024147,12.798053073054605,16.959587215456555
4850,4850,33,target_ahead,3,"[0.029999999329447746, 0.0, 0.0, 0.0]",0.879930853843689,-0.45300665497779846,-0.6509796380996704,-0.030197404325008392,1.184980869293213,0.061491239815950394,16.959587215456555,21.08089427651418
4850,4850,33,target_left,0,"[0.0, 0.0, 0.0, 0.0]",-0.7795919179916382,-1.1743587255477905,0.31275755167007446,0.23133915662765503,1.4622642993927002,0.0,0.0,8.184561450094746
4850,4850,33,target_left,1,"[0.009999999776482582, 0.0, 0.0, 0.0]",-0.618466854095459,-1.2184224128723145,0.3145396113395691,0.3812861442565918,1.4530549049377441,0.22447754442691803,8.184561450094746,12.924386142740024
4850,4850,33,target_left,2,"[0.019999999552965164, 0.0, 0.0, 0.0]",-0.4412641227245331,-1.2808654308319092,0.3167240023612976,0.4611920118331909,1.4657225608825684,0.20418044924736023,12.924386142740024,17.474988302274216
4850,4850,33,target_left,3,"[0.029999999329447746, 0.0, 0.0, 0.0]",-0.4076642394065857,-1.2871915102005005,0.3151489794254303,0.4927380681037903,1.4714488983154297,0.0465468131005764,17.474988302274216,21.85673018648836
4850,4850,33,ramp,0,"[-0.5, -0.4333333373069763, -0.36666667461395264, -0.30000001192092896]",-0.2559686601161957,-0.8039209842681885,0.3460071086883545,0.6584529876708984,1.1247622966766357,0.0,0.0,9.73968976143198
4850,4850,33,ramp,1,"[-0.47999998927116394, -0.41333332657814026, -0.3466666638851166, -0.2800000011920929]",-0.2884056270122528,-0.7935948967933655,0.43570423126220703,0.9323766231536865,1.3312156200408936,0.29023870825767517,9.73968976143198,14.28793718121794
4850,4850,33,ramp,2,"[-0.46000000834465027, -0.3933333456516266, -0.3266666829586029, -0.2600000202655792]",-0.29471275210380554,-0.8417817950248718,0.4342622756958008,0.9694942235946655,1.3870670795440674,0.061168231070041656,14.28793718121794,19.184374597264576
4850,4850,33,ramp,3,"[-0.4399999976158142, -0.3733333349227905, -0.30666667222976685, -0.24000000953674316]",-0.29868197441101074,-0.8648783564567566,0.42827343940734863,0.9725075960159302,1.4022890329360962,0.02437524124979973,19.184374597264576,24.091939077039463
4875,4875,33,zero_hold,0,"[0.0, 0.0, 0.0, 0.0]",-0.45980915427207947,-0.030201584100723267,-0.06669209897518158,0.41916829347610474,0.6264874339103699,0.0,0.0,4.680848111879926
4875,4875,33,zero_hold,1,"[0.0, 0.0, 0.0, 0.0]",-0.43386900424957275,0.17740337550640106,-0.01830507442355156,0.5893609523773193,0.7532567381858826,0.2740064859390259,4.680848111879926,7.543955909882518
4875,4875,33,zero_hold,2,"[0.0, 0.0, 0.0, 0.0]",0.14997413754463196,0.13147729635238647,-0.08464336395263672,0.6859955191612244,0.7193976044654846,0.5972612500190735,7.543955909882518,9.884128998265195
4875,4875,33,zero_hold,3,"[0.0, 0.0, 0.0, 0.0]",0.2778720259666443,0.018047064542770386,-0.20306894183158875,0.6633020043373108,0.7474925518035889,0.2091982364654541,9.884128998265195,11.72051695286071
4875,4875,33,target_ahead,0,"[0.0, 0.0, 0.0, 0.0]",1.036421298980713,-0.13061660528182983,-0.6058173179626465,0.03942636400461197,1.208221435546875,0.0,0.0,8.54520828306641
4875,4875,33,target_ahead,1,"[0.009999999776482582, 0.0, 0.0, 0.0]",0.8829262852668762,-0.3224673271179199,-0.679328978061676,-0.0472564697265625,1.160717487335205,0.27071258425712585,8.54520828306641,12.814808259101213
4875,4875,33,target_ahead,2,"[0.019999999552965164, 0.0, 0.0, 0.0]",0.8622286915779114,-0.4168218970298767,-0.6587339043617249,-0.02020263671875,1.1625478267669678,0.10240723192691803,12.814808259101213,16.95029651789731
4875,4875,33,target_ahead,3,"[0.029999999329447746, 0.0, 0.0, 0.0]",0.8647920489311218,-0.4658479690551758,-0.6300085186958313,0.016247674822807312,1.1670708656311035,0.06755664199590683,16.95029651789731,21.05411517090478
4875,4875,33,target_left,0,"[0.0, 0.0, 0.0, 0.0]",-0.8136793971061707,-1.1543402671813965,0.2898617088794708,0.23401281237602234,1.4606016874313354,0.0,0.0,8.170095253746224
4875,4875,33,target_left,1,"[0.009999999776482582, 0.0, 0.0, 0.0]",-0.6684796810150146,-1.1909680366516113,0.2958182692527771,0.4026518166065216,1.454271912574768,0.22560839354991913,8.170095253746224,12.899474662871478
4875,4875,33,target_left,2,"[0.019999999552965164, 0.0, 0.0, 0.0]",-0.46742376685142517,-1.2501881122589111,0.2954561412334442,0.4847131073474884,1.4504125118255615,0.22508816421031952,12.899474662871478,17.432878281012194
4875,4875,33,target_left,3,"[0.029999999329447746, 0.0, 0.0, 0.0]",-0.41248342394828796,-1.2587456703186035,0.292232871055603,0.5149239897727966,1.4509066343307495,0.06336213648319244,17.432878281012194,21.790431629887582
4875,4875,33,ramp,0,"[-0.5, -0.4333333373069763, -0.36666667461395264, -0.30000001192092896]",-0.2901042699813843,-0.7423999309539795,0.32566002011299133,0.6099509000778198,1.0551836490631104,0.0,0.0,9.739863858002453
4875,4875,33,ramp,1,"[-0.47999998927116394, -0.41333332657814026, -0.3466666638851166, -0.2800000011920929]",-0.26319700479507446,-0.7282110452651978,0.41230258345603943,0.9284537434577942,1.2773345708847046,0.33147597312927246,9.739863858002453,14.349175459976538
4875,4875,33,ramp,2,"[-0.46000000834465027, -0.3933333456516266, -0.3266666829586029, -0.2600000202655792]",-0.28766512870788574,-0.7420065402984619,0.4087490439414978,0.9654451012611389,1.3162388801574707,0.046583183109760284,14.349175459976538,19.305527749659717
4875,4875,33,ramp,3,"[-0.4399999976158142, -0.3733333349227905, -0.30666667222976685, -0.24000000953674316]",-0.2954426407814026,-0.7565457820892334,0.4048820734024048,0.965467631816864,1.3250302076339722,0.016936151310801506,19.305527749659717,24.248278654783363
4900,4900,33,zero_hold,0,"[0.0, 0.0, 0.0, 0.0]",-0.49640387296676636,-0.06386593729257584,-0.06608749181032181,0.4331132471561432,0.665169358253479,0.0,0.0,4.782874174107411
4900,4900,33,zero_hold,1,"[0.0, 0.0, 0.0, 0.0]",-0.45348161458969116,0.13976728916168213,-0.011869313195347786,0.6166879534721375,0.7782193422317505,0.2827509343624115,4.782874174107411,7.6901874840254285
4900,4900,33,zero_hold,2,"[0.0, 0.0, 0.0, 0.0]",0.11181759834289551,0.09322214871644974,-0.06430024653673172,0.7173232436180115,0.7347657680511475,0.5784514546394348,7.6901874840254285,10.064496466180033
4900,4900,33,zero_hold,3,"[0.0, 0.0, 0.0, 0.0]",0.229605033993721,-0.01204640418291092,-0.16824260354042053,0.7049139142036438,0.7603110074996948,0.18950818479061127,10.064496466180033,11.959845713411402
4900,4900,33,target_ahead,0,"[0.0, 0.0, 0.0, 0.0]",1.0301178693771362,-0.20017752051353455,-0.5947825908660889,0.009125832468271255,1.206260085105896,0.0,0.0,8.562133498515642
4900,4900,33,target_ahead,1,"[0.009999999776482582, 0.0, 0.0, 0.0]",0.8712868094444275,-0.37521326541900635,-0.6832461357116699,-0.09069870412349701,1.1725941896438599,0.27139556407928467,8.562133498515642,12.87918776970714
4900,4900,33,target_ahead,2,"[0.019999999552965164, 0.0, 0.0, 0.0]",0.8642141819000244,-0.45520222187042236,-0.6723384857177734,-0.06750679016113281,1.1877169609069824,0.0842917338013649,12.87918776970714,17.095276177510986
4900,4900,33,target_ahead,3,"[0.029999999329447746, 0.0, 0.0, 0.0]",0.8743435144424438,-0.4974566400051117,-0.6493858098983765,-0.03318299353122711,1.1978075504302979,0.05994153395295143,17.095276177510986,21.289532485467536
4900,4900,33,target_left,0,"[0.0, 0.0, 0.0, 0.0]",-0.8133506774902344,-1.1589728593826294,0.2827110290527344,0.23548126220703125,1.46291983127594,0.0,0.0,8.202462756536509
4900,4900,33,target_left,1,"[0.009999999776482582, 0.0, 0.0, 0.0]",-0.687314510345459,-1.1937042474746704,0.28611883521080017,0.41707780957221985,1.4673612117767334,0.22378629446029663,8.202462756536509,12.967910778257297
4900,4900,33,target_left,2,"[0.019999999552965164, 0.0, 0.0, 0.0]",-0.49483537673950195,-1.2487926483154297,0.2867370843887329,0.5000555515289307,1.4617177248001099,0.2167224884033203,12.967910778257297,17.53736385584336
4900,4900,33,target_left,3,"[0.029999999329447746, 0.0, 0.0, 0.0]",-0.44283515214920044,-1.2552242279052734,0.284166157245636,0.5298762917518616,1.460551381111145,0.060342974960803986,17.53736385584336,21.946335526200468
4900,4900,33,ramp,0,"[-0.5, -0.4333333373069763, -0.36666667461395264, -0.30000001192092896]",-0.354944109916687,-0.7336097359657288,0.3424462080001831,0.6116932034492493,1.0749914646148682,0.0,0.0,9.780220860189434
4900,4900,33,ramp,1,"[-0.47999998927116394, -0.41333332657814026, -0.3466666638851166, -0.2800000011920929]",-0.3096732795238495,-0.7480440735816956,0.429398775100708,0.9360587000846863,1.309983491897583,0.3391629755496979,9.780220860189434,14.394898969876278
4900,4900,33,ramp,2,"[-0.46000000834465027, -0.3933333456516266, -0.3266666829586029, -0.2600000202655792]",-0.3295367360115051,-0.7869407534599304,0.42778146266937256,0.9784806370735168,1.3668545484542847,0.06090767681598663,14.394898969876278,19.343820795342168
4900,4900,33,ramp,3,"[-0.4399999976158142, -0.3733333349227905, -0.30666667222976685, -0.24000000953674316]",-0.3297937512397766,-0.8107468485832214,0.4229041039943695,0.98140949010849,1.3813351392745972,0.024477805942296982,19.343820795342168,24.284294515715157
4925,4925,33,zero_hold,0,"[0.0, 0.0, 0.0, 0.0]",-0.4573628306388855,-0.06489159166812897,-0.09323544800281525,0.43990471959114075,0.6446709632873535,0.0,0.0,4.799152031514386
4925,4925,33,zero_hold,1,"[0.0, 0.0, 0.0, 0.0]",-0.3980199098587036,0.16196930408477783,-0.043457962572574615,0.6251211762428284,0.7598150968551636,0.30293625593185425,4.799152031514386,7.728570674008974
4925,4925,33,zero_hold,2,"[0.0, 0.0, 0.0, 0.0]",0.1518668234348297,0.13039258122444153,-0.10123567283153534,0.7237417101860046,0.7577047348022461,0.5625271201133728,7.728570674008974,10.10538407489879
4925,4925,33,zero_hold,3,"[0.0, 0.0, 0.0, 0.0]",0.2799786627292633,0.03560056909918785,-0.20988482236862183,0.7118661403656006,0.7940154075622559,0.193245530128479,10.10538407489879,11.989388840284727
4925,4925,33,target_ahead,0,"[0.0, 0.0, 0.0, 0.0]",1.09689199924469,-0.1539267748594284,-0.6333382725715637,0.015473682433366776,1.2760181427001953,0.0,0.0,8.617504658096228
4925,4925,33,target_ahead,1,"[0.009999999776482582, 0.0, 0.0, 0.0]",0.894634485244751,-0.3385961949825287,-0.7244620323181152,-0.09195531904697418,1.2034614086151123,0.3079860806465149,8.617504658096228,12.92798686461591
4925,4925,33,target_ahead,2,"[0.019999999552965164, 0.0, 0.0, 0.0]",0.8726930618286133,-0.43177589774131775,-0.7227436304092407,-0.07298040390014648,1.214787244796753,0.09760575741529465,12.92798686461591,17.148369334786086
4925,4925,33,target_ahead,3,"[0.029999999329447746, 0.0, 0.0, 0.0]",0.8831952810287476,-0.47781726717948914,-0.6985485553741455,-0.038828086107969284,1.2238550186157227,0.06310219317674637,17.148369334786086,21.349227490899697
4925,4925,33,target_left,0,"[0.0, 0.0, 0.0, 0.0]",-0.8143552541732788,-1.1669803857803345,0.26525115966796875,0.2470472902059555,1.4684714078903198,0.0,0.0,8.22575033894031
4925,4925,33,target_left,1,"[0.009999999776482582, 0.0, 0.0, 0.0]",-0.7039661407470703,-1.1963331699371338,0.27242082357406616,0.43965694308280945,1.4813145399093628,0.22404737770557404,8.22575033894031,13.000045726996055
4925,4925,33,target_left,2,"[0.019999999552965164, 0.0, 0.0, 0.0]",-0.5141395330429077,-1.2460522651672363,0.27260148525238037,0.5228111147880554,1.4712677001953125,0.21312150359153748,13.000045726996055,17.58467683448613
4925,4925,33,target_left,3,"[0.029999999329447746, 0.0, 0.0, 0.0]",-0.4609568417072296,-1.2493679523468018,0.27044931054115295,0.5536594986915588,1.4673388004302979,0.06160882115364075,17.58467683448613,22.010341150901645
4925,4925,33,ramp,0,"[-0.5, -0.4333333373069763, -0.36666667461395264, -0.30000001192092896]",-0.3473644554615021,-0.7230573296546936,0.3647349178791046,0.6298784613609314,1.0831677913665771,0.0,0.0,9.823910137998643
4925,4925,33,ramp,1,"[-0.47999998927116394, -0.41333332657814026, -0.3466666638851166, -0.2800000011920929]",-0.2590146064758301,-0.7552016973495483,0.44371891021728516,0.9531550407409668,1.3201550245285034,0.3458108901977539,9.823910137998643,14.440093429686389
4925,4925,33,ramp,2,"[-0.46000000834465027, -0.3933333456516266, -0.3266666829586029, -0.2600000202655792]",-0.27878114581108093,-0.7819883227348328,0.43619126081466675,0.9991675019264221,1.370336890220642,0.05728919059038162,14.440093429686389,19.380828463333053
4925,4925,33,ramp,3,"[-0.4399999976158142, -0.3733333349227905, -0.30666667222976685, -0.24000000953674316]",-0.27825695276260376,-0.8033273816108704,0.42747849225997925,1.0027494430541992,1.3823914527893066,0.02333180047571659,19.380828463333053,24.316972384074106
4950,4950,33,zero_hold,0,"[0.0, 0.0, 0.0, 0.0]",-0.4532831609249115,-0.06751866638660431,-0.10652956366539001,0.42115411162376404,0.6314616203308105,0.0,0.0,4.816542094346178
4950,4950,33,zero_hold,1,"[0.0, 0.0, 0.0, 0.0]",-0.3955385386943817,0.14152836799621582,-0.03696544095873833,0.5970486402511597,0.730968177318573,0.2877727448940277,4.816542094346178,7.7419606660489935
4950,4950,33,zero_hold,2,"[0.0, 0.0, 0.0, 0.0]",0.16485704481601715,0.10722213983535767,-0.08174288272857666,0.6992743611335754,0.7309862971305847,0.5724292397499084,7.7419606660489935,10.122418465246012
4950,4950,33,zero_hold,3,"[0.0, 0.0, 0.0, 0.0]",0.2945006489753723,0.015696655958890915,-0.19314126670360565,0.6910980343818665,0.775820255279541,0.1940639764070511,10.122418465246012,11.994014627253515
4950,4950,33,target_ahead,0,"[0.0, 0.0, 0.0, 0.0]",1.1420836448669434,-0.13171882927417755,-0.6839057207107544,-0.0028370507061481476,1.33769953250885,0.0,0.0,8.62735111548228
4950,4950,33,target_ahead,1,"[0.009999999776482582, 0.0, 0.0, 0.0]",0.9324305057525635,-0.32080379128456116,-0.7827582359313965,-0.12350929528474808,1.2650322914123535,0.3225541412830353,8.62735111548228,12.910450329880439
4950,4950,33,target_ahead,2,"[0.019999999552965164, 0.0, 0.0, 0.0]",0.8947013020515442,-0.42085954546928406,-0.7784202694892883,-0.11414236575365067,1.2635583877563477,0.10742999613285065,12.910450329880439,17.144151723555602
4950,4950,33,target_ahead,3,"[0.029999999329447746, 0.0, 0.0, 0.0]",0.900687038898468,-0.4666350185871124,-0.7497536540031433,-0.08110185712575912,1.2639989852905273,0.06359774619340897,17.144151723555602,21.34205838940088
4950,4950,33,target_left,0,"[0.0, 0.0, 0.0, 0.0]",-0.7841370105743408,-1.1736598014831543,0.25924789905548096,0.23423120379447937,1.4541051387786865,0.0,0.0,8.164092294187522
4950,4950,33,target_left,1,"[0.009999999776482582, 0.0, 0.0, 0.0]",-0.6693295836448669,-1.20997953414917,0.2804873287677765,0.4320647418498993,1.4756035804748535,0.2325706034898758,8.164092294187522,12.913929386453686
4950,4950,33,target_left,2,"[0.019999999552965164, 0.0, 0.0, 0.0]",-0.4964732527732849,-1.2597227096557617,0.28443965315818787,0.5170075297355652,1.477020502090454,0.19895876944065094,12.913929386453686,17.47115681858446
4950,4950,33,target_left,3,"[0.029999999329447746, 0.0, 0.0, 0.0]",-0.4510270953178406,-1.262845754623413,0.284493088722229,0.5498149991035461,1.4769691228866577,0.05613768473267555,17.47115681858446,21.869668656813566
4950,4950,33,ramp,0,"[-0.5, -0.4333333373069763, -0.36666667461395264, -0.30000001192092896]",-0.3408924341201782,-0.7784205675125122,0.3715456426143646,0.6092368960380554,1.1096675395965576,0.0,0.0,9.786017733873086
4950,4950,33,ramp,1,"[-0.47999998927116394, -0.41333332657814026, -0.3466666638851166, -0.2800000011920929]",-0.2553187906742096,-0.8058671951293945,0.44700852036476135,0.9187697172164917,1.3261085748672485,0.33103078603744507,9.786017733873086,14.414643951386214
4950,4950,33,ramp,2,"[-0.46000000834465027, -0.3933333456516266, -0.3266666829586029, -0.2600000202655792]",-0.2710976302623749,-0.8392356634140015,0.44128599762916565,0.9676902890205383,1.381654143333435,0.06154995039105415,14.414643951386214,19.358330973642158
4950,4950,33,ramp,3,"[-0.4399999976158142, -0.3733333349227905, -0.30666667222976685, -0.24000000953674316]",-0.2723207473754883,-0.8582082986831665,0.4334937632083893,0.9734219908714294,1.3950438499450684,0.021331390365958214,19.358330973642158,24.280521477894595
4975,4975,33,zero_hold,0,"[0.0, 0.0, 0.0, 0.0]",-0.4439612030982971,-0.09419611841440201,-0.11607111990451813,0.4151279926300049,0.625921905040741,0.0,0.0,4.812340869882109
4975,4975,33,zero_hold,1,"[0.0, 0.0, 0.0, 0.0]",-0.3791999816894531,0.11288907378911972,-0.04522930458188057,0.592953085899353,0.7142658233642578,0.28934168815612793,4.812340869882109,7.741539692655362
4975,4975,33,zero_hold,2,"[0.0, 0.0, 0.0, 0.0]",0.1473730057477951,0.07289529591798782,-0.08864215761423111,0.6956023573875427,0.720244824886322,0.5397223234176636,7.741539692655362,10.081952964973082
4975,4975,33,zero_hold,3,"[0.0, 0.0, 0.0, 0.0]",0.2851399779319763,-0.0033201370388269424,-0.20126789808273315,0.686954140663147,0.7705391645431519,0.19377274811267853,10.081952964973082,11.926870164818947
4975,4975,33,target_ahead,0,"[0.0, 0.0, 0.0, 0.0]",1.1550267934799194,-0.12582051753997803,-0.6973317265510559,0.03649616613984108,1.3555519580841064,0.0,0.0,8.647656659316104
4975,4975,33,target_ahead,1,"[0.009999999776482582, 0.0, 0.0, 0.0]",0.9750117659568787,-0.2914328873157501,-0.8149605393409729,-0.07474327087402344,1.305882215499878,0.29333192110061646,8.647656659316104,12.929352541956785
4975,4975,33,target_ahead,2,"[0.019999999552965164, 0.0, 0.0, 0.0]",0.925913393497467,-0.3846621811389923,-0.8280024528503418,-0.07600796222686768,1.3025535345077515,0.10617929697036743,12.929352541956785,17.15502146496459
4975,4975,33,target_ahead,3,"[0.029999999329447746, 0.0, 0.0, 0.0]",0.9272065758705139,-0.4287254512310028,-0.8061404824256897,-0.04613293334841728,1.302116870880127,0.057564809918403625,17.15502146496459,21.35937747276275
4975,4975,33,target_left,0,"[0.0, 0.0, 0.0, 0.0]",-0.7974339127540588,-1.1720542907714844,0.25937312841415405,0.21615129709243774,1.4572603702545166,0.0,0.0,8.14298202051601
4975,4975,33,target_left,1,"[0.009999999776482582, 0.0, 0.0, 0.0]",-0.7236188650131226,-1.2195771932601929,0.29412180185317993,0.4038803279399872,1.5035357475280762,0.2101350575685501,8.14298202051601,12.867259418620671
4975,4975,33,target_left,2,"[0.019999999552965164, 0.0, 0.0, 0.0]",-0.5564278364181519,-1.262155294418335,0.2957930266857147,0.48946627974510193,1.4932242631912231,0.1925966888666153,12.867259418620671,17.385165754616402
4975,4975,33,target_left,3,"[0.029999999329447746, 0.0, 0.0, 0.0]",-0.4982704222202301,-1.2615936994552612,0.293116956949234,0.523544192314148,1.4832087755203247,0.06746158748865128,17.385165754616402,21.74676620499566
4975,4975,33,ramp,0,"[-0.5, -0.4333333373069763, -0.36666667461395264, -0.30000001192092896]",-0.3877742886543274,-0.8078442215919495,0.3648201525211334,0.6318945288658142,1.1555801630020142,0.0,0.0,9.823804083959873
4975,4975,33,ramp,1,"[-0.47999998927116394, -0.41333332657814026, -0.3466666638851166, -0.2800000011920929]",-0.30115628242492676,-0.8232752680778503,0.4569641649723053,0.9184207916259766,1.3493666648864746,0.3135739266872406,9.823804083959873,14.436954839306592
4975,4975,33,ramp,2,"[-0.46000000834465027, -0.3933333456516266, -0.3266666829586029, -0.2600000202655792]",-0.30793124437332153,-0.8643587231636047,0.4491671323776245,0.9627939462661743,1.4038023948669434,0.06134754419326782,14.436954839306592,19.427522374396023
4975,4975,33,ramp,3,"[-0.4399999976158142, -0.3733333349227905, -0.30666667222976685, -0.24000000953674316]",-0.3038756251335144,-0.8776032328605652,0.4419202208518982,0.9648175239562988,1.4102107286453247,0.01576317474246025,19.427522374396023,24.389372398167446
5000,5000,33,zero_hold,0,"[0.0, 0.0, 0.0, 0.0]",-0.4750560522079468,-0.1006707102060318,-0.102716363966465,0.39808598160743713,0.6362671852111816,0.0,0.0,4.809912849627371
5000,5000,33,zero_hold,1,"[0.0, 0.0, 0.0, 0.0]",-0.41700679063796997,0.12779438495635986,-0.01642533391714096,0.575602114200592,0.7223666906356812,0.30744779109954834,4.809912849627371,7.730517637768176
5000,5000,33,zero_hold,2,"[0.0, 0.0, 0.0, 0.0]",0.11576776206493378,0.09760428220033646,-0.054611384868621826,0.68323814868927,0.70194411277771,0.5457140803337097,7.730517637768176,10.079381789375146
5000,5000,33,zero_hold,3,"[0.0, 0.0, 0.0, 0.0]",0.2512018084526062,0.023034267127513885,-0.15846294164657593,0.682085394859314,0.7443009614944458,0.18625128269195557,10.079381789375146,11.949222679115252
5000,5000,33,target_ahead,0,"[0.0, 0.0, 0.0, 0.0]",1.1548216342926025,-0.12928558886051178,-0.6895309686660767,0.048880212008953094,1.3520983457565308,0.0,0.0,8.658674314292956
5000,5000,33,target_ahead,1,"[0.009999999776482582, 0.0, 0.0, 0.0]",0.9704428911209106,-0.297336608171463,-0.812767505645752,-0.0448225662112236,1.301064372062683,0.29360538721084595,8.658674314292956,12.95733017374417
5000,5000,33,target_ahead,2,"[0.019999999552965164, 0.0, 0.0, 0.0]",0.9304826259613037,-0.39626625180244446,-0.8328267931938171,-0.03967849165201187,1.3107248544692993,0.1086864024400711,12.95733017374417,17.172348555952247
5000,5000,33,target_ahead,3,"[0.029999999329447746, 0.0, 0.0, 0.0]",0.9431339502334595,-0.4418930411338806,-0.8120458126068115,-0.005055125802755356,1.3206872940063477,0.062229305505752563,17.172348555952247,21.367459597967088
5000,5000,33,target_left,0,"[0.0, 0.0, 0.0, 0.0]",-0.8167788982391357,-1.1795225143432617,0.2828004062175751,0.17363646626472473,1.4725918769836426,0.0,0.0,8.170344751822675
5000,5000,33,target_left,1,"[0.009999999776482582, 0.0, 0.0, 0.0]",-0.7633594870567322,-1.2153518199920654,0.3177218437194824,0.36250588297843933,1.513986587524414,0.20255501568317413,8.170344751822675,12.889016386099524
5000,5000,33,target_left,2,"[0.019999999552965164, 0.0, 0.0, 0.0]",-0.6067730188369751,-1.2551087141036987,0.3204733729362488,0.4487128257751465,1.499172329902649,0.1831369549036026,12.889016386099524,17.395098253745502
5000,5000,33,target_left,3,"[0.029999999329447746, 0.0, 0.0, 0.0]",-0.5417349338531494,-1.252713680267334,0.3180973529815674,0.48475489020347595,1.4828828573226929,0.07443362474441528,17.395098253745502,21.752682110861222
5000,5000,33,ramp,0,"[-0.5, -0.4333333373069763, -0.36666667461395264, -0.30000001192092896]",-0.37538278102874756,-0.8087406158447266,0.3622002899646759,0.5944629311561584,1.131171464920044,0.0,0.0,9.809326155825104
5000,5000,33,ramp,1,"[-0.47999998927116394, -0.41333332657814026, -0.3466666638851166, -0.2800000011920929]",-0.30101901292800903,-0.8044956922531128,0.46833986043930054,0.8727072477340698,1.311024785041809,0.30697473883628845,9.809326155825104,14.391321996988264
5000,5000,33,ramp,2,"[-0.46000000834465027, -0.3933333456516266, -0.3266666829586029, -0.2600000202655792]",-0.30400997400283813,-0.8362266421318054,0.46294528245925903,0.918897807598114,1.3602898120880127,0.05637790635228157,14.391321996988264,19.35646870422963
5000,5000,33,ramp,3,"[-0.4399999976158142, -0.3733333349227905, -0.30666667222976685, -0.24000000953674316]",-0.30193591117858887,-0.8462496995925903,0.4590354859828949,0.925761878490448,1.3693255186080933,0.012929245829582214,19.35646870422963,24.284455843392042
5025,5025,33,zero_hold,0,"[0.0, 0.0, 0.0, 0.0]",-0.4672114849090576,-0.09442797303199768,-0.0903078243136406,0.40430402755737305,0.6315223574638367,0.0,0.0,4.889967392613155
5025,5025,33,zero_hold,1,"[0.0, 0.0, 0.0, 0.0]",-0.3957604765892029,0.1454014778137207,0.008900830522179604,0.5936216711997986,0.7281715869903564,0.32910019159317017,4.889967392613155,7.875046949030921
5025,5025,33,zero_hold,2,"[0.0, 0.0, 0.0, 0.0]",0.13007554411888123,0.11763525754213333,-0.02054768055677414,0.7055670619010925,0.7273271679878235,0.5391414165496826,7.875046949030921,10.271460760162384
5025,5025,33,zero_hold,3,"[0.0, 0.0, 0.0, 0.0]",0.25011497735977173,0.04877588525414467,-0.12115775048732758,0.7029445767402649,0.7574607729911804,0.1711149960756302,10.271460760162384,12.179865550845067
5025,5025,33,target_ahead,0,"[0.0, 0.0, 0.0, 0.0]",1.1820838451385498,-0.16403481364250183,-0.6854862570762634,0.03655670955777168,1.3767560720443726,0.0,0.0,8.611599429421144
5025,5025,33,target_ahead,1,"[0.009999999776482582, 0.0, 0.0, 0.0]",0.962520956993103,-0.3249357342720032,-0.788407027721405,-0.06518840789794922,1.2875810861587524,0.3082883656024933,8.611599429421144,12.842235653109963
5025,5025,33,target_ahead,2,"[0.019999999552965164, 0.0, 0.0, 0.0]",0.9106231927871704,-0.42698103189468384,-0.800011932849884,-0.056302960962057114,1.2863656282424927,0.1154133677482605,12.842235653109963,17.007930002848337
5025,5025,33,target_ahead,3,"[0.029999999329447746, 0.0, 0.0, 0.0]",0.9160085916519165,-0.471889853477478,-0.7782636284828186,-0.01919906958937645,1.2914390563964844,0.06241387873888016,17.007930002848337,21.149780155715053
5025,5025,33,target_left,0,"[0.0, 0.0, 0.0, 0.0]",-0.8206374645233154,-1.1603307723999023,0.29403555393218994,0.1851867288351059,1.463066816329956,0.0,0.0,8.226432762608695
5025,5025,33,target_left,1,"[0.009999999776482582, 0.0, 0.0, 0.0]",-0.7755273580551147,-1.187387466430664,0.3301677703857422,0.3684736490249634,1.5020370483398438,0.19407889246940613,8.226432762608695,12.96858768058177
5025,5025,33,target_left,2,"[0.019999999552965164, 0.0, 0.0, 0.0]",-0.6235846281051636,-1.2260010242462158,0.33731961250305176,0.44895878434181213,1.485693335533142,0.17637065052986145,12.96858768058177,17.51110016172164
5025,5025,33,target_left,3,"[0.029999999329447746, 0.0, 0.0, 0.0]",-0.5599841475486755,-1.225555181503296,0.3369258642196655,0.4805522561073303,1.469699740409851,0.07101776450872421,17.51110016172164,21.890311234203864
5025,5025,33,ramp,0,"[-0.5, -0.4333333373069763, -0.36666667461395264, -0.30000001192092896]",-0.3661881387233734,-0.7981635332107544,0.40875470638275146,0.6090077757835388,1.1441720724105835,0.0,0.0,9.795075659853246
5025,5025,33,ramp,1,"[-0.47999998927116394, -0.41333332657814026, -0.3466666638851166, -0.2800000011920929]",-0.31777265667915344,-0.7904680967330933,0.5078118443489075,0.8907089233398438,1.3330620527267456,0.3026072084903717,9.795075659853246,14.445988636265604
5025,5025,33,ramp,2,"[-0.46000000834465027, -0.3933333456516266, -0.3266666829586029, -0.2600000202655792]",-0.3128107786178589,-0.8200925588607788,0.5060619711875916,0.9323174357414246,1.3768503665924072,0.051347438246011734,14.445988636265604,19.444101405715973
5025,5025,33,ramp,3,"[-0.4399999976158142, -0.3733333349227905, -0.30666667222976685, -0.24000000953674316]",-0.30889618396759033,-0.8299967646598816,0.49983757734298706,0.9345507621765137,1.381135106086731,0.012535875663161278,19.444101405715973,24.406608231613404
5050,5050,33,zero_hold,0,"[0.0, 0.0, 0.0, 0.0]",-0.45802563428878784,-0.10575615614652634,-0.0779024064540863,0.41586434841156006,0.6324427127838135,0.0,0.0,4.90510653289582
5050,5050,33,zero_hold,1,"[0.0, 0.0, 0.0, 0.0]",-0.39325639605522156,0.14636588096618652,0.03396807610988617,0.6158658266067505,0.7460014224052429,0.3468085527420044,4.90510653289582,7.915652405818271
5050,5050,33,zero_hold,2,"[0.0, 0.0, 0.0, 0.0]",0.128645658493042,0.11948953568935394,0.013019520789384842,0.7338624000549316,0.7546859979629517,0.5361587405204773,7.915652405818271,10.317753473490518
5050,5050,33,zero_hold,3,"[0.0, 0.0, 0.0, 0.0]",0.2566849887371063,0.04907830059528351,-0.08259867131710052,0.7327946424484253,0.7823722958564758,0.17463043332099915,10.317753473490518,12.243068694740321
5050,5050,33,target_ahead,0,"[0.0, 0.0, 0.0, 0.0]",1.2511515617370605,-0.25858038663864136,-0.6695883870124817,0.057537227869033813,1.443572998046875,0.0,0.0,8.634721738918813
5050,5050,33,target_ahead,1,"[0.009999999776482582, 0.0, 0.0, 0.0]",1.0453660488128662,-0.42053353786468506,-0.7353252172470093,-0.04262857884168625,1.346164584159851,0.2879774570465088,8.634721738918813,12.81887932223539
5050,5050,33,target_ahead,2,"[0.019999999552965164, 0.0, 0.0, 0.0]",0.9921269416809082,-0.5170665979385376,-0.7310425639152527,-0.03683408349752426,1.3369568586349487,0.11047602444887161,12.81887932223539,16.955177842086265
5050,5050,33,target_ahead,3,"[0.029999999329447746, 0.0, 0.0, 0.0]",0.989777684211731,-0.5602743625640869,-0.7057390809059143,0.003631189465522766,1.338524580001831,0.06442153453826904,16.955177842086265,21.084714620671377
5050,5050,33,target_left,0,"[0.0, 0.0, 0.0, 0.0]",-0.8195397853851318,-1.155638575553894,0.31927329301834106,0.1716771274805069,1.4623796939849854,0.0,0.0,8.24047416753708
5050,5050,33,target_left,1,"[0.009999999776482582, 0.0, 0.0, 0.0]",-0.7781121730804443,-1.1916931867599487,0.3572254776954651,0.3586738705635071,1.5105787515640259,0.1985556036233902,8.24047416753708,12.99765763389112
5050,5050,33,target_left,2,"[0.019999999552965164, 0.0, 0.0, 0.0]",-0.6197366714477539,-1.2316280603408813,0.3621235191822052,0.4417639970779419,1.4924041032791138,0.18331816792488098,12.99765763389112,17.566013628743775
5050,5050,33,target_left,3,"[0.029999999329447746, 0.0, 0.0, 0.0]",-0.5502979755401611,-1.2301753759384155,0.3597204387187958,0.47546470165252686,1.4736433029174805,0.07723571360111237,17.566013628743775,21.98166144138466
5050,5050,33,ramp,0,"[-0.5, -0.4333333373069763, -0.36666667461395264, -0.30000001192092896]",-0.36306503415107727,-0.7859375476837158,0.41911080479621887,0.5989424586296082,1.1330931186676025,0.0,0.0,9.816744262640626
5050,5050,33,ramp,1,"[-0.47999998927116394, -0.41333332657814026, -0.3466666638851166, -0.2800000011920929]",-0.3241285979747772,-0.8004955649375916,0.5270203948020935,0.9088789224624634,1.3600234985351562,0.330806702375412,9.816744262640626,14.49012631694235
5050,5050,33,ramp,2,"[-0.46000000834465027, -0.3933333456516266, -0.3266666829586029, -0.2600000202655792]",-0.32459017634391785,-0.8321573734283447,0.5209667682647705,0.9486750364303589,1.4032944440841675,0.051215820014476776,14.49012631694235,19.496361056585663
5050,5050,33,ramp,3,"[-0.4399999976158142, -0.3733333349227905, -0.30666667222976685, -0.24000000953674316]",-0.3177584707736969,-0.8475303649902344,0.5109501481056213,0.9478060007095337,1.4066572189331055,0.019598187878727913,19.496361056585663,24.492695325305185
5075,5075,33,zero_hold,0,"[0.0, 0.0, 0.0, 0.0]",-0.45723631978034973,-0.09804718941450119,-0.07552698999643326,0.42901307344436646,0.639089047908783,0.0,0.0,4.828549814881178
5075,5075,33,zero_hold,1,"[0.0, 0.0, 0.0, 0.0]",-0.3964228630065918,0.15583054721355438,0.04324810206890106,0.6405349969863892,0.7704477310180664,0.35637232661247253,4.828549814881178,7.779665229542639
5075,5075,33,zero_hold,2,"[0.0, 0.0, 0.0, 0.0]",0.11507783830165863,0.13644199073314667,0.02780240587890148,0.756396472454071,0.7776682376861572,0.5250441431999207,7.779665229542639,10.146549809396232
5075,5075,33,zero_hold,3,"[0.0, 0.0, 0.0, 0.0]",0.2518882751464844,0.07387779653072357,-0.05908452719449997,0.7484564781188965,0.7953513264656067,0.1739073246717453,10.146549809396232,12.048546809509993
5075,5075,33,target_ahead,0,"[0.0, 0.0, 0.0, 0.0]",1.2056723833084106,-0.23202674090862274,-0.6443276405334473,0.029528696089982986,1.3869074583053589,0.0,0.0,8.665764082489172
5075,5075,33,target_ahead,1,"[0.009999999776482582, 0.0, 0.0, 0.0]",0.9887868762016296,-0.37636566162109375,-0.7046582698822021,-0.0787859633564949,1.2736172676086426,0.2885219156742096,8.665764082489172,12.911482035482605
5075,5075,33,target_ahead,2,"[0.019999999552965164, 0.0, 0.0, 0.0]",0.9427351951599121,-0.47477081418037415,-0.7008920311927795,-0.06782983243465424,1.2688606977462769,0.10926368087530136,12.911482035482605,17.067005056187277
5075,5075,33,target_ahead,3,"[0.029999999329447746, 0.0, 0.0, 0.0]",0.9561184048652649,-0.5194585919380188,-0.6700872182846069,-0.01575930044054985,1.2779924869537354,0.07639623433351517,17.067005056187277,21.219665237512565
5075,5075,33,target_left,0,"[0.0, 0.0, 0.0, 0.0]",-0.8061637282371521,-1.160588264465332,0.31503260135650635,0.1500844806432724,1.455553412437439,0.0,0.0,8.200087486852611
5075,5075,33,target_left,1,"[0.009999999776482582, 0.0, 0.0, 0.0]",-0.7665976285934448,-1.201615571975708,0.3652363717556,0.33550819754600525,1.5091438293457031,0.20037737488746643,8.200087486852611,12.91843744549911
5075,5075,33,target_left,2,"[0.019999999552965164, 0.0, 0.0, 0.0]",-0.6207597851753235,-1.2425730228424072,0.37372493743896484,0.4184969663619995,1.498045563697815,0.1729317158460617,12.91843744549911,17.42821713385287
5075,5075,33,target_left,3,"[0.029999999329447746, 0.0, 0.0, 0.0]",-0.5491878390312195,-1.2393959760665894,0.37297534942626953,0.4556419849395752,1.477981686592102,0.08070285618305206,17.42821713385287,21.784098408933588
5075,5075,33,ramp,0,"[-0.5, -0.4333333373069763, -0.36666667461395264, -0.30000001192092896]",-0.3217242360115051,-0.7463873028755188,0.4211307168006897,0.5455002784729004,1.0656088590621948,0.0,0.0,9.800406194127552
5075,5075,33,ramp,1,"[-0.47999998927116394, -0.41333332657814026, -0.3466666638851166, -0.2800000011920929]",-0.3018336296081543,-0.7819972634315491,0.5335434675216675,0.883946418762207,1.3299071788787842,0.3589514195919037,9.800406194127552,14.415027176075197
5075,5075,33,ramp,2,"[-0.46000000834465027, -0.3933333456516266, -0.3266666829586029, -0.2600000202655792]",-0.3130946755409241,-0.817988395690918,0.5262100696563721,0.9240877032279968,1.377667784690857,0.055563244968652725,14.415027176075197,19.374179077497182
5075,5075,33,ramp,3,"[-0.4399999976158142, -0.3733333349227905, -0.30666667222976685, -0.24000000953674316]",-0.30473077297210693,-0.8377242684364319,0.5186593532562256,0.9218143820762634,1.3832541704177856,0.022839458659291267,19.374179077497182,24.341997051827075
5100,5100,33,zero_hold,0,"[0.0, 0.0, 0.0, 0.0]",-0.4519300162792206,-0.09078216552734375,-0.05316457897424698,0.44095444679260254,0.6401167511940002,0.0,0.0,4.858108908660921
5100,5100,33,zero_hold,1,"[0.0, 0.0, 0.0, 0.0]",-0.38180091977119446,0.1747167706489563,0.07923761755228043,0.6652821898460388,0.7906813025474548,0.3784984052181244,4.858108908660921,7.8614970609532895
5100,5100,33,zero_hold,2,"[0.0, 0.0, 0.0, 0.0]",0.10212534666061401,0.15169750154018402,0.06795202195644379,0.7873815298080444,0.8111897706985474,0.4997500777244568,7.8614970609532895,10.294543129910675
5100,5100,33,zero_hold,3,"[0.0, 0.0, 0.0, 0.0]",0.2437194287776947,0.09170345962047577,-0.01191550213843584,0.7885775566101074,0.8305451273918152,0.17328710854053497,10.294543129910675,12.284386582499044
5100,5100,33,target_ahead,0,"[0.0, 0.0, 0.0, 0.0]",1.1738461256027222,-0.2524887025356293,-0.6517016887664795,0.032693248242139816,1.366546392440796,0.0,0.0,8.63358002705693
5100,5100,33,target_ahead,1,"[0.009999999776482582, 0.0, 0.0, 0.0]",0.9842447638511658,-0.4096564054489136,-0.6993936896324158,-0.057368334382772446,1.276322364807129,0.2665257453918457,8.63358002705693,12.882449462768998
5100,5100,33,target_ahead,2,"[0.019999999552965164, 0.0, 0.0, 0.0]",0.9442560076713562,-0.510727047920227,-0.6862881183624268,-0.04884827136993408,1.2750838994979858,0.10981221497058868,12.882449462768998,17.05309180470753
5100,5100,33,target_ahead,3,"[0.029999999329447746, 0.0, 0.0, 0.0]",0.9599607586860657,-0.5543715953826904,-0.651678204536438,-0.00044107064604759216,1.2858994007110596,0.07544925063848495,17.05309180470753,21.23054253667186
5100,5100,33,target_left,0,"[0.0, 0.0, 0.0, 0.0]",-0.8196230530738831,-1.1613452434539795,0.3408122956752777,0.17664149403572083,1.4723654985427856,0.0,0.0,8.217518120543428
5100,5100,33,target_left,1,"[0.009999999776482582, 0.0, 0.0, 0.0]",-0.8008120059967041,-1.2003329992294312,0.4073221683502197,0.35369402170181274,1.5404901504516602,0.19402335584163666,8.217518120543428,12.965950124304273
5100,5100,33,target_left,2,"[0.019999999552965164, 0.0, 0.0, 0.0]",-0.665876030921936,-1.2383381128311157,0.4162088930606842,0.432548463344574,1.5287904739379883,0.1610872596502304,12.965950124304273,17.490148283525915
5100,5100,33,target_left,3,"[0.029999999329447746, 0.0, 0.0, 0.0]",-0.5959358215332031,-1.2338567972183228,0.41280698776245117,0.46852535009384155,1.505811333656311,0.07885191589593887,17.490148283525915,21.8653949321691
5100,5100,33,ramp,0,"[-0.5, -0.4333333373069763, -0.36666667461395264, -0.30000001192092896]",-0.3811357915401459,-0.6841065287590027,0.48166871070861816,0.5163125991821289,1.0544427633285522,0.0,0.0,9.820708066753717
5100,5100,33,ramp,1,"[-0.47999998927116394, -0.41333332657814026, -0.3466666638851166, -0.2800000011920929]",-0.36809295415878296,-0.7235787510871887,0.5972932577133179,0.8739761114120483,1.3340359926223755,0.3781803548336029,9.820708066753717,14.403396837314224
5100,5100,33,ramp,2,"[-0.46000000834465027, -0.3933333456516266, -0.3266666829586029, -0.2600000202655792]",-0.3782441318035126,-0.7640716433525085,0.5849190354347229,0.9170238375663757,1.382004737854004,0.061228662729263306,14.403396837314224,19.34465979729774
5100,5100,33,ramp,3,"[-0.4399999976158142, -0.3733333349227905, -0.30666667222976685, -0.24000000953674316]",-0.36652106046676636,-0.7895067930221558,0.574220597743988,0.9155277609825134,1.3876523971557617,0.03001786209642887,19.34465979729774,24.322791325845174
5125,5125,33,zero_hold,0,"[0.0, 0.0, 0.0, 0.0]",-0.45814022421836853,-0.09770682454109192,-0.052266865968704224,0.4356542229652405,0.6418454051017761,0.0,0.0,4.875473614657352
5125,5125,33,zero_hold,1,"[0.0, 0.0, 0.0, 0.0]",-0.39724719524383545,0.1777983158826828,0.08372774720191956,0.6597205996513367,0.7947698831558228,0.38511207699775696,4.875473614657352,7.8595332388495756
5125,5125,33,zero_hold,2,"[0.0, 0.0, 0.0, 0.0]",0.1245020255446434,0.1517917513847351,0.07660257816314697,0.781333863735199,0.8092540502548218,0.5364131927490234,7.8595332388495756,10.275689587791367
5125,5125,33,zero_hold,3,"[0.0, 0.0, 0.0, 0.0]",0.2634958326816559,0.08060712367296219,-0.013696684502065182,0.775855302810669,0.8234480023384094,0.1804729849100113,10.275689587791367,12.222269876907673
5125,5125,33,target_ahead,0,"[0.0, 0.0, 0.0, 0.0]",1.1689249277114868,-0.26467975974082947,-0.6347630023956299,0.047871269285678864,1.3570765256881714,0.0,0.0,8.620932862094085
5125,5125,33,target_ahead,1,"[0.009999999776482582, 0.0, 0.0, 0.0]",0.9934921264648438,-0.39724814891815186,-0.6865469813346863,-0.03275413438677788,1.2717124223709106,0.23986054956912994,8.620932862094085,12.869136849765567
5125,5125,33,target_ahead,2,"[0.019999999552965164, 0.0, 0.0, 0.0]",0.9617576003074646,-0.49575313925743103,-0.6775413751602173,-0.024569272994995117,1.2768770456314087,0.10420367866754532,12.869136849765567,17.008194860653283
5125,5125,33,target_ahead,3,"[0.029999999329447746, 0.0, 0.0, 0.0]",0.9769430160522461,-0.5413721799850464,-0.6429977416992188,0.0218905508518219,1.2889634370803833,0.07525603473186493,17.008194860653283,21.150040693341882
5125,5125,33,target_left,0,"[0.0, 0.0, 0.0, 0.0]",-0.8366823196411133,-1.1814656257629395,0.33121079206466675,0.16195160150527954,1.4939301013946533,0.0,0.0,8.216365894658328
5125,5125,33,target_left,1,"[0.009999999776482582, 0.0, 0.0, 0.0]",-0.7997124195098877,-1.20637047290802,0.39476898312568665,0.342629075050354,1.5388654470443726,0.1966494917869568,8.216365894658328,12.97571991048756
5125,5125,33,target_left,2,"[0.019999999552965164, 0.0, 0.0, 0.0]",-0.6373314261436462,-1.244144320487976,0.40395981073379517,0.4278496205806732,1.5166822671890259,0.18746057152748108,12.97571991048756,17.52351924778812
5125,5125,33,target_left,3,"[0.029999999329447746, 0.0, 0.0, 0.0]",-0.565438449382782,-1.2406654357910156,0.4059651494026184,0.4640151560306549,1.4963586330413818,0.08057710528373718,17.52351924778812,21.900690366352794
5125,5125,33,ramp,0,"[-0.5, -0.4333333373069763, -0.36666667461395264, -0.30000001192092896]",-0.36148321628570557,-0.7425475716590881,0.4473789930343628,0.5796746015548706,1.103729009628296,0.0,0.0,9.837652206659362
5125,5125,33,ramp,1,"[-0.47999998927116394, -0.41333332657814026, -0.3466666638851166, -0.2800000011920929]",-0.35718393325805664,-0.7699659466743469,0.5878218412399292,0.9228194355964661,1.3847593069076538,0.3718101978302002,9.837652206659362,14.476063132190465
5125,5125,33,ramp,2,"[-0.46000000834465027, -0.3933333456516266, -0.3266666829586029, -0.2600000202655792]",-0.36555758118629456,-0.8177862763404846,0.580623984336853,0.962989091873169,1.4376643896102905,0.06342170387506485,14.476063132190465,19.438889719264562
5125,5125,33,ramp,3,"[-0.4399999976158142, -0.3733333349227905, -0.30666667222976685, -0.24000000953674316]",-0.35374054312705994,-0.8373057246208191,0.572727620601654,0.9606025218963623,1.4411756992340088,0.024263130500912666,19.438889719264562,24.41265427889106
5150,5150,33,zero_hold,0,"[0.0, 0.0, 0.0, 0.0]",-0.4629874527454376,-0.09465266764163971,-0.03517769277095795,0.44657838344573975,0.6511422395706177,0.0,0.0,4.84826331609518
5150,5150,33,zero_hold,1,"[0.0, 0.0, 0.0, 0.0]",-0.391830176115036,0.15157844126224518,0.09319590032100677,0.6791233420372009,0.8039906024932861,0.36912065744400024,4.84826331609518,7.807755652357222
5150,5150,33,zero_hold,2,"[0.0, 0.0, 0.0, 0.0]",0.16063496470451355,0.125349760055542,0.07577313482761383,0.8072677850723267,0.8360257148742676,0.5680055022239685,7.807755652357222,10.212779928395774
5150,5150,33,zero_hold,3,"[0.0, 0.0, 0.0, 0.0]",0.2777101993560791,0.05527535453438759,-0.014176188968122005,0.8007535338401794,0.8494619131088257,0.1635553389787674,10.212779928395774,12.138649886064476
5150,5150,33,target_ahead,0,"[0.0, 0.0, 0.0, 0.0]",1.1876227855682373,-0.2512778639793396,-0.6247356534004211,0.0447724312543869,1.365975022315979,0.0,0.0,8.536807451726565
5150,5150,33,target_ahead,1,"[0.009999999776482582, 0.0, 0.0, 0.0]",1.0204240083694458,-0.3753182590007782,-0.6772990226745605,-0.046078529208898544,1.2817902565002441,0.23314857482910156,8.536807451726565,12.747203538878178
5150,5150,33,target_ahead,2,"[0.019999999552965164, 0.0, 0.0, 0.0]",0.9550160765647888,-0.49297505617141724,-0.6792192459106445,-0.062449753284454346,1.2729175090789795,0.1356208771467209,12.747203538878178,16.813527213658368
5150,5150,33,target_ahead,3,"[0.029999999329447746, 0.0, 0.0, 0.0]",0.9616268277168274,-0.5455869436264038,-0.6496726274490356,-0.017528653144836426,1.2824870347976685,0.07551569491624832,16.813527213658368,20.857567266580514
5150,5150,33,target_left,0,"[0.0, 0.0, 0.0, 0.0]",-0.8270429372787476,-1.1737951040267944,0.3475395143032074,0.1676594465970993,1.4868383407592773,0.0,0.0,8.174854867238997
5150,5150,33,target_left,1,"[0.009999999776482582, 0.0, 0.0, 0.0]",-0.786533534526825,-1.211260437965393,0.41262584924697876,0.3529123067855835,1.5429173707962036,0.2039595991373062,8.174854867238997,12.91577696380004
5150,5150,33,target_left,2,"[0.019999999552965164, 0.0, 0.0, 0.0]",-0.6242972612380981,-1.254684329032898,0.42150911688804626,0.4413948059082031,1.5285545587539673,0.19003765285015106,12.91577696380004,17.38004457336
5150,5150,33,target_left,3,"[0.029999999329447746, 0.0, 0.0, 0.0]",-0.5436063408851624,-1.2533740997314453,0.42141973972320557,0.48027658462524414,1.5082157850265503,0.08957980573177338,17.38004457336,21.671049126182115
5150,5150,33,ramp,0,"[-0.5, -0.4333333373069763, -0.36666667461395264, -0.30000001192092896]",-0.37345269322395325,-0.7196492552757263,0.4719843864440918,0.5901503562927246,1.1083359718322754,0.0,0.0,9.818062965556404
5150,5150,33,ramp,1,"[-0.47999998927116394, -0.41333332657814026, -0.3466666638851166, -0.2800000011920929]",-0.3326229155063629,-0.7408211827278137,0.6119835376739502,0.9467799663543701,1.3893775939941406,0.38587531447410583,9.818062965556404,14.433156666506688
5150,5150,33,ramp,2,"[-0.46000000834465027, -0.3933333456516266, -0.3266666829586029, -0.2600000202655792]",-0.3477526307106018,-0.7829649448394775,0.6044297814369202,0.996185302734375,1.4462664127349854,0.0671040341258049,14.433156666506688,19.393869483015465
5150,5150,33,ramp,3,"[-0.4399999976158142, -0.3733333349227905, -0.30666667222976685, -0.24000000953674316]",-0.3369068503379822,-0.8116605877876282,0.5921255350112915,0.9947656393051147,1.4534339904785156,0.03308293595910072,19.393869483015465,24.362071071882532
5175,5175,33,zero_hold,0,"[0.0, 0.0, 0.0, 0.0]",-0.45600277185440063,-0.09575042128562927,-0.04734232649207115,0.4548909068107605,0.6528964042663574,0.0,0.0,4.815654003778721
5175,5175,33,zero_hold,1,"[0.0, 0.0, 0.0, 0.0]",-0.3717668652534485,0.1438957154750824,0.07335447520017624,0.6912387013435364,0.8013166785240173,0.36736080050468445,4.815654003778721,7.793154367419796
5175,5175,33,zero_hold,2,"[0.0, 0.0, 0.0, 0.0]",0.2201382964849472,0.11723533272743225,0.046058379113674164,0.8231592178344727,0.8613463044166565,0.6076270341873169,7.793154367419796,10.228283708636381
5175,5175,33,zero_hold,3,"[0.0, 0.0, 0.0, 0.0]",0.32699093222618103,0.039319589734077454,-0.05466095358133316,0.8153345584869385,0.8810376524925232,0.1664150208234787,10.228283708636381,12.148953591447084
5175,5175,33,target_ahead,0,"[0.0, 0.0, 0.0, 0.0]",1.3126630783081055,-0.26268744468688965,-0.6354475021362305,0.10564406216144562,1.4856120347976685,0.0,0.0,8.59421294873209
5175,5175,33,target_ahead,1,"[0.009999999776482582, 0.0, 0.0, 0.0]",1.1584248542785645,-0.3582104742527008,-0.6647452116012573,0.03540647402405739,1.3832579851150513,0.19673778116703033,8.59421294873209,12.755986711303429
5175,5175,33,target_ahead,2,"[0.019999999552965164, 0.0, 0.0, 0.0]",1.070410132408142,-0.45516711473464966,-0.6590810418128967,0.005495715886354446,1.3369266986846924,0.13443927466869354,12.755986711303429,16.792811808979067
5175,5175,33,target_ahead,3,"[0.029999999329447746, 0.0, 0.0, 0.0]",1.054473876953125,-0.500863254070282,-0.6333768963813782,0.03881539776921272,1.3287031650543213,0.06413272023200989,16.792811808979067,20.817535758628498
5175,5175,33,target_left,0,"[0.0, 0.0, 0.0, 0.0]",-0.7941450476646423,-1.1762235164642334,0.3432387113571167,0.1927388459444046,1.4727963209152222,0.0,0.0,8.15452605396241
5175,5175,33,target_left,1,"[0.009999999776482582, 0.0, 0.0, 0.0]",-0.7353386282920837,-1.2078206539154053,0.4091978371143341,0.3809587359428406,1.5205676555633545,0.21031858026981354,8.15452605396241,12.865505472968966
5175,5175,33,target_left,2,"[0.019999999552965164, 0.0, 0.0, 0.0]",-0.5534443259239197,-1.2512896060943604,0.42093417048454285,0.466191828250885,1.5055054426193237,0.20585797727108002,12.865505472968966,17.305891187662322
5175,5175,33,target_left,3,"[0.029999999329447746, 0.0, 0.0, 0.0]",-0.48484715819358826,-1.2526708841323853,0.4245554804801941,0.5012137293815613,1.4952335357666016,0.07711761444807053,17.305891187662322,21.580990779543676
5175,5175,33,ramp,0,"[-0.5, -0.4333333373069763, -0.36666667461395264, -0.30000001192092896]",-0.41123247146606445,-0.7253949642181396,0.4712805151939392,0.6315117478370667,1.1472673416137695,0.0,0.0,9.825255473866655
5175,5175,33,ramp,1,"[-0.47999998927116394, -0.41333332657814026, -0.3466666638851166, -0.2800000011920929]",-0.3594602644443512,-0.7366001605987549,0.5962886810302734,0.9692947268486023,1.4024564027786255,0.364047110080719,9.825255473866655,14.442846642089949
5175,5175,33,ramp,2,"[-0.46000000834465027, -0.3933333456516266, -0.3266666829586029, -0.2600000202655792]",-0.3719671368598938,-0.7788498997688293,0.5854646563529968,1.0158888101577759,1.4559415578842163,0.0650356113910675,14.442846642089949,19.389697425442083
5175,5175,33,ramp,3,"[-0.4399999976158142, -0.3733333349227905, -0.30666667222976685, -0.24000000953674316]",-0.36189985275268555,-0.8040076494216919,0.5718122124671936,1.0120923519134521,1.4590065479278564,0.03057883121073246,19.389697425442083,24.334886678335643
5200,5200,33,zero_hold,0,"[0.0, 0.0, 0.0, 0.0]",-0.460330992937088,-0.09808185696601868,-0.06109088286757469,0.4679796099662781,0.6665295958518982,0.0,0.0,4.758665253386147
5200,5200,33,zero_hold,1,"[0.0, 0.0, 0.0, 0.0]",-0.39748212695121765,0.11172249913215637,0.05726796016097069,0.7045666575431824,0.8186377286911011,0.34343862533569336,4.758665253386147,7.69593489525976
5200,5200,33,zero_hold,2,"[0.0, 0.0, 0.0, 0.0]",0.19575655460357666,0.0834837257862091,0.024613138288259506,0.8365865349769592,0.8635814785957336,0.6092824935913086,7.69593489525976,10.091763338481396
5200,5200,33,zero_hold,3,"[0.0, 0.0, 0.0, 0.0]",0.27815571427345276,0.010309013538062572,-0.07650215178728104,0.8248786926269531,0.8739303946495056,0.15001845359802246,10.091763338481396,11.954035476446943
5200,5200,33,target_ahead,0,"[0.0, 0.0, 0.0, 0.0]",1.2770558595657349,-0.24105802178382874,-0.638066828250885,0.14257016777992249,1.454797625541687,0.0,0.0,8.626630458844506
5200,5200,33,target_ahead,1,"[0.009999999776482582, 0.0, 0.0, 0.0]",1.16151762008667,-0.3265587389469147,-0.6790120005607605,0.08602134138345718,1.3871628046035767,0.15979279577732086,8.626630458844506,12.77495415852577
5200,5200,33,target_ahead,2,"[0.019999999552965164, 0.0, 0.0, 0.0]",1.0956847667694092,-0.4141303598880768,-0.6747416853904724,0.057869940996170044,1.35301673412323,0.11319669336080551,12.77495415852577,16.790908729774017
5200,5200,33,target_ahead,3,"[0.029999999329447746, 0.0, 0.0, 0.0]",1.087013602256775,-0.45741528272628784,-0.648716926574707,0.08663935214281082,1.3487651348114014,0.058768533170223236,16.790908729774017,20.806311442297265
5200,5200,33,target_left,0,"[0.0, 0.0, 0.0, 0.0]",-0.7830774784088135,-1.1829309463500977,0.3218693137168884,0.2053712010383606,1.4691197872161865,0.0,0.0,8.15737757765346
5200,5200,33,target_left,1,"[0.009999999776482582, 0.0, 0.0, 0.0]",-0.7504072189331055,-1.221924066543579,0.38385891914367676,0.388316810131073,1.5343881845474243,0.19974888861179352,8.15737757765346,12.883360661041955
5200,5200,33,target_left,2,"[0.019999999552965164, 0.0, 0.0, 0.0]",-0.5865118503570557,-1.2641395330429077,0.39613091945648193,0.4739270806312561,1.5243265628814697,0.19006198644638062,12.883360661041955,17.349460994658738
5200,5200,33,target_left,3,"[0.029999999329447746, 0.0, 0.0, 0.0]",-0.5134563446044922,-1.2633668184280396,0.39853495359420776,0.5115488767623901,1.5100481510162354,0.0822124257683754,17.349460994658738,21.636495796456927
5200,5200,33,ramp,0,"[-0.5, -0.4333333373069763, -0.36666667461395264, -0.30000001192092896]",-0.40959659218788147,-0.7100332975387573,0.44903743267059326,0.6657167077064514,1.1474885940551758,0.0,0.0,9.79872399190543
5200,5200,33,ramp,1,"[-0.47999998927116394, -0.41333332657814026, -0.3466666638851166, -0.2800000011920929]",-0.354645699262619,-0.6990696787834167,0.5587112307548523,0.9889304041862488,1.3800773620605469,0.3458832800388336,9.79872399190543,14.410932728799642
5200,5200,33,ramp,2,"[-0.46000000834465027, -0.3933333456516266, -0.3266666829586029, -0.2600000202655792]",-0.3641718924045563,-0.7319437861442566,0.547115683555603,1.031549096107483,1.4254094362258911,0.05587723106145859,14.410932728799642,19.364231339219582
5200,5200,33,ramp,3,"[-0.4399999976158142, -0.3733333349227905, -0.30666667222976685, -0.24000000953674316]",-0.3550522029399872,-0.7562457919120789,0.533184289932251,1.0260648727416992,1.4265568256378174,0.02996525727212429,19.364231339219582,24.31918934335926
5225,5225,33,zero_hold,0,"[0.0, 0.0, 0.0, 0.0]",-0.44135335087776184,-0.08502977341413498,-0.08012457937002182,0.47702503204345703,0.6602996587753296,0.0,0.0,4.665120123444379
5225,5225,33,zero_hold,1,"[0.0, 0.0, 0.0, 0.0]",-0.3598487079143524,0.13736353814601898,0.020866669714450836,0.7228264212608337,0.8193126916885376,0.3559766113758087,4.665120123444379,7.5845764718175825
5225,5225,33,zero_hold,2,"[0.0, 0.0, 0.0, 0.0]",0.17495885491371155,0.1063830778002739,-0.012260930612683296,0.8556159734725952,0.8798618912696838,0.5529099702835083,7.5845764718175825,9.95818098680312
5225,5225,33,zero_hold,3,"[0.0, 0.0, 0.0, 0.0]",0.2492789626121521,0.03566243499517441,-0.09817229211330414,0.8423352837562561,0.8846346139907837,0.1344694197177887,9.95818098680312,11.82750269122206
5225,5225,33,target_ahead,0,"[0.0, 0.0, 0.0, 0.0]",1.2618683576583862,-0.23705773055553436,-0.6293668150901794,0.15360304713249207,1.4381253719329834,0.0,0.0,8.635812975981768
5225,5225,33,target_ahead,1,"[0.009999999776482582, 0.0, 0.0, 0.0]",1.1810213327407837,-0.3376990258693695,-0.6643625497817993,0.11113283038139343,1.400921106338501,0.14033293724060059,8.635812975981768,12.812851003956846
5225,5225,33,target_ahead,2,"[0.019999999552965164, 0.0, 0.0, 0.0]",1.1090377569198608,-0.4275277554988861,-0.6550472974777222,0.08116428554058075,1.3595658540725708,0.1193135529756546,12.812851003956846,16.87823264299207
5225,5225,33,target_ahead,3,"[0.029999999329447746, 0.0, 0.0, 0.0]",1.0912736654281616,-0.4768519401550293,-0.627790629863739,0.1064748615026474,1.35045325756073,0.06428054720163345,16.87823264299207,20.942100773887397
5225,5225,33,target_left,0,"[0.0, 0.0, 0.0, 0.0]",-0.756271481513977,-1.1667180061340332,0.31231147050857544,0.2159038484096527,1.4412946701049805,0.0,0.0,8.141371638158919
5225,5225,33,target_left,1,"[0.009999999776482582, 0.0, 0.0, 0.0]",-0.7000075578689575,-1.2049000263214111,0.36955201625823975,0.39222532510757446,1.494056224822998,0.19745692610740662,8.141371638158919,12.89083046394923
5225,5225,33,target_left,2,"[0.019999999552965164, 0.0, 0.0, 0.0]",-0.5215306878089905,-1.2460676431655884,0.38141337037086487,0.478310763835907,1.4828810691833496,0.20273174345493317,12.89083046394923,17.383094580936415
5225,5225,33,target_left,3,"[0.029999999329447746, 0.0, 0.0, 0.0]",-0.46269047260284424,-1.2459044456481934,0.3852175772190094,0.512948751449585,1.475760579109192,0.06838464736938477,17.383094580936415,21.699485579394608
5225,5225,33,ramp,0,"[-0.5, -0.4333333373069763, -0.36666667461395264, -0.30000001192092896]",-0.4398680031299591,-0.6786903142929077,0.48939430713653564,0.6362825036048889,1.139502763748169,0.0,0.0,9.774734007064316
5225,5225,33,ramp,1,"[-0.47999998927116394, -0.41333332657814026, -0.3466666638851166, -0.2800000011920929]",-0.38626888394355774,-0.6692678928375244,0.5657146573066711,0.981829047203064,1.3715481758117676,0.35803472995758057,9.774734007064316,14.492708131005992
5225,5225,33,ramp,2,"[-0.46000000834465027, -0.3933333456516266, -0.3266666829586029, -0.2600000202655792]",-0.4037792682647705,-0.7005675435066223,0.5567448139190674,1.0210524797439575,1.4164552688598633,0.05390007048845291,14.492708131005992,19.490439252635376
5225,5225,33,ramp,3,"[-0.4399999976158142, -0.3733333349227905, -0.30666667222976685, -0.24000000953674316]",-0.39406856894493103,-0.7278029918670654,0.548431932926178,1.0107182264328003,1.4167978763580322,0.03181144595146179,19.490439252635376,24.477723305617296
5250,5250,33,zero_hold,0,"[0.0, 0.0, 0.0, 0.0]",-0.44558313488960266,-0.09998121857643127,-0.07538323104381561,0.48749682307243347,0.6722174882888794,0.0,0.0,4.728644381657411
5250,5250,33,zero_hold,1,"[0.0, 0.0, 0.0, 0.0]",-0.3953041136264801,0.11600062996149063,0.03272245079278946,0.7445315718650818,0.8515394926071167,0.3562721312046051,4.728644381657411,7.683794272149766
5250,5250,33,zero_hold,2,"[0.0, 0.0, 0.0, 0.0]",0.1739172637462616,0.08824770897626877,-0.006033061072230339,0.8816413283348083,0.9029743671417236,0.587438702583313,7.683794272149766,10.150988958858209
5250,5250,33,zero_hold,3,"[0.0, 0.0, 0.0, 0.0]",0.2780587375164032,0.018058188259601593,-0.10119204223155975,0.8759020566940308,0.924709141254425,0.15767113864421844,10.150988958858209,12.122517563480407
5250,5250,33,target_ahead,0,"[0.0, 0.0, 0.0, 0.0]",1.2913413047790527,-0.26774394512176514,-0.6254025101661682,0.17186863720417023,1.4696654081344604,0.0,0.0,8.630812234255185
5250,5250,33,target_ahead,1,"[0.009999999776482582, 0.0, 0.0, 0.0]",1.2188650369644165,-0.35142841935157776,-0.6644431352615356,0.1751193255186081,1.4426660537719727,0.11743354797363281,8.630812234255185,12.809992405803753
5250,5250,33,target_ahead,2,"[0.019999999552965164, 0.0, 0.0, 0.0]",1.1485100984573364,-0.4325559139251709,-0.6576656103134155,0.14651472866535187,1.400061011314392,0.11133573204278946,12.809992405803753,16.880624190527975
5250,5250,33,target_ahead,3,"[0.029999999329447746, 0.0, 0.0, 0.0]",1.1225905418395996,-0.47722357511520386,-0.6315208077430725,0.16299714148044586,1.3832348585128784,0.060185082256793976,16.880624190527975,20.966611747791124
5250,5250,33,target_left,0,"[0.0, 0.0, 0.0, 0.0]",-0.7848089933395386,-1.184813380241394,0.3091326057910919,0.23700104653835297,1.4735808372497559,0.0,0.0,8.21520825620134
5250,5250,33,target_left,1,"[0.009999999776482582, 0.0, 0.0, 0.0]",-0.7445704936981201,-1.240673303604126,0.3571951389312744,0.41392627358436584,1.5467963218688965,0.19583669304847717,8.21520825620134,13.003692701217092
5250,5250,33,target_left,2,"[0.019999999552965164, 0.0, 0.0, 0.0]",-0.5681480765342712,-1.2834103107452393,0.3636672794818878,0.49889978766441345,1.5333261489868164,0.20053355395793915,13.003692701217092,17.541440247460333
5250,5250,33,target_left,3,"[0.029999999329447746, 0.0, 0.0, 0.0]",-0.5042255520820618,-1.2807817459106445,0.36478203535079956,0.5351746678352356,1.5212242603302002,0.07355343550443649,17.541440247460333,21.90462108540191
5250,5250,33,ramp,0,"[-0.5, -0.4333333373069763, -0.36666667461395264, -0.30000001192092896]",-0.44252100586891174,-0.713997483253479,0.49241912364959717,0.643779456615448,1.1672813892364502,0.0,0.0,9.816059108313025
5250,5250,33,ramp,1,"[-0.47999998927116394, -0.41333332657814026, -0.3466666638851166, -0.2800000011920929]",-0.3766510784626007,-0.7537360787391663,0.5780400633811951,1.0176736116409302,1.442142128944397,0.391210675239563,9.816059108313025,14.54036114075755
5250,5250,33,ramp,2,"[-0.46000000834465027, -0.3933333456516266, -0.3266666829586029, -0.2600000202655792]",-0.3976723253726959,-0.7982664108276367,0.5720200538635254,1.059949278831482,1.498690128326416,0.06517910957336426,14.54036114075755,19.569153657449792
5250,5250,33,ramp,3,"[-0.4399999976158142, -0.3733333349227905, -0.30666667222976685, -0.24000000953674316]",-0.38318923115730286,-0.8281755447387695,0.5594172477722168,1.0515223741531372,1.5004518032073975,0.0365261510014534,19.569153657449792,24.614189062613974
5275,5275,33,zero_hold,0,"[0.0, 0.0, 0.0, 0.0]",-0.43866676092147827,-0.095789834856987,-0.06061139330267906,0.484586238861084,0.6634016633033752,0.0,0.0,4.729146998764224
5275,5275,33,zero_hold,1,"[0.0, 0.0, 0.0, 0.0]",-0.3816342055797577,0.1022949144244194,0.048967137932777405,0.7345490455627441,0.8355052471160889,0.3420221209526062,4.729146998764224,7.678401297194427
5275,5275,33,zero_hold,2,"[0.0, 0.0, 0.0, 0.0]",0.1929130107164383,0.05624597892165184,0.010675154626369476,0.8738148212432861,0.896685779094696,0.5942106246948242,7.678401297194427,10.13720481449615
5275,5275,33,zero_hold,3,"[0.0, 0.0, 0.0, 0.0]",0.2898613512516022,-0.024091217666864395,-0.0860397219657898,0.8676697015762329,0.9191591143608093,0.1588854193687439,10.13720481449615,12.101801924188141
5275,5275,33,target_ahead,0,"[0.0, 0.0, 0.0, 0.0]",1.2644941806793213,-0.25198304653167725,-0.5933036208152771,0.20694950222969055,1.4343215227127075,0.0,0.0,8.649657250130987
5275,5275,33,target_ahead,1,"[0.009999999776482582, 0.0, 0.0, 0.0]",1.2076735496520996,-0.3771125376224518,-0.6207234263420105,0.18426847457885742,1.4212465286254883,0.14195860922336578,8.649657250130987,12.84348688070542
5275,5275,33,target_ahead,2,"[0.019999999552965164, 0.0, 0.0, 0.0]",1.1261721849441528,-0.45885735750198364,-0.6111478209495544,0.1493813693523407,1.369171380996704,0.12096896767616272,12.84348688070542,16.910938928265878
5275,5275,33,target_ahead,3,"[0.029999999329447746, 0.0, 0.0, 0.0]",1.0868432521820068,-0.4982241094112396,-0.5932312607765198,0.16288837790489197,1.3445860147476196,0.05999957025051117,16.910938928265878,20.996479091156516
5275,5275,33,target_left,0,"[0.0, 0.0, 0.0, 0.0]",-0.7689487934112549,-1.1855500936508179,0.32460057735443115,0.2265045940876007,1.4674744606018066,0.0,0.0,8.169992327193851
5275,5275,33,target_left,1,"[0.009999999776482582, 0.0, 0.0, 0.0]",-0.7164061069488525,-1.2475188970565796,0.366458535194397,0.4084767699241638,1.539703369140625,0.20363405346870422,8.169992327193851,12.928619829034087
5275,5275,33,target_left,2,"[0.019999999552965164, 0.0, 0.0, 0.0]",-0.5239882469177246,-1.2916747331619263,0.37056612968444824,0.5013610124588013,1.5269805192947388,0.2182171493768692,12.928619829034087,17.433384141594445
5275,5275,33,target_left,3,"[0.029999999329447746, 0.0, 0.0, 0.0]",-0.4597637951374054,-1.2914724349975586,0.3711239695549011,0.5390077829360962,1.5190609693527222,0.07444737106561661,17.433384141594445,21.756985463982048
5275,5275,33,ramp,0,"[-0.5, -0.4333333373069763, -0.36666667461395264, -0.30000001192092896]",-0.45537951588630676,-0.7162476778030396,0.5144999623298645,0.6235194802284241,1.1721211671829224,0.0,0.0,9.811698422505867
5275,5275,33,ramp,1,"[-0.47999998927116394, -0.41333332657814026, -0.3466666638851166, -0.2800000011920929]",-0.38451552391052246,-0.7711719870567322,0.5869362950325012,0.991628885269165,1.4388816356658936,0.3857330083847046,9.811698422505867,14.508143634409643
5275,5275,33,ramp,2,"[-0.46000000834465027, -0.3933333456516266, -0.3266666829586029, -0.2600000202655792]",-0.3975432515144348,-0.8309906125068665,0.5743545889854431,1.0404090881347656,1.5036356449127197,0.07928302139043808,14.508143634409643,19.508406891035357
5275,5275,33,ramp,3,"[-0.4399999976158142, -0.3733333349227905, -0.30666667222976685, -0.24000000953674316]",-0.37685394287109375,-0.8621251583099365,0.5525282025337219,1.0391345024108887,1.506773591041565,0.04330615699291229,19.508406891035357,24.529864787534876
5300,5300,33,zero_hold,0,"[0.0, 0.0, 0.0, 0.0]",-0.40833133459091187,-0.07898969203233719,-0.07258640229701996,0.4828283190727234,0.6413780450820923,0.0,0.0,4.7176629670519645
5300,5300,33,zero_hold,1,"[0.0, 0.0, 0.0, 0.0]",-0.3778674602508545,0.10881412774324417,0.02686411887407303,0.7311816215515137,0.8306458592414856,0.328280508518219,4.7176629670519645,7.653486790711322
5300,5300,33,zero_hold,2,"[0.0, 0.0, 0.0, 0.0]",0.18597689270973206,0.060475967824459076,-0.015413357876241207,0.8794848918914795,0.9010970592498779,0.5865477323532104,7.653486790711322,10.101633009935831
5300,5300,33,zero_hold,3,"[0.0, 0.0, 0.0, 0.0]",0.2973385155200958,-0.015838870778679848,-0.10782685875892639,0.8807936906814575,0.9359942674636841,0.16360725462436676,10.101633009935831,12.077792450841622
5300,5300,33,target_ahead,0,"[0.0, 0.0, 0.0, 0.0]",1.2533961534500122,-0.26213309168815613,-0.5830370783805847,0.2598033547401428,1.4307849407196045,0.0,0.0,8.621807190529832
5300,5300,33,target_ahead,1,"[0.009999999776482582, 0.0, 0.0, 0.0]",1.1951560974121094,-0.34641849994659424,-0.6187266111373901,0.22753822803497314,1.408190369606018,0.11318442970514297,8.621807190529832,12.872006214579736
5300,5300,33,target_ahead,2,"[0.019999999552965164, 0.0, 0.0, 0.0]",1.1151591539382935,-0.418172687292099,-0.6128624081611633,0.1919039934873581,1.3530986309051514,0.11336825788021088,12.872006214579736,16.98217649914649
5300,5300,33,target_ahead,3,"[0.029999999329447746, 0.0, 0.0, 0.0]",1.0689460039138794,-0.4534582495689392,-0.6001198887825012,0.19721560180187225,1.3218576908111572,0.0597604475915432,16.98217649914649,21.10195675788941
5300,5300,33,target_left,0,"[0.0, 0.0, 0.0, 0.0]",-0.7348485589027405,-1.1607619524002075,0.2922373116016388,0.2485790252685547,1.4263818264007568,0.0,0.0,8.137160939279136
5300,5300,33,target_left,1,"[0.009999999776482582, 0.0, 0.0, 0.0]",-0.6392977833747864,-1.2297526597976685,0.33409425616264343,0.43560028076171875,1.4907581806182861,0.22498582303524017,8.137160939279136,12.853604564553121
5300,5300,33,target_left,2,"[0.019999999552965164, 0.0, 0.0, 0.0]",-0.4403645992279053,-1.278971552848816,0.3392947018146515,0.5284677743911743,1.491337776184082,0.22505182027816772,12.853604564553121,17.32778634535604
5300,5300,33,target_left,3,"[0.029999999329447746, 0.0, 0.0, 0.0]",-0.38782909512519836,-1.2803477048873901,0.3407815992832184,0.5644180774688721,1.4914427995681763,0.06369072198867798,17.32778634535604,21.621197448426823
5300,5300,33,ramp,0,"[-0.5, -0.4333333373069763, -0.36666667461395264, -0.30000001192092896]",-0.43826165795326233,-0.6741608381271362,0.45345330238342285,0.6287443041801453,1.1169178485870361,0.0,0.0,9.811952041316458
5300,5300,33,ramp,1,"[-0.47999998927116394, -0.41333332657814026, -0.3466666638851166, -0.2800000011920929]",-0.36434704065322876,-0.7006281018257141,0.5380343794822693,1.0053317546844482,1.3870116472244263,0.393873006105423,9.811952041316458,14.494530909674443
5300,5300,33,ramp,2,"[-0.46000000834465027, -0.3933333456516266, -0.3266666829586029, -0.2600000202655792]",-0.3634183406829834,-0.7577553987503052,0.5343565940856934,1.0660189390182495,1.4588350057601929,0.08343171328306198,14.494530909674443,19.492936420425327
5300,5300,33,ramp,3,"[-0.4399999976158142, -0.3733333349227905, -0.30666667222976685, -0.24000000953674316]",-0.34422019124031067,-0.7923614978790283,0.5090668797492981,1.0684804916381836,1.4653067588806152,0.047029562294483185,19.492936420425327,24.47599763722882
5325,5325,33,zero_hold,0,"[0.0, 0.0, 0.0, 0.0]",-0.4472964406013489,-0.05720141530036926,-0.06404627114534378,0.4589628577232361,0.6466026306152344,0.0,0.0,4.679242206976148
5325,5325,33,zero_hold,1,"[0.0, 0.0, 0.0, 0.0]",-0.4261161983013153,0.143099844455719,0.0397113636136055,0.7090182304382324,0.840438187122345,0.33743521571159363,4.679242206976148,7.612876304362444
5325,5325,33,zero_hold,2,"[0.0, 0.0, 0.0, 0.0]",0.14247241616249084,0.09816030412912369,-0.0011753836879506707,0.8608623743057251,0.8780770301818848,0.5916425585746765,7.612876304362444,10.04031734741627
5325,5325,33,zero_hold,3,"[0.0, 0.0, 0.0, 0.0]",0.25275924801826477,0.015269466675817966,-0.0981183871626854,0.8576862215995789,0.8996517658233643,0.1686478853225708,10.04031734741627,11.979244315090087
5325,5325,33,target_ahead,0,"[0.0, 0.0, 0.0, 0.0]",1.2299301624298096,-0.24334006011486053,-0.5806732773780823,0.24611881375312805,1.4034595489501953,0.0,0.0,8.612039304402542
5325,5325,33,target_ahead,1,"[0.009999999776482582, 0.0, 0.0, 0.0]",1.1791634559631348,-0.34936797618865967,-0.6153023838996887,0.18991217017173767,1.388217568397522,0.13482409715652466,8.612039304402542,12.792119048545704
5325,5325,33,target_ahead,2,"[0.019999999552965164, 0.0, 0.0, 0.0]",1.1212586164474487,-0.4232310652732849,-0.6023961305618286,0.1604112684726715,1.3509101867675781,0.0992250069975853,12.792119048545704,16.84680092561525
5325,5325,33,target_ahead,3,"[0.029999999329447746, 0.0, 0.0, 0.0]",1.0932433605194092,-0.4591047763824463,-0.583646833896637,0.17640766501426697,1.3333122730255127,0.051760975271463394,16.84680092561525,20.926007405279858
5325,5325,33,target_left,0,"[0.0, 0.0, 0.0, 0.0]",-0.7585459351539612,-1.1646292209625244,0.2979622185230255,0.2264353334903717,1.4393775463104248,0.0,0.0,8.136017332045506
5325,5325,33,target_left,1,"[0.009999999776482582, 0.0, 0.0, 0.0]",-0.6745975613594055,-1.223704218864441,0.33393028378486633,0.42308786511421204,1.497680425643921,0.22472895681858063,8.136017332045506,12.884470035556589
5325,5325,33,target_left,2,"[0.019999999552965164, 0.0, 0.0, 0.0]",-0.4639925956726074,-1.2716200351715088,0.33966371417045593,0.5161206126213074,1.487971305847168,0.23524102568626404,12.884470035556589,17.38759476630964
5325,5325,33,target_left,3,"[0.029999999329447746, 0.0, 0.0, 0.0]",-0.40506237745285034,-1.271498203277588,0.34209635853767395,0.551216185092926,1.4837967157363892,0.06863237172365189,17.38759476630964,21.716248012628583
5325,5325,33,ramp,0,"[-0.5, -0.4333333373069763, -0.36666667461395264, -0.30000001192092896]",-0.40026891231536865,-0.7079193592071533,0.4767818748950958,0.6187214255332947,1.1276090145111084,0.0,0.0,9.780466089776919
5325,5325,33,ramp,1,"[-0.47999998927116394, -0.41333332657814026, -0.3466666638851166, -0.2800000011920929]",-0.3461519181728363,-0.7416421175003052,0.5476139783859253,0.9958845973014832,1.400543212890625,0.38901814818382263,9.780466089776919,14.459751675846972
5325,5325,33,ramp,2,"[-0.46000000834465027, -0.3933333456516266, -0.3266666829586029, -0.2600000202655792]",-0.3591199517250061,-0.7988131046295166,0.5398511290550232,1.0557411909103394,1.474143147468567,0.08414134383201599,14.459751675846972,19.406015689465875
5325,5325,33,ramp,3,"[-0.4399999976158142, -0.3733333349227905, -0.30666667222976685, -0.24000000953674316]",-0.34206312894821167,-0.8281043767929077,0.5135461688041687,1.0613287687301636,1.4808485507965088,0.04326760768890381,19.406015689465875,24.35613079314152
5350,5350,33,zero_hold,0,"[0.0, 0.0, 0.0, 0.0]",-0.44923049211502075,-0.07554648816585541,-0.09045249968767166,0.4576703906059265,0.6520422697067261,0.0,0.0,4.681416077288675
5350,5350,33,zero_hold,1,"[0.0, 0.0, 0.0, 0.0]",-0.40749362111091614,0.11094945669174194,0.018351057544350624,0.7224436402320862,0.837031900882721,0.3441886007785797,4.681416077288675,7.6411558958346415
5350,5350,33,zero_hold,2,"[0.0, 0.0, 0.0, 0.0]",0.14381931722164154,0.06035076081752777,-0.009428348392248154,0.8709033131599426,0.8848093748092651,0.5738624930381775,7.6411558958346415,10.088671879898817
5350,5350,33,zero_hold,3,"[0.0, 0.0, 0.0, 0.0]",0.25416791439056396,-0.012177946045994759,-0.0978909283876419,0.862358570098877,0.9044305086135864,0.1591724455356598,10.088671879898817,12.066412351326596
5350,5350,33,target_ahead,0,"[0.0, 0.0, 0.0, 0.0]",1.1892814636230469,-0.22040686011314392,-0.5921525359153748,0.2136141061782837,1.3635413646697998,0.0,0.0,8.617147823278442
5350,5350,33,target_ahead,1,"[0.009999999776482582, 0.0, 0.0, 0.0]",1.1809519529342651,-0.29616597294807434,-0.6268557906150818,0.15375426411628723,1.3780241012573242,0.10293852537870407,8.617147823278442,12.758524573498336
5350,5350,33,target_ahead,2,"[0.019999999552965164, 0.0, 0.0, 0.0]",1.1327253580093384,-0.36754319071769714,-0.6125390529632568,0.13719984889030457,1.3461732864379883,0.08887929469347,12.758524573498336,16.753565254449438
5350,5350,33,target_ahead,3,"[0.029999999329447746, 0.0, 0.0, 0.0]",1.1044162511825562,-0.4047106206417084,-0.594643235206604,0.1593635380268097,1.3276005983352661,0.05472031608223915,16.753565254449438,20.774804373906793
5350,5350,33,target_left,0,"[0.0, 0.0, 0.0, 0.0]",-0.7460399866104126,-1.17123281955719,0.25200268626213074,0.23756468296051025,1.431189775466919,0.0,0.0,8.135348318947655
5350,5350,33,target_left,1,"[0.009999999776482582, 0.0, 0.0, 0.0]",-0.6786857843399048,-1.2302178144454956,0.2909868657588959,0.43877941370010376,1.5004169940948486,0.22365811467170715,8.135348318947655,12.858458510520293
5350,5350,33,target_left,2,"[0.019999999552965164, 0.0, 0.0, 0.0]",-0.4659784138202667,-1.2827869653701782,0.3002118468284607,0.5306292176246643,1.4947818517684937,0.23775918781757355,12.858458510520293,17.312896899770372
5350,5350,33,target_left,3,"[0.029999999329447746, 0.0, 0.0, 0.0]",-0.39416050910949707,-1.287172794342041,0.3033508360385895,0.5646366477012634,1.4909770488739014,0.07964549958705902,17.312896899770372,21.604142529939715
5350,5350,33,ramp,0,"[-0.5, -0.4333333373069763, -0.36666667461395264, -0.30000001192092896]",-0.42525753378868103,-0.6883387565612793,0.44036316871643066,0.607738196849823,1.1035939455032349,0.0,0.0,9.831774740812495
5350,5350,33,ramp,1,"[-0.47999998927116394, -0.41333332657814026, -0.3466666638851166, -0.2800000011920929]",-0.3566814363002777,-0.7243928909301758,0.536972165107727,1.0082857608795166,1.3989088535308838,0.4192543625831604,9.831774740812495,14.456532361597278
5350,5350,33,ramp,2,"[-0.46000000834465027, -0.3933333456516266, -0.3266666829586029, -0.2600000202655792]",-0.3686298131942749,-0.7832900881767273,0.5371828079223633,1.0724159479141235,1.4792134761810303,0.08788838982582092,14.456532361597278,19.37042905085815
5350,5350,33,ramp,3,"[-0.4399999976158142, -0.3733333349227905, -0.30666667222976685, -0.24000000953674316]",-0.3477596640586853,-0.813317060470581,0.520232081413269,1.080174207687378,1.4899123907089233,0.04104509577155113,19.37042905085815,24.27064284322419
5375,5375,33,zero_hold,0,"[0.0, 0.0, 0.0, 0.0]",-0.47527819871902466,-0.05756343528628349,-0.08573184162378311,0.45208361744880676,0.6640274524688721,0.0,0.0,4.744446350185413
5375,5375,33,zero_hold,1,"[0.0, 0.0, 0.0, 0.0]",-0.45413172245025635,0.1326245367527008,0.023440420627593994,0.7228507995605469,0.8642265796661377,0.349073201417923,4.744446350185413,7.688383743765902
5375,5375,33,zero_hold,2,"[0.0, 0.0, 0.0, 0.0]",0.0861639603972435,0.07277199625968933,-0.004971160087734461,0.880597710609436,0.8878046274185181,0.5667389631271362,7.688383743765902,10.108980003031494
5375,5375,33,zero_hold,3,"[0.0, 0.0, 0.0, 0.0]",0.2137327939271927,0.0068979449570178986,-0.08838921785354614,0.8860934376716614,0.9158075451850891,0.1661384254693985,10.108980003031494,12.07277381852376
5375,5375,33,target_ahead,0,"[0.0, 0.0, 0.0, 0.0]",1.1157689094543457,-0.22546018660068512,-0.6020381450653076,0.20933905243873596,1.3046245574951172,0.0,0.0,8.577049982139933
5375,5375,33,target_ahead,1,"[0.009999999776482582, 0.0, 0.0, 0.0]",1.1201032400131226,-0.2807769179344177,-0.6314980983734131,0.16486969590187073,1.3264384269714355,0.07696843147277832,8.577049982139933,12.69144473072238
5375,5375,33,target_ahead,2,"[0.019999999552965164, 0.0, 0.0, 0.0]",1.0662091970443726,-0.34957587718963623,-0.6169992685317993,0.15228652954101562,1.2895288467407227,0.08947858214378357,12.69144473072238,16.659427211506074
5375,5375,33,target_ahead,3,"[0.029999999329447746, 0.0, 0.0, 0.0]",1.0259958505630493,-0.3830481767654419,-0.6038960814476013,0.17050966620445251,1.262203335762024,0.05693227797746658,16.659427211506074,20.642425513175805
5375,5375,33,target_left,0,"[0.0, 0.0, 0.0, 0.0]",-0.7577774524688721,-1.1547350883483887,0.24763602018356323,0.25325560569763184,1.4258687496185303,0.0,0.0,8.148139803530695
5375,5375,33,target_left,1,"[0.009999999776482582, 0.0, 0.0, 0.0]",-0.672813355922699,-1.2085872888565063,0.27967965602874756,0.4438440501689911,1.4793847799301147,0.2178754359483719,8.148139803530695,12.840073364734423
5375,5375,33,target_left,2,"[0.019999999552965164, 0.0, 0.0, 0.0]",-0.47215086221694946,-1.265152096748352,0.29111579060554504,0.5327563285827637,1.480578899383545,0.22693873941898346,12.840073364734423,17.267609690428294
5375,5375,33,target_left,3,"[0.029999999329447746, 0.0, 0.0, 0.0]",-0.4062054753303528,-1.269668698310852,0.2963249683380127,0.5686748623847961,1.47927725315094,0.0754086896777153,17.267609690428294,21.540768518207457
5375,5375,33,ramp,0,"[-0.5, -0.4333333373069763, -0.36666667461395264, -0.30000001192092896]",-0.49173885583877563,-0.6871951222419739,0.4474849998950958,0.5920459628105164,1.1246356964111328,0.0,0.0,9.831700237747086
5375,5375,33,ramp,1,"[-0.47999998927116394, -0.41333332657814026, -0.3466666638851166, -0.2800000011920929]",-0.4036482572555542,-0.7129824757575989,0.5449824333190918,0.9868355989456177,1.393601894378662,0.41688072681427,9.831700237747086,14.519319069809198
5375,5375,33,ramp,2,"[-0.46000000834465027, -0.3933333456516266, -0.3266666829586029, -0.2600000202655792]",-0.40973910689353943,-0.7733173966407776,0.544338583946228,1.0560169219970703,1.4755955934524536,0.09199929982423782,14.519319069809198,19.489275231431712
5375,5375,33,ramp,3,"[-0.4399999976158142, -0.3733333349227905, -0.30666667222976685, -0.24000000953674316]",-0.3908722400665283,-0.8019304871559143,0.5298398733139038,1.0663261413574219,1.4878358840942383,0.03861554339528084,19.489275231431712,24.41682210906951
5400,5400,33,zero_hold,0,"[0.0, 0.0, 0.0, 0.0]",-0.45444032549858093,-0.06037726625800133,-0.0910785049200058,0.43858104944229126,0.6409446597099304,0.0,0.0,4.762450689376921
5400,5400,33,zero_hold,1,"[0.0, 0.0, 0.0, 0.0]",-0.408657044172287,0.11861353367567062,0.012148294597864151,0.7264857888221741,0.8420207500457764,0.3573215901851654,4.762450689376921,7.7267000366987535
5400,5400,33,zero_hold,2,"[0.0, 0.0, 0.0, 0.0]",0.13524045050144196,0.04959401860833168,-0.029019907116889954,0.8925222158432007,0.9045372605323792,0.5743266940116882,7.7267000366987535,10.146302867708393
5400,5400,33,zero_hold,3,"[0.0, 0.0, 0.0, 0.0]",0.24655412137508392,-0.02473103627562523,-0.1343756914138794,0.8965034484863281,0.9397743344306946,0.17038379609584808,10.146302867708393,12.116220313336985
5400,5400,33,target_ahead,0,"[0.0, 0.0, 0.0, 0.0]",1.0921196937561035,-0.17507824301719666,-0.6262919902801514,0.2020917385816574,1.287035584449768,0.0,0.0,8.59873847122795
5400,5400,33,target_ahead,1,"[0.009999999776482582, 0.0, 0.0, 0.0]",1.050668716430664,-0.23118698596954346,-0.676403284072876,0.1501390039920807,1.2796152830123901,0.10038228332996368,8.59873847122795,12.768003198504005
5400,5400,33,target_ahead,2,"[0.019999999552965164, 0.0, 0.0, 0.0]",1.0022541284561157,-0.31001389026641846,-0.669809103012085,0.14175330102443695,1.2527410984039307,0.09312064945697784,12.768003198504005,16.800064594038787
5400,5400,33,target_ahead,3,"[0.029999999329447746, 0.0, 0.0, 0.0]",0.9620717763900757,-0.35185331106185913,-0.6602405309677124,0.15659119188785553,1.228747844696045,0.06063727289438248,16.800064594038787,20.828449492736105
5400,5400,33,target_left,0,"[0.0, 0.0, 0.0, 0.0]",-0.7255508303642273,-1.182352900505066,0.2552034556865692,0.24540574848651886,1.4316896200180054,0.0,0.0,8.177472110612687
5400,5400,33,target_left,1,"[0.009999999776482582, 0.0, 0.0, 0.0]",-0.6502320766448975,-1.239580512046814,0.2937873899936676,0.44760191440582275,1.4986727237701416,0.2265390157699585,8.177472110612687,12.893349050013944
5400,5400,33,target_left,2,"[0.019999999552965164, 0.0, 0.0, 0.0]",-0.45443424582481384,-1.2900738716125488,0.3081606328487396,0.540067195892334,1.5024768114089966,0.22280661761760712,12.893349050013944,17.366848651815754
5400,5400,33,target_left,3,"[0.029999999329447746, 0.0, 0.0, 0.0]",-0.38694778084754944,-1.293379545211792,0.3132677376270294,0.5766231417655945,1.5010631084442139,0.07699201256036758,17.366848651815754,21.67943221055885
5400,5400,33,ramp,0,"[-0.5, -0.4333333373069763, -0.36666667461395264, -0.30000001192092896]",-0.4632962644100189,-0.6988407373428345,0.4610183537006378,0.5287915468215942,1.0932430028915405,0.0,0.0,9.85011034975837
5400,5400,33,ramp,1,"[-0.47999998927116394, -0.41333332657814026, -0.3466666638851166, -0.2800000011920929]",-0.36880388855934143,-0.7377647757530212,0.5611869096755981,0.9435612559318542,1.3731539249420166,0.4387613534927368,9.85011034975837,14.547412865980347
5400,5400,33,ramp,2,"[-0.46000000834465027, -0.3933333456516266, -0.3266666829586029, -0.2600000202655792]",-0.3913576304912567,-0.7994331121444702,0.5599576234817505,1.0279656648635864,1.4705510139465332,0.10694517195224762,14.547412865980347,19.542588755751705
5400,5400,33,ramp,3,"[-0.4399999976158142, -0.3733333349227905, -0.30666667222976685, -0.24000000953674316]",-0.37959834933280945,-0.8306835889816284,0.5439558029174805,1.0435618162155151,1.489643931388855,0.04017674922943115,19.542588755751705,24.511184481207923
5425,5425,33,zero_hold,0,"[0.0, 0.0, 0.0, 0.0]",-0.4726507365703583,-0.05010043829679489,-0.08291290700435638,0.4538247585296631,0.6623746752738953,0.0,0.0,4.7991852770717705
5425,5425,33,zero_hold,1,"[0.0, 0.0, 0.0, 0.0]",-0.4446975290775299,0.12766529619693756,0.03371453285217285,0.7306901812553406,0.8655051589012146,0.3501977324485779,4.7991852770717705,7.747845020088932
5425,5425,33,zero_hold,2,"[0.0, 0.0, 0.0, 0.0]",0.07678161561489105,0.05969206243753433,0.0009801576379686594,0.8867259621620178,0.892043948173523,0.5495266318321228,7.747845020088932,10.148842011115576
5425,5425,33,zero_hold,3,"[0.0, 0.0, 0.0, 0.0]",0.17945566773414612,-0.015356532298028469,-0.09841550886631012,0.8916558623313904,0.9149731993675232,0.16148701310157776,10.148842011115576,12.123781217672503
5425,5425,33,target_ahead,0,"[0.0, 0.0, 0.0, 0.0]",1.0014255046844482,-0.20832686126232147,-0.5920866131782532,0.24305763840675354,1.2066054344177246,0.0,0.0,8.563231772579748
5425,5425,33,target_ahead,1,"[0.009999999776482582, 0.0, 0.0, 0.0]",0.965760350227356,-0.26383107900619507,-0.6361495852470398,0.2039284110069275,1.2035667896270752,0.08846108615398407,8.563231772579748,12.659903492360195
5425,5425,33,target_ahead,2,"[0.019999999552965164, 0.0, 0.0, 0.0]",0.937625527381897,-0.34380465745925903,-0.6227443814277649,0.19890394806861877,1.1936149597167969,0.08597840368747711,12.659903492360195,16.64654225947891
5425,5425,33,target_ahead,3,"[0.029999999329447746, 0.0, 0.0, 0.0]",0.9102279543876648,-0.3848647177219391,-0.6083011627197266,0.21534433960914612,1.180270791053772,0.05399489402770996,16.64654225947891,20.632536681419698
5425,5425,33,target_left,0,"[0.0, 0.0, 0.0, 0.0]",-0.7361942529678345,-1.1844420433044434,0.2665591239929199,0.25284191966056824,1.4421746730804443,0.0,0.0,8.20881767254139
5425,5425,33,target_left,1,"[0.009999999776482582, 0.0, 0.0, 0.0]",-0.6663307547569275,-1.2531135082244873,0.2975616753101349,0.4400675892829895,1.515418291091919,0.21356800198554993,8.20881767254139,12.90309988176272
5425,5425,33,target_left,2,"[0.019999999552965164, 0.0, 0.0, 0.0]",-0.4727378189563751,-1.3043465614318848,0.31024369597435,0.5297253131866455,1.5171226263046265,0.21977804601192474,12.90309988176272,17.348780355854334
5425,5425,33,target_left,3,"[0.029999999329447746, 0.0, 0.0, 0.0]",-0.4084329605102539,-1.3085006475448608,0.313422828912735,0.5652132034301758,1.5154838562011719,0.0736333355307579,17.348780355854334,21.63393484428711
5425,5425,33,ramp,0,"[-0.5, -0.4333333373069763, -0.36666667461395264, -0.30000001192092896]",-0.45665132999420166,-0.6993110179901123,0.46189895272254944,0.550872266292572,1.1019878387451172,0.0,0.0,9.823849067813862
5425,5425,33,ramp,1,"[-0.47999998927116394, -0.41333332657814026, -0.3466666638851166, -0.2800000011920929]",-0.3934248387813568,-0.7373251914978027,0.5462965965270996,0.963623046875,1.3876025676727295,0.42770180106163025,9.823849067813862,14.53856665085459
5425,5425,33,ramp,2,"[-0.46000000834465027, -0.3933333456516266, -0.3266666829586029, -0.2600000202655792]",-0.4243639409542084,-0.7975525259971619,0.5458981394767761,1.039093255996704,1.4811800718307495,0.10139265656471252,14.53856665085459,19.537523478065417
5425,5425,33,ramp,3,"[-0.4399999976158142, -0.3733333349227905, -0.30666667222976685, -0.24000000953674316]",-0.4088810384273529,-0.8311690092086792,0.532460629940033,1.049728274345398,1.4978214502334595,0.040785517543554306,19.537523478065417,24.51026083435799
5450,5450,33,zero_hold,0,"[0.0, 0.0, 0.0, 0.0]",-0.4672248363494873,-0.04865332320332527,-0.0790916234254837,0.4576733410358429,0.6605955958366394,0.0,0.0,4.852421165704239
5450,5450,33,zero_hold,1,"[0.0, 0.0, 0.0, 0.0]",-0.4232798218727112,0.14830827713012695,0.043608635663986206,0.7418435215950012,0.8679831624031067,0.36950382590293884,4.852421165704239,7.848879961399786
5450,5450,33,zero_hold,2,"[0.0, 0.0, 0.0, 0.0]",0.09329985827207565,0.08173081278800964,0.01481033768504858,0.8958523273468018,0.9045194983482361,0.5439073443412781,7.848879961399786,10.26480136582166
5450,5450,33,zero_hold,3,"[0.0, 0.0, 0.0, 0.0]",0.19990234076976776,0.007577124983072281,-0.08021319657564163,0.9040846228599548,0.929419994354248,0.1611213982105255,10.26480136582166,12.246631940636616
5450,5450,33,target_ahead,0,"[0.0, 0.0, 0.0, 0.0]",1.002326250076294,-0.19378042221069336,-0.6173954010009766,0.21671590209007263,1.2125805616378784,0.0,0.0,8.590547735386835
5450,5450,33,target_ahead,1,"[0.009999999776482582, 0.0, 0.0, 0.0]",0.9455503225326538,-0.26658204197883606,-0.6624380946159363,0.16973957419395447,1.196982502937317,0.11295663565397263,8.590547735386835,12.725313839361817
5450,5450,33,target_ahead,2,"[0.019999999552965164, 0.0, 0.0, 0.0]",0.9256373643875122,-0.3506641089916229,-0.6505279541015625,0.16980525851249695,1.1965744495391846,0.08722485601902008,12.725313839361817,16.732682776736638
5450,5450,33,target_ahead,3,"[0.029999999329447746, 0.0, 0.0, 0.0]",0.9029037952423096,-0.39329609274864197,-0.6358601450920105,0.19284775853157043,1.1880342960357666,0.05550137534737587,16.732682776736638,20.74397186322916
5450,5450,33,target_left,0,"[0.0, 0.0, 0.0, 0.0]",-0.7652592062950134,-1.1957935094833374,0.2720172107219696,0.23985454440116882,1.465287446975708,0.0,0.0,8.22456006225258
5450,5450,33,target_left,1,"[0.009999999776482582, 0.0, 0.0, 0.0]",-0.7034380435943604,-1.2576769590377808,0.31383535265922546,0.4429093301296234,1.5398824214935303,0.22501426935195923,8.22456006225258,12.951921609975924
5450,5450,33,target_left,2,"[0.019999999552965164, 0.0, 0.0, 0.0]",-0.5143788456916809,-1.3092225790023804,0.3250311315059662,0.5320337414741516,1.538620948791504,0.21556632220745087,12.951921609975924,17.419421363397767
5450,5450,33,target_left,3,"[0.029999999329447746, 0.0, 0.0, 0.0]",-0.45299506187438965,-1.3134735822677612,0.3275825083255768,0.5680884718894958,1.5363763570785522,0.07136170566082001,17.419421363397767,21.725921180541985
5450,5450,33,ramp,0,"[-0.5, -0.4333333373069763, -0.36666667461395264, -0.30000001192092896]",-0.4800992012023926,-0.7394295334815979,0.4670555889606476,0.6115549802780151,1.1702101230621338,0.0,0.0,9.743466725301833
5450,5450,33,ramp,1,"[-0.47999998927116394, -0.41333332657814026, -0.3466666638851166, -0.2800000011920929]",-0.4612889885902405,-0.7624162435531616,0.5391966104507446,0.9954537749290466,1.4407384395599365,0.3917458653450012,9.743466725301833,14.489642620904116
5450,5450,33,ramp,2,"[-0.46000000834465027, -0.3933333456516266, -0.3266666829586029, -0.2600000202655792]",-0.48169904947280884,-0.8163902759552002,0.5393497347831726,1.0553193092346191,1.5176047086715698,0.08314849436283112,14.489642620904116,19.463357956913157
5450,5450,33,ramp,3,"[-0.4399999976158142, -0.3733333349227905, -0.30666667222976685, -0.24000000953674316]",-0.4572969675064087,-0.8412732481956482,0.5311464667320251,1.0635857582092285,1.5264967679977417,0.03674577176570892,19.463357956913157,24.420811222010624
5475,5475,33,zero_hold,0,"[0.0, 0.0, 0.0, 0.0]",-0.45793166756629944,-0.06613422930240631,-0.059327639639377594,0.46332693099975586,0.6574699878692627,0.0,0.0,4.8789236392034505
5475,5475,33,zero_hold,1,"[0.0, 0.0, 0.0, 0.0]",-0.3919001817703247,0.11311303824186325,0.05977505445480347,0.7606074213981628,0.8651456236839294,0.3728952407836914,4.8789236392034505,7.893808492106221
5475,5475,33,zero_hold,2,"[0.0, 0.0, 0.0, 0.0]",0.12269046157598495,0.031070059165358543,0.029996678233146667,0.921252429485321,0.9303892850875854,0.5461026430130005,7.893808492106221,10.32699039659034
5475,5475,33,zero_hold,3,"[0.0, 0.0, 0.0, 0.0]",0.2195969521999359,-0.045020513236522675,-0.06833415478467941,0.9269688129425049,0.9561330676078796,0.15774115920066833,10.32699039659034,12.328333990386545
5475,5475,33,target_ahead,0,"[0.0, 0.0, 0.0, 0.0]",0.9999979734420776,-0.21049751341342926,-0.5780141353607178,0.2169272005558014,1.193927526473999,0.0,0.0,8.524959181864412
5475,5475,33,target_ahead,1,"[0.009999999776482582, 0.0, 0.0, 0.0]",0.9097477197647095,-0.28723347187042236,-0.6233963966369629,0.15861055254936218,1.1506191492080688,0.13962054252624512,8.524959181864412,12.681661919249446
5475,5475,33,target_ahead,2,"[0.019999999552965164, 0.0, 0.0, 0.0]",0.8951805830001831,-0.3676997423171997,-0.6129454374313354,0.1677410900592804,1.1577523946762085,0.08294342458248138,12.681661919249446,16.70640667251075
5475,5475,33,target_ahead,3,"[0.029999999329447746, 0.0, 0.0, 0.0]",0.8758751153945923,-0.41234534978866577,-0.5975809097290039,0.1978566199541092,1.1547449827194214,0.059236351400613785,16.70640667251075,20.72799170709272
5475,5475,33,target_left,0,"[0.0, 0.0, 0.0, 0.0]",-0.7724609375,-1.1923872232437134,0.289610892534256,0.27394556999206543,1.4756028652191162,0.0,0.0,8.231253772428659
5475,5475,33,target_left,1,"[0.009999999776482582, 0.0, 0.0, 0.0]",-0.6828552484512329,-1.2510124444961548,0.3265770971775055,0.497620165348053,1.5445393323898315,0.25072479248046875,8.231253772428659,12.951496164687848
5475,5475,33,target_left,2,"[0.019999999552965164, 0.0, 0.0, 0.0]",-0.5015709400177002,-1.299803614616394,0.33958402276039124,0.5876947641372681,1.5497629642486572,0.2086317241191864,12.951496164687848,17.404297148848308
5475,5475,33,target_left,3,"[0.029999999329447746, 0.0, 0.0, 0.0]",-0.44930732250213623,-1.3021467924118042,0.3453696370124817,0.6247270107269287,1.551459789276123,0.06435710191726685,17.404297148848308,21.69564802740862
5475,5475,33,ramp,0,"[-0.5, -0.4333333373069763, -0.36666667461395264, -0.30000001192092896]",-0.4314705729484558,-0.7689529061317444,0.4531700611114502,0.6408290266990662,1.1804577112197876,0.0,0.0,9.722772435878703
5475,5475,33,ramp,1,"[-0.47999998927116394, -0.41333332657814026, -0.3466666638851166, -0.2800000011920929]",-0.40157997608184814,-0.7955132722854614,0.5124415159225464,1.0179831981658936,1.4467183351516724,0.3838714361190796,9.722772435878703,14.499672930728535
5475,5475,33,ramp,2,"[-0.46000000834465027, -0.3933333456516266, -0.3266666829586029, -0.2600000202655792]",-0.4187731444835663,-0.8516093492507935,0.5150730609893799,1.0780737400054932,1.52582848072052,0.0840248391032219,14.499672930728535,19.488473493721475
5475,5475,33,ramp,3,"[-0.4399999976158142, -0.3733333349227905, -0.30666667222976685, -0.24000000953674316]",-0.39881765842437744,-0.8723087310791016,0.5105482935905457,1.0910836458206177,1.5398380756378174,0.03188129514455795,19.488473493721475,24.45268829351648
5500,5500,33,zero_hold,0,"[0.0, 0.0, 0.0, 0.0]",-0.4749545454978943,-0.06678861379623413,-0.03908389434218407,0.47759559750556946,0.6779879331588745,0.0,0.0,4.969348249674896
5500,5500,33,zero_hold,1,"[0.0, 0.0, 0.0, 0.0]",-0.3653721809387207,0.12082959711551666,0.08011043816804886,0.7871719598770142,0.8798602223396301,0.39655226469039917,4.969348249674896,8.043339141208845
5500,5500,33,zero_hold,2,"[0.0, 0.0, 0.0, 0.0]",0.14734746515750885,0.036791980266571045,0.0435185432434082,0.9517759084701538,0.9647985100746155,0.5462391376495361,8.043339141208845,10.528295175538165
5500,5500,33,zero_hold,3,"[0.0, 0.0, 0.0, 0.0]",0.2388795167207718,-0.03483468294143677,-0.05812842771410942,0.9654812812805176,0.9969001412391663,0.1550111025571823,10.528295175538165,12.578928509368984
5500,5500,33,target_ahead,0,"[0.0, 0.0, 0.0, 0.0]",0.9838123321533203,-0.1828683465719223,-0.5887323021888733,0.22668781876564026,1.1829288005828857,0.0,0.0,8.542904018628208
5500,5500,33,target_ahead,1,"[0.009999999776482582, 0.0, 0.0, 0.0]",0.9000972509384155,-0.2590608596801758,-0.6485820412635803,0.1697152853012085,1.151846170425415,0.14014768600463867,8.542904018628208,12.716968751040193
5500,5500,33,target_ahead,2,"[0.019999999552965164, 0.0, 0.0, 0.0]",0.9055118560791016,-0.34403032064437866,-0.6420593857765198,0.18656791746616364,1.1770116090774536,0.08703839778900146,12.716968751040193,16.74843384912512
5500,5500,33,target_ahead,3,"[0.029999999329447746, 0.0, 0.0, 0.0]",0.8805067539215088,-0.38637077808380127,-0.6288672089576721,0.2174496352672577,1.16933012008667,0.059545643627643585,16.74843384912512,20.79331157367319
5500,5500,33,target_left,0,"[0.0, 0.0, 0.0, 0.0]",-0.7378960251808167,-1.1768183708190918,0.30496272444725037,0.2861279845237732,1.4506080150604248,0.0,0.0,8.216052884273811
5500,5500,33,target_left,1,"[0.009999999776482582, 0.0, 0.0, 0.0]",-0.650160014629364,-1.2425652742385864,0.334440678358078,0.5071746110916138,1.5283170938491821,0.2484971284866333,8.216052884273811,12.943906932929645
5500,5500,33,target_left,2,"[0.019999999552965164, 0.0, 0.0, 0.0]",-0.4723818302154541,-1.2941479682922363,0.34323063492774963,0.6001044511795044,1.5413942337036133,0.20731395483016968,12.943906932929645,17.400060621245665
5500,5500,33,target_left,3,"[0.029999999329447746, 0.0, 0.0, 0.0]",-0.42766815423965454,-1.2954603433609009,0.34450963139533997,0.6397382020950317,1.5456615686416626,0.05977880209684372,17.400060621245665,21.692545199167625
5500,5500,33,ramp,0,"[-0.5, -0.4333333373069763, -0.36666667461395264, -0.30000001192092896]",-0.5140807032585144,-0.7664139270782471,0.42509809136390686,0.6760692596435547,1.2204291820526123,0.0,0.0,9.688021775604248
5500,5500,33,ramp,1,"[-0.47999998927116394, -0.41333332657814026, -0.3466666638851166, -0.2800000011920929]",-0.48696041107177734,-0.769174337387085,0.4906544089317322,1.0337140560150146,1.4622126817703247,0.36462387442588806,9.688021775604248,14.542663133744027
5500,5500,33,ramp,2,"[-0.46000000834465027, -0.3933333456516266, -0.3266666829586029, -0.2600000202655792]",-0.47843629121780396,-0.8260115385055542,0.506464958190918,1.0963891744613647,1.539406418800354,0.08649434894323349,14.542663133744027,19.623784858655334
5500,5500,33,ramp,3,"[-0.4399999976158142, -0.3733333349227905, -0.30666667222976685, -0.24000000953674316]",-0.4560842514038086,-0.8531525135040283,0.5072537064552307,1.1138617992401123,1.5600886344909668,0.03927035629749298,19.623784858655334,24.693826743719775
5525,5525,33,zero_hold,0,"[0.0, 0.0, 0.0, 0.0]",-0.4595593214035034,-0.06991314142942429,-0.02653316594660282,0.4673752188682556,0.659716784954071,0.0,0.0,4.967845121887494
5525,5525,33,zero_hold,1,"[0.0, 0.0, 0.0, 0.0]",-0.39114850759506226,0.14320150017738342,0.08733151108026505,0.7757768630981445,0.8848504424095154,0.39771175384521484,4.967845121887494,8.055952431938207
5525,5525,33,zero_hold,2,"[0.0, 0.0, 0.0, 0.0]",0.10320164263248444,0.07181355357170105,0.05261891335248947,0.9431577920913696,0.9529549479484558,0.527920126914978,8.055952431938207,10.572559451560474
5525,5525,33,zero_hold,3,"[0.0, 0.0, 0.0, 0.0]",0.21406598389148712,4.454050213098526e-05,-0.045978255569934845,0.9622894525527954,0.9868835806846619,0.1659190058708191,10.572559451560474,12.653855747338765
5525,5525,33,target_ahead,0,"[0.0, 0.0, 0.0, 0.0]",0.9586585164070129,-0.19897770881652832,-0.5809810161590576,0.24220551550388336,1.1639676094055176,0.0,0.0,8.527482961601658
5525,5525,33,target_ahead,1,"[0.009999999776482582, 0.0, 0.0, 0.0]",0.8729987740516663,-0.2654823958873749,-0.636116087436676,0.18960000574588776,1.128361463546753,0.13254313170909882,8.527482961601658,12.719991239748271
5525,5525,33,target_ahead,2,"[0.019999999552965164, 0.0, 0.0, 0.0]",0.8772767782211304,-0.35486724972724915,-0.6338934302330017,0.19741535186767578,1.156001329421997,0.08985529094934464,12.719991239748271,16.760092458156937
5525,5525,33,target_ahead,3,"[0.029999999329447746, 0.0, 0.0, 0.0]",0.8489009141921997,-0.40181732177734375,-0.6214610934257507,0.22309903800487518,1.1480753421783447,0.061836183071136475,16.760092458156937,20.823433926942382
5525,5525,33,target_left,0,"[0.0, 0.0, 0.0, 0.0]",-0.7381404042243958,-1.1700657606124878,0.34597039222717285,0.27571988105773926,1.4524537324905396,0.0,0.0,8.236976836727626
5525,5525,33,target_left,1,"[0.009999999776482582, 0.0, 0.0, 0.0]",-0.6733472943305969,-1.2358359098434448,0.36400777101516724,0.5021939277648926,1.537981629371643,0.24523396790027618,8.236976836727626,12.976563010101872
5525,5525,33,target_left,2,"[0.019999999552965164, 0.0, 0.0, 0.0]",-0.5073074102401733,-1.2922865152359009,0.37213271856307983,0.5936560034751892,1.555080533027649,0.19795767962932587,12.976563010101872,17.432006989138646
5525,5525,33,target_left,3,"[0.029999999329447746, 0.0, 0.0, 0.0]",-0.4672290086746216,-1.2959802150726318,0.37289613485336304,0.6308685541152954,1.5604212284088135,0.05482041835784912,17.432006989138646,21.708741618417406
5525,5525,33,ramp,0,"[-0.5, -0.4333333373069763, -0.36666667461395264, -0.30000001192092896]",-0.5282565951347351,-0.7504640817642212,0.4414123296737671,0.6501783132553101,1.2082334756851196,0.0,0.0,9.676890364386393
5525,5525,33,ramp,1,"[-0.47999998927116394, -0.41333332657814026, -0.3466666638851166, -0.2800000011920929]",-0.5272395014762878,-0.7422882914543152,0.508722722530365,1.0092331171035767,1.4513179063796997,0.3654024004936218,9.676890364386393,14.532354103661095
5525,5525,33,ramp,2,"[-0.46000000834465027, -0.3933333456516266, -0.3266666829586029, -0.2600000202655792]",-0.5131906867027283,-0.7927740812301636,0.532118558883667,1.0744719505310059,1.5262686014175415,0.08688874542713165,14.532354103661095,19.583080735021873
5525,5525,33,ramp,3,"[-0.4399999976158142, -0.3733333349227905, -0.30666667222976685, -0.24000000953674316]",-0.492769718170166,-0.8229000568389893,0.5348181128501892,1.0925594568252563,1.5490975379943848,0.04073126241564751,19.583080735021873,24.616774063800698
5550,5550,33,zero_hold,0,"[0.0, 0.0, 0.0, 0.0]",-0.4487537145614624,-0.0852193534374237,-0.023532729595899582,0.46620362997055054,0.6531016826629639,0.0,0.0,4.888944273727737
5550,5550,33,zero_hold,1,"[0.0, 0.0, 0.0, 0.0]",-0.36625936627388,0.1283983588218689,0.09496120363473892,0.7728089094161987,0.8699904084205627,0.40060633420944214,4.888944273727737,7.966604489927689
5550,5550,33,zero_hold,2,"[0.0, 0.0, 0.0, 0.0]",0.11198290437459946,0.0582343228161335,0.06980632990598679,0.9366651773452759,0.9477056264877319,0.510999321937561,7.966604489927689,10.466346212583812
5550,5550,33,zero_hold,3,"[0.0, 0.0, 0.0, 0.0]",0.25121378898620605,-0.004793655127286911,-0.020358243957161903,0.9546363949775696,0.9873583316802979,0.1783546358346939,10.466346212583812,12.543852897672652
5550,5550,33,target_ahead,0,"[0.0, 0.0, 0.0, 0.0]",0.9968788623809814,-0.27708348631858826,-0.5472071766853333,0.2999230921268463,1.208276629447937,0.0,0.0,8.454553615763936
5550,5550,33,target_ahead,1,"[0.009999999776482582, 0.0, 0.0, 0.0]",0.9200196862220764,-0.35308170318603516,-0.5974550843238831,0.2571198046207428,1.1807481050491333,0.12664926052093506,8.454553615763936,12.591411673939827
5550,5550,33,target_ahead,2,"[0.019999999552965164, 0.0, 0.0, 0.0]",0.8776094317436218,-0.44152915477752686,-0.5907290577888489,0.2659183740615845,1.176783561706543,0.09871289134025574,12.591411673939827,16.604978982580977
5550,5550,33,target_ahead,3,"[0.029999999329447746, 0.0, 0.0, 0.0]",0.8342697620391846,-0.48707661032676697,-0.5809676051139832,0.2890268564224243,1.163748025894165,0.0676918476819992,16.604978982580977,20.62383082327017
5550,5550,33,target_left,0,"[0.0, 0.0, 0.0, 0.0]",-0.7266709804534912,-1.191720962524414,0.357654333114624,0.26853305101394653,1.4656999111175537,0.0,0.0,8.256501953908131
5550,5550,33,target_left,1,"[0.009999999776482582, 0.0, 0.0, 0.0]",-0.6490672826766968,-1.2766919136047363,0.37963181734085083,0.49708908796310425,1.562833547592163,0.25683316588401794,8.256501953908131,13.02352062424779
5550,5550,33,target_left,2,"[0.019999999552965164, 0.0, 0.0, 0.0]",-0.48129844665527344,-1.3304344415664673,0.38953834772109985,0.590630292892456,1.5818623304367065,0.19970662891864777,13.02352062424779,17.514120469061265
5550,5550,33,target_left,3,"[0.029999999329447746, 0.0, 0.0, 0.0]",-0.4386281967163086,-1.3309658765792847,0.39148765802383423,0.6295106410980225,1.585374116897583,0.05776256322860718,17.514120469061265,21.820374107912926
5550,5550,33,ramp,0,"[-0.5, -0.4333333373069763, -0.36666667461395264, -0.30000001192092896]",-0.542985200881958,-0.7688612341880798,0.4263281226158142,0.6608763933181763,1.2265779972076416,0.0,0.0,9.700254929152969
5550,5550,33,ramp,1,"[-0.47999998927116394, -0.41333332657814026, -0.3466666638851166, -0.2800000011920929]",-0.5232049822807312,-0.7602181434631348,0.5025705099105835,1.0379008054733276,1.4769868850708008,0.38526129722595215,9.700254929152969,14.58971764968092
5550,5550,33,ramp,2,"[-0.46000000834465027, -0.3933333456516266, -0.3266666829586029, -0.2600000202655792]",-0.4974479377269745,-0.8163012266159058,0.5302416086196899,1.1023461818695068,1.5524578094482422,0.0934218019247055,14.58971764968092,19.66146488911953
5550,5550,33,ramp,3,"[-0.4399999976158142, -0.3733333349227905, -0.30666667222976685, -0.24000000953674316]",-0.47574278712272644,-0.8524131774902344,0.5320229530334473,1.1172678470611572,1.5761584043502808,0.044732715934515,19.66146488911953,24.70984468608465
5575,5575,33,zero_hold,0,"[0.0, 0.0, 0.0, 0.0]",-0.44363126158714294,-0.09092225134372711,-0.03697725757956505,0.45119979977607727,0.6403312683105469,0.0,0.0,4.871633340366281
5575,5575,33,zero_hold,1,"[0.0, 0.0, 0.0, 0.0]",-0.36568599939346313,0.09781301021575928,0.07901079207658768,0.7613087892532349,0.8538895845413208,0.3889952003955841,4.871633340366281,7.947125078954456
5575,5575,33,zero_hold,2,"[0.0, 0.0, 0.0, 0.0]",0.1180298775434494,0.026844751089811325,0.057281527668237686,0.9265625476837158,0.9361896514892578,0.5165254473686218,7.947125078954456,10.448456468482336
5575,5575,33,zero_hold,3,"[0.0, 0.0, 0.0, 0.0]",0.24210451543331146,-0.032609689980745316,-0.021961571648716927,0.9421801567077637,0.973582923412323,0.1595391035079956,10.448456468482336,12.50792528990294
5575,5575,33,target_ahead,0,"[0.0, 0.0, 0.0, 0.0]",0.9574704170227051,-0.3090847134590149,-0.5494406223297119,0.2614920437335968,1.1758171319961548,0.0,0.0,8.417384774045717
5575,5575,33,target_ahead,1,"[0.009999999776482582, 0.0, 0.0, 0.0]",0.8986262083053589,-0.388662725687027,-0.5969287157058716,0.2213316261768341,1.167860984802246,0.11689002811908722,8.417384774045717,12.556019697845395
5575,5575,33,target_ahead,2,"[0.019999999552965164, 0.0, 0.0, 0.0]",0.8610845804214478,-0.4768095016479492,-0.5879021286964417,0.23505181074142456,1.17033851146698,0.09720571339130402,12.556019697845395,16.587285405496853
5575,5575,33,target_ahead,3,"[0.029999999329447746, 0.0, 0.0, 0.0]",0.8154928684234619,-0.5203976631164551,-0.5635252594947815,0.2646079361438751,1.150400161743164,0.0737992450594902,16.587285405496853,20.61900510378019
5575,5575,33,target_left,0,"[0.0, 0.0, 0.0, 0.0]",-0.7318722605705261,-1.199548602104187,0.33963528275489807,0.2484281361103058,1.4668409824371338,0.0,0.0,8.288802456984122
5575,5575,33,target_left,1,"[0.009999999776482582, 0.0, 0.0, 0.0]",-0.6604820489883423,-1.2935066223144531,0.36794784665107727,0.4861964285373688,1.5751725435256958,0.2669457495212555,8.288802456984122,13.06386975549001
5575,5575,33,target_left,2,"[0.019999999552965164, 0.0, 0.0, 0.0]",-0.507543683052063,-1.3465274572372437,0.3764783442020416,0.5800848007202148,1.5965497493743896,0.18732097744941711,13.06386975549001,17.556402565271114
5575,5575,33,target_left,3,"[0.029999999329447746, 0.0, 0.0, 0.0]",-0.47254446148872375,-1.346146583557129,0.3766721785068512,0.6197329759597778,1.600424885749817,0.05288767069578171,17.556402565271114,21.86119610264253
5575,5575,33,ramp,0,"[-0.5, -0.4333333373069763, -0.36666667461395264, -0.30000001192092896]",-0.5858230590820312,-0.7683559656143188,0.359087198972702,0.6071832180023193,1.1963170766830444,0.0,0.0,9.681240993580046
5575,5575,33,ramp,1,"[-0.47999998927116394, -0.41333332657814026, -0.3466666638851166, -0.2800000011920929]",-0.5529404878616333,-0.7689208984375,0.4409693777561188,1.0024875402450562,1.4479012489318848,0.40503308176994324,9.681240993580046,14.51472433391479
5575,5575,33,ramp,2,"[-0.46000000834465027, -0.3933333456516266, -0.3266666829586029, -0.2600000202655792]",-0.5037907958030701,-0.8285788893699646,0.48381322622299194,1.070480465888977,1.5232701301574707,0.1115051656961441,14.51472433391479,19.52963600284406
5575,5575,33,ramp,3,"[-0.4399999976158142, -0.3733333349227905, -0.30666667222976685, -0.24000000953674316]",-0.4699637293815613,-0.871792197227478,0.4930110275745392,1.0880930423736572,1.551738977432251,0.05836490914225578,19.52963600284406,24.540410287096964
5600,5600,33,zero_hold,0,"[0.0, 0.0, 0.0, 0.0]",-0.4499330222606659,-0.09049440920352936,-0.05196293815970421,0.4884628355503082,0.6722537279129028,0.0,0.0,4.916526548271306
5600,5600,33,zero_hold,1,"[0.0, 0.0, 0.0, 0.0]",-0.36159566044807434,0.11631738394498825,0.07885348796844482,0.8030881285667419,0.8918797969818115,0.4082604944705963,4.916526548271306,8.000469851641745
5600,5600,33,zero_hold,2,"[0.0, 0.0, 0.0, 0.0]",0.1320517659187317,0.04820994287729263,0.06016711890697479,0.9642735123634338,0.9763223528862,0.5240766406059265,8.000469851641745,10.489165005506138
5600,5600,33,zero_hold,3,"[0.0, 0.0, 0.0, 0.0]",0.2639382481575012,-0.011963614262640476,-0.021080488339066505,0.9811480641365051,1.0163180828094482,0.16703540086746216,10.489165005506138,12.525238269395869
5600,5600,33,target_ahead,0,"[0.0, 0.0, 0.0, 0.0]",0.9644396305084229,-0.3499162793159485,-0.5635647773742676,0.2963162660598755,1.2074741125106812,0.0,0.0,8.444895772446936
5600,5600,33,target_ahead,1,"[0.009999999776482582, 0.0, 0.0, 0.0]",0.9066475629806519,-0.42570388317108154,-0.6113242506980896,0.28003624081611633,1.2063876390457153,0.10784104466438293,8.444895772446936,12.600474046586367
5600,5600,33,target_ahead,2,"[0.019999999552965164, 0.0, 0.0, 0.0]",0.8784347176551819,-0.5133506655693054,-0.6038115620613098,0.2940462529659271,1.2191095352172852,0.09343791753053665,12.600474046586367,16.662182160004846
5600,5600,33,target_ahead,3,"[0.029999999329447746, 0.0, 0.0, 0.0]",0.8278676867485046,-0.5535730123519897,-0.5808990597724915,0.3168499171733856,1.1956778764724731,0.07224854081869125,16.662182160004846,20.73481084018298
5600,5600,33,target_left,0,"[0.0, 0.0, 0.0, 0.0]",-0.720763087272644,-1.2041308879852295,0.3275162875652313,0.2765272855758667,1.4673666954040527,0.0,0.0,8.26685302091999
5600,5600,33,target_left,1,"[0.009999999776482582, 0.0, 0.0, 0.0]",-0.6263312697410583,-1.2912049293518066,0.3689388036727905,0.5049739480018616,1.5654442310333252,0.2653355598449707,8.26685302091999,13.018428960317305
5600,5600,33,target_left,2,"[0.019999999552965164, 0.0, 0.0, 0.0]",-0.4709097445011139,-1.3414387702941895,0.3787056505680084,0.5984488129615784,1.588323950767517,0.18844689428806305,13.018428960317305,17.491041225017142
5600,5600,33,target_left,3,"[0.029999999329447746, 0.0, 0.0, 0.0]",-0.4350813329219818,-1.3378880023956299,0.38034942746162415,0.6390902400016785,1.5913333892822266,0.05432044342160225,17.491041225017142,21.780247000681612
5600,5600,33,ramp,0,"[-0.5, -0.4333333373069763, -0.36666667461395264, -0.30000001192092896]",-0.5645179152488708,-0.7339974045753479,0.3581441640853882,0.6326836347579956,1.177280068397522,0.0,0.0,9.701442967714224
5600,5600,33,ramp,1,"[-0.47999998927116394, -0.41333332657814026, -0.3466666638851166, -0.2800000011920929]",-0.5261006951332092,-0.7335129976272583,0.4641437828540802,1.0132334232330322,1.434187889099121,0.3969007134437561,9.701442967714224,14.46234356131776
5600,5600,33,ramp,2,"[-0.46000000834465027, -0.3933333456516266, -0.3266666829586029, -0.2600000202655792]",-0.489511102437973,-0.7916080951690674,0.5069387555122375,1.0844076871871948,1.5163085460662842,0.10775446146726608,14.46234356131776,19.443239862881274
5600,5600,33,ramp,3,"[-0.4399999976158142, -0.3733333349227905, -0.30666667222976685, -0.24000000953674316]",-0.4639861583709717,-0.833930253982544,0.5149627923965454,1.1040364503860474,1.5475159883499146,0.053780678659677505,19.443239862881274,24.419798503498132
5625,5625,33,zero_hold,0,"[0.0, 0.0, 0.0, 0.0]",-0.48348915576934814,-0.0854058638215065,-0.05429811030626297,0.45959389209747314,0.6747078895568848,0.0,0.0,4.960420298875045
5625,5625,33,zero_hold,1,"[0.0, 0.0, 0.0, 0.0]",-0.3898947834968567,0.12740285694599152,0.07242844998836517,0.7671225070953369,0.87291020154953,0.4058089852333069,4.960420298875045,8.062349272083896
5625,5625,33,zero_hold,2,"[0.0, 0.0, 0.0, 0.0]",0.10367049276828766,0.05429067462682724,0.057220518589019775,0.9255519509315491,0.934674084186554,0.5237205624580383,8.062349272083896,10.570813798905075
5625,5625,33,zero_hold,3,"[0.0, 0.0, 0.0, 0.0]",0.2447173148393631,-0.009233539924025536,-0.01967320777475834,0.9476203918457031,0.9789500832557678,0.17415279150009155,10.570813798905075,12.635264124826435
5625,5625,33,target_ahead,0,"[0.0, 0.0, 0.0, 0.0]",0.9571040272712708,-0.31858476996421814,-0.5789181590080261,0.26397639513015747,1.1926332712173462,0.0,0.0,8.538103669296015
5625,5625,33,target_ahead,1,"[0.009999999776482582, 0.0, 0.0, 0.0]",0.8938568830490112,-0.39425352215766907,-0.6437026262283325,0.2392786592245102,1.1941622495651245,0.12055275589227676,8.538103669296015,12.724601114805049
5625,5625,33,target_ahead,2,"[0.019999999552965164, 0.0, 0.0, 0.0]",0.9047532677650452,-0.49286046624183655,-0.6486924290657043,0.2541419267654419,1.2437362670898438,0.10043841600418091,12.724601114805049,16.847066418811714
5625,5625,33,target_ahead,3,"[0.029999999329447746, 0.0, 0.0, 0.0]",0.8537630438804626,-0.5346900224685669,-0.6348879933357239,0.2760993242263794,1.2223412990570068,0.07086892426013947,16.847066418811714,20.97619567700998
5625,5625,33,target_left,0,"[0.0, 0.0, 0.0, 0.0]",-0.7234050631523132,-1.203670620918274,0.339857816696167,0.23476524651050568,1.4638155698776245,0.0,0.0,8.28469332091452
5625,5625,33,target_left,1,"[0.009999999776482582, 0.0, 0.0, 0.0]",-0.6303380131721497,-1.3011003732681274,0.3789742588996887,0.46708375215530396,1.5658788681030273,0.2713964283466339,8.28469332091452,13.034097203197582
5625,5625,33,target_left,2,"[0.019999999552965164, 0.0, 0.0, 0.0]",-0.46081554889678955,-1.3541430234909058,0.3851669430732727,0.5626136064529419,1.5845952033996582,0.2017812877893448,13.034097203197582,17.509043954708087
5625,5625,33,target_left,3,"[0.029999999329447746, 0.0, 0.0, 0.0]",-0.4180103540420532,-1.3521251678466797,0.3851783275604248,0.6029306650161743,1.585831880569458,0.058837249875068665,17.509043954708087,21.805496810603994
5625,5625,33,ramp,0,"[-0.5, -0.4333333373069763, -0.36666667461395264, -0.30000001192092896]",-0.5811727643013,-0.7270448207855225,0.3771396279335022,0.5335062742233276,1.1371979713439941,0.0,0.0,9.695309746001309
5625,5625,33,ramp,1,"[-0.47999998927116394, -0.41333332657814026, -0.3466666638851166, -0.2800000011920929]",-0.524189293384552,-0.738991916179657,0.4750337302684784,0.9739723205566406,1.4125022888183594,0.4549543261528015,9.695309746001309,14.481413109707939
5625,5625,33,ramp,2,"[-0.46000000834465027, -0.3933333456516266, -0.3266666829586029, -0.2600000202655792]",-0.48215794563293457,-0.7946802377700806,0.5201355218887329,1.050713062286377,1.4961724281311035,0.1130979061126709,14.481413109707939,19.49243065626756
5625,5625,33,ramp,3,"[-0.4399999976158142, -0.3733333349227905, -0.30666667222976685, -0.24000000953674316]",-0.45497065782546997,-0.8435525894165039,0.5264798998832703,1.0658499002456665,1.527022123336792,0.05828404799103737,19.49243065626756,24.501984761043452
5650,5650,33,zero_hold,0,"[0.0, 0.0, 0.0, 0.0]",-0.5303985476493835,-0.1166018396615982,-0.07097502797842026,0.4478956162929535,0.7075072526931763,0.0,0.0,5.010322298002741
5650,5650,33,zero_hold,1,"[0.0, 0.0, 0.0, 0.0]",-0.43713584542274475,0.08895832300186157,0.06370630860328674,0.760646641254425,0.8841058611869812,0.4085403084754944,5.010322298002741,8.126786325217525
5650,5650,33,zero_hold,2,"[0.0, 0.0, 0.0, 0.0]",0.07578381896018982,0.01524295099079609,0.0548439584672451,0.9197327494621277,0.9246035218238831,0.5421323180198669,8.126786325217525,10.656552906609901
5650,5650,33,zero_hold,3,"[0.0, 0.0, 0.0, 0.0]",0.2086372822523117,-0.04978726804256439,-0.019612567499279976,0.9426068067550659,0.9669025540351868,0.1671704798936844,10.656552906609901,12.73232945603413
5650,5650,33,target_ahead,0,"[0.0, 0.0, 0.0, 0.0]",0.853412926197052,-0.3119497001171112,-0.5772474408149719,0.22390352189540863,1.0995333194732666,0.0,0.0,8.592427874212701
5650,5650,33,target_ahead,1,"[0.009999999776482582, 0.0, 0.0, 0.0]",0.8362105488777161,-0.3726765513420105,-0.6638288497924805,0.18014298379421234,1.1451009511947632,0.11573676019906998,8.592427874212701,12.84120667697102
5650,5650,33,target_ahead,2,"[0.019999999552965164, 0.0, 0.0, 0.0]",0.8569636940956116,-0.47150129079818726,-0.6791145205497742,0.1919613927602768,1.206128478050232,0.10281220078468323,12.84120667697102,16.996169156628582
5650,5650,33,target_ahead,3,"[0.029999999329447746, 0.0, 0.0, 0.0]",0.808576762676239,-0.5141664147377014,-0.6721232533454895,0.2123858481645584,1.1895465850830078,0.06802678853273392,16.996169156628582,21.13034144822432
5650,5650,33,target_left,0,"[0.0, 0.0, 0.0, 0.0]",-0.7135823369026184,-1.221319317817688,0.3251100778579712,0.2481350153684616,1.4724429845809937,0.0,0.0,8.266039825199995
5650,5650,33,target_left,1,"[0.009999999776482582, 0.0, 0.0, 0.0]",-0.6238743662834167,-1.3218920230865479,0.35740506649017334,0.4797007143497467,1.5793887376785278,0.2698667049407959,8.266039825199995,12.971009409963456
5650,5650,33,target_left,2,"[0.019999999552965164, 0.0, 0.0, 0.0]",-0.4625428318977356,-1.378838062286377,0.3698571026325226,0.5677244663238525,1.6044455766677856,0.1928054690361023,12.971009409963456,17.428565760091928
5650,5650,33,target_left,3,"[0.029999999329447746, 0.0, 0.0, 0.0]",-0.43189895153045654,-1.379807710647583,0.37112370133399963,0.6036940813064575,1.610150694847107,0.047280073165893555,17.428565760091928,21.70380222715365
5650,5650,33,ramp,0,"[-0.5, -0.4333333373069763, -0.36666667461395264, -0.30000001192092896]",-0.6453275084495544,-0.738174557685852,0.30083805322647095,0.5468406677246094,1.1622768640518188,0.0,0.0,9.67780071021066
5650,5650,33,ramp,1,"[-0.47999998927116394, -0.41333332657814026, -0.3466666638851166, -0.2800000011920929]",-0.6240226626396179,-0.7326711416244507,0.39164507389068604,0.9768590927124023,1.4261314868927002,0.44005221128463745,9.67780071021066,14.397629433755748
5650,5650,33,ramp,2,"[-0.46000000834465027, -0.3933333456516266, -0.3266666829586029, -0.2600000202655792]",-0.5800822973251343,-0.7900981903076172,0.4421576261520386,1.049250841140747,1.5023919343948364,0.11410830169916153,14.397629433755748,19.366206886198956
5650,5650,33,ramp,3,"[-0.4399999976158142, -0.3733333349227905, -0.30666667222976685, -0.24000000953674316]",-0.5458372235298157,-0.8441171646118164,0.4579531252384186,1.0640519857406616,1.533753514289856,0.06752293556928635,19.366206886198956,24.35438592205302
5675,5675,33,zero_hold,0,"[0.0, 0.0, 0.0, 0.0]",-0.5126842856407166,-0.10739441961050034,-0.06262625753879547,0.452397882938385,0.6949565410614014,0.0,0.0,5.030584969723748
5675,5675,33,zero_hold,1,"[0.0, 0.0, 0.0, 0.0]",-0.4137384593486786,0.08858003467321396,0.07492489367723465,0.7778595685958862,0.888653576374054,0.41598305106163025,5.030584969723748,8.169607190764207
5675,5675,33,zero_hold,2,"[0.0, 0.0, 0.0, 0.0]",0.08336040377616882,0.0092625692486763,0.06393899023532867,0.9383751749992371,0.9442832469940186,0.5284737348556519,8.169607190764207,10.70743868183594
5675,5675,33,zero_hold,3,"[0.0, 0.0, 0.0, 0.0]",0.18682008981704712,-0.0576733723282814,-0.00917741097509861,0.9543136358261108,0.9741800427436829,0.14416785538196564,10.70743868183594,12.787117113884127
5675,5675,33,target_ahead,0,"[0.0, 0.0, 0.0, 0.0]",0.8371152877807617,-0.3026949465274811,-0.5849482417106628,0.23366525769233704,1.0904816389083862,0.0,0.0,8.604767961929939
5675,5675,33,target_ahead,1,"[0.009999999776482582, 0.0, 0.0, 0.0]",0.8043136596679688,-0.3529928922653198,-0.675735592842102,0.1936614215373993,1.1250101327896118,0.11596758663654327,8.604767961929939,12.818688694516238
5675,5675,33,target_ahead,2,"[0.019999999552965164, 0.0, 0.0, 0.0]",0.7963233590126038,-0.44914835691452026,-0.699487030506134,0.2000231146812439,1.1683990955352783,0.09957067668437958,12.818688694516238,16.930256994525436
5675,5675,33,target_ahead,3,"[0.029999999329447746, 0.0, 0.0, 0.0]",0.739821195602417,-0.4914982318878174,-0.6972970962524414,0.2156948745250702,1.1496318578720093,0.07236301898956299,16.930256994525436,21.02727429426632
5675,5675,33,target_left,0,"[0.0, 0.0, 0.0, 0.0]",-0.6834874749183655,-1.2081832885742188,0.3316112756729126,0.2689048945903778,1.452287197113037,0.0,0.0,8.276114253162984
5675,5675,33,target_left,1,"[0.009999999776482582, 0.0, 0.0, 0.0]",-0.5936065912246704,-1.3170188665390015,0.35593485832214355,0.5132707357406616,1.5738626718521118,0.2832491099834442,8.276114253162984,12.976298623881023
5675,5675,33,target_left,2,"[0.019999999552965164, 0.0, 0.0, 0.0]",-0.44984883069992065,-1.374825119972229,0.36572200059890747,0.5991986393928528,1.6078866720199585,0.17744646966457367,12.976298623881023,17.44622527446164
5675,5675,33,target_left,3,"[0.029999999329447746, 0.0, 0.0, 0.0]",-0.42905282974243164,-1.3766288757324219,0.3662866950035095,0.6339653730392456,1.6171801090240479,0.04055578634142876,17.44622527446164,21.7336047813448
5675,5675,33,ramp,0,"[-0.5, -0.4333333373069763, -0.36666667461395264, -0.30000001192092896]",-0.6175580620765686,-0.7511720061302185,0.33043837547302246,0.6436882019042969,1.2120896577835083,0.0,0.0,9.65308504393133
5675,5675,33,ramp,1,"[-0.47999998927116394, -0.41333332657814026, -0.3466666638851166, -0.2800000011920929]",-0.6530511975288391,-0.7253559827804565,0.40186744928359985,1.0359575748443604,1.4789600372314453,0.4011279046535492,9.65308504393133,14.400759916978332
5675,5675,33,ramp,2,"[-0.46000000834465027, -0.3933333456516266, -0.3266666829586029, -0.2600000202655792]",-0.5874773263931274,-0.7891759872436523,0.4567806124687195,1.1068639755249023,1.5497499704360962,0.12812532484531403,14.400759916978332,19.376594221856298
5675,5675,33,ramp,3,"[-0.4399999976158142, -0.3733333349227905, -0.30666667222976685, -0.24000000953674316]",-0.551958441734314,-0.8444604277610779,0.4709334373474121,1.1206110715866089,1.579657793045044,0.06860937178134918,19.376594221856298,24.35225460376574
5700,5700,33,zero_hold,0,"[0.0, 0.0, 0.0, 0.0]",-0.5289583206176758,-0.10478037595748901,-0.05418499559164047,0.45392918586730957,0.7069395780563354,0.0,0.0,5.082983887519103
5700,5700,33,zero_hold,1,"[0.0, 0.0, 0.0, 0.0]",-0.42519232630729675,0.08491542935371399,0.08403424918651581,0.7774534225463867,0.8941447138786316,0.412945955991745,5.082983887519103,8.245028176573861
5700,5700,33,zero_hold,2,"[0.0, 0.0, 0.0, 0.0]",0.12493156641721725,0.0071776192635297775,0.07407477498054504,0.9367569088935852,0.9479767680168152,0.5780624747276306,8.245028176573861,10.837787152104832
5700,5700,33,zero_hold,3,"[0.0, 0.0, 0.0, 0.0]",0.24185305833816528,-0.06251989305019379,-0.0033286435063928366,0.9493916630744934,0.9817113876342773,0.1570964902639389,10.837787152104832,12.924830657164089
5700,5700,33,target_ahead,0,"[0.0, 0.0, 0.0, 0.0]",0.9124195575714111,-0.2563939392566681,-0.5870799422264099,0.1876174807548523,1.1305354833602905,0.0,0.0,8.629156955289075
5700,5700,33,target_ahead,1,"[0.009999999776482582, 0.0, 0.0, 0.0]",0.8672468662261963,-0.28319451212882996,-0.6732277870178223,0.11856049299240112,1.1400036811828613,0.12226676195859909,8.629156955289075,12.793510786096032
5700,5700,33,target_ahead,2,"[0.019999999552965164, 0.0, 0.0, 0.0]",0.8692888021469116,-0.36702579259872437,-0.6948311924934387,0.11605674028396606,1.1775528192520142,0.08663041889667511,12.793510786096032,16.852624602686603
5700,5700,33,target_ahead,3,"[0.029999999329447746, 0.0, 0.0, 0.0]",0.8109518885612488,-0.40026742219924927,-0.6947005987167358,0.12949249148368835,1.1477081775665283,0.06847435981035233,16.852624602686603,20.9176742120262
5700,5700,33,target_left,0,"[0.0, 0.0, 0.0, 0.0]",-0.6856977939605713,-1.2159816026687622,0.3383062183856964,0.2823646664619446,1.4638899564743042,0.0,0.0,8.286048650654847
5700,5700,33,target_left,1,"[0.009999999776482582, 0.0, 0.0, 0.0]",-0.5987865924835205,-1.3247498273849487,0.3518885672092438,0.5192413330078125,1.5833333730697632,0.27509838342666626,8.286048650654847,12.994252544150857
5700,5700,33,target_left,2,"[0.019999999552965164, 0.0, 0.0, 0.0]",-0.44827109575271606,-1.3762972354888916,0.35880228877067566,0.6064785122871399,1.6098746061325073,0.1815769076347351,12.994252544150857,17.479785605275453
5700,5700,33,target_left,3,"[0.029999999329447746, 0.0, 0.0, 0.0]",-0.42167359590530396,-1.3739030361175537,0.3590887486934662,0.6417795419692993,1.6143865585327148,0.044265154749155045,17.479785605275453,21.77345404075859
5700,5700,33,ramp,0,"[-0.5, -0.4333333373069763, -0.36666667461395264, -0.30000001192092896]",-0.5968002080917358,-0.7440927624702454,0.3436942994594574,0.6499230265617371,1.2043131589889526,0.0,0.0,9.701875956445747
5700,5700,33,ramp,1,"[-0.47999998927116394, -0.41333332657814026, -0.3466666638851166, -0.2800000011920929]",-0.5917924642562866,-0.7255080342292786,0.453133225440979,1.042832374572754,1.4728914499282837,0.4083198606967926,9.701875956445747,14.455366308924894
5700,5700,33,ramp,2,"[-0.46000000834465027, -0.3933333456516266, -0.3266666829586029, -0.2600000202655792]",-0.5453838109970093,-0.7990776896476746,0.4988216161727905,1.1188983917236328,1.5610013008117676,0.1242566928267479,14.455366308924894,19.45305807347736
5700,5700,33,ramp,3,"[-0.4399999976158142, -0.3733333349227905, -0.30666667222976685, -0.24000000953674316]",-0.5168356895446777,-0.8485937118530273,0.505479633808136,1.1334630250930786,1.5898045301437378,0.059357304126024246,19.45305807347736,24.428699931455974
5725,5725,33,zero_hold,0,"[0.0, 0.0, 0.0, 0.0]",-0.5088701248168945,-0.09963256120681763,-0.04396950453519821,0.47530990839004517,0.7047895193099976,0.0,0.0,5.049976193920909
5725,5725,33,zero_hold,1,"[0.0, 0.0, 0.0, 0.0]",-0.3895425796508789,0.06687431782484055,0.08530522137880325,0.7928481101989746,0.8900004029273987,0.3993821144104004,5.049976193920909,8.218038023407114
5725,5725,33,zero_hold,2,"[0.0, 0.0, 0.0, 0.0]",0.14020340144634247,-0.027649380266666412,0.0724245086312294,0.9559623599052429,0.9692939519882202,0.5624390840530396,8.218038023407114,10.818388386740308
5725,5725,33,zero_hold,3,"[0.0, 0.0, 0.0, 0.0]",0.2441028356552124,-0.09448420256376266,-0.005122392438352108,0.970673143863678,1.0053586959838867,0.14660121500492096,10.818388386740308,12.912463187906999
5725,5725,33,target_ahead,0,"[0.0, 0.0, 0.0, 0.0]",0.9384080171585083,-0.27808284759521484,-0.5787082314491272,0.17688074707984924,1.1507083177566528,0.0,0.0,8.5821048162427
5725,5725,33,target_ahead,1,"[0.009999999776482582, 0.0, 0.0, 0.0]",0.8966336250305176,-0.2900020182132721,-0.650911271572113,0.11907082796096802,1.151484489440918,0.10218822211027145,8.5821048162427,12.798815013978489
5725,5725,33,target_ahead,2,"[0.019999999552965164, 0.0, 0.0, 0.0]",0.9000955820083618,-0.37828579545021057,-0.6672062873840332,0.1262119561433792,1.1892712116241455,0.09012509882450104,12.798815013978489,16.87784802047451
5725,5725,33,target_ahead,3,"[0.029999999329447746, 0.0, 0.0, 0.0]",0.8478941917419434,-0.41951772570610046,-0.6628372073173523,0.15258842706680298,1.1651420593261719,0.07169284671545029,16.87784802047451,20.967468028279818
5725,5725,33,target_left,0,"[0.0, 0.0, 0.0, 0.0]",-0.6700963973999023,-1.1956692934036255,0.32883119583129883,0.31469130516052246,1.4442349672317505,0.0,0.0,8.273639082241692
5725,5725,33,target_left,1,"[0.009999999776482582, 0.0, 0.0, 0.0]",-0.5796198844909668,-1.321832299232483,0.3239065706729889,0.536250114440918,1.5734292268753052,0.2705839276313782,8.273639082241692,12.990950029331758
5725,5725,33,target_left,2,"[0.019999999552965164, 0.0, 0.0, 0.0]",-0.4253414571285248,-1.3725310564041138,0.3255895972251892,0.6235113143920898,1.5998536348342896,0.18436254560947418,12.990950029331758,17.476430778713418
5725,5725,33,target_left,3,"[0.029999999329447746, 0.0, 0.0, 0.0]",-0.396645188331604,-1.3733545541763306,0.3238905072212219,0.6561762690544128,1.6058961153030396,0.043520569801330566,17.476430778713418,21.778675658612297
5725,5725,33,ramp,0,"[-0.5, -0.4333333373069763, -0.36666667461395264, -0.30000001192092896]",-0.5414649844169617,-0.744341254234314,0.3624628782272339,0.6646373271942139,1.1917845010757446,0.0,0.0,9.684730413710637
5725,5725,33,ramp,1,"[-0.47999998927116394, -0.41333332657814026, -0.3466666638851166, -0.2800000011920929]",-0.550628662109375,-0.7417137026786804,0.44847989082336426,1.0610677003860474,1.476594090461731,0.40576696395874023,9.684730413710637,14.474237450851875
5725,5725,33,ramp,2,"[-0.46000000834465027, -0.3933333456516266, -0.3266666829586029, -0.2600000202655792]",-0.5402399301528931,-0.8081849217414856,0.47335124015808105,1.1329759359359741,1.5661154985427856,0.1015663668513298,14.474237450851875,19.47833406640527
5725,5725,33,ramp,3,"[-0.4399999976158142, -0.3733333349227905, -0.30666667222976685, -0.24000000953674316]",-0.5149018168449402,-0.8520190119743347,0.475588321685791,1.1433157920837402,1.5888409614562988,0.05172392725944519,19.47833406640527,24.459139697075642
5750,5750,33,zero_hold,0,"[0.0, 0.0, 0.0, 0.0]",-0.5256452560424805,-0.07643456757068634,-0.046571336686611176,0.48214489221572876,0.7188725471496582,0.0,0.0,5.051112281928607
5750,5750,33,zero_hold,1,"[0.0, 0.0, 0.0, 0.0]",-0.39946621656417847,0.10277161002159119,0.07276859879493713,0.8160847425460815,0.9172921180725098,0.4168859124183655,5.051112281928607,8.204836460418687
5750,5750,33,zero_hold,2,"[0.0, 0.0, 0.0, 0.0]",0.15903791785240173,0.012497542425990105,0.050858959555625916,0.9907073378562927,1.0047571659088135,0.5924941897392273,8.204836460418687,10.817721435755914
5750,5750,33,zero_hold,3,"[0.0, 0.0, 0.0, 0.0]",0.25349757075309753,-0.057087093591690063,-0.0333532840013504,1.0017027854919434,1.0353940725326538,0.14483524858951569,10.817721435755914,12.925462493846387
5750,5750,33,target_ahead,0,"[0.0, 0.0, 0.0, 0.0]",0.9154641628265381,-0.2730105221271515,-0.5413494110107422,0.19345979392528534,1.1149418354034424,0.0,0.0,8.488784985920107
5750,5750,33,target_ahead,1,"[0.009999999776482582, 0.0, 0.0, 0.0]",0.844890832901001,-0.2938275933265686,-0.6057908535003662,0.14594878256320953,1.0901645421981812,0.10873794555664062,8.488784985920107,12.59266615518963
5750,5750,33,target_ahead,2,"[0.019999999552965164, 0.0, 0.0, 0.0]",0.8477429151535034,-0.3960515856742859,-0.6025342345237732,0.15671227872371674,1.1238911151885986,0.10288020968437195,12.59266615518963,16.56694929770699
5750,5750,33,target_ahead,3,"[0.029999999329447746, 0.0, 0.0, 0.0]",0.8127753138542175,-0.45470163226127625,-0.5633124113082886,0.20230771601200104,1.1070711612701416,0.0909937173128128,16.56694929770699,20.582416145757556
5750,5750,33,target_left,0,"[0.0, 0.0, 0.0, 0.0]",-0.6683864593505859,-1.1970936059951782,0.31555449962615967,0.2909014821052551,1.4366530179977417,0.0,0.0,8.273469773638299
5750,5750,33,target_left,1,"[0.009999999776482582, 0.0, 0.0, 0.0]",-0.5926295518875122,-1.3139346837997437,0.307454913854599,0.5141754746437073,1.5609418153762817,0.2632637917995453,8.273469773638299,13.006708457363844
5750,5750,33,target_left,2,"[0.019999999552965164, 0.0, 0.0, 0.0]",-0.42055752873420715,-1.3672631978988647,0.31099915504455566,0.6052936911582947,1.584101676940918,0.2019103765487671,13.006708457363844,17.51631806753392
5750,5750,33,target_left,3,"[0.029999999329447746, 0.0, 0.0, 0.0]",-0.38074177503585815,-1.3665733337402344,0.3108164668083191,0.6425376534461975,1.588064432144165,0.05452445521950722,17.51631806753392,21.850608947721636
5750,5750,33,ramp,0,"[-0.5, -0.4333333373069763, -0.36666667461395264, -0.30000001192092896]",-0.6042418479919434,-0.7180590629577637,0.33697211742401123,0.6284134984016418,1.1786308288574219,0.0,0.0,9.701214148342352
5750,5750,33,ramp,1,"[-0.47999998927116394, -0.41333332657814026, -0.3466666638851166, -0.2800000011920929]",-0.6104210615158081,-0.7185370922088623,0.41930893063545227,1.0446438789367676,1.4683358669281006,0.42434123158454895,9.701214148342352,14.556351690344128
5750,5750,33,ramp,2,"[-0.46000000834465027, -0.3933333456516266, -0.3266666829586029, -0.2600000202655792]",-0.5885381102561951,-0.7952414751052856,0.4453386664390564,1.1224896907806396,1.5611200332641602,0.11445498466491699,14.556351690344128,19.5921292089192
5750,5750,33,ramp,3,"[-0.4399999976158142, -0.3733333349227905, -0.30666667222976685, -0.24000000953674316]",-0.5568017959594727,-0.8419119119644165,0.44531846046447754,1.1358903646469116,1.5834770202636719,0.058007776737213135,19.5921292089192,24.612751451104902
5775,5775,33,zero_hold,0,"[0.0, 0.0, 0.0, 0.0]",-0.5129405856132507,-0.06933668255805969,-0.022793635725975037,0.4942004084587097,0.7160091996192932,0.0,0.0,5.008624214993628
5775,5775,33,zero_hold,1,"[0.0, 0.0, 0.0, 0.0]",-0.4216299057006836,0.10619986057281494,0.07737233489751816,0.8176022171974182,0.9292523860931396,0.3921385705471039,5.008624214993628,8.14461478504234
5775,5775,33,zero_hold,2,"[0.0, 0.0, 0.0, 0.0]",0.13399909436702728,0.021618995815515518,0.043842315673828125,0.9921606183052063,1.0023611783981323,0.5894679427146912,8.14461478504234,10.767340194779216
5775,5775,33,zero_hold,3,"[0.0, 0.0, 0.0, 0.0]",0.22653663158416748,-0.050108011811971664,-0.04316423088312149,1.0011979341506958,1.028635025024414,0.14614982903003693,10.767340194779216,12.910136048833253
5775,5775,33,target_ahead,0,"[0.0, 0.0, 0.0, 0.0]",0.8770740032196045,-0.22651676833629608,-0.5329138040542603,0.18054574728012085,1.0663782358169556,0.0,0.0,8.515581682470637
5775,5775,33,target_ahead,1,"[0.009999999776482582, 0.0, 0.0, 0.0]",0.7891039252281189,-0.25089260935783386,-0.6070497035980225,0.10737577825784683,1.032313346862793,0.1385023146867752,8.515581682470637,12.679616124450112
5775,5775,33,target_ahead,2,"[0.019999999552965164, 0.0, 0.0, 0.0]",0.818412184715271,-0.3721506893634796,-0.6105359196662903,0.11466089636087418,1.0927927494049072,0.1250108778476715,12.679616124450112,16.685321018065906
5775,5775,33,target_ahead,3,"[0.029999999329447746, 0.0, 0.0, 0.0]",0.7714520692825317,-0.43353593349456787,-0.5869947671890259,0.15341433882713318,1.0729354619979858,0.08960700780153275,16.685321018065906,20.71551894101772
5775,5775,33,target_left,0,"[0.0, 0.0, 0.0, 0.0]",-0.6505626440048218,-1.205978512763977,0.3539046049118042,0.29842352867126465,1.4463474750518799,0.0,0.0,8.263413792569281
5775,5775,33,target_left,1,"[0.009999999776482582, 0.0, 0.0, 0.0]",-0.6070898771286011,-1.3250590562820435,0.3322940468788147,0.5047556757926941,1.577826738357544,0.2431255429983139,8.263413792569281,12.963461846896829
5775,5775,33,target_left,2,"[0.019999999552965164, 0.0, 0.0, 0.0]",-0.43112239241600037,-1.3650192022323608,0.33823835849761963,0.5956493020057678,1.5869301557540894,0.20213449001312256,12.963461846896829,17.444714683582152
5775,5775,33,target_left,3,"[0.029999999329447746, 0.0, 0.0, 0.0]",-0.3805824816226959,-1.3593738079071045,0.3383064866065979,0.6328237652778625,1.583558440208435,0.06299284100532532,17.444714683582152,21.764752953975037
5775,5775,33,ramp,0,"[-0.5, -0.4333333373069763, -0.36666667461395264, -0.30000001192092896]",-0.5367677807807922,-0.7467308640480042,0.4288014769554138,0.5815222859382629,1.1695151329040527,0.0,0.0,9.74992369963467
5775,5775,33,ramp,1,"[-0.47999998927116394, -0.41333332657814026, -0.3466666638851166, -0.2800000011920929]",-0.564552366733551,-0.8096211552619934,0.49279433488845825,1.0273970365524292,1.507513403892517,0.45566055178642273,9.74992369963467,14.601203888970353
5775,5775,33,ramp,2,"[-0.46000000834465027, -0.3933333456516266, -0.3266666829586029, -0.2600000202655792]",-0.582787036895752,-0.8745161890983582,0.5054710507392883,1.102372646331787,1.6047260761260986,0.10161647945642471,14.601203888970353,19.64527346942047
5775,5775,33,ramp,3,"[-0.4399999976158142, -0.3733333349227905, -0.30666667222976685, -0.24000000953674316]",-0.5531800985336304,-0.9111328721046448,0.5053641200065613,1.113852620124817,1.6224154233932495,0.04846806451678276,19.64527346942047,24.71402121255146
5800,5800,33,zero_hold,0,"[0.0, 0.0, 0.0, 0.0]",-0.49271801114082336,-0.0622592493891716,-0.02405460551381111,0.48141124844551086,0.6920857429504395,0.0,0.0,5.006878038447646
5800,5800,33,zero_hold,1,"[0.0, 0.0, 0.0, 0.0]",-0.37511393427848816,0.10582365840673447,0.0748182088136673,0.7903009653091431,0.884354293346405,0.38375940918922424,5.006878038447646,8.141482671796348
5800,5800,33,zero_hold,2,"[0.0, 0.0, 0.0, 0.0]",0.15519601106643677,0.019035974517464638,0.039898816496133804,0.9523116946220398,0.9658869504928589,0.5623411536216736,8.141482671796348,10.742328268778923
5800,5800,33,zero_hold,3,"[0.0, 0.0, 0.0, 0.0]",0.24594621360301971,-0.05796215683221817,-0.04615432769060135,0.9523833990097046,0.9864144921302795,0.14686545729637146,10.742328268778923,12.856823863891035
5800,5800,33,target_ahead,0,"[0.0, 0.0, 0.0, 0.0]",0.8364279866218567,-0.2280278205871582,-0.5225017070770264,0.14476558566093445,1.0225329399108887,0.0,0.0,8.521250353130352
5800,5800,33,target_ahead,1,"[0.009999999776482582, 0.0, 0.0, 0.0]",0.7599083185195923,-0.2930877208709717,-0.5798434615135193,0.0762624740600586,1.0026941299438477,0.134420245885849,8.521250353130352,12.62260082692696
5800,5800,33,target_ahead,2,"[0.019999999552965164, 0.0, 0.0, 0.0]",0.7729957103729248,-0.4319605231285095,-0.5527974963188171,0.10752706974744797,1.0494091510772705,0.1454850286245346,12.62260082692696,16.631563389357407
5800,5800,33,target_ahead,3,"[0.029999999329447746, 0.0, 0.0, 0.0]",0.697895884513855,-0.5057998299598694,-0.47687003016471863,0.16665366291999817,0.9990348219871521,0.14266450703144073,16.631563389357407,20.659683536027693
5800,5800,33,target_left,0,"[0.0, 0.0, 0.0, 0.0]",-0.6556732654571533,-1.178712010383606,0.3663421869277954,0.28512731194496155,1.4264549016952515,0.0,0.0,8.21880417876936
5800,5800,33,target_left,1,"[0.009999999776482582, 0.0, 0.0, 0.0]",-0.5905184745788574,-1.2920527458190918,0.34033870697021484,0.49258938431739807,1.5416183471679688,0.2465927004814148,8.21880417876936,12.902478872184
5800,5800,33,target_left,2,"[0.019999999552965164, 0.0, 0.0, 0.0]",-0.4172205626964569,-1.3343561887741089,0.3433549404144287,0.5849539041519165,1.5539122819900513,0.20090308785438538,12.902478872184,17.353807330827603
5800,5800,33,target_left,3,"[0.029999999329447746, 0.0, 0.0, 0.0]",-0.3717330992221832,-1.327426791191101,0.3422650992870331,0.6230031847953796,1.5509756803512573,0.05971650779247284,17.353807330827603,21.634534511388946
5800,5800,33,ramp,0,"[-0.5, -0.4333333373069763, -0.36666667461395264, -0.30000001192092896]",-0.5564600229263306,-0.741519033908844,0.4295290410518646,0.6046063899993896,1.1872414350509644,0.0,0.0,9.718001483791507
5800,5800,33,ramp,1,"[-0.47999998927116394, -0.41333332657814026, -0.3466666638851166, -0.2800000011920929]",-0.613205075263977,-0.7818088531494141,0.49728983640670776,1.0226246118545532,1.5100674629211426,0.42915499210357666,9.718001483791507,14.565834751828026
5800,5800,33,ramp,2,"[-0.46000000834465027, -0.3933333456516266, -0.3266666829586029, -0.2600000202655792]",-0.6204354166984558,-0.8526726961135864,0.5138421058654785,1.0884793996810913,1.600253701210022,0.09841134399175644,14.565834751828026,19.59648208664572
5800,5800,33,ramp,3,"[-0.4399999976158142, -0.3733333349227905, -0.30666667222976685, -0.24000000953674316]",-0.5895676016807556,-0.8896180987358093,0.5163658857345581,1.094784140586853,1.6137522459030151,0.04861999675631523,19.59648208664572,24.651297326462487
5825,5825,33,zero_hold,0,"[0.0, 0.0, 0.0, 0.0]",-0.49013108015060425,-0.07088375836610794,-0.06162015348672867,0.5227822065353394,0.7227387428283691,0.0,0.0,4.978252386031575
5825,5825,33,zero_hold,1,"[0.0, 0.0, 0.0, 0.0]",-0.3587631583213806,0.10116621106863022,0.036360371857881546,0.8435004949569702,0.9229088425636292,0.39914801716804504,4.978252386031575,8.124616022354573
5825,5825,33,zero_hold,2,"[0.0, 0.0, 0.0, 0.0]",0.14775511622428894,0.0026778802275657654,0.013508161529898643,1.0059242248535156,1.0168110132217407,0.5414465665817261,8.124616022354573,10.740747731808815
5825,5825,33,zero_hold,3,"[0.0, 0.0, 0.0, 0.0]",0.2444940209388733,-0.08115608245134354,-0.06641965359449387,1.0016032457351685,1.036332130432129,0.15097574889659882,10.740747731808815,12.886715080473204
5825,5825,33,target_ahead,0,"[0.0, 0.0, 0.0, 0.0]",0.8569515943527222,-0.24807557463645935,-0.5998305082321167,0.11792328953742981,1.0814851522445679,0.0,0.0,8.600984182670084
5825,5825,33,target_ahead,1,"[0.009999999776482582, 0.0, 0.0, 0.0]",0.7669828534126282,-0.32410669326782227,-0.6955168843269348,0.04101736843585968,1.0856951475143433,0.1701337993144989,8.600984182670084,12.81162347561945
5825,5825,33,target_ahead,2,"[0.019999999552965164, 0.0, 0.0, 0.0]",0.7732480764389038,-0.4343225359916687,-0.6978548765182495,0.05044345557689667,1.1296435594558716,0.11082013696432114,12.81162347561945,16.864732268260628
5825,5825,33,target_ahead,3,"[0.029999999329447746, 0.0, 0.0, 0.0]",0.7190920114517212,-0.4888457953929901,-0.671531081199646,0.08691612631082535,1.1020761728286743,0.08904416114091873,16.864732268260628,20.883029701266086
5825,5825,33,target_left,0,"[0.0, 0.0, 0.0, 0.0]",-0.6557798981666565,-1.1944189071655273,0.3622402846813202,0.2910115718841553,1.4396491050720215,0.0,0.0,8.221029023913234
5825,5825,33,target_left,1,"[0.009999999776482582, 0.0, 0.0, 0.0]",-0.6358070373535156,-1.3154433965682983,0.3444614112377167,0.47722870111465454,1.5751326084136963,0.22369343042373657,8.221029023913234,12.869405893238882
5825,5825,33,target_left,2,"[0.019999999552965164, 0.0, 0.0, 0.0]",-0.4508957266807556,-1.358113169670105,0.3427392840385437,0.5691518783569336,1.5777143239974976,0.21086901426315308,12.869405893238882,17.259053418533068
5825,5825,33,target_left,3,"[0.029999999329447746, 0.0, 0.0, 0.0]",-0.3920494616031647,-1.351628065109253,0.3379073441028595,0.6059388518333435,1.5690585374832153,0.06986822187900543,17.259053418533068,21.491099136471846
5825,5825,33,ramp,0,"[-0.5, -0.4333333373069763, -0.36666667461395264, -0.30000001192092896]",-0.6418555974960327,-0.7768254280090332,0.41404685378074646,0.6584468483924866,1.272958517074585,0.0,0.0,9.781790508720505
5825,5825,33,ramp,1,"[-0.47999998927116394, -0.41333332657814026, -0.3466666638851166, -0.2800000011920929]",-0.6945593357086182,-0.7988653779029846,0.5065303444862366,1.0542293787002563,1.5775206089019775,0.4104393422603607,9.781790508720505,14.613701787695023
5825,5825,33,ramp,2,"[-0.46000000834465027, -0.3933333456516266, -0.3266666829586029, -0.2600000202655792]",-0.6936951875686646,-0.8714940547943115,0.524712324142456,1.1256545782089233,1.6682734489440918,0.1034785732626915,14.613701787695023,19.607839974003987
5825,5825,33,ramp,3,"[-0.4399999976158142, -0.3733333349227905, -0.30666667222976685, -0.24000000953674316]",-0.6608842015266418,-0.9072226881980896,0.52544105052948,1.1304376125335693,1.6774380207061768,0.0487494058907032,19.607839974003987,24.622501124120767
5850,5850,33,zero_hold,0,"[0.0, 0.0, 0.0, 0.0]",-0.4560500681400299,-0.06008113920688629,-0.07004845887422562,0.5198525786399841,0.6976710557937622,0.0,0.0,4.947772130736399
5850,5850,33,zero_hold,1,"[0.0, 0.0, 0.0, 0.0]",-0.3089653253555298,0.12847144901752472,0.022971637547016144,0.8357056379318237,0.9004976749420166,0.40694212913513184,4.947772130736399,8.059449121728035
5850,5850,33,zero_hold,2,"[0.0, 0.0, 0.0, 0.0]",0.1918679177761078,0.029027609154582024,-0.011796682141721249,0.9906891584396362,1.0095840692520142,0.5347445607185364,8.059449121728035,10.620304489125855
5850,5850,33,zero_hold,3,"[0.0, 0.0, 0.0, 0.0]",0.2927797734737396,-0.06509043276309967,-0.10323341190814972,0.9791784286499023,1.0292737483978271,0.1659354716539383,10.620304489125855,12.71843524599718
5850,5850,33,target_ahead,0,"[0.0, 0.0, 0.0, 0.0]",0.9243873357772827,-0.23882167041301727,-0.5539121031761169,0.13207773864269257,1.1116613149642944,0.0,0.0,8.52135167271521
5850,5850,33,target_ahead,1,"[0.009999999776482582, 0.0, 0.0, 0.0]",0.8255329132080078,-0.30024486780166626,-0.6124227643013,0.04562964662909508,1.0718187093734741,0.1563386619091034,8.52135167271521,12.692086575234777
5850,5850,33,target_ahead,2,"[0.019999999552965164, 0.0, 0.0, 0.0]",0.818901538848877,-0.41829463839530945,-0.6009030342102051,0.06055473908782005,1.1001461744308472,0.11972963809967041,12.692086575234777,16.71463022093584
5850,5850,33,target_ahead,3,"[0.029999999329447746, 0.0, 0.0, 0.0]",0.7550464868545532,-0.4802788496017456,-0.5508834719657898,0.10766127705574036,1.0563268661499023,0.11242994666099548,16.71463022093584,20.71785708352787
5850,5850,33,target_left,0,"[0.0, 0.0, 0.0, 0.0]",-0.6193195581436157,-1.1844230890274048,0.35923999547958374,0.2587350606918335,1.407981514930725,0.0,0.0,8.208360979797517
5850,5850,33,target_left,1,"[0.009999999776482582, 0.0, 0.0, 0.0]",-0.5829442739486694,-1.3009004592895508,0.3246246576309204,0.44475069642066956,1.5281853675842285,0.22514478862285614,8.208360979797517,12.857651128901598
5850,5850,33,target_left,2,"[0.019999999552965164, 0.0, 0.0, 0.0]",-0.4053862690925598,-1.3478952646255493,0.3158920407295227,0.5346294045448303,1.5384329557418823,0.20466996729373932,12.857651128901598,17.256192179436447
5850,5850,33,target_left,3,"[0.029999999329447746, 0.0, 0.0, 0.0]",-0.3583317995071411,-1.3437464237213135,0.3102203905582428,0.5711205005645752,1.5350803136825562,0.059959184378385544,17.256192179436447,21.49218020134205
5850,5850,33,ramp,0,"[-0.5, -0.4333333373069763, -0.36666667461395264, -0.30000001192092896]",-0.5848190188407898,-0.8105114102363586,0.47370243072509766,0.6527227163314819,1.2842830419540405,0.0,0.0,9.750628997810379
5850,5850,33,ramp,1,"[-0.47999998927116394, -0.41333332657814026, -0.3466666638851166, -0.2800000011920929]",-0.6741276383399963,-0.8334506750106812,0.5313668251037598,1.0230721235275269,1.5742031335830688,0.38598716259002686,9.750628997810379,14.583408389808394
5850,5850,33,ramp,2,"[-0.46000000834465027, -0.3933333456516266, -0.3266666829586029, -0.2600000202655792]",-0.6755550503730774,-0.8930565118789673,0.5434456467628479,1.0877851247787476,1.6530379056930542,0.08881758898496628,14.583408389808394,19.581278702973155
5850,5850,33,ramp,3,"[-0.4399999976158142, -0.3733333349227905, -0.30666667222976685, -0.24000000953674316]",-0.6393068432807922,-0.9210035800933838,0.5412052273750305,1.0915800333023071,1.655720591545105,0.045982517302036285,19.581278702973155,24.601152852902185
5875,5875,33,zero_hold,0,"[0.0, 0.0, 0.0, 0.0]",-0.4533904790878296,-0.08629636466503143,-0.0634942427277565,0.5174948573112488,0.6963062882423401,0.0,0.0,4.946841366922887
5875,5875,33,zero_hold,1,"[0.0, 0.0, 0.0, 0.0]",-0.3061133623123169,0.08170808851718903,0.02468843013048172,0.8312746286392212,0.8899486660957336,0.39515817165374756,4.946841366922887,8.05115835569141
5875,5875,33,zero_hold,2,"[0.0, 0.0, 0.0, 0.0]",0.19123497605323792,-0.034486595541238785,-0.005823933985084295,0.9930250644683838,1.011875867843628,0.53661048412323,8.05115835569141,10.583006328796793
5875,5875,33,zero_hold,3,"[0.0, 0.0, 0.0, 0.0]",0.28884267807006836,-0.13066157698631287,-0.08785427361726761,0.9888179302215576,1.0421044826507568,0.1597609668970108,10.583006328796793,12.652664267404985
5875,5875,33,target_ahead,0,"[0.0, 0.0, 0.0, 0.0]",1.016014575958252,-0.29989922046661377,-0.5234951376914978,0.11788417398929596,1.1875053644180298,0.0,0.0,8.51307528466913
5875,5875,33,target_ahead,1,"[0.009999999776482582, 0.0, 0.0, 0.0]",0.8446398973464966,-0.34815713763237,-0.5613082647323608,0.01618039608001709,1.0723612308502197,0.20849843323230743,8.51307528466913,12.695821664407045
5875,5875,33,target_ahead,2,"[0.019999999552965164, 0.0, 0.0, 0.0]",0.833539605140686,-0.46233224868774414,-0.5631919503211975,0.04219585657119751,1.1079282760620117,0.11764150857925415,12.695821664407045,16.686989664834105
5875,5875,33,target_ahead,3,"[0.029999999329447746, 0.0, 0.0, 0.0]",0.7580809593200684,-0.5167726278305054,-0.5259649753570557,0.0932905524969101,1.0616416931152344,0.11249123513698578,16.686989664834105,20.66582104100874
5875,5875,33,target_left,0,"[0.0, 0.0, 0.0, 0.0]",-0.6637628674507141,-1.2069343328475952,0.3560340702533722,0.23623670637607574,1.4421648979187012,0.0,0.0,8.246931045233545
5875,5875,33,target_left,1,"[0.009999999776482582, 0.0, 0.0, 0.0]",-0.6612081527709961,-1.338766098022461,0.3179079294204712,0.4198681116104126,1.5833020210266113,0.22926019132137299,8.246931045233545,12.886529530062582
5875,5875,33,target_left,2,"[0.019999999552965164, 0.0, 0.0, 0.0]",-0.48252755403518677,-1.3905452489852905,0.3083638846874237,0.5132954716682434,1.589027762413025,0.2083928883075714,12.886529530062582,17.25807033145207
5875,5875,33,target_left,3,"[0.029999999329447746, 0.0, 0.0, 0.0]",-0.4064393639564514,-1.3864946365356445,0.2996487021446228,0.5550819635391235,1.576535940170288,0.08733776211738586,17.25807033145207,21.47645805492272
5875,5875,33,ramp,0,"[-0.5, -0.4333333373069763, -0.36666667461395264, -0.30000001192092896]",-0.6096740961074829,-0.8665139079093933,0.45649734139442444,0.6617685556411743,1.329991102218628,0.0,0.0,9.745117489692184
5875,5875,33,ramp,1,"[-0.47999998927116394, -0.41333332657814026, -0.3466666638851166, -0.2800000011920929]",-0.7095435857772827,-0.900265634059906,0.525269091129303,1.0112652778625488,1.6163215637207031,0.3714708685874939,9.745117489692184,14.472309194998033
5875,5875,33,ramp,2,"[-0.46000000834465027, -0.3933333456516266, -0.3266666829586029, -0.2600000202655792]",-0.7090179920196533,-0.9663532376289368,0.5319393277168274,1.0744742155075073,1.6952874660491943,0.09169355779886246,14.472309194998033,19.40895359261012
5875,5875,33,ramp,3,"[-0.4399999976158142, -0.3733333349227905, -0.30666667222976685, -0.24000000953674316]",-0.6654199361801147,-0.9869093298912048,0.5272669792175293,1.0766924619674683,1.6893936395645142,0.04847777634859085,19.40895359261012,24.371602543044368
5900,5900,33,zero_hold,0,"[0.0, 0.0, 0.0, 0.0]",-0.47306275367736816,-0.06529195606708527,-0.06793670356273651,0.532386064529419,0.7184022068977356,0.0,0.0,4.967641879737291
5900,5900,33,zero_hold,1,"[0.0, 0.0, 0.0, 0.0]",-0.3015739321708679,0.12419964373111725,0.007330805994570255,0.8505846261978149,0.9109996557235718,0.41500723361968994,4.967641879737291,8.091292934179764
5900,5900,33,zero_hold,2,"[0.0, 0.0, 0.0, 0.0]",0.185710608959198,0.004507841542363167,-0.03547260910272598,1.0083438158035278,1.025926113128662,0.5277238488197327,8.091292934179764,10.606304283194156
5900,5900,33,zero_hold,3,"[0.0, 0.0, 0.0, 0.0]",0.2509111762046814,-0.09245038032531738,-0.1234184205532074,1.0019127130508423,1.0443010330200195,0.14638249576091766,10.606304283194156,12.644011384379619
5900,5900,33,target_ahead,0,"[0.0, 0.0, 0.0, 0.0]",1.0115925073623657,-0.26029178500175476,-0.5476020574569702,0.14983032643795013,1.1888600587844849,0.0,0.0,8.51330793884499
5900,5900,33,target_ahead,1,"[0.009999999776482582, 0.0, 0.0, 0.0]",0.8386155962944031,-0.29814818501472473,-0.5966697931289673,0.0653468668460846,1.0735238790512085,0.20223554968833923,8.51330793884499,12.629959645774505
5900,5900,33,target_ahead,2,"[0.019999999552965164, 0.0, 0.0, 0.0]",0.8347557187080383,-0.3984653651714325,-0.5806700587272644,0.09115974605083466,1.095937728881836,0.10488437116146088,12.629959645774505,16.601978685788414
5900,5900,33,target_ahead,3,"[0.029999999329447746, 0.0, 0.0, 0.0]",0.7512872815132141,-0.4529602527618408,-0.5137088298797607,0.14568252861499786,1.0269984006881714,0.13188332319259644,16.601978685788414,20.592424346260962
5900,5900,33,target_left,0,"[0.0, 0.0, 0.0, 0.0]",-0.650361955165863,-1.2089787721633911,0.3680877387523651,0.2396300882101059,1.4413574934005737,0.0,0.0,8.25925209442274
5900,5900,33,target_left,1,"[0.009999999776482582, 0.0, 0.0, 0.0]",-0.648714542388916,-1.3361554145812988,0.33305221796035767,0.4246508777141571,1.5803145170211792,0.2272372990846634,8.25925209442274,12.877737183857821
5900,5900,33,target_left,2,"[0.019999999552965164, 0.0, 0.0, 0.0]",-0.4760812819004059,-1.3844932317733765,0.32429632544517517,0.510166585445404,1.5839548110961914,0.19881747663021088,12.877737183857821,17.222597086080107
5900,5900,33,target_left,3,"[0.029999999329447746, 0.0, 0.0, 0.0]",-0.4110433757305145,-1.3793444633483887,0.3166429102420807,0.548265814781189,1.5723886489868164,0.0759379044175148,17.222597086080107,21.420894956637724
5900,5900,33,ramp,0,"[-0.5, -0.4333333373069763, -0.36666667461395264, -0.30000001192092896]",-0.5458981990814209,-0.8818301558494568,0.5215821862220764,0.6984376907348633,1.354803442955017,0.0,0.0,9.81303378618044
5900,5900,33,ramp,1,"[-0.47999998927116394, -0.41333332657814026, -0.3466666638851166, -0.2800000011920929]",-0.6676999926567078,-0.9007611870765686,0.5536555051803589,1.0273950099945068,1.6184155941009521,0.3527544140815735,9.81303378618044,14.532516448072508
5900,5900,33,ramp,2,"[-0.46000000834465027, -0.3933333456516266, -0.3266666829586029, -0.2600000202655792]",-0.6851117014884949,-0.9587193131446838,0.556363046169281,1.094109296798706,1.7015098333358765,0.09011347591876984,14.532516448072508,19.449660288452474
5900,5900,33,ramp,3,"[-0.4399999976158142, -0.3733333349227905, -0.30666667222976685, -0.24000000953674316]",-0.6613971590995789,-0.9793419241905212,0.5473697781562805,1.0955991744995117,1.7019129991531372,0.03272262588143349,19.449660288452474,24.38470550175054
5925,5925,33,zero_hold,0,"[0.0, 0.0, 0.0, 0.0]",-0.4459685683250427,-0.07138223201036453,-0.09021005779504776,0.5302939414978027,0.7023766040802002,0.0,0.0,4.871934278548042
5925,5925,33,zero_hold,1,"[0.0, 0.0, 0.0, 0.0]",-0.2878895401954651,0.12546642124652863,-0.026187898591160774,0.8672628998756409,0.9227420687675476,0.42589351534843445,4.871934278548042,7.964353599640913
5925,5925,33,zero_hold,2,"[0.0, 0.0, 0.0, 0.0]",0.1861608922481537,0.018178775906562805,-0.060119226574897766,1.032515048980713,1.0510413646697998,0.5144842863082886,7.964353599640913,10.44673258189748
5925,5925,33,zero_hold,3,"[0.0, 0.0, 0.0, 0.0]",0.26412433385849,-0.07313528656959534,-0.14380787312984467,1.0294618606567383,1.07498037815094,0.14638875424861908,10.44673258189748,12.460496048156918
5925,5925,33,target_ahead,0,"[0.0, 0.0, 0.0, 0.0]",1.0233451128005981,-0.24404224753379822,-0.5529235005378723,0.13769876956939697,1.1964435577392578,0.0,0.0,8.535784947299453
5925,5925,33,target_ahead,1,"[0.009999999776482582, 0.0, 0.0, 0.0]",0.9073340892791748,-0.29226142168045044,-0.6242788434028625,0.054071903228759766,1.140753984451294,0.1669391691684723,8.535784947299453,12.726176773722017
5925,5925,33,target_ahead,2,"[0.019999999552965164, 0.0, 0.0, 0.0]",0.898016095161438,-0.3838125169277191,-0.6233404278755188,0.06140901893377304,1.1602022647857666,0.09232086688280106,12.726176773722017,16.758282759975362
5925,5925,33,target_ahead,3,"[0.029999999329447746, 0.0, 0.0, 0.0]",0.8394761085510254,-0.4295468330383301,-0.573881208896637,0.10535744577646255,1.1089050769805908,0.09947983175516129,16.758282759975362,20.75635329984848
5925,5925,33,target_left,0,"[0.0, 0.0, 0.0, 0.0]",-0.652696967124939,-1.2135679721832275,0.36700311303138733,0.19418582320213318,1.439152479171753,0.0,0.0,8.22659379236876
5925,5925,33,target_left,1,"[0.009999999776482582, 0.0, 0.0, 0.0]",-0.6500322818756104,-1.3339638710021973,0.3346679210662842,0.3922497034072876,1.5709437131881714,0.23404516279697418,8.22659379236876,12.824538752534062
5925,5925,33,target_left,2,"[0.019999999552965164, 0.0, 0.0, 0.0]",-0.46483051776885986,-1.3877131938934326,0.32569530606269836,0.4795113205909729,1.574110507965088,0.21185792982578278,12.824538752534062,17.12553613136752
5925,5925,33,target_left,3,"[0.029999999329447746, 0.0, 0.0, 0.0]",-0.3992510735988617,-1.3862409591674805,0.31719648838043213,0.5178267955780029,1.5651912689208984,0.07644041627645493,17.12553613136752,21.295540854252444
5925,5925,33,ramp,0,"[-0.5, -0.4333333373069763, -0.36666667461395264, -0.30000001192092896]",-0.613843560218811,-0.8523549437522888,0.46316370368003845,0.6770455241203308,1.3327505588531494,0.0,0.0,9.798535398825633
5925,5925,33,ramp,1,"[-0.47999998927116394, -0.41333332657814026, -0.3466666638851166, -0.2800000011920929]",-0.728938102722168,-0.8513814806938171,0.5188720226287842,1.0053653717041016,1.5925415754318237,0.3523422181606293,9.798535398825633,14.577382356261413
5925,5925,33,ramp,2,"[-0.46000000834465027, -0.3933333456516266, -0.3266666829586029, -0.2600000202655792]",-0.7166610956192017,-0.9093325138092041,0.5300294756889343,1.064185619354248,1.6594911813735962,0.08422207087278366,14.577382356261413,19.557527921358446
5925,5925,33,ramp,3,"[-0.4399999976158142, -0.3733333349227905, -0.30666667222976685, -0.24000000953674316]",-0.6822813749313354,-0.9231600165367126,0.5216284394264221,1.0617505311965942,1.6483757495880127,0.0380745604634285,19.557527921358446,24.514067242490746
5950,5950,33,zero_hold,0,"[0.0, 0.0, 0.0, 0.0]",-0.481517493724823,-0.07872854173183441,-0.07525716722011566,0.5183152556419373,0.7158014178276062,0.0,0.0,4.889451526086635
5950,5950,33,zero_hold,1,"[0.0, 0.0, 0.0, 0.0]",-0.32615312933921814,0.11353180557489395,-0.0018308686558157206,0.8745023608207703,0.9402250051498413,0.4397304058074951,4.889451526086635,7.989859969872703
5950,5950,33,zero_hold,2,"[0.0, 0.0, 0.0, 0.0]",0.15650349855422974,0.0026575420051813126,-0.03910071775317192,1.0476385354995728,1.0599884986877441,0.5259426832199097,7.989859969872703,10.496498199373724
5950,5950,33,zero_hold,3,"[0.0, 0.0, 0.0, 0.0]",0.23833821713924408,-0.0855812206864357,-0.12484772503376007,1.045084834098816,1.0825518369674683,0.14779062569141388,10.496498199373724,12.538580322365304
5950,5950,33,target_ahead,0,"[0.0, 0.0, 0.0, 0.0]",1.0087031126022339,-0.19098000228405,-0.5926918387413025,0.13379023969173431,1.1929538249969482,0.0,0.0,8.515393917887717
5950,5950,33,target_ahead,1,"[0.009999999776482582, 0.0, 0.0, 0.0]",0.9180077910423279,-0.2518821656703949,-0.6753864288330078,0.04070007801055908,1.167898178100586,0.16564688086509705,8.515393917887717,12.653022360248901
5950,5950,33,target_ahead,2,"[0.019999999552965164, 0.0, 0.0, 0.0]",0.9114157557487488,-0.3552774488925934,-0.6558624505996704,0.04634120315313339,1.1786448955535889,0.10557957738637924,12.653022360248901,16.638083582782848
5950,5950,33,target_ahead,3,"[0.029999999329447746, 0.0, 0.0, 0.0]",0.860891580581665,-0.41123726963996887,-0.5842723846435547,0.10205331444740295,1.1234053373336792,0.11795410513877869,16.638083582782848,20.596092547562673
5950,5950,33,target_left,0,"[0.0, 0.0, 0.0, 0.0]",-0.6966676712036133,-1.2157924175262451,0.3392796218395233,0.21505318582057953,1.4576884508132935,0.0,0.0,8.220205111392957
5950,5950,33,target_left,1,"[0.009999999776482582, 0.0, 0.0, 0.0]",-0.7051379680633545,-1.3624900579452515,0.31353458762168884,0.4238881468772888,1.622215747833252,0.2566452622413635,8.220205111392957,12.8013532618076
5950,5950,33,target_left,2,"[0.019999999552965164, 0.0, 0.0, 0.0]",-0.5122811794281006,-1.4229470491409302,0.30712082982063293,0.5122760534286499,1.626025915145874,0.22068607807159424,12.8013532618076,17.09691615444604
5950,5950,33,target_left,3,"[0.029999999329447746, 0.0, 0.0, 0.0]",-0.43755581974983215,-1.424554705619812,0.2959766983985901,0.5497482419013977,1.6157463788986206,0.08434939384460449,17.09691615444604,21.269762859059835
5950,5950,33,ramp,0,"[-0.5, -0.4333333373069763, -0.36666667461395264, -0.30000001192092896]",-0.695257842540741,-0.7837454080581665,0.44203808903694153,0.6006503701210022,1.2860088348388672,0.0,0.0,9.752753182111542
5950,5950,33,ramp,1,"[-0.47999998927116394, -0.41333332657814026, -0.3466666638851166, -0.2800000011920929]",-0.8176974058151245,-0.7708674073219299,0.4767959415912628,0.952725887298584,1.548511028289795,0.3745965361595154,9.752753182111542,14.491938832023589
5950,5950,33,ramp,2,"[-0.46000000834465027, -0.3933333456516266, -0.3266666829586029, -0.2600000202655792]",-0.778863251209259,-0.8382772207260132,0.4813854694366455,1.029061198234558,1.6124626398086548,0.10908857733011246,14.491938832023589,19.419934118400228
5950,5950,33,ramp,3,"[-0.4399999976158142, -0.3733333349227905, -0.30666667222976685, -0.24000000953674316]",-0.747342586517334,-0.866656482219696,0.47067856788635254,1.0349398851394653,1.6131501197814941,0.04413764178752899,19.419934118400228,24.33344543426408
5975,5975,33,zero_hold,0,"[0.0, 0.0, 0.0, 0.0]",-0.44158798456192017,-0.07016311585903168,-0.08128190040588379,0.5149295330047607,0.6867910623550415,0.0,0.0,4.777387591618474
5975,5975,33,zero_hold,1,"[0.0, 0.0, 0.0, 0.0]",-0.2650218605995178,0.1125156506896019,-0.004526651464402676,0.8817431926727295,0.9275709986686707,0.4527590274810791,4.777387591618474,7.843640437928959
5975,5975,33,zero_hold,2,"[0.0, 0.0, 0.0, 0.0]",0.18487603962421417,-0.0010652635246515274,-0.03947750851511955,1.0500197410583496,1.0669021606445312,0.4948204457759857,7.843640437928959,10.277436797941112
5975,5975,33,zero_hold,3,"[0.0, 0.0, 0.0, 0.0]",0.2652033865451813,-0.09112102538347244,-0.12278878688812256,1.0414440631866455,1.0855038166046143,0.1468905508518219,10.277436797941112,12.277068958923007
5975,5975,33,target_ahead,0,"[0.0, 0.0, 0.0, 0.0]",0.9386618137359619,-0.18443350493907928,-0.5996317267417908,0.12362311035394669,1.1357563734054565,0.0,0.0,8.565228484810469
5975,5975,33,target_ahead,1,"[0.009999999776482582, 0.0, 0.0, 0.0]",0.8911526203155518,-0.220756396651268,-0.6964642405509949,0.04415294528007507,1.1532121896743774,0.13881108164787292,8.565228484810469,12.728193925762522
5975,5975,33,target_ahead,2,"[0.019999999552965164, 0.0, 0.0, 0.0]",0.8732090592384338,-0.3070315718650818,-0.7032514214515686,0.034151799976825714,1.1629666090011597,0.08894642442464828,12.728193925762522,16.722529165599855
5975,5975,33,target_ahead,3,"[0.029999999329447746, 0.0, 0.0, 0.0]",0.8227365016937256,-0.3478376567363739,-0.6756486296653748,0.061269477009773254,1.121669054031372,0.07556387037038803,16.722529165599855,20.645319400429884
5975,5975,33,target_left,0,"[0.0, 0.0, 0.0, 0.0]",-0.6564506888389587,-1.2180383205413818,0.3351002335548401,0.1986372470855713,1.4374608993530273,0.0,0.0,8.192204184607252
5975,5975,33,target_left,1,"[0.009999999776482582, 0.0, 0.0, 0.0]",-0.6379340887069702,-1.3696413040161133,0.30276060104370117,0.41364121437072754,1.5955063104629517,0.26570451259613037,8.192204184607252,12.778395683783721
5975,5975,33,target_left,2,"[0.019999999552965164, 0.0, 0.0, 0.0]",-0.4493968188762665,-1.425498366355896,0.29405122995376587,0.49754270911216736,1.6025036573410034,0.21396641433238983,12.778395683783721,17.08627659712733
5975,5975,33,target_left,3,"[0.029999999329447746, 0.0, 0.0, 0.0]",-0.38232824206352234,-1.42438805103302,0.2816551923751831,0.5333001017570496,1.5933595895767212,0.0770173966884613,17.08627659712733,21.27127427191231
5975,5975,33,ramp,0,"[-0.5, -0.4333333373069763, -0.36666667461395264, -0.30000001192092896]",-0.5983702540397644,-0.7793540358543396,0.47689089179039,0.618704080581665,1.255252718925476,0.0,0.0,9.749705306067169
5975,5975,33,ramp,1,"[-0.47999998927116394, -0.41333332657814026, -0.3466666638851166, -0.2800000011920929]",-0.7417895793914795,-0.7914744019508362,0.4824976623058319,1.0014554262161255,1.5531904697418213,0.40895724296569824,9.749705306067169,14.489902382396151
5975,5975,33,ramp,2,"[-0.46000000834465027, -0.3933333456516266, -0.3266666829586029, -0.2600000202655792]",-0.6994731426239014,-0.8575342297554016,0.4863048791885376,1.0720162391662598,1.6156543493270874,0.10558363795280457,14.489902382396151,19.388441594498588
5975,5975,33,ramp,3,"[-0.4399999976158142, -0.3733333349227905, -0.30666667222976685, -0.24000000953674316]",-0.668671727180481,-0.8845170736312866,0.4738723635673523,1.0712900161743164,1.6129815578460693,0.0428006537258625,19.388441594498588,24.26180640619214
6000,6000,33,zero_hold,0,"[0.0, 0.0, 0.0, 0.0]",-0.4590051770210266,-0.07455124706029892,-0.08648984879255295,0.5207816362380981,0.7035180330276489,0.0,0.0,4.809600059870356
6000,6000,33,zero_hold,1,"[0.0, 0.0, 0.0, 0.0]",-0.30866992473602295,0.11813773214817047,-0.015642309561371803,0.8827449083328247,0.9427178502082825,0.44245511293411255,4.809600059870356,7.873972344065057
6000,6000,33,zero_hold,2,"[0.0, 0.0, 0.0, 0.0]",0.1385267972946167,0.005548713728785515,-0.054268646985292435,1.0517116785049438,1.062197208404541,0.4926489293575287,7.873972344065057,10.300646439557044
6000,6000,33,zero_hold,3,"[0.0, 0.0, 0.0, 0.0]",0.21288852393627167,-0.08601605892181396,-0.12961824238300323,1.056172490119934,1.0885869264602661,0.14004011452198029,10.300646439557044,12.296954041133452
6000,6000,33,target_ahead,0,"[0.0, 0.0, 0.0, 0.0]",0.8651652932167053,-0.21057087182998657,-0.5706043839454651,0.15130162239074707,1.0683317184448242,0.0,0.0,8.473801610658166
6000,6000,33,target_ahead,1,"[0.009999999776482582, 0.0, 0.0, 0.0]",0.8159506916999817,-0.21949456632137299,-0.6421360969543457,0.10625803470611572,1.066575288772583,0.09822128713130951,8.473801610658166,12.624829933426277
6000,6000,33,target_ahead,2,"[0.019999999552965164, 0.0, 0.0, 0.0]",0.8071498870849609,-0.3205130994319916,-0.6386950016021729,0.10568881034851074,1.083199381828308,0.10146114230155945,12.624829933426277,16.57340481733827
6000,6000,33,target_ahead,3,"[0.029999999329447746, 0.0, 0.0, 0.0]",0.7342305183410645,-0.3781931400299072,-0.5939722061157227,0.1348559558391571,1.0262131690979004,0.10721507668495178,16.57340481733827,20.453504180067025
6000,6000,33,target_left,0,"[0.0, 0.0, 0.0, 0.0]",-0.6420215368270874,-1.2421587705612183,0.32719263434410095,0.19642198085784912,1.4494091272354126,0.0,0.0,8.203566700593235
6000,6000,33,target_left,1,"[0.009999999776482582, 0.0, 0.0, 0.0]",-0.6503235697746277,-1.4035638570785522,0.2936938405036926,0.4062902331352234,1.6261118650436401,0.26699694991111755,8.203566700593235,12.826352683463034
6000,6000,33,target_left,2,"[0.019999999552965164, 0.0, 0.0, 0.0]",-0.46798038482666016,-1.4552627801895142,0.28634974360466003,0.48949894309043884,1.630460262298584,0.207121804356575,12.826352683463034,17.160523305196968
6000,6000,33,target_left,3,"[0.029999999329447746, 0.0, 0.0, 0.0]",-0.39094167947769165,-1.4522571563720703,0.2724614143371582,0.5278213024139404,1.6170085668563843,0.08720943331718445,17.160523305196968,21.364455481263754
6000,6000,33,ramp,0,"[-0.5, -0.4333333373069763, -0.36666667461395264, -0.30000001192092896]",-0.5887610912322998,-0.8054096102714539,0.5225734114646912,0.5927553176879883,1.272700309753418,0.0,0.0,9.734078487454639
6000,6000,33,ramp,1,"[-0.47999998927116394, -0.41333332657814026, -0.3466666638851166, -0.2800000011920929]",-0.7507045269012451,-0.8364211320877075,0.5251383781433105,0.9885692596435547,1.5862525701522827,0.4287920594215393,9.734078487454639,14.494072191218546
6000,6000,33,ramp,2,"[-0.46000000834465027, -0.3933333456516266, -0.3266666829586029, -0.2600000202655792]",-0.7178023457527161,-0.8910973072052002,0.5237083435058594,1.0621968507766724,1.6467626094818115,0.09744282811880112,14.494072191218546,19.393019720270065
6000,6000,33,ramp,3,"[-0.4399999976158142, -0.3733333349227905, -0.30666667222976685, -0.24000000953674316]",-0.6809887886047363,-0.9084428548812866,0.5114644765853882,1.0639656782150269,1.6378746032714844,0.04253406822681427,19.393019720270065,24.268171031842105
6025,6025,33,zero_hold,0,"[0.0, 0.0, 0.0, 0.0]",-0.43749117851257324,-0.07075031846761703,-0.08800634741783142,0.5140213370323181,0.6843735575675964,0.0,0.0,4.762901582561452
6025,6025,33,zero_hold,1,"[0.0, 0.0, 0.0, 0.0]",-0.2892228960990906,0.11357549577951431,-0.02792404033243656,0.8627473711967468,0.9174214005470276,0.42565152049064636,4.762901582561452,7.831333033668906
6025,6025,33,zero_hold,2,"[0.0, 0.0, 0.0, 0.0]",0.1374049186706543,0.002751493826508522,-0.066436767578125,1.0216214656829834,1.032962679862976,0.4701249599456787,7.831333033668906,10.246329783587488
6025,6025,33,zero_hold,3,"[0.0, 0.0, 0.0, 0.0]",0.23231230676174164,-0.08871795982122421,-0.13563165068626404,1.0163731575012207,1.05510675907135,0.14896155893802643,10.246329783587488,12.236019514484916
6025,6025,33,target_ahead,0,"[0.0, 0.0, 0.0, 0.0]",0.8995502591133118,-0.19801530241966248,-0.6020036339759827,0.1261511743068695,1.1075754165649414,0.0,0.0,8.512057737376463
6025,6025,33,target_ahead,1,"[0.009999999776482582, 0.0, 0.0, 0.0]",0.8821418285369873,-0.20086900889873505,-0.6906139254570007,0.08991788327693939,1.1417335271835327,0.09734389185905457,8.512057737376463,12.709622677557245
6025,6025,33,target_ahead,2,"[0.019999999552965164, 0.0, 0.0, 0.0]",0.8542155027389526,-0.2848513424396515,-0.6989671587944031,0.07956865429878235,1.1426769495010376,0.08949746191501617,12.709622677557245,16.67764840549573
6025,6025,33,target_ahead,3,"[0.029999999329447746, 0.0, 0.0, 0.0]",0.7952287793159485,-0.32532379031181335,-0.6590496897697449,0.1021924689412117,1.0876644849777222,0.08498643338680267,16.67764840549573,20.572240428940745
6025,6025,33,target_left,0,"[0.0, 0.0, 0.0, 0.0]",-0.6053385138511658,-1.2413908243179321,0.35857900977134705,0.20164090394973755,1.4410842657089233,0.0,0.0,8.180082274741194
6025,6025,33,target_left,1,"[0.009999999776482582, 0.0, 0.0, 0.0]",-0.5896771550178528,-1.4074513912200928,0.31814345717430115,0.4052208960056305,1.6106078624725342,0.2662728726863861,8.180082274741194,12.78884454392205
6025,6025,33,target_left,2,"[0.019999999552965164, 0.0, 0.0, 0.0]",-0.4046003222465515,-1.4552806615829468,0.3089190423488617,0.4860493540763855,1.6165450811386108,0.2077484130859375,12.78884454392205,17.09423972699816
6025,6025,33,target_left,3,"[0.029999999329447746, 0.0, 0.0, 0.0]",-0.3448188006877899,-1.44998037815094,0.2986254394054413,0.5216214656829834,1.607049822807312,0.07052131742238998,17.09423972699816,21.257989896014315
6025,6025,33,ramp,0,"[-0.5, -0.4333333373069763, -0.36666667461395264, -0.30000001192092896]",-0.5820669531822205,-0.7413063049316406,0.5512232184410095,0.5522501468658447,1.2235866785049438,0.0,0.0,9.681903407104585
6025,6025,33,ramp,1,"[-0.47999998927116394, -0.41333332657814026, -0.3466666638851166, -0.2800000011920929]",-0.7816687226295471,-0.785531759262085,0.500016450881958,0.941887378692627,1.5379317998886108,0.4429853856563568,9.681903407104585,14.456950747248666
6025,6025,33,ramp,2,"[-0.46000000834465027, -0.3933333456516266, -0.3266666829586029, -0.2600000202655792]",-0.7108609080314636,-0.8165328502655029,0.48346903920173645,1.0046684741973877,1.5540753602981567,0.10094601660966873,14.456950747248666,19.335637619879222
6025,6025,33,ramp,3,"[-0.4399999976158142, -0.3733333349227905, -0.30666667222976685, -0.24000000953674316]",-0.6643019318580627,-0.8208430409431458,0.4618943929672241,0.9994242191314697,1.525541067123413,0.051761794835329056,19.335637619879222,24.190434266999294
6050,6050,33,zero_hold,0,"[0.0, 0.0, 0.0, 0.0]",-0.43720340728759766,-0.05843518674373627,-0.08100488036870956,0.5290278792381287,0.693537175655365,0.0,0.0,4.782375356968523
6050,6050,33,zero_hold,1,"[0.0, 0.0, 0.0, 0.0]",-0.31477445363998413,0.13448302447795868,-0.02199205942451954,0.8959484696388245,0.959362268447876,0.4362562596797943,4.782375356968523,7.890325488022588
6050,6050,33,zero_hold,2,"[0.0, 0.0, 0.0, 0.0]",0.07411722838878632,0.01961532235145569,-0.05125107616186142,1.0538901090621948,1.0579173564910889,0.43615707755088806,7.890325488022588,10.33256704001671
6050,6050,33,zero_hold,3,"[0.0, 0.0, 0.0, 0.0]",0.1769355833530426,-0.06563171744346619,-0.11222077906131744,1.0533521175384521,1.0759916305541992,0.14682051539421082,10.33256704001671,12.355469655685658
6050,6050,33,target_ahead,0,"[0.0, 0.0, 0.0, 0.0]",1.0257941484451294,-0.17424532771110535,-0.5995763540267944,0.10582910478115082,1.2055317163467407,0.0,0.0,8.524928056054964
6050,6050,33,target_ahead,1,"[0.009999999776482582, 0.0, 0.0, 0.0]",1.0089789628982544,-0.20346853137016296,-0.7018082141876221,0.08351467549800873,1.2485781908035278,0.10993649810552597,8.524928056054964,12.751528554106384
6050,6050,33,target_ahead,2,"[0.019999999552965164, 0.0, 0.0, 0.0]",0.9753860235214233,-0.28903964161872864,-0.7193046808242798,0.08218485116958618,1.2486293315887451,0.0935884341597557,12.751528554106384,16.748729225767978
6050,6050,33,target_ahead,3,"[0.029999999329447746, 0.0, 0.0, 0.0]",0.934593141078949,-0.3246382176876068,-0.6919814348220825,0.10565789043903351,1.2119637727737427,0.06502969563007355,16.748729225767978,20.670126506174032
6050,6050,33,target_left,0,"[0.0, 0.0, 0.0, 0.0]",-0.6370999813079834,-1.2519131898880005,0.36853453516960144,0.21511030197143555,1.4680849313735962,0.0,0.0,8.190544420020132
6050,6050,33,target_left,1,"[0.009999999776482582, 0.0, 0.0, 0.0]",-0.6301273107528687,-1.4174789190292358,0.32584452629089355,0.42204299569129944,1.640305519104004,0.2685222625732422,8.190544420020132,12.80104768203568
6050,6050,33,target_left,2,"[0.019999999552965164, 0.0, 0.0, 0.0]",-0.44860535860061646,-1.4599032402038574,0.3175172805786133,0.5030375719070435,1.6390327215194702,0.2034195363521576,12.80104768203568,17.123409989657116
6050,6050,33,target_left,3,"[0.029999999329447746, 0.0, 0.0, 0.0]",-0.40318840742111206,-1.4524441957473755,0.3097933232784271,0.5420878529548645,1.6315593719482422,0.060851629823446274,17.123409989657116,21.3021450952751
6050,6050,33,ramp,0,"[-0.5, -0.4333333373069763, -0.36666667461395264, -0.30000001192092896]",-0.5885113477706909,-0.7333117723464966,0.5472797155380249,0.556793749332428,1.2221399545669556,0.0,0.0,9.68601652383982
6050,6050,33,ramp,1,"[-0.47999998927116394, -0.41333332657814026, -0.3466666638851166, -0.2800000011920929]",-0.8138977289199829,-0.7970708608627319,0.4887016713619232,0.9440537095069885,1.5581457614898682,0.4563615918159485,9.68601652383982,14.432312281440485
6050,6050,33,ramp,2,"[-0.46000000834465027, -0.3933333456516266, -0.3266666829586029, -0.2600000202655792]",-0.7278028726577759,-0.8325281143188477,0.4822482764720917,1.0031466484069824,1.568969964981079,0.11046792566776276,14.432312281440485,19.28347961310614
6050,6050,33,ramp,3,"[-0.4399999976158142, -0.3733333349227905, -0.30666667222976685, -0.24000000953674316]",-0.6854882836341858,-0.8436111211776733,0.464920312166214,0.9991653561592102,1.5479199886322021,0.0472172275185585,19.28347961310614,24.121767530633225
6075,6075,33,zero_hold,0,"[0.0, 0.0, 0.0, 0.0]",-0.4374728798866272,-0.07487282156944275,-0.07476281374692917,0.5178708434104919,0.6861254572868347,0.0,0.0,4.80350089239283
6075,6075,33,zero_hold,1,"[0.0, 0.0, 0.0, 0.0]",-0.31934767961502075,0.1087491512298584,-0.02155172824859619,0.8839702010154724,0.9464021921157837,0.42957043647766113,4.80350089239283,7.923566602460182
6075,6075,33,zero_hold,2,"[0.0, 0.0, 0.0, 0.0]",0.07771901786327362,-0.020254936069250107,-0.047560375183820724,1.0323388576507568,1.0365500450134277,0.44383975863456726,7.923566602460182,10.375094729879375
6075,6075,33,zero_hold,3,"[0.0, 0.0, 0.0, 0.0]",0.1801389902830124,-0.11358052492141724,-0.10398975759744644,1.0302436351776123,1.05715012550354,0.14962680637836456,10.375094729879375,12.398866302464317
6075,6075,33,target_ahead,0,"[0.0, 0.0, 0.0, 0.0]",1.0685739517211914,-0.14329318702220917,-0.6147207021713257,0.09634678810834885,1.2448081970214844,0.0,0.0,8.528217783448504
6075,6075,33,target_ahead,1,"[0.009999999776482582, 0.0, 0.0, 0.0]",1.037137508392334,-0.15800806879997253,-0.7434060573577881,0.050007179379463196,1.286768913269043,0.14111009240150452,8.528217783448504,12.726998924862308
6075,6075,33,target_ahead,2,"[0.019999999552965164, 0.0, 0.0, 0.0]",1.0102306604385376,-0.228491872549057,-0.776499330997467,0.0376274436712265,1.295045018196106,0.0833088681101799,12.726998924862308,16.69074351515439
6075,6075,33,target_ahead,3,"[0.029999999329447746, 0.0, 0.0, 0.0]",0.9760890603065491,-0.25608962774276733,-0.7728722095489502,0.05103170871734619,1.272111415863037,0.04604470729827881,16.69074351515439,20.56575925717746
6075,6075,33,target_left,0,"[0.0, 0.0, 0.0, 0.0]",-0.6206765174865723,-1.24624502658844,0.3857977092266083,0.2317819893360138,1.463191270828247,0.0,0.0,8.173827171092121
6075,6075,33,target_left,1,"[0.009999999776482582, 0.0, 0.0, 0.0]",-0.6282262206077576,-1.405032753944397,0.3278985917568207,0.44738146662712097,1.6359868049621582,0.27405470609664917,8.173827171092121,12.785204888430387
6075,6075,33,target_left,2,"[0.019999999552965164, 0.0, 0.0, 0.0]",-0.4510831832885742,-1.447197675704956,0.3156297504901886,0.5305272936820984,1.6367462873458862,0.20055246353149414,12.785204888430387,17.089031733875764
6075,6075,33,target_left,3,"[0.029999999329447746, 0.0, 0.0, 0.0]",-0.4123395085334778,-1.4399148225784302,0.3070521652698517,0.570638120174408,1.6319581270217896,0.056890819221735,17.089031733875764,21.24353959725426
6075,6075,33,ramp,0,"[-0.5, -0.4333333373069763, -0.36666667461395264, -0.30000001192092896]",-0.571810245513916,-0.6969600915908813,0.553946852684021,0.4858439266681671,1.1643117666244507,0.0,0.0,9.693151463644172
6075,6075,33,ramp,1,"[-0.47999998927116394, -0.41333332657814026, -0.3466666638851166, -0.2800000011920929]",-0.8104439973831177,-0.7928528785705566,0.48683759570121765,0.9159546494483948,1.5366909503936768,0.5056089162826538,9.693151463644172,14.417582287593483
6075,6075,33,ramp,2,"[-0.46000000834465027, -0.3933333456516266, -0.3266666829586029, -0.2600000202655792]",-0.760611891746521,-0.8443067073822021,0.4767555296421051,0.9797077775001526,1.5743275880813599,0.09642014652490616,14.417582287593483,19.248938864620616
6075,6075,33,ramp,3,"[-0.4399999976158142, -0.3733333349227905, -0.30666667222976685, -0.24000000953674316]",-0.7236691117286682,-0.872550904750824,0.4598897099494934,0.9793379902839661,1.567049264907837,0.049468133598566055,19.248938864620616,24.081238523043087
6100,6100,33,zero_hold,0,"[0.0, 0.0, 0.0, 0.0]",-0.4472017288208008,-0.08716738969087601,-0.06762956827878952,0.5150936245918274,0.6910012364387512,0.0,0.0,4.87692862403199
6100,6100,33,zero_hold,1,"[0.0, 0.0, 0.0, 0.0]",-0.31952765583992004,0.10190721601247787,-0.023153085261583328,0.8751071691513062,0.93746018409729,0.4285297989845276,4.87692862403199,8.015241766381504
6100,6100,33,zero_hold,2,"[0.0, 0.0, 0.0, 0.0]",0.09571611881256104,-0.031225720420479774,-0.05824749916791916,1.021038293838501,1.0276422500610352,0.46117162704467773,8.015241766381504,10.47466583792075
6100,6100,33,zero_hold,3,"[0.0, 0.0, 0.0, 0.0]",0.19683463871479034,-0.13278000056743622,-0.12126106023788452,1.0159329175949097,1.0503325462341309,0.15663652122020721,10.47466583792075,12.496367379038485
6100,6100,33,target_ahead,0,"[0.0, 0.0, 0.0, 0.0]",1.0593618154525757,-0.13643062114715576,-0.604897141456604,0.11090646684169769,1.2325021028518677,0.0,0.0,8.525247663801007
6100,6100,33,target_ahead,1,"[0.009999999776482582, 0.0, 0.0, 0.0]",0.9917771816253662,-0.14589039981365204,-0.7336825132369995,0.06432092934846878,1.2439184188842773,0.15301324427127838,8.525247663801007,12.694492351369455
6100,6100,33,target_ahead,2,"[0.019999999552965164, 0.0, 0.0, 0.0]",0.9913465976715088,-0.22116896510124207,-0.7777086496353149,0.05865990370512009,1.2806074619293213,0.08739219605922699,12.694492351369455,16.653362999328255
6100,6100,33,target_ahead,3,"[0.029999999329447746, 0.0, 0.0, 0.0]",0.9412644505500793,-0.25760549306869507,-0.7748291492462158,0.06780420243740082,1.2479170560836792,0.06267178058624268,16.653362999328255,20.53108952204723
6100,6100,33,target_left,0,"[0.0, 0.0, 0.0, 0.0]",-0.6300187110900879,-1.2463023662567139,0.38892269134521484,0.20253242552280426,1.4637190103530884,0.0,0.0,8.19243694175972
6100,6100,33,target_left,1,"[0.009999999776482582, 0.0, 0.0, 0.0]",-0.6324790120124817,-1.40166175365448,0.32336586713790894,0.40997207164764404,1.6239851713180542,0.2673415243625641,8.19243694175972,12.807727229350375
6100,6100,33,target_left,2,"[0.019999999552965164, 0.0, 0.0, 0.0]",-0.4586748778820038,-1.439476490020752,0.31317275762557983,0.49070262908935547,1.6190557479858398,0.19559946656227112,12.807727229350375,17.151159467051894
6100,6100,33,target_left,3,"[0.029999999329447746, 0.0, 0.0, 0.0]",-0.42200058698654175,-1.431613564491272,0.30506765842437744,0.5343664884567261,1.6143778562545776,0.05812963470816612,17.151159467051894,21.352635867424887
6100,6100,33,ramp,0,"[-0.5, -0.4333333373069763, -0.36666667461395264, -0.30000001192092896]",-0.5910773873329163,-0.7286751866340637,0.583199679851532,0.4136226177215576,1.1796379089355469,0.0,0.0,9.703288172092181
6100,6100,33,ramp,1,"[-0.47999998927116394, -0.41333332657814026, -0.3466666638851166, -0.2800000011920929]",-0.8209376335144043,-0.8341057300567627,0.5324571132659912,0.8680476546287537,1.551350474357605,0.5225210785865784,9.703288172092181,14.40057842667474
6100,6100,33,ramp,2,"[-0.46000000834465027, -0.3933333456516266, -0.3266666829586029, -0.2600000202655792]",-0.7798638343811035,-0.8762893676757812,0.5184265375137329,0.9383031129837036,1.5891033411026,0.09273188561201096,14.40057842667474,19.224383464590783
6100,6100,33,ramp,3,"[-0.4399999976158142, -0.3733333349227905, -0.30666667222976685, -0.24000000953674316]",-0.7329004406929016,-0.8959470987319946,0.5047594308853149,0.9374943375587463,1.5727498531341553,0.05272030457854271,19.224383464590783,24.074302679468776
6125,6125,33,zero_hold,0,"[0.0, 0.0, 0.0, 0.0]",-0.45680198073387146,-0.09398657083511353,-0.05590737611055374,0.5140281319618225,0.696313202381134,0.0,0.0,4.909488674082138
6125,6125,33,zero_hold,1,"[0.0, 0.0, 0.0, 0.0]",-0.33528420329093933,0.1023382693529129,-0.00953056663274765,0.8854892253875732,0.9524025321006775,0.43982288241386414,4.909488674082138,8.064258581070915
6125,6125,33,zero_hold,2,"[0.0, 0.0, 0.0, 0.0]",0.07310862094163895,-0.02230570837855339,-0.04678613692522049,1.041738510131836,1.0455862283706665,0.4562045931816101,8.064258581070915,10.552811478114844
6125,6125,33,zero_hold,3,"[0.0, 0.0, 0.0, 0.0]",0.1735498607158661,-0.11456716060638428,-0.10930603742599487,1.0445475578308105,1.0706411600112915,0.15005747973918915,10.552811478114844,12.586695611317756
6125,6125,33,target_ahead,0,"[0.0, 0.0, 0.0, 0.0]",0.9772063493728638,-0.13869652152061462,-0.6110919117927551,0.10129975527524948,1.1652741432189941,0.0,0.0,8.545807759027543
6125,6125,33,target_ahead,1,"[0.009999999776482582, 0.0, 0.0, 0.0]",0.9363420605659485,-0.15222249925136566,-0.7530319690704346,0.055067338049411774,1.2124346494674683,0.15536169707775116,8.545807759027543,12.736598919182205
6125,6125,33,target_ahead,2,"[0.019999999552965164, 0.0, 0.0, 0.0]",0.9388478994369507,-0.22786282002925873,-0.7988312840461731,0.05228033661842346,1.254679799079895,0.08850470185279846,12.736598919182205,16.69969314468087
6125,6125,33,target_ahead,3,"[0.029999999329447746, 0.0, 0.0, 0.0]",0.8861861228942871,-0.26337435841560364,-0.8052504062652588,0.06152363121509552,1.2275606393814087,0.06450562179088593,16.69969314468087,20.56436628189709
6125,6125,33,target_left,0,"[0.0, 0.0, 0.0, 0.0]",-0.6209287643432617,-1.2443674802780151,0.4005127251148224,0.18948358297348022,1.459560751914978,0.0,0.0,8.220708785432912
6125,6125,33,target_left,1,"[0.009999999776482582, 0.0, 0.0, 0.0]",-0.6439719200134277,-1.393742561340332,0.3381046950817108,0.40759262442588806,1.6240888833999634,0.2725990116596222,8.220708785432912,12.85866276623703
6125,6125,33,target_left,2,"[0.019999999552965164, 0.0, 0.0, 0.0]",-0.4768759608268738,-1.4331438541412354,0.33067381381988525,0.4889110028743744,1.6216322183609009,0.19010896980762482,12.85866276623703,17.240212846760624
6125,6125,33,target_left,3,"[0.029999999329447746, 0.0, 0.0, 0.0]",-0.44069385528564453,-1.4234199523925781,0.3264137804508209,0.5325886011123657,1.6157140731811523,0.05770250782370567,17.240212846760624,21.46525910069908
6125,6125,33,ramp,0,"[-0.5, -0.4333333373069763, -0.36666667461395264, -0.30000001192092896]",-0.5337684154510498,-0.7639303207397461,0.6119609475135803,0.44670361280441284,1.2010573148727417,0.0,0.0,9.706057683014068
6125,6125,33,ramp,1,"[-0.47999998927116394, -0.41333332657814026, -0.3466666638851166, -0.2800000011920929]",-0.7702678442001343,-0.8393425345420837,0.5414267182350159,0.8694003820419312,1.531929612159729,0.49524399638175964,9.706057683014068,14.339938304321668
6125,6125,33,ramp,2,"[-0.46000000834465027, -0.3933333456516266, -0.3266666829586029, -0.2600000202655792]",-0.7411990761756897,-0.863405704498291,0.5168039202690125,0.9401617050170898,1.563916802406311,0.0838896706700325,14.339938304321668,19.14716573455273
6125,6125,33,ramp,3,"[-0.4399999976158142, -0.3733333349227905, -0.30666667222976685, -0.24000000953674316]",-0.6978616714477539,-0.8677511215209961,0.4980572760105133,0.9390271902084351,1.5394271612167358,0.04743139445781708,19.14716573455273,23.963663079550845
6150,6150,33,zero_hold,0,"[0.0, 0.0, 0.0, 0.0]",-0.4605255126953125,-0.10563422739505768,-0.0636335089802742,0.5030244588851929,0.6930549740791321,0.0,0.0,4.906833607760264
6150,6150,33,zero_hold,1,"[0.0, 0.0, 0.0, 0.0]",-0.34892401099205017,0.10154321789741516,-0.02013598568737507,0.8743492960929871,0.9470750689506531,0.4417596161365509,4.906833607760264,8.054511818365585
6150,6150,33,zero_hold,2,"[0.0, 0.0, 0.0, 0.0]",0.06139196455478668,-0.019442232325673103,-0.05907449126243591,1.0336695909500122,1.0373570919036865,0.4581439197063446,8.054511818365585,10.538720941962785
6150,6150,33,zero_hold,3,"[0.0, 0.0, 0.0, 0.0]",0.15468738973140717,-0.10557343065738678,-0.12161354720592499,1.0386903285980225,1.0624223947525024,0.1416296660900116,10.538720941962785,12.590191947051892
6150,6150,33,target_ahead,0,"[0.0, 0.0, 0.0, 0.0]",1.0635457038879395,-0.07741256058216095,-0.6617927551269531,0.06935476511716843,1.256941556930542,0.0,0.0,8.599745670808451
6150,6150,33,target_ahead,1,"[0.009999999776482582, 0.0, 0.0, 0.0]",1.0306787490844727,-0.10662221908569336,-0.8033784627914429,0.005380012094974518,1.3111494779586792,0.16147050261497498,8.599745670808451,12.735838573014309
6150,6150,33,target_ahead,2,"[0.019999999552965164, 0.0, 0.0, 0.0]",1.0255759954452515,-0.17542658746242523,-0.8396176099777222,-0.00022604316473007202,1.3369885683059692,0.07813310623168945,12.735838573014309,16.696725385854187
6150,6150,33,target_ahead,3,"[0.029999999329447746, 0.0, 0.0, 0.0]",0.9793202877044678,-0.20978990197181702,-0.8430895209312439,0.011209942400455475,1.309200406074524,0.058849502354860306,16.696725385854187,20.57280443723822
6150,6150,33,target_left,0,"[0.0, 0.0, 0.0, 0.0]",-0.6315267086029053,-1.264554738998413,0.41507190465927124,0.17864921689033508,1.4839558601379395,0.0,0.0,8.250192884005413
6150,6150,33,target_left,1,"[0.009999999776482582, 0.0, 0.0, 0.0]",-0.6712472438812256,-1.4092885255813599,0.3519127070903778,0.39614203572273254,1.6484653949737549,0.2716943025588989,8.250192884005413,12.866790060145556
6150,6150,33,target_left,2,"[0.019999999552965164, 0.0, 0.0, 0.0]",-0.4997903108596802,-1.4446282386779785,0.34368249773979187,0.47495120763778687,1.6372041702270508,0.1921587735414505,12.866790060145556,17.218343622243296
6150,6150,33,target_left,3,"[0.029999999329447746, 0.0, 0.0, 0.0]",-0.46505773067474365,-1.4352128505706787,0.3392784297466278,0.5167986750602722,1.630431056022644,0.055367931723594666,17.218343622243296,21.420379969689186
6150,6150,33,ramp,0,"[-0.5, -0.4333333373069763, -0.36666667461395264, -0.30000001192092896]",-0.5497407913208008,-0.8505163788795471,0.6333714723587036,0.4912932515144348,1.291557788848877,0.0,0.0,9.73522526790842
6150,6150,33,ramp,1,"[-0.47999998927116394, -0.41333332657814026, -0.3466666638851166, -0.2800000011920929]",-0.8069775104522705,-0.9045501351356506,0.5825817584991455,0.88327556848526,1.6090372800827026,0.4746789336204529,9.73522526790842,14.303996539153868
6150,6150,33,ramp,2,"[-0.46000000834465027, -0.3933333456516266, -0.3266666829586029, -0.2600000202655792]",-0.7801977396011353,-0.932248055934906,0.5555453896522522,0.9498476386070251,1.6397061347961426,0.08152997493743896,14.303996539153868,19.106557654658054
6150,6150,33,ramp,3,"[-0.4399999976158142, -0.3733333349227905, -0.30666667222976685, -0.24000000953674316]",-0.7434660196304321,-0.9330216646194458,0.5359789133071899,0.9469403624534607,1.6146951913833618,0.041726693511009216,19.106557654658054,23.930877889079643
6175,6175,33,zero_hold,0,"[0.0, 0.0, 0.0, 0.0]",-0.4827738404273987,-0.09716729819774628,-0.07861769199371338,0.524800717830658,0.7239534258842468,0.0,0.0,4.988507444620334
6175,6175,33,zero_hold,1,"[0.0, 0.0, 0.0, 0.0]",-0.37296155095100403,0.10619555413722992,-0.032762374728918076,0.8966769576072693,0.9774869680404663,0.4402383863925934,4.988507444620334,8.144625901038584
6175,6175,33,zero_hold,2,"[0.0, 0.0, 0.0, 0.0]",0.027817072346806526,-0.013969363644719124,-0.06957050412893295,1.0520505905151367,1.0548077821731567,0.44783803820610046,8.144625901038584,10.608878422965816
6175,6175,33,zero_hold,3,"[0.0, 0.0, 0.0, 0.0]",0.12087266147136688,-0.08977234363555908,-0.13191723823547363,1.0601539611816406,1.0788873434066772,0.1354924887418747,10.608878422965816,12.658463417754373
6175,6175,33,target_ahead,0,"[0.0, 0.0, 0.0, 0.0]",1.0430552959442139,-0.03726325184106827,-0.6724386811256409,0.12373676896095276,1.2477328777313232,0.0,0.0,8.59945841939584
6175,6175,33,target_ahead,1,"[0.009999999776482582, 0.0, 0.0, 0.0]",1.033599853515625,-0.0765068307518959,-0.82228022813797,0.08381471037864685,1.3256514072418213,0.16023646295070648,8.59945841939584,12.649542124090027
6175,6175,33,target_ahead,2,"[0.019999999552965164, 0.0, 0.0, 0.0]",1.0134408473968506,-0.14366953074932098,-0.8670980334281921,0.07489615678787231,1.3435667753219604,0.08369820564985275,12.649542124090027,16.50698948477443
6175,6175,33,target_ahead,3,"[0.029999999329447746, 0.0, 0.0, 0.0]",0.9735225439071655,-0.1771979182958603,-0.8714119791984558,0.08282647281885147,1.321122407913208,0.05290674418210983,16.50698948477443,20.297026342595323
6175,6175,33,target_left,0,"[0.0, 0.0, 0.0, 0.0]",-0.6258381009101868,-1.2730907201766968,0.38242560625076294,0.17481611669063568,1.4796091318130493,0.0,0.0,8.280635351927234
6175,6175,33,target_left,1,"[0.009999999776482582, 0.0, 0.0, 0.0]",-0.6984995603561401,-1.4354047775268555,0.3374572992324829,0.37613579630851746,1.6744085550308228,0.2723551094532013,8.280635351927234,12.907206146757439
6175,6175,33,target_left,2,"[0.019999999552965164, 0.0, 0.0, 0.0]",-0.5456372499465942,-1.475435733795166,0.33438968658447266,0.44683218002319336,1.6691633462905884,0.17313796281814575,12.907206146757439,17.262576645012892
6175,6175,33,target_left,3,"[0.029999999329447746, 0.0, 0.0, 0.0]",-0.4959145188331604,-1.4634122848510742,0.32987943291664124,0.48624521493911743,1.653106689453125,0.06473517417907715,17.262576645012892,21.467276541755112
6175,6175,33,ramp,0,"[-0.5, -0.4333333373069763, -0.36666667461395264, -0.30000001192092896]",-0.6384949088096619,-0.85330730676651,0.5723273158073425,0.5167669057846069,1.3154526948928833,0.0,0.0,9.76362259033857
6175,6175,33,ramp,1,"[-0.47999998927116394, -0.41333332657814026, -0.3466666638851166, -0.2800000011920929]",-0.8910210132598877,-0.8694078326225281,0.5156401991844177,0.8767569065093994,1.6075993776321411,0.44366079568862915,9.76362259033857,14.416733727283876
6175,6175,33,ramp,2,"[-0.46000000834465027, -0.3933333456516266, -0.3266666829586029, -0.2600000202655792]",-0.8620752692222595,-0.8982285857200623,0.491838276386261,0.9454302787780762,1.6388201713562012,0.08337298780679703,14.416733727283876,19.220798108890293
6175,6175,33,ramp,3,"[-0.4399999976158142, -0.3733333349227905, -0.30666667222976685, -0.24000000953674316]",-0.8112819790840149,-0.8968132138252258,0.47390085458755493,0.946885883808136,1.6073665618896484,0.05390576645731926,19.220798108890293,24.027720402540282
6200,6200,33,zero_hold,0,"[0.0, 0.0, 0.0, 0.0]",-0.42937180399894714,-0.1227288618683815,-0.1017623022198677,0.5297757983207703,0.7003145813941956,0.0,0.0,4.859885196732743
6200,6200,33,zero_hold,1,"[0.0, 0.0, 0.0, 0.0]",-0.303465873003006,0.059374816715717316,-0.06197832524776459,0.9103810787200928,0.9634582996368408,0.44210541248321533,4.859885196732743,8.017805345384776
6200,6200,33,zero_hold,2,"[0.0, 0.0, 0.0, 0.0]",0.09117136895656586,-0.06632138043642044,-0.10030800104141235,1.064229965209961,1.0748757123947144,0.44348251819610596,8.017805345384776,10.461710722178365
6200,6200,33,zero_hold,3,"[0.0, 0.0, 0.0, 0.0]",0.19667385518550873,-0.14363564550876617,-0.1693069040775299,1.0684434175491333,1.1088497638702393,0.14794212579727173,10.461710722178365,12.504610749096317
6200,6200,33,target_ahead,0,"[0.0, 0.0, 0.0, 0.0]",1.0571024417877197,-0.06297039240598679,-0.6680447459220886,0.10379137098789215,1.2563786506652832,0.0,0.0,8.662968787323779
6200,6200,33,target_ahead,1,"[0.009999999776482582, 0.0, 0.0, 0.0]",1.0743497610092163,-0.14510393142700195,-0.8253061175346375,0.059900227934122086,1.3638184070587158,0.18357820808887482,8.662968787323779,12.797631853585145
6200,6200,33,target_ahead,2,"[0.019999999552965164, 0.0, 0.0, 0.0]",1.0293164253234863,-0.19983160495758057,-0.8514956831932068,0.053138550370931625,1.3517742156982422,0.07585995644330978,12.797631853585145,16.70087667002916
6200,6200,33,target_ahead,3,"[0.029999999329447746, 0.0, 0.0, 0.0]",1.0047399997711182,-0.2167688012123108,-0.847839891910553,0.0655432641506195,1.3340238332748413,0.03252862021327019,16.70087667002916,20.553413995195417
6200,6200,33,target_left,0,"[0.0, 0.0, 0.0, 0.0]",-0.6555209159851074,-1.2700594663619995,0.3659215569496155,0.165025532245636,1.4845507144927979,0.0,0.0,8.296131497163232
6200,6200,33,target_left,1,"[0.009999999776482582, 0.0, 0.0, 0.0]",-0.7585015892982483,-1.4380061626434326,0.324792742729187,0.35620102286338806,1.6957464218139648,0.277580201625824,8.296131497163232,12.963172829806453
6200,6200,33,target_left,2,"[0.019999999552965164, 0.0, 0.0, 0.0]",-0.6203641891479492,-1.4855281114578247,0.3289681375026703,0.4249352216720581,1.6971845626831055,0.1614995300769806,12.963172829806453,17.33760445819109
6200,6200,33,target_left,3,"[0.029999999329447746, 0.0, 0.0, 0.0]",-0.5636932849884033,-1.4757843017578125,0.32617029547691345,0.4658741056919098,1.6790220737457275,0.07064243406057358,17.33760445819109,21.552805416530184
6200,6200,33,ramp,0,"[-0.5, -0.4333333373069763, -0.36666667461395264, -0.30000001192092896]",-0.6201971173286438,-0.8708687424659729,0.5343614220619202,0.5183104276657104,1.3027833700180054,0.0,0.0,9.72940076486273
6200,6200,33,ramp,1,"[-0.47999998927116394, -0.41333332657814026, -0.3466666638851166, -0.2800000011920929]",-0.8683228492736816,-0.9199501872062683,0.48153018951416016,0.8700791597366333,1.6090997457504272,0.4364719092845917,9.72940076486273,14.3791247026111
6200,6200,33,ramp,2,"[-0.46000000834465027, -0.3933333456516266, -0.3266666829586029, -0.2600000202655792]",-0.8446259498596191,-0.9621832370758057,0.4632059335708618,0.9346869587898254,1.651480793952942,0.082795649766922,14.3791247026111,19.188453857503138
6200,6200,33,ramp,3,"[-0.4399999976158142, -0.3733333349227905, -0.30666667222976685, -0.24000000953674316]",-0.8065530061721802,-0.9694339632987976,0.45181751251220703,0.9318769574165344,1.6318283081054688,0.04049338400363922,19.188453857503138,24.013855287309614
6225,6225,33,zero_hold,0,"[0.0, 0.0, 0.0, 0.0]",-0.42630138993263245,-0.12732383608818054,-0.10045536607503891,0.5143940448760986,0.6874858140945435,0.0,0.0,4.879699557827479
6225,6225,33,zero_hold,1,"[0.0, 0.0, 0.0, 0.0]",-0.31909218430519104,0.07780801504850388,-0.05642315000295639,0.8844543099403381,0.9451544284820557,0.4386984407901764,4.879699557827479,8.048904897739744
6225,6225,33,zero_hold,2,"[0.0, 0.0, 0.0, 0.0]",0.05553710460662842,-0.03512229770421982,-0.094182588160038,1.0266438722610474,1.0330469608306885,0.418023943901062,8.048904897739744,10.479157197744868
6225,6225,33,zero_hold,3,"[0.0, 0.0, 0.0, 0.0]",0.14248934388160706,-0.1051350012421608,-0.1574743688106537,1.0298497676849365,1.056761622428894,0.12836898863315582,10.479157197744868,12.517526388854535
6225,6225,33,target_ahead,0,"[0.0, 0.0, 0.0, 0.0]",1.0544710159301758,-0.09831852465867996,-0.6750920414924622,0.05126211792230606,1.256961703300476,0.0,0.0,8.606914620508656
6225,6225,33,target_ahead,1,"[0.009999999776482582, 0.0, 0.0, 0.0]",1.0932643413543701,-0.177490234375,-0.8222299218177795,-0.002797544002532959,1.3794200420379639,0.17984740436077118,8.606914620508656,12.657924279972779
6225,6225,33,target_ahead,2,"[0.019999999552965164, 0.0, 0.0, 0.0]",1.0697121620178223,-0.24589721858501434,-0.8408747911453247,-0.011875174939632416,1.3827368021011353,0.07526124268770218,12.657924279972779,16.50735540284555
6225,6225,33,target_ahead,3,"[0.029999999329447746, 0.0, 0.0, 0.0]",1.0533852577209473,-0.2733757793903351,-0.8255686163902283,0.013772808015346527,1.3660556077957153,0.043746281415224075,16.50735540284555,20.308655102929237
6225,6225,33,target_left,0,"[0.0, 0.0, 0.0, 0.0]",-0.6588074564933777,-1.2837269306182861,0.3973506987094879,0.1985204517841339,1.5097284317016602,0.0,0.0,8.298304002059494
6225,6225,33,target_left,1,"[0.009999999776482582, 0.0, 0.0, 0.0]",-0.7546660900115967,-1.4428706169128418,0.35550186038017273,0.39217469096183777,1.7121855020523071,0.2716042697429657,8.298304002059494,12.952954779950066
6225,6225,33,target_left,2,"[0.019999999552965164, 0.0, 0.0, 0.0]",-0.6199464201927185,-1.4860622882843018,0.3626537322998047,0.4577327370643616,1.7128198146820068,0.15608945488929749,12.952954779950066,17.327940146674596
6225,6225,33,target_left,3,"[0.029999999329447746, 0.0, 0.0, 0.0]",-0.5773618221282959,-1.4763636589050293,0.36064499616622925,0.500586986541748,1.7010726928710938,0.061221182346343994,17.327940146674596,21.534377325779634
6225,6225,33,ramp,0,"[-0.5, -0.4333333373069763, -0.36666667461395264, -0.30000001192092896]",-0.5766622424125671,-0.9048884510993958,0.5997240543365479,0.5297006368637085,1.3385119438171387,0.0,0.0,9.745948359313239
6225,6225,33,ramp,1,"[-0.47999998927116394, -0.41333332657814026, -0.3466666638851166, -0.2800000011920929]",-0.8454919457435608,-0.949829638004303,0.531055748462677,0.8854120373725891,1.6379889249801636,0.4533597528934479,9.745948359313239,14.462489653963873
6225,6225,33,ramp,2,"[-0.46000000834465027, -0.3933333456516266, -0.3266666829586029, -0.2600000202655792]",-0.8214778304100037,-0.9727879166603088,0.4978947639465332,0.9504135251045227,1.6650307178497314,0.08017858117818832,14.462489653963873,19.301307878770405
6225,6225,33,ramp,3,"[-0.4399999976158142, -0.3733333349227905, -0.30666667222976685, -0.24000000953674316]",-0.7800540328025818,-0.9662098288536072,0.48046332597732544,0.9449143409729004,1.6327136754989624,0.04575257748365402,19.301307878770405,24.140603581926673
6250,6250,33,zero_hold,0,"[0.0, 0.0, 0.0, 0.0]",-0.42061564326286316,-0.09543085843324661,-0.0936904102563858,0.5266104936599731,0.6871106624603271,0.0,0.0,4.920212978970954
6250,6250,33,zero_hold,1,"[0.0, 0.0, 0.0, 0.0]",-0.3096686899662018,0.11011084169149399,-0.054514337331056595,0.8868016004562378,0.9473161697387695,0.43107888102531433,4.920212978970954,8.080383263344087
6250,6250,33,zero_hold,2,"[0.0, 0.0, 0.0, 0.0]",0.05908887833356857,-0.016421906650066376,-0.09350685030221939,1.0218371152877808,1.027937650680542,0.4144245386123657,8.080383263344087,10.483128712355104
6250,6250,33,zero_hold,3,"[0.0, 0.0, 0.0, 0.0]",0.1556166559457779,-0.09448470920324326,-0.15921147167682648,1.0229002237319946,1.0511027574539185,0.1404622346162796,10.483128712355104,12.49200771666846
6250,6250,33,target_ahead,0,"[0.0, 0.0, 0.0, 0.0]",1.0171730518341064,-0.09255965799093246,-0.6803703308105469,0.05850400775671005,1.2286312580108643,0.0,0.0,8.589164304889957
6250,6250,33,target_ahead,1,"[0.009999999776482582, 0.0, 0.0, 0.0]",1.0208170413970947,-0.14006203413009644,-0.8486779928207397,0.009901687502861023,1.3349295854568481,0.18154726922512054,8.589164304889957,12.61796105555145
6250,6250,33,target_ahead,2,"[0.019999999552965164, 0.0, 0.0, 0.0]",1.0413974523544312,-0.20635733008384705,-0.8825200796127319,0.002347327768802643,1.3805575370788574,0.07759494334459305,12.61796105555145,16.452540686491503
6250,6250,33,target_ahead,3,"[0.029999999329447746, 0.0, 0.0, 0.0]",1.0174498558044434,-0.24345502257347107,-0.8835606575012207,0.013840042054653168,1.3694325685501099,0.04563870653510094,16.452540686491503,20.23108416659836
6250,6250,33,target_left,0,"[0.0, 0.0, 0.0, 0.0]",-0.6740157604217529,-1.2610489130020142,0.4107447564601898,0.19532451033592224,1.500468134880066,0.0,0.0,8.326587088278535
6250,6250,33,target_left,1,"[0.009999999776482582, 0.0, 0.0, 0.0]",-0.7864072918891907,-1.4128750562667847,0.3679054379463196,0.3844698965549469,1.7022995948791504,0.27072906494140625,8.326587088278535,12.945186204668047
6250,6250,33,target_left,2,"[0.019999999552965164, 0.0, 0.0, 0.0]",-0.6502386331558228,-1.458564281463623,0.37312328815460205,0.44579023122787476,1.6994616985321045,0.15625882148742676,12.945186204668047,17.276031876513716
6250,6250,33,target_left,3,"[0.029999999329447746, 0.0, 0.0, 0.0]",-0.600215494632721,-1.4514930248260498,0.36776232719421387,0.4834185838699341,1.6840527057647705,0.06322143226861954,17.276031876513716,21.42526540659506
6250,6250,33,ramp,0,"[-0.5, -0.4333333373069763, -0.36666667461395264, -0.30000001192092896]",-0.5658843517303467,-0.8673121333122253,0.5721448063850403,0.5149451494216919,1.2903385162353516,0.0,0.0,9.771646618069406
6250,6250,33,ramp,1,"[-0.47999998927116394, -0.41333332657814026, -0.3466666638851166, -0.2800000011920929]",-0.8432892560958862,-0.8898735642433167,0.4880906045436859,0.8629773259162903,1.5766972303390503,0.4534909129142761,9.771646618069406,14.499108457187722
6250,6250,33,ramp,2,"[-0.46000000834465027, -0.3933333456516266, -0.3266666829586029, -0.2600000202655792]",-0.8178550601005554,-0.89640873670578,0.4504334330558777,0.9271092414855957,1.5921235084533691,0.07887060195207596,14.499108457187722,19.336810417771925
6250,6250,33,ramp,3,"[-0.4399999976158142, -0.3733333349227905, -0.30666667222976685, -0.24000000953674316]",-0.776610255241394,-0.8692548871040344,0.4236638844013214,0.9220104813575745,1.545419692993164,0.05640098825097084,19.336810417771925,24.167326004442206
6275,6275,33,zero_hold,0,"[0.0, 0.0, 0.0, 0.0]",-0.4065539240837097,-0.08974778652191162,-0.09924356639385223,0.5143242478370667,0.6691184639930725,0.0,0.0,4.895904286856938
6275,6275,33,zero_hold,1,"[0.0, 0.0, 0.0, 0.0]",-0.2903760075569153,0.10936431586742401,-0.06270920485258102,0.8616656064987183,0.9179754257202148,0.418477863073349,4.895904286856938,8.042423608907425
6275,6275,33,zero_hold,2,"[0.0, 0.0, 0.0, 0.0]",0.07047304511070251,-0.02471684291958809,-0.10066543519496918,0.9856606125831604,0.9935984015464783,0.4062083661556244,8.042423608907425,10.39173866597511
6275,6275,33,zero_hold,3,"[0.0, 0.0, 0.0, 0.0]",0.16472817957401276,-0.11008742451667786,-0.16334202885627747,0.9835227131843567,1.01649010181427,0.141792431473732,10.39173866597511,12.330471138212184
6275,6275,33,target_ahead,0,"[0.0, 0.0, 0.0, 0.0]",1.0006989240646362,-0.07706274092197418,-0.6615091562271118,0.035178303718566895,1.2025675773620605,0.0,0.0,8.622270863928355
6275,6275,33,target_ahead,1,"[0.009999999776482582, 0.0, 0.0, 0.0]",1.0244137048721313,-0.138324573636055,-0.8150135278701782,0.015964150428771973,1.3164570331573486,0.1680719405412674,8.622270863928355,12.74200200643315
6275,6275,33,target_ahead,2,"[0.019999999552965164, 0.0, 0.0, 0.0]",1.0092803239822388,-0.19750963151454926,-0.8429355025291443,0.022615820169448853,1.3299280405044556,0.06749645620584488,12.74200200643315,16.627928184568706
6275,6275,33,target_ahead,3,"[0.029999999329447746, 0.0, 0.0, 0.0]",0.9905210733413696,-0.22229227423667908,-0.8471500277519226,0.03039523959159851,1.3225479125976562,0.032316721975803375,16.627928184568706,20.446762294036507
6275,6275,33,target_left,0,"[0.0, 0.0, 0.0, 0.0]",-0.7050071954727173,-1.2598676681518555,0.42283642292022705,0.20010554790496826,1.5176081657409668,0.0,0.0,8.3223205701531
6275,6275,33,target_left,1,"[0.009999999776482582, 0.0, 0.0, 0.0]",-0.7921468615531921,-1.4094374179840088,0.39744508266448975,0.3824797570705414,1.7082927227020264,0.25272417068481445,8.3223205701531,12.900206767040507
6275,6275,33,target_left,2,"[0.019999999552965164, 0.0, 0.0, 0.0]",-0.6530296802520752,-1.460774540901184,0.40350574254989624,0.4436644911766052,1.7087905406951904,0.16052848100662231,12.900206767040507,17.205175417994077
6275,6275,33,target_left,3,"[0.029999999329447746, 0.0, 0.0, 0.0]",-0.6074910759925842,-1.4555573463439941,0.3992130756378174,0.479866623878479,1.6962710618972778,0.058566246181726456,17.205175417994077,21.33085028613867
6275,6275,33,ramp,0,"[-0.5, -0.4333333373069763, -0.36666667461395264, -0.30000001192092896]",-0.5576403141021729,-0.8722034692764282,0.5851173996925354,0.5235373377799988,1.2992902994155884,0.0,0.0,9.77389466918972
6275,6275,33,ramp,1,"[-0.47999998927116394, -0.41333332657814026, -0.3466666638851166, -0.2800000011920929]",-0.8506098985671997,-0.8867585062980652,0.4971548020839691,0.8608341813087463,1.5805304050445557,0.4555761218070984,9.77389466918972,14.422301784854671
6275,6275,33,ramp,2,"[-0.46000000834465027, -0.3933333456516266, -0.3266666829586029, -0.2600000202655792]",-0.8441540598869324,-0.9115543961524963,0.4664229154586792,0.9232138991355896,1.616601824760437,0.07410932332277298,14.422301784854671,19.234175609823417
6275,6275,33,ramp,3,"[-0.4399999976158142, -0.3733333349227905, -0.30666667222976685, -0.24000000953674316]",-0.8268113732337952,-0.9013462662696838,0.44249919056892395,0.9184778332710266,1.5923093557357788,0.03161881864070892,19.234175609823417,24.04318684768118
6300,6300,33,zero_hold,0,"[0.0, 0.0, 0.0, 0.0]",-0.43379348516464233,-0.07761119306087494,-0.11019452661275864,0.5040298700332642,0.6785199046134949,0.0,0.0,4.92472999426255
6300,6300,33,zero_hold,1,"[0.0, 0.0, 0.0, 0.0]",-0.3114786446094513,0.11434018611907959,-0.06789600104093552,0.8469009399414062,0.9121094942092896,0.4137100279331207,4.92472999426255,8.092407119549353
6300,6300,33,zero_hold,2,"[0.0, 0.0, 0.0, 0.0]",0.0568222776055336,-0.018415633589029312,-0.10369624197483063,0.9666748046875,0.9740538597106934,0.41097092628479004,8.092407119549353,10.449631104086807
6300,6300,33,zero_hold,3,"[0.0, 0.0, 0.0, 0.0]",0.15202443301677704,-0.09687617421150208,-0.16251276433467865,0.9664853811264038,0.9964942336082458,0.13667087256908417,10.449631104086807,12.378954672237379
6300,6300,33,target_ahead,0,"[0.0, 0.0, 0.0, 0.0]",1.0413734912872314,-0.013135168701410294,-0.6760686635971069,0.031927380710840225,1.2420625686645508,0.0,0.0,8.72664532290915
6300,6300,33,target_ahead,1,"[0.009999999776482582, 0.0, 0.0, 0.0]",1.0831903219223022,-0.10064911842346191,-0.813130259513855,0.011237438768148422,1.3582115173339844,0.1691782921552658,8.72664532290915,12.894522414445774
6300,6300,33,target_ahead,2,"[0.019999999552965164, 0.0, 0.0, 0.0]",1.0508525371551514,-0.16170766949653625,-0.8245599269866943,0.009598854929208755,1.3455228805541992,0.0700514167547226,12.894522414445774,16.80546471763301
6300,6300,33,target_ahead,3,"[0.029999999329447746, 0.0, 0.0, 0.0]",1.038468837738037,-0.18578338623046875,-0.8175175189971924,0.018308695405721664,1.3347671031951904,0.02929936908185482,16.80546471763301,20.651907896181882
6300,6300,33,target_left,0,"[0.0, 0.0, 0.0, 0.0]",-0.7240763902664185,-1.2554219961166382,0.410178005695343,0.17680148780345917,1.5165340900421143,0.0,0.0,8.335832704738765
6300,6300,33,target_left,1,"[0.009999999776482582, 0.0, 0.0, 0.0]",-0.8102024793624878,-1.399244785308838,0.3865836560726166,0.37123817205429077,1.703402042388916,0.2578080892562866,8.335832704738765,12.924870374438012
6300,6300,33,target_left,2,"[0.019999999552965164, 0.0, 0.0, 0.0]",-0.6669453382492065,-1.4483497142791748,0.3944932222366333,0.4331013858318329,1.6987450122833252,0.1637788861989975,12.924870374438012,17.251408930169642
6300,6300,33,target_left,3,"[0.029999999329447746, 0.0, 0.0, 0.0]",-0.6172176599502563,-1.442633032798767,0.39029380679130554,0.4706536531448364,1.6840403079986572,0.06271626800298691,17.251408930169642,21.403055730091044
6300,6300,33,ramp,0,"[-0.5, -0.4333333373069763, -0.36666667461395264, -0.30000001192092896]",-0.5776793956756592,-0.9038436412811279,0.5795779228210449,0.5195074677467346,1.3253095149993896,0.0,0.0,9.781644438757416
6300,6300,33,ramp,1,"[-0.47999998927116394, -0.41333332657814026, -0.3466666638851166, -0.2800000011920929]",-0.8499280214309692,-0.9147826433181763,0.5029271841049194,0.8623751401901245,1.5986968278884888,0.4446038007736206,9.781644438757416,14.388476449598853
6300,6300,33,ramp,2,"[-0.46000000834465027, -0.3933333456516266, -0.3266666829586029, -0.2600000202655792]",-0.8531080484390259,-0.9360567331314087,0.47184479236602783,0.923469066619873,1.6368958950042725,0.07184206694364548,14.388476449598853,19.203329757954254
6300,6300,33,ramp,3,"[-0.4399999976158142, -0.3733333349227905, -0.30666667222976685, -0.24000000953674316]",-0.8366165161132812,-0.9227632880210876,0.4436168074607849,0.9203587770462036,1.6109858751296997,0.03542850911617279,19.203329757954254,24.003652683869674
6325,6325,33,zero_hold,0,"[0.0, 0.0, 0.0, 0.0]",-0.41599518060684204,-0.07576778531074524,-0.1284327208995819,0.50053870677948,0.6677025556564331,0.0,0.0,4.912095286371109
6325,6325,33,zero_hold,1,"[0.0, 0.0, 0.0, 0.0]",-0.2833193242549896,0.11550608277320862,-0.07463774085044861,0.8455471992492676,0.9022928476333618,0.4196586012840271,4.912095286371109,8.073190454525072
6325,6325,33,zero_hold,2,"[0.0, 0.0, 0.0, 0.0]",0.07258578389883041,-0.015681983903050423,-0.10258921980857849,0.9634872674942017,0.9717751145362854,0.3982083797454834,8.073190454525072,10.42233745409425
6325,6325,33,zero_hold,3,"[0.0, 0.0, 0.0, 0.0]",0.1576048582792282,-0.09146164357662201,-0.15373846888542175,0.9541778564453125,0.9835118055343628,0.12519468367099762,10.42233745409425,12.346883475792401
6325,6325,33,target_ahead,0,"[0.0, 0.0, 0.0, 0.0]",1.07046377658844,-0.013571346178650856,-0.6620008945465088,0.026691611856222153,1.2589815855026245,0.0,0.0,8.71929785177261
6325,6325,33,target_ahead,1,"[0.009999999776482582, 0.0, 0.0, 0.0]",1.087040901184082,-0.09647727012634277,-0.771043062210083,-0.04285992309451103,1.3369032144546509,0.1545179784297943,8.71929785177261,12.868978355000761
6325,6325,33,target_ahead,2,"[0.019999999552965164, 0.0, 0.0, 0.0]",1.039926290512085,-0.16384094953536987,-0.7652537822723389,-0.0741405189037323,1.3036106824874878,0.08814558386802673,12.868978355000761,16.760129402031925
6325,6325,33,target_ahead,3,"[0.029999999329447746, 0.0, 0.0, 0.0]",1.0216847658157349,-0.19102628529071808,-0.750495970249176,-0.0701369196176529,1.2839369773864746,0.036133330315351486,16.760129402031925,20.585830516123703
6325,6325,33,target_left,0,"[0.0, 0.0, 0.0, 0.0]",-0.702347457408905,-1.2633674144744873,0.39092862606048584,0.17647039890289307,1.507765293121338,0.0,0.0,8.324513796776516
6325,6325,33,target_left,1,"[0.009999999776482582, 0.0, 0.0, 0.0]",-0.7795194983482361,-1.4033571481704712,0.37973567843437195,0.3706320524215698,1.6907480955123901,0.2517472505569458,8.324513796776516,12.932976356937818
6325,6325,33,target_left,2,"[0.019999999552965164, 0.0, 0.0, 0.0]",-0.6334739923477173,-1.4469852447509766,0.3905748724937439,0.4316489100456238,1.6834266185760498,0.16453950107097626,12.932976356937818,17.278931421685687
6325,6325,33,target_left,3,"[0.029999999329447746, 0.0, 0.0, 0.0]",-0.5918807983398438,-1.4396030902862549,0.38962405920028687,0.4694403409957886,1.671813726425171,0.05668850243091583,17.278931421685687,21.449929716407986
6325,6325,33,ramp,0,"[-0.5, -0.4333333373069763, -0.36666667461395264, -0.30000001192092896]",-0.5320446491241455,-0.8879591822624207,0.5636641383171082,0.5336329340934753,1.2938408851623535,0.0,0.0,9.759113149241985
6325,6325,33,ramp,1,"[-0.47999998927116394, -0.41333332657814026, -0.3466666638851166, -0.2800000011920929]",-0.7826688885688782,-0.9163565039634705,0.5097557902336121,0.8802672624588013,1.577022910118103,0.4320652484893799,9.759113149241985,14.383546585608205
6325,6325,33,ramp,2,"[-0.46000000834465027, -0.3933333456516266, -0.3266666829586029, -0.2600000202655792]",-0.7909486889839172,-0.9426981806755066,0.478450208902359,0.9412491917610168,1.6214635372161865,0.07390043139457703,14.383546585608205,19.192866507077323
6325,6325,33,ramp,3,"[-0.4399999976158142, -0.3733333349227905, -0.30666667222976685, -0.24000000953674316]",-0.7732903957366943,-0.934106171131134,0.44961488246917725,0.9338428974151611,1.595226764678955,0.035664647817611694,19.192866507077323,23.998510949549015
6350,6350,33,zero_hold,0,"[0.0, 0.0, 0.0, 0.0]",-0.4220433533191681,-0.06882449984550476,-0.13824282586574554,0.49059444665908813,0.6653205156326294,0.0,0.0,4.912415291320673
6350,6350,33,zero_hold,1,"[0.0, 0.0, 0.0, 0.0]",-0.3222091794013977,0.1364319920539856,-0.07004062086343765,0.8363006711006165,0.9092507362365723,0.41983500123023987,4.912415291320673,8.049332526181407
6350,6350,33,zero_hold,2,"[0.0, 0.0, 0.0, 0.0]",0.04117255657911301,0.013945579528808594,-0.09172525256872177,0.9525266289710999,0.957919716835022,0.40128281712532043,8.049332526181407,10.353048856738834
6350,6350,33,zero_hold,3,"[0.0, 0.0, 0.0, 0.0]",0.13166826963424683,-0.06322371959686279,-0.14169758558273315,0.9436428546905518,0.9653361439704895,0.12930867075920105,10.353048856738834,12.22455437720191
6350,6350,33,target_ahead,0,"[0.0, 0.0, 0.0, 0.0]",1.024133563041687,0.002962768077850342,-0.695656418800354,0.03356664627790451,1.2385164499282837,0.0,0.0,8.779287149232257
6350,6350,33,target_ahead,1,"[0.009999999776482582, 0.0, 0.0, 0.0]",1.0589598417282104,-0.07092155516147614,-0.8235623836517334,-0.013968437910079956,1.343456745147705,0.15903232991695404,8.779287149232257,12.928357383787038
6350,6350,33,target_ahead,2,"[0.019999999552965164, 0.0, 0.0, 0.0]",1.0186994075775146,-0.1275947242975235,-0.8270169496536255,-0.03327105939388275,1.3187466859817505,0.07223071157932281,12.928357383787038,16.8184275859404
6350,6350,33,target_ahead,3,"[0.029999999329447746, 0.0, 0.0, 0.0]",1.0070106983184814,-0.1523379683494568,-0.8192464113235474,-0.03132686764001846,1.307449221611023,0.02851342223584652,16.8184275859404,20.64329742081407
6350,6350,33,target_left,0,"[0.0, 0.0, 0.0, 0.0]",-0.7179404497146606,-1.2658414840698242,0.3917207419872284,0.14323250949382782,1.513853907585144,0.0,0.0,8.327969988363513
6350,6350,33,target_left,1,"[0.009999999776482582, 0.0, 0.0, 0.0]",-0.7965595126152039,-1.3918735980987549,0.40234801173210144,0.32912182807922363,1.6858304738998413,0.2381865382194519,8.327969988363513,12.93267751632346
6350,6350,33,target_left,2,"[0.019999999552965164, 0.0, 0.0, 0.0]",-0.666972815990448,-1.4410938024520874,0.4169662892818451,0.3843439221382141,1.686174750328064,0.14992836117744446,12.93267751632346,17.253615391969447
6350,6350,33,target_left,3,"[0.029999999329447746, 0.0, 0.0, 0.0]",-0.6229603886604309,-1.4367709159851074,0.4151299297809601,0.4188065528869629,1.673356533050537,0.056096579879522324,17.253615391969447,21.385206481900788
6350,6350,33,ramp,0,"[-0.5, -0.4333333373069763, -0.36666667461395264, -0.30000001192092896]",-0.5371091961860657,-0.8872402906417847,0.5529619455337524,0.5031578540802002,1.278521180152893,0.0,0.0,9.742822754045639
6350,6350,33,ramp,1,"[-0.47999998927116394, -0.41333332657814026, -0.3466666638851166, -0.2800000011920929]",-0.7773563265800476,-0.910940408706665,0.5053708553314209,0.8548952341079712,1.5557444095611572,0.42926040291786194,9.742822754045639,14.353633937880527
6350,6350,33,ramp,2,"[-0.46000000834465027, -0.3933333456516266, -0.3266666829586029, -0.2600000202655792]",-0.7703280448913574,-0.9257038831710815,0.47738876938819885,0.9181617498397827,1.5878456830978394,0.07108449935913086,14.353633937880527,19.1802448104474
6350,6350,33,ramp,3,"[-0.4399999976158142, -0.3733333349227905, -0.30666667222976685, -0.24000000953674316]",-0.7472097873687744,-0.9100419282913208,0.44942358136177063,0.9094216227531433,1.5541969537734985,0.04047458618879318,19.1802448104474,24.015358775221834
6375,6375,33,zero_hold,0,"[0.0, 0.0, 0.0, 0.0]",-0.4156414866447449,-0.09144088625907898,-0.14532911777496338,0.499783992767334,0.6723272204399109,0.0,0.0,4.818692195450252
6375,6375,33,zero_hold,1,"[0.0, 0.0, 0.0, 0.0]",-0.31862735748291016,0.10222693532705307,-0.0854949802160263,0.8432283997535706,0.911217451095581,0.4104304611682892,4.818692195450252,7.937862992038113
6375,6375,33,zero_hold,2,"[0.0, 0.0, 0.0, 0.0]",0.06775066256523132,-0.02140173874795437,-0.10984184592962265,0.9625037312507629,0.9713531136512756,0.4235462248325348,7.937862992038113,10.25663709022703
6375,6375,33,zero_hold,3,"[0.0, 0.0, 0.0, 0.0]",0.17387528717517853,-0.10356179624795914,-0.1667952984571457,0.9489170908927917,0.9844907522201538,0.1464274674654007,10.25663709022703,12.135405523582333
6375,6375,33,target_ahead,0,"[0.0, 0.0, 0.0, 0.0]",1.0501327514648438,0.017609642818570137,-0.6966995000839233,0.06045905500650406,1.2617980241775513,0.0,0.0,8.803593081432185
6375,6375,33,target_ahead,1,"[0.009999999776482582, 0.0, 0.0, 0.0]",1.077335238456726,-0.049083225429058075,-0.8408927917480469,0.025954604148864746,1.3677846193313599,0.16483378410339355,8.803593081432185,12.97559891890043
6375,6375,33,target_ahead,2,"[0.019999999552965164, 0.0, 0.0, 0.0]",1.0596898794174194,-0.10620253533124924,-0.8334660530090332,0.022854186594486237,1.3525567054748535,0.06032199412584305,12.97559891890043,16.931239904319714
6375,6375,33,target_ahead,3,"[0.029999999329447746, 0.0, 0.0, 0.0]",1.0421897172927856,-0.13874134421348572,-0.7995363473892212,0.03112884610891342,1.3212251663208008,0.050840187817811966,16.931239904319714,20.83554760005636
6375,6375,33,target_left,0,"[0.0, 0.0, 0.0, 0.0]",-0.7231001257896423,-1.2670481204986572,0.3731822371482849,0.1192864254117012,1.5105558633804321,0.0,0.0,8.325283596673788
6375,6375,33,target_left,1,"[0.009999999776482582, 0.0, 0.0, 0.0]",-0.8214890360832214,-1.3936203718185425,0.3914697766304016,0.30114656686782837,1.6914372444152832,0.24312230944633484,8.325283596673788,12.978632537899124
6375,6375,33,target_left,2,"[0.019999999552965164, 0.0, 0.0, 0.0]",-0.6956196427345276,-1.4443918466567993,0.4081985056400299,0.35554805397987366,1.692097783088684,0.14717411994934082,12.978632537899124,17.30987790701677
6375,6375,33,target_left,3,"[0.029999999329447746, 0.0, 0.0, 0.0]",-0.6465392708778381,-1.439865231513977,0.40409255027770996,0.39152926206588745,1.6756523847579956,0.06116272881627083,17.30987790701677,21.449618469334975
6375,6375,33,ramp,0,"[-0.5, -0.4333333373069763, -0.36666667461395264, -0.30000001192092896]",-0.5645391345024109,-0.8924915194511414,0.564277708530426,0.41261669993400574,1.2664545774459839,0.0,0.0,9.697972503091828
6375,6375,33,ramp,1,"[-0.47999998927116394, -0.41333332657814026, -0.3466666638851166, -0.2800000011920929]",-0.7945275902748108,-0.9638548493385315,0.5222710371017456,0.8147863745689392,1.5801690816879272,0.47062981128692627,9.697972503091828,14.415664725826042
6375,6375,33,ramp,2,"[-0.46000000834465027, -0.3933333456516266, -0.3266666829586029, -0.2600000202655792]",-0.7869425415992737,-0.9715796113014221,0.4938478171825409,0.888198733329773,1.6112194061279297,0.07946357131004333,14.415664725826042,19.234968716625783
6375,6375,33,ramp,3,"[-0.4399999976158142, -0.3733333349227905, -0.30666667222976685, -0.24000000953674316]",-0.7392129898071289,-0.9601199626922607,0.47575536370277405,0.8850167393684387,1.5741232633590698,0.05241083353757858,19.234968716625783,24.056658630864376
6400,6400,33,zero_hold,0,"[0.0, 0.0, 0.0, 0.0]",-0.4026479721069336,-0.09920305758714676,-0.15653643012046814,0.505563497543335,0.6723576188087463,0.0,0.0,4.785450501867585
6400,6400,33,zero_hold,1,"[0.0, 0.0, 0.0, 0.0]",-0.3148796558380127,0.09343092888593674,-0.09906337410211563,0.8604214191436768,0.9262921214103699,0.417179137468338,4.785450501867585,7.906829195022312
6400,6400,33,zero_hold,2,"[0.0, 0.0, 0.0, 0.0]",0.07340863347053528,-0.02246657758951187,-0.12212864309549332,0.9790838956832886,0.9896536469459534,0.4228626489639282,7.906829195022312,10.234369621668574
6400,6400,33,zero_hold,3,"[0.0, 0.0, 0.0, 0.0]",0.18569956719875336,-0.09835094958543777,-0.178952157497406,0.9639614820480347,1.0026977062225342,0.14773385226726532,10.234369621668574,12.124000905955805
6400,6400,33,target_ahead,0,"[0.0, 0.0, 0.0, 0.0]",1.0045007467269897,0.030572794377803802,-0.6824989318847656,0.07177136093378067,1.216927409172058,0.0,0.0,8.81717336763647
6400,6400,33,target_ahead,1,"[0.009999999776482582, 0.0, 0.0, 0.0]",0.9997881650924683,-0.014462985098361969,-0.8308410048484802,0.018986426293849945,1.3001703023910522,0.16383543610572815,8.81717336763647,13.002551389539951
6400,6400,33,target_ahead,2,"[0.019999999552965164, 0.0, 0.0, 0.0]",1.0125421285629272,-0.06547854840755463,-0.8213838934898376,0.012474901974201202,1.3055099248886108,0.05382460728287697,13.002551389539951,16.992737720627783
6400,6400,33,target_ahead,3,"[0.029999999329447746, 0.0, 0.0, 0.0]",0.982535719871521,-0.10304254293441772,-0.7842194437980652,0.01794993132352829,1.2614740133285522,0.061013199388980865,16.992737720627783,20.936904817323743
6400,6400,33,target_left,0,"[0.0, 0.0, 0.0, 0.0]",-0.6901040077209473,-1.288817286491394,0.3691684901714325,0.14970755577087402,1.5152528285980225,0.0,0.0,8.343354168786554
6400,6400,33,target_left,1,"[0.009999999776482582, 0.0, 0.0, 0.0]",-0.7639879584312439,-1.42439603805542,0.37890833616256714,0.33259692788124084,1.69315505027771,0.2395492047071457,8.343354168786554,12.979410760193124
6400,6400,33,target_left,2,"[0.019999999552965164, 0.0, 0.0, 0.0]",-0.6172924041748047,-1.4692867994308472,0.39243587851524353,0.3849891126155853,1.6858458518981934,0.16267360746860504,12.979410760193124,17.333293242354344
6400,6400,33,target_left,3,"[0.029999999329447746, 0.0, 0.0, 0.0]",-0.5626732110977173,-1.462618112564087,0.38664349913597107,0.4196697175502777,1.6677736043930054,0.06529948860406876,17.333293242354344,21.502969992230085
6400,6400,33,ramp,0,"[-0.5, -0.4333333373069763, -0.36666667461395264, -0.30000001192092896]",-0.5668967962265015,-0.8912060260772705,0.5495569705963135,0.3855350911617279,1.25150728225708,0.0,0.0,9.699134633544489
6400,6400,33,ramp,1,"[-0.47999998927116394, -0.41333332657814026, -0.3466666638851166, -0.2800000011920929]",-0.7708340287208557,-0.9819309115409851,0.5046669244766235,0.806309700012207,1.5694576501846313,0.4784221947193146,9.699134633544489,14.453116376581546
6400,6400,33,ramp,2,"[-0.46000000834465027, -0.3933333456516266, -0.3266666829586029, -0.2600000202655792]",-0.7271913290023804,-0.9645125865936279,0.4660528302192688,0.8777535557746887,1.5642085075378418,0.09382620453834534,14.453116376581546,19.281404042308058
6400,6400,33,ramp,3,"[-0.4399999976158142, -0.3733333349227905, -0.30666667222976685, -0.24000000953674316]",-0.6706454753875732,-0.9277284145355225,0.43979400396347046,0.8783892393112183,1.508453369140625,0.07239087671041489,19.281404042308058,24.096567630986574
6425,6425,33,zero_hold,0,"[0.0, 0.0, 0.0, 0.0]",-0.41624370217323303,-0.10105248540639877,-0.15536929666996002,0.4747023284435272,0.6579911708831787,0.0,0.0,4.814115953239126
6425,6425,33,zero_hold,1,"[0.0, 0.0, 0.0, 0.0]",-0.31548231840133667,0.08111999928951263,-0.10505635291337967,0.8192586302757263,0.8878800868988037,0.4056970477104187,4.814115953239126,7.932631554693092
6425,6425,33,zero_hold,2,"[0.0, 0.0, 0.0, 0.0]",0.08637400716543198,-0.04212532937526703,-0.1331765353679657,0.9399887919425964,0.9542273879051208,0.4382287561893463,7.932631554693092,10.244764696421694
6425,6425,33,zero_hold,3,"[0.0, 0.0, 0.0, 0.0]",0.18845275044441223,-0.11965490877628326,-0.18920990824699402,0.9323341846466064,0.9771791696548462,0.14010438323020935,10.244764696421694,12.124249706401315
6425,6425,33,target_ahead,0,"[0.0, 0.0, 0.0, 0.0]",0.9757872819900513,0.01902860589325428,-0.7036898732185364,0.05906618759036064,1.2046539783477783,0.0,0.0,8.762903031933641
6425,6425,33,target_ahead,1,"[0.009999999776482582, 0.0, 0.0, 0.0]",1.0004514455795288,-0.040451712906360626,-0.8498234748840332,0.05938637629151344,1.3146353960037231,0.1596914529800415,8.762903031933641,12.903061232857851
6425,6425,33,target_ahead,2,"[0.019999999552965164, 0.0, 0.0, 0.0]",1.0021129846572876,-0.09653085470199585,-0.8409860134124756,0.06168315187096596,1.313244342803955,0.05684194341301918,12.903061232857851,16.85321973243509
6425,6425,33,target_ahead,3,"[0.029999999329447746, 0.0, 0.0, 0.0]",0.9755313396453857,-0.13533051311969757,-0.8049681782722473,0.06663604080677032,1.273730754852295,0.059445884078741074,16.85321973243509,20.764786299498738
6425,6425,33,target_left,0,"[0.0, 0.0, 0.0, 0.0]",-0.7030581831932068,-1.300994634628296,0.38088297843933105,0.12973329424858093,1.5325731039047241,0.0,0.0,8.379803403706555
6425,6425,33,target_left,1,"[0.009999999776482582, 0.0, 0.0, 0.0]",-0.7848220467567444,-1.431575059890747,0.38681989908218384,0.32089754939079285,1.7082030773162842,0.24559234082698822,8.379803403706555,13.032464195889817
6425,6425,33,target_left,2,"[0.019999999552965164, 0.0, 0.0, 0.0]",-0.6411225199699402,-1.4782938957214355,0.3972182273864746,0.37364229559898376,1.701111912727356,0.16038185358047485,13.032464195889817,17.399499950692242
6425,6425,33,target_left,3,"[0.029999999329447746, 0.0, 0.0, 0.0]",-0.5872628092765808,-1.4731535911560059,0.3873113989830017,0.4073506295681,1.6825586557388306,0.06451115012168884,17.399499950692242,21.584527854948533
6425,6425,33,ramp,0,"[-0.5, -0.4333333373069763, -0.36666667461395264, -0.30000001192092896]",-0.6269305944442749,-0.9138561487197876,0.5665528178215027,0.3467840254306793,1.2920589447021484,0.0,0.0,9.676506735767703
6425,6425,33,ramp,1,"[-0.47999998927116394, -0.41333332657814026, -0.3466666638851166, -0.2800000011920929]",-0.8542166352272034,-1.0002412796020508,0.5243431329727173,0.7659060955047607,1.6098809242248535,0.48638081550598145,9.676506735767703,14.389588666084864
6425,6425,33,ramp,2,"[-0.46000000834465027, -0.3933333456516266, -0.3266666829586029, -0.2600000202655792]",-0.8086983561515808,-0.9869440197944641,0.4795819818973541,0.8496878147125244,1.6062439680099487,0.10616811364889145,14.389588666084864,19.2063650629316
6425,6425,33,ramp,3,"[-0.4399999976158142, -0.3733333349227905, -0.30666667222976685, -0.24000000953674316]",-0.7617985010147095,-0.9555245637893677,0.44604596495628357,0.850529134273529,1.554258942604065,0.06566697359085083,19.2063650629316,24.006503548497765
6450,6450,33,zero_hold,0,"[0.0, 0.0, 0.0, 0.0]",-0.4129958152770996,-0.06986754387617111,-0.1260279417037964,0.4859435260295868,0.653812825679779,0.0,0.0,4.81877173373117
6450,6450,33,zero_hold,1,"[0.0, 0.0, 0.0, 0.0]",-0.2812269628047943,0.13021162152290344,-0.0779644250869751,0.8279129266738892,0.8874468803405762,0.42029497027397156,4.81877173373117,7.946970634271488
6450,6450,33,zero_hold,2,"[0.0, 0.0, 0.0, 0.0]",0.1163649708032608,0.005579404532909393,-0.11638211458921432,0.9438011050224304,0.9580591320991516,0.4341872036457062,7.946970634271488,10.257896142441988
6450,6450,33,zero_hold,3,"[0.0, 0.0, 0.0, 0.0]",0.22144529223442078,-0.07699019461870193,-0.1809592843055725,0.9360098242759705,0.9817464351654053,0.148628830909729,10.257896142441988,12.129687338462043
6450,6450,33,target_ahead,0,"[0.0, 0.0, 0.0, 0.0]",0.9894137978553772,0.07007994502782822,-0.749567985534668,0.08683359622955322,1.2462917566299438,0.0,0.0,8.80419158914268
6450,6450,33,target_ahead,1,"[0.009999999776482582, 0.0, 0.0, 0.0]",1.0218377113342285,-0.006306111812591553,-0.91981041431427,0.08431205153465271,1.3774439096450806,0.18940691649913788,8.80419158914268,12.934167497289069
6450,6450,33,target_ahead,2,"[0.019999999552965164, 0.0, 0.0, 0.0]",1.0116103887557983,-0.062222205102443695,-0.9276911020278931,0.09045533835887909,1.3769605159759521,0.0577152743935585,12.934167497289069,16.83567793860214
6450,6450,33,target_ahead,3,"[0.029999999329447746, 0.0, 0.0, 0.0]",0.9970094561576843,-0.09301631152629852,-0.9141855239868164,0.09723426401615143,1.3593636751174927,0.03728027269244194,16.83567793860214,20.682854475277384
6450,6450,33,target_left,0,"[0.0, 0.0, 0.0, 0.0]",-0.7203113436698914,-1.3044227361679077,0.385171115398407,0.15353995561599731,1.546705722808838,0.0,0.0,8.347973486920601
6450,6450,33,target_left,1,"[0.009999999776482582, 0.0, 0.0, 0.0]",-0.7753699421882629,-1.4460967779159546,0.38206368684768677,0.341154009103775,1.7189395427703857,0.2414781004190445,8.347973486920601,12.946822155961431
6450,6450,33,target_left,2,"[0.019999999552965164, 0.0, 0.0, 0.0]",-0.592329740524292,-1.489688515663147,0.3860531747341156,0.40071552991867065,1.6969491243362427,0.1974017322063446,12.946822155961431,17.253152705783943
6450,6450,33,target_left,3,"[0.029999999329447746, 0.0, 0.0, 0.0]",-0.5159805417060852,-1.4813076257705688,0.3727363348007202,0.4432452321052551,1.672096610069275,0.08880063891410828,17.253152705783943,21.380523702524965
6450,6450,33,ramp,0,"[-0.5, -0.4333333373069763, -0.36666667461395264, -0.30000001192092896]",-0.6524564623832703,-0.9027058482170105,0.5518684983253479,0.41678178310394287,1.3110466003417969,0.0,0.0,9.707192963548515
6450,6450,33,ramp,1,"[-0.47999998927116394, -0.41333332657814026, -0.3466666638851166, -0.2800000011920929]",-0.8340160250663757,-0.9682827591896057,0.5318282842636108,0.8106342554092407,1.6040958166122437,0.4390735626220703,9.707192963548515,14.381790179538626
6450,6450,33,ramp,2,"[-0.46000000834465027, -0.3933333456516266, -0.3266666829586029, -0.2600000202655792]",-0.776394784450531,-0.9534114003181458,0.486318439245224,0.8773360252380371,1.586822748184204,0.10030771046876907,14.381790179538626,19.142309787298593
6450,6450,33,ramp,3,"[-0.4399999976158142, -0.3733333349227905, -0.30666667222976685, -0.24000000953674316]",-0.7313889861106873,-0.9052187204360962,0.44927990436553955,0.8742549419403076,1.5233268737792969,0.07569281756877899,19.142309787298593,23.87567068952147
6475,6475,33,zero_hold,0,"[0.0, 0.0, 0.0, 0.0]",-0.4456025958061218,-0.0954759269952774,-0.12271957844495773,0.4657122790813446,0.6630424857139587,0.0,0.0,4.8001552778276055
6475,6475,33,zero_hold,1,"[0.0, 0.0, 0.0, 0.0]",-0.29789966344833374,0.1073361486196518,-0.0716034397482872,0.810004472732544,0.8726394176483154,0.4290674328804016,4.8001552778276055,7.941210279931778
6475,6475,33,zero_hold,2,"[0.0, 0.0, 0.0, 0.0]",0.14213670790195465,-0.002069953829050064,-0.1102449968457222,0.9350759983062744,0.9522227644920349,0.4719510078430176,7.941210279931778,10.297344973731137
6475,6475,33,zero_hold,3,"[0.0, 0.0, 0.0, 0.0]",0.24133627116680145,-0.0872742086648941,-0.1791602522134781,0.9334622621536255,0.9845355153083801,0.14782501757144928,10.297344973731137,12.19032010478351
6475,6475,33,target_ahead,0,"[0.0, 0.0, 0.0, 0.0]",1.0204777717590332,0.006917048245668411,-0.7859001755714417,0.0944652259349823,1.2915050983428955,0.0,0.0,8.804721510063704
6475,6475,33,target_ahead,1,"[0.009999999776482582, 0.0, 0.0, 0.0]",1.039905309677124,-0.0645892471075058,-0.9755513072013855,0.065824493765831,1.4288485050201416,0.20561717450618744,8.804721510063704,12.873228270202574
6475,6475,33,target_ahead,2,"[0.019999999552965164, 0.0, 0.0, 0.0]",1.0392431020736694,-0.1172415018081665,-0.9918839335441589,0.07082583010196686,1.4431291818618774,0.05535762384533882,12.873228270202574,16.74117305551057
6475,6475,33,target_ahead,3,"[0.029999999329447746, 0.0, 0.0, 0.0]",1.0100202560424805,-0.15094493329524994,-0.9861131310462952,0.07584346830844879,1.4216526746749878,0.04525897651910782,16.74117305551057,20.560453515982957
6475,6475,33,target_left,0,"[0.0, 0.0, 0.0, 0.0]",-0.7778381109237671,-1.3111847639083862,0.4062194228172302,0.10289113223552704,1.5810877084732056,0.0,0.0,8.401482305378332
6475,6475,33,target_left,1,"[0.009999999776482582, 0.0, 0.0, 0.0]",-0.8411054611206055,-1.4455033540725708,0.40648722648620605,0.31661954522132874,1.7499765157699585,0.2602386474609375,8.401482305378332,13.041926696967536
6475,6475,33,target_left,2,"[0.019999999552965164, 0.0, 0.0, 0.0]",-0.6607760190963745,-1.4917641878128052,0.4094478189945221,0.3723670244216919,1.7228726148605347,0.1943587362766266,13.041926696967536,17.37382377902707
6475,6475,33,target_left,3,"[0.029999999329447746, 0.0, 0.0, 0.0]",-0.5829913020133972,-1.4830518960952759,0.39460989832878113,0.41095465421676636,1.6923127174377441,0.08851855993270874,17.37382377902707,21.52414652973702
6475,6475,33,ramp,0,"[-0.5, -0.4333333373069763, -0.36666667461395264, -0.30000001192092896]",-0.6963552832603455,-0.8780959844589233,0.5488489270210266,0.4306686818599701,1.3201037645339966,0.0,0.0,9.746231321951827
6475,6475,33,ramp,1,"[-0.47999998927116394, -0.41333332657814026, -0.3466666638851166, -0.2800000011920929]",-0.8979961276054382,-0.9476850628852844,0.5185006856918335,0.829376757144928,1.6313223838806152,0.45320063829421997,9.746231321951827,14.519394716771796
6475,6475,33,ramp,2,"[-0.46000000834465027, -0.3933333456516266, -0.3266666829586029, -0.2600000202655792]",-0.8436191082000732,-0.9383249282836914,0.4730989634990692,0.893916130065918,1.6171133518218994,0.09628664702177048,14.519394716771796,19.339710644555197
6475,6475,33,ramp,3,"[-0.4399999976158142, -0.3733333349227905, -0.30666667222976685, -0.24000000953674316]",-0.7970185875892639,-0.8812772035598755,0.430690735578537,0.895423412322998,1.5489240884780884,0.08501047641038895,19.339710644555197,24.141243526621654
6500,6500,33,zero_hold,0,"[0.0, 0.0, 0.0, 0.0]",-0.4628545343875885,-0.08929181098937988,-0.1335056722164154,0.46121570467948914,0.6728677749633789,0.0,0.0,4.815235112042805
6500,6500,33,zero_hold,1,"[0.0, 0.0, 0.0, 0.0]",-0.31833431124687195,0.11783921718597412,-0.08110520243644714,0.8144739866256714,0.8860974311828613,0.4374089539051056,4.815235112042805,7.967706779416027
6500,6500,33,zero_hold,2,"[0.0, 0.0, 0.0, 0.0]",0.13576652109622955,0.019393565133213997,-0.1212209016084671,0.943692684173584,0.9612798690795898,0.4839482009410858,7.967706779416027,10.364406618626077
6500,6500,33,zero_hold,3,"[0.0, 0.0, 0.0, 0.0]",0.2328072190284729,-0.059625446796417236,-0.18741023540496826,0.9449126720428467,0.9928428530693054,0.14157478511333466,10.364406618626077,12.273661546880625
6500,6500,33,target_ahead,0,"[0.0, 0.0, 0.0, 0.0]",1.0226659774780273,0.038930490612983704,-0.7808005809783936,0.08867961168289185,1.2903003692626953,0.0,0.0,8.767549873535971
6500,6500,33,target_ahead,1,"[0.009999999776482582, 0.0, 0.0, 0.0]",1.0286993980407715,-0.02454339526593685,-0.9649320840835571,0.06270147860050201,1.4120376110076904,0.19658233225345612,8.767549873535971,12.825110426883871
6500,6500,33,target_ahead,2,"[0.019999999552965164, 0.0, 0.0, 0.0]",1.0354331731796265,-0.07535675913095474,-0.9822043776512146,0.07024864852428436,1.4308950901031494,0.05461348965764046,12.825110426883871,16.681509273624535
6500,6500,33,target_ahead,3,"[0.029999999329447746, 0.0, 0.0, 0.0]",1.0079253911972046,-0.10963261127471924,-0.9799802303314209,0.07668936252593994,1.4121527671813965,0.04447405785322189,16.681509273624535,20.495719668451436
6500,6500,33,target_left,0,"[0.0, 0.0, 0.0, 0.0]",-0.7758122682571411,-1.2935582399368286,0.3963030278682709,0.11520522832870483,1.5638113021850586,0.0,0.0,8.388047906250437
6500,6500,33,target_left,1,"[0.009999999776482582, 0.0, 0.0, 0.0]",-0.8355122804641724,-1.4271827936172485,0.3985702693462372,0.33519822359085083,1.733824610710144,0.2642379105091095,8.388047906250437,13.033205081880089
6500,6500,33,target_left,2,"[0.019999999552965164, 0.0, 0.0, 0.0]",-0.6560987234115601,-1.4741626977920532,0.39980822801589966,0.3928246796131134,1.7081507444381714,0.19421295821666718,13.033205081880089,17.368896296632624
6500,6500,33,target_left,3,"[0.029999999329447746, 0.0, 0.0, 0.0]",-0.5742635726928711,-1.4649441242218018,0.3830272853374481,0.43715888261795044,1.6773960590362549,0.095021553337574,17.368896296632624,21.521445210729972
6500,6500,33,ramp,0,"[-0.5, -0.4333333373069763, -0.36666667461395264, -0.30000001192092896]",-0.6884676218032837,-0.865641176700592,0.5086183547973633,0.4424341022968292,1.2952848672866821,0.0,0.0,9.736601220626007
6500,6500,33,ramp,1,"[-0.47999998927116394, -0.41333332657814026, -0.3466666638851166, -0.2800000011920929]",-0.8692148923873901,-0.9349533915519714,0.4869593679904938,0.8383485078811646,1.6030064821243286,0.441238135099411,9.736601220626007,14.53872817434441
6500,6500,33,ramp,2,"[-0.46000000834465027, -0.3933333456516266, -0.3266666829586029, -0.2600000202655792]",-0.8230604529380798,-0.9341570734977722,0.4403057396411896,0.9024003744125366,1.5994603633880615,0.09170643240213394,14.53872817434441,19.42313788030288
6500,6500,33,ramp,3,"[-0.4399999976158142, -0.3733333349227905, -0.30666667222976685, -0.24000000953674316]",-0.7745754718780518,-0.8771928548812866,0.3976565897464752,0.901219367980957,1.5296279191970825,0.08611655235290527,19.42313788030288,24.282199294483068
6525,6525,33,zero_hold,0,"[0.0, 0.0, 0.0, 0.0]",-0.46363237500190735,-0.06899061053991318,-0.12405376136302948,0.44618916511535645,0.6589300036430359,0.0,0.0,4.7390809335888795
6525,6525,33,zero_hold,1,"[0.0, 0.0, 0.0, 0.0]",-0.3487900197505951,0.1453281193971634,-0.07000555098056793,0.7944132089614868,0.8824782371520996,0.4281383752822876,4.7390809335888795,7.862383649199277
6525,6525,33,zero_hold,2,"[0.0, 0.0, 0.0, 0.0]",0.08644142746925354,0.04687245190143585,-0.10891798138618469,0.918569028377533,0.9302157759666443,0.46481046080589294,7.862383649199277,10.22467958801181
6525,6525,33,zero_hold,3,"[0.0, 0.0, 0.0, 0.0]",0.1919497698545456,-0.03752700984477997,-0.1738332211971283,0.919207751750946,0.9557268619537354,0.14989888668060303,10.22467958801181,12.10449896869128
6525,6525,33,target_ahead,0,"[0.0, 0.0, 0.0, 0.0]",1.0694726705551147,0.05721818655729294,-0.77657151222229,0.05859978869557381,1.3242141008377075,0.0,0.0,8.783894635480856
6525,6525,33,target_ahead,1,"[0.009999999776482582, 0.0, 0.0, 0.0]",1.0626038312911987,-0.039401814341545105,-0.9350020885467529,0.05242803320288658,1.416918158531189,0.18579812347888947,8.783894635480856,12.8425916668516
6525,6525,33,target_ahead,2,"[0.019999999552965164, 0.0, 0.0, 0.0]",1.058424949645996,-0.10350880026817322,-0.9461500644683838,0.06931935250759125,1.4251254796981812,0.06735549867153168,12.8425916668516,16.73407297317407
6525,6525,33,target_ahead,3,"[0.029999999329447746, 0.0, 0.0, 0.0]",1.0513471364974976,-0.14579306542873383,-0.9185938835144043,0.09145243465900421,1.406685709953308,0.05556321516633034,16.73407297317407,20.603783903045297
6525,6525,33,target_left,0,"[0.0, 0.0, 0.0, 0.0]",-0.7862415313720703,-1.2926898002624512,0.3887387812137604,0.08200684189796448,1.5643099546432495,0.0,0.0,8.398764144712224
6525,6525,33,target_left,1,"[0.009999999776482582, 0.0, 0.0, 0.0]",-0.8700436353683472,-1.4313504695892334,0.390327125787735,0.3077245056629181,1.7472234964370728,0.27784988284111023,8.398764144712224,13.027648462500904
6525,6525,33,target_left,2,"[0.019999999552965164, 0.0, 0.0, 0.0]",-0.6893658638000488,-1.4749224185943604,0.39547768235206604,0.3632787764072418,1.7143498659133911,0.19405096769332886,13.027648462500904,17.33085400917114
6525,6525,33,target_left,3,"[0.029999999329447746, 0.0, 0.0, 0.0]",-0.6062403917312622,-1.4655592441558838,0.3811318278312683,0.4064812660217285,1.6810352802276611,0.09523534774780273,17.33085400917114,21.44953688350879
6525,6525,33,ramp,0,"[-0.5, -0.4333333373069763, -0.36666667461395264, -0.30000001192092896]",-0.6780606508255005,-0.8662292957305908,0.506100594997406,0.4156745672225952,1.2802510261535645,0.0,0.0,9.70001968328096
6525,6525,33,ramp,1,"[-0.47999998927116394, -0.41333332657814026, -0.3466666638851166, -0.2800000011920929]",-0.8729352951049805,-0.9343869090080261,0.48372024297714233,0.8114073872566223,1.589799404144287,0.44690820574760437,9.70001968328096,14.468932922930152
6525,6525,33,ramp,2,"[-0.46000000834465027, -0.3933333456516266, -0.3266666829586029, -0.2600000202655792]",-0.7952492237091064,-0.9112898111343384,0.4360940158367157,0.8722781538963318,1.5536787509918213,0.11199156194925308,14.468932922930152,19.32444394917929
6525,6525,33,ramp,3,"[-0.4399999976158142, -0.3733333349227905, -0.30666667222976685, -0.24000000953674316]",-0.7677464485168457,-0.8535473942756653,0.39165008068084717,0.8715352416038513,1.4936336278915405,0.07788712531328201,19.32444394917929,24.16372426589811
6550,6550,33,zero_hold,0,"[0.0, 0.0, 0.0, 0.0]",-0.48558706045150757,-0.10661013424396515,-0.10681650787591934,0.43913188576698303,0.6718683838844299,0.0,0.0,4.738167197389244
6550,6550,33,zero_hold,1,"[0.0, 0.0, 0.0, 0.0]",-0.3460913896560669,0.10107289254665375,-0.05515556037425995,0.7965643405914307,0.8761003613471985,0.43933823704719543,4.738167197389244,7.865620404005283
6550,6550,33,zero_hold,2,"[0.0, 0.0, 0.0, 0.0]",0.11966300010681152,0.004961330443620682,-0.10709144175052643,0.9317354559898376,0.9454858303070068,0.49712488055229187,7.865620404005283,10.270943873175623
6550,6550,33,zero_hold,3,"[0.0, 0.0, 0.0, 0.0]",0.22636955976486206,-0.08342590928077698,-0.18044546246528625,0.9344580769538879,0.9818225502967834,0.15680184960365295,10.270943873175623,12.176407317228092
6550,6550,33,target_ahead,0,"[0.0, 0.0, 0.0, 0.0]",1.1085635423660278,0.08925439417362213,-0.776757538318634,0.04255528002977371,1.3572187423706055,0.0,0.0,8.787350869601633
6550,6550,33,target_ahead,1,"[0.009999999776482582, 0.0, 0.0, 0.0]",1.0738204717636108,-0.014439787715673447,-0.9248586297035217,0.04554679989814758,1.4180045127868652,0.18412616848945618,8.787350869601633,12.780268697251712
6550,6550,33,target_ahead,2,"[0.019999999552965164, 0.0, 0.0, 0.0]",1.0841723680496216,-0.09182387590408325,-0.9418154954910278,0.072209432721138,1.4408650398254395,0.08422522991895676,12.780268697251712,16.616524630290098
6550,6550,33,target_ahead,3,"[0.029999999329447746, 0.0, 0.0, 0.0]",1.083216905593872,-0.1482963114976883,-0.9079976081848145,0.1103932186961174,1.4254813194274902,0.07610321789979935,16.616524630290098,20.443023143433937
6550,6550,33,target_left,0,"[0.0, 0.0, 0.0, 0.0]",-0.7782658338546753,-1.3225901126861572,0.37732404470443726,0.10016686469316483,1.583461046218872,0.0,0.0,8.412659749484678
6550,6550,33,target_left,1,"[0.009999999776482582, 0.0, 0.0, 0.0]",-0.8779614567756653,-1.4542485475540161,0.37042149901390076,0.3140030801296234,1.766766905784607,0.2702715992927551,8.412659749484678,13.08313917415516
6550,6550,33,target_left,2,"[0.019999999552965164, 0.0, 0.0, 0.0]",-0.7106337547302246,-1.4962431192398071,0.3791981339454651,0.36789488792419434,1.7386436462402344,0.1809515357017517,13.08313917415516,17.448860360339644
6550,6550,33,target_left,3,"[0.029999999329447746, 0.0, 0.0, 0.0]",-0.6308293342590332,-1.4877136945724487,0.3673531115055084,0.40998977422714233,1.7071255445480347,0.09139902144670486,17.448860360339644,21.629044278095897
6550,6550,33,ramp,0,"[-0.5, -0.4333333373069763, -0.36666667461395264, -0.30000001192092896]",-0.6830381155014038,-0.939828634262085,0.49439170956611633,0.44135403633117676,1.3375482559204102,0.0,0.0,9.69015926243653
6550,6550,33,ramp,1,"[-0.47999998927116394, -0.41333332657814026, -0.3466666638851166, -0.2800000011920929]",-0.8554575443267822,-1.0055508613586426,0.4741509258747101,0.8162676692008972,1.622976303100586,0.41835129261016846,9.69015926243653,14.418111025654815
6550,6550,33,ramp,2,"[-0.46000000834465027, -0.3933333456516266, -0.3266666829586029, -0.2600000202655792]",-0.767825186252594,-0.9784179925918579,0.4334140121936798,0.881676435470581,1.5849473476409912,0.11980578303337097,14.418111025654815,19.28786975524842
6550,6550,33,ramp,3,"[-0.4399999976158142, -0.3733333349227905, -0.30666667222976685, -0.24000000953674316]",-0.7456113696098328,-0.9228789806365967,0.3946073353290558,0.8855177760124207,1.53215491771698,0.07140552997589111,19.28786975524842,24.15568403764004
6575,6575,33,zero_hold,0,"[0.0, 0.0, 0.0, 0.0]",-0.47512441873550415,-0.09683439135551453,-0.106585294008255,0.43875956535339355,0.6625635623931885,0.0,0.0,4.661454323346503
6575,6575,33,zero_hold,1,"[0.0, 0.0, 0.0, 0.0]",-0.34075894951820374,0.11914597451686859,-0.06716124713420868,0.7927234172821045,0.8736323714256287,0.43765997886657715,4.661454323346503,7.754978402680865
6575,6575,33,zero_hold,2,"[0.0, 0.0, 0.0, 0.0]",0.10884712636470795,0.01968894712626934,-0.12225354462862015,0.9273735284805298,0.9419144988059998,0.482911080121994,7.754978402680865,10.135411064931182
6575,6575,33,zero_hold,3,"[0.0, 0.0, 0.0, 0.0]",0.21489690244197845,-0.07541148364543915,-0.19313699007034302,0.9219971895217896,0.9691482186317444,0.15919803082942963,10.135411064931182,12.009515389250671
6575,6575,33,target_ahead,0,"[0.0, 0.0, 0.0, 0.0]",1.1620887517929077,0.08779525756835938,-0.7896417379379272,0.023618794977664948,1.4079240560531616,0.0,0.0,8.78234399076759
6575,6575,33,target_ahead,1,"[0.009999999776482582, 0.0, 0.0, 0.0]",1.1048736572265625,-0.02778575010597706,-0.9533096551895142,0.0040248967707157135,1.4595662355422974,0.2092932015657425,8.78234399076759,12.782164918169983
6575,6575,33,target_ahead,2,"[0.019999999552965164, 0.0, 0.0, 0.0]",1.1220991611480713,-0.12503863871097565,-0.9752598404884338,0.027519185096025467,1.4921897649765015,0.10386835038661957,12.782164918169983,16.621366047710108
6575,6575,33,target_ahead,3,"[0.029999999329447746, 0.0, 0.0, 0.0]",1.1172999143600464,-0.1945495903491974,-0.9408719539642334,0.06773298978805542,1.4751393795013428,0.08748989552259445,16.621366047710108,20.457841727974724
6575,6575,33,target_left,0,"[0.0, 0.0, 0.0, 0.0]",-0.7094848155975342,-1.3440903425216675,0.3735131323337555,0.09703263640403748,1.5680800676345825,0.0,0.0,8.38536885260461
6575,6575,33,target_left,1,"[0.009999999776482582, 0.0, 0.0, 0.0]",-0.822775661945343,-1.4809244871139526,0.3480910062789917,0.31279757618904114,1.7575855255126953,0.28064069151878357,8.38536885260461,13.035930487924118
6575,6575,33,target_left,2,"[0.019999999552965164, 0.0, 0.0, 0.0]",-0.6284869909286499,-1.5154813528060913,0.3557835519313812,0.3696405589580536,1.7189810276031494,0.2055056393146515,13.035930487924118,17.350144606712753
6575,6575,33,target_left,3,"[0.029999999329447746, 0.0, 0.0, 0.0]",-0.5552315711975098,-1.5066853761672974,0.34710100293159485,0.414826363325119,1.6943857669830322,0.08695326000452042,17.350144606712753,21.491674116015677
6575,6575,33,ramp,0,"[-0.5, -0.4333333373069763, -0.36666667461395264, -0.30000001192092896]",-0.6364740133285522,-0.9683995842933655,0.5268797874450684,0.44204244017601013,1.3475536108016968,0.0,0.0,9.702324657903201
6575,6575,33,ramp,1,"[-0.47999998927116394, -0.41333332657814026, -0.3466666638851166, -0.2800000011920929]",-0.8253532648086548,-1.0247911214828491,0.47961896657943726,0.8168801665306091,1.621336579322815,0.42613646388053894,9.702324657903201,14.420224152373187
6575,6575,33,ramp,2,"[-0.46000000834465027, -0.3933333456516266, -0.3266666829586029, -0.2600000202655792]",-0.7252904772758484,-0.9737358093261719,0.42825478315353394,0.880036473274231,1.5595108270645142,0.13873068988323212,14.420224152373187,19.237555408034417
6575,6575,33,ramp,3,"[-0.4399999976158142, -0.3733333349227905, -0.30666667222976685, -0.24000000953674316]",-0.7305930256843567,-0.9118458032608032,0.3768823742866516,0.8801882266998291,1.5106291770935059,0.08060792088508606,19.237555408034417,24.076813408870002
6600,6600,33,zero_hold,0,"[0.0, 0.0, 0.0, 0.0]",-0.493158221244812,-0.09261535108089447,-0.11006160080432892,0.4263339340686798,0.6675752997398376,0.0,0.0,4.746713026851294
6600,6600,33,zero_hold,1,"[0.0, 0.0, 0.0, 0.0]",-0.35260406136512756,0.12759113311767578,-0.07485213875770569,0.8048882484436035,0.8910987973213196,0.4612910747528076,4.746713026851294,7.869757015255508
6600,6600,33,zero_hold,2,"[0.0, 0.0, 0.0, 0.0]",0.09129290282726288,0.027052436023950577,-0.13491114974021912,0.9487490653991699,0.9630119204521179,0.4810982644557953,7.869757015255508,10.280602779882
6600,6600,33,zero_hold,3,"[0.0, 0.0, 0.0, 0.0]",0.18734583258628845,-0.06042137369513512,-0.20574119687080383,0.9532036781311035,0.9948245286941528,0.1480357050895691,10.280602779882,12.18661193067431
6600,6600,33,target_ahead,0,"[0.0, 0.0, 0.0, 0.0]",1.1619075536727905,0.11445847153663635,-0.8160045146942139,0.04536198452115059,1.4251494407653809,0.0,0.0,8.766101726831181
6600,6600,33,target_ahead,1,"[0.009999999776482582, 0.0, 0.0, 0.0]",1.1088517904281616,0.0004938878118991852,-0.9748147130012512,0.027814645320177078,1.4766820669174194,0.2033013254404068,8.766101726831181,12.705030475225426
6600,6600,33,target_ahead,2,"[0.019999999552965164, 0.0, 0.0, 0.0]",1.11477792263031,-0.09957629442214966,-1.0070757865905762,0.04311825707554817,1.5062224864959717,0.10641492903232574,12.705030475225426,16.505163438614076
6600,6600,33,target_ahead,3,"[0.029999999329447746, 0.0, 0.0, 0.0]",1.1038669347763062,-0.1646123230457306,-0.9793656468391418,0.08378976583480835,1.4872112274169922,0.08228461444377899,16.505163438614076,20.304964999150812
6600,6600,33,target_left,0,"[0.0, 0.0, 0.0, 0.0]",-0.7040663361549377,-1.3448615074157715,0.3843354284763336,0.08289706707000732,1.5681031942367554,0.0,0.0,8.438743185236993
6600,6600,33,target_left,1,"[0.009999999776482582, 0.0, 0.0, 0.0]",-0.81582111120224,-1.479095458984375,0.3722917139530182,0.3000045418739319,1.755531668663025,0.27890604734420776,8.438743185236993,13.11475854777282
6600,6600,33,target_left,2,"[0.019999999552965164, 0.0, 0.0, 0.0]",-0.6505034565925598,-1.5172233581542969,0.3820117712020874,0.3506144881248474,1.7303135395050049,0.17731189727783203,13.11475854777282,17.482153549848157
6600,6600,33,target_left,3,"[0.029999999329447746, 0.0, 0.0, 0.0]",-0.573009192943573,-1.5076141357421875,0.3731969892978668,0.39045974612236023,1.70087468624115,0.088108129799366,17.482153549848157,21.67385907407904
6600,6600,33,ramp,0,"[-0.5, -0.4333333373069763, -0.36666667461395264, -0.30000001192092896]",-0.6004624962806702,-0.9729413986206055,0.5501905083656311,0.480205774307251,1.3566418886184692,0.0,0.0,9.739337590811662
6600,6600,33,ramp,1,"[-0.47999998927116394, -0.41333332657814026, -0.3466666638851166, -0.2800000011920929]",-0.7865234017372131,-1.0430445671081543,0.4903234541416168,0.850029468536377,1.6338690519332886,0.42413055896759033,9.739337590811662,14.487104795417508
6600,6600,33,ramp,2,"[-0.46000000834465027, -0.3933333456516266, -0.3266666829586029, -0.2600000202655792]",-0.7178917527198792,-1.015993356704712,0.441901296377182,0.9142177104949951,1.6058274507522583,0.10911877453327179,14.487104795417508,19.348251344617534
6600,6600,33,ramp,3,"[-0.4399999976158142, -0.3733333349227905, -0.30666667222976685, -0.24000000953674316]",-0.6974824666976929,-0.9621027708053589,0.40051326155662537,0.9111369848251343,1.5500661134719849,0.07101545482873917,19.348251344617534,24.229661351612403
6625,6625,33,zero_hold,0,"[0.0, 0.0, 0.0, 0.0]",-0.4790005683898926,-0.07849523425102234,-0.11816146969795227,0.4352133572101593,0.662552535533905,0.0,0.0,4.702433613251095
6625,6625,33,zero_hold,1,"[0.0, 0.0, 0.0, 0.0]",-0.32085108757019043,0.14423853158950806,-0.08441129326820374,0.8042165637016296,0.8818387985229492,0.4603520631790161,4.702433613251095,7.800035370988164
6625,6625,33,zero_hold,2,"[0.0, 0.0, 0.0, 0.0]",0.08862222731113434,0.03627137094736099,-0.14415958523750305,0.9430318474769592,0.9587807655334473,0.44962742924690247,7.800035370988164,10.15854549366436
6625,6625,33,zero_hold,3,"[0.0, 0.0, 0.0, 0.0]",0.19299955666065216,-0.04672300070524216,-0.21424171328544617,0.9441772699356079,0.988332986831665,0.150650292634964,10.15854549366436,12.025697926405726
6625,6625,33,target_ahead,0,"[0.0, 0.0, 0.0, 0.0]",1.160536527633667,0.13975679874420166,-0.7834221124649048,0.022470366209745407,1.4073493480682373,0.0,0.0,8.803331147274482
6625,6625,33,target_ahead,1,"[0.009999999776482582, 0.0, 0.0, 0.0]",1.0936775207519531,0.011090083047747612,-0.9215107560157776,0.014413680881261826,1.4302598237991333,0.20039619505405426,8.803331147274482,12.681919087692815
6625,6625,33,target_ahead,2,"[0.019999999552965164, 0.0, 0.0, 0.0]",1.108039379119873,-0.09355822950601578,-0.9524828195571899,0.028794240206480026,1.464430570602417,0.11101171374320984,12.681919087692815,16.497062070366272
6625,6625,33,target_ahead,3,"[0.029999999329447746, 0.0, 0.0, 0.0]",1.084270715713501,-0.1691220998764038,-0.9275050759315491,0.06700590252876282,1.4384021759033203,0.09142684191465378,16.497062070366272,20.33050986156673
6625,6625,33,target_left,0,"[0.0, 0.0, 0.0, 0.0]",-0.715712308883667,-1.327330470085144,0.3816770911216736,0.1026902049779892,1.5589332580566406,0.0,0.0,8.427189567760838
6625,6625,33,target_left,1,"[0.009999999776482582, 0.0, 0.0, 0.0]",-0.7832992076873779,-1.4455773830413818,0.37799888849258423,0.29385286569595337,1.7124497890472412,0.23474884033203125,8.427189567760838,13.091883073162165
6625,6625,33,target_left,2,"[0.019999999552965164, 0.0, 0.0, 0.0]",-0.6001342535018921,-1.4808794260025024,0.3877326250076294,0.3451755940914154,1.6800737380981445,0.19371217489242554,13.091883073162165,17.470259501241134
6625,6625,33,target_left,3,"[0.029999999329447746, 0.0, 0.0, 0.0]",-0.5332013368606567,-1.474190354347229,0.38506871461868286,0.38099899888038635,1.6586074829101562,0.07625727355480194,17.470259501241134,21.672696674278555
6625,6625,33,ramp,0,"[-0.5, -0.4333333373069763, -0.36666667461395264, -0.30000001192092896]",-0.646981954574585,-0.9720550775527954,0.49244409799575806,0.4919789135456085,1.3594194650650024,0.0,0.0,9.72212611450467
6625,6625,33,ramp,1,"[-0.47999998927116394, -0.41333332657814026, -0.3466666638851166, -0.2800000011920929]",-0.7825723886489868,-1.0224028825759888,0.45509758591651917,0.8549147844314575,1.6111239194869995,0.39247533679008484,9.72212611450467,14.426535013500931
6625,6625,33,ramp,2,"[-0.46000000834465027, -0.3933333456516266, -0.3266666829586029, -0.2600000202655792]",-0.6902676224708557,-0.9841047525405884,0.4129347801208496,0.9151929020881653,1.5662134885787964,0.12408895790576935,14.426535013500931,19.25188950658306
6625,6625,33,ramp,3,"[-0.4399999976158142, -0.3733333349227905, -0.30666667222976685, -0.24000000953674316]",-0.6884645223617554,-0.9338703155517578,0.37802988290786743,0.9137820601463318,1.5244675874710083,0.06121349707245827,19.25188950658306,24.090843079734142
6650,6650,33,zero_hold,0,"[0.0, 0.0, 0.0, 0.0]",-0.44707393646240234,-0.08642646670341492,-0.11098597943782806,0.4552517533302307,0.6533886194229126,0.0,0.0,4.681948123128725
6650,6650,33,zero_hold,1,"[0.0, 0.0, 0.0, 0.0]",-0.30315062403678894,0.12341442704200745,-0.07079219818115234,0.8138436079025269,0.8800479769706726,0.44153231382369995,4.681948123128725,7.772218240773243
6650,6650,33,zero_hold,2,"[0.0, 0.0, 0.0, 0.0]",0.10277029871940613,0.01878807321190834,-0.12462718784809113,0.9457480907440186,0.9596281051635742,0.44273632764816284,7.772218240773243,10.131099431952043
6650,6650,33,zero_hold,3,"[0.0, 0.0, 0.0, 0.0]",0.20627103745937347,-0.06879103183746338,-0.18611790239810944,0.9479429721832275,0.9902098774909973,0.1488906592130661,10.131099431952043,11.988973618709224
6650,6650,33,target_ahead,0,"[0.0, 0.0, 0.0, 0.0]",1.1132478713989258,0.10182073712348938,-0.7612636089324951,0.05532292276620865,1.353614091873169,0.0,0.0,8.789087513804086
6650,6650,33,target_ahead,1,"[0.009999999776482582, 0.0, 0.0, 0.0]",1.109541893005371,-0.011125151067972183,-0.9237377047538757,0.022571463137865067,1.4439555406570435,0.20060157775878906,8.789087513804086,12.632553410739245
6650,6650,33,target_ahead,2,"[0.019999999552965164, 0.0, 0.0, 0.0]",1.0644968748092651,-0.09938469529151917,-0.9703797698020935,0.014996595680713654,1.4439157247543335,0.10978006571531296,12.632553410739245,16.42083883178995
6650,6650,33,target_ahead,3,"[0.029999999329447746, 0.0, 0.0, 0.0]",1.0453696250915527,-0.16751538217067719,-0.9505306482315063,0.043693944811820984,1.4234734773635864,0.07889973372220993,16.42083883178995,20.23078229900361
6650,6650,33,target_left,0,"[0.0, 0.0, 0.0, 0.0]",-0.6584288477897644,-1.321317434310913,0.3532978296279907,0.10304050147533417,1.5214614868164062,0.0,0.0,8.386999852435025
6650,6650,33,target_left,1,"[0.009999999776482582, 0.0, 0.0, 0.0]",-0.6993534564971924,-1.4512330293655396,0.3514878451824188,0.29875898361206055,1.6757007837295532,0.2384573072195053,8.386999852435025,13.045962595737237
6650,6650,33,target_left,2,"[0.019999999552965164, 0.0, 0.0, 0.0]",-0.5047597885131836,-1.4922730922698975,0.3573523461818695,0.35493165254592896,1.653885841369629,0.20673835277557373,13.045962595737237,17.405332799311374
6650,6650,33,target_left,3,"[0.029999999329447746, 0.0, 0.0, 0.0]",-0.4532462954521179,-1.4902567863464355,0.3574318587779999,0.3891957402229309,1.6448490619659424,0.06190104782581329,17.405332799311374,21.582556279359867
6650,6650,33,ramp,0,"[-0.5, -0.4333333373069763, -0.36666667461395264, -0.30000001192092896]",-0.6576064825057983,-0.9680843353271484,0.48187369108200073,0.46072298288345337,1.3468858003616333,0.0,0.0,9.708212848733742
6650,6650,33,ramp,1,"[-0.47999998927116394, -0.41333332657814026, -0.3466666638851166, -0.2800000011920929]",-0.7932134866714478,-1.0300958156585693,0.4519704580307007,0.8481813669204712,1.61677885055542,0.4162365794181824,9.708212848733742,14.39233738833931
6650,6650,33,ramp,2,"[-0.46000000834465027, -0.3933333456516266, -0.3266666829586029, -0.2600000202655792]",-0.6660516262054443,-0.9860616326332092,0.40379539132118225,0.9084746241569519,1.5505867004394531,0.1551298201084137,14.39233738833931,19.158403947265857
6650,6650,33,ramp,3,"[-0.4399999976158142, -0.3733333349227905, -0.30666667222976685, -0.24000000953674316]",-0.6819355487823486,-0.940406858921051,0.3614877760410309,0.9132559895515442,1.521220326423645,0.06441625207662582,19.158403947265857,23.950388670424157
6675,6675,33,zero_hold,0,"[0.0, 0.0, 0.0, 0.0]",-0.47089719772338867,-0.0676831603050232,-0.08387316763401031,0.44902393221855164,0.6595319509506226,0.0,0.0,4.675971446667426
6675,6675,33,zero_hold,1,"[0.0, 0.0, 0.0, 0.0]",-0.32568514347076416,0.13522884249687195,-0.033283915370702744,0.8070374131202698,0.8813483119010925,0.43930938839912415,4.675971446667426,7.752473195794883
6675,6675,33,zero_hold,2,"[0.0, 0.0, 0.0, 0.0]",0.09155834466218948,0.02089955471456051,-0.0831938311457634,0.9413407444953918,0.949664831161499,0.4557320475578308,7.752473195794883,10.110682455212926
6675,6675,33,zero_hold,3,"[0.0, 0.0, 0.0, 0.0]",0.1948520690202713,-0.06799948960542679,-0.14182011783123016,0.9389020800590515,0.971720814704895,0.14837662875652313,10.110682455212926,11.973832646419568
6675,6675,33,target_ahead,0,"[0.0, 0.0, 0.0, 0.0]",1.0475497245788574,0.14002619683742523,-0.7491999268531799,0.04212101176381111,1.2961645126342773,0.0,0.0,8.824698327299947
6675,6675,33,target_ahead,1,"[0.009999999776482582, 0.0, 0.0, 0.0]",1.0555055141448975,0.028152255341410637,-0.9247890114784241,0.015645336359739304,1.4036965370178223,0.2100275307893753,8.824698327299947,12.72771719697853
6675,6675,33,target_ahead,2,"[0.019999999552965164, 0.0, 0.0, 0.0]",0.9876832365989685,-0.04621046036481857,-0.9900128245353699,0.004616644233465195,1.3992141485214233,0.1204385906457901,12.72771719697853,16.556160891763053
6675,6675,33,target_ahead,3,"[0.029999999329447746, 0.0, 0.0, 0.0]",0.9516704678535461,-0.09304548054933548,-1.008859634399414,0.01628497615456581,1.3901067972183228,0.06310143321752548,16.556160891763053,20.36774381331323
6675,6675,33,target_left,0,"[0.0, 0.0, 0.0, 0.0]",-0.6688999533653259,-1.3111120462417603,0.3701738119125366,0.09321005642414093,1.520578384399414,0.0,0.0,8.400734669891607
6675,6675,33,target_left,1,"[0.009999999776482582, 0.0, 0.0, 0.0]",-0.6774126887321472,-1.4568195343017578,0.3596157133579254,0.292190819978714,1.6720975637435913,0.2469978779554367,8.400734669891607,13.076001802183965
6675,6675,33,target_left,2,"[0.019999999552965164, 0.0, 0.0, 0.0]",-0.47428831458091736,-1.5034844875335693,0.36202579736709595,0.35176533460617065,1.6553599834442139,0.2167765200138092,13.076001802183965,17.45101422147187
6675,6675,33,target_left,3,"[0.029999999329447746, 0.0, 0.0, 0.0]",-0.4256066083908081,-1.5050698518753052,0.36376985907554626,0.3871420919895172,1.651842474937439,0.06022440269589424,17.45101422147187,21.641179076299615
6675,6675,33,ramp,0,"[-0.5, -0.4333333373069763, -0.36666667461395264, -0.30000001192092896]",-0.5810260772705078,-0.9434729814529419,0.5145425200462341,0.46277347207069397,1.3063865900039673,0.0,0.0,9.666644115515535
6675,6675,33,ramp,1,"[-0.47999998927116394, -0.41333332657814026, -0.3466666638851166, -0.2800000011920929]",-0.7289947867393494,-0.9986462593078613,0.4685972332954407,0.877252995967865,1.5867841243743896,0.4459182322025299,9.666644115515535,14.381291832132105
6675,6675,33,ramp,2,"[-0.46000000834465027, -0.3933333456516266, -0.3266666829586029, -0.2600000202655792]",-0.5885089635848999,-0.9357084035873413,0.41654708981513977,0.9313483834266663,1.504265308380127,0.17126870155334473,14.381291832132105,19.15933625059328
6675,6675,33,ramp,3,"[-0.4399999976158142, -0.3733333349227905, -0.30666667222976685, -0.24000000953674316]",-0.6342684626579285,-0.8897638916969299,0.36884716153144836,0.9299383759498596,1.4814890623092651,0.08051149547100067,19.15933625059328,23.94984090923629
6700,6700,33,zero_hold,0,"[0.0, 0.0, 0.0, 0.0]",-0.4422239065170288,-0.06582623720169067,-0.07664356380701065,0.44614046812057495,0.6362473368644714,0.0,0.0,4.640772253314301
6700,6700,33,zero_hold,1,"[0.0, 0.0, 0.0, 0.0]",-0.3000887334346771,0.12678226828575134,-0.02780027687549591,0.795669436454773,0.8602265119552612,0.42644646763801575,4.640772253314301,7.706111997225615
6700,6700,33,zero_hold,2,"[0.0, 0.0, 0.0, 0.0]",0.1029936745762825,0.005257895216345787,-0.08206181973218918,0.9249464273452759,0.934288740158081,0.44373467564582825,7.706111997225615,10.058264581238868
6700,6700,33,zero_hold,3,"[0.0, 0.0, 0.0, 0.0]",0.20513243973255157,-0.08930147439241409,-0.1443680375814438,0.9173911809921265,0.955250084400177,0.15268579125404358,10.058264581238868,11.91887499455596
6700,6700,33,target_ahead,0,"[0.0, 0.0, 0.0, 0.0]",1.055821180343628,0.1274832934141159,-0.7336317896842957,0.03374115750193596,1.2924257516860962,0.0,0.0,8.782363955468071
6700,6700,33,target_ahead,1,"[0.009999999776482582, 0.0, 0.0, 0.0]",1.0896610021591187,0.013652032241225243,-0.9025049209594727,0.0115119107067585,1.4149894714355469,0.20764143764972687,8.782363955468071,12.73116531302048
6700,6700,33,target_ahead,2,"[0.019999999552965164, 0.0, 0.0, 0.0]",1.0081496238708496,-0.06642194837331772,-0.9629265069961548,-0.002152424305677414,1.3957111835479736,0.12997472286224365,12.73116531302048,16.595915463352718
6700,6700,33,target_ahead,3,"[0.029999999329447746, 0.0, 0.0, 0.0]",0.9777445197105408,-0.11939149349927902,-0.9815438389778137,0.009734343737363815,1.3905975818634033,0.0649472326040268,16.595915463352718,20.448686825485204
6700,6700,33,target_left,0,"[0.0, 0.0, 0.0, 0.0]",-0.6416081786155701,-1.314812421798706,0.3871214985847473,0.11636148393154144,1.517825961112976,0.0,0.0,8.39969146910861
6700,6700,33,target_left,1,"[0.009999999776482582, 0.0, 0.0, 0.0]",-0.5992795825004578,-1.4482553005218506,0.36577194929122925,0.32769790291786194,1.642484188079834,0.2543965280056,8.39969146910861,13.077035418871814
6700,6700,33,target_left,2,"[0.019999999552965164, 0.0, 0.0, 0.0]",-0.3926517963409424,-1.4891915321350098,0.36120861768722534,0.38933801651000977,1.6290863752365112,0.2195248156785965,13.077035418871814,17.49828309905442
6700,6700,33,target_left,3,"[0.029999999329447746, 0.0, 0.0, 0.0]",-0.3592509329319,-1.4891676902770996,0.36435291171073914,0.42598697543144226,1.6312264204025269,0.0496855229139328,17.49828309905442,21.732894602851317
6700,6700,33,ramp,0,"[-0.5, -0.4333333373069763, -0.36666667461395264, -0.30000001192092896]",-0.5816112160682678,-0.9995836615562439,0.4807742238044739,0.49309560656547546,1.346003770828247,0.0,0.0,9.693986668455784
6700,6700,33,ramp,1,"[-0.47999998927116394, -0.41333332657814026, -0.3466666638851166, -0.2800000011920929]",-0.7272738814353943,-1.0451297760009766,0.45573505759239197,0.8614249229431152,1.6034247875213623,0.39948153495788574,9.693986668455784,14.415724391718387
6700,6700,33,ramp,2,"[-0.46000000834465027, -0.3933333456516266, -0.3266666829586029, -0.2600000202655792]",-0.5752714276313782,-0.989902913570404,0.4097089171409607,0.9098305702209473,1.5187159776687622,0.17497503757476807,14.415724391718387,19.262654464783886
6700,6700,33,ramp,3,"[-0.4399999976158142, -0.3733333349227905, -0.30666667222976685, -0.24000000953674316]",-0.6187081933021545,-0.9466361403465271,0.36445391178131104,0.9082468748092651,1.4955463409423828,0.07621869444847107,19.262654464783886,24.128190409156268
6725,6725,33,zero_hold,0,"[0.0, 0.0, 0.0, 0.0]",-0.4478839635848999,-0.0628720372915268,-0.07276808470487595,0.4386090934276581,0.6342129707336426,0.0,0.0,4.681732942950044
6725,6725,33,zero_hold,1,"[0.0, 0.0, 0.0, 0.0]",-0.2998100519180298,0.1347663551568985,-0.027814535424113274,0.7947516441345215,0.8604951500892639,0.4357122480869293,4.681732942950044,7.762163995697134
6725,6725,33,zero_hold,2,"[0.0, 0.0, 0.0, 0.0]",0.09035955369472504,0.012622769922018051,-0.08090389519929886,0.9245495796203613,0.9325564503669739,0.43222376704216003,7.762163995697134,10.125832398355996
6725,6725,33,zero_hold,3,"[0.0, 0.0, 0.0, 0.0]",0.191609725356102,-0.08499884605407715,-0.14082585275173187,0.9176342487335205,0.9517476558685303,0.15303607285022736,10.125832398355996,11.994362214957734
6725,6725,33,target_ahead,0,"[0.0, 0.0, 0.0, 0.0]",1.020954966545105,0.12919023633003235,-0.7421811819076538,0.008749015629291534,1.268837571144104,0.0,0.0,8.78213496239537
6725,6725,33,target_ahead,1,"[0.009999999776482582, 0.0, 0.0, 0.0]",1.0554271936416626,0.012759614735841751,-0.924190104007721,-0.013691715896129608,1.4029983282089233,0.21994376182556152,8.78213496239537,12.762549775006594
6725,6725,33,target_ahead,2,"[0.019999999552965164, 0.0, 0.0, 0.0]",0.9704841375350952,-0.059002358466386795,-0.980961799621582,-0.028896063566207886,1.381463646888733,0.1257748007774353,12.762549775006594,16.642207114941414
6725,6725,33,target_ahead,3,"[0.029999999329447746, 0.0, 0.0, 0.0]",0.9381470084190369,-0.09908324480056763,-0.9858521819114685,-0.014517024159431458,1.3645704984664917,0.053692083805799484,16.642207114941414,20.488636328217964
6725,6725,33,target_left,0,"[0.0, 0.0, 0.0, 0.0]",-0.6316582560539246,-1.3379391431808472,0.3789375424385071,0.10951045155525208,1.5312280654907227,0.0,0.0,8.383010680470395
6725,6725,33,target_left,1,"[0.009999999776482582, 0.0, 0.0, 0.0]",-0.6231560111045837,-1.4599419832229614,0.35462403297424316,0.33609479665756226,1.6608648300170898,0.2586282789707184,8.383010680470395,13.053641101086585
6725,6725,33,target_left,2,"[0.019999999552965164, 0.0, 0.0, 0.0]",-0.4198758900165558,-1.4995359182357788,0.34754014015197754,0.3981485664844513,1.6444482803344727,0.21631306409835815,13.053641101086585,17.482638219157945
6725,6725,33,target_left,3,"[0.029999999329447746, 0.0, 0.0, 0.0]",-0.383971631526947,-1.498801589012146,0.3501613438129425,0.43872079253196716,1.6458826065063477,0.054246027022600174,17.482638219157945,21.7469283615461
6725,6725,33,ramp,0,"[-0.5, -0.4333333373069763, -0.36666667461395264, -0.30000001192092896]",-0.6248099207878113,-1.0214471817016602,0.4787580072879791,0.4703977406024933,1.3726707696914673,0.0,0.0,9.698034952484367
6725,6725,33,ramp,1,"[-0.47999998927116394, -0.41333332657814026, -0.3466666638851166, -0.2800000011920929]",-0.7827075123786926,-1.0666195154190063,0.43647849559783936,0.8485547304153442,1.631216287612915,0.4144423305988312,9.698034952484367,14.449418530962461
6725,6725,33,ramp,2,"[-0.46000000834465027, -0.3933333456516266, -0.3266666829586029, -0.2600000202655792]",-0.6417006850242615,-1.018341302871704,0.3884836435317993,0.9066588878631592,1.5561968088150024,0.16701290011405945,14.449418530962461,19.307467952880323
6725,6725,33,ramp,3,"[-0.4399999976158142, -0.3733333349227905, -0.30666667222976685, -0.24000000953674316]",-0.6592411994934082,-0.9759265780448914,0.34623539447784424,0.9121637344360352,1.5293636322021484,0.06262504309415817,19.307467952880323,24.191453116086997
6750,6750,33,zero_hold,0,"[0.0, 0.0, 0.0, 0.0]",-0.4634029269218445,-0.062027569860219955,-0.08716229349374771,0.4379109740257263,0.6464928388595581,0.0,0.0,4.750068775618334
6750,6750,33,zero_hold,1,"[0.0, 0.0, 0.0, 0.0]",-0.33408498764038086,0.14129966497421265,-0.05062047019600868,0.8012428283691406,0.8809828758239746,0.4375047981739044,4.750068775618334,7.8444336004952335
6750,6750,33,zero_hold,2,"[0.0, 0.0, 0.0, 0.0]",0.05126210302114487,0.0205550380051136,-0.10749801993370056,0.9349699020385742,0.9427485466003418,0.42917320132255554,7.8444336004952335,10.231090328362866
6750,6750,33,zero_hold,3,"[0.0, 0.0, 0.0, 0.0]",0.137681245803833,-0.07281126081943512,-0.16642199456691742,0.9336128830909729,0.9610342979431152,0.1402120143175125,10.231090328362866,12.128380607756442
6750,6750,33,target_ahead,0,"[0.0, 0.0, 0.0, 0.0]",1.0538278818130493,0.14009498059749603,-0.7421820759773254,0.02309975028038025,1.2967450618743896,0.0,0.0,8.744129055715089
6750,6750,33,target_ahead,1,"[0.009999999776482582, 0.0, 0.0, 0.0]",1.0588749647140503,0.01394696906208992,-0.9178057312965393,0.0030557140707969666,1.401352047920227,0.2172193080186844,8.744129055715089,12.703943220049176
6750,6750,33,target_ahead,2,"[0.019999999552965164, 0.0, 0.0, 0.0]",0.9751101136207581,-0.05218200758099556,-0.9664388298988342,0.013605333864688873,1.3739547729492188,0.1177542507648468,12.703943220049176,16.559525258615718
6750,6750,33,target_ahead,3,"[0.029999999329447746, 0.0, 0.0, 0.0]",0.9455764889717102,-0.09261216223239899,-0.9681521654129028,0.039898581802845,1.3570564985275269,0.05657828971743584,16.559525258615718,20.396009995663583
6750,6750,33,target_left,0,"[0.0, 0.0, 0.0, 0.0]",-0.6350165605545044,-1.332077980041504,0.37217649817466736,0.10296061635017395,1.5253832340240479,0.0,0.0,8.395065777319857
6750,6750,33,target_left,1,"[0.009999999776482582, 0.0, 0.0, 0.0]",-0.6678304076194763,-1.4529520273208618,0.3478170931339264,0.32022202014923096,1.6675089597702026,0.2519586980342865,8.395065777319857,13.02519047819212
6750,6750,33,target_left,2,"[0.019999999552965164, 0.0, 0.0, 0.0]",-0.4671288728713989,-1.49494206905365,0.34494999051094055,0.38243985176086426,1.6487303972244263,0.2142978012561798,13.02519047819212,17.406255539194326
6750,6750,33,target_left,3,"[0.029999999329447746, 0.0, 0.0, 0.0]",-0.4205111861228943,-1.4935734272003174,0.34745529294013977,0.4234558939933777,1.6454881429672241,0.062158457934856415,17.406255539194326,21.645266368824124
6750,6750,33,ramp,0,"[-0.5, -0.4333333373069763, -0.36666667461395264, -0.30000001192092896]",-0.572053849697113,-0.9980916380882263,0.48057377338409424,0.43818914890289307,1.3215117454528809,0.0,0.0,9.715022040461823
6750,6750,33,ramp,1,"[-0.47999998927116394, -0.41333332657814026, -0.3466666638851166, -0.2800000011920929]",-0.7405197620391846,-1.027951955795288,0.4552980959415436,0.8024071455001831,1.5672295093536377,0.40319475531578064,9.715022040461823,14.478376752283996
6750,6750,33,ramp,2,"[-0.46000000834465027, -0.3933333456516266, -0.3266666829586029, -0.2600000202655792]",-0.6312723755836487,-0.9871715903282166,0.4034101068973541,0.8724232912063599,1.5155444145202637,0.14557696878910065,14.478376752283996,19.294888919050006
6750,6750,33,ramp,3,"[-0.4399999976158142, -0.3733333349227905, -0.30666667222976685, -0.24000000953674316]",-0.6410604119300842,-0.9416645765304565,0.36096611618995667,0.8833183646202087,1.4860142469406128,0.06392878293991089,19.294888919050006,24.112153480034127
6775,6775,33,zero_hold,0,"[0.0, 0.0, 0.0, 0.0]",-0.46724656224250793,-0.06738387793302536,-0.08859888464212418,0.4477367401123047,0.6566413640975952,0.0,0.0,4.757861281318327
6775,6775,33,zero_hold,1,"[0.0, 0.0, 0.0, 0.0]",-0.32649973034858704,0.14485478401184082,-0.04237176477909088,0.818230926990509,0.8938021063804626,0.451948881149292,4.757861281318327,7.885649615698858
6775,6775,33,zero_hold,2,"[0.0, 0.0, 0.0, 0.0]",0.054402925074100494,0.018093449994921684,-0.09519883245229721,0.9608874320983887,0.9672923684120178,0.42929807305336,7.885649615698858,10.299890307606434
6775,6775,33,zero_hold,3,"[0.0, 0.0, 0.0, 0.0]",0.13044069707393646,-0.0840182900428772,-0.14763744175434113,0.96971595287323,0.9930859208106995,0.13797210156917572,10.299890307606434,12.200576097246675
6775,6775,33,target_ahead,0,"[0.0, 0.0, 0.0, 0.0]",1.1058573722839355,0.145706906914711,-0.743423581123352,0.01526624709367752,1.340545654296875,0.0,0.0,8.743643613448551
6775,6775,33,target_ahead,1,"[0.009999999776482582, 0.0, 0.0, 0.0]",1.0883104801177979,0.022023161873221397,-0.9234322309494019,-0.00413908064365387,1.4274624586105347,0.21996645629405975,8.743643613448551,12.693888144682987
6775,6775,33,target_ahead,2,"[0.019999999552965164, 0.0, 0.0, 0.0]",1.0392439365386963,-0.050364427268505096,-0.9718330502510071,0.019874893128871918,1.4238746166229248,0.10279493778944016,12.693888144682987,16.565957452236283
6775,6775,33,target_ahead,3,"[0.029999999329447746, 0.0, 0.0, 0.0]",1.0165619850158691,-0.0986664742231369,-0.9822510480880737,0.05111078917980194,1.4179431200027466,0.06270386278629303,16.565957452236283,20.412653058953023
6775,6775,33,target_left,0,"[0.0, 0.0, 0.0, 0.0]",-0.6341474056243896,-1.3388665914535522,0.3682834804058075,0.1097078025341034,1.5304820537567139,0.0,0.0,8.39888560684376
6775,6775,33,target_left,1,"[0.009999999776482582, 0.0, 0.0, 0.0]",-0.6694912910461426,-1.460942268371582,0.34625789523124695,0.3221568465232849,1.6751866340637207,0.24853849411010742,8.39888560684376,13.03939410565704
6775,6775,33,target_left,2,"[0.019999999552965164, 0.0, 0.0, 0.0]",-0.4764246940612793,-1.5007213354110718,0.344020813703537,0.381014347076416,1.6561000347137451,0.2057335525751114,13.03939410565704,17.436030335626043
6775,6775,33,target_left,3,"[0.029999999329447746, 0.0, 0.0, 0.0]",-0.43358710408210754,-1.4981803894042969,0.35078707337379456,0.4235607981681824,1.653782844543457,0.06080705672502518,17.436030335626043,21.69872725608945
6775,6775,33,ramp,0,"[-0.5, -0.4333333373069763, -0.36666667461395264, -0.30000001192092896]",-0.5822426080703735,-1.0062365531921387,0.46311256289482117,0.47113800048828125,1.3371472358703613,0.0,0.0,9.748319698877665
6775,6775,33,ramp,1,"[-0.47999998927116394, -0.41333332657814026, -0.3466666638851166, -0.2800000011920929]",-0.7463465929031372,-1.0439072847366333,0.4585969150066376,0.8335619568824768,1.5974706411361694,0.3996507525444031,9.748319698877665,14.492011762078583
6775,6775,33,ramp,2,"[-0.46000000834465027, -0.3933333456516266, -0.3266666829586029, -0.2600000202655792]",-0.6460079550743103,-1.0148546695709229,0.41107723116874695,0.8966178894042969,1.5556877851486206,0.13094300031661987,14.492011762078583,19.30171669111463
6775,6775,33,ramp,3,"[-0.4399999976158142, -0.3733333349227905, -0.30666667222976685, -0.24000000953674316]",-0.6610339879989624,-0.9720202088356018,0.367582231760025,0.9001700282096863,1.5255202054977417,0.06296829134225845,19.30171669111463,24.115079371371955
6800,6800,33,zero_hold,0,"[0.0, 0.0, 0.0, 0.0]",-0.4584667682647705,-0.06398042291402817,-0.07323146611452103,0.4362541437149048,0.6402857303619385,0.0,0.0,4.722442798356837
6800,6800,33,zero_hold,1,"[0.0, 0.0, 0.0, 0.0]",-0.29100918769836426,0.13379758596420288,-0.0220089890062809,0.8130084276199341,0.8741025328636169,0.46013665199279785,4.722442798356837,7.845172310898576
6800,6800,33,zero_hold,2,"[0.0, 0.0, 0.0, 0.0]",0.07977446913719177,-0.002300681546330452,-0.07307693362236023,0.9585128426551819,0.9646016955375671,0.42400795221328735,7.845172310898576,10.24399548655604
6800,6800,33,zero_hold,3,"[0.0, 0.0, 0.0, 0.0]",0.16323304176330566,-0.10662093758583069,-0.12553207576274872,0.968738317489624,0.9961050748825073,0.14388936758041382,10.24399548655604,12.14179040794407
6800,6800,33,target_ahead,0,"[0.0, 0.0, 0.0, 0.0]",1.1329846382141113,0.109900563955307,-0.7224268913269043,0.02218598872423172,1.3483786582946777,0.0,0.0,8.752156125335336
6800,6800,33,target_ahead,1,"[0.009999999776482582, 0.0, 0.0, 0.0]",1.1280384063720703,-0.02844242937862873,-0.9067069888114929,-0.0006665736436843872,1.447548747062683,0.2316131293773651,8.752156125335336,12.657130711652059
6800,6800,33,target_ahead,2,"[0.019999999552965164, 0.0, 0.0, 0.0]",1.080881118774414,-0.10654902458190918,-0.943367063999176,0.02225053310394287,1.4387818574905396,0.10096338391304016,12.657130711652059,16.4818533653151
6800,6800,33,target_ahead,3,"[0.029999999329447746, 0.0, 0.0, 0.0]",1.064551591873169,-0.1672412008047104,-0.9288089275360107,0.06035056710243225,1.4239269495010376,0.07492493093013763,16.4818533653151,20.294070674394934
6800,6800,33,target_left,0,"[0.0, 0.0, 0.0, 0.0]",-0.5953032970428467,-1.3510284423828125,0.4035954475402832,0.09847992658615112,1.5337051153182983,0.0,0.0,8.386601433626081
6800,6800,33,target_left,1,"[0.009999999776482582, 0.0, 0.0, 0.0]",-0.6498118042945862,-1.4853298664093018,0.3859415650367737,0.3298673629760742,1.698888897895813,0.2736052870750427,8.386601433626081,13.035830932241499
6800,6800,33,target_left,2,"[0.019999999552965164, 0.0, 0.0, 0.0]",-0.4606599807739258,-1.5248477458953857,0.38189369440078735,0.39100515842437744,1.6840713024139404,0.20271725952625275,13.035830932241499,17.458215952549747
6800,6800,33,target_left,3,"[0.029999999329447746, 0.0, 0.0, 0.0]",-0.41943472623825073,-1.5217278003692627,0.38619598746299744,0.43627774715423584,1.68257737159729,0.061460334807634354,17.458215952549747,21.75734987184651
6800,6800,33,ramp,0,"[-0.5, -0.4333333373069763, -0.36666667461395264, -0.30000001192092896]",-0.5401598811149597,-1.0065622329711914,0.5618836879730225,0.47451305389404297,1.3586081266403198,0.0,0.0,9.731916175583104
6800,6800,33,ramp,1,"[-0.47999998927116394, -0.41333332657814026, -0.3466666638851166, -0.2800000011920929]",-0.7285254597663879,-1.0525015592575073,0.5311076045036316,0.8390722274780273,1.6200697422027588,0.4140562415122986,9.731916175583104,14.48869481299324
6800,6800,33,ramp,2,"[-0.46000000834465027, -0.3933333456516266, -0.3266666829586029, -0.2600000202655792]",-0.5851242542266846,-1.0047242641448975,0.4808672070503235,0.9000098705291748,1.5469622611999512,0.17054052650928497,14.48869481299324,19.30945069735233
6800,6800,33,ramp,3,"[-0.4399999976158142, -0.3733333349227905, -0.30666667222976685, -0.24000000953674316]",-0.60650634765625,-0.9631680250167847,0.4429440498352051,0.9100002646446228,1.5231029987335205,0.06100892275571823,19.30945069735233,24.141060035551785
6825,6825,33,zero_hold,0,"[0.0, 0.0, 0.0, 0.0]",-0.4115681052207947,-0.054137520492076874,-0.08686188608407974,0.4487840533256531,0.6174716949462891,0.0,0.0,4.6727375362308905
6825,6825,33,zero_hold,1,"[0.0, 0.0, 0.0, 0.0]",-0.2716017961502075,0.14344953000545502,-0.03195302188396454,0.8165175914764404,0.87296462059021,0.4437050223350525,4.6727375362308905,7.783225591842416
6825,6825,33,zero_hold,2,"[0.0, 0.0, 0.0, 0.0]",0.07743868231773376,0.013569502159953117,-0.07558201998472214,0.959281861782074,0.9654611349105835,0.40122711658477783,7.783225591842416,10.159333590902206
6825,6825,33,zero_hold,3,"[0.0, 0.0, 0.0, 0.0]",0.16346122324466705,-0.07909393310546875,-0.12115555256605148,0.9683635830879211,0.9926641583442688,0.13470640778541565,10.159333590902206,12.053469502220903
6825,6825,33,target_ahead,0,"[0.0, 0.0, 0.0, 0.0]",1.2034202814102173,0.1672758311033249,-0.7256494760513306,0.04670073464512825,1.4159624576568604,0.0,0.0,8.735063867325294
6825,6825,33,target_ahead,1,"[0.009999999776482582, 0.0, 0.0, 0.0]",1.1963591575622559,0.03822728991508484,-0.9005057215690613,0.026981886476278305,1.4981238842010498,0.2183275669813156,8.735063867325294,12.696010189473162
6825,6825,33,target_ahead,2,"[0.019999999552965164, 0.0, 0.0, 0.0]",1.130728006362915,-0.03446604311466217,-0.9478551149368286,0.03824109956622124,1.4763554334640503,0.1093640848994255,12.696010189473162,16.542598627661203
6825,6825,33,target_ahead,3,"[0.029999999329447746, 0.0, 0.0, 0.0]",1.1017241477966309,-0.0868370309472084,-0.9514842629432678,0.057321835309267044,1.4594330787658691,0.06293798238039017,16.542598627661203,20.367364519115025
6825,6825,33,target_left,0,"[0.0, 0.0, 0.0, 0.0]",-0.578506350517273,-1.3331449031829834,0.42734000086784363,0.1534014344215393,1.5225296020507812,0.0,0.0,8.36221808183362
6825,6825,33,target_left,1,"[0.009999999776482582, 0.0, 0.0, 0.0]",-0.6145148277282715,-1.468406081199646,0.4135282337665558,0.37452661991119385,1.6867485046386719,0.26206737756729126,8.36221808183362,13.001544723616478
6825,6825,33,target_left,2,"[0.019999999552965164, 0.0, 0.0, 0.0]",-0.4169005751609802,-1.5095573663711548,0.40513986349105835,0.4328876733779907,1.6745445728302002,0.21028836071491241,13.001544723616478,17.39108274381197
6825,6825,33,target_left,3,"[0.029999999329447746, 0.0, 0.0, 0.0]",-0.3844482898712158,-1.508652687072754,0.407068133354187,0.47459131479263306,1.6777290105819702,0.052885547280311584,17.39108274381197,21.649318976554913
6825,6825,33,ramp,0,"[-0.5, -0.4333333373069763, -0.36666667461395264, -0.30000001192092896]",-0.6133811473846436,-1.0056036710739136,0.49300551414489746,0.529721736907959,1.3824379444122314,0.0,0.0,9.71099477722296
6825,6825,33,ramp,1,"[-0.47999998927116394, -0.41333332657814026, -0.3466666638851166, -0.2800000011920929]",-0.7557382583618164,-1.036849856376648,0.5159451961517334,0.9052140116691589,1.6528187990188599,0.40343841910362244,9.71099477722296,14.477231870160837
6825,6825,33,ramp,2,"[-0.46000000834465027, -0.3933333456516266, -0.3266666829586029, -0.2600000202655792]",-0.64479660987854,-1.0167021751403809,0.4662039577960968,0.9675933718681335,1.613390564918518,0.13812802731990814,14.477231870160837,19.304451745081245
6825,6825,33,ramp,3,"[-0.4399999976158142, -0.3733333349227905, -0.30666667222976685, -0.24000000953674316]",-0.6235175728797913,-0.9731359481811523,0.4295162856578827,0.9701198935508728,1.5688800811767578,0.06085377559065819,19.304451745081245,24.108736678165858
6850,6850,33,zero_hold,0,"[0.0, 0.0, 0.0, 0.0]",-0.41820794343948364,-0.052086882293224335,-0.09971798956394196,0.4359215199947357,0.6144771575927734,0.0,0.0,4.711238549265134
6850,6850,33,zero_hold,1,"[0.0, 0.0, 0.0, 0.0]",-0.2588024437427521,0.14556647837162018,-0.03882461041212082,0.805918276309967,0.8597557544708252,0.45286041498184204,4.711238549265134,7.842018395388938
6850,6850,33,zero_hold,2,"[0.0, 0.0, 0.0, 0.0]",0.12605589628219604,0.017275946214795113,-0.08702459931373596,0.9451702833175659,0.9576578736305237,0.4316118359565735,7.842018395388938,10.22705002081576
6850,6850,33,zero_hold,3,"[0.0, 0.0, 0.0, 0.0]",0.2107086032629013,-0.07091103494167328,-0.1459917575120926,0.9524243474006653,0.9888641238212585,0.13591457903385162,10.22705002081576,12.131155614637704
6850,6850,33,target_ahead,0,"[0.0, 0.0, 0.0, 0.0]",1.237708330154419,0.17711764574050903,-0.7475007772445679,0.031162191182374954,1.4570590257644653,0.0,0.0,8.747541796934085
6850,6850,33,target_ahead,1,"[0.009999999776482582, 0.0, 0.0, 0.0]",1.2522399425506592,0.05340838432312012,-0.9278355240821838,0.019476160407066345,1.5595561265945435,0.21948197484016418,8.747541796934085,12.643848347901802
6850,6850,33,target_ahead,2,"[0.019999999552965164, 0.0, 0.0, 0.0]",1.1817257404327393,-0.005814192816615105,-0.9851134419441223,0.023439880460500717,1.5386706590652466,0.10851745307445526,12.643848347901802,16.459899400242385
6850,6850,33,target_ahead,3,"[0.029999999329447746, 0.0, 0.0, 0.0]",1.1435370445251465,-0.044499173760414124,-0.9937147498130798,0.034150052815675735,1.5160119533538818,0.05606776475906372,16.459899400242385,20.286498880239332
6850,6850,33,target_left,0,"[0.0, 0.0, 0.0, 0.0]",-0.5644360780715942,-1.3527039289474487,0.42293551564216614,0.17449359595775604,1.5354863405227661,0.0,0.0,8.411153741527302
6850,6850,33,target_left,1,"[0.009999999776482582, 0.0, 0.0, 0.0]",-0.6200400590896606,-1.4774988889694214,0.4333701431751251,0.40103358030319214,1.7076563835144043,0.2647542953491211,8.411153741527302,13.076835315345383
6850,6850,33,target_left,2,"[0.019999999552965164, 0.0, 0.0, 0.0]",-0.4278486371040344,-1.5146409273147583,0.42850831151008606,0.4588949978351593,1.694519281387329,0.20417799055576324,13.076835315345383,17.525511890568996
6850,6850,33,target_left,3,"[0.029999999329447746, 0.0, 0.0, 0.0]",-0.37773561477661133,-1.5110691785812378,0.42983540892601013,0.5058577656745911,1.6931227445602417,0.068784698843956,17.525511890568996,21.840926896022193
6850,6850,33,ramp,0,"[-0.5, -0.4333333373069763, -0.36666667461395264, -0.30000001192092896]",-0.6676574945449829,-1.0029596090316772,0.5160768032073975,0.4974958300590515,1.4019742012023926,0.0,0.0,9.725067722397148
6850,6850,33,ramp,1,"[-0.47999998927116394, -0.41333332657814026, -0.3466666638851166, -0.2800000011920929]",-0.8023034334182739,-1.0376359224319458,0.5347967743873596,0.8732735514640808,1.6640292406082153,0.4011125862598419,9.725067722397148,14.574887950758004
6850,6850,33,ramp,2,"[-0.46000000834465027, -0.3933333456516266, -0.3266666829586029, -0.2600000202655792]",-0.6628922820091248,-1.0121419429779053,0.4750267267227173,0.9310473799705505,1.5988612174987793,0.16430363059043884,14.574887950758004,19.441739485425142
6850,6850,33,ramp,3,"[-0.4399999976158142, -0.3733333349227905, -0.30666667222976685, -0.24000000953674316]",-0.6660783886909485,-0.974062979221344,0.42658376693725586,0.9357784390449524,1.565284013748169,0.06188103184103966,19.441739485425142,24.25674495483809
6875,6875,33,zero_hold,0,"[0.0, 0.0, 0.0, 0.0]",-0.43034589290618896,-0.08399966359138489,-0.07521842420101166,0.4355619251728058,0.6225957870483398,0.0,0.0,4.711634179946225
6875,6875,33,zero_hold,1,"[0.0, 0.0, 0.0, 0.0]",-0.2835181951522827,0.11044973134994507,-0.01903807930648327,0.7977688908576965,0.8540371060371399,0.44013527035713196,4.711634179946225,7.874452380428123
6875,6875,33,zero_hold,2,"[0.0, 0.0, 0.0, 0.0]",0.11472751200199127,-0.020046589896082878,-0.07183777540922165,0.9381442070007324,0.9480714201927185,0.44510892033576965,7.874452380428123,10.32368561224099
6875,6875,33,zero_hold,3,"[0.0, 0.0, 0.0, 0.0]",0.20880211889743805,-0.10487398505210876,-0.13118240237236023,0.9488077163696289,0.9859218001365662,0.14028975367546082,10.32368561224099,12.24474550713501
6875,6875,33,target_ahead,0,"[0.0, 0.0, 0.0, 0.0]",1.2514011859893799,0.12544715404510498,-0.7331324219703674,0.05340224876999855,1.4567350149154663,0.0,0.0,8.773865698829185
6875,6875,33,target_ahead,1,"[0.009999999776482582, 0.0, 0.0, 0.0]",1.2673786878585815,-0.0031610485166311264,-0.9025061726570129,0.04553089663386345,1.55655038356781,0.21341222524642944,8.773865698829185,12.613623684875312
6875,6875,33,target_ahead,2,"[0.019999999552965164, 0.0, 0.0, 0.0]",1.2169075012207031,-0.06834613531827927,-0.9437142014503479,0.05606277659535408,1.542489767074585,0.09276560693979263,12.613623684875312,16.399932254793246
6875,6875,33,target_ahead,3,"[0.029999999329447746, 0.0, 0.0, 0.0]",1.1873812675476074,-0.11399167776107788,-0.9324473142623901,0.07419097423553467,1.5158597230911255,0.058402810245752335,16.399932254793246,20.21969599876566
6875,6875,33,target_left,0,"[0.0, 0.0, 0.0, 0.0]",-0.591670572757721,-1.3626164197921753,0.42904335260391235,0.18732662498950958,1.557551622390747,0.0,0.0,8.419123144215154
6875,6875,33,target_left,1,"[0.009999999776482582, 0.0, 0.0, 0.0]",-0.6329641938209534,-1.4825679063796997,0.4204874038696289,0.4030751883983612,1.7140392065048218,0.2504279613494873,8.419123144215154,13.083527283973833
6875,6875,33,target_left,2,"[0.019999999552965164, 0.0, 0.0, 0.0]",-0.43658149242401123,-1.5197049379348755,0.4187537729740143,0.4650300443172455,1.7005040645599365,0.20925280451774597,13.083527283973833,17.509435703514043
6875,6875,33,target_left,3,"[0.029999999329447746, 0.0, 0.0, 0.0]",-0.3922726511955261,-1.51595938205719,0.4204822778701782,0.5149701833724976,1.7011791467666626,0.06689026951789856,17.509435703514043,21.802575961685488
6875,6875,33,ramp,0,"[-0.5, -0.4333333373069763, -0.36666667461395264, -0.30000001192092896]",-0.6605148911476135,-1.0051660537719727,0.5078294277191162,0.4760696589946747,1.3896660804748535,0.0,0.0,9.719292369438916
6875,6875,33,ramp,1,"[-0.47999998927116394, -0.41333332657814026, -0.3466666638851166, -0.2800000011920929]",-0.7669946551322937,-1.0408798456192017,0.5530068278312683,0.8865228295326233,1.662363052368164,0.427932471036911,9.719292369438916,14.607431804649314
6875,6875,33,ramp,2,"[-0.46000000834465027, -0.3933333456516266, -0.3266666829586029, -0.2600000202655792]",-0.6442378163337708,-1.013440728187561,0.49197298288345337,0.9479939937591553,1.6071199178695679,0.15272845327854156,14.607431804649314,19.460474892594217
6875,6875,33,ramp,3,"[-0.4399999976158142, -0.3733333349227905, -0.30666667222976685, -0.24000000953674316]",-0.6482512354850769,-0.9772567749023438,0.44310933351516724,0.9533989429473877,1.5749844312667847,0.06117397919297218,19.460474892594217,24.228852746005753
6900,6900,33,zero_hold,0,"[0.0, 0.0, 0.0, 0.0]",-0.4054762125015259,-0.09669462591409683,-0.07887983322143555,0.43413060903549194,0.6070026755332947,0.0,0.0,4.716253575289318
6900,6900,33,zero_hold,1,"[0.0, 0.0, 0.0, 0.0]",-0.2304207682609558,0.08334068208932877,-0.029245521873235703,0.8071926236152649,0.844070315361023,0.45243337750434875,4.716253575289318,7.875850875262506
6900,6900,33,zero_hold,2,"[0.0, 0.0, 0.0, 0.0]",0.18345406651496887,-0.05373016744852066,-0.08124535530805588,0.9482409954071045,0.9707235097885132,0.4611717760562897,7.875850875262506,10.321643467181397
6900,6900,33,zero_hold,3,"[0.0, 0.0, 0.0, 0.0]",0.28841957449913025,-0.1306169629096985,-0.13814188539981842,0.9581098556518555,1.0184813737869263,0.14235149323940277,10.321643467181397,12.246169760182434
6900,6900,33,target_ahead,0,"[0.0, 0.0, 0.0, 0.0]",1.3281517028808594,0.13371847569942474,-0.7361574172973633,0.09176036715507507,1.5271592140197754,0.0,0.0,8.787212680814784
6900,6900,33,target_ahead,1,"[0.009999999776482582, 0.0, 0.0, 0.0]",1.3781310319900513,-0.005803612992167473,-0.8587104082107544,0.13157719373703003,1.6291024684906006,0.1963898241519928,8.787212680814784,12.657826600185551
6900,6900,33,target_ahead,2,"[0.019999999552965164, 0.0, 0.0, 0.0]",1.336198329925537,-0.07718218863010406,-0.8736554980278015,0.16992402076721191,1.6073366403579712,0.09245045483112335,12.657826600185551,16.427880918382108
6900,6900,33,target_ahead,3,"[0.029999999329447746, 0.0, 0.0, 0.0]",1.3251819610595703,-0.12747442722320557,-0.8386378288269043,0.2100425362586975,1.5873841047286987,0.07407025247812271,16.427880918382108,20.241225476213202
6900,6900,33,target_left,0,"[0.0, 0.0, 0.0, 0.0]",-0.5401610136032104,-1.3442267179489136,0.41858288645744324,0.19587856531143188,1.5206247568130493,0.0,0.0,8.38325369587972
6900,6900,33,target_left,1,"[0.009999999776482582, 0.0, 0.0, 0.0]",-0.5737821459770203,-1.4619420766830444,0.4121882915496826,0.41410931944847107,1.6756749153137207,0.25030550360679626,8.38325369587972,13.0223179269691
6900,6900,33,target_left,2,"[0.019999999552965164, 0.0, 0.0, 0.0]",-0.3788098394870758,-1.4989749193191528,0.4076226055622101,0.4743908643722534,1.6678205728530884,0.2074616700410843,13.0223179269691,17.405582527379977
6900,6900,33,target_left,3,"[0.029999999329447746, 0.0, 0.0, 0.0]",-0.33967646956443787,-1.4973561763763428,0.40837064385414124,0.5251632928848267,1.673325538635254,0.06412830948829651,17.405582527379977,21.660521524970235
6900,6900,33,ramp,0,"[-0.5, -0.4333333373069763, -0.36666667461395264, -0.30000001192092896]",-0.585742712020874,-0.9783665537834167,0.5445085763931274,0.46133509278297424,1.3452194929122925,0.0,0.0,9.726893236438592
6900,6900,33,ramp,1,"[-0.47999998927116394, -0.41333332657814026, -0.3466666638851166, -0.2800000011920929]",-0.6707395911216736,-1.0380558967590332,0.5594356656074524,0.8843677043914795,1.6194216012954712,0.43585169315338135,9.726893236438592,14.591888019411304
6900,6900,33,ramp,2,"[-0.46000000834465027, -0.3933333456516266, -0.3266666829586029, -0.2600000202655792]",-0.534395158290863,-1.0063035488128662,0.503275990486145,0.9441006183624268,1.562958002090454,0.16223423182964325,14.591888019411304,19.438132116191856
6900,6900,33,ramp,3,"[-0.4399999976158142, -0.3733333349227905, -0.30666667222976685, -0.24000000953674316]",-0.5387716889381409,-0.9692073464393616,0.4613690972328186,0.9527777433395386,1.5330637693405151,0.0568045973777771,19.438132116191856,24.207485301086354
6925,6925,33,zero_hold,0,"[0.0, 0.0, 0.0, 0.0]",-0.3967534601688385,-0.08396951109170914,-0.07677175849676132,0.42578941583633423,0.5930048227310181,0.0,0.0,4.7263945795354125
6925,6925,33,zero_hold,1,"[0.0, 0.0, 0.0, 0.0]",-0.229214146733284,0.1011190190911293,-0.01987043023109436,0.7697131633758545,0.8097020387649536,0.4287755787372589,4.7263945795354125,7.871355729650769
6925,6925,33,zero_hold,2,"[0.0, 0.0, 0.0, 0.0]",0.17009711265563965,-0.02810015343129635,-0.06697570532560349,0.8978904485702515,0.9167418479919434,0.4413563013076782,7.871355729650769,10.303953938578085
6925,6925,33,zero_hold,3,"[0.0, 0.0, 0.0, 0.0]",0.27380645275115967,-0.09964271634817123,-0.12279504537582397,0.9047859907150269,0.9584439992904663,0.1379757672548294,10.303953938578085,12.212562410340622
6925,6925,33,target_ahead,0,"[0.0, 0.0, 0.0, 0.0]",1.3122931718826294,0.1257302314043045,-0.7570408582687378,0.08072713017463684,1.5223499536514282,0.0,0.0,8.771056323856383
6925,6925,33,target_ahead,1,"[0.009999999776482582, 0.0, 0.0, 0.0]",1.3686813116073608,0.013391049578785896,-0.870380699634552,0.10813063383102417,1.6256452798843384,0.1714543253183365,8.771056323856383,12.63652480807776
6925,6925,33,target_ahead,2,"[0.019999999552965164, 0.0, 0.0, 0.0]",1.322250485420227,-0.062211424112319946,-0.8696116209030151,0.14585579931735992,1.5905077457427979,0.09641231596469879,12.63652480807776,16.385204151736627
6925,6925,33,target_ahead,3,"[0.029999999329447746, 0.0, 0.0, 0.0]",1.3134063482284546,-0.11335892230272293,-0.8251649737358093,0.18774840235710144,1.5665353536605835,0.08015472441911697,16.385204151736627,20.1933780195504
6925,6925,33,target_left,0,"[0.0, 0.0, 0.0, 0.0]",-0.5587326884269714,-1.3319207429885864,0.4181741178035736,0.20222339034080505,1.5172208547592163,0.0,0.0,8.398697161416484
6925,6925,33,target_left,1,"[0.009999999776482582, 0.0, 0.0, 0.0]",-0.5722532272338867,-1.4440045356750488,0.4029465615749359,0.39739328622817993,1.6531516313552856,0.22598394751548767,8.398697161416484,13.032988440046235
6925,6925,33,target_left,2,"[0.019999999552965164, 0.0, 0.0, 0.0]",-0.37072238326072693,-1.477242350578308,0.3963839113712311,0.45754221081733704,1.638946294784546,0.2130267471075058,13.032988440046235,17.414201565306417
6925,6925,33,target_left,3,"[0.029999999329447746, 0.0, 0.0, 0.0]",-0.3276101052761078,-1.4744919538497925,0.3978061079978943,0.5074655413627625,1.64232337474823,0.06603480130434036,17.414201565306417,21.659176158680108
6925,6925,33,ramp,0,"[-0.5, -0.4333333373069763, -0.36666667461395264, -0.30000001192092896]",-0.5729882121086121,-0.9956562519073486,0.5674623250961304,0.5322093963623047,1.387410283088684,0.0,0.0,9.777442440130553
6925,6925,33,ramp,1,"[-0.47999998927116394, -0.41333332657814026, -0.3466666638851166, -0.2800000011920929]",-0.6587960124015808,-1.0103598833084106,0.5668426752090454,0.8780992031097412,1.5959975719451904,0.35667818784713745,9.777442440130553,14.586185827188746
6925,6925,33,ramp,2,"[-0.46000000834465027, -0.3933333456516266, -0.3266666829586029, -0.2600000202655792]",-0.5050567984580994,-0.9698218703269958,0.5074431300163269,0.9287624359130859,1.5217539072036743,0.17712748050689697,14.586185827188746,19.429398611135092
6925,6925,33,ramp,3,"[-0.4399999976158142, -0.3733333349227905, -0.30666667222976685, -0.24000000953674316]",-0.5354859232902527,-0.9360607862472534,0.4578344225883484,0.933970034122467,1.4982881546020508,0.06748247891664505,19.429398611135092,24.204183324013325
6950,6950,33,zero_hold,0,"[0.0, 0.0, 0.0, 0.0]",-0.39786091446876526,-0.08178158104419708,-0.0768604427576065,0.41513508558273315,0.5858551263809204,0.0,0.0,4.743167705673687
6950,6950,33,zero_hold,1,"[0.0, 0.0, 0.0, 0.0]",-0.2400454878807068,0.11450472474098206,-0.0037799233105033636,0.7509477138519287,0.7966617345809937,0.4260808527469635,4.743167705673687,7.892497290762399
6950,6950,33,zero_hold,2,"[0.0, 0.0, 0.0, 0.0]",0.17609107494354248,-0.017467472702264786,-0.0451517179608345,0.875788152217865,0.8946266174316406,0.45594194531440735,7.892497290762399,10.323414805474949
6950,6950,33,zero_hold,3,"[0.0, 0.0, 0.0, 0.0]",0.27777960896492004,-0.0917263925075531,-0.1014946848154068,0.8782963156700134,0.9312791228294373,0.13797016441822052,10.323414805474949,12.206648022443185
6950,6950,33,target_ahead,0,"[0.0, 0.0, 0.0, 0.0]",1.2664200067520142,0.09559252858161926,-0.7465009093284607,0.07781720161437988,1.4752209186553955,0.0,0.0,8.776518204884901
6950,6950,33,target_ahead,1,"[0.009999999776482582, 0.0, 0.0, 0.0]",1.3629993200302124,-0.022975783795118332,-0.8665811419487,0.11933596432209015,1.6197218894958496,0.19881920516490936,8.776518204884901,12.703340914427457
6950,6950,33,target_ahead,2,"[0.019999999552965164, 0.0, 0.0, 0.0]",1.294899821281433,-0.10155755281448364,-0.8829526305198669,0.15718092024326324,1.578413963317871,0.11186107993125916,12.703340914427457,16.498209213415628
6950,6950,33,target_ahead,3,"[0.029999999329447746, 0.0, 0.0, 0.0]",1.2676994800567627,-0.15071386098861694,-0.8586653470993042,0.19207227230072021,1.5504755973815918,0.07045196741819382,16.498209213415628,20.343591774800217
6950,6950,33,target_left,0,"[0.0, 0.0, 0.0, 0.0]",-0.5589600801467896,-1.3396040201187134,0.42433905601501465,0.1750609427690506,1.5223946571350098,0.0,0.0,8.456396374217864
6950,6950,33,target_left,1,"[0.009999999776482582, 0.0, 0.0, 0.0]",-0.617611289024353,-1.4583066701889038,0.4053378105163574,0.3568299412727356,1.6732388734817505,0.22567963600158691,8.456396374217864,13.112037695746324
6950,6950,33,target_left,2,"[0.019999999552965164, 0.0, 0.0, 0.0]",-0.4240589439868927,-1.4937280416488647,0.3957023322582245,0.4068598449230194,1.653228521347046,0.2032560408115387,13.112037695746324,17.53039253973371
6950,6950,33,target_left,3,"[0.029999999329447746, 0.0, 0.0, 0.0]",-0.3815493881702423,-1.4900449514389038,0.3954773247241974,0.4499478042125702,1.6506571769714355,0.06064033508300781,17.53039253973371,21.807153784276124
6950,6950,33,ramp,0,"[-0.5, -0.4333333373069763, -0.36666667461395264, -0.30000001192092896]",-0.5720000863075256,-0.9569663405418396,0.5557361245155334,0.4919968247413635,1.3393551111221313,0.0,0.0,9.774959697186397
6950,6950,33,ramp,1,"[-0.47999998927116394, -0.41333332657814026, -0.3466666638851166, -0.2800000011920929]",-0.6871814131736755,-0.9594751000404358,0.571466326713562,0.8388287425041199,1.5566047430038452,0.36580437421798706,9.774959697186397,14.613622571491973
6950,6950,33,ramp,2,"[-0.46000000834465027, -0.3933333456516266, -0.3266666829586029, -0.2600000202655792]",-0.5918121337890625,-0.9460393190383911,0.5034708976745605,0.9008055329322815,1.5199228525161743,0.13319279253482819,14.613622571491973,19.45699707010606
6950,6950,33,ramp,3,"[-0.4399999976158142, -0.3733333349227905, -0.30666667222976685, -0.24000000953674316]",-0.5797069072723389,-0.9076722264289856,0.44813424348831177,0.9064754843711853,1.4773120880126953,0.06865029782056808,19.45699707010606,24.235602692541793
6975,6975,33,zero_hold,0,"[0.0, 0.0, 0.0, 0.0]",-0.3720475733280182,-0.08856745809316635,-0.06801002472639084,0.4074738025665283,0.5629599094390869,0.0,0.0,4.691240501726041
6975,6975,33,zero_hold,1,"[0.0, 0.0, 0.0, 0.0]",-0.21177539229393005,0.0974988266825676,0.0018204997759312391,0.7572503089904785,0.7923295497894287,0.4330447316169739,4.691240501726041,7.811861542607356
6975,6975,33,zero_hold,2,"[0.0, 0.0, 0.0, 0.0]",0.21369975805282593,-0.041597045958042145,-0.03885587677359581,0.8905085921287537,0.9175583124160767,0.46881669759750366,7.811861542607356,10.209219442400876
6975,6975,33,zero_hold,3,"[0.0, 0.0, 0.0, 0.0]",0.33602622151374817,-0.12164025753736496,-0.09758909046649933,0.8975374102592468,0.9709824919700623,0.15770122408866882,10.209219442400876,12.082663414121628
6975,6975,33,target_ahead,0,"[0.0, 0.0, 0.0, 0.0]",1.2789995670318604,0.0778212919831276,-0.7174902558326721,0.025374487042427063,1.4687860012054443,0.0,0.0,8.791993771890239
6975,6975,33,target_ahead,1,"[0.009999999776482582, 0.0, 0.0, 0.0]",1.34041428565979,-0.051550187170505524,-0.834707498550415,0.07004314661026001,1.5814584493637085,0.1903783529996872,8.791993771890239,12.741172364387381
6975,6975,33,target_ahead,2,"[0.019999999552965164, 0.0, 0.0, 0.0]",1.2539615631103516,-0.13285772502422333,-0.8586755394935608,0.09643660485744476,1.5286250114440918,0.12391961365938187,12.741172364387381,16.603353189819455
6975,6975,33,target_ahead,3,"[0.029999999329447746, 0.0, 0.0, 0.0]",1.212999939918518,-0.18111638724803925,-0.8423995971679688,0.12342680990695953,1.4929981231689453,0.07071160525083542,16.603353189819455,20.511415757007676
6975,6975,33,target_left,0,"[0.0, 0.0, 0.0, 0.0]",-0.5436176061630249,-1.3473756313323975,0.4430742859840393,0.17451131343841553,1.5289572477340698,0.0,0.0,8.45579874016352
6975,6975,33,target_left,1,"[0.009999999776482582, 0.0, 0.0, 0.0]",-0.5970494747161865,-1.475138545036316,0.4227936267852783,0.3703972101211548,1.6877353191375732,0.2407507300376892,8.45579874016352,13.097929113159962
6975,6975,33,target_left,2,"[0.019999999552965164, 0.0, 0.0, 0.0]",-0.41752520203590393,-1.5094716548919678,0.41827088594436646,0.4188729524612427,1.674286961555481,0.18915094435214996,13.097929113159962,17.527878471039397
6975,6975,33,target_left,3,"[0.029999999329447746, 0.0, 0.0, 0.0]",-0.3939852714538574,-1.5051665306091309,0.4214973449707031,0.4590117931365967,1.6760377883911133,0.04684227705001831,17.527878471039397,21.82522032296191
6975,6975,33,ramp,0,"[-0.5, -0.4333333373069763, -0.36666667461395264, -0.30000001192092896]",-0.5148999691009521,-0.9406591653823853,0.6165892481803894,0.4702358841896057,1.3233540058135986,0.0,0.0,9.75854805706365
6975,6975,33,ramp,1,"[-0.47999998927116394, -0.41333332657814026, -0.3466666638851166, -0.2800000011920929]",-0.6101483106613159,-0.9915853142738342,0.6226121187210083,0.8615085482597351,1.576504111289978,0.4059510827064514,9.75854805706365,14.652173763867028
6975,6975,33,ramp,2,"[-0.46000000834465027, -0.3933333456516266, -0.3266666829586029, -0.2600000202655792]",-0.4900595247745514,-0.9691704511642456,0.5592731833457947,0.9184685349464417,1.528339147567749,0.14892952144145966,14.652173763867028,19.499939223012678
6975,6975,33,ramp,3,"[-0.4399999976158142, -0.3733333349227905, -0.30666667222976685, -0.24000000953674316]",-0.4846498966217041,-0.9306429028511047,0.5046306252479553,0.9203972220420837,1.4841713905334473,0.06710562855005264,19.499939223012678,24.296658980256737
7000,7000,33,zero_hold,0,"[0.0, 0.0, 0.0, 0.0]",-0.4065999984741211,-0.09666571021080017,-0.07568695396184921,0.38753873109817505,0.5749630928039551,0.0,0.0,4.687677749852192
7000,7000,33,zero_hold,1,"[0.0, 0.0, 0.0, 0.0]",-0.25479358434677124,0.08850181102752686,-0.001990064512938261,0.7318810224533081,0.7800039052963257,0.4258345365524292,4.687677749852192,7.820496857513357
7000,7000,33,zero_hold,2,"[0.0, 0.0, 0.0, 0.0]",0.18546131253242493,-0.050819020718336105,-0.04595673456788063,0.873615026473999,0.8957085013389587,0.48503223061561584,7.820496857513357,10.237474632377214
7000,7000,33,zero_hold,3,"[0.0, 0.0, 0.0, 0.0]",0.3049750030040741,-0.1336621195077896,-0.11086512356996536,0.8858259916305542,0.9528137445449829,0.1597144603729248,10.237474632377214,12.108046143001854
7000,7000,33,target_ahead,0,"[0.0, 0.0, 0.0, 0.0]",1.251674771308899,0.057418081909418106,-0.7301058769226074,0.025378074496984482,1.4504085779190063,0.0,0.0,8.773123962269898
7000,7000,33,target_ahead,1,"[0.009999999776482582, 0.0, 0.0, 0.0]",1.3291844129562378,-0.07356934249401093,-0.8437685966491699,0.0680062472820282,1.5775657892227173,0.19468390941619873,8.773123962269898,12.673400502012482
7000,7000,33,target_ahead,2,"[0.019999999552965164, 0.0, 0.0, 0.0]",1.251673698425293,-0.1545470505952835,-0.8600090742111206,0.09490041434764862,1.5294421911239624,0.11641455441713333,12.673400502012482,16.505012388438576
7000,7000,33,target_ahead,3,"[0.029999999329447746, 0.0, 0.0, 0.0]",1.2141956090927124,-0.2010257989168167,-0.8377478122711182,0.12304677069187164,1.4938688278198242,0.06966105103492737,16.505012388438576,20.380074428243663
7000,7000,33,target_left,0,"[0.0, 0.0, 0.0, 0.0]",-0.5483837127685547,-1.3687363862991333,0.4214654564857483,0.17072561383247375,1.543030858039856,0.0,0.0,8.429516014812314
7000,7000,33,target_left,1,"[0.009999999776482582, 0.0, 0.0, 0.0]",-0.6056771874427795,-1.4973770380020142,0.39268970489501953,0.3742789328098297,1.7038992643356323,0.24918457865715027,8.429516014812314,13.061667293760804
7000,7000,33,target_left,2,"[0.019999999552965164, 0.0, 0.0, 0.0]",-0.434343546628952,-1.534354329109192,0.38830775022506714,0.430542528629303,1.6967755556106567,0.1841394305229187,13.061667293760804,17.498853788514594
7000,7000,33,target_left,3,"[0.029999999329447746, 0.0, 0.0, 0.0]",-0.4227530360221863,-1.5317257642745972,0.3895038962364197,0.4790288209915161,1.7047245502471924,0.0499359667301178,17.498853788514594,21.811450394971637
7000,7000,33,ramp,0,"[-0.5, -0.4333333373069763, -0.36666667461395264, -0.30000001192092896]",-0.4925515055656433,-0.9463620185852051,0.588374137878418,0.4553835391998291,1.3006792068481445,0.0,0.0,9.743768135860899
7000,7000,33,ramp,1,"[-0.47999998927116394, -0.41333332657814026, -0.3466666638851166, -0.2800000011920929]",-0.6062785387039185,-1.0108420848846436,0.5943678021430969,0.857645571231842,1.5742313861846924,0.4230155944824219,9.743768135860899,14.604620280564863
7000,7000,33,ramp,2,"[-0.46000000834465027, -0.3933333456516266, -0.3266666829586029, -0.2600000202655792]",-0.519999623298645,-0.995955765247345,0.5340893268585205,0.9184132814407349,1.5463058948516846,0.12244126200675964,14.604620280564863,19.4463106166774
7000,7000,33,ramp,3,"[-0.4399999976158142, -0.3733333349227905, -0.30666667222976685, -0.24000000953674316]",-0.4961705803871155,-0.9546022415161133,0.483967661857605,0.9181912541389465,1.4949082136154175,0.06921103596687317,19.4463106166774,24.27269213979224
7025,7025,33,zero_hold,0,"[0.0, 0.0, 0.0, 0.0]",-0.41550973057746887,-0.09245896339416504,-0.07304075360298157,0.3759705126285553,0.5726131200790405,0.0,0.0,4.658247226249445
7025,7025,33,zero_hold,1,"[0.0, 0.0, 0.0, 0.0]",-0.28450334072113037,0.07995373010635376,0.0015064072795212269,0.7222437262535095,0.7803672552108765,0.41515204310417175,4.658247226249445,7.780780664720585
7025,7025,33,zero_hold,2,"[0.0, 0.0, 0.0, 0.0]",0.14056514203548431,-0.05340560898184776,-0.04051380604505539,0.8733523488044739,0.8871281743049622,0.4723001718521118,7.780780664720585,10.217696332920607
7025,7025,33,zero_hold,3,"[0.0, 0.0, 0.0, 0.0]",0.24379602074623108,-0.13250531256198883,-0.09662304073572159,0.890358030796051,0.9375860691070557,0.14265628159046173,10.217696332920607,12.100843014908127
7025,7025,33,target_ahead,0,"[0.0, 0.0, 0.0, 0.0]",1.235052466392517,0.054053302854299545,-0.7311695218086243,0.008827455341815948,1.4363019466400146,0.0,0.0,8.732611448845267
7025,7025,33,target_ahead,1,"[0.009999999776482582, 0.0, 0.0, 0.0]",1.3256897926330566,-0.09190122783184052,-0.8785597681999207,0.043749429285526276,1.593637466430664,0.22904427349567413,8.732611448845267,12.728368898652844
7025,7025,33,target_ahead,2,"[0.019999999552965164, 0.0, 0.0, 0.0]",1.2750810384750366,-0.1758953034877777,-0.894055187702179,0.07210458070039749,1.5688544511795044,0.10324908792972565,12.728368898652844,16.571690342767
7025,7025,33,target_ahead,3,"[0.029999999329447746, 0.0, 0.0, 0.0]",1.261957049369812,-0.2226281464099884,-0.8669329285621643,0.10150403529405594,1.5504757165908813,0.06289787590503693,16.571690342767,20.430424547636868
7025,7025,33,target_left,0,"[0.0, 0.0, 0.0, 0.0]",-0.5358494520187378,-1.3811700344085693,0.4083830714225769,0.1818135380744934,1.547448992729187,0.0,0.0,8.408346221143454
7025,7025,33,target_left,1,"[0.009999999776482582, 0.0, 0.0, 0.0]",-0.5998885035514832,-1.5183582305908203,0.38050025701522827,0.3844308853149414,1.7198388576507568,0.254465788602829,8.408346221143454,13.038143700628703
7025,7025,33,target_left,2,"[0.019999999552965164, 0.0, 0.0, 0.0]",-0.4385650157928467,-1.5605241060256958,0.37788721919059753,0.43785572052001953,1.7210726737976074,0.17511215806007385,13.038143700628703,17.475338085941136
7025,7025,33,target_left,3,"[0.029999999329447746, 0.0, 0.0, 0.0]",-0.42629706859588623,-1.558098316192627,0.38105157017707825,0.48429572582244873,1.72891366481781,0.04819827899336815,17.475338085941136,21.786713198387872
7025,7025,33,ramp,0,"[-0.5, -0.4333333373069763, -0.36666667461395264, -0.30000001192092896]",-0.46389496326446533,-0.9896436929702759,0.5616142153739929,0.4629882574081421,1.3131495714187622,0.0,0.0,9.748237830530398
7025,7025,33,ramp,1,"[-0.47999998927116394, -0.41333332657814026, -0.3466666638851166, -0.2800000011920929]",-0.6013810038566589,-1.0646586418151855,0.5861795544624329,0.8553207516670227,1.603227138519287,0.4231523275375366,9.748237830530398,14.56683586181876
7025,7025,33,ramp,2,"[-0.46000000834465027, -0.3933333456516266, -0.3266666829586029, -0.2600000202655792]",-0.5552145838737488,-1.058840274810791,0.5319960117340088,0.9270767569541931,1.6037135124206543,0.10124214738607407,14.56683586181876,19.40850569291519
7025,7025,33,ramp,3,"[-0.4399999976158142, -0.3733333349227905, -0.30666667222976685, -0.24000000953674316]",-0.5174891948699951,-1.0133471488952637,0.4887816309928894,0.9309431314468384,1.5492675304412842,0.07331617176532745,19.40850569291519,24.22575286314873
7050,7050,33,zero_hold,0,"[0.0, 0.0, 0.0, 0.0]",-0.39838907122612,-0.09581001847982407,-0.06816321611404419,0.37242043018341064,0.5578858256340027,0.0,0.0,4.626175613769576
7050,7050,33,zero_hold,1,"[0.0, 0.0, 0.0, 0.0]",-0.27996087074279785,0.08271659910678864,-0.009047368541359901,0.7262694835662842,0.7827958464622498,0.41785264015197754,4.626175613769576,7.746150810071244
7050,7050,33,zero_hold,2,"[0.0, 0.0, 0.0, 0.0]",0.12330995500087738,-0.04611720144748688,-0.052332621067762375,0.88179612159729,0.8931042551994324,0.45308682322502136,7.746150810071244,10.199994621745182
7050,7050,33,zero_hold,3,"[0.0, 0.0, 0.0, 0.0]",0.22917355597019196,-0.1302180290222168,-0.10041509568691254,0.9056030511856079,0.9485132098197937,0.14546045660972595,10.199994621745182,12.093430091032848
7050,7050,33,target_ahead,0,"[0.0, 0.0, 0.0, 0.0]",1.199323296546936,0.04458193480968475,-0.7056248784065247,0.028784357011318207,1.3925153017044067,0.0,0.0,8.78433605190414
7050,7050,33,target_ahead,1,"[0.009999999776482582, 0.0, 0.0, 0.0]",1.3060811758041382,-0.08921746909618378,-0.8800018429756165,0.033513911068439484,1.5777623653411865,0.24439562857151031,8.78433605190414,12.88781435535665
7050,7050,33,target_ahead,2,"[0.019999999552965164, 0.0, 0.0, 0.0]",1.2512060403823853,-0.1613384634256363,-0.9153852462768555,0.051120251417160034,1.5595159530639648,0.0988670140504837,12.88781435535665,16.82404545421487
7050,7050,33,target_ahead,3,"[0.029999999329447746, 0.0, 0.0, 0.0]",1.2267959117889404,-0.19045232236385345,-0.9251953363418579,0.06038068234920502,1.5494942665100098,0.040317051112651825,16.82404545421487,20.744947769579564
7050,7050,33,target_left,0,"[0.0, 0.0, 0.0, 0.0]",-0.4898017346858978,-1.388016939163208,0.3764037489891052,0.20524251461029053,1.533069133758545,0.0,0.0,8.342676577802743
7050,7050,33,target_left,1,"[0.009999999776482582, 0.0, 0.0, 0.0]",-0.5509714484214783,-1.5124820470809937,0.3330889940261841,0.42942991852760315,1.698979139328003,0.2671506106853485,8.342676577802743,13.007853999153907
7050,7050,33,target_left,2,"[0.019999999552965164, 0.0, 0.0, 0.0]",-0.4141070544719696,-1.5524051189422607,0.3289458155632019,0.49079814553260803,1.7118804454803467,0.1552705317735672,13.007853999153907,17.458563861612944
7050,7050,33,target_left,3,"[0.029999999329447746, 0.0, 0.0, 0.0]",-0.41609278321266174,-1.5485646724700928,0.330142617225647,0.5412274599075317,1.724269986152649,0.050628453493118286,17.458563861612944,21.790924633774647
7050,7050,33,ramp,0,"[-0.5, -0.4333333373069763, -0.36666667461395264, -0.30000001192092896]",-0.427596777677536,-1.0045026540756226,0.5877131223678589,0.43993452191352844,1.3156038522720337,0.0,0.0,9.708936250157022
7050,7050,33,ramp,1,"[-0.47999998927116394, -0.41333332657814026, -0.3466666638851166, -0.2800000011920929]",-0.5634379982948303,-1.0792547464370728,0.5831409692764282,0.8566710948944092,1.5988094806671143,0.4446695148944855,9.708936250157022,14.543132387654914
7050,7050,33,ramp,2,"[-0.46000000834465027, -0.3933333456516266, -0.3266666829586029, -0.2600000202655792]",-0.5060681700706482,-1.0740373134613037,0.5256952047348022,0.9384515285491943,1.6020948886871338,0.11535412073135376,14.543132387654914,19.408332884725247
7050,7050,33,ramp,3,"[-0.4399999976158142, -0.3733333349227905, -0.30666667222976685, -0.24000000953674316]",-0.45343515276908875,-1.0259510278701782,0.48810043931007385,0.9481409788131714,1.5477054119110107,0.08117744326591492,19.408332884725247,24.2497345185823
7075,7075,33,zero_hold,0,"[0.0, 0.0, 0.0, 0.0]",-0.4083772599697113,-0.09761133790016174,-0.07318767160177231,0.3798944354057312,0.5709432363510132,0.0,0.0,4.625513963243791
7075,7075,33,zero_hold,1,"[0.0, 0.0, 0.0, 0.0]",-0.30481240153312683,0.06988532841205597,-0.031125305220484734,0.733670711517334,0.7981454133987427,0.40707212686538696,4.625513963243791,7.766810492429675
7075,7075,33,zero_hold,2,"[0.0, 0.0, 0.0, 0.0]",0.12845689058303833,-0.06050468608736992,-0.09954416006803513,0.8872998952865601,0.9040863513946533,0.4827078878879547,7.766810492429675,10.273042225869707
7075,7075,33,zero_hold,3,"[0.0, 0.0, 0.0, 0.0]",0.23116043210029602,-0.1505497246980667,-0.15590418875217438,0.9069695472717285,0.9607290029525757,0.14906197786331177,10.273042225869707,12.178070214112294
7075,7075,33,target_ahead,0,"[0.0, 0.0, 0.0, 0.0]",1.1854721307754517,0.03829788789153099,-0.6659411191940308,0.057193368673324585,1.361454963684082,0.0,0.0,8.80856567627733
7075,7075,33,target_ahead,1,"[0.009999999776482582, 0.0, 0.0, 0.0]",1.2784970998764038,-0.06767167150974274,-0.8177001476287842,0.0671888068318367,1.5206190347671509,0.2073979377746582,8.80856567627733,12.880458638385601
7075,7075,33,target_ahead,2,"[0.019999999552965164, 0.0, 0.0, 0.0]",1.192392349243164,-0.13499408960342407,-0.8572055697441101,0.06870266795158386,1.4763280153274536,0.11622954159975052,12.880458638385601,16.85446258323173
7075,7075,33,target_ahead,3,"[0.029999999329447746, 0.0, 0.0, 0.0]",1.1489875316619873,-0.1661008894443512,-0.8713622093200684,0.06993710249662399,1.4532463550567627,0.055258896201848984,16.85446258323173,20.821803927266846
7075,7075,33,target_left,0,"[0.0, 0.0, 0.0, 0.0]",-0.4980843663215637,-1.3747680187225342,0.3460732102394104,0.2049785852432251,1.5165282487869263,0.0,0.0,8.361467061592586
7075,7075,33,target_left,1,"[0.009999999776482582, 0.0, 0.0, 0.0]",-0.5721817016601562,-1.4942439794540405,0.2810443043708801,0.43542397022247314,1.6818848848342896,0.2776666283607483,8.361467061592586,13.031446037376183
7075,7075,33,target_left,2,"[0.019999999552965164, 0.0, 0.0, 0.0]",-0.4252501130104065,-1.5368173122406006,0.26932838559150696,0.5038528442382812,1.6938271522521973,0.1679915338754654,13.031446037376183,17.483122557986768
7075,7075,33,target_left,3,"[0.029999999329447746, 0.0, 0.0, 0.0]",-0.42321449518203735,-1.5333300828933716,0.2682090401649475,0.5572146773338318,1.7066446542739868,0.05352609604597092,17.483122557986768,21.818010531634002
7075,7075,33,ramp,0,"[-0.5, -0.4333333373069763, -0.36666667461395264, -0.30000001192092896]",-0.4746788442134857,-0.9796074628829956,0.5329396724700928,0.41893917322158813,1.2823749780654907,0.0,0.0,9.691390095756018
7075,7075,33,ramp,1,"[-0.47999998927116394, -0.41333332657814026, -0.3466666638851166, -0.2800000011920929]",-0.597105085849762,-1.0445187091827393,0.5205451846122742,0.8506900668144226,1.5627522468566895,0.4536122977733612,9.691390095756018,14.513901365354037
7075,7075,33,ramp,2,"[-0.46000000834465027, -0.3933333456516266, -0.3266666829586029, -0.2600000202655792]",-0.5442993640899658,-1.0503493547439575,0.46571218967437744,0.9421290755271912,1.5824003219604492,0.11912258714437485,14.513901365354037,19.378732800094078
7075,7075,33,ramp,3,"[-0.4399999976158142, -0.3733333349227905, -0.30666667222976685, -0.24000000953674316]",-0.49102139472961426,-1.0032981634140015,0.4311475455760956,0.9537859559059143,1.5307857990264893,0.07989338785409927,19.378732800094078,24.22979845084589
7100,7100,33,zero_hold,0,"[0.0, 0.0, 0.0, 0.0]",-0.4179069697856903,-0.08824843913316727,-0.06422879546880722,0.3886530101299286,0.5810425877571106,0.0,0.0,4.649070489278636
7100,7100,33,zero_hold,1,"[0.0, 0.0, 0.0, 0.0]",-0.3077875077724457,0.08414000272750854,-0.014669882133603096,0.732409656047821,0.7990317940711975,0.4030741751194,4.649070489278636,7.795288683904596
7100,7100,33,zero_hold,2,"[0.0, 0.0, 0.0, 0.0]",0.13775449991226196,-0.05158081650733948,-0.08439017087221146,0.8777003884315491,0.8939331769943237,0.4928469657897949,7.795288683904596,10.309345775050062
7100,7100,33,zero_hold,3,"[0.0, 0.0, 0.0, 0.0]",0.2543083131313324,-0.141167551279068,-0.14757400751113892,0.8932496309280396,0.9509332180023193,0.16076241433620453,10.309345775050062,12.221299478647774
7100,7100,33,target_ahead,0,"[0.0, 0.0, 0.0, 0.0]",1.1566294431686401,0.035072095692157745,-0.6388473510742188,0.09092698991298676,1.324920892715454,0.0,0.0,8.809454563287213
7100,7100,33,target_ahead,1,"[0.009999999776482582, 0.0, 0.0, 0.0]",1.2668206691741943,-0.08786087483167648,-0.7912813425064087,0.11267603933811188,1.5004585981369019,0.22575154900550842,8.809454563287213,12.794513662752495
7100,7100,33,target_ahead,2,"[0.019999999552965164, 0.0, 0.0, 0.0]",1.1945221424102783,-0.16023123264312744,-0.8145004510879517,0.1383407711982727,1.4612003564834595,0.10799236595630646,12.794513662752495,16.678886773101283
7100,7100,33,target_ahead,3,"[0.029999999329447746, 0.0, 0.0, 0.0]",1.165480613708496,-0.19240669906139374,-0.8149779438972473,0.15435466170310974,1.4433917999267578,0.046209778636693954,16.678886773101283,20.583516132086515
7100,7100,33,target_left,0,"[0.0, 0.0, 0.0, 0.0]",-0.5301797389984131,-1.3685321807861328,0.33802706003189087,0.22871068120002747,1.5233324766159058,0.0,0.0,8.3489764338246
7100,7100,33,target_left,1,"[0.009999999776482582, 0.0, 0.0, 0.0]",-0.5917048454284668,-1.497071385383606,0.27265939116477966,0.45941752195358276,1.6960968971252441,0.2789377272129059,8.3489764338246,13.011833566177321
7100,7100,33,target_left,2,"[0.019999999552965164, 0.0, 0.0, 0.0]",-0.4249865412712097,-1.5385525226593018,0.25480809807777405,0.525479257106781,1.6996508836746216,0.18492837250232697,13.011833566177321,17.437101508306952
7100,7100,33,target_left,3,"[0.029999999329447746, 0.0, 0.0, 0.0]",-0.41923829913139343,-1.535670518875122,0.2517140805721283,0.5773865580558777,1.7119520902633667,0.05239550769329071,17.437101508306952,21.754133877439163
7100,7100,33,ramp,0,"[-0.5, -0.4333333373069763, -0.36666667461395264, -0.30000001192092896]",-0.4437619745731354,-1.0093222856521606,0.49340149760246277,0.47118523716926575,1.2965788841247559,0.0,0.0,9.66663367488988
7100,7100,33,ramp,1,"[-0.47999998927116394, -0.41333332657814026, -0.3466666638851166, -0.2800000011920929]",-0.5707939863204956,-1.0669598579406738,0.4782409965991974,0.9044000506401062,1.584570288658142,0.45537254214286804,9.66663367488988,14.528735052366038
7100,7100,33,ramp,2,"[-0.46000000834465027, -0.3933333456516266, -0.3266666829586029, -0.2600000202655792]",-0.5071603059768677,-1.0627758502960205,0.43067893385887146,0.9864316582679749,1.5953795909881592,0.11427198350429535,14.528735052366038,19.439376927277568
7100,7100,33,ramp,3,"[-0.4399999976158142, -0.3733333349227905, -0.30666667222976685, -0.24000000953674316]",-0.4612438976764679,-1.0081225633621216,0.4002783000469208,0.9922646880149841,1.540736436843872,0.07780437916517258,19.439376927277568,24.344301781276645
7125,7125,33,zero_hold,0,"[0.0, 0.0, 0.0, 0.0]",-0.4466620683670044,-0.09653977304697037,-0.051997389644384384,0.39613983035087585,0.6070069074630737,0.0,0.0,4.64106913260795
7125,7125,33,zero_hold,1,"[0.0, 0.0, 0.0, 0.0]",-0.3137463629245758,0.07208871096372604,-0.014550215564668179,0.7387977242469788,0.8060194849967957,0.4061020314693451,4.64106913260795,7.781443065083502
7125,7125,33,zero_hold,2,"[0.0, 0.0, 0.0, 0.0]",0.1494644284248352,-0.05918540805578232,-0.10309450328350067,0.8897769451141357,0.9100406765937805,0.5122811198234558,7.781443065083502,10.30079762535154
7125,7125,33,zero_hold,3,"[0.0, 0.0, 0.0, 0.0]",0.25715842843055725,-0.14400248229503632,-0.17216990888118744,0.9093916416168213,0.9713407158851624,0.15475167334079742,10.30079762535154,12.202229314047932
7125,7125,33,target_ahead,0,"[0.0, 0.0, 0.0, 0.0]",1.142154335975647,0.04193385690450668,-0.6405514478683472,0.12272782623767853,1.3159191608428955,0.0,0.0,8.796683533534427
7125,7125,33,target_ahead,1,"[0.009999999776482582, 0.0, 0.0, 0.0]",1.2469658851623535,-0.05003519356250763,-0.7914572954177856,0.14308056235313416,1.4846899509429932,0.20647172629833221,8.796683533534427,12.820833286506518
7125,7125,33,target_ahead,2,"[0.019999999552965164, 0.0, 0.0, 0.0]",1.157836675643921,-0.11842110753059387,-0.8294345140457153,0.15762367844581604,1.4378511905670166,0.1194756031036377,12.820833286506518,16.731815273240944
7125,7125,33,target_ahead,3,"[0.029999999329447746, 0.0, 0.0, 0.0]",1.1166601181030273,-0.1463635414838791,-0.8476096987724304,0.1612200140953064,1.418726921081543,0.05309952422976494,16.731815273240944,20.64858593291185
7125,7125,33,target_left,0,"[0.0, 0.0, 0.0, 0.0]",-0.5443645715713501,-1.3520896434783936,0.3573654592037201,0.24034728109836578,1.519853949546814,0.0,0.0,8.343044761696856
7125,7125,33,target_left,1,"[0.009999999776482582, 0.0, 0.0, 0.0]",-0.5919760465621948,-1.4878305196762085,0.28143543004989624,0.46598073840141296,1.6912773847579956,0.2781515121459961,8.343044761696856,12.986664035405962
7125,7125,33,target_left,2,"[0.019999999552965164, 0.0, 0.0, 0.0]",-0.4284641742706299,-1.5360490083694458,0.2611157298088074,0.5370680093765259,1.702836275100708,0.18581563234329224,12.986664035405962,17.37433324925482
7125,7125,33,target_left,3,"[0.029999999329447746, 0.0, 0.0, 0.0]",-0.4141175448894501,-1.535732626914978,0.25691258907318115,0.5898942351341248,1.715793490409851,0.05490174889564514,17.37433324925482,21.652494752817987
7125,7125,33,ramp,0,"[-0.5, -0.4333333373069763, -0.36666667461395264, -0.30000001192092896]",-0.5646709203720093,-1.0275295972824097,0.43961167335510254,0.47309234738349915,1.3385608196258545,0.0,0.0,9.674222586803303
7125,7125,33,ramp,1,"[-0.47999998927116394, -0.41333332657814026, -0.3466666638851166, -0.2800000011920929]",-0.6396558284759521,-1.1087948083877563,0.4642565846443176,0.9270663857460022,1.6472922563552856,0.46789589524269104,9.674222586803303,14.49201864965051
7125,7125,33,ramp,2,"[-0.46000000834465027, -0.3933333456516266, -0.3266666829586029, -0.2600000202655792]",-0.5722524523735046,-1.1122639179229736,0.42265602946281433,1.0114883184432983,1.6632349491119385,0.11581415683031082,14.49201864965051,19.411333780756994
7125,7125,33,ramp,3,"[-0.4399999976158142, -0.3733333349227905, -0.30666667222976685, -0.24000000953674316]",-0.533500075340271,-1.0650882720947266,0.39230987429618835,1.014892578125,1.6133657693862915,0.068262480199337,19.411333780756994,24.3302499814997
