Time,Latitude,Longitude,Altitude,Roll (deg),Pitch (deg),Yaw (deg)
0.000000,37.240779,131.869472,4572.020726,0.000000,-0.002000,-90.001007
1.000000,37.240779,131.869434,4572.016459,0.000000,-0.008000,-90.001007
2.000000,37.240779,131.869395,4572.009449,0.050000,-0.012000,-89.993988
3.000000,37.240779,131.869356,4571.999086,0.150000,-0.015000,-89.980988
4.000000,37.240779,131.869317,4571.985065,0.300000,-0.016000,-89.963013
5.000000,37.240779,131.869279,4571.966777,0.500000,-0.016000,-89.941010
6.000000,37.240779,131.869240,4571.943612,0.750000,-0.016000,-89.915985
7.000000,37.240779,131.869201,4571.915266,1.051000,-0.016000,-89.889008
8.000000,37.240779,131.869162,4571.881433,1.400000,-0.015000,-89.859985
9.000000,37.240779,131.869122,4571.840894,1.798000,-0.014000,-89.829987
10.000000,37.240779,131.869083,4571.793955,2.244000,-0.013000,-89.799011
11.000000,37.240779,131.869044,4571.741225,2.737000,-0.012000,-89.768005
12.000000,37.240779,131.869005,4571.682398,3.275000,-0.011000,-89.737000
13.000000,37.240779,131.868966,4571.617781,3.858000,-0.010000,-89.704987
14.000000,37.240779,131.868927,4571.547067,4.485000,-0.007000,-89.673004
15.000000,37.240779,131.868888,4571.470562,5.155000,-0.001000,-89.640991
16.000000,37.240779,131.868849,4571.388571,5.866000,0.006000,-89.609009
17.000000,37.240779,131.868810,4571.300789,6.617000,0.016000,-89.576996
18.000000,37.240779,131.868771,4571.207520,7.407000,0.027000,-89.544006
19.000000,37.240779,131.868732,4571.108765,8.236000,0.038000,-89.511993
20.000000,37.240779,131.868692,4571.004828,9.101000,0.055000,-89.479004
21.000000,37.240779,131.868653,4570.895710,10.003000,0.077000,-89.444000
22.000000,37.240779,131.868614,4570.781410,10.939000,0.104000,-89.408997
23.000000,37.240779,131.868574,4570.661928,11.909000,0.134000,-89.372986
24.000000,37.240779,131.868535,4570.537570,12.912000,0.166000,-89.335999
25.000000,37.240779,131.868496,4570.408639,13.947000,0.199000,-89.298004
26.000000,37.240779,131.868456,4570.274832,15.013000,0.241000,-89.257996
27.000000,37.240779,131.868417,4570.136758,16.108000,0.290000,-89.213989
28.000000,37.240779,131.868377,4569.993806,17.233000,0.345000,-89.167999
29.000000,37.240779,131.868338,4569.846893,18.385000,0.404000,-89.118988
30.000000,37.240779,131.868298,4569.695712,19.565001,0.465000,-89.066986
31.000000,37.240779,131.868259,4569.540569,20.771000,0.529000,-89.014008
32.000000,37.240779,131.868219,4569.381463,22.002001,0.601000,-88.954987
33.000000,37.240779,131.868178,4569.218700,23.257000,0.682000,-88.890015
34.000000,37.240778,131.868139,4569.052279,24.535999,0.769000,-88.820007
35.000000,37.240778,131.868099,4568.882506,25.837000,0.859000,-88.744995
36.000000,37.240778,131.868059,4568.709074,27.160000,0.953000,-88.665985
37.000000,37.240778,131.868019,4568.532595,28.504000,1.047000,-88.583008
38.000000,37.240778,131.867980,4568.353373,29.867001,1.149000,-88.492004
39.000000,37.240778,131.867940,4568.171102,31.250000,1.258000,-88.391998
40.000000,37.240778,131.867900,4567.986089,32.651001,1.373000,-88.285004
41.000000,37.240778,131.867860,4567.798637,34.069000,1.490000,-88.170013
42.000000,37.240778,131.867820,4567.608746,35.504002,1.608000,-88.049988
43.000000,37.240778,131.867780,4567.416418,36.953999,1.726000,-87.923004
44.000000,37.240777,131.867740,4567.221955,38.417999,1.849000,-87.786011
45.000000,37.240777,131.867700,4567.025664,39.896000,1.977000,-87.638000
46.000000,37.240777,131.867660,4566.827239,41.387001,2.108000,-87.480011
47.000000,37.240777,131.867620,4566.627290,42.889000,2.239000,-87.312988
48.000000,37.240777,131.867580,4566.425818,44.401001,2.369000,-87.139008
49.000000,37.240777,131.867540,4566.222516,45.922001,2.496000,-86.959015
50.000000,37.240777,131.867499,4566.019519,47.426998,2.627000,-86.768005
51.000000,37.240777,131.867459,4565.816218,48.912998,2.761000,-86.565002
52.000000,37.240777,131.867418,4565.613221,50.382000,2.896000,-86.351013
53.000000,37.240777,131.867378,4565.410529,51.834000,3.030000,-86.128998
54.000000,37.240777,131.867338,4565.208142,53.268002,3.161000,-85.899994
55.000000,37.240777,131.867298,4565.005754,54.683998,3.286000,-85.664001
56.000000,37.240777,131.867257,4564.804891,56.053001,3.413000,-85.415985
57.000000,37.240777,131.867217,4564.604942,57.374001,3.542000,-85.156006
58.000000,37.240778,131.867177,4564.407127,58.650002,3.669000,-84.885986
59.000000,37.240778,131.867136,4564.210836,59.882999,3.793000,-84.606995
60.000000,37.240778,131.867096,4564.015764,61.077000,3.912000,-84.321014
61.000000,37.240779,131.867056,4563.821606,62.233002,4.025000,-84.028992
62.000000,37.240779,131.867015,4563.630192,63.328999,4.137000,-83.726013
63.000000,37.240779,131.866975,4563.440302,64.365997,4.248000,-83.411011
64.000000,37.240780,131.866933,4563.253154,65.348999,4.355000,-83.087006
65.000000,37.240781,131.866893,4563.067226,66.280998,4.458000,-82.756012
66.000000,37.240781,131.866852,4562.882822,67.166000,4.554000,-82.419006
67.000000,37.240782,131.866812,4562.699942,68.007004,4.644000,-82.079010
68.000000,37.240783,131.866772,4562.519196,68.790001,4.728000,-81.734985
69.000000,37.240784,131.866731,4562.340583,69.516998,4.806000,-81.390015
70.000000,37.240785,131.866691,4562.163190,70.194000,4.879000,-81.042999
71.000000,37.240786,131.866650,4561.987625,70.822998,4.944000,-80.696014
72.000000,37.240787,131.866610,4561.813279,71.407997,5.003000,-80.348999
73.000000,37.240788,131.866569,4561.640153,71.953003,5.056000,-80.003998
74.000000,37.240790,131.866529,4561.469160,72.448997,5.102000,-79.660004
75.000000,37.240791,131.866488,4561.299082,72.902000,5.143000,-79.317993
76.000000,37.240792,131.866447,4561.130527,73.313004,5.179000,-78.977997
77.000000,37.240794,131.866406,4560.963192,73.685997,5.209000,-78.640991
78.000000,37.240796,131.866365,4560.796771,74.025002,5.233000,-78.307007
79.000000,37.240797,131.866325,4560.631570,74.331001,5.253000,-77.975006
80.000000,37.240799,131.866284,4560.466978,74.623001,5.267000,-77.645996
81.000000,37.240801,131.866244,4560.302690,74.902000,5.275000,-77.319000
82.000000,37.240804,131.866203,4560.139318,75.169998,5.279000,-76.994995
83.000000,37.240806,131.866162,4559.975945,75.428001,5.278000,-76.674011
84.000000,37.240808,131.866122,4559.813182,75.677002,5.273000,-76.355011
85.000000,37.240810,131.866081,4559.651028,75.917000,5.265000,-76.040009
86.000000,37.240812,131.866041,4559.489484,76.141998,5.255000,-75.726990
87.000000,37.240814,131.866000,4559.328550,76.352997,5.242000,-75.417999
88.000000,37.240817,131.865959,4559.168225,76.551003,5.227000,-75.112000
89.000000,37.240819,131.865918,4559.008205,76.735001,5.211000,-74.809998
90.000000,37.240822,131.865877,4558.848490,76.906998,5.192000,-74.510986
91.000000,37.240824,131.865837,4558.689384,77.068001,5.172000,-74.214996
92.000000,37.240827,131.865796,4558.531193,77.212997,5.151000,-73.921997
93.000000,37.240830,131.865755,4558.373306,77.343002,5.128000,-73.632996
94.000000,37.240833,131.865715,4558.216030,77.458000,5.105000,-73.346008
95.000000,37.240836,131.865674,4558.059058,77.559998,5.081000,-73.062988
96.000000,37.240839,131.865633,4557.902695,77.649002,5.056000,-72.782990
97.000000,37.240842,131.865593,4557.746638,77.727997,5.030000,-72.505005
98.000000,37.240845,131.865552,4557.591494,77.792000,5.004000,-72.230988
99.000000,37.240848,131.865511,4557.436656,77.843002,4.977000,-71.959015
100.000000,37.240853,131.865471,4557.282427,77.882004,4.950000,-71.688995
101.000000,37.240856,131.865430,4557.128503,77.910004,4.923000,-71.423004
102.000000,37.240860,131.865389,4556.974884,77.929001,4.896000,-71.158997
103.000000,37.240863,131.865348,4556.821874,77.938004,4.868000,-70.897003
104.000000,37.240867,131.865307,4556.669474,77.939003,4.840000,-70.638000
105.000000,37.240871,131.865267,4556.517684,77.930000,4.812000,-70.381012
106.000000,37.240875,131.865226,4556.366198,77.913002,4.785000,-70.126007
107.000000,37.240879,131.865186,4556.215018,77.889999,4.757000,-69.872986
108.000000,37.240883,131.865145,4556.064446,77.861000,4.730000,-69.622986
109.000000,37.240887,131.865104,4555.914485,77.825996,4.703000,-69.375000
110.000000,37.240891,131.865064,4555.764828,77.787003,4.677000,-69.127991
111.000000,37.240896,131.865023,4555.615781,77.744003,4.651000,-68.884003
112.000000,37.240901,131.864983,4555.467038,77.696999,4.625000,-68.640991
113.000000,37.240905,131.864942,4555.318906,77.647003,4.600000,-68.401001
114.000000,37.240910,131.864902,4555.171078,77.595001,4.575000,-68.161987
115.000000,37.240915,131.864860,4555.024164,77.542000,4.551000,-67.924988
116.000000,37.240920,131.864820,4554.877250,77.487999,4.527000,-67.688995
117.000000,37.240925,131.864779,4554.731251,77.433998,4.504000,-67.455994
118.000000,37.240930,131.864739,4554.585557,77.379997,4.482000,-67.222992
119.000000,37.240935,131.864698,4554.440472,77.325996,4.460000,-66.993011
120.000000,37.240941,131.864658,4554.295997,77.274002,4.439000,-66.764008
121.000000,37.240946,131.864617,4554.151826,77.222000,4.418000,-66.536011
122.000000,37.240952,131.864577,4554.008266,77.172997,4.398000,-66.309998
123.000000,37.240957,131.864536,4553.865314,77.125999,4.379000,-66.084991
124.000000,37.240963,131.864496,4553.722973,77.082001,4.360000,-65.862000
125.000000,37.240968,131.864456,4553.581241,77.040001,4.342000,-65.640015
126.000000,37.240974,131.864415,4553.439814,77.001999,4.325000,-65.419006
127.000000,37.240980,131.864375,4553.299301,76.966003,4.308000,-65.200012
128.000000,37.240987,131.864334,4553.159093,76.934998,4.292000,-64.981995
129.000000,37.240993,131.864293,4553.019799,76.907997,4.276000,-64.765015
130.000000,37.240999,131.864253,4552.880810,76.884003,4.261000,-64.549988
131.000000,37.241005,131.864213,4552.742736,76.863998,4.247000,-64.335999
132.000000,37.241012,131.864172,4552.604966,76.848999,4.233000,-64.122986
133.000000,37.241018,131.864132,4552.468111,76.836998,4.220000,-63.911011
134.000000,37.241025,131.864092,4552.331561,76.829002,4.207000,-63.700012
135.000000,37.241032,131.864052,4552.195925,76.824997,4.194000,-63.490997
136.000000,37.241039,131.864012,4552.060898,76.824997,4.182000,-63.282013
137.000000,37.241046,131.863972,4551.926177,76.829002,4.171000,-63.074005
138.000000,37.241053,131.863931,4551.792674,76.835999,4.159000,-62.867004
139.000000,37.241060,131.863891,4551.659477,76.846001,4.149000,-62.661987
140.000000,37.241067,131.863851,4551.526889,76.860001,4.138000,-62.457001
141.000000,37.241074,131.863811,4551.395215,76.876999,4.128000,-62.252014
142.000000,37.241083,131.863770,4551.263846,76.896004,4.118000,-62.049011
143.000000,37.241090,131.863730,4551.133392,76.917999,4.108000,-61.846008
144.000000,37.241098,131.863690,4551.003547,76.943001,4.099000,-61.644012
145.000000,37.241105,131.863651,4550.874617,76.970001,4.090000,-61.441986
146.000000,37.241113,131.863611,4550.745991,76.999001,4.081000,-61.240997
147.000000,37.241122,131.863571,4550.618280,77.029999,4.072000,-61.040985
148.000000,37.241130,131.863531,4550.490874,77.061996,4.063000,-60.841003
149.000000,37.241138,131.863491,4550.364382,77.096001,4.054000,-60.641998
150.000000,37.241146,131.863451,4550.238804,77.130997,4.046000,-60.442993
151.000000,37.241154,131.863412,4550.113531,77.167000,4.037000,-60.243988
152.000000,37.241163,131.863372,4549.988868,77.204002,4.029000,-60.045990
153.000000,37.241172,131.863332,4549.865119,77.241997,4.021000,-59.847992
154.000000,37.241181,131.863293,4549.741675,77.279999,4.013000,-59.649994
155.000000,37.241189,131.863253,4549.619146,77.318001,4.005000,-59.453003
156.000000,37.241198,131.863214,4549.497226,77.357002,3.997000,-59.256012
157.000000,37.241207,131.863174,4549.375915,77.396004,3.989000,-59.058990
158.000000,37.241217,131.863135,4549.255214,77.434998,3.981000,-58.862000
159.000000,37.241226,131.863095,4549.135123,77.473999,3.973000,-58.665985
160.000000,37.241235,131.863056,4549.015642,77.512001,3.965000,-58.468994
161.000000,37.241244,131.863015,4548.896770,77.550003,3.957000,-58.273010
162.000000,37.241254,131.862976,4548.778507,77.586998,3.949000,-58.076996
163.000000,37.241264,131.862937,4548.660854,77.625000,3.941000,-57.881012
164.000000,37.241274,131.862897,4548.543811,77.661003,3.933000,-57.684998
165.000000,37.241283,131.862858,4548.427378,77.696999,3.925000,-57.489990
166.000000,37.241293,131.862819,4548.311554,77.732002,3.917000,-57.294006
167.000000,37.241304,131.862780,4548.196034,77.765999,3.909000,-57.097992
168.000000,37.241314,131.862741,4548.081430,77.799004,3.901000,-56.903015
169.000000,37.241324,131.862702,4547.967130,77.832001,3.893000,-56.707001
170.000000,37.241334,131.862663,4547.853439,77.863998,3.885000,-56.511993
171.000000,37.241345,131.862624,4547.740358,77.893997,3.877000,-56.316010
172.000000,37.241356,131.862585,4547.627887,77.924004,3.869000,-56.121002
173.000000,37.241367,131.862546,4547.515721,77.953003,3.861000,-55.925995
174.000000,37.241377,131.862507,4547.404164,77.981003,3.853000,-55.730011
175.000000,37.241388,131.862468,4547.293217,78.009003,3.845000,-55.535004
176.000000,37.241400,131.862430,4547.182879,78.036003,3.837000,-55.338989
177.000000,37.241410,131.862391,4547.072846,78.060997,3.830000,-55.144012
178.000000,37.241421,131.862352,4546.963423,78.085999,3.822000,-54.947998
179.000000,37.241433,131.862314,4546.854305,78.110001,3.814000,-54.752991
180.000000,37.241445,131.862275,4546.745796,78.133003,3.806000,-54.557007
181.000000,37.241456,131.862237,4546.637897,78.155998,3.798000,-54.362000
182.000000,37.241467,131.862198,4546.530302,78.178001,3.791000,-54.165985
183.000000,37.241479,131.862160,4546.423318,78.199997,3.783000,-53.971008
184.000000,37.241492,131.862121,4546.316942,78.220001,3.775000,-53.774994
185.000000,37.241503,131.862083,4546.210872,78.239998,3.768000,-53.579987
186.000000,37.241515,131.862045,4546.105106,78.260002,3.760000,-53.384003
187.000000,37.241527,131.862006,4545.999950,78.278999,3.752000,-53.187988
188.000000,37.241540,131.861968,4545.895099,78.297997,3.745000,-52.992004
189.000000,37.241552,131.861930,4545.790858,78.316002,3.737000,-52.796997
190.000000,37.241564,131.861892,4545.686921,78.333000,3.730000,-52.601013
191.000000,37.241578,131.861854,4545.583594,78.349998,3.723000,-52.404999
192.000000,37.241590,131.861816,4545.480571,78.366997,3.715000,-52.209015
193.000000,37.241603,131.861778,4545.377854,78.384003,3.708000,-52.013000
194.000000,37.241615,131.861740,4545.275746,78.400002,3.701000,-51.816986
195.000000,37.241629,131.861703,4545.173942,78.416000,3.694000,-51.621002
196.000000,37.241642,131.861665,4545.072749,78.431999,3.687000,-51.424988
197.000000,37.241655,131.861627,4544.971860,78.446999,3.680000,-51.229004
198.000000,37.241669,131.861590,4544.871276,78.462997,3.673000,-51.032990
199.000000,37.241682,131.861552,4544.770997,78.477997,3.666000,-50.835999
200.000000,37.241695,131.861514,4544.671327,78.492996,3.659000,-50.640015
201.000000,37.241709,131.861477,4544.571962,78.508003,3.653000,-50.444000
202.000000,37.241723,131.861440,4544.472902,78.523003,3.646000,-50.247986
203.000000,37.241736,131.861402,4544.374147,78.537003,3.639000,-50.050995
204.000000,37.241750,131.861365,4544.276002,78.552002,3.633000,-49.855011
205.000000,37.241765,131.861328,4544.178161,78.566002,3.626000,-49.657990
206.000000,37.241778,131.861290,4544.080625,78.581001,3.620000,-49.462006
207.000000,37.241792,131.861253,4543.983698,78.595001,3.613000,-49.265015
208.000000,37.241807,131.861216,4543.886772,78.609001,3.607000,-49.069000
209.000000,37.241821,131.861179,4543.790455,78.623001,3.601000,-48.872009
210.000000,37.241836,131.861142,4543.694443,78.637001,3.595000,-48.674988
211.000000,37.241851,131.861105,4543.598431,78.652000,3.589000,-48.477997
212.000000,37.241865,131.861069,4543.503334,78.666000,3.583000,-48.282013
213.000000,37.241880,131.861032,4543.408236,78.680000,3.576000,-48.084991
214.000000,37.241895,131.860995,4543.313443,78.694000,3.571000,-47.888000
215.000000,37.241910,131.860959,4543.219260,78.708000,3.565000,-47.691010
216.000000,37.241925,131.860922,4543.125077,78.722000,3.559000,-47.493988
217.000000,37.241941,131.860885,4543.031503,78.736000,3.553000,-47.296997
218.000000,37.241956,131.860849,4542.937930,78.750000,3.547000,-47.100006
219.000000,37.241971,131.860813,4542.844966,78.763000,3.541000,-46.902008
220.000000,37.241987,131.860776,4542.752306,78.777000,3.536000,-46.704987
221.000000,37.242002,131.860740,4542.659647,78.791000,3.530000,-46.507996
222.000000,37.242018,131.860704,4542.567598,78.805000,3.525000,-46.311005
223.000000,37.242034,131.860668,4542.475853,78.819000,3.519000,-46.113007
224.000000,37.242050,131.860632,4542.384108,78.832001,3.514000,-45.915985
225.000000,37.242065,131.860596,4542.292973,78.846001,3.508000,-45.717987
226.000000,37.242082,131.860560,4542.202142,78.859001,3.503000,-45.520996
227.000000,37.242098,131.860524,4542.111312,78.873001,3.498000,-45.322998
228.000000,37.242115,131.860488,4542.021091,78.886002,3.492000,-45.125000
229.000000,37.242131,131.860453,4541.930870,78.899002,3.487000,-44.928009
230.000000,37.242147,131.860417,4541.841259,78.913002,3.482000,-44.730011
231.000000,37.242165,131.860381,4541.751648,78.926003,3.477000,-44.532013
232.000000,37.242181,131.860346,4541.662342,78.939003,3.471000,-44.334015
233.000000,37.242197,131.860311,4541.573340,78.952003,3.466000,-44.135986
234.000000,37.242215,131.860276,4541.484643,78.964996,3.461000,-43.937988
235.000000,37.242231,131.860241,4541.396251,78.977997,3.456000,-43.739990
236.000000,37.242248,131.860206,4541.308164,78.989998,3.451000,-43.541992
237.000000,37.242266,131.860170,4541.220077,79.002998,3.446000,-43.342987
238.000000,37.242283,131.860135,4541.132294,79.014999,3.441000,-43.144989
239.000000,37.242301,131.860100,4541.045122,79.028000,3.436000,-42.946991
240.000000,37.242318,131.860065,4540.957949,79.040001,3.431000,-42.747986
241.000000,37.242335,131.860031,4540.870776,79.053001,3.427000,-42.549988
242.000000,37.242354,131.859996,4540.784213,79.065002,3.422000,-42.351990
243.000000,37.242371,131.859961,4540.697650,79.077003,3.417000,-42.153015
244.000000,37.242389,131.859927,4540.611391,79.087997,3.412000,-41.954010
245.000000,37.242407,131.859892,4540.525438,79.099998,3.408000,-41.756012
246.000000,37.242425,131.859857,4540.439789,79.112000,3.403000,-41.557007
247.000000,37.242443,131.859824,4540.354140,79.124001,3.398000,-41.358002
248.000000,37.242461,131.859790,4540.268796,79.135002,3.394000,-41.158997
249.000000,37.242480,131.859756,4540.183757,79.146004,3.389000,-40.959991
250.000000,37.242498,131.859721,4540.098718,79.156998,3.384000,-40.760986
251.000000,37.242516,131.859687,4540.014288,79.167999,3.380000,-40.562012
252.000000,37.242536,131.859653,4539.929858,79.179001,3.375000,-40.363007
253.000000,37.242554,131.859619,4539.845429,79.190002,3.371000,-40.164001
254.000000,37.242573,131.859586,4539.761304,79.200996,3.366000,-39.964996
255.000000,37.242592,131.859552,4539.677484,79.211998,3.362000,-39.765991
256.000000,37.242611,131.859518,4539.593969,79.222000,3.357000,-39.566986
257.000000,37.242630,131.859486,4539.510454,79.233002,3.353000,-39.367004
258.000000,37.242649,131.859452,4539.427243,79.242996,3.349000,-39.167999
259.000000,37.242669,131.859419,4539.344033,79.252998,3.344000,-38.967987
260.000000,37.242688,131.859385,4539.261127,79.264000,3.340000,-38.769012
261.000000,37.242708,131.859352,4539.178526,79.274002,3.336000,-38.569000
262.000000,37.242727,131.859319,4539.095926,79.282997,3.331000,-38.369995
263.000000,37.242747,131.859286,4539.013630,79.292999,3.327000,-38.170013
264.000000,37.242766,131.859253,4538.931638,79.303001,3.323000,-37.970001
265.000000,37.242786,131.859220,4538.849647,79.311996,3.319000,-37.769989
266.000000,37.242806,131.859188,4538.767961,79.321999,3.315000,-37.571014
267.000000,37.242826,131.859155,4538.686274,79.331001,3.311000,-37.371002
268.000000,37.242847,131.859122,4538.604588,79.341003,3.306000,-37.170990
269.000000,37.242866,131.859090,4538.523511,79.349998,3.302000,-36.971008
270.000000,37.242887,131.859057,4538.442434,79.359001,3.298000,-36.770996
271.000000,37.242907,131.859025,4538.361358,79.367996,3.294000,-36.571014
272.000000,37.242928,131.858992,4538.280586,79.376999,3.290000,-36.371002
273.000000,37.242948,131.858961,4538.199814,79.386002,3.286000,-36.170013
274.000000,37.242969,131.858929,4538.119346,79.393997,3.282000,-35.970001
275.000000,37.242990,131.858897,4538.038879,79.403000,3.278000,-35.769989
276.000000,37.243010,131.858865,4537.958717,79.411003,3.274000,-35.570007
277.000000,37.243032,131.858833,4537.878859,79.419998,3.270000,-35.368988
278.000000,37.243052,131.858801,4537.798697,79.428001,3.267000,-35.169006
279.000000,37.243074,131.858770,4537.719144,79.435997,3.263000,-34.967987
280.000000,37.243095,131.858739,4537.639286,79.445000,3.259000,-34.768005
281.000000,37.243116,131.858707,4537.560038,79.453003,3.255000,-34.566986
282.000000,37.243137,131.858676,4537.480486,79.460999,3.251000,-34.367004
283.000000,37.243159,131.858645,4537.401238,79.469002,3.247000,-34.165985
284.000000,37.243180,131.858613,4537.322294,79.476997,3.244000,-33.964996
285.000000,37.243203,131.858582,4537.243351,79.484001,3.240000,-33.765015
286.000000,37.243224,131.858552,4537.164408,79.491997,3.236000,-33.563995
287.000000,37.243246,131.858521,4537.085770,79.500000,3.233000,-33.363007
288.000000,37.243267,131.858490,4537.007131,79.507004,3.229000,-33.161987
289.000000,37.243290,131.858459,4536.928798,79.514999,3.225000,-32.960999
290.000000,37.243312,131.858429,4536.850464,79.522003,3.222000,-32.760010
291.000000,37.243334,131.858399,4536.772130,79.528999,3.218000,-32.558990
292.000000,37.243356,131.858369,4536.694102,79.537003,3.214000,-32.358002
293.000000,37.243379,131.858338,4536.616073,79.543999,3.211000,-32.157013
294.000000,37.243401,131.858308,4536.538044,79.551003,3.207000,-31.955994
295.000000,37.243424,131.858278,4536.460320,79.557999,3.204000,-31.755005
296.000000,37.243446,131.858249,4536.382901,79.565002,3.200000,-31.553986
297.000000,37.243469,131.858219,4536.305177,79.571999,3.197000,-31.352997
298.000000,37.243491,131.858189,4536.227758,79.579002,3.193000,-31.151001
299.000000,37.243515,131.858159,4536.150338,79.585999,3.190000,-30.950012
300.000000,37.243537,131.858129,4536.073224,79.593002,3.186000,-30.748993
301.000000,37.243560,131.858100,4535.996110,79.598999,3.183000,-30.546997
302.000000,37.243583,131.858071,4535.918995,79.606003,3.179000,-30.346008
303.000000,37.243607,131.858041,4535.842186,79.612000,3.176000,-30.144012
304.000000,37.243629,131.858012,4535.765376,79.619003,3.173000,-29.942993
305.000000,37.243653,131.857983,4535.688566,79.625000,3.169000,-29.740997
306.000000,37.243676,131.857955,4535.612062,79.632004,3.166000,-29.539001
307.000000,37.243700,131.857926,4535.535557,79.638000,3.163000,-29.337006
308.000000,37.243723,131.857897,4535.459052,79.643997,3.159000,-29.135986
309.000000,37.243747,131.857868,4535.382852,79.651001,3.156000,-28.933990
310.000000,37.243770,131.857840,4535.306652,79.656998,3.153000,-28.731995
311.000000,37.243795,131.857811,4535.230452,79.663002,3.150000,-28.529999
312.000000,37.243818,131.857783,4535.154252,79.668999,3.146000,-28.328003
313.000000,37.243843,131.857755,4535.078357,79.675003,3.143000,-28.126007
314.000000,37.243866,131.857727,4535.002462,79.681000,3.140000,-27.924011
315.000000,37.243891,131.857699,4534.926871,79.686996,3.137000,-27.721008
316.000000,37.243914,131.857671,4534.850976,79.692001,3.134000,-27.519012
317.000000,37.243939,131.857643,4534.775386,79.697998,3.131000,-27.316986
318.000000,37.243964,131.857616,4534.699795,79.704002,3.128000,-27.114990
319.000000,37.243988,131.857588,4534.624205,79.709999,3.125000,-26.911987
320.000000,37.244013,131.857560,4534.548919,79.714996,3.121000,-26.709991
321.000000,37.244037,131.857533,4534.473634,79.721001,3.118000,-26.506989
322.000000,37.244062,131.857506,4534.398348,79.725998,3.115000,-26.304993
323.000000,37.244086,131.857479,4534.323062,79.732002,3.112000,-26.101990
324.000000,37.244112,131.857452,4534.248082,79.737000,3.109000,-25.898987
325.000000,37.244136,131.857426,4534.172796,79.741997,3.106000,-25.696991
326.000000,37.244161,131.857399,4534.097815,79.748001,3.103000,-25.493988
327.000000,37.244187,131.857372,4534.023139,79.752998,3.100000,-25.290985
328.000000,37.244212,131.857345,4533.948158,79.758003,3.098000,-25.088013
329.000000,37.244237,131.857319,4533.873482,79.763000,3.095000,-24.885010
330.000000,37.244262,131.857292,4533.798806,79.767998,3.092000,-24.682007
331.000000,37.244288,131.857266,4533.724130,79.773003,3.089000,-24.479004
332.000000,37.244313,131.857241,4533.649454,79.778000,3.086000,-24.276001
333.000000,37.244339,131.857214,4533.574778,79.782997,3.083000,-24.072998
334.000000,37.244365,131.857188,4533.500407,79.788002,3.080000,-23.869995
335.000000,37.244390,131.857163,4533.425731,79.792999,3.078000,-23.666992
336.000000,37.244416,131.857137,4533.351360,79.797997,3.075000,-23.463989
337.000000,37.244441,131.857111,4533.276989,79.802002,3.072000,-23.260986
338.000000,37.244468,131.857086,4533.202922,79.806999,3.069000,-23.057007
339.000000,37.244493,131.857061,4533.128551,79.811996,3.066000,-22.854004
340.000000,37.244519,131.857035,4533.054485,79.816002,3.064000,-22.651001
341.000000,37.244546,131.857010,4532.980418,79.820999,3.061000,-22.446991
342.000000,37.244572,131.856986,4532.906047,79.824997,3.058000,-22.243988
343.000000,37.244598,131.856961,4532.831981,79.830002,3.055000,-22.040009
344.000000,37.244624,131.856936,4532.758219,79.834000,3.053000,-21.837006
345.000000,37.244651,131.856912,4532.684153,79.837997,3.050000,-21.632996
346.000000,37.244677,131.856887,4532.610086,79.843002,3.047000,-21.429993
347.000000,37.244704,131.856862,4532.536325,79.847000,3.045000,-21.226013
348.000000,37.244731,131.856839,4532.462563,79.850998,3.042000,-21.022003
349.000000,37.244757,131.856814,4532.388802,79.855003,3.040000,-20.819000
350.000000,37.244784,131.856791,4532.315040,79.859001,3.037000,-20.614990
351.000000,37.244810,131.856766,4532.241278,79.862999,3.034000,-20.411011
352.000000,37.244837,131.856742,4532.167517,79.866997,3.032000,-20.208008
353.000000,37.244865,131.856719,4532.093755,79.871002,3.029000,-20.003998
354.000000,37.244891,131.856695,4532.020298,79.875000,3.027000,-19.799988
355.000000,37.244919,131.856672,4531.946537,79.878998,3.024000,-19.596008
356.000000,37.244945,131.856649,4531.873080,79.883003,3.022000,-19.391998
357.000000,37.244973,131.856625,4531.799623,79.887001,3.019000,-19.187988
358.000000,37.245000,131.856603,4531.726166,79.890999,3.017000,-18.984009
359.000000,37.245027,131.856580,4531.652405,79.893997,3.014000,-18.779999
360.000000,37.245055,131.856557,4531.579253,79.898003,3.012000,-18.575989
361.000000,37.245082,131.856535,4531.505796,79.902000,3.009000,-18.372009
362.000000,37.245110,131.856512,4531.432339,79.904999,3.007000,-18.167999
363.000000,37.245138,131.856489,4531.358882,79.908997,3.004000,-17.963989
364.000000,37.245165,131.856467,4531.285426,79.912003,3.002000,-17.760010
365.000000,37.245193,131.856445,4531.212274,79.916000,2.999000,-17.554993
366.000000,37.245221,131.856423,4531.138817,79.918999,2.997000,-17.351013
367.000000,37.245248,131.856401,4531.065665,79.922997,2.994000,-17.147003
368.000000,37.245277,131.856380,4530.992513,79.926003,2.992000,-16.942993
369.000000,37.245304,131.856357,4530.919056,79.929001,2.990000,-16.738007
370.000000,37.245332,131.856335,4530.845904,79.932999,2.987000,-16.533997
371.000000,37.245361,131.856315,4530.772752,79.935997,2.985000,-16.329987
372.000000,37.245388,131.856293,4530.699600,79.939003,2.983000,-16.125000
373.000000,37.245417,131.856272,4530.626448,79.942001,2.980000,-15.920990
374.000000,37.245446,131.856251,4530.553296,79.945000,2.978000,-15.716003
375.000000,37.245473,131.856230,4530.480144,79.947998,2.976000,-15.511993
376.000000,37.245502,131.856209,4530.406992,79.950996,2.973000,-15.307007
377.000000,37.245530,131.856188,4530.333840,79.954002,2.971000,-15.102997
378.000000,37.245559,131.856168,4530.260688,79.957001,2.969000,-14.898010
379.000000,37.245588,131.856147,4530.187536,79.959999,2.967000,-14.694000
380.000000,37.245616,131.856128,4530.114384,79.962997,2.964000,-14.489014
381.000000,37.245645,131.856107,4530.041232,79.966003,2.962000,-14.283997
382.000000,37.245674,131.856088,4529.968385,79.969002,2.960000,-14.079987
383.000000,37.245702,131.856067,4529.895233,79.972000,2.958000,-13.875000
384.000000,37.245732,131.856048,4529.822081,79.974998,2.955000,-13.670013
385.000000,37.245761,131.856028,4529.748929,79.977997,2.953000,-13.464996
386.000000,37.245789,131.856009,4529.676082,79.980003,2.951000,-13.260986
387.000000,37.245819,131.855989,4529.602930,79.983002,2.949000,-13.056000
388.000000,37.245848,131.855970,4529.530082,79.986000,2.947000,-12.851013
389.000000,37.245877,131.855951,4529.456930,79.987999,2.945000,-12.645996
390.000000,37.245906,131.855931,4529.383778,79.990997,2.942000,-12.441010
391.000000,37.245936,131.855913,4529.310931,79.992996,2.940000,-12.235992
392.000000,37.245965,131.855894,4529.237779,79.996002,2.938000,-12.031006
393.000000,37.245994,131.855876,4529.164627,79.999001,2.936000,-11.825989
394.000000,37.246023,131.855857,4529.091780,80.000999,2.934000,-11.622009
395.000000,37.246053,131.855839,4529.018628,80.002998,2.932000,-11.416992
396.000000,37.246083,131.855820,4528.945781,80.005997,2.930000,-11.212006
397.000000,37.246112,131.855803,4528.872629,80.008003,2.928000,-11.006012
398.000000,37.246142,131.855785,4528.799477,80.011002,2.926000,-10.800995
399.000000,37.246172,131.855767,4528.726630,80.013000,2.923000,-10.596008
400.000000,37.246201,131.855750,4528.653478,80.014999,2.921000,-10.390991
401.000000,37.246231,131.855732,4528.580326,80.017998,2.919000,-10.186005
402.000000,37.246261,131.855715,4528.507478,80.019997,2.917000,-9.980988
403.000000,37.246290,131.855697,4528.434326,80.022003,2.915000,-9.776001
404.000000,37.246321,131.855680,4528.361174,80.025002,2.913000,-9.571014
405.000000,37.246351,131.855663,4528.288327,80.027000,2.911000,-9.364990
406.000000,37.246380,131.855646,4528.215175,80.028999,2.909000,-9.160004
407.000000,37.246411,131.855629,4528.142023,80.030998,2.907000,-8.954987
408.000000,37.246441,131.855613,4528.068871,80.032997,2.905000,-8.748993
409.000000,37.246471,131.855596,4527.995719,80.035004,2.903000,-8.544006
410.000000,37.246502,131.855580,4527.922567,80.037003,2.901000,-8.338989
411.000000,37.246532,131.855565,4527.849720,80.039001,2.900000,-8.132996
412.000000,37.246562,131.855548,4527.776568,80.041000,2.898000,-7.928009
413.000000,37.246593,131.855532,4527.703416,80.042999,2.896000,-7.722992
414.000000,37.246623,131.855516,4527.630264,80.044998,2.894000,-7.516998
415.000000,37.246654,131.855501,4527.557112,80.046997,2.892000,-7.312012
416.000000,37.246684,131.855485,4527.483655,80.049004,2.890000,-7.105988
417.000000,37.246715,131.855470,4527.410503,80.051003,2.888000,-6.901001
418.000000,37.246746,131.855455,4527.337351,80.053001,2.886000,-6.695007
419.000000,37.246776,131.855440,4527.264199,80.055000,2.884000,-6.489990
420.000000,37.246807,131.855425,4527.191047,80.056000,2.882000,-6.283997
421.000000,37.246838,131.855410,4527.117590,80.057999,2.881000,-6.079010
422.000000,37.246868,131.855395,4527.044438,80.060997,2.880000,-5.872986
423.000000,37.246899,131.855381,4526.970982,80.066002,2.879000,-5.667999
424.000000,37.246930,131.855366,4526.897525,80.070999,2.880000,-5.463013
425.000000,37.246960,131.855353,4526.824068,80.075996,2.881000,-5.257996
426.000000,37.246992,131.855338,4526.750611,80.082001,2.883000,-5.052002
427.000000,37.247023,131.855324,4526.677154,80.087997,2.884000,-4.846985
428.000000,37.247053,131.855311,4526.603698,80.093002,2.886000,-4.641998
429.000000,37.247085,131.855297,4526.530241,80.098000,2.888000,-4.437012
430.000000,37.247116,131.855283,4526.456784,80.102997,2.891000,-4.231995
431.000000,37.247148,131.855270,4526.383022,80.107002,2.893000,-4.027008
432.000000,37.247178,131.855257,4526.309566,80.110001,2.895000,-3.821991
433.000000,37.247210,131.855244,4526.236109,80.112999,2.898000,-3.617004
434.000000,37.247241,131.855231,4526.162347,80.114998,2.900000,-3.411987
435.000000,37.247272,131.855218,4526.088890,80.116997,2.902000,-3.207001
436.000000,37.247304,131.855205,4526.015129,80.117996,2.904000,-3.001007
437.000000,37.247335,131.855193,4525.941672,80.117996,2.907000,-2.795990
438.000000,37.247366,131.855180,4525.867910,80.117996,2.909000,-2.591003
439.000000,37.247398,131.855168,4525.794454,80.116997,2.911000,-2.385986
440.000000,37.247430,131.855156,4525.720692,80.115997,2.913000,-2.179993
441.000000,37.247461,131.855144,4525.646930,80.113998,2.915000,-1.975006
442.000000,37.247492,131.855132,4525.573169,80.112000,2.917000,-1.769012
443.000000,37.247524,131.855121,4525.499712,80.109001,2.919000,-1.563995
444.000000,37.247556,131.855109,4525.425950,80.106003,2.921000,-1.359009
445.000000,37.247587,131.855098,4525.352189,80.102997,2.923000,-1.153015
446.000000,37.247619,131.855087,4525.278427,80.098999,2.925000,-0.947998
447.000000,37.247651,131.855075,4525.204666,80.095001,2.927000,-0.742004
448.000000,37.247682,131.855064,4525.130904,80.091003,2.929000,-0.536987
449.000000,37.247714,131.855054,4525.057142,80.085999,2.931000,-0.330994
450.000000,37.247746,131.855042,4524.983381,80.082001,2.933000,-0.126007
451.000000,37.247778,131.855032,4524.909619,80.077003,2.935000,0.080000
452.000000,37.247810,131.855022,4524.835858,80.071999,2.937000,0.285000
453.000000,37.247842,131.855012,4524.762096,80.067001,2.939000,0.491000
454.000000,37.247874,131.855001,4524.688334,80.061996,2.941000,0.697000
455.000000,37.247905,131.854992,4524.614573,80.056999,2.943000,0.902000
456.000000,37.247938,131.854982,4524.540811,80.052002,2.944000,1.108000
457.000000,37.247970,131.854973,4524.467050,80.045998,2.946000,1.313000
458.000000,37.248002,131.854962,4524.393288,80.041000,2.948000,1.519000
459.000000,37.248034,131.854953,4524.319526,80.036003,2.950000,1.724000
460.000000,37.248066,131.854944,4524.245765,80.030998,2.952000,1.930000
461.000000,37.248099,131.854935,4524.172003,80.026001,2.954000,2.135000
462.000000,37.248131,131.854926,4524.098242,80.021004,2.956000,2.341000
463.000000,37.248163,131.854917,4524.024480,80.015999,2.957000,2.546000
464.000000,37.248195,131.854909,4523.950718,80.012001,2.959000,2.752000
465.000000,37.248228,131.854901,4523.876957,80.007004,2.961000,2.957000
466.000000,37.248259,131.854892,4523.803195,80.002998,2.963000,3.163000
467.000000,37.248292,131.854884,4523.729434,79.999001,2.965000,3.369000
468.000000,37.248324,131.854876,4523.655672,79.994003,2.967000,3.574000
469.000000,37.248357,131.854868,4523.582215,79.989998,2.969000,3.779000
470.000000,37.248389,131.854859,4523.508454,79.986000,2.971000,3.985000
471.000000,37.248421,131.854852,4523.434692,79.983002,2.973000,4.190000
472.000000,37.248454,131.854845,4523.361235,79.978996,2.975000,4.396000
473.000000,37.248486,131.854838,4523.287474,79.975998,2.976000,4.601000
474.000000,37.248519,131.854831,4523.214017,79.972000,2.978000,4.807000
475.000000,37.248551,131.854823,4523.140560,79.969002,2.980000,5.012000
476.000000,37.248584,131.854816,4523.066798,79.966003,2.982000,5.218000
477.000000,37.248616,131.854810,4522.993342,79.962997,2.984000,5.423000
478.000000,37.248649,131.854803,4522.919885,79.959999,2.986000,5.629000
479.000000,37.248682,131.854797,4522.846428,79.958000,2.988000,5.834000
480.000000,37.248714,131.854790,4522.772971,79.955002,2.990000,6.039000
481.000000,37.248746,131.854784,4522.699514,79.953003,2.992000,6.245000
482.000000,37.248779,131.854778,4522.626058,79.950996,2.994000,6.450000
483.000000,37.248812,131.854772,4522.552906,79.948997,2.995000,6.656000
484.000000,37.248844,131.854767,4522.479449,79.946999,2.997000,6.861000
485.000000,37.248877,131.854761,4522.406297,79.945000,2.999000,7.067000
486.000000,37.248910,131.854756,4522.332840,79.943001,3.001000,7.272000
487.000000,37.248943,131.854750,4522.259688,79.941002,3.003000,7.477000
488.000000,37.248975,131.854745,4522.186536,79.940002,3.005000,7.683000
489.000000,37.249008,131.854740,4522.113384,79.938004,3.007000,7.888000
490.000000,37.249041,131.854735,4522.040232,79.936996,3.009000,8.094000
491.000000,37.249074,131.854731,4521.967080,79.935997,3.011000,8.299000
492.000000,37.249106,131.854726,4521.893928,79.933998,3.012000,8.504000
493.000000,37.249139,131.854722,4521.821081,79.932999,3.014000,8.710000
494.000000,37.249172,131.854717,4521.747929,79.931999,3.016000,8.915000
495.000000,37.249205,131.854713,4521.675082,79.931000,3.018000,9.121000
496.000000,37.249237,131.854709,4521.602234,79.930000,3.020000,9.326000
497.000000,37.249271,131.854706,4521.529387,79.929001,3.022000,9.531000
498.000000,37.249304,131.854702,4521.456540,79.928001,3.023000,9.737000
499.000000,37.249336,131.854699,4521.383693,79.928001,3.025000,9.942000
500.000000,37.249369,131.854695,4521.310846,79.927002,3.027000,10.148000
501.000000,37.249402,131.854692,4521.238303,79.926003,3.029000,10.353000
502.000000,37.249435,131.854689,4521.165456,79.926003,3.031000,10.558000
503.000000,37.249468,131.854687,4521.092914,79.925003,3.032000,10.764000
504.000000,37.249501,131.854683,4521.020371,79.925003,3.034000,10.969000
505.000000,37.249534,131.854680,4520.947829,79.924004,3.036000,11.175000
506.000000,37.249567,131.854678,4520.875286,79.924004,3.038000,11.380000
507.000000,37.249599,131.854676,4520.802744,79.922997,3.039000,11.585000
508.000000,37.249633,131.854674,4520.730506,79.922997,3.041000,11.791000
509.000000,37.249666,131.854672,4520.657964,79.921997,3.043000,11.996000
510.000000,37.249699,131.854670,4520.585726,79.921997,3.044000,12.202000
511.000000,37.249731,131.854668,4520.513489,79.921997,3.046000,12.407000
512.000000,37.249765,131.854667,4520.441251,79.920998,3.048000,12.613000
513.000000,37.249798,131.854665,4520.369014,79.920998,3.049000,12.818000
514.000000,37.249831,131.854664,4520.296776,79.920998,3.051000,13.024000
515.000000,37.249863,131.854663,4520.224843,79.920998,3.053000,13.229000
516.000000,37.249897,131.854662,4520.152606,79.919998,3.054000,13.434000
517.000000,37.249930,131.854661,4520.080673,79.919998,3.056000,13.640000
518.000000,37.249962,131.854661,4520.008740,79.919998,3.058000,13.845000
519.000000,37.249996,131.854660,4519.936807,79.919998,3.059000,14.051000
520.000000,37.250029,131.854660,4519.864874,79.918999,3.061000,14.256000
521.000000,37.250062,131.854660,4519.793246,79.918999,3.063000,14.462000
522.000000,37.250094,131.854660,4519.721314,79.918999,3.064000,14.667000
523.000000,37.250128,131.854660,4519.649686,79.918999,3.066000,14.873000
524.000000,37.250161,131.854660,4519.578058,79.918999,3.067000,15.078000
525.000000,37.250194,131.854660,4519.506430,79.918999,3.069000,15.284000
526.000000,37.250227,131.854661,4519.434802,79.918999,3.070000,15.489000
527.000000,37.250260,131.854662,4519.363174,79.918999,3.072000,15.695000
528.000000,37.250293,131.854662,4519.291850,79.918999,3.074000,15.900000
529.000000,37.250326,131.854663,4519.220527,79.917999,3.075000,16.106001
530.000000,37.250359,131.854665,4519.149204,79.917999,3.077000,16.311001
531.000000,37.250392,131.854666,4519.077881,79.917999,3.078000,16.517000
532.000000,37.250425,131.854667,4519.006558,79.917999,3.080000,16.722000
533.000000,37.250458,131.854669,4518.935234,79.917999,3.081000,16.927999
534.000000,37.250491,131.854670,4518.864216,79.917999,3.083000,17.132999
535.000000,37.250524,131.854672,4518.792893,79.917999,3.084000,17.339001
536.000000,37.250557,131.854674,4518.721874,79.917999,3.086000,17.545000
537.000000,37.250591,131.854676,4518.650856,79.918999,3.087000,17.750000
538.000000,37.250623,131.854679,4518.580142,79.918999,3.089000,17.955999
539.000000,37.250656,131.854681,4518.509124,79.918999,3.090000,18.160999
540.000000,37.250689,131.854684,4518.438410,79.918999,3.092000,18.367001
541.000000,37.250723,131.854686,4518.367697,79.918999,3.093000,18.572001
542.000000,37.250755,131.854689,4518.296678,79.918999,3.094000,18.778000
543.000000,37.250788,131.854692,4518.226270,79.918999,3.096000,18.983999
544.000000,37.250821,131.854695,4518.155556,79.918999,3.097000,19.188999
545.000000,37.250853,131.854700,4518.084842,79.919998,3.099000,19.395000
546.000000,37.250887,131.854703,4518.014434,79.919998,3.100000,19.600000
547.000000,37.250920,131.854707,4517.944025,79.919998,3.102000,19.806000
548.000000,37.250953,131.854710,4517.873616,79.919998,3.103000,20.011999
549.000000,37.250985,131.854714,4517.803207,79.919998,3.104000,20.216999
550.000000,37.251018,131.854718,4517.733103,79.920998,3.106000,20.423000
551.000000,37.251051,131.854723,4517.662694,79.920998,3.107000,20.628000
552.000000,37.251085,131.854727,4517.592590,79.920998,3.109000,20.834000
553.000000,37.251117,131.854731,4517.522486,79.921997,3.110000,21.040001
554.000000,37.251150,131.854737,4517.452382,79.921997,3.111000,21.245001
555.000000,37.251183,131.854742,4517.382278,79.921997,3.113000,21.451000
556.000000,37.251216,131.854747,4517.312479,79.922997,3.114000,21.657000
557.000000,37.251248,131.854752,4517.242680,79.922997,3.115000,21.862000
558.000000,37.251281,131.854757,4517.172881,79.922997,3.117000,22.068001
559.000000,37.251314,131.854762,4517.103082,79.924004,3.118000,22.274000
560.000000,37.251346,131.854768,4517.033282,79.924004,3.119000,22.479000
561.000000,37.251379,131.854773,4516.963483,79.925003,3.121000,22.684999
562.000000,37.251412,131.854780,4516.893989,79.925003,3.122000,22.891001
563.000000,37.251445,131.854786,4516.824494,79.926003,3.123000,23.096001
564.000000,37.251477,131.854792,4516.755000,79.926003,3.125000,23.302000
565.000000,37.251510,131.854798,4516.685506,79.927002,3.126000,23.507999
566.000000,37.251543,131.854804,4516.616316,79.926003,3.127000,23.714001
567.000000,37.251576,131.854811,4516.547126,79.922997,3.126000,23.920000
568.000000,37.251608,131.854819,4516.477937,79.919998,3.125000,24.125999
569.000000,37.251641,131.854825,4516.408747,79.916000,3.124000,24.332001
570.000000,37.251674,131.854832,4516.339862,79.912003,3.122000,24.538000
571.000000,37.251706,131.854839,4516.270673,79.907997,3.120000,24.745001
572.000000,37.251738,131.854846,4516.201788,79.903999,3.118000,24.951000
573.000000,37.251771,131.854855,4516.132903,79.900002,3.115000,25.158001
574.000000,37.251804,131.854862,4516.064323,79.897003,3.113000,25.364000
575.000000,37.251836,131.854870,4515.995438,79.893997,3.110000,25.570999
576.000000,37.251868,131.854878,4515.926858,79.891998,3.107000,25.777000
577.000000,37.251901,131.854886,4515.858278,79.890999,3.105000,25.983999
578.000000,37.251934,131.854895,4515.789698,79.889999,3.102000,26.190001
579.000000,37.251966,131.854903,4515.721118,79.889999,3.100000,26.396000
580.000000,37.251998,131.854911,4515.652843,79.889999,3.097000,26.603001
581.000000,37.252031,131.854920,4515.584263,79.891998,3.095000,26.809000
582.000000,37.252063,131.854928,4515.515988,79.893997,3.092000,27.016001
583.000000,37.252095,131.854938,4515.447713,79.896004,3.090000,27.222000
584.000000,37.252128,131.854947,4515.379438,79.900002,3.087000,27.429001
585.000000,37.252160,131.854956,4515.311162,79.903999,3.085000,27.635000
586.000000,37.252192,131.854965,4515.242887,79.907997,3.083000,27.841999
587.000000,37.252224,131.854976,4515.174917,79.913002,3.080000,28.048000
588.000000,37.252257,131.854985,4515.106946,79.918999,3.078000,28.254999
589.000000,37.252289,131.854995,4515.038671,79.925003,3.076000,28.461000
590.000000,37.252320,131.855005,4514.970701,79.931999,3.073000,28.667999
591.000000,37.252353,131.855016,4514.902730,79.939003,3.071000,28.874001
592.000000,37.252385,131.855026,4514.835065,79.946999,3.069000,29.080999
593.000000,37.252418,131.855036,4514.767094,79.955002,3.067000,29.287001
594.000000,37.252449,131.855046,4514.699124,79.962997,3.064000,29.493999
595.000000,37.252481,131.855058,4514.631458,79.972000,3.062000,29.700001
596.000000,37.252513,131.855068,4514.563793,79.981003,3.060000,29.907000
597.000000,37.252545,131.855079,4514.495822,79.989998,3.058000,30.113001
598.000000,37.252577,131.855091,4514.428157,79.999001,3.056000,30.320000
599.000000,37.252609,131.855102,4514.360491,80.009003,3.053000,30.525999
600.000000,37.252641,131.855113,4514.292826,80.017998,3.051000,30.733000
601.000000,37.252672,131.855126,4514.225465,80.028000,3.049000,30.940001
602.000000,37.252704,131.855137,4514.157799,80.038002,3.046000,31.146000
603.000000,37.252736,131.855149,4514.090134,80.047997,3.044000,31.353001
604.000000,37.252767,131.855161,4514.022773,80.057999,3.042000,31.559999
605.000000,37.252799,131.855173,4513.955107,80.068001,3.039000,31.766001
606.000000,37.252831,131.855185,4513.887442,80.078003,3.037000,31.973000
607.000000,37.252863,131.855198,4513.820081,80.087997,3.035000,32.180000
608.000000,37.252894,131.855211,4513.752720,80.098000,3.032000,32.387001
609.000000,37.252926,131.855223,4513.685054,80.108002,3.030000,32.592999
610.000000,37.252957,131.855236,4513.617694,80.117996,3.027000,32.799999
611.000000,37.252988,131.855250,4513.550028,80.127998,3.025000,33.007000
612.000000,37.253020,131.855263,4513.482667,80.138000,3.022000,33.214001
613.000000,37.253052,131.855277,4513.415306,80.147003,3.020000,33.421001
614.000000,37.253082,131.855290,4513.347641,80.156998,3.017000,33.627998
615.000000,37.253114,131.855303,4513.280280,80.166000,3.015000,33.834999
616.000000,37.253145,131.855318,4513.212919,80.176003,3.012000,34.042000
617.000000,37.253177,131.855331,4513.145254,80.184998,3.009000,34.249001
618.000000,37.253207,131.855345,4513.077893,80.194000,3.007000,34.456001
619.000000,37.253239,131.855360,4513.010227,80.203003,3.004000,34.662998
620.000000,37.253270,131.855374,4512.942866,80.211998,3.001000,34.870998
621.000000,37.253301,131.855388,4512.875201,80.221001,2.999000,35.077999
622.000000,37.253332,131.855403,4512.807535,80.228996,2.996000,35.285000
623.000000,37.253363,131.855418,4512.740174,80.237999,2.993000,35.492001
624.000000,37.253393,131.855433,4512.672509,80.246002,2.990000,35.699001
625.000000,37.253425,131.855448,4512.604843,80.253998,2.987000,35.907001
626.000000,37.253456,131.855463,4512.537178,80.263000,2.985000,36.113998
627.000000,37.253487,131.855479,4512.469512,80.271004,2.982000,36.320999
628.000000,37.253517,131.855494,4512.401846,80.278999,2.979000,36.528999
629.000000,37.253548,131.855510,4512.333876,80.286003,2.976000,36.736000
630.000000,37.253579,131.855526,4512.266210,80.293999,2.973000,36.943001
631.000000,37.253609,131.855541,4512.198240,80.302002,2.970000,37.151001
632.000000,37.253640,131.855558,4512.130574,80.308998,2.967000,37.358002
633.000000,37.253671,131.855573,4512.062604,80.317001,2.964000,37.566002
634.000000,37.253701,131.855590,4511.994634,80.323997,2.961000,37.772999
635.000000,37.253731,131.855606,4511.926663,80.331001,2.958000,37.980999
636.000000,37.253762,131.855624,4511.858693,80.338997,2.955000,38.188000
637.000000,37.253792,131.855640,4511.790418,80.346001,2.952000,38.396000
638.000000,37.253822,131.855656,4511.722447,80.352997,2.949000,38.604000
639.000000,37.253853,131.855674,4511.654172,80.360001,2.946000,38.811001
640.000000,37.253883,131.855691,4511.585897,80.366997,2.943000,39.019001
641.000000,37.253913,131.855709,4511.517622,80.374001,2.939000,39.227001
642.000000,37.253944,131.855726,4511.449346,80.380997,2.936000,39.433998
643.000000,37.253973,131.855744,4511.381071,80.387001,2.933000,39.641998
644.000000,37.254003,131.855761,4511.312491,80.393997,2.930000,39.849998
645.000000,37.254034,131.855780,4511.243911,80.401001,2.927000,40.057999
646.000000,37.254063,131.855797,4511.175331,80.406998,2.924000,40.264999
647.000000,37.254093,131.855816,4511.106751,80.414001,2.920000,40.473000
648.000000,37.254123,131.855834,4511.037866,80.420998,2.917000,40.681000
649.000000,37.254153,131.855853,4510.969286,80.427002,2.914000,40.889000
650.000000,37.254182,131.855871,4510.900402,80.433998,2.911000,41.097000
651.000000,37.254212,131.855890,4510.831517,80.440002,2.907000,41.304001
652.000000,37.254242,131.855908,4510.762327,80.446999,2.904000,41.512001
653.000000,37.254271,131.855928,4510.693442,80.453003,2.901000,41.720001
654.000000,37.254301,131.855946,4510.624253,80.459000,2.898000,41.928001
655.000000,37.254331,131.855966,4510.554758,80.466003,2.894000,42.136002
656.000000,37.254360,131.855985,4510.485569,80.472000,2.891000,42.344002
657.000000,37.254389,131.856005,4510.416074,80.478996,2.888000,42.551998
658.000000,37.254418,131.856024,4510.346580,80.485001,2.884000,42.759998
659.000000,37.254447,131.856044,4510.277086,80.490997,2.881000,42.967999
660.000000,37.254477,131.856064,4510.207591,80.497002,2.878000,43.175999
661.000000,37.254505,131.856084,4510.137792,80.503998,2.874000,43.383999
662.000000,37.254535,131.856104,4510.067993,80.510002,2.871000,43.591999
663.000000,37.254564,131.856125,4509.997889,80.515999,2.867000,43.799999
664.000000,37.254592,131.856145,4509.928090,80.522003,2.864000,44.007999
665.000000,37.254622,131.856166,4509.857681,80.528999,2.861000,44.216000
666.000000,37.254651,131.856186,4509.787577,80.535004,2.857000,44.424999
667.000000,37.254679,131.856207,4509.717168,80.541000,2.854000,44.632999
668.000000,37.254708,131.856229,4509.646759,80.546997,2.850000,44.841000
669.000000,37.254737,131.856249,4509.576350,80.553001,2.847000,45.049000
670.000000,37.254765,131.856271,4509.505942,80.559998,2.843000,45.257000
671.000000,37.254794,131.856292,4509.435228,80.566002,2.840000,45.465000
672.000000,37.254823,131.856314,4509.364210,80.571999,2.836000,45.674000
673.000000,37.254850,131.856335,4509.293191,80.578003,2.833000,45.882000
674.000000,37.254879,131.856357,4509.222173,80.584000,2.829000,46.090000
675.000000,37.254907,131.856379,4509.151154,80.589996,2.826000,46.299000
676.000000,37.254935,131.856401,4509.079831,80.596001,2.822000,46.507000
677.000000,37.254964,131.856423,4509.008508,80.601997,2.818000,46.715000
678.000000,37.254991,131.856445,4508.937185,80.608002,2.815000,46.923000
679.000000,37.255020,131.856468,4508.865557,80.613998,2.811000,47.132000
680.000000,37.255048,131.856491,4508.793624,80.620003,2.808000,47.340000
681.000000,37.255075,131.856513,4508.721996,80.625999,2.804000,47.549000
682.000000,37.255104,131.856536,4508.650063,80.632004,2.800000,47.757000
683.000000,37.255132,131.856559,4508.577826,80.638000,2.797000,47.965000
684.000000,37.255159,131.856582,4508.505588,80.643997,2.793000,48.174000
685.000000,37.255187,131.856606,4508.433350,80.649002,2.789000,48.382000
686.000000,37.255214,131.856628,4508.360808,80.654999,2.786000,48.591000
687.000000,37.255242,131.856652,4508.288266,80.661003,2.782000,48.799000
688.000000,37.255269,131.856675,4508.215723,80.667000,2.778000,49.007999
689.000000,37.255296,131.856699,4508.142876,80.672997,2.774000,49.216000
690.000000,37.255324,131.856723,4508.069724,80.678001,2.771000,49.424999
691.000000,37.255351,131.856747,4507.996572,80.683998,2.767000,49.632999
692.000000,37.255378,131.856771,4507.923420,80.690002,2.763000,49.841999
693.000000,37.255406,131.856796,4507.849963,80.695999,2.759000,50.049999
694.000000,37.255432,131.856820,4507.776506,80.700996,2.756000,50.258999
695.000000,37.255459,131.856844,4507.703050,80.707001,2.752000,50.467999
696.000000,37.255487,131.856869,4507.628983,80.712997,2.748000,50.675999
697.000000,37.255513,131.856893,4507.555222,80.718002,2.744000,50.884998
698.000000,37.255540,131.856919,4507.481155,80.723999,2.740000,51.094002
699.000000,37.255566,131.856944,4507.406784,80.728996,2.737000,51.301998
700.000000,37.255593,131.856968,4507.332413,80.735001,2.733000,51.511002
701.000000,37.255620,131.856994,4507.258042,80.739998,2.729000,51.720001
702.000000,37.255646,131.857019,4507.183366,80.746002,2.725000,51.928001
703.000000,37.255673,131.857044,4507.108385,80.750999,2.721000,52.137001
704.000000,37.255698,131.857070,4507.033404,80.757004,2.717000,52.346001
705.000000,37.255725,131.857096,4506.958423,80.762001,2.713000,52.555000
706.000000,37.255751,131.857121,4506.883138,80.766998,2.709000,52.764000
707.000000,37.255777,131.857148,4506.807547,80.773003,2.705000,52.972000
708.000000,37.255804,131.857174,4506.731957,80.778000,2.701000,53.181000
709.000000,37.255829,131.857199,4506.656366,80.783997,2.697000,53.389999
710.000000,37.255855,131.857226,4506.580471,80.789001,2.693000,53.598999
711.000000,37.255880,131.857253,4506.504271,80.793999,2.689000,53.807999
712.000000,37.255907,131.857279,4506.428071,80.799004,2.685000,54.016998
713.000000,37.255933,131.857306,4506.351566,80.805000,2.681000,54.226002
714.000000,37.255958,131.857333,4506.275062,80.809998,2.677000,54.435001
715.000000,37.255984,131.857360,4506.198252,80.815002,2.673000,54.643002
716.000000,37.256008,131.857386,4506.121442,80.820000,2.669000,54.852001
717.000000,37.256034,131.857413,4506.044328,80.824997,2.665000,55.061001
718.000000,37.256059,131.857441,4505.966909,80.830002,2.661000,55.270000
719.000000,37.256084,131.857469,4505.889490,80.834999,2.657000,55.479000
720.000000,37.256110,131.857495,4505.812070,80.839996,2.653000,55.688000
721.000000,37.256134,131.857523,4505.734042,80.845001,2.649000,55.896999
722.000000,37.256160,131.857551,4505.656318,80.849998,2.645000,56.105999
723.000000,37.256184,131.857578,4505.577984,80.855003,2.641000,56.316002
724.000000,37.256209,131.857607,4505.499650,80.860001,2.637000,56.525002
725.000000,37.256234,131.857635,4505.421317,80.864998,2.632000,56.734001
726.000000,37.256259,131.857663,4505.342678,80.870003,2.628000,56.943001
727.000000,37.256283,131.857691,4505.263735,80.875000,2.624000,57.152000
728.000000,37.256307,131.857720,4505.184487,80.880997,2.621000,57.361000
729.000000,37.256332,131.857748,4505.105239,80.889000,2.618000,57.570000
730.000000,37.256356,131.857777,4505.025686,80.897003,2.617000,57.778999
731.000000,37.256381,131.857805,4504.946134,80.905998,2.615000,57.987000
732.000000,37.256404,131.857834,4504.866276,80.915001,2.615000,58.195999
733.000000,37.256429,131.857863,4504.786114,80.924004,2.614000,58.404999
734.000000,37.256452,131.857893,4504.705646,80.931999,2.614000,58.612999
735.000000,37.256477,131.857922,4504.625179,80.940002,2.613000,58.821999
736.000000,37.256500,131.857951,4504.544712,80.947998,2.613000,59.030998
737.000000,37.256524,131.857980,4504.463635,80.955002,2.613000,59.238998
738.000000,37.256547,131.858010,4504.382558,80.960999,2.613000,59.448002
739.000000,37.256571,131.858040,4504.301482,80.967003,2.612000,59.657001
740.000000,37.256594,131.858069,4504.220100,80.972000,2.612000,59.865002
741.000000,37.256618,131.858099,4504.138414,80.975998,2.612000,60.074001
742.000000,37.256642,131.858129,4504.056422,80.980003,2.612000,60.283001
743.000000,37.256664,131.858159,4503.974431,80.983002,2.611000,60.492001
744.000000,37.256688,131.858190,4503.892135,80.985001,2.611000,60.700001
745.000000,37.256710,131.858219,4503.809839,80.987000,2.611000,60.909000
746.000000,37.256734,131.858250,4503.727238,80.987999,2.610000,61.118000
747.000000,37.256756,131.858280,4503.644333,80.988998,2.610000,61.327000
748.000000,37.256779,131.858311,4503.561427,80.988998,2.609000,61.535999
749.000000,37.256802,131.858342,4503.478217,80.988998,2.608000,61.744999
750.000000,37.256825,131.858373,4503.395006,80.987999,2.608000,61.953999
751.000000,37.256847,131.858403,4503.311186,80.987000,2.607000,62.162998
752.000000,37.256870,131.858434,4503.227671,80.985001,2.606000,62.372002
753.000000,37.256891,131.858466,4503.143546,80.983002,2.606000,62.581001
754.000000,37.256914,131.858497,4503.059422,80.981003,2.605000,62.790001
755.000000,37.256936,131.858529,4502.974992,80.977997,2.604000,62.999001
756.000000,37.256958,131.858560,4502.890562,80.975998,2.603000,63.208000
757.000000,37.256980,131.858591,4502.805828,80.973000,2.602000,63.417000
758.000000,37.257002,131.858623,4502.720789,80.970001,2.602000,63.625999
759.000000,37.257024,131.858655,4502.635750,80.966003,2.601000,63.834999
760.000000,37.257046,131.858687,4502.550406,80.962997,2.600000,64.043999
761.000000,37.257067,131.858719,4502.464757,80.959999,2.599000,64.252998
762.000000,37.257089,131.858751,4502.379108,80.956001,2.598000,64.461998
763.000000,37.257110,131.858783,4502.293459,80.952003,2.597000,64.670998
764.000000,37.257132,131.858815,4502.207201,80.948997,2.596000,64.879997
765.000000,37.257152,131.858847,4502.120942,80.945000,2.595000,65.088997
766.000000,37.257174,131.858880,4502.034379,80.942001,2.594000,65.297997
767.000000,37.257195,131.858912,4501.947816,80.938004,2.593000,65.507004
768.000000,37.257215,131.858945,4501.860948,80.934998,2.592000,65.716003
769.000000,37.257236,131.858978,4501.774080,80.931000,2.591000,65.925003
770.000000,37.257257,131.859011,4501.686907,80.928001,2.590000,66.134003
771.000000,37.257278,131.859043,4501.599430,80.925003,2.590000,66.343002
772.000000,37.257298,131.859076,4501.511952,80.921997,2.589000,66.552002
773.000000,37.257319,131.859109,4501.424170,80.918999,2.588000,66.761002
774.000000,37.257339,131.859143,4501.336387,80.916000,2.587000,66.970001
775.000000,37.257360,131.859176,4501.248300,80.913002,2.586000,67.179001
776.000000,37.257380,131.859210,4501.159908,80.911003,2.585000,67.388000
777.000000,37.257400,131.859243,4501.071516,80.907997,2.584000,67.597000
778.000000,37.257420,131.859277,4500.982819,80.905998,2.583000,67.806000
779.000000,37.257440,131.859311,4500.894122,80.903999,2.582000,68.014999
780.000000,37.257460,131.859344,4500.805121,80.901001,2.581000,68.223999
781.000000,37.257479,131.859378,4500.715814,80.899002,2.580000,68.432999
782.000000,37.257499,131.859412,4500.626508,80.898003,2.579000,68.641998
783.000000,37.257518,131.859446,4500.536897,80.896004,2.578000,68.850998
784.000000,37.257538,131.859480,4500.447286,80.893997,2.577000,69.059998
785.000000,37.257557,131.859514,4500.357370,80.892998,2.576000,69.267998
786.000000,37.257577,131.859549,4500.267454,80.891998,2.575000,69.476997
787.000000,37.257596,131.859583,4500.177233,80.889999,2.574000,69.685997
788.000000,37.257615,131.859618,4500.087012,80.889000,2.573000,69.894997
789.000000,37.257634,131.859653,4499.996182,80.888000,2.572000,70.103996
790.000000,37.257652,131.859687,4499.905656,80.888000,2.571000,70.313004
791.000000,37.257671,131.859722,4499.814826,80.887001,2.570000,70.522003
792.000000,37.257690,131.859756,4499.723690,80.886002,2.569000,70.731003
793.000000,37.257709,131.859791,4499.632555,80.886002,2.568000,70.940002
794.000000,37.257727,131.859826,4499.541115,80.885002,2.567000,71.148003
795.000000,37.257745,131.859861,4499.449370,80.885002,2.566000,71.357002
796.000000,37.257763,131.859897,4499.357626,80.885002,2.565000,71.566002
797.000000,37.257781,131.859932,4499.265881,80.885002,2.563000,71.775002
798.000000,37.257800,131.859967,4499.173831,80.884003,2.562000,71.984001
799.000000,37.257817,131.860003,4499.081477,80.884003,2.561000,72.193001
800.000000,37.257835,131.860039,4498.989122,80.884003,2.560000,72.402000
801.000000,37.257853,131.860074,4498.896463,80.885002,2.559000,72.610001
802.000000,37.257870,131.860110,4498.803804,80.885002,2.558000,72.819000
803.000000,37.257888,131.860146,4498.710840,80.885002,2.557000,73.028000
804.000000,37.257905,131.860182,4498.617571,80.885002,2.555000,73.237000
805.000000,37.257922,131.860218,4498.524607,80.885002,2.554000,73.445999
806.000000,37.257940,131.860254,4498.431034,80.886002,2.553000,73.654999
807.000000,37.257957,131.860290,4498.337460,80.886002,2.552000,73.863998
808.000000,37.257974,131.860326,4498.243582,80.887001,2.551000,74.072998
809.000000,37.257991,131.860362,4498.149703,80.887001,2.549000,74.280998
810.000000,37.258007,131.860399,4498.055825,80.888000,2.548000,74.489998
811.000000,37.258025,131.860435,4497.961337,80.888000,2.547000,74.698997
812.000000,37.258041,131.860472,4497.867154,80.889000,2.546000,74.907997
813.000000,37.258058,131.860508,4497.772361,80.889000,2.544000,75.116997
814.000000,37.258074,131.860545,4497.677568,80.889999,2.543000,75.325996
815.000000,37.258090,131.860582,4497.582775,80.890999,2.542000,75.535004
816.000000,37.258107,131.860619,4497.487678,80.891998,2.540000,75.744003
817.000000,37.258122,131.860654,4497.392580,80.891998,2.539000,75.953003
818.000000,37.258138,131.860691,4497.297178,80.892998,2.538000,76.161003
819.000000,37.258154,131.860729,4497.201470,80.893997,2.536000,76.370003
820.000000,37.258170,131.860766,4497.105763,80.893997,2.535000,76.579002
821.000000,37.258185,131.860803,4497.009751,80.894997,2.534000,76.788002
822.000000,37.258201,131.860840,4496.913739,80.896004,2.532000,76.997002
823.000000,37.258216,131.860877,4496.817422,80.897003,2.531000,77.206001
824.000000,37.258231,131.860915,4496.721106,80.898003,2.529000,77.415001
825.000000,37.258247,131.860952,4496.624484,80.899002,2.528000,77.624001
826.000000,37.258262,131.860990,4496.527862,80.899002,2.526000,77.833000
827.000000,37.258276,131.861027,4496.430936,80.900002,2.525000,78.042000
828.000000,37.258292,131.861065,4496.333705,80.901001,2.523000,78.250999
829.000000,37.258306,131.861104,4496.236474,80.902000,2.522000,78.459999
830.000000,37.258321,131.861142,4496.139242,80.903000,2.520000,78.668999
831.000000,37.258336,131.861180,4496.041706,80.903999,2.519000,78.877998
832.000000,37.258350,131.861217,4495.943866,80.904999,2.517000,79.086998
833.000000,37.258364,131.861255,4495.846025,80.905998,2.516000,79.295998
834.000000,37.258379,131.861294,4495.747879,80.906998,2.514000,79.504997
835.000000,37.258393,131.861332,4495.649734,80.907997,2.513000,79.713997
836.000000,37.258406,131.861370,4495.551283,80.908997,2.511000,79.922997
837.000000,37.258421,131.861408,4495.452528,80.910004,2.510000,80.132004
838.000000,37.258434,131.861446,4495.354078,80.911003,2.508000,80.341003
839.000000,37.258448,131.861485,4495.255018,80.912003,2.506000,80.550003
840.000000,37.258462,131.861523,4495.155958,80.913002,2.505000,80.759003
841.000000,37.258475,131.861562,4495.056593,80.914001,2.503000,80.968002
842.000000,37.258488,131.861600,4494.957228,80.915001,2.501000,81.177002
843.000000,37.258502,131.861639,4494.857863,80.916000,2.500000,81.386002
844.000000,37.258515,131.861678,4494.757889,80.917000,2.498000,81.595001
845.000000,37.258528,131.861716,4494.658219,80.917999,2.496000,81.804001
846.000000,37.258540,131.861755,4494.557940,80.918999,2.495000,82.013000
847.000000,37.258554,131.861794,4494.457966,80.920998,2.493000,82.222000
848.000000,37.258566,131.861833,4494.357382,80.921997,2.491000,82.431000
849.000000,37.258578,131.861872,4494.256798,80.922997,2.489000,82.639999
850.000000,37.258592,131.861911,4494.156214,80.924004,2.488000,82.848999
851.000000,37.258604,131.861950,4494.055325,80.925003,2.486000,83.057999
852.000000,37.258616,131.861989,4493.954131,80.927002,2.484000,83.266998
853.000000,37.258627,131.862029,4493.852938,80.928001,2.482000,83.475998
854.000000,37.258640,131.862068,4493.751439,80.929001,2.481000,83.684998
855.000000,37.258652,131.862107,4493.649941,80.930000,2.479000,83.894997
856.000000,37.258663,131.862147,4493.548138,80.931999,2.477000,84.103996
857.000000,37.258676,131.862186,4493.446334,80.932999,2.475000,84.313004
858.000000,37.258687,131.862227,4493.344226,80.933998,2.473000,84.522003
859.000000,37.258698,131.862266,4493.241814,80.934998,2.471000,84.731003
860.000000,37.258709,131.862306,4493.139401,80.936996,2.470000,84.940002
861.000000,37.258721,131.862345,4493.036988,80.938004,2.468000,85.149002
862.000000,37.258732,131.862385,4492.934270,80.940002,2.466000,85.358002
863.000000,37.258743,131.862425,4492.831248,80.941002,2.464000,85.568001
864.000000,37.258753,131.862465,4492.728226,80.942001,2.462000,85.777000
865.000000,37.258765,131.862504,4492.624898,80.944000,2.460000,85.986000
866.000000,37.258775,131.862544,4492.521571,80.945000,2.458000,86.195000
867.000000,37.258785,131.862584,4492.417939,80.946999,2.456000,86.403999
868.000000,37.258795,131.862624,4492.314002,80.947998,2.454000,86.612999
869.000000,37.258805,131.862664,4492.210066,80.948997,2.452000,86.822998
870.000000,37.258816,131.862704,4492.105824,80.950996,2.450000,87.031998
871.000000,37.258826,131.862745,4492.001582,80.952003,2.448000,87.240997
872.000000,37.258836,131.862786,4491.897341,80.954002,2.446000,87.449997
873.000000,37.258845,131.862826,4491.792490,80.955002,2.444000,87.660004
874.000000,37.258856,131.862866,4491.687638,80.957001,2.442000,87.869003
875.000000,37.258865,131.862907,4491.582787,80.959000,2.440000,88.078003
876.000000,37.258874,131.862947,4491.477631,80.959999,2.438000,88.287003
877.000000,37.258884,131.862987,4491.372475,80.961998,2.436000,88.497002
878.000000,37.258893,131.863028,4491.267014,80.961998,2.433000,88.706001
879.000000,37.258903,131.863068,4491.161249,80.960999,2.430000,88.915001
880.000000,37.258911,131.863109,4491.055483,80.959000,2.425000,89.125000
881.000000,37.258920,131.863149,4490.949718,80.957001,2.420000,89.334999
882.000000,37.258929,131.863190,4490.843647,80.955002,2.415000,89.544998
883.000000,37.258937,131.863231,4490.737272,80.952003,2.409000,89.754997
884.000000,37.258946,131.863272,4490.630897,80.949997,2.404000,89.963997
885.000000,37.258955,131.863313,4490.524217,80.948997,2.398000,90.174004
886.000000,37.258963,131.863354,4490.417537,80.947998,2.392000,90.384003
887.000000,37.258971,131.863395,4490.310552,80.946999,2.386000,90.594002
888.000000,37.258978,131.863436,4490.203567,80.946999,2.380000,90.804001
889.000000,37.258987,131.863476,4490.095973,80.947998,2.373000,91.014000
890.000000,37.258995,131.863517,4489.988683,80.948997,2.367000,91.223999
891.000000,37.259002,131.863558,4489.880784,80.950996,2.361000,91.433998
892.000000,37.259010,131.863599,4489.773190,80.953003,2.355000,91.643997
893.000000,37.259017,131.863640,4489.664986,80.957001,2.349000,91.853996
894.000000,37.259024,131.863682,4489.556782,80.959999,2.343000,92.064003
895.000000,37.259032,131.863724,4489.448273,80.964996,2.337000,92.274002
896.000000,37.259039,131.863765,4489.339764,80.970001,2.331000,92.484001
897.000000,37.259046,131.863806,4489.230950,80.974998,2.325000,92.694000
898.000000,37.259053,131.863847,4489.121832,80.981003,2.320000,92.903999
899.000000,37.259059,131.863888,4489.012714,80.987000,2.314000,93.113998
900.000000,37.259066,131.863930,4488.903290,80.992996,2.308000,93.322998
901.000000,37.259073,131.863971,4488.793562,81.000000,2.302000,93.532997
902.000000,37.259079,131.864012,4488.683834,81.008003,2.296000,93.742996
903.000000,37.259085,131.864053,4488.573802,81.014999,2.291000,93.953003
904.000000,37.259091,131.864096,4488.463769,81.023003,2.285000,94.163002
905.000000,37.259097,131.864137,4488.353431,81.030998,2.279000,94.373001
906.000000,37.259103,131.864179,4488.242789,81.039001,2.273000,94.583000
907.000000,37.259109,131.864220,4488.131842,81.046997,2.267000,94.792999
908.000000,37.259114,131.864262,4488.020894,81.056000,2.262000,95.002998
909.000000,37.259121,131.864303,4487.909642,81.064003,2.256000,95.212997
910.000000,37.259126,131.864345,4487.798390,81.072998,2.250000,95.424004
911.000000,37.259131,131.864386,4487.686529,81.081001,2.244000,95.634003
912.000000,37.259136,131.864429,4487.574667,81.089996,2.239000,95.844002
913.000000,37.259141,131.864471,4487.462806,81.098999,2.233000,96.054001
914.000000,37.259146,131.864512,4487.350334,81.107002,2.227000,96.264000
915.000000,37.259151,131.864554,4487.237863,81.115997,2.221000,96.473999
916.000000,37.259155,131.864596,4487.125087,81.124001,2.215000,96.684998
917.000000,37.259161,131.864637,4487.012311,81.133003,2.209000,96.894997
918.000000,37.259165,131.864679,4486.898926,81.140999,2.204000,97.105003
919.000000,37.259169,131.864721,4486.785540,81.149002,2.198000,97.316002
920.000000,37.259173,131.864764,4486.671850,81.156998,2.192000,97.526001
921.000000,37.259177,131.864805,4486.558159,81.165001,2.186000,97.736000
922.000000,37.259181,131.864847,4486.443859,81.172997,2.180000,97.946999
923.000000,37.259185,131.864889,4486.329559,81.181000,2.174000,98.156998
924.000000,37.259189,131.864931,4486.214954,81.188004,2.168000,98.367996
925.000000,37.259192,131.864973,4486.100045,81.195999,2.162000,98.578003
926.000000,37.259195,131.865015,4485.985135,81.203003,2.156000,98.789001
927.000000,37.259199,131.865057,4485.869616,81.209999,2.150000,98.999001
928.000000,37.259202,131.865098,4485.754097,81.217003,2.144000,99.209999
929.000000,37.259206,131.865141,4485.638273,81.223999,2.138000,99.420998
930.000000,37.259209,131.865183,4485.522449,81.231003,2.132000,99.630997
931.000000,37.259212,131.865225,4485.406015,81.237999,2.126000,99.842003
932.000000,37.259214,131.865267,4485.289277,81.244003,2.120000,100.053001
933.000000,37.259217,131.865309,4485.172538,81.250000,2.114000,100.263000
934.000000,37.259219,131.865351,4485.055495,81.257004,2.108000,100.473999
935.000000,37.259221,131.865393,4484.938147,81.263000,2.102000,100.684998
936.000000,37.259224,131.865436,4484.820494,81.267998,2.096000,100.896004
937.000000,37.259226,131.865478,4484.702537,81.274002,2.090000,101.107002
938.000000,37.259228,131.865520,4484.584579,81.279999,2.084000,101.318001
939.000000,37.259229,131.865562,4484.466012,81.285004,2.078000,101.528999
940.000000,37.259231,131.865605,4484.347445,81.291000,2.072000,101.739998
941.000000,37.259233,131.865647,4484.228573,81.295998,2.066000,101.950996
942.000000,37.259234,131.865689,4484.109396,81.301003,2.060000,102.162003
943.000000,37.259236,131.865731,4483.989914,81.306000,2.053000,102.373001
944.000000,37.259237,131.865774,4483.870128,81.310997,2.047000,102.584000
945.000000,37.259238,131.865816,4483.750037,81.316002,2.041000,102.794998
946.000000,37.259239,131.865858,4483.629946,81.320999,2.035000,103.005997
947.000000,37.259240,131.865900,4483.509245,81.325996,2.029000,103.217003
948.000000,37.259240,131.865942,4483.388239,81.330002,2.023000,103.428001
949.000000,37.259241,131.865985,4483.267234,81.334999,2.017000,103.639000
950.000000,37.259242,131.866027,4483.145923,81.338997,2.011000,103.850998
951.000000,37.259242,131.866070,4483.024003,81.344002,2.005000,104.061996
952.000000,37.259242,131.866112,4482.902083,81.348000,1.998000,104.273003
953.000000,37.259242,131.866154,4482.779858,81.351997,1.992000,104.484001
954.000000,37.259242,131.866196,4482.657329,81.357002,1.986000,104.695999
955.000000,37.259242,131.866238,4482.534494,81.361000,1.980000,104.906998
956.000000,37.259242,131.866281,4482.411355,81.364998,1.974000,105.117996
957.000000,37.259242,131.866323,4482.287911,81.369003,1.968000,105.330002
958.000000,37.259241,131.866365,4482.164162,81.373001,1.962000,105.541000
959.000000,37.259241,131.866408,4482.040109,81.376999,1.956000,105.752998
960.000000,37.259240,131.866450,4481.915750,81.380997,1.950000,105.963997
961.000000,37.259239,131.866492,4481.791087,81.384003,1.943000,106.175003
962.000000,37.259238,131.866534,4481.666424,81.388000,1.937000,106.387001
963.000000,37.259237,131.866577,4481.541151,81.391998,1.931000,106.598000
964.000000,37.259236,131.866619,4481.415574,81.396004,1.925000,106.809998
965.000000,37.259234,131.866661,4481.289691,81.399002,1.919000,107.022003
966.000000,37.259233,131.866704,4481.163809,81.403000,1.913000,107.233002
967.000000,37.259231,131.866746,4481.037317,81.406998,1.907000,107.445000
968.000000,37.259230,131.866788,4480.910520,81.410004,1.901000,107.655998
969.000000,37.259228,131.866830,4480.783723,81.414001,1.895000,107.867996
970.000000,37.259226,131.866872,4480.656317,81.417000,1.889000,108.080002
971.000000,37.259224,131.866915,4480.528606,81.419998,1.883000,108.291000
972.000000,37.259222,131.866957,4480.400590,81.424004,1.876000,108.502998
973.000000,37.259219,131.866999,4480.272574,81.427002,1.870000,108.714996
974.000000,37.259217,131.867042,4480.143948,81.431999,1.865000,108.926003
975.000000,37.259215,131.867084,4480.015018,81.438004,1.861000,109.138000
976.000000,37.259212,131.867126,4479.885478,81.445000,1.857000,109.348999
977.000000,37.259209,131.867168,4479.755938,81.452003,1.854000,109.560997
978.000000,37.259206,131.867210,4479.626093,81.459000,1.852000,109.772003
979.000000,37.259203,131.867252,4479.495943,81.467003,1.849000,109.983002
980.000000,37.259199,131.867294,4479.365184,81.473000,1.847000,110.194000
981.000000,37.259196,131.867336,4479.234425,81.480003,1.845000,110.405998
982.000000,37.259192,131.867379,4479.103361,81.486000,1.843000,110.616997
983.000000,37.259189,131.867421,4478.971687,81.490997,1.841000,110.828003
984.000000,37.259185,131.867463,4478.840014,81.496002,1.839000,111.040001
985.000000,37.259182,131.867505,4478.707730,81.500000,1.837000,111.250999
986.000000,37.259178,131.867547,4478.575447,81.502998,1.835000,111.461998
987.000000,37.259174,131.867589,4478.442554,81.505997,1.833000,111.674004
988.000000,37.259170,131.867630,4478.309662,81.508003,1.831000,111.885002
989.000000,37.259165,131.867673,4478.176159,81.509003,1.829000,112.097000
990.000000,37.259161,131.867715,4478.042657,81.510002,1.827000,112.307999
991.000000,37.259157,131.867757,4477.908545,81.510002,1.825000,112.519997
992.000000,37.259151,131.867799,4477.774128,81.510002,1.823000,112.731003
993.000000,37.259146,131.867840,4477.639711,81.509003,1.821000,112.943001
994.000000,37.259141,131.867882,4477.504685,81.508003,1.819000,113.153999
995.000000,37.259136,131.867924,4477.369354,81.505997,1.816000,113.365997
996.000000,37.259131,131.867966,4477.233718,81.503998,1.814000,113.578003
997.000000,37.259126,131.868007,4477.098082,81.500999,1.812000,113.789001
998.000000,37.259121,131.868050,4476.961836,81.498001,1.810000,114.000999
999.000000,37.259115,131.868092,4476.825286,81.495003,1.807000,114.212997
1000.000000,37.259109,131.868133,4476.688430,81.490997,1.805000,114.425003
1001.000000,37.259103,131.868175,4476.551270,81.487999,1.803000,114.636002
1002.000000,37.259097,131.868217,4476.413806,81.484001,1.800000,114.848000
1003.000000,37.259092,131.868258,4476.276036,81.478996,1.798000,115.059998
1004.000000,37.259085,131.868300,4476.137962,81.474998,1.795000,115.272003
1005.000000,37.259079,131.868341,4475.999582,81.471001,1.793000,115.483002
1006.000000,37.259073,131.868384,4475.861203,81.466003,1.791000,115.695000
1007.000000,37.259067,131.868425,4475.722214,81.460999,1.788000,115.906998
1008.000000,37.259059,131.868466,4475.582921,81.457001,1.786000,116.119003
1009.000000,37.259053,131.868508,4475.443322,81.452003,1.784000,116.330002
1010.000000,37.259046,131.868549,4475.303419,81.446999,1.781000,116.542000
1011.000000,37.259039,131.868590,4475.163211,81.442001,1.779000,116.753998
1012.000000,37.259032,131.868632,4475.022698,81.438004,1.776000,116.966003
1013.000000,37.259025,131.868673,4474.881881,81.432999,1.774000,117.178001
1014.000000,37.259017,131.868714,4474.740758,81.429001,1.772000,117.389000
1015.000000,37.259009,131.868756,4474.599636,81.424004,1.769000,117.600998
1016.000000,37.259002,131.868798,4474.457904,81.418999,1.767000,117.813004
1017.000000,37.258994,131.868839,4474.315867,81.415001,1.764000,118.025002
1018.000000,37.258987,131.868880,4474.173526,81.411003,1.762000,118.237000
1019.000000,37.258979,131.868921,4474.031184,81.406998,1.760000,118.447998
1020.000000,37.258970,131.868962,4473.888233,81.403000,1.757000,118.660004
1021.000000,37.258962,131.869003,4473.744977,81.399002,1.755000,118.872002
1022.000000,37.258954,131.869044,4473.601721,81.394997,1.753000,119.084000
1023.000000,37.258945,131.869085,4473.457855,81.390999,1.750000,119.295998
1024.000000,37.258937,131.869126,4473.313990,81.387001,1.748000,119.507004
1025.000000,37.258927,131.869167,4473.169819,81.384003,1.746000,119.719002
1026.000000,37.258919,131.869208,4473.025344,81.379997,1.743000,119.931000
1027.000000,37.258910,131.869249,4472.880259,81.376999,1.741000,120.142998
1028.000000,37.258901,131.869290,4472.735174,81.374001,1.739000,120.355003
1029.000000,37.258892,131.869330,4472.589785,81.371002,1.736000,120.566002
1030.000000,37.258882,131.869371,4472.444090,81.367996,1.734000,120.778000
1031.000000,37.258873,131.869412,4472.298091,81.364998,1.732000,120.989998
1032.000000,37.258864,131.869452,4472.152092,81.362000,1.730000,121.202003
1033.000000,37.258854,131.869493,4472.005483,81.360001,1.727000,121.414001
1034.000000,37.258844,131.869533,4471.858570,81.357002,1.725000,121.625000
1035.000000,37.258834,131.869574,4471.711656,81.355003,1.723000,121.836998
1036.000000,37.258824,131.869615,4471.564133,81.351997,1.720000,122.049004
1037.000000,37.258814,131.869655,4471.416610,81.349998,1.718000,122.261002
1038.000000,37.258804,131.869696,4471.268782,81.348000,1.716000,122.473000
1039.000000,37.258793,131.869736,4471.120649,81.346001,1.714000,122.683998
1040.000000,37.258783,131.869776,4470.972211,81.344002,1.711000,122.896004
1041.000000,37.258772,131.869816,4470.823469,81.342003,1.709000,123.108002
1042.000000,37.258762,131.869857,4470.674422,81.339996,1.707000,123.320000
1043.000000,37.258750,131.869897,4470.525070,81.337997,1.704000,123.531998
1044.000000,37.258739,131.869937,4470.375718,81.336998,1.702000,123.742996
1045.000000,37.258729,131.869977,4470.225756,81.334999,1.700000,123.955002
1046.000000,37.258718,131.870017,4470.075794,81.333000,1.697000,124.167000
1047.000000,37.258706,131.870056,4469.925528,81.332001,1.695000,124.378998
1048.000000,37.258694,131.870096,4469.774957,81.330002,1.693000,124.591003
1049.000000,37.258683,131.870137,4469.624081,81.329002,1.691000,124.803001
1050.000000,37.258672,131.870177,4469.472900,81.328003,1.688000,125.014000
1051.000000,37.258659,131.870216,4469.321719,81.325996,1.686000,125.225998
1052.000000,37.258647,131.870256,4469.169929,81.324997,1.684000,125.438004
1053.000000,37.258636,131.870296,4469.018138,81.323997,1.681000,125.650002
1054.000000,37.258624,131.870335,4468.866043,81.321999,1.679000,125.862000
1055.000000,37.258611,131.870375,4468.713338,81.320999,1.677000,126.073997
1056.000000,37.258599,131.870414,4468.560634,81.320000,1.674000,126.285004
1057.000000,37.258586,131.870453,4468.407929,81.319000,1.672000,126.497002
1058.000000,37.258573,131.870493,4468.254614,81.318001,1.670000,126.709000
1059.000000,37.258561,131.870532,4468.100995,81.316002,1.667000,126.920998
1060.000000,37.258548,131.870571,4467.947376,81.315002,1.665000,127.133003
1061.000000,37.258535,131.870610,4467.793452,81.314003,1.662000,127.345001
1062.000000,37.258522,131.870649,4467.639223,81.313004,1.660000,127.556999
1063.000000,37.258509,131.870688,4467.484690,81.311996,1.658000,127.768997
1064.000000,37.258496,131.870727,4467.329851,81.310997,1.655000,127.980003
1065.000000,37.258482,131.870766,4467.175013,81.309998,1.653000,128.192001
1066.000000,37.258468,131.870805,4467.019565,81.308998,1.651000,128.404007
1067.000000,37.258455,131.870845,4466.864117,81.307999,1.648000,128.615997
1068.000000,37.258442,131.870883,4466.708364,81.306999,1.646000,128.828003
1069.000000,37.258427,131.870922,4466.552306,81.306000,1.643000,129.039993
1070.000000,37.258413,131.870961,4466.395944,81.305000,1.641000,129.251999
1071.000000,37.258400,131.870999,4466.239582,81.304001,1.639000,129.464005
1072.000000,37.258385,131.871038,4466.082610,81.303001,1.636000,129.675995
1073.000000,37.258371,131.871076,4465.925638,81.302002,1.634000,129.888000
1074.000000,37.258357,131.871114,4465.768361,81.301003,1.631000,130.100006
1075.000000,37.258341,131.871153,4465.610779,81.300003,1.629000,130.311996
1076.000000,37.258327,131.871191,4465.452893,81.299004,1.627000,130.524002
1077.000000,37.258312,131.871229,4465.295006,81.297997,1.624000,130.735992
1078.000000,37.258297,131.871267,4465.136510,81.296997,1.622000,130.947998
1079.000000,37.258282,131.871305,4464.978014,81.295998,1.619000,131.160004
1080.000000,37.258267,131.871343,4464.819214,81.294998,1.617000,131.371994
1081.000000,37.258252,131.871381,4464.660108,81.293999,1.615000,131.584000
1082.000000,37.258237,131.871419,4464.501002,81.292999,1.612000,131.796005
1083.000000,37.258221,131.871456,4464.341287,81.292000,1.610000,132.007996
1084.000000,37.258205,131.871494,4464.181572,81.291000,1.607000,132.220001
1085.000000,37.258190,131.871532,4464.021552,81.290001,1.605000,132.432007
1086.000000,37.258173,131.871569,4463.861227,81.289001,1.602000,132.643997
1087.000000,37.258158,131.871607,4463.700902,81.289001,1.600000,132.856003
1088.000000,37.258142,131.871644,4463.539968,81.288002,1.597000,133.067993
1089.000000,37.258126,131.871681,4463.379034,81.287003,1.595000,133.279999
1090.000000,37.258110,131.871719,4463.217794,81.286003,1.593000,133.492996
1091.000000,37.258094,131.871756,4463.056250,81.285004,1.590000,133.705002
1092.000000,37.258077,131.871793,4462.894402,81.283997,1.588000,133.917007
1093.000000,37.258060,131.871830,4462.732553,81.282997,1.585000,134.128998
1094.000000,37.258044,131.871867,4462.570399,81.281998,1.583000,134.341003
1095.000000,37.258027,131.871904,4462.407636,81.281998,1.580000,134.552994
1096.000000,37.258010,131.871941,4462.245178,81.280998,1.578000,134.764999
1097.000000,37.257993,131.871977,4462.082110,81.279999,1.575000,134.977005
1098.000000,37.257976,131.872014,4461.919042,81.278999,1.573000,135.190002
1099.000000,37.257959,131.872050,4461.755364,81.278000,1.570000,135.401993
1100.000000,37.257941,131.872087,4461.591686,81.277000,1.568000,135.613998
1101.000000,37.257924,131.872123,4461.428009,81.277000,1.565000,135.826004
1102.000000,37.257906,131.872160,4461.263722,81.276001,1.563000,136.037994
1103.000000,37.257889,131.872196,4461.099434,81.275002,1.560000,136.251007
1104.000000,37.257871,131.872232,4460.934842,81.274002,1.558000,136.462997
1105.000000,37.257853,131.872268,4460.769946,81.274002,1.556000,136.675003
1106.000000,37.257835,131.872304,4460.604744,81.273003,1.553000,136.886993
1107.000000,37.257817,131.872340,4460.439542,81.272003,1.551000,137.100006
1108.000000,37.257799,131.872376,4460.273731,81.271004,1.548000,137.311996
1109.000000,37.257781,131.872411,4460.107920,81.271004,1.546000,137.524002
1110.000000,37.257762,131.872447,4459.941804,81.269997,1.543000,137.735992
1111.000000,37.257744,131.872482,4459.775688,81.268997,1.541000,137.949005
1112.000000,37.257725,131.872518,4459.609267,81.267998,1.538000,138.160995
1113.000000,37.257706,131.872553,4459.442542,81.267998,1.536000,138.373001
1114.000000,37.257688,131.872588,4459.275511,81.266998,1.533000,138.585999
1115.000000,37.257669,131.872624,4459.108176,81.265999,1.531000,138.798004
1116.000000,37.257650,131.872659,4458.940841,81.265999,1.528000,139.009995
1117.000000,37.257630,131.872694,4458.773201,81.264999,1.526000,139.223007
1118.000000,37.257611,131.872729,4458.605256,81.264000,1.523000,139.434998
1119.000000,37.257592,131.872764,4458.437006,81.264000,1.521000,139.647003
1120.000000,37.257573,131.872799,4458.268757,81.263000,1.518000,139.860001
1121.000000,37.257553,131.872834,4458.099898,81.263000,1.516000,140.072006
1122.000000,37.257533,131.872868,4457.931038,81.262001,1.513000,140.283997
1123.000000,37.257514,131.872903,4457.762179,81.261002,1.511000,140.496994
1124.000000,37.257494,131.872937,4457.592710,81.261002,1.508000,140.709000
1125.000000,37.257474,131.872971,4457.423242,81.260002,1.506000,140.921997
1126.000000,37.257453,131.873005,4457.253468,81.260002,1.503000,141.134003
1127.000000,37.257434,131.873039,4457.083390,81.259003,1.501000,141.345993
1128.000000,37.257413,131.873073,4456.913311,81.258003,1.498000,141.559006
1129.000000,37.257393,131.873107,4456.742928,81.258003,1.496000,141.770996
1130.000000,37.257372,131.873141,4456.572240,81.255997,1.492000,141.983994
1131.000000,37.257352,131.873175,4456.401552,81.252998,1.488000,142.197006
1132.000000,37.257332,131.873209,4456.230559,81.249001,1.483000,142.408997
1133.000000,37.257311,131.873243,4456.059262,81.244003,1.478000,142.621994
1134.000000,37.257290,131.873276,4455.887659,81.239998,1.472000,142.835007
1135.000000,37.257269,131.873310,4455.716057,81.235001,1.466000,143.048004
1136.000000,37.257248,131.873342,4455.544150,81.231003,1.460000,143.261002
1137.000000,37.257226,131.873375,4455.371938,81.226997,1.453000,143.475006
1138.000000,37.257206,131.873409,4455.199726,81.223999,1.447000,143.688004
1139.000000,37.257184,131.873442,4455.026904,81.221001,1.440000,143.901001
1140.000000,37.257163,131.873475,4454.854082,81.219002,1.434000,144.113998
1141.000000,37.257141,131.873508,4454.681261,81.217003,1.427000,144.326996
1142.000000,37.257120,131.873540,4454.507830,81.216003,1.421000,144.539993
1143.000000,37.257097,131.873573,4454.334398,81.216003,1.414000,144.753998
1144.000000,37.257076,131.873605,4454.160662,81.216003,1.408000,144.966995
1145.000000,37.257054,131.873637,4453.986622,81.217003,1.402000,145.179993
1146.000000,37.257032,131.873670,4453.812276,81.218002,1.395000,145.393005
1147.000000,37.257009,131.873702,4453.637930,81.220001,1.389000,145.606003
1148.000000,37.256988,131.873734,4453.463280,81.222000,1.383000,145.819000
1149.000000,37.256965,131.873766,4453.288325,81.224998,1.377000,146.031998
1150.000000,37.256943,131.873798,4453.113370,81.227997,1.371000,146.246002
1151.000000,37.256920,131.873829,4452.937805,81.232002,1.365000,146.459000
1152.000000,37.256898,131.873861,4452.762240,81.236000,1.358000,146.671997
1153.000000,37.256875,131.873893,4452.586370,81.239998,1.352000,146.884995
1154.000000,37.256853,131.873925,4452.410196,81.245003,1.346000,147.098007
1155.000000,37.256829,131.873956,4452.234022,81.249001,1.340000,147.311996
1156.000000,37.256807,131.873987,4452.057542,81.253998,1.334000,147.524994
1157.000000,37.256783,131.874018,4451.880758,81.259003,1.329000,147.738007
1158.000000,37.256761,131.874049,4451.703670,81.264000,1.323000,147.951004
1159.000000,37.256737,131.874080,4451.526276,81.269997,1.317000,148.164001
1160.000000,37.256714,131.874111,4451.348882,81.275002,1.311000,148.378006
1161.000000,37.256690,131.874142,4451.170879,81.279999,1.305000,148.591003
1162.000000,37.256667,131.874173,4450.992876,81.286003,1.299000,148.804001
1163.000000,37.256643,131.874202,4450.814568,81.291000,1.293000,149.018005
1164.000000,37.256620,131.874233,4450.636260,81.295998,1.287000,149.231003
1165.000000,37.256596,131.874263,4450.457342,81.302002,1.281000,149.444000
1166.000000,37.256572,131.874294,4450.278120,81.306999,1.276000,149.658005
1167.000000,37.256548,131.874324,4450.098898,81.311996,1.270000,149.871002
1168.000000,37.256523,131.874353,4449.919370,81.317001,1.264000,150.085007
1169.000000,37.256500,131.874383,4449.739538,81.321999,1.258000,150.298004
1170.000000,37.256475,131.874413,4449.559402,81.327003,1.252000,150.511002
1171.000000,37.256451,131.874443,4449.379265,81.332001,1.246000,150.725006
1172.000000,37.256426,131.874472,4449.198518,81.336998,1.241000,150.938004
1173.000000,37.256402,131.874501,4449.017772,81.341003,1.235000,151.151993
1174.000000,37.256377,131.874531,4448.836416,81.346001,1.229000,151.365005
1175.000000,37.256353,131.874560,4448.655060,81.349998,1.223000,151.578995
1176.000000,37.256328,131.874589,4448.473399,81.353996,1.217000,151.792007
1177.000000,37.256303,131.874617,4448.291434,81.358002,1.211000,152.005997
1178.000000,37.256278,131.874646,4448.109163,81.362000,1.206000,152.220001
1179.000000,37.256253,131.874675,4447.926893,81.364998,1.200000,152.432999
1180.000000,37.256228,131.874704,4447.744013,81.369003,1.194000,152.647003
1181.000000,37.256203,131.874733,4447.561133,81.372002,1.188000,152.860001
1182.000000,37.256178,131.874760,4447.377948,81.375000,1.182000,153.074005
1183.000000,37.256152,131.874789,4447.194154,81.377998,1.177000,153.287994
1184.000000,37.256127,131.874817,4447.010359,81.383003,1.172000,153.501007
1185.000000,37.256101,131.874845,4446.826260,81.388000,1.168000,153.714996
1186.000000,37.256075,131.874872,4446.641551,81.393997,1.165000,153.927994
1187.000000,37.256050,131.874900,4446.456842,81.401001,1.162000,154.141006
1188.000000,37.256024,131.874928,4446.271829,81.406998,1.160000,154.354996
1189.000000,37.255999,131.874955,4446.086510,81.414001,1.158000,154.567993
1190.000000,37.255972,131.874982,4445.900887,81.419998,1.156000,154.781006
1191.000000,37.255946,131.875010,4445.714959,81.425003,1.154000,154.994003
1192.000000,37.255920,131.875037,4445.529031,81.430000,1.153000,155.207001
1193.000000,37.255894,131.875064,4445.342494,81.433998,1.151000,155.421005
1194.000000,37.255868,131.875091,4445.155956,81.436996,1.149000,155.634003
1195.000000,37.255841,131.875118,4444.968809,81.440002,1.148000,155.847000
1196.000000,37.255814,131.875145,4444.781662,81.442001,1.146000,156.061005
1197.000000,37.255789,131.875170,4444.594210,81.443001,1.145000,156.274002
1198.000000,37.255762,131.875197,4444.406148,81.443001,1.143000,156.487000
1199.000000,37.255735,131.875224,4444.218086,81.443001,1.142000,156.701004
1200.000000,37.255708,131.875249,4444.030025,81.442001,1.140000,156.914001
1201.000000,37.255682,131.875275,4443.841354,81.441002,1.138000,157.128006
1202.000000,37.255655,131.875302,4443.652378,81.439003,1.137000,157.341003
1203.000000,37.255627,131.875327,4443.463402,81.435997,1.135000,157.554993
1204.000000,37.255601,131.875353,4443.273816,81.433998,1.133000,157.768005
1205.000000,37.255573,131.875378,4443.084230,81.430000,1.132000,157.981995
1206.000000,37.255546,131.875403,4442.894035,81.426003,1.130000,158.195007
1207.000000,37.255519,131.875429,4442.703840,81.421997,1.128000,158.408997
1208.000000,37.255491,131.875454,4442.513340,81.417999,1.126000,158.623001
1209.000000,37.255465,131.875478,4442.322840,81.413002,1.124000,158.835999
1210.000000,37.255437,131.875504,4442.131730,81.407997,1.123000,159.050003
1211.000000,37.255409,131.875529,4441.940316,81.403000,1.121000,159.264008
1212.000000,37.255382,131.875553,4441.748902,81.398003,1.119000,159.477005
1213.000000,37.255353,131.875577,4441.556878,81.391998,1.117000,159.690994
1214.000000,37.255326,131.875602,4441.364854,81.386002,1.115000,159.904999
1215.000000,37.255298,131.875626,4441.172525,81.380997,1.114000,160.117996
1216.000000,37.255270,131.875650,4440.979891,81.375000,1.112000,160.332001
1217.000000,37.255242,131.875674,4440.787258,81.369003,1.110000,160.546005
1218.000000,37.255214,131.875698,4440.594014,81.362999,1.108000,160.759995
1219.000000,37.255185,131.875722,4440.400771,81.357002,1.106000,160.973999
1220.000000,37.255158,131.875745,4440.207223,81.350998,1.105000,161.186996
1221.000000,37.255129,131.875768,4440.013370,81.345001,1.103000,161.401001
1222.000000,37.255100,131.875792,4439.819213,81.339996,1.101000,161.615005
1223.000000,37.255072,131.875814,4439.624750,81.334000,1.100000,161.828995
1224.000000,37.255044,131.875838,4439.430288,81.328003,1.098000,162.042007
1225.000000,37.255016,131.875861,4439.235521,81.322998,1.096000,162.255997
1226.000000,37.254987,131.875883,4439.040449,81.317001,1.094000,162.470001
1227.000000,37.254957,131.875906,4438.845072,81.311996,1.093000,162.684006
1228.000000,37.254929,131.875928,4438.649390,81.306000,1.091000,162.897995
1229.000000,37.254900,131.875951,4438.453709,81.301003,1.089000,163.110992
1230.000000,37.254871,131.875974,4438.257722,81.295998,1.088000,163.324997
1231.000000,37.254842,131.875995,4438.061431,81.291000,1.086000,163.539001
1232.000000,37.254813,131.876017,4437.864835,81.286003,1.085000,163.753006
1233.000000,37.254784,131.876039,4437.668239,81.280998,1.083000,163.966995
1234.000000,37.254755,131.876061,4437.471034,81.277000,1.082000,164.179993
1235.000000,37.254725,131.876083,4437.274133,81.272003,1.080000,164.393997
1236.000000,37.254696,131.876103,4437.076622,81.267998,1.078000,164.608002
1237.000000,37.254667,131.876125,4436.878807,81.263000,1.077000,164.822006
1238.000000,37.254637,131.876146,4436.680992,81.259003,1.075000,165.035995
1239.000000,37.254607,131.876167,4436.482872,81.254997,1.074000,165.250000
1240.000000,37.254578,131.876187,4436.284752,81.250999,1.072000,165.462997
1241.000000,37.254548,131.876208,4436.086022,81.247002,1.071000,165.677002
1242.000000,37.254518,131.876228,4435.887293,81.242996,1.069000,165.891006
1243.000000,37.254489,131.876249,4435.688563,81.238998,1.068000,166.104996
1244.000000,37.254459,131.876270,4435.489224,81.236000,1.066000,166.319000
1245.000000,37.254429,131.876290,4435.289885,81.232002,1.065000,166.533005
1246.000000,37.254400,131.876310,4435.090241,81.228996,1.064000,166.746002
1247.000000,37.254369,131.876330,4434.890292,81.224998,1.062000,166.960007
1248.000000,37.254339,131.876350,4434.690343,81.222000,1.061000,167.173996
1249.000000,37.254309,131.876369,4434.490090,81.219002,1.059000,167.388000
1250.000000,37.254279,131.876389,4434.289531,81.216003,1.058000,167.602005
1251.000000,37.254248,131.876407,4434.088973,81.212997,1.056000,167.815994
1252.000000,37.254219,131.876427,4433.888110,81.209999,1.055000,168.029999
1253.000000,37.254188,131.876446,4433.686942,81.207001,1.054000,168.242996
1254.000000,37.254157,131.876465,4433.485774,81.204002,1.052000,168.457001
1255.000000,37.254127,131.876483,4433.284301,81.200996,1.051000,168.671005
1256.000000,37.254097,131.876502,4433.082523,81.197998,1.050000,168.884995
1257.000000,37.254066,131.876520,4432.880746,81.195999,1.048000,169.098999
1258.000000,37.254036,131.876539,4432.678663,81.193001,1.047000,169.313004
1259.000000,37.254005,131.876557,4432.476276,81.190002,1.045000,169.526993
1260.000000,37.253974,131.876575,4432.273889,81.188004,1.044000,169.740997
1261.000000,37.253942,131.876593,4432.071197,81.184998,1.043000,169.955002
1262.000000,37.253912,131.876611,4431.868505,81.182999,1.041000,170.169006
1263.000000,37.253881,131.876628,4431.665203,81.180000,1.040000,170.382996
1264.000000,37.253850,131.876645,4431.461902,81.178001,1.039000,170.595993
1265.000000,37.253819,131.876663,4431.258600,81.175003,1.037000,170.809998
1266.000000,37.253788,131.876679,4431.054994,81.172997,1.036000,171.024002
1267.000000,37.253757,131.876697,4430.851082,81.169998,1.035000,171.238007
1268.000000,37.253726,131.876713,4430.647171,81.167999,1.033000,171.451996
1269.000000,37.253695,131.876731,4430.442955,81.166000,1.032000,171.666000
1270.000000,37.253663,131.876747,4430.238434,81.163002,1.031000,171.880005
1271.000000,37.253631,131.876764,4430.033914,81.161003,1.029000,172.093994
1272.000000,37.253601,131.876779,4429.829088,81.157997,1.028000,172.307999
1273.000000,37.253569,131.876795,4429.624262,81.155998,1.027000,172.522003
1274.000000,37.253537,131.876812,4429.419132,81.153999,1.025000,172.735992
1275.000000,37.253506,131.876827,4429.213697,81.151001,1.024000,172.949997
1276.000000,37.253475,131.876843,4429.008262,81.149002,1.023000,173.164001
1277.000000,37.253443,131.876858,4428.802522,81.147003,1.021000,173.378006
1278.000000,37.253412,131.876874,4428.596782,81.143997,1.020000,173.593002
1279.000000,37.253380,131.876889,4428.390737,81.141998,1.019000,173.807007
1280.000000,37.253348,131.876904,4428.184387,81.139999,1.017000,174.020996
1281.000000,37.253315,131.876919,4427.978038,81.138000,1.016000,174.235001
1282.000000,37.253284,131.876934,4427.771383,81.135002,1.015000,174.449005
1283.000000,37.253252,131.876949,4427.564729,81.133003,1.014000,174.662994
1284.000000,37.253220,131.876963,4427.357770,81.130997,1.012000,174.876999
1285.000000,37.253189,131.876977,4427.150810,81.127998,1.011000,175.091003
1286.000000,37.253156,131.876992,4426.943546,81.125999,1.010000,175.304993
1287.000000,37.253124,131.877005,4426.735978,81.124001,1.008000,175.518997
1288.000000,37.253092,131.877019,4426.528409,81.122002,1.007000,175.733994
1289.000000,37.253060,131.877033,4426.320840,81.119003,1.006000,175.947998
1290.000000,37.253028,131.877046,4426.112662,81.116997,1.005000,176.162003
1291.000000,37.252995,131.877059,4425.904788,81.114998,1.003000,176.376007
1292.000000,37.252964,131.877073,4425.696305,81.112999,1.002000,176.589996
1293.000000,37.252931,131.877086,4425.487822,81.110001,1.001000,176.804001
1294.000000,37.252898,131.877100,4425.279338,81.108002,1.000000,177.018997
1295.000000,37.252866,131.877112,4425.070550,81.106003,0.998000,177.233002
1296.000000,37.252834,131.877125,4424.861762,81.103996,0.997000,177.447006
1297.000000,37.252801,131.877138,4424.652670,81.101997,0.996000,177.660995
1298.000000,37.252768,131.877150,4424.443272,81.098999,0.995000,177.875000
1299.000000,37.252736,131.877162,4424.233874,81.097000,0.994000,178.089996
1300.000000,37.252704,131.877173,4424.024477,81.095001,0.992000,178.304001
1301.000000,37.252671,131.877186,4423.814774,81.093002,0.991000,178.518005
1302.000000,37.252638,131.877197,4423.604767,81.091003,0.990000,178.733002
1303.000000,37.252605,131.877209,4423.394760,81.088997,0.989000,178.947006
1304.000000,37.252573,131.877221,4423.184753,81.086998,0.988000,179.160995
1305.000000,37.252540,131.877232,4422.974136,81.084000,0.986000,179.375000
1306.000000,37.252507,131.877242,4422.763824,81.082001,0.985000,179.589996
1307.000000,37.252475,131.877254,4422.553207,81.080002,0.984000,179.804001
1308.000000,37.252441,131.877265,4422.342286,81.078003,0.983000,-179.981995
1309.000000,37.252408,131.877275,4422.131364,81.075996,0.982000,-179.766998
1310.000000,37.252375,131.877285,4421.920442,81.073997,0.981000,-179.552994
1311.000000,37.252343,131.877296,4421.708911,81.071999,0.979000,-179.339005
1312.000000,37.252310,131.877306,4421.497685,81.070000,0.978000,-179.123993
1313.000000,37.252276,131.877316,4421.286154,81.067001,0.977000,-178.910004
1314.000000,37.252243,131.877325,4421.074318,81.065002,0.976000,-178.695999
1315.000000,37.252211,131.877336,4420.862482,81.063004,0.975000,-178.481003
1316.000000,37.252177,131.877345,4420.650646,81.060997,0.974000,-178.266998
1317.000000,37.252144,131.877354,4420.438505,81.058998,0.973000,-178.052002
1318.000000,37.252110,131.877363,4420.226364,81.056999,0.971000,-177.837997
1319.000000,37.252078,131.877373,4420.013918,81.055000,0.970000,-177.623993
1320.000000,37.252044,131.877382,4419.801473,81.053001,0.969000,-177.408997
1321.000000,37.252011,131.877390,4419.588722,81.051003,0.968000,-177.195007
1322.000000,37.251977,131.877399,4419.375972,81.049004,0.967000,-176.979996
1323.000000,37.251945,131.877408,4419.162917,81.046997,0.966000,-176.766006
1324.000000,37.251911,131.877416,4418.949862,81.044998,0.965000,-176.550995
1325.000000,37.251877,131.877424,4418.736502,81.042999,0.964000,-176.337006
1326.000000,37.251844,131.877432,4418.523142,81.041000,0.963000,-176.121994
1327.000000,37.251811,131.877439,4418.309782,81.039001,0.962000,-175.908005
1328.000000,37.251777,131.877448,4418.096117,81.037003,0.961000,-175.692993
1329.000000,37.251744,131.877455,4417.882452,81.035004,0.960000,-175.479004
1330.000000,37.251710,131.877462,4417.668482,81.032997,0.959000,-175.264008
1331.000000,37.251677,131.877469,4417.454513,81.030998,0.958000,-175.050003
1332.000000,37.251643,131.877476,4417.240238,81.028999,0.957000,-174.835007
1333.000000,37.251609,131.877484,4417.025964,81.027000,0.956000,-174.621002
1334.000000,37.251576,131.877490,4416.811690,81.025002,0.955000,-174.406006
1335.000000,37.251543,131.877497,4416.597110,81.023003,0.954000,-174.190994
1336.000000,37.251509,131.877503,4416.382531,81.022003,0.953000,-173.977005
1337.000000,37.251475,131.877509,4416.167647,81.019997,0.952000,-173.761993
1338.000000,37.251441,131.877515,4415.952763,81.017998,0.951000,-173.548004
1339.000000,37.251408,131.877522,4415.737879,81.015999,0.950000,-173.332993
1340.000000,37.251374,131.877527,4415.522690,81.014000,0.949000,-173.117996
1341.000000,37.251340,131.877533,4415.307197,81.012001,0.948000,-172.904007
1342.000000,37.251306,131.877538,4415.092008,81.010002,0.947000,-172.688995
1343.000000,37.251273,131.877543,4414.876514,81.008003,0.946000,-172.473999
1344.000000,37.251239,131.877548,4414.660716,81.005997,0.945000,-172.259995
1345.000000,37.251205,131.877553,4414.444918,81.004997,0.944000,-172.044998
1346.000000,37.251171,131.877559,4414.229424,81.000999,0.942000,-171.830002
1347.000000,37.251138,131.877563,4414.013321,80.997002,0.939000,-171.615005
1348.000000,37.251104,131.877568,4413.797522,80.990997,0.936000,-171.399994
1349.000000,37.251070,131.877572,4413.581419,80.985001,0.932000,-171.184998
1350.000000,37.251036,131.877576,4413.365011,80.978996,0.927000,-170.970001
1351.000000,37.251003,131.877580,4413.148603,80.973000,0.923000,-170.753998
1352.000000,37.250968,131.877584,4412.932195,80.968002,0.918000,-170.539001
1353.000000,37.250934,131.877587,4412.715787,80.961998,0.913000,-170.324005
1354.000000,37.250900,131.877591,4412.499074,80.958000,0.908000,-170.108002
1355.000000,37.250866,131.877594,4412.282362,80.954002,0.903000,-169.893005
1356.000000,37.250833,131.877598,4412.065344,80.949997,0.899000,-169.677002
1357.000000,37.250798,131.877601,4411.848326,80.946999,0.894000,-169.462006
1358.000000,37.250764,131.877604,4411.631309,80.945000,0.889000,-169.246002
1359.000000,37.250730,131.877606,4411.413986,80.943001,0.884000,-169.031006
1360.000000,37.250697,131.877609,4411.196664,80.942001,0.879000,-168.815994
1361.000000,37.250663,131.877611,4410.979342,80.941002,0.874000,-168.600006
1362.000000,37.250628,131.877613,4410.761714,80.941002,0.870000,-168.384995
1363.000000,37.250594,131.877615,4410.544087,80.941002,0.865000,-168.169006
1364.000000,37.250561,131.877617,4410.326155,80.942001,0.861000,-167.953995
1365.000000,37.250527,131.877619,4410.108223,80.943001,0.856000,-167.738007
1366.000000,37.250492,131.877621,4409.890291,80.945000,0.852000,-167.522995
1367.000000,37.250458,131.877622,4409.672054,80.945999,0.847000,-167.307007
1368.000000,37.250425,131.877623,4409.453818,80.948997,0.843000,-167.091995
1369.000000,37.250390,131.877624,4409.235276,80.950996,0.838000,-166.876999
1370.000000,37.250356,131.877625,4409.017039,80.954002,0.834000,-166.660995
1371.000000,37.250322,131.877626,4408.798193,80.956001,0.830000,-166.445999
1372.000000,37.250289,131.877627,4408.579651,80.959000,0.826000,-166.229996
1373.000000,37.250254,131.877627,4408.360805,80.961998,0.821000,-166.014999
1374.000000,37.250220,131.877627,4408.141958,80.964996,0.817000,-165.798996
1375.000000,37.250186,131.877627,4407.922807,80.968002,0.813000,-165.582993
1376.000000,37.250151,131.877627,4407.703656,80.971001,0.809000,-165.367996
1377.000000,37.250118,131.877627,4407.484200,80.974998,0.805000,-165.151993
1378.000000,37.250084,131.877627,4407.264744,80.977997,0.801000,-164.936996
1379.000000,37.250049,131.877626,4407.045288,80.981003,0.797000,-164.720993
1380.000000,37.250015,131.877626,4406.825832,80.984001,0.793000,-164.505005
1381.000000,37.249982,131.877625,4406.606071,80.987000,0.789000,-164.289993
1382.000000,37.249947,131.877624,4406.386006,80.990997,0.786000,-164.074005
1383.000000,37.249913,131.877623,4406.165940,80.997002,0.783000,-163.858994
1384.000000,37.249879,131.877621,4405.945570,81.002998,0.782000,-163.643005
1385.000000,37.249846,131.877620,4405.725199,81.010002,0.781000,-163.427994
1386.000000,37.249811,131.877618,4405.504829,81.016998,0.781000,-163.212997
1387.000000,37.249777,131.877617,4405.284154,81.024002,0.781000,-162.998001
1388.000000,37.249743,131.877615,4405.063478,81.029999,0.781000,-162.781998
1389.000000,37.249709,131.877613,4404.842498,81.036003,0.781000,-162.567001
1390.000000,37.249675,131.877610,4404.621518,81.041000,0.781000,-162.352005
1391.000000,37.249641,131.877608,4404.400538,81.044998,0.781000,-162.136993
1392.000000,37.249607,131.877605,4404.179254,81.047997,0.782000,-161.921005
1393.000000,37.249573,131.877603,4403.957969,81.051003,0.782000,-161.705994
1394.000000,37.249539,131.877599,4403.736684,81.053001,0.782000,-161.490997
1395.000000,37.249505,131.877596,4403.515094,81.054001,0.783000,-161.274994
1396.000000,37.249471,131.877593,4403.293200,81.055000,0.783000,-161.059998
1397.000000,37.249436,131.877589,4403.071610,81.055000,0.783000,-160.843994
1398.000000,37.249403,131.877586,4402.849716,81.054001,0.784000,-160.628998
1399.000000,37.249369,131.877582,4402.627517,81.053001,0.784000,-160.412994
1400.000000,37.249335,131.877578,4402.405318,81.051003,0.784000,-160.197998
1401.000000,37.249301,131.877574,4402.183118,81.047997,0.784000,-159.981995
1402.000000,37.249267,131.877570,4401.960919,81.044998,0.784000,-159.766006
1403.000000,37.249233,131.877566,4401.738415,81.042000,0.784000,-159.550995
1404.000000,37.249199,131.877560,4401.515606,81.038002,0.785000,-159.335007
1405.000000,37.249165,131.877556,4401.293102,81.033997,0.785000,-159.119003
1406.000000,37.249132,131.877551,4401.070294,81.029999,0.785000,-158.903000
1407.000000,37.249098,131.877546,4400.847180,81.025002,0.785000,-158.688004
1408.000000,37.249064,131.877541,4400.624066,81.019997,0.785000,-158.472000
1409.000000,37.249030,131.877536,4400.400953,81.014999,0.785000,-158.255997
1410.000000,37.248996,131.877530,4400.177839,81.009003,0.785000,-158.039993
1411.000000,37.248962,131.877524,4399.954421,81.003998,0.785000,-157.824005
1412.000000,37.248928,131.877518,4399.731002,80.998001,0.785000,-157.608002
1413.000000,37.248894,131.877512,4399.507584,80.991997,0.786000,-157.391998
1414.000000,37.248861,131.877506,4399.283861,80.986000,0.786000,-157.175995
1415.000000,37.248827,131.877500,4399.060138,80.981003,0.786000,-156.960007
1416.000000,37.248793,131.877494,4398.836110,80.974998,0.786000,-156.744003
1417.000000,37.248759,131.877486,4398.612082,80.969002,0.786000,-156.528000
1418.000000,37.248726,131.877479,4398.388054,80.962997,0.786000,-156.311996
1419.000000,37.248693,131.877473,4398.164026,80.957001,0.787000,-156.095993
1420.000000,37.248659,131.877466,4397.939693,80.950996,0.787000,-155.880005
1421.000000,37.248625,131.877458,4397.715665,80.945000,0.787000,-155.664001
1422.000000,37.248592,131.877450,4397.491027,80.939003,0.787000,-155.447998
1423.000000,37.248558,131.877443,4397.266694,80.932999,0.787000,-155.231995
1424.000000,37.248524,131.877435,4397.042057,80.928001,0.788000,-155.016006
1425.000000,37.248491,131.877427,4396.817419,80.921997,0.788000,-154.800003
1426.000000,37.248458,131.877419,4396.592782,80.917000,0.788000,-154.584000
1427.000000,37.248424,131.877410,4396.367839,80.912003,0.789000,-154.367996
1428.000000,37.248390,131.877402,4396.143202,80.905998,0.789000,-154.151993
1429.000000,37.248357,131.877394,4395.918259,80.901001,0.789000,-153.936005
1430.000000,37.248324,131.877385,4395.693012,80.896004,0.790000,-153.720001
1431.000000,37.248290,131.877376,4395.468070,80.890999,0.790000,-153.503998
1432.000000,37.248257,131.877367,4395.242822,80.886002,0.790000,-153.287994
1433.000000,37.248223,131.877358,4395.017575,80.882004,0.791000,-153.072006
1434.000000,37.248190,131.877349,4394.792328,80.876999,0.791000,-152.856003
1435.000000,37.248157,131.877338,4394.567081,80.872002,0.792000,-152.639999
1436.000000,37.248123,131.877329,4394.341529,80.867996,0.792000,-152.423996
1437.000000,37.248090,131.877319,4394.115977,80.863998,0.793000,-152.207993
1438.000000,37.248057,131.877309,4393.890425,80.860001,0.793000,-151.992004
1439.000000,37.248024,131.877299,4393.664873,80.855003,0.794000,-151.776001
1440.000000,37.247991,131.877288,4393.439321,80.850998,0.794000,-151.559006
1441.000000,37.247957,131.877278,4393.213464,80.847000,0.795000,-151.343002
1442.000000,37.247925,131.877267,4392.987912,80.844002,0.795000,-151.126999
1443.000000,37.247891,131.877256,4392.762055,80.839996,0.796000,-150.910995
1444.000000,37.247858,131.877246,4392.536198,80.835999,0.796000,-150.695007
1445.000000,37.247825,131.877235,4392.310342,80.833000,0.797000,-150.479004
1446.000000,37.247793,131.877223,4392.084180,80.829002,0.798000,-150.263000
1447.000000,37.247760,131.877212,4391.858323,80.825996,0.798000,-150.046997
1448.000000,37.247726,131.877200,4391.632162,80.821999,0.799000,-149.830994
1449.000000,37.247693,131.877188,4391.406000,80.819000,0.799000,-149.613998
1450.000000,37.247661,131.877176,4391.179838,80.816002,0.800000,-149.397995
1451.000000,37.247628,131.877164,4390.953677,80.813004,0.801000,-149.182007
1452.000000,37.247595,131.877152,4390.727515,80.808998,0.801000,-148.966003
1453.000000,37.247563,131.877139,4390.501354,80.806000,0.802000,-148.750000
1454.000000,37.247530,131.877127,4390.274887,80.803001,0.803000,-148.533997
1455.000000,37.247497,131.877114,4390.048726,80.800003,0.803000,-148.317001
1456.000000,37.247464,131.877101,4389.822259,80.796997,0.804000,-148.100998
1457.000000,37.247432,131.877089,4389.595793,80.793999,0.805000,-147.884995
1458.000000,37.247400,131.877075,4389.369631,80.791000,0.805000,-147.669006
1459.000000,37.247367,131.877062,4389.143165,80.789001,0.806000,-147.453003
1460.000000,37.247334,131.877049,4388.916698,80.786003,0.807000,-147.235992
1461.000000,37.247302,131.877034,4388.689927,80.782997,0.808000,-147.020004
1462.000000,37.247270,131.877021,4388.463461,80.779999,0.808000,-146.804001
1463.000000,37.247237,131.877006,4388.236994,80.777000,0.809000,-146.587997
1464.000000,37.247206,131.876993,4388.010223,80.775002,0.810000,-146.371002
1465.000000,37.247173,131.876979,4387.783757,80.772003,0.810000,-146.154999
1466.000000,37.247141,131.876964,4387.556986,80.768997,0.811000,-145.938995
1467.000000,37.247108,131.876950,4387.330519,80.766998,0.812000,-145.723007
1468.000000,37.247077,131.876934,4387.103748,80.764000,0.813000,-145.505997
1469.000000,37.247044,131.876920,4386.876977,80.761002,0.813000,-145.289993
1470.000000,37.247012,131.876905,4386.650510,80.759003,0.814000,-145.074005
1471.000000,37.246981,131.876889,4386.423739,80.755997,0.815000,-144.858002
1472.000000,37.246948,131.876874,4386.196968,80.752998,0.816000,-144.641006
1473.000000,37.246916,131.876858,4385.970197,80.750999,0.817000,-144.425003
1474.000000,37.246884,131.876843,4385.743426,80.748001,0.817000,-144.209000
1475.000000,37.246853,131.876828,4385.516654,80.745003,0.818000,-143.992004
1476.000000,37.246821,131.876811,4385.289883,80.742996,0.819000,-143.776001
1477.000000,37.246789,131.876795,4385.063112,80.739998,0.820000,-143.559006
1478.000000,37.246758,131.876779,4384.836341,80.737999,0.821000,-143.343002
1479.000000,37.246726,131.876763,4384.609570,80.735001,0.822000,-143.126999
1480.000000,37.246694,131.876746,4384.382798,80.733002,0.822000,-142.910004
1481.000000,37.246662,131.876729,4384.155722,80.730003,0.823000,-142.694000
1482.000000,37.246631,131.876712,4383.928951,80.726997,0.824000,-142.477997
1483.000000,37.246600,131.876695,4383.702180,80.724998,0.825000,-142.261002
1484.000000,37.246568,131.876679,4383.475409,80.722000,0.826000,-142.044998
1485.000000,37.246537,131.876661,4383.248638,80.720001,0.827000,-141.828003
1486.000000,37.246506,131.876644,4383.021866,80.717003,0.828000,-141.612000
1487.000000,37.246474,131.876626,4382.795095,80.714996,0.828000,-141.395004
1488.000000,37.246444,131.876608,4382.568019,80.711998,0.829000,-141.179001
1489.000000,37.246412,131.876590,4382.341248,80.709999,0.830000,-140.962997
1490.000000,37.246381,131.876572,4382.114477,80.707001,0.831000,-140.746002
1491.000000,37.246350,131.876553,4381.887706,80.705002,0.832000,-140.529999
1492.000000,37.246319,131.876536,4381.660934,80.702003,0.833000,-140.313004
1493.000000,37.246288,131.876517,4381.434163,80.699997,0.834000,-140.097000
1494.000000,37.246257,131.876498,4381.207392,80.696999,0.835000,-139.880005
1495.000000,37.246227,131.876479,4380.980621,80.695000,0.836000,-139.664001
1496.000000,37.246196,131.876461,4380.753850,80.692001,0.837000,-139.447006
1497.000000,37.246165,131.876441,4380.527078,80.690002,0.838000,-139.231003
1498.000000,37.246135,131.876422,4380.300612,80.686996,0.839000,-139.014008
1499.000000,37.246104,131.876402,4380.073841,80.684998,0.840000,-138.796997
1500.000000,37.246073,131.876383,4379.847070,80.681999,0.841000,-138.580994
1501.000000,37.246043,131.876363,4379.620603,80.680000,0.842000,-138.363998
1502.000000,37.246013,131.876344,4379.393832,80.677002,0.843000,-138.147995
1503.000000,37.245982,131.876323,4379.167366,80.675003,0.844000,-137.931000
1504.000000,37.245952,131.876304,4378.940594,80.671997,0.845000,-137.714996
1505.000000,37.245922,131.876283,4378.714128,80.669998,0.846000,-137.498001
1506.000000,37.245891,131.876262,4378.487662,80.667999,0.847000,-137.281006
1507.000000,37.245862,131.876242,4378.261195,80.665001,0.848000,-137.065002
1508.000000,37.245831,131.876221,4378.034424,80.663002,0.849000,-136.848007
1509.000000,37.245801,131.876201,4377.807958,80.660004,0.850000,-136.632004
1510.000000,37.245772,131.876179,4377.581796,80.657997,0.851000,-136.414993
1511.000000,37.245742,131.876159,4377.355330,80.655998,0.852000,-136.197998
1512.000000,37.245712,131.876137,4377.128863,80.653000,0.853000,-135.981995
1513.000000,37.245682,131.876116,4376.902397,80.651001,0.854000,-135.764999
1514.000000,37.245652,131.876094,4376.676235,80.649002,0.855000,-135.548004
1515.000000,37.245622,131.876072,4376.450074,80.646004,0.857000,-135.332001
1516.000000,37.245594,131.876051,4376.223607,80.643997,0.858000,-135.115005
1517.000000,37.245564,131.876028,4375.997446,80.641998,0.859000,-134.897995
1518.000000,37.245534,131.876007,4375.771284,80.639000,0.860000,-134.681000
1519.000000,37.245505,131.875984,4375.545122,80.637001,0.861000,-134.464996
1520.000000,37.245476,131.875961,4375.319266,80.635002,0.862000,-134.248001
1521.000000,37.245446,131.875939,4375.093104,80.632004,0.863000,-134.031006
1522.000000,37.245418,131.875916,4374.866942,80.629997,0.865000,-133.815002
1523.000000,37.245388,131.875894,4374.641086,80.627998,0.866000,-133.598007
1524.000000,37.245359,131.875871,4374.415229,80.625999,0.867000,-133.380997
1525.000000,37.245331,131.875847,4374.189372,80.623001,0.868000,-133.164001
1526.000000,37.245301,131.875825,4373.963515,80.621002,0.869000,-132.947006
1527.000000,37.245272,131.875801,4373.737658,80.619003,0.871000,-132.731003
1528.000000,37.245244,131.875777,4373.512106,80.616997,0.872000,-132.514008
1529.000000,37.245215,131.875754,4373.286250,80.613998,0.873000,-132.296997
1530.000000,37.245186,131.875730,4373.060698,80.612000,0.874000,-132.080002
1531.000000,37.245158,131.875706,4372.835146,80.610001,0.876000,-131.863007
1532.000000,37.245129,131.875682,4372.609594,80.608002,0.877000,-131.647003
1533.000000,37.245102,131.875657,4372.384042,80.606003,0.878000,-131.429993
1534.000000,37.245073,131.875634,4372.158490,80.602997,0.879000,-131.212997
1535.000000,37.245044,131.875609,4371.933242,80.600998,0.881000,-130.996002
1536.000000,37.245017,131.875584,4371.707995,80.598999,0.882000,-130.779007
1537.000000,37.244988,131.875560,4371.482748,80.597000,0.883000,-130.561996
1538.000000,37.244960,131.875534,4371.257501,80.595001,0.885000,-130.345001
1539.000000,37.244933,131.875509,4371.032254,80.593002,0.886000,-130.128006
1540.000000,37.244904,131.875484,4370.807311,80.591003,0.887000,-129.912003
1541.000000,37.244877,131.875459,4370.582369,80.587997,0.889000,-129.695007
1542.000000,37.244849,131.875433,4370.357426,80.585999,0.890000,-129.477997
1543.000000,37.244821,131.875408,4370.132484,80.584000,0.891000,-129.261002
1544.000000,37.244794,131.875382,4369.907542,80.582001,0.893000,-129.044006
1545.000000,37.244766,131.875356,4369.682904,80.580002,0.894000,-128.826996
1546.000000,37.244738,131.875331,4369.458266,80.578003,0.896000,-128.610001
1547.000000,37.244712,131.875304,4369.233629,80.575996,0.897000,-128.393005
1548.000000,37.244684,131.875278,4369.008991,80.573997,0.898000,-128.175995
1549.000000,37.244657,131.875251,4368.784354,80.571999,0.900000,-127.959000
1550.000000,37.244630,131.875225,4368.560021,80.570000,0.901000,-127.742004
1551.000000,37.244602,131.875198,4368.335688,80.568001,0.903000,-127.524994
1552.000000,37.244576,131.875171,4368.111355,80.565002,0.904000,-127.307999
1553.000000,37.244549,131.875145,4367.887327,80.563004,0.906000,-127.091003
1554.000000,37.244523,131.875118,4367.662994,80.560997,0.907000,-126.873993
1555.000000,37.244495,131.875090,4367.438966,80.558998,0.908000,-126.656998
1556.000000,37.244468,131.875063,4367.214938,80.556999,0.910000,-126.440002
1557.000000,37.244442,131.875036,4366.991215,80.555000,0.911000,-126.223007
1558.000000,37.244416,131.875008,4366.767187,80.553001,0.913000,-126.005997
1559.000000,37.244390,131.874980,4366.543464,80.551003,0.914000,-125.787994
1560.000000,37.244363,131.874952,4366.320046,80.549004,0.916000,-125.570999
1561.000000,37.244336,131.874925,4366.096322,80.546997,0.918000,-125.354004
1562.000000,37.244311,131.874897,4365.872904,80.544998,0.919000,-125.136993
1563.000000,37.244284,131.874869,4365.649486,80.542999,0.921000,-124.919998
1564.000000,37.244259,131.874840,4365.426067,80.541000,0.922000,-124.703003
1565.000000,37.244233,131.874812,4365.202954,80.539001,0.924000,-124.485992
1566.000000,37.244208,131.874784,4364.979840,80.537003,0.925000,-124.268997
1567.000000,37.244181,131.874755,4364.756726,80.535004,0.927000,-124.050995
1568.000000,37.244155,131.874726,4364.533613,80.532997,0.929000,-123.834000
1569.000000,37.244130,131.874697,4364.310804,80.530998,0.930000,-123.617004
1570.000000,37.244105,131.874668,4364.087995,80.528999,0.932000,-123.399994
1571.000000,37.244080,131.874639,4363.865186,80.527000,0.933000,-123.182999
1572.000000,37.244054,131.874609,4363.642682,80.525002,0.935000,-122.966003
1573.000000,37.244029,131.874581,4363.420178,80.523003,0.937000,-122.748001
1574.000000,37.244004,131.874551,4363.197674,80.521004,0.938000,-122.531006
1575.000000,37.243978,131.874521,4362.975475,80.518997,0.940000,-122.313995
1576.000000,37.243954,131.874491,4362.753276,80.516998,0.942000,-122.097000
1577.000000,37.243929,131.874461,4362.531077,80.514999,0.943000,-121.878998
1578.000000,37.243905,131.874432,4362.308878,80.514000,0.945000,-121.662003
1579.000000,37.243879,131.874401,4362.086983,80.512001,0.947000,-121.445007
1580.000000,37.243855,131.874371,4361.865089,80.510002,0.948000,-121.227997
1581.000000,37.243830,131.874340,4361.643499,80.508003,0.950000,-121.009995
1582.000000,37.243807,131.874310,4361.421910,80.505997,0.952000,-120.792999
1583.000000,37.243782,131.874280,4361.200320,80.503998,0.954000,-120.576004
1584.000000,37.243758,131.874249,4360.978730,80.501999,0.955000,-120.358002
1585.000000,37.243734,131.874218,4360.757446,80.500000,0.957000,-120.141006
1586.000000,37.243709,131.874187,4360.536161,80.498001,0.959000,-119.923996
1587.000000,37.243686,131.874156,4360.315181,80.496002,0.961000,-119.705994
1588.000000,37.243661,131.874124,4360.094201,80.494003,0.963000,-119.488998
1589.000000,37.243638,131.874094,4359.873221,80.491997,0.964000,-119.272003
1590.000000,37.243614,131.874062,4359.652546,80.490997,0.966000,-119.054001
1591.000000,37.243591,131.874031,4359.431870,80.488998,0.968000,-118.837006
1592.000000,37.243567,131.873999,4359.211195,80.487000,0.970000,-118.619003
1593.000000,37.243544,131.873967,4358.990825,80.485001,0.972000,-118.401993
1594.000000,37.243521,131.873935,4358.770454,80.483002,0.973000,-118.184998
1595.000000,37.243498,131.873904,4358.550084,80.481003,0.975000,-117.966995
1596.000000,37.243474,131.873871,4358.330018,80.478996,0.977000,-117.750000
1597.000000,37.243452,131.873839,4358.110258,80.477997,0.979000,-117.531998
1598.000000,37.243428,131.873807,4357.890192,80.475998,0.981000,-117.315002
1599.000000,37.243406,131.873774,4357.670431,80.473999,0.983000,-117.097000
1600.000000,37.243383,131.873741,4357.450975,80.472000,0.985000,-116.880005
1601.000000,37.243361,131.873709,4357.231214,80.470001,0.987000,-116.662003
1602.000000,37.243338,131.873676,4357.011758,80.468002,0.989000,-116.445007
1603.000000,37.243316,131.873644,4356.792607,80.467003,0.991000,-116.227005
1604.000000,37.243293,131.873611,4356.573456,80.464996,0.993000,-116.009995
1605.000000,37.243272,131.873577,4356.354305,80.462997,0.994000,-115.792007
1606.000000,37.243249,131.873544,4356.135458,80.460999,0.996000,-115.574997
1607.000000,37.243227,131.873511,4355.916612,80.459000,0.998000,-115.356995
1608.000000,37.243205,131.873477,4355.698070,80.458000,1.000000,-115.139999
1609.000000,37.243184,131.873444,4355.479529,80.456001,1.002000,-114.921997
1610.000000,37.243161,131.873410,4355.261292,80.454002,1.004000,-114.705002
1611.000000,37.243140,131.873376,4355.042750,80.452003,1.006000,-114.487000
1612.000000,37.243118,131.873343,4354.824818,80.449997,1.008000,-114.268997
1613.000000,37.243097,131.873309,4354.606886,80.448997,1.011000,-114.052002
1614.000000,37.243076,131.873275,4354.388954,80.446999,1.013000,-113.834000
1615.000000,37.243055,131.873241,4354.171022,80.445000,1.015000,-113.617004
1616.000000,37.243033,131.873206,4353.953395,80.443001,1.017000,-113.399002
1617.000000,37.243013,131.873172,4353.736073,80.442001,1.019000,-113.181000
1618.000000,37.242991,131.873137,4353.518750,80.440002,1.021000,-112.964005
1619.000000,37.242971,131.873103,4353.301428,80.438004,1.023000,-112.746002
1620.000000,37.242951,131.873068,4353.084410,80.435997,1.025000,-112.528000
1621.000000,37.242930,131.873033,4352.867393,80.434998,1.027000,-112.311005
1622.000000,37.242910,131.872998,4352.650680,80.432999,1.029000,-112.093002
1623.000000,37.242889,131.872964,4352.433967,80.431000,1.031000,-111.875000
1624.000000,37.242869,131.872929,4352.217559,80.429001,1.034000,-111.658005
1625.000000,37.242848,131.872894,4352.001151,80.428001,1.036000,-111.440002
1626.000000,37.242829,131.872859,4351.785048,80.426003,1.038000,-111.222000
1627.000000,37.242808,131.872823,4351.568945,80.424004,1.040000,-111.005005
1628.000000,37.242789,131.872788,4351.352842,80.422997,1.042000,-110.787003
