Time,Longitude,Latitude,Altitude,Roll (deg),Pitch (deg),Yaw (deg),Health
0.0,128.181615,37.914556,4571.9698248,0.501,0.091,270.059,1.0
0.1,128.181386,37.914556,4571.7674375999995,2.733,0.869,270.245,1.0
0.2,128.181157,37.914556,4571.388876000001,6.586,1.896,270.492,1.0
0.3,128.180928,37.914556,4570.8673632,11.81,2.869,270.802,1.0
0.4,128.180698,37.914556,4570.2379512,18.157,3.773,271.206,1.0
0.5,128.180467,37.914556,4569.5320344,25.371,4.659,271.754,1.0
0.6,128.180236,37.914556,4568.7794832,33.179,5.594,272.525,1.0
0.7,128.180005,37.914556,4568.0275416,40.841,6.64,273.6,1.0
0.8,128.179774,37.914558,4567.3697832,47.119,7.717,274.968,1.0
0.9,128.179542,37.914562,4566.8421744,51.562,8.745,276.589,1.0
1.0,128.179311,37.914568,4566.4901304,53.604,9.643,278.281,1.0
1.1,128.17908,37.914577,4566.33072,53.393,10.429,279.953,1.0
1.2,128.17885,37.914589,4566.3697344,51.407,11.164,281.545,1.0
1.3,128.17862,37.914604,4566.608697600001,48.305,11.901,283.017,1.0
1.4,128.178391,37.914621,4567.052791200001,44.748,12.678,284.341,1.0
1.5,128.178162,37.914641,4567.7145120000005,41.249,13.512,285.505,1.0
1.6,128.177935,37.914664,4568.613062400001,38.111,14.407,286.514,1.0
1.7,128.177708,37.914689,4569.7682544,35.482,15.354,287.387,1.0
1.8,128.177482,37.914716,4571.2017288,33.373,16.345,288.148,1.0
1.9,128.177257,37.914745,4572.9348216,31.692,17.369,288.82,1.0
2.0,128.177034,37.914777,4574.9861256,30.302,18.423,289.421,1.0
2.1,128.176812,37.914811,4577.3794152,28.973,19.511,289.955,1.0
2.2,128.176592,37.914846,4580.1506568,27.253,20.646,290.403,1.0
2.3,128.176374,37.914884,4583.3455704,24.683,21.844,290.753,1.0
2.4,128.176158,37.914924,4586.9675088,21.402,23.104,291.024,1.0
2.5,128.175944,37.914966,4591.0161672,17.618,24.426,291.202,1.0
2.6,128.175732,37.915008,4595.4912408,13.534,25.805,291.26,1.0
2.7,128.175523,37.915051,4600.390596,9.319,27.23,291.176,1.0
2.8,128.175316,37.915095,4605.7111848,5.102,28.687,290.933,1.0
2.9,128.175111,37.915139,4611.446911200001,0.967,30.159,290.525,1.0
3.0,128.174908,37.915183,4617.5907648,-3.034,31.63,289.949,1.0
3.1,128.174708,37.915226,4624.1332968,-6.887,33.085,289.207,1.0
3.2,128.174509,37.915268,4631.0647536,-10.605,34.508,288.303,1.0
3.3,128.174313,37.915309,4638.3729432,-14.213,35.888,287.246,1.0
3.4,128.174119,37.915349,4646.0462832,-17.747,37.218,286.047,1.0
3.5,128.173926,37.915387,4654.0710576,-21.238,38.488,284.713,1.0
3.6,128.173736,37.915423,4662.4292832,-24.676,39.691,283.251,1.0
3.7,128.173548,37.915457,4671.0974904,-27.951,40.825,281.675,1.0
3.8,128.173362,37.915489,4680.0503808,-30.923,41.887,280.011,1.0
3.9,128.173178,37.915519,4689.2690568,-33.519,42.878,278.282,1.0
4.0,128.172995,37.915547,4698.7446792,-35.796,43.8,276.504,1.0
4.1,128.172814,37.915572,4708.4690184,-37.863,44.658,274.693,1.0
4.2,128.172636,37.915595,4718.4271392,-39.715,45.462,272.862,1.0
4.3,128.172459,37.915616,4728.6056304,-41.334,46.22,271.026,1.0
4.4,128.172283,37.915634,4738.995348,-42.767,46.939,269.193,1.0
4.5,128.17211,37.915649,4749.590805600001,-44.121,47.624,267.367,1.0
4.6,128.171939,37.915662,4760.384688,-45.491,48.28,265.548,1.0
4.7,128.171771,37.915673,4771.3684608,-46.919,48.911,263.732,1.0
4.8,128.171604,37.915681,4782.529932,-48.381,49.519,261.918,1.0
4.9,128.171439,37.915686,4793.8569096,-49.811,50.105,260.102,1.0
5.0,128.171276,37.91569,4805.3378112,-51.139,50.669,258.287,1.0
5.1,128.171116,37.91569,4816.961664,-52.304,51.21,256.478,1.0
5.2,128.170957,37.915689,4828.7184096,-53.255,51.734,254.681,1.0
5.3,128.170801,37.915685,4840.600123200001,-53.967,52.245,252.905,1.0
5.4,128.170646,37.915679,4852.5997944,-54.442,52.747,251.157,1.0
5.5,128.170494,37.915672,4864.7116320000005,-54.704,53.248,249.446,1.0
5.6,128.170343,37.915662,4876.9301496,-54.798,53.75,247.78,1.0
5.7,128.170195,37.91565,4889.25108,-54.785,54.257,246.16,1.0
5.8,128.170049,37.915636,4901.6704608,-54.729,54.772,244.583,1.0
5.9,128.169905,37.915621,4914.1855488,-54.683,55.296,243.045,1.0
6.0,128.169763,37.915603,4926.7926864,-54.692,55.828,241.539,1.0
6.1,128.169624,37.915584,4939.4891304,-54.79,56.367,240.058,1.0
6.2,128.169486,37.915564,4952.2718328,-54.997,56.91,238.594,1.0
6.3,128.169352,37.915542,4965.138355200001,-55.325,57.453,237.139,1.0
6.4,128.169219,37.915518,4978.08504,-55.765,57.994,235.687,1.0
6.5,128.169089,37.915493,4991.1088392,-56.299,58.529,234.229,1.0
6.6,128.168961,37.915467,5004.2060952,-56.9,59.055,232.763,1.0
6.7,128.168836,37.915439,5017.3734552000005,-57.545,59.57,231.284,1.0
6.8,128.168713,37.91541,5030.6078712,-58.213,60.073,229.79,1.0
6.9,128.168592,37.91538,5043.9059904000005,-58.891,60.562,228.278,1.0
7.0,128.168474,37.915349,5057.265069600001,-59.573,61.038,226.749,1.0
7.1,128.168359,37.915316,5070.6826704000005,-60.262,61.501,225.199,1.0
7.2,128.168246,37.915282,5084.1557448,-60.964,61.952,223.629,1.0
7.3,128.168135,37.915247,5097.682159200001,-61.693,62.391,222.036,1.0
7.4,128.168027,37.915211,5111.2600848,-62.46,62.818,220.418,1.0
7.5,128.167922,37.915175,5124.8864736000005,-63.277,63.234,218.773,1.0
7.6,128.167819,37.915137,5138.559192000001,-64.154,63.639,217.097,1.0
7.7,128.167718,37.915098,5152.2764112,-65.101,64.03,215.389,1.0
7.8,128.167621,37.915058,5166.035388,-66.126,64.408,213.645,1.0
7.9,128.167526,37.915017,5179.8342936,-67.246,64.771,211.862,1.0
8.0,128.167433,37.914976,5193.6706896,-68.469,65.116,210.037,1.0
8.1,128.167344,37.914934,5207.541528000001,-69.795,65.442,208.167,1.0
8.2,128.167257,37.91489,5221.444675199999,-71.221,65.747,206.249,1.0
8.3,128.167173,37.914847,5235.377692800001,-72.761,66.027,204.283,1.0
8.4,128.167092,37.914802,5249.338142400001,-74.438,66.281,202.264,1.0
8.5,128.167014,37.914757,5263.3232808,-76.265,66.504,200.192,1.0
8.6,128.166939,37.914711,5277.33006,-78.248,66.693,198.063,1.0
8.7,128.166867,37.914664,5291.355432,-80.388,66.845,195.878,1.0
8.8,128.166798,37.914617,5305.3951296,-82.68,66.954,193.639,1.0
8.9,128.166733,37.914569,5319.4458,-85.109,67.017,191.35,1.0
9.0,128.16667,37.91452,5333.5022616,-87.644,67.03,189.019,1.0
9.1,128.166611,37.914471,5347.5599424,-90.238,66.991,186.656,1.0
9.2,128.166554,37.914421,5361.613356000001,-92.833,66.897,184.276,1.0
9.3,128.166501,37.91437,5375.6579304,-95.375,66.75,181.895,1.0
9.4,128.166451,37.914319,5389.6881792,-97.806,66.552,179.528,1.0
9.5,128.166404,37.914267,5403.6995304,-100.056,66.314,177.189,1.0
9.6,128.16636,37.914214,5417.6877168,-102.032,66.044,174.89,1.0
9.7,128.166318,37.914161,5431.6493856,-103.663,65.753,172.643,1.0
9.8,128.16628,37.914108,5445.581184000001,-104.916,65.452,170.456,1.0
9.9,128.166243,37.914054,5459.4806736,-105.8,65.149,168.333,1.0
10.0,128.166209,37.913999,5473.3460256,-106.368,64.854,166.273,1.0
10.1,128.166178,37.913945,5487.175106400001,-106.694,64.574,164.271,1.0
10.2,128.166149,37.913889,5500.966392,-106.86,64.314,162.316,1.0
10.3,128.166123,37.913834,5514.718968,-106.95,64.076,160.4,1.0
10.4,128.1661,37.913778,5528.431615200001,-107.061,63.861,158.512,1.0
10.5,128.166078,37.913722,5542.1028096,-107.288,63.667,156.642,1.0
10.6,128.16606,37.913666,5555.7316368,-107.717,63.488,154.783,1.0
10.7,128.166044,37.91361,5569.3153536,-108.459,63.314,152.929,1.0
10.8,128.166032,37.913554,5582.850912,-109.653,63.13,151.076,1.0
10.9,128.166022,37.913498,5596.3346544000005,-111.389,62.922,149.218,1.0
11.0,128.166016,37.913442,5609.7638376,-113.594,62.674,147.356,1.0
11.1,128.166013,37.913386,5623.135718400001,-116.039,62.377,145.498,1.0
11.2,128.166012,37.91333,5636.4481632,-118.46,62.026,143.666,1.0
11.3,128.166014,37.913275,5649.6984288,-120.661,61.62,141.883,1.0
11.4,128.166019,37.913219,5662.8834672,-122.533,61.163,140.165,1.0
11.5,128.166027,37.913164,5676.0002304,-124.042,60.66,138.522,1.0
11.6,128.166037,37.913108,5689.0444512,-125.208,60.122,136.955,1.0
11.7,128.16605,37.913053,5702.013691200001,-126.08,59.555,135.457,1.0
11.8,128.166065,37.912997,5714.904597600001,-126.721,58.969,134.019,1.0
11.9,128.166083,37.912942,5727.714122400001,-127.197,58.37,132.63,1.0
12.0,128.166104,37.912887,5740.4404368000005,-127.571,57.764,131.282,1.0
12.1,128.166128,37.912833,5753.080492800001,-127.893,57.154,129.965,1.0
12.2,128.166154,37.912778,5765.6327664,-128.202,56.542,128.675,1.0
12.3,128.166182,37.912724,5778.095124,-128.522,55.93,127.407,1.0
12.4,128.166213,37.91267,5790.465736800001,-128.867,55.317,126.158,1.0
12.5,128.166247,37.912617,5802.742776,-129.24,54.702,124.928,1.0
12.6,128.166283,37.912564,5814.9244128,-129.639,54.085,123.717,1.0
12.7,128.166322,37.912511,5827.0091232,-130.058,53.465,122.525,1.0
12.8,128.166363,37.912458,5838.9950784,-130.483,52.841,121.355,1.0
12.9,128.166406,37.912407,5850.8804496,-130.9,52.212,120.205,1.0
13.0,128.166452,37.912355,5862.6637128,-131.297,51.579,119.077,1.0
13.1,128.166501,37.912304,5874.3430392,-131.665,50.939,117.972,1.0
13.2,128.166551,37.912254,5885.9166000000005,-131.999,50.295,116.888,1.0
13.3,128.166604,37.912204,5897.383176,-132.295,49.645,115.827,1.0
13.4,128.166659,37.912154,5908.7403288000005,-132.552,48.99,114.785,1.0
13.5,128.166717,37.912105,5919.9868392,-132.771,48.332,113.764,1.0
13.6,128.166776,37.912057,5931.120878400001,-132.957,47.669,112.761,1.0
13.7,128.166838,37.912009,5942.1409224,-133.112,47.003,111.775,1.0
13.8,128.166902,37.911962,5953.045447200001,-133.24,46.333,110.805,1.0
13.9,128.166968,37.911916,5963.8329288,-133.341,45.661,109.85,1.0
14.0,128.167036,37.91187,5974.502148,-133.418,44.986,108.909,1.0
14.1,128.167107,37.911825,5985.0515808,-133.471,44.309,107.98,1.0
14.2,128.167179,37.911781,5995.480008,-133.499,43.63,107.064,1.0
14.3,128.167254,37.911737,6005.7862104000005,-133.501,42.949,106.158,1.0
14.4,128.16733,37.911694,6015.969273600001,-133.476,42.268,105.262,1.0
14.5,128.167409,37.911652,6026.0276736000005,-133.425,41.585,104.376,1.0
14.6,128.167489,37.911611,6035.960191200001,-133.348,40.902,103.499,1.0
14.7,128.167571,37.91157,6045.765912,-133.258,40.219,102.63,1.0
14.8,128.167655,37.91153,6055.441788000001,-133.192,39.534,101.77,1.0
14.9,128.167741,37.911492,6064.9856856,-133.18,38.847,100.92,1.0
15.0,128.167829,37.911454,6074.3963856,-133.237,38.155,100.077,1.0
15.1,128.167919,37.911417,6083.6717544,-133.359,37.457,99.244,1.0
15.2,128.168011,37.911381,6092.810877600001,-133.535,36.752,98.419,1.0
15.3,128.168104,37.911346,6101.8122312000005,-133.744,36.038,97.604,1.0
15.4,128.1682,37.911312,6110.6742912,-133.964,35.314,96.8,1.0
15.5,128.168296,37.911278,6119.3967528,-134.169,34.58,96.007,1.0
15.6,128.168395,37.911246,6127.977482400001,-134.336,33.836,95.225,1.0
15.7,128.168495,37.911215,6136.4161752,-134.448,33.084,94.454,1.0
15.8,128.168597,37.911185,6144.7113072,-134.488,32.323,93.694,1.0
15.9,128.168701,37.911156,6152.8622688000005,-134.439,31.557,92.944,1.0
16.0,128.168806,37.911127,6160.8678408000005,-134.297,30.787,92.202,1.0
16.1,128.168912,37.9111,6168.727108800001,-134.067,30.015,91.467,1.0
16.2,128.16902,37.911074,6176.4391584,-133.761,29.244,90.737,1.0
16.3,128.16913,37.911049,6184.002160800001,-133.395,28.475,90.01,1.0
16.4,128.169241,37.911025,6191.4158112000005,-132.986,27.711,89.285,1.0
16.5,128.169353,37.911002,6198.6785856,-132.55,26.951,88.56,1.0
16.6,128.169467,37.91098,6205.7898744,-132.102,26.197,87.834,1.0
16.7,128.169582,37.910959,6212.749068,-131.653,25.449,87.106,1.0
16.8,128.169699,37.91094,6219.555556800001,-131.208,24.707,86.375,1.0
16.9,128.169817,37.910921,6226.209036,-130.762,23.972,85.64,1.0
17.0,128.169936,37.910904,6232.709200800001,-130.312,23.244,84.902,1.0
17.1,128.170056,37.910888,6239.0560512,-129.849,22.523,84.161,1.0
17.2,128.170177,37.910873,6245.249587200001,-129.368,21.809,83.416,1.0
17.3,128.1703,37.910859,6251.289504,-128.862,21.102,82.667,1.0
17.4,128.170424,37.910847,6257.1754968000005,-128.332,20.403,81.915,1.0
17.5,128.170548,37.910835,6262.907260800001,-127.777,19.712,81.16,1.0
17.6,128.170674,37.910825,6268.4851008000005,-127.197,19.029,80.402,1.0
17.7,128.170801,37.910817,6273.9087119999995,-126.59,18.354,79.641,1.0
17.8,128.170929,37.910809,6279.178704,-125.956,17.688,78.876,1.0
17.9,128.171057,37.910803,6284.2944672,-125.292,17.033,78.107,1.0
18.0,128.171187,37.910798,6289.256915999999,-124.599,16.387,77.335,1.0
18.1,128.171317,37.910795,6294.0657456,-123.878,15.752,76.558,1.0
18.2,128.171449,37.910793,6298.721870400001,-123.13,15.128,75.778,1.0
18.3,128.171581,37.910792,6303.2249856,-122.359,14.515,74.993,1.0
18.4,128.171713,37.910792,6307.575700800001,-121.568,13.915,74.203,1.0
18.5,128.171847,37.910794,6311.7749304,-120.759,13.327,73.409,1.0
18.6,128.171981,37.910798,6315.8226744,-119.935,12.752,72.611,1.0
18.7,128.172116,37.910802,6319.720152000001,-119.099,12.191,71.808,1.0
18.8,128.172251,37.910809,6323.467668,-118.249,11.642,71.0,1.0
18.9,128.172387,37.910816,6327.066746400001,-117.386,11.107,70.188,1.0
19.0,128.172523,37.910825,6330.517692,-116.509,10.587,69.372,1.0
19.1,128.172659,37.910836,6333.821724,-115.621,10.08,68.552,1.0
19.2,128.172796,37.910848,6336.9800616,-114.722,9.587,67.729,1.0
19.3,128.172934,37.910862,6339.993924,-113.814,9.109,66.902,1.0
19.4,128.173071,37.910877,6342.8642256,-112.899,8.645,66.072,1.0
19.5,128.173209,37.910893,6345.5927952,-111.981,8.196,65.24,1.0
19.6,128.173347,37.910911,6348.180242400001,-111.067,7.76,64.404,1.0
19.7,128.173486,37.910931,6350.6277864,-110.166,7.338,63.567,1.0
19.8,128.173624,37.910952,6352.937560800001,-109.283,6.929,62.727,1.0
19.9,128.173762,37.910975,6355.1101751999995,-108.423,6.532,61.885,1.0
20.0,128.173901,37.910999,6357.147763200001,-107.582,6.147,61.041,1.0
20.1,128.174039,37.911025,6359.051544,-106.752,5.773,60.196,1.0
20.2,128.174177,37.911053,6360.8233464,-105.925,5.41,59.348,1.0
20.3,128.174316,37.911082,6362.4649992,-105.095,5.058,58.499,1.0
20.4,128.174454,37.911113,6363.9783312,-104.256,4.716,57.65,1.0
20.5,128.174591,37.911145,6365.364561599999,-103.405,4.385,56.799,1.0
20.6,128.174729,37.911179,6366.625824000001,-102.543,4.065,55.948,1.0
20.7,128.174866,37.911215,6367.763947200001,-101.669,3.755,55.097,1.0
20.8,128.175003,37.911252,6368.7810648,-100.786,3.457,54.246,1.0
20.9,128.175139,37.911291,6369.679005600001,-99.892,3.169,53.395,1.0
21.0,128.175275,37.911331,6370.4595984,-98.992,2.894,52.545,1.0
21.1,128.17541,37.911373,6371.1255864,-98.088,2.631,51.694,1.0
21.2,128.175545,37.911416,6371.6787984,-97.184,2.379,50.845,1.0
21.3,128.175679,37.911462,6372.1216728,-96.284,2.141,49.996,1.0
21.4,128.175813,37.911508,6372.4563431999995,-95.388,1.914,49.147,1.0
21.5,128.175946,37.911557,6372.6855528,-94.498,1.7,48.299,1.0
21.6,128.176078,37.911607,6372.8114352,-93.61,1.498,47.453,1.0
21.7,128.176209,37.911658,6372.8364288,-92.721,1.31,46.607,1.0
21.8,128.17634,37.911711,6372.762972,-91.829,1.133,45.763,1.0
21.9,128.17647,37.911766,6372.5941128,-90.935,0.969,44.921,1.0
22.0,128.176599,37.911822,6372.33168,-90.038,0.818,44.081,1.0
22.1,128.176727,37.91188,6371.9790264,-89.143,0.679,43.243,1.0
22.2,128.176854,37.911939,6371.538285600001,-88.257,0.552,42.408,1.0
22.3,128.17698,37.912,6371.0128104000005,-87.39,0.437,41.575,1.0
22.4,128.177104,37.912062,6370.4047344,-86.555,0.333,40.744,1.0
22.5,128.177228,37.912126,6369.717105600001,-85.764,0.239,39.916,1.0
22.6,128.177351,37.912192,6368.9523624,-85.024,0.154,39.089,1.0
22.7,128.177472,37.912259,6368.113248,-84.333,0.077,38.262,1.0
22.8,128.177593,37.912327,6367.2022008,-83.685,0.008,37.437,1.0
22.9,128.177712,37.912397,6366.2216592,-83.07,-0.055,36.611,0.9986608675483534
23.0,128.177829,37.912468,6365.173147200001,-82.475,-0.112,35.786,0.9940378365147665
23.1,128.177946,37.912541,6364.059408,-81.887,-0.165,34.961,0.9861102111222713
23.2,128.178061,37.912615,6362.882270400001,-81.293,-0.214,34.136,0.9748666134678675
23.3,128.178175,37.912691,6361.6441728,-80.69,-0.257,33.312,0.9602991061185536
23.4,128.178287,37.912768,6360.346944,-80.079,-0.297,32.49,0.942395044571504
23.5,128.178398,37.912846,6358.993327200001,-79.466,-0.332,31.668,0.9211412351105203
23.6,128.178507,37.912926,6357.585456000001,-78.859,-0.363,30.847,0.8965375908188999
23.7,128.178615,37.913007,6356.1257688000005,-78.272,-0.39,30.027,0.8921084788468836
23.8,128.178721,37.913089,6354.616704,-77.721,-0.412,29.208,0.8921084788468836
23.9,128.178826,37.913173,6353.0607,-77.223,-0.431,28.388,0.8921084788468836
24.0,128.178929,37.913258,6351.4601952,-76.79,-0.447,27.568,0.8921084788468836
24.1,128.179031,37.913344,6349.8170184,-76.432,-0.462,26.745,0.8921084788468836
24.2,128.17913,37.913432,6348.1333032,-76.153,-0.477,25.919,0.8471725137211592
24.3,128.179228,37.913521,6346.4102688,-75.952,-0.493,25.089,0.7988230677212503
24.4,128.179324,37.913611,6344.6488296,-75.816,-0.512,24.253,0.7470510920513206
24.5,128.179419,37.913702,6342.850509600001,-75.729,-0.535,23.41,0.6918533094544328
24.6,128.179511,37.913794,6341.0159184,-75.674,-0.563,22.562,0.6332295476942359
24.7,128.179602,37.913888,6339.145360800001,-75.64,-0.599,21.706,0.5711814891148417
24.8,128.179691,37.913983,6337.239751200001,-75.619,-0.642,20.843,0.5057064445867806
24.9,128.179778,37.914078,6335.300004000001,-75.614,-0.696,19.972,0.436809443398577
25.0,128.179863,37.914175,6333.326728800001,-75.637,-0.761,19.093,0.388979702146732
25.1,128.179945,37.914273,6331.3211448,-75.708,-0.84,18.205,0.388979702146732
25.2,128.180026,37.914372,6329.2829472,-75.828,-0.932,17.307,0.388979702146732
25.3,128.180105,37.914472,6327.2118312,-75.979,-1.039,16.399,0.388979702146732
25.4,128.180181,37.914573,6325.107492000001,-76.144,-1.162,15.48,0.388979702146732
25.5,128.180256,37.914674,6322.969624800001,-76.308,-1.304,14.551,0.388979702146732
25.6,128.180328,37.914777,6320.797620000001,-76.457,-1.466,13.61,0.388979702146732
25.7,128.180398,37.91488,6318.5911728,-76.585,-1.648,12.66,0.388979702146732
25.8,128.180466,37.914984,6316.349064,-76.698,-1.847,11.702,0.388979702146732
25.9,128.180531,37.915089,6314.070684000001,-76.799,-2.058,10.74,0.388979702146732
26.0,128.180595,37.915194,6311.755728,-76.895,-2.277,9.775,0.388979702146732
26.1,128.180656,37.9153,6309.4032816,-76.989,-2.503,8.809,0.388979702146732
26.2,128.180715,37.915406,6307.0127352,-77.086,-2.733,7.844,0.388979702146732
26.3,128.180771,37.915513,6304.583784000001,-77.188,-2.968,6.881,0.388979702146732
26.4,128.180826,37.91562,6302.114904,-77.296,-3.206,5.92,0.388979702146732
26.5,128.180877,37.915728,6299.606400000001,-77.41,-3.448,4.961,0.388979702146732
26.6,128.180927,37.915836,6297.0564432,-77.533,-3.694,4.006,0.388979702146732
26.7,128.180975,37.915945,6294.464424000001,-77.664,-3.944,3.054,0.388979702146732
26.8,128.18102,37.916055,6291.8291232,-77.807,-4.198,2.108,0.388979702146732
26.9,128.181062,37.916165,6289.1493216,-77.961,-4.454,1.164,0.388979702146732
27.0,128.181103,37.916275,6286.4238000000005,-78.128,-4.714,0.223,0.388979702146732
27.1,128.181141,37.916387,6283.6513392,-78.308,-4.978,359.281,0.388979702146732
27.2,128.181176,37.916499,6280.830720000001,-78.499,-5.247,358.337,0.388979702146732
27.3,128.18121,37.916611,6277.9604184,-78.703,-5.521,357.388,0.388979702146732
27.4,128.181241,37.916724,6275.039520000001,-78.92,-5.801,356.434,0.388979702146732
27.5,128.181269,37.916838,6272.066196000001,-79.152,-6.085,355.472,0.388979702146732
27.6,128.181295,37.916952,6269.039836800001,-79.4,-6.375,354.502,0.388979702146732
27.7,128.181319,37.917067,6265.9583088,-79.665,-6.669,353.522,0.388979702146732
27.8,128.18134,37.917182,6262.8210024,-79.948,-6.968,352.533,0.388979702146732
27.9,128.181358,37.917298,6259.6263936,-80.247,-7.272,351.533,0.388979702146732
28.0,128.181374,37.917415,6256.3729584,-80.561,-7.581,350.523,0.388979702146732
28.1,128.181388,37.917531,6253.059782400001,-80.888,-7.897,349.503,0.388979702146732
28.2,128.181399,37.917648,6249.6850368000005,-81.226,-8.22,348.474,0.388979702146732
28.3,128.181407,37.917766,6246.247197600001,-81.574,-8.549,347.437,0.388979702146732
28.4,128.181413,37.917884,6242.744740800001,-81.931,-8.885,346.394,0.388979702146732
28.5,128.181416,37.918002,6239.175837600001,-82.293,-9.228,345.344,0.388979702146732
28.6,128.181416,37.91812,6235.538354400001,-82.66,-9.578,344.288,0.388979702146732
28.7,128.181414,37.918239,6231.8313768,-83.028,-9.937,343.226,0.388979702146732
28.8,128.181408,37.918357,6228.0524663999995,-83.398,-10.302,342.159,0.388979702146732
28.9,128.181401,37.918476,6224.2000992,-83.768,-10.676,341.087,0.388979702146732
29.0,128.18139,37.918595,6220.2724464,-84.136,-11.057,340.009,0.388979702146732
29.1,128.181377,37.918714,6216.2673744,-84.503,-11.446,338.926,0.388979702146732
29.2,128.18136,37.918833,6212.1830544,-84.869,-11.843,337.839,0.388979702146732
29.3,128.181341,37.918951,6208.0176576,-85.233,-12.247,336.746,0.388979702146732
29.4,128.18132,37.91907,6203.7690504,-85.597,-12.659,335.648,0.388979702146732
29.5,128.181295,37.919189,6199.435708800001,-85.96,-13.078,334.545,0.388979702146732
29.6,128.181267,37.919307,6195.0151944,-86.324,-13.505,333.437,0.388979702146732
29.7,128.181237,37.919425,6190.505373600001,-86.689,-13.939,332.324,0.388979702146732
29.8,128.181204,37.919543,6185.9047224000005,-87.055,-14.38,331.205,0.388979702146732
29.9,128.181168,37.91966,6181.2108024,-87.424,-14.829,330.081,0.388979702146732
30.0,128.181129,37.919777,6176.42148,-87.796,-15.285,328.952,0.388979702146732
30.1,128.181087,37.919894,6171.5349264,-88.171,-15.749,327.817,0.388979702146732
30.2,128.181043,37.92001,6166.5487032,-88.549,-16.22,326.677,0.388979702146732
30.3,128.180995,37.920125,6161.4603720000005,-88.931,-16.699,325.53,0.388979702146732
30.4,128.180945,37.92024,6156.2684088000005,-89.318,-17.185,324.378,0.388979702146732
30.5,128.180891,37.920354,6150.969765600001,-89.71,-17.679,323.221,0.388979702146732
30.6,128.180835,37.920468,6145.5629184,-90.107,-18.181,322.059,0.388979702146732
30.7,128.180776,37.92058,6140.045124,-90.509,-18.69,320.891,0.388979702146732
30.8,128.180715,37.920692,6134.413944,-90.916,-19.207,319.718,0.388979702146732
30.9,128.18065,37.920803,6128.6675496,-91.328,-19.732,318.539,0.388979702146732
31.0,128.180583,37.920913,6122.803197600001,-91.743,-20.266,317.355,0.388979702146732
31.1,128.180513,37.921021,6116.8184496,-92.161,-20.808,316.165,0.388979702146732
31.2,128.18044,37.921129,6110.711172,-92.581,-21.358,314.969,0.388979702146732
31.3,128.180364,37.921236,6104.4786216,-93.002,-21.917,313.767,0.388979702146732
31.4,128.180286,37.921341,6098.1186648,-93.425,-22.485,312.558,0.388979702146732
31.5,128.180205,37.921445,6091.6285584,-93.849,-23.062,311.342,0.388979702146732
31.6,128.180121,37.921547,6085.005864000001,-94.273,-23.647,310.12,0.388979702146732
31.7,128.180035,37.921649,6078.2481431999995,-94.697,-24.242,308.89,0.388979702146732
31.8,128.179946,37.921748,6071.3529576,-95.121,-24.846,307.653,0.388979702146732
31.9,128.179855,37.921847,6064.317868800001,-95.545,-25.459,306.408,0.388979702146732
32.0,128.179761,37.921943,6057.140133600001,-95.969,-26.08,305.156,0.388979702146732
32.1,128.179665,37.922038,6049.8173136000005,-96.392,-26.711,303.895,0.388979702146732
32.2,128.179567,37.922132,6042.346970400001,-96.816,-27.351,302.626,0.388979702146732
32.3,128.179466,37.922223,6034.726056,-97.24,-28.001,301.349,0.388979702146732
32.4,128.179363,37.922313,6026.9524368,-97.664,-28.659,300.063,0.388979702146732
32.5,128.179258,37.9224,6019.0233696000005,-98.088,-29.326,298.767,0.388979702146732
32.6,128.179151,37.922486,6010.936111200001,-98.513,-30.003,297.463,0.388979702146732
32.7,128.179041,37.92257,6002.688223200001,-98.939,-30.689,296.148,0.388979702146732
32.8,128.17893,37.922652,5994.2769624,-99.365,-31.385,294.824,0.388979702146732
32.9,128.178816,37.922731,5985.6995856,-99.792,-32.089,293.488,0.388979702146732
33.0,128.178701,37.922809,5976.9539592,-100.219,-32.804,292.142,0.388979702146732
33.1,128.178584,37.922884,5968.0367304,-100.647,-33.528,290.784,0.388979702146732
33.2,128.178466,37.922957,5958.946070400001,-101.075,-34.261,289.414,0.388979702146732
33.3,128.178346,37.923027,5949.679236,-101.504,-35.004,288.031,0.388979702146732
33.4,128.178224,37.923095,5940.233484000001,-101.932,-35.757,286.636,0.388979702146732
33.5,128.178101,37.923161,5930.606376,-102.36,-36.519,285.226,0.388979702146732
33.6,128.177977,37.923224,5920.795778400001,-102.788,-37.291,283.803,0.388979702146732
33.7,128.177851,37.923285,5910.798948,-103.214,-38.073,282.364,0.388979702146732
33.8,128.177725,37.923343,5900.613446400001,-103.638,-38.865,280.91,0.388979702146732
33.9,128.177597,37.923399,5890.2374448,-104.061,-39.667,279.44,0.388979702146732
34.0,128.177469,37.923452,5879.6682,-104.48,-40.478,277.952,0.388979702146732
34.1,128.17734,37.923502,5868.903578400001,-104.896,-41.299,276.446,0.388979702146732
34.2,128.17721,37.923549,5857.9414464,-105.307,-42.13,274.921,0.388979702146732
34.3,128.17708,37.923594,5846.779670400001,-105.714,-42.97,273.377,0.388979702146732
34.4,128.176949,37.923636,5835.4164216,-106.114,-43.82,271.811,0.388979702146732
34.5,128.176819,37.923675,5823.8498712,-106.507,-44.679,270.223,0.388979702146732
34.6,128.176688,37.923712,5812.0775808,-106.892,-45.548,268.612,0.388979702146732
34.7,128.176557,37.923745,5800.0980264,-107.268,-46.425,266.975,0.388979702146732
34.8,128.176427,37.923776,5787.909684000001,-107.633,-47.311,265.312,0.388979702146732
34.9,128.176297,37.923804,5775.510115200001,-107.987,-48.205,263.62,0.388979702146732
35.0,128.176167,37.923829,5762.897796,-108.327,-49.107,261.895,0.388979702146732
35.1,128.176038,37.923851,5750.0715072,-108.652,-50.017,260.133,0.388979702146732
35.2,128.17591,37.92387,5737.028810400001,-108.96,-50.935,258.33,0.388979702146732
35.3,128.175783,37.923886,5723.769096,-109.248,-51.861,256.482,0.388979702146732
35.4,128.175658,37.923899,5710.2902304,-109.515,-52.797,254.584,0.388979702146732
35.5,128.175534,37.923909,5696.5897752,-109.051,-53.692,252.604,0.388979702146732
35.6,128.175411,37.923917,5682.6738264000005,-106.289,-54.452,250.495,0.388979702146732
35.7,128.175289,37.923922,5668.5612816,-101.717,-55.087,248.305,0.388979702146732
35.8,128.175168,37.923926,5654.262504,-96.565,-55.605,246.105,0.388979702146732
35.9,128.175048,37.923927,5639.7805416,-92.525,-56.044,243.942,0.388979702146732
36.0,128.174929,37.923924,5625.123624000001,-89.757,-56.379,241.781,0.388979702146732
36.1,128.174813,37.923917,5610.303333600001,-88.203,-56.622,239.577,0.388979702146732
36.2,128.174699,37.923907,5595.3279,-87.693,-56.809,237.304,0.388979702146732
36.3,128.174586,37.923893,5580.2018952,-88.004,-56.978,234.954,0.388979702146732
36.4,128.174476,37.923875,5564.9274528,-88.896,-57.165,232.524,0.388979702146732
36.5,128.174369,37.923854,5549.5036584,-90.137,-57.397,230.015,0.388979702146732
36.6,128.174264,37.92383,5533.928988000001,-91.523,-57.692,227.425,0.388979702146732
36.7,128.174163,37.923803,5518.19826,-92.887,-58.06,224.752,0.388979702146732
36.8,128.174064,37.923772,5502.3032448,-93.322,-58.453,221.993,0.388979702146732
36.9,128.173968,37.923739,5486.2405896,-90.919,-58.768,219.151,0.388979702146732
37.0,128.173874,37.923704,5470.0157808,-86.13,-58.996,216.295,0.388979702146732
37.1,128.173782,37.923668,5453.636133600001,-80.45,-59.121,213.525,0.388979702146732
37.2,128.173692,37.923629,5437.1187168,-75.779,-59.144,210.904,0.388979702146732
37.3,128.173606,37.923586,5420.488524,-72.566,-59.054,208.407,0.388979702146732
37.4,128.173524,37.92354,5403.767196000001,-70.684,-58.884,205.949,0.388979702146732
37.5,128.173445,37.923491,5386.9663152,-69.941,-58.658,203.473,0.388979702146732
37.6,128.17337,37.923439,5370.0931968,-70.101,-58.406,200.956,0.388979702146732
37.7,128.1733,37.923383,5353.1496696,-70.906,-58.161,198.381,0.388979702146732
37.8,128.173233,37.923325,5336.1348192000005,-72.109,-57.944,195.74,0.388979702146732
37.9,128.173171,37.923264,5319.0413304,-73.339,-57.767,193.029,0.388979702146732
38.0,128.173113,37.923201,5301.854268,-73.549,-57.599,190.272,0.388979702146732
38.1,128.173058,37.923136,5284.5571728,-71.456,-57.394,187.524,0.388979702146732
38.2,128.173006,37.923069,5267.1427296,-67.327,-57.131,184.863,0.388979702146732
38.3,128.172957,37.923001,5249.632579200001,-62.676,-56.808,182.37,0.388979702146732
38.4,128.172912,37.92293,5232.0651264,-59.209,-56.42,180.058,0.388979702146732
38.5,128.172872,37.922857,5214.476947200001,-57.216,-55.951,177.884,0.388979702146732
38.6,128.172838,37.922781,5196.8817576,-56.524,-55.414,175.765,0.388979702146732
38.7,128.172808,37.922703,5179.2874824,-56.861,-54.84,173.638,0.388979702146732
38.8,128.172785,37.922623,5161.698084000001,-57.941,-54.265,171.464,0.388979702146732
38.9,128.172766,37.922541,5144.1092952,-59.171,-53.701,169.235,0.388979702146732
39.0,128.172752,37.922457,5126.4909408,-59.433,-53.136,166.974,0.388979702146732
39.1,128.172742,37.922372,5108.8253424,-58.215,-52.569,164.731,0.388979702146732
39.2,128.172735,37.922285,5091.1125,-55.553,-51.984,162.579,0.388979702146732
39.3,128.172733,37.922197,5073.382284000001,-52.544,-51.381,160.554,0.388979702146732
39.4,128.172737,37.922108,5055.6859008,-50.439,-50.76,158.64,0.388979702146732
39.5,128.172746,37.922017,5038.0562688,-49.6,-50.101,156.797,0.388979702146732
39.6,128.172762,37.921925,5020.499179200001,-49.815,-49.401,154.972,0.388979702146732
39.7,128.172783,37.921832,5003.0060976,-50.559,-48.676,153.138,0.388979702146732
39.8,128.172809,37.921737,4985.5636128,-51.223,-47.943,151.288,0.388979702146732
39.9,128.172841,37.921642,4968.1580088,-51.281,-47.209,149.441,0.388979702146732
40.0,128.172877,37.921546,4950.779227200001,-50.381,-46.471,147.629,0.388979702146732
40.1,128.172918,37.92145,4933.4324496,-48.586,-45.724,145.887,0.388979702146732
40.2,128.172964,37.921353,4916.1463272,-46.46,-44.966,144.233,0.388979702146732
40.3,128.173015,37.921256,4898.9601792,-44.765,-44.195,142.657,0.388979702146732
40.4,128.173072,37.921158,4881.9047904,-43.929,-43.398,141.135,0.388979702146732
40.5,128.173136,37.921059,4864.9890000000005,-43.884,-42.571,139.643,0.388979702146732
40.6,128.173205,37.920961,4848.206712,-44.259,-41.719,138.162,0.388979702146732
40.7,128.173279,37.920862,4831.545734400001,-44.562,-40.854,136.689,0.388979702146732
40.8,128.173358,37.920763,4814.9923512,-44.348,-39.98,135.236,0.388979702146732
40.9,128.173442,37.920664,4798.5447336,-43.447,-39.102,133.823,0.388979702146732
41.0,128.173532,37.920566,4782.2233032,-42.106,-38.224,132.461,0.388979702146732
41.1,128.173626,37.920468,4766.060673600001,-40.831,-37.344,131.151,0.388979702146732
41.2,128.173726,37.92037,4750.0873248,-40.046,-36.455,129.88,0.388979702146732
41.3,128.173831,37.920272,4734.320020800001,-39.876,-35.549,128.633,0.388979702146732
41.4,128.173942,37.920175,4718.7584568,-40.127,-34.626,127.398,0.388979702146732
41.5,128.174058,37.920079,4703.39166,-40.427,-33.689,126.171,0.388979702146732
41.6,128.174179,37.919983,4688.2074384,-40.372,-32.744,124.959,0.388979702146732
41.7,128.174305,37.919888,4673.1957336000005,-39.67,-31.793,123.78,0.388979702146732
41.8,128.174435,37.919794,4658.368128,-38.393,-30.839,122.647,0.388979702146732
41.9,128.174569,37.919701,4643.7596736000005,-37.027,-29.887,121.561,0.388979702146732
42.0,128.174709,37.919609,4629.407556,-36.101,-28.932,120.512,0.388979702146732
42.1,128.174854,37.919517,4615.3325016,-35.821,-27.963,119.489,0.388979702146732
42.2,128.175003,37.919427,4601.5314624,-35.999,-26.975,118.48,0.388979702146732
42.3,128.175157,37.919339,4587.9885888,-36.213,-25.971,117.482,0.388979702146732
42.4,128.175315,37.919251,4574.6904696,-36.096,-24.959,116.499,0.388979702146732
42.5,128.175477,37.919165,4561.637714400001,-35.532,-23.948,115.537,0.388979702146732
42.6,128.175643,37.91908,4548.8486112,-34.697,-22.941,114.601,0.388979702146732
42.7,128.175814,37.918996,4536.347544,-33.88,-21.935,113.693,0.388979702146732
42.8,128.175988,37.918914,4524.1573728,-33.343,-20.926,112.806,0.388979702146732
42.9,128.176167,37.918833,4512.289680000001,-33.18,-19.909,111.935,0.388979702146732
43.0,128.176349,37.918755,4500.7429416,-33.256,-18.882,111.073,0.388979702146732
43.1,128.176535,37.918677,4489.5067944,-33.323,-17.847,110.219,0.365022562564057
43.2,128.176725,37.918602,4478.574228,-33.16,-16.807,109.376,0.31334507794740185
43.3,128.176918,37.918528,4467.9489,-32.72,-15.767,108.547,0.2566423872160044
43.4,128.177114,37.918455,4457.6472696,-32.144,-14.731,107.735,0.2467027427653743
43.5,128.177313,37.918385,4447.693416,-31.7,-13.699,106.934,0.2467027427653743
43.6,128.177516,37.918317,4438.1083704,-31.601,-12.668,106.137,0.2467027427653743
43.7,128.177721,37.91825,4428.8997528,-31.88,-11.638,105.332,0.2467027427653743
43.8,128.177929,37.918186,4420.0642104,-32.408,-10.611,104.508,0.2467027427653743
43.9,128.17814,37.918124,4411.582236,-32.844,-9.584,103.674,0.2467027427653743
44.0,128.178353,37.918064,4403.4099384,-32.437,-8.537,102.871,0.2467027427653743
44.1,128.178567,37.918005,4395.4915392,-30.511,-7.46,102.142,0.2467027427653743
44.2,128.178784,37.917948,4387.8343536,-27.344,-6.38,101.503,0.2467027427653743
44.3,128.179001,37.917893,4380.4999512,-23.973,-5.324,100.948,0.2467027427653743
44.4,128.179221,37.91784,4373.5663608,-21.814,-4.299,100.421,0.2467027427653743
44.5,128.179442,37.917788,4367.1359952,-22.096,-3.287,99.873,0.2467027427653743
44.6,128.179665,37.917739,4361.24604,-24.592,-2.261,99.28,0.2467027427653743
44.7,128.17989,37.917692,4355.8751592,-28.729,-1.236,98.582,0.2467027427653743
44.8,128.180116,37.917647,4350.995616,-33.918,-0.249,97.738,0.2467027427653743
44.9,128.180343,37.917606,4346.5720536,-39.629,0.663,96.721,0.2467027427653743
45.0,128.180572,37.917568,4342.563019200001,-45.452,1.469,95.519,0.2467027427653743
45.1,128.180802,37.917534,4338.923402400001,-51.115,2.142,94.138,0.2467027427653743
45.2,128.181033,37.917504,4335.606264,-56.484,2.661,92.592,0.2467027427653743
45.3,128.181266,37.917477,4332.5597880000005,-61.496,3.012,90.908,0.2467027427653743
45.4,128.181499,37.917455,4329.7272816,-65.804,3.204,89.126,0.2467027427653743
45.5,128.181733,37.917437,4327.0426032000005,-68.691,3.26,87.287,0.2467027427653743
45.6,128.181967,37.917422,4324.4652144,-69.864,3.211,85.44,0.2467027427653743
45.7,128.182203,37.91741,4321.9807896,-69.424,3.111,83.634,0.2467027427653743
45.8,128.182439,37.917402,4319.6033496,-68.101,3.015,81.903,0.2467027427653743
45.9,128.182675,37.917399,4317.376176000001,-67.149,2.949,80.247,0.2467027427653743
46.0,128.182911,37.917401,4315.306888800001,-66.886,2.972,78.652,0.2467027427653743
46.1,128.183147,37.917407,4313.3866488,-67.184,3.107,77.107,0.2467027427653743
46.2,128.183383,37.917417,4311.6069216,-67.756,3.29,75.585,0.2467027427653743
46.3,128.183619,37.917432,4309.9594776,-68.412,3.483,74.073,0.2467027427653743
46.4,128.183854,37.917452,4308.4363920000005,-69.037,3.671,72.57,0.2467027427653743
46.5,128.184088,37.917475,4307.0309592,-69.569,3.85,71.075,0.2467027427653743
46.6,128.184322,37.917503,4305.7370832,-69.977,4.02,69.591,0.2467027427653743
46.7,128.184555,37.917535,4304.5511064,-70.256,4.186,68.118,0.2467027427653743
46.8,128.184787,37.917572,4303.469676000001,-70.418,4.349,66.657,0.2467027427653743
46.9,128.185018,37.917612,4302.4903536,-70.485,4.515,65.208,0.2467027427653743
47.0,128.185248,37.917657,4301.61192,-70.485,4.687,63.772,0.2467027427653743
47.1,128.185476,37.917706,4300.8337656,-70.443,4.866,62.349,0.2467027427653743
47.2,128.185703,37.917759,4300.154976000001,-70.379,5.053,60.937,0.2467027427653743
47.3,128.185928,37.917817,4299.5755512,-70.312,5.25,59.536,0.2467027427653743
47.4,128.186152,37.917878,4299.0957960000005,-70.258,5.456,58.145,0.2467027427653743
47.5,128.186373,37.917944,4298.714796,-70.22,5.669,56.762,0.2467027427653743
47.6,128.186593,37.918013,4298.4325512,-70.198,5.889,55.387,0.2467027427653743
47.7,128.18681,37.918086,4298.248452,-70.189,6.115,54.019,0.2467027427653743
47.8,128.187025,37.918164,4298.1624984,-70.188,6.345,52.657,0.2467027427653743
47.9,128.187238,37.918245,4298.1740808,-70.194,6.579,51.301,0.2467027427653743
48.0,128.187448,37.91833,4298.2831992,-70.211,6.815,49.95,0.2467027427653743
48.1,128.187656,37.918418,4298.4901584,-70.246,7.053,48.603,0.2467027427653743
48.2,128.187861,37.918511,4298.794044,-70.301,7.292,47.26,0.2467027427653743
48.3,128.188063,37.918607,4299.1951608,-70.379,7.531,45.919,0.2467027427653743
48.4,128.188262,37.918706,4299.6928992,-70.483,7.77,44.579,0.2467027427653743
48.5,128.188458,37.918809,4300.2866496,-70.613,8.006,43.241,0.2467027427653743
48.6,128.188651,37.918916,4300.9754976,-70.768,8.24,41.903,0.2467027427653743
48.7,128.18884,37.919025,4301.7585288,-70.941,8.47,40.565,0.2467027427653743
48.8,128.189026,37.919139,4302.6342192,-71.123,8.696,39.226,0.2467027427653743
48.9,128.189209,37.919255,4303.6016544,-71.315,8.918,37.887,0.2467027427653743
49.0,128.189388,37.919375,4304.65992,-71.523,9.134,36.546,0.2467027427653743
49.1,128.189563,37.919497,4305.807492000001,-71.758,9.344,35.204,0.2467027427653743
49.2,128.189735,37.919623,4307.0437608,-72.031,9.546,33.859,0.2467027427653743
49.3,128.189903,37.919752,4308.3668976,-72.355,9.741,32.511,0.2467027427653743
49.4,128.190066,37.919884,4309.775378400001,-72.742,9.925,31.158,0.2467027427653743
49.5,128.190226,37.920019,4311.2670696,-73.205,10.097,29.799,0.2467027427653743
49.6,128.190381,37.920156,4312.839532800001,-73.759,10.253,28.433,0.2467027427653743
49.7,128.190531,37.920296,4314.4894152,-74.415,10.391,27.058,0.2467027427653743
49.8,128.190678,37.920439,4316.2127544,-75.188,10.507,25.673,0.2467027427653743
49.9,128.190819,37.920585,4318.0046736,-76.086,10.596,24.276,0.2467027427653743
50.0,128.190956,37.920733,4319.858772,-77.117,10.654,22.866,0.2467027427653743
50.1,128.191088,37.920883,4321.7680392,-78.273,10.676,21.442,0.2467027427653743
50.2,128.191214,37.921036,4323.7233312,-79.54,10.654,20.021,0.2467027427653743
50.3,128.191336,37.921191,4325.7151992,-80.924,10.578,18.639,0.2467027427653743
50.4,128.191452,37.921348,4327.7320608,-82.448,10.446,17.294,0.2467027427653743
50.5,128.191563,37.921508,4329.760200000001,-84.1,10.26,15.959,0.2467027427653743
50.6,128.191669,37.92167,4331.7852912,-85.854,10.021,14.623,0.2467027427653743
50.7,128.191769,37.921833,4333.7914848,-87.677,9.726,13.278,0.2467027427653743
50.8,128.191864,37.921998,4335.7629312,-89.539,9.374,11.926,0.2467027427653743
50.9,128.191953,37.922166,4337.6828664,-91.423,8.965,10.567,0.2467027427653743
51.0,128.192038,37.922334,4339.5357456,-93.332,8.497,9.204,0.2467027427653743
51.1,128.192116,37.922505,4341.3038904000005,-95.291,7.969,7.839,0.2467027427653743
51.2,128.192189,37.922677,4342.9708416,-97.326,7.379,6.472,0.2467027427653743
51.3,128.192257,37.92285,4344.5173968,-99.469,6.724,5.104,0.2467027427653743
51.4,128.192319,37.923024,4345.9246584,-101.761,6.0,3.739,0.2467027427653743
51.5,128.192376,37.9232,4347.1712904000005,-104.247,5.201,2.378,0.2467027427653743
51.6,128.192426,37.923377,4348.234128,-106.966,4.319,1.021,0.2467027427653743
51.7,128.192472,37.923554,4349.0884824,-109.938,3.344,359.67,0.2467027427653743
51.8,128.192511,37.923733,4349.7069216,-113.171,2.263,358.326,0.2467027427653743
51.9,128.192545,37.923912,4350.0607944,-116.661,1.058,356.984,0.2467027427653743
52.0,128.192574,37.924091,4350.1196208,-120.388,-0.287,355.645,0.2467027427653743
52.1,128.192597,37.924271,4349.853530400001,-124.289,-1.781,354.328,0.2467027427653743
52.2,128.192615,37.924451,4349.2323480000005,-128.299,-3.408,353.081,0.2467027427653743
52.3,128.192628,37.924631,4348.2362616,-131.288,-5.101,351.896,0.2467027427653743
52.4,128.192638,37.924811,4346.9079432,-130.79,-6.725,350.694,0.2467027427653743
52.5,128.192645,37.924992,4345.3150584,-127.227,-8.221,349.492,0.2467027427653743
52.6,128.19265,37.925173,4343.4999744,-121.514,-9.504,348.27,0.2467027427653743
52.7,128.192651,37.925355,4341.4154472,-115.953,-10.57,347.053,0.2467027427653743
52.8,128.192647,37.925536,4339.019414400001,-112.656,-11.458,345.832,0.2467027427653743
52.9,128.192637,37.925716,4336.2902352,-111.563,-12.227,344.576,0.2467027427653743
53.0,128.192621,37.925895,4333.2346152,-112.341,-12.965,343.27,0.2467027427653743
53.1,128.192599,37.926074,4329.8519448,-114.578,-13.743,341.931,0.2467027427653743
53.2,128.192571,37.926251,4326.1303368,-117.858,-14.616,340.589,0.2467027427653743
53.3,128.192538,37.926426,4322.050284,-121.809,-15.622,339.274,0.2467027427653743
53.4,128.192499,37.9266,4317.5889264,-126.129,-16.785,338.013,0.2467027427653743
53.5,128.192455,37.926772,4312.7209656,-130.621,-18.1,336.821,0.2467027427653743
53.6,128.192408,37.926943,4307.4299424,-134.089,-19.505,335.663,0.2467027427653743
53.7,128.192356,37.927112,4301.76432,-134.152,-20.94,334.496,0.2467027427653743
53.8,128.192303,37.927281,4295.7942024,-130.995,-22.344,333.311,0.2467027427653743
53.9,128.192246,37.92745,4289.5339152,-126.625,-23.654,332.121,0.2467027427653743
54.0,128.192187,37.927616,4282.9218888000005,-123.882,-24.852,330.945,0.2467027427653743
54.1,128.192122,37.927781,4275.9060024,-122.837,-25.932,329.728,0.2467027427653743
54.2,128.192054,37.927943,4268.4737592,-123.266,-26.968,328.458,0.2467027427653743
54.3,128.19198,37.928101,4260.6309504,-124.872,-28.029,327.146,0.2467027427653743
54.4,128.191903,37.928257,4252.3736136,-127.36,-29.162,325.823,0.2467027427653743
54.5,128.191821,37.92841,4243.692300000001,-130.468,-30.398,324.521,0.2467027427653743
54.6,128.191736,37.92856,4234.5851808,-133.524,-31.735,323.249,0.2467027427653743
54.7,128.191649,37.928707,4225.0995,-134.933,-33.129,321.977,0.2467027427653743
54.8,128.191559,37.928853,4215.2928648,-133.867,-34.526,320.692,0.2467027427653743
54.9,128.191468,37.928997,4205.1524736,-131.147,-35.873,319.407,0.2467027427653743
55.0,128.191374,37.929139,4194.625900800001,-128.487,-37.145,318.122,0.2467027427653743
55.1,128.191277,37.929276,4183.6729128,-127.115,-38.353,316.802,0.2467027427653743
55.2,128.191177,37.92941,4172.290156800001,-127.147,-39.529,315.409,0.2467027427653743
55.3,128.191074,37.929539,4160.4907392000005,-128.31,-40.719,313.947,0.2467027427653743
55.4,128.190969,37.929665,4148.296300800001,-129.893,-41.944,312.435,0.2467027427653743
55.5,128.190862,37.929788,4135.7339688,-130.965,-43.203,310.887,0.2467027427653743
55.6,128.190754,37.929907,4122.8259936,-130.874,-44.472,309.314,0.2467027427653743
55.7,128.190644,37.930024,4109.5827384,-129.496,-45.719,307.715,0.2467027427653743
55.8,128.190533,37.930137,4095.9944496000003,-127.307,-46.915,306.082,0.2467027427653743
55.9,128.19042,37.930247,4082.0510688000004,-124.969,-48.045,304.395,0.2467027427653743
56.0,128.190306,37.930352,4067.7498528000006,-123.017,-49.112,302.628,0.2467027427653743
56.1,128.190191,37.930453,4053.099336,-121.6,-50.126,300.763,0.2467027427653743
56.2,128.190074,37.93055,4038.1159776000004,-120.483,-51.095,298.789,0.2467027427653743
56.3,128.189956,37.930643,4022.8171512,-119.255,-52.022,296.715,0.2467027427653743
56.4,128.189838,37.930732,4007.2168776000003,-117.602,-52.902,294.552,0.2467027427653743
56.5,128.189718,37.930817,3991.3246056000003,-115.462,-53.726,292.314,0.2467027427653743
56.6,128.189598,37.930898,3975.1452120000004,-113.059,-54.492,290.008,0.2467027427653743
56.7,128.189476,37.930975,3958.6835736000003,-110.786,-55.201,287.633,0.2467027427653743
56.8,128.189354,37.931046,3941.94792,-108.882,-55.859,285.176,0.2467027427653743
56.9,128.189232,37.931113,3924.9498336,-107.266,-56.471,282.628,0.2467027427653743
57.0,128.189108,37.931175,3907.7039448,-105.559,-57.031,279.985,0.2467027427653743
57.1,128.188985,37.931233,3890.2239696,-103.264,-57.524,277.26,0.2467027427653743
57.2,128.188861,37.931287,3872.5221,-100.157,-57.932,274.479,0.2467027427653743
57.3,128.188737,37.931337,3854.6093088000002,-96.376,-58.237,271.675,0.2467027427653743
57.4,128.188612,37.931382,3836.4980928,-92.247,-58.428,268.868,0.2467027427653743
57.5,128.188487,37.931423,3818.2033872,-88.178,-58.5,266.074,0.2467027427653743
57.6,128.188362,37.931459,3799.7431752,-84.63,-58.467,263.532,0.2467027427653743
57.7,128.188237,37.93149,3781.1369640000003,-82.57,-58.424,261.81,0.2467027427653743
57.8,128.188111,37.931515,3762.4006032,-82.789,-58.487,261.131,0.2467027427653743
57.9,128.187984,37.931536,3743.5423224,-85.898,-58.705,261.61,0.2467027427653743
58.0,128.187858,37.931551,3724.5541967999998,-91.166,-58.978,263.019,0.2467027427653743
58.1,128.187733,37.931562,3705.43074,-98.232,-59.243,264.606,0.2467027427653743
58.2,128.187608,37.931569,3686.1606744,-106.506,-59.484,265.838,0.2467027427653743
58.3,128.187484,37.931573,3666.7369896000005,-115.654,-59.736,266.57,0.2467027427653743
58.4,128.187362,37.931574,3647.1517608,-125.517,-60.036,266.891,0.2467027427653743
58.5,128.187242,37.931573,3627.3979776,-135.976,-60.423,266.915,0.2467027427653743
58.6,128.187123,37.93157,3607.4704584,-146.997,-60.931,266.765,0.2467027427653743
58.7,128.187007,37.931566,3587.3670696,-158.625,-61.56,266.604,0.2467027427653743
58.8,128.186893,37.931561,3567.0865920000006,-170.858,-62.283,266.563,0.2467027427653743
58.9,128.186782,37.931556,3546.6317688000004,176.339,-63.06,266.759,0.2467027427653743
59.0,128.186673,37.931551,3526.0053432,162.998,-63.938,267.315,0.2467027427653743
59.1,128.186567,37.931547,3505.2128016,148.991,-65.017,268.537,0.2467027427653743
59.2,128.186464,37.931544,3484.2596304000003,133.773,-66.389,271.195,0.2467027427653743
59.3,128.186364,37.931544,3463.1500968,115.662,-68.114,277.244,0.2467027427653743
59.4,128.186266,37.931547,3441.8994408000003,95.673,-69.099,285.564,0.2467027427653743
59.5,128.186171,37.931554,3420.5402760000006,76.929,-69.029,293.812,0.2467027427653743
59.6,128.186077,37.931565,3399.0972912,63.07,-68.238,300.817,0.2467027427653743
59.7,128.185984,37.931579,3377.5738392000003,55.727,-67.232,305.981,0.2467027427653743
59.8,128.185891,37.931595,3355.9510224,54.492,-66.623,308.651,0.2467027427653743
59.9,128.185798,37.931613,3334.2242688,56.871,-66.208,310.579,0.2467027427653743
60.0,128.185705,37.931632,3312.3954072,61.122,-65.799,312.872,0.2467027427653743
60.1,128.185613,37.931655,3290.4720576000004,64.368,-65.115,316.299,0.2467027427653743
60.2,128.185523,37.931681,3268.4859192000004,63.615,-64.302,320.017,0.2467027427653743
60.3,128.185436,37.931713,3246.4723488000004,60.397,-63.534,323.57,0.2467027427653743
60.4,128.185352,37.931751,3224.4706656000003,54.551,-62.654,326.794,0.2467027427653743
60.5,128.18527,37.931795,3202.4897088000002,47.737,-61.664,329.745,0.2467027427653743
60.6,128.185191,37.931844,3180.530088,41.615,-60.538,332.35,0.2467027427653743
60.7,128.185113,37.931898,3158.5975943999997,36.99,-59.295,334.57,0.2467027427653743
60.8,128.185037,37.931958,3136.7163072000003,33.685,-57.97,336.427,0.2467027427653743
60.9,128.184963,37.932023,3114.914268,31.277,-56.597,338.007,0.2467027427653743
61.0,128.18489,37.932093,3093.2198232,29.373,-55.195,339.385,0.2467027427653743
61.1,128.184818,37.932169,3071.6610144000006,27.672,-53.771,340.609,0.2467027427653743
61.2,128.184748,37.93225,3050.2634448,26.0,-52.327,341.71,0.2467027427653743
61.3,128.184679,37.932338,3029.0524127999997,24.276,-50.861,342.701,0.2467027427653743
61.4,128.184612,37.932431,3008.051388,22.473,-49.373,343.584,0.2467027427653743
61.5,128.184546,37.932529,2987.2853640000003,20.583,-47.861,344.361,0.2467027427653743
61.6,128.184481,37.932633,2966.7848208,18.519,-46.321,345.016,0.2467027427653743
61.7,128.184418,37.932743,2946.5954784000005,15.813,-44.739,345.488,0.2467027427653743
61.8,128.184355,37.932859,2926.7944512,11.695,-43.1,345.69,0.2467027427653743
61.9,128.184292,37.932982,2907.4509288,5.878,-41.393,345.583,0.2467027427653743
62.0,128.184229,37.93311,2888.5761888,-1.193,-39.633,345.179,0.2467027427653743
62.1,128.184165,37.933244,2870.1519432,-8.72,-37.855,344.457,0.2467027427653743
62.2,128.184098,37.933382,2852.1608184,-16.211,-36.106,343.384,0.2467027427653743
62.3,128.184029,37.933524,2834.5769064,-23.415,-34.424,341.963,0.2467027427653743
62.4,128.183955,37.933669,2817.3648504000003,-30.124,-32.853,340.237,0.2467027427653743
62.5,128.183878,37.933817,2800.4844168000004,-36.084,-31.441,338.241,0.2467027427653743
62.6,128.183796,37.933967,2783.892324,-40.929,-30.232,336.017,0.2467027427653743
62.7,128.183709,37.934118,2767.5462048000004,-44.371,-29.233,333.649,0.2467027427653743
62.8,128.183618,37.934271,2751.4216752,-46.39,-28.422,331.233,0.2467027427653743
62.9,128.183521,37.934425,2735.5038,-47.019,-27.729,328.871,0.2467027427653743
63.0,128.183419,37.93458,2719.795932,-46.437,-27.039,326.653,0.2467027427653743
63.1,128.183312,37.934735,2704.3337328000002,-45.196,-26.267,324.651,0.2467027427653743
63.2,128.183198,37.93489,2689.1537784,-43.791,-25.36,322.899,0.2467027427653743
63.3,128.183078,37.935046,2674.28472,-42.111,-24.386,321.298,0.2467027427653743
63.4,128.182951,37.935202,2659.7576472,-40.275,-23.372,319.801,0.2467027427653743
63.5,128.182818,37.935357,2645.6066976,-38.547,-22.317,318.4,0.2467027427653743
63.6,128.182679,37.935513,2631.8635704000003,-37.157,-21.221,317.08,0.2467027427653743
63.7,128.182533,37.935668,2618.5535640000003,-36.218,-20.087,315.823,0.2467027427653743
63.8,128.18238,37.935822,2605.6919184000003,-35.692,-18.924,314.613,0.2467027427653743
63.9,128.182221,37.935976,2593.2883872,-35.473,-17.741,313.433,0.2467027427653743
64.0,128.182057,37.936129,2581.3490664,-35.447,-16.546,312.273,0.2467027427653743
64.1,128.181886,37.936282,2569.8794424,-35.525,-15.345,311.125,0.2467027427653743
64.2,128.181709,37.936433,2558.8850016,-35.648,-14.144,309.985,0.2467027427653743
64.3,128.181527,37.936583,2548.3715352000004,-35.792,-12.944,308.849,0.2467027427653743
64.4,128.181338,37.936731,2538.3454440000005,-35.962,-11.746,307.717,0.2467027427653743
64.5,128.181145,37.936878,2528.812824,-36.167,-10.553,306.587,0.2467027427653743
64.6,128.180946,37.937023,2519.7800760000005,-36.425,-9.363,305.456,0.2467027427653743
64.7,128.180742,37.937166,2511.2511624000003,-36.745,-8.179,304.322,0.2467027427653743
64.8,128.180533,37.937306,2503.229436,-37.121,-7.002,303.183,0.2467027427653743
64.9,128.180318,37.937445,2495.7176400000003,-37.551,-5.832,302.038,0.2467027427653743
65.0,128.180099,37.937581,2488.7163840000003,-38.029,-4.671,300.883,0.2467027427653743
65.1,128.179876,37.937714,2482.2265824,-38.543,-3.521,299.719,0.2467027427653743
65.2,128.179648,37.937844,2476.2464064,-39.076,-2.382,298.544,0.2467027427653743
65.3,128.179415,37.937972,2470.7752464,-39.618,-1.254,297.357,0.2467027427653743
65.4,128.179179,37.938096,2465.8112736000003,-40.168,-0.139,296.159,0.2467027427653743
65.5,128.178939,37.938217,2461.3535736,-40.732,0.962,294.948,0.2467027427653743
65.6,128.178695,37.938334,2457.3994032,-41.319,2.052,293.724,0.2467027427653743
65.7,128.178447,37.938448,2453.9466288000003,-41.935,3.127,292.487,0.2467027427653743
65.8,128.178196,37.938558,2450.9918976,-42.584,4.188,291.235,0.2467027427653743
65.9,128.177942,37.938664,2448.5306376000003,-43.265,5.234,289.968,0.2467027427653743
66.0,128.177685,37.938766,2446.557972,-43.972,6.264,288.685,0.2467027427653743
66.1,128.177425,37.938863,2445.0681096000003,-44.699,7.278,287.386,0.2467027427653743
66.2,128.177162,37.938957,2444.0537352,-45.43,8.274,286.07,0.2467027427653743
66.3,128.176898,37.939046,2443.5078384,-46.141,9.255,284.738,0.2467027427653743
66.4,128.176631,37.93913,2443.4224944000002,-46.817,10.218,283.392,0.2467027427653743
66.5,128.176362,37.93921,2443.7913024,-47.454,11.167,282.032,0.2467027427653743
66.6,128.176091,37.939285,2444.6075568,-48.061,12.1,280.659,0.2467027427653743
66.7,128.175819,37.939355,2445.8651616,-48.647,13.019,279.274,0.2467027427653743
66.8,128.175546,37.939421,2447.5580208,-49.229,13.925,277.877,0.2467027427653743
66.9,128.175271,37.939481,2449.6800384000003,-49.823,14.817,276.468,0.2467027427653743
67.0,128.174996,37.939536,2452.2251184,-50.44,15.696,275.047,0.2467027427653743
67.1,128.17472,37.939587,2455.1850312,-51.077,16.561,273.612,0.2467027427653743
67.2,128.174444,37.939632,2458.5512424000003,-51.714,17.412,272.163,0.2467027427653743
67.3,128.174168,37.939672,2462.3152176000003,-52.324,18.25,270.702,0.2467027427653743
67.4,128.173891,37.939707,2466.4678128,-52.882,19.076,269.23,0.2467027427653743
67.5,128.173615,37.939736,2471.0011032,-53.375,19.89,267.747,0.2467027427653743
67.6,128.17334,37.939761,2475.9077736,-53.803,20.695,266.256,0.2467027427653743
67.7,128.173065,37.93978,2481.1823376,-54.19,21.49,264.758,0.2467027427653743
67.8,128.172791,37.939794,2486.8193088000003,-54.57,22.278,263.252,0.2467027427653743
67.9,128.172518,37.939803,2492.8132008000002,-54.963,23.059,261.738,0.2467027427653743
68.0,128.172247,37.939807,2499.1576127999997,-55.383,23.833,260.214,0.2467027427653743
68.1,128.171977,37.939805,2505.8461440000005,-55.826,24.599,258.681,0.2467027427653743
68.2,128.171709,37.939799,2512.8714792,-56.282,25.357,257.138,0.2467027427653743
68.3,128.171443,37.939787,2520.2259984,-56.736,26.106,255.583,0.2467027427653743
68.4,128.17118,37.93977,2527.9020816,-57.174,26.846,254.018,0.2467027427653743
68.5,128.170918,37.939749,2535.8930232000002,-57.591,27.578,252.443,0.2467027427653743
68.6,128.17066,37.939722,2544.1924224,-57.993,28.301,250.857,0.2467027427653743
68.7,128.170404,37.939691,2552.7935736000004,-58.395,29.015,249.261,0.2467027427653743
68.8,128.170151,37.939655,2561.6906856,-58.808,29.722,247.655,0.2467027427653743
68.9,128.169901,37.939614,2570.8764432000003,-59.232,30.42,246.037,0.2467027427653743
69.0,128.169655,37.939568,2580.3441408,-59.66,31.111,244.408,0.2467027427653743
69.1,128.169413,37.939518,2590.0870728,-60.082,31.792,242.768,0.2467027427653743
69.2,128.169174,37.939464,2600.0979239999997,-60.493,32.466,241.116,0.2467027427653743
69.3,128.168939,37.939405,2610.3702936000004,-60.894,33.131,239.454,0.2467027427653743
69.4,128.168707,37.939342,2620.8977808,-61.288,33.788,237.78,0.2467027427653743
69.5,128.168481,37.939275,2631.6745944,-61.686,34.437,236.095,0.2467027427653743
69.6,128.168258,37.939204,2642.6943336,-62.099,35.077,234.398,0.2467027427653743
69.7,128.16804,37.939129,2653.9505976,-62.532,35.709,232.688,0.2467027427653743
69.8,128.167827,37.93905,2665.4375952,-62.99,36.331,230.965,0.2467027427653743
69.9,128.167618,37.938967,2677.1483160000002,-63.479,36.943,229.229,0.2467027427653743
70.0,128.167415,37.938881,2689.076664,-64.005,37.543,227.477,0.2467027427653743
70.1,128.167216,37.938791,2701.2159336,-64.569,38.13,225.711,0.2467027427653743
70.2,128.167023,37.938698,2713.5588096,-65.17,38.704,223.927,0.2467027427653743
70.3,128.166834,37.938602,2726.0982816,-65.806,39.263,222.127,0.2467027427653743
70.4,128.166652,37.938503,2738.8273392,-66.477,39.805,220.31,0.2467027427653743
70.5,128.166474,37.9384,2751.7383624000004,-67.176,40.331,218.476,0.2467027427653743
70.6,128.166302,37.938295,2764.8234264,-67.885,40.84,216.624,0.2467027427653743
70.7,128.166136,37.938188,2778.0749112000003,-68.592,41.331,214.756,0.2467027427653743
70.8,128.165976,37.938077,2791.4851968,-69.293,41.805,212.873,0.2467027427653743
70.9,128.165821,37.937964,2805.0475776000003,-69.993,42.261,210.974,0.2467027427653743
71.0,128.165672,37.937849,2818.7547384,-70.694,42.7,209.062,0.2467027427653743
71.1,128.165529,37.937732,2832.5984496,-71.365,43.125,207.136,0.2467027427653743
71.2,128.165392,37.937612,2846.5710912000004,-71.935,43.538,205.2,0.2467027427653743
71.3,128.165261,37.937491,2860.6656528000003,-72.373,43.942,203.258,0.2467027427653743
71.4,128.165135,37.937368,2874.8757336,-72.619,44.344,201.315,0.2467027427653743
71.5,128.165015,37.937244,2889.1976760000002,-72.695,44.747,199.374,0.2467027427653743
71.6,128.164902,37.937118,2903.6308704000003,-72.786,45.149,197.435,0.2467027427653743
71.7,128.164794,37.93699,2918.1728784000006,-72.991,45.554,195.493,0.2467027427653743
71.8,128.164692,37.936862,2932.8197376,-73.293,45.96,193.544,0.2467027427653743
71.9,128.164596,37.936733,2947.5665712000005,-73.64,46.366,191.589,0.2467027427653743
72.0,128.164506,37.936603,2962.4091120000003,-73.99,46.769,189.627,0.2467027427653743
72.1,128.164422,37.936472,2977.3430928000002,-74.317,47.167,187.66,0.2467027427653743
72.2,128.164344,37.936341,2992.364856,-74.615,47.561,185.689,0.2467027427653743
72.3,128.164271,37.936209,3007.470744,-74.884,47.952,183.714,0.2467027427653743
72.4,128.164205,37.936077,3022.6577088,-75.132,48.34,181.737,0.2467027427653743
72.5,128.164144,37.935945,3037.9227024,-75.363,48.727,179.756,0.2467027427653743
72.6,128.164088,37.935813,3053.2626768,-75.581,49.112,177.772,0.2467027427653743
72.7,128.164038,37.935682,3068.6742792,-75.781,49.497,175.786,0.2467027427653743
72.8,128.163994,37.93555,3084.1547664000004,-75.957,49.883,173.797,0.2467027427653743
72.9,128.163955,37.93542,3099.7017,-76.113,50.269,171.807,0.2467027427653743
73.0,128.163922,37.935289,3115.3126416000005,-76.254,50.657,169.815,0.2467027427653743
73.1,128.163893,37.93516,3130.9851528000004,-76.386,51.046,167.821,0.2467027427653743
73.2,128.16387,37.935031,3146.7174048,-76.519,51.437,165.825,0.2467027427653743
73.3,128.163852,37.934904,3162.5066544,-76.665,51.829,163.827,0.2467027427653743
73.4,128.163839,37.934777,3178.3516824000003,-76.835,52.222,161.826,0.2467027427653743
73.5,128.16383,37.934652,3194.2494408000002,-77.039,52.614,159.82,0.2467027427653743
73.6,128.163827,37.934528,3210.1981008000002,-77.285,53.004,157.809,0.2467027427653743
73.7,128.163828,37.934405,3226.1955288,-77.574,53.392,155.793,0.2467027427653743
73.8,128.163834,37.934284,3242.238372,-77.911,53.777,153.769,0.2467027427653743
73.9,128.163844,37.934165,3258.3251064,-78.302,54.154,151.738,0.2467027427653743
74.0,128.163859,37.934048,3274.4523792,-78.75,54.524,149.697,0.2467027427653743
74.1,128.163878,37.933932,3290.6174472000002,-79.257,54.883,147.646,0.2467027427653743
74.2,128.163901,37.933818,3306.8172624000003,-79.823,55.231,145.583,0.2467027427653743
74.3,128.163928,37.933707,3323.0487768000003,-80.457,55.565,143.508,0.2467027427653743
74.4,128.16396,37.933598,3339.3089424,-81.182,55.882,141.42,0.2467027427653743
74.5,128.163995,37.93349,3355.5937968,-82.022,56.18,139.316,0.2467027427653743
74.6,128.164034,37.933386,3371.8996824000005,-82.984,56.455,137.194,0.2467027427653743
74.7,128.164077,37.933284,3388.2220272,-84.055,56.705,135.054,0.2467027427653743
74.8,128.164124,37.933184,3404.5556496,-85.218,56.926,132.896,0.2467027427653743
74.9,128.164175,37.933087,3420.895368,-86.468,57.113,130.721,0.2467027427653743
75.0,128.164229,37.932993,3437.2360008000005,-87.805,57.264,128.531,0.2467027427653743
75.1,128.164286,37.932901,3453.5720616000003,-89.299,57.366,126.327,0.2467027427653743
75.2,128.164348,37.932813,3469.8965399999997,-91.142,57.403,124.111,0.2467027427653743
75.3,128.164413,37.932728,3486.2005968,-93.351,57.376,121.877,0.2467027427653743
75.4,128.164481,37.932645,3502.4738688,-95.622,57.288,119.627,0.2467027427653743
75.5,128.164553,37.932566,3518.7075168000006,-97.63,57.141,117.378,0.2467027427653743
75.6,128.164627,37.93249,3534.8930064,-99.343,56.937,115.153,0.2467027427653743
75.7,128.164705,37.932416,3551.0214984000004,-100.925,56.685,112.958,0.2467027427653743
75.8,128.164786,37.932346,3567.0835440000005,-102.614,56.395,110.79,0.2467027427653743
75.9,128.164871,37.93228,3583.0681704000003,-104.592,56.068,108.637,0.2467027427653743
76.0,128.164958,37.932216,3598.9644048000005,-106.84,55.701,106.495,0.2467027427653743
76.1,128.165049,37.932156,3614.7643224000003,-109.09,55.288,104.366,0.2467027427653743
76.2,128.165142,37.932099,3630.4627416000003,-110.994,54.832,102.265,0.2467027427653743
76.3,128.165238,37.932045,3646.0529568,-112.394,54.337,100.211,0.2467027427653743
76.4,128.165337,37.931993,3661.5264336,-113.407,53.809,98.22,0.2467027427653743
76.5,128.165438,37.931945,3676.8734184000004,-114.259,53.258,96.285,0.2467027427653743
76.6,128.165541,37.931901,3692.0838528000004,-115.134,52.686,94.394,0.2467027427653743
76.7,128.165647,37.931859,3707.1492024000004,-116.131,52.093,92.538,0.2467027427653743
76.8,128.165756,37.931821,3722.0587992,-117.366,51.472,90.718,0.2467027427653743
76.9,128.165866,37.931786,3736.7967936000005,-119.041,50.808,88.944,0.2467027427653743
77.0,128.165979,37.931755,3751.358004,-120.923,50.095,87.206,0.2467027427653743
77.1,128.166094,37.931727,3765.7506600000006,-122.401,49.342,85.5,0.2467027427653743
77.2,128.16621,37.931702,3779.9741520000002,-123.254,48.563,83.847,0.2467027427653743
77.3,128.166328,37.931679,3794.0181168000004,-123.642,47.77,82.262,0.2467027427653743
77.4,128.166447,37.93166,3807.8676192000003,-123.948,46.968,80.745,0.2467027427653743
77.5,128.166568,37.931644,3821.4964464000004,-124.861,46.136,79.301,0.2467027427653743
77.6,128.166691,37.931632,3834.870156,-126.891,45.243,77.927,0.2467027427653743
77.7,128.166816,37.931624,3847.9805184,-129.446,44.282,76.59,0.2467027427653743
77.8,128.166942,37.931619,3860.8598424,-131.261,43.27,75.258,0.2467027427653743
77.9,128.167068,37.931616,3873.540132,-132.032,42.225,73.955,0.2467027427653743
78.0,128.167196,37.931615,3886.0128528000005,-131.983,41.178,72.712,0.2467027427653743
78.1,128.167325,37.931616,3898.260936,-131.5,40.149,71.531,0.2467027427653743
78.2,128.167454,37.931621,3910.2691416000002,-130.975,39.144,70.395,0.2467027427653743
78.3,128.167585,37.931628,3922.02162,-130.937,38.15,69.297,0.2467027427653743
78.4,128.167716,37.931639,3933.4784424,-132.033,37.139,68.242,0.2467027427653743
78.5,128.167848,37.931653,3944.6222352000004,-134.113,36.083,67.217,0.2467027427653743
78.6,128.16798,37.931671,3955.4548272,-136.602,34.969,66.215,0.2467027427653743
78.7,128.168114,37.931691,3966.021024,-138.405,33.805,65.226,0.2467027427653743
78.8,128.168247,37.931713,3976.3506960000004,-139.387,32.604,64.278,0.2467027427653743
78.9,128.168381,37.931736,3986.4340896000003,-139.72,31.389,63.388,0.2467027427653743
79.0,128.168516,37.931762,3996.2556600000003,-139.631,30.182,62.549,0.2467027427653743
79.1,128.16865,37.931791,4005.7952904,-139.468,28.989,61.75,0.2467027427653743
79.2,128.168786,37.931821,4015.0270728,-139.681,27.8,60.983,0.2467027427653743
79.3,128.168921,37.931855,4023.9104688,-140.699,26.597,60.249,0.2467027427653743
79.4,128.169056,37.931891,4032.4381632,-142.429,25.357,59.538,0.2467027427653743
79.5,128.169191,37.931929,4040.6061936,-144.717,24.063,58.859,0.2467027427653743
79.6,128.169326,37.93197,4048.4209608,-147.136,22.71,58.219,0.2467027427653743
79.7,128.169462,37.932013,4055.9339760000003,-148.95,21.311,57.611,0.2467027427653743
79.8,128.169597,37.932057,4063.1479824000003,-150.284,19.875,57.06,0.2467027427653743
79.9,128.169732,37.932103,4070.0385960000003,-151.379,18.418,56.572,0.2467027427653743
80.0,128.169867,37.93215,4076.5914912000003,-152.381,16.945,56.139,0.2467027427653743
80.1,128.170003,37.932199,4082.7905136000004,-153.443,15.46,55.753,0.2467027427653743
80.2,128.170138,37.93225,4088.6225568,-154.696,13.958,55.409,0.2467027427653743
80.3,128.170273,37.932302,4094.0867064,-156.142,12.436,55.104,0.2467027427653743
80.4,128.170407,37.932356,4099.1930208,-157.677,10.893,54.834,0.2467027427653743
80.5,128.170542,37.932411,4103.9463768000005,-159.206,9.332,54.601,0.2467027427653743
80.6,128.170677,37.932467,4108.3400688,-160.753,7.755,54.41,0.2467027427653743
80.7,128.170811,37.932525,4112.3692200000005,-162.363,6.161,54.264,0.2467027427653743
80.8,128.170946,37.932583,4116.0365736,-164.02,4.553,54.165,0.2467027427653743
80.9,128.17108,37.932643,4119.346092000001,-165.676,2.934,54.11,0.2467027427653743
81.0,128.171215,37.932703,4122.303871200001,-167.272,1.307,54.1,0.2467027427653743
81.1,128.171349,37.932764,4124.9166168,-168.733,-0.321,54.129,0.2467027427653743
81.2,128.171484,37.932826,4127.1919488,-169.986,-1.946,54.193,0.2467027427653743
81.3,128.171618,37.932888,4129.1353536,-170.995,-3.562,54.285,0.2467027427653743
81.4,128.171753,37.932951,4130.7401256,-171.941,-5.165,54.407,0.2467027427653743
81.5,128.171888,37.933015,4131.9797472,-173.262,-6.755,54.574,0.2467027427653743
81.6,128.172022,37.933079,4132.8508656,-174.962,-8.336,54.78,0.2467027427653743
81.7,128.172157,37.933143,4133.3556144,-177.011,-9.911,55.031,0.2467027427653743
81.8,128.172291,37.933207,4133.496432,-179.37,-11.482,55.335,0.2467027427653743
81.9,128.172426,37.933272,4133.275756800001,178.002,-13.047,55.704,0.2467027427653743
82.0,128.172561,37.933337,4132.6969416,175.15,-14.602,56.148,0.2467027427653743
82.1,128.172695,37.933402,4131.7627296,172.111,-16.143,56.678,0.2467027427653743
82.2,128.17283,37.933466,4130.4813504,169.004,-17.664,57.296,0.2467027427653743
82.3,128.172965,37.93353,4128.871092,166.111,-19.16,57.994,0.2467027427653743
82.4,128.1731,37.933594,4126.935612,163.488,-20.625,58.763,0.2467027427653743
82.5,128.173235,37.933657,4124.6672904,160.978,-22.052,59.595,0.2467027427653743
82.6,128.17337,37.93372,4122.0646032,158.487,-23.439,60.485,0.2467027427653743
82.7,128.173505,37.933782,4119.1278552,155.983,-24.786,61.432,0.2467027427653743
82.8,128.173641,37.933843,4115.860704,153.47,-26.09,62.436,0.2467027427653743
82.9,128.173776,37.933903,4112.266807200001,150.978,-27.35,63.5,0.2467027427653743
83.0,128.173912,37.933962,4108.350432,148.517,-28.563,64.624,0.2467027427653743
83.1,128.174048,37.93402,4104.113102400001,146.053,-29.728,65.806,0.2467027427653743
83.2,128.174184,37.934077,4099.5578664,143.542,-30.842,67.048,0.2467027427653743
83.3,128.17432,37.934132,4094.6883816,140.968,-31.904,68.348,0.2467027427653743
83.4,128.174456,37.934186,4089.5095248000002,138.325,-32.913,69.705,0.2467027427653743
83.5,128.174592,37.934238,4084.0273920000004,135.62,-33.867,71.118,0.2467027427653743
83.6,128.174729,37.934289,4078.2477744000003,132.864,-34.763,72.586,0.2467027427653743
83.7,128.174865,37.934338,4072.1785968,130.092,-35.6,74.105,0.2467027427653743
83.8,128.175002,37.934386,4065.8283936000003,127.388,-36.379,75.669,0.2467027427653743
83.9,128.175139,37.934431,4059.206004,124.842,-37.099,77.271,0.2467027427653743
84.0,128.175276,37.934475,4052.3196576000005,122.551,-37.763,78.902,0.2467027427653743
84.1,128.175414,37.934518,4045.1757552000004,120.6,-38.373,80.552,0.2467027427653743
84.2,128.175551,37.934558,4037.7803928000003,119.042,-38.938,82.209,0.2467027427653743
84.3,128.175689,37.934596,4030.1375328000004,117.898,-39.472,83.856,0.2467027427653743
84.4,128.175828,37.934633,4022.2505280000005,117.163,-39.99,85.482,0.2467027427653743
84.5,128.175966,37.934668,4014.1218168000005,116.823,-40.511,87.073,0.2467027427653743
84.6,128.176104,37.934701,4005.7526184000003,116.872,-41.05,88.623,0.2467027427653743
84.7,128.176243,37.934732,3997.1447616,117.302,-41.62,90.125,0.2467027427653743
84.8,128.176382,37.934762,3988.297332,118.066,-42.228,91.578,0.2467027427653743
84.9,128.176521,37.934789,3979.2091104,119.095,-42.883,92.979,0.2467027427653743
85.0,128.17666,37.934815,3969.8758296,119.708,-43.561,94.354,0.2467027427653743
85.1,128.176798,37.934839,3960.2856024000002,118.391,-44.212,95.751,0.2467027427653743
85.2,128.176936,37.934859,3950.4277608,115.262,-44.844,97.18,0.2467027427653743
85.3,128.177073,37.934877,3940.3032192000005,110.656,-45.402,98.694,0.2467027427653743
85.4,128.177208,37.934892,3929.9235600000006,105.652,-45.871,100.308,0.2467027427653743
85.5,128.177344,37.934904,3919.3079856,102.239,-46.283,102.003,0.2467027427653743
85.6,128.177479,37.934914,3908.4808800000005,100.438,-46.626,103.774,0.2467027427653743
85.7,128.177614,37.934923,3897.4529112,100.076,-46.918,105.574,0.2467027427653743
85.8,128.177749,37.934929,3886.225908,100.884,-47.2,107.345,0.2467027427653743
85.9,128.177884,37.934934,3874.7983464000004,102.519,-47.512,109.05,0.2467027427653743
86.0,128.178019,37.934937,3863.1668736000006,104.095,-47.864,110.691,0.2467027427653743
86.1,128.178154,37.934938,3851.318688,103.884,-48.228,112.289,0.2467027427653743
86.2,128.178286,37.934935,3839.2406832,101.256,-48.587,113.884,0.2467027427653743
86.3,128.178417,37.934929,3826.9356024000003,96.578,-48.896,115.539,0.2467027427653743
86.4,128.178546,37.934918,3814.4247816,91.178,-49.114,117.296,0.2467027427653743
86.5,128.178674,37.934905,3801.7298616000003,87.397,-49.264,119.161,0.2467027427653743
86.6,128.178801,37.934889,3788.8602912,85.32,-49.328,121.102,0.2467027427653743
86.7,128.178927,37.934871,3775.8178992,84.774,-49.342,123.054,0.2467027427653743
86.8,128.179054,37.934851,3762.6036000000004,85.481,-49.361,124.949,0.2467027427653743
86.9,128.17918,37.934829,3749.2180032000006,86.815,-49.412,126.756,0.2467027427653743
87.0,128.179305,37.934805,3735.6604992,87.396,-49.479,128.476,0.2467027427653743
87.1,128.179428,37.934777,3721.9329168000004,86.04,-49.534,130.169,0.2467027427653743
87.2,128.179548,37.934745,3708.0462288,82.733,-49.552,131.901,0.2467027427653743
87.3,128.179666,37.93471,3694.0156752000003,78.513,-49.502,133.707,0.2467027427653743
87.4,128.179783,37.934671,3679.8455232,74.926,-49.375,135.57,0.2467027427653743
87.5,128.179899,37.934631,3665.5305912000003,72.918,-49.185,137.434,0.2467027427653743
87.6,128.180014,37.934588,3651.0751464000004,72.331,-48.953,139.231,0.2467027427653743
87.7,128.180127,37.934543,3636.494124,72.277,-48.704,140.936,0.2467027427653743
87.8,128.180239,37.934494,3621.8045928,71.803,-48.449,142.583,0.2467027427653743
87.9,128.180348,37.934441,3607.021488,70.4,-48.178,144.218,0.2467027427653743
88.0,128.180455,37.934385,3592.1554776000003,68.142,-47.873,145.871,0.2467027427653743
88.1,128.18056,37.934326,3577.2117432,65.455,-47.516,147.538,0.2467027427653743
88.2,128.180663,37.934263,3562.1960760000006,62.834,-47.096,149.193,0.2467027427653743
88.3,128.180763,37.934197,3547.1133528000005,60.648,-46.619,150.81,0.2467027427653743
88.4,128.180862,37.934129,3531.9708888,59.044,-46.094,152.372,0.2467027427653743
88.5,128.180958,37.934057,3516.7820952,57.872,-45.538,153.877,0.2467027427653743
88.6,128.181052,37.933982,3501.5634312,56.854,-44.958,155.335,0.2467027427653743
88.7,128.181144,37.933903,3486.3292224,55.754,-44.358,156.762,0.2467027427653743
88.8,128.181233,37.933821,3471.0922704,54.459,-43.734,158.165,0.2467027427653743
88.9,128.18132,37.933736,3455.8632432000004,52.984,-43.082,159.546,0.2467027427653743
89.0,128.181404,37.933647,3440.6506752,51.423,-42.398,160.901,0.2467027427653743
89.1,128.181485,37.933555,3425.4631008000006,49.895,-41.683,162.224,0.2467027427653743
89.2,128.181564,37.933459,3410.3114928,48.453,-40.939,163.512,0.2467027427653743
89.3,128.18164,37.933361,3395.2092624000006,47.097,-40.166,164.764,0.2467027427653743
89.4,128.181714,37.933259,3380.1701256,45.794,-39.367,165.979,0.2467027427653743
89.5,128.181784,37.933153,3365.2081032000006,44.511,-38.541,167.159,0.2467027427653743
89.6,128.181852,37.933045,3350.3375208,43.237,-37.688,168.305,0.2467027427653743
89.7,128.181916,37.932933,3335.5714848000002,41.973,-36.808,169.417,0.2467027427653743
89.8,128.181978,37.932818,3320.9243208000003,40.715,-35.902,170.494,0.2467027427653743
89.9,128.182037,37.932699,3306.4051728000004,39.517,-34.971,171.539,0.2467027427653743
90.0,128.182093,37.932578,3292.0097736000002,38.663,-34.024,172.561,0.2467027427653743
90.1,128.182147,37.932454,3277.7253216,38.507,-33.076,173.569,0.2467027427653743
90.2,128.182198,37.932327,3263.5612656000003,38.966,-32.135,174.552,0.2467027427653743
90.3,128.182246,37.932197,3249.5602776,39.227,-31.321,175.364,0.2467027427653743
90.4,128.182291,37.932064,3235.7418648,39.497,-31.097,175.656,0.2467027427653743
90.5,128.182333,37.93193,3222.0002616,41.669,-31.678,175.352,0.2467027427653743
90.6,128.182375,37.931793,3208.2330552000003,45.478,-32.738,174.639,0.2467027427653743
90.7,128.182415,37.931656,3194.4045840000003,50.585,-33.866,173.819,0.2467027427653743
90.8,128.182456,37.931518,3180.4907688000003,56.746,-34.885,173.057,0.2467027427653743
90.9,128.182496,37.93138,3166.4745408000003,63.806,-35.761,172.4,0.2467027427653743
91.0,128.182536,37.931241,3152.3424888000004,71.607,-36.482,171.941,0.2467027427653743
91.1,128.182577,37.931101,3138.086688,79.989,-37.073,171.796,0.2467027427653743
91.2,128.182618,37.930961,3123.7034808,88.758,-37.588,172.098,0.2467027427653743
91.3,128.18266,37.930821,3109.1907336,97.851,-38.133,172.728,0.2467027427653743
91.4,128.182703,37.930679,3094.5499704000003,107.3,-38.774,173.439,0.2467027427653743
91.5,128.182745,37.930537,3079.7854584,117.217,-39.476,173.94,0.2467027427653743
91.6,128.182789,37.930393,3064.9060368,127.728,-40.147,174.03,0.2467027427653743
91.7,128.182832,37.930249,3049.924812,138.678,-40.903,174.054,0.2467027427653743
91.8,128.182876,37.930104,3034.8503184,149.859,-42.071,174.345,0.2467027427653743
91.9,128.18292,37.929958,3019.6502472,159.283,-44.172,175.246,0.2467027427653743
92.0,128.182963,37.929812,3004.2081648,163.313,-46.954,176.445,0.2467027427653743
92.1,128.183003,37.929669,2988.3936168000005,162.867,-49.699,177.48,0.2467027427653743
92.2,128.18304,37.929529,2972.1422904,159.574,-52.218,178.487,0.2467027427653743
92.3,128.183075,37.929393,2955.4441272,154.071,-54.465,179.728,0.2467027427653743
92.4,128.183106,37.92926,2938.2927264,146.449,-56.42,181.383,0.2467027427653743
92.5,128.183133,37.929132,2920.6969272,136.819,-58.058,183.574,0.2467027427653743
92.6,128.183154,37.929007,2902.7058024000003,126.223,-59.39,186.284,0.2467027427653743
92.7,128.18317,37.928885,2884.3836647999997,116.072,-60.407,189.455,0.2467027427653743
92.8,128.183181,37.928766,2865.7625184000003,106.037,-61.057,193.015,0.2467027427653743
92.9,128.183184,37.92865,2846.8768056000004,95.83,-61.309,196.841,0.2467027427653743
93.0,128.18318,37.928536,2827.7737704,84.975,-61.136,200.783,0.2467027427653743
93.1,128.183167,37.928424,2808.5207736,73.577,-60.527,204.66,0.2467027427653743
93.2,128.183147,37.928313,2789.188224,62.053,-59.462,208.236,0.2467027427653743
93.3,128.183118,37.928203,2769.8392152,50.865,-57.96,211.28,0.2467027427653743
93.4,128.183083,37.928093,2750.5185528,41.347,-56.166,213.774,0.2467027427653743
93.5,128.183042,37.927982,2731.2088632,35.829,-54.248,215.839,0.2467027427653743
93.6,128.182996,37.927871,2711.8583304000003,35.135,-52.364,217.583,0.2467027427653743
93.7,128.182947,37.927759,2692.4770128,37.761,-50.639,219.082,0.2467027427653743
93.8,128.182891,37.927647,2673.14934,41.412,-49.119,220.49,0.2467027427653743
93.9,128.182828,37.927534,2653.9390152,43.825,-47.742,221.865,0.2467027427653743
94.0,128.182757,37.927421,2634.9234576000003,43.284,-46.434,223.231,0.2467027427653743
94.1,128.182678,37.927309,2616.1267464000002,40.469,-45.131,224.615,0.2467027427653743
94.2,128.18259,37.927197,2597.5391280000003,36.832,-43.771,225.954,0.2467027427653743
94.3,128.182496,37.927084,2579.1679176,33.262,-42.339,227.164,0.2467027427653743
94.4,128.182394,37.926971,2561.0277456000003,30.175,-40.849,228.229,0.2467027427653743
94.5,128.182286,37.926858,2543.123184,28.012,-39.328,229.18,0.2467027427653743
94.6,128.182173,37.926745,2525.4511848,27.124,-37.806,230.062,0.2467027427653743
94.7,128.182053,37.926631,2508.036132,27.237,-36.306,230.892,0.2467027427653743
94.8,128.181926,37.926517,2490.9341088,27.437,-34.829,231.671,0.2467027427653743
94.9,128.181793,37.926403,2474.209428,26.712,-33.353,232.394,0.2467027427653743
95.0,128.181653,37.926289,2457.9157344,24.592,-31.846,233.047,0.2467027427653743
95.1,128.181506,37.926175,2442.0923472,21.154,-30.279,233.59,0.2467027427653743
95.2,128.181352,37.92606,2426.7395712000002,17.058,-28.651,234.018,0.2467027427653743
95.3,128.181193,37.925945,2411.8132104,13.908,-26.988,234.392,0.2467027427653743
95.4,128.181029,37.925829,2397.2370648,13.117,-25.325,234.752,0.2467027427653743
95.5,128.180862,37.925712,2383.0093056,14.4,-23.7,235.097,0.2467027427653743
95.6,128.180689,37.925595,2369.2110096,16.35,-22.136,235.439,0.2467027427653743
95.7,128.180511,37.925478,2355.9317880000003,17.341,-20.608,235.773,0.2467027427653743
95.8,128.180328,37.925361,2343.2609472,16.194,-19.072,236.067,0.2467027427653743
95.9,128.180139,37.925243,2331.2640192,12.698,-17.487,236.268,0.2467027427653743
96.0,128.179946,37.925125,2319.9873336,7.104,-15.837,236.31,0.2467027427653743
96.1,128.179748,37.925006,2309.3748072000003,1.179,-14.131,236.225,0.2467027427653743
96.2,128.179548,37.924887,2299.2892800000004,-2.291,-12.39,236.066,0.2467027427653743
96.3,128.179345,37.924766,2289.5996880000002,-1.949,-10.656,235.891,0.2467027427653743
96.4,128.179139,37.924644,2280.3127368,1.178,-8.987,235.743,0.2467027427653743
96.5,128.178931,37.924522,2271.5533944000003,4.687,-7.406,235.633,0.2467027427653743
96.6,128.178721,37.924398,2263.4700984,6.206,-5.873,235.56,0.2467027427653743
96.7,128.178508,37.924275,2256.1542888000004,4.902,-4.332,235.496,0.2467027427653743
96.8,128.178292,37.924151,2249.6580864000002,0.914,-2.75,235.356,0.2467027427653743
96.9,128.178075,37.924026,2244.0083136000003,-5.322,-1.131,235.039,0.2467027427653743
97.0,128.177856,37.9239,2239.1174928,-12.407,0.51,234.524,0.2467027427653743
97.1,128.177638,37.923773,2234.8698,-18.444,2.141,233.812,0.2467027427653743
97.2,128.17742,37.923644,2231.1515448,-21.806,3.74,232.965,0.2467027427653743
97.3,128.177201,37.923513,2227.8587904,-21.59,5.301,232.082,0.2467027427653743
97.4,128.176983,37.923381,2225.0143968,-18.858,6.797,231.226,0.2467027427653743
97.5,128.176766,37.923247,2222.7643632,-16.391,8.218,230.421,0.2467027427653743
97.6,128.176551,37.923112,2221.2342672,-16.128,9.617,229.655,0.2467027427653743
97.7,128.176337,37.922975,2220.4872024,-18.535,11.025,228.869,0.2467027427653743
97.8,128.176125,37.922836,2220.4783632,-22.654,12.449,228.012,0.2467027427653743
97.9,128.175916,37.922696,2221.1053368000003,-26.869,13.865,227.044,0.2467027427653743
98.0,128.175709,37.922555,2222.2983240000003,-30.313,15.23,225.951,0.2467027427653743
98.1,128.175505,37.922411,2224.0207488,-32.778,16.528,224.758,0.2467027427653743
98.2,128.175303,37.922266,2226.2518848,-34.313,17.768,223.506,0.2467027427653743
98.3,128.175106,37.922118,2228.9798448,-35.037,18.966,222.231,0.2467027427653743
98.4,128.174911,37.921969,2232.1985328,-35.086,20.141,220.964,0.2467027427653743
98.5,128.17472,37.921819,2235.9064248,-34.608,21.309,219.729,0.2467027427653743
98.6,128.174533,37.921667,2240.1111408,-33.813,22.481,218.535,0.2467027427653743
98.7,128.17435,37.921513,2244.8282255999998,-33.025,23.661,217.382,0.2467027427653743
98.8,128.174171,37.921358,2250.0744432,-32.6,24.852,216.258,0.2467027427653743
98.9,128.173997,37.921202,2255.8452216,-32.594,26.06,215.154,0.2467027427653743
99.0,128.173827,37.921046,2262.1201392000003,-32.71,27.283,214.062,0.2467027427653743
99.1,128.173661,37.920888,2268.8876136,-32.806,28.51,212.972,0.2467027427653743
99.2,128.1735,37.92073,2276.1449016,-32.928,29.733,211.879,0.2467027427653743
99.3,128.173343,37.920571,2283.8904792,-33.174,30.952,210.778,0.2467027427653743
99.4,128.173191,37.920412,2292.1225176000003,-33.644,32.164,209.66,0.2467027427653743
99.5,128.173044,37.920253,2300.8318728,-34.345,33.368,208.517,0.2467027427653743
99.6,128.172902,37.920093,2310.0048288000003,-35.181,34.563,207.343,0.2467027427653743
99.7,128.172765,37.919934,2319.6273648,-36.065,35.744,206.132,0.2467027427653743
99.8,128.172633,37.919775,2329.6863744,-36.948,36.907,204.883,0.2467027427653743
99.9,128.172507,37.919616,2340.169056,-37.794,38.053,203.596,0.2467027427653743
100.0,128.172385,37.919457,2351.062608,-38.576,39.181,202.272,0.2467027427653743
100.1,128.172269,37.919299,2362.3545336,-39.282,40.294,200.915,0.2467027427653743
100.2,128.172157,37.919141,2374.0329456,-39.905,41.392,199.526,0.2467027427653743
100.3,128.172052,37.918984,2386.0862616000004,-40.444,42.479,198.11,0.2467027427653743
100.4,128.171951,37.918828,2398.503204,-40.903,43.556,196.669,0.2467027427653743
100.5,128.171856,37.918673,2411.2724952,-41.28,44.624,195.205,0.2467027427653743
100.6,128.171766,37.918518,2424.3834672000003,-41.576,45.687,193.721,0.2467027427653743
100.7,128.171681,37.918365,2437.8257568,-41.795,46.746,192.221,0.2467027427653743
100.8,128.171602,37.918213,2451.5896104000003,-41.951,47.802,190.705,0.2467027427653743
100.9,128.171527,37.918063,2465.6664936,-42.066,48.858,189.175,0.2467027427653743
101.0,128.171458,37.917914,2480.0469576,-42.157,49.913,187.632,0.2467027427653743
101.1,128.171393,37.917767,2494.723992,-42.261,50.968,186.074,0.2467027427653743
101.2,128.171334,37.917622,2509.6893672,-42.424,52.022,184.496,0.2467027427653743
101.3,128.171279,37.917478,2524.9360728,-42.682,53.074,182.895,0.2467027427653743
101.4,128.171229,37.917337,2540.4555744,-43.051,54.122,181.262,0.2467027427653743
101.5,128.171183,37.917198,2556.2390328000006,-43.541,55.164,179.591,0.2467027427653743
101.6,128.171143,37.917061,2572.2779136,-44.155,56.197,177.873,0.2467027427653743
101.7,128.171106,37.916927,2588.5618535999997,-44.862,57.219,176.101,0.2467027427653743
101.8,128.171075,37.916795,2605.0798800000002,-45.619,58.227,174.271,0.2467027427653743
101.9,128.171047,37.916666,2621.822544,-46.406,59.22,172.378,0.2467027427653743
102.0,128.171024,37.916539,2638.7800920000004,-47.217,60.198,170.419,0.2467027427653743
102.1,128.171005,37.916415,2655.9436848000005,-48.064,61.159,168.389,0.2467027427653743
102.2,128.17099,37.916294,2673.3038736000003,-48.967,62.103,166.285,0.2467027427653743
102.3,128.170979,37.916176,2690.8518192000006,-49.925,63.032,164.1,0.2467027427653743
102.4,128.170971,37.916061,2708.577768,-50.938,63.942,161.831,0.2467027427653743
102.5,128.170968,37.915949,2726.4728808,-52.014,64.835,159.471,0.2467027427653743
102.6,128.170967,37.91584,2744.5283184,-53.156,65.709,157.014,0.2467027427653743
102.7,128.170971,37.915735,2762.7352416000003,-54.362,66.563,154.455,0.2467027427653743
102.8,128.170977,37.915632,2781.0848112,-55.64,67.396,151.788,0.2467027427653743
102.9,128.170987,37.915533,2799.5684928,-56.998,68.207,149.005,0.2467027427653743
103.0,128.171,37.915437,2818.1786664,-58.441,68.995,146.1,0.2467027427653743
103.1,128.171015,37.915344,2836.9074072000003,-59.99,69.758,143.066,0.2467027427653743
103.2,128.171033,37.915255,2855.7467904,-61.676,70.494,139.891,0.2467027427653743
103.3,128.171054,37.915169,2874.69072,-63.557,71.198,136.564,0.2467027427653743
103.4,128.171078,37.915087,2893.7327952,-65.729,71.863,133.068,0.2467027427653743
103.5,128.171104,37.915008,2912.8663103999997,-68.303,72.482,129.381,0.2467027427653743
103.6,128.171132,37.914933,2932.0848647999997,-71.385,73.04,125.481,0.2467027427653743
103.7,128.171162,37.914863,2951.3811432,-75.103,73.52,121.35,0.2467027427653743
103.8,128.171195,37.914796,2970.7456968,-79.532,73.901,116.982,0.2467027427653743
103.9,128.17123,37.914734,2990.167248,-84.631,74.161,112.396,0.2467027427653743
104.0,128.171267,37.914676,3009.6326904000002,-90.225,74.28,107.648,0.2467027427653743
104.1,128.171306,37.914623,3029.1273936000002,-96.025,74.246,102.829,0.2467027427653743
104.2,128.171348,37.914573,3048.6379464000006,-101.419,74.071,98.245,0.2467027427653743
104.3,128.171392,37.914527,3068.1527664000005,-105.609,73.81,94.235,0.2467027427653743
104.4,128.171438,37.914485,3087.6657576000002,-108.272,73.523,90.672,0.2467027427653743
104.5,128.171485,37.914446,3107.1744816,-109.39,73.262,87.388,0.2467027427653743
104.6,128.171534,37.914409,3126.6752808,-109.509,73.036,84.192,0.2467027427653743
104.7,128.171584,37.914375,3146.1657168,-109.231,72.844,80.938,0.2467027427653743
104.8,128.171635,37.914345,3165.6433512,-109.039,72.682,77.525,0.2467027427653743
104.9,128.171688,37.914317,3185.1069648,-109.207,72.541,73.901,0.2467027427653743
105.0,128.171741,37.914293,3204.5556432000003,-109.834,72.406,70.049,0.2467027427653743
105.1,128.171795,37.914272,3223.9872528,-110.978,72.257,65.978,0.2467027427653743
105.2,128.171849,37.914254,3243.3978312,-113.407,72.006,61.877,0.2467027427653743
105.3,128.171903,37.91424,3262.7663472,-118.815,71.584,58.097,0.2467027427653743
105.4,128.171957,37.914232,3282.0559200000002,-126.65,71.022,54.569,0.2467027427653743
105.5,128.172012,37.91423,3301.2351552000005,-134.806,70.298,51.254,0.2467027427653743
105.6,128.172067,37.914233,3320.3119776000003,-139.667,69.45,48.259,0.2467027427653743
105.7,128.172123,37.914238,3339.3132096000004,-141.369,68.444,45.554,0.2467027427653743
105.8,128.17218,37.914247,3358.2540912000004,-140.835,67.369,43.054,0.2467027427653743
105.9,128.172237,37.914258,3377.1108480000003,-139.465,66.33,40.715,0.2467027427653743
106.0,128.172294,37.914273,3395.8651920000007,-138.261,65.366,38.443,0.2467027427653743
106.1,128.172351,37.914292,3414.508284,-137.666,64.464,36.173,0.2467027427653743
106.2,128.172408,37.914315,3433.0282368000003,-138.306,63.577,33.958,0.2467027427653743
106.3,128.172464,37.914342,3451.3756728000003,-141.427,62.644,31.93,0.2467027427653743
106.4,128.17252,37.914375,3469.5003,-146.439,61.629,30.114,0.2467027427653743
106.5,128.172575,37.914413,3487.3923648,-151.574,60.502,28.485,0.2467027427653743
106.6,128.17263,37.914455,3505.0936248000003,-153.935,59.28,26.97,0.2467027427653743
106.7,128.172685,37.9145,3522.6534576000004,-153.939,57.982,25.626,0.2467027427653743
106.8,128.17274,37.914548,3540.0718632000003,-152.757,56.686,24.403,0.2467027427653743
106.9,128.172795,37.914599,3557.3250672,-151.189,55.447,23.215,0.2467027427653743
107.0,128.17285,37.914654,3574.3984392,-149.719,54.271,22.008,0.2467027427653743
107.1,128.172904,37.914712,3591.2767392000005,-149.109,53.135,20.803,0.2467027427653743
107.2,128.172957,37.914774,3607.89474,-150.64,51.995,19.677,0.2467027427653743
107.3,128.173009,37.914841,3624.1942248,-153.919,50.812,18.643,0.2467027427653743
107.4,128.17306,37.914912,3640.176108,-157.674,49.552,17.699,0.2467027427653743
107.5,128.17311,37.914987,3655.8986064,-159.676,48.217,16.809,0.2467027427653743
107.6,128.17316,37.915064,3671.427252,-159.788,46.829,16.006,0.2467027427653743
107.7,128.173209,37.915144,3686.760216,-158.761,45.445,15.273,0.2467027427653743
107.8,128.173259,37.915227,3701.8709808,-157.21,44.109,14.557,0.2467027427653743
107.9,128.173307,37.915313,3716.7330288,-155.701,42.827,13.822,0.2467027427653743
108.0,128.173355,37.915402,3731.3018592000003,-155.151,41.579,13.085,0.2467027427653743
108.1,128.173401,37.915495,3745.5061488000006,-156.389,40.327,12.382,0.2467027427653743
108.2,128.173446,37.915592,3759.3245616000004,-159.013,39.03,11.722,0.2467027427653743
108.3,128.173489,37.915692,3772.7903208000002,-161.729,37.667,11.103,0.2467027427653743
108.4,128.173533,37.915794,3785.9774928,-162.826,36.254,10.509,0.2467027427653743
108.5,128.173575,37.915899,3798.9470376,-162.314,34.819,9.959,0.2467027427653743
108.6,128.173617,37.916006,3811.6718280000005,-160.839,33.414,9.437,0.2467027427653743
108.7,128.173659,37.916116,3824.11224,-159.13,32.062,8.912,0.2467027427653743
108.8,128.173699,37.916228,3836.2045704,-158.244,30.751,8.385,0.2467027427653743
108.9,128.173738,37.916343,3847.8692664000005,-158.998,29.446,7.874,0.2467027427653743
109.0,128.173775,37.916462,3859.08804,-161.097,28.104,7.383,0.2467027427653743
109.1,128.173811,37.916583,3869.8959432,-163.57,26.703,6.919,0.2467027427653743
109.2,128.173846,37.916706,3880.3789296,-165.009,25.249,6.477,0.2467027427653743
109.3,128.173881,37.916831,3890.6067984000006,-164.985,23.774,6.064,0.2467027427653743
109.4,128.173915,37.916958,3900.5569944,-163.88,22.321,5.674,0.2467027427653743
109.5,128.173948,37.917087,3910.183188,-162.33,20.914,5.287,0.2467027427653743
109.6,128.17398,37.917218,3919.4347824,-161.079,19.549,4.886,0.2467027427653743
109.7,128.17401,37.917352,3928.2471600000003,-160.864,18.202,4.479,0.2467027427653743
109.8,128.174039,37.917487,3936.5785632,-161.921,16.84,4.076,0.2467027427653743
109.9,128.174067,37.917624,3944.4576432000003,-163.681,15.435,3.681,0.2467027427653743
110.0,128.174094,37.917764,3951.9499320000004,-165.188,13.985,3.3,0.2467027427653743
110.1,128.17412,37.917905,3959.1166944,-165.77,12.508,2.938,0.2467027427653743
110.2,128.174145,37.918047,3965.9621976000003,-165.405,11.035,2.599,0.2467027427653743
110.3,128.174169,37.91819,3972.4541328000005,-164.448,9.589,2.27,0.2467027427653743
110.4,128.174193,37.918336,3978.5544,-163.375,8.175,1.937,0.2467027427653743
110.5,128.174215,37.918482,3984.2224608,-162.667,6.783,1.59,0.2467027427653743
110.6,128.174235,37.91863,3989.4241776000003,-162.645,5.394,1.233,0.2467027427653743
110.7,128.174254,37.918779,3994.1549784000003,-163.286,3.988,0.871,0.2467027427653743
110.8,128.174272,37.91893,3998.4386375999998,-164.253,2.554,0.511,0.2467027427653743
110.9,128.174289,37.919081,4002.3077688000003,-165.101,1.095,0.162,0.2467027427653743
111.0,128.174305,37.919234,4005.7861464000002,-165.51,-0.377,359.828,0.2467027427653743
111.1,128.17432,37.919387,4008.8768184,-165.41,-1.849,359.506,0.2467027427653743
111.2,128.174334,37.919542,4011.5663736000006,-164.935,-3.308,359.19,0.2467027427653743
111.3,128.174347,37.919697,4013.8374384000003,-164.288,-4.75,358.87,0.2467027427653743
111.4,128.174359,37.919852,4015.6708104,-163.684,-6.178,358.536,0.2467027427653743
111.5,128.174369,37.920009,4017.0530784000007,-163.281,-7.597,358.187,0.2467027427653743
111.6,128.174378,37.920166,4017.978756,-163.134,-9.017,357.822,0.2467027427653743
111.7,128.174386,37.920323,4018.4508912,-163.183,-10.443,357.445,0.2467027427653743
111.8,128.174393,37.92048,4018.4789328000006,-163.3,-11.876,357.061,0.2467027427653743
111.9,128.174398,37.920638,4018.0708056000003,-163.35,-13.316,356.672,0.2467027427653743
112.0,128.174402,37.920796,4017.230472,-163.255,-14.756,356.281,0.2467027427653743
112.1,128.174405,37.920954,4015.9570176,-163.007,-16.194,355.886,0.2467027427653743
112.2,128.174407,37.921113,4014.2443464000003,-162.657,-17.626,355.485,0.2467027427653743
112.3,128.174408,37.921271,4012.0851432000004,-162.287,-19.051,355.075,0.2467027427653743
112.4,128.174407,37.921429,4009.4739216,-161.962,-20.473,354.653,0.2467027427653743
112.5,128.174405,37.921587,4006.4094624000004,-161.696,-21.893,354.217,0.2467027427653743
112.6,128.174402,37.921744,4002.8932896000006,-161.47,-23.313,353.768,0.2467027427653743
112.7,128.174397,37.921901,3998.928756,-161.245,-24.733,353.305,0.2467027427653743
112.8,128.174391,37.922057,3994.519824,-160.97,-26.154,352.827,0.2467027427653743
112.9,128.174384,37.922213,3989.6683224000003,-160.634,-27.572,352.336,0.2467027427653743
113.0,128.174375,37.922368,3984.3739464000005,-160.249,-28.988,351.83,0.2467027427653743
113.1,128.174365,37.922522,3978.6373056000007,-159.835,-30.399,351.307,0.2467027427653743
113.2,128.174354,37.922675,3972.4596192000004,-159.402,-31.806,350.765,0.2467027427653743
113.3,128.174342,37.922827,3965.8436304000006,-158.946,-33.209,350.2,0.2467027427653743
113.4,128.174328,37.922978,3958.7951304000003,-158.431,-34.606,349.611,0.2467027427653743
113.5,128.174312,37.923127,3951.3193008000003,-157.825,-35.995,348.993,0.2467027427653743
113.6,128.174296,37.923276,3943.4194944,-157.117,-37.375,348.344,0.2467027427653743
113.7,128.174278,37.923423,3935.0990640000005,-156.318,-38.742,347.659,0.2467027427653743
113.8,128.174259,37.923568,3926.3610576000005,-155.443,-40.096,346.935,0.2467027427653743
113.9,128.174238,37.923712,3917.2094376,-154.51,-41.436,346.166,0.2467027427653743
114.0,128.174216,37.923854,3907.647252,-153.538,-42.761,345.349,0.2467027427653743
114.1,128.174192,37.923994,3897.6781584,-152.556,-44.072,344.482,0.2467027427653743
114.2,128.174167,37.924132,3887.3049,-151.601,-45.369,343.564,0.2467027427653743
114.3,128.174141,37.924268,3876.53022,-150.706,-46.655,342.594,0.2467027427653743
114.4,128.174113,37.924401,3865.3574712000004,-149.895,-47.932,341.573,0.2467027427653743
114.5,128.174083,37.924533,3853.7912256000004,-149.167,-49.204,340.502,0.2467027427653743
114.6,128.174052,37.924662,3841.8366648,-148.497,-50.473,339.381,0.2467027427653743
114.7,128.17402,37.924788,3829.5001896000003,-147.846,-51.739,338.21,0.2467027427653743
114.8,128.173986,37.924912,3816.7872864,-147.186,-53.004,336.988,0.2467027427653743
114.9,128.17395,37.925032,3803.7037464000005,-146.499,-54.268,335.713,0.2467027427653743
115.0,128.173913,37.92515,3790.255056,-145.792,-55.531,334.381,0.2467027427653743
115.1,128.173875,37.925265,3776.4485304000004,-145.074,-56.794,332.985,0.2467027427653743
115.2,128.173836,37.925377,3762.2917896000004,-144.343,-58.055,331.518,0.2467027427653743
115.3,128.173795,37.925486,3747.7942824,-143.598,-59.318,329.974,0.2467027427653743
115.4,128.173753,37.925591,3732.9639336,-142.878,-60.584,328.354,0.2467027427653743
115.5,128.17371,37.925692,3717.8092776000003,-142.181,-61.855,326.65,0.2467027427653743
115.6,128.173667,37.92579,3702.3415920000007,-141.443,-63.131,324.85,0.2467027427653743
115.7,128.173622,37.925884,3686.5742880000003,-140.522,-64.404,322.929,0.2467027427653743
115.8,128.173576,37.925975,3670.5213864,-139.253,-65.667,320.862,0.2467027427653743
115.9,128.17353,37.926062,3654.192336,-137.6,-66.907,318.629,0.2467027427653743
116.0,128.173484,37.926145,3637.5920136,-135.774,-68.124,316.219,0.2467027427653743
116.1,128.173437,37.926224,3620.7252960000005,-134.024,-69.322,313.614,0.2467027427653743
116.2,128.173389,37.926299,3603.6043752,-132.339,-70.503,310.761,0.2467027427653743
116.3,128.173341,37.926369,3586.2444912,-130.485,-71.665,307.605,0.2467027427653743
116.4,128.173293,37.926436,3568.6617984000004,-128.11,-72.791,304.087,0.2467027427653743
116.5,128.173246,37.926498,3550.8690984000004,-124.985,-73.863,300.16,0.2467027427653743
116.6,128.173198,37.926557,3532.8743160000004,-121.255,-74.868,295.807,0.2467027427653743
116.7,128.17315,37.926611,3514.6856808,-117.257,-75.805,290.989,0.2467027427653743
116.8,128.173103,37.92666,3496.3138608,-113.096,-76.664,285.613,0.2467027427653743
116.9,128.173056,37.926705,3477.772572,-108.614,-77.429,279.585,0.2467027427653743
117.0,128.17301,37.926745,3459.0737016,-103.642,-78.083,272.881,0.2467027427653743
117.1,128.172965,37.926781,3440.2291368,-98.15,-78.612,265.537,0.2467027427653743
117.2,128.17292,37.926812,3421.2498504000005,-92.162,-78.999,257.625,0.2467027427653743
117.3,128.172877,37.926839,3402.1465104,-85.744,-79.227,249.282,0.2467027427653743
117.4,128.172836,37.926862,3382.9300896000004,-78.996,-79.281,240.713,0.2467027427653743
117.5,128.172796,37.92688,3363.6097320000003,-71.965,-79.173,232.144,0.2467027427653743
117.6,128.172757,37.926894,3344.1942768,-64.731,-78.922,223.762,0.2467027427653743
117.7,128.17272,37.926904,3324.6919536,-57.395,-78.534,215.732,0.2467027427653743
117.8,128.172685,37.92691,3305.1109920000004,-50.152,-78.011,208.208,0.2467027427653743
117.9,128.172652,37.926912,3285.4648032000005,-43.45,-77.371,201.251,0.2467027427653743
118.0,128.172622,37.926909,3265.7686272,-37.813,-76.625,194.853,0.2467027427653743
118.1,128.172593,37.926903,3246.0288648,-33.274,-75.753,189.118,0.2467027427653743
118.2,128.172566,37.926892,3226.2354576000002,-29.433,-74.733,184.315,0.2467027427653743
118.3,128.172542,37.926879,3206.3890152,-26.225,-73.602,180.53,0.2467027427653743
118.4,128.172519,37.926862,3186.502644,-23.827,-72.401,177.665,0.2467027427653743
118.5,128.1725,37.926841,3166.5979848,-22.538,-71.161,175.495,0.2467027427653743
118.6,128.172483,37.926815,3146.7039936,-22.509,-69.902,173.725,0.2467027427653743
118.7,128.172469,37.926786,3126.8389584,-23.369,-68.631,172.088,0.2467027427653743
118.8,128.172458,37.926752,3107.0111088,-24.553,-67.356,170.427,0.2467027427653743
118.9,128.172451,37.926714,3087.229284,-25.687,-66.087,168.679,0.2467027427653743
119.0,128.172448,37.926673,3067.5053712000004,-26.684,-64.826,166.857,0.2467027427653743
119.1,128.172448,37.926627,3047.8549152,-27.6,-63.574,164.975,0.2467027427653743
119.2,128.172453,37.926577,3028.2934608,-28.516,-62.332,163.025,0.2467027427653743
119.3,128.172462,37.926525,3008.8274088000003,-29.396,-61.091,161.035,0.2467027427653743
119.4,128.172476,37.926468,2989.4494440000003,-29.894,-59.84,159.053,0.2467027427653743
119.5,128.172494,37.926409,2970.1598712000005,-29.867,-58.586,157.113,0.2467027427653743
119.6,128.172516,37.926347,2950.9705776,-29.445,-57.333,155.237,0.2467027427653743
119.7,128.172544,37.926283,2931.9019848000003,-28.916,-56.083,153.434,0.2467027427653743
119.8,128.172577,37.926215,2912.975124,-28.578,-54.832,151.695,0.2467027427653743
119.9,128.172614,37.926145,2894.2064544,-28.593,-53.575,150.005,0.2467027427653743
120.0,128.172658,37.926072,2875.6066440000004,-28.961,-52.311,148.344,0.2467027427653743
120.1,128.172707,37.925997,2857.183008,-29.593,-51.042,146.696,0.2467027427653743
120.2,128.172761,37.925919,2838.9382896,-30.336,-49.774,145.052,0.2467027427653743
120.3,128.172821,37.92584,2820.8721840000003,-31.015,-48.509,143.415,0.2467027427653743
120.4,128.172886,37.925759,2802.988044,-31.52,-47.254,141.79,0.2467027427653743
120.5,128.172957,37.925676,2785.2965375999997,-31.893,-46.01,140.181,0.2467027427653743
120.6,128.173033,37.925592,2767.8086376,-32.217,-44.778,138.592,0.2467027427653743
120.7,128.173116,37.925507,2750.5316592000004,-32.51,-43.553,137.028,0.2467027427653743
120.8,128.173204,37.925421,2733.4716984,-32.748,-42.333,135.491,0.2467027427653743
120.9,128.173297,37.925335,2716.635156,-32.912,-41.117,133.983,0.2467027427653743
121.0,128.173397,37.925247,2700.0299568,-33.01,-39.907,132.505,0.2467027427653743
121.1,128.173502,37.925159,2683.6640256,-33.061,-38.7,131.06,0.2467027427653743
121.2,128.173612,37.925071,2667.5462016,-33.08,-37.496,129.648,0.2467027427653743
121.3,128.173729,37.924983,2651.6859336,-33.089,-36.293,128.267,0.2467027427653743
121.4,128.173851,37.924894,2636.0929752,-33.108,-35.093,126.915,0.2467027427653743
121.5,128.173979,37.924806,2620.7764704,-33.157,-33.896,125.588,0.2467027427653743
121.6,128.174112,37.924718,2605.7464776,-33.249,-32.701,124.283,0.2467027427653743
121.7,128.174251,37.92463,2591.0109216,-33.39,-31.509,122.997,0.2467027427653743
121.8,128.174395,37.924543,2576.5783368,-33.575,-30.321,121.728,0.2467027427653743
121.9,128.174545,37.924457,2562.4554288,-33.793,-29.136,120.472,0.2467027427653743
122.0,128.1747,37.924372,2548.6489032000004,-34.031,-27.955,119.23,0.2467027427653743
122.1,128.17486,37.924287,2535.164856,-34.272,-26.779,118.0,0.2467027427653743
122.2,128.175026,37.924204,2522.0093832,-34.502,-25.607,116.782,0.2467027427653743
122.3,128.175196,37.924123,2509.1891904,-34.723,-24.44,115.574,0.2467027427653743
122.4,128.175372,37.924042,2496.712812,-34.96,-23.279,114.376,0.2467027427653743
122.5,128.175552,37.923964,2484.5884776000003,-35.244,-22.123,113.184,0.2467027427653743
122.6,128.175737,37.923887,2472.8213688,-35.571,-20.973,111.998,0.2467027427653743
122.7,128.175926,37.923812,2461.4163624000003,-35.927,-19.828,110.815,0.2467027427653743
122.8,128.176121,37.923739,2450.377116,-36.287,-18.689,109.635,0.2467027427653743
122.9,128.176319,37.923668,2439.7069824,-36.636,-17.556,108.457,0.2467027427653743
123.0,128.176522,37.923599,2429.409924,-36.963,-16.43,107.282,0.2467027427653743
123.1,128.176728,37.923533,2419.4892936,-37.261,-15.31,106.109,0.2467027427653743
123.2,128.176939,37.92347,2409.9481392000002,-37.526,-14.196,104.939,0.2467027427653743
123.3,128.177153,37.923409,2400.7901184,-37.759,-13.088,103.774,0.2467027427653743
123.4,128.177371,37.92335,2392.0207176000004,-37.982,-11.985,102.612,0.2467027427653743
123.5,128.177593,37.923295,2383.6438992000003,-38.217,-10.887,101.453,0.2467027427653743
123.6,128.177817,37.923243,2375.6627112,-38.465,-9.794,100.297,0.2467027427653743
123.7,128.178045,37.923193,2368.0802016000002,-38.729,-8.706,99.142,0.2467027427653743
123.8,128.178275,37.923147,2360.903076,-39.056,-7.623,97.988,0.2467027427653743
123.9,128.178509,37.923104,2354.1429168,-39.568,-6.547,96.831,0.2467027427653743
124.0,128.178745,37.923065,2347.807344,-40.372,-5.479,95.663,0.2467027427653743
124.1,128.178983,37.923029,2341.891176,-41.382,-4.421,94.476,0.2467027427653743
124.2,128.179223,37.922997,2336.3846592,-42.443,-3.377,93.264,0.2467027427653743
124.3,128.179466,37.922968,2331.2865744,-43.529,-2.358,92.025,0.2467027427653743
124.4,128.17971,37.922944,2326.5999696000003,-44.752,-1.366,90.756,0.2467027427653743
124.5,128.179956,37.922923,2322.3205776,-46.131,-0.4,89.454,0.2467027427653743
124.6,128.180203,37.922907,2318.4389496,-47.631,0.535,88.117,0.2467027427653743
124.7,128.180451,37.922895,2314.943808,-49.185,1.439,86.741,0.2467027427653743
124.8,128.1807,37.922888,2311.8214368000004,-50.723,2.305,85.327,0.2467027427653743
124.9,128.180949,37.922885,2309.0575104,-52.176,3.131,83.878,0.2467027427653743
125.0,128.181199,37.922886,2306.6389224,-53.507,3.92,82.398,0.2467027427653743
125.1,128.181449,37.922892,2304.553176,-54.693,4.672,80.894,0.2467027427653743
125.2,128.1817,37.922903,2302.7877744,-55.7,5.394,79.371,0.2467027427653743
125.3,128.18195,37.922918,2301.3323544,-56.505,6.089,77.838,0.2467027427653743
125.4,128.182199,37.922938,2300.1780768,-57.108,6.765,76.299,0.2467027427653743
125.5,128.182448,37.922962,2299.3185408,-57.517,7.427,74.762,0.2467027427653743
125.6,128.182696,37.922992,2298.7491744000004,-57.759,8.082,73.231,0.2467027427653743
125.7,128.182943,37.923025,2298.4669296,-57.863,8.734,71.709,0.2467027427653743
125.8,128.183189,37.923064,2298.469368,-57.855,9.389,70.199,0.2467027427653743
125.9,128.183434,37.923107,2298.7549656,-57.75,10.05,68.702,0.2467027427653743
126.0,128.183677,37.923154,2299.3234176,-57.567,10.72,67.22,0.2467027427653743
126.1,128.183918,37.923206,2300.1744192,-57.329,11.4,65.754,0.2467027427653743
126.2,128.184158,37.923262,2301.3085800000003,-57.048,12.093,64.303,0.2467027427653743
126.3,128.184395,37.923323,2302.7252904,-56.726,12.8,62.868,0.2467027427653743
126.4,128.18463,37.923388,2304.4260744000003,-56.366,13.52,61.449,0.2467027427653743
126.5,128.184863,37.923457,2306.4087984,-55.942,14.256,60.046,0.2467027427653743
126.6,128.185093,37.923529,2308.6719384000003,-55.39,15.011,58.663,0.2467027427653743
126.7,128.185321,37.923606,2311.2157992,-54.681,15.785,57.302,0.2467027427653743
126.8,128.185546,37.923686,2314.0422096,-53.818,16.582,55.968,0.2467027427653743
126.9,128.185768,37.92377,2317.1548272,-52.826,17.403,54.664,0.2467027427653743
127.0,128.185987,37.923858,2320.5579192,-51.741,18.252,53.392,0.2467027427653743
127.1,128.186204,37.923948,2324.2566672000003,-50.593,19.129,52.154,0.2467027427653743
127.2,128.186417,37.924042,2328.254424,-49.396,20.037,50.951,0.2467027427653743
127.3,128.186627,37.924138,2332.555152,-48.153,20.974,49.785,0.2467027427653743
127.4,128.186833,37.924238,2337.1628136,-46.866,21.94,48.656,0.2467027427653743
127.5,128.187037,37.92434,2342.080152,-45.532,22.935,47.565,0.2467027427653743
127.6,128.187237,37.924444,2347.31052,-44.148,23.956,46.514,0.2467027427653743
127.7,128.187434,37.924551,2352.8566608,-42.707,25.004,45.504,0.2467027427653743
127.8,128.187628,37.92466,2358.7197936000002,-41.199,26.076,44.537,0.2467027427653743
127.9,128.187818,37.924771,2364.9017472,-39.612,27.172,43.616,0.2467027427653743
128.0,128.188005,37.924883,2371.4040456000002,-37.947,28.292,42.744,0.2467027427653743
128.1,128.188189,37.924997,2378.2272984,-36.208,29.436,41.927,0.2467027427653743
128.2,128.188369,37.925112,2385.37242,-34.393,30.601,41.167,0.2467027427653743
128.3,128.188546,37.925229,2392.8375816000002,-32.491,31.789,40.47,0.2467027427653743
128.4,128.188721,37.925346,2400.6218688,-30.487,32.997,39.842,0.2467027427653743
128.5,128.188892,37.925464,2408.7219288,-28.364,34.223,39.29,0.2467027427653743
128.6,128.18906,37.925583,2417.1344088,-26.104,35.467,38.822,0.2467027427653743
128.7,128.189225,37.925702,2425.8541272,-23.676,36.724,38.446,0.2467027427653743
128.8,128.189388,37.925821,2434.8734640000002,-21.045,37.991,38.172,0.2467027427653743
128.9,128.189549,37.92594,2444.1860184,-18.189,39.263,38.01,0.2467027427653743
129.0,128.189707,37.926059,2453.8003248,-15.269,40.53,37.96,0.2467027427653743
129.1,128.189862,37.926178,2463.7422912,-12.753,41.786,38.009,0.2467027427653743
129.2,128.190014,37.926296,2474.0271576,-10.889,43.035,38.138,0.2467027427653743
129.3,128.190165,37.926414,2484.6415128000003,-9.443,44.287,38.336,0.2467027427653743
129.4,128.190312,37.92653,2495.5600584000003,-7.961,45.535,38.593,0.2467027427653743
129.5,128.190458,37.926646,2506.76664,-6.134,46.766,38.909,0.2467027427653743
129.6,128.190602,37.926761,2518.2542472,-3.892,47.97,39.295,0.2467027427653743
129.7,128.190743,37.926874,2530.0192224,-1.278,49.144,39.77,0.2467027427653743
129.8,128.190883,37.926987,2542.059432,1.588,50.286,40.353,0.2467027427653743
129.9,128.191021,37.927098,2554.370304,4.585,51.397,41.058,0.2467027427653743
130.0,128.191157,37.927207,2566.937208,7.768,52.476,41.901,0.2467027427653743
130.1,128.191292,37.927315,2579.7445992,11.233,53.517,42.871,0.2467027427653743
130.2,128.191426,37.927422,2592.78882,14.83,54.51,43.958,0.2467027427653743
130.3,128.191558,37.927527,2606.0649936000004,18.423,55.454,45.177,0.2467027427653743
130.4,128.191689,37.92763,2619.5667192000005,21.914,56.347,46.531,0.2467027427653743
130.5,128.191819,37.927731,2633.287596,25.264,57.187,48.018,0.2467027427653743
130.6,128.191949,37.927829,2647.2203088,28.469,57.971,49.637,0.2467027427653743
130.7,128.192077,37.927926,2661.3584568,31.543,58.697,51.372,0.2467027427653743
130.8,128.192205,37.92802,2675.6965536,34.486,59.368,53.203,0.2467027427653743
130.9,128.192332,37.928112,2690.2342943999997,37.184,59.99,55.104,0.2467027427653743
131.0,128.192458,37.928201,2704.9768608,39.441,60.575,57.054,0.2467027427653743
131.1,128.192583,37.928288,2719.9202904,41.296,61.138,59.052,0.2467027427653743
131.2,128.192708,37.928371,2735.0557440000002,42.98,61.687,61.09,0.2467027427653743
131.3,128.192831,37.928451,2750.3722488000003,44.746,62.225,63.161,0.2467027427653743
131.4,128.192954,37.928528,2765.8609656,46.752,62.747,65.264,0.2467027427653743
131.5,128.193077,37.928602,2781.5154936000004,49.025,63.245,67.412,0.2467027427653743
131.6,128.193198,37.928673,2797.3306512,51.5,63.713,69.623,0.2467027427653743
131.7,128.193319,37.928741,2813.3018664,54.065,64.144,71.916,0.2467027427653743
131.8,128.193439,37.928805,2829.4242624000003,56.582,64.538,74.298,0.2467027427653743
131.9,128.193558,37.928866,2845.6938768,58.917,64.896,76.774,0.2467027427653743
132.0,128.193676,37.928923,2862.1061376,60.973,65.224,79.341,0.2467027427653743
132.1,128.193793,37.928976,2878.6519008000005,62.806,65.529,81.989,0.2467027427653743
132.2,128.193909,37.929026,2895.3198888,64.682,65.818,84.713,0.2467027427653743
132.3,128.194024,37.929071,2912.0979096,66.871,66.085,87.503,0.2467027427653743
132.4,128.194138,37.929113,2928.9789528,69.384,66.32,90.346,0.2467027427653743
132.5,128.19425,37.929152,2945.9572272,71.954,66.52,93.229,0.2467027427653743
132.6,128.194362,37.929186,2963.0275512,74.254,66.692,96.157,0.2467027427653743
132.7,128.194472,37.929216,2980.1813904,76.186,66.841,99.151,0.2467027427653743
132.8,128.19458,37.929241,2997.4071624000003,78.024,66.968,102.23,0.2467027427653743
132.9,128.194687,37.929263,3014.694504,80.075,67.072,105.381,0.2467027427653743
133.0,128.194792,37.929281,3032.0348808,82.426,67.148,108.575,0.2467027427653743
133.1,128.194895,37.929295,3049.4200632,85.029,67.187,111.794,0.2467027427653743
133.2,128.194997,37.929306,3066.8412120000003,87.764,67.181,115.031,0.2467027427653743
133.3,128.195096,37.929312,3084.2891832,90.486,67.124,118.279,0.2467027427653743
133.4,128.195194,37.929314,3101.7545280000004,93.105,67.013,121.532,0.2467027427653743
133.5,128.195289,37.929313,3119.2277976,95.602,66.848,124.783,0.2467027427653743
133.6,128.195383,37.929308,3136.6995432000003,98.025,66.63,128.019,0.2467027427653743
133.7,128.195474,37.929298,3154.1621448,100.449,66.36,131.223,0.2467027427653743
133.8,128.195563,37.929286,3171.6073728,102.929,66.037,134.375,0.2467027427653743
133.9,128.19565,37.92927,3189.0276072,105.472,65.66,137.454,0.2467027427653743
134.0,128.195735,37.92925,3206.4143136000002,108.044,65.229,140.443,0.2467027427653743
134.1,128.195817,37.929226,3223.7586528,110.579,64.743,143.328,0.2467027427653743
134.2,128.195897,37.9292,3241.0514808,113.007,64.203,146.104,0.2467027427653743
134.3,128.195975,37.929169,3258.284568,115.305,63.61,148.767,0.2467027427653743
134.4,128.19605,37.929136,3275.4505992,117.507,62.966,151.315,0.2467027427653743
134.5,128.196123,37.929099,3292.5422592,119.659,62.275,153.744,0.2467027427653743
134.6,128.196193,37.929059,3309.5525376,121.771,61.538,156.05,0.2467027427653743
134.7,128.196261,37.929016,3326.4729,123.811,60.762,158.23,0.2467027427653743
134.8,128.196327,37.928969,3343.2948120000005,125.729,59.948,160.29,0.2467027427653743
134.9,128.19639,37.92892,3360.0088248,127.488,59.1,162.235,0.2467027427653743
135.0,128.196451,37.928867,3376.6070136000003,129.083,58.22,164.076,0.2467027427653743
135.1,128.196509,37.928811,3393.0826728,130.543,57.311,165.821,0.2467027427653743
135.2,128.196565,37.928753,3409.4294016,131.906,56.378,167.477,0.2467027427653743
135.3,128.196619,37.928691,3425.6407992,133.203,55.422,169.048,0.2467027427653743
135.4,128.19667,37.928626,3441.7107696,134.462,54.447,170.539,0.2467027427653743
135.5,128.196719,37.928559,3457.6329120000005,135.694,53.453,171.953,0.2467027427653743
135.6,128.196765,37.928489,3473.400216,136.884,52.444,173.293,0.2467027427653743
135.7,128.196809,37.928416,3489.0053664,138.017,51.418,174.563,0.2467027427653743
135.8,128.19685,37.92834,3504.4419624000006,139.091,50.377,175.768,0.2467027427653743
135.9,128.196889,37.928262,3519.7036032000005,140.108,49.321,176.912,0.2467027427653743
136.0,128.196925,37.928181,3534.7844976,141.067,48.262,177.986,0.2467027427653743
136.1,128.19696,37.928098,3549.6791592000004,141.94,47.245,178.946,0.2467027427653743
136.2,128.196991,37.928012,3564.3827112000004,142.683,46.322,179.748,0.2467027427653743
136.3,128.197021,37.927924,3578.8905816,143.285,45.5,180.403,0.2467027427653743
136.4,128.197048,37.927833,3593.1997224,143.727,44.775,180.933,0.2467027427653743
136.5,128.197073,37.92774,3607.3076952,143.997,44.132,181.364,0.2467027427653743
136.6,128.197096,37.927645,3621.2123664000005,144.075,43.558,181.724,0.2467027427653743
136.7,128.197117,37.927548,3634.9079448,143.876,43.045,182.034,0.2467027427653743
136.8,128.197135,37.927449,3648.3858960000002,143.25,42.595,182.308,0.2467027427653743
136.9,128.197151,37.927347,3661.6352472,142.016,42.216,182.557,0.2467027427653743
137.0,128.197165,37.927243,3674.6511216,140.084,41.898,182.799,0.2467027427653743
137.1,128.197176,37.927138,3687.4359576,137.463,41.633,183.048,0.2467027427653743
137.2,128.197184,37.92703,3699.9979848000003,134.18,41.431,183.291,0.2467027427653743
137.3,128.19719,37.926921,3712.3539672,130.287,41.33,183.466,0.2467027427653743
137.4,128.197193,37.92681,3724.5206688000003,125.788,41.374,183.474,0.2467027427653743
137.5,128.197193,37.926698,3736.5084528,120.531,41.548,183.286,0.2467027427653743
137.6,128.197191,37.926585,3748.3267680000004,114.418,41.768,182.987,0.2467027427653743
137.7,128.197186,37.926471,3759.9993888000004,107.617,41.959,182.672,0.2467027427653743
137.8,128.197179,37.926357,3771.5522232000003,100.324,42.081,182.411,0.2467027427653743
137.9,128.19717,37.926242,3783.0127032000005,92.836,42.128,182.233,0.2467027427653743
138.0,128.19716,37.926127,3794.400336,85.352,42.112,182.13,0.2467027427653743
138.1,128.197148,37.926011,3805.7273136000003,77.867,42.054,182.078,0.2467027427653743
138.2,128.197135,37.925896,3817.0039992,70.296,41.972,182.054,0.2467027427653743
138.3,128.19712,37.92578,3828.2425848000003,62.507,41.879,182.055,0.2467027427653743
138.4,128.197104,37.925665,3839.4583104,54.333,41.795,182.101,0.2467027427653743
138.5,128.197086,37.925551,3850.666416,45.784,41.742,182.225,0.2467027427653743
138.6,128.197067,37.925437,3861.8821416000005,36.946,41.766,182.475,0.2467027427653743
138.7,128.197048,37.925323,3873.1231656,27.911,41.958,182.896,0.2467027427653743
138.8,128.197027,37.925211,3884.4096048,18.762,42.443,183.485,0.2467027427653743
138.9,128.197006,37.9251,3895.7591376,9.612,43.278,184.142,0.2467027427653743
139.0,128.196985,37.924989,3907.1799936,0.694,44.358,184.703,0.2467027427653743
139.1,128.196963,37.924879,3918.6779640000004,-7.896,45.505,185.037,0.2467027427653743
139.2,128.196943,37.924771,3930.25884,-16.156,46.597,185.095,0.2467027427653743
139.3,128.196923,37.924663,3941.9278032,-24.118,47.577,184.872,0.2467027427653743
139.4,128.196904,37.924556,3953.6872920000005,-31.864,48.45,184.372,0.2467027427653743
139.5,128.196887,37.92445,3965.5373064,-39.528,49.217,183.6,0.2467027427653743
139.6,128.196872,37.924345,3977.4726648,-47.214,49.86,182.584,0.2467027427653743
139.7,128.196859,37.924241,3989.479956,-54.926,50.369,181.357,0.2467027427653743
139.8,128.196848,37.924137,4001.539368,-62.532,50.735,179.962,0.2467027427653743
139.9,128.19684,37.924035,4013.6286504000004,-69.67,50.939,178.523,0.2467027427653743
140.0,128.196834,37.923932,4025.726772,-75.667,51.012,177.113,0.2467027427653743
140.1,128.196828,37.923829,4037.8191024000002,-79.665,51.03,175.69,0.2467027427653743
140.2,128.196823,37.923725,4049.9016792,-81.279,51.023,174.306,0.2467027427653743
140.3,128.196818,37.923621,4061.9751120000005,-80.675,50.99,173.074,0.2467027427653743
140.4,128.196812,37.923517,4074.0403152,-78.124,50.949,172.057,0.2467027427653743
140.5,128.196807,37.923412,4086.0966792,-73.977,50.927,171.23,0.2467027427653743
140.6,128.196803,37.923306,4098.1438992,-68.594,50.955,170.549,0.2467027427653743
140.7,128.196798,37.9232,4110.1847184,-62.33,51.055,169.984,0.2467027427653743
140.8,128.196795,37.923094,4122.2295,-55.84,51.242,169.473,0.2467027427653743
140.9,128.196793,37.922989,4134.3065904000005,-50.143,51.526,168.91,0.2467027427653743
141.0,128.196793,37.922884,4146.4461648,-45.859,51.912,168.257,0.2467027427653743
141.1,128.196795,37.92278,4158.6598056,-43.003,52.392,167.562,0.2467027427653743
141.2,128.196799,37.922677,4170.9499512,-41.404,52.938,166.879,0.2467027427653743
141.3,128.196804,37.922576,4183.31904,-40.888,53.515,166.221,0.2467027427653743
141.4,128.196811,37.922475,4195.767072,-41.281,54.092,165.579,0.2467027427653743
141.5,128.19682,37.922376,4208.2940472,-42.438,54.648,164.932,0.2467027427653743
141.6,128.19683,37.922278,4220.897832000001,-44.223,55.167,164.26,0.2467027427653743
141.7,128.196842,37.922182,4233.5756832,-46.521,55.639,163.543,0.2467027427653743
141.8,128.196856,37.922086,4246.3236384,-49.244,56.057,162.766,0.2467027427653743
141.9,128.196871,37.921992,4259.1352968,-52.294,56.42,161.917,0.2467027427653743
142.0,128.196889,37.9219,4272.002124,-55.545,56.729,160.986,0.2467027427653743
142.1,128.196908,37.921808,4284.914976,-58.843,56.991,159.963,0.2467027427653743
142.2,128.196929,37.921718,4297.8631848,-61.992,57.21,158.845,0.2467027427653743
142.3,128.196951,37.921628,4310.8376064,-64.763,57.392,157.637,0.2467027427653743
142.4,128.196975,37.921539,4323.830011200001,-66.916,57.545,156.352,0.2467027427653743
142.5,128.197001,37.92145,4336.834608,-68.238,57.676,155.023,0.2467027427653743
142.6,128.197027,37.921362,4349.8489584,-68.637,57.789,153.702,0.2467027427653743
142.7,128.197055,37.921274,4362.8718432000005,-68.123,57.891,152.436,0.2467027427653743
142.8,128.197084,37.921187,4375.905396,-66.835,57.994,151.253,0.2467027427653743
142.9,128.197114,37.9211,4388.9544936,-65.086,58.109,150.149,0.2467027427653743
143.0,128.197146,37.921014,4402.025841600001,-63.293,58.247,149.093,0.2467027427653743
143.1,128.197179,37.920929,4415.1273648,-61.861,58.416,148.044,0.2467027427653743
143.2,128.197214,37.920846,4428.266073600001,-61.1,58.619,146.968,0.2467027427653743
143.3,128.197251,37.920764,4441.4447112,-61.148,58.851,145.844,0.2467027427653743
143.4,128.197289,37.920683,4454.662668,-61.955,59.105,144.662,0.2467027427653743
143.5,128.19733,37.920604,4467.9165912,-63.414,59.37,143.404,0.2467027427653743
143.6,128.197372,37.920527,4481.2019088,-65.404,59.631,142.055,0.2467027427653743
143.7,128.197415,37.920451,4494.513744000001,-67.76,59.874,140.616,0.2467027427653743
143.8,128.19746,37.920377,4507.845696,-70.286,60.089,139.088,0.2467027427653743
143.9,128.197507,37.920304,4521.192278400001,-72.792,60.268,137.483,0.2467027427653743
144.0,128.197555,37.920232,4534.548614400001,-75.124,60.406,135.817,0.2467027427653743
144.1,128.197605,37.920161,4547.9110464000005,-77.183,60.501,134.108,0.2467027427653743
144.2,128.197656,37.920092,4561.2762216,-78.918,60.558,132.377,0.2467027427653743
144.3,128.197709,37.920023,4574.6417016000005,-80.306,60.581,130.637,0.2467027427653743
144.4,128.197763,37.919956,4588.005657600001,-81.368,60.583,128.905,0.2467027427653743
144.5,128.197819,37.91989,4601.365956,-82.21,60.57,127.185,0.2467027427653743
144.6,128.197876,37.919826,4614.7213776,-83.008,60.549,125.462,0.2467027427653743
144.7,128.197935,37.919763,4628.0703984,-83.938,60.519,123.724,0.2467027427653743
144.8,128.197996,37.919702,4641.410580000001,-85.134,60.477,121.959,0.2467027427653743
144.9,128.198058,37.919643,4654.7388744,-86.642,60.419,120.162,0.2467027427653743
145.0,128.198122,37.919585,4668.051624,-88.445,60.341,118.33,0.2467027427653743
145.1,128.198188,37.91953,4681.343952,-90.486,60.236,116.473,0.2467027427653743
145.2,128.198255,37.919476,4694.611896,-92.674,60.099,114.609,0.2467027427653743
145.3,128.198324,37.919424,4707.8499696,-94.92,59.927,112.749,0.2467027427653743
145.4,128.198395,37.919374,4721.053905600001,-97.154,59.719,110.906,0.2467027427653743
145.5,128.198467,37.919326,4734.2179128,-99.33,59.474,109.089,0.2467027427653743
145.6,128.198541,37.919279,4747.3368096,-101.445,59.19,107.299,0.2467027427653743
145.7,128.198616,37.919235,4760.4051096,-103.509,58.864,105.534,0.2467027427653743
145.8,128.198693,37.919192,4773.4170216,-105.524,58.492,103.796,0.2467027427653743
145.9,128.198772,37.919151,4786.3667544,-107.472,58.077,102.098,0.2467027427653743
146.0,128.198852,37.919112,4799.2494312,-109.327,57.623,100.448,0.2467027427653743
146.1,128.198934,37.919075,4812.0595656000005,-111.061,57.134,98.854,0.2467027427653743
146.2,128.199018,37.91904,4824.7922808,-112.668,56.614,97.32,0.2467027427653743
146.3,128.199103,37.919006,4837.4417856,-114.156,56.069,95.85,0.2467027427653743
146.4,128.19919,37.918975,4850.003508,-115.535,55.501,94.442,0.2467027427653743
146.5,128.199278,37.918945,4862.4716568,-116.829,54.912,93.087,0.2467027427653743
146.6,128.199367,37.918917,4874.84166,-118.062,54.302,91.775,0.2467027427653743
146.7,128.199458,37.918891,4887.1080312,-119.258,53.669,90.493,0.2467027427653743
146.8,128.199551,37.918867,4899.266198400001,-120.427,53.01,89.23,0.2467027427653743
146.9,128.199645,37.918845,4911.3121992,-121.563,52.324,87.977,0.2467027427653743
147.0,128.19974,37.918824,4923.2432904,-122.64,51.611,86.731,0.2467027427653743
147.1,128.199836,37.918806,4935.0561192000005,-123.637,50.871,85.49,0.2467027427653743
147.2,128.199934,37.918788,4946.748552,-124.54,50.103,84.253,0.2467027427653743
147.3,128.200033,37.918773,4958.317236,-125.348,49.312,83.025,0.2467027427653743
147.4,128.200133,37.918759,4969.758818400001,-126.074,48.503,81.814,0.2467027427653743
147.5,128.200234,37.918747,4981.070556,-126.738,47.678,80.624,0.2467027427653743
147.6,128.200336,37.918737,4992.2481816,-127.372,46.839,79.454,0.2467027427653743
147.7,128.200439,37.918728,5003.2865136,-128.013,45.986,78.303,0.2467027427653743
147.8,128.200543,37.918721,5014.1803704,-128.703,45.115,77.17,0.2467027427653743
147.9,128.200649,37.918716,5024.923656000001,-129.478,44.224,76.049,0.2467027427653743
148.0,128.200755,37.918713,5035.5102744000005,-130.374,43.301,74.934,0.2467027427653743
148.1,128.200862,37.918711,5045.932910400001,-131.407,42.339,73.821,0.2467027427653743
148.2,128.20097,37.918712,5056.185468000001,-132.565,41.333,72.712,0.2467027427653743
148.3,128.201079,37.918714,5066.2612416,-133.816,40.287,71.624,0.2467027427653743
148.4,128.201189,37.918718,5076.1538304,-135.106,39.213,70.582,0.2467027427653743
148.5,128.201299,37.918724,5085.8583576,-136.371,38.117,69.6,0.2467027427653743
148.6,128.20141,37.918731,5095.3696416,-137.558,37.006,68.683,0.2467027427653743
148.7,128.201522,37.91874,5104.6828056,-138.634,35.883,67.83,0.2467027427653743
148.8,128.201635,37.918751,5113.7929728,-139.602,34.749,67.041,0.2467027427653743
148.9,128.201748,37.918764,5122.694047200001,-140.486,33.608,66.31,0.2467027427653743
149.0,128.201861,37.918778,5131.3817616,-141.315,32.458,65.634,0.2467027427653743
149.1,128.201976,37.918794,5139.850324800001,-142.132,31.3,65.007,0.2467027427653743
149.2,128.20209,37.918811,5148.09486,-142.985,30.133,64.425,0.2467027427653743
149.3,128.202206,37.918831,5156.1101856000005,-143.913,28.954,63.886,0.2467027427653743
149.4,128.202321,37.918851,5163.892644,-144.931,27.761,63.386,0.2467027427653743
149.5,128.202437,37.918873,5171.439492,-146.021,26.553,62.924,0.2467027427653743
149.6,128.202554,37.918897,5178.749510400001,-147.152,25.328,62.496,0.2467027427653743
149.7,128.202671,37.918922,5185.8223944,-148.264,24.088,62.101,0.2467027427653743
149.8,128.202788,37.918948,5192.6587536,-149.294,22.835,61.735,0.2467027427653743
149.9,128.202905,37.918976,5199.258588000001,-150.195,21.571,61.394,0.2467027427653743
150.0,128.203023,37.919005,5205.621897600001,-150.95,20.298,61.077,0.2467027427653743
150.1,128.203141,37.919034,5211.7459392,-151.575,19.021,60.781,0.2467027427653743
150.2,128.203259,37.919065,5217.627969600001,-152.118,17.741,60.504,0.2467027427653743
150.3,128.203378,37.919097,5223.2637216,-152.646,16.458,60.246,0.2467027427653743
150.4,128.203496,37.91913,5228.6483184,-153.243,15.173,60.007,0.2467027427653743
150.5,128.203615,37.919165,5233.777188000001,-153.975,13.882,59.787,0.2467027427653743
150.6,128.203734,37.9192,5238.648196800001,-154.867,12.585,59.584,0.2467027427653743
150.7,128.203853,37.919236,5243.262564000001,-155.889,11.28,59.4,0.2467027427653743
150.8,128.203972,37.919273,5247.622728,-156.973,9.966,59.231,0.2467027427653743
150.9,128.204091,37.919311,5251.732651200001,-158.032,8.644,59.08,0.2467027427653743
151.0,128.20421,37.91935,5255.5953816,-158.992,7.315,58.944,0.2467027427653743
151.1,128.204329,37.919389,5259.212138400001,-159.818,5.981,58.823,0.2467027427653743
151.2,128.204448,37.919429,5262.5820072,-160.521,4.645,58.718,0.2467027427653743
151.3,128.204567,37.91947,5265.7016352,-161.151,3.309,58.628,0.2467027427653743
151.4,128.204686,37.919511,5268.565536,-161.788,1.972,58.555,0.2467027427653743
151.5,128.204805,37.919553,5271.169442400001,-162.517,0.635,58.5,0.2467027427653743
151.6,128.204924,37.919596,5273.509696800001,-163.39,-0.704,58.463,0.2467027427653743
151.7,128.205043,37.919639,5275.58508,-164.422,-2.047,58.446,0.2467027427653743
151.8,128.205161,37.919682,5277.397116,-165.593,-3.397,58.449,0.2467027427653743
151.9,128.20528,37.919726,5278.948547999999,-166.847,-4.752,58.473,0.2467027427653743
152.0,128.205398,37.919771,5280.2445576,-168.102,-6.112,58.516,0.2467027427653743
152.1,128.205516,37.919815,5281.2906312000005,-169.268,-7.476,58.575,0.2467027427653743
152.2,128.205634,37.91986,5282.0916456,-170.273,-8.84,58.645,0.2467027427653743
152.3,128.205752,37.919906,5282.6497344,-171.076,-10.201,58.722,0.2467027427653743
152.4,128.20587,37.919951,5282.962764000001,-171.717,-11.556,58.806,0.2467027427653743
152.5,128.205988,37.919997,5283.023724000001,-172.296,-12.904,58.902,0.2467027427653743
152.6,128.206105,37.920043,5282.8259088,-172.933,-14.245,59.014,0.2467027427653743
152.7,128.206222,37.920089,5282.3632224,-173.719,-15.58,59.145,0.2467027427653743
152.8,128.206339,37.920135,5281.6335312,-174.708,-16.913,59.297,0.2467027427653743
152.9,128.206456,37.920181,5280.6365304,-175.905,-18.244,59.473,0.2467027427653743
153.0,128.206572,37.920228,5279.3746584,-177.274,-19.577,59.675,0.2467027427653743
153.1,128.206688,37.920274,5277.851268,-178.759,-20.911,59.905,0.2467027427653743
153.2,128.206803,37.92032,5276.071540800001,179.713,-22.247,60.163,0.2467027427653743
153.3,128.206918,37.920366,5274.0394392,178.222,-23.581,60.45,0.2467027427653743
153.4,128.207033,37.920413,5271.7595352,176.83,-24.913,60.766,0.2467027427653743
153.5,128.207148,37.920458,5269.2333528,175.568,-26.239,61.109,0.2467027427653743
153.6,128.207262,37.920504,5266.460892000001,174.429,-27.557,61.48,0.2467027427653743
153.7,128.207376,37.92055,5263.4394096000005,173.369,-28.864,61.879,0.2467027427653743
153.8,128.20749,37.920595,5260.1658576,172.316,-30.159,62.31,0.2467027427653743
153.9,128.207603,37.920639,5256.636578400001,171.194,-31.44,62.774,0.2467027427653743
154.0,128.207715,37.920684,5252.849133600001,169.938,-32.709,63.275,0.2467027427653743
154.1,128.207828,37.920728,5248.8019992,168.503,-33.964,63.817,0.2467027427653743
154.2,128.207939,37.920771,5244.49548,166.87,-35.206,64.405,0.2467027427653743
154.3,128.208051,37.920814,5239.931100000001,165.043,-36.435,65.043,0.2467027427653743
154.4,128.208161,37.920857,5235.1109928000005,163.047,-37.65,65.736,0.2467027427653743
154.5,128.208271,37.920898,5230.037596800001,160.919,-38.847,66.489,0.2467027427653743
154.6,128.208381,37.92094,5224.714264800001,158.689,-40.025,67.307,0.2467027427653743
154.7,128.20849,37.92098,5219.1428256,156.391,-41.179,68.197,0.2467027427653743
154.8,128.208599,37.92102,5213.3263272,154.053,-42.306,69.16,0.2467027427653743
154.9,128.208707,37.921058,5207.267208,151.694,-43.401,70.2,0.2467027427653743
155.0,128.208815,37.921096,5200.9672968,149.322,-44.462,71.319,0.2467027427653743
155.1,128.208922,37.921133,5194.4281176,146.934,-45.484,72.515,0.2467027427653743
155.2,128.209028,37.921169,5187.65028,144.506,-46.464,73.791,0.2467027427653743
155.3,128.209135,37.921204,5180.6346984,142.005,-47.398,75.146,0.2467027427653743
155.4,128.20924,37.921238,5173.3816776,139.387,-48.284,76.581,0.2467027427653743
155.5,128.209345,37.921271,5165.892436800001,136.61,-49.117,78.098,0.2467027427653743
155.6,128.20945,37.921302,5158.1691096,133.634,-49.895,79.698,0.2467027427653743
155.7,128.209554,37.921332,5150.2141344,130.432,-50.611,81.383,0.2467027427653743
155.8,128.209658,37.921361,5142.0314736,126.996,-51.262,83.153,0.2467027427653743
155.9,128.209761,37.921388,5133.6256992,123.329,-51.84,85.008,0.2467027427653743
156.0,128.209864,37.921413,5125.001688,119.46,-52.34,86.943,0.2467027427653743
156.1,128.209966,37.921437,5116.1661456,115.436,-52.755,88.952,0.2467027427653743
156.2,128.210067,37.92146,5107.1242536,111.311,-53.079,91.023,0.2467027427653743
156.3,128.210169,37.92148,5097.8814984,107.105,-53.304,93.142,0.2467027427653743
156.4,128.21027,37.921499,5088.4421472,102.782,-53.424,95.291,0.2467027427653743
156.5,128.210371,37.921515,5078.8104672,98.31,-53.431,97.451,0.2467027427653743
156.6,128.210471,37.92153,5068.9937736,93.849,-53.331,99.602,0.2467027427653743
156.7,128.210572,37.921543,5058.9999912,89.687,-53.135,101.725,0.2467027427653743
156.8,128.210672,37.921554,5048.8349112000005,85.846,-52.846,103.799,0.2467027427653743
156.9,128.210773,37.921563,5038.5052392,82.35,-52.476,105.804,0.2467027427653743
157.0,128.210874,37.921569,5028.0170712,79.169,-52.034,107.728,0.2467027427653743
157.1,128.210975,37.921574,5017.3774176,76.229,-51.531,109.565,0.2467027427653743
157.2,128.211076,37.921577,5006.5948128,73.414,-50.979,111.304,0.2467027427653743
157.3,128.211177,37.921577,4995.6784008,70.614,-50.39,112.915,0.2467027427653743
157.4,128.211279,37.921574,4984.6376304000005,67.73,-49.781,114.351,0.2467027427653743
157.5,128.21138,37.921569,4973.4834744,64.691,-49.162,115.599,0.2467027427653743
157.6,128.211482,37.921562,4962.2272104,61.436,-48.539,116.664,0.2467027427653743
157.7,128.211585,37.921552,4950.880116,57.944,-47.906,117.572,0.2467027427653743
157.8,128.211687,37.92154,4939.4543832,54.227,-47.253,118.354,0.2467027427653743
157.9,128.211791,37.921525,4927.9618992,50.325,-46.567,119.035,0.2467027427653743
158.0,128.211895,37.921507,4916.4136368,46.307,-45.837,119.633,0.2467027427653743
158.1,128.212,37.921487,4904.820568800001,42.262,-45.052,120.159,0.2467027427653743
158.2,128.212105,37.921465,4893.193668,38.275,-44.205,120.618,0.2467027427653743
158.3,128.212212,37.921441,4881.5432976,34.418,-43.295,121.008,0.2467027427653743
158.4,128.21232,37.921414,4869.879820800001,30.749,-42.323,121.329,0.2467027427653743
158.5,128.212429,37.921386,4858.2145152,27.308,-41.295,121.575,0.2467027427653743
158.6,128.212539,37.921355,4846.5571344,24.128,-40.224,121.746,0.2467027427653743
158.7,128.212651,37.921322,4834.918346400001,21.233,-39.128,121.841,0.2467027427653743
158.8,128.212764,37.921288,4823.3079048,18.629,-38.026,121.859,0.2467027427653743
158.9,128.212879,37.921252,4811.7355632,16.308,-36.934,121.809,0.2467027427653743
159.0,128.212995,37.921214,4800.2107704,14.246,-35.862,121.699,0.2467027427653743
159.1,128.213113,37.921174,4788.7435848000005,12.405,-34.817,121.54,0.2467027427653743
159.2,128.213233,37.921133,4777.3443696,10.722,-33.8,121.342,0.2467027427653743
159.3,128.213355,37.92109,4766.0244024,9.128,-32.811,121.113,0.2467027427653743
159.4,128.213479,37.921045,4754.7980088,7.553,-31.845,120.857,0.2467027427653743
159.5,128.213604,37.920999,4743.6786,5.925,-30.901,120.577,0.2467027427653743
159.6,128.213732,37.920952,4732.6808064,4.182,-29.982,120.272,0.2467027427653743
159.7,128.213862,37.920903,4721.81682,2.28,-29.096,119.938,0.2467027427653743
159.8,128.213994,37.920853,4711.098528,0.189,-28.248,119.572,0.2467027427653743
159.9,128.214128,37.920802,4700.5375128,-2.118,-27.439,119.17,0.2467027427653743
160.0,128.214265,37.92075,4690.1447472,-4.671,-26.662,118.725,0.2467027427653743
160.1,128.214404,37.920697,4679.9284608,-7.474,-25.904,118.232,0.2467027427653743
160.2,128.214546,37.920643,4669.8950544,-10.497,-25.16,117.685,0.2467027427653743
160.3,128.21469,37.920588,4660.0469664,-13.667,-24.419,117.08,0.2467027427653743
160.4,128.214836,37.920533,4650.3832824,-16.865,-23.676,116.411,0.2467027427653743
160.5,128.214985,37.920479,4640.8972968,-19.944,-22.933,115.681,0.2467027427653743
160.6,128.215137,37.920424,4631.569502400001,-22.716,-22.204,114.898,0.2467027427653743
160.7,128.21529,37.920369,4622.3794776,-25.009,-21.505,114.078,0.2467027427653743
160.8,128.215446,37.920314,4613.3113728,-26.72,-20.85,113.243,0.2467027427653743
160.9,128.215605,37.92026,4604.3584824,-27.853,-20.246,112.408,0.2467027427653743
161.0,128.215765,37.920206,4595.522635200001,-28.511,-19.689,111.587,0.2467027427653743
161.1,128.215927,37.920153,4586.8090128,-28.825,-19.161,110.785,0.2467027427653743
161.2,128.216092,37.9201,4578.2279784,-28.958,-18.642,109.999,0.2467027427653743
161.3,128.216259,37.920048,4569.7941624000005,-29.108,-18.115,109.224,0.2467027427653743
161.4,128.216428,37.919997,4561.5212808,-29.45,-17.57,108.454,0.2467027427653743
161.5,128.2166,37.919946,4553.4200016,-30.098,-17.011,107.686,0.2467027427653743
161.6,128.216774,37.919897,4545.4997736000005,-31.128,-16.446,106.914,0.2467027427653743
161.7,128.21695,37.919848,4537.7685216,-32.596,-15.883,106.131,0.2467027427653743
161.8,128.217129,37.919801,4530.2335608,-34.554,-15.337,105.329,0.2467027427653743
161.9,128.217309,37.919755,4522.9015968,-37.064,-14.83,104.504,0.2467027427653743
162.0,128.217492,37.919711,4515.7738488,-40.145,-14.379,103.654,0.2467027427653743
162.1,128.217678,37.919669,4508.8430016,-43.783,-13.999,102.776,0.2467027427653743
162.2,128.217865,37.919629,4502.09412,-47.9,-13.698,101.867,0.2467027427653743
162.3,128.218054,37.919591,4495.504344000001,-52.394,-13.483,100.927,0.2467027427653743
162.4,128.218245,37.919555,4489.048680000001,-57.187,-13.358,99.956,0.2467027427653743
162.5,128.218438,37.919522,4482.6987816,-62.205,-13.33,98.961,0.2467027427653743
162.6,128.218632,37.919491,4476.4156344,-67.244,-13.399,97.961,0.2467027427653743
162.7,128.218828,37.919463,4470.154128,-71.832,-13.553,96.985,0.2467027427653743
162.8,128.219025,37.919436,4463.8712856,-75.334,-13.774,96.069,0.2467027427653743
162.9,128.219222,37.91941,4457.5329696,-77.233,-14.037,95.235,0.2467027427653743
163.0,128.219421,37.919385,4451.1309504,-77.633,-14.323,94.445,0.2467027427653743
163.1,128.219621,37.919362,4444.6804680000005,-77.517,-14.629,93.631,0.2467027427653743
163.2,128.219821,37.919341,4438.20042,-77.779,-14.942,92.768,0.2467027427653743
163.3,128.220023,37.919322,4431.6825768,-78.224,-15.237,91.906,0.2467027427653743
163.4,128.220225,37.919305,4425.1150512,-78.459,-15.51,91.078,0.2467027427653743
163.5,128.220428,37.91929,4418.50272,-78.843,-15.784,90.27,0.2467027427653743
163.6,128.220632,37.919278,4411.8611280000005,-80.135,-16.079,89.453,0.2467027427653743
163.7,128.220836,37.919269,4405.1853984,-82.404,-16.393,88.642,0.2467027427653743
163.8,128.221041,37.919263,4398.457548,-85.209,-16.721,87.854,0.2467027427653743
163.9,128.221247,37.919259,4391.663556,-88.348,-17.079,87.087,0.2467027427653743
164.0,128.221452,37.919257,4384.79184,-92.006,-17.484,86.329,0.2467027427653743
164.1,128.221658,37.919259,4377.8265504,-96.211,-17.939,85.587,0.2467027427653743
164.2,128.221864,37.919262,4370.7500088,-100.629,-18.431,84.89,0.2467027427653743
164.3,128.22207,37.919268,4363.5478896,-104.928,-18.949,84.267,0.2467027427653743
164.4,128.222276,37.919276,4356.2080008,-109.111,-19.498,83.714,0.2467027427653743
164.5,128.222482,37.919285,4348.7233320000005,-112.992,-20.071,83.193,0.2467027427653743
164.6,128.222687,37.919296,4341.0984552,-116.093,-20.669,82.652,0.2467027427653743
164.7,128.222893,37.919308,4333.3266648,-118.487,-21.327,82.053,0.2467027427653743
164.8,128.223099,37.919321,4325.3948544,-120.578,-22.06,81.385,0.2467027427653743
164.9,128.223304,37.919335,4317.304548,-122.185,-22.834,80.67,0.2467027427653743
165.0,128.223509,37.91935,4309.055136,-123.177,-23.629,79.937,0.2467027427653743
165.1,128.223714,37.919367,4300.6292448,-123.943,-24.437,79.222,0.2467027427653743
165.2,128.223918,37.919385,4292.0079768000005,-124.902,-25.244,78.552,0.2467027427653743
165.3,128.224121,37.919405,4283.1800544,-126.236,-26.044,77.926,0.2467027427653743
165.4,128.224323,37.919427,4274.1406008,-127.924,-26.846,77.323,0.2467027427653743
165.5,128.224524,37.91945,4264.888092,-129.825,-27.67,76.716,0.2467027427653743
165.6,128.224725,37.919475,4255.4185656,-131.841,-28.532,76.092,0.2467027427653743
165.7,128.224924,37.919501,4245.7271448,-133.93,-29.436,75.46,0.2467027427653743
165.8,128.225121,37.919528,4235.8123056,-135.978,-30.368,74.834,0.2467027427653743
165.9,128.225318,37.919557,4225.6737432,-137.865,-31.319,74.228,0.2467027427653743
166.0,128.225514,37.919587,4215.3071904,-139.534,-32.295,73.633,0.2467027427653743
166.1,128.225708,37.919618,4204.7059416,-141.033,-33.299,73.049,0.2467027427653743
166.2,128.225901,37.91965,4193.8617672,-142.416,-34.323,72.48,0.2467027427653743
166.3,128.226092,37.919683,4182.7667424,-143.772,-35.358,71.933,0.2467027427653743
166.4,128.226282,37.919717,4171.4162952,-145.08,-36.411,71.396,0.2467027427653743
166.5,128.22647,37.919752,4159.8040248,-146.385,-37.485,70.867,0.2467027427653743
166.6,128.226656,37.919789,4147.9223112,-147.709,-38.581,70.347,0.2467027427653743
166.7,128.22684,37.919826,4135.7693256,-149.053,-39.696,69.837,0.2467027427653743
166.8,128.227023,37.919864,4123.3462872,-150.248,-40.83,69.328,0.2467027427653743
166.9,128.227203,37.919902,4110.6464904,-151.343,-41.979,68.831,0.2467027427653743
167.0,128.227381,37.919942,4097.6681064,-152.334,-43.139,68.343,0.2467027427653743
167.1,128.227558,37.919982,4084.406868,-153.208,-44.312,67.86,0.2467027427653743
167.2,128.227731,37.920023,4070.853936,-154.129,-45.501,67.388,0.2467027427653743
167.3,128.227902,37.920064,4057.0077864,-155.07,-46.714,66.911,0.2467027427653743
167.4,128.228071,37.920106,4042.8696384,-155.953,-47.959,66.422,0.2467027427653743
167.5,128.228237,37.920148,4028.4401016,-156.68,-49.24,65.912,0.2467027427653743
167.6,128.228401,37.920191,4013.7173472,-157.233,-50.552,65.385,0.2467027427653743
167.7,128.228561,37.920234,3998.6943648,-157.725,-51.881,64.852,0.2467027427653743
167.8,128.228719,37.920277,3983.3671920000006,-158.25,-53.225,64.312,0.2467027427653743
167.9,128.228873,37.920321,3967.7373528000003,-158.718,-54.587,63.75,0.2467027427653743
168.0,128.229024,37.920364,3951.805152,-159.107,-55.975,63.161,0.2467027427653743
168.1,128.229172,37.920408,3935.5711992,-159.381,-57.385,62.541,0.2467027427653743
168.2,128.229316,37.920451,3919.0327512,-159.59,-58.814,61.892,0.2467027427653743
168.3,128.229456,37.920495,3902.1913320000003,-159.771,-60.259,61.207,0.2467027427653743
168.4,128.229593,37.920538,3885.0502944,-159.798,-61.719,60.468,0.2467027427653743
168.5,128.229725,37.920581,3867.6062856,-159.836,-63.191,59.693,0.2467027427653743
168.6,128.229853,37.920624,3849.8626584,-159.914,-64.677,58.862,0.2467027427653743
168.7,128.229977,37.920666,3831.8285568,-159.793,-66.181,57.938,0.2467027427653743
168.8,128.230097,37.920708,3813.508248,-159.404,-67.7,56.912,0.2467027427653743
168.9,128.230212,37.920749,3794.9041704,-158.828,-69.225,55.775,0.2467027427653743
169.0,128.230323,37.92079,3776.0202864000003,-158.108,-70.753,54.49,0.2467027427653743
169.1,128.230428,37.92083,3756.8639112,-157.206,-72.29,53.002,0.2467027427653743
169.2,128.230529,37.920869,3737.4438840000003,-155.965,-73.833,51.232,0.2467027427653743
169.3,128.230625,37.920907,3717.7705680000004,-154.204,-75.371,49.09,0.2467027427653743
169.4,128.230715,37.920945,3697.8515832,-151.842,-76.885,46.477,0.2467027427653743
169.5,128.230801,37.920981,3677.696988,-148.784,-78.35,43.246,0.2467027427653743
169.6,128.230881,37.921016,3657.3168408,-144.807,-79.751,39.16,0.2467027427653743
169.7,128.230955,37.921051,3636.7236384000003,-139.479,-81.067,33.836,0.2467027427653743
169.8,128.231024,37.921084,3615.9292680000003,-132.291,-82.252,26.847,0.2467027427653743
169.9,128.231088,37.921116,3594.9456168000006,-122.922,-83.238,17.851,0.2467027427653743
170.0,128.231146,37.921147,3573.7833528,-111.017,-83.977,6.415,0.2467027427653743
170.1,128.231198,37.921177,3552.4531440000005,-96.663,-84.413,352.295,0.2467027427653743
170.2,128.231244,37.921205,3530.9653536,-81.218,-84.469,336.545,0.2467027427653743
170.3,128.231283,37.921232,3509.3321736000003,-67.102,-84.133,321.408,0.2467027427653743
170.4,128.231315,37.921258,3487.5676248,-56.104,-83.516,308.212,0.2467027427653743
170.5,128.231339,37.921282,3465.6893856,-48.7,-82.768,296.649,0.2467027427653743
170.6,128.231355,37.921303,3443.7072096,-43.219,-81.939,285.975,0.2467027427653743
170.7,128.231365,37.921322,3421.6174392000003,-37.362,-80.996,276.135,0.2467027427653743
170.8,128.23137,37.92134,3399.4069680000002,-29.979,-79.896,267.728,0.2467027427653743
170.9,128.231371,37.921355,3377.068176,-21.741,-78.676,260.921,0.2467027427653743
171.0,128.231369,37.921368,3354.6010632,-13.236,-77.356,255.956,0.2467027427653743
171.1,128.231362,37.921381,3332.0038008000006,-5.129,-75.956,253.022,0.2467027427653743
171.2,128.231352,37.921391,3309.292848,1.136,-74.533,251.863,0.2467027427653743
171.3,128.231336,37.9214,3286.5120960000004,3.571,-73.126,251.641,0.2467027427653743
171.4,128.231312,37.921406,3263.7173232000005,1.332,-71.718,251.573,0.2467027427653743
171.5,128.23128,37.92141,3240.9554688000003,-4.056,-70.298,251.48,0.2467027427653743
171.6,128.23124,37.921412,3218.2326288,-10.578,-68.847,251.158,0.2467027427653743
