Time,Longitude,Latitude,Altitude,Roll (deg),Pitch (deg),Yaw (deg),Health
0.0,128.1812,37.92073,4574.6270712000005,7.518,4.081,98.061,1.0
0.1,128.181427,37.920705,4575.8273736,9.803,5.129,98.365,1.0
0.2,128.181654,37.92068,4576.88442,13.726,6.942,98.876,1.0
0.3,128.181882,37.920655,4577.8542936,19.021,8.914,99.564,1.0
0.4,128.182111,37.92063,4578.7897248,25.359,10.652,100.392,1.0
0.5,128.182341,37.920604,4579.7471016,31.838,12.094,101.333,1.0
0.6,128.182571,37.920577,4580.8419432,36.5,13.471,102.426,1.0
0.7,128.182801,37.920548,4582.186111200001,38.316,14.831,103.667,1.0
0.8,128.183029,37.920516,4583.8375176,37.649,16.106,104.951,1.0
0.9,128.183257,37.920483,4585.7742168,35.462,17.315,106.203,1.0
1.0,128.183483,37.920447,4587.9751776,32.699,18.49,107.358,1.0
1.1,128.183709,37.92041,4590.4400952000005,29.955,19.649,108.377,1.0
1.2,128.183934,37.920371,4593.178418400001,27.564,20.802,109.251,1.0
1.3,128.184158,37.92033,4596.2099592,25.634,21.951,109.994,1.0
1.4,128.18438,37.920288,4599.5627592,24.038,23.103,110.615,1.0
1.5,128.1846,37.920244,4603.2691272,22.522,24.273,111.105,1.0
1.6,128.184819,37.920199,4607.358019200001,20.798,25.471,111.476,1.0
1.7,128.185035,37.920152,4611.8553432,18.575,26.694,111.76,1.0
1.8,128.18525,37.920105,4616.784264,15.681,27.948,111.965,1.0
1.9,128.185461,37.920056,4622.1456960000005,12.23,29.235,112.098,1.0
2.0,128.18567,37.920007,4627.9115976,8.756,30.553,112.156,1.0
2.1,128.185878,37.919958,4634.0402112,5.878,31.894,112.133,1.0
2.2,128.186083,37.919909,4640.543119200001,3.528,33.242,111.982,1.0
2.3,128.186285,37.919859,4647.447144000001,1.311,34.591,111.677,1.0
2.4,128.186485,37.919811,4654.766611200001,-1.091,35.939,111.227,1.0
2.5,128.186682,37.919763,4662.4993872000005,-3.821,37.287,110.648,1.0
2.6,128.186876,37.919716,4670.6323656,-6.848,38.632,109.948,1.0
2.7,128.187068,37.91967,4679.152135200001,-10.122,39.965,109.121,1.0
2.8,128.187257,37.919625,4688.0440656,-13.589,41.276,108.155,1.0
2.9,128.187443,37.919582,4697.287125600001,-17.134,42.554,107.04,1.0
3.0,128.187627,37.91954,4706.8502256,-20.513,43.788,105.783,1.0
3.1,128.187808,37.919501,4716.7117248,-23.598,44.968,104.391,1.0
3.2,128.187988,37.919463,4726.8600408,-26.444,46.086,102.876,1.0
3.3,128.188164,37.919428,4737.2784096000005,-29.06,47.142,101.258,1.0
3.4,128.188339,37.919395,4747.9500672,-31.425,48.138,99.557,1.0
3.5,128.188511,37.919364,4758.860078400001,-33.54,49.077,97.794,1.0
3.6,128.188681,37.919335,4769.9947272,-35.416,49.966,95.992,1.0
3.7,128.188849,37.919309,4781.3436504,-37.093,50.81,94.167,1.0
3.8,128.189014,37.919285,4792.9010568,-38.687,51.616,92.329,1.0
3.9,128.189177,37.919263,4804.6672512,-40.427,52.384,90.472,1.0
4.0,128.189338,37.919245,4816.6471104,-42.677,53.112,88.571,1.0
4.1,128.189495,37.919229,4828.838196000001,-45.667,53.797,86.595,1.0
4.2,128.18965,37.919216,4841.2225248,-49.327,54.43,84.513,1.0
4.3,128.189801,37.919206,4853.7793704000005,-53.508,54.994,82.304,1.0
4.4,128.18995,37.919199,4866.4806912,-57.75,55.482,79.978,1.0
4.5,128.190098,37.919195,4879.287168,-61.252,55.91,77.587,1.0
4.6,128.190243,37.919193,4892.173807200001,-63.549,56.29,75.186,1.0
4.7,128.190387,37.919193,4905.1290264,-64.545,56.632,72.832,1.0
4.8,128.190529,37.919195,4918.152216,-64.44,56.951,70.567,1.0
4.9,128.19067,37.919199,4931.2476432,-63.609,57.277,68.421,1.0
5.0,128.190808,37.919205,4944.4210992,-62.494,57.633,66.404,1.0
5.1,128.190944,37.919214,4957.6798992,-61.536,58.031,64.498,1.0
5.2,128.191078,37.919225,4971.0264816,-60.995,58.479,62.669,1.0
5.3,128.191209,37.919238,4984.456884,-60.881,58.971,60.882,1.0
5.4,128.191338,37.919253,4997.965924800001,-61.104,59.496,59.115,1.0
5.5,128.191464,37.91927,5011.5478128,-61.548,60.04,57.356,1.0
5.6,128.191588,37.919289,5025.1973664,-62.1,60.588,55.599,1.0
5.7,128.19171,37.919309,5038.9090992,-62.667,61.133,53.843,1.0
5.8,128.191829,37.919331,5052.6790488,-63.183,61.67,52.09,1.0
5.9,128.191946,37.919354,5066.5038624,-63.618,62.196,50.342,1.0
6.0,128.192061,37.919379,5080.380796800001,-63.973,62.713,48.6,1.0
6.1,128.192173,37.919405,5094.3077184,-64.274,63.222,46.862,1.0
6.2,128.192283,37.919432,5108.2824936,-64.558,63.726,45.127,1.0
6.3,128.192391,37.91946,5122.304208,-64.867,64.227,43.389,1.0
6.4,128.192496,37.91949,5136.3704232,-65.236,64.726,41.641,1.0
6.5,128.192598,37.919521,5150.479920000001,-65.69,65.223,39.877,1.0
6.6,128.192698,37.919553,5164.630564800001,-66.24,65.717,38.09,1.0
6.7,128.192795,37.919585,5178.820528800001,-66.899,66.205,36.273,1.0
6.8,128.19289,37.919619,5193.048897600001,-67.704,66.686,34.419,1.0
6.9,128.192982,37.919654,5207.3162808,-68.77,67.153,32.514,1.0
7.0,128.19307,37.91969,5221.6251168,-70.274,67.602,30.536,1.0
7.1,128.193155,37.919727,5235.973272,-72.274,68.026,28.455,1.0
7.2,128.193237,37.919764,5250.356174400001,-74.673,68.416,26.246,1.0
7.3,128.193316,37.919803,5264.768947200001,-77.349,68.759,23.899,1.0
7.4,128.193392,37.919842,5279.206104,-80.221,69.044,21.421,1.0
7.5,128.193464,37.919882,5293.663377600001,-83.231,69.261,18.824,1.0
7.6,128.193533,37.919923,5308.1349768,-86.282,69.406,16.124,1.0
7.7,128.193599,37.919965,5322.6145008,-89.277,69.478,13.349,1.0
7.8,128.193661,37.920008,5337.0970728,-92.146,69.477,10.528,1.0
7.9,128.19372,37.920052,5351.5765968000005,-94.808,69.411,7.692,1.0
8.0,128.193777,37.920096,5366.0485008000005,-97.177,69.289,4.87,1.0
8.1,128.19383,37.920141,5380.507908,-99.195,69.122,2.087,1.0
8.2,128.19388,37.920187,5394.951465600001,-100.836,68.923,359.362,1.0
8.3,128.193928,37.920234,5409.375516,-102.11,68.707,356.708,1.0
8.4,128.193973,37.920281,5423.777316,-103.061,68.485,354.128,1.0
8.5,128.194015,37.920328,5438.155036800001,-103.742,68.268,351.62,1.0
8.6,128.194054,37.920376,5452.50624,-104.204,68.064,349.175,1.0
8.7,128.194091,37.920425,5466.829706400001,-104.477,67.881,346.787,1.0
8.8,128.194126,37.920474,5481.1248264,-104.583,67.724,344.449,1.0
8.9,128.194158,37.920523,5495.3903808000005,-104.541,67.595,342.157,1.0
9.0,128.194188,37.920572,5509.625760000001,-104.368,67.499,339.908,1.0
9.1,128.194216,37.920622,5523.830964000001,-104.082,67.437,337.698,1.0
9.2,128.194242,37.920671,5538.0053832,-103.693,67.411,335.524,1.0
9.3,128.194266,37.920721,5552.1487128,-103.21,67.423,333.379,1.0
9.4,128.194288,37.920771,5566.2612576,-102.643,67.471,331.255,1.0
9.5,128.194308,37.92082,5580.3430176,-102.512,67.539,329.153,1.0
9.6,128.194325,37.920869,5594.393992800001,-104.0,67.585,327.083,1.0
9.7,128.194339,37.920918,5608.409916,-106.971,67.6,325.025,1.0
9.8,128.194349,37.920967,5622.384996000001,-111.071,67.557,322.948,1.0
9.9,128.194357,37.921014,5636.3137464,-115.421,67.442,320.847,1.0
10.0,128.194361,37.921062,5650.1952528,-118.728,67.263,318.724,1.0
10.1,128.194363,37.921109,5664.0319536,-120.877,66.998,316.59,1.0
10.2,128.194363,37.921156,5677.823544,-121.863,66.668,314.504,1.0
10.3,128.194362,37.921203,5691.5675856,-121.79,66.304,312.498,1.0
10.4,128.194358,37.92125,5705.2622496,-120.845,65.939,310.568,1.0
10.5,128.194351,37.921297,5718.9063168,-119.53,65.589,308.704,1.0
10.6,128.194343,37.921343,5732.49552,-118.879,65.252,306.907,1.0
10.7,128.194332,37.921388,5746.024068000001,-119.417,64.919,305.15,1.0
10.8,128.194317,37.921432,5759.485864800001,-121.1,64.58,303.4,1.0
10.9,128.1943,37.921476,5772.876948,-123.772,64.209,301.649,1.0
11.0,128.19428,37.921518,5786.193964800001,-127.196,63.78,299.919,1.0
11.1,128.194257,37.92156,5799.4332576,-130.971,63.278,298.24,1.0
11.2,128.194231,37.921602,5812.5948264,-134.335,62.705,296.625,1.0
11.3,128.194203,37.921643,5825.6823288000005,-136.374,62.079,295.065,1.0
11.4,128.194173,37.921683,5838.7024704000005,-137.057,61.424,293.607,1.0
11.5,128.194141,37.921723,5851.654946400001,-136.499,60.777,292.271,1.0
11.6,128.194108,37.921763,5864.537928000001,-134.955,60.135,290.976,1.0
11.7,128.194073,37.921802,5877.3483672,-133.062,59.515,289.718,1.0
11.8,128.194035,37.92184,5890.0777296,-131.989,58.911,288.517,1.0
11.9,128.193995,37.921878,5902.7147376,-131.837,58.331,287.338,1.0
12.0,128.193953,37.921915,5915.250552,-132.574,57.762,286.164,1.0
12.1,128.193908,37.92195,5927.681515200001,-134.104,57.181,284.992,1.0
12.2,128.19386,37.921985,5940.0054936,-136.267,56.569,283.832,1.0
12.3,128.19381,37.922019,5952.222182400001,-138.791,55.91,282.702,1.0
12.4,128.193758,37.922051,5964.3315816,-141.349,55.199,281.622,1.0
12.5,128.193703,37.922083,5976.334605600001,-143.627,54.436,280.604,1.0
12.6,128.193647,37.922115,5988.2346072,-145.185,53.632,279.644,1.0
12.7,128.193588,37.922145,6000.0404256,-145.561,52.807,278.72,1.0
12.8,128.193528,37.922176,6011.755718400001,-144.841,51.98,277.833,1.0
12.9,128.193467,37.922205,6023.373170400001,-143.4,51.168,276.983,1.0
13.0,128.193403,37.922234,6034.879065600001,-141.878,50.379,276.171,1.0
13.1,128.193337,37.922262,6046.2587736000005,-140.863,49.61,275.389,1.0
13.2,128.193269,37.922289,6057.503455200001,-140.486,48.855,274.613,1.0
13.3,128.193199,37.922315,6068.613110400001,-140.72,48.104,273.83,1.0
13.4,128.193127,37.922339,6079.5871296,-141.476,47.344,273.039,1.0
13.5,128.193052,37.922363,6090.4261224,-142.606,46.568,272.247,1.0
13.6,128.192976,37.922386,6101.1306984,-143.944,45.767,271.465,1.0
13.7,128.192898,37.922407,6111.6996384,-145.346,44.938,270.705,1.0
13.8,128.192818,37.922428,6122.1329424000005,-146.694,44.079,269.979,1.0
13.9,128.192736,37.922448,6132.430305600001,-147.842,43.192,269.289,1.0
14.0,128.192653,37.922467,6142.5944712,-148.644,42.282,268.635,1.0
14.1,128.192567,37.922486,6152.624220000001,-149.048,41.357,268.013,1.0
14.2,128.192481,37.922503,6162.517418400001,-149.077,40.424,267.421,1.0
14.3,128.192392,37.92252,6172.2704088,-148.799,39.489,266.851,1.0
14.4,128.192302,37.922536,6181.878619200001,-148.316,38.558,266.296,1.0
14.5,128.19221,37.92255,6191.338087200001,-147.732,37.635,265.75,1.0
14.6,128.192116,37.922564,6200.6460696,-147.127,36.72,265.205,1.0
14.7,128.192021,37.922578,6209.7995184,-146.566,35.816,264.656,1.0
14.8,128.191924,37.92259,6218.7953856,-146.112,34.919,264.1,1.0
14.9,128.191826,37.922601,6227.631842400001,-145.808,34.029,263.535,1.0
15.0,128.191726,37.922611,6236.3067552,-145.66,33.142,262.963,1.0
15.1,128.191625,37.92262,6244.820428800001,-145.641,32.255,262.384,1.0
15.2,128.191522,37.922628,6253.1719488,-145.71,31.367,261.8,1.0
15.3,128.191418,37.922635,6261.3619248,-145.814,30.476,261.214,1.0
15.4,128.191312,37.922641,6269.3903568000005,-145.897,29.581,260.627,1.0
15.5,128.191205,37.922646,6277.257854400001,-145.904,28.684,260.041,1.0
15.6,128.191097,37.92265,6284.9650272,-145.788,27.785,259.456,1.0
15.7,128.190987,37.922654,6292.511570400001,-145.518,26.888,258.871,1.0
15.8,128.190877,37.922656,6299.8968744,-145.086,25.996,258.287,1.0
15.9,128.190765,37.922657,6307.1178912000005,-144.533,25.11,257.702,1.0
16.0,128.190651,37.922658,6314.1700488,-143.944,24.236,257.122,1.0
16.1,128.190537,37.922657,6321.0499944,-143.384,23.386,256.556,1.0
16.2,128.190422,37.922655,6327.757423200001,-142.871,22.563,256.002,1.0
16.3,128.190305,37.922652,6334.2923352,-142.399,21.756,255.453,1.0
16.4,128.190187,37.922648,6340.6556448,-141.951,20.962,254.903,1.0
16.5,128.190068,37.922643,6346.8482664,-141.5,20.176,254.35,1.0
16.6,128.189949,37.922637,6352.8708096,-141.022,19.398,253.793,1.0
16.7,128.189828,37.92263,6358.7244936,-140.492,18.627,253.23,1.0
16.8,128.189706,37.922622,6364.409928000001,-139.893,17.864,252.661,1.0
16.9,128.189584,37.922612,6369.926808,-139.22,17.109,252.085,1.0
17.0,128.18946,37.922602,6375.275438400001,-138.474,16.36,251.5,1.0
17.1,128.189336,37.92259,6380.4558192,-137.665,15.617,250.906,1.0
17.2,128.189211,37.922578,6385.467036,-136.805,14.88,250.3,1.0
17.3,128.189085,37.922564,6390.3093936,-135.91,14.149,249.68,1.0
17.4,128.188959,37.922549,6394.9822824,-134.993,13.424,249.046,1.0
17.5,128.188832,37.922534,6399.485702399999,-134.066,12.704,248.396,1.0
17.6,128.188704,37.922516,6403.8193488,-133.137,11.991,247.73,1.0
17.7,128.188575,37.922498,6407.9832216,-132.212,11.285,247.049,1.0
17.8,128.188446,37.922479,6411.9779304,-131.291,10.587,246.352,1.0
17.9,128.188317,37.922458,6415.8031704,-130.373,9.897,245.641,1.0
18.0,128.188186,37.922436,6419.459246400001,-129.45,9.216,244.917,1.0
18.1,128.188056,37.922413,6422.9473776,-128.516,8.546,244.18,1.0
18.2,128.187925,37.922389,6426.2672592,-127.561,7.888,243.431,1.0
18.3,128.187793,37.922363,6429.4201104,-126.577,7.241,242.672,1.0
18.4,128.187662,37.922336,6432.406540800001,-125.553,6.609,241.902,1.0
18.5,128.187529,37.922308,6435.22716,-124.484,5.99,241.121,1.0
18.6,128.187397,37.922278,6437.8828824,-123.37,5.386,240.331,1.0
18.7,128.187264,37.922247,6440.3740128,-122.211,4.798,239.529,1.0
18.8,128.187132,37.922215,6442.7020752,-121.013,4.227,238.717,1.0
18.9,128.186999,37.922182,6444.867679200001,-119.783,3.673,237.892,1.0
19.0,128.186866,37.922147,6446.8714344,-118.53,3.137,237.056,1.0
19.1,128.186733,37.92211,6448.71456,-117.264,2.62,236.208,1.0
19.2,128.186599,37.922072,6450.3988848,-115.996,2.121,235.347,1.0
19.3,128.186466,37.922033,6451.9247136,-114.739,1.641,234.471,1.0
19.4,128.186334,37.921993,6453.29418,-113.506,1.18,233.586,1.0
19.5,128.186201,37.92195,6454.5081984,-112.304,0.741,232.695,1.0
19.6,128.186068,37.921907,6455.568902399999,-111.142,0.323,231.801,1.0
19.7,128.185936,37.921861,6456.477511200001,-110.021,-0.073,230.907,1.0
19.8,128.185804,37.921815,6457.2364632,-108.94,-0.45,230.013,1.0
19.9,128.185673,37.921766,6457.8472824,-107.894,-0.808,229.121,1.0
20.0,128.185541,37.921716,6458.3124072,-106.866,-1.149,228.231,1.0
20.1,128.185411,37.921665,6458.634276,-105.832,-1.472,227.343,1.0
20.2,128.185281,37.921612,6458.8150224,-104.769,-1.78,226.457,1.0
20.3,128.185151,37.921558,6458.8576944,-103.654,-2.07,225.573,1.0
20.4,128.185022,37.921501,6458.7644256,-102.466,-2.342,224.692,1.0
20.5,128.184893,37.921444,6458.5388736,-101.19,-2.594,223.814,1.0
20.6,128.184766,37.921385,6458.183781600001,-99.809,-2.825,222.939,1.0
20.7,128.184639,37.921324,6457.7028072,-98.299,-3.031,222.068,1.0
20.8,128.184512,37.921262,6457.099608,-96.645,-3.209,221.202,1.0
20.9,128.184386,37.921198,6456.3784512,-94.842,-3.355,220.342,1.0
21.0,128.184261,37.921133,6455.5439088,-92.902,-3.465,219.491,1.0
21.1,128.184137,37.921066,6454.5999432,-90.865,-3.539,218.65,1.0
21.2,128.184014,37.920998,6453.5520408,-88.805,-3.574,217.82,1.0
21.3,128.183891,37.920928,6452.405688000001,-86.851,-3.573,217.002,1.0
21.4,128.18377,37.920857,6451.1675904,-85.205,-3.542,216.194,1.0
21.5,128.18365,37.920783,6449.8441488,-84.082,-3.491,215.39,1.0
21.6,128.183531,37.920708,6448.4411544,-83.586,-3.43,214.583,1.0
21.7,128.183414,37.920632,6446.961350400001,-83.675,-3.367,213.765,1.0
21.8,128.183298,37.920553,6445.4062608,-84.239,-3.316,212.939,1.0
21.9,128.183184,37.920473,6443.7743616,-85.095,-3.29,212.123,1.0
22.0,128.183071,37.920391,6442.063824000001,-85.98,-3.294,211.308,1.0
22.1,128.18296,37.920307,6440.271904800001,-86.614,-3.329,210.451,1.0
22.2,128.182849,37.920222,6438.3967752,-86.734,-3.392,209.575,1.0
22.3,128.18274,37.920136,6436.4381304,-86.193,-3.48,208.75,1.0
22.4,128.182632,37.920048,6434.398104,-85.044,-3.588,208.026,1.0
22.5,128.182525,37.919959,6432.2809632,-83.519,-3.715,207.411,1.0
22.6,128.18242,37.919868,6430.090670400001,-81.834,-3.854,206.875,1.0
22.7,128.182316,37.919776,6427.8305784,-79.973,-3.984,206.374,1.0
22.8,128.182214,37.919682,6425.50404,-77.94,-4.089,205.875,1.0
22.9,128.182113,37.919587,6423.1183704000005,-75.931,-4.161,205.34,1.0
23.0,128.182013,37.91949,6420.6814944,-74.178,-4.194,204.749,1.0
23.1,128.181915,37.919392,6418.1992032,-72.751,-4.184,204.098,1.0
23.2,128.181818,37.919292,6415.6763736,-71.679,-4.14,203.407,1.0
23.3,128.181723,37.919191,6413.119406400001,-71.003,-4.08,202.681,1.0
23.4,128.18163,37.919089,6410.5340928000005,-70.798,-4.036,201.929,1.0
23.5,128.181539,37.918985,6407.920128000001,-70.977,-4.007,201.162,1.0
23.6,128.181449,37.918879,6405.2723304,-71.273,-3.993,200.399,1.0
23.7,128.181361,37.918772,6402.5903952,-71.562,-3.996,199.642,1.0
23.8,128.181274,37.918664,6399.8740176,-71.851,-4.02,198.883,1.0
23.9,128.18119,37.918555,6397.11954,-71.901,-4.053,198.116,1.0
24.0,128.181106,37.918444,6394.3220856,-71.468,-4.089,197.351,1.0
24.1,128.181024,37.918332,6391.4865312,-70.718,-4.125,196.573,1.0
24.2,128.180944,37.918219,6388.618668,-69.878,-4.157,195.772,1.0
24.3,128.180866,37.918104,6385.723068,-69.092,-4.185,194.965,1.0
24.4,128.18079,37.917989,6382.8110088,-68.752,-4.21,194.133,1.0
24.5,128.180715,37.917872,6379.8885864,-68.964,-4.211,193.223,1.0
24.6,128.180644,37.917753,6376.9554960000005,-69.675,-4.186,192.216,1.0
24.7,128.180574,37.917634,6374.011128,-70.807,-4.147,191.121,1.0
24.8,128.180507,37.917513,6371.053044,-72.262,-4.12,189.968,1.0
24.9,128.180443,37.917392,6368.077586400001,-73.934,-4.127,188.781,1.0
25.0,128.180381,37.917269,6365.0804880000005,-75.719,-4.183,187.577,1.0
25.1,128.180322,37.917145,6362.0562624,-77.518,-4.3,186.365,1.0
25.2,128.180265,37.917021,6358.9991184,-79.248,-4.482,185.15,1.0
25.3,128.180211,37.916896,6355.903569600001,-80.844,-4.73,183.936,1.0
25.4,128.18016,37.91677,6352.76352,-82.26,-5.04,182.724,1.0
25.5,128.180112,37.916643,6349.573178400001,-83.388,-5.402,181.518,1.0
25.6,128.180067,37.916516,6346.3267536,-84.097,-5.801,180.32,1.0
25.7,128.180024,37.916389,6343.0227216,-84.53,-6.231,179.136,1.0
25.8,128.179985,37.916262,6339.656815200001,-84.648,-6.675,177.97,1.0
25.9,128.179948,37.916134,6336.227815200001,-84.486,-7.118,176.826,1.0
26.0,128.179914,37.916005,6332.735112,-84.142,-7.548,175.705,1.0
26.1,128.179883,37.915877,6329.179924800001,-83.813,-7.96,174.606,1.0
26.2,128.179855,37.915748,6325.5622536,-83.62,-8.347,173.525,1.0
26.3,128.17983,37.915619,6321.8820984,-83.583,-8.709,172.456,1.0
26.4,128.179808,37.91549,6318.1385448,-83.676,-9.052,171.394,1.0
26.5,128.179789,37.915361,6314.3309832,-83.886,-9.384,170.335,1.0
26.6,128.179774,37.915232,6310.4578896,-84.166,-9.715,169.275,1.0
26.7,128.179761,37.915102,6306.5174352,-84.425,-10.046,168.213,1.0
26.8,128.179751,37.914973,6302.507486400001,-84.791,-10.38,167.15,1.0
26.9,128.179744,37.914843,6298.4259096000005,-85.249,-10.723,166.086,1.0
27.0,128.179741,37.914714,6294.269656800001,-85.776,-11.078,165.017,1.0
27.1,128.17974,37.914584,6290.03568,-86.35,-11.45,163.94,1.0
27.2,128.179743,37.914454,6285.721236,-86.949,-11.84,162.855,1.0
27.3,128.179749,37.914325,6281.3232768,-87.558,-12.249,161.76,1.0
27.4,128.179758,37.914195,6276.8381448,-88.166,-12.677,160.655,1.0
27.5,128.17977,37.914066,6272.262487200001,-88.762,-13.122,159.542,1.0
27.6,128.179785,37.913937,6267.5926464,-89.34,-13.585,158.42,1.0
27.7,128.179803,37.913808,6262.825269600001,-89.895,-14.064,157.29,1.0
27.8,128.179825,37.913679,6257.957308800001,-90.425,-14.559,156.152,1.0
27.9,128.179849,37.913551,6252.9851064,-90.933,-15.067,155.009,1.0
28.0,128.179877,37.913423,6247.9059192,-91.422,-15.588,153.859,1.0
28.1,128.179908,37.913295,6242.717004,-91.895,-16.12,152.704,1.0
28.2,128.179942,37.913168,6237.4153128,-92.356,-16.661,151.544,1.0
28.3,128.17998,37.913041,6231.9981024,-92.81,-17.212,150.379,1.0
28.4,128.18002,37.912915,6226.462324800001,-93.258,-17.773,149.209,1.0
28.5,128.180064,37.91279,6220.805541600001,-93.706,-18.341,148.035,1.0
28.6,128.180111,37.912666,6215.0244,-94.154,-18.918,146.856,1.0
28.7,128.18016,37.912542,6209.1167663999995,-94.606,-19.504,145.671,1.0
28.8,128.180213,37.912419,6203.079288000001,-95.062,-20.099,144.482,1.0
28.9,128.180269,37.912297,6196.9095264,-95.523,-20.702,143.287,1.0
29.0,128.180328,37.912176,6190.6050432,-95.991,-21.314,142.086,1.0
29.1,128.18039,37.912056,6184.1637048,-96.463,-21.934,140.878,1.0
29.2,128.180455,37.911938,6177.5833776,-96.94,-22.564,139.664,1.0
29.3,128.180523,37.91182,6170.8607088,-97.418,-23.203,138.444,1.0
29.4,128.180594,37.911704,6163.99326,-97.896,-23.852,137.218,1.0
29.5,128.180667,37.911589,6156.978288000001,-98.372,-24.512,135.987,1.0
29.6,128.180744,37.911476,6149.8121352,-98.846,-25.183,134.749,1.0
29.7,128.180823,37.911364,6142.492668,-99.316,-25.864,133.506,1.0
29.8,128.180905,37.911254,6135.016228800001,-99.782,-26.555,132.257,1.0
29.9,128.180989,37.911145,6127.380379200001,-100.245,-27.257,131.0,1.0
30.0,128.181076,37.911038,6119.5820711999995,-100.706,-27.97,129.737,1.0
30.1,128.181166,37.910933,6111.6185616,-101.165,-28.692,128.466,1.0
30.2,128.181258,37.910829,6103.486497600001,-101.624,-29.425,127.187,1.0
30.3,128.181353,37.910727,6095.1834408,-102.082,-30.168,125.899,1.0
30.4,128.18145,37.910628,6086.7063431999995,-102.541,-30.921,124.603,1.0
30.5,128.181549,37.91053,6078.052156800001,-103.002,-31.685,123.297,1.0
30.6,128.181651,37.910434,6069.2181384000005,-103.465,-32.458,121.981,1.0
30.7,128.181755,37.91034,6060.2015448,-103.93,-33.242,120.655,1.0
30.8,128.18186,37.910249,6050.9990232,-104.398,-34.037,119.318,1.0
30.9,128.181968,37.91016,6041.6081352,-104.869,-34.842,117.97,1.0
31.0,128.182078,37.910073,6032.025832800001,-105.342,-35.657,116.61,1.0
31.1,128.182189,37.909988,6022.249068,-105.818,-36.484,115.237,1.0
31.2,128.182303,37.909906,6012.274792800001,-106.296,-37.321,113.851,1.0
31.3,128.182418,37.909826,6002.1008736,-106.775,-38.17,112.451,1.0
31.4,128.182534,37.909748,5991.726700800001,-107.096,-39.006,111.026,1.0
31.5,128.182652,37.909673,5981.1601992000005,-106.794,-39.783,109.557,1.0
31.6,128.18277,37.9096,5970.4047216,-105.766,-40.511,108.059,1.0
31.7,128.18289,37.90953,5959.4611824,-104.197,-41.191,106.547,1.0
31.8,128.183011,37.909462,5948.3280576,-102.403,-41.838,105.033,1.0
31.9,128.183134,37.909396,5936.999556000001,-100.987,-42.491,103.529,1.0
32.0,128.183257,37.909334,5925.4787256,-100.039,-43.12,102.009,1.0
32.1,128.183382,37.909274,5913.7673952000005,-99.569,-43.722,100.456,1.0
32.2,128.183508,37.909218,5901.866784000001,-99.541,-44.307,98.865,1.0
32.3,128.183635,37.909165,5889.776587200001,-99.887,-44.889,97.234,1.0
32.4,128.183762,37.909115,5877.4955856,-100.522,-45.482,95.564,1.0
32.5,128.18389,37.909068,5865.0213408,-101.358,-46.102,93.855,1.0
32.6,128.184019,37.909024,5852.355072,-101.885,-46.718,92.093,1.0
32.7,128.184148,37.908984,5839.5104952,-101.04,-47.262,90.256,1.0
32.8,128.184277,37.908945,5826.4970592,-98.944,-47.753,88.379,1.0
32.9,128.184407,37.90891,5813.316897600001,-96.022,-48.182,86.5,1.0
33.0,128.184536,37.908877,5799.9678768,-92.95,-48.552,84.646,1.0
33.1,128.184666,37.908848,5786.444205600001,-90.701,-48.883,82.818,1.0
33.2,128.184796,37.908823,5772.7538088,-89.355,-49.138,80.975,1.0
33.3,128.184926,37.908801,5758.903696800001,-88.811,-49.336,79.087,1.0
33.4,128.185056,37.908784,5744.897527200001,-88.913,-49.511,77.142,1.0
33.5,128.185186,37.908771,5730.7368240000005,-89.487,-49.693,75.134,1.0
33.6,128.185315,37.908762,5716.4194536,-90.361,-49.907,73.063,1.0
33.7,128.185444,37.908757,5701.9509024,-90.805,-50.136,70.923,1.0
33.8,128.185572,37.908754,5687.341533600001,-89.709,-50.343,68.718,1.0
33.9,128.185699,37.908755,5672.5943952,-87.927,-50.552,66.491,1.0
34.0,128.185826,37.90876,5657.715583200001,-85.771,-50.734,64.276,1.0
34.1,128.185951,37.908767,5642.7127176,-83.438,-50.866,62.084,1.0
34.2,128.186075,37.908778,5627.5943328,-81.058,-50.932,59.923,1.0
34.3,128.186198,37.908793,5612.3628672,-78.921,-50.942,57.796,1.0
34.4,128.18632,37.908812,5597.0213688,-77.56,-50.922,55.694,1.0
34.5,128.18644,37.908835,5581.5786768,-76.925,-50.869,53.583,1.0
34.6,128.186559,37.908862,5566.039668,-76.886,-50.797,51.439,1.0
34.7,128.186676,37.908893,5550.410438400001,-77.292,-50.727,49.248,1.0
34.8,128.18679,37.908929,5534.6992176,-77.434,-50.643,47.007,1.0
34.9,128.186903,37.908967,5518.905700800001,-76.17,-50.517,44.739,1.0
35.0,128.187014,37.909008,5503.0320216,-74.14,-50.373,42.483,1.0
35.1,128.187124,37.909053,5487.087933600001,-71.662,-50.191,40.285,1.0
35.2,128.187231,37.9091,5471.0880672,-69.188,-49.961,38.162,1.0
35.3,128.187335,37.909152,5455.051015200001,-67.354,-49.691,36.106,1.0
35.4,128.187436,37.909208,5438.9850072,-66.404,-49.388,34.085,1.0
35.5,128.187535,37.909267,5422.892786400001,-66.23,-49.06,32.065,1.0
35.6,128.187631,37.909331,5406.7825824,-66.67,-48.721,30.017,1.0
35.7,128.187723,37.909398,5390.660796,-67.414,-48.382,27.928,1.0
35.8,128.187813,37.909468,5374.518892800001,-67.698,-48.037,25.809,1.0
35.9,128.1879,37.909541,5358.3465096,-67.005,-47.689,23.689,1.0
36.0,128.187984,37.909617,5342.1567528,-65.748,-47.347,21.596,1.0
36.1,128.188064,37.909696,5325.959376,-64.192,-46.994,19.551,1.0
36.2,128.188141,37.909777,5309.7650472000005,-62.525,-46.612,17.562,1.0
36.3,128.188214,37.909862,5293.5816912,-60.859,-46.19,15.636,1.0
36.4,128.188284,37.90995,5277.4205856,-59.349,-45.728,13.769,1.0
36.5,128.188349,37.91004,5261.301237600001,-58.358,-45.239,11.944,1.0
36.6,128.188411,37.910134,5245.2422400000005,-58.164,-44.735,10.134,1.0
36.7,128.188468,37.910231,5229.2414592000005,-58.496,-44.213,8.319,1.0
36.8,128.188521,37.91033,5213.279692800001,-58.585,-43.667,6.502,1.0
36.9,128.18857,37.910432,5197.341396000001,-57.858,-43.1,4.704,1.0
37.0,128.188616,37.910536,5181.4369320000005,-56.515,-42.526,2.947,1.0
37.1,128.188658,37.910642,5165.587332,-54.956,-41.945,1.246,1.0
37.2,128.188695,37.910751,5149.8197232,-53.782,-41.357,359.593,1.0
37.3,128.188727,37.910862,5134.162756800001,-53.472,-40.76,357.963,1.0
37.4,128.188754,37.910976,5118.623748,-53.931,-40.149,356.329,1.0
37.5,128.188776,37.911092,5103.1902,-54.68,-39.525,354.679,1.0
37.6,128.188794,37.91121,5087.8352904,-54.905,-38.884,353.025,1.0
37.7,128.188808,37.911329,5072.5468272,-54.226,-38.234,351.389,1.0
37.8,128.188817,37.91145,5057.3412696000005,-52.927,-37.588,349.793,1.0
37.9,128.188822,37.911572,5042.243915999999,-51.495,-36.939,348.249,1.0
38.0,128.188822,37.911696,5027.2885992,-50.594,-36.289,346.747,1.0
38.1,128.188816,37.911822,5012.4972648,-50.545,-35.629,345.263,1.0
38.2,128.188805,37.911949,4997.8653408,-51.127,-34.953,343.775,1.0
38.3,128.188789,37.912078,4983.3742344,-51.81,-34.264,342.277,1.0
38.4,128.188768,37.912207,4969.005048,-52.071,-33.568,340.776,1.0
38.5,128.188742,37.912337,4954.750466400001,-51.672,-32.873,339.288,1.0
38.6,128.188712,37.912469,4940.6245104,-50.797,-32.183,337.829,1.0
38.7,128.188677,37.912601,4926.6524784,-49.873,-31.497,336.403,1.0
38.8,128.188636,37.912733,4912.85784,-49.308,-30.808,335.004,1.0
38.9,128.18859,37.912867,4899.254616,-49.277,-30.11,333.618,1.0
39.0,128.188539,37.913,4885.8382344,-49.621,-29.399,332.234,1.0
39.1,128.188482,37.913135,4872.5943696,-49.97,-28.677,330.851,1.0
39.2,128.188421,37.913269,4859.5108296,-49.987,-27.948,329.474,1.0
39.3,128.188355,37.913403,4846.5873096000005,-49.587,-27.22,328.114,1.0
39.4,128.188284,37.913538,4833.8356968,-48.908,-26.494,326.779,1.0
39.5,128.188208,37.913672,4821.2733648,-48.199,-25.765,325.473,1.0
39.6,128.188127,37.913806,4808.9158584,-47.686,-25.029,324.192,1.0
39.7,128.18804,37.91394,4796.7729312,-47.469,-24.283,322.928,1.0
39.8,128.187949,37.914073,4784.8448880000005,-47.488,-23.526,321.674,1.0
39.9,128.187853,37.914206,4773.126852,-47.58,-22.76,320.428,1.0
40.0,128.187752,37.914339,4761.6148608,-47.587,-21.99,319.189,1.0
40.1,128.187646,37.914471,4750.3083048,-47.44,-21.218,317.961,1.0
40.2,128.187536,37.914602,4739.213584800001,-47.168,-20.447,316.746,1.0
40.3,128.18742,37.914732,4728.3374064,-46.849,-19.675,315.545,1.0
40.4,128.1873,37.914861,4717.687389600001,-46.555,-18.9,314.359,1.0
40.5,128.187176,37.91499,4707.2687160000005,-46.326,-18.121,313.185,1.0
40.6,128.187046,37.915117,4697.0871768,-46.187,-17.336,312.022,1.0
40.7,128.186912,37.915243,4687.147344000001,-46.159,-16.549,310.864,1.0
40.8,128.186774,37.915368,4677.4540944,-46.251,-15.76,309.709,1.0
40.9,128.186631,37.915491,4668.0092568,-46.446,-14.972,308.552,1.0
41.0,128.186483,37.915613,4658.8134408000005,-46.705,-14.186,307.392,1.0
41.1,128.186331,37.915733,4649.8654272,-46.966,-13.404,306.228,1.0
41.2,128.186175,37.915852,4641.1633872,-47.166,-12.625,305.06,1.0
41.3,128.186014,37.915969,4632.705492,-47.242,-11.85,303.893,1.0
41.4,128.185849,37.916084,4624.497228,-47.23,-11.08,302.727,1.0
41.5,128.18568,37.916197,4616.556578400001,-47.376,-10.322,301.557,1.0
41.6,128.185507,37.916308,4608.9076224,-48.036,-9.583,300.368,1.0
41.7,128.185329,37.916417,4601.544264,-49.181,-8.855,299.152,1.0
41.8,128.185148,37.916523,4594.4381568,-50.324,-8.133,297.91,1.0
41.9,128.184962,37.916627,4587.5822904,-51.298,-7.432,296.642,1.0
42.0,128.184773,37.916728,4580.994952800001,-52.473,-6.77,295.342,1.0
42.1,128.18458,37.916825,4574.6916888000005,-54.211,-6.153,294.0,1.0
42.2,128.184383,37.91692,4568.6630496,-56.512,-5.582,292.605,1.0
42.3,128.184182,37.91701,4562.8709352000005,-58.88,-5.051,291.156,1.0
42.4,128.183979,37.917098,4557.2684064000005,-60.582,-4.555,289.668,1.0
42.5,128.183772,37.917183,4551.83748,-61.437,-4.106,288.157,1.0
42.6,128.183562,37.917264,4546.5909576,-61.904,-3.712,286.639,1.0
42.7,128.183349,37.917342,4541.5303632000005,-62.277,-3.374,285.17,1.0
42.8,128.183134,37.917416,4536.6514296000005,-62.56,-3.172,283.892,1.0
42.9,128.182915,37.917486,4531.9611672,-63.203,-3.253,283.005,1.0
43.0,128.182694,37.917552,4527.451956,-64.765,-3.656,282.655,1.0
43.1,128.182471,37.917614,4523.091792,-67.343,-4.138,282.424,1.0
43.2,128.182246,37.917672,4518.8471472,-70.937,-4.532,281.935,1.0
43.3,128.182019,37.917727,4514.6814456,-75.491,-4.86,281.194,1.0
43.4,128.18179,37.917778,4510.5550632,-80.922,-5.239,280.459,1.0
43.5,128.18156,37.917825,4506.4268520000005,-87.117,-5.679,279.563,1.0
43.6,128.181328,37.917869,4502.2544448,-93.957,-6.22,278.313,1.0
43.7,128.181096,37.917909,4497.9924264,-101.329,-6.944,276.813,1.0
43.8,128.180863,37.917946,4493.5923336000005,-109.08,-7.955,274.971,1.0
43.9,128.180629,37.91798,4488.9996072,-117.062,-9.335,272.921,1.0
44.0,128.180395,37.918009,4484.155420800001,-125.137,-11.119,270.816,1.0
44.1,128.180162,37.918036,4478.9997288,-133.227,-13.206,268.943,1.0
44.2,128.179928,37.918058,4473.4743144,-141.285,-15.53,267.406,1.0
44.3,128.179695,37.918079,4467.5322384,-149.254,-18.059,266.222,1.0
44.4,128.179464,37.918096,4461.1512504,-155.858,-20.673,265.359,1.0
44.5,128.179233,37.918112,4454.3871288,-159.165,-23.276,264.758,1.0
44.6,128.179003,37.918127,4447.2599904,-160.298,-25.792,264.398,1.0
44.7,128.178773,37.91814,4439.7878184,-158.901,-28.106,264.096,1.0
44.8,128.178545,37.918152,4431.884964000001,-156.805,-30.204,263.833,1.0
44.9,128.178319,37.918162,4423.487419200001,-154.855,-32.126,263.519,1.0
45.0,128.178095,37.91817,4414.5650088,-153.518,-33.93,263.114,1.0
45.1,128.177873,37.918176,4405.1125512,-152.906,-35.663,262.621,1.0
45.2,128.177654,37.91818,4395.1446768000005,-152.823,-37.353,262.053,1.0
45.3,128.177438,37.918182,4384.676016,-153.014,-39.014,261.431,1.0
45.4,128.177225,37.918182,4373.713884,-153.337,-40.656,260.781,1.0
45.5,128.177014,37.91818,4362.2588904,-153.795,-42.286,260.12,1.0
45.6,128.176807,37.918177,4350.310120800001,-154.438,-43.911,259.462,1.0
45.7,128.176603,37.918171,4337.8669656,-155.323,-45.539,258.816,1.0
45.8,128.176404,37.918164,4324.929424800001,-156.496,-47.176,258.195,1.0
45.9,128.176208,37.918156,4311.5005464000005,-157.958,-48.827,257.61,1.0
46.0,128.176016,37.918146,4297.585512000001,-159.66,-50.497,257.077,1.0
46.1,128.175828,37.918135,4283.191332,-161.541,-52.186,256.609,1.0
46.2,128.175645,37.918123,4268.3256264,-163.547,-53.894,256.224,1.0
46.3,128.175467,37.91811,4252.995405600001,-165.647,-55.618,255.936,1.0
46.4,128.175293,37.918096,4237.209508800001,-167.81,-57.356,255.759,1.0
46.5,128.175124,37.918082,4220.9779944,-170.005,-59.102,255.706,1.0
46.6,128.17496,37.918068,4204.3115304,-172.202,-60.852,255.78,1.0
46.7,128.1748,37.918054,4187.2213944,-174.381,-62.598,255.981,1.0
46.8,128.174646,37.918041,4169.7185592000005,-176.535,-64.337,256.315,1.0
46.9,128.174497,37.918027,4151.814912000001,-178.686,-66.065,256.799,1.0
47.0,128.174354,37.918015,4133.520816,179.121,-67.779,257.455,1.0
47.1,128.174215,37.918003,4114.8481584,176.818,-69.476,258.312,1.0
47.2,128.174082,37.917991,4095.8091312,174.315,-71.154,259.412,1.0
47.3,128.173955,37.917981,4076.4156216,171.494,-72.81,260.823,1.0
47.4,128.173833,37.917972,4056.6804312,168.178,-74.439,262.657,1.0
47.5,128.173718,37.917965,4036.6169712000005,164.12,-76.031,265.089,1.0
47.6,128.173608,37.917959,4016.2395672,158.988,-77.57,268.37,1.0
47.7,128.173505,37.917955,3995.5646784000005,152.375,-79.03,272.852,1.0
47.8,128.173408,37.917953,3974.6108976,143.78,-80.363,279.023,1.0
47.9,128.173317,37.917953,3953.3989512,132.572,-81.491,287.474,1.0
48.0,128.173232,37.917956,3931.9504800000004,118.203,-82.294,298.631,1.0
48.1,128.173154,37.917962,3910.2916968,100.878,-82.616,312.078,1.0
48.2,128.173082,37.917972,3888.4530816,82.201,-82.34,325.932,1.0
48.3,128.173016,37.917985,3866.4629808,64.667,-81.479,337.839,1.0
48.4,128.172956,37.918002,3844.3482168000005,49.611,-80.125,346.582,1.0
48.5,128.172901,37.918024,3822.1328688000003,37.293,-78.423,352.398,1.0
48.6,128.172849,37.918049,3799.818156,28.106,-76.513,356.03,1.0
48.7,128.172801,37.918079,3777.4101744,21.705,-74.495,358.026,1.0
48.8,128.172755,37.918113,3754.92264,17.404,-72.462,359.024,1.0
48.9,128.172711,37.91815,3732.3518952,15.503,-70.525,359.607,1.0
49.0,128.172668,37.918191,3709.6830048,16.449,-68.76,0.085,1.0
49.1,128.172628,37.918236,3686.9485824000003,18.887,-67.099,0.551,1.0
49.2,128.172591,37.918286,3664.223304,20.457,-65.465,1.047,1.0
49.3,128.172557,37.918341,3641.5714824,19.97,-63.835,1.618,1.0
49.4,128.172526,37.918403,3619.0083576,17.988,-62.209,2.25,1.0
49.5,128.172498,37.91847,3596.5296624000002,15.633,-60.575,2.859,1.0
49.6,128.172473,37.918541,3574.13052,13.849,-58.974,3.383,1.0
49.7,128.17245,37.918618,3551.8106256000005,13.118,-57.449,3.82,1.0
49.8,128.17243,37.918699,3529.5827808,13.354,-55.987,4.216,1.0
49.9,128.172411,37.918785,3507.4735032000003,14.104,-54.56,4.617,1.0
50.0,128.172396,37.918875,3485.5144920000002,14.852,-53.136,5.058,1.0
50.1,128.172383,37.918971,3463.7325696,15.25,-51.692,5.551,1.0
50.2,128.172372,37.919072,3442.146024,15.257,-50.228,6.092,1.0
50.3,128.172365,37.919178,3420.7652184000003,15.084,-48.754,6.664,1.0
50.4,128.17236,37.919288,3399.6002112,14.949,-47.284,7.248,1.0
50.5,128.172358,37.919404,3378.6659376,14.943,-45.823,7.831,1.0
50.6,128.172359,37.919523,3357.9816,15.04,-44.372,8.413,1.0
50.7,128.172363,37.919648,3337.5590856,15.257,-42.942,9.004,1.0
50.8,128.17237,37.919776,3317.4051,15.756,-41.551,9.611,1.0
50.9,128.17238,37.919909,3297.5333592,16.513,-40.201,10.234,1.0
51.0,128.172393,37.920046,3277.9563600000006,17.463,-38.888,10.885,1.0
51.1,128.172409,37.920188,3258.6826368,18.585,-37.612,11.575,1.0
51.2,128.172429,37.920333,3239.7173712000003,19.901,-36.374,12.312,1.0
51.3,128.172452,37.920481,3221.063916,21.436,-35.179,13.101,1.0
51.4,128.172478,37.920633,3202.7268432,23.18,-34.032,13.943,1.0
51.5,128.172509,37.920789,3184.7113344000004,25.075,-32.938,14.837,1.0
51.6,128.172544,37.920948,3167.0250096000004,26.999,-31.892,15.779,1.0
51.7,128.172582,37.921109,3149.6754888,28.818,-30.888,16.769,1.0
51.8,128.172626,37.921273,3132.6673440000004,30.464,-29.923,17.799,1.0
51.9,128.172674,37.92144,3116.0030136,31.909,-28.993,18.862,1.0
52.0,128.172727,37.921609,3099.6831072000004,33.168,-28.092,19.952,1.0
52.1,128.172785,37.92178,3083.70732,34.282,-27.213,21.064,1.0
52.2,128.172848,37.921953,3068.074128,35.299,-26.351,22.193,1.0
52.3,128.172916,37.922128,3052.7829216,36.256,-25.503,23.337,1.0
52.4,128.172989,37.922304,3037.8321768,37.188,-24.667,24.495,1.0
52.5,128.173068,37.922481,3023.221284,38.117,-23.841,25.666,1.0
52.6,128.173152,37.92266,3008.9496336,39.053,-23.026,26.85,1.0
52.7,128.173242,37.922839,2995.0367328,39.028,-22.009,28.077,1.0
52.8,128.173338,37.923019,2981.6063304000004,35.796,-20.669,29.335,1.0
52.9,128.173442,37.9232,2968.741332,31.678,-19.486,30.529,1.0
53.0,128.173551,37.923381,2956.3454208000003,31.475,-18.477,31.673,1.0
53.1,128.173665,37.923563,2944.3174032,33.11,-17.371,32.709,1.0
53.2,128.173784,37.923746,2932.6816632,34.89,-16.267,33.739,1.0
53.3,128.173909,37.923928,2921.4900168000004,35.245,-14.999,34.799,1.0
53.4,128.17404,37.924111,2910.868956,32.121,-13.551,35.806,1.0
53.5,128.174177,37.924293,2900.8931568000003,27.286,-12.099,36.786,1.0
53.6,128.174319,37.924475,2891.465388,24.862,-10.763,37.736,1.0
53.7,128.174466,37.924657,2882.4664728000002,26.044,-9.557,38.565,1.0
53.8,128.174616,37.924839,2873.9171376,28.108,-8.362,39.306,1.0
53.9,128.174771,37.92502,2865.8640168,29.782,-7.143,40.098,1.0
54.0,128.17493,37.925201,2858.3628888000003,29.731,-5.741,40.935,1.0
54.1,128.175095,37.92538,2851.5420744,26.239,-4.218,41.687,1.0
54.2,128.175264,37.925558,2845.4555232000002,21.862,-2.768,42.457,1.0
54.3,128.175437,37.925735,2839.970952,21.491,-1.515,43.197,1.0
54.4,128.175613,37.925911,2834.9606496,23.271,-0.344,43.788,1.0
54.5,128.175792,37.926087,2830.436808,25.367,0.873,44.416,1.0
54.6,128.175974,37.926261,2826.4332600000002,26.394,2.204,45.066,1.0
54.7,128.17616,37.926434,2823.0902136,24.229,3.72,45.717,1.0
54.8,128.176349,37.926604,2820.4893552000003,20.207,5.145,46.324,1.0
54.9,128.176541,37.926773,2818.4920008000004,18.378,6.193,46.857,1.0
55.0,128.176734,37.926941,2816.9366064,19.436,7.078,47.291,1.0
55.1,128.17693,37.927107,2815.8204288,21.534,8.05,47.721,1.0
55.2,128.177127,37.927273,2815.1980272,23.174,9.189,48.21,1.0
55.3,128.177327,37.927436,2815.1641944,22.645,10.591,48.751,1.0
55.4,128.177528,37.927597,2815.7896440000004,19.598,12.102,49.302,1.0
55.5,128.177732,37.927756,2816.9731824000005,17.219,13.367,49.846,1.0
55.6,128.177936,37.927914,2818.5718584,17.768,14.316,50.303,1.0
55.7,128.178141,37.928071,2820.5829288,19.869,15.258,50.717,1.0
55.8,128.178348,37.928225,2823.0749736000002,21.813,16.39,51.188,1.0
55.9,128.178556,37.928378,2826.1318128,21.929,17.824,51.741,1.0
56.0,128.178765,37.928528,2829.8086152,19.881,19.429,52.36,1.0
56.1,128.178974,37.928675,2834.0358864,18.048,20.906,52.989,1.0
56.2,128.179185,37.928821,2838.7051176,18.259,22.165,53.562,1.0
56.3,128.179395,37.928965,2843.8227096,19.897,23.389,54.103,1.0
56.4,128.179606,37.929106,2849.4596808,21.337,24.77,54.688,1.0
56.5,128.179817,37.929245,2855.6827824,21.508,26.309,55.353,1.0
56.6,128.180029,37.92938,2862.4782984000003,20.869,27.852,56.066,1.0
56.7,128.18024,37.929513,2869.8017280000004,20.439,29.375,56.8,1.0
56.8,128.18045,37.929643,2877.6460608,20.454,30.876,57.52,1.0
56.9,128.180661,37.92977,2886.0180024,20.737,32.352,58.229,1.0
57.0,128.18087,37.929895,2894.9190768,21.134,33.806,58.945,1.0
57.1,128.181079,37.930016,2904.3480648,21.549,35.24,59.676,1.0
57.2,128.181287,37.930133,2914.302528,21.88,36.66,60.422,1.0
57.3,128.181493,37.930248,2924.7791136,22.036,38.07,61.183,1.0
57.4,128.181698,37.930359,2935.7665440000005,22.047,39.475,61.96,1.0
57.5,128.181902,37.930466,2947.2483600000005,22.071,40.877,62.756,1.0
57.6,128.182103,37.93057,2959.210236,22.207,42.273,63.567,1.0
57.7,128.182303,37.930671,2971.6427232,22.454,43.663,64.393,1.0
57.8,128.182501,37.930768,2984.5293624000005,22.857,45.044,65.248,1.0
57.9,128.182696,37.930862,2997.8472936000003,23.638,46.41,66.151,1.0
58.0,128.182889,37.930952,3011.5855440000005,24.764,47.755,67.104,1.0
58.1,128.18308,37.931038,3025.7392368,26.001,49.077,68.113,1.0
58.2,128.183268,37.931121,3040.2937416000004,27.267,50.375,69.2,1.0
58.3,128.183454,37.931201,3055.225284,28.742,51.643,70.387,1.0
58.4,128.183637,37.931276,3070.511004,30.591,52.877,71.683,1.0
58.5,128.183818,37.931349,3086.1335280000003,32.818,54.065,73.097,0.9937191849890866
58.6,128.183996,37.931417,3102.0748728000003,35.388,55.2,74.646,0.9526520775855164
58.7,128.184172,37.931482,3118.3164456000004,38.282,56.272,76.347,0.9057733316849038
58.8,128.184345,37.931542,3134.8427016,41.402,57.276,78.203,0.8801505552518417
58.9,128.184515,37.931599,3151.648764,44.13,58.231,80.169,0.8801505552518417
59.0,128.184682,37.931651,3168.7410336000003,45.754,59.152,82.227,0.8801505552518417
59.1,128.184847,37.931699,3186.0884208,47.581,60.002,84.505,0.8801505552518417
59.2,128.185009,37.931743,3203.6275272000003,51.55,60.757,87.025,0.8801505552518417
59.3,128.185169,37.931784,3221.3394552000004,55.75,61.519,89.516,0.8801505552518417
59.4,128.185327,37.93182,3239.2519416000005,57.35,62.305,91.92,0.8801505552518417
59.5,128.18548,37.931851,3257.3680344000004,57.261,63.055,94.418,0.8801505552518417
59.6,128.18563,37.931878,3275.6731032000002,56.967,63.774,97.086,0.8801505552518417
59.7,128.185777,37.9319,3294.1266096000004,59.73,64.401,100.026,0.8801505552518417
59.8,128.185922,37.931919,3312.6913680000002,65.094,64.912,103.156,0.8801505552518417
59.9,128.186064,37.931936,3331.3521384,70.774,65.307,106.335,0.8801505552518417
60.0,128.186204,37.931949,3350.1165408,72.94,65.682,109.415,0.8801505552518417
60.1,128.18634,37.931956,3368.9851848000003,72.006,66.037,112.479,0.8801505552518417
60.2,128.18647,37.931958,3387.9498408,68.946,66.481,115.556,0.8801505552518417
60.3,128.186595,37.931955,3407.0068512,64.684,67.093,118.693,0.8801505552518417
60.4,128.186713,37.931948,3426.1617024,59.907,67.905,121.883,0.8801505552518417
60.5,128.186825,37.931937,3445.4214048000003,55.086,68.926,125.103,0.8801505552518417
60.6,128.18693,37.931923,3464.789616,50.5,70.139,128.352,0.8801505552518417
60.7,128.187028,37.931908,3484.2651168,46.253,71.559,131.564,0.8801505552518417
60.8,128.18712,37.931891,3503.8427256000004,42.313,73.184,134.702,0.8801505552518417
60.9,128.187204,37.931874,3523.513908,38.676,74.99,137.812,0.8801505552518417
61.0,128.187283,37.931856,3543.2683008000004,35.286,76.938,140.87,0.8801505552518417
61.1,128.187355,37.93184,3563.0927976000003,31.913,78.992,143.629,0.8801505552518417
61.2,128.187421,37.931825,3582.9724632,28.18,81.126,145.72,0.8801505552518417
61.3,128.187481,37.931811,3602.8917528,23.643,83.357,146.757,0.8801505552518417
61.4,128.187535,37.9318,3622.8345120000004,17.1,85.69,145.624,0.8801505552518417
61.5,128.187585,37.931791,3642.7839768,1.246,88.026,135.088,0.8801505552518417
61.6,128.187629,37.931785,3662.723688,-106.032,88.994,33.025,0.8801505552518417
61.7,128.18767,37.931782,3682.6448064,-145.925,86.929,357.008,0.8801505552518417
61.8,128.187708,37.931782,3702.5522088000002,-151.812,84.755,351.106,0.8801505552518417
61.9,128.187743,37.931784,3722.4535152,-150.504,82.704,349.075,0.8801505552518417
62.0,128.187777,37.931788,3742.3484208000004,-146.241,80.825,347.826,0.8801505552518417
62.1,128.187807,37.931793,3762.2192472,-141.559,79.162,346.532,0.8801505552518417
62.2,128.187835,37.931801,3782.0547168000003,-138.364,77.774,345.063,0.8801505552518417
62.3,128.187858,37.931811,3801.8301408,-139.033,76.56,343.32,0.8801505552518417
62.4,128.187876,37.931825,3821.5156488000002,-143.789,75.332,340.683,0.8801505552518417
62.5,128.187889,37.931841,3841.1054496,-150.85,74.142,337.646,0.8801505552518417
62.6,128.187898,37.93186,3860.5925328000003,-158.73,72.967,334.575,0.8801505552518417
62.7,128.187903,37.931882,3879.9616584,-166.374,71.752,331.834,0.8801505552518417
62.8,128.187905,37.931907,3899.19972,-172.269,70.456,329.671,0.8801505552518417
62.9,128.187904,37.931935,3918.33354,-174.235,69.08,328.049,0.8801505552518417
63.0,128.1879,37.931965,3937.3963416,-172.469,67.677,326.972,0.8801505552518417
63.1,128.187895,37.931996,3956.3808096000002,-168.044,66.333,326.221,0.8801505552518417
63.2,128.187886,37.932029,3975.2445768000002,-163.454,65.089,325.589,0.8801505552518417
63.3,128.187874,37.932066,3993.9370464000003,-161.374,63.915,324.93,0.8801505552518417
63.4,128.187856,37.932105,4012.405488,-161.943,62.762,324.117,0.8801505552518417
63.5,128.187833,37.932147,4030.6288704000003,-164.602,61.563,323.265,0.8801505552518417
63.6,128.187805,37.932192,4048.6087176,-168.457,60.278,322.531,0.8801505552518417
63.7,128.187773,37.93224,4066.3432008000004,-172.721,58.91,322.033,0.8801505552518417
63.8,128.187738,37.93229,4083.8250048000004,-176.897,57.474,321.828,0.8801505552518417
63.9,128.187698,37.932344,4101.055044000001,-179.997,55.987,321.84,0.8801505552518417
64.0,128.187656,37.9324,4118.0839152,179.846,54.468,321.905,0.8801505552518417
64.1,128.187613,37.932458,4134.9707496,-177.762,52.953,321.969,0.8801505552518417
64.2,128.187567,37.932517,4151.7198144,-173.788,51.498,321.924,0.8801505552518417
64.3,128.187519,37.932578,4168.2887424,-169.898,50.136,321.746,0.8801505552518417
64.4,128.187468,37.932641,4184.6040768,-168.216,48.848,321.486,0.8801505552518417
64.5,128.187413,37.932706,4200.5896176,-168.675,47.591,321.14,0.8801505552518417
64.6,128.187353,37.932775,4216.2136656,-170.844,46.305,320.788,0.8801505552518417
64.7,128.18729,37.932846,4231.4719536,-174.219,44.956,320.517,0.8801505552518417
64.8,128.187224,37.932919,4246.3626528,-178.289,43.539,320.4,0.8801505552518417
64.9,128.187154,37.932995,4260.8991744,178.168,42.062,320.419,0.8801505552518417
65.0,128.187082,37.933073,4275.1528416,177.26,40.538,320.483,0.8801505552518417
65.1,128.187009,37.933152,4289.2029024,178.766,39.002,320.579,0.8801505552518417
65.2,128.186934,37.933233,4303.0874568,-177.951,37.504,320.626,0.8801505552518417
65.3,128.186857,37.933316,4316.7723672,-173.757,36.086,320.552,0.8801505552518417
65.4,128.186778,37.933399,4330.2213624000005,-169.932,34.756,320.354,0.8801505552518417
65.5,128.186697,37.933485,4343.349708,-168.334,33.49,320.088,0.8801505552518417
65.6,128.186612,37.933572,4356.0684024,-168.839,32.248,319.763,0.8801505552518417
65.7,128.186525,37.933661,4368.342698400001,-171.034,30.977,319.435,0.8801505552518417
65.8,128.186434,37.933752,4380.1716816,-174.449,29.642,319.173,0.8801505552518417
65.9,128.18634,37.933845,4391.5535232,-178.641,28.238,319.039,0.8801505552518417
66.0,128.186244,37.933939,4402.5037680000005,177.542,26.771,319.029,0.8801505552518417
66.1,128.186146,37.934035,4413.1059312,176.179,25.251,319.072,0.8801505552518417
66.2,128.186047,37.934133,4423.452672,177.116,23.709,319.162,0.8801505552518417
66.3,128.185947,37.934231,4433.604036,179.893,22.19,319.234,0.8801505552518417
66.4,128.185845,37.934331,4443.5286288,-176.224,20.74,319.223,0.8801505552518417
66.5,128.185742,37.934432,4453.199018400001,-171.86,19.376,319.081,0.8801505552518417
66.6,128.185638,37.934533,4462.5883824,-168.065,18.093,318.815,0.8801505552518417
66.7,128.185531,37.934636,4471.6065,-166.543,16.866,318.487,0.8801505552518417
66.8,128.185422,37.93474,4480.1573592,-167.123,15.655,318.112,0.8801505552518417
66.9,128.18531,37.934844,4488.202250400001,-169.392,14.412,317.738,0.8801505552518417
67.0,128.185196,37.93495,4495.7625096,-172.735,13.102,317.418,0.8801505552518417
67.1,128.185081,37.935056,4502.8969632,-175.983,11.724,317.168,0.8801505552518417
67.2,128.184964,37.935164,4509.694308,-177.757,10.295,316.975,0.8801505552518417
67.3,128.184845,37.935272,4516.2478128,-177.473,8.847,316.824,0.8801505552518417
67.4,128.184726,37.93538,4522.5864336,-175.365,7.427,316.679,0.8801505552518417
67.5,128.184606,37.93549,4528.6857864,-171.879,6.074,316.489,0.8801505552518417
67.6,128.184484,37.9356,4534.4955792,-168.351,4.803,316.242,0.8801505552518417
67.7,128.184361,37.93571,4539.9185808,-166.731,3.595,315.963,0.8801505552518417
67.8,128.184237,37.935821,4544.8532928,-166.998,2.413,315.645,0.8801505552518417
67.9,128.18411,37.935932,4549.2494232,-168.802,1.204,315.32,0.8801505552518417
68.0,128.183982,37.936043,4553.1310512,-171.587,-0.069,315.029,0.8801505552518417
68.1,128.183852,37.936154,4556.531704800001,-174.328,-1.418,314.787,0.8801505552518417
68.2,128.183722,37.936266,4559.5449576,-175.411,-2.829,314.574,0.8801505552518417
68.3,128.18359,37.936378,4562.2704792,-174.512,-4.268,314.381,0.8801505552518417
68.4,128.183458,37.936491,4564.7485032,-171.94,-5.688,314.174,0.8801505552518417
68.5,128.183325,37.936603,4566.9241656,-168.583,-7.043,313.924,0.8801505552518417
68.6,128.183191,37.936716,4568.6971872,-165.922,-8.33,313.631,0.8801505552518417
68.7,128.183056,37.936829,4569.9666792,-165.025,-9.579,313.3,0.8801505552518417
68.8,128.182919,37.93694,4570.6829592,-165.801,-10.839,312.939,0.8801505552518417
68.9,128.182782,37.937052,4570.867972800001,-167.72,-12.15,312.573,0.8801505552518417
69.0,128.182644,37.937162,4570.607064000001,-169.538,-13.522,312.211,0.8801505552518417
69.1,128.182505,37.937273,4569.9953304,-170.06,-14.935,311.855,0.8801505552518417
69.2,128.182366,37.937384,4569.0995232000005,-168.974,-16.351,311.502,0.8801505552518417
69.3,128.182226,37.937494,4567.8903816,-166.726,-17.726,311.14,0.8801505552518417
69.4,128.182085,37.937605,4566.3142608,-164.063,-19.041,310.747,0.8801505552518417
69.5,128.181944,37.937714,4564.3178208,-161.759,-20.301,310.305,0.8801505552518417
69.6,128.181802,37.937823,4561.8593040000005,-160.321,-21.531,309.808,0.8801505552518417
69.7,128.18166,37.937931,4558.936881600001,-159.763,-22.758,309.259,0.8801505552518417
69.8,128.181517,37.938037,4555.580424,-159.693,-23.999,308.665,0.8801505552518417
69.9,128.181374,37.938143,4551.8277264,-159.583,-25.253,308.039,0.8801505552518417
70.0,128.18123,37.938247,4547.7080496,-159.037,-26.512,307.393,0.8801505552518417
70.1,128.181086,37.938351,4543.2323664000005,-157.912,-27.757,306.73,0.8801505552518417
70.2,128.180941,37.938454,4538.3994576000005,-156.256,-28.973,306.042,0.8801505552518417
70.3,128.180796,37.938557,4533.1995696,-154.25,-30.152,305.317,0.8801505552518417
70.4,128.180651,37.938657,4527.6235584,-152.111,-31.289,304.543,0.8801505552518417
70.5,128.180506,37.938757,4521.6659376,-150.02,-32.386,303.709,0.8801505552518417
70.6,128.18036,37.938855,4515.324878400001,-148.085,-33.448,302.811,0.8801505552518417
70.7,128.180213,37.938951,4508.604648,-146.325,-34.48,301.85,0.8801505552518417
70.8,128.180067,37.939045,4501.511952,-144.686,-35.485,300.829,0.8801505552518417
70.9,128.17992,37.939138,4494.0556296,-143.076,-36.465,299.753,0.8801505552518417
71.0,128.179773,37.939229,4486.2439104,-141.403,-37.418,298.626,0.8801505552518417
71.1,128.179625,37.939319,4478.0838048000005,-139.603,-38.341,297.453,0.8801505552518417
71.2,128.179477,37.939406,4469.5801896,-137.648,-39.231,296.232,0.8801505552518417
71.3,128.179329,37.939491,4460.7376368000005,-135.544,-40.083,294.964,0.8801505552518417
71.4,128.17918,37.939575,4451.5604136,-133.326,-40.894,293.646,0.8801505552518417
71.5,128.179032,37.939656,4442.0524824,-131.039,-41.66,292.276,0.8801505552518417
71.6,128.178882,37.939735,4432.21872,-128.726,-42.381,290.853,0.8801505552518417
71.7,128.178733,37.939811,4422.0649176,-126.415,-43.056,289.378,0.8801505552518417
71.8,128.178583,37.939885,4411.597476000001,-124.125,-43.685,287.852,0.8801505552518417
71.9,128.178434,37.939956,4400.822796,-121.865,-44.269,286.277,0.8801505552518417
72.0,128.178283,37.940025,4389.7484976000005,-119.628,-44.81,284.658,0.8801505552518417
72.1,128.178133,37.94009,4378.3825056000005,-117.386,-45.307,282.996,0.8801505552518417
72.2,128.177982,37.940153,4366.7330496,-115.097,-45.759,281.296,0.8801505552518417
72.3,128.177831,37.940213,4354.809273600001,-112.715,-46.164,279.562,0.8801505552518417
72.4,128.17768,37.94027,4342.619712000001,-110.21,-46.519,277.797,0.8801505552518417
72.5,128.177528,37.940325,4330.173204,-107.579,-46.819,276.007,0.8801505552518417
72.6,128.177376,37.940376,4317.478284,-104.859,-47.06,274.196,0.8801505552518417
72.7,128.177224,37.940423,4304.5447056,-102.105,-47.242,272.369,0.8801505552518417
72.8,128.177072,37.940468,4291.3822224000005,-99.364,-47.361,270.53,0.8801505552518417
72.9,128.176919,37.940509,4278.0024168,-96.667,-47.419,268.682,0.8801505552518417
73.0,128.176766,37.940547,4264.4168712,-94.043,-47.419,266.827,0.8801505552518417
73.1,128.176613,37.940581,4250.6396064,-91.477,-47.361,264.97,0.8801505552518417
73.2,128.17646,37.940612,4236.684948,-88.936,-47.247,263.118,0.8801505552518417
73.3,128.176306,37.940639,4222.5666120000005,-86.432,-47.08,261.277,0.8801505552518417
73.4,128.176152,37.940662,4208.298619200001,-84.019,-46.863,259.455,0.8801505552518417
73.5,128.175998,37.940682,4193.8940760000005,-81.725,-46.6,257.654,0.8801505552518417
73.6,128.175844,37.940698,4179.3654792,-79.539,-46.292,255.875,0.8801505552518417
73.7,128.175689,37.940709,4164.7244112,-77.426,-45.943,254.122,0.8801505552518417
73.8,128.175535,37.940717,4149.9824544,-75.339,-45.554,252.395,0.8801505552518417
73.9,128.17538,37.940721,4135.1508864,-73.221,-45.125,250.701,0.8801505552518417
74.0,128.175226,37.940721,4120.2403752,-71.047,-44.655,249.043,0.8801505552518417
74.1,128.175071,37.940717,4105.2634176,-68.829,-44.144,247.427,0.8801505552518417
74.2,128.174916,37.940709,4090.2312912,-66.598,-43.592,245.857,0.8801505552518417
74.3,128.174761,37.940697,4075.1558832,-64.391,-42.997,244.335,0.8801505552518417
74.4,128.174605,37.940681,4060.0493856,-62.233,-42.359,242.862,0.8801505552518417
74.5,128.17445,37.940661,4044.9224664000003,-60.11,-41.679,241.44,0.8801505552518417
74.6,128.174294,37.940637,4029.7864032,-57.992,-40.957,240.07,0.8801505552518417
74.7,128.174138,37.940609,4014.6555215999997,-55.906,-40.197,238.754,0.8801505552518417
74.8,128.173982,37.940576,3999.5478048000004,-53.956,-39.403,237.488,0.8801505552518417
74.9,128.173825,37.940539,3984.4827600000003,-52.262,-38.579,236.266,0.8801505552518417
75.0,128.173668,37.940498,3969.4765416000005,-50.864,-37.729,235.079,0.8801505552518417
75.1,128.173511,37.940453,3954.5407320000004,-49.683,-36.854,233.919,0.8801505552518417
75.2,128.173354,37.940403,3939.6838656,-48.563,-35.957,232.784,0.8801505552518417
75.3,128.173197,37.940349,3924.9169152,-47.4,-35.043,231.674,0.8801505552518417
75.4,128.173039,37.940291,3910.257864,-46.235,-34.117,230.588,0.8801505552518417
75.5,128.172882,37.940228,3895.7289624000005,-45.206,-33.182,229.522,0.8801505552518417
75.6,128.172724,37.940161,3881.3494128,-44.423,-32.236,228.47,0.8801505552518417
75.7,128.172567,37.940089,3867.1298831999998,-43.822,-31.277,227.427,0.8801505552518417
75.8,128.17241,37.940014,3853.074336,-43.222,-30.304,226.393,0.8801505552518417
75.9,128.172253,37.939934,3839.1910008000004,-42.503,-29.321,225.371,0.8801505552518417
76.0,128.172096,37.939849,3825.4948128,-41.695,-28.331,224.364,0.8801505552518417
76.1,128.17194,37.939761,3812.0046696,-40.917,-27.334,223.371,0.8801505552518417
76.2,128.171785,37.939668,3798.7385544000003,-40.274,-26.33,222.39,0.8801505552518417
76.3,128.17163,37.939571,3785.7077448,-39.762,-25.314,221.419,0.8801505552518417
76.4,128.171475,37.93947,3772.9171176,-39.272,-24.284,220.46,0.8801505552518417
76.5,128.171322,37.939365,3760.3736832,-38.717,-23.245,219.511,0.8801505552518417
76.6,128.171169,37.939256,3748.0881096000003,-38.085,-22.198,218.577,0.8801505552518417
76.7,128.171017,37.939143,3736.0664928,-37.337,-21.141,217.661,0.8801505552518417
76.8,128.170866,37.939026,3724.3149288,-36.392,-20.071,216.768,0.8801505552518417
76.9,128.170717,37.938905,3712.8611544,-35.452,-18.999,215.891,0.8801505552518417
77.0,128.170568,37.938781,3701.7560712000004,-35.139,-17.935,215.013,0.8801505552518417
77.1,128.170421,37.938652,3691.0149192000003,-35.558,-16.864,214.126,0.8801505552518417
77.2,128.170276,37.938521,3680.5971600000003,-35.809,-15.763,213.247,0.8801505552518417
77.3,128.170132,37.938386,3670.4616456000003,-35.133,-14.643,212.386,0.8801505552518417
77.4,128.169989,37.938247,3660.6461712000005,-34.193,-13.548,211.527,0.8801505552518417
77.5,128.169849,37.938106,3651.2482728,-34.31,-12.494,210.649,0.8801505552518417
77.6,128.169711,37.93796,3642.2783136000003,-35.403,-11.433,209.756,0.8801505552518417
77.7,128.169575,37.937812,3633.6628368,-36.056,-10.331,208.866,0.8801505552518417
77.8,128.16944,37.937661,3625.3378344000002,-35.305,-9.205,207.996,0.8801505552518417
77.9,128.169308,37.937508,3617.3401872000004,-33.876,-8.106,207.14,0.8801505552518417
78.0,128.169178,37.937351,3609.7686504000003,-33.354,-7.051,206.277,0.8801505552518417
78.1,128.169051,37.937192,3602.6823552000005,-34.391,-6.007,205.395,0.8801505552518417
78.2,128.168927,37.937029,3596.0322288,-35.998,-4.934,204.494,0.8801505552518417
78.3,128.168806,37.936865,3589.7399376,-36.773,-3.829,203.587,0.8801505552518417
78.4,128.168686,37.936698,3583.753056,-36.014,-2.715,202.693,0.8801505552518417
78.5,128.16857,37.936529,3578.1169992,-34.546,-1.633,201.817,0.8801505552518417
78.6,128.168456,37.936358,3572.9161968,-33.844,-0.589,200.942,0.8801505552518417
78.7,128.168346,37.936184,3568.2228864000003,-34.791,0.439,200.044,0.8801505552518417
78.8,128.16824,37.936009,3564.0014064,-36.72,1.488,199.114,0.8801505552518417
78.9,128.168137,37.935832,3560.1831768,-38.336,2.562,198.158,0.8801505552518417
79.0,128.168037,37.935653,3556.6898640000004,-38.523,3.648,197.197,0.8801505552518417
79.1,128.16794,37.935472,3553.5373176,-37.622,4.708,196.238,0.8801505552518417
79.2,128.167847,37.93529,3550.7950320000004,-36.813,5.728,195.286,0.8801505552518417
79.3,128.167758,37.935106,3548.513604,-36.91,6.735,194.332,0.8801505552518417
79.4,128.167673,37.934921,3546.7116264,-38.15,7.741,193.35,0.8801505552518417
79.5,128.167592,37.934735,3545.3799552000005,-40.357,8.742,192.311,0.8801505552518417
79.6,128.167517,37.934547,3544.4853672,-43.089,9.722,191.196,0.8801505552518417
79.7,128.167445,37.934359,3543.9915912,-45.896,10.661,189.995,0.8801505552518417
79.8,128.167378,37.93417,3543.8687568,-48.481,11.543,188.712,0.8801505552518417
79.9,128.167316,37.93398,3544.0979664,-50.764,12.359,187.356,0.8801505552518417
80.0,128.16726,37.933789,3544.677696,-52.993,13.101,185.933,0.8801505552518417
80.1,128.167209,37.933598,3545.61648,-55.689,13.76,184.439,0.8801505552518417
80.2,128.167165,37.933407,3546.9054792,-59.171,14.331,182.864,0.8801505552518417
80.3,128.167127,37.933215,3548.5004976,-63.226,14.808,181.197,0.8801505552518417
80.4,128.167095,37.933022,3550.3420992,-67.28,15.18,179.442,0.8801505552518417
80.5,128.167068,37.93283,3552.3766392,-70.811,15.434,177.618,0.8801505552518417
80.6,128.167048,37.932637,3554.5742472,-73.855,15.559,175.754,0.8801505552518417
80.7,128.167034,37.932444,3556.9099296000004,-76.578,15.568,173.873,0.8801505552518417
80.8,128.167027,37.932251,3559.3620456000003,-79.144,15.462,171.986,0.8801505552518417
80.9,128.167026,37.932058,3561.9068208000003,-81.68,15.236,170.097,0.8801505552518417
81.0,128.167032,37.931866,3564.5189568,-84.252,14.891,168.21,0.8801505552518417
81.1,128.167044,37.931674,3567.1707168000003,-86.863,14.436,166.334,0.8801505552518417
81.2,128.167063,37.931482,3569.8340592000004,-89.492,13.884,164.475,0.8801505552518417
81.3,128.167089,37.931291,3572.4803328000003,-92.096,13.251,162.642,0.8801505552518417
81.4,128.167122,37.931101,3575.0818008000006,-94.594,12.557,160.839,0.8801505552518417
81.5,128.16716,37.930912,3577.6134696,-96.836,11.826,159.069,0.8801505552518417
81.6,128.167205,37.930723,3580.0536984000005,-98.659,11.088,157.333,0.8801505552518417
81.7,128.167256,37.930535,3582.3851136000003,-99.981,10.369,155.629,0.8801505552518417
81.8,128.167313,37.930348,3584.5927800000004,-100.869,9.658,153.961,0.8801505552518417
81.9,128.167377,37.930163,3586.6629816,-101.562,8.936,152.329,0.8801505552518417
82.0,128.167446,37.929978,3588.5823072000003,-102.307,8.203,150.725,0.8801505552518417
82.1,128.167522,37.929796,3590.3391744,-103.183,7.462,149.138,0.8801505552518417
82.2,128.167605,37.929615,3591.9241344,-104.146,6.708,147.564,0.8801505552518417
82.3,128.167694,37.929436,3593.3262144000005,-105.125,5.94,146.001,0.8801505552518417
82.4,128.167788,37.929258,3594.5356608,-106.067,5.153,144.451,0.8801505552518417
82.5,128.167889,37.929083,3595.54272,-106.919,4.348,142.914,0.8801505552518417
82.6,128.167995,37.92891,3596.3379432,-107.66,3.529,141.391,0.8801505552518417
82.7,128.168108,37.928739,3596.911272,-108.34,2.695,139.882,0.8801505552518417
82.8,128.168225,37.928571,3597.2520384,-109.044,1.846,138.386,0.8801505552518417
82.9,128.168349,37.928405,3597.3501840000004,-109.824,0.981,136.901,0.8801505552518417
83.0,128.168478,37.928242,3597.1965648,-110.686,0.096,135.423,0.8801505552518417
83.1,128.168612,37.928081,3596.7820368000002,-111.598,-0.809,133.954,0.8801505552518417
83.2,128.168752,37.927923,3596.0980656,-112.502,-1.737,132.493,0.8801505552518417
83.3,128.168896,37.927769,3595.1376408,-113.326,-2.686,131.041,0.8801505552518417
83.4,128.169046,37.927617,3593.8940568000003,-113.999,-3.652,129.598,0.8801505552518417
83.5,128.169199,37.927468,3592.3615224,-114.468,-4.628,128.163,0.8801505552518417
83.6,128.169358,37.927322,3590.5348559999998,-114.718,-5.606,126.736,0.8801505552518417
83.7,128.16952,37.927179,3588.4100952000003,-114.763,-6.579,125.314,0.8801505552518417
83.8,128.169687,37.927039,3585.9835824,-114.643,-7.54,123.893,0.8801505552518417
83.9,128.169858,37.926903,3583.253184,-114.404,-8.485,122.471,0.8801505552518417
84.0,128.170033,37.926771,3580.2182904,-114.081,-9.41,121.045,0.8801505552518417
84.1,128.170211,37.926642,3576.8795112000003,-113.692,-10.312,119.611,0.8801505552518417
84.2,128.170394,37.926516,3573.2383704000003,-113.247,-11.191,118.169,0.8801505552518417
84.3,128.170579,37.926395,3569.2966968,-112.763,-12.046,116.717,0.8801505552518417
84.4,128.170768,37.926277,3565.0560144000005,-112.268,-12.878,115.256,0.8801505552518417
84.5,128.17096,37.926163,3560.5187616000003,-111.799,-13.689,113.785,0.8801505552518417
84.6,128.171155,37.926054,3555.6852432,-111.403,-14.482,112.304,0.8801505552518417
84.7,128.171354,37.925948,3550.557288,-111.114,-15.262,110.812,0.8801505552518417
84.8,128.171554,37.925848,3545.1382488000004,-110.88,-16.03,109.308,0.8801505552518417
84.9,128.171758,37.925751,3539.4305640000002,-110.631,-16.788,107.792,0.8801505552518417
85.0,128.171964,37.925659,3533.4385008000004,-110.29,-17.536,106.265,0.8801505552518417
85.1,128.172171,37.925571,3527.1654120000003,-109.804,-18.268,104.728,0.8801505552518417
85.2,128.172381,37.925488,3520.6152600000005,-109.175,-18.983,103.18,0.8801505552518417
85.3,128.172593,37.925409,3513.7917024000003,-108.441,-19.675,101.623,0.8801505552518417
85.4,128.172807,37.925334,3506.6999208,-107.635,-20.342,100.053,0.8801505552518417
85.5,128.173022,37.925265,3499.3460112000002,-106.769,-20.98,98.47,0.8801505552518417
85.6,128.173238,37.9252,3491.7363744,-105.852,-21.588,96.874,0.8801505552518417
85.7,128.173456,37.92514,3483.8777160000004,-104.891,-22.164,95.264,0.8801505552518417
85.8,128.173675,37.925085,3475.7773512,-103.893,-22.708,93.641,0.8801505552518417
85.9,128.173894,37.925034,3467.4425952,-102.877,-23.218,92.005,0.8801505552518417
86.0,128.174115,37.924989,3458.881068,-101.869,-23.697,90.356,0.8801505552518417
86.1,128.174336,37.924949,3450.1000848000003,-100.891,-24.145,88.695,0.8801505552518417
86.2,128.174558,37.924913,3441.1078752000003,-99.949,-24.564,87.022,0.8801505552518417
86.3,128.174779,37.924883,3431.9117544,-99.046,-24.956,85.337,0.8801505552518417
86.4,128.175002,37.924858,3422.5196472000002,-98.18,-25.323,83.64,0.8801505552518417
86.5,128.175224,37.924838,3412.938564,-97.351,-25.667,81.932,0.8801505552518417
86.6,128.175446,37.924823,3403.1755152,-96.567,-25.989,80.214,0.8801505552518417
86.7,128.175667,37.924813,3393.2378160000003,-95.836,-26.293,78.485,0.8801505552518417
86.8,128.175888,37.924809,3383.1315624000003,-95.149,-26.581,76.746,0.8801505552518417
86.9,128.176109,37.92481,3372.8631552,-94.496,-26.852,74.997,0.8801505552518417
87.0,128.176328,37.924816,3362.4383856,-93.864,-27.109,73.237,0.8801505552518417
87.1,128.176546,37.924828,3351.8633496,-93.227,-27.352,71.468,0.8801505552518417
87.2,128.176764,37.924844,3341.1435336,-92.564,-27.579,69.691,0.8801505552518417
87.3,128.176979,37.924866,3330.2853384,-91.861,-27.79,67.906,0.8801505552518417
87.4,128.177194,37.924893,3319.2942504000002,-91.115,-27.983,66.114,0.8801505552518417
87.5,128.177406,37.924925,3308.1769752,-90.332,-28.156,64.316,0.8801505552518417
87.6,128.177617,37.924963,3296.9402184,-89.513,-28.308,62.514,0.8801505552518417
87.7,128.177825,37.925005,3285.5900760000004,-88.663,-28.436,60.707,0.8801505552518417
87.8,128.178032,37.925053,3274.134168,-87.774,-28.539,58.897,0.8801505552518417
87.9,128.178236,37.925105,3262.5798096000003,-86.84,-28.616,57.085,0.8801505552518417
88.0,128.178437,37.925163,3250.9337064,-85.849,-28.663,55.274,0.8801505552518417
88.1,128.178636,37.925225,3239.2043928000003,-84.796,-28.679,53.464,0.8801505552518417
88.2,128.178832,37.925293,3227.3991840000003,-83.667,-28.661,51.658,0.8801505552518417
88.3,128.179026,37.925366,3215.5269192000005,-82.431,-28.604,49.86,0.8801505552518417
88.4,128.179216,37.925443,3203.5958280000004,-81.031,-28.503,48.072,0.8801505552518417
88.5,128.179404,37.925525,3191.6156640000004,-79.414,-28.352,46.3,0.8801505552518417
88.6,128.179588,37.925611,3179.598924,-77.587,-28.146,44.552,0.8801505552518417
88.7,128.179769,37.925703,3167.5590192000004,-75.587,-27.879,42.833,0.8801505552518417
88.8,128.179947,37.925799,3155.5114943999997,-73.445,-27.545,41.148,0.8801505552518417
88.9,128.180122,37.925899,3143.4715896000002,-71.154,-27.139,39.503,0.8801505552518417
89.0,128.180294,37.926004,3131.4539352000006,-68.662,-26.656,37.907,0.8801505552518417
89.1,128.180463,37.926113,3119.4737712000006,-65.891,-26.09,36.369,0.8801505552518417
89.2,128.180628,37.926227,3107.5536528000002,-62.888,-25.443,34.9,0.8801505552518417
89.3,128.180791,37.926345,3095.7210120000004,-59.855,-24.719,33.504,0.8801505552518417
89.4,128.18095,37.926467,3084.0032808,-56.949,-23.917,32.183,0.8801505552518417
89.5,128.181106,37.926594,3072.4260624000003,-54.234,-23.044,30.933,0.8801505552518417
89.6,128.181259,37.926725,3061.0143504000002,-51.753,-22.109,29.75,0.8801505552518417
89.7,128.181409,37.92686,3049.7940528000004,-49.555,-21.122,28.629,0.8801505552518417
89.8,128.181556,37.926999,3038.7895536,-47.662,-20.093,27.56,0.8801505552518417
89.9,128.181699,37.927142,3028.0237128,-46.075,-19.03,26.535,0.8801505552518417
90.0,128.18184,37.92729,3017.5178664000005,-44.78,-17.943,25.544,0.8801505552518417
90.1,128.181977,37.927441,3007.2881688,-43.703,-16.836,24.582,0.8801505552518417
90.2,128.182111,37.927595,2997.3489456,-42.748,-15.713,23.642,0.8801505552518417
90.3,128.182242,37.927754,2987.7142176,-41.85,-14.579,22.723,0.8801505552518417
90.4,128.182369,37.927916,2978.395872,-40.93,-13.434,21.823,0.8801505552518417
90.5,128.182494,37.928081,2969.4064056,-39.942,-12.279,20.944,0.8801505552518417
90.6,128.182615,37.92825,2960.761668,-38.892,-11.116,20.085,0.8801505552518417
90.7,128.182732,37.928422,2952.484824,-37.91,-9.946,19.243,0.8801505552518417
90.8,128.182847,37.928598,2944.6023912,-37.199,-8.774,18.41,0.8801505552518417
90.9,128.182957,37.928776,2937.119856,-36.716,-7.589,17.584,0.8801505552518417
91.0,128.183065,37.928957,2930.036304,-36.19,-6.393,16.766,0.8801505552518417
91.1,128.183168,37.92914,2923.3681944,-35.67,-5.198,15.949,0.8801505552518417
91.2,128.183269,37.929327,2917.131072,-35.277,-4.003,15.133,0.8801505552518417
91.3,128.183365,37.929516,2911.3301184,-34.961,-2.802,14.322,0.8801505552518417
91.4,128.183458,37.929707,2905.9756967999997,-34.71,-1.597,13.511,0.8801505552518417
91.5,128.183547,37.9299,2901.0934104,-34.769,-0.399,12.687,0.8801505552518417
91.6,128.183632,37.930095,2896.7183112000002,-35.817,0.767,11.809,0.8801505552518417
91.7,128.183712,37.930293,2892.8939856,-38.422,1.902,10.861,0.8801505552518417
91.8,128.183788,37.930492,2889.5521584,-41.112,3.047,9.855,0.8801505552518417
91.9,128.183859,37.930692,2886.6263832,-42.735,4.162,8.762,0.8801505552518417
92.0,128.183925,37.930894,2884.1504928,-44.297,5.178,7.569,0.8801505552518417
92.1,128.183986,37.931097,2882.1589296,-46.699,6.119,6.301,0.8801505552518417
92.2,128.184041,37.931301,2880.6202992,-49.691,7.012,4.955,0.8801505552518417
92.3,128.18409,37.931506,2879.480652,-52.611,7.859,3.532,0.8801505552518417
92.4,128.184133,37.931711,2878.7067647999997,-55.134,8.63,2.03,0.8801505552518417
92.5,128.18417,37.931917,2878.3154016,-58.158,9.263,0.433,0.8801505552518417
92.6,128.184199,37.932124,2878.2867504,-62.056,9.761,358.738,0.8801505552518417
92.7,128.184222,37.932331,2878.549488,-65.925,10.172,356.967,0.8801505552518417
92.8,128.184238,37.932538,2879.0344248,-68.88,10.506,355.146,0.8801505552518417
92.9,128.184249,37.932745,2879.7205296,-71.177,10.743,353.305,0.8801505552518417
93.0,128.184252,37.932952,2880.6007920000006,-73.506,10.887,351.461,0.8801505552518417
93.1,128.184247,37.933159,2881.6590576000003,-76.48,10.928,349.599,0.8801505552518417
93.2,128.184234,37.933365,2882.8721616000003,-80.839,10.828,347.704,0.8801505552518417
93.3,128.184213,37.93357,2884.1834112,-86.377,10.573,345.754,0.8801505552518417
93.4,128.184183,37.933774,2885.524836,-92.817,10.099,343.745,0.8801505552518417
93.5,128.184146,37.933976,2886.8214552000004,-99.926,9.335,341.707,0.8801505552518417
93.6,128.1841,37.934177,2887.9940208000003,-107.509,8.21,339.699,0.8801505552518417
93.7,128.184047,37.934378,2888.9669424,-115.279,6.69,337.796,0.8801505552518417
93.8,128.183988,37.934577,2889.6737736000005,-122.807,4.808,336.073,0.8801505552518417
93.9,128.183923,37.934775,2890.0367904,-130.232,2.602,334.609,0.8801505552518417
94.0,128.183851,37.934971,2889.9752208000004,-137.896,0.115,333.465,0.8801505552518417
94.1,128.183775,37.935167,2889.4244472,-145.876,-2.582,332.667,0.8801505552518417
94.2,128.183694,37.935361,2888.3357016,-154.072,-5.399,332.215,0.8801505552518417
94.3,128.18361,37.935555,2886.6745416000003,-162.345,-8.248,332.088,0.8801505552518417
94.4,128.183523,37.935747,2884.4229840000003,-170.487,-11.058,332.247,0.8801505552518417
94.5,128.183435,37.935939,2881.5840768,-178.148,-13.781,332.632,0.8801505552518417
94.6,128.183347,37.93613,2878.1782416,175.078,-16.394,333.184,0.8801505552518417
94.7,128.183258,37.93632,2874.209136,169.355,-18.874,333.961,0.8801505552518417
94.8,128.183171,37.93651,2869.6398792,164.239,-21.195,335.009,0.8801505552518417
94.9,128.183085,37.936699,2864.4274944,158.984,-23.35,336.305,0.8801505552518417
95.0,128.183001,37.936886,2858.5463784000003,152.986,-25.342,337.843,0.8801505552518417
95.1,128.18292,37.937073,2851.9965312,145.94,-27.164,339.645,0.8801505552518417
95.2,128.182844,37.937259,2844.8038608,137.698,-28.784,341.744,0.8801505552518417
95.3,128.182773,37.937445,2837.0259744,128.416,-30.145,344.163,0.8801505552518417
95.4,128.182708,37.937629,2828.7348048000003,118.281,-31.161,346.896,0.8801505552518417
95.5,128.182648,37.937814,2820.0126480000004,107.466,-31.75,349.882,0.8801505552518417
95.6,128.182595,37.937998,2810.947896,96.151,-31.837,353.013,0.8801505552518417
95.7,128.182549,37.938183,2801.6383896,84.526,-31.367,356.146,0.8801505552518417
95.8,128.18251,37.938368,2792.1886752,72.737,-30.34,359.115,0.8801505552518417
95.9,128.182478,37.938554,2782.7072616,60.91,-28.798,1.764,0.8801505552518417
96.0,128.182453,37.938742,2773.2965616,49.223,-26.809,3.974,0.8801505552518417
96.1,128.182432,37.93893,2764.0333848000005,38.449,-24.499,5.696,0.8801505552518417
96.2,128.182416,37.939121,2754.92718,30.067,-22.03,6.975,0.8801505552518417
96.3,128.182404,37.939312,2745.969108,24.537,-19.549,7.869,0.8801505552518417
96.4,128.182394,37.939506,2737.2554856,20.629,-17.145,8.416,0.8801505552518417
96.5,128.182388,37.9397,2728.9118904,16.962,-14.85,8.696,0.8801505552518417
96.6,128.182386,37.939897,2721.0056832,13.103,-12.645,8.789,0.8801505552518417
96.7,128.182386,37.940095,2713.5792312,9.033,-10.505,8.723,0.8801505552518417
96.8,128.182388,37.940295,2706.6675864000003,4.756,-8.417,8.499,0.8801505552518417
96.9,128.182392,37.940496,2700.3189072,0.027,-6.374,8.05,0.8801505552518417
97.0,128.182397,37.940699,2694.6182328000004,-5.836,-4.376,7.289,0.8801505552518417
97.1,128.182403,37.940903,2689.5683064,-12.702,-2.431,6.228,0.8801505552518417
97.2,128.182407,37.941108,2685.1541928,-20.393,-0.583,4.851,0.8801505552518417
97.3,128.18241,37.941313,2681.322552,-28.393,1.115,3.181,0.8801505552518417
97.4,128.18241,37.94152,2677.9685328000005,-35.808,2.63,1.296,0.8801505552518417
97.5,128.182407,37.941727,2675.068056,-42.836,3.895,359.222,0.8801505552518417
97.6,128.182399,37.941934,2672.5936896000003,-49.791,4.864,356.97,0.8801505552518417
97.7,128.182387,37.942141,2670.4731960000004,-56.135,5.555,354.603,0.8801505552518417
97.8,128.18237,37.942349,2668.6340328000006,-61.403,6.005,352.205,0.8801505552518417
97.9,128.182348,37.942557,2667.0609600000003,-66.305,6.186,349.805,0.8801505552518417
98.0,128.182319,37.942764,2665.7292888,-71.432,6.091,347.409,0.8801505552518417
98.1,128.182283,37.94297,2664.5902512,-76.972,5.735,345.024,0.8801505552518417
98.2,128.18224,37.943176,2663.5767912,-82.758,5.169,342.679,0.8801505552518417
98.3,128.18219,37.94338,2662.6224624000006,-88.749,4.444,340.401,0.8801505552518417
98.4,128.182133,37.943583,2661.6586848,-94.963,3.578,338.203,0.8801505552518417
98.5,128.182068,37.943785,2660.6162688000004,-101.384,2.554,336.084,0.8801505552518417
98.6,128.181997,37.943986,2659.4305968,-107.563,1.377,334.047,0.8801505552518417
98.7,128.181919,37.944185,2658.0571680000003,-111.667,0.179,332.059,0.8801505552518417
98.8,128.181837,37.944384,2656.5045168,-111.766,-0.953,330.129,0.8801505552518417
98.9,128.181749,37.944581,2654.7503928,-110.205,-2.087,328.362,0.8801505552518417
99.0,128.181656,37.944777,2652.7557816,-108.56,-3.121,326.715,0.8801505552518417
99.1,128.181556,37.944971,2650.5206832,-106.925,-4.027,325.097,0.8801505552518417
99.2,128.181449,37.945163,2648.0508888000004,-105.243,-4.82,323.482,0.8801505552518417
99.3,128.181336,37.945352,2645.3555424,-103.506,-5.512,321.866,0.8801505552518417
99.4,128.181216,37.945538,2642.4459216,-101.752,-6.115,320.246,0.8801505552518417
99.5,128.18109,37.945722,2639.3308656,-100.758,-6.709,318.637,0.8801505552518417
99.6,128.180956,37.945901,2635.9887336,-102.277,-7.362,317.047,0.8801505552518417
99.7,128.180814,37.946077,2632.3954464000003,-104.908,-7.988,315.409,0.8801505552518417
99.8,128.180667,37.946248,2628.5662440000006,-105.879,-8.599,313.699,0.8801505552518417
99.9,128.180514,37.946417,2624.5087464000003,-105.722,-9.277,311.984,0.8801505552518417
100.0,128.180355,37.946582,2620.2098472,-105.291,-9.965,310.297,0.8801505552518417
100.1,128.180191,37.946744,2615.6671079999996,-104.776,-10.632,308.621,0.8801505552518417
100.2,128.180021,37.946902,2610.8820528,-104.215,-11.27,306.948,0.8801505552518417
100.3,128.179846,37.947055,2605.8580344,-103.576,-11.878,305.272,0.8801505552518417
100.4,128.179666,37.947205,2600.5999296,-102.822,-12.452,303.593,0.8801505552518417
100.5,128.179481,37.94735,2595.1132248,-101.924,-12.99,301.91,0.8801505552518417
100.6,128.179291,37.947491,2589.4049304000005,-100.88,-13.487,300.223,0.8801505552518417
100.7,128.179096,37.947628,2583.4829712000005,-99.714,-13.94,298.532,0.8801505552518417
100.8,128.178896,37.94776,2577.3571008000004,-98.448,-14.345,296.836,0.8801505552518417
100.9,128.178692,37.947887,2571.038292,-97.093,-14.698,295.136,0.8801505552518417
101.0,128.178484,37.948009,2564.5381272,-95.671,-14.999,293.432,0.8801505552518417
101.1,128.178271,37.948127,2557.8700176,-94.206,-15.247,291.726,0.8801505552518417
101.2,128.178054,37.948239,2551.0473744,-92.717,-15.44,290.018,0.8801505552518417
101.3,128.177834,37.948346,2544.0851328000003,-92.047,-15.657,288.314,0.8801505552518417
101.4,128.177608,37.948446,2536.9811592,-94.154,-15.969,286.616,0.8801505552518417
101.5,128.177379,37.948539,2529.708936,-96.721,-16.226,284.865,0.8801505552518417
101.6,128.177147,37.948627,2522.2696824000004,-95.253,-16.397,283.025,0.8801505552518417
101.7,128.176912,37.948709,2514.6853440000004,-91.858,-16.604,281.172,0.8801505552518417
101.8,128.176674,37.948787,2506.9757328000005,-88.491,-16.738,279.369,0.8801505552518417
101.9,128.176433,37.948858,2499.1704144000005,-86.563,-16.832,277.605,0.8801505552518417
102.0,128.176189,37.948922,2491.291944,-87.887,-16.968,275.853,0.8801505552518417
102.1,128.175943,37.948979,2483.32752,-90.007,-17.009,274.066,0.8801505552518417
102.2,128.175695,37.949029,2475.2661696,-88.71,-16.974,272.209,0.8801505552518417
102.3,128.175444,37.949074,2467.1185608,-86.611,-17.01,270.338,0.8801505552518417
102.4,128.175193,37.949114,2458.9026768,-84.871,-17.001,268.507,0.8801505552518417
102.5,128.17494,37.949146,2450.6389392,-84.281,-16.999,266.702,0.8801505552518417
102.6,128.174685,37.949172,2442.3395400000004,-86.424,-17.071,264.907,0.8801505552518417
102.7,128.174431,37.94919,2433.9813144,-88.561,-17.076,263.077,0.8801505552518417
102.8,128.174175,37.949203,2425.5484128000003,-87.542,-17.051,261.2,0.8801505552518417
102.9,128.173919,37.949211,2417.047236,-85.014,-17.052,259.345,0.8801505552518417
103.0,128.173663,37.949212,2408.500644,-82.283,-16.996,257.555,0.8801505552518417
103.1,128.173407,37.949208,2399.9394216,-80.123,-16.874,255.809,0.8801505552518417
103.2,128.173151,37.949196,2391.3970968000003,-79.743,-16.754,254.078,0.8801505552518417
103.3,128.172896,37.949177,2382.8953104,-82.292,-16.702,252.326,0.8801505552518417
103.4,128.172643,37.94915,2374.3990104,-85.032,-16.588,250.522,0.8801505552518417
103.5,128.172391,37.949117,2365.8722304000003,-83.437,-16.393,248.663,0.8801505552518417
103.6,128.172139,37.94908,2357.3164944,-79.617,-16.224,246.813,0.8801505552518417
103.7,128.171889,37.949036,2348.7708168,-75.697,-15.98,245.055,0.8801505552518417
103.8,128.17164,37.948987,2340.2854896,-73.358,-15.689,243.361,0.8801505552518417
103.9,128.171393,37.94893,2331.9193392,-74.533,-15.421,241.68,0.8801505552518417
104.0,128.17115,37.948865,2323.676328,-78.414,-15.2,239.952,0.8801505552518417
104.1,128.170909,37.948794,2315.4915336,-81.944,-14.959,238.15,0.8801505552518417
104.2,128.170671,37.948717,2307.3107016000004,-80.773,-14.669,236.298,0.8801505552518417
104.3,128.170434,37.948636,2299.1268216000003,-76.817,-14.409,234.461,0.8801505552518417
104.4,128.1702,37.94855,2290.9843944,-72.509,-14.083,232.732,0.8801505552518417
104.5,128.169969,37.948458,2282.9422464,-69.741,-13.704,231.081,0.8801505552518417
104.6,128.169742,37.948359,2275.07292,-70.618,-13.336,229.449,0.8801505552518417
104.7,128.169519,37.948253,2267.3858640000003,-74.11,-12.982,227.78,0.8801505552518417
104.8,128.1693,37.948141,2259.8054880000004,-76.882,-12.588,226.072,0.8801505552518417
104.9,128.169085,37.948025,2252.2747944000002,-75.613,-12.193,224.421,0.8801505552518417
105.0,128.168873,37.947904,2244.7946976000003,-72.528,-11.859,222.858,0.8801505552518417
105.1,128.168664,37.947778,2237.4112224,-69.361,-11.469,221.33,0.8801505552518417
105.2,128.16846,37.947647,2230.1755752000004,-67.447,-11.018,219.778,0.8801505552518417
105.3,128.168261,37.947511,2223.1420104000003,-67.846,-10.543,218.198,0.8801505552518417
105.4,128.168067,37.947369,2216.2977264,-69.442,-10.039,216.633,0.8801505552518417
105.5,128.167877,37.947223,2209.580544,-69.792,-9.516,215.125,0.8801505552518417
105.6,128.167691,37.947073,2202.9676032,-68.192,-9.012,213.693,0.8801505552518417
105.7,128.16751,37.946919,2196.4957848,-65.906,-8.517,212.295,0.8801505552518417
105.8,128.167333,37.946761,2190.2187336,-64.443,-7.991,210.866,0.8801505552518417
105.9,128.167162,37.946598,2184.1748544,-64.488,-7.426,209.4,0.8801505552518417
106.0,128.166997,37.946431,2178.3449448,-65.064,-6.829,207.965,0.8801505552518417
106.1,128.166836,37.94626,2172.684504,-64.61,-6.223,206.603,0.8801505552518417
106.2,128.16668,37.946086,2167.192008,-62.95,-5.629,205.307,0.8801505552518417
106.3,128.166529,37.945908,2161.9064712,-61.043,-5.025,204.032,0.8801505552518417
106.4,128.166383,37.945727,2156.873004,-59.861,-4.385,202.733,0.8801505552518417
106.5,128.166243,37.945542,2152.1166000000003,-59.747,-3.706,201.411,0.8801505552518417
106.6,128.166109,37.945354,2147.6180568,-59.948,-3.002,200.113,0.8801505552518417
106.7,128.16598,37.945163,2143.3444560000003,-59.415,-2.296,198.873,0.8801505552518417
106.8,128.165856,37.94497,2139.2991504,-58.061,-1.599,197.681,0.8801505552518417
106.9,128.165738,37.944773,2135.5159728000003,-56.552,-0.891,196.501,0.8801505552518417
107.0,128.165625,37.944575,2132.0293656,-55.532,-0.151,195.308,0.8801505552518417
107.1,128.165517,37.944373,2128.857312,-55.188,0.622,194.105,0.8801505552518417
107.2,128.165416,37.94417,2125.98762,-55.088,1.414,192.92,0.8801505552518417
107.3,128.16532,37.943964,2123.4023064,-54.632,2.207,191.772,0.8801505552518417
107.4,128.165229,37.943756,2121.1041144,-53.719,2.996,190.653,0.8801505552518417
107.5,128.165143,37.943547,2119.1137704000002,-52.666,3.792,189.547,0.8801505552518417
107.6,128.165064,37.943336,2117.45322,-51.816,4.608,188.442,0.8801505552518417
107.7,128.16499,37.943123,2116.1346552,-51.293,5.448,187.337,0.8801505552518417
107.8,128.164921,37.942909,2115.1568568000002,-50.95,6.3,186.244,0.8801505552518417
107.9,128.164858,37.942694,2114.5152528000003,-50.551,7.149,185.178,0.8801505552518417
108.0,128.1648,37.942477,2114.2086240000003,-49.986,7.979,184.154,0.8801505552518417
108.1,128.164748,37.94226,2114.2433712,-49.327,8.782,183.179,0.8801505552518417
108.2,128.164701,37.942042,2114.6249808000002,-48.691,9.555,182.255,0.8801505552518417
108.3,128.16466,37.941823,2115.3558912000003,-48.149,10.298,181.382,0.8801505552518417
108.4,128.164623,37.941604,2116.433664,-47.701,11.016,180.553,0.8801505552518417
108.5,128.164591,37.941384,2117.8528128000003,-47.315,11.707,179.765,0.8801505552518417
108.6,128.164565,37.941164,2119.606632,-46.953,12.378,179.01,0.8801505552518417
108.7,128.164543,37.940944,2121.6890256,-46.595,13.028,178.284,0.8801505552518417
108.8,128.164525,37.940724,2124.0938976,-46.242,13.661,177.582,0.8801505552518417
108.9,128.164512,37.940504,2126.8154568,-45.902,14.276,176.903,0.8801505552518417
109.0,128.164504,37.940284,2129.8476072000003,-45.58,14.878,176.244,0.8801505552518417
109.1,128.164499,37.940064,2133.1833384,-45.271,15.47,175.598,0.8801505552518417
109.2,128.164499,37.939844,2136.8168592,-44.972,16.053,174.966,0.8801505552518417
109.3,128.164502,37.939624,2140.7423784000002,-44.683,16.628,174.344,0.8801505552518417
109.4,128.164509,37.939405,2144.9544096000004,-44.402,17.198,173.731,0.8801505552518417
109.5,128.16452,37.939186,2149.4477712,-44.129,17.764,173.124,0.8801505552518417
109.6,128.164535,37.938968,2154.2172816,-43.861,18.325,172.524,0.8801505552518417
109.7,128.164553,37.93875,2159.2586736,-43.597,18.878,171.934,0.8801505552518417
109.8,128.164575,37.938533,2164.56768,-43.337,19.425,171.353,0.8801505552518417
109.9,128.1646,37.938316,2170.1400336,-43.08,19.966,170.779,0.8801505552518417
110.0,128.164628,37.9381,2175.9717720000003,-42.829,20.504,170.21,0.8801505552518417
110.1,128.164659,37.937885,2182.0595424000003,-42.584,21.041,169.644,0.8801505552518417
110.2,128.164693,37.93767,2188.399992,-42.343,21.575,169.083,0.8801505552518417
110.3,128.164731,37.937456,2194.989768,-42.103,22.104,168.529,0.8801505552518417
110.4,128.164771,37.937243,2201.8258224,-41.869,22.624,167.984,0.8801505552518417
110.5,128.164814,37.937031,2208.9060216000003,-41.646,23.134,167.451,0.8801505552518417
110.6,128.16486,37.936819,2216.226708,-41.443,23.632,166.929,0.8801505552518417
110.7,128.164909,37.936609,2223.7848336,-41.27,24.116,166.42,0.8801505552518417
110.8,128.164961,37.936399,2231.5767408,-41.138,24.584,165.927,0.8801505552518417
110.9,128.165015,37.93619,2239.5987720000003,-41.063,25.031,165.45,0.8801505552518417
111.0,128.165071,37.935982,2247.8463552,-41.063,25.456,164.989,0.8801505552518417
111.1,128.16513,37.935776,2256.3136992,-41.148,25.859,164.545,0.8801505552518417
111.2,128.165192,37.93557,2264.9950128,-41.331,26.238,164.116,0.8801505552518417
111.3,128.165256,37.935365,2273.8829808,-41.623,26.592,163.701,0.8801505552518417
111.4,128.165322,37.935161,2282.9699832,-42.033,26.92,163.3,0.8801505552518417
111.5,128.16539,37.934958,2292.2474856000003,-42.564,27.223,162.912,0.8801505552518417
111.6,128.16546,37.934756,2301.7057344,-43.212,27.503,162.534,0.8801505552518417
111.7,128.165533,37.934555,2311.3328424,-43.962,27.762,162.164,0.8801505552518417
111.8,128.165608,37.934355,2321.1184464000003,-44.791,28.004,161.797,0.8801505552518417
111.9,128.165684,37.934156,2331.0515736,-45.672,28.231,161.432,0.8801505552518417
112.0,128.165763,37.933958,2341.1212512,-46.585,28.443,161.07,0.8801505552518417
112.1,128.165843,37.93376,2351.3180304,-47.518,28.638,160.712,0.8801505552518417
112.2,128.165925,37.933563,2361.6324624,-48.464,28.82,160.356,0.8801505552518417
112.3,128.166009,37.933367,2372.0566224,-49.418,28.99,160.0,0.8801505552518417
112.4,128.166095,37.933172,2382.5822808000003,-50.386,29.149,159.643,0.8801505552518417
112.5,128.166182,37.932977,2393.2030368,-51.387,29.283,159.302,0.8801505552518417
112.6,128.166271,37.932783,2403.9121848,-52.485,29.343,159.042,0.8801505552518417
112.7,128.166362,37.93259,2414.7005808000004,-53.827,29.299,158.911,0.8801505552518417
112.8,128.166454,37.932398,2425.5529848,-55.505,29.192,158.869,0.8801505552518417
112.9,128.166548,37.932206,2436.4498896,-57.409,29.079,158.852,0.8801505552518417
113.0,128.166643,37.932014,2447.3723976,-59.342,28.962,158.859,0.8801505552518417
113.1,128.166738,37.931823,2458.3058784,-61.196,28.876,158.823,0.8801505552518417
113.2,128.166835,37.931632,2469.2421024,-62.949,28.836,158.694,0.8801505552518417
113.3,128.166932,37.931441,2480.1752784,-64.591,28.825,158.496,0.8801505552518417
113.4,128.16703,37.93125,2491.101444,-66.051,28.847,158.216,0.8801505552518417
113.5,128.167129,37.931058,2502.0184656,-67.261,28.882,157.891,0.8801505552518417
113.6,128.167229,37.930867,2512.926648,-68.215,28.934,157.5,0.8801505552518417
113.7,128.167329,37.930676,2523.8275152,-68.943,29.006,157.031,0.8801505552518417
113.8,128.16743,37.930485,2534.7238104,-69.48,29.105,156.454,0.8801505552518417
113.9,128.167533,37.930294,2545.6194960000003,-69.843,29.249,155.728,0.8801505552518417
114.0,128.167637,37.930104,2556.520668,-69.983,29.474,154.746,0.8801505552518417
114.1,128.167742,37.929914,2567.4376896000003,-69.793,29.784,153.504,0.8801505552518417
114.2,128.167849,37.929724,2578.3845816000003,-69.192,30.147,152.113,0.8801505552518417
114.3,128.167959,37.929536,2589.3787176,-68.165,30.544,150.676,0.8801505552518417
114.4,128.168071,37.929348,2600.4380808,-66.733,30.978,149.231,0.8801505552518417
114.5,128.168186,37.929163,2611.5800448,-64.908,31.465,147.787,0.8801505552518417
114.6,128.168304,37.928978,2622.825336,-62.685,32.017,146.351,0.8801505552518417
114.7,128.168424,37.928796,2634.1959,-60.052,32.641,144.947,0.8801505552518417
114.8,128.168548,37.928616,2645.7182544,-57.063,33.346,143.582,0.8801505552518417
114.9,128.168675,37.928439,2657.4228792,-53.879,34.154,142.233,0.8801505552518417
115.0,128.168806,37.928265,2669.3414736000004,-50.658,35.098,140.869,0.8801505552518417
115.1,128.168938,37.928093,2681.5008600000006,-47.313,36.191,139.511,0.8801505552518417
115.2,128.169074,37.927925,2693.9251176,-43.641,37.423,138.205,0.8801505552518417
115.3,128.169211,37.92776,2706.6395448,-39.541,38.795,136.98,0.8801505552518417
115.4,128.16935,37.927598,2719.6642584,-34.754,40.338,135.885,0.8801505552518417
115.5,128.169491,37.92744,2733.0358344,-29.578,41.973,134.93,0.8801505552518417
115.6,128.169632,37.927285,2746.8460176,-26.452,43.561,134.061,0.8801505552518417
115.7,128.169773,37.927136,2761.1883816,-27.08,45.118,133.198,0.8801505552518417
115.8,128.169914,37.926993,2776.1101704000002,-31.427,46.626,132.183,0.8801505552518417
115.9,128.170055,37.926856,2791.5223824000004,-36.21,48.172,131.114,0.8801505552518417
116.0,128.170196,37.926723,2807.3085840000003,-36.692,49.748,129.98,0.8801505552518417
116.1,128.170337,37.926594,2823.4047671999997,-34.779,51.236,128.648,0.8801505552518417
116.2,128.170478,37.92647,2839.8782928,-34.785,52.583,127.16,0.8801505552518417
116.3,128.170618,37.926353,2856.797436,-38.701,53.828,125.508,0.8801505552518417
116.4,128.170757,37.926242,2874.145128,-43.828,55.092,123.789,0.8801505552518417
116.5,128.170896,37.926137,2891.8201752,-45.426,56.411,121.953,0.8801505552518417
116.6,128.171035,37.926036,2909.7643608,-45.169,57.633,119.818,0.8801505552518417
116.7,128.171173,37.925941,2928.0136512,-47.576,58.681,117.43,0.8801505552518417
116.8,128.17131,37.925853,2946.5906016,-53.346,59.601,114.823,0.8801505552518417
116.9,128.171446,37.925773,2965.4430912000003,-59.888,60.495,112.022,0.8801505552518417
117.0,128.171582,37.925698,2984.4955296000003,-62.421,61.411,109.028,0.8801505552518417
117.1,128.171717,37.925628,3003.711036,-62.968,62.165,105.746,0.8801505552518417
117.2,128.171852,37.925564,3023.10546,-65.786,62.71,102.331,0.8801505552518417
117.3,128.171986,37.925507,3042.679716,-71.657,63.096,98.811,0.8801505552518417
117.4,128.172119,37.925457,3062.3883888,-79.299,63.345,95.117,0.8801505552518417
117.5,128.172252,37.925413,3082.1778336,-85.447,63.528,91.271,0.8801505552518417
117.6,128.172384,37.925373,3102.0239712000002,-88.211,63.594,87.353,0.8801505552518417
117.7,128.172517,37.925339,3121.9161336,-89.904,63.487,83.557,0.8801505552518417
117.8,128.172649,37.92531,3141.8427384,-92.109,63.292,79.941,0.8801505552518417
117.9,128.17278,37.925288,3161.7876312,-95.314,63.039,76.423,0.8801505552518417
118.0,128.172911,37.925271,3181.7337432000004,-99.036,62.725,72.951,0.8801505552518417
118.1,128.173041,37.92526,3201.66492,-102.592,62.337,69.543,0.8801505552518417
118.2,128.17317,37.925255,3221.5671408000003,-105.616,61.869,66.243,0.8801505552518417
118.3,128.173299,37.925255,3241.4248608,-108.095,61.33,63.083,0.8801505552518417
118.4,128.173426,37.92526,3261.2222304,-110.262,60.728,60.067,0.8801505552518417
118.5,128.173553,37.925271,3280.9424856,-112.403,60.071,57.188,0.8801505552518417
118.6,128.173678,37.925288,3300.5719104,-114.607,59.365,54.424,0.8801505552518417
118.7,128.173802,37.92531,3320.096484,-116.816,58.61,51.77,0.8801505552518417
118.8,128.173925,37.925337,3339.4945656,-119.567,57.751,49.291,0.8801505552518417
118.9,128.174046,37.925371,3358.7134248,-124.055,56.741,47.053,0.8801505552518417
119.0,128.174165,37.925412,3377.7100848000005,-129.97,55.59,45.004,0.8801505552518417
119.1,128.174284,37.925459,3396.4589424,-135.468,54.341,43.048,0.8801505552518417
119.2,128.174401,37.925511,3414.9923064,-137.487,53.035,41.125,0.8801505552518417
119.3,128.174519,37.925567,3433.337304,-137.632,51.645,39.397,0.8801505552518417
119.4,128.174635,37.925627,3451.4506536,-137.794,50.242,37.869,0.8801505552518417
119.5,128.17475,37.925694,3469.2552408,-139.78,48.828,36.523,0.8801505552518417
119.6,128.174864,37.925766,3486.7029072000005,-143.405,47.384,35.282,0.8801505552518417
119.7,128.174978,37.925844,3503.7714024,-148.2,45.847,34.184,0.8801505552518417
119.8,128.17509,37.925927,3520.4360376,-153.736,44.189,33.292,0.8801505552518417
119.9,128.175203,37.926015,3536.6861448,-159.276,42.404,32.612,0.8801505552518417
120.0,128.175315,37.926107,3552.5668344,-163.67,40.517,32.135,0.8801505552518417
120.1,128.175429,37.926203,3568.051284,-167.116,38.575,31.894,0.8801505552518417
120.2,128.175543,37.926303,3583.0797528000003,-170.362,36.614,31.866,0.8801505552518417
120.3,128.175658,37.926407,3597.6040824,-173.913,34.636,32.013,0.8801505552518417
120.4,128.175775,37.926514,3611.602632,-177.865,32.635,32.319,0.8801505552518417
120.5,128.175893,37.926625,3625.0750967999998,178.005,30.613,32.783,0.8801505552518417
120.6,128.176013,37.926738,3638.0251344000003,173.934,28.587,33.409,0.8801505552518417
120.7,128.176136,37.926854,3650.4487824000003,170.01,26.578,34.195,0.8801505552518417
120.8,128.176261,37.926972,3662.3314104,166.143,24.607,35.134,0.8801505552518417
120.9,128.176389,37.927092,3673.6522920000007,162.128,22.686,36.224,0.8801505552518417
121.0,128.17652,37.927213,3684.4013688000005,157.823,20.824,37.46,0.8801505552518417
121.1,128.176654,37.927336,3694.5835176,153.258,19.031,38.843,0.8801505552518417
121.2,128.176792,37.927458,3704.2237320000004,148.63,17.32,40.365,0.8801505552518417
121.3,128.176933,37.927581,3713.3387760000005,144.092,15.715,42.015,0.8801505552518417
121.4,128.177078,37.927704,3721.9231632,139.358,14.237,43.787,0.8801505552518417
121.5,128.177227,37.927825,3729.9979248,134.459,12.898,45.673,0.8801505552518417
121.6,128.17738,37.927945,3737.5889688,129.447,11.718,47.671,0.8801505552518417
121.7,128.177537,37.928064,3744.7267752000002,124.349,10.712,49.764,0.8801505552518417
121.8,128.177698,37.92818,3751.4457864,119.19,9.892,51.933,0.8801505552518417
121.9,128.177863,37.928294,3757.7834928,113.994,9.267,54.158,0.8801505552518417
122.0,128.178032,37.928405,3763.7804328000007,108.782,8.846,56.42,0.8801505552518417
122.1,128.178205,37.928512,3769.4789736000002,103.574,8.634,58.699,0.8801505552518417
122.2,128.178382,37.928616,3774.9233112,98.393,8.634,60.975,0.8801505552518417
122.3,128.178562,37.928717,3780.1591656,93.272,8.859,63.227,0.8801505552518417
122.4,128.178745,37.928813,3785.2337807999997,88.228,9.311,65.432,0.8801505552518417
122.5,128.178932,37.928906,3790.19562,83.235,9.967,67.569,0.8801505552518417
122.6,128.179122,37.928994,3795.0928416,78.261,10.794,69.619,0.8801505552518417
122.7,128.179314,37.929078,3799.9739088,73.305,11.777,71.569,0.8801505552518417
122.8,128.179509,37.929158,3804.885456,68.375,12.905,73.407,0.8801505552518417
122.9,128.179706,37.929233,3809.8725936,63.48,14.169,75.124,0.8801505552518417
123.0,128.179905,37.929304,3814.9688496,58.922,15.515,76.67,0.8801505552518417
123.1,128.180105,37.929372,3820.1769672,55.355,16.86,77.983,0.8801505552518417
123.2,128.180305,37.929436,3825.5161488000003,52.728,18.197,79.119,0.8801505552518417
123.3,128.180507,37.929498,3831.0086448,50.816,19.52,80.146,0.8801505552518417
123.4,128.18071,37.929556,3836.6678664,49.48,20.809,81.112,0.8801505552518417
123.5,128.180913,37.929612,3842.4907656,49.054,22.028,82.047,0.8801505552518417
123.6,128.181116,37.929665,3848.4334512,50.343,23.126,82.969,0.8801505552518417
123.7,128.181321,37.929716,3854.4806832,52.862,24.133,83.907,0.8801505552518417
123.8,128.181526,37.929764,3860.6986032000004,54.458,25.114,84.893,0.8801505552518417
123.9,128.18173,37.929809,3867.1356744,54.528,26.042,85.916,0.8801505552518417
124.0,128.181935,37.929849,3873.7742184000003,53.717,26.921,86.979,0.8801505552518417
124.1,128.18214,37.929886,3880.5925944,52.726,27.778,88.073,0.8801505552518417
124.2,128.182345,37.929921,3887.5688568,52.573,28.593,89.184,0.8801505552518417
124.3,128.18255,37.929954,3894.6487512,54.369,29.333,90.306,0.8801505552518417
124.4,128.182755,37.929984,3901.8106368000003,57.659,30.008,91.46,0.8801505552518417
124.5,128.18296,37.930012,3909.1045008000006,60.585,30.635,92.672,0.8801505552518417
124.6,128.183165,37.930037,3916.5629568000004,62.074,31.188,93.938,0.8801505552518417
124.7,128.18337,37.930059,3924.15522,63.013,31.64,95.256,0.8801505552518417
124.8,128.183574,37.930077,3931.8654408,63.867,32.027,96.618,0.8801505552518417
124.9,128.183779,37.930093,3939.6920952,64.632,32.374,98.01,0.8801505552518417
125.0,128.183983,37.930106,3947.6254296,65.517,32.675,99.404,0.8801505552518417
125.1,128.184186,37.930116,3955.6483752000004,66.938,32.922,100.795,0.8801505552518417
125.2,128.18439,37.930124,3963.7450824000002,69.126,33.098,102.178,0.8801505552518417
125.3,128.184593,37.93013,3971.9067120000004,71.919,33.191,103.532,0.8801505552518417
125.4,128.184797,37.930134,3980.1280824000005,75.022,33.189,104.852,0.8801505552518417
125.5,128.185,37.930134,3988.4018784000004,78.049,33.088,106.145,0.8801505552518417
125.6,128.185202,37.930133,3996.7140792,81.021,32.886,107.424,0.8801505552518417
125.7,128.185405,37.930129,4005.0546264,83.815,32.592,108.68,0.8801505552518417
125.8,128.185607,37.930122,4013.4131568000003,86.329,32.218,109.906,0.8801505552518417
125.9,128.18581,37.930113,4021.7808312,88.521,31.776,111.102,0.8801505552518417
126.0,128.186011,37.930102,4030.1482008000003,90.401,31.28,112.265,0.8801505552518417
126.1,128.186213,37.930087,4038.5064264,92.016,30.744,113.395,0.8801505552518417
126.2,128.186415,37.93007,4046.8475832,93.435,30.18,114.493,0.8801505552518417
126.3,128.186616,37.930051,4055.1634416,94.724,29.6,115.538,0.8801505552518417
126.4,128.186817,37.930029,4063.4476008000006,95.931,29.012,116.492,0.8801505552518417
126.5,128.187017,37.930004,4071.6918312000003,97.12,28.42,117.363,0.8801505552518417
126.6,128.187217,37.929976,4079.889732,98.347,27.822,118.174,0.8801505552518417
126.7,128.187417,37.929946,4088.0342928,99.652,27.213,118.952,0.8801505552518417
126.8,128.187617,37.929914,4096.118808,101.06,26.587,119.723,0.8801505552518417
126.9,128.187816,37.929878,4104.1362672,102.569,25.939,120.489,0.8801505552518417
127.0,128.188015,37.929841,4112.0799648,104.152,25.272,121.218,0.8801505552518417
127.1,128.188214,37.9298,4119.9425856,105.737,24.593,121.88,0.8801505552518417
127.2,128.188412,37.929758,4127.714376000001,107.235,23.894,122.523,0.8801505552518417
127.3,128.18861,37.929712,4135.3880208,108.674,23.169,123.174,0.8801505552518417
127.4,128.188808,37.929664,4142.9559,110.094,22.417,123.837,0.8801505552518417
127.5,128.189005,37.929614,4150.4100888,111.501,21.64,124.512,0.8801505552518417
127.6,128.189202,37.929561,4157.741748,112.885,20.839,125.199,0.8801505552518417
127.7,128.189399,37.929505,4164.9420384000005,114.233,20.012,125.895,0.8801505552518417
127.8,128.189595,37.929447,4172.001816,115.536,19.163,126.596,0.8801505552518417
127.9,128.189791,37.929386,4178.912546400001,116.788,18.293,127.296,0.8801505552518417
128.0,128.189986,37.929323,4185.6641712,117.975,17.406,127.991,0.8801505552518417
128.1,128.190181,37.929257,4192.247546400001,119.093,16.504,128.68,0.8801505552518417
128.2,128.190376,37.929189,4198.6541376,120.147,15.59,129.361,0.8801505552518417
128.3,128.190569,37.929117,4204.8751056,121.143,14.666,130.033,0.8801505552518417
128.4,128.190762,37.929044,4210.901916,122.095,13.734,130.698,0.8801505552518417
128.5,128.190954,37.928968,4216.726644,123.018,12.794,131.356,0.8801505552518417
128.6,128.191146,37.928889,4222.3419744,123.925,11.845,132.009,0.8801505552518417
128.7,128.191337,37.928807,4227.7402872,124.83,10.889,132.657,0.8801505552518417
128.8,128.191527,37.928724,4232.913048,125.73,9.922,133.301,0.8801505552518417
128.9,128.191716,37.928637,4237.8501984,126.585,8.945,133.945,0.8801505552518417
129.0,128.191905,37.928548,4242.5395464,127.331,7.957,134.596,0.8801505552518417
129.1,128.192092,37.928456,4246.9655472,127.873,6.956,135.26,0.8801505552518417
129.2,128.192278,37.928362,4251.1086936,128.053,5.945,135.955,0.8801505552518417
129.3,128.192463,37.928265,4254.9418584000005,127.572,4.923,136.716,0.8801505552518417
129.4,128.192646,37.928164,4258.4284656,125.887,3.919,137.567,0.8801505552518417
129.5,128.192826,37.92806,4261.526452800001,122.558,2.99,138.505,0.8801505552518417
129.6,128.193003,37.927952,4264.2397824,117.888,2.158,139.55,0.8801505552518417
129.7,128.193177,37.927841,4266.6047256,112.467,1.453,140.723,0.8801505552518417
129.8,128.193347,37.927726,4268.6679168,106.859,0.903,142.022,0.8801505552518417
129.9,128.193514,37.927608,4270.48422,102.089,0.506,143.427,0.8801505552518417
130.0,128.193679,37.927487,4272.10728,99.197,0.239,144.905,0.8801505552518417
130.1,128.193841,37.927363,4273.551727200001,97.654,0.093,146.407,0.8801505552518417
130.2,128.193999,37.927236,4274.8172568,96.366,0.042,147.894,0.8801505552518417
130.3,128.194152,37.927106,4275.9093552,94.484,0.06,149.369,0.8801505552518417
130.4,128.194301,37.926972,4276.8450912,91.756,0.138,150.853,0.8801505552518417
130.5,128.194445,37.926836,4277.6503728,88.409,0.291,152.36,0.8801505552518417
130.6,128.194584,37.926696,4278.3547656,84.712,0.558,153.883,0.8801505552518417
130.7,128.194719,37.926553,4278.991188,80.78,0.982,155.404,0.8801505552518417
130.8,128.194848,37.926408,4279.5980448,76.461,1.563,156.904,0.8801505552518417
130.9,128.194971,37.926259,4280.2183128,71.715,2.292,158.371,0.8801505552518417
131.0,128.19509,37.926109,4280.889787200001,66.761,3.155,159.795,0.8801505552518417
131.1,128.195204,37.925956,4281.6389856,62.227,4.112,161.178,0.8801505552518417
131.2,128.195314,37.925801,4282.467432,59.209,5.11,162.518,0.8801505552518417
131.3,128.195422,37.925645,4283.3440368,58.825,6.063,163.749,0.8801505552518417
131.4,128.195528,37.925488,4284.225213600001,61.453,6.875,164.854,0.8801505552518417
131.5,128.195631,37.925329,4285.124373600001,65.215,7.615,165.975,0.8801505552518417
131.6,128.195731,37.925169,4286.0951616,66.885,8.301,167.118,0.8801505552518417
131.7,128.195826,37.925007,4287.188784,66.318,8.899,168.254,0.8801505552518417
131.8,128.195915,37.924844,4288.444560000001,63.857,9.482,169.383,0.8801505552518417
131.9,128.195997,37.924679,4289.8746816,60.068,10.129,170.517,0.8801505552518417
132.0,128.196075,37.924513,4291.475796000001,56.133,10.859,171.657,0.8801505552518417
132.1,128.196149,37.924346,4293.219252,53.375,11.671,172.789,0.8801505552518417
132.2,128.196219,37.924178,4295.0898096,52.261,12.529,173.878,0.8801505552518417
132.3,128.196287,37.924009,4297.090516800001,52.672,13.377,174.907,0.8801505552518417
132.4,128.19635,37.92384,4299.2570352,53.619,14.202,175.902,0.8801505552518417
132.5,128.196409,37.92367,4301.640266400001,53.925,15.005,176.884,0.8801505552518417
132.6,128.196462,37.923499,4304.2554504,53.297,15.792,177.875,0.8801505552518417
132.7,128.196511,37.923328,4307.1001488,51.914,16.589,178.884,0.8801505552518417
132.8,128.196555,37.923158,4310.172228,50.088,17.417,179.896,0.8801505552518417
132.9,128.196595,37.922987,4313.4738216,48.098,18.288,180.892,0.8801505552518417
133.0,128.196631,37.922816,4317.011025600001,46.129,19.205,181.857,0.8801505552518417
133.1,128.196663,37.922645,4320.7938984,44.268,20.167,182.783,0.8801505552518417
133.2,128.19669,37.922475,4324.8334128,42.533,21.17,183.668,0.8801505552518417
133.3,128.196714,37.922305,4329.1402368,40.905,22.208,184.512,0.8801505552518417
133.4,128.196734,37.922136,4333.7238192,39.352,23.278,185.318,0.8801505552518417
133.5,128.196751,37.921967,4338.5914752,37.855,24.377,186.089,0.8801505552518417
133.6,128.196764,37.921799,4343.7493008,36.416,25.504,186.824,0.8801505552518417
133.7,128.196773,37.921633,4349.1997344,35.052,26.66,187.517,0.8801505552518417
133.8,128.19678,37.921467,4354.945214400001,33.777,27.846,188.165,0.8801505552518417
133.9,128.196783,37.921303,4360.988179200001,32.578,29.056,188.767,0.8801505552518417
134.0,128.196784,37.92114,4367.3319816,31.41,30.283,189.331,0.8801505552518417
134.1,128.196782,37.920978,4373.979060000001,30.224,31.52,189.867,0.8801505552518417
134.2,128.196777,37.920818,4380.9315480000005,28.982,32.762,190.379,0.8801505552518417
134.3,128.19677,37.920659,4388.1909696,27.659,34.01,190.867,0.8801505552518417
134.4,128.19676,37.920502,4395.7597632,26.237,35.263,191.327,0.8801505552518417
134.5,128.196748,37.920347,4403.6403672,24.692,36.525,191.753,0.8801505552518417
134.6,128.196735,37.920194,4411.8349152,23.0,37.798,192.138,0.8801505552518417
134.7,128.196719,37.920043,4420.3464552000005,21.139,39.083,192.474,0.8801505552518417
134.8,128.196702,37.919894,4429.1771208,19.091,40.383,192.752,0.8801505552518417
134.9,128.196684,37.919748,4438.3290456,16.837,41.7,192.959,0.8801505552518417
135.0,128.196664,37.919603,4447.8037536,14.358,43.035,193.082,0.8801505552518417
135.1,128.196643,37.919462,4457.6036832,11.616,44.389,193.108,0.8801505552518417
135.2,128.196622,37.919323,4467.7315776000005,8.547,45.759,193.021,0.8801505552518417
135.3,128.196601,37.919187,4478.1868272,5.109,47.147,192.796,0.8801505552518417
135.4,128.196579,37.919054,4488.963640800001,1.318,48.548,192.407,0.8801505552518417
135.5,128.196558,37.918924,4500.0510456,-2.749,49.957,191.823,0.8801505552518417
135.6,128.196538,37.918796,4511.4353256,-7.024,51.361,191.015,0.8801505552518417
135.7,128.196518,37.918672,4523.100936,-11.427,52.745,189.962,0.8801505552518417
135.8,128.1965,37.91855,4535.0265408000005,-15.83,54.094,188.653,0.8801505552518417
135.9,128.196484,37.91843,4547.190804,-20.082,55.39,187.085,0.8801505552518417
136.0,128.196469,37.918313,4559.5736088,-24.066,56.616,185.272,0.8801505552518417
136.1,128.196457,37.918199,4572.1658112000005,-27.843,57.76,183.233,0.8801505552518417
136.2,128.196446,37.918087,4584.962534400001,-31.594,58.812,180.99,0.8801505552518417
136.3,128.196439,37.917978,4597.9589016,-35.557,59.768,178.549,0.8801505552518417
136.4,128.196434,37.917871,4611.14394,-39.888,60.628,175.912,0.8801505552518417
136.5,128.196432,37.917767,4624.5005808,-44.593,61.386,173.077,0.8801505552518417
136.6,128.196433,37.917666,4638.01206,-49.651,62.035,170.047,0.8801505552518417
136.7,128.196437,37.917568,4651.6603944,-55.024,62.561,166.835,0.8801505552518417
136.8,128.196445,37.917471,4665.4263816,-60.665,62.964,163.482,0.8801505552518417
136.9,128.196456,37.917378,4679.287771200001,-66.323,63.26,160.04,0.8801505552518417
137.0,128.196471,37.917286,4693.2165216,-71.324,63.45,156.539,0.8801505552518417
137.1,128.196488,37.917195,4707.19404,-75.21,63.536,153.038,0.8801505552518417
137.2,128.196507,37.917106,4721.211792,-77.91,63.533,149.619,0.8801505552518417
137.3,128.19653,37.917019,4735.26612,-79.645,63.469,146.349,0.8801505552518417
137.4,128.196555,37.916934,4749.3536712000005,-80.661,63.382,143.25,0.8801505552518417
137.5,128.196583,37.91685,4763.4710928,-81.171,63.306,140.314,0.8801505552518417
137.6,128.196614,37.916768,4777.617165600001,-81.363,63.264,137.52,0.8801505552518417
137.7,128.196648,37.916688,4791.7900608,-81.401,63.268,134.843,0.8801505552518417
137.8,128.196684,37.91661,4805.9882544,-81.422,63.322,132.258,0.8801505552518417
137.9,128.196723,37.916534,4820.2111368000005,-81.526,63.423,129.742,0.8801505552518417
138.0,128.196763,37.91646,4834.4593176,-82.168,63.54,127.272,0.8801505552518417
138.1,128.196807,37.916389,4848.7379784,-84.283,63.617,124.838,0.8801505552518417
138.2,128.196854,37.916321,4863.040413600001,-87.704,63.649,122.394,0.8801505552518417
138.3,128.196903,37.916257,4877.3526024,-92.017,63.614,119.877,0.8801505552518417
138.4,128.196956,37.916195,4891.660219200001,-96.185,63.511,117.283,0.8801505552518417
138.5,128.19701,37.916135,4905.9544248,-98.699,63.368,114.616,0.8801505552518417
138.6,128.197066,37.916077,4920.2343048,-100.164,63.153,111.953,0.8801505552518417
138.7,128.197124,37.91602,4934.4943728,-101.173,62.884,109.393,0.8801505552518417
138.8,128.197185,37.915967,4948.728532800001,-102.235,62.582,106.955,0.8801505552518417
138.9,128.197248,37.915916,4962.931298400001,-103.692,62.248,104.608,0.8801505552518417
139.0,128.197314,37.915868,4977.0916968,-106.071,61.858,102.349,0.8801505552518417
139.1,128.197382,37.915823,4991.1978408,-109.295,61.407,100.135,0.8801505552518417
139.2,128.197453,37.915781,5005.2390624,-112.615,60.902,97.927,0.8801505552518417
139.3,128.197525,37.915742,5019.2199336,-114.59,60.373,95.682,0.8801505552518417
139.4,128.1976,37.915705,5033.1520368,-115.366,59.804,93.452,0.8801505552518417
139.5,128.197675,37.915669,5047.036591200001,-115.227,59.223,91.297,0.8801505552518417
139.6,128.197753,37.915634,5060.865672,-114.893,58.649,89.266,0.8801505552518417
139.7,128.197832,37.915603,5074.622515200001,-115.548,58.071,87.387,0.8801505552518417
139.8,128.197913,37.915575,5088.2866992,-117.209,57.493,85.613,0.8801505552518417
139.9,128.197997,37.91555,5101.848470400001,-119.763,56.886,83.891,0.8801505552518417
140.0,128.198082,37.915529,5115.29838,-123.017,56.217,82.207,0.8801505552518417
140.1,128.19817,37.91551,5128.6245408,-126.743,55.458,80.581,0.8801505552518417
140.2,128.198259,37.915494,5141.8199424,-130.134,54.616,79.006,0.8801505552518417
140.3,128.19835,37.915481,5154.9013488,-131.647,53.73,77.43,0.8801505552518417
140.4,128.198442,37.915469,5167.8977159999995,-131.568,52.801,75.889,0.8801505552518417
140.5,128.198536,37.915459,5180.812701600001,-130.41,51.87,74.412,0.8801505552518417
140.6,128.19863,37.91545,5193.636856800001,-128.577,50.987,72.997,0.8801505552518417
140.7,128.198726,37.915444,5206.360428000001,-126.777,50.169,71.642,0.8801505552518417
140.8,128.198824,37.91544,5218.956288,-126.113,49.4,70.362,0.8801505552518417
140.9,128.198922,37.915439,5231.405844,-126.615,48.67,69.119,0.8801505552518417
141.0,128.199022,37.915441,5243.7051336,-128.157,47.943,67.887,0.8801505552518417
141.1,128.199123,37.915445,5255.8501944,-130.535,47.186,66.672,0.8801505552518417
141.2,128.199225,37.915453,5267.83554,-133.514,46.369,65.497,0.8801505552518417
141.3,128.199328,37.915463,5279.65416,-136.861,45.475,64.39,0.8801505552518417
141.4,128.199433,37.915476,5291.299044,-140.374,44.491,63.379,0.8801505552518417
141.5,128.199539,37.915491,5302.7650104,-143.344,43.433,62.449,0.8801505552518417
141.6,128.199645,37.915508,5314.067908800001,-144.387,42.337,61.539,0.8801505552518417
141.7,128.199753,37.915527,5325.2351712,-143.622,41.215,60.651,0.8801505552518417
141.8,128.199862,37.915547,5336.2765512000005,-141.46,40.106,59.777,0.8801505552518417
141.9,128.199972,37.915569,5347.1798568,-138.441,39.053,58.904,0.8801505552518417
142.0,128.200083,37.915593,5357.935029599999,-135.401,38.075,58.026,0.8801505552518417
142.1,128.200194,37.915619,5368.5237816,-133.516,37.161,57.158,0.8801505552518417
142.2,128.200306,37.915648,5378.926300800001,-132.853,36.307,56.279,0.8801505552518417
142.3,128.200418,37.915679,5389.138320000001,-133.318,35.487,55.382,0.8801505552518417
142.4,128.200531,37.915712,5399.157400800001,-134.735,34.67,54.478,0.8801505552518417
142.5,128.200645,37.915748,5408.9798856,-136.889,33.825,53.587,0.8801505552518417
142.6,128.200759,37.915786,5418.600288000001,-139.555,32.932,52.735,0.8801505552518417
142.7,128.200873,37.915827,5428.011292800001,-142.528,31.973,51.943,0.8801505552518417
142.8,128.200988,37.915869,5437.2064992000005,-145.628,30.939,51.232,0.8801505552518417
142.9,128.201103,37.915914,5446.181944800001,-148.202,29.842,50.585,0.8801505552518417
143.0,128.201219,37.915961,5454.955308,-148.955,28.71,49.947,0.8801505552518417
143.1,128.201336,37.916009,5463.5515824,-147.984,27.555,49.319,0.8801505552518417
143.2,128.201453,37.916059,5471.988446400001,-145.568,26.409,48.683,0.8801505552518417
143.3,128.201571,37.91611,5480.2534032,-142.606,25.299,48.046,0.8801505552518417
143.4,128.201689,37.916163,5488.32024,-140.458,24.229,47.43,0.8801505552518417
143.5,128.201807,37.916218,5496.160915200001,-139.251,23.212,46.809,0.8801505552518417
143.6,128.201925,37.916275,5503.7611031999995,-138.972,22.234,46.17,0.8801505552518417
143.7,128.202043,37.916335,5511.1198896,-139.536,21.271,45.514,0.8801505552518417
143.8,128.202161,37.916396,5518.2354456,-140.805,20.301,44.852,0.8801505552518417
143.9,128.202279,37.91646,5525.1038088000005,-142.624,19.301,44.201,0.8801505552518417
144.0,128.202397,37.916525,5531.7213216,-144.835,18.258,43.58,0.8801505552518417
144.1,128.202515,37.916593,5538.081888000001,-147.293,17.16,43.007,0.8801505552518417
144.2,128.202633,37.916662,5544.1797168,-149.875,16.001,42.493,0.8801505552518417
144.3,128.20275,37.916733,5550.0135887999995,-152.037,14.791,42.027,0.8801505552518417
144.4,128.202868,37.916806,5555.605449600001,-152.705,13.554,41.562,0.8801505552518417
144.5,128.202986,37.91688,5560.980597600001,-152.07,12.296,41.103,0.8801505552518417
144.6,128.203105,37.916956,5566.1362896,-150.526,11.039,40.648,0.8801505552518417
144.7,128.203223,37.917032,5571.059724000001,-148.419,9.81,40.185,0.8801505552518417
144.8,128.203341,37.917111,5575.7371848,-146.316,8.619,39.708,0.8801505552518417
144.9,128.203459,37.917191,5580.1406304,-144.981,7.462,39.226,0.8801505552518417
145.0,128.203577,37.917272,5584.254516,-144.455,6.336,38.725,0.8801505552518417
145.1,128.203694,37.917356,5588.078232000001,-144.689,5.225,38.203,0.8799837430732993
145.2,128.20381,37.917441,5591.610864,-145.59,4.112,37.668,0.8794978787011649
145.3,128.203926,37.917527,5594.8496688000005,-147.039,2.98,37.137,0.8786900550109287
145.4,128.204041,37.917615,5597.7906840000005,-148.905,1.816,36.627,0.8775581604562505
145.5,128.204156,37.917705,5600.430252000001,-151.053,0.603,36.165,0.8760994366805078
145.6,128.20427,37.917795,5602.7683728,-153.029,-0.651,35.744,0.8743142054659117
145.7,128.204383,37.917887,5604.827906400001,-154.063,-1.928,35.321,0.8721999340366497
145.8,128.204497,37.917981,5606.6170824,-154.457,-3.229,34.918,0.8697565586734508
145.9,128.20461,37.918075,5608.123404,-154.422,-4.542,34.538,0.866984718993568
146.0,128.204722,37.91817,5609.3371176,-154.139,-5.855,34.174,0.8638843391332025
146.1,128.204835,37.918267,5610.2496888,-153.761,-7.161,33.817,0.8604550059716091
146.2,128.204946,37.918364,5610.8547168,-153.419,-8.457,33.458,0.8566968341529623
146.3,128.205057,37.918463,5611.145800800001,-153.213,-9.743,33.091,0.8526093099661368
146.4,128.205167,37.918562,5611.118673600001,-153.213,-11.021,32.715,0.8481922725818944
146.5,128.205276,37.918663,5610.7684584,-153.458,-12.296,32.332,0.8434461531205504
146.6,128.205384,37.918764,5610.0911928000005,-153.96,-13.571,31.947,0.8414424254877924
146.7,128.205492,37.918866,5609.0841336,-154.709,-14.854,31.565,0.8398213263346695
146.8,128.205598,37.918969,5607.7427088,-155.684,-16.149,31.195,0.8368850352003477
146.9,128.205704,37.919073,5606.0632608000005,-156.87,-17.461,30.847,0.8326329757180224
147.0,128.205809,37.919178,5604.040608,-158.257,-18.795,30.533,0.827068330708584
147.1,128.205912,37.919283,5601.6689592,-159.839,-20.157,30.271,0.8201936651414646
147.2,128.206015,37.919388,5598.943437600001,-161.617,-21.551,30.078,0.8120153914346577
147.3,128.206117,37.919494,5595.8603856,-163.585,-22.978,29.961,0.8033453444098301
147.4,128.206218,37.9196,5592.4173648000005,-165.711,-24.432,29.919,0.7956514122952377
147.5,128.206318,37.919707,5588.6152896,-167.939,-25.91,29.951,0.7876358484759857
147.6,128.206417,37.919813,5584.455988799999,-170.191,-27.407,30.056,0.7792993750905012
147.7,128.206515,37.919919,5579.941291200001,-172.391,-28.915,30.236,0.770646704375397
147.8,128.206613,37.920026,5575.072416,-174.489,-30.428,30.488,0.7616799733949702
147.9,128.20671,37.920132,5569.8493632,-176.472,-31.939,30.811,0.752403286561182
148.0,128.206806,37.920237,5564.272132800001,-178.346,-33.441,31.203,0.7428201664434494
148.1,128.206902,37.920343,5558.34042,179.873,-34.931,31.659,0.7329348068386227
148.2,128.206997,37.920448,5552.054224800001,178.173,-36.403,32.173,0.7278811086065587
148.3,128.207092,37.920552,5545.4141568000005,176.536,-37.855,32.741,0.7278811086065587
148.4,128.207186,37.920655,5538.4202159999995,174.945,-39.285,33.359,0.7278811086065587
148.5,128.207279,37.920758,5531.0733168,173.377,-40.691,34.023,0.7278811086065587
148.6,128.207372,37.92086,5523.374068800001,171.811,-42.075,34.732,0.7278811086065587
148.7,128.207465,37.92096,5515.3236912,170.224,-43.434,35.486,0.7278811086065587
148.8,128.207557,37.92106,5506.923708,168.6,-44.769,36.285,0.7278811086065587
148.9,128.207649,37.921159,5498.175948,166.925,-46.081,37.133,0.7278811086065587
149.0,128.20774,37.921256,5489.0825448000005,165.194,-47.368,38.033,0.7278811086065587
149.1,128.207831,37.921352,5479.6465464,163.404,-48.631,38.988,0.7278811086065587
149.2,128.207922,37.921446,5469.871305600001,161.562,-49.869,40.004,0.7278811086065587
149.3,128.208012,37.92154,5459.7616992,159.698,-51.081,41.084,0.7278811086065587
149.4,128.208102,37.921631,5449.3235184000005,157.873,-52.267,42.229,0.7278811086065587
149.5,128.208191,37.921721,5438.563773600001,156.175,-53.429,43.435,0.7278811086065587
149.6,128.20828,37.92181,5427.4894752,154.7,-54.566,44.697,0.7278811086065587
149.7,128.208369,37.921896,5416.1079384,153.504,-55.681,46.003,0.7278811086065587
149.8,128.208458,37.921981,5404.4252592,152.566,-56.776,47.343,0.7278811086065587
149.9,128.208546,37.922065,5392.4441808,151.808,-57.853,48.707,0.7278811086065587
150.0,128.208634,37.922146,5380.1662272,151.128,-58.914,50.086,0.7278811086065587
150.1,128.208721,37.922226,5367.5932272,150.43,-59.964,51.479,0.7278811086065587
150.2,128.208808,37.922303,5354.7273144,149.619,-61.004,52.89,0.7278811086065587
150.3,128.208894,37.922379,5341.5700128,148.617,-62.036,54.331,0.7278811086065587
150.4,128.20898,37.922453,5328.124065600001,147.357,-63.059,55.823,0.7278811086065587
150.5,128.209064,37.922524,5314.392216,145.779,-64.07,57.389,0.7278811086065587
150.6,128.209148,37.922593,5300.376902399999,143.822,-65.062,59.061,0.7278811086065587
150.7,128.209232,37.922659,5286.081477600001,141.432,-66.028,60.875,0.7278811086065587
150.8,128.209314,37.922723,5271.5092944,138.552,-66.959,62.871,0.7278811086065587
150.9,128.209395,37.922784,5256.6649248,135.126,-67.843,65.094,0.7278811086065587
151.0,128.209476,37.922842,5241.552636,131.084,-68.664,67.588,0.7278811086065587
151.1,128.209555,37.922897,5226.1773048000005,126.29,-69.402,70.397,0.7278811086065587
151.2,128.209634,37.922949,5210.5441128,120.535,-70.027,73.561,0.7278811086065587
151.3,128.209712,37.922996,5194.662204,113.688,-70.507,77.103,0.7278811086065587
151.4,128.209788,37.923039,5178.5483424,105.822,-70.809,81.013,0.7278811086065587
151.5,128.209865,37.923079,5162.2244736,97.232,-70.896,85.219,0.7278811086065587
151.6,128.209941,37.923114,5145.711324000001,88.457,-70.743,89.573,0.7278811086065587
151.7,128.210018,37.923146,5129.0268768000005,80.292,-70.35,93.897,0.7278811086065587
151.8,128.210095,37.923174,5112.1845432,73.149,-69.755,98.008,0.7278811086065587
151.9,128.210173,37.923199,5095.1943816,67.351,-69.022,101.819,0.7278811086065587
152.0,128.210251,37.923221,5078.067974400001,62.828,-68.17,105.248,0.7278811086065587
152.1,128.210331,37.92324,5060.8175136,59.348,-67.24,108.301,0.7278811086065587
152.2,128.210411,37.923255,5043.4533624,56.652,-66.27,111.04,0.7278811086065587
152.3,128.210492,37.923266,5025.9877128,54.457,-65.288,113.529,0.7278811086065587
152.4,128.210575,37.923274,5008.4318424,52.515,-64.306,115.828,0.7278811086065587
152.5,128.210658,37.923279,4990.7973336000005,50.655,-63.329,117.978,0.7278811086065587
152.6,128.210743,37.923279,4973.0942448000005,48.773,-62.355,120.005,0.7278811086065587
152.7,128.210828,37.923275,4955.3329392000005,46.837,-61.379,121.922,0.7278811086065587
152.8,128.210914,37.923268,4937.5231704,44.853,-60.394,123.734,0.7278811086065587
152.9,128.211002,37.923257,4919.6753016,42.845,-59.395,125.441,0.7278811086065587
153.0,128.21109,37.923242,4901.799696,40.844,-58.377,127.044,0.7278811086065587
153.1,128.211179,37.923223,4883.9082408,38.874,-57.34,128.54,0.7278811086065587
153.2,128.21127,37.923201,4866.012823200001,36.954,-56.282,129.932,0.7278811086065587
153.3,128.211361,37.923174,4848.1250256,35.097,-55.203,131.223,0.7278811086065587
153.4,128.211454,37.923144,4830.2582592,33.311,-54.104,132.417,0.7278811086065587
153.5,128.211547,37.923109,4812.4250208,31.597,-52.985,133.52,0.7278811086065587
153.6,128.211642,37.923071,4794.6393312,29.956,-51.848,134.538,0.7278811086065587
153.7,128.211738,37.923029,4776.9142968,28.384,-50.693,135.476,0.7278811086065587
153.8,128.211835,37.922983,4759.2639384,26.877,-49.522,136.339,0.7278811086065587
153.9,128.211934,37.922933,4741.7025816000005,25.424,-48.335,137.132,0.7278811086065587
154.0,128.212033,37.922879,4724.2451616,24.013,-47.133,137.859,0.7278811086065587
154.1,128.212134,37.922821,4706.9069184,22.627,-45.917,138.524,0.7278811086065587
154.2,128.212237,37.922759,4689.703092000001,21.252,-44.687,139.128,0.7278811086065587
154.3,128.21234,37.922694,4672.649532,19.875,-43.442,139.675,0.7278811086065587
154.4,128.212445,37.922624,4655.761478400001,18.491,-42.183,140.166,0.7278811086065587
154.5,128.212552,37.922551,4639.0553904,17.095,-40.91,140.601,0.7278811086065587
154.6,128.21266,37.922474,4622.5474224,15.677,-39.623,140.981,0.7278811086065587
154.7,128.21277,37.922393,4606.2543384,14.226,-38.322,141.305,0.7278811086065587
154.8,128.212881,37.922309,4590.193512000001,12.728,-37.008,141.574,0.7278811086065587
154.9,128.212994,37.922221,4574.383536,11.155,-35.68,141.784,0.7278811086065587
155.0,128.213108,37.922129,4558.8411744,9.503,-34.337,141.935,0.7278811086065587
155.1,128.213225,37.922034,4543.5813624,7.789,-32.98,142.026,0.7278811086065587
155.2,128.213343,37.921936,4528.6202544,6.026,-31.61,142.054,0.7278811086065587
155.3,128.213464,37.921834,4513.975224,4.199,-30.229,142.014,0.7278811086065587
155.4,128.213587,37.921729,4499.6673024,2.264,-28.837,141.903,0.7278811086065587
155.5,128.213712,37.921621,4485.717216,0.185,-27.434,141.698,0.7278811086065587
155.6,128.213839,37.921511,4472.1426432,-2.034,-26.023,141.374,0.7278811086065587
155.7,128.213969,37.921397,4458.9508992,-4.359,-24.605,140.945,0.7278811086065587
155.8,128.214102,37.921282,4446.141984,-6.686,-23.185,140.439,0.7278811086065587
155.9,128.214237,37.921164,4433.7201648,-8.927,-21.771,139.864,0.7278811086065587
156.0,128.214375,37.921044,4421.693366400001,-11.068,-20.372,139.223,0.7278811086065587
156.1,128.214517,37.920923,4410.071952,-13.149,-18.991,138.52,0.7278811086065587
156.2,128.214661,37.920801,4398.8662848,-15.23,-17.632,137.757,0.7278811086065587
156.3,128.214809,37.920677,4388.0842896,-17.356,-16.297,136.937,0.7278811086065587
156.4,128.21496,37.920552,4377.7320624,-19.553,-14.986,136.059,0.7278811086065587
156.5,128.215114,37.920426,4367.809908,-21.805,-13.703,135.124,0.7278811086065587
156.6,128.215273,37.920301,4358.3147784,-24.06,-12.45,134.133,0.7278811086065587
156.7,128.215434,37.920175,4349.2405776000005,-26.246,-11.229,133.088,0.7278811086065587
156.8,128.215599,37.920049,4340.5781616,-28.276,-10.044,131.997,0.7278811086065587
156.9,128.215768,37.919923,4332.319300800001,-30.082,-8.895,130.866,0.7278811086065587
157.0,128.21594,37.919799,4324.4569848,-31.629,-7.782,129.705,0.7278811086065587
157.1,128.216116,37.919675,4316.986336800001,-32.905,-6.703,128.524,0.7278811086065587
157.2,128.216295,37.919551,4309.9073568,-33.96,-5.657,127.331,0.7278811086065587
157.3,128.216478,37.91943,4303.224312,-34.912,-4.64,126.13,0.7278811086065587
157.4,128.216665,37.919309,4296.9426888,-35.895,-3.651,124.923,0.7278811086065587
157.5,128.216855,37.91919,4291.064316,-36.996,-2.686,123.708,0.7268061226269472
157.6,128.217048,37.919073,4285.5852312,-38.225,-1.742,122.482,0.7236048241314031
157.7,128.217245,37.918958,4280.4947664,-39.498,-0.819,121.242,0.7204381468107532
157.8,128.217445,37.918845,4275.7767672,-40.658,0.085,119.993,0.7168384351108306
157.9,128.217649,37.918734,4271.4147744,-41.523,0.973,118.739,0.7109861548540454
158.0,128.217855,37.918625,4267.4039112,-42.068,1.842,117.489,0.7052448606385644
158.1,128.218065,37.918519,4263.749664,-42.426,2.693,116.246,0.699610453039378
158.2,128.218277,37.918415,4260.4660536,-42.869,3.525,115.009,0.6940789101405946
158.3,128.218492,37.918315,4257.5689296,-43.722,4.337,113.767,0.6905342368509858
158.4,128.218711,37.918217,4255.0595112,-45.11,5.131,112.51,0.6891825226479525
158.5,128.218931,37.918123,4252.9225584,-46.876,5.906,111.224,0.6881899715311764
158.6,128.219155,37.918032,4251.1413072000005,-48.846,6.649,109.9,0.6875334189779082
158.7,128.219381,37.917944,4249.701432,-50.929,7.348,108.534,0.6871955377669513
158.8,128.219609,37.91786,4248.5870832,-53.065,7.996,107.126,0.6854817064186897
158.9,128.219839,37.91778,4247.7824112,-55.222,8.587,105.675,0.6805447866994703
159.0,128.220072,37.917704,4247.2712616,-57.391,9.119,104.184,0.675674937554652
159.1,128.220307,37.917632,4247.0368704,-59.57,9.59,102.656,0.6708672610982568
159.2,128.220543,37.917565,4247.061864,-61.771,9.998,101.094,0.6661184050085175
159.3,128.220782,37.917501,4247.3282592000005,-64.011,10.342,99.501,0.6614245082932706
159.4,128.221022,37.917443,4247.818072800001,-66.32,10.617,97.878,0.6567819958540202
159.5,128.221264,37.917389,4248.510273600001,-68.715,10.822,96.228,0.6521859531628795
159.6,128.221507,37.91734,4249.3838304,-71.201,10.954,94.553,0.6476329346875989
159.7,128.221751,37.917296,4250.414968800001,-73.776,11.008,92.856,0.6431185533242004
159.8,128.221997,37.917257,4251.579000000001,-76.419,10.981,91.141,0.63864016825373
159.9,128.222243,37.917223,4252.8481872,-79.075,10.87,89.412,0.6341949366508121
160.0,128.22249,37.917194,4254.195708,-81.66,10.676,87.675,0.6297776161125466
160.1,128.222738,37.91717,4255.5956544,-84.131,10.4,85.938,0.6253873671011899
160.2,128.222987,37.917151,4257.0236424,-86.512,10.043,84.208,0.6210212381262605
160.3,128.223236,37.917138,4258.456202400001,-88.855,9.61,82.491,0.6166753441487607
160.4,128.223485,37.91713,4259.8689504,-91.223,9.102,80.789,0.6123482342909944
160.5,128.223735,37.917127,4261.2371976,-93.652,8.52,79.104,0.6080369957859902
160.6,128.223984,37.917129,4262.5356456,-96.159,7.863,77.439,0.6037396490778296
160.7,128.224233,37.917137,4263.7383864,-98.776,7.126,75.798,0.5994527622512604
160.8,128.224482,37.91715,4264.8167688,-101.543,6.306,74.183,0.5951752021097708
160.9,128.22473,37.917169,4265.7418368,-104.503,5.396,72.599,0.5909029522964397
161.0,128.224978,37.917192,4266.4812816,-107.717,4.387,71.053,0.5866348520259712
161.1,128.225225,37.917221,4267.0009656,-111.251,3.27,69.548,0.5823678223882592
161.2,128.22547,37.917256,4267.2646176,-115.117,2.032,68.088,0.5781013197345634
161.3,128.225714,37.917295,4267.2405384,-119.174,0.667,66.682,0.5738325205086947
161.4,128.225958,37.917338,4266.9064776000005,-123.011,-0.813,65.336,0.5695601888815442
161.5,128.2262,37.917385,4266.2529864,-126.127,-2.379,64.057,0.5652844322093095
161.6,128.226441,37.917436,4265.2608624,-128.44,-4.003,62.863,0.5610047164171891
161.7,128.226681,37.917491,4263.9017592,-130.176,-5.652,61.753,0.5567239842818597
161.8,128.226919,37.91755,4262.1506832,-131.564,-7.305,60.711,0.5524402815711069
161.9,128.227156,37.917612,4259.9881272,-132.736,-8.947,59.717,0.5481539797950984
162.0,128.227391,37.917677,4257.399156,-133.753,-10.574,58.754,0.5438673434870129
162.1,128.227623,37.917746,4254.3712728,-134.641,-12.187,57.809,0.5395789598884911
162.2,128.227854,37.917818,4250.8932,-135.426,-13.786,56.876,0.5369246001496356
162.3,128.228083,37.917893,4246.95366,-136.149,-15.372,55.951,0.5342699008981062
162.4,128.228309,37.917971,4242.5428992,-136.856,-16.95,55.034,0.5316145936146676
162.5,128.228533,37.918052,4237.6532976,-137.573,-18.522,54.122,0.5289582251442918
162.6,128.228754,37.918136,4232.2787592,-138.309,-20.091,53.214,0.5263007597344843
162.7,128.228972,37.918223,4226.4134928,-139.058,-21.659,52.311,0.5236416846134639
162.8,128.229187,37.918312,4220.0538408,-139.804,-23.226,51.412,0.5209805429097839
162.9,128.229398,37.918403,4213.1958408,-140.524,-24.795,50.517,0.5183168700749777
163.0,128.229607,37.918497,4205.8370544,-141.189,-26.363,49.625,0.5156497002882113
163.1,128.229812,37.918592,4197.975348,-141.776,-27.931,48.733,0.5113013286802923
163.2,128.230014,37.91869,4189.608588,-142.286,-29.497,47.84,0.5069369858128194
163.3,128.230213,37.918789,4180.7334216,-142.747,-31.06,46.944,0.5025564209949767
163.4,128.230407,37.91889,4171.3474104,-143.197,-32.621,46.045,0.49815620622762424
163.5,128.230598,37.918992,4161.4487256,-143.652,-34.181,45.138,0.4937337983726676
163.6,128.230785,37.919096,4151.037672,-144.121,-35.74,44.224,0.48928804813909044
163.7,128.230967,37.9192,4140.113335200001,-144.617,-37.301,43.302,0.48481598400570136
163.8,128.231145,37.919306,4128.6757152,-145.154,-38.865,42.373,0.48031462674529696
163.9,128.231319,37.919412,4116.726336,-145.722,-40.433,41.438,0.4757826903424497
164.0,128.231489,37.919519,4104.2682456,-146.289,-42.006,40.496,0.4712170302316293
164.1,128.231654,37.919627,4091.3063208000003,-146.796,-43.585,39.546,0.46661575045600334
164.2,128.231814,37.919734,4077.8463528,-147.158,-45.165,38.581,0.46197587103850585
164.3,128.23197,37.919842,4063.8935232000003,-147.331,-46.742,37.597,0.45729519856306067
164.4,128.232121,37.91995,4049.4469176000002,-147.403,-48.316,36.594,0.4525703461019593
164.5,128.232267,37.920058,4034.5031832,-147.554,-49.886,35.571,0.4478002440497586
164.6,128.232408,37.920165,4019.0604912000003,-147.938,-51.457,34.524,0.44298086662237757
164.7,128.232544,37.920271,4003.1215848,-148.589,-53.035,33.454,0.43810895362173335
164.8,128.232675,37.920377,3986.695608,-149.355,-54.625,32.357,0.4331824491960173
164.9,128.2328,37.920482,3969.7938384000004,-150.028,-56.227,31.237,0.42902721985416176
165.0,128.232921,37.920585,3952.4248104,-150.504,-57.839,30.097,0.42885173645651936
165.1,128.233036,37.920688,3934.5943152,-150.775,-59.454,28.931,0.4284289728296038
165.2,128.233147,37.920788,3916.3090584,-150.869,-61.069,27.725,0.4277578175975459
165.3,128.233252,37.920887,3897.5760504000004,-150.809,-62.681,26.459,0.4268316945737771
165.4,128.233352,37.920984,3878.4035208000005,-150.606,-64.287,25.114,0.4256458064982452
165.5,128.233447,37.921079,3858.8003088,-150.247,-65.886,23.663,0.424197000610628
165.6,128.233536,37.921172,3838.7770824000004,-149.699,-67.474,22.079,0.42247974751714557
165.7,128.233621,37.921262,3818.3439000000003,-148.922,-69.05,20.326,0.420489788714895
165.8,128.2337,37.92135,3797.512344,-147.871,-70.608,18.359,0.4160459728906645
165.9,128.233773,37.921435,3776.2933872000003,-146.494,-72.144,16.119,0.410410550200974
166.0,128.233842,37.921517,3754.6995264,-144.71,-73.652,13.524,0.4047041871255427
166.1,128.233905,37.921595,3732.7435632,-142.445,-75.125,10.473,0.3989269071503268
166.2,128.233962,37.921671,3710.4389088000003,-139.638,-76.552,6.838,0.39307753845176185
166.3,128.234014,37.921743,3687.7998888,-136.165,-77.915,2.4,0.3871542458276343
166.4,128.234061,37.921812,3664.8426576,-131.726,-79.174,356.835,0.3811577808241584
166.5,128.234102,37.921876,3641.5833696,-125.872,-80.303,349.875,0.3750864332718492
166.6,128.234138,37.921938,3618.0378744,-118.043,-81.26,341.28,0.3689407288596998
166.7,128.234169,37.921995,3594.2208024,-107.921,-81.98,330.923,0.3627184742198964
166.8,128.234195,37.922048,3570.146784,-95.601,-82.359,319.058,0.3564216230419209
166.9,128.234216,37.922098,3545.8310592000003,-81.406,-82.303,306.69,0.350049745331825
167.0,128.234232,37.922145,3521.2885632,-67.096,-81.831,295.437,0.3436047152711093
167.1,128.234242,37.922188,3496.540632,-54.641,-81.02,286.304,0.33708762856395835
167.2,128.234246,37.922227,3471.6113448,-44.695,-79.946,279.364,0.33049641910400895
167.3,128.234243,37.922262,3446.5293528,-37.36,-78.684,274.274,0.32383021024915043
167.4,128.234233,37.922294,3421.3233072000003,-32.369,-77.281,270.622,0.3170856983640739
167.5,128.234216,37.922322,3396.0182016,-29.136,-75.772,268.035,0.31025937566910367
167.6,128.234191,37.922346,3370.635372,-26.957,-74.196,266.149,0.3033481539494966
167.7,128.23416,37.922368,3345.1976784000003,-25.189,-72.599,264.599,0.2963503954452186
167.8,128.234121,37.922385,3319.7285904,-23.449,-71.018,263.107,0.28926388260713726
167.9,128.234075,37.9224,3294.2524920000005,-21.723,-69.455,261.614,0.2820856712347348
168.0,128.234021,37.922411,3268.7919384,-20.174,-67.894,260.216,0.27481385309699946
168.1,128.23396,37.922418,3243.3694848000005,-18.877,-66.319,258.99,0.2674458054190576
168.2,128.233891,37.922423,3218.0073816,-17.745,-64.733,257.911,0.2599804368081111
168.3,128.233816,37.922424,3192.7284888000004,-16.719,-63.139,256.953,0.2524160293058975
168.4,128.233732,37.922421,3167.5559712000004,-15.77,-61.538,256.096,0.24879756160338165
168.5,128.233642,37.922416,3142.5136032000005,-14.878,-59.937,255.332,0.24514997299473765
168.6,128.233544,37.922407,3117.6242448,-14.032,-58.35,254.654,0.24147291284492986
168.7,128.233439,37.922394,3092.9116704000003,-13.229,-56.775,254.054,0.23776641147664773
168.8,128.233326,37.922379,3068.3990448,-12.464,-55.211,253.52,0.2340299560179227
168.9,128.233207,37.92236,3044.1083136,-11.73,-53.656,253.045,0.2302634286955628
169.0,128.23308,37.922338,3020.0614224,-11.022,-52.108,252.623,0.22646689791338684
169.1,128.232946,37.922313,2996.280012,-10.337,-50.567,252.248,0.22264026916579063
169.2,128.232805,37.922285,2972.7857232,-9.678,-49.032,251.916,0.21878362812451965
169.3,128.232658,37.922253,2949.5992824000004,-9.052,-47.502,251.622,0.21489720090496447
169.4,128.232503,37.922219,2926.7417208,-8.455,-45.977,251.363,0.21098121949725826
169.5,128.232342,37.922182,2904.2322408,-7.89,-44.455,251.134,0.2070358977081187
169.6,128.232174,37.922143,2882.0915688000005,-7.365,-42.938,250.931,0.20306166669342912
169.7,128.232,37.9221,2860.3419552000005,-6.925,-41.425,250.745,0.19905903375826117
169.8,128.231819,37.922055,2839.0105272,-6.72,-39.916,250.56,0.1899515509243265
169.9,128.231632,37.922007,2818.1393472,-7.807,-38.423,250.227,0.1807472542263502
170.0,128.231438,37.921956,2797.8137592000003,-11.134,-36.926,249.869,0.17144633859329608
170.1,128.231238,37.921902,2777.9788992,-13.351,-35.402,249.41,0.16204851218847843
170.2,128.231032,37.921844,2758.6862784000004,-17.25,-33.929,248.667,0.14546960277822066
170.3,128.230821,37.921782,2739.9855792,-23.367,-32.48,247.772,0.1271146385108688
170.4,128.230606,37.921716,2721.7695120000003,-28.829,-31.048,246.65,0.10838103691854736
170.5,128.230388,37.921646,2703.9929664,-33.404,-29.71,245.277,0.08928484734647271
170.6,128.230167,37.921572,2686.5898008000004,-36.344,-28.495,243.733,0.06984911191187969
170.7,128.229944,37.921493,2669.5819608,-39.1,-27.42,242.103,0.05010017856202979
170.8,128.229719,37.921408,2652.9776760000004,-42.386,-26.444,240.418,0.03510092082530641
170.9,128.229493,37.921319,2636.7470760000006,-45.862,-25.55,238.676,0.02502358478611286
171.0,128.229267,37.921224,2620.8569376,-49.166,-24.751,236.88,0.020698578907731486
171.1,128.229041,37.921124,2605.2743424,-52.028,-24.05,235.049,0.016358810714940226
171.2,128.228814,37.921019,2589.964848,-54.0,-23.42,233.223,0.01418411051908479
171.3,128.228589,37.920908,2574.8949264,-54.482,-22.838,231.444,0.010549185483882149
171.4,128.228364,37.920793,2560.0712832,-53.793,-22.3,229.745,0.0061816255848094
171.5,128.228141,37.920672,2545.5323232,-52.948,-21.772,228.126,0.0018102325833900897
171.6,128.227919,37.920545,2531.3066976,-52.481,-21.222,226.566,-0.002563073712760302
