Time,Longitude,Latitude,Altitude,Roll (deg),Pitch (deg),Yaw (deg),Health
0.0,128.182761,37.915781,3361.9827096000004,-2.408,5.087,255.047,1.0
0.1,128.182541,37.915734,3363.5042712000004,0.167,5.801,255.169,1.0
0.2,128.182319,37.915687,3364.8740424,4.525,7.894,255.368,1.0
0.3,128.182097,37.91564,3366.1910832,9.405,10.59,255.72,1.0
0.4,128.181873,37.915594,3367.6425408,12.125,13.103,256.156,1.0
0.5,128.18165,37.915547,3369.4109904,12.052,15.297,256.622,1.0
0.6,128.181427,37.915502,3371.6354208000002,9.593,17.249,257.042,1.0
0.7,128.181205,37.915458,3374.3502744,5.326,19.069,257.323,1.0
0.8,128.180984,37.915415,3377.5646952,-0.185,20.823,257.365,1.0
0.9,128.180765,37.915372,3381.2671008,-6.365,22.524,257.128,1.0
1.0,128.180547,37.915329,3385.4105520000003,-12.331,24.159,256.633,1.0
1.1,128.180331,37.915286,3389.9395752,-17.302,25.712,255.906,1.0
1.2,128.180116,37.915241,3394.8364920000004,-21.158,27.175,255.008,1.0
1.3,128.179903,37.915196,3400.0906344000005,-23.916,28.556,254.011,1.0
1.4,128.179692,37.91515,3405.6980399999998,-25.651,29.859,252.929,1.0
1.5,128.179483,37.915102,3411.6742536,-26.781,31.092,251.79,1.0
1.6,128.179277,37.915054,3418.0189704,-27.552,32.273,250.618,1.0
1.7,128.179074,37.915003,3424.7254848000002,-28.059,33.407,249.41,1.0
1.8,128.178873,37.914952,3431.7846528000005,-28.384,34.501,248.173,1.0
1.9,128.178675,37.914899,3439.175748,-28.475,35.579,246.956,1.0
2.0,128.17848,37.914845,3446.8664616,-28.06,36.654,245.794,1.0
2.1,128.178287,37.91479,3454.8284472,-26.935,37.732,244.719,1.0
2.2,128.178097,37.914734,3463.052256,-25.181,38.816,243.767,1.0
2.3,128.177909,37.914678,3471.5689776000004,-23.566,39.902,242.935,1.0
2.4,128.177725,37.91462,3480.4218936,-22.864,40.99,242.176,1.0
2.5,128.177544,37.914562,3489.6195384000002,-23.237,42.091,241.444,1.0
2.6,128.177366,37.914504,3499.1430144000005,-24.428,43.206,240.701,1.0
2.7,128.177192,37.914445,3508.9661088000003,-26.006,44.323,239.917,1.0
2.8,128.177021,37.914385,3519.0659616000003,-27.595,45.425,239.07,1.0
2.9,128.176854,37.914324,3529.4258088,-28.943,46.498,238.147,1.0
3.0,128.176689,37.914263,3540.0325440000006,-29.91,47.536,237.154,1.0
3.1,128.176528,37.914202,3550.8779375999998,-30.478,48.543,236.108,1.0
3.2,128.17637,37.91414,3561.9555888000004,-30.706,49.527,235.035,1.0
3.3,128.176215,37.914077,3573.2612304000004,-30.681,50.499,233.96,1.0
3.4,128.176064,37.914014,3584.7905952,-30.499,51.469,232.904,1.0
3.5,128.175915,37.913951,3596.5385016,-30.231,52.442,231.878,1.0
3.6,128.175771,37.913887,3608.5006824,-29.937,53.423,230.888,1.0
3.7,128.175629,37.913823,3620.6716512,-29.663,54.412,229.932,1.0
3.8,128.175491,37.913759,3633.0459216,-29.439,55.407,229.007,1.0
3.9,128.175356,37.913695,3645.6177024000003,-29.274,56.405,228.105,1.0
4.0,128.175224,37.913631,3658.3815072,-29.169,57.404,227.218,1.0
4.1,128.175096,37.913567,3671.3309352000006,-29.118,58.402,226.335,1.0
4.2,128.17497,37.913503,3684.4605,-29.113,59.396,225.45,1.0
4.3,128.174849,37.913439,3697.7641056,-29.135,60.385,224.555,1.0
4.4,128.17473,37.913375,3711.2353512,-29.171,61.368,223.646,1.0
4.5,128.174615,37.913312,3724.8681408,-29.211,62.346,222.721,1.0
4.6,128.174503,37.913249,3738.656988,-29.248,63.318,221.779,1.0
4.7,128.174394,37.913187,3752.5957968,-29.28,64.285,220.819,1.0
4.8,128.174289,37.913125,3766.6787760000007,-29.31,65.247,219.839,1.0
4.9,128.174186,37.913063,3780.9004392,-29.34,66.204,218.841,1.0
5.0,128.174088,37.913003,3795.2607864,-30.005,67.135,217.708,1.0
5.1,128.173993,37.912943,3809.7875544000003,-32.714,68.006,216.255,1.0
5.2,128.173904,37.912884,3824.4956784000005,-36.324,68.886,214.613,1.0
5.3,128.173818,37.912827,3839.341572,-38.632,69.824,212.863,1.0
5.4,128.173736,37.912769,3854.2834776000004,-39.999,70.763,210.857,1.0
5.5,128.173657,37.912713,3869.3122512,-40.75,71.67,208.667,1.0
5.6,128.173581,37.912656,3884.4291120000003,-41.156,72.541,206.401,1.0
5.7,128.173508,37.912601,3899.635584,-42.046,73.372,204.044,1.0
5.8,128.173439,37.912547,3914.9490408,-44.897,74.154,201.458,1.0
5.9,128.173376,37.912494,3930.3771024000002,-49.637,74.899,198.502,1.0
6.0,128.173317,37.912443,3945.9020904,-55.456,75.612,195.028,1.0
6.1,128.173263,37.912392,3961.4953536,-60.82,76.287,190.992,1.0
6.2,128.173212,37.912342,3977.1376896000006,-65.905,76.856,186.36,1.0
6.3,128.173164,37.912293,3992.8239168000005,-70.699,77.298,181.31,1.0
6.4,128.17312,37.912245,4008.5500728,-75.276,77.618,176.008,1.0
6.5,128.17308,37.912197,4024.3103664000005,-79.746,77.832,170.567,1.0
6.6,128.173043,37.912151,4040.0993112,-84.132,77.96,165.06,1.0
6.7,128.17301,37.912105,4055.9095920000004,-88.381,78.014,159.544,1.0
6.8,128.172981,37.91206,4071.7360272,-92.397,78.008,154.074,1.0
6.9,128.172954,37.912016,4087.5725208000003,-96.011,77.953,148.707,1.0
7.0,128.17293,37.911973,4103.4151104,-99.633,77.838,143.518,1.0
7.1,128.17291,37.911931,4119.2595288,-104.472,77.626,138.574,1.0
7.2,128.172895,37.911891,4135.096936800001,-110.45,77.31,133.81,1.0
7.3,128.172885,37.911852,4150.913923200001,-117.28,76.856,129.218,1.0
7.4,128.17288,37.911815,4166.6970768,-123.828,76.272,124.888,1.0
7.5,128.172878,37.911779,4182.4454832,-128.158,75.624,120.875,1.0
7.6,128.172878,37.911744,4198.165848000001,-130.287,74.93,117.262,1.0
7.7,128.172881,37.911709,4213.8654864,-130.602,74.23,114.008,1.0
7.8,128.172886,37.911675,4229.537388,-130.076,73.545,111.001,1.0
7.9,128.172893,37.911642,4245.1657032,-130.255,72.85,108.14,1.0
8.0,128.172905,37.911611,4260.7321440000005,-131.896,72.142,105.431,1.0
8.1,128.172921,37.911582,4276.2199464000005,-134.936,71.401,102.816,1.0
8.2,128.172941,37.911554,4291.6187472,-139.092,70.59,100.315,1.0
8.3,128.172965,37.911529,4306.919707200001,-143.925,69.683,98.014,1.0
8.4,128.172993,37.911505,4322.120388,-148.695,68.672,95.981,1.0
8.5,128.173025,37.911482,4337.2351152,-152.38,67.579,94.209,1.0
8.6,128.173058,37.91146,4352.28492,-154.294,66.442,92.668,1.0
8.7,128.173093,37.911438,4367.271936,-154.572,65.299,91.351,1.0
8.8,128.173131,37.911418,4382.1809232000005,-153.717,64.186,90.209,1.0
8.9,128.173172,37.911398,4396.9963368,-152.325,63.121,89.162,1.0
9.0,128.173215,37.91138,4411.6947072,-151.205,62.102,88.159,1.0
9.1,128.173263,37.911363,4426.2458592,-151.067,61.106,87.167,1.0
9.2,128.173314,37.911348,4440.631504800001,-152.06,60.1,86.168,1.0
9.3,128.173368,37.911335,4454.8540824,-153.897,59.057,85.175,1.0
9.4,128.173426,37.911324,4468.921212,-156.114,57.966,84.219,1.0
9.5,128.173487,37.911313,4482.8395992,-158.299,56.831,83.337,1.0
9.6,128.173551,37.911304,4496.6135112,-160.134,55.659,82.55,1.0
9.7,128.173617,37.911296,4510.2594072,-161.231,54.469,81.845,1.0
9.8,128.173685,37.911289,4523.7885648,-161.411,53.28,81.204,1.0
9.9,128.173755,37.911282,4537.1939736,-160.814,52.114,80.607,1.0
10.0,128.173828,37.911277,4550.4579552000005,-159.774,50.98,80.034,1.0
10.1,128.173903,37.911273,4563.560088,-158.675,49.879,79.464,1.0
10.2,128.173981,37.91127,4576.4799504,-157.872,48.801,78.884,1.0
10.3,128.174062,37.911268,4589.2016928,-157.6,47.731,78.29,1.0
10.4,128.174145,37.911268,4601.7213528,-157.877,46.654,77.683,1.0
10.5,128.174231,37.91127,4614.0398448,-158.576,45.559,77.073,1.0
10.6,128.17432,37.911273,4626.1605216,-159.508,44.443,76.473,1.0
10.7,128.174411,37.911277,4638.0873456,-160.476,43.305,75.897,1.0
10.8,128.174504,37.911282,4649.8267176,-161.292,42.15,75.352,1.0
10.9,128.174599,37.911288,4661.385648,-161.802,40.984,74.837,1.0
11.0,128.174696,37.911296,4672.7647464,-161.951,39.817,74.351,1.0
11.1,128.174795,37.911304,4683.9594408,-161.774,38.665,73.891,1.0
11.2,128.174896,37.911314,4694.9651592,-161.33,37.554,73.456,1.0
11.3,128.174999,37.911325,4705.7779392,-160.702,36.48,73.032,1.0
11.4,128.175104,37.911337,4716.3935136,-159.98,35.429,72.604,1.0
11.5,128.175211,37.91135,4726.8085296,-159.241,34.388,72.162,1.0
11.6,128.17532,37.911364,4737.0205488,-158.537,33.35,71.699,1.0
11.7,128.17543,37.91138,4747.0277424,-157.898,32.313,71.214,1.0
11.8,128.175542,37.911396,4756.8285864,-157.328,31.276,70.706,1.0
11.9,128.175656,37.911414,4766.421861600001,-156.816,30.238,70.178,1.0
12.0,128.175771,37.911433,4775.8069584,-156.34,29.201,69.635,1.0
12.1,128.175888,37.911453,4784.9829624,-155.874,28.17,69.079,1.0
12.2,128.176006,37.911475,4793.949264000001,-155.387,27.145,68.514,1.0
12.3,128.176126,37.911498,4802.7058632,-154.852,26.129,67.941,1.0
12.4,128.176247,37.911522,4811.252150400001,-154.247,25.124,67.362,1.0
12.5,128.176369,37.911547,4819.5875160000005,-153.559,24.131,66.775,1.0
12.6,128.176493,37.911573,4827.711655200001,-152.783,23.152,66.179,1.0
12.7,128.176617,37.911601,4835.6242632,-151.919,22.187,65.573,1.0
12.8,128.176743,37.91163,4843.324730400001,-150.972,21.236,64.955,1.0
12.9,128.17687,37.911661,4850.813056800001,-149.946,20.299,64.322,1.0
13.0,128.176998,37.911692,4858.0892424,-148.847,19.376,63.671,1.0
13.1,128.177127,37.911725,4865.153592000001,-147.683,18.466,62.999,1.0
13.2,128.177257,37.911759,4872.0058008000005,-146.462,17.567,62.305,1.0
13.3,128.177388,37.911795,4878.6467832,-145.188,16.682,61.586,1.0
13.4,128.17752,37.911832,4885.077148800001,-143.858,15.813,60.842,1.0
13.5,128.177652,37.91187,4891.2984215999995,-142.461,14.965,60.076,1.0
13.6,128.177785,37.91191,4897.311516000001,-140.994,14.145,59.291,1.0
13.7,128.177918,37.911951,4903.1182608,-139.459,13.36,58.491,1.0
13.8,128.178052,37.911994,4908.7195704000005,-137.867,12.619,57.685,1.0
13.9,128.178187,37.912038,4914.1169688,-136.233,11.931,56.881,1.0
14.0,128.178322,37.912084,4919.3131992,-134.569,11.309,56.094,1.0
14.1,128.178457,37.912131,4924.3110048,-132.887,10.762,55.338,1.0
14.2,128.178593,37.912179,4929.1131288,-131.208,10.296,54.624,1.0
14.3,128.178728,37.912229,4933.7235336,-129.547,9.907,53.959,1.0
14.4,128.178864,37.912281,4938.146791200001,-127.912,9.598,53.355,1.0
14.5,128.179,37.912334,4942.388388,-126.296,9.366,52.819,1.0
14.6,128.179137,37.912389,4946.45442,-124.683,9.194,52.338,1.0
14.7,128.179273,37.912445,4950.3518976000005,-123.043,9.068,51.903,1.0
14.8,128.179409,37.912502,4954.0878312,-121.341,8.976,51.503,1.0
14.9,128.179545,37.912561,4957.6689264,-119.541,8.911,51.13,1.0
15.0,128.179682,37.912621,4961.1024984000005,-117.614,8.866,50.781,1.0
15.1,128.179818,37.912682,4964.394948,-115.534,8.838,50.448,1.0
15.2,128.179955,37.912745,4967.5532856,-113.276,8.825,50.129,1.0
15.3,128.180091,37.912809,4970.5845216,-110.815,8.824,49.816,1.0
15.4,128.180228,37.912874,4973.4947520000005,-108.124,8.833,49.499,1.0
15.5,128.180364,37.912941,4976.2909872,-105.165,8.853,49.168,1.0
15.6,128.180501,37.913008,4978.979628,-101.892,8.887,48.818,1.0
15.7,128.180638,37.913077,4981.56738,-98.242,8.943,48.441,1.0
15.8,128.180775,37.913147,4984.0600344,-94.149,9.028,48.03,1.0
15.9,128.180912,37.913218,4986.463992000001,-89.575,9.153,47.581,1.0
16.0,128.181049,37.913289,4988.7847392,-84.577,9.327,47.099,1.0
16.1,128.181187,37.913362,4991.0286768000005,-79.232,9.561,46.592,1.0
16.2,128.181324,37.913436,4993.20312,-73.626,9.871,46.048,1.0
16.3,128.181461,37.913511,4995.316908,-67.84,10.272,45.48,1.0
16.4,128.181599,37.913587,4997.3797944,-61.959,10.78,44.891,1.0
16.5,128.181736,37.913664,4999.4021424,-56.063,11.409,44.297,1.0
16.6,128.181873,37.913742,5001.3967536,-50.234,12.177,43.704,1.0
16.7,128.18201,37.913822,5003.3782584,-44.581,13.1,43.121,1.0
16.8,128.182147,37.913902,5005.3689072,-39.636,14.189,42.528,1.0
16.9,128.182283,37.913984,5007.4119816,-36.492,15.431,41.887,1.0
17.0,128.182418,37.914066,5009.5544208,-35.4,16.735,41.247,1.0
17.1,128.182552,37.91415,5011.8337152,-36.142,18.035,40.619,1.0
17.2,128.182684,37.914235,5014.260532800001,-38.41,19.259,39.994,1.0
17.3,128.182815,37.914321,5016.835178400001,-41.838,20.307,39.395,1.0
17.4,128.182945,37.914409,5019.551860800001,-46.026,21.112,38.845,1.0
17.5,128.183073,37.914498,5022.4011312,-50.62,21.713,38.286,1.0
17.6,128.183198,37.914588,5025.3707976000005,-55.332,22.202,37.578,1.0
17.7,128.183322,37.914679,5028.4416576,-59.353,22.632,36.648,1.0
17.8,128.183445,37.914772,5031.5829264,-61.241,23.046,35.562,1.0
17.9,128.183566,37.914866,5034.771744,-61.108,23.423,34.412,1.0
18.0,128.183686,37.914962,5038.0029288000005,-59.345,23.753,33.287,1.0
18.1,128.183804,37.915058,5041.2813576,-56.199,24.086,32.211,1.0
18.2,128.183922,37.915156,5044.60764,-51.811,24.45,31.255,1.0
18.3,128.184038,37.915254,5047.997015999999,-46.729,24.893,30.383,1.0
18.4,128.184152,37.915354,5051.4741744,-41.994,25.381,29.603,1.0
18.5,128.184265,37.915454,5055.071424000001,-38.994,25.901,28.893,1.0
18.6,128.184376,37.915555,5058.819854400001,-37.802,26.466,28.24,1.0
18.7,128.184484,37.915657,5062.7322672,-38.298,27.075,27.615,1.0
18.8,128.18459,37.915759,5066.8053096,-40.247,27.71,26.985,1.0
18.9,128.184694,37.915862,5071.032276,-43.34,28.339,26.316,1.0
19.0,128.184795,37.915965,5075.4018888,-47.233,28.93,25.577,1.0
19.1,128.184894,37.916069,5079.9010416,-51.582,29.45,24.741,1.0
19.2,128.18499,37.916173,5084.51358,-56.072,29.875,23.792,1.0
19.3,128.185083,37.916278,5089.2224352,-60.447,30.187,22.724,1.0
19.4,128.185174,37.916384,5094.0090144000005,-64.201,30.39,21.551,1.0
19.5,128.185262,37.91649,5098.847714400001,-66.294,30.523,20.309,1.0
19.6,128.185349,37.916598,5103.719942400001,-66.198,30.637,19.051,1.0
19.7,128.185433,37.916705,5108.613811200001,-64.187,30.775,17.838,1.0
19.8,128.185516,37.916814,5113.5360264,-60.97,30.943,16.71,1.0
19.9,128.185597,37.916923,5118.5070096,-57.96,31.126,15.677,1.0
20.0,128.185676,37.917033,5123.5474872,-55.803,31.327,14.721,1.0
20.1,128.185751,37.917142,5128.677576,-54.605,31.549,13.811,1.0
20.2,128.185824,37.917252,5133.9042864,-54.395,31.807,12.927,1.0
20.3,128.185894,37.917363,5139.228837600001,-55.116,32.098,12.045,1.0
20.4,128.185961,37.917473,5144.6466576,-56.639,32.402,11.137,1.0
20.5,128.186025,37.917584,5150.1501264,-58.798,32.693,10.179,1.0
20.6,128.186087,37.917695,5155.731624000001,-61.422,32.955,9.165,1.0
20.7,128.186146,37.917807,5161.38414,-64.339,33.171,8.091,1.0
20.8,128.186202,37.917918,5167.0988352,-67.384,33.322,6.955,1.0
20.9,128.186255,37.91803,5172.862908,-70.284,33.4,5.758,1.0
21.0,128.186305,37.918143,5178.661728,-72.665,33.411,4.512,1.0
21.1,128.186353,37.918255,5184.4891992,-74.593,33.348,3.23,1.0
21.2,128.186398,37.918368,5190.3404448,-76.177,33.216,1.924,1.0
21.3,128.18644,37.918482,5196.211197600001,-77.539,33.024,0.606,1.0
21.4,128.186479,37.918595,5202.0971904,-78.799,32.782,359.283,1.0
21.5,128.186514,37.918709,5207.9929368,-80.011,32.502,357.958,1.0
21.6,128.186547,37.918824,5213.8926456,-81.201,32.192,356.636,1.0
21.7,128.186577,37.918938,5219.7902208,-82.393,31.86,355.319,1.0
21.8,128.186604,37.919053,5225.680176,-83.608,31.512,354.01,1.0
21.9,128.186628,37.919168,5231.557329599999,-84.862,31.157,352.709,1.0
22.0,128.186649,37.919283,5237.414366399999,-86.162,30.8,351.418,1.0
22.1,128.186666,37.919399,5243.2461048000005,-87.498,30.438,350.136,1.0
22.2,128.186681,37.919514,5249.0473632,-88.837,30.058,348.862,1.0
22.3,128.186692,37.91963,5254.813874400001,-90.162,29.657,347.6,1.0
22.4,128.186701,37.919746,5260.5410664,-91.461,29.233,346.35,1.0
22.5,128.186706,37.919862,5266.2249768,-92.721,28.785,345.112,1.0
22.6,128.186708,37.919978,5271.860424,-93.933,28.312,343.887,1.0
22.7,128.186708,37.920094,5277.4422264,-95.094,27.813,342.675,1.0
22.8,128.186704,37.92021,5282.9652024,-96.204,27.289,341.474,1.0
22.9,128.186697,37.920327,5288.424779999999,-97.265,26.742,340.285,1.0
23.0,128.186687,37.920443,5293.816082400001,-98.282,26.173,339.109,1.0
23.1,128.186674,37.920559,5299.1342328,-99.258,25.583,337.945,1.0
23.2,128.186657,37.920676,5304.3740496,-100.201,24.973,336.793,1.0
23.3,128.186638,37.920792,5309.530656000001,-101.116,24.346,335.653,1.0
23.4,128.186616,37.920908,5314.5991752,-102.007,23.703,334.523,1.0
23.5,128.18659,37.921024,5319.573816,-102.881,23.044,333.404,1.0
23.6,128.186562,37.92114,5324.4500064,-103.739,22.37,332.296,1.0
23.7,128.18653,37.921255,5329.2228696,-104.583,21.682,331.198,1.0
23.8,128.186496,37.921371,5333.888138400001,-105.412,20.979,330.113,1.0
23.9,128.186458,37.921486,5338.4418504000005,-106.228,20.261,329.039,1.0
24.0,128.186418,37.921601,5342.879433600001,-107.031,19.528,327.977,1.0
24.1,128.186375,37.921715,5347.196620799999,-107.823,18.78,326.927,1.0
24.2,128.186328,37.921829,5351.38884,-108.603,18.018,325.888,1.0
24.3,128.186279,37.921943,5355.451824000001,-109.373,17.24,324.861,1.0
24.4,128.186227,37.922056,5359.381305600001,-110.134,16.448,323.844,1.0
24.5,128.186171,37.922169,5363.1727128,-110.886,15.642,322.838,1.0
24.6,128.186113,37.922282,5366.821778400001,-111.63,14.82,321.842,1.0
24.7,128.186052,37.922394,5370.3239304,-112.366,13.984,320.856,1.0
24.8,128.185988,37.922505,5373.6749016,-113.095,13.132,319.88,1.0
24.9,128.185922,37.922616,5376.8701200000005,-113.819,12.266,318.913,1.0
25.0,128.185852,37.922726,5379.9047088,-114.536,11.386,317.956,1.0
25.1,128.18578,37.922835,5382.775010400001,-115.248,10.491,317.008,1.0
25.2,128.185705,37.922944,5385.4758432,-115.955,9.581,316.069,1.0
25.3,128.185628,37.923052,5388.0032448,-116.658,8.656,315.139,1.0
25.4,128.185547,37.92316,5390.352338400001,-117.357,7.717,314.218,1.0
25.5,128.185464,37.923266,5392.518856800001,-118.053,6.764,313.306,1.0
25.6,128.185379,37.923372,5394.4985328,-118.746,5.796,312.402,1.0
25.7,128.185291,37.923477,5396.2864896,-119.437,4.814,311.507,1.0
25.8,128.1852,37.923581,5397.8781552,-120.128,3.818,310.62,1.0
25.9,128.185107,37.923684,5399.2695672,-120.818,2.808,309.741,1.0
26.0,128.185011,37.923787,5400.4558488,-121.509,1.783,308.87,1.0
26.1,128.184913,37.923888,5401.432428,-122.201,0.745,308.007,1.0
26.2,128.184813,37.923988,5402.1950376,-122.895,-0.306,307.151,1.0
26.3,128.18471,37.924087,5402.739105600001,-123.593,-1.372,306.304,1.0
26.4,128.184605,37.924185,5403.059755200001,-124.293,-2.453,305.463,1.0
26.5,128.184498,37.924282,5403.153024,-124.999,-3.547,304.631,1.0
26.6,128.184388,37.924378,5403.0140352,-125.709,-4.655,303.805,1.0
26.7,128.184277,37.924473,5402.6382168,-126.426,-5.777,302.987,1.0
26.8,128.184163,37.924567,5402.021301600001,-127.15,-6.913,302.177,1.0
26.9,128.184048,37.924659,5401.1587176,-127.882,-8.062,301.373,1.0
27.0,128.18393,37.92475,5400.045588000001,-128.623,-9.225,300.577,1.0
27.1,128.183811,37.92484,5398.677645600001,-129.377,-10.4,299.786,1.0
27.2,128.18369,37.924928,5397.0503184,-130.148,-11.585,298.999,1.0
27.3,128.183567,37.925015,5395.1587296,-130.933,-12.78,298.216,1.0
27.4,128.183443,37.925101,5392.9992216,-131.727,-13.987,297.439,1.0
27.5,128.183317,37.925185,5390.5669176,-132.529,-15.208,296.669,1.0
27.6,128.183189,37.925268,5387.8575504,-133.334,-16.444,295.907,1.0
27.7,128.18306,37.92535,5384.8668528,-134.144,-17.695,295.155,1.0
27.8,128.18293,37.925429,5381.5905576,-134.959,-18.96,294.411,1.0
27.9,128.182798,37.925508,5378.024397600001,-135.78,-20.241,293.676,1.0
28.0,128.182665,37.925585,5374.164105600001,-136.61,-21.536,292.95,1.0
28.1,128.182532,37.92566,5370.006024,-137.451,-22.846,292.233,1.0
28.2,128.182397,37.925734,5365.5458856000005,-138.305,-24.169,291.526,1.0
28.3,128.182261,37.925807,5360.7800328,-139.176,-25.505,290.828,1.0
28.4,128.182125,37.925877,5355.7041984,-140.065,-26.855,290.14,1.0
28.5,128.181988,37.925947,5350.315029599999,-140.976,-28.218,289.462,1.0
28.6,128.18185,37.926014,5344.608564,-141.91,-29.594,288.795,1.0
28.7,128.181712,37.92608,5338.5823632,-142.87,-30.983,288.139,1.0
28.8,128.181573,37.926145,5332.2355128,-143.818,-32.384,287.493,1.0
28.9,128.181435,37.926207,5325.569536800001,-144.676,-33.795,286.855,1.0
29.0,128.181296,37.926268,5318.582606400001,-145.477,-35.215,286.227,1.0
29.1,128.181158,37.926328,5311.2750264,-146.197,-36.641,285.604,1.0
29.2,128.181019,37.926386,5303.64954,-146.763,-38.067,284.982,1.0
29.3,128.180881,37.926442,5295.706452,-147.143,-39.49,284.357,1.0
29.4,128.180743,37.926497,5287.444543199999,-147.368,-40.904,283.726,1.0
29.5,128.180606,37.92655,5278.8635088,-147.462,-42.307,283.082,1.0
29.6,128.18047,37.926602,5269.9639584,-147.451,-43.696,282.421,1.0
29.7,128.180334,37.926652,5260.745892000001,-147.352,-45.069,281.734,1.0
29.8,128.180199,37.9267,5251.210833600001,-147.176,-46.424,281.017,1.0
29.9,128.180065,37.926746,5241.358173600001,-146.953,-47.761,280.266,1.0
30.0,128.179932,37.926791,5231.1885216,-146.709,-49.08,279.476,1.0
30.1,128.1798,37.926834,5220.702792000001,-146.465,-50.382,278.646,1.0
30.2,128.179669,37.926876,5209.902204,-146.231,-51.67,277.772,1.0
30.3,128.179539,37.926915,5198.789196000001,-146.001,-52.946,276.853,1.0
30.4,128.179411,37.926953,5187.365292,-145.762,-54.21,275.887,1.0
30.5,128.179284,37.926989,5175.631711200001,-145.487,-55.464,274.871,1.0
30.6,128.179159,37.927023,5163.591196800001,-145.12,-56.709,273.799,1.0
30.7,128.179036,37.927056,5151.246492,-144.623,-57.946,272.663,1.0
30.8,128.178915,37.927086,5138.6000352,-143.983,-59.173,271.454,1.0
30.9,128.178796,37.927115,5125.655484000001,-143.206,-60.389,270.163,1.0
31.0,128.178678,37.927142,5112.4158864,-142.305,-61.594,268.775,1.0
31.1,128.178564,37.927166,5098.8849,-141.266,-62.786,267.274,1.0
31.2,128.178451,37.927189,5085.068011200001,-140.06,-63.961,265.644,1.0
31.3,128.178341,37.92721,5070.971011200001,-138.659,-65.115,263.865,1.0
31.4,128.178234,37.927229,5056.6012152,-137.03,-66.244,261.919,1.0
31.5,128.178129,37.927246,5041.9644144,-135.147,-67.342,259.784,1.0
31.6,128.178026,37.927261,5027.0670096,-133.003,-68.401,257.442,1.0
31.7,128.177927,37.927274,5011.9147920000005,-130.602,-69.416,254.869,1.0
31.8,128.17783,37.927285,4996.5138576,-127.958,-70.38,252.045,1.0
31.9,128.177737,37.927294,4980.8696928,-125.092,-71.288,248.947,1.0
32.0,128.177646,37.927301,4964.9899176,-122.017,-72.136,245.555,1.0
32.1,128.177559,37.927306,4948.880932800001,-118.739,-72.919,241.853,1.0
32.2,128.177474,37.927309,4932.5509680000005,-115.229,-73.632,237.826,1.0
32.3,128.177393,37.927309,4916.0082528,-111.426,-74.266,233.471,1.0
32.4,128.177316,37.927308,4899.2610168,-107.302,-74.815,228.797,1.0
32.5,128.177242,37.927305,4882.3171848,-102.846,-75.268,223.829,1.0
32.6,128.177171,37.9273,4865.1843768,-98.011,-75.613,218.608,1.0
32.7,128.177104,37.927293,4847.871736800001,-92.773,-75.837,213.205,1.0
32.8,128.17704,37.927284,4830.3862752000005,-87.235,-75.932,207.721,1.0
32.9,128.17698,37.927273,4812.7353072000005,-81.588,-75.893,202.269,1.0
33.0,128.176923,37.92726,4794.9255384,-76.255,-75.733,197.137,1.0
33.1,128.17687,37.927245,4776.9645888000005,-71.922,-75.507,192.653,1.0
33.2,128.176822,37.927227,4758.8676984,-68.927,-75.255,188.647,1.0
33.3,128.176779,37.927207,4740.6464496,-67.56,-75.04,185.297,1.0
33.4,128.17674,37.927185,4722.306024,-68.194,-74.989,183.192,1.0
33.5,128.176706,37.927161,4703.8445928,-70.949,-75.179,182.636,1.0
33.6,128.176676,37.927135,4685.2554504,-75.654,-75.586,183.543,1.0
33.7,128.176651,37.927108,4666.5358536,-81.757,-76.105,185.346,1.0
33.8,128.176629,37.92708,4647.6845832,-88.628,-76.673,187.364,1.0
33.9,128.17661,37.927052,4628.698896000001,-95.422,-77.29,188.726,1.0
34.0,128.176594,37.927022,4609.5745248,-102.808,-77.961,190.104,1.0
34.1,128.176582,37.926993,4590.3111648,-110.79,-78.654,191.442,1.0
34.2,128.176572,37.926964,4570.9085112,-119.363,-79.347,192.726,1.0
34.3,128.176564,37.926936,4551.3674784,-128.905,-80.0,194.355,1.0
34.4,128.176558,37.926908,4531.6889808,-139.61,-80.575,196.531,1.0
34.5,128.176554,37.926881,4511.872104,-151.244,-81.059,199.135,1.0
34.6,128.176551,37.926855,4491.9144096,-163.185,-81.422,201.874,1.0
34.7,128.176549,37.926829,4471.8158976,-174.778,-81.63,204.331,1.0
34.8,128.176548,37.926805,4451.5793112,174.692,-81.72,205.994,1.0
34.9,128.176546,37.926782,4431.2137944,165.087,-81.866,206.885,1.0
35.0,128.176545,37.92676,4410.7300152,155.154,-82.373,208.016,1.0
35.1,128.176543,37.926739,4390.131936,142.034,-83.665,212.482,1.0
35.2,128.176542,37.926722,4369.432968,115.253,-85.549,230.202,1.0
35.3,128.176538,37.926707,4348.645608,64.07,-86.214,271.687,1.0
35.4,128.176533,37.926696,4327.7735136,22.717,-84.692,303.344,1.0
35.5,128.176526,37.926688,4306.8136368000005,1.884,-82.427,315.331,1.0
35.6,128.176515,37.926684,4285.7885328,-9.179,-80.108,318.912,1.0
35.7,128.176501,37.926681,4264.6735128,-13.312,-77.869,319.624,1.0
35.8,128.176484,37.926681,4243.431696000001,-12.383,-75.771,319.225,1.0
35.9,128.176466,37.926682,4222.046928000001,-7.619,-73.877,318.339,1.0
36.0,128.176445,37.926686,4200.5576136,-0.765,-72.189,317.224,1.0
36.1,128.17642,37.926693,4179.0100824,6.308,-70.646,316.044,1.0
36.2,128.176392,37.926704,4157.440300800001,11.819,-69.15,314.995,1.0
36.3,128.17636,37.92672,4135.9092288,13.959,-67.646,314.295,1.0
36.4,128.176323,37.926741,4114.4595384,12.208,-66.146,314.265,1.0
36.5,128.176282,37.926767,4093.1104320000004,7.339,-64.65,314.678,1.0
36.6,128.176237,37.926797,4071.8579472,1.839,-63.138,315.132,1.0
36.7,128.176188,37.926831,4050.65484,-0.948,-61.604,315.492,1.0
36.8,128.176135,37.926867,4029.4602672,-1.028,-60.069,315.627,1.0
36.9,128.176079,37.926906,4008.3071472,0.12,-58.579,315.631,1.0
37.0,128.176019,37.926949,3987.2412000000004,1.371,-57.135,315.626,1.0
37.1,128.175955,37.926995,3966.3072312,1.942,-55.717,315.64,1.0
37.2,128.175886,37.927045,3945.5405976,1.491,-54.3,315.653,1.0
37.3,128.175813,37.927099,3924.9687312,0.005,-52.87,315.623,1.0
37.4,128.175736,37.927157,3904.606872,-2.242,-51.421,315.51,1.0
37.5,128.175653,37.927218,3884.4547152,-4.739,-49.954,315.296,1.0
37.6,128.175567,37.927283,3864.5064696,-6.925,-48.478,314.981,1.0
37.7,128.175476,37.92735,3844.7526864,-8.299,-47.002,314.597,1.0
37.8,128.175381,37.92742,3825.1814784000003,-8.5,-45.534,314.195,1.0
37.9,128.175281,37.927492,3805.8004656000003,-7.6,-44.086,313.812,1.0
38.0,128.175178,37.927568,3786.6437856000002,-6.137,-42.661,313.474,1.0
38.1,128.17507,37.927645,3767.742528,-4.617,-41.254,313.205,1.0
38.2,128.174957,37.927726,3749.1177239999997,-3.317,-39.852,313.015,1.0
38.3,128.174841,37.92781,3730.7815656000002,-2.288,-38.45,312.898,1.0
38.4,128.17472,37.927896,3712.7389296,-1.417,-37.046,312.847,1.0
38.5,128.174595,37.927985,3694.9928640000003,-0.557,-35.643,312.853,1.0
38.6,128.174467,37.928077,3677.5476360000002,0.417,-34.243,312.912,1.0
38.7,128.174335,37.928171,3660.4108656000003,1.568,-32.852,313.023,1.0
38.8,128.1742,37.928268,3643.5962688000004,2.846,-31.473,313.183,1.0
38.9,128.174061,37.928368,3627.1422504,3.378,-30.099,313.299,1.0
39.0,128.173919,37.928472,3611.175912,1.271,-28.723,313.25,1.0
39.1,128.173772,37.928578,3595.785036,-3.042,-27.331,313.054,1.0
39.2,128.173622,37.928687,3580.9522488000002,-7.573,-25.886,312.856,1.0
39.3,128.173467,37.928798,3566.5580688000005,-8.32,-24.374,312.765,1.0
39.4,128.17331,37.928911,3552.4930728000004,-5.904,-22.848,312.63,1.0
39.5,128.173149,37.929026,3538.7938368000005,-2.685,-21.363,312.496,1.0
39.6,128.172985,37.929142,3525.5310744,0.083,-19.924,312.455,1.0
39.7,128.172819,37.929261,3512.7373992,1.549,-18.504,312.447,1.0
39.8,128.17265,37.929382,3500.5423511999998,0.015,-17.092,312.368,1.0
39.9,128.172477,37.929505,3489.0218256000003,-4.028,-15.663,312.22,1.0
40.0,128.172301,37.92963,3478.1483904,-8.356,-14.182,312.057,1.0
40.1,128.172122,37.929756,3467.7906768000003,-8.943,-12.641,311.946,1.0
40.2,128.171941,37.929884,3457.8487104,-7.286,-11.101,311.744,1.0
40.3,128.171758,37.930012,3448.3721736,-5.226,-9.604,311.543,1.0
40.4,128.171572,37.930141,3439.4223312,-4.133,-8.147,311.34,1.0
40.5,128.171384,37.930271,3431.1329904,-5.764,-6.718,311.069,1.0
40.6,128.171193,37.930402,3423.5660256,-9.678,-5.282,310.724,1.0
40.7,128.171,37.930534,3416.6821176,-13.717,-3.797,310.364,1.0
40.8,128.170804,37.930665,3410.3392296,-14.244,-2.256,310.03,1.0
40.9,128.170606,37.930797,3404.4636,-13.376,-0.738,309.586,1.0
41.0,128.170407,37.930928,3399.1113120000005,-12.366,0.735,309.141,1.0
41.1,128.170205,37.93106,3394.3180272,-11.71,2.183,308.729,1.0
41.2,128.170002,37.931191,3390.1005096000004,-11.538,3.619,308.343,1.0
41.3,128.169798,37.931321,3386.4837528000003,-12.36,5.04,307.924,1.0
41.4,128.169591,37.931451,3383.5433472,-15.036,6.442,307.433,1.0
41.5,128.169384,37.93158,3381.1966920000004,-18.005,7.863,306.911,1.0
41.6,128.169174,37.931708,3379.4050776000004,-20.555,9.274,306.294,1.0
41.7,128.168964,37.931834,3378.2002032000005,-23.221,10.64,305.555,1.0
41.8,128.168751,37.931958,3377.565,-25.945,11.975,304.717,1.0
41.9,128.168538,37.932081,3377.4814848000005,-28.628,13.276,303.781,1.0
42.0,128.168322,37.932201,3377.9335032000004,-31.228,14.537,302.752,1.0
42.1,128.168105,37.932319,3378.9049008,-33.739,15.752,301.635,1.0
42.2,128.167887,37.932433,3380.3789136,-36.163,16.92,300.437,1.0
42.3,128.167667,37.932545,3382.3375584,-38.514,18.037,299.162,1.0
42.4,128.167446,37.932654,3384.7622424,-40.785,19.103,297.818,1.0
42.5,128.167223,37.932759,3387.6322392,-42.947,20.117,296.413,1.0
42.6,128.166999,37.932861,3390.9283464000005,-44.965,21.081,294.956,1.0
42.7,128.166774,37.932959,3394.6313616,-46.806,21.997,293.455,1.0
42.8,128.166547,37.933053,3398.721168,-48.406,22.869,291.92,1.0
42.9,128.166319,37.933143,3403.1739912000003,-49.585,23.709,290.369,1.0
43.0,128.166091,37.93323,3407.9688,-50.134,24.529,288.821,1.0
43.1,128.165861,37.933313,3413.0982792,-50.067,25.337,287.295,1.0
43.2,128.165631,37.933391,3418.562124,-49.491,26.148,285.807,1.0
43.3,128.1654,37.933466,3424.3618584,-48.547,26.973,284.368,1.0
43.4,128.165169,37.933537,3430.4983968,-47.333,27.823,282.99,1.0
43.5,128.164938,37.933604,3436.9720440000006,-45.909,28.701,281.685,1.0
43.6,128.164707,37.933668,3443.7815808,-44.307,29.609,280.46,1.0
43.7,128.164476,37.933728,3450.9251784000003,-42.542,30.549,279.317,1.0
43.8,128.164246,37.933784,3458.3991792,-40.613,31.523,278.26,1.0
43.9,128.164016,37.933837,3466.1996208,-38.495,32.529,277.295,1.0
44.0,128.163788,37.933887,3474.3219312,-36.168,33.565,276.426,1.0
44.1,128.16356,37.933935,3482.7600144000003,-33.612,34.628,275.662,1.0
44.2,128.163333,37.933979,3491.5065552000005,-30.785,35.71,275.018,1.0
44.3,128.163108,37.934022,3500.5496664,-27.603,36.796,274.517,1.0
44.4,128.162884,37.934062,3509.8728888,-23.937,37.872,274.183,1.0
44.5,128.162661,37.934101,3519.4591536,-19.711,38.935,274.03,1.0
44.6,128.162439,37.934139,3529.2977928,-15.006,40.012,274.054,1.0
44.7,128.162218,37.934175,3539.3967312,-10.115,41.156,274.237,1.0
44.8,128.161999,37.93421,3549.783096,-5.66,42.402,274.56,1.0
44.9,128.161782,37.934245,3560.5001688,-2.473,43.714,274.995,1.0
45.0,128.161568,37.934278,3571.5726384,-0.805,45.035,275.536,1.0
45.1,128.161357,37.934311,3582.956004,0.374,46.343,276.192,1.0
45.2,128.161147,37.934343,3594.6167376,1.818,47.619,276.921,1.0
45.3,128.16094,37.934375,3606.55362,3.675,48.843,277.689,1.0
45.4,128.160735,37.934407,3618.779148,5.734,50.009,278.485,1.0
45.5,128.160534,37.934439,3631.3073424,7.668,51.13,279.311,1.0
45.6,128.160336,37.93447,3644.1510048000005,9.203,52.219,280.166,1.0
45.7,128.160141,37.934501,3657.3003816,10.409,53.274,281.057,1.0
45.8,128.159949,37.934533,3670.7380992,11.577,54.284,281.981,1.0
45.9,128.159761,37.934564,3684.4501368,12.899,55.265,282.934,1.0
46.0,128.159576,37.934595,3698.4191208,14.613,56.251,283.948,1.0
46.1,128.159394,37.934627,3712.6285920000005,16.897,57.257,285.058,1.0
46.2,128.159216,37.934659,3727.0672728000004,19.72,58.233,286.268,1.0
46.3,128.159041,37.934691,3741.7275432,22.957,59.16,287.601,1.0
46.4,128.158869,37.934724,3756.6036120000003,26.395,60.032,289.081,1.0
46.5,128.1587,37.934757,3771.689688,29.852,60.845,290.722,1.0
46.6,128.158535,37.934791,3786.976932,33.218,61.599,292.53,1.0
46.7,128.158374,37.934825,3802.4555904,36.455,62.293,294.495,1.0
46.8,128.158216,37.934861,3818.1159096,39.568,62.927,296.6,1.0
46.9,128.158062,37.934897,3833.946612,42.605,63.501,298.83,1.0
47.0,128.157911,37.934935,3849.9327624000002,45.732,64.014,301.168,1.0
47.1,128.157764,37.934973,3866.0582064,49.158,64.46,303.601,1.0
47.2,128.15762,37.935012,3882.3101424,52.963,64.831,306.109,1.0
47.3,128.157479,37.935053,3898.6815600000004,56.997,65.12,308.671,1.0
47.4,128.157341,37.935094,3915.1657536,61.067,65.325,311.282,1.0
47.5,128.157207,37.935137,3931.7547984000003,65.025,65.444,313.935,1.0
47.6,128.157077,37.935182,3948.4377216,68.846,65.48,316.62,1.0
47.7,128.156949,37.935227,3965.2020264,72.648,65.431,319.314,1.0
47.8,128.156825,37.935274,3982.0358256000004,76.486,65.299,321.966,1.0
47.9,128.156704,37.935323,3998.9299752,80.29,65.083,324.504,1.0
48.0,128.156586,37.935373,4015.8753312,83.927,64.788,326.863,1.0
48.1,128.156471,37.935424,4032.8633592,87.251,64.423,328.999,1.0
48.2,128.15636,37.935477,4049.8861344,90.192,64.002,330.926,1.0
48.3,128.156252,37.935532,4066.9354272,92.817,63.537,332.7,1.0
48.4,128.156146,37.935589,4084.0045320000004,95.244,63.036,334.382,1.0
48.5,128.156044,37.935647,4101.085524,97.563,62.505,336.026,1.0
48.6,128.155945,37.935707,4118.1713928,99.802,61.948,337.667,1.0
48.7,128.155848,37.935769,4135.2542136,101.929,61.366,339.333,1.0
48.8,128.155755,37.935833,4152.325452,103.925,60.759,341.037,1.0
48.9,128.155666,37.935899,4169.3768784,105.824,60.126,342.768,1.0
49.0,128.155579,37.935966,4186.401177600001,107.708,59.468,344.501,1.0
49.1,128.155495,37.936036,4203.391644,109.655,58.786,346.211,1.0
49.2,128.155415,37.936107,4220.3409624000005,111.714,58.076,347.881,1.0
49.3,128.155337,37.936181,4237.2418176,113.897,57.336,349.504,1.0
49.4,128.155263,37.936256,4254.0871992,116.202,56.56,351.066,1.0
49.5,128.155191,37.936333,4270.869487200001,118.605,55.744,352.553,1.0
49.6,128.155122,37.936412,4287.580452,121.08,54.89,353.949,1.0
49.7,128.155056,37.936493,4304.2136928,123.616,53.999,355.233,1.0
49.8,128.154993,37.936576,4320.762504,126.201,53.079,356.382,1.0
49.9,128.154932,37.936661,4337.22018,128.794,52.141,357.375,1.0
50.0,128.154874,37.936747,4353.58032,131.338,51.198,358.199,1.0
50.1,128.154817,37.936836,4369.8356088,133.763,50.255,358.864,1.0
50.2,128.154764,37.936926,4385.979036,136.018,49.304,359.4,1.0
50.3,128.154712,37.937018,4402.0048104,138.097,48.334,359.84,1.0
50.4,128.154663,37.937112,4417.9080552000005,140.02,47.343,0.204,1.0
50.5,128.154615,37.937207,4433.6835888000005,141.818,46.336,0.499,1.0
50.6,128.15457,37.937305,4449.3262296,143.522,45.322,0.734,1.0
50.7,128.154526,37.937404,4464.8182992,144.635,44.263,1.007,1.0
50.8,128.154485,37.937506,4480.0945704000005,143.806,43.125,1.453,1.0
50.9,128.154447,37.937611,4495.1059704,141.389,41.985,1.996,1.0
51.0,128.154412,37.937718,4509.9027912,139.441,40.889,2.56,1.0
51.1,128.154379,37.937827,4524.5450784,139.04,39.929,3.061,1.0
51.2,128.154347,37.937937,4539.0407568,140.1,39.083,3.504,1.0
51.3,128.154318,37.938049,4553.3669664,142.07,38.319,3.872,1.0
51.4,128.154291,37.938163,4567.5048096,144.386,37.589,4.165,1.0
51.5,128.154265,37.938279,4581.430816800001,146.096,36.777,4.503,1.0
51.6,128.154243,37.938397,4595.072750400001,145.707,35.725,5.078,1.0
51.7,128.154224,37.938518,4608.3681264,143.39,34.587,5.769,1.0
51.8,128.154209,37.938641,4621.3407192,140.728,33.435,6.514,1.0
51.9,128.154196,37.938766,4634.0642904,139.665,32.354,7.222,1.0
52.0,128.154185,37.938893,4646.600104800001,140.359,31.419,7.835,1.0
52.1,128.154176,37.939021,4658.9356656,142.063,30.608,8.351,1.0
52.2,128.154169,37.93915,4671.0435408,144.133,29.875,8.771,1.0
52.3,128.154165,37.939281,4682.8929456000005,145.746,29.105,9.188,1.0
52.4,128.154163,37.939414,4694.4101184,145.87,28.126,9.769,1.0
52.5,128.154165,37.939549,4705.557264,144.525,26.947,10.509,1.0
52.6,128.154171,37.939685,4716.3712632,142.618,25.696,11.321,1.0
52.7,128.154178,37.939823,4726.9203912,141.359,24.478,12.123,1.0
52.8,128.154188,37.939962,4737.2595120000005,141.415,23.386,12.834,1.0
52.9,128.154199,37.940102,4747.3752144,142.468,22.44,13.435,1.0
53.0,128.154213,37.940243,4757.2248264,143.777,21.589,13.956,1.0
53.1,128.154229,37.940386,4766.7607992,144.6,20.722,14.482,1.0
53.2,128.154249,37.94053,4775.9444232000005,144.537,19.731,15.094,1.0
53.3,128.154272,37.940675,4784.7766128,143.716,18.6,15.809,1.0
53.4,128.154297,37.940821,4793.2844952000005,142.61,17.395,16.585,1.0
53.5,128.154325,37.940968,4801.497636,141.727,16.2,17.371,1.0
53.6,128.154356,37.941116,4809.4321896,141.33,15.074,18.123,1.0
53.7,128.154389,37.941265,4817.084193600001,141.381,14.048,18.809,1.0
53.8,128.154424,37.941414,4824.4417608,141.695,13.121,19.42,1.0
53.9,128.154462,37.941565,4831.4926992,142.058,12.257,19.977,1.0
54.0,128.154503,37.941716,4838.2290840000005,142.317,11.408,20.51,1.0
54.1,128.154546,37.941867,4844.6493912000005,142.416,10.547,21.041,1.0
54.2,128.154592,37.942019,4850.756668800001,142.381,9.662,21.577,1.0
54.3,128.15464,37.942172,4856.5557936000005,142.277,8.759,22.118,1.0
54.4,128.154691,37.942325,4862.052252,142.175,7.846,22.661,1.0
54.5,128.154744,37.942479,4867.249092000001,142.127,6.931,23.201,1.0
54.6,128.154799,37.942633,4872.148752,142.156,6.017,23.735,1.0
54.7,128.154857,37.942788,4876.7503176,142.258,5.105,24.263,1.0
54.8,128.154917,37.942943,4881.0528744,142.411,4.19,24.785,1.0
54.9,128.154979,37.943098,4885.055508,142.6,3.272,25.301,1.0
55.0,128.155044,37.943253,4888.7585232,142.831,2.355,25.805,1.0
55.1,128.15511,37.943409,4892.1622248,143.1,1.441,26.294,1.0
55.2,128.155179,37.943565,4895.2666128,143.408,0.537,26.762,1.0
55.3,128.15525,37.943721,4898.0710776000005,143.748,-0.351,27.205,1.0
55.4,128.155323,37.943877,4900.575619200001,144.112,-1.218,27.618,1.0
55.5,128.155398,37.944033,4902.7799328,144.492,-2.05,27.991,1.0
55.6,128.155474,37.944189,4904.6834088000005,144.861,-2.834,28.319,1.0
55.7,128.155553,37.944346,4906.2845232,145.185,-3.568,28.601,1.0
55.8,128.155634,37.944502,4907.5829712,145.433,-4.251,28.842,1.0
55.9,128.155717,37.944659,4908.5811912,145.594,-4.873,29.036,1.0
56.0,128.155801,37.944815,4909.2813168,145.656,-5.429,29.184,1.0
56.1,128.155887,37.944971,4909.6842624,145.579,-5.9,29.279,1.0
56.2,128.155975,37.945128,4909.789418400001,145.279,-6.27,29.316,1.0
56.3,128.156064,37.945284,4909.5986136,144.671,-6.535,29.298,1.0
56.4,128.156156,37.94544,4909.1167248,143.699,-6.716,29.238,1.0
56.5,128.156249,37.945596,4908.3553344,142.358,-6.84,29.156,1.0
56.6,128.156343,37.945751,4907.3312064,140.71,-6.926,29.06,1.0
56.7,128.156439,37.945907,4906.0650672,138.854,-6.966,28.934,1.0
56.8,128.156536,37.946063,4904.580691200001,136.921,-6.935,28.747,1.0
56.9,128.156634,37.946218,4902.9027672,135.061,-6.862,28.512,1.0
57.0,128.156733,37.946374,4901.0547648,133.405,-6.771,28.241,1.0
57.1,128.156834,37.94653,4899.0558864,132.03,-6.624,27.891,1.0
57.2,128.156934,37.946687,4896.9177144000005,130.888,-6.367,27.406,1.0
57.3,128.157036,37.946844,4894.642992000001,129.742,-5.991,26.78,1.0
57.4,128.157138,37.947001,4892.235072,128.291,-5.523,26.042,1.0
57.5,128.157241,37.947158,4889.7018792,126.307,-5.043,25.266,1.0
57.6,128.157345,37.947316,4887.047376,123.402,-4.641,24.575,1.0
57.7,128.157449,37.947473,4884.251750400001,118.921,-4.394,24.089,1.0
57.8,128.157554,37.947631,4881.3274992,113.017,-4.35,23.856,1.0
57.9,128.157661,37.947788,4878.2895576,105.958,-4.492,23.938,1.0
58.0,128.157768,37.947945,4875.147984,98.008,-4.68,24.199,1.0
58.1,128.157876,37.948101,4871.915884800001,89.316,-4.872,24.63,1.0
58.2,128.157985,37.948258,4868.613072,79.998,-5.041,25.241,1.0
58.3,128.158097,37.948414,4865.2663680000005,70.188,-5.148,25.983,1.0
58.4,128.15821,37.948569,4861.9086912,60.032,-5.226,26.601,1.0
58.5,128.158325,37.948725,4858.5787512,49.614,-5.297,27.07,1.0
58.6,128.158442,37.94888,4855.3189152,38.965,-5.331,27.462,1.0
58.7,128.15856,37.949035,4852.1703312,28.062,-5.275,27.819,1.0
58.8,128.15868,37.94919,4849.156468800001,17.081,-5.034,28.18,1.0
58.9,128.158801,37.949346,4846.2602592,6.824,-4.453,28.558,1.0
59.0,128.158922,37.949502,4843.443602400001,-1.907,-3.228,28.875,1.0
59.1,128.159044,37.949658,4840.7351496,-9.149,-1.305,28.941,1.0
59.2,128.159165,37.949816,4838.1873264,-15.192,0.74,28.691,1.0
59.3,128.159287,37.949974,4835.8604832,-20.404,2.81,28.125,1.0
59.4,128.159407,37.950134,4833.825638400001,-25.364,4.657,27.33,1.0
59.5,128.159525,37.950294,4832.0617608,-29.546,6.269,26.403,1.0
59.6,128.159643,37.950456,4830.5408088,-32.445,7.687,25.389,1.0
59.7,128.159758,37.950619,4829.2682688,-34.036,8.944,24.323,1.0
59.8,128.159871,37.950782,4828.288032,-34.907,10.062,23.232,1.0
59.9,128.159982,37.950947,4827.6336264,-35.579,11.081,22.137,1.0
60.0,128.160089,37.951112,4827.3184632,-36.312,12.038,21.045,1.0
60.1,128.160194,37.951279,4827.347724,-37.22,12.951,19.953,1.0
60.2,128.160295,37.951446,4827.7250664,-38.384,13.829,18.851,1.0
60.3,128.160392,37.951614,4828.4550624,-39.922,14.671,17.724,1.0
60.4,128.160486,37.951783,4829.5459416,-42.04,15.467,16.553,1.0
60.5,128.160575,37.951952,4831.0019712,-44.908,16.208,15.315,1.0
60.6,128.16066,37.952122,4832.800596,-48.365,16.887,13.997,1.0
60.7,128.16074,37.952293,4834.9146888000005,-52.207,17.486,12.587,1.0
60.8,128.160815,37.952464,4837.3018824,-56.011,17.999,11.089,1.0
60.9,128.160886,37.952635,4839.8957304000005,-58.892,18.463,9.545,1.0
61.0,128.160953,37.952808,4842.6624,-60.691,18.902,7.998,1.0
61.1,128.161016,37.95298,4845.6195696,-62.015,19.273,6.447,1.0
61.2,128.161074,37.953153,4848.7358448,-62.385,19.626,4.915,1.0
61.3,128.161127,37.953327,4852.0115304,-62.046,19.968,3.413,1.0
61.4,128.161176,37.9535,4855.453332,-61.284,20.318,1.957,1.0
61.5,128.161221,37.953674,4859.0716128,-60.42,20.689,0.548,1.0
61.6,128.16126,37.953848,4862.875516800001,-59.718,21.09,359.181,1.0
61.7,128.161295,37.954022,4866.869920800001,-59.328,21.521,357.846,1.0
61.8,128.161325,37.954195,4871.0557392,-59.292,21.978,356.531,1.0
61.9,128.16135,37.954368,4875.4302288,-59.581,22.451,355.226,1.0
62.0,128.16137,37.954541,4879.990036800001,-60.141,22.928,353.92,1.0
62.1,128.161386,37.954714,4884.7305912,-60.915,23.399,352.606,1.0
62.2,128.161397,37.954885,4889.645796000001,-61.848,23.853,351.279,1.0
62.3,128.161403,37.955057,4894.7295552000005,-62.887,24.285,349.936,1.0
62.4,128.161405,37.955227,4899.9742488,-63.986,24.689,348.572,1.0
62.5,128.161401,37.955397,4905.3722568,-65.106,25.063,347.189,1.0
62.6,128.161393,37.955566,4910.916264,-66.219,25.407,345.787,1.0
62.7,128.16138,37.955734,4916.5989552,-67.316,25.719,344.366,1.0
62.8,128.161363,37.955901,4922.4136248,-68.416,26.001,342.929,1.0
62.9,128.16134,37.956066,4928.3547864,-69.572,26.251,341.475,1.0
63.0,128.161313,37.956231,4934.4172584,-70.864,26.468,340.003,1.0
63.1,128.161281,37.956394,4940.593725600001,-72.348,26.648,338.51,1.0
63.2,128.161243,37.956556,4946.87352,-74.014,26.786,336.992,1.0
63.3,128.161201,37.956716,4953.2435352,-75.786,26.876,335.449,1.0
63.4,128.161154,37.956875,4959.689750400001,-77.573,26.916,333.882,1.0
63.5,128.161101,37.957033,4966.1984496000005,-79.292,26.904,332.297,1.0
63.6,128.161044,37.957188,4972.7568312,-80.892,26.841,330.699,1.0
63.7,128.160982,37.957342,4979.353008,-82.343,26.733,329.095,1.0
63.8,128.160916,37.957495,4985.9760072,-83.634,26.585,327.491,1.0
63.9,128.160845,37.957646,4992.6154656,-84.769,26.402,325.891,1.0
64.0,128.160769,37.957795,4999.262544,-85.76,26.193,324.298,1.0
64.1,128.160688,37.957942,5005.9096224,-86.619,25.963,322.716,1.0
64.2,128.160603,37.958087,5012.5493856,-87.361,25.719,321.147,1.0
64.3,128.160514,37.95823,5019.175432800001,-88.006,25.464,319.59,1.0
64.4,128.16042,37.958371,5025.7825824,-88.585,25.202,318.048,1.0
64.5,128.160322,37.95851,5032.3659576,-89.152,24.934,316.519,1.0
64.6,128.160219,37.958647,5038.9203768,-89.782,24.659,315.001,1.0
64.7,128.160112,37.958782,5045.4406584,-90.552,24.372,313.494,1.0
64.8,128.160001,37.958914,5051.920706400001,-91.521,24.068,311.991,1.0
64.9,128.159885,37.959043,5058.352291200001,-92.72,23.738,310.492,1.0
65.0,128.159765,37.95917,5064.726573600001,-94.15,23.373,308.995,1.0
65.1,128.159641,37.959294,5071.032276,-95.774,22.965,307.498,1.0
65.2,128.159513,37.959416,5077.2581208,-97.512,22.507,306.004,1.0
65.3,128.159381,37.959535,5083.392220799999,-99.232,21.997,304.515,1.0
65.4,128.159245,37.959651,5089.4236032,-100.792,21.436,303.038,1.0
65.5,128.159106,37.959765,5095.343124000001,-102.066,20.832,301.583,1.0
65.6,128.158963,37.959876,5101.1425536,-102.978,20.201,300.167,1.0
65.7,128.158816,37.959984,5106.815796000001,-103.505,19.557,298.795,1.0
65.8,128.158666,37.96009,5112.357974400001,-103.682,18.913,297.463,1.0
65.9,128.158514,37.960194,5117.7654312,-103.583,18.282,296.164,1.0
66.0,128.158357,37.960294,5123.036947200001,-103.297,17.673,294.889,1.0
66.1,128.158198,37.960392,5128.1713032,-102.906,17.09,293.628,1.0
66.2,128.158036,37.960488,5133.166670400001,-102.6,16.526,292.354,1.0
66.3,128.157871,37.960579,5138.016648,-102.788,15.957,291.031,1.0
66.4,128.157702,37.960668,5142.7127016,-103.649,15.376,289.688,1.0
66.5,128.157531,37.960753,5147.2472112000005,-105.131,14.767,288.335,1.0
66.6,128.157357,37.960834,5151.6131663999995,-106.988,14.114,286.977,1.0
66.7,128.15718,37.960913,5155.808433600001,-108.738,13.412,285.62,1.0
66.8,128.157,37.960988,5159.830269600001,-110.03,12.666,284.278,1.0
66.9,128.156819,37.961061,5163.6759312,-110.673,11.891,282.968,1.0
67.0,128.156635,37.961131,5167.336884000001,-110.755,11.107,281.706,1.0
67.1,128.156449,37.961198,5170.8042888,-110.537,10.319,280.463,1.0
67.2,128.156261,37.961262,5174.068696800001,-110.311,9.535,279.227,1.0
67.3,128.15607,37.961322,5177.1243168,-110.286,8.759,277.994,1.0
67.4,128.155878,37.961379,5179.968100800001,-110.531,7.989,276.761,1.0
67.5,128.155684,37.961433,5182.597610400001,-110.999,7.219,275.525,1.0
67.6,128.155488,37.961483,5185.0119312,-111.593,6.442,274.287,1.0
67.7,128.15529,37.961529,5187.208015200001,-112.21,5.654,273.05,1.0
67.8,128.155091,37.961572,5189.1822048,-112.782,4.851,271.819,1.0
67.9,128.154891,37.961612,5190.929318400001,-113.302,4.032,270.596,1.0
68.0,128.154689,37.961649,5192.4426504,-113.803,3.196,269.382,1.0
68.1,128.154486,37.961682,5193.718238400001,-114.283,2.346,268.175,1.0
68.2,128.154283,37.961712,5194.7554728000005,-114.666,1.485,266.974,1.0
68.3,128.154078,37.961738,5195.5549632,-114.831,0.62,265.775,1.0
68.4,128.153872,37.961761,5196.117624,-114.715,-0.24,264.581,1.0
68.5,128.153666,37.961781,5196.4434552,-114.31,-1.086,263.39,1.0
68.6,128.153459,37.961798,5196.533676,-113.634,-1.909,262.201,1.0
68.7,128.153251,37.961812,5196.389810400001,-112.74,-2.698,261.013,1.0
68.8,128.153043,37.961823,5196.013992,-111.696,-3.447,259.821,1.0
68.9,128.152835,37.96183,5195.4092688,-110.573,-4.151,258.624,1.0
69.0,128.152626,37.961834,5194.5796032,-109.437,-4.81,257.42,1.0
69.1,128.152417,37.961834,5193.5289576,-108.34,-5.425,256.207,1.0
69.2,128.152209,37.961832,5192.263428,-107.288,-5.997,254.985,1.0
69.3,128.152,37.961825,5190.789110400001,-106.246,-6.528,253.753,1.0
69.4,128.151791,37.961816,5189.11332,-105.152,-7.02,252.514,1.0
69.5,128.151583,37.961803,5187.243372,-103.928,-7.471,251.269,1.0
69.6,128.151374,37.961788,5185.1878008,-102.493,-7.876,250.021,1.0
69.7,128.151166,37.961769,5182.954836,-100.816,-8.23,248.773,1.0
69.8,128.150959,37.961747,5180.553012,-98.909,-8.528,247.531,1.0
69.9,128.150751,37.961721,5177.9914728,-96.804,-8.761,246.295,1.0
70.0,128.150544,37.961693,5175.281191200001,-94.512,-8.925,245.068,1.0
70.1,128.150338,37.961662,5172.4343592000005,-92.003,-9.01,243.853,1.0
70.2,128.150132,37.961628,5169.462864,-89.241,-9.012,242.657,1.0
70.3,128.149926,37.961591,5166.379507199999,-86.221,-8.925,241.489,1.0
70.4,128.149721,37.961551,5163.1970904,-82.968,-8.747,240.378,1.0
70.5,128.149517,37.961509,5159.928415200001,-79.504,-8.481,239.357,1.0
70.6,128.149312,37.961464,5156.585064000001,-75.818,-8.131,238.449,1.0
70.7,128.149108,37.961417,5153.175876,-71.859,-7.707,237.678,1.0
70.8,128.148905,37.961367,5149.7084712,-67.617,-7.226,237.074,1.0
70.9,128.148701,37.961316,5146.1932128,-63.241,-6.723,236.68,1.0
71.0,128.148497,37.961262,5142.641378400001,-58.916,-6.231,236.514,1.0
71.1,128.148294,37.961207,5139.060892800001,-54.756,-5.769,236.556,1.0
71.2,128.14809,37.96115,5135.4584616,-50.774,-5.329,236.736,1.0
71.3,128.147886,37.961092,5131.8392664,-46.926,-4.886,236.98,1.0
71.4,128.147682,37.961032,5128.206660000001,-43.147,-4.431,237.256,1.0
71.5,128.147477,37.96097,5124.5646048,-39.37,-3.973,237.564,1.0
71.6,128.147272,37.960907,5120.9161488,-35.534,-3.485,237.872,1.0
71.7,128.147066,37.960843,5117.266473600001,-31.594,-2.941,238.166,1.0
71.8,128.14686,37.960777,5113.6207608,-27.533,-2.349,238.46,1.0
71.9,128.146654,37.960711,5109.9848016000005,-23.351,-1.748,238.784,1.0
72.0,128.146447,37.960643,5106.3640824,-19.06,-1.171,239.157,1.0
72.1,128.146239,37.960575,5102.7640896,-14.669,-0.614,239.579,1.0
72.2,128.14603,37.960505,5099.1897,-10.19,-0.06,240.047,1.0
72.3,128.145821,37.960435,5095.6464000000005,-5.635,0.513,240.56,1.0
72.4,128.145611,37.960364,5092.1402856,-1.019,1.119,241.125,1.0
72.5,128.145399,37.960292,5088.6783672,3.642,1.76,241.755,1.0
72.6,128.145187,37.960219,5085.268569600001,8.317,2.43,242.47,1.0
72.7,128.144974,37.960147,5081.919122400001,12.967,3.126,243.292,1.0
72.8,128.14476,37.960073,5078.639474400001,17.56,3.835,244.239,1.0
72.9,128.144545,37.96,5075.439684000001,22.064,4.539,245.322,1.0
73.0,128.144329,37.959926,5072.329809600001,26.453,5.238,246.554,1.0
73.1,128.144112,37.959853,5069.322348,30.705,5.972,247.965,1.0
73.2,128.143893,37.95978,5066.4294912000005,34.787,6.724,249.551,1.0
73.3,128.143673,37.959708,5063.6762328,37.635,7.42,251.155,1.0
73.4,128.143451,37.959637,5061.1546224,37.066,8.152,252.541,1.0
73.5,128.143227,37.959568,5058.9625008,33.807,8.952,253.681,1.0
73.6,128.143003,37.959501,5057.101087200001,30.074,9.772,254.703,1.0
73.7,128.142777,37.959436,5055.4923528,28.03,10.607,255.658,1.0
73.8,128.14255,37.959372,5054.0747280000005,27.824,11.457,256.517,1.0
73.9,128.142322,37.959308,5052.852784799999,29.246,12.277,257.302,1.0
74.0,128.142093,37.959246,5051.833838400001,31.929,13.031,258.062,1.0
74.1,128.141863,37.959185,5051.020632000001,35.446,13.703,258.842,1.0
74.2,128.141632,37.959126,5050.4244432,38.752,14.307,259.639,1.0
74.3,128.1414,37.959069,5050.119948,39.759,14.891,260.412,1.0
74.4,128.141168,37.959015,5050.189747200001,37.744,15.492,261.165,1.0
74.5,128.140935,37.958964,5050.6384128,34.797,16.108,261.964,1.0
74.6,128.140702,37.958915,5051.3793816,33.456,16.755,262.815,1.0
74.7,128.140468,37.958867,5052.327919200001,33.865,17.445,263.651,1.0
74.8,128.140234,37.958821,5053.468176,35.785,18.126,264.468,1.0
74.9,128.139999,37.958776,5054.816916,38.569,18.761,265.276,1.0
75.0,128.139764,37.958734,5056.4347944,40.434,19.37,266.051,1.0
75.1,128.139529,37.958695,5058.396487200001,39.712,19.99,266.793,1.0
75.2,128.139294,37.958659,5060.732779200001,37.474,20.626,267.564,1.0
75.3,128.13906,37.958626,5063.3647272,35.807,21.295,268.396,1.0
75.4,128.138825,37.958594,5066.2146072,35.873,21.992,269.251,1.0
75.5,128.13859,37.958564,5069.2985736,36.965,22.697,270.07,1.0
75.6,128.138356,37.958537,5072.6644799999995,38.133,23.387,270.857,1.0
75.7,128.138122,37.958512,5076.3443304,38.698,24.074,271.635,1.0
75.8,128.137889,37.95849,5080.34544,38.482,24.773,272.428,1.0
75.9,128.137657,37.95847,5084.6422056,37.926,25.495,273.249,1.0
76.0,128.137425,37.958453,5089.2114624,37.509,26.234,274.088,1.0
76.1,128.137194,37.958439,5094.0468096,37.416,26.982,274.925,1.0
76.2,128.136964,37.958426,5099.1528192000005,37.584,27.733,275.753,1.0
76.3,128.136735,37.958416,5104.531015200001,37.924,28.484,276.578,1.0
76.4,128.136506,37.958408,5110.1765208,38.414,29.232,277.408,1.0
76.5,128.136279,37.958402,5116.085678400001,39.02,29.974,278.249,1.0
76.6,128.136053,37.958399,5122.2587928,39.64,30.712,279.1,1.0
76.7,128.135829,37.958398,5128.6952544000005,40.173,31.445,279.963,1.0
76.8,128.135606,37.9584,5135.3929296,40.575,32.172,280.842,1.0
76.9,128.135384,37.958404,5142.348160800001,40.84,32.897,281.738,1.0
77.0,128.135164,37.95841,5149.557900000001,40.989,33.622,282.647,1.0
77.1,128.134946,37.958419,5157.0160512,41.088,34.347,283.567,1.0
77.2,128.134729,37.95843,5164.7174328,41.206,35.072,284.496,1.0
77.3,128.134514,37.958443,5172.659301600001,41.372,35.795,285.431,1.0
77.4,128.134301,37.958458,5180.840743199999,41.558,36.518,286.371,1.0
77.5,128.13409,37.958476,5189.259928800001,41.751,37.24,287.319,1.0
77.6,128.133881,37.958496,5197.914420000001,41.949,37.96,288.275,1.0
77.7,128.133675,37.958518,5206.800864000001,42.153,38.679,289.243,1.0
77.8,128.13347,37.958542,5215.9168224000005,42.367,39.397,290.223,1.0
77.9,128.133268,37.958568,5225.259247200001,42.583,40.113,291.216,1.0
78.0,128.133068,37.958596,5234.8260048,42.791,40.829,292.222,1.0
78.1,128.132871,37.958626,5244.614047200001,42.991,41.544,293.241,1.0
78.2,128.132676,37.958658,5254.6197168,43.189,42.26,294.272,1.0
78.3,128.132484,37.958692,5264.8405752,43.389,42.977,295.316,1.0
78.4,128.132295,37.958728,5275.2726600000005,43.592,43.696,296.373,1.0
78.5,128.132108,37.958766,5285.9129232000005,43.806,44.417,297.443,1.0
78.6,128.131925,37.958806,5296.7577071999995,44.036,45.138,298.528,1.0
78.7,128.131744,37.958847,5307.8030496,44.289,45.86,299.627,1.0
78.8,128.131566,37.95889,5319.0452928,44.571,46.582,300.743,1.0
78.9,128.131391,37.958935,5330.4798648000005,44.886,47.303,301.877,1.0
79.0,128.13122,37.958982,5342.1024984,45.242,48.022,303.029,1.0
79.1,128.131051,37.959029,5353.9089264,45.642,48.737,304.202,1.0
79.2,128.130886,37.959079,5365.8942720000005,46.093,49.448,305.397,1.0
79.3,128.130724,37.95913,5378.0533536,46.601,50.153,306.617,1.0
79.4,128.130565,37.959182,5390.3809896,47.174,50.85,307.862,1.0
79.5,128.130409,37.959236,5402.8716936,47.817,51.537,309.136,1.0
79.6,128.130257,37.95929,5415.5196744,48.533,52.212,310.439,1.0
79.7,128.130108,37.959346,5428.3194456,49.322,52.873,311.775,1.0
79.8,128.129963,37.959404,5441.2661304,50.168,53.519,313.143,1.0
79.9,128.129821,37.959462,5454.3569856,51.006,54.149,314.545,1.0
80.0,128.129682,37.959522,5467.5898776,51.739,54.765,315.98,1.0
80.1,128.129548,37.959582,5480.959624800001,52.382,55.371,317.456,1.0
80.2,128.129416,37.959644,5494.457083200001,53.069,55.968,318.976,1.0
80.3,128.129289,37.959707,5508.0749376,53.883,56.554,320.537,1.0
80.4,128.129164,37.95977,5521.8089208,54.837,57.128,322.133,1.0
80.5,128.129044,37.959834,5535.6553752,55.877,57.686,323.762,1.0
80.6,128.128927,37.959899,5549.6118624,56.926,58.23,325.428,1.0
80.7,128.128813,37.959965,5563.6741152,57.928,58.758,327.134,1.0
80.8,128.128704,37.960032,5577.8387808,58.863,59.275,328.886,1.0
80.9,128.128598,37.960099,5592.1009824,59.732,59.782,330.684,1.0
81.0,128.128497,37.960167,5606.456148,60.569,60.281,332.531,1.0
81.1,128.128399,37.960235,5620.899400800001,61.415,60.772,334.424,1.0
81.2,128.128305,37.960304,5635.427388000001,62.26,61.253,336.353,1.0
81.3,128.128215,37.960374,5650.0370616,63.014,61.711,338.26,1.0
81.4,128.128128,37.960443,5664.7235448,63.63,62.13,340.06,1.0
81.5,128.128046,37.960513,5679.4783032,64.228,62.506,341.732,1.0
81.6,128.127967,37.960583,5694.2937168,64.987,62.843,343.29,1.0
81.7,128.127891,37.960653,5709.1636896,65.974,63.155,344.79,1.0
81.8,128.127819,37.960724,5724.0851736,67.156,63.455,346.314,1.0
81.9,128.12775,37.960794,5739.0560352,68.42,63.756,347.943,1.0
82.0,128.127685,37.960865,5754.0744456,69.62,64.07,349.753,1.0
82.1,128.127624,37.960935,5769.1364424,70.697,64.395,351.776,1.0
82.2,128.127567,37.961006,5784.236234399999,71.763,64.718,353.968,1.0
82.3,128.127513,37.961076,5799.3668112000005,73.012,65.018,356.245,1.0
82.4,128.127461,37.961146,5814.523296,74.555,65.288,358.551,1.0
82.5,128.127414,37.961216,5829.7029456,76.355,65.531,0.894,1.0
82.6,128.127369,37.961286,5844.9045408,78.265,65.753,3.331,1.0
82.7,128.127328,37.961355,5860.125338400001,80.13,65.956,5.92,1.0
82.8,128.127291,37.961424,5875.3616808,81.884,66.136,8.673,1.0
82.9,128.127258,37.961493,5890.609300800001,83.534,66.286,11.539,1.0
83.0,128.127228,37.961561,5905.864236,85.109,66.403,14.452,1.0
83.1,128.127202,37.961629,5921.1222192000005,86.711,66.488,17.374,1.0
83.2,128.127179,37.961696,5936.3802024,88.367,66.545,20.279,1.0
83.3,128.12716,37.961762,5951.6345280000005,89.993,66.578,23.155,1.0
83.4,128.127145,37.961828,5966.881538400001,91.533,66.591,26.004,1.0
83.5,128.127133,37.961892,5982.1178808,92.958,66.586,28.834,1.0
83.6,128.127125,37.961956,5997.3389832,94.265,66.563,31.655,1.0
83.7,128.127121,37.962019,6012.541797600001,95.468,66.526,34.475,1.0
83.8,128.127121,37.96208,6027.722056800001,96.583,66.475,37.298,1.0
83.9,128.127123,37.962141,6042.8770176,97.62,66.414,40.13,1.0
84.0,128.12713,37.9622,6058.0030224,98.59,66.343,42.974,1.0
84.1,128.12714,37.962257,6073.0967184,99.508,66.265,45.831,1.0
84.2,128.127153,37.962313,6088.1553624,100.381,66.18,48.706,1.0
84.3,128.12717,37.962368,6103.175601600001,101.188,66.091,51.598,1.0
84.4,128.12719,37.96242,6118.1534736,101.847,66.001,54.512,1.0
84.5,128.127214,37.962471,6133.0856256,102.278,65.916,57.459,1.0
84.6,128.127241,37.96252,6147.9696192,102.547,65.834,60.45,1.0
84.7,128.127271,37.962567,6162.8048448,102.721,65.758,63.49,1.0
84.8,128.127303,37.962611,6177.589778400001,102.856,65.69,66.58,1.0
84.9,128.127338,37.962654,6192.324115200001,102.998,65.632,69.714,1.0
85.0,128.127376,37.962694,6207.007550400001,103.186,65.585,72.889,1.0
85.1,128.127416,37.962732,6221.639474400001,103.443,65.547,76.096,1.0
85.2,128.127458,37.962768,6236.2195824,103.788,65.518,79.331,1.0
85.3,128.127502,37.962802,6250.747874400001,104.224,65.495,82.585,1.0
85.4,128.127548,37.962833,6265.2222168,104.753,65.473,85.85,1.0
85.5,128.127595,37.962862,6279.638037600001,105.371,65.45,89.123,1.0
85.6,128.127643,37.962888,6293.9883264,106.078,65.424,92.401,1.0
85.7,128.127693,37.962912,6308.266377600001,106.862,65.392,95.677,1.0
85.8,128.127743,37.962934,6322.467009600001,107.717,65.356,98.945,1.0
85.9,128.127795,37.962954,6336.587174400001,108.635,65.336,102.176,1.0
86.0,128.127847,37.962971,6350.6262624,109.493,65.335,105.278,1.0
86.1,128.1279,37.962986,6364.585188000001,110.232,65.348,108.223,1.0
86.2,128.127953,37.962998,6378.463036800001,110.76,65.383,110.947,1.0
86.3,128.128006,37.963009,6392.2585896,111.0,65.446,113.404,1.0
86.4,128.12806,37.963017,6405.9727608,111.028,65.51,115.715,1.0
86.5,128.128114,37.963024,6419.60616,110.944,65.547,118.019,1.0
86.6,128.128167,37.963028,6433.1584824,110.849,65.54,120.424,1.0
86.7,128.128221,37.96303,6446.6306424,110.811,65.487,122.985,1.0
86.8,128.128274,37.96303,6460.0232496,110.885,65.394,125.726,1.0
86.9,128.128327,37.963028,6473.3369136,111.062,65.27,128.606,1.0
87.0,128.12838,37.963024,6486.569805600001,111.294,65.13,131.547,1.0
87.1,128.128432,37.963018,6499.720096800001,111.573,64.991,134.502,1.0
87.2,128.128483,37.96301,6512.7856536,111.932,64.866,137.473,1.0
87.3,128.128534,37.963001,6525.764952,112.39,64.742,140.485,1.0
87.4,128.128583,37.962989,6538.656468,112.917,64.62,143.505,1.0
87.5,128.128632,37.962976,6551.458372800001,113.484,64.497,146.51,1.0
87.6,128.128679,37.962961,6564.170056800001,114.068,64.374,149.482,1.0
87.7,128.128725,37.962944,6576.791215200001,114.649,64.249,152.408,1.0
87.8,128.12877,37.962926,6589.3227624,115.209,64.121,155.281,1.0
87.9,128.128814,37.962906,6601.7659176,115.735,63.989,158.096,1.0
88.0,128.128856,37.962884,6614.1219,116.217,63.854,160.85,1.0
88.1,128.128897,37.962861,6626.3922336000005,116.643,63.714,163.543,1.0
88.2,128.128936,37.962837,6638.577832800001,116.999,63.564,166.173,1.0
88.3,128.128974,37.962811,6650.679612,117.255,63.396,168.729,1.0
88.4,128.12901,37.962784,6662.697876,117.408,63.209,171.208,1.0
88.5,128.129044,37.962756,6674.6332344,117.481,63.008,173.621,1.0
88.6,128.129077,37.962726,6686.486296800001,117.498,62.799,175.977,1.0
88.7,128.129108,37.962696,6698.257063200001,117.482,62.587,178.286,1.0
88.8,128.129137,37.962664,6709.9461432,117.451,62.373,180.555,1.0
88.9,128.129164,37.962631,6721.554756,117.418,62.161,182.791,1.0
89.0,128.12919,37.962597,6733.083815999999,117.395,61.95,184.998,1.0
89.1,128.129213,37.962563,6744.533628,117.386,61.742,187.18,1.0
89.2,128.129235,37.962527,6755.9121168,117.694,61.522,189.319,1.0
89.3,128.129255,37.962491,6767.2323888,119.019,61.258,191.373,1.0
89.4,128.129274,37.962454,6778.496882400001,121.217,60.95,193.329,1.0
89.5,128.129291,37.962417,6789.7068168,124.004,60.602,195.167,1.0
89.6,128.129307,37.962378,6800.853048,126.957,60.221,196.871,1.0
89.7,128.129322,37.96234,6811.9194216,129.345,59.826,198.456,1.0
89.8,128.129335,37.9623,6822.8955744,131.078,59.41,199.916,1.0
89.9,128.129345,37.96226,6833.7772392,132.147,58.97,201.262,1.0
90.0,128.129354,37.962219,6844.563501600001,132.586,58.506,202.518,1.0
90.1,128.129362,37.962177,6855.253447200001,132.459,58.02,203.712,1.0
90.2,128.129367,37.962135,6865.847076,131.845,57.518,204.867,1.0
90.3,128.12937,37.962092,6876.344083200001,130.833,57.007,206.007,1.0
90.4,128.129372,37.962049,6886.745383200001,129.516,56.495,207.151,1.0
90.5,128.129371,37.962005,6897.0570720000005,128.239,55.981,208.299,1.0
90.6,128.129369,37.96196,6907.2940848,127.672,55.46,209.402,1.0
90.7,128.129366,37.961915,6917.463127200001,127.792,54.957,210.424,1.0
90.8,128.129362,37.96187,6927.569076,128.556,54.472,211.373,1.0
90.9,128.129356,37.961824,6937.6119312,129.879,54.006,212.239,1.0
91.0,128.129349,37.961778,6947.5886448,131.595,53.559,213.018,1.0
91.1,128.129341,37.961732,6957.4931208,133.464,53.119,213.725,1.0
91.2,128.129332,37.961685,6967.318044,135.195,52.665,214.408,1.0
91.3,128.12932,37.961638,6977.0490887999995,136.391,52.17,215.136,1.0
91.4,128.129308,37.96159,6986.6734536,137.021,51.633,215.896,1.0
91.5,128.129293,37.961542,6996.1896144,137.095,51.056,216.68,1.0
91.6,128.129277,37.961494,7005.5969616,136.648,50.444,217.486,1.0
91.7,128.129259,37.961445,7014.8951904000005,135.732,49.807,218.314,1.0
91.8,128.129239,37.961396,7024.083996,134.414,49.155,219.167,1.0
91.9,128.129218,37.961347,7033.170084000001,132.993,48.492,220.035,1.0
92.0,128.129195,37.961297,7042.1686944,132.076,47.819,220.873,1.0
92.1,128.12917,37.961247,7051.088056800001,131.656,47.172,221.64,1.0
92.2,128.129145,37.961197,7059.9351816,131.702,46.571,222.314,1.0
92.3,128.129119,37.961147,7068.7094592,132.168,46.019,222.893,1.0
92.4,128.129091,37.961096,7077.408146400001,132.965,45.509,223.395,1.0
92.5,128.129062,37.961045,7086.0291096,133.996,45.027,223.836,1.0
92.6,128.129032,37.960994,7094.570824800001,135.201,44.559,224.229,1.0
92.7,128.129001,37.960942,7103.0329872,136.532,44.094,224.581,1.0
92.8,128.128969,37.96089,7111.4119392,137.777,43.608,224.929,1.0
92.9,128.128935,37.960838,7119.694879200001,138.5,43.056,225.362,1.0
93.0,128.1289,37.960786,7127.8659576,138.686,42.444,225.863,1.0
93.1,128.128863,37.960734,7135.9187736,138.357,41.782,226.419,1.0
93.2,128.128825,37.960681,7143.8514984,137.55,41.08,227.023,1.0
93.3,128.128785,37.960629,7151.6638272,136.313,40.35,227.671,1.0
93.4,128.128744,37.960576,7159.35576,134.702,39.606,228.361,1.0
93.5,128.128701,37.960524,7166.933088000001,132.982,38.852,229.08,1.0
93.6,128.128656,37.960471,7174.410746400001,131.697,38.094,229.787,1.0
93.7,128.128611,37.960418,7181.7984888,130.849,37.374,230.433,1.0
93.8,128.128564,37.960365,7189.1036304,130.418,36.715,230.991,1.0
93.9,128.128517,37.960311,7196.3267808,130.372,36.124,231.457,1.0
94.0,128.128468,37.960258,7203.465501600001,130.652,35.591,231.843,1.0
94.1,128.128418,37.960204,7210.5185736,131.201,35.105,232.163,1.0
94.2,128.128367,37.96015,7217.4850824000005,131.965,34.654,232.43,1.0
94.3,128.128315,37.960096,7224.363808800001,132.89,34.225,232.653,1.0
94.4,128.128262,37.960042,7231.154448,133.928,33.807,232.84,1.0
94.5,128.128207,37.959988,7237.8560856,135.038,33.39,232.997,1.0
94.6,128.128152,37.959934,7244.4684168,136.185,32.965,233.128,1.0
94.7,128.128095,37.959879,7250.9890032,137.189,32.512,233.269,1.0
94.8,128.128038,37.959825,7257.404433600001,137.677,31.961,233.524,1.0
94.9,128.127979,37.95977,7263.7003824,137.645,31.315,233.881,1.0
95.0,128.127918,37.959715,7269.8698392,137.116,30.592,234.325,1.0
95.1,128.127857,37.959661,7275.9118896,136.123,29.808,234.842,1.0
95.2,128.127793,37.959606,7281.8265336,134.705,28.981,235.425,1.0
95.3,128.127729,37.959552,7287.617428800001,133.091,28.134,236.04,1.0
95.4,128.127663,37.959497,7293.2967672,131.777,27.304,236.608,1.0
95.5,128.127596,37.959443,7298.8758264,130.785,26.523,237.106,1.0
95.6,128.127528,37.959388,7304.3625312,130.11,25.803,237.522,1.0
95.7,128.127459,37.959334,7309.7562720000005,129.727,25.142,237.869,1.0
95.8,128.127389,37.959279,7315.0546104000005,129.594,24.532,238.158,1.0
95.9,128.127318,37.959224,7320.256327200001,129.676,23.964,238.402,1.0
96.0,128.127246,37.959169,7325.3598984,129.938,23.428,238.609,1.0
96.1,128.127173,37.959114,7330.3650192000005,130.35,22.913,238.79,1.0
96.2,128.127099,37.959059,7335.270165600001,130.882,22.408,238.954,1.0
96.3,128.127024,37.959004,7340.0753376,131.51,21.9,239.112,1.0
96.4,128.126947,37.958949,7344.779316,132.21,21.381,239.268,1.0
96.5,128.12687,37.958894,7349.378748,132.807,20.833,239.453,1.0
96.6,128.126792,37.958839,7353.861746400001,132.92,20.195,239.763,1.0
96.7,128.126712,37.958784,7358.215204800001,132.544,19.475,240.186,1.0
96.8,128.126631,37.958729,7362.4333320000005,131.699,18.689,240.702,1.0
96.9,128.126548,37.958674,7366.5155184000005,130.411,17.854,241.298,1.0
97.0,128.126464,37.95862,7370.463288000001,128.764,16.987,241.964,1.0
97.1,128.126379,37.958565,7374.284565600001,127.076,16.094,242.677,1.0
97.2,128.126293,37.958511,7377.9900192000005,125.738,15.191,243.401,1.0
97.3,128.126206,37.958457,7381.5863544,124.708,14.326,244.081,1.0
97.4,128.126118,37.958403,7385.072047200001,123.931,13.523,244.692,1.0
97.5,128.126029,37.95835,7388.444049600001,123.362,12.788,245.231,1.0
97.6,128.125938,37.958296,7391.6993136,122.953,12.114,245.704,1.0
97.7,128.125847,37.958242,7394.8357056,122.657,11.497,246.12,1.0
97.8,128.125754,37.958189,7397.850787200001,122.429,10.926,246.488,1.0
97.9,128.125661,37.958136,7400.7439488,122.23,10.394,246.818,1.0
98.0,128.125566,37.958083,7403.5139712,122.032,9.889,247.119,1.0
98.1,128.12547,37.958031,7406.1605496,121.811,9.403,247.401,1.0
98.2,128.125374,37.957979,7408.6836840000005,121.552,8.93,247.67,1.0
98.3,128.125276,37.957927,7411.0830696,121.244,8.464,247.933,1.0
98.4,128.125177,37.957875,7413.359316,120.881,7.999,248.194,1.0
98.5,128.125078,37.957824,7415.512118400001,120.46,7.532,248.457,1.0
98.6,128.124977,37.957773,7417.542391200001,119.979,7.061,248.725,1.0
98.7,128.124876,37.957723,7419.4498296,119.441,6.584,249.002,1.0
98.8,128.124773,37.957672,7421.235043199999,118.847,6.101,249.289,1.0
98.9,128.12467,37.957622,7422.898336800001,118.2,5.611,249.588,1.0
99.0,128.124565,37.957572,7424.439710400001,117.506,5.115,249.901,1.0
99.1,128.12446,37.957523,7425.8597736,116.767,4.612,250.228,1.0
99.2,128.124354,37.957474,7427.1582216,115.989,4.105,250.572,1.0
99.3,128.124247,37.957425,7428.335968800001,115.176,3.594,250.932,1.0
99.4,128.124139,37.957377,7429.3924056000005,114.332,3.081,251.31,1.0
99.5,128.12403,37.957329,7430.328141600001,113.46,2.567,251.705,1.0
99.6,128.12392,37.957282,7431.1434816,112.565,2.053,252.118,1.0
99.7,128.123809,37.957235,7431.8387304,111.65,1.541,252.548,1.0
99.8,128.123698,37.957188,7432.413888000001,110.718,1.032,252.995,1.0
99.9,128.123585,37.957141,7432.869259200001,109.773,0.527,253.459,1.0
100.0,128.123472,37.957096,7433.2051488,108.818,0.029,253.938,1.0
100.1,128.123358,37.95705,7433.4221664,107.857,-0.462,254.432,1.0
100.2,128.123243,37.957005,7433.520312,106.89,-0.945,254.94,1.0
100.3,128.123127,37.956961,7433.5001952,105.921,-1.419,255.46,1.0
100.4,128.12301,37.956917,7433.3624256,104.952,-1.883,255.991,1.0
100.5,128.122892,37.956874,7433.107308000001,103.985,-2.336,256.532,1.0
100.6,128.122774,37.956831,7432.735147200001,103.022,-2.778,257.082,1.0
100.7,128.122654,37.956789,7432.2471624,102.064,-3.208,257.639,1.0
100.8,128.122534,37.956747,7431.6436584,101.113,-3.626,258.202,1.0
100.9,128.122412,37.956706,7430.92494,100.17,-4.033,258.771,1.0
101.0,128.12229,37.956665,7430.0922264,99.236,-4.427,259.344,1.0
101.1,128.122167,37.956626,7429.146127200001,98.311,-4.809,259.921,1.0
101.2,128.122044,37.956587,7428.087252000001,97.397,-5.18,260.5,1.0
101.3,128.121919,37.956548,7426.9165152000005,96.495,-5.539,261.082,1.0
101.4,128.121793,37.95651,7425.6348312,95.604,-5.886,261.665,1.0
101.5,128.121667,37.956473,7424.2428096,94.725,-6.223,262.25,1.0
101.6,128.12154,37.956437,7422.741974400001,93.856,-6.549,262.835,1.0
101.7,128.121412,37.956401,7421.1326304,93.001,-6.864,263.421,1.0
101.8,128.121283,37.956366,7419.416301600001,92.186,-7.171,264.005,1.0
101.9,128.121153,37.956332,7417.593597600001,91.431,-7.471,264.583,1.0
102.0,128.121022,37.956299,7415.666042400001,90.755,-7.764,265.156,1.0
102.1,128.120891,37.956266,7413.6339408,90.168,-8.053,265.723,1.0
102.2,128.120759,37.956235,7411.4979023999995,89.676,-8.339,266.284,1.0
102.3,128.120626,37.956204,7409.258841600001,89.28,-8.623,266.838,1.0
102.4,128.120492,37.956173,7406.917368,88.98,-8.907,267.387,1.0
102.5,128.120358,37.956144,7404.4734816,88.769,-9.194,267.931,1.0
102.6,128.120222,37.956115,7401.9274872000005,88.635,-9.484,268.471,1.0
102.7,128.120086,37.956087,7399.2796896,88.563,-9.778,269.009,1.0
102.8,128.119949,37.95606,7396.5303936,88.538,-10.079,269.545,1.0
102.9,128.119812,37.956034,7393.6789896,88.543,-10.387,270.082,1.0
103.0,128.119673,37.956009,7390.726087200001,88.566,-10.702,270.618,1.0
103.1,128.119534,37.955985,7387.6710768,88.595,-11.026,271.156,1.0
103.2,128.119394,37.955961,7384.5139584,88.62,-11.358,271.695,1.0
103.3,128.119254,37.955939,7381.254732,88.634,-11.698,272.237,1.0
103.4,128.119113,37.955917,7377.892788000001,88.595,-12.043,272.784,1.0
103.5,128.118971,37.955896,7374.4284312,88.392,-12.388,273.347,1.0
103.6,128.118828,37.955877,7370.861356800001,87.907,-12.725,273.935,1.0
103.7,128.118685,37.955859,7367.192784000001,87.054,-13.047,274.56,1.0
103.8,128.118541,37.955842,7363.423932000001,85.834,-13.349,275.222,1.0
103.9,128.118397,37.955826,7359.5566296,84.326,-13.629,275.913,1.0
104.0,128.118251,37.955812,7355.592705600001,82.682,-13.885,276.614,1.0
104.1,128.118106,37.955798,7351.5342936,81.08,-14.119,277.306,1.0
104.2,128.117959,37.955786,7347.3826128,79.675,-14.333,277.977,1.0
104.3,128.117812,37.955775,7343.1391872,78.558,-14.53,278.621,1.0
104.4,128.117664,37.955765,7338.806150400001,77.755,-14.708,279.245,1.0
104.5,128.117516,37.955756,7334.3847216,77.223,-14.87,279.855,1.0
104.6,128.117367,37.955748,7329.8779488,76.864,-15.013,280.463,1.0
104.7,128.117218,37.955742,7325.288270400001,76.533,-15.136,281.082,1.0
104.8,128.117067,37.955737,7320.6184296,76.066,-15.235,281.728,1.0
104.9,128.116917,37.955733,7315.8726936,75.299,-15.303,282.422,1.0
105.0,128.116766,37.955731,7311.055024800001,74.118,-15.331,283.175,1.0
105.1,128.116614,37.955731,7306.1693856,72.546,-15.318,283.978,1.0
105.2,128.116462,37.955732,7301.2173,70.787,-15.276,284.797,1.0
105.3,128.116309,37.955735,7296.1990728,69.143,-15.223,285.594,1.0
105.4,128.116156,37.955739,7291.1150088,67.84,-15.168,286.347,1.0
105.5,128.116003,37.955744,7285.9672416,66.949,-15.113,287.056,1.0
105.6,128.115848,37.955751,7280.759124000001,66.417,-15.053,287.732,1.0
105.7,128.115694,37.955759,7275.496447200001,66.087,-14.982,288.398,1.0
105.8,128.115539,37.955769,7270.1853072,65.692,-14.882,289.085,1.0
105.9,128.115383,37.955781,7264.8360672,64.885,-14.724,289.837,1.0
106.0,128.115227,37.955794,7259.4587856,63.43,-14.489,290.678,1.0
106.1,128.115071,37.95581,7254.058644,61.439,-14.188,291.575,1.0
106.2,128.114915,37.955827,7248.635337600001,59.34,-13.851,292.481,1.0
106.3,128.114758,37.955846,7243.1845992,57.622,-13.522,293.33,1.0
106.4,128.1146,37.955866,7237.7039904,56.553,-13.224,294.092,1.0
106.5,128.114443,37.955888,7232.198388000001,56.115,-12.958,294.774,1.0
106.6,128.114285,37.955912,7226.6757168,56.065,-12.705,295.407,1.0
106.7,128.114126,37.955937,7221.149083200001,55.928,-12.423,296.045,1.0
106.8,128.113968,37.955965,7215.636165600001,55.19,-12.083,296.722,1.0
106.9,128.113809,37.955994,7210.1518992,53.645,-11.695,297.415,1.0
107.0,128.113651,37.956026,7204.6987224,51.49,-11.265,298.112,1.0
107.1,128.113492,37.95606,7199.2735872,49.207,-10.802,298.808,1.0
107.2,128.113333,37.956095,7193.868264000001,47.361,-10.315,299.497,1.0
107.3,128.113173,37.956132,7188.474828,46.326,-9.817,300.172,1.0
107.4,128.113014,37.956171,7183.097851200001,46.063,-9.324,300.816,1.0
107.5,128.112854,37.956211,7177.7544024,46.05,-8.83,301.428,1.0
107.6,128.112694,37.956253,7172.468865600001,45.575,-8.334,301.999,1.0
107.7,128.112534,37.956298,7167.264405600001,44.383,-7.834,302.536,1.0
107.8,128.112374,37.956344,7162.149252000001,42.526,-7.319,303.05,1.0
107.9,128.112214,37.956393,7157.1264528,40.175,-6.777,303.545,1.0
108.0,128.112055,37.956443,7152.192045600001,37.72,-6.2,304.022,1.0
108.1,128.111895,37.956495,7147.3414584,35.536,-5.587,304.479,1.0
108.2,128.111735,37.956549,7142.574386400001,33.847,-4.942,304.911,1.0
108.3,128.111575,37.956604,7137.899668800001,32.642,-4.273,305.311,1.0
108.4,128.111415,37.956661,7133.333155200001,31.667,-3.586,305.676,1.0
108.5,128.111255,37.95672,7128.8974008000005,30.559,-2.884,306.001,1.0
108.6,128.111095,37.956781,7124.6076456,29.119,-2.166,306.292,1.0
108.7,128.110935,37.956843,7120.4690712,27.372,-1.426,306.553,1.0
108.8,128.110775,37.956906,7116.485944800001,25.397,-0.662,306.786,1.0
108.9,128.110615,37.956972,7112.657352000001,23.372,0.126,306.99,1.0
109.0,128.110455,37.957038,7108.9820736,21.502,0.939,307.165,1.0
109.1,128.110295,37.957106,7105.4591952,19.933,1.769,307.311,1.0
109.2,128.110135,37.957175,7102.0948128,18.684,2.609,307.428,1.0
109.3,128.109975,37.957245,7098.903252000001,17.554,3.453,307.512,1.0
109.4,128.109815,37.957317,7095.902496000001,16.275,4.299,307.56,1.0
109.5,128.109655,37.957389,7093.0971168,14.841,5.149,307.578,1.0
109.6,128.109495,37.957463,7090.4910768,13.273,6.006,307.567,1.0
109.7,128.109335,37.957538,7088.088033600001,11.597,6.87,307.525,1.0
109.8,128.109175,37.957613,7085.8910352,9.845,7.741,307.449,1.0
109.9,128.109014,37.957689,7083.9034344,8.051,8.619,307.338,1.0
110.0,128.108854,37.957766,7082.128584000001,6.247,9.504,307.188,1.0
110.1,128.108694,37.957844,7080.5683128,4.462,10.392,306.997,1.0
110.2,128.108533,37.957922,7079.2244496,2.733,11.281,306.765,1.0
110.3,128.108373,37.958,7078.095165600001,1.133,12.17,306.495,1.0
110.4,128.108212,37.958079,7077.1822896,-0.316,13.054,306.189,1.0
110.5,128.108052,37.958158,7076.4919176,-1.706,13.931,305.839,1.0
110.6,128.107891,37.958237,7076.0246592,-3.044,14.798,305.433,1.0
110.7,128.10773,37.958317,7075.7805144,-4.351,15.654,304.972,1.0
110.8,128.107569,37.958396,7075.759178400001,-5.669,16.5,304.473,1.0
110.9,128.107408,37.958475,7075.9600416,-7.028,17.332,303.944,1.0
111.0,128.107247,37.958554,7076.3818848,-8.45,18.15,303.392,1.0
111.1,128.107086,37.958632,7077.0234887999995,-9.944,18.953,302.817,1.0
111.2,128.106925,37.95871,7077.883024800001,-11.513,19.741,302.22,1.0
111.3,128.106763,37.958788,7078.958664000001,-13.15,20.511,301.598,1.0
111.4,128.106602,37.958865,7080.2470536,-14.844,21.264,300.95,1.0
111.5,128.106441,37.958942,7081.74606,-16.582,21.998,300.274,1.0
111.6,128.10628,37.959017,7083.4517208,-18.349,22.711,299.567,1.0
111.7,128.106119,37.959092,7085.361292800001,-20.129,23.403,298.83,1.0
111.8,128.105958,37.959166,7087.4705088,-21.909,24.074,298.061,1.0
111.9,128.105796,37.959239,7089.775711200001,-23.676,24.721,297.26,1.0
112.0,128.105635,37.959311,7092.272328000001,-25.421,25.344,296.429,1.0
112.1,128.105474,37.959382,7094.956092,-27.139,25.943,295.567,1.0
112.2,128.105312,37.959452,7097.8221264,-28.825,26.518,294.677,1.0
112.3,128.105151,37.95952,7100.8655544,-30.479,27.067,293.76,1.0
112.4,128.104989,37.959587,7104.0824136,-32.104,27.593,292.82,1.0
112.5,128.104827,37.959653,7107.4672176,-33.702,28.095,291.86,1.0
112.6,128.104666,37.959717,7111.0153944,-35.284,28.577,290.887,1.0
112.7,128.104504,37.95978,7114.7214576,-36.864,29.05,289.919,1.0
112.8,128.104342,37.959841,7118.5799208,-38.436,29.516,288.956,1.0
112.9,128.10418,37.959901,7122.5871264,-39.977,29.97,287.991,1.0
113.0,128.104018,37.959959,7126.7394168,-41.467,30.406,287.019,1.0
113.1,128.103855,37.960016,7131.0328296,-42.891,30.823,286.033,1.0
113.2,128.103693,37.96007,7135.462792800001,-44.24,31.219,285.032,1.0
113.3,128.103531,37.960123,7140.0259536,-45.511,31.593,284.014,1.0
113.4,128.103368,37.960175,7144.719264,-46.708,31.944,282.981,1.0
113.5,128.103205,37.960224,7149.5405904,-47.838,32.271,281.931,1.0
113.6,128.103042,37.960272,7154.484141600001,-48.917,32.577,280.866,1.0
113.7,128.102879,37.960318,7159.5453456000005,-49.962,32.863,279.787,1.0
113.8,128.102716,37.960361,7164.7208496,-50.992,33.133,278.698,1.0
113.9,128.102553,37.960404,7170.0060816000005,-52.025,33.387,277.601,1.0
114.0,128.10239,37.960444,7175.397079200001,-53.073,33.626,276.497,1.0
114.1,128.102227,37.960482,7180.8895752,-54.147,33.85,275.386,1.0
114.2,128.102064,37.960518,7186.4796072,-55.25,34.06,274.27,1.0
114.3,128.101902,37.960552,7192.1616888,-56.349,34.256,273.148,1.0
114.4,128.101739,37.960585,7197.929114400001,-57.358,34.44,272.024,1.0
114.5,128.101576,37.960615,7203.7779216,-58.23,34.615,270.901,1.0
114.6,128.101413,37.960644,7209.705672,-58.983,34.78,269.784,1.0
114.7,128.101251,37.96067,7215.710232,-59.651,34.936,268.673,1.0
114.8,128.101088,37.960695,7221.789468,-60.273,35.085,267.57,1.0
114.9,128.100926,37.960717,7227.940941600001,-60.88,35.229,266.476,1.0
115.0,128.100764,37.960738,7234.1622144,-61.494,35.369,265.389,1.0
115.1,128.100602,37.960756,7240.4505432,-62.129,35.506,264.308,1.0
115.2,128.10044,37.960773,7246.8034896,-62.792,35.639,263.232,1.0
115.3,128.100279,37.960787,7253.218005600001,-63.485,35.769,262.157,1.0
115.4,128.100118,37.960799,7259.691348,-64.206,35.892,261.084,1.0
115.5,128.099958,37.96081,7266.220773600001,-64.952,36.01,260.011,1.0
115.6,128.099797,37.960818,7272.8035392,-65.715,36.119,258.936,1.0
115.7,128.099638,37.960825,7279.436292,-66.488,36.22,257.858,1.0
115.8,128.099478,37.960829,7286.1162888,-67.265,36.312,256.778,1.0
115.9,128.09932,37.960831,7292.841091200001,-68.038,36.393,255.695,1.0
116.0,128.099161,37.960832,7299.6070416,-68.802,36.464,254.609,1.0
116.1,128.099004,37.96083,7306.411701600001,-69.547,36.525,253.52,1.0
116.2,128.098847,37.960826,7313.252023200001,-70.263,36.575,252.43,1.0
116.3,128.09869,37.96082,7320.1252632000005,-70.939,36.616,251.338,1.0
116.4,128.098534,37.960813,7327.0302024,-71.626,36.642,250.245,1.0
116.5,128.098379,37.960803,7333.967145600001,-72.464,36.639,249.144,1.0
116.6,128.098225,37.960791,7340.9324352,-73.454,36.613,248.037,1.0
116.7,128.098071,37.960777,7347.9224136,-74.578,36.567,246.92,1.0
116.8,128.097918,37.960761,7354.9328136,-75.813,36.498,245.793,1.0
116.9,128.097766,37.960742,7361.959368000001,-77.131,36.406,244.655,1.0
117.0,128.097615,37.960722,7368.997200000001,-78.501,36.288,243.507,1.0
117.1,128.097465,37.9607,7376.041432800001,-79.897,36.141,242.35,1.0
117.2,128.097316,37.960675,7383.085970400001,-81.109,35.976,241.187,1.0
117.3,128.097167,37.960649,7390.122583200001,-81.732,35.816,240.023,1.0
117.4,128.097019,37.960621,7397.149442400001,-81.905,35.654,238.866,1.0
117.5,128.096872,37.96059,7404.1668528,-81.866,35.485,237.728,1.0
117.6,128.096726,37.960558,7411.1772528,-81.967,35.301,236.613,1.0
117.7,128.096581,37.960524,7418.180032800001,-82.257,35.114,235.516,1.0
117.8,128.096437,37.960488,7425.1727544000005,-82.75,34.926,234.432,1.0
117.9,128.096294,37.960449,7432.153284000001,-83.443,34.736,233.354,1.0
118.0,128.096153,37.960409,7439.118573600001,-84.32,34.542,232.278,1.0
118.1,128.096012,37.960367,7446.06588,-85.351,34.337,231.2,1.0
118.2,128.095873,37.960323,7452.9912408,-86.501,34.116,230.12,1.0
118.3,128.095735,37.960276,7459.8906936,-87.732,33.874,229.036,1.0
118.4,128.095598,37.960228,7466.760276,-89.007,33.605,227.948,1.0
118.5,128.095463,37.960178,7473.595416,-90.291,33.306,226.857,1.0
118.6,128.095329,37.960126,7480.391846400001,-91.555,32.976,225.766,1.0
118.7,128.095196,37.960072,7487.1446904,-92.777,32.614,224.675,1.0
118.8,128.095064,37.960016,7493.8499856,-93.939,32.221,223.588,1.0
118.9,128.094934,37.959958,7500.50316,-95.032,31.798,222.506,1.0
119.0,128.094805,37.959898,7507.1002512000005,-96.05,31.347,221.431,1.0
119.1,128.094677,37.959836,7513.636687200001,-96.995,30.871,220.365,1.0
119.2,128.094551,37.959772,7520.108810400001,-97.872,30.372,219.309,1.0
119.3,128.094426,37.959707,7526.5126584,-98.688,29.854,218.263,1.0
119.4,128.094302,37.959639,7532.844878400001,-99.451,29.317,217.23,1.0
119.5,128.09418,37.95957,7539.1018128000005,-100.168,28.766,216.208,1.0
119.6,128.094059,37.959499,7545.280108800001,-100.851,28.201,215.199,1.0
119.7,128.09394,37.959426,7551.3761088,-101.51,27.626,214.2,1.0
119.8,128.093822,37.959351,7557.3870696,-102.154,27.042,213.213,1.0
119.9,128.093706,37.959275,7563.3090288,-102.791,26.45,212.237,1.0
120.0,128.093591,37.959196,7569.139548,-103.427,25.851,211.271,1.0
120.1,128.093478,37.959116,7574.8749696,-104.067,25.244,210.314,1.0
120.2,128.093367,37.959035,7580.5119408,-104.713,24.63,209.367,1.0
120.3,128.093257,37.958951,7586.0477184,-105.364,24.007,208.429,1.0
120.4,128.093149,37.958866,7591.4789496,-106.02,23.375,207.499,1.0
120.5,128.093042,37.958779,7596.8022816,-106.68,22.733,206.578,1.0
120.6,128.092937,37.95869,7602.0146664,-107.341,22.081,205.665,1.0
120.7,128.092834,37.9586,7607.1124464,-107.999,21.418,204.761,1.0
120.8,128.092732,37.958508,7612.092878400001,-108.653,20.744,203.865,1.0
120.9,128.092632,37.958415,7616.952609600001,-109.299,20.058,202.977,1.0
121.0,128.092534,37.95832,7621.688287200001,-109.937,19.362,202.099,1.0
121.1,128.092438,37.958223,7626.2962536000005,-110.562,18.653,201.229,1.0
121.2,128.092343,37.958125,7630.774070400001,-111.175,17.933,200.368,1.0
121.3,128.09225,37.958026,7635.1177752,-111.774,17.202,199.515,1.0
121.4,128.092159,37.957924,7639.324320000001,-112.359,16.459,198.671,1.0
121.5,128.09207,37.957822,7643.390656800001,-112.93,15.705,197.835,1.0
121.6,128.091982,37.957718,7647.313432800001,-113.489,14.941,197.007,1.0
121.7,128.091897,37.957613,7651.0896,-114.037,14.166,196.186,1.0
121.8,128.091813,37.957506,7654.716110400001,-114.574,13.382,195.372,1.0
121.9,128.091731,37.957398,7658.189611200001,-115.103,12.588,194.565,1.0
122.0,128.091651,37.957288,7661.5067496,-115.624,11.784,193.765,1.0
122.1,128.091573,37.957178,7664.665087200001,-116.139,10.972,192.971,1.0
122.2,128.091497,37.957066,7667.6624904,-116.465,10.159,192.178,1.0
122.3,128.091423,37.956952,7670.5032264,-116.364,9.357,191.379,1.0
122.4,128.09135,37.956838,7673.1796752,-116.303,8.552,190.588,1.0
122.5,128.09128,37.956723,7675.687569600001,-116.319,7.747,189.804,1.0
122.6,128.091211,37.956606,7678.0253856,-116.426,6.945,189.024,1.0
122.7,128.091145,37.956488,7680.1912944000005,-116.63,6.145,188.246,1.0
122.8,128.09108,37.956369,7682.1828576,-116.928,5.345,187.468,1.0
122.9,128.091018,37.956249,7683.997941600001,-117.314,4.544,186.691,1.0
123.0,128.090958,37.956128,7685.634108,-117.775,3.738,185.915,1.0
123.1,128.0909,37.956006,7687.088918400001,-118.296,2.924,185.14,1.0
123.2,128.090844,37.955883,7688.359020000001,-118.863,2.1,184.369,1.0
123.3,128.09079,37.955759,7689.441974400001,-119.459,1.264,183.6,1.0
123.4,128.090738,37.955634,7690.334124000001,-120.07,0.413,182.836,1.0
123.5,128.090689,37.955509,7691.0327256,-120.684,-0.453,182.077,1.0
123.6,128.090641,37.955382,7691.5344264000005,-121.291,-1.335,181.322,1.0
123.7,128.090596,37.955255,7691.836178400001,-121.886,-2.231,180.572,1.0
123.8,128.090553,37.955127,7691.9355432,-122.431,-3.141,179.825,1.0
123.9,128.090512,37.954998,7691.83374,-122.797,-4.059,179.079,1.0
124.0,128.090473,37.954869,7691.529854400001,-122.909,-4.981,178.332,1.0
124.1,128.090436,37.954739,7691.0162664,-122.945,-5.907,177.589,1.0
124.2,128.090401,37.954608,7690.2890136000005,-123.019,-6.837,176.85,1.0
124.3,128.090369,37.954477,7689.3456576,-123.148,-7.768,176.111,1.0
124.4,128.090339,37.954346,7688.184064800001,-123.341,-8.699,175.372,1.0
124.5,128.090311,37.954213,7686.802101600001,-123.6,-9.632,174.63,1.0
124.6,128.090285,37.954081,7685.1973296,-123.924,-10.566,173.885,1.0
124.7,128.090262,37.953948,7683.367615200001,-124.307,-11.505,173.138,1.0
124.8,128.090241,37.953815,7681.310520000001,-124.742,-12.451,172.39,1.0
124.9,128.090222,37.953681,7679.022996000001,-125.22,-13.404,171.64,1.0
125.0,128.090205,37.953547,7676.502604800001,-125.73,-14.366,170.891,1.0
125.1,128.09019,37.953414,7673.7466032,-126.264,-15.34,170.143,1.0
125.2,128.090178,37.953279,7670.7519432,-126.813,-16.327,169.395,1.0
125.3,128.090168,37.953145,7667.518624800001,-127.31,-17.325,168.647,1.0
125.4,128.09016,37.953011,7664.0493912,-127.601,-18.328,167.894,1.0
125.5,128.090155,37.952877,7660.3424136,-127.668,-19.335,167.136,1.0
125.6,128.090151,37.952743,7656.393120000001,-127.614,-20.342,166.376,1.0
125.7,128.090149,37.952609,7652.1954144,-127.586,-21.35,165.616,1.0
125.8,128.09015,37.952475,7647.7465536,-127.65,-22.356,164.853,1.0
125.9,128.090153,37.952341,7643.045318400001,-127.814,-23.36,164.086,1.0
126.0,128.090159,37.952208,7638.089270400001,-128.077,-24.364,163.312,1.0
126.1,128.090166,37.952075,7632.8774952,-128.433,-25.37,162.532,1.0
126.2,128.090176,37.951943,7627.4084688,-128.871,-26.382,161.746,1.0
126.3,128.090187,37.95181,7621.6821912000005,-129.338,-27.401,160.954,1.0
126.4,128.090201,37.951679,7615.701710400001,-129.687,-28.424,160.151,1.0
126.5,128.090217,37.951548,7609.468855200001,-129.82,-29.45,159.338,1.0
126.6,128.090235,37.951418,7602.9821016000005,-129.74,-30.475,158.516,1.0
126.7,128.090255,37.951288,7596.239316,-129.517,-31.495,157.684,1.0
126.8,128.090277,37.951159,7589.2362312000005,-129.262,-32.509,156.845,1.0
126.9,128.0903,37.951031,7581.9694944,-129.092,-33.516,155.996,1.0
127.0,128.090326,37.950904,7574.436972,-129.078,-34.518,155.138,1.0
127.1,128.090354,37.950777,7566.6380544,-129.224,-35.517,154.266,1.0
127.2,128.090384,37.950652,7558.574265600001,-129.462,-36.516,153.378,1.0
127.3,128.090416,37.950528,7550.248044,-129.69,-37.515,152.473,1.0
127.4,128.09045,37.950405,7541.660913600001,-129.811,-38.514,151.55,1.0
127.5,128.090486,37.950283,7532.813484000001,-129.778,-39.513,150.61,1.0
127.6,128.090523,37.950162,7523.7048408,-129.612,-40.51,149.653,1.0
127.7,128.090562,37.950042,7514.3310216,-129.417,-41.504,148.683,1.0
127.8,128.090604,37.949924,7504.6892832,-129.303,-42.496,147.7,1.0
127.9,128.090646,37.949807,7494.7790159999995,-129.295,-43.487,146.699,1.0
128.0,128.090691,37.949692,7484.601744,-129.357,-44.478,145.678,1.0
128.1,128.090737,37.949578,7474.159296000001,-129.426,-45.469,144.632,1.0
128.2,128.090785,37.949466,7463.4528912000005,-129.456,-46.462,143.561,1.0
128.3,128.090835,37.949356,7452.483444,-129.43,-47.456,142.466,1.0
128.4,128.090886,37.949247,7441.2509544,-129.345,-48.451,141.346,1.0
128.5,128.090938,37.94914,7429.756641600001,-129.205,-49.445,140.198,1.0
128.6,128.090992,37.949034,7418.001115200001,-129.02,-50.439,139.023,1.0
128.7,128.091048,37.948931,7405.98468,-128.798,-51.43,137.815,1.0
128.8,128.091104,37.948829,7393.709774400001,-128.528,-52.417,136.572,1.0
128.9,128.091162,37.94873,7381.1773128,-128.189,-53.399,135.289,1.0
129.0,128.091221,37.948633,7368.3903432,-127.764,-54.373,133.962,1.0
129.1,128.091281,37.948537,7355.3500848,-127.24,-55.337,132.586,1.0
129.2,128.091343,37.948444,7342.0595856,-126.61,-56.289,131.158,1.0
129.3,128.091405,37.948353,7328.5209792000005,-125.872,-57.226,129.672,1.0
129.4,128.091468,37.948264,7314.737313600001,-125.022,-58.146,128.122,1.0
129.5,128.091532,37.948178,7300.7110272,-124.059,-59.045,126.502,1.0
129.6,128.091597,37.948094,7286.4454728,-122.983,-59.922,124.808,1.0
129.7,128.091663,37.948012,7271.9440032,-121.799,-60.774,123.034,1.0
129.8,128.09173,37.947933,7257.210276,-120.502,-61.597,121.174,1.0
129.9,128.091797,37.947856,7242.248558400001,-119.058,-62.39,119.221,1.0
130.0,128.091865,37.947782,7227.064032,-117.435,-63.147,117.169,1.0
130.1,128.091934,37.947711,7211.662488000001,-115.637,-63.866,115.015,1.0
130.2,128.092003,37.947642,7196.0484984,-113.661,-64.542,112.756,1.0
130.3,128.092073,37.947576,7180.2269400000005,-111.492,-65.17,110.39,1.0
130.4,128.092143,37.947512,7164.20208,-109.155,-65.746,107.916,1.0
130.5,128.092213,37.947452,7147.9784904,-106.737,-66.269,105.337,1.0
130.6,128.092284,37.947394,7131.5613528,-104.296,-66.739,102.654,1.0
130.7,128.092355,37.94734,7114.9558488,-101.857,-67.154,99.868,1.0
130.8,128.092427,37.947289,7098.167769600001,-99.407,-67.515,96.978,1.0
130.9,128.092499,37.947241,7081.202296800001,-96.899,-67.82,93.988,1.0
131.0,128.092571,37.947196,7064.0649168,-94.267,-68.069,90.906,1.0
131.1,128.092644,37.947154,7046.760201600001,-91.465,-68.257,87.75,1.0
131.2,128.092716,37.947116,7029.293942400001,-88.475,-68.38,84.543,1.0
131.3,128.092789,37.94708,7011.6722352,-85.326,-68.435,81.312,1.0
131.4,128.092862,37.947048,6993.9008711999995,-82.066,-68.418,78.086,1.0
131.5,128.092935,37.947019,6975.986860800001,-78.759,-68.326,74.891,1.0
131.6,128.093008,37.946993,6957.937824000001,-75.458,-68.159,71.752,1.0
131.7,128.093081,37.946971,6939.7607712,-72.189,-67.917,68.692,1.0
131.8,128.093154,37.946952,6921.463932000001,-68.972,-67.601,65.731,1.0
131.9,128.093228,37.946936,6903.0552312,-65.837,-67.214,62.888,1.0
132.0,128.093301,37.946923,6884.5432032,-62.823,-66.763,60.177,1.0
132.1,128.093374,37.946914,6865.9357728,-59.959,-66.252,57.604,1.0
132.2,128.093447,37.946908,6847.241474400001,-57.262,-65.686,55.171,1.0
132.3,128.093521,37.946905,6828.4691472,-54.75,-65.072,52.877,1.0
132.4,128.093594,37.946906,6809.6285448,-52.457,-64.416,50.714,1.0
132.5,128.093668,37.946911,6790.7303352,-50.434,-63.726,48.668,1.0
132.6,128.093741,37.946919,6771.7854912,-48.766,-63.011,46.721,1.0
132.7,128.093814,37.946931,6752.8077288,-47.642,-62.284,44.839,1.0
132.8,128.093887,37.946948,6733.8132024,-47.279,-61.558,42.978,1.0
132.9,128.09396,37.946969,6714.8153232,-47.718,-60.841,41.092,1.0
133.0,128.094033,37.946994,6695.8180536,-48.756,-60.14,39.159,1.0
133.1,128.094104,37.947023,6676.820479200001,-50.198,-59.52,37.277,1.0
133.2,128.094175,37.947057,6657.8216856,-52.098,-59.109,35.676,1.0
133.3,128.094244,37.947094,6638.8189296,-54.548,-58.955,34.436,1.0
133.4,128.094312,37.947136,6619.8009336000005,-57.471,-59.016,33.492,1.0
133.5,128.094378,37.947181,6600.7552008,-60.811,-59.221,32.716,1.0
133.6,128.094443,37.947229,6581.6701488,-64.637,-59.534,32.061,1.0
133.7,128.094505,37.94728,6562.534500000001,-68.991,-59.918,31.468,1.0
133.8,128.094566,37.947335,6543.333319200001,-73.765,-60.314,30.705,1.0
133.9,128.094624,37.947391,6524.049232800001,-79.12,-60.741,29.885,1.0
134.0,128.09468,37.94745,6504.6660864000005,-85.509,-61.253,29.491,1.0
134.1,128.094733,37.94751,6485.1726024,-93.226,-61.821,29.805,1.0
134.2,128.094785,37.947572,6465.5565888,-102.155,-62.345,30.575,1.0
134.3,128.094835,37.947634,6445.8085968000005,-112.223,-62.74,31.59,1.0
134.4,128.094883,37.947697,6425.924968800001,-123.351,-62.993,32.622,1.0
134.5,128.094931,37.94776,6405.905095200001,-135.16,-63.249,33.305,1.0
134.6,128.094977,37.947824,6385.7517192000005,-146.518,-64.175,32.523,1.0
134.7,128.095022,37.947887,6365.455696800001,-156.791,-66.1,30.253,1.0
134.8,128.095065,37.94795,6344.991120000001,-165.09,-68.589,27.379,1.0
134.9,128.095109,37.948012,6324.340615200001,-169.082,-71.123,24.378,1.0
135.0,128.095151,37.948075,6303.504182400001,-170.002,-72.831,22.167,1.0
135.1,128.095194,37.948137,6282.484869600001,-168.834,-73.418,20.988,1.0
135.2,128.095237,37.948201,6261.275056800001,-165.585,-73.696,20.191,1.0
135.3,128.09528,37.948264,6239.8695624,-159.792,-74.472,18.814,1.0
135.4,128.095323,37.948328,6218.2619856,-150.394,-76.125,15.4,1.0
135.5,128.095364,37.94839,6196.4419632,-138.275,-78.035,9.55,1.0
135.6,128.095402,37.948451,6174.401570400001,-126.74,-79.707,1.867,1.0
135.7,128.095437,37.948511,6152.143855200001,-115.449,-80.911,352.12,1.0
135.8,128.095469,37.948568,6129.6791808,-102.073,-81.468,340.724,1.0
135.9,128.095498,37.948624,6107.0173008,-88.273,-81.571,329.364,1.0
136.0,128.095523,37.948679,6084.1667496,-77.204,-81.476,318.102,1.0
136.1,128.095542,37.94873,6061.1485584,-69.638,-81.137,307.796,1.0
136.2,128.095555,37.948779,6037.990159200001,-65.209,-80.661,298.551,1.0
136.3,128.095562,37.948824,6014.713192800001,-63.039,-80.139,289.974,1.0
136.4,128.095564,37.948865,5991.33168,-62.166,-79.615,281.729,1.0
136.5,128.095561,37.948902,5967.8404392,-60.713,-79.023,273.889,1.0
136.6,128.095554,37.948936,5944.222096800001,-56.262,-78.287,266.734,1.0
136.7,128.095545,37.948967,5920.4617176,-49.08,-77.459,260.239,1.0
136.8,128.095533,37.948995,5896.564178400001,-40.158,-76.547,254.63,1.0
136.9,128.095518,37.94902,5872.5517296,-30.984,-75.595,249.917,1.0
137.0,128.095499,37.949041,5848.450279200001,-22.854,-74.601,245.887,1.0
137.1,128.095475,37.949058,5824.300670400001,-17.228,-73.564,242.211,1.0
137.2,128.095445,37.94907,5800.1470992,-14.803,-72.465,238.756,1.0
137.3,128.095409,37.949078,5776.0069392,-15.284,-71.281,235.707,1.0
137.4,128.09537,37.949081,5751.8676936,-17.356,-69.993,233.563,1.0
137.5,128.095326,37.949079,5727.704978400001,-19.056,-68.612,232.388,1.0
137.6,128.095279,37.949074,5703.5209272,-19.987,-67.226,231.471,1.0
137.7,128.095229,37.949064,5679.3417528,-20.246,-65.885,230.457,1.0
137.8,128.095176,37.94905,5655.186048,-20.149,-64.579,229.349,1.0
137.9,128.095118,37.949031,5631.0696624,-19.93,-63.283,228.228,1.0
138.0,128.095058,37.949007,5607.0060072,-19.632,-61.986,227.137,1.0
138.1,128.094994,37.948979,5583.005750400001,-19.203,-60.683,226.1,1.0
138.2,128.094928,37.948946,5559.0829128000005,-18.612,-59.375,225.122,1.0
138.3,128.094858,37.948908,5535.2588304,-17.989,-58.066,224.184,1.0
138.4,128.094785,37.948865,5511.559411200001,-17.591,-56.761,223.265,1.0
138.5,128.094709,37.948817,5488.0096488,-17.658,-55.458,222.349,1.0
138.6,128.09463,37.948764,5464.629355200001,-18.242,-54.153,221.419,1.0
138.7,128.094548,37.948706,5441.431941600001,-19.248,-52.848,220.457,1.0
138.8,128.094464,37.948643,5418.4277712,-20.522,-51.546,219.446,1.0
138.9,128.094377,37.948574,5395.6180632000005,-21.814,-50.247,218.391,1.0
139.0,128.094289,37.948501,5372.9988552,-22.774,-48.951,217.312,1.0
139.1,128.094199,37.948423,5350.571976,-23.207,-47.662,216.222,1.0
139.2,128.094107,37.94834,5328.3487032,-23.165,-46.385,215.135,1.0
139.3,128.094015,37.948252,5306.3445816,-22.798,-45.114,214.074,1.0
139.4,128.093921,37.948159,5284.576375199999,-22.237,-43.846,213.058,1.0
139.5,128.093826,37.948061,5263.060543199999,-21.572,-42.573,212.098,1.0
139.6,128.093729,37.947959,5241.81324,-20.855,-41.294,211.199,1.0
139.7,128.093632,37.947851,5220.8500104,-20.116,-40.007,210.36,1.0
139.8,128.093535,37.947739,5200.1876184,-19.379,-38.714,209.582,1.0
139.9,128.093436,37.947622,5179.8413040000005,-18.656,-37.424,208.865,1.0
140.0,128.093337,37.9475,5159.826612,-17.952,-36.136,208.205,1.0
140.1,128.093237,37.947373,5140.1581728,-17.277,-34.849,207.596,1.0
140.2,128.093136,37.947242,5120.8509216,-16.643,-33.562,207.032,1.0
140.3,128.093034,37.947106,5101.9204032,-16.085,-32.276,206.507,1.0
140.4,128.092933,37.946966,5083.3870392,-15.713,-30.992,206.006,1.0
140.5,128.09283,37.946822,5065.275518400001,-15.755,-29.712,205.507,1.0
140.6,128.092727,37.946673,5047.6059576,-16.383,-28.435,204.995,1.0
140.7,128.092624,37.946519,5030.382319200001,-17.478,-27.156,204.461,1.0
140.8,128.092521,37.946361,5013.607651200001,-18.849,-25.879,203.882,1.0
140.9,128.092419,37.946199,4997.2917072,-20.495,-24.617,203.239,1.0
141.0,128.092317,37.946033,4981.4405832,-22.45,-23.374,202.52,1.0
141.1,128.092215,37.945863,4966.0551936,-24.676,-22.152,201.719,1.0
141.2,128.092115,37.945689,4951.133709600001,-27.148,-20.961,200.827,1.0
141.3,128.092017,37.945511,4936.6727784,-29.87,-19.809,199.838,1.0
141.4,128.091921,37.94533,4922.665084800001,-32.858,-18.707,198.745,1.0
141.5,128.091828,37.945145,4909.099656,-36.125,-17.666,197.546,1.0
141.6,128.091737,37.944956,4895.9588136,-39.671,-16.698,196.236,1.0
141.7,128.09165,37.944764,4883.2181736,-43.483,-15.821,194.813,1.0
141.8,128.091566,37.944568,4870.8475608,-47.498,-15.059,193.269,1.0
141.9,128.091487,37.94437,4858.8161904,-51.634,-14.471,191.575,1.0
142.0,128.091413,37.944169,4847.0902296,-55.835,-14.113,189.717,1.0
142.1,128.091343,37.943965,4835.6227392,-59.805,-13.995,187.726,1.0
142.2,128.091278,37.94376,4824.353673600001,-62.904,-14.048,185.681,1.0
142.3,128.091218,37.943552,4813.2485904000005,-64.987,-14.213,183.651,1.0
142.4,128.091163,37.943342,4802.2919448,-66.198,-14.414,181.687,1.0
142.5,128.091114,37.943131,4791.477945600001,-66.828,-14.576,179.816,1.0
142.6,128.091071,37.942918,4780.805678400001,-67.156,-14.624,178.054,1.0
142.7,128.091034,37.942703,4770.273924,-67.381,-14.503,176.41,1.0
142.8,128.091004,37.942488,4759.88634,-67.546,-14.234,174.861,1.0
142.9,128.09098,37.942271,4749.6508512,-67.556,-13.947,173.343,1.0
143.0,128.090963,37.942053,4739.572639200001,-67.54,-13.663,171.838,1.0
143.1,128.090954,37.941835,4729.653532800001,-67.594,-13.377,170.341,1.0
143.2,128.090951,37.941616,4719.895056,-67.737,-13.085,168.849,1.0
143.3,128.090956,37.941396,4710.2956848,-67.946,-12.791,167.359,1.0
143.4,128.090968,37.941176,4700.854200000001,-68.188,-12.495,165.869,1.0
143.5,128.090987,37.940956,4691.5681632000005,-68.429,-12.199,164.379,1.0
143.6,128.091013,37.940736,4682.4363552,-68.644,-11.905,162.889,1.0
143.7,128.091046,37.940516,4673.4566424,-68.819,-11.612,161.399,1.0
143.8,128.091086,37.940296,4664.6281104,-68.949,-11.319,159.91,1.0
143.9,128.091134,37.940077,4655.9507592,-69.036,-11.025,158.423,1.0
144.0,128.091188,37.939858,4647.4239792,-69.086,-10.728,156.939,1.0
144.1,128.09125,37.939641,4639.04838,-69.099,-10.426,155.456,1.0
144.2,128.091319,37.939424,4630.8242664,-69.079,-10.12,153.976,1.0
144.3,128.091395,37.939208,4622.7531624,-69.029,-9.807,152.499,1.0
144.4,128.091478,37.938994,4614.836287200001,-68.95,-9.487,151.024,1.0
144.5,128.091568,37.938781,4607.0751648,-68.849,-9.159,149.552,1.0
144.6,128.091664,37.93857,4599.471624,-68.728,-8.823,148.083,1.0
144.7,128.091768,37.93836,4592.028408,-68.592,-8.477,146.616,1.0
144.8,128.091879,37.938153,4584.747345600001,-68.444,-8.122,145.152,1.0
144.9,128.091996,37.937947,4577.63118,-68.291,-7.758,143.69,1.0
145.0,128.09212,37.937744,4570.6829592,-68.138,-7.384,142.229,1.0
145.1,128.092251,37.937543,4563.9051216,-67.995,-7.002,140.77,1.0
145.2,128.092388,37.937345,4557.30102,-67.873,-6.612,139.31,1.0
145.3,128.092532,37.937149,4550.872788,-67.778,-6.214,137.85,1.0
145.4,128.092682,37.936956,4544.623473600001,-67.732,-5.818,136.403,1.0
145.5,128.092838,37.936766,4538.557344000001,-67.84,-5.44,134.982,1.0
145.6,128.093001,37.936579,4532.6795808,-68.313,-5.082,133.551,1.0
145.7,128.09317,37.936395,4526.991403200001,-69.4,-4.748,132.059,1.0
145.8,128.093346,37.936215,4521.4918968,-71.523,-4.484,130.491,1.0
145.9,128.093528,37.93604,4516.156068,-74.316,-4.255,128.887,1.0
146.0,128.093715,37.935867,4510.9299672,-75.987,-4.037,127.249,1.0
146.1,128.093909,37.935699,4505.806584,-77.637,-3.994,125.58,1.0
146.2,128.094108,37.935535,4500.785004,-80.961,-4.128,123.905,1.0
146.3,128.094313,37.935375,4495.819507200001,-84.884,-4.323,122.21,1.0
146.4,128.094524,37.93522,4490.859192000001,-87.782,-4.595,120.518,1.0
146.5,128.094739,37.935068,4485.8738832,-89.424,-4.959,118.873,1.0
146.6,128.094958,37.93492,4480.8455976000005,-89.157,-5.301,117.247,1.0
146.7,128.095181,37.934775,4475.774335200001,-86.256,-5.535,115.672,1.0
146.8,128.095409,37.934634,4470.684784800001,-82.577,-5.751,114.128,1.0
146.9,128.095641,37.934498,4465.6135224,-80.516,-5.943,112.599,1.0
147.0,128.095879,37.934368,4460.5809696,-79.563,-6.039,111.079,1.0
147.1,128.09612,37.934242,4455.5898696,-78.872,-6.054,109.543,1.0
147.2,128.096366,37.934122,4450.6438800000005,-78.111,-6.008,108.003,1.0
147.3,128.096616,37.934007,4445.748792,-77.102,-5.905,106.468,1.0
147.4,128.09687,37.933897,4440.911616,-75.73,-5.742,104.947,1.0
147.5,128.097127,37.933793,4436.144848800001,-73.943,-5.509,103.446,1.0
147.6,128.097388,37.933693,4431.464035200001,-71.753,-5.194,101.974,1.0
147.7,128.097652,37.933599,4426.8902064,-69.202,-4.785,100.538,1.0
147.8,128.097919,37.93351,4422.4450032,-66.296,-4.271,99.149,1.0
147.9,128.098189,37.933425,4418.1515904,-62.955,-3.637,97.821,1.0
148.0,128.098461,37.933346,4414.0413624,-59.228,-2.874,96.571,1.0
148.1,128.098736,37.933272,4410.1600392,-55.583,-1.993,95.408,1.0
148.2,128.099013,37.933203,4406.558522400001,-52.569,-1.034,94.311,1.0
148.3,128.099292,37.933139,4403.2852752,-50.604,-0.03,93.252,1.0
148.4,128.099573,37.93308,4400.359195200001,-49.508,1.014,92.215,1.0
148.5,128.099856,37.933027,4397.7882072,-48.987,2.082,91.183,1.0
148.6,128.100141,37.932978,4395.576273600001,-48.807,3.15,90.145,1.0
148.7,128.100426,37.932934,4393.7267472,-48.827,4.204,89.094,1.0
148.8,128.100713,37.932895,4392.242676000001,-48.975,5.237,88.026,1.0
148.9,128.101,37.932861,4391.1258888,-49.215,6.245,86.94,1.0
149.0,128.101289,37.932832,4390.3776048,-49.529,7.228,85.835,1.0
149.1,128.101577,37.932808,4389.9972144,-49.901,8.186,84.711,1.0
149.2,128.101866,37.932788,4389.984108,-50.316,9.12,83.566,1.0
149.3,128.102155,37.932774,4390.336456800001,-50.764,10.03,82.403,1.0
149.4,128.102444,37.932764,4391.0512128,-51.235,10.917,81.221,1.0
149.5,128.102732,37.932759,4392.125632800001,-51.718,11.784,80.021,1.0
149.6,128.10302,37.932759,4393.5560592,-52.203,12.631,78.805,1.0
149.7,128.103307,37.932764,4395.3376152,-52.674,13.46,77.573,1.0
149.8,128.103594,37.932774,4397.4666432,-53.113,14.273,76.327,1.0
149.9,128.103879,37.932788,4399.9376568,-53.498,15.071,75.069,1.0
150.0,128.104163,37.932807,4402.7463888,-53.816,15.856,73.8,1.0
150.1,128.104445,37.932831,4405.8897912,-54.06,16.63,72.521,1.0
150.2,128.104726,37.93286,4409.3642064000005,-54.235,17.395,71.234,1.0
150.3,128.105005,37.932893,4413.1675008,-54.359,18.15,69.94,1.0
150.4,128.105282,37.932931,4417.298455200001,-54.462,18.898,68.64,1.0
150.5,128.105556,37.932973,4421.7552408,-54.577,19.64,67.334,1.0
150.6,128.105829,37.93302,4426.5360288,-54.728,20.375,66.02,1.0
150.7,128.106098,37.933072,4431.6389904,-54.953,21.104,64.699,1.0
150.8,128.106365,37.933127,4437.0616872,-55.274,21.826,63.369,1.0
150.9,128.106629,37.933187,4442.799852,-55.698,22.54,62.029,1.0
151.0,128.10689,37.933252,4448.847693600001,-56.209,23.25,60.681,1.0
151.1,128.107147,37.93332,4455.197287200001,-56.772,23.963,59.329,1.0
151.2,128.107402,37.933393,4461.8410128,-57.32,24.686,57.978,1.0
151.3,128.107652,37.933469,4468.7715552,-57.777,25.418,56.63,1.0
151.4,128.107899,37.93355,4475.9825136,-58.075,26.149,55.277,1.0
151.5,128.108143,37.933634,4483.4696208000005,-58.176,26.873,53.917,1.0
151.6,128.108382,37.933722,4491.228609600001,-58.051,27.598,52.557,1.0
151.7,128.108618,37.933813,4499.2555176000005,-57.669,28.332,51.202,1.0
151.8,128.10885,37.933908,4507.548820800001,-57.009,29.082,49.86,1.0
151.9,128.109078,37.934006,4516.1079096,-56.043,29.859,48.541,1.0
152.0,128.109301,37.934107,4524.9327840000005,-54.742,30.671,47.253,1.0
152.1,128.109521,37.934211,4534.026492000001,-53.104,31.524,46.005,1.0
152.2,128.109736,37.934318,4543.3954344,-51.187,32.423,44.807,1.0
152.3,128.109947,37.934426,4553.0487552,-49.119,33.369,43.664,1.0
152.4,128.110154,37.934537,4562.995903200001,-47.029,34.363,42.579,1.0
152.5,128.110356,37.934651,4573.258824,-45.919,35.311,41.445,1.0
152.6,128.110552,37.934766,4583.9018304,-48.003,36.123,40.177,1.0
152.7,128.110742,37.934883,4594.9243128,-52.199,36.917,38.87,1.0
152.8,128.110926,37.935002,4606.265616000001,-57.205,37.686,37.468,1.0
152.9,128.111104,37.935123,4617.869352000001,-61.285,38.449,35.994,1.0
153.0,128.111278,37.935246,4629.66816,-61.892,39.24,34.469,1.0
153.1,128.111448,37.935371,4641.6428376,-60.191,39.969,32.893,1.0
153.2,128.111613,37.935498,4653.8192928,-57.522,40.684,31.374,1.0
153.3,128.111773,37.935626,4666.2252624,-55.526,41.378,29.892,1.0
153.4,128.111927,37.935755,4678.9140864,-56.625,42.001,28.389,1.0
153.5,128.112072,37.935886,4691.9116728,-60.428,42.592,26.845,1.0
153.6,128.112211,37.936018,4705.177788,-66.208,43.101,25.155,1.0
153.7,128.112342,37.936151,4718.648424,-72.894,43.481,23.284,1.0
153.8,128.112467,37.936286,4732.2614016,-78.598,43.77,21.283,1.0
153.9,128.112586,37.936423,4745.9642952,-80.406,44.057,19.196,1.0
154.0,128.112701,37.93656,4759.7397312,-79.562,44.243,17.069,1.0
154.1,128.112811,37.9367,4773.596244,-77.531,44.4,15.029,1.0
154.2,128.112916,37.93684,4787.5466352,-75.175,44.607,13.098,1.0
154.3,128.113014,37.936981,4801.607059200001,-73.609,44.841,11.233,1.0
154.4,128.113105,37.937123,4815.8037288000005,-74.607,45.032,9.389,1.0
154.5,128.113188,37.937266,4830.1348152,-77.906,45.2,7.52,1.0
154.6,128.113263,37.937409,4844.5664856,-82.899,45.292,5.558,1.0
154.7,128.113332,37.937552,4859.0557632,-88.658,45.258,3.503,1.0
154.8,128.113393,37.937697,4873.5602808,-93.5,45.135,1.384,1.0
154.9,128.113449,37.937842,4888.056568800001,-94.664,45.016,359.209,1.0
155.0,128.113501,37.937988,4902.5461512,-93.077,44.844,357.051,1.0
155.1,128.113548,37.938135,4917.031771200001,-90.892,44.629,355.012,1.0
155.2,128.113588,37.938281,4931.5170864,-90.753,44.372,353.108,1.0
155.3,128.113621,37.938428,4945.9953912,-92.656,44.126,351.263,1.0
155.4,128.113646,37.938575,4960.4487024,-96.257,43.835,349.401,1.0
155.5,128.113663,37.938722,4974.8489784,-100.98,43.443,347.504,1.0
155.6,128.113674,37.938868,4989.1681776000005,-105.942,42.919,345.592,1.0
155.7,128.113679,37.939015,5003.3831352,-109.633,42.31,343.68,1.0
155.8,128.113679,37.939163,5017.499642400001,-109.779,41.71,341.745,1.0
155.9,128.113674,37.93931,5031.537816,-107.144,41.116,339.856,1.0
156.0,128.113666,37.939458,5045.4888168,-103.99,40.549,338.092,1.0
156.1,128.11365,37.939605,5059.337100000001,-102.893,40.006,336.458,1.0
156.2,128.113628,37.939752,5073.065292,-103.891,39.514,334.87,1.0
156.3,128.113598,37.939897,5086.6599816,-106.647,39.007,333.269,1.0
156.4,128.113562,37.940042,5100.1062336,-110.506,38.425,331.647,1.0
156.5,128.113519,37.940186,5113.3833216,-114.831,37.725,330.038,1.0
156.6,128.11347,37.94033,5126.4598512,-119.42,36.874,328.49,1.0
156.7,128.113415,37.940473,5139.3117432,-123.832,35.882,327.016,1.0
156.8,128.113355,37.940615,5151.9524088,-126.405,34.894,325.705,1.0
156.9,128.11329,37.940758,5164.418424,-125.85,34.147,324.837,1.0
157.0,128.113222,37.9409,5176.703388000001,-123.841,33.482,324.172,1.0
157.1,128.11315,37.941042,5188.791146400001,-121.829,32.768,323.421,1.0
157.2,128.113072,37.941183,5200.6311024,-121.658,31.798,322.227,1.0
157.3,128.112988,37.941323,5212.1921664,-123.101,30.744,320.874,1.0
157.4,128.112899,37.941462,5223.4618416,-125.807,29.633,319.505,1.0
157.5,128.112803,37.9416,5234.4251928,-129.395,28.447,318.186,1.0
157.6,128.112703,37.941737,5245.081305600001,-132.983,27.229,316.992,1.0
157.7,128.112599,37.941874,5255.4740712,-135.163,26.125,316.038,1.0
157.8,128.112492,37.94201,5265.6443328000005,-135.413,25.168,315.308,1.0
157.9,128.112381,37.942146,5275.582946400001,-134.239,24.189,314.575,1.0
158.0,128.112266,37.942282,5285.2566888,-132.583,23.17,313.794,1.0
158.1,128.112147,37.942416,5294.6088672,-131.706,22.116,312.969,1.0
158.2,128.112024,37.942549,5303.5907136000005,-132.325,20.951,312.017,1.0
158.3,128.111895,37.942681,5312.1912552,-134.261,19.683,310.973,1.0
158.4,128.111762,37.942811,5320.4114064000005,-136.887,18.36,309.931,1.0
158.5,128.111625,37.94294,5328.3005448,-138.917,17.028,308.929,1.0
158.6,128.111485,37.943069,5335.8982944,-139.642,15.688,307.967,1.0
158.7,128.111342,37.943197,5343.191244,-139.199,14.325,307.02,1.0
158.8,128.111196,37.943324,5350.134283200001,-138.331,12.987,306.113,1.0
158.9,128.111045,37.943449,5356.6853496,-137.74,11.689,305.237,1.0
159.0,128.110891,37.943573,5362.825545600001,-137.726,10.421,304.371,1.0
159.1,128.110733,37.943695,5368.5515184000005,-138.264,9.163,303.506,1.0
159.2,128.110572,37.943815,5373.8684496000005,-139.144,7.901,302.644,1.0
159.3,128.110408,37.943934,5378.786092800001,-140.051,6.625,301.788,1.0
159.4,128.11024,37.944052,5383.318773600001,-140.632,5.339,300.941,1.0
159.5,128.11007,37.944168,5387.474112,-140.691,4.054,300.104,1.0
159.6,128.109897,37.944282,5391.2484504,-140.252,2.783,299.275,1.0
159.7,128.109721,37.944395,5394.6311208,-139.498,1.536,298.448,1.0
159.8,128.109543,37.944506,5397.6123696,-138.644,0.32,297.615,1.0
159.9,128.109362,37.944616,5400.1861008000005,-137.856,-0.865,296.767,1.0
160.0,128.109178,37.944723,5402.3504856,-137.212,-2.025,295.9,1.0
160.1,128.108992,37.944828,5404.1088768,-136.693,-3.165,295.012,1.0
160.2,128.108804,37.944931,5405.4655416000005,-136.244,-4.288,294.105,1.0
160.3,128.108613,37.945032,5406.4232232,-135.809,-5.397,293.182,1.0
160.4,128.10842,37.945131,5406.9886272,-135.304,-6.493,292.242,1.0
160.5,128.108225,37.945228,5407.170592800001,-134.606,-7.57,291.286,1.0
160.6,128.108028,37.945322,5406.9773496,-133.618,-8.623,290.309,1.0
160.7,128.10783,37.945414,5406.4107264,-132.382,-9.631,289.328,1.0
160.8,128.107629,37.945504,5405.471332800001,-131.035,-10.537,288.403,1.0
160.9,128.107427,37.945592,5404.16496,-129.697,-11.301,287.582,1.0
161.0,128.107223,37.945677,5402.5016663999995,-128.398,-11.98,286.807,1.0
161.1,128.107017,37.945759,5400.492424800001,-127.142,-12.612,286.033,1.0
161.2,128.10681,37.945839,5398.1460744000005,-125.952,-13.211,285.255,1.0
161.3,128.106602,37.945916,5395.471759200001,-124.857,-13.771,284.488,1.0
161.4,128.106392,37.945991,5392.477404,-123.887,-14.281,283.76,1.0
161.5,128.106181,37.946063,5389.171848,-123.07,-14.723,283.113,1.0
161.6,128.105969,37.946133,5385.5654544,-122.422,-15.077,282.592,1.0
161.7,128.105755,37.9462,5381.669196000001,-121.938,-15.351,282.197,1.0
161.8,128.105541,37.946265,5377.495569600001,-121.597,-15.562,281.913,1.0
161.9,128.105325,37.946328,5373.0567672,-121.367,-15.729,281.713,1.0
162.0,128.105108,37.946388,5368.3652856,-121.217,-15.866,281.575,1.0
162.1,128.104891,37.946447,5363.4339264,-121.109,-15.98,281.488,1.0
162.2,128.104672,37.946504,5358.2754912,-120.987,-16.073,281.445,1.0
162.3,128.104453,37.946559,5352.904610400001,-120.779,-16.144,281.445,1.0
162.4,128.104232,37.946613,5347.335609600001,-120.387,-16.185,281.492,1.0
162.5,128.104011,37.946666,5341.5861672,-119.675,-16.186,281.597,1.0
162.6,128.103789,37.946718,5335.673352000001,-118.523,-16.141,281.771,1.0
162.7,128.103566,37.946769,5329.6111848,-116.909,-16.052,282.022,1.0
162.8,128.103342,37.94682,5323.411247999999,-114.881,-15.929,282.354,1.0
162.9,128.103117,37.94687,5317.0845144,-112.509,-15.785,282.759,1.0
163.0,128.102891,37.946921,5310.6395184,-109.869,-15.63,283.24,1.0
163.1,128.102664,37.946971,5304.0844896,-107.05,-15.471,283.812,1.0
163.2,128.102436,37.947021,5297.426133600001,-104.165,-15.317,284.487,1.0
163.3,128.102208,37.947071,5290.669632,-101.327,-15.18,285.269,1.0
163.4,128.101979,37.947122,5283.8204712,-98.616,-15.073,286.139,1.0
163.5,128.101749,37.947173,5276.8823088,-96.05,-15.008,287.054,1.0
163.6,128.101519,37.947225,5269.857278400001,-93.602,-14.989,287.962,1.0
163.7,128.101288,37.947278,5262.7456848,-91.212,-15.018,288.766,1.0
163.8,128.101056,37.947332,5255.5450896,-88.835,-15.09,289.367,1.0
163.9,128.100825,37.947386,5248.2527496,-86.449,-15.189,289.736,1.0
164.0,128.100592,37.947442,5240.8650072,-84.032,-15.296,289.827,1.0
164.1,128.10036,37.947499,5233.380338400001,-81.537,-15.378,289.567,1.0
164.2,128.100126,37.947557,5225.7947808,-78.811,-15.403,289.001,1.0
164.3,128.099892,37.947616,5218.1052864,-75.63,-15.365,288.288,1.0
164.4,128.099657,37.947675,5210.311550400001,-71.827,-15.284,287.593,1.0
164.5,128.099421,37.947735,5202.4166208,-67.312,-15.169,286.966,1.0
164.6,128.099184,37.947795,5194.4284224,-62.033,-14.98,286.324,1.0
164.7,128.098946,37.947855,5186.3582328,-55.909,-14.649,285.598,1.0
164.8,128.098707,37.947915,5178.2240352,-48.889,-14.125,284.805,1.0
164.9,128.098466,37.947975,5170.052652,-41.014,-13.412,284.037,1.0
165.0,128.098223,37.948034,5161.8803544,-32.418,-12.558,283.41,1.0
165.1,128.097979,37.948093,5153.7464616,-23.262,-11.63,283.01,1.0
165.2,128.097732,37.948152,5145.6875496,-13.655,-10.658,282.866,1.0
165.3,128.097484,37.94821,5137.7319648,-3.669,-9.58,282.983,1.0
165.4,128.097234,37.948268,5129.9239032,6.462,-8.245,283.374,1.0
165.5,128.096983,37.948326,5122.3541952000005,15.639,-6.599,284.056,1.0
165.6,128.096729,37.948386,5115.1237296,22.323,-4.928,284.955,1.0
165.7,128.096475,37.948447,5108.351378400001,25.098,-3.352,285.955,1.0
165.8,128.09622,37.948511,5102.124619200001,24.617,-1.861,287.007,1.0
165.9,128.095964,37.948577,5096.4641784000005,21.563,-0.379,287.97,1.0
166.0,128.095708,37.948645,5091.3856008,16.469,1.125,288.733,1.0
166.1,128.095452,37.948715,5086.8602352,11.211,2.624,289.369,1.0
166.2,128.095194,37.948786,5082.7951176,8.633,4.098,289.981,1.0
166.3,128.094936,37.948857,5079.0814344,9.183,5.546,290.577,1.0
166.4,128.094678,37.94893,5075.673465600001,12.349,6.938,291.17,1.0
166.5,128.094419,37.949003,5072.5904136,17.447,8.22,291.845,1.0
166.6,128.094159,37.949078,5069.861234399999,22.473,9.424,292.507,1.0
166.7,128.0939,37.949154,5067.5944368,23.609,10.606,293.03,1.0
166.8,128.093642,37.949232,5065.911940800001,21.169,11.75,293.548,1.0
166.9,128.093386,37.949313,5064.853065600001,16.92,12.887,294.052,1.0
167.0,128.09313,37.949394,5064.322104,13.594,14.055,294.564,1.0
167.1,128.092875,37.949476,5064.2068896,13.343,15.249,295.088,1.0
167.2,128.09262,37.949559,5064.4406712,15.781,16.434,295.606,1.0
167.3,128.092366,37.949644,5065.027411200001,20.204,17.539,296.207,1.0
167.4,128.092113,37.949729,5065.9957608,25.009,18.569,296.854,1.0
167.5,128.091862,37.949816,5067.438684000001,27.309,19.581,297.443,1.0
167.6,128.091614,37.949904,5069.4552408,25.945,20.603,298.006,1.0
167.7,128.091368,37.949995,5072.0612808,22.504,21.638,298.613,1.0
167.8,128.091124,37.950086,5075.149819200001,19.846,22.704,299.288,1.0
167.9,128.090882,37.950179,5078.6184432,19.805,23.794,299.989,1.0
168.0,128.090642,37.950272,5082.487879200001,21.106,24.883,300.621,1.0
168.1,128.090404,37.950367,5086.828536,22.263,25.936,301.226,1.0
168.2,128.090169,37.950463,5091.6666264000005,22.6,26.977,301.841,1.0
168.3,128.089937,37.950559,5097.0402504,21.24,28.046,302.414,1.0
168.4,128.089708,37.950657,5103.018597600001,17.396,29.171,302.863,1.0
168.5,128.089483,37.950755,5109.615079200001,11.616,30.369,303.171,1.0
168.6,128.089262,37.950853,5116.8190272,4.51,31.655,303.26,1.0
168.7,128.089044,37.950951,5124.6136776,-3.435,33.012,303.053,1.0
168.8,128.088829,37.951047,5132.972208,-11.893,34.405,302.491,1.0
168.9,128.088615,37.951141,5141.8516416,-20.67,35.782,301.531,1.0
169.0,128.088404,37.951232,5151.1858368,-29.294,37.092,300.172,1.0
169.1,128.088193,37.951321,5160.8729904,-36.615,38.309,298.483,1.0
169.2,128.087983,37.951408,5170.8262343999995,-41.786,39.404,296.536,1.0
169.3,128.087773,37.951492,5181.0126504,-44.788,40.353,294.429,1.0
169.4,128.087562,37.951575,5191.4331528,-45.906,41.16,292.278,1.0
169.5,128.087353,37.951654,5202.111211200001,-45.713,41.854,290.167,1.0
169.6,128.087144,37.95173,5213.06298,-44.792,42.499,288.167,1.0
169.7,128.086935,37.951802,5224.2921168,-43.335,43.199,286.365,1.0
169.8,128.086728,37.951871,5235.8169096,-41.762,43.963,284.753,1.0
169.9,128.086523,37.951937,5247.6589992,-40.712,44.752,283.244,1.0
170.0,128.086319,37.951998,5259.837892800001,-40.859,45.552,281.776,1.0
170.1,128.086117,37.952055,5272.354200000001,-42.448,46.36,280.296,1.0
170.2,128.085918,37.952107,5285.17104,-44.876,47.187,278.776,1.0
170.3,128.085721,37.952157,5298.231415200001,-46.667,48.051,277.228,1.0
170.4,128.085524,37.952203,5311.4816808,-46.677,48.945,275.677,1.0
170.5,128.08533,37.952247,5324.927628,-45.497,49.81,274.137,1.0
170.6,128.085138,37.952287,5338.6049184,-44.324,50.634,272.645,1.0
170.7,128.084948,37.952324,5352.5217816,-43.605,51.459,271.208,1.0
170.8,128.084761,37.952358,5366.6727312,-43.416,52.306,269.803,1.0
170.9,128.084576,37.952388,5381.048013600001,-43.631,53.177,268.407,1.0
171.0,128.084394,37.952415,5395.6384848,-44.096,54.058,267.003,1.0
171.1,128.084215,37.952439,5410.4350008,-44.667,54.941,265.58,1.0
171.2,128.084038,37.952461,5425.429332000001,-45.227,55.817,264.13,1.0
171.3,128.083865,37.952479,5440.6153824,-45.743,56.683,262.649,1.0
171.4,128.083694,37.952495,5455.988275199999,-46.24,57.534,261.135,1.0
171.5,128.083526,37.952508,5471.5422192000005,-46.745,58.374,259.588,1.0
171.6,128.083361,37.952519,5487.271423200001,-47.266,59.204,258.005,1.0
171.7,128.083199,37.952527,5503.1685720000005,-47.79,60.026,256.387,1.0
171.8,128.08304,37.952532,5519.2257408000005,-48.288,60.841,254.732,1.0
171.9,128.082884,37.952535,5535.4359192,-48.739,61.652,253.043,1.0
172.0,128.082732,37.952536,5551.7930112,-49.145,62.457,251.322,1.0
172.1,128.082583,37.952534,5568.2903112,-49.515,63.257,249.57,1.0
172.2,128.082437,37.952531,5584.9217232,-49.859,64.055,247.79,1.0
172.3,128.082295,37.952525,5601.6808464000005,-50.189,64.85,245.981,1.0
172.4,128.082155,37.952517,5618.5621944,-50.519,65.644,244.141,1.0
172.5,128.08202,37.952508,5635.5593664,-50.861,66.436,242.27,1.0
172.6,128.081887,37.952497,5652.6662664,-51.216,67.228,240.363,1.0
172.7,128.081759,37.952484,5669.877408,-51.578,68.02,238.42,1.0
172.8,128.081633,37.952469,5687.1866952,-51.94,68.811,236.437,1.0
172.9,128.081511,37.952454,5704.5889464,-52.317,69.601,234.412,1.0
173.0,128.081393,37.952436,5722.081723200001,-52.812,70.386,232.338,1.0
173.1,128.081279,37.952418,5739.6656352,-53.68,71.16,230.191,1.0
173.2,128.081168,37.952398,5757.341596800001,-55.713,71.887,227.862,1.0
173.3,128.081063,37.952377,5775.1196664,-60.157,72.51,225.221,1.0
173.4,128.080964,37.952354,5792.9940528,-65.66,73.081,222.299,1.0
173.5,128.080869,37.952329,5810.9345808,-69.847,73.643,219.009,1.0
173.6,128.080778,37.952304,5828.9202192,-73.214,74.119,215.258,1.0
173.7,128.08069,37.952277,5846.9451768,-76.045,74.498,211.252,1.0
173.8,128.080606,37.952249,5865.006710400001,-78.573,74.799,207.161,1.0
173.9,128.080526,37.95222,5883.100248,-81.008,75.047,203.04,1.0
174.0,128.08045,37.95219,5901.2212176,-83.454,75.26,198.891,1.0
174.1,128.080377,37.952158,5919.3638280000005,-85.928,75.445,194.711,1.0
174.2,128.080309,37.952126,5937.5247264,-88.986,75.576,190.509,1.0
174.3,128.080245,37.952093,5955.701169600001,-93.854,75.6,186.349,1.0
174.4,128.080188,37.952059,5973.8821848,-100.249,75.513,182.229,1.0
174.5,128.080136,37.952024,5992.0513128,-106.906,75.313,178.069,1.0
174.6,128.080088,37.951988,6010.1981904,-111.431,75.025,173.8,1.0
174.7,128.080043,37.951951,6028.323732000001,-113.822,74.631,169.56,1.0
174.8,128.080001,37.951913,6046.4282424,-114.691,74.176,165.514,1.0
174.9,128.079963,37.951874,6064.5071496,-114.808,73.729,161.749,1.0
175.0,128.079928,37.951835,6082.5555768,-115.295,73.308,158.228,1.0
175.1,128.079898,37.951796,6100.5631608,-117.664,72.885,154.953,1.0
175.2,128.079873,37.951756,6118.513137600001,-121.781,72.437,151.855,1.0
175.3,128.079853,37.951716,6136.391791200001,-127.242,71.906,148.906,1.0
175.4,128.07984,37.951675,6154.1854056,-133.512,71.242,146.179,1.0
175.5,128.079831,37.951633,6171.8827032,-139.195,70.495,143.841,1.0
175.6,128.079826,37.951591,6189.493437600001,-142.032,69.801,141.986,1.0
175.7,128.079823,37.951548,6207.0380304,-142.326,69.11,140.419,1.0
175.8,128.079823,37.951505,6224.5314167999995,-140.705,68.434,139.001,1.0
175.9,128.079826,37.951461,6241.9638432,-138.059,67.809,137.654,1.0
176.0,128.079831,37.951417,6259.3246416,-135.726,67.183,136.2,1.0
176.1,128.07984,37.951372,6276.5891232,-135.527,66.426,134.413,1.0
176.2,128.079854,37.951328,6293.730160800001,-137.21,65.615,132.501,1.0
176.3,128.079872,37.951283,6310.733733600001,-140.376,64.751,130.603,1.0
176.4,128.079896,37.951239,6327.590088000001,-144.584,63.812,128.83,1.0
176.5,128.079924,37.951194,6344.2897752,-149.374,62.782,127.271,1.0
176.6,128.079956,37.951149,6360.8321856,-153.785,61.666,125.938,1.0
176.7,128.079992,37.951103,6377.2423128,-156.331,60.539,124.818,1.0
176.8,128.08003,37.951057,6393.5497224,-156.906,59.518,123.978,1.0
176.9,128.080071,37.951011,6409.7498424000005,-156.159,58.538,123.289,1.0
177.0,128.080114,37.950964,6425.833528800001,-154.533,57.602,122.657,1.0
177.1,128.08016,37.950917,6441.787370400001,-152.613,56.708,122.022,1.0
177.2,128.08021,37.95087,6457.5754008,-151.384,55.796,121.337,1.0
177.3,128.080264,37.950822,6473.1604344,-151.508,54.797,120.555,1.0
177.4,128.080322,37.950775,6488.5308888,-152.851,53.739,119.729,1.0
177.5,128.080385,37.950728,6503.682192,-155.158,52.623,118.916,1.0
177.6,128.080451,37.95068,6518.62044,-157.879,51.453,118.155,1.0
177.7,128.08052,37.950632,6533.3806848,-160.052,50.258,117.461,1.0
177.8,128.080592,37.950584,6548.00316,-160.955,49.104,116.85,1.0
177.9,128.080666,37.950536,6562.5021912,-160.483,47.998,116.302,1.0
178.0,128.080742,37.950487,6576.854004,-159.109,46.938,115.796,1.0
178.1,128.080821,37.950439,6591.029032800001,-157.49,45.916,115.305,1.0
178.2,128.080903,37.95039,6604.9879584,-156.344,44.899,114.801,1.0
178.3,128.080988,37.950341,6618.700910400001,-156.108,43.856,114.266,1.0
178.4,128.081078,37.950293,6632.1541728,-156.917,42.785,113.721,1.0
178.5,128.08117,37.950244,6645.354146400001,-158.471,41.68,113.177,1.0
178.6,128.081266,37.950196,6658.3218624,-160.165,40.538,112.644,1.0
178.7,128.081364,37.950148,6671.085972,-161.459,39.362,112.132,1.0
178.8,128.081465,37.950099,6683.661715200001,-162.083,38.17,111.652,1.0
178.9,128.081568,37.950051,6696.0487872,-161.99,36.981,111.203,1.0
179.0,128.081673,37.950002,6708.2328624,-161.356,35.81,110.778,1.0
179.1,128.081781,37.949953,6720.1929096,-160.485,34.668,110.367,1.0
179.2,128.081892,37.949905,6731.9097264,-159.681,33.56,109.964,1.0
179.3,128.082005,37.949857,6743.374473600001,-159.142,32.522,109.578,1.0
179.4,128.082121,37.949809,6754.5886752,-158.935,31.605,109.231,1.0
179.5,128.082239,37.949761,6765.5575128,-159.005,30.788,108.917,1.0
179.6,128.08236,37.949713,6776.2886064,-159.237,30.018,108.616,1.0
179.7,128.082483,37.949665,6786.7898808,-159.503,29.257,108.318,1.0
179.8,128.082608,37.949618,6797.0665176,-159.678,28.489,108.017,1.0
179.9,128.082735,37.949571,6807.1230888,-159.665,27.706,107.712,1.0
180.0,128.082864,37.949524,6816.962032800001,-159.422,26.904,107.401,1.0
180.1,128.082995,37.949477,6826.5839592,-158.956,26.087,107.081,1.0
180.2,128.083128,37.94943,6835.9876488,-158.312,25.256,106.748,1.0
180.3,128.083263,37.949384,6845.1715776,-157.554,24.413,106.4,1.0
180.4,128.0834,37.949338,6854.133612,-156.748,23.56,106.034,1.0
180.5,128.083539,37.949292,6862.8719232,-155.949,22.696,105.646,1.0
180.6,128.08368,37.949246,6871.384987200001,-155.197,21.821,105.235,1.0
180.7,128.083822,37.949201,6879.6721944,-154.501,20.934,104.8,1.0
180.8,128.083966,37.949156,6887.7326304,-153.851,20.037,104.341,1.0
180.9,128.084112,37.949112,6895.5666,-153.227,19.134,103.862,1.0
181.0,128.08426,37.949068,6903.1741032,-152.594,18.239,103.371,1.0
181.1,128.084409,37.949025,6910.5560544,-151.918,17.379,102.883,1.0
181.2,128.08456,37.948982,6917.7139776,-151.169,16.582,102.414,1.0
181.3,128.084713,37.94894,6924.649092000001,-150.335,15.841,101.96,1.0
181.4,128.084867,37.948898,6931.3632264,-149.413,15.14,101.513,1.0
181.5,128.085023,37.948857,6937.8576,-148.41,14.463,101.062,1.0
181.6,128.085181,37.948816,6944.1337368,-147.338,13.802,100.602,1.0
181.7,128.08534,37.948776,6950.192856000001,-146.216,13.149,100.129,1.0
181.8,128.0855,37.948737,6956.0364816,-145.054,12.504,99.639,1.0
181.9,128.085662,37.948698,6961.666442400001,-143.859,11.863,99.131,1.0
182.0,128.085825,37.948661,6967.0842624,-142.633,11.227,98.604,1.0
182.1,128.085989,37.948623,6972.291465600001,-141.376,10.597,98.057,1.0
182.2,128.086155,37.948587,6977.2898808,-140.088,9.973,97.49,1.0
182.3,128.086323,37.948552,6982.081336800001,-138.768,9.357,96.905,1.0
182.4,128.086491,37.948517,6986.6673576,-137.403,8.751,96.3,1.0
182.5,128.086661,37.948483,6991.051296000001,-135.967,8.16,95.679,1.0
182.6,128.086832,37.948451,6995.235590400001,-134.439,7.586,95.041,1.0
182.7,128.087004,37.948419,6999.222679200001,-132.808,7.032,94.388,1.0
182.8,128.087178,37.948388,7003.015305600001,-131.073,6.501,93.72,1.0
182.9,128.087352,37.948358,7006.6156032,-129.239,5.995,93.037,1.0
183.0,128.087528,37.948329,7010.026620000001,-127.318,5.515,92.338,1.0
183.1,128.087705,37.948302,7013.2507944,-125.32,5.064,91.624,1.0
183.2,128.087883,37.948275,7016.2920888,-123.257,4.643,90.896,1.0
183.3,128.088062,37.94825,7019.154160800001,-121.138,4.255,90.154,1.0
183.4,128.088242,37.948226,7021.8403632,-118.973,3.902,89.401,1.0
183.5,128.088423,37.948203,7024.3549632,-116.772,3.584,88.636,1.0
183.6,128.088605,37.948182,7026.703142400001,-114.542,3.297,87.85,1.0
183.7,128.088788,37.948162,7028.8885584,-112.287,3.028,87.015,1.0
183.8,128.088972,37.948144,7030.916088000001,-110.003,2.772,86.105,1.0
183.9,128.089157,37.948127,7032.790608,-107.691,2.535,85.124,1.0
184.0,128.089343,37.948111,7034.5166904,-105.363,2.328,84.096,1.0
184.1,128.089529,37.948098,7036.0995168,-103.033,2.163,83.05,1.0
184.2,128.089716,37.948085,7037.545488000001,-100.694,2.05,82.015,1.0
184.3,128.089904,37.948075,7038.8610048,-98.327,1.995,81.019,1.0
184.4,128.090093,37.948067,7040.0530776000005,-95.903,1.998,80.089,1.0
184.5,128.090282,37.94806,7041.1293264000005,-93.373,2.062,79.251,1.0
184.6,128.090472,37.948055,7042.0985904,-90.682,2.182,78.519,1.0
184.7,128.090662,37.948051,7042.9684896,-87.801,2.353,77.884,1.0
184.8,128.090853,37.948049,7043.7475584,-84.729,2.569,77.321,1.0
184.9,128.091045,37.948049,7044.4449408,-81.477,2.83,76.811,1.0
185.0,128.091237,37.948051,7045.0700856,-78.074,3.133,76.34,1.0
185.1,128.091429,37.948054,7045.632441600001,-74.601,3.481,75.886,1.0
185.2,128.091622,37.948059,7046.1442008,-71.201,3.873,75.433,1.0
185.3,128.091816,37.948066,7046.618164800001,-68.046,4.311,74.97,1.0
185.4,128.09201,37.948074,7047.0686592,-65.34,4.79,74.486,1.0
185.5,128.092204,37.948085,7047.511838400001,-63.368,5.306,73.962,1.0
185.6,128.092398,37.948097,7047.9653808,-62.351,5.86,73.364,1.0
185.7,128.092593,37.948111,7048.4347728,-62.113,6.467,72.654,1.0
185.8,128.092787,37.948128,7048.9178808,-62.161,7.127,71.834,1.0
185.9,128.092982,37.948146,7049.411047200001,-61.978,7.793,70.985,1.0
186.0,128.093177,37.948166,7049.914881600001,-61.264,8.418,70.192,1.0
186.1,128.093372,37.948187,7050.4366992000005,-60.021,8.985,69.486,1.0
186.2,128.093567,37.948211,7050.985644,-58.367,9.508,68.852,1.0
186.3,128.093762,37.948236,7051.572384000001,-56.456,10.014,68.261,1.0
186.4,128.093957,37.948263,7052.207282400001,-54.46,10.526,67.695,1.0
186.5,128.094152,37.948293,7052.9010072,-52.525,11.056,67.145,1.0
186.6,128.094346,37.948324,7053.663312,-50.729,11.614,66.605,1.0
186.7,128.094541,37.948356,7054.5088272,-49.31,12.208,66.053,1.0
186.8,128.094735,37.948391,7055.4534023999995,-48.48,12.836,65.472,1.0
186.9,128.094928,37.948428,7056.503438400001,-48.207,13.498,64.853,1.0
187.0,128.095121,37.948467,7057.6540584,-48.138,14.186,64.205,1.0
187.1,128.095314,37.948507,7058.904348,-47.986,14.888,63.536,1.0
187.2,128.095506,37.948549,7060.2600984,-47.698,15.582,62.856,1.0
187.3,128.095697,37.948593,7061.728624800001,-47.335,16.256,62.179,1.0
187.4,128.095888,37.948639,7063.3135848,-46.869,16.904,61.514,1.0
187.5,128.096078,37.948687,7065.0222936,-46.363,17.528,60.865,1.0
187.6,128.096268,37.948736,7066.8620664,-45.941,18.129,60.228,1.0
187.7,128.096456,37.948788,7068.8432664,-45.788,18.706,59.598,1.0
187.8,128.096643,37.948841,7070.969246400001,-45.956,19.265,58.967,1.0
187.9,128.096829,37.948896,7073.2311672000005,-46.144,19.816,58.329,1.0
188.0,128.097014,37.948952,7075.629638400001,-46.277,20.356,57.682,1.0
188.1,128.097198,37.94901,7078.167708,-46.434,20.882,57.021,1.0
188.2,128.097381,37.94907,7080.847814400001,-46.688,21.389,56.339,1.0
188.3,128.097562,37.949132,7083.6672144,-46.98,21.873,55.629,1.0
188.4,128.097742,37.949195,7086.6192024,-47.172,22.342,54.894,1.0
188.5,128.097921,37.94926,7089.704692800001,-47.305,22.794,54.139,1.0
188.6,128.098098,37.949327,7092.9340488,-47.707,23.218,53.36,1.0
188.7,128.098273,37.949395,7096.3075751999995,-48.486,23.619,52.553,1.0
188.8,128.098446,37.949465,7099.8142992,-49.411,24.008,51.722,1.0
188.9,128.098618,37.949536,7103.444772,-50.264,24.388,50.869,1.0
189.0,128.098788,37.949609,7107.192288000001,-50.941,24.755,49.996,1.0
189.1,128.098957,37.949683,7111.0528848,-51.414,25.108,49.108,1.0
189.2,128.099123,37.949759,7115.030829599999,-51.955,25.44,48.207,1.0
189.3,128.099287,37.949836,7119.1364856,-52.97,25.742,47.289,1.0
189.4,128.09945,37.949915,7123.368328800001,-54.514,26.017,46.348,1.0
189.5,128.099609,37.949995,7127.716300800001,-56.429,26.267,45.375,1.0
189.6,128.099767,37.950077,7132.164552000001,-57.869,26.514,44.381,1.0
189.7,128.099923,37.950161,7136.6902224000005,-57.445,26.808,43.402,1.0
189.8,128.100078,37.950245,7141.281729599999,-55.965,27.133,42.44,1.0
189.9,128.10023,37.950331,7145.9588856,-55.146,27.421,41.482,1.0
190.0,128.10038,37.950419,7150.7418072,-55.086,27.68,40.541,1.0
190.1,128.100528,37.950508,7155.635676,-55.776,27.927,39.613,1.0
190.2,128.100673,37.950598,7160.6347008,-57.153,28.172,38.68,1.0
190.3,128.100815,37.950689,7165.7327856,-59.111,28.419,37.737,1.0
190.4,128.100956,37.950782,7170.922920000001,-61.504,28.665,36.775,1.0
190.5,128.101093,37.950877,7176.1983984,-64.144,28.883,35.779,1.0
190.6,128.101228,37.950972,7181.5500768,-66.855,29.051,34.733,1.0
190.7,128.101361,37.95107,7186.9703352,-69.495,29.155,33.634,1.0
190.8,128.101491,37.951168,7192.449115200001,-71.899,29.19,32.487,1.0
190.9,128.101619,37.951269,7197.9714816000005,-73.774,29.164,31.297,1.0
191.0,128.101744,37.951371,7203.524937600001,-74.886,29.091,30.078,1.0
191.1,128.101867,37.951474,7209.1043016,-75.307,28.981,28.849,1.0
191.2,128.101988,37.951578,7214.708964,-75.233,28.849,27.627,1.0
191.3,128.102106,37.951684,7220.3395344,-74.914,28.713,26.428,1.0
191.4,128.102221,37.951792,7225.997232000001,-74.58,28.586,25.257,1.0
191.5,128.102334,37.951901,7231.683276,-74.414,28.476,24.114,1.0
191.6,128.102444,37.952011,7237.3979712,-74.522,28.386,22.992,1.0
191.7,128.102551,37.952122,7243.1400984,-74.939,28.311,21.883,1.0
191.8,128.102655,37.952235,7248.906,-75.589,28.249,20.78,1.0
191.9,128.102756,37.952349,7254.6917136,-76.353,28.194,19.678,1.0
192.0,128.102855,37.952464,7260.4938864000005,-77.194,28.138,18.576,1.0
192.1,128.102951,37.95258,7266.31008,-78.085,28.072,17.473,1.0
192.2,128.103044,37.952698,7272.136941600001,-79.01,27.991,16.367,1.0
192.3,128.103134,37.952816,7277.9708136,-79.951,27.891,15.259,1.0
192.4,128.103222,37.952936,7283.8080384,-80.894,27.771,14.148,1.0
192.5,128.103306,37.953057,7289.6449584,-81.823,27.629,13.035,1.0
192.6,128.103388,37.953179,7295.477306400001,-82.724,27.465,11.919,1.0
192.7,128.103466,37.953302,7301.301424800001,-83.585,27.281,10.801,1.0
192.8,128.103542,37.953426,7307.113351200001,-84.394,27.077,9.683,1.0
192.9,128.103615,37.953551,7312.9091232,-85.129,26.856,8.566,1.0
193.0,128.103685,37.953677,7318.6844736,-85.733,26.622,7.451,1.0
193.1,128.103752,37.953804,7324.4360496,-86.095,26.384,6.339,1.0
193.2,128.103816,37.953931,7330.1608032,-86.122,26.148,5.234,1.0
193.3,128.103877,37.95406,7335.8587344,-85.99,25.907,4.142,1.0
193.4,128.103935,37.954189,7341.5304528,-86.134,25.638,3.065,1.0
193.5,128.10399,37.95432,7347.173824800001,-86.61,25.363,2.0,1.0
193.6,128.104042,37.954451,7352.7858024,-87.412,25.086,0.937,1.0
193.7,128.10409,37.954582,7358.3621184,-88.497,24.801,359.872,1.0
193.8,128.104135,37.954714,7363.898810400001,-89.808,24.498,358.803,1.0
193.9,128.104177,37.954847,7369.389477600001,-91.281,24.17,357.73,1.0
194.0,128.104216,37.954981,7374.828938400001,-92.85,23.809,356.656,1.0
194.1,128.104252,37.955115,7380.2101824,-94.457,23.41,355.582,1.0
194.2,128.104284,37.95525,7385.5268088,-96.049,22.97,354.51,1.0
194.3,128.104313,37.955385,7390.7718072,-97.589,22.486,353.441,1.0
194.4,128.104339,37.955521,7395.9375576,-99.046,21.959,352.378,1.0
194.5,128.104362,37.955657,7401.017659200001,-100.41,21.391,351.324,1.0
194.6,128.104382,37.955794,7406.0054064000005,-101.675,20.784,350.279,1.0
194.7,128.104398,37.955932,7410.8943984,-102.846,20.142,349.245,1.0
194.8,128.104411,37.956069,7415.6785392,-103.932,19.47,348.223,1.0
194.9,128.104422,37.956208,7420.351732800001,-104.943,18.771,347.213,1.0
195.0,128.104428,37.956346,7424.908188,-105.893,18.051,346.216,1.0
195.1,128.104432,37.956485,7429.3427232,-106.795,17.313,345.232,1.0
195.2,128.104433,37.956624,7433.650156800001,-107.661,16.559,344.259,1.0
195.3,128.10443,37.956764,7437.824697600001,-108.502,15.792,343.298,1.0
195.4,128.104424,37.956904,7441.861468800001,-109.327,15.012,342.348,1.0
195.5,128.104416,37.957044,7445.7555936,-110.143,14.222,341.41,1.0
195.6,128.104404,37.957184,7449.5018904,-110.957,13.421,340.482,1.0
195.7,128.104389,37.957324,7453.095482400001,-111.772,12.61,339.564,1.0
195.8,128.10437,37.957464,7456.531492800001,-112.592,11.789,338.655,1.0
195.9,128.104349,37.957605,7459.8047400000005,-113.419,10.957,337.757,1.0
196.0,128.104325,37.957745,7462.910347200001,-114.25,10.114,336.867,1.0
196.1,128.104298,37.957886,7465.8437424,-115.086,9.26,335.987,1.0
196.2,128.104267,37.958026,7468.5994392,-115.923,8.392,335.118,1.0
196.3,128.104234,37.958167,7471.1728656000005,-116.758,7.509,334.258,1.0
196.4,128.104197,37.958307,7473.558840000001,-117.592,6.613,333.408,1.0
196.5,128.104158,37.958447,7475.754924000001,-118.238,5.709,332.563,1.0
196.6,128.104116,37.958587,7477.7662992000005,-118.31,4.813,331.712,1.0
196.7,128.104072,37.958727,7479.587784000001,-118.101,3.921,330.865,1.0
196.8,128.104024,37.958866,7481.208710400001,-118.015,3.032,330.031,1.0
196.9,128.103974,37.959006,7482.6257256,-118.098,2.152,329.204,1.0
197.0,128.10392,37.959144,7483.8363912,-118.36,1.279,328.379,1.0
197.1,128.103864,37.959283,7484.837964,-118.796,0.41,327.554,1.0
197.2,128.103805,37.959421,7485.627700800001,-119.39,-0.461,326.73,1.0
197.3,128.103743,37.959558,7486.2016392,-120.116,-1.34,325.907,1.0
197.4,128.103678,37.959695,7486.5564264,-120.946,-2.233,325.088,1.0
197.5,128.103611,37.959831,7486.6871856,-121.851,-3.144,324.275,1.0
197.6,128.10354,37.959967,7486.592392800001,-122.533,-4.067,323.462,1.0
197.7,128.103468,37.960102,7486.2799728,-122.475,-4.986,322.635,1.0
197.8,128.103393,37.960237,7485.7456584,-122.069,-5.907,321.807,1.0
197.9,128.103315,37.96037,7484.981829599999,-121.631,-6.825,320.986,1.0
198.0,128.103235,37.960503,7483.9808664,-121.433,-7.736,320.171,1.0
198.1,128.103152,37.960635,7482.7412448000005,-121.499,-8.638,319.356,1.0
198.2,128.103067,37.960767,7481.2614408,-121.817,-9.537,318.536,1.0
198.3,128.102979,37.960897,7479.5393208,-122.363,-10.436,317.714,1.0
198.4,128.102888,37.961026,7477.5712272,-123.098,-11.345,316.89,1.0
198.5,128.102795,37.961154,7475.354112,-123.98,-12.271,316.067,1.0
198.6,128.1027,37.961281,7472.884927200001,-124.965,-13.219,315.249,1.0
198.7,128.102602,37.961407,7470.1624536,-125.931,-14.192,314.433,1.0
198.8,128.102503,37.961531,7467.1912632,-126.598,-15.186,313.614,1.0
198.9,128.102401,37.961655,7463.971051200001,-126.867,-16.194,312.795,1.0
199.0,128.102298,37.961777,7460.498160000001,-126.801,-17.208,311.976,1.0
199.1,128.102192,37.961898,7456.770760800001,-126.455,-18.218,311.157,1.0
199.2,128.102085,37.962018,7452.7879391999995,-125.887,-19.215,310.332,1.0
199.3,128.101976,37.962137,7448.547561599999,-125.191,-20.191,309.498,1.0
199.4,128.101865,37.962254,7444.045360800001,-124.598,-21.145,308.656,1.0
199.5,128.101752,37.962369,7439.2758504,-124.341,-22.081,307.807,1.0
199.6,128.101637,37.962483,7434.2387256,-124.433,-23.005,306.948,1.0
199.7,128.101521,37.962595,7428.934596,-124.806,-23.924,306.076,1.0
199.8,128.101403,37.962705,7423.3683384000005,-125.225,-24.844,305.187,1.0
199.9,128.101283,37.962814,7417.5448295999995,-125.406,-25.763,304.281,1.0
