Time,Longitude,Latitude,Altitude,Roll (deg),Pitch (deg),Yaw (deg),Health
0.0,128.182147,37.920031,3499.9946256000003,0.575,0.098,90.054,1.0
0.1,128.182376,37.920031,3499.7937624000006,3.096,1.184,90.23,1.0
0.2,128.182607,37.920031,3499.4170296,7.374,2.362,90.462,1.0
0.3,128.182838,37.920031,3498.9003936000004,13.1,3.186,90.739,1.0
0.4,128.183071,37.920032,3498.2843928,19.985,4.081,91.161,1.0
0.5,128.183304,37.920032,3497.6174904,27.737,5.443,91.951,1.0
0.6,128.183539,37.920031,3496.9508928,36.007,7.159,93.229,1.0
0.7,128.183775,37.92003,3496.3391592000003,43.528,8.651,94.717,1.0
0.8,128.184011,37.920027,3495.8907984,47.882,9.856,96.233,1.0
0.9,128.184247,37.920021,3495.707004,48.224,10.884,97.736,1.0
1.0,128.184483,37.920012,3495.8743392,45.193,11.845,99.189,1.0
1.1,128.184717,37.919998,3496.4138352000004,39.744,12.844,100.53,1.0
1.2,128.184951,37.919982,3497.3169576000005,33.251,13.941,101.694,1.0
1.3,128.185185,37.919962,3498.5876688000003,26.791,15.154,102.629,1.0
1.4,128.185417,37.919941,3500.2314552000003,21.107,16.468,103.323,1.0
1.5,128.185649,37.919918,3502.2507552,16.646,17.854,103.8,1.0
1.6,128.18588,37.919894,3504.6409968,13.712,19.278,104.109,1.0
1.7,128.186109,37.919868,3507.4055328000004,12.273,20.712,104.298,1.0
1.8,128.186338,37.919842,3510.6044088000003,11.441,22.134,104.396,1.0
1.9,128.186564,37.919814,3514.2653616000002,10.681,23.548,104.447,1.0
2.0,128.186789,37.919786,3518.4014976000003,9.705,24.961,104.47,1.0
2.1,128.187012,37.919757,3523.0198272000002,8.341,26.381,104.462,1.0
2.2,128.187233,37.919727,3528.1243128,6.504,27.816,104.401,1.0
2.3,128.187451,37.919697,3533.7146496,4.186,29.267,104.259,1.0
2.4,128.187666,37.919667,3539.7850464000003,1.453,30.735,104.011,1.0
2.5,128.187879,37.919637,3546.3187392000004,-1.531,32.212,103.646,1.0
2.6,128.18809,37.919607,3553.2822,-4.379,33.688,103.164,1.0
2.7,128.188298,37.919578,3560.6269656,-6.581,35.149,102.575,1.0
2.8,128.188505,37.91955,3568.3429776000003,-8.13,36.576,101.895,1.0
2.9,128.188708,37.919522,3576.4399896000004,-9.344,37.964,101.15,1.0
3.0,128.18891,37.919495,3584.9201352000005,-10.473,39.318,100.365,1.0
3.1,128.189108,37.919469,3593.7751848000003,-11.622,40.647,99.552,1.0
3.2,128.189304,37.919445,3602.9914224,-12.8,41.955,98.715,1.0
3.3,128.189497,37.919422,3612.5533032000003,-13.962,43.241,97.853,1.0
3.4,128.189687,37.919399,3622.4452824000005,-15.06,44.504,96.966,1.0
3.5,128.189874,37.919379,3632.6539488000003,-16.077,45.745,96.054,1.0
3.6,128.190058,37.919359,3643.1686344000004,-17.028,46.964,95.119,1.0
3.7,128.19024,37.919341,3653.9780616000003,-17.933,48.162,94.164,1.0
3.8,128.190419,37.919324,3665.0709528,-18.793,49.34,93.19,1.0
3.9,128.190594,37.919309,3676.438164,-19.639,50.499,92.197,1.0
4.0,128.190767,37.919295,3688.0745136,-20.542,51.64,91.181,1.0
4.1,128.190936,37.919282,3699.9772584,-21.629,52.763,90.132,1.0
4.2,128.191102,37.919271,3712.1473128,-23.101,53.871,89.035,1.0
4.3,128.191264,37.919262,3724.5892488000004,-25.214,54.966,87.867,1.0
4.4,128.191422,37.919255,3737.3012376,-28.096,56.044,86.584,1.0
4.5,128.191577,37.919249,3750.2677344000003,-31.61,57.098,85.128,1.0
4.6,128.191727,37.919246,3763.4667936,-35.53,58.113,83.464,1.0
4.7,128.191874,37.919245,3776.8718976,-39.535,59.078,81.583,1.0
4.8,128.192018,37.919245,3790.4577480000003,-43.268,59.979,79.491,1.0
4.9,128.192158,37.919248,3804.2033136,-46.491,60.804,77.206,1.0
5.0,128.192296,37.919253,3818.0927448,-49.08,61.553,74.773,1.0
5.1,128.19243,37.91926,3832.1117160000003,-50.956,62.24,72.25,1.0
5.2,128.192562,37.919269,3846.2486448,-52.094,62.885,69.699,1.0
5.3,128.192691,37.91928,3860.4995688000004,-52.662,63.505,67.166,1.0
5.4,128.192816,37.919292,3874.8672312,-53.001,64.117,64.676,1.0
5.5,128.192939,37.919307,3889.350108,-53.379,64.735,62.227,1.0
5.6,128.193058,37.919323,3903.9430176,-53.897,65.368,59.805,1.0
5.7,128.193174,37.919341,3918.6395592000003,-54.591,66.016,57.391,1.0
5.8,128.193286,37.919361,3933.4330272,-55.466,66.673,54.969,1.0
5.9,128.193395,37.919382,3948.3176304000003,-56.509,67.333,52.522,1.0
6.0,128.193501,37.919404,3963.2875776,-57.697,67.987,50.036,1.0
6.1,128.193604,37.919428,3978.3367728000003,-59.001,68.63,47.502,1.0
6.2,128.193704,37.919453,3993.4600344000005,-60.386,69.257,44.915,1.0
6.3,128.1938,37.919479,4008.6506568,-61.82,69.865,42.271,1.0
6.4,128.193894,37.919506,4023.9037632,-63.281,70.452,39.567,1.0
6.5,128.193984,37.919534,4039.2135624000007,-64.741,71.018,36.801,1.0
6.6,128.194071,37.919563,4054.5751776,-66.185,71.564,33.974,1.0
6.7,128.194155,37.919592,4069.983732,-67.612,72.09,31.085,1.0
6.8,128.194236,37.919623,4085.4355680000003,-69.047,72.598,28.134,1.0
6.9,128.194314,37.919654,4100.927028,-70.539,73.087,25.113,1.0
7.0,128.194389,37.919686,4116.4559784,-72.177,73.556,22.013,1.0
7.1,128.19446,37.919718,4132.0215048,-74.194,74.001,18.809,1.0
7.2,128.194527,37.919751,4147.6236072,-76.879,74.413,15.456,1.0
7.3,128.194591,37.919784,4163.257104,-80.171,74.782,11.902,1.0
7.4,128.194651,37.919818,4178.9158992,-83.882,75.092,8.133,1.0
7.5,128.194707,37.919852,4194.5938968,-87.842,75.325,4.18,1.0
7.6,128.19476,37.919887,4210.2856104,-91.908,75.472,0.094,1.0
7.7,128.19481,37.919921,4225.985248800001,-95.919,75.529,355.936,1.0
7.8,128.194856,37.919957,4241.687325600001,-99.728,75.501,351.769,1.0
7.9,128.194898,37.919992,4257.3872688,-103.286,75.391,347.653,1.0
8.0,128.194937,37.920028,4273.0792872,-106.612,75.209,343.63,1.0
8.1,128.194973,37.920064,4288.7591136,-109.751,74.962,339.719,1.0
8.2,128.195005,37.9201,4304.4218712,-112.704,74.659,335.931,1.0
8.3,128.195033,37.920136,4320.0632928,-115.42,74.308,332.274,1.0
8.4,128.195059,37.920172,4335.680025600001,-117.844,73.918,328.759,1.0
8.5,128.195081,37.920209,4351.2687168,-119.944,73.499,325.392,1.0
8.6,128.1951,37.920245,4366.8260136,-121.715,73.062,322.166,1.0
8.7,128.195116,37.920281,4382.349782400001,-123.158,72.62,319.07,1.0
8.8,128.195129,37.920318,4397.8375848000005,-124.302,72.181,316.088,1.0
8.9,128.19514,37.920354,4413.287592000001,-125.192,71.754,313.202,1.0
9.0,128.195148,37.92039,4428.6985848,-125.87,71.347,310.391,1.0
9.1,128.195153,37.920425,4444.0693440000005,-126.362,70.964,307.638,1.0
9.2,128.195156,37.920461,4459.3995648,-126.689,70.612,304.926,1.0
9.3,128.195157,37.920496,4474.687723200001,-126.905,70.293,302.245,1.0
9.4,128.195155,37.920531,4489.9322952,-127.076,70.016,299.623,1.0
9.5,128.195151,37.920565,4505.1305376,-127.187,69.824,297.204,1.0
9.6,128.195145,37.920599,4520.281536,-127.177,69.759,295.116,1.0
9.7,128.195136,37.920632,4535.3852904000005,-127.225,69.781,293.191,1.0
9.8,128.195125,37.920664,4550.4402768,-128.154,69.762,291.071,1.0
9.9,128.195111,37.920695,4565.4321696,-131.068,69.564,288.56,1.0
10.0,128.195093,37.920724,4580.3445096000005,-135.362,69.202,285.906,1.0
10.1,128.195072,37.920753,4595.1760776,-139.731,68.718,283.302,1.0
10.2,128.195047,37.92078,4609.9396752,-142.545,68.234,280.983,1.0
10.3,128.195021,37.920807,4624.6529808,-143.578,67.862,279.186,1.0
10.4,128.194994,37.920833,4639.314470400001,-143.347,67.545,277.75,1.0
10.5,128.194964,37.920858,4653.9162192,-142.391,67.212,276.467,1.0
10.6,128.194932,37.920882,4668.4481688000005,-141.657,66.723,275.056,1.0
10.7,128.194896,37.920905,4682.88624,-142.157,66.011,273.443,1.0
10.8,128.194858,37.920927,4697.2100112,-143.748,65.154,271.778,1.0
10.9,128.194816,37.920946,4711.4136912,-146.207,64.19,270.161,1.0
11.0,128.194771,37.920964,4725.4930128,-149.232,63.139,268.66,1.0
11.1,128.194723,37.92098,4739.4507192,-152.217,62.024,267.297,1.0
11.2,128.194673,37.920996,4753.307841600001,-154.323,60.911,266.092,1.0
11.3,128.194621,37.921011,4767.0857160000005,-155.075,59.918,265.116,1.0
11.4,128.194567,37.921024,4780.7800752,-154.71,59.053,264.331,1.0
11.5,128.194512,37.921037,4794.3787272,-153.687,58.249,263.637,1.0
11.6,128.194454,37.921049,4807.864298400001,-152.559,57.416,262.924,1.0
11.7,128.194393,37.92106,4821.215757600001,-151.915,56.492,262.135,1.0
11.8,128.19433,37.921069,4834.4193888,-152.127,55.485,261.293,1.0
11.9,128.194264,37.921077,4847.47062,-153.147,54.424,260.435,1.0
12.0,128.194196,37.921083,4860.3721944,-154.693,53.325,259.593,1.0
12.1,128.194125,37.921088,4873.1283792,-156.389,52.198,258.79,1.0
12.2,128.194052,37.921092,4885.7425272,-157.884,51.055,258.043,1.0
12.3,128.193977,37.921095,4898.218600800001,-158.884,49.91,257.356,1.0
12.4,128.1939,37.921096,4910.5575144,-159.258,48.788,256.732,1.0
12.5,128.193822,37.921097,4922.754696,-159.072,47.698,256.161,1.0
12.6,128.193741,37.921097,4934.8010016,-158.533,46.622,255.617,1.0
12.7,128.193658,37.921095,4946.686677600001,-157.899,45.546,255.079,1.0
12.8,128.193573,37.921092,4958.4019704,-157.394,44.473,254.544,1.0
12.9,128.193486,37.921088,4969.93926,-157.166,43.404,254.009,1.0
13.0,128.193397,37.921082,4981.294584,-157.255,42.336,253.473,1.0
13.1,128.193305,37.921075,4992.465808800001,-157.612,41.266,252.94,1.0
13.2,128.193212,37.921067,5003.451410400001,-158.159,40.19,252.416,1.0
13.3,128.193117,37.921058,5014.2489504000005,-158.824,39.105,251.909,1.0
13.4,128.19302,37.921047,5024.8544664,-159.566,38.01,251.427,1.0
13.5,128.192922,37.921036,5035.2649104,-160.342,36.902,250.974,1.0
13.6,128.192821,37.921022,5045.4799776,-161.063,35.782,250.551,1.0
13.7,128.192719,37.921008,5055.5005824,-161.624,34.652,250.155,1.0
13.8,128.192615,37.920993,5065.3282487999995,-161.925,33.514,249.78,1.0
13.9,128.192509,37.920976,5074.9623672,-161.932,32.375,249.419,1.0
14.0,128.192402,37.920959,5084.4004992,-161.662,31.236,249.067,1.0
14.1,128.192294,37.92094,5093.6386824,-161.174,30.103,248.715,1.0
14.2,128.192183,37.920921,5102.6726496,-160.552,28.978,248.359,1.0
14.3,128.192072,37.9209,5111.497524,-159.883,27.861,247.991,1.0
14.4,128.191958,37.920878,5120.109648,-159.235,26.753,247.609,1.0
14.5,128.191844,37.920855,5128.5059736,-158.654,25.653,247.211,1.0
14.6,128.191728,37.92083,5136.6843672,-158.158,24.559,246.795,1.0
14.7,128.19161,37.920805,5144.6439144000005,-157.741,23.471,246.363,1.0
14.8,128.191492,37.920778,5152.383396,-157.387,22.387,245.916,1.0
14.9,128.191372,37.92075,5159.901897600001,-157.071,21.306,245.458,1.0
15.0,128.191251,37.920721,5167.1991144,-156.761,20.228,244.989,1.0
15.1,128.191128,37.920691,5174.2741320000005,-156.423,19.152,244.511,1.0
15.2,128.191005,37.92066,5181.1272552,-156.027,18.079,244.026,1.0
15.3,128.190881,37.920627,5187.7578744,-155.547,17.011,243.532,1.0
15.4,128.190755,37.920594,5194.1653799999995,-154.97,15.948,243.03,1.0
15.5,128.190629,37.920559,5200.3485528,-154.291,14.893,242.517,1.0
15.6,128.190502,37.920523,5206.3070880000005,-153.512,13.846,241.991,1.0
15.7,128.190374,37.920486,5212.038852000001,-152.651,12.809,241.452,1.0
15.8,128.190245,37.920448,5217.541406400001,-151.745,11.784,240.899,1.0
15.9,128.190115,37.920408,5222.8123128,-150.835,10.77,240.33,1.0
16.0,128.189985,37.920367,5227.849132800001,-149.955,9.766,239.745,1.0
16.1,128.189854,37.920325,5232.6497328000005,-149.134,8.772,239.145,1.0
16.2,128.189722,37.920282,5237.210760000001,-148.404,7.786,238.531,1.0
16.3,128.18959,37.920237,5241.5291664,-147.795,6.806,237.905,1.0
16.4,128.189458,37.920192,5245.6015992,-147.338,5.827,237.272,1.0
16.5,128.189325,37.920144,5249.4247056,-147.045,4.847,236.633,1.0
16.6,128.189192,37.920096,5252.997876,-146.889,3.862,235.992,1.0
16.7,128.189058,37.920046,5256.3205008,-146.813,2.87,235.351,1.0
16.8,128.188924,37.919995,5259.3937992,-146.739,1.87,234.712,1.0
16.9,128.18879,37.919942,5262.2192952000005,-146.584,0.863,234.073,1.0
17.0,128.188656,37.919889,5264.7988176,-146.271,-0.147,233.436,0.9990365116598656
17.1,128.188522,37.919834,5267.1335856000005,-145.746,-1.16,232.797,0.9949808191653678
17.2,128.188388,37.919777,5269.2242088,-144.976,-2.168,232.153,0.9949808191653678
17.3,128.188253,37.91972,5271.0706872,-143.961,-3.168,231.502,0.9949808191653678
17.4,128.188119,37.919661,5272.6721064,-142.732,-4.154,230.838,0.9949808191653678
17.5,128.187984,37.919601,5274.0275520000005,-141.342,-5.121,230.157,0.9949808191653678
17.6,128.18785,37.91954,5275.134890400001,-139.86,-6.065,229.455,0.9949808191653678
17.7,128.187716,37.919478,5275.990464,-138.406,-6.987,228.732,0.9949808191653678
17.8,128.187583,37.919414,5276.586348,-137.201,-7.892,227.991,0.9949808191653678
17.9,128.18745,37.919348,5276.911264800001,-136.501,-8.79,227.238,0.9949808191653678
18.0,128.187317,37.919282,5276.9633856,-136.314,-9.691,226.474,0.9949808191653678
18.1,128.187186,37.919213,5276.749416,-136.427,-10.598,225.698,0.9949808191653678
18.2,128.187054,37.919144,5276.2766712,-136.588,-11.515,224.911,0.9588695313693484
18.3,128.186924,37.919073,5275.5506376,-136.587,-12.441,224.118,0.9123346182368149
18.4,128.186794,37.919001,5274.575887200001,-136.253,-13.372,223.322,0.8623043424722661
18.5,128.186665,37.918928,5273.3539439999995,-135.519,-14.307,222.525,0.8087798633251345
18.6,128.186536,37.918853,5271.8814552,-134.464,-15.249,221.738,0.7517702701023286
18.7,128.186409,37.918777,5270.1562872,-133.205,-16.2,220.96,0.7517702701023286
18.8,128.186282,37.9187,5268.1775256,-131.861,-17.149,220.18,0.7517702701023286
18.9,128.186157,37.918622,5265.9430368,-130.575,-18.087,219.386,0.7517702701023286
19.0,128.186033,37.918543,5263.449772800001,-129.526,-19.014,218.575,0.7517702701023286
19.1,128.18591,37.918462,5260.6943808,-128.848,-19.931,217.745,0.7517702701023286
19.2,128.185789,37.918381,5257.6783848,-128.531,-20.843,216.896,0.7517702701023286
19.3,128.18567,37.918298,5254.403308800001,-128.52,-21.755,216.029,0.7517702701023286
19.4,128.185552,37.918214,5250.8691528,-128.757,-22.675,215.151,0.7517702701023286
19.5,128.185435,37.918129,5247.0750024,-129.189,-23.608,214.269,0.7517702701023286
19.6,128.185321,37.918042,5243.0199432,-129.76,-24.56,213.387,0.7517702701023286
19.7,128.185208,37.917955,5238.7018416,-130.421,-25.535,212.51,0.7517702701023286
19.8,128.185097,37.917867,5234.1188688,-131.133,-26.536,211.642,0.7517702701023286
19.9,128.184988,37.917779,5229.2664528,-131.957,-27.568,210.786,0.7517702701023286
20.0,128.184881,37.917689,5224.13484,-133.064,-28.639,209.95,0.7517702701023286
20.1,128.184776,37.917599,5218.7200680000005,-134.416,-29.75,209.133,0.7517702701023286
20.2,128.184674,37.917508,5213.014212,-135.964,-30.89,208.327,0.7517702701023286
20.3,128.184573,37.917416,5207.009652000001,-137.616,-32.043,207.517,0.7517702701023286
20.4,128.184474,37.917323,5200.710045600001,-139.116,-33.222,206.715,0.7517702701023286
20.5,128.184377,37.917231,5194.1199648,-140.203,-34.434,205.928,0.7517702701023286
20.6,128.184282,37.917137,5187.2473344,-140.624,-35.673,205.157,0.7517702701023286
20.7,128.184188,37.917043,5180.092764,-140.344,-36.935,204.406,0.7517702701023286
20.8,128.184096,37.916949,5172.648938400001,-139.547,-38.204,203.667,0.7517702701023286
20.9,128.184007,37.916855,5164.9064088000005,-138.572,-39.47,202.928,0.7517702701023286
21.0,128.183919,37.91676,5156.856336,-137.739,-40.725,202.172,0.7517702701023286
21.1,128.183834,37.916665,5148.4944528,-137.255,-41.966,201.384,0.7517702701023286
21.2,128.183751,37.91657,5139.81954,-137.204,-43.196,200.555,0.7517702701023286
21.3,128.183671,37.916475,5130.830683200001,-137.593,-44.422,199.687,0.7517702701023286
21.4,128.183593,37.91638,5121.5272728,-138.41,-45.654,198.79,0.7517702701023286
21.5,128.183518,37.916286,5111.909004,-139.594,-46.902,197.879,0.7517702701023286
21.6,128.183445,37.916191,5101.9752672,-141.077,-48.175,196.966,0.7517702701023286
21.7,128.183375,37.916097,5091.7251479999995,-142.792,-49.477,196.065,0.7517702701023286
21.8,128.183307,37.916003,5081.1574272,-144.674,-50.814,195.188,0.7517702701023286
21.9,128.183242,37.91591,5070.271495200001,-146.663,-52.188,194.351,0.7517702701023286
22.0,128.183179,37.915818,5059.067047200001,-148.713,-53.602,193.566,0.7517702701023286
22.1,128.183119,37.915727,5047.5440832,-150.791,-55.054,192.846,0.7517702701023286
22.2,128.18306,37.915637,5035.702908,-152.876,-56.543,192.201,0.7517702701023286
22.3,128.183004,37.915548,5023.5441312,-154.961,-58.065,191.643,0.7517702701023286
22.4,128.182951,37.91546,5011.0686672,-157.05,-59.616,191.181,0.7517702701023286
22.5,128.182899,37.915374,4998.2771256,-159.161,-61.191,190.827,0.7517702701023286
22.6,128.182849,37.91529,4985.1695064000005,-161.318,-62.785,190.586,0.7517702701023286
22.7,128.182801,37.915207,4971.748248,-163.55,-64.393,190.467,0.7517702701023286
22.8,128.182755,37.915127,4958.0148744,-165.89,-66.01,190.481,0.7517702701023286
22.9,128.182711,37.915049,4943.9724336,-168.376,-67.633,190.649,0.7517702701023286
23.0,128.182668,37.914973,4929.6258024,-171.054,-69.259,191.005,0.7517702701023286
23.1,128.182627,37.9149,4914.979248000001,-173.984,-70.885,191.604,0.7517702701023286
23.2,128.182588,37.91483,4900.0391712,-177.248,-72.506,192.516,0.7517702701023286
23.3,128.18255,37.914762,4884.812582400001,179.05,-74.117,193.841,0.7517702701023286
23.4,128.182513,37.914698,4869.3077112,174.764,-75.706,195.716,0.7517702701023286
23.5,128.182477,37.914636,4853.5333968,169.687,-77.262,198.342,0.7517702701023286
23.6,128.182441,37.914578,4837.5000024,163.522,-78.76,202.011,0.7517702701023286
23.7,128.182407,37.914524,4821.218196000001,155.845,-80.167,207.143,0.7517702701023286
23.8,128.182373,37.914473,4804.7001696,146.087,-81.426,214.307,0.7517702701023286
23.9,128.182339,37.914426,4787.9596392,133.646,-82.452,224.101,0.7517702701023286
24.0,128.182305,37.914382,4771.0118448,118.288,-83.125,236.759,0.7517702701023286
24.1,128.182271,37.914343,4753.8723312,100.919,-83.323,251.377,0.7517702701023286
24.2,128.182236,37.914307,4736.5560336,83.729,-82.997,265.765,0.7517702701023286
24.3,128.182201,37.914275,4719.076668000001,68.752,-82.208,277.889,0.7517702701023286
24.4,128.182164,37.914248,4701.4473408,56.668,-81.075,287.076,0.7517702701023286
24.5,128.182127,37.914224,4683.6808536,47.234,-79.696,293.597,0.7517702701023286
24.6,128.182088,37.914204,4665.7909224,39.905,-78.144,298.015,0.7517702701023286
24.7,128.182047,37.914188,4647.793092000001,34.114,-76.481,300.914,0.7517702701023286
24.8,128.182005,37.914176,4629.6958968,29.52,-74.758,302.788,0.7517702701023286
24.9,128.18196,37.914167,4611.5045184,26.021,-73.02,304.029,0.7517702701023286
25.0,128.181913,37.914161,4593.2229192,23.549,-71.307,304.918,0.7517702701023286
25.1,128.181865,37.914158,4574.859024,21.971,-69.646,305.64,0.7517702701023286
25.2,128.181814,37.914158,4556.4228912,21.089,-68.055,306.316,0.7517702701023286
25.3,128.181761,37.914162,4537.927627200001,20.693,-66.539,307.011,0.7517702701023286
25.4,128.181705,37.914168,4519.3848144,20.646,-65.092,307.726,0.7517702701023286
25.5,128.181647,37.914177,4500.8042064,20.857,-63.706,308.467,0.7517702701023286
25.6,128.181587,37.91419,4482.1888512,21.327,-62.376,309.257,0.7517702701023286
25.7,128.181525,37.914206,4463.5417968,22.058,-61.102,310.111,0.7517702701023286
25.8,128.18146,37.914224,4444.8660912000005,23.014,-59.884,311.037,0.7517702701023286
25.9,128.181394,37.914246,4426.163868000001,24.149,-58.722,312.038,0.7517702701023286
26.0,128.181326,37.914271,4407.4381752,25.412,-57.616,313.116,0.7517702701023286
26.1,128.181257,37.914299,4388.6899272,26.756,-56.567,314.269,0.7517702701023286
26.2,128.181186,37.914329,4369.921562400001,28.125,-55.573,315.493,0.7517702701023286
26.3,128.181113,37.914363,4351.134300000001,29.474,-54.634,316.784,0.7517702701023286
26.4,128.18104,37.9144,4332.3284448,30.819,-53.772,318.115,0.7517702701023286
26.5,128.180965,37.91444,4313.5009488000005,32.225,-53.025,319.451,0.7517702701023286
26.6,128.18089,37.914483,4294.6499832,33.701,-52.381,320.795,0.7517702701023286
26.7,128.180813,37.914528,4275.7782912,35.163,-51.803,322.165,0.7517702701023286
26.8,128.180737,37.914577,4256.8877016,36.525,-51.269,323.573,0.7517702701023286
26.9,128.18066,37.914628,4237.9876632000005,36.802,-50.668,324.996,0.7517702701023286
27.0,128.180582,37.914684,4219.1370024,33.817,-49.88,326.349,0.7517702701023286
27.1,128.180505,37.914745,4200.4189296,28.196,-48.992,327.547,0.7517702701023286
27.2,128.180427,37.914812,4181.8950144,22.001,-48.058,328.571,0.7517702701023286
27.3,128.180349,37.914883,4163.525023200001,18.687,-47.117,329.495,0.7517702701023286
27.4,128.18027,37.914957,4145.2370232,18.338,-46.095,330.305,0.7517702701023286
27.5,128.18019,37.915034,4126.9727976,20.425,-45.075,331.069,0.7517702701023286
27.6,128.18011,37.915114,4108.7616072,23.881,-44.122,331.845,0.7517702701023286
27.7,128.18003,37.915197,4090.6378944,27.581,-43.26,332.686,0.7517702701023286
27.8,128.17995,37.915284,4072.6205568,30.068,-42.375,333.601,0.7517702701023286
27.9,128.17987,37.915376,4054.783356,29.14,-41.344,334.535,0.7517702701023286
28.0,128.179791,37.915473,4037.2219992,25.27,-40.255,335.428,0.7517702701023286
28.1,128.179712,37.915575,4019.9846448,19.331,-39.074,336.179,0.7517702701023286
28.2,128.179634,37.915682,4003.0810464000006,13.368,-37.891,336.781,0.7517702701023286
28.3,128.179555,37.915793,3986.4389664000005,10.907,-36.791,337.318,0.7517702701023286
28.4,128.179475,37.915907,3969.9611736000006,11.781,-35.635,337.782,0.7517702701023286
28.5,128.179396,37.916024,3953.6086536,14.845,-34.521,338.219,0.7517702701023286
28.6,128.179316,37.916144,3937.4399280000002,18.596,-33.489,338.689,0.7517702701023286
28.7,128.179236,37.916268,3921.4830384,22.157,-32.536,339.248,0.7517702701023286
28.8,128.179157,37.916395,3905.7556632,24.409,-31.512,339.891,0.7517702701023286
28.9,128.179079,37.916526,3890.3541192000002,23.424,-30.271,340.569,0.7517702701023286
29.0,128.179002,37.916661,3875.3805144000003,19.677,-28.973,341.208,0.7517702701023286
29.1,128.178926,37.916802,3860.8656336,13.953,-27.604,341.711,0.7517702701023286
29.2,128.17885,37.916946,3846.8106960000005,8.289,-26.297,342.096,0.7517702701023286
29.3,128.178774,37.917094,3833.1166416000005,6.365,-25.174,342.443,0.7517702701023286
29.4,128.178698,37.917244,3819.6664272000003,7.694,-23.995,342.725,0.7517702701023286
29.5,128.178622,37.917396,3806.447556,10.695,-22.84,342.984,0.7517702701023286
29.6,128.178546,37.917552,3793.5161112,14.122,-21.757,343.29,0.7517702701023286
29.7,128.178471,37.91771,3780.9123264,16.584,-20.598,343.651,0.7517702701023286
29.8,128.178397,37.917871,3768.7569024000004,16.009,-19.208,344.038,0.7517702701023286
29.9,128.178323,37.918036,3757.1528616,12.803,-17.779,344.397,0.7517702701023286
30.0,128.17825,37.918205,3746.1206256000005,7.662,-16.301,344.648,0.7517702701023286
30.1,128.178178,37.918376,3735.6348960000005,2.681,-14.893,344.828,0.7517702701023286
30.2,128.178105,37.91855,3725.5713144000006,1.566,-13.628,345.017,0.7517702701023286
30.3,128.178033,37.918725,3715.8052176,3.609,-12.329,345.153,0.7517702701023286
30.4,128.17796,37.918903,3706.3460544,7.161,-11.097,345.295,0.7517702701023286
30.5,128.177887,37.919082,3697.2511272,11.048,-9.962,345.509,0.7517702701023286
30.6,128.177815,37.919263,3688.5591456,13.897,-8.77,345.786,0.7517702701023286
30.7,128.177744,37.919447,3680.39904,13.572,-7.375,346.082,0.7517702701023286
30.8,128.177675,37.919633,3672.8787096,10.488,-5.948,346.363,0.7517702701023286
30.9,128.177606,37.919821,3666.0112608,5.368,-4.475,346.547,0.7517702701023286
31.0,128.177538,37.920011,3659.7744432000004,0.321,-3.042,346.666,0.7517702701023286
31.1,128.17747,37.920202,3654.0353640000003,-0.777,-1.727,346.801,0.7517702701023286
31.2,128.177402,37.920394,3648.6522912,1.511,-0.434,346.893,0.7517702701023286
31.3,128.177333,37.920588,3643.603584,5.506,0.821,347.001,0.7517702701023286
31.4,128.177266,37.920782,3638.9648328000003,9.575,2.043,347.175,0.7517702701023286
31.5,128.177199,37.920977,3634.8457656,11.822,3.347,347.402,0.7517702701023286
31.6,128.177133,37.921174,3631.3695216,10.938,4.757,347.642,0.7517702701023286
31.7,128.177069,37.921371,3628.5802968,7.439,6.205,347.855,0.7517702701023286
31.8,128.177006,37.921569,3626.4546216,2.215,7.698,347.964,0.7517702701023286
31.9,128.176944,37.921768,3624.9135528,-2.294,9.228,348.017,0.7517702701023286
32.0,128.176881,37.921966,3623.8254168000003,-2.82,10.706,348.077,0.7517702701023286
32.1,128.176818,37.922165,3623.0573208,0.156,11.991,348.131,0.7517702701023286
32.2,128.176756,37.922365,3622.6226760000004,5.141,13.086,348.235,0.7517702701023286
32.3,128.176694,37.922564,3622.6062168000003,9.644,14.193,348.382,0.7517702701023286
32.4,128.176634,37.922764,3623.1420552000004,10.732,15.529,348.569,0.7517702701023286
32.5,128.176575,37.922963,3624.3505872000005,8.745,16.894,348.791,0.7517702701023286
32.6,128.176517,37.923161,3626.2501008000004,4.409,18.301,348.948,0.7517702701023286
32.7,128.176461,37.923358,3628.8049344,-0.846,19.759,349.005,0.7517702701023286
32.8,128.176404,37.923555,3631.8815856,-4.102,21.208,349.016,0.7517702701023286
32.9,128.176348,37.923751,3635.3364936000003,-3.507,22.559,349.026,0.7517702701023286
33.0,128.176292,37.923947,3639.0657216,0.35,23.792,349.069,0.7517702701023286
33.1,128.176236,37.924143,3643.1277912,5.378,24.883,349.146,0.7517702701023286
33.2,128.176182,37.924338,3647.6592528,8.328,26.017,349.248,0.7517702701023286
33.3,128.176128,37.924531,3652.7881224000002,8.078,27.328,349.414,0.7517702701023286
33.4,128.176077,37.924722,3658.570788,5.145,28.688,349.579,0.7517702701023286
33.5,128.176026,37.924911,3664.971588,0.493,30.102,349.656,0.7517702701023286
33.6,128.175977,37.925099,3671.8929864,-3.36,31.562,349.681,0.7517702701023286
33.7,128.175927,37.925285,3679.2124536,-3.47,32.979,349.715,0.7517702701023286
33.8,128.175878,37.92547,3686.8464744000003,-0.726,34.252,349.725,0.7517702701023286
33.9,128.175829,37.925653,3694.8703344,2.702,35.494,349.741,0.7517702701023286
34.0,128.175781,37.925835,3703.3587096,4.913,36.794,349.791,0.7517702701023286
34.1,128.175735,37.926013,3712.3981632,4.52,38.136,349.856,0.7517702701023286
34.2,128.175689,37.926189,3721.9667496,2.367,39.507,349.946,0.7517702701023286
34.3,128.175645,37.926363,3731.9687616,0.827,40.912,350.093,0.7517702701023286
34.4,128.175601,37.926534,3742.3048344000003,1.939,42.321,350.295,0.7517702701023286
34.5,128.175558,37.926704,3752.9737488000005,3.777,43.694,350.423,0.7517702701023286
34.6,128.175516,37.926871,3764.0715168000006,3.973,45.018,350.468,0.7517702701023286
34.7,128.175475,37.927035,3775.676472,1.86,46.328,350.444,0.7517702701023286
34.8,128.175436,37.927194,3787.7858712,-2.118,47.671,350.306,0.7517702701023286
34.9,128.175397,37.92735,3800.371368,-7.455,49.056,349.952,0.7517702701023286
35.0,128.175358,37.927502,3813.4033968,-13.711,50.461,349.288,0.7517702701023286
35.1,128.175319,37.927649,3826.8496488000005,-20.548,51.852,348.227,0.7517702701023286
35.2,128.175279,37.927792,3840.6732432000003,-27.744,53.186,346.714,0.7517702701023286
35.3,128.175237,37.927932,3854.8348608,-35.199,54.414,344.714,0.7517702701023286
35.4,128.175193,37.928067,3869.2939632000002,-42.904,55.483,342.224,0.7517702701023286
35.5,128.175145,37.928198,3884.0002584,-50.441,56.363,339.309,0.7517702701023286
35.6,128.175096,37.928327,3898.8869952,-56.689,57.053,336.09,0.7517702701023286
35.7,128.175043,37.928452,3913.9175976,-61.302,57.544,332.696,0.7517702701023286
35.8,128.174988,37.928575,3929.0847504000003,-64.727,57.825,329.242,0.7517702701023286
35.9,128.17493,37.928695,3944.3799192000006,-67.245,57.948,325.831,0.7517702701023286
36.0,128.174868,37.928812,3959.7936552000006,-69.098,57.99,322.535,0.7517702701023286
36.1,128.174803,37.928925,3975.3213864000004,-70.721,58.029,319.39,0.7517702701023286
36.2,128.174734,37.929034,3990.9597600000006,-72.726,58.105,316.379,0.7517702701023286
36.3,128.174661,37.929139,4006.7002416000005,-75.389,58.18,313.427,0.7517702701023286
36.4,128.174585,37.92924,4022.5285056000002,-78.826,58.203,310.479,0.7517702701023286
36.5,128.174505,37.929337,4038.4238256000003,-82.862,58.144,307.517,0.7517702701023286
36.6,128.174422,37.929429,4054.3636464000006,-87.289,57.976,304.548,0.7517702701023286
36.7,128.174334,37.929518,4070.3244984000003,-91.881,57.678,301.6,0.7517702701023286
36.8,128.174244,37.929602,4086.2832168000004,-96.404,57.244,298.708,0.7517702701023286
36.9,128.174149,37.929683,4102.217856,-100.611,56.685,295.907,0.7517702701023286
37.0,128.174051,37.929761,4118.1095184000005,-104.315,56.015,293.224,0.7517702701023286
37.1,128.17395,37.929835,4133.941135200001,-107.401,55.253,290.678,0.7517702701023286
37.2,128.173845,37.929905,4149.695332800001,-110.01,54.417,288.278,0.7517702701023286
37.3,128.173736,37.929972,4165.3538232,-112.367,53.525,286.013,0.7517702701023286
37.4,128.173624,37.930035,4180.8995376,-114.649,52.588,283.869,0.7517702701023286
37.5,128.173508,37.930095,4196.3160168,-116.961,51.609,281.833,0.7517702701023286
37.6,128.173388,37.930151,4211.583144,-119.475,50.582,279.902,0.7517702701023286
37.7,128.173265,37.930203,4226.6747064,-122.438,49.491,278.081,0.7517702701023286
37.8,128.173138,37.930251,4241.570587200001,-125.793,48.326,276.366,0.7517702701023286
37.9,128.173007,37.930295,4256.2503648,-129.421,47.074,274.768,0.7517702701023286
38.0,128.172872,37.930336,4270.6927032,-133.203,45.727,273.303,0.7517702701023286
38.1,128.172734,37.930373,4284.8762664000005,-137.037,44.284,271.985,0.7517702701023286
38.2,128.172592,37.930408,4298.7794136,-140.851,42.748,270.825,0.7517702701023286
38.3,128.172447,37.930439,4312.3808088000005,-144.601,41.124,269.829,0.7517702701023286
38.4,128.172297,37.930468,4325.6600304,-148.267,39.42,268.997,0.7517702701023286
38.5,128.172145,37.930494,4338.597876000001,-151.836,37.644,268.324,0.7517702701023286
38.6,128.171989,37.930517,4351.1763624000005,-155.289,35.805,267.802,0.7517702701023286
38.7,128.171829,37.930539,4363.3778112,-158.626,33.916,267.425,0.7517702701023286
38.8,128.171666,37.930559,4375.1851536,-161.851,31.985,267.191,0.7517702701023286
38.9,128.1715,37.930577,4386.58254,-164.974,30.024,267.098,0.7517702701023286
39.0,128.171331,37.930593,4397.555035200001,-168.015,28.041,267.141,0.7517702701023286
39.1,128.171158,37.930608,4408.089228000001,-170.999,26.048,267.311,0.7517702701023286
39.2,128.170983,37.930622,4418.173536,-173.95,24.054,267.597,0.7517702701023286
39.3,128.170804,37.930636,4427.7988152,-176.881,22.068,267.985,0.7517702701023286
39.4,128.170623,37.930649,4436.9592744,-179.792,20.098,268.462,0.7517702701023286
39.5,128.17044,37.930661,4445.6494272,177.317,18.152,269.015,0.7517702701023286
39.6,128.170254,37.930673,4453.8647016,174.449,16.236,269.632,0.7517702701023286
39.7,128.170065,37.930686,4461.5971728,171.578,14.353,270.314,0.7517702701023286
39.8,128.169875,37.930699,4468.8349536,168.649,12.506,271.074,0.7517702701023286
39.9,128.169683,37.930712,4475.5707288,165.609,10.7,271.923,0.7517702701023286
40.0,128.169488,37.930726,4481.8041936,162.459,8.935,272.862,0.7517702701023286
40.1,128.169293,37.930741,4487.5377864,159.203,7.219,273.892,0.7517702701023286
40.2,128.169095,37.930757,4492.7751648,155.842,5.557,275.013,0.7517702701023286
40.3,128.168897,37.930775,4497.5215104,152.379,3.957,276.225,0.7517702701023286
40.4,128.168697,37.930794,4501.7850528,148.818,2.429,277.527,0.7517702701023286
40.5,128.168497,37.930815,4505.579203200001,145.197,0.982,278.916,0.7517702701023286
40.6,128.168296,37.930838,4508.9240784,141.618,-0.376,280.387,0.7517702701023286
40.7,128.168095,37.930864,4511.826993600001,138.047,-1.636,281.929,0.7517702701023286
40.8,128.167893,37.930892,4514.2931304,134.349,-2.792,283.54,0.7517702701023286
40.9,128.167692,37.930922,4516.3392528,130.517,-3.842,285.214,0.7517702701023286
41.0,128.16749,37.930955,4517.9845632,126.556,-4.779,286.947,0.7517702701023286
41.1,128.16729,37.930992,4519.2500928,122.478,-5.597,288.734,0.7517702701023286
41.2,128.16709,37.931031,4520.1590064,118.299,-6.286,290.57,0.7517702701023286
41.3,128.16689,37.931074,4520.7369072,114.037,-6.838,292.446,0.7517702701023286
41.4,128.166693,37.93112,4521.011227200001,109.709,-7.244,294.353,0.7517702701023286
41.5,128.166496,37.931169,4521.0106176,105.333,-7.501,296.278,0.7517702701023286
41.6,128.166301,37.931222,4520.7655584,100.917,-7.608,298.206,0.7517702701023286
41.7,128.166108,37.931279,4520.3080536,96.475,-7.566,300.124,0.7517702701023286
41.8,128.165916,37.931339,4519.6701072000005,92.023,-7.376,302.016,0.7517702701023286
41.9,128.165727,37.931403,4518.885552,87.656,-7.044,303.87,0.7517702701023286
42.0,128.165539,37.93147,4517.9854776,83.836,-6.595,305.669,0.7517702701023286
42.1,128.165353,37.93154,4516.9900008,81.282,-6.077,307.393,0.7517702701023286
42.2,128.165167,37.931612,4515.907656,80.283,-5.539,308.997,0.7517702701023286
42.3,128.164983,37.931687,4514.745148800001,80.716,-5.038,310.44,0.7517702701023286
42.4,128.1648,37.931765,4513.5064416000005,82.234,-4.617,311.745,0.7517702701023286
42.5,128.164617,37.931844,4512.1915344,84.448,-4.307,312.955,0.7517702701023286
42.6,128.164437,37.931927,4510.7967696,86.955,-4.124,314.116,0.7517702701023286
42.7,128.164257,37.932012,4509.314832,89.464,-4.077,315.266,0.7517702701023286
42.8,128.164079,37.932099,4507.7377968,91.887,-4.166,316.433,0.7517702701023286
42.9,128.163903,37.932189,4506.0577392000005,94.142,-4.384,317.638,0.7517702701023286
43.0,128.163728,37.932281,4504.2667344,96.137,-4.716,318.856,0.7517702701023286
43.1,128.163554,37.932376,4502.3580768,97.877,-5.145,320.049,0.7517702701023286
43.2,128.163381,37.932473,4500.3278040000005,99.51,-5.658,321.199,0.7517702701023286
43.3,128.16321,37.932571,4498.1667720000005,100.914,-6.233,322.3,0.7517702701023286
43.4,128.163041,37.932672,4495.8673608,101.969,-6.852,323.356,0.7517702701023286
43.5,128.162873,37.932776,4493.424084,102.7,-7.5,324.374,0.7517702701023286
43.6,128.162707,37.932881,4490.83176,103.176,-8.163,325.362,0.7517702701023286
43.7,128.162542,37.932989,4488.08856,103.524,-8.831,326.327,0.7517702701023286
43.8,128.16238,37.933098,4485.1926552,103.884,-9.497,327.271,0.7517702701023286
43.9,128.162219,37.93321,4482.1409976,104.328,-10.158,328.196,0.7517702701023286
44.0,128.16206,37.933324,4478.9299296,104.859,-10.816,329.104,0.7517702701023286
44.1,128.161902,37.933439,4475.5539648,105.405,-11.474,329.996,0.7517702701023286
44.2,128.161747,37.933557,4472.0054832,105.853,-12.134,330.879,0.7517702701023286
44.3,128.161595,37.933677,4468.2762552,106.063,-12.793,331.763,0.7517702701023286
44.4,128.161445,37.933799,4464.3580512,105.903,-13.445,332.656,0.7517702701023286
44.5,128.161297,37.933923,4460.245080000001,105.315,-14.082,333.572,0.7517702701023286
44.6,128.161153,37.934049,4455.9345984,104.332,-14.693,334.519,0.7517702701023286
44.7,128.161012,37.934177,4451.4275208,103.061,-15.267,335.505,0.7517702701023286
44.8,128.160875,37.934307,4446.724152,101.457,-15.787,336.532,0.7517702701023286
44.9,128.160741,37.93444,4441.81992,99.016,-16.223,337.607,0.7517702701023286
45.0,128.160612,37.934575,4436.7203112,95.447,-16.551,338.741,0.7517702701023286
45.1,128.160488,37.934713,4431.4524528,91.308,-16.765,339.942,0.7517702701023286
45.2,128.160369,37.934853,4426.0453008,87.183,-16.85,341.202,0.7517702701023286
45.3,128.160254,37.934994,4420.5247632,83.638,-16.808,342.502,0.7517702701023286
45.4,128.160143,37.935138,4414.9127856000005,80.786,-16.645,343.814,0.7517702701023286
45.5,128.160037,37.935285,4409.238324,77.937,-16.358,345.116,0.7517702701023286
45.6,128.159936,37.935433,4403.5330776,74.639,-15.956,346.411,0.7517702701023286
45.7,128.159841,37.935584,4397.828136,70.831,-15.44,347.706,0.7517702701023286
45.8,128.159751,37.935737,4392.14514,67.142,-14.825,348.986,0.7517702701023286
45.9,128.159665,37.935892,4386.4782984,64.865,-14.165,350.224,0.7517702701023286
46.0,128.159582,37.936049,4380.7992648,65.02,-13.549,351.37,0.7517702701023286
46.1,128.159501,37.936207,4375.075730400001,67.651,-13.062,352.365,0.7517702701023286
46.2,128.159422,37.936366,4369.3070856,72.069,-12.717,353.322,0.7517702701023286
46.3,128.159345,37.936526,4363.4948544,76.52,-12.459,354.407,0.7517702701023286
46.4,128.159273,37.936688,4357.6576296,78.211,-12.252,355.596,0.7517702701023286
46.5,128.159206,37.936852,4351.8161376,77.115,-12.114,356.816,0.7517702701023286
46.6,128.159144,37.937017,4345.9764744,75.232,-12.036,358.066,0.7517702701023286
46.7,128.159086,37.937184,4340.117304,74.76,-12.006,359.307,0.7517702701023286
46.8,128.15903,37.937351,4334.213632800001,75.698,-12.007,0.432,0.7517702701023286
46.9,128.158978,37.93752,4328.2596696,77.739,-12.069,1.429,0.7517702701023286
47.0,128.158928,37.93769,4322.252671200001,80.484,-12.206,2.387,0.7517702701023286
47.1,128.158882,37.937861,4316.1850176,83.546,-12.421,3.434,0.7517702701023286
47.2,128.158838,37.938033,4310.0493936,86.516,-12.718,4.624,0.7517702701023286
47.3,128.158799,37.938206,4303.836655200001,88.826,-13.096,5.857,0.7517702701023286
47.4,128.158763,37.93838,4297.5385728,89.985,-13.529,7.089,0.7517702701023286
47.5,128.158732,37.938554,4291.148440800001,90.021,-13.992,8.321,0.7517702701023286
47.6,128.158706,37.93873,4284.6629064,89.376,-14.456,9.558,0.7517702701023286
47.7,128.158683,37.938906,4278.0816648,88.656,-14.902,10.79,0.7517702701023286
47.8,128.158665,37.939082,4271.404716,88.237,-15.314,12.005,0.7517702701023286
47.9,128.15865,37.939259,4264.6326696,88.096,-15.687,13.195,0.7517702701023286
48.0,128.158641,37.939436,4257.76644,87.876,-16.02,14.369,0.7517702701023286
48.1,128.158636,37.939613,4250.8075512,87.134,-16.308,15.543,0.7517702701023286
48.2,128.158637,37.939791,4243.7620992,85.501,-16.534,16.735,0.7517702701023286
48.3,128.158644,37.939968,4236.6428856,82.853,-16.677,17.956,0.7517702701023286
48.4,128.158658,37.940145,4229.468503200001,79.516,-16.718,19.207,0.7517702701023286
48.5,128.158677,37.940322,4222.2621168000005,75.882,-16.638,20.476,0.7517702701023286
48.6,128.158703,37.940498,4215.0508536,72.18,-16.423,21.747,0.7517702701023286
48.7,128.158735,37.940674,4207.8636696,68.552,-16.072,23.007,0.7517702701023286
48.8,128.158773,37.940849,4200.7258632,65.216,-15.598,24.251,0.7517702701023286
48.9,128.158816,37.941025,4193.6673048,62.204,-15.009,25.466,0.7517702701023286
49.0,128.158866,37.941199,4186.7328,59.072,-14.3,26.634,0.7517702701023286
49.1,128.158922,37.941373,4179.9644112000005,55.533,-13.473,27.755,0.7517702701023286
49.2,128.158985,37.941546,4173.4032864,51.474,-12.522,28.822,0.7517702701023286
49.3,128.159053,37.941718,4167.0936216,46.879,-11.437,29.817,0.7517702701023286
49.4,128.159128,37.94189,4161.0771744,41.821,-10.208,30.713,0.7517702701023286
49.5,128.159207,37.942061,4155.3877776,36.509,-8.829,31.477,0.7517702701023286
49.6,128.159292,37.942231,4150.0595688,31.098,-7.31,32.083,0.7517702701023286
49.7,128.159381,37.942401,4145.123028,25.683,-5.673,32.513,0.7517702701023286
49.8,128.159474,37.94257,4140.6061968,20.302,-3.946,32.758,0.7517702701023286
49.9,128.15957,37.942739,4136.5325448,14.96,-2.155,32.814,0.7517702701023286
50.0,128.159668,37.942908,4132.92036,9.653,-0.328,32.673,0.7517702701023286
50.1,128.159768,37.943076,4129.7830536,4.37,1.508,32.335,0.7517702701023286
50.2,128.15987,37.943245,4127.1294648,-0.895,3.329,31.797,0.7517702701023286
50.3,128.159972,37.943414,4124.9632512,-6.133,5.11,31.044,0.7517702701023286
50.4,128.160074,37.943583,4123.2630768,-10.784,6.831,30.097,0.7517702701023286
50.5,128.160176,37.943753,4121.918604,-13.647,8.485,29.061,0.7517702701023286
50.6,128.160278,37.943923,4120.877712,-14.692,10.062,28.03,0.7517702701023286
50.7,128.16038,37.944093,4120.1824632,-14.502,11.551,27.068,0.7517702701023286
50.8,128.16048,37.944264,4119.9258216,-14.132,12.956,26.174,0.7517702701023286
50.9,128.160579,37.944435,4120.152288,-14.157,14.305,25.316,0.7517702701023286
51.0,128.160676,37.944607,4120.9133736,-15.222,15.616,24.443,0.7517702701023286
51.1,128.160772,37.944778,4122.2038968,-17.301,16.914,23.554,0.7517702701023286
51.2,128.160865,37.944949,4124.0098368,-20.242,18.197,22.614,0.7517702701023286
51.3,128.160956,37.945119,4126.297056,-23.215,19.464,21.629,0.7517702701023286
51.4,128.161046,37.94529,4128.9698472,-24.879,20.717,20.616,0.7517702701023286
51.5,128.161133,37.945461,4132.0184568,-25.901,21.919,19.55,0.7517702701023286
51.6,128.161217,37.945632,4135.454772,-26.601,23.071,18.47,0.7517702701023286
51.7,128.161299,37.945803,4139.2803168,-27.162,24.186,17.393,0.7517702701023286
51.8,128.161378,37.945973,4143.4935672,-27.68,25.276,16.329,0.7517702701023286
51.9,128.161455,37.946143,4148.0884272,-28.203,26.348,15.278,0.7517702701023286
52.0,128.161528,37.946313,4153.0588008,-28.75,27.405,14.238,0.7517702701023286
52.1,128.161599,37.946483,4158.3973728,-29.323,28.449,13.206,0.7517702701023286
52.2,128.161667,37.946652,4164.096828000001,-29.922,29.479,12.177,0.7517702701023286
52.3,128.161731,37.94682,4170.149546400001,-30.542,30.496,11.15,0.7517702701023286
52.4,128.161793,37.946988,4176.5488224,-31.181,31.499,10.12,0.7517702701023286
52.5,128.161852,37.947155,4183.287036,-31.836,32.489,9.085,0.7517702701023286
52.6,128.161908,37.947321,4190.356872,-32.503,33.465,8.044,0.7517702701023286
52.7,128.16196,37.947486,4197.7510152,-33.175,34.428,6.994,0.7517702701023286
52.8,128.162009,37.94765,4205.461236,-33.84,35.378,5.934,0.7517702701023286
52.9,128.162056,37.947814,4213.4793048,-34.48,36.315,4.866,0.7517702701023286
53.0,128.162099,37.947976,4221.7979064,-35.084,37.241,3.788,0.7517702701023286
53.1,128.162138,37.948137,4230.4097256000005,-35.654,38.157,2.703,0.7517702701023286
53.2,128.162175,37.948297,4239.3080568000005,-36.205,39.065,1.614,0.7517702701023286
53.3,128.162209,37.948456,4248.486804,-36.754,39.971,0.528,0.7517702701023286
53.4,128.162239,37.948613,4257.9410904,-37.323,40.873,359.442,0.7517702701023286
53.5,128.162266,37.948769,4267.665429600001,-37.935,41.772,358.351,0.7517702701023286
53.6,128.16229,37.948923,4277.6552496,-38.601,42.666,357.251,0.7517702701023286
53.7,128.162311,37.949076,4287.9038448,-39.319,43.556,356.137,0.7517702701023286
53.8,128.162329,37.949227,4298.404814400001,-40.074,44.438,355.005,0.7517702701023286
53.9,128.162343,37.949376,4309.1520624,-40.852,45.311,353.845,0.7517702701023286
54.0,128.162354,37.949524,4320.1385784,-41.642,46.17,352.652,0.7517702701023286
54.1,128.162362,37.94967,4331.3582664000005,-42.443,47.015,351.423,0.7517702701023286
54.2,128.162367,37.949814,4342.8035064000005,-43.254,47.845,350.156,0.7517702701023286
54.3,128.162369,37.949955,4354.4675928,-44.067,48.661,348.853,0.7517702701023286
54.4,128.162368,37.950095,4366.342296000001,-44.875,49.463,347.513,0.7517702701023286
54.5,128.162364,37.950233,4378.4199960000005,-45.659,50.252,346.137,0.7517702701023286
54.6,128.162356,37.950368,4390.7025216,-46.833,50.993,344.676,0.7517702701023286
54.7,128.162345,37.950501,4403.220962400001,-49.383,51.643,343.068,0.7517702701023286
54.8,128.16233,37.950631,4415.960688,-52.479,52.288,341.384,0.7517702701023286
54.9,128.162312,37.950758,4428.8631768000005,-54.428,52.971,339.643,0.7517702701023286
55.0,128.162291,37.950883,4441.894900800001,-55.507,53.631,337.813,0.7517702701023286
55.1,128.162268,37.951007,4455.057384000001,-56.01,54.255,335.954,0.7517702701023286
55.2,128.162241,37.951128,4468.3521504,-56.208,54.857,334.105,0.7517702701023286
55.3,128.162212,37.951247,4481.7792,-56.326,55.454,332.276,0.7517702701023286
55.4,128.16218,37.951363,4495.3434096,-56.934,56.02,330.423,0.7517702701023286
55.5,128.162145,37.951476,4509.067334400001,-59.077,56.522,328.497,0.7517702701023286
55.6,128.162106,37.951586,4522.9457928,-62.626,56.997,326.483,0.7517702701023286
55.7,128.162063,37.951692,4536.953486400001,-66.632,57.428,324.326,0.7517702701023286
55.8,128.162018,37.951795,4551.049572,-69.623,57.843,322.049,0.7517702701023286
55.9,128.16197,37.951896,4565.219114400001,-72.144,58.183,319.666,0.7517702701023286
56.0,128.161919,37.951995,4579.457541600001,-74.389,58.441,317.238,0.7517702701023286
56.1,128.161865,37.95209,4593.7599768,-76.603,58.626,314.788,0.7517702701023286
56.2,128.161808,37.952183,4608.1188,-78.95,58.747,312.321,0.7517702701023286
56.3,128.161748,37.952272,4622.525172,-81.531,58.805,309.833,0.7517702701023286
56.4,128.161685,37.952359,4636.9678152,-84.389,58.796,307.323,0.7517702701023286
56.5,128.161619,37.952442,4651.4351472,-87.508,58.712,304.794,0.7517702701023286
56.6,128.161549,37.952522,4665.913756800001,-90.827,58.545,302.255,0.7517702701023286
56.7,128.161477,37.952599,4680.389623200001,-94.284,58.286,299.723,0.7517702701023286
56.8,128.161401,37.952672,4694.8484208,-97.783,57.93,297.216,0.7517702701023286
56.9,128.161322,37.952743,4709.277043200001,-101.154,57.477,294.755,0.7517702701023286
57.0,128.161241,37.952811,4723.6629936,-104.227,56.934,292.361,0.7517702701023286
57.1,128.161156,37.952876,4737.995604,-106.898,56.314,290.054,0.7517702701023286
57.2,128.161069,37.952939,4752.2657304,-109.115,55.633,287.844,0.7517702701023286
57.3,128.160978,37.952999,4766.4651432,-110.871,54.911,285.73,0.7517702701023286
57.4,128.160885,37.953056,4780.586832,-112.197,54.164,283.71,0.7517702701023286
57.5,128.16079,37.953111,4794.6247008,-113.167,53.41,281.774,0.7517702701023286
57.6,128.160691,37.953163,4808.5723488,-113.884,52.658,279.91,0.7517702701023286
57.7,128.16059,37.953212,4822.4245944,-114.471,51.918,278.107,0.7517702701023286
57.8,128.160487,37.953258,4836.1771704,-114.993,51.191,276.354,0.7323612837431964
57.9,128.160381,37.953302,4849.826419200001,-115.488,50.478,274.643,0.7323612837431964
58.0,128.160273,37.953343,4863.364416,-116.108,49.775,272.973,0.7323612837431964
58.1,128.160163,37.953381,4876.7835408,-116.99,49.072,271.338,0.7323612837431964
58.2,128.16005,37.953417,4890.0780024000005,-118.142,48.36,269.735,0.7323612837431964
58.3,128.159935,37.953449,4903.2435336,-119.473,47.632,268.162,0.7323612837431964
58.4,128.159818,37.953478,4916.2767816000005,-120.847,46.881,266.625,0.7323612837431964
58.5,128.1597,37.953505,4929.1725648,-122.172,46.103,265.131,0.7323612837431964
58.6,128.159579,37.953528,4941.9226536,-123.449,45.295,263.688,0.7323612837431964
58.7,128.159456,37.953549,4954.5182088,-124.706,44.455,262.297,0.7323612837431964
58.8,128.159331,37.953567,4966.9500864,-125.98,43.581,260.958,0.7323612837431964
58.9,128.159205,37.953582,4979.2070088,-127.334,42.672,259.671,0.7323612837431964
59.0,128.159077,37.953594,4991.2792224,-128.808,41.723,258.433,0.7323612837431964
59.1,128.158947,37.953604,5003.1603264000005,-130.344,40.735,257.242,0.7323612837431964
59.2,128.158815,37.95361,5014.8457488,-131.85,39.707,256.098,0.7323612837431964
59.3,128.158681,37.953613,5026.3327464,-133.225,38.643,255.001,0.7323612837431964
59.4,128.158546,37.953614,5037.6158328,-134.407,37.547,253.953,0.7323612837431964
59.5,128.15841,37.953613,5048.6788536,-135.522,36.421,252.958,0.7323612837431964
59.6,128.158272,37.953608,5059.4992536,-136.818,35.262,252.018,0.7323612837431964
59.7,128.158132,37.9536,5070.0587448,-138.426,34.065,251.127,0.7323612837431964
59.8,128.157991,37.95359,5080.3497072,-140.313,32.823,250.283,0.7323612837431964
59.9,128.157848,37.953577,5090.368483200001,-142.356,31.534,249.487,0.7323612837431964
60.0,128.157704,37.953561,5100.115987200001,-144.376,30.197,248.742,0.7323612837431964
60.1,128.157558,37.953543,5109.5916096,-146.222,28.818,248.053,0.7323612837431964
60.2,128.157411,37.953522,5118.786511200001,-147.862,27.402,247.425,0.7323612837431964
60.3,128.157263,37.953499,5127.6881952,-149.334,25.952,246.865,0.7323612837431964
60.4,128.157113,37.953475,5136.2856888,-150.662,24.464,246.384,0.7323612837431964
60.5,128.156963,37.953447,5144.571372,-151.876,22.94,245.979,0.7323612837431964
60.6,128.156811,37.953418,5152.541892,-152.994,21.394,245.628,0.7323612837431964
60.7,128.156658,37.953387,5160.187800000001,-154.077,19.835,245.318,0.7323612837431964
60.8,128.156504,37.953354,5167.494160800001,-155.242,18.268,245.044,0.7323612837431964
60.9,128.156348,37.953319,5174.449392,-156.57,16.692,244.802,0.7323612837431964
61.0,128.156192,37.953282,5181.0443496,-158.114,15.105,244.594,0.7323612837431964
61.1,128.156034,37.953243,5187.2732424000005,-159.918,13.504,244.423,0.7323612837431964
61.2,128.155876,37.953203,5193.130888799999,-161.988,11.888,244.298,0.7323612837431964
61.3,128.155717,37.953161,5198.6136312,-164.294,10.256,244.227,0.7323612837431964
61.4,128.155557,37.953118,5203.719336,-166.787,8.609,244.219,0.7323612837431964
61.5,128.155396,37.953074,5208.445869600001,-169.412,6.951,244.281,0.7323612837431964
61.6,128.155234,37.953028,5212.7926224,-172.117,5.286,244.421,0.7323612837431964
61.7,128.155071,37.952982,5216.75868,-174.861,3.618,244.642,0.7323612837431964
61.8,128.154908,37.952935,5220.3437376,-177.618,1.955,244.947,0.7323612837431964
61.9,128.154744,37.952888,5223.5477952,179.624,0.301,245.335,0.7323612837431964
62.0,128.154579,37.95284,5226.370548,176.862,-1.335,245.807,0.7323612837431964
62.1,128.154413,37.952792,5228.8126056,174.083,-2.949,246.36,0.7323612837431964
62.2,128.154246,37.952743,5230.8776256,171.308,-4.535,246.994,0.7323612837431964
62.3,128.154079,37.952695,5232.573837600001,168.627,-6.087,247.701,0.7323612837431964
62.4,128.153911,37.952647,5233.9109952,166.148,-7.6,248.474,0.7323612837431964
62.5,128.153743,37.952599,5234.8890984,163.866,-9.069,249.306,0.7323612837431964
62.6,128.153574,37.952551,5235.50388,161.688,-10.49,250.191,0.7323612837431964
62.7,128.153404,37.952504,5235.7516824,159.512,-11.864,251.124,0.7323612837431964
62.8,128.153233,37.952457,5235.6303720000005,157.253,-13.189,252.101,0.7323612837431964
62.9,128.153063,37.952411,5235.1393392,154.849,-14.467,253.122,0.7323612837431964
63.0,128.152891,37.952366,5234.280108,152.267,-15.696,254.189,0.7323612837431964
63.1,128.152719,37.952322,5233.054812,149.489,-16.875,255.304,0.7323612837431964
63.2,128.152547,37.95228,5231.4680232,146.504,-17.999,256.473,0.7323612837431964
63.3,128.152374,37.952238,5229.524618400001,143.311,-19.063,257.7,0.7323612837431964
63.4,128.152201,37.952198,5227.2313032,139.907,-20.063,258.985,0.7323612837431964
63.5,128.152028,37.952159,5224.5960024,136.282,-20.995,260.329,0.7323612837431964
63.6,128.151854,37.952123,5221.6278600000005,132.449,-21.85,261.734,0.7323612837431964
63.7,128.15168,37.952088,5218.3387632,128.451,-22.616,263.204,0.7323612837431964
63.8,128.151506,37.952055,5214.7412088,124.328,-23.283,264.739,0.7323612837431964
63.9,128.151331,37.952024,5210.849827200001,120.117,-23.84,266.332,0.7323612837431964
64.0,128.151157,37.951995,5206.6795536,115.844,-24.285,267.972,0.7323612837431964
64.1,128.150982,37.951969,5202.2465424,111.535,-24.613,269.65,0.7323612837431964
64.2,128.150807,37.951946,5197.5678624,107.213,-24.823,271.351,0.7323612837431964
64.3,128.150631,37.951924,5192.6618016,102.9,-24.913,273.063,0.7323612837431964
64.4,128.150456,37.951906,5187.546952799999,98.616,-24.88,274.773,0.7323612837431964
64.5,128.15028,37.95189,5182.2428232,94.38,-24.727,276.467,0.7323612837431964
64.6,128.150104,37.951877,5176.7698344,90.206,-24.453,278.134,0.7323612837431964
64.7,128.149927,37.951867,5171.1481032,86.101,-24.065,279.76,0.7323612837431964
64.8,128.149751,37.95186,5165.3995752,82.07,-23.569,281.335,0.7323612837431964
64.9,128.149574,37.951856,5159.5458912,78.115,-22.973,282.85,0.7323612837431964
65.0,128.149397,37.951855,5153.610216,74.236,-22.283,284.297,0.7323612837431964
65.1,128.14922,37.951857,5147.6154096,70.429,-21.509,285.673,0.7323612837431964
65.2,128.149042,37.951863,5141.585856000001,66.693,-20.656,286.974,0.7323612837431964
65.3,128.148865,37.951871,5135.545024800001,63.027,-19.731,288.197,0.7323612837431964
65.4,128.148687,37.951883,5129.5176048,59.432,-18.738,289.341,0.7323612837431964
65.5,128.148509,37.951898,5123.527370400001,55.909,-17.682,290.402,0.7323612837431964
65.6,128.14833,37.951916,5117.5971816,52.475,-16.568,291.379,0.7323612837431964
65.7,128.148152,37.951937,5111.748984000001,49.186,-15.405,292.276,0.7323612837431964
65.8,128.147973,37.951961,5106.004418400001,46.087,-14.2,293.094,0.7323612837431964
65.9,128.147794,37.951988,5100.3848208,43.198,-12.962,293.838,0.7323612837431964
66.0,128.147614,37.952018,5094.910308,40.526,-11.696,294.509,0.7323612837431964
66.1,128.147435,37.952051,5089.5942912,38.101,-10.413,295.118,0.7323612837431964
66.2,128.147255,37.952086,5084.441952000001,35.997,-9.128,295.68,0.7323612837431964
66.3,128.147074,37.952124,5079.4539,34.313,-7.856,296.208,0.7323612837431964
66.4,128.146894,37.952163,5074.6313544,33.106,-6.609,296.711,0.7323612837431964
66.5,128.146713,37.952205,5069.98224,32.343,-5.393,297.191,0.7323612837431964
66.6,128.146531,37.952249,5065.516920000001,31.917,-4.216,297.655,0.7323612837431964
66.7,128.14635,37.952296,5061.245148,31.698,-3.08,298.111,0.7323612837431964
66.8,128.146169,37.952344,5057.1748488,31.572,-1.984,298.569,0.7323612837431964
66.9,128.145987,37.952394,5053.3105944,31.458,-0.926,299.032,0.7323612837431964
67.0,128.145806,37.952446,5049.655737600001,31.307,0.099,299.502,0.7323612837431964
67.1,128.145624,37.952501,5046.2127168,31.094,1.1,299.975,0.7323612837431964
67.2,128.145443,37.952557,5042.983665600001,30.807,2.079,300.449,0.7323612837431964
67.3,128.145262,37.952615,5039.9691936,30.454,3.039,300.921,0.7323612837431964
67.4,128.145081,37.952675,5037.1696056,30.056,3.982,301.391,0.7323612837431964
67.5,128.1449,37.952737,5034.5849016,29.638,4.909,301.856,0.7323612837431964
67.6,128.14472,37.9528,5032.2156912,29.224,5.82,302.315,0.7323612837431964
67.7,128.14454,37.952865,5030.0622792,28.836,6.718,302.769,0.7323612837431964
67.8,128.14436,37.952932,5028.1243608,28.493,7.602,303.218,0.7323612837431964
67.9,128.144181,37.953,5026.403155200001,28.204,8.473,303.662,0.7323612837431964
68.0,128.144002,37.95307,5024.8989672,27.972,9.331,304.101,0.7323612837431964
68.1,128.143824,37.953141,5023.613015999999,27.792,10.177,304.538,0.7323612837431964
68.2,128.143646,37.953214,5022.545301600001,27.657,11.011,304.974,0.7323612837431964
68.3,128.143469,37.953288,5021.696433600001,27.559,11.834,305.409,0.7323612837431964
68.4,128.143292,37.953364,5021.066107199999,27.492,12.646,305.846,0.7323612837431964
68.5,128.143117,37.953441,5020.6537128,27.454,13.448,306.285,0.7323612837431964
68.6,128.142941,37.953519,5020.4580312,27.449,14.239,306.728,0.7323612837431964
68.7,128.142767,37.953598,5020.476928800001,27.485,15.02,307.176,0.7323612837431964
68.8,128.142593,37.953679,5020.7079672,27.575,15.79,307.629,0.7323612837431964
68.9,128.14242,37.953761,5021.147488799999,27.734,16.546,308.09,0.7323612837431964
69.0,128.142248,37.953843,5021.793360000001,27.967,17.289,308.56,0.7323612837431964
69.1,128.142077,37.953927,5022.643752000001,28.261,18.017,309.039,0.7323612837431964
69.2,128.141907,37.954013,5023.69836,28.593,18.73,309.529,0.7323612837431964
69.3,128.141738,37.954099,5024.9535264,28.959,19.428,310.031,0.7323612837431964
69.4,128.141569,37.954186,5026.4022408,29.404,20.111,310.547,0.7323612837431964
69.5,128.141402,37.954274,5028.040540800001,29.933,20.775,311.079,0.7323612837431964
69.6,128.141235,37.954364,5029.8678168,30.519,21.421,311.624,0.7323612837431964
69.7,128.14107,37.954454,5031.885288,31.112,22.049,312.183,0.7323612837431964
69.8,128.140906,37.954545,5034.0941736,31.653,22.662,312.754,0.7323612837431964
69.9,128.140743,37.954638,5036.4963024,32.103,23.263,313.337,0.7323612837431964
70.0,128.140581,37.954731,5039.091064800001,32.448,23.855,313.931,0.7323612837431964
70.1,128.140421,37.954825,5041.8772416,32.701,24.442,314.535,0.7323612837431964
70.2,128.140261,37.95492,5044.8508704000005,32.907,25.025,315.148,0.7323612837431964
70.3,128.140104,37.955017,5048.0085984,33.115,25.603,315.77,0.7323612837431964
70.4,128.139947,37.955114,5051.347987200001,33.361,26.174,316.4,0.7323612837431964
70.5,128.139792,37.955212,5054.865684000001,33.676,26.738,317.039,0.7323612837431964
70.6,128.139639,37.95531,5058.559250400001,34.085,27.292,317.687,0.7323612837431964
70.7,128.139487,37.95541,5062.425638400001,34.595,27.835,318.343,0.7323612837431964
70.8,128.139336,37.955511,5066.463628800001,35.192,28.361,319.004,0.7323612837431964
70.9,128.139187,37.955612,5070.6723071999995,35.842,28.864,319.666,0.7323612837431964
71.0,128.13904,37.955714,5075.0513688,36.499,29.346,320.329,0.7323612837431964
71.1,128.138894,37.955817,5079.6008136,37.122,29.812,321.0,0.7323612837431964
71.2,128.13875,37.95592,5084.3194224,37.686,30.269,321.682,0.7323612837431964
71.3,128.138608,37.956025,5089.205976,38.18,30.724,322.379,0.7323612837431964
71.4,128.138468,37.95613,5094.2586456,38.611,31.18,323.092,0.7323612837431964
71.5,128.138329,37.956236,5099.475297600001,38.997,31.639,323.821,0.7323612837431964
71.6,128.138193,37.956342,5104.8534936,39.364,32.104,324.564,0.7323612837431964
71.7,128.138058,37.95645,5110.3917096000005,39.733,32.576,325.321,0.7323612837431964
71.8,128.137925,37.956558,5116.0881168,40.119,33.056,326.093,0.7323612837431964
71.9,128.137795,37.956667,5121.9411912000005,40.533,33.545,326.882,0.7323612837431964
72.0,128.137666,37.956776,5127.9497136,40.983,34.042,327.687,0.7323612837431964
72.1,128.137539,37.956886,5134.111855200001,41.464,34.538,328.502,0.7323612837431964
72.2,128.137414,37.956996,5140.425787200001,41.976,35.029,329.322,0.7323612837431964
72.3,128.137292,37.957107,5146.8899856,42.514,35.513,330.149,0.7323612837431964
72.4,128.137172,37.957219,5153.5017072,43.074,35.988,330.983,0.7323612837431964
72.5,128.137054,37.957331,5160.260037600001,43.642,36.456,331.824,0.7323612837431964
72.6,128.136938,37.957444,5167.1628432,44.204,36.917,332.673,0.7323612837431964
72.7,128.136824,37.957557,5174.2082952,44.752,37.371,333.531,0.7323612837431964
72.8,128.136713,37.95767,5181.394564800001,45.283,37.822,334.396,0.7323612837431964
72.9,128.136604,37.957784,5188.7192136,45.796,38.271,335.265,0.7323612837431964
73.0,128.136498,37.957899,5196.1804128,46.291,38.72,336.14,0.7323612837431964
73.1,128.136394,37.958014,5203.775724000001,46.763,39.168,337.021,0.7323612837431964
73.2,128.136292,37.958129,5211.502708800001,47.213,39.616,337.908,0.7323612837431964
73.3,128.136193,37.958244,5219.359233600001,47.654,40.063,338.801,0.7323612837431964
73.4,128.136096,37.95836,5227.3416408,48.099,40.509,339.701,0.7323612837431964
73.5,128.136002,37.958476,5235.447796800001,48.55,40.952,340.607,0.7323612837431964
73.6,128.13591,37.958592,5243.6764824,48.998,41.394,341.52,0.7323612837431964
73.7,128.13582,37.958708,5252.0258688,49.427,41.832,342.44,0.7323612837431964
73.8,128.135734,37.958824,5260.495346400001,49.819,42.268,343.366,0.7323612837431964
73.9,128.135649,37.958941,5269.083391200001,50.167,42.702,344.302,0.7323612837431964
74.0,128.135568,37.959058,5277.7884792,50.475,43.135,345.247,0.7323612837431964
74.1,128.135489,37.959174,5286.609696,50.733,43.568,346.2,0.7323612837431964
74.2,128.135412,37.959291,5295.54948,50.903,44.003,347.16,0.7323612837431964
74.3,128.135339,37.959408,5304.612708,50.887,44.445,348.124,0.7323612837431964
74.4,128.135269,37.959524,5313.8097431999995,50.525,44.904,349.089,0.7323612837431964
74.5,128.135201,37.95964,5323.1509488,49.686,45.393,350.054,0.7323612837431964
74.6,128.135138,37.959756,5332.6433352,48.378,45.926,351.021,0.7323612837431964
74.7,128.135077,37.959871,5342.2884264,46.716,46.512,351.99,0.7323612837431964
74.8,128.13502,37.959986,5352.0862224,44.862,47.16,352.954,0.7323612837431964
74.9,128.134966,37.9601,5362.035504,42.999,47.87,353.903,0.7323612837431964
75.0,128.134914,37.960213,5372.1362712,41.261,48.641,354.828,0.7323612837431964
75.1,128.134866,37.960325,5382.3927912,39.68,49.468,355.717,0.7323612837431964
75.2,128.13482,37.960436,5392.8099408,38.221,50.348,356.567,0.7323612837431964
75.3,128.134777,37.960546,5403.392292,36.824,51.273,357.38,0.7323612837431964
75.4,128.134737,37.960655,5414.140454400001,35.451,52.237,358.161,0.7323612837431964
75.5,128.134699,37.960762,5425.0535136,34.119,53.235,358.917,0.7323612837431964
75.6,128.134664,37.960867,5436.131469600001,32.798,54.262,359.654,0.7323612837431964
75.7,128.134632,37.960971,5447.373408,31.471,55.312,0.375,0.7323612837431964
75.8,128.134601,37.961074,5458.774452000001,30.166,56.385,1.083,0.7323612837431964
75.9,128.134573,37.961174,5470.3333824,28.86,57.479,1.767,0.7323612837431964
76.0,128.134547,37.961272,5482.0544664,27.398,58.599,2.411,0.7323612837431964
76.1,128.134524,37.961368,5493.935570400001,25.722,59.746,3.004,0.7323612837431964
76.2,128.134502,37.961462,5505.9705984,23.872,60.925,3.54,0.7323612837431964
76.3,128.134481,37.961554,5518.1531496,21.885,62.135,4.005,0.7323612837431964
76.4,128.134463,37.961643,5530.476518400001,19.791,63.375,4.381,0.7323612837431964
76.5,128.134445,37.961729,5542.9336944,17.61,64.642,4.649,0.7323612837431964
76.6,128.134429,37.961814,5555.5161431999995,15.354,65.931,4.788,0.7323612837431964
76.7,128.134414,37.961895,5568.2162448,13.023,67.237,4.776,0.7323612837431964
76.8,128.1344,37.961975,5581.026988799999,10.609,68.552,4.586,0.7323612837431964
76.9,128.134386,37.962051,5593.9404504,8.093,69.87,4.192,0.7323612837431964
77.0,128.134373,37.962126,5606.949619200001,5.447,71.183,3.561,0.7323612837431964
77.1,128.13436,37.962198,5620.0474848,2.633,72.484,2.657,0.7323612837431964
77.2,128.134348,37.962267,5633.2279512000005,-0.401,73.763,1.431,0.7323612837431964
77.3,128.134335,37.962334,5646.4843128,-3.721,75.014,359.825,0.7323612837431964
77.4,128.134323,37.962398,5659.8092544,-7.408,76.227,357.769,0.7323612837431964
77.5,128.13431,37.96246,5673.195156000001,-11.563,77.392,355.17,0.7323612837431964
77.6,128.134298,37.96252,5686.6350072,-16.307,78.498,351.917,0.7323612837431964
77.7,128.134284,37.962577,5700.1184448,-21.837,79.525,347.804,0.7323612837431964
77.8,128.134271,37.962632,5713.629924000001,-28.43,80.442,342.533,0.7323612837431964
77.9,128.134257,37.962685,5727.1648728,-36.193,81.217,336.041,0.7323612837431964
78.0,128.134243,37.962735,5740.7211576,-45.079,81.829,328.434,0.7323612837431964
78.1,128.134227,37.962783,5754.2951207999995,-54.873,82.27,319.977,0.7323612837431964
78.2,128.134211,37.962828,5767.8834096,-65.328,82.513,310.903,0.7323612837431964
78.3,128.134195,37.962872,5781.4823664,-76.002,82.544,301.631,0.7323612837431964
78.4,128.134177,37.962913,5795.088028800001,-86.364,82.364,292.674,0.7323612837431964
78.5,128.134159,37.962952,5808.6949104000005,-95.96,81.988,284.469,0.7323612837431964
78.6,128.134139,37.962989,5822.297524800001,-104.516,81.443,277.275,0.7323612837431964
78.7,128.134119,37.963024,5835.8894712,-111.926,80.751,271.183,0.7323612837431964
78.8,128.134097,37.963057,5849.4649584,-118.206,79.935,266.163,0.7323612837431964
78.9,128.134074,37.963088,5863.0181952,-123.464,79.017,262.106,0.7323612837431964
79.0,128.13405,37.963116,5876.5433904,-127.849,78.016,258.876,0.7323612837431964
79.1,128.134025,37.963143,5890.0347528,-131.52,76.949,256.333,0.7323612837431964
79.2,128.133998,37.963167,5903.486796,-134.625,75.828,254.352,0.7323612837431964
79.3,128.13397,37.96319,5916.893119200001,-137.299,74.665,252.825,0.7323612837431964
79.4,128.133941,37.963211,5930.2485408,-139.663,73.468,251.661,0.7323612837431964
79.5,128.13391,37.963229,5943.546964800001,-141.821,72.245,250.788,0.7323612837431964
79.6,128.133877,37.963246,5956.7829048,-143.862,71.003,250.142,0.7323612837431964
79.7,128.133843,37.963261,5969.950264800001,-145.86,69.75,249.674,0.7323612837431964
79.8,128.133807,37.963275,5983.0435584,-147.872,68.49,249.343,0.7323612837431964
79.9,128.13377,37.963286,5996.0566896,-149.939,67.23,249.115,0.7323612837431964
80.0,128.133731,37.963296,6008.9838672,-152.088,65.973,248.967,0.7323612837431964
80.1,128.13369,37.963304,6021.8193,-154.328,64.722,248.877,0.7323612837431964
80.2,128.133647,37.963311,6034.5571968,-156.652,63.479,248.835,0.7323612837431964
80.3,128.133602,37.963317,6047.1920712,-159.038,62.245,248.833,0.7323612837431964
80.4,128.133556,37.963321,6059.718132,-161.453,61.017,248.869,0.7323612837431964
80.5,128.133507,37.963323,6072.1308072,-163.857,59.795,248.945,0.7323612837431964
80.6,128.133457,37.963325,6084.426744,-165.86,58.581,249.021,0.7323612837431964
80.7,128.133404,37.963325,6096.6141720000005,-166.588,57.384,249.007,0.7323612837431964
80.8,128.13335,37.963324,6108.705588000001,-166.088,56.206,248.921,0.7323612837431964
80.9,128.133295,37.963323,6120.7080024,-164.553,55.055,248.772,0.7323612837431964
81.0,128.133238,37.963321,6132.6137952,-162.561,53.946,248.584,0.7323612837431964
81.1,128.13318,37.963318,6144.405288000001,-161.046,52.879,248.403,0.7323612837431964
81.2,128.13312,37.963314,6156.063278400001,-160.129,51.858,248.202,0.7323612837431964
81.3,128.133058,37.963308,6167.576488799999,-159.84,50.871,247.97,0.7323612837431964
81.4,128.132994,37.963301,6178.9427856,-160.158,49.9,247.709,0.7323612837431964
81.5,128.132928,37.963293,6190.1600352,-161.022,48.929,247.432,0.7323612837431964
81.6,128.132861,37.963283,6201.2254944,-162.346,47.948,247.156,0.7323612837431964
81.7,128.132792,37.963273,6212.1370296,-164.029,46.949,246.902,0.7323612837431964
81.8,128.132721,37.963261,6222.890983200001,-165.972,45.928,246.689,0.7323612837431964
81.9,128.132648,37.963248,6233.484612,-168.078,44.882,246.531,0.7323612837431964
82.0,128.132573,37.963234,6243.915172800001,-170.262,43.809,246.442,0.7323612837431964
82.1,128.132497,37.963219,6254.179008,-172.454,42.711,246.429,0.7323612837431964
82.2,128.132419,37.963203,6264.2736792000005,-174.601,41.587,246.496,0.7323612837431964
82.3,128.132339,37.963186,6274.196138400001,-176.662,40.441,246.646,0.7323612837431964
82.4,128.132257,37.963169,6283.9469952,-178.425,39.276,246.859,0.7323612837431964
82.5,128.132174,37.963151,6293.5414896,-179.308,38.095,247.087,0.7323612837431964
82.6,128.132089,37.963132,6302.998824,-179.038,36.904,247.299,0.7323612837431964
82.7,128.132003,37.963113,6312.3299712,-177.901,35.714,247.495,0.7323612837431964
82.8,128.131916,37.963093,6321.515728800001,-176.625,34.539,247.691,0.7323612837431964
82.9,128.131827,37.963072,6330.529579200001,-175.652,33.385,247.892,0.7323612837431964
83.0,128.131737,37.963051,6339.350491200001,-175.048,32.252,248.085,0.7323612837431964
83.1,128.131645,37.963029,6347.9723688,-174.845,31.131,248.26,0.7323612837431964
83.2,128.131551,37.963006,6356.3927736000005,-175.05,30.016,248.418,0.7323612837431964
83.3,128.131455,37.962983,6364.6098768,-175.643,28.899,248.563,0.7323612837431964
83.4,128.131358,37.962959,6372.62124,-176.592,27.776,248.704,0.7323612837431964
83.5,128.13126,37.962934,6380.424729599999,-177.85,26.645,248.851,0.7323612837431964
83.6,128.13116,37.962909,6388.018212,-179.364,25.503,249.014,0.7323612837431964
83.7,128.131058,37.962884,6395.3986392,178.918,24.348,249.206,0.7323612837431964
83.8,128.130955,37.962857,6402.5644872,177.048,23.183,249.436,0.7323612837431964
83.9,128.130851,37.962831,6409.515146400001,175.083,22.009,249.717,0.7323612837431964
84.0,128.130745,37.962804,6416.2493976000005,173.078,20.832,250.066,0.7323612837431964
84.1,128.130637,37.962777,6422.7660216,171.052,19.652,250.482,0.7323612837431964
84.2,128.130529,37.962749,6429.0683712,169.069,18.472,250.947,0.7323612837431964
84.3,128.130419,37.962722,6435.1710768,167.51,17.287,251.43,0.7323612837431964
84.4,128.130307,37.962694,6441.0945600000005,166.901,16.095,251.901,0.7323612837431964
84.5,128.130195,37.962666,6446.852232,167.13,14.902,252.359,0.7323612837431964
84.6,128.130081,37.962638,6452.4251952,167.631,13.72,252.815,0.7323612837431964
84.7,128.129966,37.962609,6457.7851032,167.862,12.559,253.291,0.7323612837431964
84.8,128.129849,37.962581,6462.909705600001,167.795,11.417,253.794,0.7323612837431964
84.9,128.129732,37.962553,6467.7947352,167.404,10.287,254.316,0.7323612837431964
85.0,128.129613,37.962525,6472.4380584,166.672,9.161,254.856,0.7323612837431964
85.1,128.129494,37.962497,6476.8381512000005,165.598,8.035,255.411,0.7323612837431964
85.2,128.129373,37.962469,6480.994404,164.193,6.91,255.984,0.7323612837431964
85.3,128.129252,37.962441,6484.9071216,162.478,5.788,256.579,0.7323612837431964
85.4,128.12913,37.962414,6488.5775232000005,160.484,4.673,257.2,0.7323612837431964
85.5,128.129007,37.962386,6492.0056088,158.246,3.572,257.856,0.7323612837431964
85.6,128.128884,37.96236,6495.197169600001,155.849,2.49,258.549,0.7323612837431964
85.7,128.128759,37.962333,6498.1643976000005,153.52,1.427,259.278,0.7323612837431964
85.8,128.128634,37.962307,6500.9240568000005,151.534,0.385,260.033,0.7323612837431964
85.9,128.128509,37.962281,6503.491082400001,150.085,-0.634,260.803,0.7323612837431964
86.0,128.128382,37.962256,6505.8663888,149.151,-1.63,261.581,0.7323612837431964
86.1,128.128255,37.962231,6508.0411368000005,148.466,-2.595,262.37,0.7323612837431964
86.2,128.128127,37.962207,6509.996428800001,147.564,-3.523,263.178,0.7323612837431964
86.3,128.127999,37.962183,6511.716110400001,146.312,-4.419,264.004,0.7323612837431964
86.4,128.127871,37.96216,6513.2017056,144.703,-5.29,264.849,0.7323612837431964
86.5,128.127742,37.962138,6514.4562624,142.751,-6.138,265.716,0.7323612837431964
86.6,128.127613,37.962116,6515.4837431999995,140.478,-6.96,266.608,0.7323612837431964
86.7,128.127484,37.962096,6516.287805600001,137.917,-7.753,267.53,0.7323612837431964
86.8,128.127354,37.962076,6516.873936,135.103,-8.509,268.485,0.7323612837431964
86.9,128.127225,37.962058,6517.247011200001,132.077,-9.221,269.476,0.7323612837431964
87.0,128.127095,37.96204,6517.4125176,128.878,-9.882,270.503,0.7323612837431964
87.1,128.126966,37.962024,6517.376551200001,125.546,-10.484,271.566,0.7323612837431964
87.2,128.126836,37.962009,6517.145208,122.119,-11.02,272.664,0.7323612837431964
87.3,128.126706,37.961995,6516.7254984,118.632,-11.483,273.794,0.7323612837431964
87.4,128.126577,37.961982,6516.124128,115.114,-11.87,274.953,0.7323612837431964
87.5,128.126447,37.96197,6515.3490216,111.592,-12.175,276.135,0.7323612837431964
87.6,128.126317,37.961959,6514.4084088,108.086,-12.398,277.335,0.7323612837431964
87.7,128.126187,37.96195,6513.311128800001,104.612,-12.538,278.548,0.7323612837431964
87.8,128.126058,37.961943,6512.065716,101.181,-12.597,279.765,0.7323612837431964
87.9,128.125928,37.961936,6510.6807048,97.802,-12.576,280.98,0.7323612837431964
88.0,128.125799,37.961931,6509.1649344,94.481,-12.479,282.184,0.7323612837431964
88.1,128.125669,37.961928,6507.526329599999,91.222,-12.308,283.368,0.7323612837431964
88.2,128.12554,37.961926,6505.773424800001,88.027,-12.068,284.526,0.7323612837431964
88.3,128.125411,37.961925,6503.914754400001,84.898,-11.763,285.652,0.7323612837431964
88.4,128.125282,37.961926,6501.958548,81.836,-11.398,286.739,0.7323612837431964
88.5,128.125153,37.961929,6499.9130352,78.838,-10.978,287.782,0.7323612837431964
88.6,128.125024,37.961932,6497.7867504000005,75.903,-10.508,288.777,0.7323612837431964
88.7,128.124895,37.961938,6495.587923200001,73.026,-9.994,289.721,0.7323612837431964
88.8,128.124766,37.961945,6493.324783200001,70.205,-9.441,290.612,0.7323612837431964
88.9,128.124637,37.961953,6491.005255200001,67.436,-8.853,291.449,0.7323612837431964
89.0,128.124508,37.961963,6488.6381784000005,64.715,-8.236,292.232,0.7323612837431964
89.1,128.12438,37.961975,6486.2311728,62.039,-7.593,292.962,0.7323612837431964
89.2,128.124251,37.961988,6483.7933824,59.407,-6.927,293.641,0.7323612837431964
89.3,128.124122,37.962002,6481.3324272,56.817,-6.241,294.269,0.7323612837431964
89.4,128.123994,37.962018,6478.856841600001,54.269,-5.537,294.848,0.7323612837431964
89.5,128.123865,37.962036,6476.3739408,51.762,-4.819,295.379,0.7323612837431964
89.6,128.123737,37.962054,6473.8916496,49.298,-4.087,295.863,0.7323612837431964
89.7,128.123608,37.962075,6471.4169784000005,46.878,-3.344,296.3,0.7323612837431964
89.8,128.12348,37.962096,6468.957547200001,44.504,-2.593,296.692,0.7323612837431964
89.9,128.123351,37.962119,6466.5200616,42.177,-1.834,297.04,0.7323612837431964
90.0,128.123223,37.962143,6464.1112272,39.899,-1.071,297.345,0.7323612837431964
90.1,128.123095,37.962168,6461.73714,37.672,-0.303,297.607,0.7323612837431964
90.2,128.122967,37.962194,6459.403896000001,35.496,0.464,297.828,0.7323612837431964
90.3,128.122839,37.962222,6457.1172864,33.371,1.233,298.011,0.7323612837431964
90.4,128.122711,37.96225,6454.8831024,31.299,2.0,298.155,0.7323612837431964
90.5,128.122583,37.96228,6452.705611200001,29.278,2.764,298.262,0.7323612837431964
90.6,128.122455,37.96231,6450.5902992,27.309,3.523,298.334,0.7323612837431964
90.7,128.122327,37.962342,6448.541738400001,25.389,4.276,298.373,0.7323612837431964
90.8,128.122199,37.962374,6446.564805600001,23.516,5.017,298.38,0.7323612837431964
90.9,128.122071,37.962408,6444.6631584,21.687,5.749,298.358,0.7323612837431964
91.0,128.121943,37.962442,6442.841064,19.903,6.471,298.308,0.7323612837431964
91.1,128.121815,37.962477,6441.1018752,18.163,7.185,298.231,0.7323612837431964
91.2,128.121687,37.962512,6439.4486400000005,16.467,7.891,298.128,0.7323612837431964
91.3,128.121559,37.962548,6437.884711200001,14.812,8.588,298.0,0.7323612837431964
91.4,128.121431,37.962585,6436.4125272,13.197,9.278,297.848,0.7323612837431964
91.5,128.121302,37.962623,6435.034831200001,11.621,9.96,297.674,0.7323612837431964
91.6,128.121174,37.962661,6433.753452000001,10.081,10.633,297.477,0.7323612837431964
91.7,128.121046,37.962699,6432.571132800001,8.576,11.297,297.258,0.7323612837431964
91.8,128.120917,37.962738,6431.489397600001,7.103,11.953,297.019,0.7323612837431964
91.9,128.120789,37.962777,6430.5100752,5.659,12.599,296.759,0.7323612837431964
92.0,128.12066,37.962816,6429.6343848,4.243,13.236,296.48,0.7323612837431964
92.1,128.120531,37.962856,6428.864155200001,2.853,13.864,296.182,0.7323612837431964
92.2,128.120403,37.962896,6428.2003008,1.486,14.482,295.866,0.7323612837431964
92.3,128.120274,37.962936,6427.6434312,0.14,15.091,295.531,0.7323612837431964
92.4,128.120145,37.962977,6427.194765600001,-1.185,15.689,295.179,0.7323612837431964
92.5,128.120016,37.963017,6426.8549136,-2.493,16.278,294.81,0.7323612837431964
92.6,128.119886,37.963058,6426.6244848,-3.784,16.857,294.425,0.7323612837431964
92.7,128.119757,37.963098,6426.503479200001,-5.06,17.426,294.022,0.7323612837431964
92.8,128.119628,37.963139,6426.492506400001,-6.321,17.985,293.604,0.7323612837431964
92.9,128.119498,37.963179,6426.5915663999995,-7.57,18.535,293.17,0.7323612837431964
93.0,128.119369,37.963219,6426.7991352,-8.787,19.075,292.721,0.7323612837431964
93.1,128.119239,37.963259,6427.110336000001,-9.909,19.605,292.261,0.7323612837431964
93.2,128.119109,37.963299,6427.5196824,-10.866,20.127,291.793,0.7323612837431964
93.3,128.118979,37.963339,6428.0229072,-11.608,20.639,291.322,0.7323612837431964
93.4,128.118849,37.963379,6428.616048,-12.096,21.139,290.852,0.7323612837431964
93.5,128.118718,37.963418,6429.2966664,-12.322,21.626,290.389,0.7323612837431964
93.6,128.118588,37.963457,6430.063238400001,-12.3,22.1,289.938,0.7323612837431964
93.7,128.118457,37.963496,6430.915154400001,-12.063,22.559,289.504,0.7323612837431964
93.8,128.118327,37.963535,6431.8521096,-11.655,23.003,289.094,0.7323612837431964
93.9,128.118196,37.963573,6432.8744088,-11.13,23.434,288.709,0.7323612837431964
94.0,128.118065,37.963611,6433.9826616,-10.544,23.853,288.354,0.7323612837431964
94.1,128.117934,37.963649,6435.1774776,-9.956,24.262,288.029,0.7323612837431964
94.2,128.117803,37.963686,6436.4597711999995,-9.418,24.663,287.734,0.7323612837431964
94.3,128.117672,37.963724,6437.830152,-8.975,25.058,287.468,0.7323612837431964
94.4,128.117541,37.963761,6439.288620000001,-8.657,25.449,287.229,0.7323612837431964
94.5,128.117409,37.963798,6440.83548,-8.479,25.839,287.014,0.7323612837431964
94.6,128.117278,37.963834,6442.4713416,-8.452,26.228,286.819,0.7323612837431964
94.7,128.117147,37.963871,6444.1968144,-8.571,26.617,286.64,0.7323612837431964
94.8,128.117016,37.963907,6446.0109840000005,-8.811,27.006,286.473,0.7323612837431964
94.9,128.116885,37.963943,6447.9132408000005,-9.139,27.397,286.313,0.7323612837431964
95.0,128.116754,37.963978,6449.902670400001,-9.528,27.788,286.157,0.7323612837431964
95.1,128.116623,37.964014,6451.9792728,-9.956,28.181,286.0,0.7323612837431964
95.2,128.116492,37.964049,6454.1427432,-10.403,28.574,285.839,0.7323612837431964
95.3,128.116361,37.964084,6456.3927768,-10.852,28.967,285.672,0.7323612837431964
95.4,128.11623,37.964118,6458.729983200001,-11.288,29.361,285.496,0.7323612837431964
95.5,128.116099,37.964152,6461.153448,-11.704,29.755,285.311,0.7323612837431964
95.6,128.115968,37.964186,6463.6640856,-12.091,30.148,285.115,0.7323612837431964
95.7,128.115837,37.96422,6466.2612864,-12.447,30.542,284.91,0.7323612837431964
95.8,128.115706,37.964253,6468.9453552,-12.769,30.935,284.694,0.7323612837431964
95.9,128.115576,37.964286,6471.7159872,-13.061,31.328,284.468,0.7323612837431964
96.0,128.115445,37.964318,6474.5731824,-13.324,31.721,284.234,0.7323612837431964
96.1,128.115315,37.964351,6477.5169408,-13.563,32.115,283.991,0.7323612837431964
96.2,128.115185,37.964382,6480.5469576,-13.782,32.508,283.742,0.7323612837431964
96.3,128.115055,37.964414,6483.662928000001,-13.986,32.903,283.487,0.7323612837431964
96.4,128.114925,37.964445,6486.866985600001,-14.299,33.297,283.222,0.7323612837431964
96.5,128.114795,37.964475,6490.1737608,-15.006,33.69,282.942,0.7323612837431964
96.6,128.114666,37.964505,6493.586606400001,-16.079,34.085,282.641,0.7323612837431964
96.7,128.114537,37.964535,6497.1012552,-17.313,34.484,282.321,0.7323612837431964
96.8,128.114409,37.964564,6500.700333600001,-18.291,34.892,281.984,0.7323612837431964
96.9,128.11428,37.964592,6504.3750024,-19.007,35.305,281.626,0.7323612837431964
97.0,128.114152,37.96462,6508.1255664,-19.485,35.717,281.249,0.7323612837431964
97.1,128.114023,37.964648,6511.953854400001,-19.76,36.125,280.856,0.7323612837431964
97.2,128.113895,37.964675,6515.8607808,-19.875,36.527,280.453,0.7323612837431964
97.3,128.113768,37.964702,6519.8472600000005,-19.87,36.922,280.045,0.7323612837431964
97.4,128.11364,37.964728,6523.913596800001,-19.784,37.312,279.636,0.7323612837431964
97.5,128.113513,37.964753,6528.061010400001,-19.769,37.697,279.226,0.7323612837431964
97.6,128.113386,37.964778,6532.3023023999995,-20.127,38.077,278.81,0.7323612837431964
97.7,128.113259,37.964803,6536.639606400001,-20.854,38.455,278.387,0.7323612837431964
97.8,128.113134,37.964826,6541.069874400001,-21.919,38.838,277.955,0.7323612837431964
97.9,128.113008,37.964849,6545.590668000001,-23.275,39.226,277.508,0.7323612837431964
98.0,128.112883,37.964871,6550.198024800001,-24.7,39.621,277.048,0.7323612837431964
98.1,128.112759,37.964893,6554.8760952,-25.756,40.03,276.59,0.7323612837431964
98.2,128.112635,37.964914,6559.6172592,-26.492,40.445,276.127,0.7323612837431964
98.3,128.112511,37.964935,6564.4233456,-26.951,40.86,275.658,0.7323612837431964
98.4,128.112387,37.964954,6569.294659200001,-27.165,41.271,275.185,0.7323612837431964
98.5,128.112263,37.964974,6574.232419200001,-27.171,41.674,274.71,0.7323612837431964
98.6,128.11214,37.964992,6579.2372352,-27.009,42.068,274.238,0.7323612837431964
98.7,128.112018,37.96501,6584.3091072,-26.718,42.456,273.772,0.7323612837431964
98.8,128.111895,37.965027,6589.4492544,-26.442,42.834,273.305,0.7323612837431964
98.9,128.111774,37.965044,6594.6680400000005,-26.464,43.197,272.818,0.7323612837431964
99.0,128.111653,37.96506,6599.9666832,-26.797,43.553,272.319,0.7323612837431964
99.1,128.111532,37.965075,6605.3424408,-27.431,43.907,271.807,0.7323612837431964
99.2,128.111413,37.965089,6610.7937888,-28.344,44.263,271.279,0.7323612837431964
99.3,128.111294,37.965103,6616.3182888,-29.502,44.621,270.729,0.7323612837431964
99.4,128.111175,37.965116,6621.913197600001,-30.866,44.979,270.151,0.7323612837431964
99.5,128.111058,37.965128,6627.5769912000005,-32.393,45.334,269.538,0.7323612837431964
99.6,128.110941,37.965139,6633.306012,-34.039,45.685,268.884,0.7323612837431964
99.7,128.110824,37.965149,6639.097212,-35.567,46.033,268.198,0.7323612837431964
99.8,128.110708,37.965159,6644.93718,-36.515,46.39,267.502,0.7323612837431964
99.9,128.110593,37.965168,6650.816772,-36.962,46.749,266.795,0.7323612837431964
100.0,128.110478,37.965176,6656.735988,-36.96,47.103,266.084,0.7323612837431964
100.1,128.110363,37.965184,6662.696656800001,-36.577,47.447,265.381,0.7323612837431964
100.2,128.110248,37.965191,6668.699692800001,-36.021,47.778,264.687,0.7323612837431964
100.3,128.110135,37.965197,6674.755764,-35.682,48.086,263.99,0.7323612837431964
100.4,128.110022,37.965202,6680.8706616,-35.597,48.378,263.299,0.7323612837431964
100.5,128.10991,37.965207,6687.0431664,-35.783,48.661,262.614,0.7323612837431964
100.6,128.109799,37.96521,6693.2714496,-36.241,48.942,261.932,0.7323612837431964
100.7,128.109688,37.965213,6699.5536824,-36.964,49.223,261.246,0.7323612837431964
100.8,128.109578,37.965215,6705.888036,-37.93,49.505,260.552,0.7323612837431964
100.9,128.10947,37.965216,6712.2723768000005,-39.115,49.789,259.843,0.7323612837431964
101.0,128.109361,37.965217,6718.7042664,-40.484,50.073,259.113,0.7323612837431964
101.1,128.109254,37.965216,6725.181876,-42.001,50.355,258.356,0.7323612837431964
101.2,128.109148,37.965215,6731.7024624,-43.625,50.631,257.567,0.7323612837431964
101.3,128.109042,37.965213,6738.263587200001,-45.318,50.898,256.738,0.7323612837431964
101.4,128.108937,37.96521,6744.862812,-47.042,51.149,255.863,0.7323612837431964
101.5,128.108833,37.965206,6751.4973936,-48.764,51.383,254.941,0.7323612837431964
101.6,128.10873,37.965201,6758.1648936,-50.456,51.594,253.969,0.7323612837431964
101.7,128.108627,37.965196,6764.863483200001,-51.954,51.788,252.96,0.7323612837431964
101.8,128.108525,37.965189,6771.5873712,-52.931,51.977,251.934,0.7323612837431964
101.9,128.108423,37.965182,6778.3316808,-53.465,52.156,250.896,0.7323612837431964
102.0,128.108322,37.965174,6785.098545600001,-53.652,52.324,249.858,0.7323612837431964
102.1,128.108222,37.965165,6791.8894896,-53.689,52.475,248.823,0.7323612837431964
102.2,128.108123,37.965155,6798.705732,-53.781,52.605,247.789,0.7323612837431964
102.3,128.108024,37.965144,6805.5466632,-53.962,52.721,246.76,0.7323612837431964
102.4,128.107926,37.965133,6812.411368800001,-54.257,52.828,245.74,0.7323612837431964
102.5,128.107829,37.96512,6819.298324800001,-54.682,52.931,244.729,0.7323612837431964
102.6,128.107733,37.965106,6826.2066168,-55.247,53.032,243.725,0.7323612837431964
102.7,128.107638,37.965092,6833.134416,-55.955,53.131,242.725,0.7323612837431964
102.8,128.107544,37.965077,6840.080808,-56.804,53.229,241.726,0.7323612837431964
102.9,128.107451,37.965061,6847.043964,-57.785,53.325,240.723,0.7323612837431964
103.0,128.107358,37.965044,6854.022360000001,-58.884,53.415,239.714,0.7323612837431964
103.1,128.107267,37.965026,6861.0138624,-60.084,53.499,238.693,0.7323612837431964
103.2,128.107176,37.965007,6868.017252000001,-61.368,53.573,237.658,0.7323612837431964
103.3,128.107086,37.964988,6875.0300904000005,-62.714,53.634,236.607,0.7323612837431964
103.4,128.106997,37.964967,6882.0508536,-64.103,53.679,235.538,0.7323612837431964
103.5,128.10691,37.964946,6889.0777128,-65.515,53.707,234.451,0.7323612837431964
103.6,128.106823,37.964924,6896.1085344,-66.932,53.715,233.346,0.7323612837431964
103.7,128.106736,37.964901,6903.1414896,-68.337,53.702,232.223,0.7323612837431964
103.8,128.106651,37.964877,6910.1747496,-69.716,53.666,231.085,0.7323612837431964
103.9,128.106567,37.964852,6917.2061808,-71.059,53.606,229.934,0.7323612837431964
104.0,128.106484,37.964826,6924.233954400001,-72.355,53.523,228.771,0.7323612837431964
104.1,128.106401,37.964799,6931.256546400001,-73.6,53.416,227.602,0.7323612837431964
104.2,128.106319,37.964771,6938.271823200001,-74.79,53.286,226.427,0.7323612837431964
104.3,128.106239,37.964743,6945.277956000001,-75.923,53.135,225.251,0.7323612837431964
104.4,128.106159,37.964713,6952.2737256,-77.001,52.963,224.077,0.7323612837431964
104.5,128.10608,37.964683,6959.2569984,-78.027,52.772,222.908,0.7323612837431964
104.6,128.106002,37.964652,6966.2262504,-79.004,52.563,221.745,0.7323612837431964
104.7,128.105925,37.96462,6973.1805672,-79.938,52.339,220.591,0.7323612837431964
104.8,128.105849,37.964586,6980.117815200001,-80.833,52.101,219.447,0.7323612837431964
104.9,128.105774,37.964552,6987.036470400001,-81.696,51.85,218.316,0.7323612837431964
105.0,128.1057,37.964518,6993.935618400001,-82.533,51.588,217.196,0.7323612837431964
105.1,128.105627,37.964482,7000.8134304,-83.35,51.315,216.09,0.7323612837431964
105.2,128.105554,37.964445,7007.668687200001,-84.151,51.034,214.998,0.7323612837431964
105.3,128.105483,37.964407,7014.500169600001,-84.941,50.744,213.918,0.7323612837431964
105.4,128.105412,37.964369,7021.3060488,-85.723,50.445,212.851,0.7323612837431964
105.5,128.105343,37.964329,7028.085410400001,-86.501,50.139,211.798,0.7323612837431964
105.6,128.105274,37.964289,7034.8367304,-87.275,49.826,210.756,0.7323612837431964
105.7,128.105207,37.964248,7041.5584848,-88.047,49.504,209.726,0.7323612837431964
105.8,128.10514,37.964206,7048.2497592,-88.817,49.175,208.708,0.7323612837431964
105.9,128.105075,37.964163,7054.9087248000005,-89.585,48.838,207.701,0.7323612837431964
106.0,128.10501,37.964119,7061.5341624,-90.349,48.493,206.704,0.7323612837431964
106.1,128.104947,37.964074,7068.124548,-91.108,48.138,205.717,0.7323612837431964
106.2,128.104884,37.964029,7074.6786624,-91.86,47.775,204.74,0.7323612837431964
106.3,128.104823,37.963983,7081.1946768,-92.602,47.402,203.773,0.7323612837431964
106.4,128.104762,37.963935,7087.671372,-93.333,47.02,202.815,0.7323612837431964
106.5,128.104702,37.963887,7094.107224,-94.05,46.627,201.866,0.7323612837431964
106.6,128.104644,37.963838,7100.5007088,-94.751,46.225,200.926,0.7323612837431964
106.7,128.104586,37.963788,7106.849997600001,-95.433,45.812,199.996,0.7323612837431964
106.8,128.10453,37.963738,7113.154176,-96.097,45.388,199.074,0.7323612837431964
106.9,128.104474,37.963686,7119.411415200001,-96.738,44.954,198.162,0.7323612837431964
107.0,128.10442,37.963634,7125.6204960000005,-97.358,44.51,197.26,0.7323612837431964
107.1,128.104366,37.963581,7131.7801992,-97.954,44.056,196.367,0.7323612837431964
107.2,128.104314,37.963527,7137.888696000001,-98.526,43.592,195.483,0.7323612837431964
107.3,128.104262,37.963472,7143.945072,-99.074,43.118,194.609,0.7323612837431964
107.4,128.104212,37.963416,7149.9478032,-99.599,42.635,193.745,0.7323612837431964
107.5,128.104163,37.96336,7155.895670400001,-100.1,42.142,192.89,0.7323612837431964
107.6,128.104115,37.963303,7161.787454400001,-100.579,41.641,192.045,0.7323612837431964
107.7,128.104068,37.963245,7167.621631200001,-101.037,41.132,191.209,0.7323612837431964
107.8,128.104022,37.963186,7173.397286400001,-101.475,40.614,190.382,0.7323612837431964
107.9,128.103977,37.963126,7179.1132008,-101.894,40.089,189.564,0.7323612837431964
108.0,128.103933,37.963066,7184.767545600001,-102.295,39.557,188.755,0.7323612837431964
108.1,128.10389,37.963005,7190.359406400001,-102.679,39.018,187.953,0.7323612837431964
108.2,128.103848,37.962943,7195.887564000001,-103.048,38.473,187.16,0.7323612837431964
108.3,128.103808,37.96288,7201.3504944,-103.402,37.921,186.375,0.7323612837431964
108.4,128.103768,37.962817,7206.747588000001,-103.742,37.363,185.596,0.7323612837431964
108.5,128.10373,37.962753,7212.077016,-104.07,36.799,184.825,0.7323612837431964
108.6,128.103693,37.962688,7217.337864,-104.385,36.229,184.061,0.7323612837431964
108.7,128.103657,37.962623,7222.5289128,-104.689,35.654,183.303,0.7323612837431964
108.8,128.103622,37.962556,7227.649248,-104.981,35.073,182.551,0.7323612837431964
108.9,128.103588,37.96249,7232.6973456000005,-105.262,34.488,181.806,0.7323612837431964
109.0,128.103555,37.962422,7237.672596,-105.533,33.897,181.066,0.7323612837431964
109.1,128.103524,37.962354,7242.5734752,-105.793,33.301,180.332,0.7323612837431964
109.2,128.103493,37.962285,7247.3993736,-106.043,32.7,179.603,0.7323612837431964
109.3,128.103464,37.962215,7252.1481576,-106.283,32.094,178.88,0.7323612837431964
109.4,128.103436,37.962145,7256.8195224,-106.512,31.482,178.16,0.7323612837431964
109.5,128.103409,37.962074,7261.411944,-106.732,30.866,177.445,0.7323612837431964
109.6,128.103384,37.962002,7265.9235936,-106.941,30.245,176.733,0.7323612837431964
109.7,128.103359,37.96193,7270.3538616,-107.139,29.619,176.026,0.7323612837431964
109.8,128.103336,37.961857,7274.701224,-107.327,28.988,175.321,0.7323612837431964
109.9,128.103314,37.961783,7278.964156800001,-107.503,28.351,174.62,0.7323612837431964
110.0,128.103293,37.961709,7283.141745600001,-107.669,27.71,173.922,0.7323612837431964
110.1,128.103274,37.961634,7287.2324664,-107.823,27.064,173.226,0.7323612837431964
110.2,128.103256,37.961559,7291.2347952,-107.966,26.413,172.533,0.7323612837431964
110.3,128.103238,37.961483,7295.1469032,-108.098,25.757,171.842,0.7323612837431964
110.4,128.103223,37.961407,7298.967876,-108.217,25.097,171.153,0.7323612837431964
110.5,128.103208,37.96133,7302.6964944,-108.322,24.43,170.466,0.7323612837431964
110.6,128.103195,37.961253,7306.3315391999995,-108.402,23.751,169.785,0.7323612837431964
110.7,128.103183,37.961175,7309.8714864,-108.452,23.056,169.11,0.7323612837431964
110.8,128.103172,37.961097,7313.3154216,-108.478,22.347,168.441,0.7323612837431964
110.9,128.103162,37.961018,7316.6618208,-108.487,21.628,167.777,0.7323612837431964
111.0,128.103154,37.960939,7319.910074400001,-108.484,20.9,167.116,0.7323612837431964
111.1,128.103147,37.960859,7323.0583536,-108.476,20.166,166.46,0.7323612837431964
111.2,128.103141,37.960779,7326.1054392,-108.468,19.427,165.806,0.7323612837431964
111.3,128.103137,37.960699,7329.0507216000005,-108.466,18.685,165.154,0.7323612837431964
111.4,128.103134,37.960618,7331.892372,-108.472,17.941,164.504,0.7323612837431964
111.5,128.103132,37.960537,7334.629476,-108.491,17.195,163.855,0.7323612837431964
111.6,128.103131,37.960456,7337.260509600001,-108.525,16.448,163.206,0.7323612837431964
111.7,128.103132,37.960375,7339.784558400001,-108.576,15.7,162.558,0.7323612837431964
111.8,128.103134,37.960293,7342.2000984,-108.643,14.951,161.909,0.7323612837431964
111.9,128.103137,37.96021,7344.506215200001,-108.725,14.202,161.261,0.7323612837431964
112.0,128.103142,37.960128,7346.7013848,-108.823,13.452,160.613,0.7323612837431964
112.1,128.103148,37.960045,7348.784997600001,-108.933,12.7,159.964,0.7323612837431964
112.2,128.103155,37.959963,7350.754920000001,-109.047,11.946,159.314,0.7323612837431964
112.3,128.103163,37.95988,7352.611152000001,-109.14,11.191,158.663,0.7323612837431964
112.4,128.103173,37.959797,7354.352169600001,-109.194,10.436,158.01,0.7323612837431964
112.5,128.103184,37.959713,7355.9770584,-109.215,9.679,157.356,0.7323612837431964
112.6,128.103196,37.95963,7357.484904,-109.187,8.922,156.702,0.7323612837431964
112.7,128.103209,37.959547,7358.876316,-109.092,8.166,156.049,0.7323612837431964
112.8,128.103224,37.959463,7360.1500752,-108.958,7.41,155.399,0.7323612837431964
112.9,128.10324,37.95938,7361.3046576,-108.828,6.655,154.753,0.7323612837431964
113.0,128.103257,37.959296,7362.3397584,-108.711,5.9,154.111,0.7323612837431964
113.1,128.103275,37.959213,7363.2541584,-108.609,5.145,153.471,0.7323612837431964
113.2,128.103295,37.959129,7364.0475528,-108.522,4.389,152.831,0.7323612837431964
113.3,128.103316,37.959046,7364.7184176,-108.452,3.634,152.187,0.7323612837431964
113.4,128.103338,37.958962,7365.2667528,-108.4,2.879,151.54,0.7323612837431964
113.5,128.103362,37.958879,7365.6919488,-108.363,2.126,150.891,0.7323612837431964
113.6,128.103386,37.958796,7365.993700800001,-108.339,1.375,150.241,0.7323612837431964
113.7,128.103412,37.958713,7366.171704,-108.325,0.625,149.591,0.7323612837431964
113.8,128.103439,37.95863,7366.2247392,-108.318,-0.123,148.94,0.7323612837431964
113.9,128.103468,37.958547,7366.1528064,-108.315,-0.871,148.29,0.7323612837431964
114.0,128.103498,37.958464,7365.955296,-108.314,-1.619,147.638,0.7323612837431964
114.1,128.103529,37.958381,7365.6309888,-108.311,-2.368,146.985,0.7323612837431964
114.2,128.103561,37.958299,7365.1792752,-108.304,-3.119,146.33,0.7323612837431964
114.3,128.103595,37.958217,7364.600155200001,-108.292,-3.871,145.672,0.7323612837431964
114.4,128.10363,37.958134,7363.8921048,-108.273,-4.626,145.01,0.7323612837431964
114.5,128.103666,37.958052,7363.054819200001,-108.246,-5.383,144.344,0.7323612837431964
114.6,128.103703,37.95797,7362.0876888,-108.209,-6.143,143.674,0.7323612837431964
114.7,128.103742,37.957889,7360.9891896,-108.164,-6.904,143.0,0.7323612837431964
114.8,128.103782,37.957807,7359.7590168,-108.111,-7.667,142.322,0.7323612837431964
114.9,128.103824,37.957726,7358.395951200001,-108.05,-8.432,141.639,0.7323612837431964
115.0,128.103866,37.957645,7356.899383200001,-107.983,-9.198,140.95,0.7323612837431964
115.1,128.10391,37.957564,7355.2680936,-107.91,-9.965,140.255,0.7323612837431964
115.2,128.103956,37.957484,7353.5017776,-107.835,-10.734,139.554,0.7323612837431964
115.3,128.104002,37.957404,7351.598911200001,-107.757,-11.503,138.846,0.7323612837431964
115.4,128.10405,37.957324,7349.5594944,-107.678,-12.274,138.13,0.7323612837431964
115.5,128.1041,37.957244,7347.382308,-107.601,-13.045,137.405,0.7323612837431964
115.6,128.10415,37.957165,7345.067047200001,-107.526,-13.817,136.671,0.7323612837431964
115.7,128.104202,37.957086,7342.612492800001,-107.454,-14.589,135.929,0.7323612837431964
115.8,128.104256,37.957008,7340.0183400000005,-107.388,-15.362,135.177,0.7323612837431964
115.9,128.10431,37.95693,7337.283674400001,-107.328,-16.134,134.416,0.7323612837431964
116.0,128.104366,37.956852,7334.4075816,-107.275,-16.906,133.646,0.7323612837431964
116.1,128.104423,37.956775,7331.3900616,-107.23,-17.678,132.867,0.7323612837431964
116.2,128.104482,37.956699,7328.2292856,-107.193,-18.449,132.08,0.7323612837431964
116.3,128.104542,37.956623,7324.9249488000005,-107.165,-19.219,131.284,0.7323612837431964
116.4,128.104603,37.956547,7321.475832,-107.145,-19.988,130.479,0.7323612837431964
116.5,128.104665,37.956472,7317.8813256,-107.134,-20.756,129.666,0.7323612837431964
116.6,128.104729,37.956398,7314.140515200001,-107.131,-21.523,128.845,0.7323612837431964
116.7,128.104793,37.956324,7310.252486400001,-107.134,-22.29,128.015,0.7323612837431964
116.8,128.10486,37.956251,7306.216324800001,-107.144,-23.057,127.177,0.7323612837431964
116.9,128.104927,37.956179,7302.031116,-107.159,-23.823,126.329,0.7323612837431964
117.0,128.104996,37.956108,7297.6962504,-107.179,-24.589,125.473,0.7323612837431964
117.1,128.105065,37.956037,7293.2105088,-107.202,-25.355,124.608,0.7323612837431964
117.2,128.105136,37.955967,7288.5732816,-107.229,-26.122,123.733,0.7323612837431964
117.3,128.105208,37.955897,7283.7836544,-107.258,-26.889,122.849,0.7323612837431964
117.4,128.105282,37.955829,7278.840408,-107.288,-27.657,121.955,0.7323612837431964
117.5,128.105356,37.955761,7273.742932800001,-107.32,-28.425,121.05,0.7323612837431964
117.6,128.105432,37.955695,7268.4897048,-107.353,-29.193,120.136,0.7323612837431964
117.7,128.105509,37.955629,7263.080114400001,-107.387,-29.962,119.21,0.7323612837431964
117.8,128.105587,37.955564,7257.512942400001,-107.421,-30.732,118.274,0.7323612837431964
117.9,128.105666,37.9555,7251.786664800001,-107.457,-31.502,117.326,0.7323612837431964
118.0,128.105746,37.955437,7245.9003672,-107.494,-32.272,116.368,0.7323612837431964
118.1,128.105827,37.955375,7239.851916,-107.533,-33.043,115.397,0.7323612837431964
118.2,128.105909,37.955314,7233.6403968,-107.574,-33.814,114.414,0.7323612837431964
118.3,128.105992,37.955255,7227.2648952,-107.618,-34.586,113.419,0.7323612837431964
118.4,128.106077,37.955196,7220.723582400001,-107.665,-35.358,112.41,0.7323612837431964
118.5,128.106162,37.955139,7214.0158488,-107.714,-36.131,111.386,0.7323612837431964
118.6,128.106248,37.955082,7207.140170400001,-107.767,-36.904,110.347,0.7323612837431964
118.7,128.106335,37.955027,7200.095937600001,-107.823,-37.679,109.292,0.7323612837431964
118.8,128.106423,37.954973,7192.882236,-107.883,-38.455,108.22,0.7323612837431964
118.9,128.106512,37.954921,7185.497541600001,-107.945,-39.232,107.131,0.7323612837431964
119.0,128.106601,37.95487,7177.9415496,-108.009,-40.01,106.023,0.7323612837431964
119.1,128.106692,37.95482,7170.2130408,-108.076,-40.789,104.897,0.7323612837431964
119.2,128.106783,37.954771,7162.3111008000005,-108.143,-41.57,103.751,0.7323612837431964
119.3,128.106875,37.954724,7154.2348152,-108.21,-42.353,102.585,0.7323612837431964
119.4,128.106967,37.954678,7145.9832696,-108.277,-43.137,101.399,0.7323612837431964
119.5,128.10706,37.954634,7137.5558544000005,-108.341,-43.922,100.191,0.7323612837431964
119.6,128.107153,37.954591,7128.951350400001,-108.403,-44.709,98.961,0.7323612837431964
119.7,128.107247,37.95455,7120.169148,-108.46,-45.498,97.708,0.7323612837431964
119.8,128.107342,37.954511,7111.208637600001,-108.512,-46.289,96.431,0.7323612837431964
119.9,128.107436,37.954473,7102.0689048,-108.557,-47.08,95.129,0.7323612837431964
120.0,128.107531,37.954436,7092.7490352,-108.593,-47.874,93.801,0.7323612837431964
120.1,128.107627,37.954401,7083.249028800001,-108.62,-48.668,92.446,0.7323612837431964
120.2,128.107722,37.954368,7073.568276,-108.635,-49.465,91.063,0.7323612837431964
120.3,128.107817,37.954337,7063.7058624,-108.638,-50.262,89.651,0.7323612837431964
120.4,128.107913,37.954307,7053.661788,-108.625,-51.061,88.207,0.7323612837431964
120.5,128.108008,37.954279,7043.4354432,-108.596,-51.861,86.731,0.7323612837431964
120.6,128.108103,37.954252,7033.027132800001,-108.55,-52.662,85.22,0.7323612837431964
120.7,128.108199,37.954228,7022.436856800001,-108.484,-53.464,83.673,0.7323612837431964
120.8,128.108293,37.954205,7011.664005600001,-108.399,-54.265,82.088,0.7323612837431964
120.9,128.108388,37.954184,7000.7091887999995,-108.291,-55.066,80.461,0.7323612837431964
121.0,128.108481,37.954165,6989.571796800001,-108.16,-55.865,78.792,0.7323612837431964
121.1,128.108575,37.954147,6978.2521344,-108.003,-56.662,77.077,0.7323612837431964
121.2,128.108667,37.954132,6966.749896800001,-107.817,-57.458,75.314,0.7323612837431964
121.3,128.108759,37.954118,6955.065084000001,-107.6,-58.25,73.5,0.7323612837431964
121.4,128.10885,37.954106,6943.198000800001,-107.349,-59.039,71.633,0.7323612837431964
121.5,128.108941,37.954096,6931.148647200001,-107.059,-59.824,69.707,0.7323612837431964
121.6,128.10903,37.954088,6918.916718400001,-106.727,-60.604,67.721,0.7323612837431964
121.7,128.109118,37.954081,6906.503128800001,-106.348,-61.379,65.669,0.7323612837431964
121.8,128.109205,37.954077,6893.907268800001,-105.919,-62.148,63.547,0.7323612837431964
121.9,128.10929,37.954074,6881.1300528,-105.433,-62.911,61.35,0.7323612837431964
122.0,128.109374,37.954073,6868.1714808,-104.887,-63.665,59.074,0.7323612837431964
122.1,128.109457,37.954073,6855.0321624,-104.274,-64.41,56.711,0.7323612837431964
122.2,128.109538,37.954076,6841.712097600001,-103.59,-65.144,54.257,0.7323612837431964
122.3,128.109617,37.95408,6828.2125056,-102.828,-65.866,51.703,0.7323612837431964
122.4,128.109694,37.954086,6814.5336912,-101.982,-66.574,49.044,0.7323612837431964
122.5,128.10977,37.954093,6800.675959200001,-101.045,-67.265,46.272,0.7323612837431964
122.6,128.109843,37.954102,6786.640224000001,-100.012,-67.937,43.381,0.7323612837431964
122.7,128.109915,37.954113,6772.425876,-98.876,-68.588,40.363,0.7323612837431964
122.8,128.109984,37.954125,6758.033220000001,-97.632,-69.214,37.213,0.7323612837431964
122.9,128.11005,37.954139,6743.4613416,-96.278,-69.809,33.923,0.7323612837431964
123.0,128.110115,37.954154,6728.710850400001,-94.811,-70.367,30.489,0.7323612837431964
123.1,128.110176,37.954171,6713.782356000001,-93.226,-70.882,26.908,0.7323612837431964
123.2,128.110235,37.954189,6698.6767728,-91.521,-71.35,23.179,0.7323612837431964
123.3,128.110292,37.954208,6683.3956248,-89.692,-71.767,19.307,0.7323612837431964
123.4,128.110345,37.954228,6667.940740800001,-87.733,-72.13,15.298,0.7323612837431964
123.5,128.110396,37.95425,6652.315168800001,-85.635,-72.442,11.162,0.7323612837431964
123.6,128.110443,37.954273,6636.5222616,-83.388,-72.704,6.905,0.7323612837431964
123.7,128.110487,37.954296,6620.5726872000005,-80.991,-72.915,2.533,0.7323612837431964
123.8,128.110528,37.954321,6604.4804664,-78.448,-73.066,358.054,0.7323612837431964
123.9,128.110566,37.954346,6588.248647200001,-75.771,-73.166,353.496,0.7323612837431964
124.0,128.1106,37.954372,6571.8805824,-72.96,-73.226,348.877,0.7323612837431964
124.1,128.110631,37.954398,6555.377491200001,-69.992,-73.249,344.205,0.7323612837431964
124.2,128.110658,37.954425,6538.741507199999,-66.775,-73.232,339.497,0.7323612837431964
124.3,128.110682,37.954453,6521.975983200001,-63.241,-73.166,334.782,0.7323612837431964
124.4,128.110702,37.95448,6505.0861008,-59.503,-73.048,330.091,0.7323612837431964
124.5,128.110719,37.954508,6488.078565600001,-55.799,-72.878,325.451,0.7323612837431964
124.6,128.110732,37.954537,6470.960083200001,-52.388,-72.658,320.873,0.7323612837431964
124.7,128.110741,37.954565,6453.7370544000005,-49.408,-72.386,316.367,0.7323612837431964
124.8,128.110746,37.954594,6436.415270400001,-46.913,-72.063,311.941,0.7323612837431964
124.9,128.110747,37.954622,6419.0017416,-44.916,-71.691,307.604,0.7323612837431964
125.0,128.110744,37.95465,6401.502564,-43.314,-71.275,303.366,0.7323612837431964
125.1,128.110737,37.954678,6383.9226144,-41.911,-70.814,299.253,0.7323612837431964
125.2,128.110726,37.954705,6366.267074400001,-40.583,-70.308,295.298,0.7323612837431964
125.3,128.110711,37.954732,6348.540516,-39.277,-69.758,291.536,0.7323612837431964
125.4,128.110693,37.954758,6330.7487304,-37.98,-69.16,287.999,0.7323612837431964
125.5,128.11067,37.954782,6312.8965944,-36.701,-68.512,284.718,0.7323612837431964
125.6,128.110644,37.954806,6294.988070400001,-35.451,-67.81,281.716,0.7323612837431964
125.7,128.110614,37.954828,6277.02834,-34.242,-67.055,279.006,0.7323612837431964
125.8,128.110581,37.95485,6259.02228,-33.076,-66.252,276.586,0.7323612837431964
125.9,128.110543,37.95487,6240.976291200001,-31.942,-65.406,274.437,0.7323612837431964
126.0,128.110503,37.954888,6222.8964696,-30.821,-64.525,272.531,0.7323612837431964
126.1,128.110458,37.954905,6204.79074,-29.701,-63.617,270.835,0.7323612837431964
126.2,128.110411,37.954921,6186.6667224,-28.574,-62.686,269.315,0.7323612837431964
126.3,128.110359,37.954935,6168.532951200001,-27.436,-61.74,267.94,0.7323612837431964
126.4,128.110304,37.954947,6150.3973512,-26.283,-60.782,266.68,0.7323612837431964
126.5,128.110245,37.954958,6132.268761599999,-25.137,-59.814,265.517,0.7323612837431964
126.6,128.110182,37.954967,6114.1560216,-24.03,-58.837,264.443,0.7323612837431964
126.7,128.110116,37.954975,6096.066751200001,-22.988,-57.851,263.452,0.7323612837431964
126.8,128.110046,37.954981,6078.0094848,-22.029,-56.853,262.535,0.7323612837431964
126.9,128.109973,37.954985,6059.991842400001,-21.161,-55.845,261.686,0.7323612837431964
127.0,128.109896,37.954988,6042.0223584000005,-20.382,-54.828,260.898,0.7323612837431964
127.1,128.109815,37.954989,6024.1089576,-19.685,-53.803,260.164,0.7323612837431964
127.2,128.109731,37.954988,6006.259564800001,-19.061,-52.773,259.476,0.7323612837431964
127.3,128.109643,37.954986,5988.4824096,-18.499,-51.737,258.83,0.7323612837431964
127.4,128.109551,37.954982,5970.7863312,-17.989,-50.697,258.219,0.7323612837431964
127.5,128.109456,37.954977,5953.1792544,-17.52,-49.654,257.639,0.7323612837431964
127.6,128.109358,37.95497,5935.6697136,-17.085,-48.609,257.088,0.7323612837431964
127.7,128.109256,37.954961,5918.265938400001,-16.676,-47.562,256.561,0.7323612837431964
127.8,128.10915,37.95495,5900.976768,-16.289,-46.513,256.058,0.7323612837431964
127.9,128.109041,37.954938,5883.8107368,-15.919,-45.463,255.576,0.7323612837431964
128.0,128.108929,37.954924,5866.775769600001,-15.562,-44.411,255.114,0.7323612837431964
128.1,128.108813,37.954908,5849.880096000001,-15.214,-43.358,254.671,0.7323612837431964
128.2,128.108694,37.954891,5833.1322504,-14.875,-42.303,254.246,0.7323612837431964
128.3,128.108572,37.954872,5816.5404624,-14.545,-41.248,253.838,0.7323612837431964
128.4,128.108446,37.954852,5800.112047200001,-14.222,-40.191,253.446,0.7323612837431964
128.5,128.108317,37.954829,5783.8555392,-13.908,-39.133,253.069,0.7323612837431964
128.6,128.108185,37.954805,5767.7788632,-13.602,-38.075,252.708,0.7323612837431964
128.7,128.10805,37.95478,5751.8890296,-13.306,-37.016,252.361,0.7323612837431964
128.8,128.107912,37.954752,5736.1945728,-13.019,-35.956,252.027,0.7323612837431964
128.9,128.107771,37.954723,5720.7025032,-12.741,-34.895,251.706,0.7323612837431964
129.0,128.107627,37.954693,5705.420136000001,-12.474,-33.834,251.397,0.7323612837431964
129.1,128.10748,37.954661,5690.3547864,-12.215,-32.773,251.099,0.7323612837431964
129.2,128.10733,37.954627,5675.5134648,-11.965,-31.711,250.813,0.7323612837431964
129.3,128.107177,37.954592,5660.9028768,-11.719,-30.649,250.536,0.7323612837431964
129.4,128.107021,37.954555,5646.529423200001,-11.476,-29.587,250.269,0.7323612837431964
129.5,128.106863,37.954516,5632.4001144,-11.235,-28.525,250.012,0.7323612837431964
129.6,128.106702,37.954476,5618.5204368,-10.997,-27.462,249.764,0.7323612837431964
129.7,128.106539,37.954435,5604.8974008000005,-10.759,-26.4,249.525,0.7323612837431964
129.8,128.106373,37.954392,5591.536797600001,-10.522,-25.338,249.295,0.7323612837431964
129.9,128.106204,37.954347,5578.4444184,-10.287,-24.277,249.074,0.7323612837431964
130.0,128.106033,37.954301,5565.6361128,-10.145,-23.217,248.854,0.7323612837431964
130.1,128.10586,37.954254,5553.1472376,-10.462,-22.161,248.617,0.7323612837431964
130.2,128.105684,37.954205,5541.0073584,-11.488,-21.103,248.346,0.7323612837431964
130.3,128.105506,37.954154,5529.187519200001,-12.614,-20.022,248.058,0.7323612837431964
130.4,128.105326,37.954102,5517.631332,-13.042,-18.918,247.763,0.7323612837431964
130.5,128.105144,37.954049,5506.344892800001,-12.812,-17.82,247.457,0.7323612837431964
130.6,128.10496,37.953994,5495.350147200001,-12.194,-16.741,247.153,0.7323612837431964
130.7,128.104774,37.953937,5484.67788,-11.698,-15.682,246.85,0.7323612837431964
130.8,128.104587,37.953879,5474.4073392,-12.208,-14.642,246.519,0.7323612837431964
130.9,128.104397,37.95382,5464.5662616,-13.831,-13.596,246.154,0.7323612837431964
131.0,128.104206,37.953758,5455.0891152,-15.352,-12.509,245.781,0.7323612837431964
131.1,128.104014,37.953695,5445.885679200001,-15.503,-11.382,245.415,0.7323612837431964
131.2,128.10382,37.953631,5436.945590400001,-14.554,-10.26,245.046,0.7323612837431964
131.3,128.103626,37.953566,5428.316092800001,-13.214,-9.172,244.69,0.7323612837431964
131.4,128.10343,37.953499,5420.0752152000005,-12.592,-8.123,244.337,0.7323612837431964
131.5,128.103233,37.95343,5412.2982432,-13.454,-7.091,243.965,0.7323612837431964
131.6,128.103035,37.953359,5404.981214400001,-15.545,-6.04,243.561,0.7323612837431964
131.7,128.102836,37.953287,5398.072922400001,-17.666,-4.95,243.135,0.7323612837431964
131.8,128.102636,37.953214,5391.4721736,-18.026,-3.813,242.715,0.7323612837431964
131.9,128.102436,37.953139,5385.110692800001,-16.615,-2.667,242.299,0.7323612837431964
132.0,128.102235,37.953064,5379.041210400001,-14.519,-1.563,241.902,0.7323612837431964
132.1,128.102034,37.952986,5373.3640056,-13.198,-0.516,241.525,0.7323612837431964
132.2,128.101833,37.952908,5368.1659464,-13.551,0.505,241.154,0.7323612837431964
132.3,128.101632,37.952828,5363.4549576,-15.398,1.542,240.766,0.7323612837431964
132.4,128.10143,37.952746,5359.202388000001,-18.164,2.608,240.33,0.7323612837431964
132.5,128.101229,37.952663,5355.3231983999995,-20.137,3.716,239.869,0.7323612837431964
132.6,128.101027,37.952579,5351.7158904,-19.426,4.862,239.426,0.7323612837431964
132.7,128.100826,37.952494,5348.317065600001,-16.54,6.004,239.009,0.7323612837431964
132.8,128.100624,37.952408,5345.2126776000005,-13.577,7.078,238.625,0.7323612837431964
132.9,128.100423,37.952321,5342.5185504,-12.541,8.082,238.272,0.7323612837431964
133.0,128.100223,37.952233,5340.320942400001,-13.395,9.069,237.946,0.7323612837431964
133.1,128.100023,37.952143,5338.6174152,-15.812,10.082,237.591,0.7323612837431964
133.2,128.099824,37.952053,5337.3759648000005,-19.007,11.127,237.173,0.7323612837431964
133.3,128.099626,37.951961,5336.4893016000005,-21.071,12.216,236.717,0.7323612837431964
133.4,128.099428,37.951869,5335.847697600001,-20.442,13.338,236.257,0.7323612837431964
133.5,128.09923,37.951775,5335.389888000001,-17.589,14.451,235.824,0.7323612837431964
133.6,128.099033,37.951681,5335.2106656000005,-14.584,15.486,235.432,0.7323612837431964
133.7,128.098836,37.951586,5335.4307312,-13.534,16.446,235.08,0.7323612837431964
133.8,128.098642,37.95149,5336.139696,-14.408,17.39,234.762,0.7323612837431964
133.9,128.098448,37.951394,5337.339084000001,-16.868,18.366,234.409,0.7323612837431964
134.0,128.098256,37.951296,5338.9795176,-19.66,19.388,234.008,0.7323612837431964
134.1,128.098065,37.951198,5340.9552312000005,-20.576,20.467,233.59,0.7323612837431964
134.2,128.097875,37.951099,5343.168079200001,-19.296,21.572,233.155,0.7323612837431964
134.3,128.097686,37.950999,5345.6244624,-16.776,22.651,232.739,0.7323612837431964
134.4,128.097498,37.950899,5348.420392800001,-14.576,23.668,232.367,0.7323612837431964
134.5,128.097312,37.950798,5351.6378616,-13.816,24.649,232.034,0.7323612837431964
134.6,128.097128,37.950697,5355.3280752,-14.941,25.637,231.699,0.7323612837431964
134.7,128.096945,37.950596,5359.464516,-17.259,26.66,231.335,0.7323612837431964
134.8,128.096765,37.950495,5363.947514400001,-18.846,27.736,230.956,0.7323612837431964
134.9,128.096586,37.950392,5368.6752672,-18.213,28.851,230.582,0.7323612837431964
135.0,128.096408,37.95029,5373.6078456000005,-15.844,29.955,230.225,0.729736759771647
135.1,128.096231,37.950187,5378.8141344,-13.307,30.991,229.904,0.7260680934743471
135.2,128.096056,37.950085,5384.386488000001,-12.227,31.968,229.613,0.7222109791034487
135.3,128.095884,37.949982,5390.401106400001,-13.154,32.927,229.324,0.7222109791034487
135.4,128.095715,37.94988,5396.8570752,-15.797,33.913,228.987,0.7222109791034487
135.5,128.095548,37.949778,5403.720256800001,-19.489,34.929,228.549,0.7143295307557833
135.6,128.095384,37.949676,5410.911708,-22.481,35.98,228.026,0.6994855379019914
135.7,128.095221,37.949574,5418.343646400001,-22.761,37.065,227.469,0.6795062816793972
135.8,128.09506,37.949472,5425.9386527999995,-20.553,38.15,226.904,0.6553397196312823
135.9,128.0949,37.949369,5433.693679200001,-17.353,39.181,226.376,0.627031128294626
136.0,128.094741,37.949267,5441.6907168,-15.969,40.109,225.861,0.5946279637332598
136.1,128.094586,37.949165,5450.0138904000005,-16.458,40.97,225.36,0.5659584121331742
136.2,128.094433,37.949064,5458.7229408,-18.611,41.809,224.814,0.5508443957605377
136.3,128.094285,37.948963,5467.808114400001,-22.124,42.668,224.156,0.5482288497944313
136.4,128.09414,37.948863,5477.2435032,-26.625,43.539,223.329,0.5482288497944313
136.5,128.093999,37.948763,5487.0038088,-31.745,44.392,222.291,0.5482288497944313
136.6,128.093862,37.948663,5497.0622088,-37.167,45.193,221.013,0.5482288497944313
136.7,128.093729,37.948563,5507.3888328,-42.637,45.912,219.489,0.5482288497944313
136.8,128.093601,37.948463,5517.9480192,-47.833,46.532,217.738,0.5482288497944313
136.9,128.093476,37.948362,5528.698924800001,-52.326,47.049,215.801,0.5482288497944313
137.0,128.093355,37.948261,5539.6189944,-56.067,47.456,213.728,0.5482288497944313
137.1,128.093238,37.948158,5550.6935976,-59.179,47.757,211.573,0.5482288497944313
137.2,128.093125,37.948055,5561.9099328,-61.81,47.971,209.382,0.5482288497944313
137.3,128.093017,37.947952,5573.2567224,-64.121,48.118,207.186,0.5482288497944313
137.4,128.092912,37.947847,5584.722993599999,-66.251,48.214,205.003,0.5482288497944313
137.5,128.092812,37.947741,5596.298688000001,-68.32,48.269,202.841,0.5482288497944313
137.6,128.092717,37.947635,5607.9728328,-70.427,48.287,200.7,0.5482288497944313
137.7,128.092626,37.947528,5619.73476,-72.621,48.271,198.58,0.5482288497944313
137.8,128.09254,37.94742,5631.5716680000005,-74.908,48.218,196.477,0.5482288497944313
137.9,128.092458,37.947311,5643.4719744,-77.271,48.125,194.393,0.5482288497944313
138.0,128.092381,37.947202,5655.423182400001,-79.68,47.986,192.328,0.5482288497944313
138.1,128.092308,37.947091,5667.413100000001,-82.105,47.799,190.284,0.5482288497944313
138.2,128.09224,37.94698,5679.4295352,-84.512,47.562,188.267,0.5482288497944313
138.3,128.092176,37.946868,5691.4606008,-86.873,47.274,186.28,0.5482288497944313
138.4,128.092117,37.946756,5703.495019200001,-89.162,46.939,184.327,0.5482288497944313
138.5,128.092062,37.946643,5715.5209032,-91.366,46.56,182.412,0.5482288497944313
138.6,128.092011,37.946529,5727.5275848,-93.483,46.136,180.538,0.5482288497944313
138.7,128.091965,37.946414,5739.504396,-95.515,45.669,178.706,0.5482288497944313
138.8,128.091924,37.946299,5751.4394496,-97.598,45.147,176.921,0.5482288497944313
138.9,128.091887,37.946183,5763.3147624,-100.067,44.55,175.189,0.5482288497944313
139.0,128.091855,37.946066,5775.113265600001,-102.907,43.888,173.495,0.5482288497944313
139.1,128.091829,37.945949,5786.8185,-106.046,43.158,171.838,0.5482288497944313
139.2,128.091807,37.945831,5798.4137016,-109.391,42.352,170.228,0.5482288497944313
139.3,128.09179,37.945712,5809.8821064,-112.863,41.471,168.672,0.5482288497944313
139.4,128.091777,37.945593,5821.2063408,-116.385,40.515,167.178,0.5482288497944313
139.5,128.091769,37.945473,5832.3696408000005,-119.886,39.484,165.753,0.5482288497944313
139.6,128.091766,37.945352,5843.354937600001,-123.296,38.371,164.409,0.5482288497944313
139.7,128.091767,37.945231,5854.146076800001,-126.566,37.171,163.158,0.5482288497944313
139.8,128.091772,37.945108,5864.7262944,-129.679,35.888,162.007,0.5482288497944313
139.9,128.091781,37.944985,5875.0797408,-132.638,34.528,160.956,0.5482288497944313
140.0,128.091794,37.944861,5885.191176,-135.455,33.099,160.004,0.5482288497944313
140.1,128.09181,37.944736,5895.0444456000005,-138.146,31.611,159.147,0.5482288497944313
140.2,128.091831,37.94461,5904.626138400001,-140.725,30.069,158.386,0.5482288497944313
140.3,128.091855,37.944483,5913.9216240000005,-143.204,28.478,157.72,0.5482288497944313
140.4,128.091882,37.944355,5922.917796000001,-145.604,26.844,157.148,0.5482288497944313
140.5,128.091913,37.944226,5931.601548,-147.949,25.175,156.664,0.5482288497944313
140.6,128.091946,37.944097,5939.9603832,-150.265,23.476,156.263,0.5482288497944313
140.7,128.091983,37.943966,5947.981804800001,-152.579,21.754,155.939,0.5482288497944313
140.8,128.092023,37.943835,5955.65484,-154.916,20.016,155.685,0.5482288497944313
140.9,128.092065,37.943703,5962.9676016,-157.296,18.267,155.496,0.5482288497944313
141.0,128.092109,37.94357,5969.9100312,-159.734,16.51,155.366,0.5482288497944313
141.1,128.092156,37.943436,5976.471765600001,-162.226,14.748,155.3,0.5482288497944313
141.2,128.092205,37.943301,5982.644270400001,-164.758,12.978,155.309,0.5482288497944313
141.3,128.092256,37.943165,5988.418401600001,-167.325,11.201,155.398,0.5482288497944313
141.4,128.092309,37.943029,5993.7865392,-169.932,9.42,155.57,0.5482288497944313
141.5,128.092363,37.942891,5998.741368,-172.587,7.637,155.823,0.5482288497944313
141.6,128.092418,37.942753,6003.276487200001,-175.303,5.857,156.157,0.5482288497944313
141.7,128.092474,37.942615,6007.3903728000005,-178.091,4.086,156.569,0.5482288497944313
141.8,128.092531,37.942475,6011.081805600001,179.041,2.328,157.058,0.5482288497944313
141.9,128.092589,37.942335,6014.356272,176.131,0.59,157.61,0.5482288497944313
142.0,128.092647,37.942195,6017.2195632,173.272,-1.12,158.203,0.5482288497944313
142.1,128.092705,37.942053,6019.667412,170.379,-2.794,158.863,0.5482288497944313
142.2,128.092762,37.941912,6021.7001232,167.395,-4.427,159.595,0.5482288497944313
142.3,128.09282,37.941769,6023.321964000001,164.335,-6.012,160.404,0.5482288497944313
142.4,128.092877,37.941626,6024.5445168,161.32,-7.544,161.299,0.5482288497944313
142.5,128.092933,37.941483,6025.3772304,158.47,-9.017,162.28,0.5482288497944313
142.6,128.092988,37.941339,6025.8198,155.628,-10.426,163.335,0.5482288497944313
142.7,128.093042,37.941195,6025.8743592,152.685,-11.769,164.46,0.5482288497944313
142.8,128.093095,37.94105,6025.5463944,149.593,-13.042,165.651,0.5482288497944313
142.9,128.093147,37.940905,6024.8450496000005,146.352,-14.239,166.909,0.5482288497944313
143.0,128.093197,37.94076,6023.7794688,142.975,-15.353,168.237,0.5482288497944313
143.1,128.093245,37.940614,6022.360015200001,139.47,-16.376,169.633,0.5482288497944313
143.2,128.093291,37.940468,6020.5979664,135.838,-17.306,171.091,0.5482288497944313
143.3,128.093335,37.940322,6018.5046,132.085,-18.137,172.603,0.5482288497944313
143.4,128.093376,37.940175,6016.090279200001,128.222,-18.866,174.161,0.5482288497944313
143.5,128.093415,37.940028,6013.3668912,124.261,-19.487,175.759,0.5482288497944313
143.6,128.093452,37.939881,6010.348456800001,120.217,-19.999,177.389,0.5482288497944313
143.7,128.093485,37.939733,6007.049606400001,116.094,-20.407,179.04,0.5482288497944313
143.8,128.093516,37.939585,6003.487408800001,111.888,-20.725,180.694,0.5482288497944313
143.9,128.093543,37.939437,5999.678628000001,107.632,-20.949,182.347,0.5482288497944313
144.0,128.093567,37.939289,5995.6421616,103.445,-21.068,183.997,0.5482288497944313
144.1,128.093588,37.939141,5991.40026,100.143,-21.111,185.632,0.5482288497944313
144.2,128.093606,37.938992,5986.97304,99.207,-21.148,187.234,0.5482288497944313
144.3,128.093621,37.938843,5982.37056,100.381,-21.2,188.789,0.5482288497944313
144.4,128.093635,37.938694,5977.5964776,103.262,-21.306,190.221,0.5482288497944313
144.5,128.093646,37.938544,5972.6468304,107.389,-21.489,191.39,0.5482288497944313
144.6,128.093654,37.938394,5967.5152176,112.241,-21.764,192.265,0.5482288497944313
144.7,128.093661,37.938244,5962.1937144,117.31,-22.155,192.918,0.5482288497944313
144.8,128.093665,37.938094,5956.675615200001,122.189,-22.695,193.448,0.5482288497944313
144.9,128.093668,37.937943,5950.9536048,126.581,-23.414,193.932,0.5482288497944313
145.0,128.093669,37.937793,5945.020063200001,130.297,-24.32,194.404,0.5482288497944313
145.1,128.093668,37.937642,5938.870418400001,133.321,-25.405,194.87,0.5482288497944313
145.2,128.093665,37.937491,5932.5028416000005,135.792,-26.647,195.328,0.5482288497944313
145.3,128.093661,37.937341,5925.9133704000005,137.813,-28.019,195.771,0.5482288497944313
145.4,128.093656,37.93719,5919.0968232000005,139.443,-29.485,196.172,0.5482288497944313
145.5,128.093649,37.937039,5912.048323200001,140.759,-30.997,196.508,0.5482288497944313
145.6,128.093641,37.936889,5904.7632984,141.856,-32.51,196.775,0.5482288497944313
145.7,128.093631,37.936739,5897.2365672,142.829,-33.992,196.991,0.5482288497944313
145.8,128.09362,37.936589,5889.461424000001,143.759,-35.421,197.182,0.5482288497944313
145.9,128.093608,37.93644,5881.4247624,144.672,-36.778,197.377,0.5482288497944313
146.0,128.093595,37.936291,5873.1189624,145.611,-38.056,197.605,0.5482288497944313
146.1,128.09358,37.936143,5864.5458528,146.697,-39.271,197.857,0.5482288497944313
146.2,128.093564,37.935996,5855.7051288,147.982,-40.447,198.101,0.5482288497944313
146.3,128.093547,37.935849,5846.5922184,149.434,-41.598,198.319,0.5482288497944313
146.4,128.093529,37.935703,5837.198282400001,150.952,-42.732,198.501,0.5482288497944313
146.5,128.093509,37.935559,5827.5025944,152.221,-43.855,198.653,0.5482288497944313
146.6,128.093489,37.935415,5817.476808,152.859,-44.969,198.795,0.5482288497944313
146.7,128.093467,37.935273,5807.1038544,152.741,-46.085,198.956,0.5482288497944313
146.8,128.093444,37.935132,5796.383124000001,152.015,-47.208,199.166,0.5482288497944313
146.9,128.09342,37.934994,5785.317360000001,150.912,-48.333,199.457,0.5482288497944313
147.0,128.093394,37.934857,5773.9065624,149.608,-49.448,199.854,0.5482288497944313
147.1,128.093368,37.934721,5762.1498168,148.228,-50.545,200.369,0.5482288497944313
147.2,128.09334,37.934588,5750.043160800001,146.795,-51.621,201.01,0.5482288497944313
147.3,128.09331,37.934457,5737.5814128,145.244,-52.674,201.782,0.5482288497944313
147.4,128.093279,37.934328,5724.7624392,143.507,-53.706,202.691,0.5482288497944313
147.5,128.093247,37.934201,5711.589288000001,141.586,-54.717,203.742,0.5482288497944313
147.6,128.093213,37.934077,5698.0647024,139.471,-55.707,204.943,0.5482288497944313
147.7,128.093177,37.933955,5684.1929496,137.137,-56.671,206.302,0.5482288497944313
147.8,128.093139,37.933837,5669.9801256,134.581,-57.602,207.828,0.5482288497944313
147.9,128.0931,37.93372,5655.433850400001,131.807,-58.495,209.53,0.5482288497944313
148.0,128.093059,37.933607,5640.5663159999995,128.877,-59.342,211.412,0.5482288497944313
148.1,128.093015,37.933496,5625.3930672,125.985,-60.144,213.467,0.5482288497944313
148.2,128.09297,37.933388,5609.930868,123.386,-60.901,215.677,0.5482288497944313
148.3,128.092923,37.933283,5594.187338400001,121.05,-61.606,218.015,0.5482288497944313
148.4,128.092874,37.93318,5578.1624784000005,118.516,-62.246,220.472,0.5482288497944313
148.5,128.092822,37.933082,5561.856288000001,115.168,-62.808,223.061,0.5482288497944313
148.6,128.092768,37.932987,5545.276692,110.609,-63.274,225.814,0.5482288497944313
148.7,128.092711,37.932896,5528.4450264,105.054,-63.633,228.758,0.5482288497944313
148.8,128.092652,37.932808,5511.3868944,99.338,-63.875,231.883,0.5482288497944313
148.9,128.09259,37.932724,5494.1233272,94.336,-63.991,235.137,0.5482288497944313
149.0,128.092526,37.932642,5476.664992800001,90.011,-63.956,238.417,0.5482288497944313
149.1,128.092458,37.932564,5459.019511200001,85.977,-63.776,241.632,0.5482288497944313
149.2,128.092388,37.932489,5441.1975504,82.123,-63.484,244.763,0.5482288497944313
149.3,128.092314,37.932418,5423.2085592,78.705,-63.119,247.814,0.5482288497944313
149.4,128.092238,37.932349,5405.059548,76.003,-62.704,250.773,0.5482288497944313
149.5,128.092159,37.932284,5386.758441600001,73.931,-62.252,253.616,0.5482288497944313
149.6,128.092077,37.932221,5368.3180416000005,71.949,-61.762,256.325,0.5482288497944313
149.7,128.091992,37.932163,5349.7477968,69.849,-61.25,258.938,0.5482288497944313
149.8,128.091903,37.932107,5331.0538031999995,67.735,-60.721,261.484,0.5482288497944313
149.9,128.091812,37.932056,5312.2430712,65.74,-60.173,263.962,0.5482288497944313
150.0,128.091718,37.932007,5293.3223064,63.959,-59.609,266.369,0.5482288497944313
150.1,128.091621,37.931962,5274.298214400001,62.469,-59.033,268.706,0.5482288497944313
150.2,128.091522,37.93192,5255.1750624,61.41,-58.458,270.985,0.5482288497944313
150.3,128.09142,37.931882,5235.954984000001,60.956,-57.9,273.223,0.5482288497944313
150.4,128.091315,37.931846,5216.643770400001,61.046,-57.369,275.414,0.5482288497944313
150.5,128.091209,37.931814,5197.2526992,61.217,-56.861,277.55,0.5482288497944313
150.6,128.091099,37.931786,5177.7936576,60.948,-56.366,279.647,0.5482288497944313
150.7,128.090988,37.931763,5158.274570400001,60.01,-55.867,281.719,0.5482288497944313
150.8,128.090874,37.931743,5138.702448,58.45,-55.34,283.758,0.5482288497944313
150.9,128.090759,37.931728,5119.0818624,56.522,-54.771,285.758,0.5482288497944313
151.0,128.090641,37.931716,5099.416166399999,54.641,-54.166,287.716,0.5482288497944313
151.1,128.090521,37.931709,5079.708408,53.165,-53.533,289.624,0.5482288497944313
151.2,128.090399,37.931705,5059.9655976,52.194,-52.881,291.471,0.5482288497944313
151.3,128.090276,37.931705,5040.2005368,51.567,-52.216,293.257,0.5482288497944313
151.4,128.090151,37.93171,5020.427856,51.008,-51.541,294.989,0.5482288497944313
151.5,128.090024,37.931719,5000.6615759999995,50.276,-50.853,296.678,0.5482288497944313
151.6,128.089895,37.931733,4980.9144984,49.263,-50.146,298.333,0.5482288497944313
151.7,128.089765,37.931751,4961.1966816,48.008,-49.416,299.954,0.5482288497944313
151.8,128.089634,37.931773,4941.5169648,46.657,-48.659,301.541,0.5482288497944313
151.9,128.089501,37.931801,4921.884492,45.364,-47.876,303.086,0.5482288497944313
152.0,128.089367,37.931832,4902.3096264,44.221,-47.066,304.585,0.5482288497944313
152.1,128.089232,37.931869,4882.8057792,43.225,-46.232,306.035,0.5482288497944313
152.2,128.089095,37.93191,4863.3875808,42.31,-45.376,307.435,0.5482288497944313
152.3,128.088958,37.931956,4844.0711856,41.386,-44.495,308.788,0.5482288497944313
152.4,128.08882,37.932006,4824.8736624,40.36,-43.589,310.093,0.5482288497944313
152.5,128.08868,37.932062,4805.8093368,39.211,-42.655,311.352,0.5482288497944313
152.6,128.08854,37.932122,4786.890705600001,38.014,-41.692,312.566,0.5482288497944313
152.7,128.088399,37.932187,4768.128132000001,36.882,-40.702,313.738,0.5482288497944313
152.8,128.088258,37.932256,4749.5335032,35.895,-39.689,314.867,0.5482288497944313
152.9,128.088116,37.932331,4731.1214496,35.048,-38.655,315.952,0.5482288497944313
153.0,128.087973,37.93241,4712.908430400001,34.278,-37.603,316.996,0.5482288497944313
153.1,128.08783,37.932494,4694.911514400001,33.512,-36.533,318.001,0.5482288497944313
153.2,128.087686,37.932583,4677.1471608,32.701,-35.445,318.97,0.5482288497944313
153.3,128.087542,37.932676,4659.6303048,31.838,-34.339,319.904,0.5482288497944313
153.4,128.087398,37.932774,4642.375272,30.939,-33.213,320.802,0.5482288497944313
153.5,128.087254,37.932877,4625.3957784,30.034,-32.068,321.666,0.5482288497944313
153.6,128.087109,37.932984,4608.706149600001,29.152,-30.906,322.494,0.5482288497944313
153.7,128.086965,37.933096,4592.321016,28.304,-29.727,323.286,0.5482288497944313
153.8,128.08682,37.933212,4576.2547032,27.492,-28.532,324.043,0.5482288497944313
153.9,128.086676,37.933332,4560.5215368,26.715,-27.322,324.766,0.5482288497944313
154.0,128.086531,37.933457,4545.136452,25.967,-26.098,325.457,0.5482288497944313
154.1,128.086387,37.933586,4530.114079200001,25.226,-24.86,326.117,0.5482288497944313
154.2,128.086243,37.933719,4515.4699632,24.474,-23.611,326.748,0.5482288497944313
154.3,128.0861,37.933856,4501.2172104,23.711,-22.35,327.351,0.5482288497944313
154.4,128.085956,37.933997,4487.3680128,22.962,-21.078,327.93,0.5482288497944313
154.5,128.085813,37.934142,4473.9318192,22.268,-19.798,328.487,0.5482288497944313
154.6,128.08567,37.93429,4460.918078400001,21.676,-18.511,329.027,0.5482288497944313
154.7,128.085528,37.934443,4448.3359344,21.212,-17.222,329.556,0.5482288497944313
154.8,128.085386,37.934598,4436.1936168,20.887,-15.934,330.079,0.5482288497944313
154.9,128.085245,37.934757,4424.4993552000005,20.704,-14.649,330.606,0.5482288497944313
155.0,128.085105,37.934919,4413.2592456,20.668,-13.372,331.144,0.5482288497944313
155.1,128.084965,37.935084,4402.4787744000005,20.795,-12.105,331.7,0.5482288497944313
155.2,128.084826,37.935252,4392.163732800001,21.081,-10.849,332.276,0.5482288497944313
155.3,128.084688,37.935424,4382.3220456,21.48,-9.605,332.87,0.5482288497944313
155.4,128.084551,37.935598,4372.964076,21.911,-8.371,333.479,0.5482288497944313
155.5,128.084416,37.935775,4364.098968,22.288,-7.144,334.097,0.5482288497944313
155.6,128.084281,37.935954,4355.7346464,22.555,-5.92,334.724,0.5482288497944313
155.7,128.084149,37.936136,4347.8753784,22.713,-4.699,335.359,0.5482288497944313
155.8,128.084018,37.936321,4340.5251264,22.786,-3.478,335.998,0.5482288497944313
155.9,128.083889,37.936508,4333.6866336,22.806,-2.256,336.637,0.5482288497944313
156.0,128.083762,37.936697,4327.363252800001,22.8,-1.032,337.276,0.5482288497944313
156.1,128.083636,37.936889,4321.558032,22.785,0.191,337.912,0.5482288497944313
156.2,128.083513,37.937082,4316.272800000001,22.781,1.417,338.546,0.5482288497944313
156.3,128.083392,37.937277,4311.5103,22.8,2.643,339.178,0.5482288497944313
156.4,128.083274,37.937474,4307.2726656,22.844,3.869,339.81,0.5482288497944313
156.5,128.083157,37.937673,4303.5708696,22.819,5.097,340.432,0.5482288497944313
156.6,128.083043,37.937873,4300.4213712,22.507,6.33,341.038,0.5482288497944313
156.7,128.082932,37.938074,4297.825389600001,21.91,7.572,341.633,0.5482288497944313
156.8,128.082823,37.938277,4295.772866400001,21.268,8.827,342.218,0.5482288497944313
156.9,128.082717,37.93848,4294.2583152,20.745,10.093,342.789,0.5482288497944313
157.0,128.082613,37.938685,4293.278688,20.421,11.365,343.346,0.5482288497944313
157.1,128.082511,37.93889,4292.8327656,20.309,12.638,343.894,0.5482288497944313
157.2,128.082412,37.939096,4292.921157600001,20.383,13.91,344.44,0.5482288497944313
157.3,128.082316,37.939302,4293.543864,20.59,15.176,344.989,0.5482288497944313
157.4,128.082222,37.939509,4294.700580000001,20.875,16.437,345.547,0.5482288497944313
157.5,128.082131,37.939716,4296.3903912000005,21.188,17.692,346.118,0.5482288497944313
157.6,128.082042,37.939923,4298.611468800001,21.494,18.94,346.702,0.5482288497944313
157.7,128.081957,37.94013,4301.3653368000005,21.728,20.183,347.297,0.5482288497944313
157.8,128.081874,37.940336,4304.6611392,21.709,21.425,347.894,0.5482288497944313
157.9,128.081794,37.940542,4308.507105600001,21.252,22.67,348.486,0.5482288497944313
158.0,128.081718,37.940748,4312.8922632,20.503,23.927,349.076,0.5482288497944313
158.1,128.081644,37.940953,4317.7916184000005,19.873,25.197,349.665,0.5482288497944313
158.2,128.081573,37.941157,4323.183530400001,19.694,26.471,350.253,0.5482288497944313
158.3,128.081505,37.941361,4329.060684,20.017,27.741,350.841,0.5482288497944313
158.4,128.081439,37.941563,4335.4236888000005,20.687,28.998,351.439,0.5482288497944313
158.5,128.081376,37.941765,4342.2737640000005,21.506,30.239,352.057,0.5482288497944313
158.6,128.081317,37.941965,4349.6084712,22.325,31.463,352.706,0.5482288497944313
158.7,128.08126,37.942163,4357.4204952,23.083,32.673,353.392,0.5482288497944313
158.8,128.081206,37.942361,4365.6988632,23.797,33.865,354.112,0.5482288497944313
158.9,128.081155,37.942556,4374.4307736,24.521,35.027,354.861,0.5482288497944313
159.0,128.081108,37.94275,4383.601291200001,25.313,36.154,355.635,0.5482288497944313
159.1,128.081063,37.942943,4393.1973096,26.214,37.243,356.435,0.5482288497944313
159.2,128.081022,37.943133,4403.2054176,27.235,38.298,357.265,0.5482288497944313
159.3,128.080983,37.943322,4413.6131184000005,28.367,39.321,358.128,0.5482288497944313
159.4,128.080948,37.943509,4424.406696,29.597,40.313,359.031,0.5482288497944313
159.5,128.080916,37.943693,4435.5724344,30.919,41.273,359.978,0.5482288497944313
159.6,128.080888,37.943876,4447.0966176,32.334,42.202,0.972,0.5482288497944313
159.7,128.080862,37.944057,4458.9637008,33.852,43.096,2.015,0.5482288497944313
159.8,128.08084,37.944236,4471.1590536,35.485,43.954,3.11,0.5482288497944313
159.9,128.080821,37.944413,4483.665302400001,37.275,44.768,4.259,0.5482288497944313
160.0,128.080806,37.944588,4496.462025600001,39.323,45.529,5.465,0.5482288497944313
160.1,128.080793,37.944761,4509.5306304000005,41.688,46.229,6.728,0.5482288497944313
160.2,128.080784,37.944932,4522.853133600001,44.373,46.861,8.047,0.5482288497944313
160.3,128.080779,37.945101,4536.4121616,47.352,47.418,9.424,0.5482288497944313
160.4,128.080777,37.945268,4550.190036,50.59,47.897,10.865,0.5482288497944313
160.5,128.080778,37.945433,4564.1706024000005,54.011,48.302,12.378,0.5482288497944313
160.6,128.080783,37.945597,4578.337706400001,57.499,48.635,13.966,0.5482288497944313
160.7,128.080791,37.945759,4592.6751936,60.912,48.893,15.617,0.5482288497944313
160.8,128.080803,37.945919,4607.1653856,64.136,49.07,17.297,0.5482288497944313
160.9,128.08082,37.946077,4621.792128,67.07,49.167,18.963,0.5482288497944313
161.0,128.08084,37.946233,4636.5386568,69.69,49.185,20.574,0.5482288497944313
161.1,128.080864,37.946388,4651.3888176,72.067,49.133,22.111,0.5482288497944313
161.2,128.080892,37.946541,4666.3276752,74.296,49.025,23.578,0.5482288497944313
161.3,128.080924,37.946692,4681.342428000001,76.464,48.873,24.989,0.5482288497944313
161.4,128.08096,37.946842,4696.4205792,78.625,48.684,26.358,0.5482288497944313
161.5,128.081,37.94699,4711.551156,80.789,48.463,27.696,0.5482288497944313
161.6,128.081043,37.947137,4726.722576,82.943,48.213,29.008,0.5482288497944313
161.7,128.08109,37.947282,4741.924476,85.064,47.935,30.3,0.5482288497944313
161.8,128.081141,37.947425,4757.1467976,87.115,47.632,31.574,0.5482288497944313
161.9,128.081196,37.947568,4772.379482400001,89.09,47.301,32.834,0.5482288497944313
162.0,128.081254,37.947708,4787.6121672,91.004,46.944,34.082,0.5482288497944313
162.1,128.081317,37.947848,4802.8360128,92.882,46.561,35.318,0.5482288497944313
162.2,128.081383,37.947986,4818.0412656,94.69,46.156,36.549,0.5482288497944313
162.3,128.081453,37.948122,4833.2157336,96.081,45.754,37.822,0.5482288497944313
162.4,128.081528,37.948257,4848.3466152,96.517,45.369,39.202,0.5482288497944313
162.5,128.081607,37.948389,4863.4311672,96.273,44.975,40.657,0.5482288497944313
162.6,128.08169,37.948521,4878.4742664000005,96.231,44.556,42.068,0.5482288497944313
162.7,128.081776,37.948651,4893.4789608,97.21,44.113,43.377,0.5482288497944313
162.8,128.081865,37.948779,4908.4400688000005,99.182,43.666,44.62,0.5482288497944313
162.9,128.081958,37.948906,4923.3411312,101.243,43.235,45.893,0.5482288497944313
163.0,128.082055,37.949031,4938.1605072,102.385,42.807,47.317,0.5482288497944313
163.1,128.082157,37.949154,4952.8866144,102.513,42.34,48.957,0.5482288497944313
163.2,128.082263,37.949275,4967.5258536,102.333,41.822,50.718,0.5482288497944313
163.3,128.082373,37.949394,4982.087064,102.634,41.288,52.353,0.5482288497944313
163.4,128.082486,37.949511,4996.5748176,103.913,40.761,53.761,0.5482288497944313
163.5,128.082602,37.949627,5010.979360800001,105.969,40.243,55.04,0.5482288497944313
163.6,128.082722,37.949741,5025.278138400001,107.932,39.72,56.349,0.5482288497944313
163.7,128.082847,37.949852,5039.445852000001,109.057,39.151,57.843,0.5482288497944313
163.8,128.082976,37.949961,5053.4721384,109.341,38.505,59.548,0.5482288497944313
163.9,128.083108,37.950067,5067.3643128,109.327,37.813,61.293,0.5482288497944313
164.0,128.083245,37.950171,5081.131824000001,109.679,37.125,62.905,0.5482288497944313
164.1,128.083385,37.950273,5094.7807680000005,110.792,36.479,64.254,0.5482288497944313
164.2,128.083527,37.950373,5108.303220000001,112.603,35.861,65.423,0.5482288497944313
164.3,128.083674,37.950471,5121.6766248,114.483,35.238,66.561,0.5482288497944313
164.4,128.083824,37.950566,5134.8738552,115.767,34.558,67.813,0.5482288497944313
164.5,128.083978,37.950658,5147.882719200001,116.328,33.799,69.194,0.5482288497944313
164.6,128.084136,37.950747,5160.707788799999,116.519,32.999,70.585,0.5482288497944313
164.7,128.084298,37.950834,5173.359732,116.865,32.201,71.886,0.5482288497944313
164.8,128.084462,37.950919,5185.845864000001,117.753,31.434,73.038,0.5482288497944313
164.9,128.084629,37.951002,5198.162832,119.227,30.68,74.09,0.5482288497944313
165.0,128.084799,37.951082,5210.290214400001,120.89,29.904,75.133,0.5482288497944313
165.1,128.084973,37.95116,5222.202408,122.249,29.07,76.231,0.5482288497944313
165.2,128.08515,37.951234,5233.885392,123.107,28.179,77.365,0.5482288497944313
165.3,128.08533,37.951306,5245.3370328,123.584,27.257,78.486,0.5482288497944313
165.4,128.085513,37.951376,5256.560073600001,123.96,26.319,79.58,0.5482288497944313
165.5,128.085699,37.951443,5267.556648,124.47,25.374,80.645,0.5482288497944313
165.6,128.085888,37.951507,5278.3249272,125.226,24.428,81.677,0.5482288497944313
165.7,128.086079,37.951569,5288.857596000001,126.201,23.479,82.671,0.5482288497944313
165.8,128.086273,37.951628,5299.1427672,127.25,22.528,83.627,0.5482288497944313
165.9,128.08647,37.951685,5309.165505600001,128.184,21.571,84.55,0.5482288497944313
166.0,128.086669,37.951739,5318.9151432,128.891,20.605,85.446,0.5482288497944313
166.1,128.08687,37.951791,5328.387108,129.404,19.627,86.322,0.5482288497944313
166.2,128.087075,37.951839,5337.5814,129.844,18.637,87.182,0.5482288497944313
166.3,128.087281,37.951885,5346.4968,130.315,17.639,88.027,0.5482288497944313
166.4,128.087489,37.951929,5355.130260000001,130.868,16.635,88.856,0.5482288497944313
166.5,128.0877,37.95197,5363.4769032,131.508,15.626,89.667,0.5482288497944313
166.6,128.087913,37.952008,5371.5291096,132.176,14.613,90.461,0.5482288497944313
166.7,128.088127,37.952044,5379.2798688,132.828,13.593,91.238,0.5482288497944313
166.8,128.088344,37.952077,5386.724304,133.455,12.564,91.998,0.5482288497944313
166.9,128.088562,37.952108,5393.8575384000005,134.058,11.526,92.743,0.5482288497944313
167.0,128.088782,37.952136,5400.671647200001,134.602,10.482,93.476,0.5482288497944313
167.1,128.089004,37.952162,5407.15962,135.046,9.433,94.2,0.5482288497944313
167.2,128.089227,37.952185,5413.311093599999,135.338,8.382,94.919,0.5482288497944313
167.3,128.089452,37.952205,5419.1129616,135.365,7.335,95.64,0.5482288497944313
167.4,128.089678,37.952223,5424.5649192,135.175,6.288,96.369,0.5482288497944313
167.5,128.089906,37.952238,5429.680377600001,135.057,5.235,97.105,0.5482288497944313
167.6,128.090134,37.952251,5434.4736624,135.312,4.176,97.843,0.5482288497944313
167.7,128.090364,37.952261,5438.9371536,135.882,3.121,98.576,0.5482288497944313
167.8,128.090594,37.952269,5443.0583544,136.585,2.071,99.298,0.5482288497944313
167.9,128.090826,37.952274,5446.8284256,137.295,1.028,100.018,0.5482288497944313
168.0,128.091058,37.952277,5450.244928800001,137.989,-0.006,100.744,0.5482288497944313
168.1,128.091291,37.952278,5453.2959768,138.467,-1.029,101.482,0.5482288497944313
168.2,128.091524,37.952275,5455.9297536,137.683,-2.013,102.256,0.5482288497944313
168.3,128.091757,37.95227,5458.0798128,134.576,-2.929,103.105,0.5482288497944313
168.4,128.09199,37.95226,5459.7348768,129.666,-3.783,104.044,0.5482288497944313
168.5,128.092223,37.952247,5460.9482856,123.813,-4.557,105.11,0.5482288497944313
168.6,128.092455,37.95223,5461.7703312,117.644,-5.21,106.31,0.5482288497944313
168.7,128.092686,37.952209,5462.255268,111.801,-5.71,107.635,0.5482288497944313
168.8,128.092916,37.952184,5462.433576,106.212,-6.023,109.062,0.5482288497944313
168.9,128.093146,37.952155,5462.3415264000005,100.703,-6.144,110.564,0.5482288497944313
169.0,128.093373,37.952121,5462.0242296,95.27,-6.086,112.12,0.5482288497944313
169.1,128.0936,37.952083,5461.5255768,89.832,-5.85,113.703,0.5482288497944313
169.2,128.093825,37.95204,5460.8931168,84.305,-5.449,115.292,0.5482288497944313
169.3,128.094048,37.951993,5460.1747032,78.748,-4.886,116.869,0.5482288497944313
169.4,128.094269,37.951942,5459.4172751999995,73.227,-4.155,118.41,0.5482288497944313
169.5,128.094488,37.951886,5458.666552799999,67.788,-3.254,119.89,0.5482288497944313
169.6,128.094706,37.951827,5457.967036800001,62.445,-2.191,121.289,0.5482288497944313
169.7,128.094921,37.951763,5457.3620088,57.202,-0.977,122.588,0.5482288497944313
169.8,128.095135,37.951696,5456.892312,52.06,0.37,123.774,0.5482288497944313
169.9,128.095347,37.951625,5456.596351200001,47.025,1.837,124.833,0.5482288497944313
170.0,128.095557,37.951551,5456.5094832,42.113,3.413,125.743,0.5482288497944313
170.1,128.095765,37.951474,5456.665236,37.347,5.092,126.48,0.5482288497944313
170.2,128.095971,37.951395,5457.0937848,32.7,6.851,127.038,0.5482288497944313
170.3,128.096175,37.951313,5457.8231712,28.12,8.657,127.43,0.5482288497944313
170.4,128.096378,37.95123,5458.8771696,23.592,10.491,127.652,0.5482288497944313
170.5,128.096579,37.951144,5460.2707152,19.151,12.337,127.706,0.5482288497944313
170.6,128.096779,37.951057,5462.012647200001,14.894,14.174,127.601,0.5482288497944313
170.7,128.096977,37.95097,5464.1142432,10.834,15.986,127.342,0.5482288497944313
170.8,128.097174,37.950882,5466.5861712,6.959,17.756,126.939,0.5482288497944313
170.9,128.09737,37.950793,5469.436660800001,3.235,19.473,126.403,0.5482288497944313
171.0,128.097564,37.950704,5472.6724176,-0.382,21.13,125.744,0.5482288497944313
171.1,128.097757,37.950616,5476.2967944,-3.924,22.721,124.976,0.5482288497944313
171.2,128.09795,37.950528,5480.3076576,-7.397,24.245,124.11,0.5482288497944313
171.3,128.098141,37.950441,5484.7001304,-10.783,25.7,123.158,0.5482288497944313
171.4,128.098331,37.950355,5489.4665928,-14.052,27.088,122.133,0.5482288497944313
171.5,128.098521,37.950271,5494.5979008,-17.173,28.409,121.045,0.5482288497944313
171.6,128.09871,37.950188,5500.0821672,-20.102,29.667,119.901,0.5482288497944313
171.7,128.098898,37.950106,5505.9059808,-22.764,30.859,118.699,0.5482288497944313
171.8,128.099086,37.950027,5512.055015999999,-25.087,31.987,117.443,0.5482288497944313
171.9,128.099273,37.949949,5518.5146424,-27.022,33.055,116.147,0.5482288497944313
172.0,128.09946,37.949873,5525.275411200001,-28.574,34.068,114.829,0.5482288497944313
172.1,128.099646,37.949799,5532.329702399999,-29.807,35.033,113.503,0.5482288497944313
172.2,128.099831,37.949728,5539.6732488,-30.821,35.957,112.182,0.5482288497944313
172.3,128.100015,37.949659,5547.3030024,-31.735,36.849,110.874,0.5482288497944313
172.4,128.100199,37.949592,5555.221096800001,-32.722,37.712,109.579,0.5482288497944313
172.5,128.100382,37.949528,5563.4317992,-34.032,38.552,108.291,0.5482288497944313
172.6,128.100564,37.949466,5571.9363288,-35.856,39.374,107.003,0.5482288497944313
172.7,128.100744,37.949408,5580.7227984,-38.163,40.179,105.694,0.5482288497944313
172.8,128.100924,37.949352,5589.7656048,-40.673,40.967,104.345,0.5482288497944313
172.9,128.101103,37.949299,5599.041583200001,-43.098,41.726,102.945,0.5482288497944313
173.0,128.101281,37.949248,5608.5315312,-45.231,42.449,101.494,0.5482288497944313
173.1,128.101458,37.949201,5618.2241712,-46.999,43.127,99.997,0.5482288497944313
173.2,128.101634,37.949156,5628.112797600001,-48.451,43.761,98.466,0.5482288497944313
173.3,128.101809,37.949114,5638.1907048,-49.67,44.357,96.911,0.5482288497944313
173.4,128.101983,37.949075,5648.4508824,-50.717,44.926,95.344,0.5482288497944313
173.5,128.102157,37.949038,5658.8851008,-51.624,45.475,93.77,0.5482288497944313
173.6,128.102329,37.949005,5669.484216,-52.359,46.013,92.198,0.5482288497944313
173.7,128.1025,37.948974,5680.239084000001,-52.889,46.546,90.635,0.5482288497944313
173.8,128.10267,37.948946,5691.1451328,-53.238,47.077,89.088,0.5482288497944313
173.9,128.102838,37.948921,5702.1974856,-53.452,47.609,87.563,0.5482288497944313
174.0,128.103006,37.948899,5713.391570400001,-53.57,48.148,86.062,0.5482288497944313
174.1,128.103172,37.948878,5724.7234248,-53.62,48.694,84.586,0.5482288497944313
174.2,128.103337,37.948861,5736.1887816,-53.621,49.251,83.137,0.5482288497944313
174.3,128.1035,37.948846,5747.783983200001,-53.593,49.819,81.712,0.5482288497944313
174.4,128.103662,37.948833,5759.5053720000005,-53.548,50.398,80.311,0.5482288497944313
174.5,128.103822,37.948823,5771.3502048,-53.494,50.986,78.931,0.5482288497944313
174.6,128.103981,37.948815,5783.3145192,-53.433,51.583,77.572,0.5482288497944313
174.7,128.104138,37.948809,5795.395572,-53.361,52.188,76.232,0.5482288497944313
174.8,128.104293,37.948805,5807.589096000001,-53.267,52.798,74.913,0.5482288497944313
174.9,128.104446,37.948803,5819.8920431999995,-53.145,53.414,73.612,0.5482288497944313
175.0,128.104598,37.948803,5832.300756000001,-52.986,54.034,72.33,0.5482288497944313
175.1,128.104748,37.948805,5844.811881600001,-52.787,54.658,71.065,0.5482288497944313
175.2,128.104896,37.948809,5857.422372,-52.548,55.286,69.817,0.5482288497944313
175.3,128.105042,37.948815,5870.1297888,-52.271,55.92,68.587,0.5482288497944313
175.4,128.105186,37.948823,5882.931084000001,-51.962,56.558,67.374,0.5482288497944313
175.5,128.105328,37.948832,5895.823819200001,-51.627,57.201,66.178,0.5482288497944313
175.6,128.105468,37.948842,5908.805860800001,-51.275,57.849,64.998,0.5482288497944313
175.7,128.105606,37.948854,5921.874770400001,-50.909,58.502,63.833,0.5482288497944313
175.8,128.105742,37.948868,5935.0278048,-50.534,59.161,62.684,0.5482288497944313
175.9,128.105876,37.948883,5948.2628304,-50.155,59.824,61.549,0.5482288497944313
176.0,128.106007,37.948899,5961.577713600001,-49.778,60.491,60.427,0.5482288497944313
176.1,128.106137,37.948917,5974.9709304,-49.413,61.163,59.318,0.5482288497944313
176.2,128.106264,37.948935,5988.4412616,-49.084,61.837,58.218,0.5482288497944313
176.3,128.106389,37.948955,6001.9880976,-48.833,62.513,57.125,0.5482288497944313
176.4,128.106512,37.948976,6015.613572,-48.737,63.189,56.031,0.5482288497944313
176.5,128.106632,37.948998,6029.3185992,-48.881,63.863,54.925,0.5482288497944313
176.6,128.10675,37.94902,6043.1037888,-49.313,64.535,53.788,0.5482288497944313
176.7,128.106865,37.949044,6056.9667024,-50.017,65.202,52.599,0.5482288497944313
176.8,128.106977,37.949069,6070.904292,-50.929,65.862,51.338,0.5482288497944313
176.9,128.107087,37.949095,6084.9119856,-51.968,66.51,49.993,0.5482288497944313
177.0,128.107194,37.949121,6098.9864304,-53.066,67.141,48.554,0.5482288497944313
177.1,128.107298,37.949149,6113.123664000001,-54.181,67.752,47.02,0.5482288497944313
177.2,128.107399,37.949177,6127.320943199999,-55.294,68.342,45.392,0.5482288497944313
177.3,128.107498,37.949206,6141.575220000001,-56.405,68.911,43.67,0.5482288497944313
177.4,128.107594,37.949236,6155.883751200001,-57.525,69.46,41.857,0.5482288497944313
177.5,128.107688,37.949266,6170.2434888,-58.673,69.991,39.954,0.5482288497944313
177.6,128.107778,37.949297,6184.6516896,-59.878,70.504,37.961,0.5482288497944313
177.7,128.107866,37.949329,6199.105305600001,-61.17,71.001,35.875,0.5482288497944313
177.8,128.107951,37.949361,6213.6018984,-62.576,71.48,33.693,0.5482288497944313
177.9,128.108033,37.949394,6228.1381152,-64.117,71.942,31.408,0.5482288497944313
178.0,128.108112,37.949427,6242.710908,-65.806,72.383,29.016,0.5482288497944313
178.1,128.108188,37.949461,6257.316619200001,-67.647,72.803,26.512,0.5482288497944313
178.2,128.108261,37.949496,6271.9518960000005,-69.633,73.197,23.892,0.5482288497944313
178.3,128.108332,37.94953,6286.613385600001,-71.752,73.563,21.156,0.5482288497944313
178.4,128.108399,37.949566,6301.2974304,-73.981,73.899,18.307,0.5482288497944313
178.5,128.108464,37.949601,6315.9997632,-76.287,74.203,15.35,0.5482288497944313
178.6,128.108526,37.949637,6330.717336000001,-78.633,74.472,12.296,0.5482288497944313
178.7,128.108585,37.949673,6345.446796,-81.012,74.705,9.16,0.5482288497944313
178.8,128.108641,37.949709,6360.186314400001,-83.579,74.895,5.962,0.5482288497944313
178.9,128.108694,37.949746,6374.9365008,-86.76,75.025,2.716,0.5482288497944313
179.0,128.108743,37.949783,6389.693392800001,-90.793,75.083,359.4,0.5482288497944313
179.1,128.108789,37.949819,6404.449065600001,-94.986,75.082,355.953,0.5482288497944313
179.2,128.108832,37.949857,6419.197728,-98.772,75.021,352.377,0.5482288497944313
179.3,128.108872,37.949894,6433.934808,-102.045,74.89,348.796,0.5482288497944313
179.4,128.10891,37.949932,6448.6575624,-104.782,74.698,345.316,0.5482288497944313
179.5,128.108946,37.949969,6463.362638400001,-106.995,74.462,341.979,0.5482288497944313
179.6,128.108979,37.950007,6478.0463784,-108.921,74.194,338.812,0.5482288497944313
179.7,128.109008,37.950045,6492.704820000001,-111.127,73.889,335.836,0.5482288497944313
179.8,128.109035,37.950083,6507.333391200001,-114.042,73.536,333.029,0.5482288497944313
179.9,128.109057,37.950121,6521.9272152,-117.605,73.129,330.344,0.5482288497944313
180.0,128.109077,37.950159,6536.4820248000005,-121.421,72.665,327.75,0.5482288497944313
180.1,128.109094,37.950197,6550.9966008,-124.688,72.153,325.215,0.5482288497944313
180.2,128.109109,37.950235,6565.471248,-126.853,71.603,322.747,0.5482288497944313
180.3,128.109121,37.950274,6579.905052000001,-127.897,71.03,320.401,0.5482288497944313
180.4,128.109131,37.950312,6594.2937456,-128.043,70.458,318.208,0.5482288497944313
180.5,128.109139,37.950351,6608.632452000001,-127.964,69.89,316.155,0.5482288497944313
180.6,128.109143,37.950389,6622.914770400001,-128.527,69.322,314.257,0.5482288497944313
180.7,128.109145,37.950427,6637.1324712,-129.912,68.753,312.478,0.5482288497944313
180.8,128.109143,37.950465,6651.281592,-132.078,68.167,310.779,0.5482288497944313
180.9,128.109138,37.950503,6665.357865600001,-134.898,67.546,309.156,0.5482288497944313
181.0,128.10913,37.95054,6679.358244,-138.095,66.876,307.618,0.5482288497944313
181.1,128.10912,37.950578,6693.283641600001,-141.06,66.156,306.155,0.5482288497944313
181.2,128.109107,37.950616,6707.1386304,-143.096,65.397,304.749,0.5482288497944313
181.3,128.109092,37.950653,6720.928392000001,-143.866,64.614,303.402,0.5482288497944313
181.4,128.109075,37.950691,6734.6498784000005,-143.564,63.827,302.129,0.5482288497944313
181.5,128.109056,37.950729,6748.296079200001,-142.569,63.054,300.925,0.5482288497944313
181.6,128.109034,37.950766,6761.859069600001,-141.487,62.306,299.787,0.5482288497944313
181.7,128.10901,37.950803,6775.3278768,-140.995,61.581,298.711,0.5482288497944313
181.8,128.108982,37.95084,6788.693356800001,-141.319,60.872,297.677,0.5482288497944313
181.9,128.108952,37.950877,6801.9524616,-142.425,60.162,296.665,0.5482288497944313
182.0,128.108919,37.950913,6815.1033624,-144.185,59.432,295.676,0.5482288497944313
182.1,128.108884,37.950949,6828.147278400001,-146.305,58.672,294.718,0.5482288497944313
182.2,128.108846,37.950985,6841.0863432,-148.413,57.877,293.797,0.5482288497944313
182.3,128.108805,37.95102,6853.9229952000005,-150.179,57.049,292.923,0.5482288497944313
182.4,128.108763,37.951056,6866.660892000001,-151.284,56.194,292.092,0.5482288497944313
182.5,128.108718,37.951091,6879.3043008,-151.537,55.326,291.296,0.5482288497944313
182.6,128.108672,37.951126,6891.8486496000005,-151.05,54.458,290.536,0.5482288497944313
182.7,128.108623,37.951161,6904.2857088,-150.151,53.603,289.811,0.5482288497944313
182.8,128.108572,37.951196,6916.6045056,-149.249,52.767,289.118,0.5482288497944313
182.9,128.108518,37.951231,6928.795591200001,-148.652,51.95,288.447,0.5482288497944313
183.0,128.108463,37.951265,6940.8556128,-148.474,51.144,287.783,0.5482288497944313
183.1,128.108404,37.951298,6952.783351200001,-148.693,50.342,287.118,0.5482288497944313
183.2,128.108344,37.951332,6964.578806400001,-149.234,49.534,286.451,0.5482288497944313
183.3,128.108281,37.951364,6976.2416736000005,-149.993,48.716,285.788,0.5482288497944313
183.4,128.108216,37.951397,6987.771648,-150.858,47.884,285.135,0.5482288497944313
183.5,128.108149,37.951429,6999.1687296,-151.727,47.035,284.5,0.5482288497944313
183.6,128.10808,37.951461,7010.4316992,-152.51,46.171,283.889,0.5482288497944313
183.7,128.108009,37.951492,7021.560252000001,-153.137,45.293,283.303,0.5482288497944313
183.8,128.107935,37.951523,7032.5525592,-153.565,44.403,282.743,0.5482288497944313
183.9,128.10786,37.951554,7043.408011200001,-153.771,43.505,282.205,0.5482288497944313
184.0,128.107783,37.951585,7054.1244744000005,-153.759,42.602,281.686,0.5482288497944313
184.1,128.107704,37.951615,7064.699815200001,-153.563,41.697,281.181,0.5482288497944313
184.2,128.107622,37.951644,7075.1309856,-153.229,40.795,280.685,0.5482288497944313
184.3,128.107539,37.951673,7085.415852000001,-152.813,39.897,280.192,0.5482288497944313
184.4,128.107455,37.951702,7095.5513664,-152.365,39.004,279.7,0.5482288497944313
184.5,128.107368,37.951731,7105.5357,-151.929,38.118,279.204,0.5482288497944313
184.6,128.107279,37.951759,7115.3667192,-151.535,37.238,278.702,0.5482288497944313
184.7,128.107189,37.951786,7125.0425952000005,-151.205,36.364,278.194,0.5482288497944313
184.8,128.107096,37.951813,7134.5614992,-150.949,35.493,277.681,0.5482288497944313
184.9,128.107002,37.951839,7143.922212,-150.762,34.626,277.162,0.5482288497944313
185.0,128.106906,37.951865,7153.124124000001,-150.63,33.759,276.639,0.5482288497944313
185.1,128.106808,37.951891,7162.166016,-150.531,32.893,276.113,0.5482288497944313
185.2,128.106709,37.951915,7171.047583200001,-150.44,32.026,275.586,0.5482288497944313
185.3,128.106608,37.95194,7179.767301600001,-150.334,31.158,275.059,0.5482288497944313
185.4,128.106505,37.951963,7188.3251712,-150.194,30.289,274.533,0.5482288497944313
185.5,128.106401,37.951986,7196.719668000001,-150.003,29.419,274.007,0.5482288497944313
185.6,128.106295,37.952009,7204.9498776,-149.756,28.548,273.482,0.5482288497944313
185.7,128.106188,37.952031,7213.0145808,-149.453,27.677,272.958,0.5482288497944313
185.8,128.106079,37.952052,7220.9119488,-149.103,26.807,272.434,0.5482288497944313
185.9,128.105968,37.952073,7228.6404576,-148.715,25.938,271.91,0.5482288497944313
186.0,128.105856,37.952093,7236.198888000001,-148.301,25.071,271.385,0.5482244203696267
186.1,128.105742,37.952112,7243.585106400001,-147.873,24.206,270.858,0.5480664704769983
186.2,128.105627,37.95213,7250.7981984,-147.446,23.343,270.329,0.547683941259325
186.3,128.105511,37.952148,7257.8357256,-147.037,22.482,269.798,0.5470759739872577
186.4,128.105393,37.952165,7264.6952496,-146.668,21.622,269.265,0.546242092475548
186.5,128.105274,37.952182,7271.374332,-146.37,20.761,268.733,0.5451814049913859
186.6,128.105153,37.952197,7277.8693152000005,-146.178,19.899,268.202,0.5438933991947443
186.7,128.105031,37.952212,7284.177456,-146.106,19.031,267.674,0.5433460929077699
186.8,128.104908,37.952226,7290.29784,-146.147,18.157,267.151,0.542239979332796
186.9,128.104784,37.952239,7296.229248,-146.264,17.275,266.632,0.540332242567359
187.0,128.104658,37.952251,7301.9722896,-146.408,16.383,266.118,0.537621929744038
187.1,128.104531,37.952263,7307.527269600001,-146.526,15.481,265.608,0.5341063700749167
187.2,128.104402,37.952273,7312.8935784000005,-146.57,14.57,265.103,0.5297861907825242
187.3,128.104273,37.952283,7318.0715208,-146.508,13.651,264.602,0.5274700276783718
187.4,128.104142,37.952292,7323.059877600001,-146.327,12.725,264.105,0.5237399162086912
187.5,128.104011,37.9523,7327.856515200001,-146.033,11.795,263.61,0.516784004330633
187.6,128.103878,37.952308,7332.4593,-145.653,10.863,263.117,0.5082216005474676
187.7,128.103744,37.952314,7336.864879200001,-145.229,9.93,262.625,0.4998706706232615
187.8,128.103609,37.952319,7341.068376,-144.83,8.996,262.135,0.4907135421407638
187.9,128.103474,37.952324,7345.064304,-144.551,8.06,261.647,0.4807521067517033
188.0,128.103337,37.952327,7348.846872,-144.472,7.119,261.163,0.4752445454742692
188.1,128.103199,37.95233,7352.411508,-144.638,6.171,260.685,0.470511438096822
188.2,128.10306,37.952331,7355.754249600001,-145.073,5.212,260.212,0.4688830109459977
188.3,128.102921,37.952332,7358.874182400001,-145.743,4.238,259.746,0.4688830109459977
188.4,128.102781,37.952331,7361.7746592,-146.508,3.247,259.286,0.4688830109459977
188.5,128.102639,37.95233,7364.4629952000005,-147.139,2.239,258.826,0.4688830109459977
188.6,128.102498,37.952328,7366.947724800001,-147.414,1.219,258.364,0.4688830109459977
188.7,128.102355,37.952324,7369.2352488,-147.199,0.191,257.897,0.4688830109459977
188.8,128.102211,37.952321,7371.3246528,-146.475,-0.836,257.424,0.4688830109459977
188.9,128.102067,37.952316,7373.2083168,-145.45,-1.859,256.95,0.4688830109459977
189.0,128.101922,37.95231,7374.8655144,-144.547,-2.875,256.484,0.4688830109459977
189.1,128.101777,37.952303,7376.281005600001,-144.007,-3.886,256.03,0.4688830109459977
189.2,128.101631,37.952295,7377.4529616,-143.839,-4.896,255.58,0.4688830109459977
189.3,128.101485,37.952286,7378.380468,-144.026,-5.91,255.129,0.4688830109459977
189.4,128.101338,37.952276,7379.063220000001,-144.537,-6.934,254.678,0.4688830109459977
189.5,128.101191,37.952265,7379.498779200001,-145.33,-7.975,254.234,0.4688830109459977
189.6,128.101044,37.952253,7379.6853168,-146.36,-9.038,253.8,0.4688830109459977
189.7,128.100896,37.952239,7379.622528000001,-147.551,-10.123,253.377,0.4688830109459977
189.8,128.100748,37.952225,7379.3165088000005,-148.654,-11.228,252.96,0.4688830109459977
189.9,128.1006,37.95221,7378.7745744,-149.429,-12.35,252.545,0.4688830109459977
190.0,128.100451,37.952194,7377.9863616,-150.065,-13.489,252.145,0.4688830109459977
190.1,128.100303,37.952177,7376.9390688,-150.732,-14.646,251.768,0.4688830109459977
190.2,128.100154,37.952159,7375.626295200001,-151.521,-15.82,251.417,0.4688830109459977
190.3,128.100005,37.95214,7374.0440784,-152.437,-17.014,251.092,0.4688830109459977
190.4,128.099856,37.952121,7372.1911992000005,-153.468,-18.229,250.794,0.4688830109459977
190.5,128.099708,37.9521,7370.065524000001,-154.6,-19.467,250.525,0.4688830109459977
190.6,128.099559,37.952079,7367.665224,-155.815,-20.724,250.281,0.4688830109459977
190.7,128.09941,37.952057,7364.9896896,-157.049,-21.998,250.062,0.4688830109459977
190.8,128.099262,37.952034,7362.0395304,-158.23,-23.288,249.87,0.4688830109459977
190.9,128.099114,37.95201,7358.8135272,-159.31,-24.592,249.706,0.4688830109459977
191.0,128.098966,37.951986,7355.309241600001,-160.287,-25.909,249.58,0.4688830109459977
191.1,128.098818,37.951962,7351.526064000001,-161.133,-27.24,249.499,0.4688830109459977
191.2,128.098671,37.951936,7347.460032000001,-161.886,-28.579,249.457,0.4688830109459977
191.3,128.098523,37.951911,7343.106878400001,-162.628,-29.921,249.445,0.4688830109459977
191.4,128.098377,37.951884,7338.4611168,-163.437,-31.262,249.459,0.4688830109459977
191.5,128.098231,37.951857,7333.51848,-164.4,-32.601,249.497,0.4688830109459977
191.6,128.098085,37.95183,7328.2753104,-165.612,-33.939,249.56,0.4688830109459977
191.7,128.09794,37.951803,7322.7303888,-167.077,-35.278,249.651,0.4688830109459977
191.8,128.097796,37.951775,7316.883410400001,-168.791,-36.617,249.775,0.4688830109459977
191.9,128.097653,37.951747,7310.733156000001,-170.738,-37.958,249.941,0.4688830109459977
192.0,128.097511,37.951718,7304.2790159999995,-172.901,-39.299,250.16,0.4688830109459977
192.1,128.09737,37.95169,7297.5209904,-175.261,-40.639,250.443,0.4688830109459977
192.2,128.097229,37.951662,7290.458469600001,-177.801,-41.977,250.801,0.4688830109459977
192.3,128.09709,37.951634,7283.0923680000005,179.493,-43.309,251.24,0.4688830109459977
192.4,128.096951,37.951606,7275.4232952,176.637,-44.633,251.767,0.4688830109459977
192.5,128.096814,37.951578,7267.4524704000005,173.645,-45.943,252.391,0.4688830109459977
192.6,128.096678,37.95155,7259.181722400001,170.53,-47.237,253.118,0.4688830109459977
192.7,128.096543,37.951524,7250.6137944,167.303,-48.509,253.963,0.4688830109459977
192.8,128.096409,37.951497,7241.7514296,163.977,-49.75,254.954,0.4688830109459977
192.9,128.096276,37.951472,7232.600419200001,160.56,-50.948,256.136,0.4688830109459977
193.0,128.096145,37.951447,7223.1659448,157.036,-52.095,257.511,0.4688830109459977
193.1,128.096015,37.951423,7213.453492800001,153.386,-53.183,259.069,0.4688830109459977
193.2,128.095886,37.9514,7203.4688544,149.593,-54.205,260.802,0.4688830109459977
193.3,128.095759,37.951379,7193.2178208,145.642,-55.153,262.7,0.4688830109459977
193.4,128.095633,37.951358,7182.707402399999,141.523,-56.021,264.754,0.4688830109459977
193.5,128.095508,37.951339,7171.9443048,137.232,-56.801,266.952,0.4688830109459977
193.6,128.095385,37.951321,7160.935233600001,132.772,-57.485,269.283,0.4688830109459977
193.7,128.095263,37.951305,7149.6884184,128.15,-58.067,271.732,0.4688830109459977
193.8,128.095142,37.951291,7138.210564800001,123.383,-58.541,274.279,0.4688830109459977
193.9,128.095022,37.951278,7126.510512,118.494,-58.901,276.905,0.4688830109459977
194.0,128.094904,37.951267,7114.5970992,113.509,-59.143,279.584,0.4688830109459977
194.1,128.094787,37.951258,7102.478860800001,108.462,-59.262,282.289,0.4688830109459977
194.2,128.094671,37.951251,7090.1664648000005,103.386,-59.259,284.991,0.4688830109459977
194.3,128.094557,37.951247,7077.669664800001,98.318,-59.133,287.66,0.4688830109459977
194.4,128.094443,37.951244,7064.9985192,93.292,-58.885,290.267,0.4688830109459977
194.5,128.094331,37.951244,7052.1640008,88.34,-58.521,292.782,0.4688830109459977
194.6,128.094219,37.951246,7039.1770824000005,83.49,-58.047,295.184,0.4688830109459977
194.7,128.094108,37.95125,7026.0490416,78.764,-57.468,297.452,0.4688830109459977
194.8,128.093998,37.951257,7012.791460800001,74.174,-56.795,299.573,0.4688830109459977
194.9,128.093889,37.951266,6999.415617600001,69.725,-56.042,301.54,0.4688830109459977
195.0,128.09378,37.951278,6985.9324848,65.423,-55.216,303.349,0.4688830109459977
195.1,128.093672,37.951293,6972.3536448,61.276,-54.326,304.999,0.4688830109459977
195.2,128.093564,37.95131,6958.6912896,57.288,-53.38,306.495,0.4688830109459977
195.3,128.093456,37.951331,6944.9585256,53.462,-52.382,307.839,0.4688830109459977
195.4,128.093349,37.951353,6931.168764,49.805,-51.338,309.036,0.4688830109459977
195.5,128.093241,37.951379,6917.335111200001,46.317,-50.252,310.091,0.4688830109459977
195.6,128.093134,37.951408,6903.470064,43.022,-49.13,311.011,0.4688830109459977
195.7,128.093026,37.951439,6889.5845952,40.01,-47.98,311.806,0.4688830109459977
195.8,128.092918,37.951472,6875.6881536,37.405,-46.807,312.489,0.4688830109459977
195.9,128.09281,37.951509,6861.789883200001,35.275,-45.623,313.072,0.4688830109459977
196.0,128.092701,37.951548,6847.8989280000005,33.613,-44.44,313.574,0.4688830109459977
196.1,128.092592,37.951589,6834.0256512000005,32.349,-43.272,314.016,0.4688830109459977
196.2,128.092482,37.951634,6820.1798064,31.375,-42.126,314.417,0.4688830109459977
196.3,128.092372,37.95168,6806.371452000001,30.574,-41.01,314.792,0.4688830109459977
196.4,128.092261,37.95173,6792.610036800001,29.841,-39.923,315.152,0.4688830109459977
196.5,128.09215,37.951782,6778.9044,29.096,-38.866,315.507,0.4688830109459977
196.6,128.092038,37.951837,6765.263076,28.292,-37.836,315.858,0.4688830109459977
196.7,128.091925,37.951894,6751.6958184000005,27.413,-36.828,316.205,0.4688830109459977
196.8,128.091812,37.951954,6738.2129904,26.469,-35.84,316.547,0.4688830109459977
196.9,128.091698,37.952016,6724.8255648,25.478,-34.868,316.881,0.4688830109459977
197.0,128.091584,37.952081,6711.5436,24.468,-33.904,317.203,0.4688830109459977
197.1,128.091468,37.952149,6698.377764000001,23.463,-32.946,317.513,0.4688830109459977
197.2,128.091352,37.952219,6685.3359816,22.486,-31.99,317.809,0.4688830109459977
197.3,128.091235,37.952292,6672.4249584,21.553,-31.032,318.092,0.4688830109459977
197.4,128.091118,37.952367,6659.6501808,20.674,-30.072,318.361,0.4688830109459977
197.5,128.091,37.952445,6647.0186592,19.851,-29.112,318.617,0.4688830109459977
197.6,128.090881,37.952525,6634.537404000001,19.076,-28.152,318.86,0.4688830109459977
197.7,128.090761,37.952608,6622.2140352,18.331,-27.194,319.091,0.4688830109459977
197.8,128.09064,37.952692,6610.0561728,17.599,-26.237,319.309,0.4688830109459977
197.9,128.090519,37.95278,6598.071436800001,16.867,-25.282,319.515,0.4688830109459977
198.0,128.090397,37.952869,6586.2650088,16.139,-24.327,319.711,0.4688830109459977
198.1,128.090274,37.952961,6574.6429848,15.43,-23.372,319.896,0.4688830109459977
198.2,128.09015,37.953055,6563.209632,14.759,-22.416,320.071,0.4688830109459977
198.3,128.090026,37.953151,6551.969522400001,14.149,-21.459,320.239,0.4688830109459977
198.4,128.0899,37.953249,6540.926618400001,13.618,-20.503,320.4,0.4688830109459977
198.5,128.089774,37.953349,6530.0851872,13.174,-19.548,320.557,0.4688830109459977
198.6,128.089647,37.953451,6519.450105600001,12.817,-18.598,320.711,0.4688830109459977
198.7,128.089519,37.953556,6509.0265552,12.538,-17.652,320.865,0.4688830109459977
198.8,128.089391,37.953662,6498.819108,12.321,-16.711,321.022,0.4688830109459977
198.9,128.089262,37.95377,6488.833555200001,12.147,-15.776,321.183,0.4688830109459977
199.0,128.089132,37.953879,6479.0744688,11.996,-14.847,321.35,0.4688830109459977
199.1,128.089001,37.953991,6469.5473352,11.845,-13.923,321.525,0.4688830109459977
199.2,128.08887,37.954105,6460.258860000001,11.667,-13.006,321.712,0.4688830109459977
199.3,128.088738,37.95422,6451.216968000001,11.428,-12.094,321.911,0.4688830109459977
199.4,128.088606,37.954337,6442.4320224,11.093,-11.184,322.112,0.4688830109459977
199.5,128.088473,37.954456,6433.9131672,10.636,-10.273,322.309,0.4688830109459977
199.6,128.088339,37.954576,6425.6652792,10.082,-9.357,322.499,0.4688830109459977
199.7,128.088205,37.954698,6417.6880536,9.522,-8.437,322.68,0.4688830109459977
199.8,128.08807,37.954822,6409.976918400001,9.076,-7.523,322.85,0.4688830109459977
199.9,128.087935,37.954947,6402.530349600001,8.83,-6.619,323.01,0.4688830109459977
