Time,Longitude,Latitude,Altitude,Roll (deg),Pitch (deg),Yaw (deg),Health
0.0,128.181615,37.914556,4571.9698248,0.5,0.091,270.059,1.0
0.1,128.181386,37.914556,4571.7686568,2.731,0.922,270.248,1.0
0.2,128.181157,37.914556,4571.3955816,6.584,2.08,270.503,1.0
0.3,128.180928,37.914556,4570.8880896,11.811,3.262,270.839,1.0
0.4,128.180698,37.914556,4570.2864144000005,18.153,4.433,271.303,1.0
0.5,128.180467,37.914556,4569.643591200001,25.2,5.671,271.964,1.0
0.6,128.180236,37.914556,4569.029724,32.253,6.991,272.877,1.0
0.7,128.180005,37.914558,4568.4783408,38.946,8.24,274.033,1.0
0.8,128.179774,37.91456,4568.0183976,44.434,9.414,275.407,1.0
0.9,128.179543,37.914564,4567.733104800001,47.083,10.511,276.883,1.0
1.0,128.179312,37.914572,4567.7062824,46.681,11.507,278.365,1.0
1.1,128.179082,37.914582,4567.9470744,44.04,12.445,279.795,1.0
1.2,128.178852,37.914595,4568.4402408000005,40.218,13.382,281.116,1.0
1.3,128.178623,37.91461,4569.1830384,36.066,14.355,282.276,1.0
1.4,128.178395,37.914627,4570.1843064,32.165,15.376,283.257,1.0
1.5,128.178167,37.914646,4571.4598944,28.856,16.441,284.067,1.0
1.6,128.177941,37.914668,4573.0335768,26.213,17.542,284.727,1.0
1.7,128.177715,37.914691,4574.9404056,24.047,18.675,285.253,1.0
1.8,128.177491,37.914716,4577.2267104,21.839,19.851,285.641,1.0
1.9,128.177268,37.914742,4579.9528416,19.021,21.08,285.888,1.0
2.0,128.177047,37.91477,4583.1312960000005,15.613,22.366,286.017,1.0
2.1,128.176828,37.9148,4586.75994,11.789,23.707,286.029,1.0
2.2,128.176611,37.91483,4590.8348112,7.727,25.094,285.91,1.0
2.3,128.176396,37.914861,4595.350728,3.576,26.514,285.643,1.0
2.4,128.176183,37.914892,4600.3009848,-0.557,27.951,285.217,1.0
2.5,128.175972,37.914923,4605.6764376,-4.601,29.388,284.626,1.0
2.6,128.175763,37.914953,4611.467332800001,-8.518,30.81,283.873,1.0
2.7,128.175556,37.914983,4617.6614784,-12.307,32.201,282.959,1.0
2.8,128.175351,37.915011,4624.2469872,-15.979,33.549,281.893,1.0
2.9,128.175148,37.915038,4631.2098384,-19.557,34.844,280.682,1.0
3.0,128.174948,37.915064,4638.5360112,-23.061,36.076,279.339,1.0
3.1,128.174749,37.915087,4646.2047792,-26.459,37.239,277.87,1.0
3.2,128.174552,37.915109,4654.1887104,-29.601,38.33,276.294,1.0
3.3,128.174357,37.915129,4662.4603728,-32.324,39.351,274.642,1.0
3.4,128.174164,37.915147,4670.995992,-34.493,40.309,272.952,1.0
3.5,128.173972,37.915162,4679.7830712,-36.107,41.209,271.251,1.0
3.6,128.173783,37.915176,4688.822829600001,-37.384,42.055,269.551,1.0
3.7,128.173595,37.915187,4698.1164864,-38.591,42.859,267.86,1.0
3.8,128.17341,37.915196,4707.652764,-39.792,43.633,266.182,1.0
3.9,128.173226,37.915202,4717.4191656,-40.96,44.386,264.519,1.0
4.0,128.173045,37.915206,4727.4065472,-42.114,45.118,262.867,1.0
4.1,128.172867,37.915208,4737.608508,-43.316,45.828,261.223,1.0
4.2,128.17269,37.915208,4748.0171232,-44.607,46.516,259.579,1.0
4.3,128.172516,37.915205,4758.622944000001,-45.984,47.183,257.93,1.0
4.4,128.172344,37.915199,4769.414388,-47.402,47.826,256.271,1.0
4.5,128.172174,37.915192,4780.379568,-48.786,48.446,254.601,1.0
4.6,128.172007,37.915182,4791.5069016,-50.06,49.04,252.923,1.0
4.7,128.171842,37.91517,4802.7860256,-51.161,49.612,251.241,1.0
4.8,128.171679,37.915156,4814.2071864,-52.048,50.164,249.565,1.0
4.9,128.171519,37.91514,4825.762764,-52.696,50.701,247.901,1.0
5.0,128.171361,37.915122,4837.445748,-53.112,51.231,246.26,1.0
5.1,128.171205,37.915103,4849.2500424,-53.323,51.756,244.651,1.0
5.2,128.171051,37.915081,4861.1707704,-53.372,52.282,243.08,1.0
5.3,128.1709,37.915057,4873.202750400001,-53.311,52.814,241.549,1.0
5.4,128.170751,37.915032,4885.342629600001,-53.205,53.353,240.057,1.0
5.5,128.170604,37.915005,4897.58736,-53.116,53.9,238.599,1.0
5.6,128.17046,37.914976,4909.9341984,-53.09,54.456,237.17,1.0
5.7,128.170319,37.914946,4922.379487200001,-53.151,55.018,235.764,1.0
5.8,128.170179,37.914915,4934.9195688,-53.305,55.585,234.373,1.0
5.9,128.170043,37.914882,4947.5510904,-53.549,56.152,232.991,1.0
6.0,128.169908,37.914848,4960.2713088,-53.879,56.718,231.614,1.0
6.1,128.169777,37.914813,4973.076871200001,-54.289,57.278,230.235,1.0
6.2,128.169648,37.914776,4985.9650344,-54.765,57.831,228.85,1.0
6.3,128.169521,37.914738,4998.9321408000005,-55.29,58.375,227.455,1.0
6.4,128.169397,37.914699,5011.974837600001,-55.848,58.908,226.046,1.0
6.5,128.169276,37.914659,5025.0906864,-56.425,59.43,224.622,1.0
6.6,128.169157,37.914618,5038.2760296,-57.012,59.941,223.18,1.0
6.7,128.169041,37.914576,5051.5284288,-57.608,60.44,221.72,1.0
6.8,128.168927,37.914533,5064.844836,-58.214,60.928,220.24,1.0
6.9,128.168816,37.91449,5078.2231176000005,-58.835,61.406,218.739,1.0
7.0,128.168708,37.914445,5091.6602256,-59.479,61.874,217.216,1.0
7.1,128.168602,37.914399,5105.1540264000005,-60.156,62.332,215.668,1.0
7.2,128.168499,37.914353,5118.7023864,-60.877,62.78,214.094,1.0
7.3,128.168399,37.914306,5132.3025624,-61.655,63.218,212.49,1.0
7.4,128.168301,37.914259,5145.952420799999,-62.497,63.645,210.856,1.0
7.5,128.168206,37.91421,5159.649523200001,-63.405,64.06,209.187,1.0
7.6,128.168114,37.914161,5173.3914312,-64.376,64.462,207.482,1.0
7.7,128.168025,37.914112,5187.174792000001,-65.407,64.85,205.739,1.0
7.8,128.167938,37.914062,5200.9977768,-66.498,65.223,203.957,1.0
7.9,128.167855,37.914011,5214.8576424,-67.657,65.579,202.134,1.0
8.0,128.167774,37.91396,5228.7522552,-68.895,65.917,200.269,1.0
8.1,128.167695,37.913909,5242.678872,-70.225,66.235,198.358,1.0
8.2,128.16762,37.913857,5256.635664,-71.66,66.532,196.401,1.0
8.3,128.167548,37.913805,5270.620192800001,-73.227,66.805,194.393,1.0
8.4,128.167478,37.913752,5284.6303248,-74.95,67.052,192.331,1.0
8.5,128.167412,37.913699,5298.6633168,-76.839,67.268,190.211,1.0
8.6,128.167348,37.913646,5312.7161208,-78.894,67.45,188.033,1.0
8.7,128.167288,37.913593,5326.785079200001,-81.109,67.594,185.796,1.0
8.8,128.167231,37.913539,5340.8668392,-83.476,67.694,183.504,1.0
8.9,128.167177,37.913485,5354.957133600001,-85.988,67.747,181.162,1.0
9.0,128.167127,37.913431,5369.052000000001,-88.629,67.748,178.779,1.0
9.1,128.16708,37.913377,5383.146256800001,-91.353,67.693,176.363,1.0
9.2,128.167036,37.913322,5397.2347224000005,-94.094,67.581,173.931,1.0
9.3,128.166995,37.913267,5411.311910400001,-96.785,67.413,171.499,1.0
9.4,128.166957,37.913212,5425.3735536,-99.34,67.191,169.087,1.0
9.5,128.166922,37.913157,5439.414165600001,-101.65,66.922,166.713,1.0
9.6,128.16689,37.913101,5453.429784000001,-103.609,66.62,164.402,1.0
9.7,128.166861,37.913046,5467.417360800001,-105.166,66.298,162.166,1.0
9.8,128.166835,37.91299,5481.373543199999,-106.34,65.964,159.988,1.0
9.9,128.166811,37.912934,5495.2965024,-107.156,65.631,157.875,1.0
10.0,128.16679,37.912878,5509.183800000001,-107.663,65.307,155.824,1.0
10.1,128.166771,37.912821,5523.0336072,-107.925,65.001,153.83,1.0
10.2,128.166754,37.912765,5536.8453144000005,-108.014,64.717,151.885,1.0
10.3,128.16674,37.912709,5550.617397600001,-108.011,64.459,149.981,1.0
10.4,128.166729,37.912653,5564.348942400001,-107.992,64.228,148.108,1.0
10.5,128.16672,37.912597,5578.0393392,-108.017,64.023,146.257,1.0
10.6,128.166713,37.912541,5591.6876736,-108.155,63.842,144.422,1.0
10.7,128.166708,37.912485,5605.2921168,-108.498,63.681,142.594,1.0
10.8,128.166707,37.91243,5618.8511448,-109.195,63.531,140.769,1.0
10.9,128.166708,37.912375,5632.3611,-110.411,63.375,138.943,1.0
11.0,128.166712,37.912321,5645.8189344,-112.196,63.195,137.11,1.0
11.1,128.166719,37.912267,5659.2225144,-114.42,62.978,135.271,1.0
11.2,128.166729,37.912214,5672.5697064000005,-116.839,62.713,133.439,1.0
11.3,128.166741,37.912161,5685.8577672,-119.21,62.394,131.637,1.0
11.4,128.166756,37.912108,5699.0842584,-121.36,62.02,129.884,1.0
11.5,128.166774,37.912056,5712.2458272,-123.192,61.595,128.195,1.0
11.6,128.166794,37.912005,5725.339120799999,-124.677,61.123,126.577,1.0
11.7,128.166816,37.911954,5738.361396,-125.832,60.613,125.029,1.0
11.8,128.166841,37.911903,5751.309604800001,-126.703,60.073,123.545,1.0
11.9,128.166869,37.911854,5764.1803944,-127.348,59.511,122.118,1.0
12.0,128.166899,37.911804,5776.971936,-127.83,58.933,120.737,1.0
12.1,128.166932,37.911755,5789.6811816,-128.204,58.345,119.394,1.0
12.2,128.166967,37.911707,5802.3066072,-128.518,57.752,118.082,1.0
12.3,128.167004,37.911659,5814.845774400001,-128.812,57.155,116.795,1.0
12.4,128.167044,37.911612,5827.2971592,-129.109,56.556,115.528,1.0
12.5,128.167086,37.911566,5839.658628,-129.425,55.955,114.28,1.0
12.6,128.167131,37.91152,5851.9289616,-129.768,55.353,113.051,1.0
12.7,128.167178,37.911476,5864.106331200001,-130.138,54.748,111.839,1.0
12.8,128.167227,37.911431,5876.1886032,-130.529,54.14,110.647,1.0
12.9,128.167279,37.911388,5888.1745584,-130.935,53.528,109.474,1.0
13.0,128.167332,37.911346,5900.062368,-131.342,52.912,108.322,1.0
13.1,128.167388,37.911304,5911.850508,-131.739,52.289,107.192,1.0
13.2,128.167446,37.911263,5923.537454400001,-132.112,51.662,106.083,1.0
13.3,128.167506,37.911223,5935.1213784,-132.453,51.029,104.997,1.0
13.4,128.167568,37.911183,5946.600756000001,-132.755,50.39,103.932,1.0
13.5,128.167633,37.911145,5957.9737584,-133.016,49.747,102.888,1.0
13.6,128.167699,37.911107,5969.2391664,-133.233,49.099,101.865,1.0
13.7,128.167767,37.911071,5980.3951512,-133.411,48.447,100.86,1.0
13.8,128.167837,37.911035,5991.4401888,-133.553,47.792,99.873,1.0
13.9,128.167909,37.911,6002.373060000001,-133.664,47.134,98.902,1.0
14.0,128.167983,37.910966,6013.191936,-133.752,46.472,97.947,1.0
14.1,128.168059,37.910933,6023.895292800001,-133.82,45.809,97.005,1.0
14.2,128.168137,37.910901,6034.4819112000005,-133.874,45.142,96.077,1.0
14.3,128.168217,37.91087,6044.950572,-133.916,44.474,95.161,1.0
14.4,128.168298,37.91084,6055.300056000001,-133.944,43.803,94.256,1.0
14.5,128.168381,37.910811,6065.5288392,-133.956,43.13,93.362,1.0
14.6,128.168466,37.910783,6075.6360072,-133.95,42.455,92.478,1.0
14.7,128.168552,37.910757,6085.6197312,-133.934,41.778,91.604,1.0
14.8,128.16864,37.910731,6095.4778776,-133.945,41.098,90.741,1.0
14.9,128.16873,37.910706,6105.208008,-134.01,40.413,89.889,1.0
15.0,128.168822,37.910683,6114.8082936,-134.134,39.722,89.047,1.0
15.1,128.168915,37.91066,6124.277820000001,-134.312,39.024,88.216,1.0
15.2,128.169009,37.910639,6133.6144536,-134.531,38.317,87.395,1.0
15.3,128.169105,37.910619,6142.81728,-134.773,37.6,86.586,1.0
15.4,128.169203,37.9106,6151.8847752,-135.015,36.873,85.789,1.0
15.5,128.169302,37.910582,6160.8160248,-135.239,36.136,85.004,1.0
15.6,128.169403,37.910566,6169.6092,-135.425,35.389,84.232,1.0
15.7,128.169505,37.910551,6178.2630816,-135.564,34.632,83.472,1.0
15.8,128.169608,37.910536,6186.776145600001,-135.649,33.866,82.724,1.0
15.9,128.169713,37.910523,6195.146868000001,-135.679,33.093,81.988,1.0
16.0,128.169819,37.910512,6203.373724800001,-135.66,32.314,81.261,1.0
16.1,128.169926,37.910501,6211.455192,-135.601,31.529,80.544,1.0
16.2,128.170035,37.910492,6219.389136,-135.512,30.74,79.834,1.0
16.3,128.170144,37.910484,6227.1746424,-135.4,29.947,79.13,1.0
16.4,128.170256,37.910477,6234.8104920000005,-135.264,29.151,78.432,1.0
16.5,128.170368,37.910471,6242.295770400001,-135.098,28.354,77.737,1.0
16.6,128.170481,37.910467,6249.629868,-134.897,27.556,77.044,1.0
16.7,128.170595,37.910463,6256.811870400001,-134.658,26.758,76.353,1.0
16.8,128.170711,37.910462,6263.8405584,-134.381,25.962,75.663,1.0
16.9,128.170828,37.910461,6270.7153224,-134.066,25.168,74.974,1.0
17.0,128.170945,37.910462,6277.4358575999995,-133.714,24.378,74.284,1.0
17.1,128.171064,37.910463,6284.00064,-133.327,23.592,73.592,1.0
17.2,128.171183,37.910467,6290.409669600001,-132.909,22.811,72.899,1.0
17.3,128.171303,37.910471,6296.6617272,-132.464,22.035,72.203,1.0
17.4,128.171425,37.910477,6302.756508,-131.996,21.266,71.505,1.0
17.5,128.171547,37.910484,6308.6934024,-131.508,20.504,70.803,1.0
17.6,128.171669,37.910492,6314.472105600001,-131.002,19.749,70.097,1.0
17.7,128.171793,37.910502,6320.092008,-130.479,19.001,69.387,1.0
17.8,128.171917,37.910513,6325.5531096,-129.942,18.261,68.673,1.0
17.9,128.172042,37.910526,6330.854496000001,-129.39,17.528,67.954,1.0
18.0,128.172168,37.910539,6335.996472,-128.823,16.804,67.231,1.0
18.1,128.172294,37.910555,6340.9787328,-128.24,16.088,66.503,1.0
18.2,128.172421,37.910571,6345.8009736,-127.642,15.381,65.771,1.0
18.3,128.172548,37.910589,6350.4634992,-127.029,14.682,65.033,1.0
18.4,128.172676,37.910608,6354.9660048000005,-126.396,13.992,64.292,1.0
18.5,128.172804,37.910629,6359.3087952000005,-125.743,13.311,63.545,1.0
18.6,128.172933,37.910651,6363.491565600001,-125.066,12.64,62.793,1.0
18.7,128.173062,37.910675,6367.5152304,-124.366,11.979,62.036,1.0
18.8,128.173191,37.910699,6371.3794848,-123.644,11.328,61.275,1.0
18.9,128.173321,37.910726,6375.0846336,-122.9,10.687,60.508,1.0
19.0,128.173451,37.910754,6378.6306768,-122.138,10.057,59.736,1.0
19.1,128.173581,37.910783,6382.018224,-121.359,9.439,58.959,1.0
19.2,128.173711,37.910813,6385.2478848,-120.565,8.832,58.177,1.0
19.3,128.173842,37.910846,6388.3202688,-119.757,8.237,57.39,1.0
19.4,128.173972,37.910879,6391.235376,-118.938,7.654,56.597,1.0
19.5,128.174103,37.910914,6393.9944256,-118.111,7.083,55.8,1.0
19.6,128.174233,37.910951,6396.5977224,-117.28,6.525,54.998,1.0
19.7,128.174363,37.910989,6399.0461808,-116.447,5.979,54.191,1.0
19.8,128.174493,37.911028,6401.341020000001,-115.611,5.446,53.38,1.0
19.9,128.174623,37.911069,6403.4828496,-114.771,4.925,52.564,1.0
20.0,128.174753,37.911112,6405.4728888,-113.927,4.417,51.744,1.0
20.1,128.174883,37.911156,6407.312052000001,-113.079,3.921,50.92,1.0
20.2,128.175012,37.911201,6409.0015584,-112.23,3.437,50.092,1.0
20.3,128.17514,37.911248,6410.542322400001,-111.384,2.965,49.261,1.0
20.4,128.175269,37.911297,6411.9358680000005,-110.549,2.505,48.426,1.0
20.5,128.175397,37.911347,6413.1831096000005,-109.729,2.055,47.588,1.0
20.6,128.175524,37.911398,6414.284961599999,-108.93,1.616,46.747,1.0
20.7,128.175651,37.911451,6415.2432528,-108.154,1.187,45.903,1.0
20.8,128.175777,37.911506,6416.058592800001,-107.405,0.767,45.056,1.0
20.9,128.175902,37.911562,6416.732810400001,-106.682,0.355,44.206,1.0
21.0,128.176027,37.911619,6417.267124800001,-105.984,-0.048,43.353,1.0
21.1,128.176151,37.911678,6417.662755200001,-105.308,-0.446,42.497,1.0
21.2,128.176274,37.911739,6417.9209208,-104.65,-0.837,41.639,1.0
21.3,128.176396,37.911801,6418.0434504,-104.001,-1.223,40.778,1.0
21.4,128.176517,37.911864,6418.0315632,-103.353,-1.603,39.914,1.0
21.5,128.176637,37.911929,6417.886478400001,-102.694,-1.978,39.049,1.0
21.6,128.176756,37.911995,6417.6103296,-102.016,-2.346,38.181,1.0
21.7,128.176874,37.912063,6417.204336,-101.312,-2.708,37.312,1.0
21.8,128.176992,37.912132,6416.6703264,-100.576,-3.062,36.442,1.0
21.9,128.177107,37.912203,6416.010129599999,-99.803,-3.407,35.57,1.0
22.0,128.177222,37.912275,6415.2255744,-98.981,-3.742,34.698,1.0
22.1,128.177336,37.912348,6414.3190992,-98.103,-4.065,33.825,1.0
22.2,128.177448,37.912423,6413.292837600001,-97.167,-4.374,32.951,1.0
22.3,128.177559,37.912499,6412.1489232,-96.184,-4.667,32.078,1.0
22.4,128.177668,37.912576,6410.8900992,-95.171,-4.945,31.206,1.0
22.5,128.177777,37.912655,6409.5191088,-94.15,-5.205,30.335,1.0
22.6,128.177883,37.912735,6408.0383904,-93.143,-5.447,29.465,1.0
22.7,128.177989,37.912816,6406.4506872,-92.175,-5.673,28.596,1.0
22.8,128.178093,37.912899,6404.759352000001,-91.266,-5.882,27.728,1.0
22.9,128.178195,37.912983,6402.9665184000005,-90.426,-6.076,26.859,1.0
23.0,128.178296,37.913068,6401.074929599999,-89.656,-6.256,25.99,1.0
23.1,128.178395,37.913154,6399.087024,-88.952,-6.425,25.121,1.0
23.2,128.178492,37.913242,6397.0055448,-88.305,-6.584,24.25,1.0
23.3,128.178588,37.913331,6394.8326256,-87.701,-6.734,23.377,1.0
23.4,128.178682,37.91342,6392.5704000000005,-87.125,-6.879,22.504,1.0
23.5,128.178774,37.913512,6390.220696800001,-86.565,-7.017,21.628,1.0
23.6,128.178864,37.913604,6387.7856496,-86.012,-7.152,20.752,1.0
23.7,128.178953,37.913697,6385.267392000001,-85.461,-7.283,19.874,1.0
23.8,128.179039,37.913792,6382.6683624,-84.912,-7.41,18.995,1.0
23.9,128.179124,37.913888,6379.9900848,-84.367,-7.535,18.114,1.0
24.0,128.179207,37.913984,6377.234692800001,-83.83,-7.658,17.232,1.0
24.1,128.179288,37.914082,6374.404929599999,-83.31,-7.778,16.349,1.0
24.2,128.179367,37.914181,6371.502014400001,-82.813,-7.895,15.464,1.0
24.3,128.179444,37.914281,6368.528385600001,-82.345,-8.01,14.576,1.0
24.4,128.179519,37.914381,6365.485872,-81.913,-8.123,13.686,1.0
24.5,128.179592,37.914483,6362.3763024,-81.521,-8.235,12.792,1.0
24.6,128.179662,37.914586,6359.201505600001,-81.171,-8.347,11.895,1.0
24.7,128.179731,37.91469,6355.962700800001,-80.862,-8.458,10.993,1.0
24.8,128.179797,37.914794,6352.6620216,-80.592,-8.571,10.086,1.0
24.9,128.179861,37.9149,6349.300382400001,-80.36,-8.688,9.174,1.0
25.0,128.179923,37.915006,6345.8793072,-80.17,-8.808,8.256,1.0
25.1,128.179983,37.915113,6342.400015200001,-80.028,-8.935,7.33,1.0
25.2,128.18004,37.915221,6338.8637256,-79.949,-9.069,6.398,1.0
25.3,128.180095,37.915329,6335.2716576,-79.942,-9.212,5.456,1.0
25.4,128.180147,37.915439,6331.6244208,-80.007,-9.367,4.504,1.0
25.5,128.180197,37.915549,6327.922015200001,-80.124,-9.534,3.542,1.0
25.6,128.180245,37.915659,6324.1647456,-80.272,-9.715,2.569,1.0
25.7,128.18029,37.91577,6320.3529168,-80.43,-9.912,1.584,1.0
25.8,128.180333,37.915882,6316.4856144000005,-80.582,-10.126,0.589,1.0
25.9,128.180373,37.915994,6312.5631432,-80.715,-10.358,359.584,1.0
26.0,128.18041,37.916106,6308.5855032,-80.821,-10.61,358.569,1.0
26.1,128.180446,37.916219,6304.5523896,-80.898,-10.879,357.547,1.0
26.2,128.180478,37.916332,6300.463192800001,-80.952,-11.161,356.519,1.0
26.3,128.180509,37.916445,6296.3182176,-80.989,-11.452,355.487,1.0
26.4,128.180536,37.916558,6292.1165496,-81.018,-11.749,354.452,1.0
26.5,128.180561,37.916672,6287.8581888,-81.043,-12.049,353.416,1.0
26.6,128.180584,37.916786,6283.5428304,-81.071,-12.351,352.379,1.0
26.7,128.180604,37.916899,6279.170169600001,-81.105,-12.654,351.342,1.0
26.8,128.180622,37.917013,6274.739901600001,-81.148,-12.957,350.305,1.0
26.9,128.180637,37.917127,6270.251112,-81.201,-13.259,349.268,1.0
27.0,128.180649,37.917241,6265.704105600001,-81.264,-13.562,348.231,1.0
27.1,128.180659,37.917355,6261.097968,-81.336,-13.865,347.193,1.0
27.2,128.180666,37.917468,6256.4323944,-81.413,-14.17,346.154,1.0
27.3,128.180671,37.917582,6251.706775199999,-81.494,-14.478,345.114,1.0
27.4,128.180673,37.917695,6246.9195864,-81.577,-14.79,344.073,1.0
27.5,128.180673,37.917808,6242.0702184,-81.663,-15.104,343.03,1.0
27.6,128.18067,37.917922,6237.156537600001,-81.753,-15.422,341.987,1.0
27.7,128.180665,37.918035,6232.1761056000005,-81.848,-15.742,340.945,1.0
27.8,128.180657,37.918147,6227.1273984,-81.949,-16.065,339.901,1.0
27.9,128.180646,37.91826,6222.008587200001,-82.056,-16.39,338.854,1.0
28.0,128.180633,37.918373,6216.8178431999995,-82.171,-16.717,337.804,1.0
28.1,128.180617,37.918485,6211.5533376,-82.293,-17.049,336.749,1.0
28.2,128.180598,37.918597,6206.2129368000005,-82.424,-17.384,335.687,1.0
28.3,128.180576,37.918709,6200.7945072,-82.565,-17.723,334.618,1.0
28.4,128.180552,37.918821,6195.2968296,-82.718,-18.067,333.54,1.0
28.5,128.180525,37.918933,6189.7177704000005,-82.885,-18.415,332.452,1.0
28.6,128.180496,37.919044,6184.056110400001,-83.068,-18.767,331.353,1.0
28.7,128.180463,37.919155,6178.3109352,-83.268,-19.123,330.243,1.0
28.8,128.180428,37.919266,6172.4807208,-83.485,-19.484,329.12,1.0
28.9,128.18039,37.919376,6166.5639432,-83.72,-19.848,327.986,1.0
29.0,128.180349,37.919486,6160.559688,-83.971,-20.217,326.84,1.0
29.1,128.180306,37.919595,6154.4664312,-84.236,-20.592,325.682,1.0
29.2,128.180259,37.919704,6148.283563200001,-84.512,-20.973,324.513,1.0
29.3,128.18021,37.919812,6142.008950400001,-84.797,-21.361,323.334,1.0
29.4,128.180158,37.919919,6135.641983200001,-85.091,-21.756,322.145,1.0
29.5,128.180104,37.920026,6129.1799184,-85.391,-22.158,320.946,1.0
29.6,128.180046,37.920132,6122.6218416,-85.696,-22.567,319.739,1.0
29.7,128.179986,37.920237,6115.9656192,-86.004,-22.982,318.524,1.0
29.8,128.179923,37.920341,6109.2097272,-86.315,-23.405,317.3,1.0
29.9,128.179857,37.920444,6102.352032000001,-86.627,-23.834,316.068,1.0
30.0,128.179789,37.920546,6095.3907048,-86.94,-24.271,314.828,1.0
30.1,128.179718,37.920647,6088.3245264,-87.255,-24.713,313.581,1.0
30.2,128.179644,37.920747,6081.1510584,-87.572,-25.163,312.327,1.0
30.3,128.179568,37.920846,6073.8690816,-87.889,-25.618,311.064,1.0
30.4,128.179489,37.920943,6066.4761576,-88.208,-26.08,309.794,1.0
30.5,128.179407,37.921039,6058.9707624,-88.528,-26.549,308.516,1.0
30.6,128.179323,37.921134,6051.3510672,-88.848,-27.024,307.229,1.0
30.7,128.179236,37.921227,6043.6152432,-89.17,-27.506,305.934,1.0
30.8,128.179146,37.921319,6035.761156800001,-89.493,-27.994,304.63,1.0
30.9,128.179055,37.921409,6027.787284000001,-89.816,-28.488,303.317,1.0
31.0,128.17896,37.921497,6019.6914912,-90.141,-28.99,301.994,1.0
31.1,128.178864,37.921584,6011.4716448,-90.466,-29.498,300.662,1.0
31.2,128.178765,37.921669,6003.1262208,-90.792,-30.013,299.32,1.0
31.3,128.178663,37.921752,5994.6530856,-91.118,-30.534,297.967,1.0
31.4,128.17856,37.921833,5986.0501056,-91.446,-31.063,296.604,1.0
31.5,128.178454,37.921913,5977.315756800001,-91.773,-31.598,295.23,1.0
31.6,128.178347,37.92199,5968.447905600001,-92.101,-32.141,293.844,1.0
31.7,128.178237,37.922065,5959.4447232,-92.428,-32.69,292.447,1.0
31.8,128.178125,37.922138,5950.304076,-92.755,-33.247,291.039,1.0
31.9,128.178012,37.922209,5941.0241352,-93.081,-33.81,289.618,1.0
32.0,128.177896,37.922278,5931.6027672,-93.407,-34.381,288.184,1.0
32.1,128.177779,37.922344,5922.0381431999995,-93.73,-34.959,286.738,1.0
32.2,128.17766,37.922408,5912.3281296,-94.052,-35.544,285.278,1.0
32.3,128.17754,37.92247,5902.4705928,-94.373,-36.137,283.805,1.0
32.4,128.177418,37.922529,5892.464008800001,-94.691,-36.737,282.317,1.0
32.5,128.177295,37.922586,5882.306244,-95.006,-37.343,280.814,1.0
32.6,128.17717,37.92264,5871.995164800001,-95.319,-37.957,279.297,1.0
32.7,128.177045,37.922691,5861.5289424,-95.628,-38.578,277.763,1.0
32.8,128.176918,37.92274,5850.905443199999,-95.935,-39.207,276.213,1.0
32.9,128.17679,37.922786,5840.123447999999,-96.237,-39.842,274.645,1.0
33.0,128.176662,37.92283,5829.1805184,-96.535,-40.484,273.06,1.0
33.1,128.176532,37.92287,5818.0751304,-96.828,-41.133,271.457,1.0
33.2,128.176402,37.922908,5806.80576,-97.116,-41.79,269.834,1.0
33.3,128.176272,37.922943,5795.369968800001,-97.398,-42.452,268.191,1.0
33.4,128.176141,37.922975,5783.7665376,-97.673,-43.122,266.527,1.0
33.5,128.17601,37.923004,5771.9939424,-97.94,-43.798,264.841,1.0
33.6,128.175879,37.923031,5760.0503544,-98.199,-44.48,263.133,1.0
33.7,128.175748,37.923054,5747.9342496,-98.449,-45.169,261.4,1.0
33.8,128.175617,37.923075,5735.6444088,-98.689,-45.863,259.643,1.0
33.9,128.175486,37.923092,5723.1786984,-98.917,-46.564,257.86,1.0
34.0,128.175356,37.923107,5710.5358992,-99.133,-47.27,256.048,1.0
34.1,128.175226,37.923118,5697.7141824,-99.335,-47.981,254.204,1.0
34.2,128.175097,37.923127,5684.7123288,-99.524,-48.698,252.326,1.0
34.3,128.17497,37.923132,5671.528509600001,-99.699,-49.421,250.409,1.0
34.4,128.174843,37.923134,5658.162115200001,-99.86,-50.148,248.449,1.0
34.5,128.174718,37.923133,5644.6116216,-100.007,-50.881,246.443,1.0
34.6,128.174594,37.923129,5630.876724000001,-100.14,-51.618,244.387,1.0
34.7,128.174472,37.923122,5616.9540696,-99.564,-52.309,242.263,1.0
34.8,128.174351,37.923112,5602.8482304,-96.797,-52.86,240.057,1.0
34.9,128.174232,37.923101,5588.5723128,-92.892,-53.33,237.822,1.0
35.0,128.174114,37.923086,5574.133632,-89.642,-53.773,235.606,1.0
35.1,128.173999,37.923068,5559.5401128,-87.255,-54.139,233.4,1.0
35.2,128.173885,37.923046,5544.8018136,-85.734,-54.424,231.168,1.0
35.3,128.173774,37.923021,5529.926049600001,-84.998,-54.65,228.888,1.0
35.4,128.173666,37.922992,5514.917697600001,-84.912,-54.844,226.549,1.0
35.5,128.17356,37.92296,5499.7795008,-85.315,-55.036,224.148,1.0
35.6,128.173457,37.922925,5484.5114592,-86.048,-55.249,221.681,1.0
35.7,128.173358,37.922886,5469.1129632,-86.959,-55.501,219.146,1.0
35.8,128.173261,37.922845,5453.5766976,-87.163,-55.748,216.549,1.0
35.9,128.173167,37.922801,5437.894737600001,-84.791,-55.89,213.919,1.0
36.0,128.173075,37.922755,5422.067692800001,-80.348,-55.942,211.314,1.0
36.1,128.172985,37.922707,5406.1059264000005,-75.301,-55.916,208.815,1.0
36.2,128.172898,37.922657,5390.0341272000005,-71.503,-55.844,206.445,1.0
36.3,128.172814,37.922604,5373.881556,-69.088,-55.698,204.178,1.0
36.4,128.172734,37.922547,5357.6643672,-67.946,-55.481,201.949,1.0
36.5,128.172658,37.922487,5341.389876,-67.863,-55.22,199.706,1.0
36.6,128.172586,37.922424,5325.0620448,-68.582,-54.947,197.419,1.0
36.7,128.172519,37.922358,5308.681788000001,-69.837,-54.696,195.07,1.0
36.8,128.172455,37.922289,5292.2466672,-71.391,-54.489,192.648,1.0
36.9,128.172396,37.922218,5275.7444904,-72.202,-54.293,190.175,1.0
37.0,128.172341,37.922145,5259.151788000001,-70.239,-54.04,187.706,1.0
37.1,128.172288,37.92207,5242.456368,-66.316,-53.741,185.291,1.0
37.2,128.172238,37.921994,5225.67408,-61.902,-53.389,183.01,1.0
37.3,128.172193,37.921915,5208.8457672,-58.725,-52.979,180.891,1.0
37.4,128.172152,37.921834,5192.012272800001,-57.012,-52.501,178.894,1.0
37.5,128.172117,37.92175,5175.1918848,-56.531,-51.986,176.92,1.0
37.6,128.172086,37.921664,5158.392528,-57.05,-51.453,174.922,1.0
37.7,128.172061,37.921576,5141.6160312,-58.331,-50.919,172.882,1.0
37.8,128.172041,37.921485,5124.858736800001,-60.123,-50.408,170.786,1.0
37.9,128.172026,37.921393,5108.106624000001,-61.458,-49.912,168.646,1.0
38.0,128.172015,37.9213,5091.3249456,-60.4,-49.387,166.508,1.0
38.1,128.172008,37.921205,5074.485050400001,-56.985,-48.825,164.433,1.0
38.2,128.172005,37.92111,5057.6046168,-52.799,-48.233,162.49,1.0
38.3,128.172006,37.921013,5040.7433856,-49.705,-47.608,160.713,1.0
38.4,128.172013,37.920914,5023.9577448,-48.251,-46.932,159.066,1.0
38.5,128.172026,37.920813,5007.2659824,-48.247,-46.206,157.474,1.0
38.6,128.172045,37.920712,4990.673889600001,-49.378,-45.458,155.866,1.0
38.7,128.172069,37.920609,4974.182990400001,-51.308,-44.723,154.197,1.0
38.8,128.172099,37.920505,4957.781397600001,-53.391,-44.014,152.455,1.0
38.9,128.172134,37.9204,4941.4221720000005,-54.257,-43.316,150.672,1.0
39.0,128.172173,37.920295,4925.0592888,-52.866,-42.612,148.906,1.0
39.1,128.172216,37.920189,4908.6814704,-49.401,-41.897,147.235,1.0
39.2,128.172263,37.920083,4892.355468000001,-45.945,-41.188,145.691,1.0
39.3,128.172316,37.919976,4876.160834400001,-44.12,-40.466,144.263,1.0
39.4,128.172375,37.919869,4860.141156,-43.887,-39.699,142.903,1.0
39.5,128.17244,37.919761,4844.3025288,-44.96,-38.897,141.537,1.0
39.6,128.172511,37.919653,4828.6458672,-47.001,-38.093,140.114,1.0
39.7,128.172589,37.919545,4813.1553216,-49.465,-37.31,138.614,1.0
39.8,128.172671,37.919438,4797.7854768,-51.299,-36.546,137.052,1.0
39.9,128.172758,37.919331,4782.49488,-51.514,-35.791,135.472,1.0
40.0,128.172849,37.919224,4767.2530512,-49.648,-35.033,133.935,1.0
40.1,128.172945,37.919117,4752.0959568,-46.78,-34.286,132.476,1.0
40.2,128.173046,37.919011,4737.104673600001,-44.569,-33.55,131.099,1.0
40.3,128.173153,37.918906,4722.343209600001,-43.85,-32.796,129.776,1.0
40.4,128.173266,37.918802,4707.8237568,-44.506,-32.005,128.465,1.0
40.5,128.173385,37.918699,4693.5396096,-46.19,-31.196,127.122,1.0
40.6,128.173509,37.918598,4679.4596784000005,-48.187,-30.388,125.733,1.0
40.7,128.173638,37.918497,4665.546168,-49.607,-29.591,124.308,1.0
40.8,128.173772,37.918398,4651.760368800001,-49.653,-28.8,122.88,1.0
40.9,128.173909,37.9183,4638.086736,-48.106,-28.009,121.493,1.0
41.0,128.174051,37.918203,4624.5655032,-45.836,-27.231,120.168,1.0
41.1,128.174198,37.918108,4611.2664696,-44.156,-26.462,118.899,1.0
41.2,128.17435,37.918015,4598.246328,-43.825,-25.682,117.662,1.0
41.3,128.174507,37.917924,4585.515136800001,-44.767,-24.878,116.422,1.0
41.4,128.17467,37.917836,4573.0448544,-46.356,-24.055,115.157,1.0
41.5,128.174836,37.917749,4560.7955520000005,-47.706,-23.226,113.866,1.0
41.6,128.175007,37.917665,4548.7288248,-48.058,-22.401,112.569,1.0
41.7,128.175181,37.917582,4536.8309568,-47.207,-21.583,111.293,1.0
41.8,128.175359,37.917502,4525.1345616,-45.68,-20.779,110.058,1.0
41.9,128.175541,37.917424,4513.6911504,-44.389,-19.985,108.861,1.0
42.0,128.175727,37.917348,4502.5464432,-44.012,-19.188,107.686,1.0
42.1,128.175917,37.917276,4491.7117176,-44.607,-18.375,106.512,1.0
42.2,128.176111,37.917207,4481.1653328,-45.704,-17.546,105.323,1.0
42.3,128.176309,37.91714,4470.8740656,-46.631,-16.71,104.121,1.0
42.4,128.176509,37.917076,4460.80896,-46.819,-15.874,102.92,1.0
42.5,128.176713,37.917015,4450.9605672,-46.09,-15.043,101.738,1.0
42.6,128.176919,37.916956,4441.356624,-44.856,-14.221,100.59,1.0
42.7,128.177128,37.916901,4432.0410216,-43.849,-13.408,99.471,1.0
42.8,128.17734,37.916848,4423.0478976,-43.563,-12.591,98.37,1.0
42.9,128.177555,37.916799,4414.380604800001,-43.996,-11.759,97.27,1.0
43.0,128.177772,37.916754,4406.0193312,-44.755,-10.915,96.162,1.0
43.1,128.177992,37.916711,4397.9357304000005,-45.313,-10.066,95.046,1.0
43.2,128.178214,37.916671,4390.1118192,-45.321,-9.22,93.933,1.0
43.3,128.178438,37.916635,4382.551560000001,-44.801,-8.382,92.835,1.0
43.4,128.178663,37.916601,4375.2768984,-44.074,-7.553,91.757,1.0
43.5,128.17889,37.916571,4368.312828,-43.534,-6.728,90.695,1.0
43.6,128.179119,37.916545,4361.678856,-43.451,-5.902,89.638,1.0
43.7,128.179349,37.916522,4355.374068,-43.814,-5.071,88.578,1.0
43.8,128.179581,37.916502,4349.3838336,-44.373,-4.235,87.509,1.0
43.9,128.179814,37.916486,4343.6907792,-44.818,-3.4,86.433,1.0
44.0,128.180047,37.916473,4338.2814936,-44.936,-2.57,85.358,0.95767299407394
44.1,128.180282,37.916463,4333.155672,-44.7,-1.744,84.293,0.890010284584209
44.2,128.180517,37.916456,4328.3297736,-44.337,-0.928,83.238,0.8782458628512536
44.3,128.180752,37.916453,4323.8297064,-44.256,-0.128,82.18,0.8782458628512536
44.4,128.180988,37.916454,4319.6761968,-44.766,0.647,81.095,0.8782458628512536
44.5,128.181223,37.916458,4315.8579672,-45.766,1.401,79.969,0.8782458628512536
44.6,128.181459,37.916466,4312.3338696,-46.584,2.153,78.821,0.8782458628512536
44.7,128.181694,37.916476,4309.0456872,-46.333,2.921,77.686,0.8782458628512536
44.8,128.181928,37.916489,4305.9586728,-44.667,3.703,76.598,0.8782458628512536
44.9,128.182162,37.916505,4303.093248,-42.04,4.495,75.582,0.8782458628512536
45.0,128.182396,37.916524,4300.5042768,-39.85,5.28,74.626,0.8782458628512536
45.1,128.182628,37.916545,4298.2844184000005,-39.787,6.047,73.694,0.8782458628512536
45.2,128.182859,37.916571,4296.4815264,-41.65,6.816,72.754,0.8782458628512536
45.3,128.183089,37.9166,4295.0779224,-44.98,7.568,71.747,0.8782458628512536
45.4,128.183317,37.916633,4294.0437360000005,-49.282,8.265,70.63,0.8782458628512536
45.5,128.183544,37.91667,4293.3423912,-54.109,8.863,69.377,0.8782458628512536
45.6,128.183769,37.916711,4292.931825600001,-59.114,9.333,67.985,0.8782458628512536
45.7,128.183992,37.916756,4292.766624,-64.041,9.658,66.466,0.8782458628512536
45.8,128.184214,37.916805,4292.7967992,-68.645,9.828,64.842,0.8782458628512536
45.9,128.184433,37.916858,4292.97084,-72.412,9.856,63.144,0.8782458628512536
46.0,128.184651,37.916915,4293.2351016,-74.724,9.777,61.414,0.8782458628512536
46.1,128.184867,37.916976,4293.571905600001,-75.809,9.619,59.691,0.8782458628512536
46.2,128.185081,37.91704,4293.9785088,-76.098,9.421,58.001,0.8782458628512536
46.3,128.185293,37.917108,4294.4543016,-75.947,9.226,56.354,0.8782458628512536
46.4,128.185503,37.91718,4294.9998936,-75.623,9.066,54.749,0.8782458628512536
46.5,128.185711,37.917256,4295.6161992,-75.301,8.947,53.177,0.8782458628512536
46.6,128.185916,37.917336,4296.3032184,-75.073,8.868,51.632,0.8782458628512536
46.7,128.186118,37.91742,4297.059732000001,-74.971,8.825,50.109,0.8782458628512536
46.8,128.186317,37.917507,4297.8839112000005,-75.0,8.811,48.604,0.8782458628512536
46.9,128.186514,37.917598,4298.7730128,-75.136,8.817,47.115,0.8782458628512536
47.0,128.186707,37.917693,4299.7245984,-75.352,8.836,45.638,0.8782458628512536
47.1,128.186898,37.917791,4300.734705600001,-75.613,8.864,44.174,0.8782458628512536
47.2,128.187085,37.917893,4301.7999816,-75.891,8.894,42.719,0.8782458628512536
47.3,128.18727,37.917998,4302.9176832,-76.164,8.926,41.275,0.8782458628512536
47.4,128.187451,37.918107,4304.0841528,-76.421,8.958,39.839,0.8782458628512536
47.5,128.187628,37.918218,4305.2975616,-76.662,8.988,38.413,0.8782458628512536
47.6,128.187803,37.918333,4306.5551664,-76.889,9.017,36.994,0.8782458628512536
47.7,128.187973,37.918451,4307.8545288000005,-77.112,9.045,35.581,0.8782458628512536
47.8,128.18814,37.918572,4309.1941248,-77.344,9.071,34.175,0.8782458628512536
47.9,128.188303,37.918696,4310.572125600001,-77.601,9.093,32.773,0.8782458628512536
48.0,128.188463,37.918823,4311.985788,-77.897,9.112,31.374,0.8782458628512536
48.1,128.188618,37.918953,4313.433588,-78.239,9.125,29.977,0.8782458628512536
48.2,128.188769,37.919086,4314.9121728,-78.629,9.13,28.582,0.8782458628512536
48.3,128.188916,37.919221,4316.4187992,-79.064,9.126,27.186,0.8782458628512536
48.4,128.189059,37.919359,4317.9501144000005,-79.543,9.11,25.789,0.8782458628512536
48.5,128.189197,37.919499,4319.5024608,-80.067,9.081,24.39,0.8782458628512536
48.6,128.189331,37.919642,4321.0721808,-80.644,9.036,22.989,0.8782458628512536
48.7,128.18946,37.919788,4322.6547024,-81.278,8.973,21.585,0.8782458628512536
48.8,128.189585,37.919936,4324.2454536,-81.963,8.891,20.177,0.8782458628512536
48.9,128.189705,37.920086,4325.838643200001,-82.695,8.787,18.764,0.8782458628512536
49.0,128.18982,37.920238,4327.4290896,-83.464,8.66,17.348,0.8782458628512536
49.1,128.189931,37.920393,4329.0100872,-84.269,8.509,15.927,0.8782458628512536
49.2,128.190036,37.920549,4330.5758448,-85.14,8.33,14.502,0.8782458628512536
49.3,128.190136,37.920708,4332.1196568000005,-86.113,8.121,13.072,0.8782458628512536
49.4,128.190231,37.920868,4333.6332936,-87.221,7.878,11.636,0.8782458628512536
49.5,128.19032,37.92103,4335.108220800001,-88.478,7.596,10.194,0.8782458628512536
49.6,128.190404,37.921194,4336.5331608,-89.89,7.27,8.744,0.8782458628512536
49.7,128.190483,37.921359,4337.8965312,-91.465,6.893,7.287,0.8782458628512536
49.8,128.190555,37.921526,4339.184311200001,-93.214,6.459,5.825,0.8782458628512536
49.9,128.190622,37.921694,4340.3812608,-95.146,5.96,4.359,0.8782458628512536
50.0,128.190683,37.921864,4341.4697016,-97.239,5.392,2.89,0.8782458628512536
50.1,128.190739,37.922034,4342.4313456,-99.444,4.749,1.423,0.8782458628512536
50.2,128.190788,37.922206,4343.2472952,-101.7,4.028,359.962,0.8782458628512536
50.3,128.190832,37.922379,4343.8989576,-103.911,3.231,358.512,0.8782458628512536
50.4,128.190871,37.922552,4344.369568800001,-105.97,2.366,357.095,0.8782458628512536
50.5,128.190904,37.922726,4344.6426696,-107.825,1.45,355.74,0.8782458628512536
50.6,128.190931,37.922901,4344.7033248,-109.473,0.486,354.425,0.8782458628512536
50.7,128.190953,37.923076,4344.5372088,-110.948,-0.521,353.132,0.8782458628512536
50.8,128.19097,37.923252,4344.129996000001,-112.32,-1.569,351.849,0.8782458628512536
50.9,128.190982,37.923427,4343.467056,-113.68,-2.656,350.572,0.8782458628512536
51.0,128.190989,37.923603,4342.5334536,-115.118,-3.782,349.301,0.8782458628512536
51.1,128.19099,37.923779,4341.313644000001,-116.705,-4.949,348.036,0.8782458628512536
51.2,128.190986,37.923955,4339.7914728000005,-118.491,-6.165,346.777,0.8782458628512536
51.3,128.190976,37.92413,4337.949566400001,-120.5,-7.437,345.53,0.8782458628512536
51.4,128.190962,37.924304,4335.769636800001,-122.75,-8.771,344.303,0.8782458628512536
51.5,128.190943,37.924478,4333.231872,-125.251,-10.172,343.112,0.8782458628512536
51.6,128.190918,37.924651,4330.3167648,-127.992,-11.643,341.968,0.8782458628512536
51.7,128.19089,37.924823,4327.013952,-129.927,-13.135,340.834,0.8782458628512536
51.8,128.190857,37.924995,4323.3703728,-128.672,-14.547,339.636,0.8782458628512536
51.9,128.190822,37.925166,4319.453997600001,-124.581,-15.843,338.389,0.8782458628512536
52.0,128.190785,37.925338,4315.3123752,-119.259,-17.002,337.136,0.8782458628512536
52.1,128.190744,37.925509,4310.9046624,-115.749,-18.059,335.931,0.8782458628512536
52.2,128.190699,37.925678,4306.1833104,-114.242,-18.972,334.718,0.8782458628512536
52.3,128.190649,37.925846,4301.11662,-114.524,-19.809,333.475,0.8782458628512536
52.4,128.190593,37.926012,4295.701848000001,-116.24,-20.653,332.195,0.8782458628512536
52.5,128.190531,37.926175,4289.9328984,-119.014,-21.567,330.892,0.8782458628512536
52.6,128.190465,37.926336,4283.7972744,-122.498,-22.593,329.594,0.8782458628512536
52.7,128.190395,37.926495,4277.2763832,-126.412,-23.746,328.326,0.8782458628512536
52.8,128.19032,37.926651,4270.357728,-129.472,-24.987,327.069,0.8782458628512536
52.9,128.190243,37.926806,4263.0809328000005,-129.075,-26.233,325.767,0.8782458628512536
53.0,128.190163,37.926959,4255.5100056,-125.593,-27.438,324.426,0.8782458628512536
53.1,128.19008,37.927112,4247.6873136,-120.238,-28.515,323.05,0.8782458628512536
53.2,128.189995,37.927264,4239.574452,-115.592,-29.437,321.676,0.8782458628512536
53.3,128.189906,37.927412,4231.1366736,-113.129,-30.219,320.288,0.8782458628512536
53.4,128.189813,37.927558,4222.3550808,-112.683,-30.915,318.852,0.8782458628512536
53.5,128.189715,37.9277,4213.23516,-113.856,-31.612,317.357,0.8782458628512536
53.6,128.189613,37.927838,4203.7766064,-116.22,-32.379,315.824,0.8782458628512536
53.7,128.189507,37.927973,4193.9690568000005,-119.395,-33.255,314.276,0.8782458628512536
53.8,128.189397,37.928104,4183.8027576,-122.886,-34.263,312.74,0.8782458628512536
53.9,128.189285,37.928232,4173.2828904,-125.242,-35.365,311.201,0.8782458628512536
54.0,128.18917,37.928357,4162.4460312,-124.565,-36.49,309.627,0.8782458628512536
54.1,128.189054,37.928481,4151.3305848,-121.009,-37.573,308.023,0.8782458628512536
54.2,128.188935,37.928603,4139.9203968,-116.568,-38.566,306.425,0.8782458628512536
54.3,128.188814,37.928721,4128.1831584,-113.381,-39.454,304.825,0.8782458628512536
54.4,128.18869,37.928834,4116.1024104,-112.035,-40.25,303.174,0.8782458628512536
54.5,128.188562,37.928943,4103.6879064,-112.291,-41.009,301.438,0.8782458628512536
54.6,128.188432,37.929047,4090.9497048000003,-113.709,-41.791,299.625,0.8782458628512536
54.7,128.1883,37.929147,4077.9006072,-115.374,-42.617,297.751,0.8782458628512536
54.8,128.188166,37.929244,4064.5561584,-116.192,-43.479,295.832,0.8782458628512536
54.9,128.188031,37.929337,4050.9322079999997,-115.433,-44.348,293.884,0.8782458628512536
55.0,128.187894,37.929427,4037.0369856,-113.046,-45.18,291.92,0.8782458628512536
55.1,128.187755,37.929514,4022.8650048000004,-109.729,-45.936,289.949,0.8782458628512536
55.2,128.187615,37.929596,4008.4153512,-106.401,-46.6,287.958,0.8782458628512536
55.3,128.187474,37.929674,3993.6956448,-103.751,-47.172,285.924,0.8782458628512536
55.4,128.187331,37.929747,3978.7199064,-101.88,-47.663,283.822,0.8782458628512536
55.5,128.187187,37.929816,3963.5045952,-100.432,-48.084,281.649,0.8782458628512536
55.6,128.187041,37.92988,3948.0625128,-98.882,-48.444,279.421,0.8782458628512536
55.7,128.186895,37.92994,3932.406156,-96.744,-48.735,277.162,0.8782458628512536
55.8,128.186747,37.929996,3916.545888,-93.828,-48.947,274.899,0.8782458628512536
55.9,128.186598,37.930049,3900.4932912000004,-90.403,-49.072,272.656,0.8782458628512536
56.0,128.186448,37.930096,3884.2629960000004,-86.862,-49.1,270.443,0.8782458628512536
56.1,128.186296,37.93014,3867.8723760000003,-83.483,-49.025,268.26,0.8782458628512536
56.2,128.186144,37.930178,3851.3378904,-80.257,-48.843,266.107,0.8782458628512536
56.3,128.18599,37.930213,3834.6726456,-76.903,-48.549,264.002,0.8782458628512536
56.4,128.185835,37.930243,3817.8873096,-73.013,-48.131,261.974,0.8782458628512536
56.5,128.185679,37.93027,3800.9925504000003,-68.314,-47.589,260.095,0.8782458628512536
56.6,128.185522,37.930294,3784.003608,-63.024,-46.977,258.575,0.8782458628512536
56.7,128.185363,37.930314,3766.9387704,-57.605,-46.404,257.651,0.8782458628512536
56.8,128.185202,37.930331,3749.8093152,-52.221,-45.907,257.265,0.8782458628512536
56.9,128.18504,37.930345,3732.6143280000006,-46.735,-45.529,257.37,0.8782458628512536
57.0,128.184877,37.930357,3715.3507608,-41.034,-45.3,257.875,0.8782458628512536
57.1,128.184712,37.930367,3698.0143464000002,-35.077,-45.256,258.694,0.8782458628512536
57.2,128.184545,37.930376,3680.591064,-28.717,-45.408,259.746,0.8782458628512536
57.3,128.184377,37.930384,3663.0629304000004,-21.682,-45.623,260.864,0.8782458628512536
57.4,128.184208,37.930392,3645.4086096,-13.834,-45.763,262.013,0.8782458628512536
57.5,128.184037,37.930398,3627.633588,-5.486,-45.811,263.179,0.8782458628512536
57.6,128.183865,37.930404,3609.7610304000004,2.854,-45.846,264.287,0.8782458628512536
57.7,128.183692,37.93041,3591.7488744,11.843,-45.942,265.38,0.8782458628512536
57.8,128.183518,37.930415,3573.5340264,22.207,-46.086,266.526,0.8782458628512536
57.9,128.183344,37.930419,3555.1280688,33.549,-46.081,267.75,0.8782458628512536
58.0,128.183169,37.930424,3536.5980576,43.755,-45.612,269.006,0.8782458628512536
58.1,128.182992,37.930429,3518.0128776,51.064,-45.022,270.388,0.8782458628512536
58.2,128.182813,37.930434,3499.3133976000004,58.994,-44.813,271.856,0.8782458628512536
58.3,128.182634,37.930439,3480.4663944,67.614,-44.688,273.446,0.8782458628512536
58.4,128.182453,37.930445,3461.538924,73.271,-44.384,275.336,0.8782458628512536
58.5,128.182271,37.930454,3442.5846312,75.129,-44.101,277.237,0.8782458628512536
58.6,128.182089,37.930466,3423.6019920000003,75.743,-43.999,279.112,0.8782458628512536
58.7,128.181905,37.93048,3404.5769856,76.255,-43.926,281.068,0.8782458628512536
58.8,128.181721,37.930498,3385.5303384,75.493,-43.716,283.304,0.8782458628512536
58.9,128.181536,37.93052,3366.4922256000004,72.691,-43.363,285.862,0.8782458628512536
59.0,128.181351,37.930547,3347.4681336,69.31,-42.95,288.512,0.8782458628512536
59.1,128.181165,37.930577,3328.4559288,66.964,-42.491,291.172,0.8782458628512536
59.2,128.18098,37.930612,3309.4650600000004,66.051,-41.913,293.946,0.8782458628512536
59.3,128.180794,37.930651,3290.5378944,64.932,-41.147,296.716,0.8782458628512536
59.4,128.180609,37.930695,3271.7344776000004,62.475,-40.369,299.252,0.8782458628512536
59.5,128.180424,37.930745,3253.040484,61.084,-39.699,301.698,0.8782458628512536
59.6,128.180241,37.930799,3234.4272624000005,61.968,-39.077,304.053,0.8782458628512536
59.7,128.180058,37.930858,3215.9179776,63.394,-38.438,306.253,0.8782458628512536
59.8,128.179876,37.930923,3197.5711512,62.78,-37.748,308.306,0.8782458628512536
59.9,128.179698,37.930995,3179.4459144,59.194,-36.988,310.254,0.8782458628512536
60.0,128.179521,37.931073,3161.5617744,54.216,-36.184,312.149,0.8782458628512536
60.1,128.179346,37.931157,3143.8845936000002,50.908,-35.37,314.023,0.8782458628512536
60.2,128.179173,37.931245,3126.3555456000004,51.211,-34.594,315.893,0.8782458628512536
60.3,128.179,37.931336,3108.9417120000003,54.4,-33.904,317.75,0.8782458628512536
60.4,128.178829,37.931432,3091.659552,58.032,-33.2,319.476,0.8782458628512536
60.5,128.178661,37.931533,3074.5745976000003,57.952,-32.426,321.054,0.8782458628512536
60.6,128.178496,37.931641,3057.7688399999997,54.047,-31.608,322.567,0.8782458628512536
60.7,128.178335,37.931756,3041.3328048000003,47.303,-30.654,323.956,0.8782458628512536
60.8,128.178178,37.931877,3025.3164792000002,40.282,-29.611,325.301,0.8782458628512536
60.9,128.178023,37.932004,3009.6774960000002,36.969,-28.465,326.586,0.8782458628512536
61.0,128.17787,37.932136,2994.4195128,34.237,-27.133,327.639,0.8782458628512536
61.1,128.177719,37.932273,2979.5827632,31.275,-25.747,328.582,0.8782458628512536
61.2,128.17757,37.932415,2965.2071760000003,27.887,-24.291,329.381,0.8782458628512536
61.3,128.177422,37.932562,2951.3704752000003,23.413,-22.75,329.985,0.8782458628512536
61.4,128.177276,37.932713,2938.1144184,17.928,-21.116,330.376,0.8782458628512536
61.5,128.17713,37.932869,2925.4847256000003,11.399,-19.389,330.493,0.8782458628512536
61.6,128.176985,37.933029,2913.519192,3.805,-17.596,330.309,0.8782458628512536
61.7,128.176838,37.933191,2902.1937384000003,-4.295,-15.775,329.835,0.8782458628512536
61.8,128.17669,37.933356,2891.4525864,-12.11,-13.974,329.056,0.8782458628512536
61.9,128.17654,37.933523,2881.2414816,-19.176,-12.244,327.987,0.8782458628512536
62.0,128.176387,37.933691,2871.4906248,-24.754,-10.603,326.717,0.8782458628512536
62.1,128.176231,37.93386,2862.1180248,-28.095,-9.066,325.341,0.8782458628512536
62.2,128.176072,37.934029,2853.1437984000004,-29.857,-7.676,323.858,0.8782458628512536
62.3,128.17591,37.934198,2844.6791976,-32.057,-6.51,322.168,0.8782458628512536
62.4,128.175742,37.934367,2836.8126144000003,-35.915,-5.594,320.205,0.8782458628512536
62.5,128.175571,37.934534,2829.4797360000002,-40.534,-4.846,318.089,0.8782458628512536
62.6,128.175394,37.934701,2822.5687008000004,-44.576,-4.155,316.0,0.8782458628512536
62.7,128.175213,37.934866,2816.0063568,-47.309,-3.427,314.063,0.8782458628512536
62.8,128.175028,37.93503,2809.7613096000005,-48.539,-2.591,312.335,0.8782458628512536
62.9,128.174839,37.935191,2803.8448368000004,-48.245,-1.726,310.732,0.8782458628512536
63.0,128.174645,37.935351,2798.2852848,-46.768,-0.873,309.204,0.8782458628512536
63.1,128.174447,37.935509,2793.1103904,-44.532,0.012,307.775,0.8782458628512536
63.2,128.174244,37.935663,2788.3570344000004,-41.934,0.952,306.453,0.8782458628512536
63.3,128.174037,37.935816,2784.0703272,-39.508,1.95,305.229,0.8782458628512536
63.4,128.173825,37.935965,2780.2831872,-37.606,3.011,304.092,0.8782458628512536
63.5,128.17361,37.936112,2777.0062824,-36.128,4.135,303.027,0.8782458628512536
63.6,128.173391,37.936256,2774.2481472,-34.978,5.303,302.015,0.8782458628512536
63.7,128.173168,37.936397,2772.0182304000004,-34.12,6.503,301.041,0.8782458628512536
63.8,128.172943,37.936535,2770.3244568,-33.548,7.724,300.093,0.8782458628512536
63.9,128.172714,37.93667,2769.172008,-33.249,8.958,299.16,0.8782458628512536
64.0,128.172483,37.936802,2768.5617984000005,-33.168,10.201,298.233,0.8782458628512536
64.1,128.172249,37.936931,2768.4926088,-33.237,11.447,297.306,0.8782458628512536
64.2,128.172013,37.937057,2768.9613912000004,-33.403,12.691,296.372,0.8782458628512536
64.3,128.171774,37.93718,2769.9660120000003,-33.631,13.931,295.429,0.8782458628512536
64.4,128.171534,37.937299,2771.5025088,-33.896,15.164,294.474,0.8782458628512536
64.5,128.171292,37.937415,2773.5666144,-34.165,16.391,293.508,0.8782458628512536
64.6,128.171049,37.937527,2776.153452,-34.424,17.611,292.529,0.8782458628512536
64.7,128.170804,37.937636,2779.2596688000003,-34.678,18.823,291.538,0.8782458628512536
64.8,128.170558,37.937741,2782.8806928,-34.938,20.028,290.535,0.8782458628512536
64.9,128.170311,37.937842,2787.0125616,-35.218,21.227,289.517,0.8782458628512536
65.0,128.170064,37.93794,2791.6513128,-35.54,22.417,288.485,0.8782458628512536
65.1,128.169816,37.938034,2796.7908504,-35.908,23.6,287.437,0.8782458628512536
65.2,128.169568,37.938124,2802.424164,-36.315,24.775,286.371,0.8782458628512536
65.3,128.169319,37.93821,2808.5433288,-36.738,25.941,285.287,0.8782458628512536
65.4,128.169071,37.938292,2815.14042,-37.166,27.097,284.183,0.8782458628512536
65.5,128.168823,37.93837,2822.2078176,-37.598,28.244,283.06,0.8782458628512536
65.6,128.168575,37.938443,2829.7382064,-38.052,29.38,281.915,0.8782458628512536
65.7,128.168328,37.938513,2837.7245760000005,-38.547,30.506,280.748,0.8782458628512536
65.8,128.168082,37.938579,2846.1586968,-39.097,31.62,279.557,0.8782458628512536
65.9,128.167837,37.938641,2855.03112,-39.704,32.722,278.339,0.8782458628512536
66.0,128.167593,37.938698,2864.3327016,-40.36,33.811,277.093,0.8782458628512536
66.1,128.167351,37.938751,2874.0524688000005,-41.054,34.886,275.817,0.8782458628512536
66.2,128.16711,37.938801,2884.1800584,-41.772,35.945,274.51,0.8782458628512536
66.3,128.166871,37.938846,2894.703888,-42.5,36.99,273.171,0.8782458628512536
66.4,128.166634,37.938886,2905.6135944,-43.239,38.017,271.799,0.8782458628512536
66.5,128.166398,37.938923,2916.8985096,-43.996,39.029,270.393,0.8782458628512536
66.6,128.166165,37.938955,2928.5488800000003,-44.786,40.023,268.953,0.8782458628512536
66.7,128.165935,37.938983,2940.5540376,-45.625,40.999,267.476,0.8782458628512536
66.8,128.165707,37.939008,2952.9027048000003,-46.515,41.956,265.961,0.8782458628512536
66.9,128.165481,37.939027,2965.5829943999997,-47.445,42.895,264.407,0.8782458628512536
67.0,128.165259,37.939043,2978.5824096,-48.391,43.814,262.812,0.8782458628512536
67.1,128.165039,37.939055,2991.8884536,-49.329,44.712,261.178,0.8782458628512536
67.2,128.164823,37.939063,3005.4895440000005,-50.244,45.591,259.504,0.8782458628512536
67.3,128.164609,37.939067,3019.3744032000004,-51.14,46.449,257.792,0.8782458628512536
67.4,128.164399,37.939067,3033.5329728,-52.041,47.287,256.042,0.8782458628512536
67.5,128.164193,37.939063,3047.9554992,-52.988,48.105,254.251,0.8782458628512536
67.6,128.16399,37.939055,3062.631924,-54.005,48.901,252.418,0.8782458628512536
67.7,128.16379,37.939043,3077.55036,-55.09,49.676,250.54,0.8782458628512536
67.8,128.163595,37.939028,3092.7001392,-56.225,50.428,248.618,0.8782458628512536
67.9,128.163404,37.939009,3108.0693744,-57.384,51.155,246.649,0.8782458628512536
68.0,128.163216,37.938986,3123.6464832,-58.541,51.857,244.636,0.8782458628512536
68.1,128.163033,37.93896,3139.4207976000002,-59.693,52.533,242.579,0.8782458628512536
68.2,128.162854,37.938931,3155.3828688000003,-60.855,53.184,240.479,0.8782458628512536
68.3,128.162679,37.938898,3171.5226384000002,-62.049,53.808,238.336,0.8782458628512536
68.4,128.162509,37.938862,3187.8303528,-63.289,54.405,236.15,0.8782458628512536
68.5,128.162343,37.938823,3204.2962584,-64.575,54.976,233.921,0.8782458628512536
68.6,128.162181,37.93878,3220.9102967999997,-65.902,55.519,231.649,0.8782458628512536
68.7,128.162025,37.938735,3237.6630192000002,-67.258,56.033,229.336,0.8782458628512536
68.8,128.161873,37.938687,3254.5443672,-68.639,56.517,226.983,0.8782458628512536
68.9,128.161725,37.938636,3271.5461112000003,-70.051,56.97,224.591,0.8782458628512536
69.0,128.161583,37.938582,3288.6588024000002,-71.51,57.391,222.163,0.8782458628512536
69.1,128.161445,37.938526,3305.8745160000003,-73.032,57.779,219.698,0.8782458628512536
69.2,128.161313,37.938467,3323.184108,-74.649,58.131,217.198,0.8782458628512536
69.3,128.161185,37.938405,3340.5787392,-76.376,58.444,214.664,0.8782458628512536
69.4,128.161063,37.938342,3358.0495704,-78.198,58.717,212.096,0.8782458628512536
69.5,128.160946,37.938276,3375.5862384,-80.079,58.946,209.5,0.8782458628512536
69.6,128.160833,37.938207,3393.179904,-81.982,59.131,206.881,0.8782458628512536
69.7,128.160726,37.938137,3410.8208136000003,-83.853,59.272,204.247,0.8782458628512536
69.8,128.160624,37.938064,3428.500128,-85.648,59.369,201.605,0.8782458628512536
69.9,128.160528,37.93799,3446.2099224,-87.348,59.427,198.963,0.8782458628512536
70.0,128.160436,37.937914,3463.9419672,-88.941,59.448,196.328,0.8782458628512536
70.1,128.160349,37.937836,3481.6895568,-90.402,59.44,193.704,0.8782458628512536
70.2,128.160268,37.937756,3499.4453760000006,-91.692,59.407,191.097,0.8782458628512536
70.3,128.160191,37.937675,3517.2039384,-92.802,59.358,188.51,0.8782458628512536
70.4,128.16012,37.937592,3534.9603672,-93.755,59.307,185.946,0.8782458628512536
70.5,128.160053,37.937508,3552.7103952,-94.589,59.261,183.403,0.8782458628512536
70.6,128.159991,37.937423,3570.4497552000003,-95.317,59.222,180.879,0.8782458628512536
70.7,128.159934,37.937337,3588.1763136,-95.947,59.186,178.374,0.8782458628512536
70.8,128.159882,37.93725,3605.8867176,-96.482,59.153,175.887,0.8782458628512536
70.9,128.159835,37.937163,3623.5788336,-96.918,59.121,173.42,0.8782458628512536
71.0,128.159792,37.937074,3641.2514424,-97.262,59.09,170.973,0.8782458628512536
71.1,128.159755,37.936986,3658.9021056000006,-97.544,59.065,168.546,0.8782458628512536
71.2,128.159721,37.936897,3676.5292992,-97.816,59.047,166.136,0.8782458628512536
71.3,128.159693,37.936807,3694.1314992,-98.132,59.037,163.743,0.8782458628512536
71.4,128.159669,37.936718,3711.7068768,-98.49,59.037,161.362,0.8782458628512536
71.5,128.159649,37.936628,3729.2545176,-98.852,59.045,158.993,0.8782458628512536
71.6,128.159634,37.936539,3746.7732024,-99.211,59.058,156.638,0.8782458628512536
71.7,128.159623,37.93645,3764.2614072,-99.583,59.073,154.299,0.8782458628512536
71.8,128.159617,37.936361,3781.717608,-99.985,59.09,151.975,0.8782458628512536
71.9,128.159615,37.936273,3799.1402808,-100.446,59.106,149.664,0.8782458628512536
72.0,128.159617,37.936185,3816.5266824000005,-101.036,59.119,147.364,0.8782458628512536
72.1,128.159624,37.936098,3833.8731552000004,-101.865,59.12,145.075,0.8782458628512536
72.2,128.159635,37.936012,3851.1754320000005,-103.043,59.094,142.795,0.8782458628512536
72.3,128.159651,37.935927,3868.4283312000002,-104.5,59.031,140.52,0.8782458628512536
72.4,128.159671,37.935843,3885.6294144000003,-105.904,58.931,138.248,0.8782458628512536
72.5,128.159696,37.935761,3902.775024,-107.028,58.794,135.999,0.8782458628512536
72.6,128.159724,37.935679,3919.8596736000004,-107.964,58.621,133.789,0.8782458628512536
72.7,128.159757,37.935599,3936.8769624000006,-108.874,58.419,131.615,0.8782458628512536
72.8,128.159794,37.93552,3953.8226232,-109.809,58.189,129.463,0.8782458628512536
72.9,128.159835,37.935443,3970.6911696,-110.772,57.933,127.329,0.8782458628512536
73.0,128.15988,37.935367,3987.4765056000006,-111.837,57.645,125.217,0.8782458628512536
73.1,128.159929,37.935293,4004.1691824000004,-113.161,57.32,123.133,0.8782458628512536
73.2,128.159983,37.935221,4020.7618848,-114.755,56.949,121.074,0.8782458628512536
73.3,128.160041,37.935151,4037.249736,-116.426,56.528,119.041,0.8782458628512536
73.4,128.160103,37.935083,4053.6293832,-117.928,56.061,117.045,0.8782458628512536
73.5,128.160168,37.935016,4069.8965592000004,-119.113,55.553,115.097,0.8782458628512536
73.6,128.160237,37.934952,4086.0454728000004,-119.992,55.013,113.205,0.8782458628512536
73.7,128.16031,37.934889,4102.0675896,-120.699,54.45,111.365,0.8782458628512536
73.8,128.160386,37.934829,4117.9543752,-121.399,53.867,109.571,0.8782458628512536
73.9,128.160466,37.93477,4133.6985144,-122.189,53.265,107.813,0.8782458628512536
74.0,128.160549,37.934714,4149.2936064000005,-123.079,52.64,106.088,0.8782458628512536
74.1,128.160636,37.93466,4164.7353840000005,-124.009,51.992,104.397,0.8782458628512536
74.2,128.160726,37.934609,4180.020189600001,-124.892,51.321,102.741,0.8782458628512536
74.3,128.160819,37.934559,4195.1440608,-125.671,50.629,101.127,0.8782458628512536
74.4,128.160916,37.934512,4210.1015112000005,-126.342,49.918,99.555,0.8782458628512536
74.5,128.161015,37.934467,4224.885835200001,-126.943,49.192,98.025,0.8782458628512536
74.6,128.161117,37.934424,4239.490632,-127.53,48.451,96.535,0.8782458628512536
74.7,128.161221,37.934384,4253.9095008,-128.148,47.695,95.082,0.8782458628512536
74.8,128.161329,37.934346,4268.1360408,-128.813,46.923,93.663,0.8782458628512536
74.9,128.161439,37.93431,4282.16568,-129.497,46.132,92.278,0.8782458628512536
75.0,128.161551,37.934277,4295.9941512,-130.149,45.324,90.925,0.8782458628512536
75.1,128.161666,37.934246,4309.6171872,-130.727,44.501,89.606,0.8782458628512536
75.2,128.161783,37.934218,4323.0296064,-131.224,43.664,88.321,0.8782458628512536
75.3,128.161902,37.934192,4336.2253128,-131.67,42.814,87.07,0.8782458628512536
75.4,128.162023,37.934168,4349.1976008,-132.11,41.953,85.851,0.8782458628512536
75.5,128.162146,37.934147,4361.9406792,-132.574,41.08,84.662,0.8782458628512536
75.6,128.162271,37.934128,4374.4508904,-133.054,40.194,83.5,0.8782458628512536
75.7,128.162398,37.934112,4386.725796000001,-133.517,39.296,82.365,0.8782458628512536
75.8,128.162526,37.934098,4398.763872,-133.922,38.387,81.254,0.8782458628512536
75.9,128.162656,37.934086,4410.56268,-134.249,37.469,80.171,0.8782458628512536
76.0,128.162787,37.934076,4422.1182576,-134.499,36.539,79.115,0.8782458628512536
76.1,128.16292,37.934069,4433.4263376,-134.712,35.599,78.09,0.8782458628512536
76.2,128.163054,37.934064,4444.4805192,-134.941,34.646,77.095,0.8782458628512536
76.3,128.163189,37.934062,4455.2771448,-135.222,33.678,76.127,0.8782458628512536
76.4,128.163325,37.934062,4465.8131664,-135.558,32.693,75.187,0.8782458628512536
76.5,128.163462,37.934064,4476.089193600001,-135.915,31.692,74.27,0.8782458628512536
76.6,128.1636,37.934068,4486.1094936,-136.21,30.679,73.376,0.8782458628512536
76.7,128.163738,37.934074,4495.879248,-136.352,29.659,72.498,0.8782458628512536
76.8,128.163878,37.934083,4505.3999808,-136.307,28.64,71.638,0.8782458628512536
76.9,128.164018,37.934093,4514.663462400001,-136.183,27.625,70.796,0.8782458628512536
77.0,128.164158,37.934105,4523.6550624,-136.209,26.612,69.973,0.8782458628512536
77.1,128.164299,37.93412,4532.356188,-136.615,25.59,69.169,0.8782458628512536
77.2,128.164441,37.934137,4540.7674488,-137.352,24.552,68.377,0.8782458628512536
77.3,128.164583,37.934156,4548.908352,-138.104,23.496,67.591,0.8782458628512536
77.4,128.164725,37.934177,4556.7810312,-138.776,22.423,66.818,0.8782458628512536
77.5,128.164867,37.9342,4564.3857912,-139.315,21.335,66.066,0.8782458628512536
77.6,128.16501,37.934225,4571.720803200001,-139.712,20.236,65.335,0.8782458628512536
77.7,128.165152,37.934251,4578.7808856,-140.008,19.129,64.626,0.8782458628512536
77.8,128.165295,37.934279,4585.5578088,-140.289,18.014,63.937,0.8782458628512536
77.9,128.165438,37.934309,4592.0430384,-140.647,16.888,63.268,0.8782458628512536
78.0,128.16558,37.934341,4598.22804,-141.165,15.748,62.615,0.8782458628512536
78.1,128.165723,37.934375,4604.10306,-141.912,14.587,61.981,0.8782458628512536
78.2,128.165865,37.934411,4609.6650504,-142.897,13.398,61.365,0.8782458628512536
78.3,128.166007,37.934448,4614.9164496,-144.064,12.178,60.771,0.8782458628512536
78.4,128.166149,37.934488,4619.858172,-145.364,10.924,60.202,0.8782458628512536
78.5,128.166291,37.934528,4624.4889984,-146.782,9.634,59.666,0.8782458628512536
78.6,128.166432,37.934571,4628.8061856,-148.333,8.309,59.17,0.8782458628512536
78.7,128.166573,37.934614,4632.8054664,-150.062,6.946,58.72,0.8782458628512536
78.8,128.166714,37.934659,4636.4840976000005,-151.98,5.546,58.323,0.8782458628512536
78.9,128.166854,37.934706,4639.8420792,-154.041,4.108,57.984,0.8782458628512536
79.0,128.166994,37.934753,4642.8791064,-156.199,2.636,57.707,0.8782458628512536
79.1,128.167134,37.934802,4645.596703200001,-158.403,1.133,57.493,0.8782458628512536
79.2,128.167274,37.934852,4647.998832,-160.564,-0.394,57.344,0.8782458628512536
79.3,128.167414,37.934902,4650.0891504,-162.594,-1.94,57.257,0.8782458628512536
79.4,128.167553,37.934954,4651.868268,-164.481,-3.499,57.231,0.8782458628512536
79.5,128.167693,37.935006,4653.3364896,-166.216,-5.062,57.263,0.8782458628512536
79.6,128.167832,37.935059,4654.4919864,-167.804,-6.626,57.346,0.8782458628512536
79.7,128.167972,37.935112,4655.335368,-169.217,-8.185,57.472,0.8782458628512536
79.8,128.168111,37.935166,4655.8702920000005,-170.397,-9.736,57.632,0.8782458628512536
79.9,128.16825,37.935221,4656.101330400001,-171.279,-11.274,57.814,0.8782458628512536
80.0,128.168389,37.935275,4656.031836,-171.815,-12.794,58.005,0.8782458628512536
80.1,128.168529,37.935331,4655.6639424,-171.999,-14.294,58.193,0.8782458628512536
80.2,128.168668,37.935386,4654.9976496,-171.862,-15.769,58.367,0.8782458628512536
80.3,128.168807,37.935442,4654.0332624,-171.438,-17.218,58.514,0.8782458628512536
80.4,128.168945,37.935498,4652.7713904,-170.768,-18.639,58.623,0.8782458628512536
80.5,128.169084,37.935554,4651.2041088000005,-170.157,-20.034,58.699,0.8782458628512536
80.6,128.169222,37.935611,4649.298804,-170.267,-21.409,58.769,0.8782458628512536
80.7,128.16936,37.935668,4647.0381024,-171.097,-22.774,58.833,0.8782458628512536
80.8,128.169497,37.935725,4644.4229184000005,-172.583,-24.141,58.904,0.8782458628512536
80.9,128.169634,37.935782,4641.4538616,-174.642,-25.519,59.001,0.8782458628512536
81.0,128.16977,37.93584,4638.1318464000005,-177.179,-26.91,59.149,0.8782458628512536
81.1,128.169905,37.935897,4634.4577872,179.898,-28.314,59.372,0.8782458628512536
81.2,128.17004,37.935954,4630.433208,176.677,-29.726,59.69,0.8782458628512536
81.3,128.170174,37.93601,4626.0599376,173.227,-31.14,60.125,0.8782458628512536
81.4,128.170307,37.936066,4621.346205600001,169.894,-32.551,60.673,0.8782458628512536
81.5,128.17044,37.936122,4616.3227968,167.372,-33.956,61.302,0.8782458628512536
81.6,128.170573,37.936177,4611.0019032,165.545,-35.344,62.008,0.8782458628512536
81.7,128.170705,37.936232,4605.3746856,164.164,-36.706,62.778,0.8782458628512536
81.8,128.170837,37.936286,4599.4356576,163.053,-38.038,63.595,0.8782458628512536
81.9,128.170969,37.936339,4593.1814664,162.088,-39.342,64.443,0.8782458628512536
82.0,128.171099,37.936391,4586.6111976,161.185,-40.622,65.309,0.8782458628512536
82.1,128.171229,37.936443,4579.7257656,160.301,-41.882,66.184,0.8782458628512536
82.2,128.171359,37.936493,4572.522732,159.231,-43.119,67.09,0.8782458628512536
82.3,128.171488,37.936542,4564.9847232,157.48,-44.323,68.078,0.8782458628512536
82.4,128.171615,37.93659,4557.112044,155.048,-45.5,69.145,0.8782458628512536
82.5,128.171742,37.936637,4548.9107904,151.977,-46.654,70.296,0.8782458628512536
82.6,128.171867,37.936682,4540.3898016,148.512,-47.786,71.533,0.8782458628512536
82.7,128.171992,37.936726,4531.571328,145.289,-48.893,72.85,0.8782458628512536
82.8,128.172117,37.936768,4522.4693904000005,142.601,-49.964,74.26,0.8782458628512536
82.9,128.172241,37.936809,4513.0833792,140.364,-50.983,75.767,0.8782458628512536
83.0,128.172364,37.936849,4503.4129896,138.465,-51.948,77.361,0.8782458628512536
83.1,128.172486,37.936887,4493.4594408,136.818,-52.864,79.026,0.8782458628512536
83.2,128.172608,37.936923,4483.2242568,135.365,-53.739,80.744,0.8782458628512536
83.3,128.172729,37.936957,4472.7095712,134.066,-54.583,82.502,0.8782458628512536
83.4,128.172849,37.93699,4461.9181272000005,132.904,-55.403,84.288,0.8782458628512536
83.5,128.172968,37.937022,4450.852668,131.881,-56.209,86.092,0.8782458628512536
83.6,128.173087,37.937051,4439.5165464,131.006,-57.006,87.907,0.8782458628512536
83.7,128.173205,37.937079,4427.9118960000005,130.29,-57.802,89.726,0.8782458628512536
83.8,128.173321,37.937105,4416.0423744,129.253,-58.588,91.57,0.8782458628512536
83.9,128.173436,37.937129,4403.9018856,126.772,-59.333,93.501,0.8782458628512536
84.0,128.17355,37.93715,4391.4861624000005,122.938,-60.017,95.559,0.8782458628512536
84.1,128.173661,37.937169,4378.801300800001,117.941,-60.615,97.797,0.8782458628512536
84.2,128.173771,37.937185,4365.853092,112.744,-61.124,100.208,0.8782458628512536
84.3,128.173879,37.937198,4352.6549472,109.264,-61.589,102.738,0.8782458628512536
84.4,128.173987,37.93721,4339.2269832,107.444,-61.995,105.382,0.8782458628512536
84.5,128.174095,37.93722,4325.5795632,107.083,-62.358,108.062,0.8782458628512536
84.6,128.174201,37.937229,4311.7139064,107.897,-62.715,110.686,0.8782458628512536
84.7,128.174307,37.937236,4297.6294032000005,108.726,-63.075,113.225,0.8782458628512536
84.8,128.174411,37.937241,4283.3217864,107.383,-63.409,115.715,0.8782458628512536
84.9,128.174513,37.937243,4268.7837408000005,103.888,-63.723,118.194,0.8782458628512536
85.0,128.174613,37.937242,4254.0180096,98.528,-63.977,120.746,0.8782458628512536
85.1,128.174709,37.937237,4239.0398328,91.71,-64.108,123.438,0.8782458628512536
85.2,128.174803,37.937229,4223.8653648,84.772,-64.094,126.257,0.8782458628512536
85.3,128.174895,37.937218,4208.5067976,79.965,-63.965,129.165,0.8782458628512536
85.4,128.174986,37.937205,4192.9680936,77.304,-63.719,132.086,0.8782458628512536
85.5,128.175077,37.93719,4177.2477288,76.532,-63.427,134.931,0.8782458628512536
85.6,128.175167,37.937173,4161.347532000001,77.291,-63.156,137.63,0.8782458628512536
85.7,128.175256,37.937155,4145.269332,79.061,-62.948,140.173,0.8782458628512536
85.8,128.175343,37.937135,4129.015872,80.317,-62.804,142.585,0.8782458628512536
85.9,128.175428,37.937111,4112.5929432,78.785,-62.664,144.911,0.8782458628512536
86.0,128.17551,37.937085,4096.018224,74.586,-62.5,147.229,0.8782458628512536
86.1,128.175589,37.937054,4079.3188416000003,68.302,-62.234,149.556,0.8782458628512536
86.2,128.175663,37.937019,4062.5139984,61.582,-61.825,151.89,0.8782458628512536
86.3,128.175736,37.936981,4045.6006464000006,56.969,-61.285,154.215,0.8782458628512536
86.4,128.175806,37.936941,4028.5617168000003,54.741,-60.63,156.458,0.8782458628512536
86.5,128.175876,37.936899,4011.3822744,54.614,-59.932,158.581,0.8782458628512536
86.6,128.175945,37.936854,3994.0717680000002,55.697,-59.263,160.569,0.8782458628512536
86.7,128.176011,37.936807,3976.6628112000003,56.079,-58.634,162.421,0.8782458628512536
86.8,128.176074,37.936755,3959.1947232,54.617,-58.02,164.198,0.8782458628512536
86.9,128.176133,37.9367,3941.6906688000004,51.509,-57.372,165.956,0.8782458628512536
87.0,128.176189,37.936642,3924.1546104,47.541,-56.645,167.688,0.8782458628512536
87.1,128.176243,37.93658,3906.5859384,43.628,-55.828,169.336,0.8782458628512536
87.2,128.176294,37.936515,3888.9831288,40.527,-54.935,170.866,0.8782458628512536
87.3,128.176342,37.936447,3871.3480104,38.563,-53.992,172.27,0.8782458628512536
87.4,128.176389,37.936376,3853.7010048,37.458,-53.026,173.558,0.8782458628512536
87.5,128.176433,37.936301,3836.0686296000003,36.696,-52.049,174.758,0.8782458628512536
87.6,128.176474,37.936223,3818.4780120000005,35.794,-51.06,175.901,0.8782458628512536
87.7,128.176512,37.936141,3800.950488,34.499,-50.049,177.004,0.8782458628512536
87.8,128.176547,37.936056,3783.5022120000003,32.799,-49.005,178.062,0.8782458628512536
87.9,128.176579,37.935967,3766.1444616000003,30.838,-47.922,179.065,0.8782458628512536
88.0,128.176608,37.935874,3748.8866856,28.835,-46.799,180.0,0.8782458628512536
88.1,128.176634,37.935778,3731.7383328000005,26.986,-45.64,180.859,0.8782458628512536
88.2,128.176658,37.935678,3714.713424,25.37,-44.454,181.642,0.8782458628512536
88.3,128.176679,37.935575,3697.8314664000004,23.941,-43.245,182.353,0.8782458628512536
88.4,128.176698,37.935469,3681.1144056000003,22.578,-42.017,182.998,0.8782458628512536
88.5,128.176714,37.935358,3664.5847968,21.172,-40.768,183.583,0.8782458628512536
88.6,128.176727,37.935245,3648.2633664000005,19.661,-39.497,184.108,0.8782458628512536
88.7,128.176738,37.935127,3632.1708408,18.017,-38.2,184.571,0.8782458628512536
88.8,128.176746,37.935006,3616.3319088000003,16.195,-36.877,184.961,0.8782458628512536
88.9,128.176752,37.934882,3600.7727832,14.122,-35.523,185.268,0.8782458628512536
89.0,128.176756,37.934754,3585.511752,11.85,-34.138,185.485,0.8782458628512536
89.1,128.176758,37.934622,3570.5530824,9.584,-32.723,185.618,0.8782458628512536
89.2,128.176758,37.934487,3555.8848872000003,7.74,-31.29,185.691,0.8782458628512536
89.3,128.176757,37.934349,3541.4949744,6.654,-29.852,185.719,0.8782458628512536
89.4,128.176754,37.934208,3527.4217488000004,5.709,-28.421,185.655,0.8782458628512536
89.5,128.17675,37.934063,3513.7804248,3.504,-27.029,185.457,0.8782458628512536
89.6,128.176745,37.933915,3500.6115408,0.144,-25.864,185.16,0.8782458628512536
89.7,128.17674,37.933764,3487.8946752,-4.106,-25.49,184.771,0.8782458628512536
89.8,128.176734,37.93361,3475.5877656000002,-9.128,-25.819,184.361,0.8782458628512536
89.9,128.176728,37.933453,3463.6399103999997,-14.919,-26.291,183.946,0.8782458628512536
90.0,128.176724,37.933293,3452.0011224,-21.491,-26.681,183.509,0.8782458628512536
90.1,128.17672,37.933132,3440.6229384000003,-28.82,-26.888,182.997,0.8782458628512536
90.2,128.176719,37.932969,3429.4632960000004,-36.819,-26.858,182.34,0.8782458628512536
90.3,128.176719,37.932805,3418.4779992,-45.412,-26.764,181.603,0.8782458628512536
90.4,128.176723,37.932639,3407.6176704,-54.596,-26.837,180.991,0.8782458628512536
90.5,128.176728,37.932473,3396.8329320000003,-64.33,-27.049,180.516,0.8782458628512536
90.6,128.176736,37.932306,3386.0792831999997,-74.499,-27.229,179.849,0.8782458628512536
90.7,128.176747,37.932138,3375.3222816,-84.844,-27.309,178.385,0.8782458628512536
90.8,128.176762,37.93197,3364.5296184000003,-94.833,-27.481,175.393,0.8782458628512536
90.9,128.17678,37.931803,3353.6513064,-104.393,-28.081,171.716,0.8782458628512536
91.0,128.176803,37.931637,3342.6257760000003,-113.625,-29.196,168.172,0.8782458628512536
91.1,128.176831,37.931473,3331.3810943999997,-122.638,-30.762,165.072,0.8782458628512536
91.2,128.176863,37.93131,3319.8428904,-131.49,-32.692,162.473,0.8782458628512536
91.3,128.1769,37.93115,3307.9450224,-140.225,-34.906,160.375,0.8782458628512536
91.4,128.176939,37.930993,3295.6466472,-147.344,-37.274,158.674,0.8782458628512536
91.5,128.176981,37.930838,3282.9898272,-149.465,-39.648,157.193,0.8782458628512536
91.6,128.177024,37.930684,3270.036132,-147.642,-41.931,155.897,0.8782458628512536
91.7,128.177069,37.930532,3256.7645304000002,-143.924,-43.995,154.69,0.8782458628512536
91.8,128.177116,37.930383,3243.1326552000005,-139.461,-45.787,153.439,0.8782458628512536
91.9,128.177165,37.930236,3229.138068,-134.475,-47.336,152.02,0.8782458628512536
92.0,128.177216,37.930092,3214.7911320000003,-129.034,-48.659,150.381,0.8782458628512536
92.1,128.17727,37.92995,3200.0936760000004,-123.739,-49.792,148.561,0.8782458628512536
92.2,128.177327,37.929813,3185.0304600000004,-119.613,-50.768,146.595,0.8782458628512536
92.3,128.177388,37.929678,3169.6249536,-116.263,-51.6,144.451,0.8782458628512536
92.4,128.177453,37.929547,3153.8948352,-113.484,-52.325,142.172,0.8782458628512536
92.5,128.177521,37.92942,3137.8529064,-111.16,-52.97,139.797,0.8782458628512536
92.6,128.177593,37.929297,3121.5110544,-109.201,-53.554,137.352,0.8782458628512536
92.7,128.177669,37.929177,3104.8778136,-107.529,-54.093,134.85,0.8782458628512536
92.8,128.177748,37.929061,3087.9623280000005,-106.081,-54.602,132.3,0.8782458628512536
92.9,128.177831,37.92895,3070.771608,-104.83,-55.09,129.703,0.8782458628512536
93.0,128.177918,37.928843,3053.312664,-103.775,-55.567,127.06,0.8782458628512536
93.1,128.178008,37.92874,3035.5922016,-102.894,-56.038,124.366,0.8782458628512536
93.2,128.178101,37.928642,3017.6163168000003,-102.155,-56.51,121.616,0.8782458628512536
93.3,128.178198,37.928549,2999.3911056000006,-101.532,-56.987,118.807,0.8782458628512536
93.4,128.178298,37.928461,2980.9217496,-101.011,-57.473,115.934,0.8782458628512536
93.5,128.178401,37.928379,2962.2131256000002,-100.581,-57.97,112.991,0.8782458628512536
93.6,128.178506,37.928301,2943.2704152,-100.24,-58.482,109.974,0.8782458628512536
93.7,128.178613,37.928229,2924.103372,-98.834,-58.917,106.844,0.8782458628512536
93.8,128.178722,37.928162,2904.7351608,-93.932,-59.183,103.599,0.8782458628512536
93.9,128.178833,37.928098,2885.1798024,-88.351,-59.418,100.383,0.8782458628512536
94.0,128.178946,37.92804,2865.4482696,-85.883,-59.631,97.241,0.8782458628512536
94.1,128.179062,37.927988,2845.564032,-86.131,-59.78,94.086,0.8782458628512536
94.2,128.179179,37.927944,2825.5374528,-88.299,-59.96,90.815,0.8782458628512536
94.3,128.179297,37.927907,2805.3612168000004,-90.137,-60.084,87.385,0.8782458628512536
94.4,128.179416,37.927876,2785.0298376,-87.463,-60.05,83.831,0.8782458628512536
94.5,128.179535,37.927849,2764.5478872000003,-81.417,-59.945,80.273,0.8782458628512536
94.6,128.179656,37.927826,2743.9339584,-74.35,-59.693,76.902,0.8782458628512536
94.7,128.179776,37.927809,2723.2221888000004,-68.353,-59.344,73.741,0.8782458628512536
94.8,128.179898,37.927799,2702.4659184,-65.909,-58.978,70.676,0.8782458628512536
94.9,128.180021,37.927796,2681.711172,-66.516,-58.546,67.647,0.8782458628512536
95.0,128.180144,37.927801,2660.9649600000002,-69.252,-58.137,64.514,0.8782458628512536
95.1,128.180267,37.927813,2640.2077752,-71.83,-57.671,61.333,0.8782458628512536
95.2,128.180389,37.927831,2619.4018224,-69.885,-57.057,58.189,0.8782458628512536
95.3,128.18051,37.927854,2598.5269848000003,-64.474,-56.398,55.115,0.8782458628512536
95.4,128.180631,37.927881,2577.6076464000002,-58.201,-55.663,52.295,0.8782458628512536
95.5,128.180751,37.927914,2556.6995856,-53.263,-54.889,49.704,0.8782458628512536
95.6,128.180871,37.927954,2535.8832696,-51.95,-54.125,47.198,0.8782458628512536
95.7,128.18099,37.928002,2515.2153912000003,-53.681,-53.333,44.725,0.8782458628512536
95.8,128.181106,37.928058,2494.69656,-57.526,-52.582,42.135,0.8782458628512536
95.9,128.18122,37.92812,2474.2929432,-61.139,-51.802,39.507,0.8782458628512536
96.0,128.181332,37.928188,2453.9347416,-59.981,-50.92,36.927,0.8782458628512536
96.1,128.181442,37.928261,2433.5744064,-55.037,-50.016,34.408,0.8782458628512536
96.2,128.18155,37.928338,2413.2338832,-48.853,-49.059,32.126,0.8782458628512536
96.3,128.181657,37.92842,2392.9826664,-43.234,-47.999,30.186,0.8782458628512536
96.4,128.181761,37.928508,2372.8856784,-39.487,-46.884,28.431,0.8782458628512536
96.5,128.181863,37.928603,2353.0547808,-39.607,-45.787,26.693,0.8782458628512536
96.6,128.181962,37.928705,2333.5576392000003,-42.831,-44.695,24.919,0.8782458628512536
96.7,128.182057,37.928814,2314.364688,-47.199,-43.584,23.092,0.8782458628512536
96.8,128.182149,37.928928,2295.3701616000003,-48.862,-42.417,21.268,0.8782458628512536
96.9,128.182238,37.929046,2276.4856680000003,-46.324,-41.225,19.471,0.8782458628512536
97.0,128.182325,37.929169,2257.7316288,-42.075,-40.054,17.778,0.8782458628512536
97.1,128.182408,37.929297,2239.1808912,-37.868,-38.846,16.303,0.8782458628512536
97.2,128.182489,37.929429,2220.8953296,-35.107,-37.616,14.946,0.8782458628512536
97.3,128.182565,37.929568,2203.0020456,-36.235,-36.408,13.604,0.8782458628512536
97.4,128.182636,37.929712,2185.5781536,-40.4,-35.221,12.198,0.8782458628512536
97.5,128.182702,37.929863,2168.5809816,-44.745,-34.0,10.729,0.8782458628512536
97.6,128.182764,37.930017,2151.8892192000003,-44.264,-32.717,9.239,0.8782458628512536
97.7,128.182821,37.930176,2135.4217896,-41.177,-31.472,7.7,0.8782458628512536
97.8,128.182875,37.930338,2119.2170976,-37.605,-30.215,6.298,0.8782458628512536
97.9,128.182925,37.930504,2103.342504,-34.502,-28.929,5.054,0.8782458628512536
98.0,128.18297,37.930675,2087.890668,-33.436,-27.648,3.868,0.8782458628512536
98.1,128.183009,37.93085,2072.979852,-35.921,-26.398,2.645,0.8782458628512536
98.2,128.183043,37.931029,2058.5670792,-39.174,-25.086,1.449,0.8782458628512536
98.3,128.183073,37.931212,2044.5109224,-39.25,-23.729,0.237,0.8782458628512536
98.4,128.183098,37.931397,2030.7488976,-36.608,-22.401,359.015,0.8782458628512536
98.5,128.183119,37.931586,2017.3697016000003,-33.543,-21.097,357.886,0.8782458628512536
98.6,128.183135,37.931778,2004.462336,-31.832,-19.798,356.826,0.8782458628512536
98.7,128.183146,37.931972,1992.1386624000002,-32.802,-18.505,355.778,0.8782458628512536
98.8,128.183151,37.93217,1980.3767352,-35.074,-17.172,354.736,0.8782458628512536
98.9,128.183151,37.93237,1969.0564632,-35.946,-15.798,353.691,0.8782458628512536
99.0,128.183147,37.932573,1958.1245064,-34.697,-14.436,352.643,0.8782458628512536
99.1,128.183138,37.932777,1947.6463968,-32.683,-13.108,351.632,0.8782458628512536
99.2,128.183123,37.932984,1937.6958960000002,-31.136,-11.783,350.676,0.8782458628512536
99.3,128.183104,37.933192,1928.3226864,-30.61,-10.441,349.758,0.8782458628512536
99.4,128.18308,37.933402,1919.5234152000003,-30.818,-9.07,348.861,0.8782458628512536
99.5,128.183051,37.933614,1911.262116,-30.898,-7.676,347.98,0.8782458628512536
99.6,128.183017,37.933827,1903.5205008,-30.366,-6.277,347.114,0.8782458628512536
99.7,128.182979,37.934041,1896.3122856000002,-29.337,-4.88,346.274,0.8782458628512536
99.8,128.182936,37.934256,1889.6633784,-28.127,-3.479,345.47,0.8782458628512536
99.9,128.182888,37.934472,1883.5942008,-26.948,-2.065,344.71,0.8782458628512536
100.0,128.182837,37.934688,1878.1187736,-25.876,-0.634,343.991,0.8782458628512536
100.1,128.182781,37.934905,1873.245936,-24.893,0.814,343.311,0.8782458628512536
100.2,128.182722,37.935123,1868.9784312000002,-23.918,2.279,342.668,0.8782458628512536
100.3,128.182659,37.93534,1865.3186976,-22.866,3.758,342.062,0.8782458628512536
100.4,128.182592,37.935558,1862.2713072000001,-21.697,5.249,341.495,0.8782458628512536
100.5,128.182522,37.935775,1859.8396128000002,-20.4,6.752,340.973,0.8782458628512536
100.6,128.182448,37.935992,1858.0254432000002,-18.926,8.268,340.501,0.8782458628512536
100.7,128.182373,37.936209,1856.8272744000003,-17.214,9.796,340.088,0.8782458628512536
100.8,128.182294,37.936426,1856.2451064,-15.228,11.337,339.743,0.8782458628512536
100.9,128.182213,37.936642,1856.280768,-12.976,12.888,339.48,0.8782458628512536
101.0,128.182131,37.936857,1856.9379168,-10.502,14.447,339.307,0.8782458628512536
101.1,128.182047,37.937072,1858.2220392000002,-7.901,16.011,339.227,0.8782458628512536
101.2,128.181962,37.937286,1860.1358784000001,-5.244,17.577,339.245,0.8782458628512536
101.3,128.181876,37.937499,1862.6766912000003,-2.538,19.143,339.362,0.8782458628512536
101.4,128.18179,37.937711,1865.8344192,0.287,20.703,339.581,0.8782458628512536
101.5,128.181704,37.937922,1869.5965656,3.327,22.25,339.901,0.8782458628512536
101.6,128.181619,37.938132,1873.960692,6.507,23.777,340.32,0.8782458628512536
101.7,128.181534,37.938341,1878.9295416,9.628,25.281,340.839,0.8782458628512536
101.8,128.181451,37.93855,1884.5034192,12.508,26.725,341.449,0.8782458628512536
101.9,128.18137,37.938756,1890.6771432,14.978,28.011,342.115,0.8782458628512536
102.0,128.181291,37.938962,1897.4373024000001,16.951,29.102,342.798,0.8782458628512536
102.1,128.181214,37.939166,1904.7662184,18.427,30.036,343.469,0.8782458628512536
102.2,128.181139,37.939369,1912.6318872,19.564,30.834,344.121,0.8782458628512536
102.3,128.181067,37.939571,1920.9879792,20.773,31.529,344.762,0.8782458628512536
102.4,128.180997,37.939772,1929.7951752000001,22.305,32.113,345.374,0.8782458628512536
102.5,128.18093,37.939972,1939.0284816,24.107,32.59,345.946,0.8782458628512536
102.6,128.180865,37.94017,1948.661076,26.051,32.995,346.499,0.8782458628512536
102.7,128.180803,37.940368,1958.6572968,28.197,33.338,347.046,0.8782458628512536
102.8,128.180743,37.940564,1968.9827016000002,30.607,33.619,347.585,0.8782458628512536
102.9,128.180686,37.94076,1979.6068104,33.274,33.837,348.111,0.8782458628512536
103.0,128.180631,37.940956,1990.5024960000003,36.141,33.996,348.619,0.8782458628512536
103.1,128.180578,37.94115,2001.6456792,39.102,34.104,349.105,0.8782458628512536
103.2,128.180528,37.941345,2013.0153288000001,42.005,34.166,349.562,0.8782458628512536
103.3,128.18048,37.941538,2024.5904136000001,44.703,34.163,349.956,0.8782458628512536
103.4,128.180435,37.941732,2036.3499024000002,47.006,34.058,350.214,0.8782458628512536
103.5,128.180393,37.941925,2048.2767264000004,48.547,33.88,350.315,0.8782458628512536
103.6,128.180353,37.942117,2060.3635704000003,48.903,33.709,350.349,0.8782458628512536
103.7,128.180316,37.942309,2072.6006808,48.025,33.592,350.41,0.8782458628512536
103.8,128.180282,37.942501,2084.9783039999998,46.17,33.549,350.546,0.8782458628512536
103.9,128.18025,37.942692,2097.4891248,43.647,33.587,350.767,0.8782458628512536
104.0,128.18022,37.942882,2110.1300952,40.706,33.71,351.063,0.8782458628512536
104.1,128.180192,37.943072,2122.9033488,37.498,33.912,351.411,0.8782458628512536
104.2,128.180166,37.943261,2135.812848,34.128,34.182,351.786,0.8782458628512536
104.3,128.180141,37.943449,2148.8640792,30.678,34.508,352.164,0.8782458628512536
104.4,128.180118,37.943637,2162.063748,27.185,34.879,352.527,0.8782458628512536
104.5,128.180096,37.943823,2175.4194744,23.644,35.281,352.86,0.8782458628512536
104.6,128.180075,37.944009,2188.9385736,20.034,35.705,353.152,0.8782458628512536
104.7,128.180056,37.944194,2202.6262272,16.349,36.144,353.399,0.8782458628512536
104.8,128.180037,37.944377,2216.4860928,12.606,36.596,353.6,0.8782458628512536
104.9,128.180019,37.94456,2230.5190848,8.837,37.052,353.751,0.8782458628512536
105.0,128.180001,37.944741,2244.725508,5.059,37.5,353.85,0.8782458628512536
105.1,128.179984,37.944921,2259.1017048000003,1.305,37.93,353.899,0.8782458628512536
105.2,128.179966,37.9451,2273.64036,-2.331,38.327,353.904,0.8782458628512536
105.3,128.179949,37.945278,2288.333244,-5.792,38.684,353.871,0.8782458628512536
105.4,128.179931,37.945455,2303.170908,-9.055,39.002,353.804,0.8782458628512536
105.5,128.179913,37.945631,2318.1469512000003,-12.157,39.29,353.707,0.8782458628512536
105.6,128.179894,37.945806,2333.2537536,-15.15,39.547,353.585,0.8782458628512536
105.7,128.179874,37.945979,2348.484,-18.085,39.774,353.441,0.8782458628512536
105.8,128.179854,37.946152,2363.8312896,-21.038,39.974,353.277,0.8782458628512536
105.9,128.179833,37.946325,2379.2889168,-24.08,40.16,353.089,0.8782458628512536
106.0,128.179811,37.946496,2394.8510904,-27.281,40.343,352.873,0.8782458628512536
106.1,128.179787,37.946666,2410.5114096,-30.699,40.526,352.623,0.8782458628512536
106.2,128.179763,37.946835,2426.2628640000003,-34.357,40.707,352.34,0.8782458628512536
106.3,128.179737,37.947004,2442.0960048,-38.225,40.887,352.021,0.8782458628512536
106.4,128.17971,37.947172,2458.0019928,-42.271,41.065,351.665,0.8782458628512536
106.5,128.179681,37.947339,2473.9698552,-46.424,41.24,351.269,0.8782458628512536
106.6,128.179651,37.947505,2489.9870952,-50.555,41.414,350.832,0.8782458628512536
106.7,128.179619,37.947671,2506.0409112,-54.455,41.595,350.344,0.8782458628512536
106.8,128.179585,37.947837,2522.1185016,-57.814,41.788,349.798,0.8782458628512536
106.9,128.179551,37.948003,2538.2116368,-60.375,41.989,349.199,0.8782458628512536
107.0,128.179515,37.948168,2554.3160496,-62.077,42.188,348.563,0.8782458628512536
107.1,128.179478,37.948333,2570.4323496,-63.002,42.373,347.922,0.8782458628512536
107.2,128.179439,37.948498,2586.5638896000005,-63.379,42.531,347.303,0.8782458628512536
107.3,128.179399,37.948664,2602.7137176,-63.408,42.67,346.701,0.8782458628512536
107.4,128.179358,37.948828,2618.884272,-63.2,42.804,346.094,0.8782458628512536
107.5,128.179314,37.948993,2635.0792103999997,-62.847,42.937,345.471,0.8782458628512536
107.6,128.179269,37.949157,2651.3015808,-62.404,43.071,344.839,0.8782458628512536
107.7,128.179222,37.94932,2667.5541264,-61.858,43.21,344.202,0.8782458628512536
107.8,128.179174,37.949484,2683.8408096000003,-61.265,43.353,343.561,0.8782458628512536
107.9,128.179123,37.949646,2700.1658976,-60.731,43.499,342.913,0.8782458628512536
108.0,128.179071,37.949808,2716.5336576000004,-60.354,43.647,342.26,0.8782458628512536
108.1,128.179016,37.94997,2732.9474424,-60.164,43.793,341.613,0.8782458628512536
108.2,128.178959,37.95013,2749.4084712000003,-60.176,43.935,340.974,0.8782458628512536
108.3,128.178901,37.95029,2765.918268,-60.41,44.071,340.335,0.8782458628512536
108.4,128.17884,37.950449,2782.4771376,-60.904,44.203,339.689,0.8782458628512536
108.5,128.178777,37.950607,2799.083556,-61.632,44.335,339.024,0.8782458628512536
108.6,128.178712,37.950763,2815.7359992,-62.566,44.468,338.329,0.8782458628512536
108.7,128.178645,37.950919,2832.4320288,-63.665,44.602,337.598,0.8782458628512536
108.8,128.178576,37.951075,2849.1695112,-64.899,44.732,336.835,0.8782458628512536
108.9,128.178504,37.951229,2865.9450936000003,-66.22,44.856,336.046,0.8782458628512536
109.0,128.178431,37.951382,2882.7560328000004,-67.556,44.972,335.237,0.8782458628512536
109.1,128.178355,37.951534,2899.598976,-68.859,45.076,334.411,0.8782458628512536
109.2,128.178277,37.951685,2916.4711800000005,-70.119,45.169,333.569,0.8782458628512536
109.3,128.178196,37.951835,2933.3699016,-71.3,45.254,332.704,0.8782458628512536
109.4,128.178114,37.951985,2950.2927024,-72.382,45.331,331.813,0.8782458628512536
109.5,128.178029,37.952133,2967.2377536,-73.382,45.401,330.894,0.8782458628512536
109.6,128.177942,37.95228,2984.2035312,-74.314,45.464,329.945,0.8782458628512536
109.7,128.177852,37.952426,3001.1885112,-75.221,45.519,328.974,0.8782458628512536
109.8,128.17776,37.952571,3018.1911695999997,-76.116,45.567,327.991,0.8782458628512536
109.9,128.177666,37.952715,3035.2099824,-76.982,45.607,327.003,0.8782458628512536
110.0,128.177568,37.952858,3052.2428160000004,-77.871,45.635,326.008,0.8782458628512536
110.1,128.177469,37.952999,3069.2881464,-78.834,45.653,325.001,0.8782458628512536
110.2,128.177366,37.953139,3086.3429256000004,-79.867,45.661,323.973,0.8782458628512536
110.3,128.177261,37.953278,3103.4044104,-80.982,45.661,322.918,0.8782458628512536
110.4,128.177154,37.953415,3120.4701624000004,-82.105,45.653,321.833,0.8782458628512536
110.5,128.177043,37.953551,3137.536524,-83.26,45.631,320.72,0.8782458628512536
110.6,128.17693,37.953685,3154.6007520000003,-84.483,45.591,319.595,0.8782458628512536
110.7,128.176814,37.953818,3171.6591888000003,-85.738,45.536,318.468,0.8782458628512536
110.8,128.176695,37.953949,3188.7075672,-86.996,45.464,317.332,0.8782458628512536
110.9,128.176574,37.954078,3205.7425344000003,-88.238,45.376,316.186,0.8782458628512536
111.0,128.176449,37.954206,3222.7595184,-89.474,45.269,315.035,0.8782458628512536
111.1,128.176321,37.954333,3239.7533376,-90.746,45.142,313.877,0.8782458628512536
111.2,128.176191,37.954457,3256.71942,-92.052,44.998,312.702,0.8782458628512536
111.3,128.176058,37.95458,3273.6513648,-93.429,44.831,311.507,0.8782458628512536
111.4,128.175921,37.954701,3290.5421616000003,-94.987,44.637,310.299,0.8782458628512536
111.5,128.175782,37.95482,3307.3851048,-96.658,44.423,309.092,0.8782458628512536
111.6,128.175639,37.954937,3324.1734888,-98.32,44.188,307.886,0.8782458628512536
111.7,128.175494,37.955052,3340.899084,-100.034,43.923,306.66,0.8782458628512536
111.8,128.175345,37.955165,3357.5539656,-101.774,43.63,305.407,0.8782458628512536
111.9,128.175193,37.955276,3374.1305136,-103.478,43.307,304.13,0.8782458628512536
112.0,128.175039,37.955385,3390.619584,-105.112,42.954,302.844,0.8782458628512536
112.1,128.174881,37.955493,3407.0105088,-106.746,42.566,301.559,0.8782458628512536
112.2,128.17472,37.955598,3423.2944488000003,-108.376,42.142,300.261,0.8782458628512536
112.3,128.174556,37.9557,3439.4628696,-109.891,41.678,298.939,0.8782458628512536
112.4,128.174389,37.955801,3455.5060176,-111.311,41.172,297.6,0.8782458628512536
112.5,128.174219,37.955899,3471.4144440000005,-112.595,40.629,296.238,0.8782458628512536
112.6,128.174046,37.955996,3487.1820528000003,-113.631,40.051,294.85,0.8782458628512536
112.7,128.17387,37.95609,3502.8009192000004,-114.349,39.449,293.45,0.8782458628512536
112.8,128.17369,37.956181,3518.2646424,-114.705,38.831,292.043,0.8782458628512536
112.9,128.173508,37.95627,3533.5628592000003,-114.806,38.202,290.641,0.8782458628512536
113.0,128.173323,37.956356,3548.6845968,-114.845,37.57,289.256,0.8782458628512536
113.1,128.173135,37.95644,3563.6207112,-114.934,36.941,287.89,0.8782458628512536
113.2,128.172943,37.95652,3578.3608392,-115.211,36.3,286.521,0.8782458628512536
113.3,128.172749,37.956597,3592.8930936,-115.831,35.628,285.119,0.8782458628512536
113.4,128.172552,37.95667,3607.2061968,-116.777,34.916,283.673,0.8782458628512536
113.5,128.172351,37.95674,3621.2907,-117.902,34.159,282.193,0.8782458628512536
113.6,128.172148,37.956807,3635.1383736000003,-119.014,33.361,280.697,0.8782458628512536
113.7,128.171943,37.95687,3648.7388544,-119.965,32.522,279.197,0.8782458628512536
113.8,128.171735,37.95693,3662.079036,-120.747,31.636,277.699,0.8782458628512536
113.9,128.171524,37.956986,3675.1430688000005,-121.466,30.703,276.21,0.8782458628512536
114.0,128.171311,37.957038,3687.9172368000004,-122.19,29.724,274.722,0.8782458628512536
114.1,128.171096,37.957086,3700.3881288000002,-122.916,28.693,273.222,0.8782458628512536
114.2,128.170879,37.95713,3712.5420288,-123.637,27.609,271.709,0.8782458628512536
114.3,128.170659,37.957171,3724.3640016,-124.363,26.473,270.193,0.8782458628512536
114.4,128.170438,37.957206,3735.8412456,-125.075,25.307,268.706,0.8782458628512536
114.5,128.170215,37.957238,3746.9618736,-125.727,24.141,267.283,0.8782458628512536
114.6,128.16999,37.957266,3757.7133888000003,-126.379,22.978,265.92,0.8782458628512536
114.7,128.169764,37.957289,3768.0854280000003,-127.048,21.817,264.609,0.8782458628512536
114.8,128.169537,37.957308,3778.0706760000003,-127.712,20.655,263.342,0.8782458628512536
114.9,128.169309,37.957323,3787.6627320000002,-128.342,19.49,262.113,0.8782458628512536
115.0,128.16908,37.957333,3796.852452,-128.978,18.319,260.922,0.8782458628512536
115.1,128.16885,37.95734,3805.6285584,-129.708,17.138,259.767,0.8782458628512536
115.2,128.168619,37.957342,3813.9809928,-130.598,15.94,258.646,0.8782458628512536
115.3,128.168388,37.95734,3821.8981728000003,-131.694,14.718,257.56,0.8782458628512536
115.4,128.168157,37.957334,3829.3648584000002,-133.082,13.462,256.515,0.8782458628512536
115.5,128.167926,37.957324,3836.3648952000003,-134.828,12.163,255.516,0.8782458628512536
115.6,128.167695,37.95731,3842.9025504,-136.672,10.819,254.556,0.8782458628512536
115.7,128.167463,37.957292,3849.0034272000003,-137.92,9.449,253.619,0.8782458628512536
115.8,128.167232,37.957272,3854.7022728,-137.985,8.079,252.697,0.8782458628512536
115.9,128.167001,37.957249,3859.9908576000003,-137.102,6.731,251.796,0.8782458628512536
116.0,128.166771,37.957222,3864.8219375999997,-136.428,5.404,250.927,0.8782458628512536
116.1,128.166541,37.957192,3869.1299808,-137.07,4.076,250.089,0.8782458628512536
116.2,128.166313,37.957158,3872.9037096,-138.97,2.72,249.259,0.8782458628512536
116.3,128.166085,37.95712,3876.1815288,-141.177,1.32,248.431,0.8782458628512536
116.4,128.165859,37.95708,3879.0149496,-142.495,-0.111,247.609,0.8782458628512536
116.5,128.165633,37.957038,3881.4734664000002,-141.937,-1.537,246.78,0.8782458628512536
116.6,128.165408,37.956994,3883.5714048000004,-139.68,-2.912,245.946,0.8782458628512536
116.7,128.165184,37.956948,3885.2514624000005,-137.305,-4.218,245.121,0.8782458628512536
116.8,128.164962,37.956898,3886.4337816,-136.379,-5.472,244.296,0.8782458628512536
116.9,128.164742,37.956845,3887.0686800000003,-137.38,-6.723,243.458,0.8782458628512536
117.0,128.164525,37.956789,3887.1729216,-139.797,-8.02,242.608,0.8782458628512536
117.1,128.16431,37.95673,3886.7894832,-142.582,-9.389,241.769,0.8782458628512536
117.2,128.164096,37.956669,3885.9653040000003,-144.629,-10.82,240.962,0.8782458628512536
117.3,128.163884,37.956606,3884.7570768,-144.901,-12.273,240.175,0.8782458628512536
117.4,128.163674,37.956542,3883.216008,-143.048,-13.696,239.385,0.8782458628512536
117.5,128.163465,37.956477,3881.30034,-140.341,-15.051,238.595,0.8782458628512536
117.6,128.163258,37.956409,3878.9314344000004,-138.498,-16.333,237.798,0.8782458628512536
117.7,128.163055,37.956339,3876.0495504000005,-138.397,-17.58,236.976,0.8782458628512536
117.8,128.162855,37.956266,3872.6604792000003,-139.754,-18.841,236.119,0.8782458628512536
117.9,128.162658,37.956192,3868.7980536,-141.82,-20.154,235.249,0.8782458628512536
118.0,128.162464,37.956115,3864.4985448,-143.777,-21.526,234.395,0.8782458628512536
118.1,128.162273,37.956038,3859.7963952,-144.895,-22.94,233.568,0.8782458628512536
118.2,128.162084,37.955959,3854.7354960000002,-144.559,-24.361,232.75,0.8782458628512536
118.3,128.161897,37.95588,3849.3271248,-142.833,-25.746,231.926,0.8782458628512536
118.4,128.161712,37.955799,3843.5313528,-140.738,-27.072,231.089,0.8782458628512536
118.5,128.161531,37.955717,3837.3006312,-139.364,-28.347,230.224,0.8782458628512536
118.6,128.161354,37.955633,3830.6121000000003,-139.165,-29.599,229.318,0.8782458628512536
118.7,128.161181,37.955548,3823.4809992,-139.869,-30.862,228.366,0.8782458628512536
118.8,128.161012,37.955462,3815.932932,-140.977,-32.157,227.389,0.8782458628512536
118.9,128.160846,37.955375,3807.991368,-141.978,-33.486,226.409,0.8782458628512536
119.0,128.160683,37.955287,3799.6797768,-142.428,-34.836,225.433,0.8782458628512536
119.1,128.160523,37.955199,3791.0167512,-142.054,-36.186,224.456,0.8782458628512536
119.2,128.160367,37.95511,3781.9974144000003,-141.039,-37.515,223.472,0.8782458628512536
119.3,128.160214,37.95502,3772.5961632,-140.029,-38.817,222.474,0.8782458628512536
119.4,128.160066,37.95493,3762.7916616,-139.572,-40.102,221.452,0.8782458628512536
119.5,128.159921,37.954839,3752.5851288,-139.733,-41.389,220.39,0.8782458628512536
119.6,128.159782,37.954748,3741.9896712000004,-140.292,-42.693,219.291,0.8782458628512536
119.7,128.159646,37.954656,3731.0177856,-140.986,-44.022,218.169,0.8782458628512536
119.8,128.159514,37.954565,3719.6789208000005,-141.598,-45.374,217.037,0.8782458628512536
119.9,128.159387,37.954473,3707.9816112000003,-141.955,-46.743,215.898,0.8782458628512536
120.0,128.159263,37.954382,3695.9319528,-141.973,-48.12,214.748,0.8782458628512536
120.1,128.159144,37.954291,3683.5302504,-141.71,-49.495,213.577,0.8782458628512536
120.2,128.159028,37.954199,3670.7737608,-141.315,-50.863,212.375,0.8782458628512536
120.3,128.158917,37.954109,3657.662484,-140.923,-52.224,211.128,0.8782458628512536
120.4,128.15881,37.954019,3644.2003824000003,-140.561,-53.578,209.823,0.8782458628512536
120.5,128.158708,37.953929,3630.393552,-140.164,-54.924,208.45,0.8782458628512536
120.6,128.15861,37.95384,3616.2490032000005,-139.668,-56.262,207.003,0.8782458628512536
120.7,128.158516,37.953752,3601.7703936000003,-139.06,-57.589,205.479,0.8782458628512536
120.8,128.158426,37.953665,3586.9629048,-138.356,-58.904,203.869,0.8782458628512536
120.9,128.158341,37.953578,3571.8311088,-137.574,-60.205,202.161,0.8782458628512536
121.0,128.158261,37.953493,3556.3807968,-136.718,-61.492,200.344,0.8782458628512536
121.1,128.158185,37.953408,3540.6174552,-135.786,-62.763,198.405,0.8782458628512536
121.2,128.158114,37.953326,3524.5480944,-134.768,-64.019,196.329,0.8782458628512536
121.3,128.158047,37.953244,3508.17942,-133.653,-65.258,194.1,0.8782458628512536
121.4,128.157985,37.953164,3491.5181376,-132.424,-66.479,191.699,0.8782458628512536
121.5,128.157927,37.953085,3474.5715624000004,-131.064,-67.68,189.103,0.8782458628512536
121.6,128.157875,37.953009,3457.3473144000004,-129.555,-68.859,186.285,0.8782458628512536
121.7,128.157827,37.952934,3439.8533184000003,-127.866,-70.014,183.215,0.8782458628512536
121.8,128.157783,37.952861,3422.0990232000004,-125.948,-71.139,179.856,0.8782458628512536
121.9,128.157745,37.952791,3404.093268,-123.718,-72.228,176.164,0.8782458628512536
122.0,128.157711,37.952723,3385.8458064,-121.115,-73.273,172.093,0.8782458628512536
122.1,128.157681,37.952657,3367.3666967999998,-118.119,-74.262,167.591,0.8782458628512536
122.2,128.157657,37.952594,3348.6659976,-114.731,-75.181,162.598,0.8782458628512536
122.3,128.157637,37.952534,3329.754072,-110.943,-76.014,157.057,0.8782458628512536
122.4,128.157621,37.952477,3310.6418928000003,-106.755,-76.742,150.927,0.8782458628512536
122.5,128.15761,37.952423,3291.3407376,-102.212,-77.35,144.203,0.8782458628512536
122.6,128.157604,37.952373,3271.8631032000003,-97.271,-77.826,136.91,0.8782458628512536
122.7,128.157602,37.952326,3252.2214864000002,-91.851,-78.159,129.129,0.8782458628512536
122.8,128.157604,37.952283,3232.4286888,-85.891,-78.337,121.0,0.8782458628512536
122.9,128.157609,37.952243,3212.4956832,-79.436,-78.343,112.729,0.8782458628512536
123.0,128.157618,37.952207,3192.4334424,-72.692,-78.191,104.536,0.8782458628512536
123.1,128.157631,37.952175,3172.2526344000003,-65.864,-77.897,96.576,0.8782458628512536
123.2,128.157647,37.952147,3151.9633176,-59.135,-77.475,88.953,0.8782458628512536
123.3,128.157666,37.952123,3131.5734168000004,-52.572,-76.935,81.732,0.8782458628512536
123.4,128.157689,37.952102,3111.0868944,-46.181,-76.282,74.975,0.8782458628512536
123.5,128.157714,37.952086,3090.5071032000005,-39.984,-75.502,68.823,0.8782458628512536
123.6,128.157743,37.952073,3069.8361768,-34.145,-74.578,63.487,0.8782458628512536
123.7,128.157774,37.952064,3049.0866120000005,-29.125,-73.524,59.076,0.8782458628512536
123.8,128.157808,37.952059,3028.2754776,-25.34,-72.367,55.53,0.8782458628512536
123.9,128.157845,37.952058,3007.4158800000005,-22.875,-71.121,52.761,0.8782458628512536
124.0,128.157885,37.952062,2986.5209256000003,-21.634,-69.808,50.638,0.8782458628512536
124.1,128.157928,37.952069,2965.6116456,-21.469,-68.462,48.898,0.8782458628512536
124.2,128.157975,37.952082,2944.7148624000006,-22.49,-67.123,47.213,0.8782458628512536
124.3,128.158024,37.952101,2923.8826968,-25.239,-65.813,45.372,0.8782458628512536
124.4,128.158077,37.952126,2903.1364848000003,-29.154,-64.52,43.308,0.8782458628512536
124.5,128.158132,37.952157,2882.4832368,-33.631,-63.261,40.934,0.8782458628512536
124.6,128.158188,37.952194,2861.9238672,-38.401,-62.153,38.374,0.8782458628512536
124.7,128.158245,37.952238,2841.4531944,-43.51,-61.391,35.933,0.8782458628512536
124.8,128.1583,37.952286,2821.0602456,-48.91,-60.954,33.639,0.8782458628512536
124.9,128.158355,37.952341,2800.732524,-54.475,-60.691,31.279,0.8782458628512536
125.0,128.158407,37.9524,2780.4532656,-60.256,-60.553,28.779,0.8782458628512536
125.1,128.158456,37.952463,2760.2029632,-66.254,-60.497,26.024,0.8782458628512536
125.2,128.158502,37.952529,2739.9633288,-72.367,-60.494,22.848,0.8782458628512536
125.3,128.158544,37.952599,2719.7169888000003,-78.458,-60.553,19.123,0.8782458628512536
125.4,128.158581,37.952672,2699.4456552,-84.498,-60.732,14.902,0.8782458628512536
125.5,128.158614,37.952746,2679.1304304000005,-90.566,-61.089,10.38,0.8782458628512536
125.6,128.158641,37.952822,2658.7533312,-96.801,-61.668,5.807,0.8782458628512536
125.7,128.158662,37.952897,2638.2948504,-103.162,-62.481,1.193,0.8782458628512536
125.8,128.158679,37.952973,2617.7342616,-109.49,-63.557,356.405,0.8782458628512536
125.9,128.158689,37.953047,2597.0520576000004,-115.413,-64.949,351.09,0.8782458628512536
126.0,128.158694,37.95312,2576.2317792,-120.801,-66.676,345.218,0.8782458628512536
126.1,128.158695,37.953189,2555.2600152,-124.018,-68.567,338.926,0.8782458628512536
126.2,128.158693,37.953256,2534.1352416000004,-121.9,-70.393,332.331,0.8782458628512536
126.3,128.158688,37.953321,2512.8577632,-114.796,-71.945,325.571,0.8782458628512536
126.4,128.158681,37.953386,2491.4309328,-104.382,-72.989,319.25,0.8782458628512536
126.5,128.158673,37.953448,2469.8550552,-92.051,-73.474,313.824,0.8782458628512536
126.6,128.158662,37.95351,2448.1362264000004,-78.331,-73.467,308.981,0.8782458628512536
126.7,128.158648,37.953569,2426.293344,-64.271,-73.025,304.179,0.8782458628512536
126.8,128.158629,37.953626,2404.3693848,-53.198,-72.264,299.484,0.8782458628512536
126.9,128.158602,37.95368,2382.4204320000003,-47.637,-71.326,295.402,0.8782458628512536
127.0,128.158567,37.953731,2360.5019592000003,-46.726,-70.266,291.743,0.8782458628512536
127.1,128.158523,37.953778,2338.6340832,-48.951,-69.183,288.158,0.8782458628512536
127.2,128.158471,37.953821,2316.8201568,-53.064,-68.173,284.431,0.8782458628512536
127.3,128.158412,37.953859,2295.0461592,-57.358,-67.247,280.553,0.8782458628512536
127.4,128.158348,37.953894,2273.265456,-59.094,-66.371,276.577,0.8782458628512536
127.5,128.158281,37.953925,2251.45092,-57.436,-65.505,272.634,0.8782458628512536
127.6,128.15821,37.953954,2229.5803008,-52.085,-64.539,269.066,0.8782458628512536
127.7,128.158136,37.95398,2207.6606088,-44.172,-63.438,266.149,0.8782458628512536
127.8,128.158059,37.954002,2185.7524992000003,-36.728,-62.334,263.717,0.8782458628512536
127.9,128.157976,37.954021,2163.9404016000003,-33.398,-61.234,261.574,0.8782458628512536
128.0,128.157886,37.954034,2142.3087456000003,-33.839,-60.086,259.6,0.8782458628512536
128.1,128.15779,37.954042,2120.8651512,-36.394,-58.888,257.622,0.8782458628512536
128.2,128.157689,37.954045,2099.5757856,-39.264,-57.676,255.538,0.8782458628512536
128.3,128.157583,37.954043,2078.4092544,-41.033,-56.477,253.373,0.8782458628512536
128.4,128.157474,37.954037,2057.3408688,-40.488,-55.255,251.273,0.8782458628512536
128.5,128.157363,37.954028,2036.3288712,-36.759,-53.964,249.413,0.8782458628512536
128.6,128.157248,37.954015,2015.3900256,-31.282,-52.659,247.816,0.8782458628512536
128.7,128.157129,37.953997,1994.6407656000001,-27.678,-51.418,246.36,0.8782458628512536
128.8,128.157006,37.953974,1974.2005728000001,-27.677,-50.185,244.958,0.8782458628512536
128.9,128.156878,37.953946,1954.0916976,-30.05,-48.902,243.575,0.8782458628512536
129.0,128.156746,37.953911,1934.2650672000002,-32.899,-47.583,242.118,0.8782458628512536
129.1,128.15661,37.953873,1914.6770952,-34.667,-46.259,240.606,0.8782458628512536
129.2,128.156473,37.953829,1895.279928,-33.901,-44.9,239.172,0.8782458628512536
129.3,128.156333,37.953782,1876.0369896,-30.094,-43.508,237.901,0.8782458628512536
129.4,128.156191,37.953731,1857.0345384,-26.266,-42.182,236.699,0.8782458628512536
129.5,128.156046,37.953675,1838.4115632,-25.419,-40.898,235.539,0.8782458628512536
129.6,128.155898,37.953613,1820.2372536,-27.197,-39.587,234.409,0.8782458628512536
129.7,128.155748,37.953545,1802.45766,-29.778,-38.231,233.244,0.8782458628512536
129.8,128.155595,37.953473,1785.0136512000001,-31.489,-36.862,232.035,0.8782458628512536
129.9,128.155442,37.953396,1767.849144,-31.029,-35.477,230.86,0.8782458628512536
130.0,128.155287,37.953316,1750.9476792,-28.368,-34.092,229.767,0.8782458628512536
130.1,128.155131,37.953231,1734.4000872,-25.899,-32.759,228.715,0.8782458628512536
130.2,128.154973,37.953141,1718.3429184000001,-25.864,-31.456,227.679,0.8782458628512536
130.3,128.154814,37.953046,1702.8084816,-27.883,-30.125,226.645,0.8782458628512536
130.4,128.154654,37.952945,1687.7342928,-30.391,-28.765,225.567,0.8782458628512536
130.5,128.154494,37.952841,1673.0499432000001,-31.73,-27.391,224.464,0.8782458628512536
130.6,128.154334,37.952732,1658.6853288000002,-30.834,-26.007,223.394,0.8782458628512536
130.7,128.154174,37.95262,1644.6700152,-28.529,-24.649,222.377,0.8782458628512536
130.8,128.154014,37.952503,1631.1240936000002,-27.204,-23.346,221.373,0.8782458628512536
130.9,128.153854,37.952381,1618.1627784,-28.372,-22.062,220.354,0.8782458628512536
131.0,128.153695,37.952254,1605.7723536,-31.234,-20.754,219.301,0.8782458628512536
131.1,128.153537,37.952124,1593.8638176000002,-33.81,-19.426,218.197,0.8782458628512536
131.2,128.15338,37.951989,1582.340244,-34.325,-18.082,217.086,0.8782458628512536
131.3,128.153224,37.951851,1571.1629232000003,-32.548,-16.747,216.012,0.8782458628512536
131.4,128.15307,37.95171,1560.4232952,-30.681,-15.472,214.958,0.8782458628512536
131.5,128.152917,37.951564,1550.2664448000003,-31.022,-14.242,213.9,0.8782458628512536
131.6,128.152767,37.951414,1540.7423592,-33.688,-13.011,212.807,0.8782458628512536
131.7,128.15262,37.95126,1531.7644752,-36.956,-11.762,211.647,0.8782458628512536
131.8,128.152475,37.951102,1523.2264176,-38.75,-10.502,210.447,0.8782458628512536
131.9,128.152333,37.950942,1515.0324792,-37.952,-9.242,209.255,0.8782458628512536
132.0,128.152193,37.950779,1507.236,-36.038,-8.029,208.092,0.8782458628512536
132.1,128.152056,37.950613,1499.9656056000001,-35.488,-6.876,206.941,0.8782458628512536
132.2,128.151924,37.950443,1493.3227944,-37.523,-5.746,205.762,0.8782458628512536
132.3,128.151796,37.95027,1487.253312,-40.945,-4.61,204.519,0.8782458628512536
132.4,128.151672,37.950094,1481.649564,-43.822,-3.481,203.2,0.8782458628512536
132.5,128.151552,37.949916,1476.4152336,-44.642,-2.363,201.853,0.8782458628512536
132.6,128.151435,37.949735,1471.5253272,-43.395,-1.269,200.523,0.8782458628512536
132.7,128.151323,37.949553,1467.0627504000001,-42.339,-0.24,199.208,0.8782458628512536
132.8,128.151217,37.949368,1463.1485088,-43.519,0.739,197.885,0.8782458628512536
132.9,128.151116,37.94918,1459.7874792,-46.613,1.704,196.511,0.8782458628512536
133.0,128.151021,37.948991,1456.8845640000002,-50.036,2.652,195.051,0.8782458628512536
133.1,128.150931,37.9488,1454.3452752,-52.182,3.566,193.529,0.8782458628512536
133.2,128.150846,37.948608,1452.1001184000002,-52.22,4.457,191.997,0.8782458628512536
133.3,128.150766,37.948414,1450.1756112,-51.204,5.301,190.488,0.8782458628512536
133.4,128.150692,37.948219,1448.6668512,-51.379,6.08,188.991,0.8782458628512536
133.5,128.150626,37.948023,1447.6344936000003,-53.806,6.814,187.461,0.8782458628512536
133.6,128.150567,37.947826,1447.0215408000001,-57.515,7.517,185.854,0.8782458628512536
133.7,128.150515,37.947628,1446.7289328,-60.767,8.171,184.164,0.8782458628512536
133.8,128.150468,37.94743,1446.6801648,-62.306,8.774,182.433,0.8782458628512536
133.9,128.150426,37.947231,1446.8456712,-62.033,9.341,180.714,0.8782458628512536
134.0,128.150391,37.947032,1447.2647712,-61.53,9.854,179.027,0.8782458628512536
134.1,128.150364,37.946833,1448.0045208000001,-62.638,10.309,177.349,0.8782458628512536
134.2,128.150346,37.946635,1449.081684,-65.834,10.703,175.626,0.8782458628512536
134.3,128.150335,37.946437,1450.4249376,-70.061,11.036,173.817,0.8782458628512536
134.4,128.150332,37.946239,1451.9477184000002,-73.556,11.292,171.928,0.8782458628512536
134.5,128.150334,37.946042,1453.586628,-74.983,11.49,170.023,0.8782458628512536
134.6,128.150342,37.945845,1455.3200256,-74.332,11.663,168.162,0.8782458628512536
134.7,128.150357,37.945649,1457.1783912,-73.735,11.786,166.358,0.8782458628512536
134.8,128.15038,37.945454,1459.2056160000002,-75.337,11.84,164.579,0.8782458628512536
134.9,128.150412,37.945261,1461.3913368,-78.791,11.83,162.767,0.8782458628512536
135.0,128.150453,37.94507,1463.6855664000002,-83.602,11.704,160.868,0.8782458628512536
135.1,128.150502,37.944881,1466.0239920000001,-89.319,11.395,158.882,0.8782458628512536
135.2,128.150559,37.944695,1468.3340712,-95.251,10.872,156.839,0.8782458628512536
135.3,128.150623,37.94451,1470.5527104,-99.636,10.179,154.778,0.8782458628512536
135.4,128.150693,37.944326,1472.6576592000001,-101.088,9.393,152.758,0.8782458628512536
135.5,128.150768,37.944144,1474.6306296,-101.394,8.532,150.862,0.8782458628512536
135.6,128.15085,37.943965,1476.4265112,-103.115,7.596,149.095,0.8782458628512536
135.7,128.150939,37.943789,1478.0041560000002,-106.092,6.596,147.362,0.8782458628512536
135.8,128.151037,37.943615,1479.3294264,-110.021,5.478,145.626,0.8782458628512536
135.9,128.151141,37.943445,1480.3605648,-114.623,4.246,144.023,0.8782458628512536
136.0,128.151252,37.943278,1481.0561184,-119.707,2.975,142.757,0.8782458628512536
136.1,128.151368,37.943114,1481.375244,-125.215,1.654,141.758,0.8782458628512536
136.2,128.15149,37.942953,1481.2816704000002,-131.129,0.218,140.911,0.8782458628512536
136.3,128.151616,37.942794,1480.7418696000002,-137.437,-1.384,140.164,0.8782458628512536
136.4,128.151746,37.942637,1479.7253616,-144.131,-3.136,139.54,0.8782458628512536
136.5,128.151879,37.942483,1478.2056288,-151.203,-5.045,139.026,0.8782458628512536
136.6,128.152014,37.942331,1476.1573728,-158.601,-7.148,138.624,0.8782458628512536
136.7,128.15215,37.942181,1473.5577336,-166.22,-9.502,138.391,0.8782458628512536
136.8,128.152287,37.942033,1470.4079304,-173.491,-12.116,138.371,0.8782458628512536
136.9,128.152423,37.941887,1466.7872112,-178.253,-14.928,138.539,0.8782458628512536
137.0,128.15256,37.941741,1462.8025608,-178.091,-17.764,138.799,0.8782458628512536
137.1,128.152697,37.941595,1458.5606592000001,-174.056,-20.341,139.017,0.8782458628512536
137.2,128.152834,37.941449,1454.06364,-167.237,-22.553,139.011,0.8782458628512536
137.3,128.152971,37.941305,1449.2420088,-158.935,-24.414,138.69,0.8782458628512536
137.4,128.153108,37.941162,1443.9851232,-152.041,-26.028,138.1,0.8782458628512536
137.5,128.153247,37.941021,1438.1725872,-149.735,-27.512,137.341,0.8782458628512536
137.6,128.153386,37.940885,1431.6925392000003,-151.21,-28.963,136.484,0.8782458628512536
137.7,128.153525,37.940753,1424.5135848,-155.384,-30.492,135.66,0.8782458628512536
137.8,128.153664,37.940625,1416.6491352,-161.34,-32.172,134.98,0.8782458628512536
137.9,128.153802,37.940501,1408.108944,-168.382,-34.018,134.552,0.8782458628512536
138.0,128.153939,37.94038,1398.9262344,-175.256,-35.997,134.418,0.8782458628512536
138.1,128.154074,37.940261,1389.2320704,-179.405,-38.054,134.526,0.8782458628512536
138.2,128.154207,37.940144,1379.1602592000002,-179.591,-40.092,134.778,0.8782458628512536
138.3,128.15434,37.940028,1368.7979736,-176.228,-42.01,134.981,0.8782458628512536
138.4,128.154471,37.939913,1358.0723664000002,-171.621,-43.771,135.032,0.8782458628512536
138.5,128.154601,37.939801,1346.8566408000002,-168.891,-45.418,134.934,0.8782458628512536
138.6,128.154727,37.939692,1335.0477744000002,-169.402,-47.036,134.727,0.8782458628512536
138.7,128.154851,37.939588,1322.6210784,-172.527,-48.703,134.523,0.8782458628512536
138.8,128.154971,37.939488,1309.6231872,-177.343,-50.474,134.47,0.8782458628512536
138.9,128.155087,37.939391,1296.1363968,177.755,-52.332,134.659,0.8782458628512536
139.0,128.155201,37.939296,1282.2347736,174.708,-54.218,135.069,0.8782458628512536
139.1,128.155312,37.939203,1268.0057952,175.067,-56.07,135.541,0.8782458628512536
139.2,128.155421,37.939111,1253.4650064,177.623,-57.839,135.951,0.8782458628512536
139.3,128.155527,37.939022,1238.5398648,179.688,-59.514,136.306,0.8782458628512536
139.4,128.155629,37.938936,1223.1620952,179.232,-61.149,136.659,0.8782458628512536
139.5,128.155726,37.938854,1207.324992,176.553,-62.807,137.068,0.8782458628512536
139.6,128.155819,37.938776,1191.0822,172.815,-64.519,137.674,0.8782458628512536
139.7,128.155907,37.9387,1174.4806584,169.104,-66.254,138.6,0.8782458628512536
139.8,128.155991,37.938627,1157.5624296,166.417,-67.974,139.829,0.8782458628512536
139.9,128.156072,37.938556,1140.3564696,165.113,-69.653,141.3,0.8782458628512536
140.0,128.156149,37.938487,1122.85272,163.417,-71.255,143.164,0.8782458628512536
140.1,128.15622,37.938422,1105.0182624000001,158.882,-72.775,145.592,0.8782458628512536
140.2,128.156284,37.93836,1086.8534016,151.715,-74.245,148.764,0.8782458628512536
140.3,128.156341,37.938302,1068.3928848,141.955,-75.645,153.249,0.8782458628512536
140.4,128.15639,37.938246,1049.6735928,129.577,-76.854,159.574,0.8782458628512536
140.5,128.156432,37.938193,1030.7321016,114.739,-77.695,167.956,0.8782458628512536
140.6,128.156466,37.938141,1011.6062064000001,98.156,-78.004,177.899,0.8782458628512536
140.7,128.156493,37.93809,992.3303496000001,81.774,-77.734,188.191,0.8782458628512536
140.8,128.156513,37.93804,972.9164184000001,69.044,-76.97,197.545,0.8782458628512536
140.9,128.15653,37.937989,953.3482584,62.473,-75.952,204.85,0.8782458628512536
141.0,128.156543,37.937939,933.6014856,61.706,-75.008,210.208,0.8782458628512536
141.1,128.156555,37.937888,913.673052,64.359,-74.237,214.838,0.8782458628512536
141.2,128.156563,37.937838,893.5690536000001,68.497,-73.664,219.529,0.8782458628512536
141.3,128.156567,37.937788,873.2934528000001,72.656,-73.294,224.546,0.8782458628512536
141.4,128.156568,37.937739,852.8489928000001,75.556,-73.12,229.773,0.8782458628512536
