iteration,sampled_steps,stage,probe,probe_step,obs_first4,action_roll,action_pitch,action_rudder,action_throttle,action_norm,action_delta_norm,state_in_norm,state_out_norm
0,0,26,zero_hold,0,"[0.0, 0.0, 0.0, 0.0]",0.05450804531574249,-0.15007320046424866,0.025355670601129532,0.8533931374549866,0.8685711026191711,0.0,0.0,7.0212232770673335
0,0,26,zero_hold,1,"[0.0, 0.0, 0.0, 0.0]",0.040742598474025726,-0.1420900821685791,0.022585242986679077,1.025975227355957,1.0368146896362305,0.17333629727363586,7.0212232770673335,11.343034384141717
0,0,26,zero_hold,2,"[0.0, 0.0, 0.0, 0.0]",0.06787358969449997,-0.08881118148565292,0.015560491010546684,1.028422474861145,1.0345960855484009,0.06025004759430885,11.343034384141717,15.423762719899077
0,0,26,zero_hold,3,"[0.0, 0.0, 0.0, 0.0]",-0.03734901547431946,-0.04586837440729141,0.010182027705013752,1.0151159763336182,1.0168888568878174,0.11455073952674866,15.423762719899077,19.193867967870865
0,0,26,target_ahead,0,"[0.0, 0.0, 0.0, 0.0]",0.9657928347587585,-0.5543876886367798,0.005178730934858322,1.083648681640625,1.553841233253479,0.0,0.0,11.552399342879779
0,0,26,target_ahead,1,"[0.009999999776482582, 0.0, 0.0, 0.0]",1.295051097869873,-0.27471160888671875,-0.01272065844386816,0.9989941716194153,1.6585460901260376,0.44058653712272644,11.552399342879779,16.987950288055664
0,0,26,target_ahead,2,"[0.019999999552965164, 0.0, 0.0, 0.0]",1.206721305847168,-0.3581678867340088,-0.012933100573718548,0.9960889220237732,1.6052478551864624,0.12155487388372421,16.987950288055664,21.735829383425813
0,0,26,target_ahead,3,"[0.029999999329447746, 0.0, 0.0, 0.0]",0.8853358626365662,-0.43340247869491577,-0.01162427756935358,0.9965441823005676,1.4017462730407715,0.3300769031047821,21.735829383425813,26.32401178508594
0,0,26,target_left,0,"[0.0, 0.0, 0.0, 0.0]",-0.23401087522506714,-0.3948238492012024,0.017895519733428955,1.098923921585083,1.1910502910614014,0.0,0.0,10.432976320733259
0,0,26,target_left,1,"[0.009999999776482582, 0.0, 0.0, 0.0]",-0.3013472557067871,-0.3069459795951843,0.0026981523260474205,1.072101354598999,1.155177354812622,0.11492222547531128,10.432976320733259,16.11918630599452
0,0,26,target_left,2,"[0.019999999552965164, 0.0, 0.0, 0.0]",-0.27706658840179443,-0.31081148982048035,0.0005949335172772408,1.0639714002609253,1.1425433158874512,0.025981007143855095,16.11918630599452,21.388024214524272
0,0,26,target_left,3,"[0.029999999329447746, 0.0, 0.0, 0.0]",-0.2324581891298294,-0.3193219304084778,-0.00017896853387355804,1.0613148212432861,1.13242769241333,0.04549717903137207,21.388024214524272,26.428606218633213
0,0,26,ramp,0,"[-0.5, -0.4333333373069763, -0.36666667461395264, -0.30000001192092896]",-0.7824527621269226,-0.7385064959526062,0.00972307100892067,0.9961339831352234,1.466288447380066,0.0,0.0,12.994208983519952
0,0,26,ramp,1,"[-0.47999998927116394, -0.41333332657814026, -0.3466666638851166, -0.2800000011920929]",-0.760118305683136,-0.7439321875572205,0.0010708356276154518,1.000648021697998,1.4603124856948853,0.024970058351755142,12.994208983519952,20.23935999493017
0,0,26,ramp,2,"[-0.46000000834465027, -0.3933333456516266, -0.3266666829586029, -0.2600000202655792]",-0.8302894234657288,-0.775797426700592,0.0011547533795237541,1.0047881603240967,1.516852855682373,0.07717853784561157,20.23935999493017,26.973989652563933
0,0,26,ramp,3,"[-0.4399999976158142, -0.3733333349227905, -0.30666667222976685, -0.24000000953674316]",-0.8514229655265808,-0.7840749621391296,0.0003517474979162216,1.013146162033081,1.538232684135437,0.024200107902288437,26.973989652563933,33.287942057607125
25,25,26,zero_hold,0,"[0.0, 0.0, 0.0, 0.0]",0.05067764222621918,-0.14952892065048218,0.02655159868299961,0.8548151850700378,0.8696787357330322,0.0,0.0,7.016066575715017
25,25,26,zero_hold,1,"[0.0, 0.0, 0.0, 0.0]",0.038933612406253815,-0.14378607273101807,0.023375380784273148,1.0301661491394043,1.0411431789398193,0.1758662909269333,7.016066575715017,11.337281580205538
25,25,26,zero_hold,2,"[0.0, 0.0, 0.0, 0.0]",0.07257642596960068,-0.09211846441030502,0.015527971088886261,1.0331487655639648,1.0398993492126465,0.062224261462688446,11.337281580205538,15.421378458958765
25,25,26,zero_hold,3,"[0.0, 0.0, 0.0, 0.0]",-0.028845282271504402,-0.05039813369512558,0.009713081642985344,1.0202703475952148,1.0219676494598389,0.11057402193546295,15.421378458958765,19.196749089085408
25,25,26,target_ahead,0,"[0.0, 0.0, 0.0, 0.0]",0.9656075835227966,-0.553758442401886,0.0033571692183613777,1.0883839130401611,1.5568034648895264,0.0,0.0,11.560252438692721
25,25,26,target_ahead,1,"[0.009999999776482582, 0.0, 0.0, 0.0]",1.2986845970153809,-0.2754145562648773,-0.015009420923888683,1.0046136379241943,1.664905071258545,0.44245949387550354,11.560252438692721,16.99651737605553
25,25,26,target_ahead,2,"[0.019999999552965164, 0.0, 0.0, 0.0]",1.2014968395233154,-0.3601842522621155,-0.01586027443408966,1.001671552658081,1.6052802801132202,0.1289989948272705,16.99651737605553,21.743000535172797
25,25,26,target_ahead,3,"[0.029999999329447746, 0.0, 0.0, 0.0]",0.8763374090194702,-0.43673646450042725,-0.01450288761407137,1.003175973892212,1.401883840560913,0.3340553939342499,21.743000535172797,26.33284916442167
25,25,26,target_left,0,"[0.0, 0.0, 0.0, 0.0]",-0.23063364624977112,-0.3964292109012604,0.01941770687699318,1.1050517559051514,1.1966054439544678,0.0,0.0,10.43259829030074
25,25,26,target_left,1,"[0.009999999776482582, 0.0, 0.0, 0.0]",-0.2912549376487732,-0.3121814727783203,0.004789657890796661,1.0797979831695557,1.161151647567749,0.10781630128622055,10.43259829030074,16.120440561657183
25,25,26,target_left,2,"[0.019999999552965164, 0.0, 0.0, 0.0]",-0.2635624408721924,-0.31656065583229065,0.0029128259047865868,1.071177363395691,1.14765202999115,0.02939199097454548,16.120440561657183,21.387480099278118
25,25,26,target_left,3,"[0.029999999329447746, 0.0, 0.0, 0.0]",-0.2198685109615326,-0.32546135783195496,0.002276455983519554,1.0683711767196655,1.138283610343933,0.044684018939733505,21.387480099278118,26.425321459446465
25,25,26,ramp,0,"[-0.5, -0.4333333373069763, -0.36666667461395264, -0.30000001192092896]",-0.7958212494850159,-0.7353336811065674,0.012275529094040394,0.9978973865509033,1.4730910062789917,0.0,0.0,12.994584044365874
25,25,26,ramp,1,"[-0.47999998927116394, -0.41333332657814026, -0.3466666638851166, -0.2800000011920929]",-0.7652579545974731,-0.7424445748329163,0.0029857540503144264,1.0091660022735596,1.468083381652832,0.03461157903075218,12.994584044365874,20.23732520593248
25,25,26,ramp,2,"[-0.46000000834465027, -0.3933333456516266, -0.3266666829586029, -0.2600000202655792]",-0.8325894474983215,-0.7761381268501282,0.0031509073451161385,1.0142521858215332,1.5245697498321533,0.07546311616897583,20.23732520593248,26.970079505138845
25,25,26,ramp,3,"[-0.4399999976158142, -0.3733333349227905, -0.30666667222976685, -0.24000000953674316]",-0.8528194427490234,-0.7850043177604675,0.0023894766345620155,1.0235061645507812,1.5463192462921143,0.023959923535585403,26.970079505138845,33.281955054946486
50,50,26,zero_hold,0,"[0.0, 0.0, 0.0, 0.0]",0.050284624099731445,-0.14827312529087067,0.02396192029118538,0.856184720993042,0.8707122802734375,0.0,0.0,7.020299601374351
50,50,26,zero_hold,1,"[0.0, 0.0, 0.0, 0.0]",0.038056470453739166,-0.14251258969306946,0.021626921370625496,1.0305906534194946,1.0413179397583008,0.17494454979896545,7.020299601374351,11.339996105313082
50,50,26,zero_hold,2,"[0.0, 0.0, 0.0, 0.0]",0.07285882532596588,-0.09077316522598267,0.014626570045948029,1.0334031581878662,1.0400404930114746,0.06280992925167084,11.339996105313082,15.42045566677177
50,50,26,zero_hold,3,"[0.0, 0.0, 0.0, 0.0]",-0.02751818485558033,-0.04860374704003334,0.009539397433400154,1.0198264122009277,1.0213992595672607,0.10983628779649734,15.42045566677177,19.19239811234027
50,50,26,target_ahead,0,"[0.0, 0.0, 0.0, 0.0]",0.9651459455490112,-0.5529195070266724,-0.0027075596153736115,1.0963486433029175,1.5617984533309937,0.0,0.0,11.554421920986535
50,50,26,target_ahead,1,"[0.009999999776482582, 0.0, 0.0, 0.0]",1.2829293012619019,-0.273003488779068,-0.019334988668560982,1.0075572729110718,1.6540809869766235,0.4330122768878937,11.554421920986535,16.98881620503628
50,50,26,target_ahead,2,"[0.019999999552965164, 0.0, 0.0, 0.0]",1.1718586683273315,-0.35918498039245605,-0.02025349996984005,1.0039055347442627,1.5844566822052002,0.140634685754776,16.98881620503628,21.73019448813773
50,50,26,target_ahead,3,"[0.029999999329447746, 0.0, 0.0, 0.0]",0.8369357585906982,-0.4355061650276184,-0.019114650785923004,1.0059294700622559,1.379270315170288,0.34351661801338196,21.73019448813773,26.312117288265995
50,50,26,target_left,0,"[0.0, 0.0, 0.0, 0.0]",-0.23136450350284576,-0.39320582151412964,0.01728690415620804,1.107542872428894,1.1979526281356812,0.0,0.0,10.435538317794965
50,50,26,target_left,1,"[0.009999999776482582, 0.0, 0.0, 0.0]",-0.2902756631374359,-0.3089944124221802,0.003534824587404728,1.081425666809082,1.1615642309188843,0.10692667961120605,10.435538317794965,16.125626743918357
50,50,26,target_left,2,"[0.019999999552965164, 0.0, 0.0, 0.0]",-0.2594735324382782,-0.3138761818408966,0.0015514250844717026,1.0724682807922363,1.1471858024597168,0.03250802308320999,16.125626743918357,21.395453612189648
50,50,26,target_left,3,"[0.029999999329447746, 0.0, 0.0, 0.0]",-0.21659573912620544,-0.3224906623363495,0.0007939022034406662,1.0694316625595093,1.1378042697906494,0.04384642839431763,21.395453612189648,26.43666548170408
50,50,26,ramp,0,"[-0.5, -0.4333333373069763, -0.36666667461395264, -0.30000001192092896]",-0.7919544577598572,-0.7391662001609802,0.01125403679907322,1.0021153688430786,1.4757778644561768,0.0,0.0,12.999082391630722
50,50,26,ramp,1,"[-0.47999998927116394, -0.41333332657814026, -0.3466666638851166, -0.2800000011920929]",-0.7669667601585388,-0.7435649037361145,0.003772677853703499,1.0145729780197144,1.4732614755630493,0.029238611459732056,12.999082391630722,20.241714385478417
50,50,26,ramp,2,"[-0.46000000834465027, -0.3933333456516266, -0.3266666829586029, -0.2600000202655792]",-0.8337182402610779,-0.7769678235054016,0.0037420401349663734,1.0207630395889282,1.5299464464187622,0.07489881664514542,20.241714385478417,26.97232750771471
50,50,26,ramp,3,"[-0.4399999976158142, -0.3733333349227905, -0.30666667222976685, -0.24000000953674316]",-0.8533502221107483,-0.7857854962348938,0.0028702476993203163,1.0303730964660645,1.5515612363815308,0.023585572838783264,26.97232750771471,33.28502643409575
75,75,26,zero_hold,0,"[0.0, 0.0, 0.0, 0.0]",0.05239395797252655,-0.14875049889087677,0.023277150467038155,0.8528818488121033,0.8676526546478271,0.0,0.0,7.009152546103572
75,75,26,zero_hold,1,"[0.0, 0.0, 0.0, 0.0]",0.04238119721412659,-0.14434455335140228,0.020191475749015808,1.0286518335342407,1.0397902727127075,0.17613710463047028,7.009152546103572,11.329775689633632
75,75,26,zero_hold,2,"[0.0, 0.0, 0.0, 0.0]",0.07576477527618408,-0.0931917130947113,0.012665358372032642,1.0322041511535645,1.0392452478408813,0.06164688244462013,11.329775689633632,15.415100226291319
75,75,26,zero_hold,3,"[0.0, 0.0, 0.0, 0.0]",-0.02426370047032833,-0.052009887993335724,0.007212249096482992,1.0199559926986694,1.0215948820114136,0.10900180786848068,15.415100226291319,19.18941199772708
75,75,26,target_ahead,0,"[0.0, 0.0, 0.0, 0.0]",0.9639466404914856,-0.5531190037727356,0.0029143057763576508,1.0945788621902466,1.5598862171173096,0.0,0.0,11.551066230542938
75,75,26,target_ahead,1,"[0.009999999776482582, 0.0, 0.0, 0.0]",1.2686659097671509,-0.2797892391681671,-0.012405408546328545,1.0076124668121338,1.6441508531570435,0.41876107454299927,11.551066230542938,16.978382421121804
75,75,26,target_ahead,2,"[0.019999999552965164, 0.0, 0.0, 0.0]",1.157540202140808,-0.36727261543273926,-0.011419514194130898,1.0055279731750488,1.576707124710083,0.14144815504550934,16.978382421121804,21.723476691742604
75,75,26,target_ahead,3,"[0.029999999329447746, 0.0, 0.0, 0.0]",0.8181630969047546,-0.44266077876091003,-0.009305829182267189,1.0098094940185547,1.37300443649292,0.34768232703208923,21.723476691742604,26.307249929940642
75,75,26,target_left,0,"[0.0, 0.0, 0.0, 0.0]",-0.2215733528137207,-0.39727982878685,0.017537172883749008,1.106892704963684,1.196847915649414,0.0,0.0,10.427495831576701
75,75,26,target_left,1,"[0.009999999776482582, 0.0, 0.0, 0.0]",-0.2873586416244507,-0.3151906430721283,0.00248876865953207,1.081291913986206,1.1623762845993042,0.10930779576301575,10.427495831576701,16.115478546632207
75,75,26,target_left,2,"[0.019999999552965164, 0.0, 0.0, 0.0]",-0.25707265734672546,-0.3192034363746643,0.0002788286656141281,1.0728950500488281,1.1485124826431274,0.03176058083772659,16.115478546632207,21.38196149503342
75,75,26,target_left,3,"[0.029999999329447746, 0.0, 0.0, 0.0]",-0.2120995968580246,-0.32758501172065735,-0.00045513175427913666,1.0700016021728516,1.138947606086731,0.04584471508860588,21.38196149503342,26.417310103532106
75,75,26,ramp,0,"[-0.5, -0.4333333373069763, -0.36666667461395264, -0.30000001192092896]",-0.7851747870445251,-0.7416394352912903,0.009977664798498154,1.000308871269226,1.4721568822860718,0.0,0.0,12.99515337583904
75,75,26,ramp,1,"[-0.47999998927116394, -0.41333332657814026, -0.3466666638851166, -0.2800000011920929]",-0.7666710019111633,-0.7493545413017273,0.001942640170454979,1.0100350379943848,1.4729193449020386,0.023686977103352547,12.99515337583904,20.24139527246835
75,75,26,ramp,2,"[-0.46000000834465027, -0.3933333456516266, -0.3266666829586029, -0.2600000202655792]",-0.8346813917160034,-0.7818750143051147,0.0020767077803611755,1.0149879455566406,1.5291260480880737,0.07554828375577927,20.24139527246835,26.974340973803844
75,75,26,ramp,3,"[-0.4399999976158142, -0.3733333349227905, -0.30666667222976685, -0.24000000953674316]",-0.8551875948905945,-0.790336012840271,0.001326429657638073,1.0241644382476807,1.5507712364196777,0.02401798963546753,26.974340973803844,33.288391114241826
100,100,26,zero_hold,0,"[0.0, 0.0, 0.0, 0.0]",0.047707926481962204,-0.1437705159187317,0.021157678216695786,0.8546347618103027,0.8682132363319397,0.0,0.0,7.012177154516415
100,100,26,zero_hold,1,"[0.0, 0.0, 0.0, 0.0]",0.032773178070783615,-0.13917866349220276,0.018151873722672462,1.0285842418670654,1.0386335849761963,0.17467565834522247,7.012177154516415,11.332477497497143
100,100,26,zero_hold,2,"[0.0, 0.0, 0.0, 0.0]",0.06215132400393486,-0.08858755230903625,0.01083043497055769,1.0311863422393799,1.0369055271148682,0.059016186743974686,11.332477497497143,15.415703054940758
100,100,26,zero_hold,3,"[0.0, 0.0, 0.0, 0.0]",-0.0360260047018528,-0.04706328734755516,0.005448468029499054,1.0186158418655396,1.0203531980514526,0.10747109353542328,15.415703054940758,19.187465481271342
100,100,26,target_ahead,0,"[0.0, 0.0, 0.0, 0.0]",0.9636257886886597,-0.5518990755081177,0.0012451736256480217,1.0912737846374512,1.55693519115448,0.0,0.0,11.547136297410951
100,100,26,target_ahead,1,"[0.009999999776482582, 0.0, 0.0, 0.0]",1.270285725593567,-0.27872398495674133,-0.013646523468196392,1.0025980472564697,1.642163872718811,0.42041656374931335,11.547136297410951,16.980143841035733
100,100,26,target_ahead,2,"[0.019999999552965164, 0.0, 0.0, 0.0]",1.173703908920288,-0.36220282316207886,-0.014131165109574795,1.0009793043136597,1.5845917463302612,0.12766996026039124,16.980143841035733,21.732156335048497
100,100,26,target_ahead,3,"[0.029999999329447746, 0.0, 0.0, 0.0]",0.8485313653945923,-0.4354535639286041,-0.01320274081081152,1.0052472352981567,1.3857567310333252,0.3333495557308197,21.732156335048497,26.320943068032054
100,100,26,target_left,0,"[0.0, 0.0, 0.0, 0.0]",-0.23645387589931488,-0.3885425329208374,0.013300735503435135,1.1075799465179443,1.1974079608917236,0.0,0.0,10.436520560450365
100,100,26,target_left,1,"[0.009999999776482582, 0.0, 0.0, 0.0]",-0.3057606816291809,-0.3061659038066864,-0.0007218988612294197,1.079529881477356,1.1630187034606934,0.11212842166423798,10.436520560450365,16.128169190848464
100,100,26,target_left,2,"[0.019999999552965164, 0.0, 0.0, 0.0]",-0.27327612042427063,-0.31155771017074585,-0.0026094168424606323,1.0704913139343262,1.147913932800293,0.034199073910713196,16.128169190848464,21.399021039992082
100,100,26,target_left,3,"[0.029999999329447746, 0.0, 0.0, 0.0]",-0.22528892755508423,-0.3201725482940674,-0.003262711688876152,1.067440390586853,1.1369719505310059,0.048854079097509384,21.399021039992082,26.439751721741374
100,100,26,ramp,0,"[-0.5, -0.4333333373069763, -0.36666667461395264, -0.30000001192092896]",-0.7936601042747498,-0.7386456727981567,0.004274534992873669,1.0027395486831665,1.476820468902588,0.0,0.0,13.001277397388021
100,100,26,ramp,1,"[-0.47999998927116394, -0.41333332657814026, -0.3466666638851166, -0.2800000011920929]",-0.7778037786483765,-0.7482569217681885,-0.0022706491872668266,1.0122466087341309,1.4797011613845825,0.02184085175395012,13.001277397388021,20.24789764851727
100,100,26,ramp,2,"[-0.46000000834465027, -0.3933333456516266, -0.3266666829586029, -0.2600000202655792]",-0.8464544415473938,-0.7825005650520325,-0.0016244808211922646,1.016484260559082,1.5368913412094116,0.07683694362640381,20.24789764851727,26.988815581056375
100,100,26,ramp,3,"[-0.4399999976158142, -0.3733333349227905, -0.30666667222976685, -0.24000000953674316]",-0.8671857714653015,-0.7912549376487732,-0.002157021313905716,1.0252985954284668,1.5586332082748413,0.024174431338906288,26.988815581056375,33.31151877018982
125,125,26,zero_hold,0,"[0.0, 0.0, 0.0, 0.0]",0.05183876305818558,-0.14706122875213623,0.01706664264202118,0.8568335175514221,0.8710736036300659,0.0,0.0,7.013571175533041
125,125,26,zero_hold,1,"[0.0, 0.0, 0.0, 0.0]",0.038602471351623535,-0.1433025747537613,0.011985082179307938,1.030729055404663,1.041427731513977,0.1745130568742752,7.013571175533041,11.33184127103998
125,125,26,zero_hold,2,"[0.0, 0.0, 0.0, 0.0]",0.06392958015203476,-0.09286069124937057,0.004069559276103973,1.0335986614227295,1.0397369861602783,0.05706781893968582,11.33184127103998,15.4119986126619
125,125,26,zero_hold,3,"[0.0, 0.0, 0.0, 0.0]",-0.0421079620718956,-0.04959167540073395,-0.0015663206577301025,1.020861029624939,1.0229331254959106,0.1153697520494461,15.4119986126619,19.183155588108235
125,125,26,target_ahead,0,"[0.0, 0.0, 0.0, 0.0]",0.9744151830673218,-0.5538544058799744,-0.006837211549282074,1.0978447198867798,1.5689326524734497,0.0,0.0,11.55144184947805
125,125,26,target_ahead,1,"[0.009999999776482582, 0.0, 0.0, 0.0]",1.292556881904602,-0.27692362666130066,-0.02237023413181305,1.0070123672485352,1.661915898323059,0.43173670768737793,11.55144184947805,16.9762703126763
125,125,26,target_ahead,2,"[0.019999999552965164, 0.0, 0.0, 0.0]",1.2012457847595215,-0.3586333692073822,-0.023817598819732666,1.0055962800979614,1.6072959899902344,0.12254916876554489,16.9762703126763,21.712611630875188
125,125,26,target_ahead,3,"[0.029999999329447746, 0.0, 0.0, 0.0]",0.8788436055183411,-0.4317825734615326,-0.022921442985534668,1.010624647140503,1.40736985206604,0.33063581585884094,21.712611630875188,26.29060348554763
125,125,26,target_left,0,"[0.0, 0.0, 0.0, 0.0]",-0.23431403934955597,-0.39299890398979187,0.008498920127749443,1.1091219186782837,1.1998227834701538,0.0,0.0,10.423850194584
125,125,26,target_left,1,"[0.009999999776482582, 0.0, 0.0, 0.0]",-0.3022678792476654,-0.3112905025482178,-0.004384877160191536,1.0793116092681885,1.163271427154541,0.11112441122531891,10.423850194584,16.102350523901645
125,125,26,target_left,2,"[0.019999999552965164, 0.0, 0.0, 0.0]",-0.277085542678833,-0.3157689869403839,-0.00554526224732399,1.0699470043182373,1.149479866027832,0.027262596413493156,16.102350523901645,21.361271125801167
125,125,26,target_left,3,"[0.029999999329447746, 0.0, 0.0, 0.0]",-0.22894075512886047,-0.3249474763870239,-0.005916312336921692,1.0667475461959839,1.1384155750274658,0.04911760985851288,21.361271125801167,26.39168729984766
125,125,26,ramp,0,"[-0.5, -0.4333333373069763, -0.36666667461395264, -0.30000001192092896]",-0.7941763401031494,-0.730899453163147,0.0021331747993826866,1.0074350833892822,1.4764349460601807,0.0,0.0,13.00201027816673
125,125,26,ramp,1,"[-0.47999998927116394, -0.41333332657814026, -0.3466666638851166, -0.2800000011920929]",-0.7771639823913574,-0.7420554161071777,-0.0040128882974386215,1.0141345262527466,1.4775367975234985,0.022283008322119713,13.00201027816673,20.246167172616875
125,125,26,ramp,2,"[-0.46000000834465027, -0.3933333456516266, -0.3266666829586029, -0.2600000202655792]",-0.8494197726249695,-0.7765971422195435,-0.0032287370413541794,1.017759919166565,1.5363796949386597,0.08017349243164062,20.246167172616875,26.976476142154535
125,125,26,ramp,3,"[-0.4399999976158142, -0.3733333349227905, -0.30666667222976685, -0.24000000953674316]",-0.8708833456039429,-0.7852061986923218,-0.0037618447095155716,1.0265889167785645,1.5584882497787476,0.02475956827402115,26.976476142154535,33.28686251491467
150,150,26,zero_hold,0,"[0.0, 0.0, 0.0, 0.0]",0.05253494903445244,-0.1460673213005066,0.020569128915667534,0.8547179698944092,0.8689427375793457,0.0,0.0,7.014568549495555
150,150,26,zero_hold,1,"[0.0, 0.0, 0.0, 0.0]",0.04052012786269188,-0.14115235209465027,0.016559576615691185,1.0280776023864746,1.0386451482772827,0.17389120161533356,7.014568549495555,11.332469667410876
150,150,26,zero_hold,2,"[0.0, 0.0, 0.0, 0.0]",0.06800754368305206,-0.09078101068735123,0.008597079664468765,1.0298413038253784,1.0361047983169556,0.05795983225107193,11.332469667410876,15.411138041413421
150,150,26,zero_hold,3,"[0.0, 0.0, 0.0, 0.0]",-0.03446364775300026,-0.048844944685697556,0.002867087721824646,1.0164927244186401,1.0182530879974365,0.1116691380739212,15.411138041413421,19.180360730231325
150,150,26,target_ahead,0,"[0.0, 0.0, 0.0, 0.0]",0.9650957584381104,-0.5522873401641846,-0.005431332625448704,1.0930256843566895,1.5592195987701416,0.0,0.0,11.54392065932959
150,150,26,target_ahead,1,"[0.009999999776482582, 0.0, 0.0, 0.0]",1.2809009552001953,-0.27577319741249084,-0.019367162138223648,1.0015381574630737,1.6493065357208252,0.42983388900756836,11.54392065932959,16.965817907735477
150,150,26,target_ahead,2,"[0.019999999552965164, 0.0, 0.0, 0.0]",1.188376545906067,-0.35828447341918945,-0.0199725478887558,0.9979590773582458,1.592773675918579,0.1240244060754776,16.965817907735477,21.700008878698117
150,150,26,target_ahead,3,"[0.029999999329447746, 0.0, 0.0, 0.0]",0.8626341819763184,-0.43147823214530945,-0.018899671733379364,1.0012296438217163,1.3903701305389404,0.33388209342956543,21.700008878698117,26.274688758539472
150,150,26,target_left,0,"[0.0, 0.0, 0.0, 0.0]",-0.22803647816181183,-0.39488887786865234,0.011684780940413475,1.1047053337097168,1.1951770782470703,0.0,0.0,10.42629236802837
150,150,26,target_left,1,"[0.009999999776482582, 0.0, 0.0, 0.0]",-0.29371991753578186,-0.31384754180908203,-0.0005812114104628563,1.074757695198059,1.1575301885604858,0.1092214584350586,10.42629236802837,16.10312892021957
150,150,26,target_left,2,"[0.019999999552965164, 0.0, 0.0, 0.0]",-0.2685362696647644,-0.31972309947013855,-0.002329127863049507,1.065902590751648,1.1447656154632568,0.027389897033572197,16.10312892021957,21.357616520279695
150,150,26,target_left,3,"[0.029999999329447746, 0.0, 0.0, 0.0]",-0.2218056470155716,-0.3294376730918884,-0.003037450835108757,1.0630801916122437,1.1348460912704468,0.047818321734666824,21.357616520279695,26.382678793785118
150,150,26,ramp,0,"[-0.5, -0.4333333373069763, -0.36666667461395264, -0.30000001192092896]",-0.7825823426246643,-0.7279430031776428,0.005518040154129267,0.9966413378715515,1.4613898992538452,0.0,0.0,12.999384438942391
150,150,26,ramp,1,"[-0.47999998927116394, -0.41333332657814026, -0.3466666638851166, -0.2800000011920929]",-0.7637975215911865,-0.7373494505882263,0.0005181198939681053,1.005156397819519,1.4619885683059692,0.023213276639580727,12.999384438942391,20.236531560986975
150,150,26,ramp,2,"[-0.46000000834465027, -0.3933333456516266, -0.3266666829586029, -0.2600000202655792]",-0.8357690572738647,-0.7717323303222656,0.0008590621873736382,1.0103811025619507,1.5214964151382446,0.07993433624505997,20.236531560986975,26.96362045147422
150,150,26,ramp,3,"[-0.4399999976158142, -0.3733333349227905, -0.30666667222976685, -0.24000000953674316]",-0.8571107387542725,-0.7806435823440552,0.0002535507082939148,1.0198441743850708,1.544061303138733,0.02499588206410408,26.96362045147422,33.272163138364014
175,175,26,zero_hold,0,"[0.0, 0.0, 0.0, 0.0]",0.04866543784737587,-0.14307339489459991,0.020029645413160324,0.8517760634422302,0.8653103113174438,0.0,0.0,7.008432671500202
175,175,26,zero_hold,1,"[0.0, 0.0, 0.0, 0.0]",0.03917064890265465,-0.13808931410312653,0.016871171072125435,1.0236459970474243,1.0337982177734375,0.17223310470581055,7.008432671500202,11.32203128346372
175,175,26,zero_hold,2,"[0.0, 0.0, 0.0, 0.0]",0.07047995924949646,-0.08937522768974304,0.009707165881991386,1.0254055261611938,1.0317490100860596,0.058375969529151917,11.32203128346372,15.394153557861548
175,175,26,zero_hold,3,"[0.0, 0.0, 0.0, 0.0]",-0.03225558623671532,-0.048638805747032166,0.0044455332681536674,1.012192964553833,1.0138838291168213,0.11142847687005997,15.394153557861548,19.15826161024501
175,175,26,target_ahead,0,"[0.0, 0.0, 0.0, 0.0]",0.960777759552002,-0.5494086742401123,-0.00526660680770874,1.0869024991989136,1.5512346029281616,0.0,0.0,11.545989084394696
175,175,26,target_ahead,1,"[0.009999999776482582, 0.0, 0.0, 0.0]",1.2786422967910767,-0.2710934579372406,-0.01904541626572609,0.9956705570220947,1.6432102918624878,0.4324469268321991,11.545989084394696,16.970893187668885
175,175,26,target_ahead,2,"[0.019999999552965164, 0.0, 0.0, 0.0]",1.1953200101852417,-0.3522416651248932,-0.018452411517500877,0.992357611656189,1.593103289604187,0.11635704338550568,16.970893187668885,21.706371525334838
175,175,26,target_ahead,3,"[0.029999999329447746, 0.0, 0.0, 0.0]",0.8661368489265442,-0.42533305287361145,-0.016458645462989807,0.9957315921783447,1.3866699934005737,0.3372228741645813,21.706371525334838,26.279278678955535
175,175,26,target_left,0,"[0.0, 0.0, 0.0, 0.0]",-0.2332790195941925,-0.3929172456264496,0.01415619533509016,1.1036311388015747,1.194573163986206,0.0,0.0,10.424529817554022
175,175,26,target_left,1,"[0.009999999776482582, 0.0, 0.0, 0.0]",-0.30061498284339905,-0.31360092759132385,0.003757079131901264,1.0738426446914673,1.158389925956726,0.10872307419776917,10.424529817554022,16.10248316148436
175,175,26,target_left,2,"[0.019999999552965164, 0.0, 0.0, 0.0]",-0.2677232623100281,-0.32076480984687805,0.0027693528681993484,1.0653374195098877,1.1443414688110352,0.03473472222685814,16.10248316148436,21.357842515658188
175,175,26,target_left,3,"[0.029999999329447746, 0.0, 0.0, 0.0]",-0.2214120328426361,-0.3306896984577179,0.00226543378084898,1.0625475645065308,1.1346327066421509,0.047447558492422104,21.357842515658188,26.383685402870817
175,175,26,ramp,0,"[-0.5, -0.4333333373069763, -0.36666667461395264, -0.30000001192092896]",-0.7802768349647522,-0.7252967357635498,0.011361883953213692,1.000900149345398,1.4617856740951538,0.0,0.0,13.00565792571728
175,175,26,ramp,1,"[-0.47999998927116394, -0.41333332657814026, -0.3466666638851166, -0.2800000011920929]",-0.7751680016517639,-0.7373991012573242,0.008981150574982166,1.011186122894287,1.4721484184265137,0.01685338467359543,13.00565792571728,20.23896594006111
175,175,26,ramp,2,"[-0.46000000834465027, -0.3933333456516266, -0.3266666829586029, -0.2600000202655792]",-0.8461429476737976,-0.7725802063941956,0.009666049852967262,1.0185126066207886,1.5330686569213867,0.0795568972826004,20.23896594006111,26.967591481301103
175,175,26,ramp,3,"[-0.4399999976158142, -0.3733333349227905, -0.30666667222976685, -0.24000000953674316]",-0.8684051632881165,-0.7818939089775085,0.008918894454836845,1.0278617143630981,1.5562983751296997,0.025890449061989784,26.967591481301103,33.28061922471254
200,200,26,zero_hold,0,"[0.0, 0.0, 0.0, 0.0]",0.05105007439851761,-0.14080080389976501,0.018378999084234238,0.859767735004425,0.8729085326194763,0.0,0.0,7.0094929263434596
200,200,26,zero_hold,1,"[0.0, 0.0, 0.0, 0.0]",0.04371856898069382,-0.13497911393642426,0.014281692914664745,1.0358741283416748,1.0456432104110718,0.17640264332294464,7.0094929263434596,11.323239848300897
200,200,26,zero_hold,2,"[0.0, 0.0, 0.0, 0.0]",0.07551570236682892,-0.08631062507629395,0.007681144401431084,1.0379599332809448,1.044304609298706,0.058545686304569244,11.323239848300897,15.393432929596118
200,200,26,zero_hold,3,"[0.0, 0.0, 0.0, 0.0]",-0.030149495229125023,-0.04493306577205658,0.0030790576711297035,1.0239293575286865,1.0253627300262451,0.11443458497524261,15.393432929596118,19.154474242232194
200,200,26,target_ahead,0,"[0.0, 0.0, 0.0, 0.0]",0.9669234156608582,-0.5430986881256104,-0.013135856948792934,1.1013846397399902,1.5630475282669067,0.0,0.0,11.53892167077178
200,200,26,target_ahead,1,"[0.009999999776482582, 0.0, 0.0, 0.0]",1.281403660774231,-0.2602039873600006,-0.02573378011584282,1.0114672183990479,1.6533087491989136,0.4326327443122864,11.53892167077178,16.968401848935102
200,200,26,target_ahead,2,"[0.019999999552965164, 0.0, 0.0, 0.0]",1.2015386819839478,-0.33944401144981384,-0.026998620480298996,1.0100842714309692,1.60621178150177,0.11252070218324661,16.968401848935102,21.70075173012964
200,200,26,target_ahead,3,"[0.029999999329447746, 0.0, 0.0, 0.0]",0.8734317421913147,-0.41148999333381653,-0.02508847787976265,1.014540433883667,1.4007600545883179,0.3359587788581848,21.70075173012964,26.269051614161338
200,200,26,target_left,0,"[0.0, 0.0, 0.0, 0.0]",-0.2323652058839798,-0.3917771875858307,0.008655009791254997,1.11012601852417,1.1999740600585938,0.0,0.0,10.413537708664158
200,200,26,target_left,1,"[0.009999999776482582, 0.0, 0.0, 0.0]",-0.28930211067199707,-0.3140958547592163,-0.001221618615090847,1.0793497562408447,1.1607537269592285,0.10159196704626083,10.413537708664158,16.08284059960618
200,200,26,target_left,2,"[0.019999999552965164, 0.0, 0.0, 0.0]",-0.2551572322845459,-0.3215482532978058,-0.0023099612444639206,1.0688954591751099,1.1450071334838867,0.036495037376880646,16.08284059960618,21.325651974966497
200,200,26,target_left,3,"[0.029999999329447746, 0.0, 0.0, 0.0]",-0.2121402770280838,-0.33139073848724365,-0.0027761533856391907,1.0655243396759033,1.1358579397201538,0.044259630143642426,21.325651974966497,26.338444327682556
200,200,26,ramp,0,"[-0.5, -0.4333333373069763, -0.36666667461395264, -0.30000001192092896]",-0.7884179949760437,-0.7314699292182922,-0.00125026423484087,1.0051937103271484,1.4720960855484009,0.0,0.0,13.007468134108413
200,200,26,ramp,1,"[-0.47999998927116394, -0.41333332657814026, -0.3466666638851166, -0.2800000011920929]",-0.7783015370368958,-0.7425032258033752,-0.0038023963570594788,1.0065993070602417,1.4732009172439575,0.015250096097588539,13.007468134108413,20.239094301641902
200,200,26,ramp,2,"[-0.46000000834465027, -0.3933333456516266, -0.3266666829586029, -0.2600000202655792]",-0.8495621085166931,-0.7783633470535278,-0.0032644039019942284,1.0124976634979248,1.5338733196258545,0.07999435812234879,20.239094301641902,26.96374584212421
200,200,26,ramp,3,"[-0.4399999976158142, -0.3733333349227905, -0.30666667222976685, -0.24000000953674316]",-0.8706137537956238,-0.7876013517379761,-0.003991127945482731,1.0218307971954346,1.5564184188842773,0.024822328239679337,26.96374584212421,33.27247312492871
225,225,26,zero_hold,0,"[0.0, 0.0, 0.0, 0.0]",0.04947382211685181,-0.1442156881093979,0.020949028432369232,0.8608657121658325,0.8745138049125671,0.0,0.0,7.012798188502609
225,225,26,zero_hold,1,"[0.0, 0.0, 0.0, 0.0]",0.044804736971855164,-0.14163227379322052,0.017947295680642128,1.0383487939834595,1.049074649810791,0.17758864164352417,7.012798188502609,11.332667849271168
225,225,26,zero_hold,2,"[0.0, 0.0, 0.0, 0.0]",0.07320592552423477,-0.09417040646076202,0.011861342005431652,1.0410908460617065,1.0479685068130493,0.055711884051561356,11.332667849271168,15.410494725094022
225,225,26,zero_hold,3,"[0.0, 0.0, 0.0, 0.0]",-0.0325445756316185,-0.05348500609397888,0.007608620449900627,1.0278626680374146,1.02979576587677,0.11415576934814453,15.410494725094022,19.18031092861136
225,225,26,target_ahead,0,"[0.0, 0.0, 0.0, 0.0]",0.971588134765625,-0.5456972718238831,-0.008156614378094673,1.1031386852264404,1.568040370941162,0.0,0.0,11.542676329869742
225,225,26,target_ahead,1,"[0.009999999776482582, 0.0, 0.0, 0.0]",1.2895228862762451,-0.2612971365451813,-0.020130740478634834,1.013708233833313,1.661070466041565,0.43601274490356445,11.542676329869742,16.97890223464554
225,225,26,target_ahead,2,"[0.019999999552965164, 0.0, 0.0, 0.0]",1.2068653106689453,-0.3426613509654999,-0.020340846851468086,1.0117677450180054,1.6118401288986206,0.1160009503364563,16.97890223464554,21.71526405925048
225,225,26,target_ahead,3,"[0.029999999329447746, 0.0, 0.0, 0.0]",0.8802512884140015,-0.4150916635990143,-0.018324945122003555,1.0165694952011108,1.4074419736862183,0.33458927273750305,21.71526405925048,26.284756657973173
225,225,26,target_left,0,"[0.0, 0.0, 0.0, 0.0]",-0.2183373123407364,-0.39455538988113403,0.01204052846878767,1.1120845079421997,1.2000925540924072,0.0,0.0,10.427570569710655
225,225,26,target_left,1,"[0.009999999776482582, 0.0, 0.0, 0.0]",-0.2811077833175659,-0.3182772099971771,0.0009995112195611,1.082483172416687,1.1627953052520752,0.10371420532464981,10.427570569710655,16.107800643395244
225,225,26,target_left,2,"[0.019999999552965164, 0.0, 0.0, 0.0]",-0.254148006439209,-0.3250739276409149,-0.00020580831915140152,1.0724310874938965,1.1490747928619385,0.029589222744107246,16.107800643395244,21.35975676063123
225,225,26,target_left,3,"[0.029999999329447746, 0.0, 0.0, 0.0]",-0.2110546976327896,-0.3346765339374542,-0.0007779775187373161,1.0690053701400757,1.139879584312439,0.044286638498306274,21.35975676063123,26.379677896145385
225,225,26,ramp,0,"[-0.5, -0.4333333373069763, -0.36666667461395264, -0.30000001192092896]",-0.7901402115821838,-0.727800190448761,0.0007608719170093536,1.0011428594589233,1.468435287475586,0.0,0.0,13.004640808776385
225,225,26,ramp,1,"[-0.47999998927116394, -0.41333332657814026, -0.3466666638851166, -0.2800000011920929]",-0.7777122259140015,-0.7383291125297546,-0.0030441535636782646,1.007457971572876,1.4713759422302246,0.017879370599985123,13.004640808776385,20.233280364035316
225,225,26,ramp,2,"[-0.46000000834465027, -0.3933333456516266, -0.3266666829586029, -0.2600000202655792]",-0.8532868027687073,-0.775063693523407,-0.0023737242445349693,1.0125491619110107,1.5343023538589478,0.08418619632720947,20.233280364035316,26.953303385747606
225,225,26,ramp,3,"[-0.4399999976158142, -0.3733333349227905, -0.30666667222976685, -0.24000000953674316]",-0.8742429614067078,-0.7846766114234924,-0.003060217946767807,1.022037386894226,1.5571088790893555,0.024941259995102882,26.953303385747606,33.2560034443789
250,250,26,zero_hold,0,"[0.0, 0.0, 0.0, 0.0]",0.04587801918387413,-0.14093482494354248,0.02342107892036438,0.8603900074958801,0.873376727104187,0.0,0.0,7.01750161737777
250,250,26,zero_hold,1,"[0.0, 0.0, 0.0, 0.0]",0.04394200071692467,-0.13592152297496796,0.02049814909696579,1.034616470336914,1.0446324348449707,0.1743338406085968,7.01750161737777,11.337103787057394
250,250,26,zero_hold,2,"[0.0, 0.0, 0.0, 0.0]",0.07813520729541779,-0.08854426443576813,0.01408901996910572,1.0373655557632446,1.0441604852676392,0.05884228274226189,11.337103787057394,15.414986113194477
250,250,26,zero_hold,3,"[0.0, 0.0, 0.0, 0.0]",-0.02152564749121666,-0.048854198306798935,0.0096218166872859,1.0243170261383057,1.0257524251937866,0.10815640538930893,15.414986113194477,19.184175084685453
250,250,26,target_ahead,0,"[0.0, 0.0, 0.0, 0.0]",0.9677392840385437,-0.5407140254974365,0.0006524845957756042,1.09769868850708,1.5600749254226685,0.0,0.0,11.542997667196136
250,250,26,target_ahead,1,"[0.009999999776482582, 0.0, 0.0, 0.0]",1.2856903076171875,-0.25459253787994385,-0.01477903127670288,1.008912205696106,1.6540673971176147,0.4371264576911926,11.542997667196136,16.978683564090026
250,250,26,target_ahead,2,"[0.019999999552965164, 0.0, 0.0, 0.0]",1.2031314373016357,-0.33546146750450134,-0.015613783150911331,1.0077788829803467,1.6049678325653076,0.11557565629482269,16.978683564090026,21.71877891956752
250,250,26,target_ahead,3,"[0.029999999329447746, 0.0, 0.0, 0.0]",0.8797422647476196,-0.40732303261756897,-0.014092696830630302,1.012838363647461,1.4021050930023193,0.3313194215297699,21.71877891956752,26.28833452911652
250,250,26,target_left,0,"[0.0, 0.0, 0.0, 0.0]",-0.2241724282503128,-0.3917742073535919,0.016080092638731003,1.113046646118164,1.2011959552764893,0.0,0.0,10.438307722547826
250,250,26,target_left,1,"[0.009999999776482582, 0.0, 0.0, 0.0]",-0.2783033847808838,-0.3158853352069855,0.0043283021077513695,1.0811443328857422,1.160227656364441,0.09922269731760025,10.438307722547826,16.122781890187284
250,250,26,target_left,2,"[0.019999999552965164, 0.0, 0.0, 0.0]",-0.2483586221933365,-0.3236311972141266,0.003222215920686722,1.0717368125915527,1.1467559337615967,0.03234829381108284,16.122781890187284,21.382142453892374
250,250,26,target_left,3,"[0.029999999329447746, 0.0, 0.0, 0.0]",-0.20605863630771637,-0.3331984877586365,0.0027731778100132942,1.068466067314148,1.1380285024642944,0.04349392279982567,21.382142453892374,26.410089621919635
250,250,26,ramp,0,"[-0.5, -0.4333333373069763, -0.36666667461395264, -0.30000001192092896]",-0.7939272522926331,-0.7212295532226562,0.0046202875673770905,1.0083035230636597,1.4721378087997437,0.0,0.0,13.006563179803107
250,250,26,ramp,1,"[-0.47999998927116394, -0.41333332657814026, -0.3466666638851166, -0.2800000011920929]",-0.7782844305038452,-0.7344464063644409,0.00024652108550071716,1.0142486095428467,1.4743943214416504,0.021768255159258842,13.006563179803107,20.24211906831429
250,250,26,ramp,2,"[-0.46000000834465027, -0.3933333456516266, -0.3266666829586029, -0.2600000202655792]",-0.8506584167480469,-0.7716354131698608,0.0010916981846094131,1.0192794799804688,1.535569190979004,0.08152937889099121,20.24211906831429,26.96743941745576
250,250,26,ramp,3,"[-0.4399999976158142, -0.3733333349227905, -0.30666667222976685, -0.24000000953674316]",-0.8706870079040527,-0.781395435333252,0.00047307834029197693,1.0287442207336426,1.5578798055648804,0.024215005338191986,26.96743941745576,33.276220269842796
275,275,26,zero_hold,0,"[0.0, 0.0, 0.0, 0.0]",0.04962000623345375,-0.14299343526363373,0.02340451255440712,0.857841432094574,0.8714063167572021,0.0,0.0,7.022273415927832
275,275,26,zero_hold,1,"[0.0, 0.0, 0.0, 0.0]",0.04451632872223854,-0.13894188404083252,0.019573112949728966,1.0295090675354004,1.0399800539016724,0.17183399200439453,7.022273415927832,11.344837739056118
275,275,26,zero_hold,2,"[0.0, 0.0, 0.0, 0.0]",0.07460978627204895,-0.09099923074245453,0.012174824252724648,1.031681776046753,1.038442611694336,0.057127662003040314,11.344837739056118,15.42680075085197
275,275,26,zero_hold,3,"[0.0, 0.0, 0.0, 0.0]",-0.02571311965584755,-0.050700899213552475,0.007470638491213322,1.0186963081359863,1.0203086137771606,0.10899262130260468,15.42680075085197,19.200759956156954
275,275,26,target_ahead,0,"[0.0, 0.0, 0.0, 0.0]",0.9700095057487488,-0.5463336706161499,-0.000867561437189579,1.0943036079406738,1.5610573291778564,0.0,0.0,11.553747203798194
275,275,26,target_ahead,1,"[0.009999999776482582, 0.0, 0.0, 0.0]",1.2933906316757202,-0.2588333189487457,-0.018978994339704514,1.0041985511779785,1.6578989028930664,0.4423559010028839,11.553747203798194,16.98120472510119
275,275,26,target_ahead,2,"[0.019999999552965164, 0.0, 0.0, 0.0]",1.2180203199386597,-0.33810359239578247,-0.02023247256875038,1.0005260705947876,1.612249732017517,0.10945098847150803,16.98120472510119,21.725017804022407
275,275,26,target_ahead,3,"[0.029999999329447746, 0.0, 0.0, 0.0]",0.90345698595047,-0.4105694890022278,-0.01888136938214302,1.005428671836853,1.4128146171569824,0.32284244894981384,21.725017804022407,26.297930481440588
275,275,26,target_left,0,"[0.0, 0.0, 0.0, 0.0]",-0.22087816894054413,-0.3963569402694702,0.019744042307138443,1.1101824045181274,1.1994918584823608,0.0,0.0,10.438702901884989
275,275,26,target_left,1,"[0.009999999776482582, 0.0, 0.0, 0.0]",-0.27470168471336365,-0.3197074830532074,0.009544741362333298,1.0761711597442627,1.1558154821395874,0.10016436874866486,10.438702901884989,16.119357961946353
275,275,26,target_left,2,"[0.019999999552965164, 0.0, 0.0, 0.0]",-0.25138789415359497,-0.3271225094795227,0.00897320918738842,1.0666937828063965,1.1437312364578247,0.026242384687066078,16.119357961946353,21.37738359813273
275,275,26,target_left,3,"[0.029999999329447746, 0.0, 0.0, 0.0]",-0.20839820802211761,-0.33670204877853394,0.008552929386496544,1.0634812116622925,1.134840726852417,0.04416308179497719,21.37738359813273,26.405749900974225
275,275,26,ramp,0,"[-0.5, -0.4333333373069763, -0.36666667461395264, -0.30000001192092896]",-0.7992472052574158,-0.7333637475967407,0.018414847552776337,1.0018293857574463,1.4766921997070312,0.0,0.0,13.009882515051679
275,275,26,ramp,1,"[-0.47999998927116394, -0.41333332657814026, -0.3466666638851166, -0.2800000011920929]",-0.7830232977867126,-0.7489868402481079,0.01730172336101532,1.0097147226333618,1.4811921119689941,0.023889616131782532,13.009882515051679,20.249667800220884
275,275,26,ramp,2,"[-0.46000000834465027, -0.3933333456516266, -0.3266666829586029, -0.2600000202655792]",-0.8551014065742493,-0.7849231958389282,0.018011296167969704,1.0124971866607666,1.5403822660446167,0.08059107512235641,20.249667800220884,26.97824038042558
275,275,26,ramp,3,"[-0.4399999976158142, -0.3733333349227905, -0.30666667222976685, -0.24000000953674316]",-0.8754087686538696,-0.7938100099563599,0.01713188737630844,1.0214323997497559,1.5620795488357544,0.023916015401482582,26.97824038042558,33.28862148287043
300,300,26,zero_hold,0,"[0.0, 0.0, 0.0, 0.0]",0.05679367482662201,-0.14332491159439087,0.022330936044454575,0.8595727682113647,0.8735740184783936,0.0,0.0,7.027080274545005
300,300,26,zero_hold,1,"[0.0, 0.0, 0.0, 0.0]",0.05368635058403015,-0.13852481544017792,0.01863444596529007,1.0321664810180664,1.0429699420928955,0.17272797226905823,7.027080274545005,11.354036576042631
300,300,26,zero_hold,2,"[0.0, 0.0, 0.0, 0.0]",0.07290596514940262,-0.08979575335979462,0.010789373889565468,1.035860538482666,1.0423541069030762,0.0530952550470829,11.354036576042631,15.443807435447141
300,300,26,zero_hold,3,"[0.0, 0.0, 0.0, 0.0]",-0.031643643975257874,-0.04872972145676613,0.005883070640265942,1.0240575075149536,1.0257213115692139,0.11305053532123566,15.443807435447141,19.226160260166207
300,300,26,target_ahead,0,"[0.0, 0.0, 0.0, 0.0]",0.9652737379074097,-0.5450137257575989,0.00045155826956033707,1.096132516860962,1.5589419603347778,0.0,0.0,11.553828315973973
300,300,26,target_ahead,1,"[0.009999999776482582, 0.0, 0.0, 0.0]",1.28533136844635,-0.26252231001853943,-0.017101801931858063,1.0107421875,1.6561663150787354,0.43570393323898315,11.553828315973973,16.992842296973482
300,300,26,target_ahead,2,"[0.019999999552965164, 0.0, 0.0, 0.0]",1.1978598833084106,-0.3434486389160156,-0.01850930228829384,1.007374882698059,1.6024893522262573,0.11922101676464081,16.992842296973482,21.73851694782571
300,300,26,target_ahead,3,"[0.029999999329447746, 0.0, 0.0, 0.0]",0.8750353455543518,-0.41799473762512207,-0.017649900168180466,1.0127942562103271,1.4023088216781616,0.3313652276992798,21.73851694782571,26.3158864679932
300,300,26,target_left,0,"[0.0, 0.0, 0.0, 0.0]",-0.2064713090658188,-0.3926265239715576,0.015213027596473694,1.1111191511154175,1.1964962482452393,0.0,0.0,10.439893377017883
300,300,26,target_left,1,"[0.009999999776482582, 0.0, 0.0, 0.0]",-0.2652232050895691,-0.31344226002693176,0.0037525827065110207,1.0813899040222168,1.1567227840423584,0.10361999273300171,10.439893377017883,16.130887692577087
300,300,26,target_left,2,"[0.019999999552965164, 0.0, 0.0, 0.0]",-0.2491106539964676,-0.3179662227630615,0.002167566679418087,1.0722424983978271,1.1458041667938232,0.019138125702738762,16.130887692577087,21.397485486691195
300,300,26,target_left,3,"[0.029999999329447746, 0.0, 0.0, 0.0]",-0.20751754939556122,-0.32678166031837463,0.0014399876818060875,1.0690690279006958,1.1369961500167847,0.04264151304960251,21.397485486691195,26.43398680358431
300,300,26,ramp,0,"[-0.5, -0.4333333373069763, -0.36666667461395264, -0.30000001192092896]",-0.7837021350860596,-0.7315961718559265,0.006666845642030239,0.997184157371521,1.464186668395996,0.0,0.0,13.005580025008893
300,300,26,ramp,1,"[-0.47999998927116394, -0.41333332657814026, -0.3466666638851166, -0.2800000011920929]",-0.757218599319458,-0.7404267191886902,0.003063325770199299,1.011110782623291,1.464228868484497,0.03140529245138168,13.005580025008893,20.25115973810369
300,300,26,ramp,2,"[-0.46000000834465027, -0.3933333456516266, -0.3266666829586029, -0.2600000202655792]",-0.8298021554946899,-0.77638840675354,0.003227904438972473,1.0159038305282593,1.5242774486541748,0.08114564418792725,20.25115973810369,26.98929332106697
300,300,26,ramp,3,"[-0.4399999976158142, -0.3733333349227905, -0.30666667222976685, -0.24000000953674316]",-0.8502629995346069,-0.7857672572135925,0.0023599211126565933,1.0251041650772095,1.54635751247406,0.02433122508227825,26.98929332106697,33.309578034406634
325,325,26,zero_hold,0,"[0.0, 0.0, 0.0, 0.0]",0.054419707506895065,-0.14402273297309875,0.02359682135283947,0.8556298017501831,0.8696914315223694,0.0,0.0,7.019038354651219
325,325,26,zero_hold,1,"[0.0, 0.0, 0.0, 0.0]",0.045142125338315964,-0.1395157128572464,0.020843815058469772,1.028581142425537,1.0391901731491089,0.1732805073261261,7.019038354651219,11.339681809129342
325,325,26,zero_hold,2,"[0.0, 0.0, 0.0, 0.0]",0.06383451819419861,-0.09200471639633179,0.013888520188629627,1.0332345962524414,1.0393779277801514,0.05173713341355324,11.339681809129342,15.423680040684687
325,325,26,zero_hold,3,"[0.0, 0.0, 0.0, 0.0]",-0.0383802093565464,-0.05136756971478462,0.009382657706737518,1.0217841863632202,1.0238372087478638,0.11068262159824371,15.423680040684687,19.20200183875879
325,325,26,target_ahead,0,"[0.0, 0.0, 0.0, 0.0]",0.9636759757995605,-0.5439507961273193,0.005614796653389931,1.0942291021347046,1.5562527179718018,0.0,0.0,11.54370186145431
325,325,26,target_ahead,1,"[0.009999999776482582, 0.0, 0.0, 0.0]",1.2827059030532837,-0.25692152976989746,-0.013139339163899422,1.0084201097488403,1.6517950296401978,0.4380419850349426,11.54370186145431,16.974186653642246
325,325,26,target_ahead,2,"[0.019999999552965164, 0.0, 0.0, 0.0]",1.2115280628204346,-0.3353564739227295,-0.013516679406166077,1.0048325061798096,1.6093897819519043,0.10597801208496094,16.974186653642246,21.711641060650145
325,325,26,target_ahead,3,"[0.029999999329447746, 0.0, 0.0, 0.0]",0.9044763445854187,-0.4063570499420166,-0.012211758643388748,1.0097421407699585,1.4152497053146362,0.31519460678100586,21.711641060650145,26.28049520940886
325,325,26,target_left,0,"[0.0, 0.0, 0.0, 0.0]",-0.2171872854232788,-0.39555081725120544,0.01809985563158989,1.1062325239181519,1.1948676109313965,0.0,0.0,10.43064454237912
325,325,26,target_left,1,"[0.009999999776482582, 0.0, 0.0, 0.0]",-0.28166940808296204,-0.31666043400764465,0.006568409036844969,1.0770533084869385,1.1574534177780151,0.10661161690950394,10.43064454237912,16.115345469210837
325,325,26,target_left,2,"[0.019999999552965164, 0.0, 0.0, 0.0]",-0.25980639457702637,-0.3233625590801239,0.005226639099419117,1.0679965019226074,1.1457340717315674,0.024632010608911514,16.115345469210837,21.37661785839076
325,325,26,target_left,3,"[0.029999999329447746, 0.0, 0.0, 0.0]",-0.2166498750448227,-0.3328155279159546,0.0045429798774421215,1.064892292022705,1.1365385055541992,0.044293876737356186,21.37661785839076,26.407642806752378
325,325,26,ramp,0,"[-0.5, -0.4333333373069763, -0.36666667461395264, -0.30000001192092896]",-0.7975544929504395,-0.7360224723815918,0.011039536446332932,0.9890195727348328,1.4683676958084106,0.0,0.0,13.005720414320582
325,325,26,ramp,1,"[-0.47999998927116394, -0.41333332657814026, -0.3466666638851166, -0.2800000011920929]",-0.7756195068359375,-0.7422601580619812,0.007317571435123682,1.003187894821167,1.469345211982727,0.027104368433356285,13.005720414320582,20.245255429064592
325,325,26,ramp,2,"[-0.46000000834465027, -0.3933333456516266, -0.3266666829586029, -0.2600000202655792]",-0.8452863097190857,-0.7778595685958862,0.00811774842441082,1.008908748626709,1.5289006233215332,0.07844839245080948,20.245255429064592,26.98156515075924
325,325,26,ramp,3,"[-0.4399999976158142, -0.3733333349227905, -0.30666667222976685, -0.24000000953674316]",-0.8649736642837524,-0.7871986627578735,0.007351932115852833,1.0184271335601807,1.5508413314819336,0.023790685459971428,26.98156515075924,33.29589892477273
350,350,26,zero_hold,0,"[0.0, 0.0, 0.0, 0.0]",0.06164289265871048,-0.1459137499332428,0.017895035445690155,0.8543310761451721,0.8690756559371948,0.0,0.0,7.013108396462938
350,350,26,zero_hold,1,"[0.0, 0.0, 0.0, 0.0]",0.05699820816516876,-0.14204882085323334,0.013452992774546146,1.0264384746551514,1.0378745794296265,0.17227071523666382,7.013108396462938,11.321592470587468
350,350,26,zero_hold,2,"[0.0, 0.0, 0.0, 0.0]",0.0761062502861023,-0.09505585581064224,0.006998440250754356,1.0308667421340942,1.0380573272705078,0.0513295903801918,11.321592470587468,15.38890834438358
350,350,26,zero_hold,3,"[0.0, 0.0, 0.0, 0.0]",-0.03111143596470356,-0.054322823882102966,0.002889992669224739,1.0194069147109985,1.0213313102722168,0.11533871293067932,15.38890834438358,19.15518007561334
350,350,26,target_ahead,0,"[0.0, 0.0, 0.0, 0.0]",0.9828037619590759,-0.550500750541687,-0.004772139713168144,1.0931353569030762,1.5696885585784912,0.0,0.0,11.556337576905687
350,350,26,target_ahead,1,"[0.009999999776482582, 0.0, 0.0, 0.0]",1.2991442680358887,-0.2693352997303009,-0.022472526878118515,1.0031086206436157,1.663444995880127,0.433062881231308,11.556337576905687,16.97917487762356
350,350,26,target_ahead,2,"[0.019999999552965164, 0.0, 0.0, 0.0]",1.21454656124115,-0.34910696744918823,-0.022964071482419968,1.0000391006469727,1.6117085218429565,0.11631833016872406,16.97917487762356,21.709246145584636
350,350,26,target_ahead,3,"[0.029999999329447746, 0.0, 0.0, 0.0]",0.88337641954422,-0.4230370819568634,-0.021079834550619125,1.0044348239898682,1.4030851125717163,0.33935555815696716,21.709246145584636,26.274240656529127
350,350,26,target_left,0,"[0.0, 0.0, 0.0, 0.0]",-0.20998415350914001,-0.39916884899139404,0.012278436683118343,1.1083430051803589,1.196663737297058,0.0,0.0,10.419608529185675
350,350,26,target_left,1,"[0.009999999776482582, 0.0, 0.0, 0.0]",-0.26658758521080017,-0.3239997625350952,0.0007290830835700035,1.0765246152877808,1.1554006338119507,0.10000068694353104,10.419608529185675,16.093525297185316
350,350,26,target_left,2,"[0.019999999552965164, 0.0, 0.0, 0.0]",-0.24852827191352844,-0.3318445384502411,-0.0003845253959298134,1.0684423446655273,1.1460611820220947,0.02131296694278717,16.093525297185316,21.34622757883078
350,350,26,target_left,3,"[0.029999999329447746, 0.0, 0.0, 0.0]",-0.20873218774795532,-0.3420604169368744,-0.0009405892342329025,1.0656254291534424,1.1384782791137695,0.041186608374118805,21.34622757883078,26.37056290449798
350,350,26,ramp,0,"[-0.5, -0.4333333373069763, -0.36666667461395264, -0.30000001192092896]",-0.7781546711921692,-0.7305834889411926,0.004992722533643246,0.9986143112182617,1.4616882801055908,0.0,0.0,13.008529753055356
350,350,26,ramp,1,"[-0.47999998927116394, -0.41333332657814026, -0.3466666638851166, -0.2800000011920929]",-0.7555331587791443,-0.7395462393760681,-0.001497155986726284,1.0134446620941162,1.464524269104004,0.029225356876850128,13.008529753055356,20.238654319522333
350,350,26,ramp,2,"[-0.46000000834465027, -0.3933333456516266, -0.3266666829586029, -0.2600000202655792]",-0.8292359113693237,-0.7762275338172913,-0.0010462645441293716,1.0202667713165283,1.5267963409423828,0.08260966837406158,20.238654319522333,26.973384959402438
350,350,26,ramp,3,"[-0.4399999976158142, -0.3733333349227905, -0.30666667222976685, -0.24000000953674316]",-0.8490540385246277,-0.7864192724227905,-0.0017958665266633034,1.0300140380859375,1.549283742904663,0.02433517761528492,26.973384959402438,33.288936124615354
375,375,26,zero_hold,0,"[0.0, 0.0, 0.0, 0.0]",0.048508286476135254,-0.1425745040178299,0.020584125071763992,0.854423999786377,0.8678390383720398,0.0,0.0,7.015602073155637
375,375,26,zero_hold,1,"[0.0, 0.0, 0.0, 0.0]",0.04111994057893753,-0.13900139927864075,0.017050376161932945,1.0241800546646118,1.0345277786254883,0.16999106109142303,7.015602073155637,11.327839330300018
375,375,26,zero_hold,2,"[0.0, 0.0, 0.0, 0.0]",0.06588417291641235,-0.09256131947040558,0.010473737493157387,1.0279816389083862,1.0342941284179688,0.0531756728887558,11.327839330300018,15.401018081502102
375,375,26,zero_hold,3,"[0.0, 0.0, 0.0, 0.0]",-0.033510223031044006,-0.05316418409347534,0.006258329376578331,1.0162395238876343,1.0182000398635864,0.10764305293560028,15.401018081502102,19.169786292284694
375,375,26,target_ahead,0,"[0.0, 0.0, 0.0, 0.0]",0.9813600182533264,-0.5448697805404663,0.0032192328944802284,1.0912798643112183,1.56551992893219,0.0,0.0,11.565307234232279
375,375,26,target_ahead,1,"[0.009999999776482582, 0.0, 0.0, 0.0]",1.3000116348266602,-0.26037687063217163,-0.016286417841911316,0.9988304376602173,1.6600463390350342,0.4374956488609314,11.565307234232279,16.987194645224143
375,375,26,target_ahead,2,"[0.019999999552965164, 0.0, 0.0, 0.0]",1.2161003351211548,-0.34068578481674194,-0.017654789611697197,0.994299054145813,1.6074542999267578,0.1162455752491951,16.987194645224143,21.71886202825475
375,375,26,target_ahead,3,"[0.029999999329447746, 0.0, 0.0, 0.0]",0.8844662308692932,-0.41501864790916443,-0.015983901917934418,0.9984591007232666,1.397031545639038,0.33989211916923523,21.71886202825475,26.286760336032323
375,375,26,target_left,0,"[0.0, 0.0, 0.0, 0.0]",-0.2244032919406891,-0.39327532052993774,0.012756865471601486,1.1085693836212158,1.197543740272522,0.0,0.0,10.428095822066767
375,375,26,target_left,1,"[0.009999999776482582, 0.0, 0.0, 0.0]",-0.2807287275791168,-0.3182324767112732,0.001399880275130272,1.0752595663070679,1.155969500541687,0.10021231323480606,10.428095822066767,16.105932975363714
375,375,26,target_left,2,"[0.019999999552965164, 0.0, 0.0, 0.0]",-0.25568294525146484,-0.32522740960121155,-0.00025035999715328217,1.066346287727356,1.143783688545227,0.027538884431123734,16.105932975363714,21.359023384788536
375,375,26,target_left,3,"[0.029999999329447746, 0.0, 0.0, 0.0]",-0.2144859880208969,-0.335014283657074,-0.0010505206882953644,1.063254714012146,1.1352314949035645,0.0424637533724308,21.359023384788536,26.380442885485465
375,375,26,ramp,0,"[-0.5, -0.4333333373069763, -0.36666667461395264, -0.30000001192092896]",-0.7991986870765686,-0.719061553478241,0.003927735611796379,0.9976941347122192,1.466689109802246,0.0,0.0,13.008848669654576
375,375,26,ramp,1,"[-0.47999998927116394, -0.41333332657814026, -0.3466666638851166, -0.2800000011920929]",-0.7731847167015076,-0.7306373119354248,-0.0027198893949389458,1.012639045715332,1.4687037467956543,0.03283696249127388,13.008848669654576,20.24382238313275
375,375,26,ramp,2,"[-0.46000000834465027, -0.3933333456516266, -0.3266666829586029, -0.2600000202655792]",-0.8437725901603699,-0.7665899991989136,-0.002488355152308941,1.0177056789398193,1.528183102607727,0.0793786346912384,20.24382238313275,26.977115625248693
375,375,26,ramp,3,"[-0.4399999976158142, -0.3733333349227905, -0.30666667222976685, -0.24000000953674316]",-0.8628552556037903,-0.7763000726699829,-0.003246735781431198,1.02751886844635,1.5501505136489868,0.023564962670207024,26.977115625248693,33.28769080403798
400,400,26,zero_hold,0,"[0.0, 0.0, 0.0, 0.0]",0.03968926519155502,-0.14572852849960327,0.020692940801382065,0.856805682182312,0.8702621459960938,0.0,0.0,7.0178839029657665
400,400,26,zero_hold,1,"[0.0, 0.0, 0.0, 0.0]",0.026179419830441475,-0.1428968459367752,0.017573758959770203,1.0276620388031006,1.038028359413147,0.17144142091274261,7.0178839029657665,11.329985158203232
400,400,26,zero_hold,2,"[0.0, 0.0, 0.0, 0.0]",0.05782890319824219,-0.09568417817354202,0.011464959010481834,1.0308506488800049,1.0369590520858765,0.057255662977695465,11.329985158203232,15.404893675038464
400,400,26,zero_hold,3,"[0.0, 0.0, 0.0, 0.0]",-0.036010175943374634,-0.055669255554676056,0.007530149072408676,1.0179601907730103,1.0201448202133179,0.10290098935365677,15.404893675038464,19.174086719030168
400,400,26,target_ahead,0,"[0.0, 0.0, 0.0, 0.0]",0.9662202596664429,-0.5459818243980408,0.0027123093605041504,1.0951008796691895,1.559144377708435,0.0,0.0,11.55358389263905
400,400,26,target_ahead,1,"[0.009999999776482582, 0.0, 0.0, 0.0]",1.2755372524261475,-0.265048623085022,-0.015227734111249447,1.004303216934204,1.6450237035751343,0.42797958850860596,11.55358389263905,16.972466801714784
400,400,26,target_ahead,2,"[0.019999999552965164, 0.0, 0.0, 0.0]",1.191091775894165,-0.34676820039749146,-0.016873136162757874,0.9999545812606812,1.593468427658081,0.11760419607162476,16.972466801714784,21.693680959599835
400,400,26,target_ahead,3,"[0.029999999329447746, 0.0, 0.0, 0.0]",0.853954017162323,-0.4212314188480377,-0.014763127081096172,1.002837061882019,1.3829582929611206,0.3452816307544708,21.693680959599835,26.24827966849421
400,400,26,target_left,0,"[0.0, 0.0, 0.0, 0.0]",-0.23619958758354187,-0.40031370520591736,0.013834595680236816,1.109205722808838,1.202734351158142,0.0,0.0,10.429283122666703
400,400,26,target_left,1,"[0.009999999776482582, 0.0, 0.0, 0.0]",-0.2974678874015808,-0.3289448618888855,0.0039475588127970695,1.076547384262085,1.164328932762146,0.1000581681728363,10.429283122666703,16.104803364942782
400,400,26,target_left,2,"[0.019999999552965164, 0.0, 0.0, 0.0]",-0.2684378921985626,-0.3383883237838745,0.0029076701030135155,1.0672600269317627,1.1513547897338867,0.03192579001188278,16.104803364942782,21.360652253779406
400,400,26,target_left,3,"[0.029999999329447746, 0.0, 0.0, 0.0]",-0.22544892132282257,-0.3486785590648651,0.002348058857023716,1.0641027688980103,1.1422451734542847,0.04431954398751259,21.360652253779406,26.38651678068873
400,400,26,ramp,0,"[-0.5, -0.4333333373069763, -0.36666667461395264, -0.30000001192092896]",-0.8016939163208008,-0.7356681823730469,0.0034746257588267326,0.9983470439910889,1.4766955375671387,0.0,0.0,13.012712770831133
400,400,26,ramp,1,"[-0.47999998927116394, -0.41333332657814026, -0.3466666638851166, -0.2800000011920929]",-0.7894991636276245,-0.7531406283378601,-0.0003102533519268036,1.011646032333374,1.487937331199646,0.025400526821613312,13.012712770831133,20.244794531057043
400,400,26,ramp,2,"[-0.46000000834465027, -0.3933333456516266, -0.3266666829586029, -0.2600000202655792]",-0.8566296100616455,-0.7883756160736084,0.0009034574031829834,1.0166980028152466,1.5456475019454956,0.07599339634180069,20.244794531057043,26.976493540217938
400,400,26,ramp,3,"[-0.4399999976158142, -0.3733333349227905, -0.30666667222976685, -0.24000000953674316]",-0.876204252243042,-0.797420859336853,0.0003740992397069931,1.0264856815338135,1.5675736665725708,0.023686746135354042,26.976493540217938,33.28584489776485
425,425,26,zero_hold,0,"[0.0, 0.0, 0.0, 0.0]",0.045455314218997955,-0.14105938374996185,0.02008293941617012,0.8583358526229858,0.8712678551673889,0.0,0.0,7.011766673558467
425,425,26,zero_hold,1,"[0.0, 0.0, 0.0, 0.0]",0.036190539598464966,-0.13888707756996155,0.018191667273640633,1.0317268371582031,1.041820764541626,0.1736622154712677,7.011766673558467,11.320332718202108
425,425,26,zero_hold,2,"[0.0, 0.0, 0.0, 0.0]",0.06548435986042023,-0.09319077432155609,0.012786186300218105,1.0360937118530273,1.0424137115478516,0.05472265183925629,11.320332718202108,15.390806701242912
425,425,26,zero_hold,3,"[0.0, 0.0, 0.0, 0.0]",-0.0332079753279686,-0.05319681763648987,0.009258411824703217,1.023232340812683,1.0251940488815308,0.10731986910104752,15.390806701242912,19.156776730679354
425,425,26,target_ahead,0,"[0.0, 0.0, 0.0, 0.0]",0.9754968881607056,-0.5382553339004517,0.0013570114970207214,1.0924229621887207,1.560353398323059,0.0,0.0,11.547568629062395
425,425,26,target_ahead,1,"[0.009999999776482582, 0.0, 0.0, 0.0]",1.293056845664978,-0.25075098872184753,-0.01637985184788704,1.0048432350158691,1.6567590236663818,0.4375932812690735,11.547568629062395,16.975198006765286
425,425,26,target_ahead,2,"[0.019999999552965164, 0.0, 0.0, 0.0]",1.199518084526062,-0.3345332443714142,-0.01844051480293274,0.9999507069587708,1.597184181213379,0.12568670511245728,16.975198006765286,21.687820085652053
425,425,26,target_ahead,3,"[0.029999999329447746, 0.0, 0.0, 0.0]",0.8648034930229187,-0.40767744183540344,-0.01581352949142456,1.0038256645202637,1.386362910270691,0.3426453769207001,21.687820085652053,26.24552910474048
425,425,26,target_left,0,"[0.0, 0.0, 0.0, 0.0]",-0.22143222391605377,-0.39405328035354614,0.012279713526368141,1.1080822944641113,1.1967904567718506,0.0,0.0,10.406252103450088
425,425,26,target_left,1,"[0.009999999776482582, 0.0, 0.0, 0.0]",-0.28078868985176086,-0.32165396213531494,0.004987232852727175,1.0746872425079346,1.156408667564392,0.09966574609279633,10.406252103450088,16.069913323581627
425,425,26,target_left,2,"[0.019999999552965164, 0.0, 0.0, 0.0]",-0.2492341846227646,-0.3278956711292267,0.004275812767446041,1.0637335777282715,1.1406930685043335,0.033987268805503845,16.069913323581627,21.31672532726764
425,425,26,target_left,3,"[0.029999999329447746, 0.0, 0.0, 0.0]",-0.20445598661899567,-0.33669495582580566,0.003692450001835823,1.059856653213501,1.1306968927383423,0.045802678912878036,21.31672532726764,26.33043680147482
425,425,26,ramp,0,"[-0.5, -0.4333333373069763, -0.36666667461395264, -0.30000001192092896]",-0.7833296060562134,-0.7244682312011719,-0.0008652294054627419,0.9943471550941467,1.4584877490997314,0.0,0.0,13.004372576144185
425,425,26,ramp,1,"[-0.47999998927116394, -0.41333332657814026, -0.3466666638851166, -0.2800000011920929]",-0.766890287399292,-0.7423951625823975,-0.00276233721524477,1.007499098777771,1.4677647352218628,0.027716398239135742,13.004372576144185,20.23441790483284
425,425,26,ramp,2,"[-0.46000000834465027, -0.3933333456516266, -0.3266666829586029, -0.2600000202655792]",-0.8344333171844482,-0.7788199186325073,-0.00088545773178339,1.0117563009262085,1.525283932685852,0.07687958329916,20.23441790483284,26.95996277544624
425,425,26,ramp,3,"[-0.4399999976158142, -0.3733333349227905, -0.30666667222976685, -0.24000000953674316]",-0.8545757532119751,-0.7886934280395508,-0.0012169843539595604,1.0211848020553589,1.547629475593567,0.024335375055670738,26.95996277544624,33.26166166100151
450,450,26,zero_hold,0,"[0.0, 0.0, 0.0, 0.0]",0.03521650657057762,-0.141383096575737,0.017445722594857216,0.8634902834892273,0.8758705258369446,0.0,0.0,7.026283115557321
450,450,26,zero_hold,1,"[0.0, 0.0, 0.0, 0.0]",0.024674084037542343,-0.1379404515028,0.014721855521202087,1.0366774797439575,1.0462090969085693,0.17356330156326294,7.026283115557321,11.339920060015915
450,450,26,zero_hold,2,"[0.0, 0.0, 0.0, 0.0]",0.06378692388534546,-0.09138722717761993,0.00890379399061203,1.0408475399017334,1.046834945678711,0.06122300401329994,11.339920060015915,15.40924152246323
450,450,26,zero_hold,3,"[0.0, 0.0, 0.0, 0.0]",-0.030181940644979477,-0.051125865429639816,0.005069089122116566,1.027413010597229,1.029139518737793,0.10318098962306976,15.40924152246323,19.171715346293034
450,450,26,target_ahead,0,"[0.0, 0.0, 0.0, 0.0]",0.978597104549408,-0.5343778133392334,-0.005370471626520157,1.1061140298843384,1.570582389831543,0.0,0.0,11.557107254282558
450,450,26,target_ahead,1,"[0.009999999776482582, 0.0, 0.0, 0.0]",1.2875014543533325,-0.24439428746700287,-0.022748349234461784,1.0162019729614258,1.658484935760498,0.433472603559494,11.557107254282558,16.986711571661033
450,450,26,target_ahead,2,"[0.019999999552965164, 0.0, 0.0, 0.0]",1.1686307191848755,-0.33482182025909424,-0.025032000616192818,1.0138393640518188,1.5831298828125,0.1493927240371704,16.986711571661033,21.69378715983991
450,450,26,target_ahead,3,"[0.029999999329447746, 0.0, 0.0, 0.0]",0.8125566840171814,-0.4109587073326111,-0.02235201932489872,1.0205979347229004,1.3679382801055908,0.3641955554485321,21.69378715983991,26.250713386700365
450,450,26,target_left,0,"[0.0, 0.0, 0.0, 0.0]",-0.23133522272109985,-0.39607393741607666,0.00883045606315136,1.1150424480438232,1.2057313919067383,0.0,0.0,10.424353507208242
450,450,26,target_left,1,"[0.009999999776482582, 0.0, 0.0, 0.0]",-0.28049904108047485,-0.3216842710971832,0.0010536033660173416,1.0815318822860718,1.1627006530761719,0.09557374566793442,10.424353507208242,16.0951806701503
450,450,26,target_left,2,"[0.019999999552965164, 0.0, 0.0, 0.0]",-0.24964092671871185,-0.3292202651500702,0.0006949771195650101,1.071587085723877,1.1484798192977905,0.03328726440668106,16.0951806701503,21.34506982732345
450,450,26,target_left,3,"[0.029999999329447746, 0.0, 0.0, 0.0]",-0.2058119773864746,-0.33855360746383667,0.0003327075392007828,1.06839120388031,1.139489769935608,0.044926974922418594,21.34506982732345,26.363966679834377
450,450,26,ramp,0,"[-0.5, -0.4333333373069763, -0.36666667461395264, -0.30000001192092896]",-0.7914630770683289,-0.7234575152397156,-0.004273133352398872,1.0038522481918335,1.4688574075698853,0.0,0.0,13.00509703787875
450,450,26,ramp,1,"[-0.47999998927116394, -0.41333332657814026, -0.3466666638851166, -0.2800000011920929]",-0.7819949984550476,-0.7428171038627625,-0.0063870735466480255,1.014910101890564,1.481005311012268,0.024314256384968758,13.00509703787875,20.23760905287063
450,450,26,ramp,2,"[-0.46000000834465027, -0.3933333456516266, -0.3266666829586029, -0.2600000202655792]",-0.847504198551178,-0.7798774838447571,-0.0043457988649606705,1.0195047855377197,1.5381420850753784,0.07543344795703888,20.23760905287063,26.965816048533245
450,450,26,ramp,3,"[-0.4399999976158142, -0.3733333349227905, -0.30666667222976685, -0.24000000953674316]",-0.8666947484016418,-0.7899422645568848,-0.004659783095121384,1.0292302370071411,1.5602900981903076,0.02375415712594986,26.965816048533245,33.271061325560645
475,475,26,zero_hold,0,"[0.0, 0.0, 0.0, 0.0]",0.0427987165749073,-0.14449875056743622,0.014502963051199913,0.8565638661384583,0.8698411583900452,0.0,0.0,7.025749992085794
475,475,26,zero_hold,1,"[0.0, 0.0, 0.0, 0.0]",0.0298955999314785,-0.14264076948165894,0.009590573608875275,1.025254487991333,1.035605549812317,0.16926488280296326,7.025749992085794,11.3396161748333
475,475,26,zero_hold,2,"[0.0, 0.0, 0.0, 0.0]",0.05865400657057762,-0.09759611636400223,0.0032130926847457886,1.0281814336776733,1.034472107887268,0.05390089005231857,11.3396161748333,15.411125471599922
475,475,26,zero_hold,3,"[0.0, 0.0, 0.0, 0.0]",-0.03753172978758812,-0.057264212518930435,-0.0005592294037342072,1.0143660306930542,1.016674280166626,0.10527798533439636,15.411125471599922,19.179226328176682
475,475,26,target_ahead,0,"[0.0, 0.0, 0.0, 0.0]",0.9842328429222107,-0.5467736721038818,-0.01161477342247963,1.0971705913543701,1.5721303224563599,0.0,0.0,11.550414076596274
475,475,26,target_ahead,1,"[0.009999999776482582, 0.0, 0.0, 0.0]",1.296355962753296,-0.25991907715797424,-0.028335481882095337,1.0072698593139648,1.6623754501342773,0.43366822600364685,11.550414076596274,16.984356550902035
475,475,26,target_ahead,2,"[0.019999999552965164, 0.0, 0.0, 0.0]",1.1887582540512085,-0.3515193462371826,-0.03027110919356346,1.003931999206543,1.595464825630188,0.14136040210723877,16.984356550902035,21.690255179122293
475,475,26,target_ahead,3,"[0.029999999329447746, 0.0, 0.0, 0.0]",0.8435614705085754,-0.42847374081611633,-0.027313176542520523,1.0091001987457275,1.3835515975952148,0.3537205755710602,21.690255179122293,26.24167204334593
475,475,26,target_left,0,"[0.0, 0.0, 0.0, 0.0]",-0.22046595811843872,-0.3974156975746155,0.004620752297341824,1.1043299436569214,1.194198727607727,0.0,0.0,10.418971843312901
475,475,26,target_left,1,"[0.009999999776482582, 0.0, 0.0, 0.0]",-0.2736956775188446,-0.32229140400886536,-0.004470570012927055,1.0701111555099487,1.150625467300415,0.09864400327205658,10.418971843312901,16.08769860687618
475,475,26,target_left,2,"[0.019999999552965164, 0.0, 0.0, 0.0]",-0.25566577911376953,-0.3274545967578888,-0.004921320825815201,1.0612380504608154,1.1396675109863281,0.020752614364027977,16.08769860687618,21.338489521995584
475,475,26,target_left,3,"[0.029999999329447746, 0.0, 0.0, 0.0]",-0.21525220572948456,-0.335592120885849,-0.005212357267737389,1.0583640336990356,1.1309806108474731,0.04132578894495964,21.338489521995584,26.35991642088459
475,475,26,ramp,0,"[-0.5, -0.4333333373069763, -0.36666667461395264, -0.30000001192092896]",-0.764202892780304,-0.7223206162452698,-0.004999857395887375,1.0019745826721191,1.4524914026260376,0.0,0.0,13.00467708008488
475,475,26,ramp,1,"[-0.47999998927116394, -0.41333332657814026, -0.3466666638851166, -0.2800000011920929]",-0.7629203200340271,-0.7421654462814331,-0.008272230625152588,1.0108875036239624,1.4679301977157593,0.022036580368876457,13.00467708008488,20.237614348847455
475,475,26,ramp,2,"[-0.46000000834465027, -0.3933333456516266, -0.3266666829586029, -0.2600000202655792]",-0.8335382342338562,-0.7789977788925171,-0.006566936150193214,1.015518069267273,1.527397632598877,0.0797988772392273,20.237614348847455,26.97108615018348
475,475,26,ramp,3,"[-0.4399999976158142, -0.3733333349227905, -0.30666667222976685, -0.24000000953674316]",-0.8548062443733215,-0.7889859676361084,-0.007068319246172905,1.0247716903686523,1.5502902269363403,0.025258129462599754,26.97108615018348,33.28233534091729
500,500,26,zero_hold,0,"[0.0, 0.0, 0.0, 0.0]",0.042651791125535965,-0.13892407715320587,0.015071665868163109,0.8578829765319824,0.8702352643013,0.0,0.0,7.029842882220917
500,500,26,zero_hold,1,"[0.0, 0.0, 0.0, 0.0]",0.030250273644924164,-0.13172611594200134,0.009087911807000637,1.0282347202301025,1.0371190309524536,0.17105884850025177,7.029842882220917,11.345637037092693
500,500,26,zero_hold,2,"[0.0, 0.0, 0.0, 0.0]",0.06050186976790428,-0.08577461540699005,0.0028564278036355972,1.0339255332946777,1.0392439365386963,0.05565892904996872,11.345637037092693,15.416522852025714
500,500,26,zero_hold,3,"[0.0, 0.0, 0.0, 0.0]",-0.03714310750365257,-0.0465579479932785,-0.0005937125533819199,1.0222499370574951,1.0239835977554321,0.10592786222696304,15.416522852025714,19.182563744043513
500,500,26,target_ahead,0,"[0.0, 0.0, 0.0, 0.0]",0.9915616512298584,-0.5353999137878418,-0.02037418819963932,1.102516770362854,1.576643943786621,0.0,0.0,11.5731082992571
500,500,26,target_ahead,1,"[0.009999999776482582, 0.0, 0.0, 0.0]",1.2960426807403564,-0.2439999282360077,-0.03794383257627487,1.012015700340271,1.6627922058105469,0.43141835927963257,11.5731082992571,17.000213965163596
500,500,26,target_ahead,2,"[0.019999999552965164, 0.0, 0.0, 0.0]",1.1775649785995483,-0.33612677454948425,-0.04126846045255661,1.0112998485565186,1.5887324810028076,0.1501195728778839,17.000213965163596,21.708279552196817
500,500,26,target_ahead,3,"[0.029999999329447746, 0.0, 0.0, 0.0]",0.823474109172821,-0.4135362505912781,-0.03816758096218109,1.0182793140411377,1.3738527297973633,0.3625339865684509,21.708279552196817,26.265278373056205
500,500,26,target_left,0,"[0.0, 0.0, 0.0, 0.0]",-0.22528067231178284,-0.38970956206321716,0.008621190674602985,1.105902910232544,1.1940354108810425,0.0,0.0,10.426700937111365
500,500,26,target_left,1,"[0.009999999776482582, 0.0, 0.0, 0.0]",-0.280703067779541,-0.31273970007896423,-0.00015331897884607315,1.0744400024414062,1.1536991596221924,0.10031404346227646,10.426700937111365,16.097840711759833
500,500,26,target_left,2,"[0.019999999552965164, 0.0, 0.0, 0.0]",-0.2597697079181671,-0.32008516788482666,0.0004207165911793709,1.0668408870697021,1.143715262413025,0.02345714345574379,16.097840711759833,21.351839890441653
500,500,26,target_left,3,"[0.029999999329447746, 0.0, 0.0, 0.0]",-0.21716345846652985,-0.3289768397808075,0.0006355680525302887,1.0642714500427246,1.1349272727966309,0.04360048845410347,21.351839890441653,26.37668870770146
500,500,26,ramp,0,"[-0.5, -0.4333333373069763, -0.36666667461395264, -0.30000001192092896]",-0.7756966352462769,-0.7155810594558716,0.004968762397766113,0.9847202301025391,1.4434195756912231,0.0,0.0,13.005545015750602
500,500,26,ramp,1,"[-0.47999998927116394, -0.41333332657814026, -0.3466666638851166, -0.2800000011920929]",-0.7633395195007324,-0.7308691740036011,0.0021565966308116913,1.0030691623687744,1.4570550918579102,0.02703731320798397,13.005545015750602,20.229752436563103
500,500,26,ramp,2,"[-0.46000000834465027, -0.3933333456516266, -0.3266666829586029, -0.2600000202655792]",-0.8355627655982971,-0.7685797214508057,0.0048205070197582245,1.0100542306900024,1.5195765495300293,0.08181791007518768,20.229752436563103,26.95954457324032
500,500,26,ramp,3,"[-0.4399999976158142, -0.3733333349227905, -0.30666667222976685, -0.24000000953674316]",-0.8558279275894165,-0.7789701223373413,0.004570929799228907,1.0201293230056763,1.5426992177963257,0.024903954938054085,26.95954457324032,33.26906896547729
525,525,26,zero_hold,0,"[0.0, 0.0, 0.0, 0.0]",0.04255995526909828,-0.14301441609859467,0.016246020793914795,0.8625041842460632,0.8754666447639465,0.0,0.0,7.04280084413515
525,525,26,zero_hold,1,"[0.0, 0.0, 0.0, 0.0]",0.031033102422952652,-0.13860642910003662,0.01013712864369154,1.0335805416107178,1.0433437824249268,0.1716296523809433,7.04280084413515,11.367770951014002
525,525,26,zero_hold,2,"[0.0, 0.0, 0.0, 0.0]",0.06540639698505402,-0.09270493686199188,0.0030854204669594765,1.0387383699417114,1.044920563697815,0.0580068975687027,11.367770951014002,15.44957365677682
525,525,26,zero_hold,3,"[0.0, 0.0, 0.0, 0.0]",-0.026225294917821884,-0.053050488233566284,-0.0007001794874668121,1.026584267616272,1.028288722038269,0.10065235197544098,15.44957365677682,19.224672950856164
525,525,26,target_ahead,0,"[0.0, 0.0, 0.0, 0.0]",0.9834018349647522,-0.542949914932251,-0.017164960503578186,1.1165050268173218,1.5839040279388428,0.0,0.0,11.58328034175667
525,525,26,target_ahead,1,"[0.009999999776482582, 0.0, 0.0, 0.0]",1.2814818620681763,-0.2542612552642822,-0.033237524330616,1.0251883268356323,1.6610119342803955,0.4251939654350281,11.58328034175667,17.020265987639892
525,525,26,target_ahead,2,"[0.019999999552965164, 0.0, 0.0, 0.0]",1.1489955186843872,-0.34927451610565186,-0.035187430679798126,1.025514841079712,1.5795892477035522,0.16304618120193481,17.020265987639892,21.750010207497816
525,525,26,target_ahead,3,"[0.029999999329447746, 0.0, 0.0, 0.0]",0.7810457348823547,-0.4270271956920624,-0.032529011368751526,1.0340087413787842,1.3647772073745728,0.3761804699897766,21.750010207497816,26.327983386942602
525,525,26,target_left,0,"[0.0, 0.0, 0.0, 0.0]",-0.2277640402317047,-0.3920727074146271,0.008888732641935349,1.108688473701477,1.1978591680526733,0.0,0.0,10.4406559929286
525,525,26,target_left,1,"[0.009999999776482582, 0.0, 0.0, 0.0]",-0.28285014629364014,-0.31731265783309937,-0.0013274848461151123,1.0757838487625122,1.1567212343215942,0.09904862195253372,10.4406559929286,16.125838341530013
525,525,26,target_left,2,"[0.019999999552965164, 0.0, 0.0, 0.0]",-0.2610068917274475,-0.32556772232055664,-0.001376352272927761,1.0671191215515137,1.1458027362823486,0.024906901642680168,16.125838341530013,21.395422546179198
525,525,26,target_left,3,"[0.029999999329447746, 0.0, 0.0, 0.0]",-0.2174094319343567,-0.33455690741539,-0.001396973617374897,1.0643343925476074,1.1366639137268066,0.04460155963897705,21.395422546179198,26.436058652447635
525,525,26,ramp,0,"[-0.5, -0.4333333373069763, -0.36666667461395264, -0.30000001192092896]",-0.7591745257377625,-0.7155023217201233,0.004894978366792202,0.9855208992958069,1.4351184368133545,0.0,0.0,13.001326203909928
525,525,26,ramp,1,"[-0.47999998927116394, -0.41333332657814026, -0.3466666638851166, -0.2800000011920929]",-0.7421485185623169,-0.7339150905609131,0.0015317928045988083,0.9961352944374084,1.4428110122680664,0.02743886597454548,13.001326203909928,20.230676053876582
525,525,26,ramp,2,"[-0.46000000834465027, -0.3933333456516266, -0.3266666829586029, -0.2600000202655792]",-0.814195454120636,-0.7709060311317444,0.003459821455180645,1.0028272867202759,1.5042887926101685,0.08128708600997925,20.230676053876582,26.962015747342413
525,525,26,ramp,3,"[-0.4399999976158142, -0.3733333349227905, -0.30666667222976685, -0.24000000953674316]",-0.8332635164260864,-0.7810110449790955,0.0029319291934370995,1.012831211090088,1.5264803171157837,0.023792004212737083,26.962015747342413,33.272606219020986
550,550,26,zero_hold,0,"[0.0, 0.0, 0.0, 0.0]",0.03786422684788704,-0.14318053424358368,0.020434653386473656,0.8571529388427734,0.8700937032699585,0.0,0.0,7.041753467658272
550,550,26,zero_hold,1,"[0.0, 0.0, 0.0, 0.0]",0.033966969698667526,-0.13527677953243256,0.015812596306204796,1.0219039916992188,1.0314996242523193,0.16505129635334015,7.041753467658272,11.360796217238438
550,550,26,zero_hold,2,"[0.0, 0.0, 0.0, 0.0]",0.08078175783157349,-0.08886545151472092,0.008420403115451336,1.024259328842163,1.0313103199005127,0.06637641042470932,11.360796217238438,15.431351163232655
550,550,26,zero_hold,3,"[0.0, 0.0, 0.0, 0.0]",-0.005647685378789902,-0.05026400089263916,0.004154130816459656,1.011237382888794,1.012510061264038,0.09564462304115295,15.431351163232655,19.190876551308182
550,550,26,target_ahead,0,"[0.0, 0.0, 0.0, 0.0]",0.9816573262214661,-0.5435846447944641,-0.010107336565852165,1.1099777221679688,1.5783815383911133,0.0,0.0,11.58256532437721
550,550,26,target_ahead,1,"[0.009999999776482582, 0.0, 0.0, 0.0]",1.283085584640503,-0.24484264850616455,-0.025956740602850914,1.0120822191238403,1.652646541595459,0.43582165241241455,11.58256532437721,17.005924339845777
550,550,26,target_ahead,2,"[0.019999999552965164, 0.0, 0.0, 0.0]",1.1521801948547363,-0.33689039945602417,-0.02670423872768879,1.0099046230316162,1.5689598321914673,0.16004471480846405,17.005924339845777,21.72825592613765
550,550,26,target_ahead,3,"[0.029999999329447746, 0.0, 0.0, 0.0]",0.7859819531440735,-0.413614422082901,-0.023847801610827446,1.0178898572921753,1.3511154651641846,0.37424543499946594,21.72825592613765,26.297685947054696
550,550,26,target_left,0,"[0.0, 0.0, 0.0, 0.0]",-0.2349768429994583,-0.3920629620552063,0.012167608365416527,1.1012117862701416,1.1923686265945435,0.0,0.0,10.442554709794969
550,550,26,target_left,1,"[0.009999999776482582, 0.0, 0.0, 0.0]",-0.28484079241752625,-0.31676405668258667,0.0009842747822403908,1.0621997117996216,1.1444400548934937,0.0990118533372879,10.442554709794969,16.12318894553946
550,550,26,target_left,2,"[0.019999999552965164, 0.0, 0.0, 0.0]",-0.25349876284599304,-0.32699206471443176,-0.000197630375623703,1.0534117221832275,1.1317516565322876,0.03414030745625496,16.12318894553946,21.387666970064913
550,550,26,target_left,3,"[0.029999999329447746, 0.0, 0.0, 0.0]",-0.21050716936588287,-0.3356555700302124,-0.000614597462117672,1.0504741668701172,1.1227084398269653,0.043956074863672256,21.387666970064913,26.423425722808243
550,550,26,ramp,0,"[-0.5, -0.4333333373069763, -0.36666667461395264, -0.30000001192092896]",-0.7700058817863464,-0.7225601077079773,0.004747528582811356,0.9858537912368774,1.4446219205856323,0.0,0.0,13.001743581116175
550,550,26,ramp,1,"[-0.47999998927116394, -0.41333332657814026, -0.3466666638851166, -0.2800000011920929]",-0.7497759461402893,-0.738084077835083,0.0011047124862670898,0.9878098964691162,1.4431568384170532,0.02583293244242668,13.001743581116175,20.239164438823106
550,550,26,ramp,2,"[-0.46000000834465027, -0.3933333456516266, -0.3266666829586029, -0.2600000202655792]",-0.8243775963783264,-0.7755605578422546,0.0025689490139484406,0.9945204257965088,1.5067083835601807,0.08376794308423996,20.239164438823106,26.975017009793838
550,550,26,ramp,3,"[-0.4399999976158142, -0.3733333349227905, -0.30666667222976685, -0.24000000953674316]",-0.8440061807632446,-0.7854810357093811,0.0019525904208421707,1.0044593811035156,1.5291399955749512,0.024142492562532425,26.975017009793838,33.29051085715944
575,575,26,zero_hold,0,"[0.0, 0.0, 0.0, 0.0]",0.04342181980609894,-0.14261603355407715,0.022150982171297073,0.8583661317825317,0.8714975118637085,0.0,0.0,7.03755902668451
575,575,26,zero_hold,1,"[0.0, 0.0, 0.0, 0.0]",0.044417738914489746,-0.13717077672481537,0.018645338714122772,1.0230222940444946,1.0333009958267212,0.1647864729166031,7.03755902668451,11.356766996796267
575,575,26,zero_hold,2,"[0.0, 0.0, 0.0, 0.0]",0.09197957068681717,-0.09065412729978561,0.012001416645944118,1.0236090421676636,1.0317935943603516,0.06686114519834518,11.356766996796267,15.42825320146267
575,575,26,zero_hold,3,"[0.0, 0.0, 0.0, 0.0]",0.0021593812853097916,-0.051430702209472656,0.008030513301491737,1.0098580121994019,1.011201024055481,0.09905050694942474,15.42825320146267,19.18876365355734
575,575,26,target_ahead,0,"[0.0, 0.0, 0.0, 0.0]",0.9930531978607178,-0.5425646305084229,-0.007201021537184715,1.1007356643676758,1.578670859336853,0.0,0.0,11.583709723375637
575,575,26,target_ahead,1,"[0.009999999776482582, 0.0, 0.0, 0.0]",1.2988311052322388,-0.23575788736343384,-0.021614214405417442,1.0016828775405884,1.657220482826233,0.4445781111717224,11.583709723375637,17.009131395899946
575,575,26,target_ahead,2,"[0.019999999552965164, 0.0, 0.0, 0.0]",1.1709845066070557,-0.32624611258506775,-0.02163449488580227,0.9959882497787476,1.5716557502746582,0.1567332148551941,17.009131395899946,21.726122377367624
575,575,26,target_ahead,3,"[0.029999999329447746, 0.0, 0.0, 0.0]",0.8052986264228821,-0.40088459849357605,-0.018039999529719353,1.0045819282531738,1.34860098361969,0.37334144115448,21.726122377367624,26.298476670425188
575,575,26,target_left,0,"[0.0, 0.0, 0.0, 0.0]",-0.22227013111114502,-0.3929769992828369,0.01351338904350996,1.1037178039550781,1.192564606666565,0.0,0.0,10.428833597832257
575,575,26,target_left,1,"[0.009999999776482582, 0.0, 0.0, 0.0]",-0.2709434926509857,-0.31976553797721863,0.0015634763985872269,1.0675846338272095,1.1469087600708008,0.09579885005950928,10.428833597832257,16.105503464360446
575,575,26,target_left,2,"[0.019999999552965164, 0.0, 0.0, 0.0]",-0.24764639139175415,-0.32880648970603943,-5.222298204898834e-05,1.0594470500946045,1.1366047859191895,0.026331055909395218,16.105503464360446,21.367692916111984
575,575,26,target_left,3,"[0.029999999329447746, 0.0, 0.0, 0.0]",-0.20635443925857544,-0.3370636999607086,-0.0005621891468763351,1.056421160697937,1.127927303314209,0.04222111776471138,21.367692916111984,26.400911373882202
575,575,26,ramp,0,"[-0.5, -0.4333333373069763, -0.36666667461395264, -0.30000001192092896]",-0.7645227909088135,-0.7202123999595642,0.0018862485885620117,1.0036070346832275,1.4527324438095093,0.0,0.0,13.001031782957801
575,575,26,ramp,1,"[-0.47999998927116394, -0.41333332657814026, -0.3466666638851166, -0.2800000011920929]",-0.7369329929351807,-0.7357746362686157,-0.004338731989264488,1.0122795104980469,1.4522958993911743,0.0334266722202301,13.001031782957801,20.24293420197432
575,575,26,ramp,2,"[-0.46000000834465027, -0.3933333456516266, -0.3266666829586029, -0.2600000202655792]",-0.812035858631134,-0.7731284499168396,-0.0030089067295193672,1.01836359500885,1.514662742614746,0.08411023765802383,20.24293420197432,26.98278721260111
575,575,26,ramp,3,"[-0.4399999976158142, -0.3733333349227905, -0.30666667222976685, -0.24000000953674316]",-0.8319677114486694,-0.7830660939216614,-0.0035959146916866302,1.027252435684204,1.536431908607483,0.02398732118308544,26.98278721260111,33.302459151032615
600,600,26,zero_hold,0,"[0.0, 0.0, 0.0, 0.0]",0.0516430102288723,-0.14758071303367615,0.024699611589312553,0.8599694967269897,0.8744167685508728,0.0,0.0,7.040240103139015
600,600,26,zero_hold,1,"[0.0, 0.0, 0.0, 0.0]",0.05623599514365196,-0.1434030383825302,0.019987743347883224,1.0209565162658691,1.032704472541809,0.16117559373378754,7.040240103139015,11.355918270601627
600,600,26,zero_hold,2,"[0.0, 0.0, 0.0, 0.0]",0.09815002977848053,-0.09649322181940079,0.012423994019627571,1.019690990447998,1.0290133953094482,0.06337293237447739,11.355918270601627,15.422059813796368
600,600,26,zero_hold,3,"[0.0, 0.0, 0.0, 0.0]",-0.007696721702814102,-0.05626582354307175,0.008080153726041317,1.0053443908691406,1.0069795846939087,0.11422114819288254,15.422059813796368,19.177674125852665
600,600,26,target_ahead,0,"[0.0, 0.0, 0.0, 0.0]",0.9911008477210999,-0.550405740737915,-0.0002406621351838112,1.1154325008392334,1.5904141664505005,0.0,0.0,11.591597637052418
600,600,26,target_ahead,1,"[0.009999999776482582, 0.0, 0.0, 0.0]",1.290687918663025,-0.24629104137420654,-0.019008979201316833,1.0114800930023193,1.658308744430542,0.4397687017917633,11.591597637052418,17.00919956419847
600,600,26,target_ahead,2,"[0.019999999552965164, 0.0, 0.0, 0.0]",1.1379364728927612,-0.3454126715660095,-0.01977519318461418,1.0070958137512207,1.5584743022918701,0.1821480393409729,17.00919956419847,21.721201149245868
600,600,26,target_ahead,3,"[0.029999999329447746, 0.0, 0.0, 0.0]",0.7557387948036194,-0.42332640290260315,-0.01640484109520912,1.015519142150879,1.3348761796951294,0.39016398787498474,21.721201149245868,26.296421235076455
600,600,26,target_left,0,"[0.0, 0.0, 0.0, 0.0]",-0.22426371276378632,-0.3971124589443207,0.017405040562152863,1.1047003269195557,1.1952649354934692,0.0,0.0,10.430417986395218
600,600,26,target_left,1,"[0.009999999776482582, 0.0, 0.0, 0.0]",-0.2651023268699646,-0.3207290768623352,0.00447537936270237,1.06361722946167,1.1421242952346802,0.09673267602920532,10.430417986395218,16.106113461890956
600,600,26,target_left,2,"[0.019999999552965164, 0.0, 0.0, 0.0]",-0.23997168242931366,-0.32728520035743713,0.003204190172255039,1.0549218654632568,1.1302974224090576,0.027418192476034164,16.106113461890956,21.367155805685016
600,600,26,target_left,3,"[0.029999999329447746, 0.0, 0.0, 0.0]",-0.2009999305009842,-0.3339458405971527,0.0028776386752724648,1.051743507385254,1.1216477155685425,0.03966572880744934,21.367155805685016,26.400088498523516
600,600,26,ramp,0,"[-0.5, -0.4333333373069763, -0.36666667461395264, -0.30000001192092896]",-0.7655450105667114,-0.7189041376113892,0.007759776897728443,1.0026023387908936,1.4519484043121338,0.0,0.0,12.997453939126954
600,600,26,ramp,1,"[-0.47999998927116394, -0.41333332657814026, -0.3466666638851166, -0.2800000011920929]",-0.7441314458847046,-0.7317913770675659,0.0019171340391039848,1.006286382675171,1.4497814178466797,0.02592933364212513,12.997453939126954,20.231048836590908
600,600,26,ramp,2,"[-0.46000000834465027, -0.3933333456516266, -0.3266666829586029, -0.2600000202655792]",-0.8231900334358215,-0.7703801393508911,0.0035659661516547203,1.0121209621429443,1.5151002407073975,0.08818227797746658,20.231048836590908,26.971192213136643
600,600,26,ramp,3,"[-0.4399999976158142, -0.3733333349227905, -0.30666667222976685, -0.24000000953674316]",-0.8432252407073975,-0.7808486819267273,0.0030245836824178696,1.021693229675293,1.5377320051193237,0.024554455652832985,26.971192213136643,33.29199284377533
625,625,26,zero_hold,0,"[0.0, 0.0, 0.0, 0.0]",0.04754355549812317,-0.15237432718276978,0.027729306370019913,0.8553999662399292,0.8706068992614746,0.0,0.0,7.038498999124994
625,625,26,zero_hold,1,"[0.0, 0.0, 0.0, 0.0]",0.0467182993888855,-0.1506817638874054,0.025587907060980797,1.0133486986160278,1.0258742570877075,0.1579744666814804,7.038498999124994,11.357353358521546
625,625,26,zero_hold,2,"[0.0, 0.0, 0.0, 0.0]",0.08734413236379623,-0.10269016027450562,0.019042160362005234,1.010757565498352,1.0198861360549927,0.0632709488272667,11.357353358521546,15.430662095388683
625,625,26,zero_hold,3,"[0.0, 0.0, 0.0, 0.0]",-0.016004076227545738,-0.06147221848368645,0.014975291676819324,0.9960983991622925,0.9982340335845947,0.1122996062040329,15.430662095388683,19.192794831640743
625,625,26,target_ahead,0,"[0.0, 0.0, 0.0, 0.0]",0.9860649704933167,-0.5600454211235046,0.00646774098277092,1.1041136980056763,1.5827456712722778,0.0,0.0,11.58971983210822
625,625,26,target_ahead,1,"[0.009999999776482582, 0.0, 0.0, 0.0]",1.2875856161117554,-0.2559451460838318,-0.013010679744184017,1.000912070274353,1.6508722305297852,0.4409327208995819,11.58971983210822,17.013303402707123
625,625,26,target_ahead,2,"[0.019999999552965164, 0.0, 0.0, 0.0]",1.1442806720733643,-0.35852116346359253,-0.013393665663897991,0.9946447610855103,1.5580158233642578,0.17634503543376923,17.013303402707123,21.72755196602162
625,625,26,target_ahead,3,"[0.029999999329447746, 0.0, 0.0, 0.0]",0.7657040953636169,-0.43742549419403076,-0.010344256646931171,1.0026477575302124,1.3353102207183838,0.38680675625801086,21.72755196602162,26.30259486054431
625,625,26,target_left,0,"[0.0, 0.0, 0.0, 0.0]",-0.23762008547782898,-0.40733802318573,0.022511053830385208,1.0978296995162964,1.195041537284851,0.0,0.0,10.433177226972616
625,625,26,target_left,1,"[0.009999999776482582, 0.0, 0.0, 0.0]",-0.281238317489624,-0.33176687359809875,0.009112031199038029,1.0558754205703735,1.141980767250061,0.09774070233106613,10.433177226972616,16.11276889799629
625,625,26,target_left,2,"[0.019999999552965164, 0.0, 0.0, 0.0]",-0.24703212082386017,-0.3399457633495331,0.007730105426162481,1.0463764667510986,1.1276309490203857,0.036456793546676636,16.11276889799629,21.377853923455028
625,625,26,target_left,3,"[0.029999999329447746, 0.0, 0.0, 0.0]",-0.20496706664562225,-0.3470456302165985,0.00738102663308382,1.0429471731185913,1.1181437969207764,0.042799051851034164,21.377853923455028,26.412302019822025
625,625,26,ramp,0,"[-0.5, -0.4333333373069763, -0.36666667461395264, -0.30000001192092896]",-0.7701281905174255,-0.7323148846626282,0.011797703802585602,0.9947618246078491,1.455703616142273,0.0,0.0,12.99633817342891
625,625,26,ramp,1,"[-0.47999998927116394, -0.41333332657814026, -0.3466666638851166, -0.2800000011920929]",-0.7514677047729492,-0.7478732466697693,0.004084184765815735,0.9991168975830078,1.4568010568618774,0.02586003579199314,12.99633817342891,20.233649914597535
625,625,26,ramp,2,"[-0.46000000834465027, -0.3933333456516266, -0.3266666829586029, -0.2600000202655792]",-0.8293622136116028,-0.7866482138633728,0.0057910955511033535,1.0039058923721313,1.5213539600372314,0.08716019988059998,20.233649914597535,26.9763419452643
625,625,26,ramp,3,"[-0.4399999976158142, -0.3733333349227905, -0.30666667222976685, -0.24000000953674316]",-0.8500940203666687,-0.7970784306526184,0.00525327492505312,1.013045310974121,1.544112205505371,0.024948256090283394,26.9763419452643,33.30003636573741
650,650,26,zero_hold,0,"[0.0, 0.0, 0.0, 0.0]",0.04433697834610939,-0.14560772478580475,0.022408943623304367,0.8528735637664795,0.8666388392448425,0.0,0.0,7.016016038286369
650,650,26,zero_hold,1,"[0.0, 0.0, 0.0, 0.0]",0.046854417771101,-0.1402508169412613,0.017618907615542412,1.0151993036270142,1.0260632038116455,0.16250422596931458,7.016016038286369,11.323541575311484
650,650,26,zero_hold,2,"[0.0, 0.0, 0.0, 0.0]",0.0907491147518158,-0.09089497476816177,0.009671976789832115,1.01491379737854,1.0230547189712524,0.06652802973985672,11.323541575311484,15.386890437657021
650,650,26,zero_hold,3,"[0.0, 0.0, 0.0, 0.0]",-0.014160152524709702,-0.05019410327076912,0.005340845324099064,1.0011920928955078,1.002563714981079,0.11344408243894577,15.386890437657021,19.141698699220385
650,650,26,target_ahead,0,"[0.0, 0.0, 0.0, 0.0]",0.9855173230171204,-0.5493319630622864,-0.0037208804860711098,1.112708330154419,1.5846588611602783,0.0,0.0,11.575201875533354
650,650,26,target_ahead,1,"[0.009999999776482582, 0.0, 0.0, 0.0]",1.2929714918136597,-0.24821405112743378,-0.024237312376499176,1.008209466934204,1.6584508419036865,0.44332942366600037,11.575201875533354,16.998076425953528
650,650,26,target_ahead,2,"[0.019999999552965164, 0.0, 0.0, 0.0]",1.1768089532852173,-0.3437511622905731,-0.026130463927984238,1.0031107664108276,1.584284782409668,0.1505013406276703,16.998076425953528,21.715947507363232
650,650,26,target_ahead,3,"[0.029999999329447746, 0.0, 0.0, 0.0]",0.808021605014801,-0.4219030439853668,-0.024071969091892242,1.0098495483398438,1.3606163263320923,0.37704306840896606,21.715947507363232,26.28715078316526
650,650,26,target_left,0,"[0.0, 0.0, 0.0, 0.0]",-0.23646722733974457,-0.3991188108921051,0.016546117141842842,1.1002345085144043,1.1941534280776978,0.0,0.0,10.419005605892334
650,650,26,target_left,1,"[0.009999999776482582, 0.0, 0.0, 0.0]",-0.27464306354522705,-0.32639962434768677,0.00250394269824028,1.0590312480926514,1.141717553138733,0.09295357018709183,10.419005605892334,16.091432963905703
650,650,26,target_left,2,"[0.019999999552965164, 0.0, 0.0, 0.0]",-0.23536376655101776,-0.33496829867362976,0.0013051154091954231,1.0497727394104004,1.126776099205017,0.041272781789302826,16.091432963905703,21.351866968101554
650,650,26,target_left,3,"[0.029999999329447746, 0.0, 0.0, 0.0]",-0.1963607668876648,-0.34251755475997925,0.001057804562151432,1.046651840209961,1.1186407804489136,0.03985004872083664,21.351866968101554,26.380257349172876
650,650,26,ramp,0,"[-0.5, -0.4333333373069763, -0.36666667461395264, -0.30000001192092896]",-0.7645053267478943,-0.7115339040756226,0.011006439104676247,0.9839922785758972,1.4349602460861206,0.0,0.0,12.98603395266007
650,650,26,ramp,1,"[-0.47999998927116394, -0.41333332657814026, -0.3466666638851166, -0.2800000011920929]",-0.7573546171188354,-0.7280122637748718,0.00386230181902647,0.9906019568443298,1.4439165592193604,0.02043026126921177,12.98603395266007,20.212243428102383
650,650,26,ramp,2,"[-0.46000000834465027, -0.3933333456516266, -0.3266666829586029, -0.2600000202655792]",-0.8324750065803528,-0.7669939398765564,0.00513493362814188,0.9975156188011169,1.5087604522705078,0.08492386341094971,20.212243428102383,26.950049046094392
650,650,26,ramp,3,"[-0.4399999976158142, -0.3733333349227905, -0.30666667222976685, -0.24000000953674316]",-0.8522959351539612,-0.7776857018470764,0.004519645590335131,1.0074880123138428,1.5317492485046387,0.024637578055262566,26.950049046094392,33.26972758060227
675,675,26,zero_hold,0,"[0.0, 0.0, 0.0, 0.0]",0.04598609358072281,-0.14857789874076843,0.023088723421096802,0.8559956550598145,0.8703170418739319,0.0,0.0,7.027084499521093
675,675,26,zero_hold,1,"[0.0, 0.0, 0.0, 0.0]",0.05163908749818802,-0.14158055186271667,0.01862899586558342,1.0139724016189575,1.0252798795700073,0.15829548239707947,7.027084499521093,11.33823352742037
675,675,26,zero_hold,2,"[0.0, 0.0, 0.0, 0.0]",0.0950762927532196,-0.09081631898880005,0.010615946725010872,1.0123463869094849,1.0209040641784668,0.06731010973453522,11.33823352742037,15.407130796756428
675,675,26,zero_hold,3,"[0.0, 0.0, 0.0, 0.0]",-0.011317357420921326,-0.049141570925712585,0.006199868395924568,0.998131275177002,0.9994235634803772,0.11523004621267319,15.407130796756428,19.166483229038025
675,675,26,target_ahead,0,"[0.0, 0.0, 0.0, 0.0]",0.9841014742851257,-0.5478753447532654,-0.002395574003458023,1.1189714670181274,1.587679386138916,0.0,0.0,11.587520554218836
675,675,26,target_ahead,1,"[0.009999999776482582, 0.0, 0.0, 0.0]",1.2941250801086426,-0.2452203929424286,-0.022045563906431198,1.0081850290298462,1.6588597297668457,0.4476320147514343,11.587520554218836,17.013747046297535
675,675,26,target_ahead,2,"[0.019999999552965164, 0.0, 0.0, 0.0]",1.1651877164840698,-0.3408606946468353,-0.02440660074353218,1.0014458894729614,1.5739561319351196,0.16069506108760834,17.013747046297535,21.73556126720136
675,675,26,target_ahead,3,"[0.029999999329447746, 0.0, 0.0, 0.0]",0.7865530848503113,-0.4190276265144348,-0.022403690963983536,1.0064587593078613,1.3445115089416504,0.3866567015647888,21.73556126720136,26.313243258904127
675,675,26,target_left,0,"[0.0, 0.0, 0.0, 0.0]",-0.23613959550857544,-0.40096408128738403,0.01605755090713501,1.0988199710845947,1.1933974027633667,0.0,0.0,10.42139410733167
675,675,26,target_left,1,"[0.009999999776482582, 0.0, 0.0, 0.0]",-0.270576149225235,-0.3273240625858307,0.0007399348542094231,1.0567115545272827,1.1388556957244873,0.09282497316598892,10.42139410733167,16.095994374149296
675,675,26,target_left,2,"[0.019999999552965164, 0.0, 0.0, 0.0]",-0.23428022861480713,-0.33602866530418396,-0.001006520353257656,1.048546552658081,1.1257234811782837,0.03824763000011444,16.095994374149296,21.36124974759027
675,675,26,target_left,3,"[0.029999999329447746, 0.0, 0.0, 0.0]",-0.1931649148464203,-0.34346383810043335,-0.0012613506987690926,1.045441746711731,1.1172422170639038,0.04189815744757652,21.36124974759027,26.394374393927247
675,675,26,ramp,0,"[-0.5, -0.4333333373069763, -0.36666667461395264, -0.30000001192092896]",-0.7819521427154541,-0.7220020294189453,0.003933212254196405,0.9870991706848145,1.451590895652771,0.0,0.0,12.986954338774213
675,675,26,ramp,1,"[-0.47999998927116394, -0.41333332657814026, -0.3466666638851166, -0.2800000011920929]",-0.7609583735466003,-0.732945442199707,-0.003669770434498787,0.9960281848907471,1.4520165920257568,0.026420243084430695,12.986954338774213,20.21500999471055
675,675,26,ramp,2,"[-0.46000000834465027, -0.3933333456516266, -0.3266666829586029, -0.2600000202655792]",-0.8405519127845764,-0.7735346555709839,-0.0024886345490813255,1.0027865171432495,1.5200231075286865,0.08960851281881332,20.21500999471055,26.951218776550043
675,675,26,ramp,3,"[-0.4399999976158142, -0.3733333349227905, -0.30666667222976685, -0.24000000953674316]",-0.8600863814353943,-0.7841594219207764,-0.003065655007958412,1.0129799842834473,1.5429816246032715,0.02446877397596836,26.951218776550043,33.27155148327583
700,700,26,zero_hold,0,"[0.0, 0.0, 0.0, 0.0]",0.043828755617141724,-0.15570370852947235,0.02131701447069645,0.8568790555000305,0.872273325920105,0.0,0.0,7.02569326783846
700,700,26,zero_hold,1,"[0.0, 0.0, 0.0, 0.0]",0.05005687475204468,-0.15271282196044922,0.016835205256938934,1.0163958072662354,1.0291602611541748,0.15972919762134552,7.02569326783846,11.336523032388927
700,700,26,zero_hold,2,"[0.0, 0.0, 0.0, 0.0]",0.09507554769515991,-0.10371715575456619,0.009055720642209053,1.014070987701416,1.0238255262374878,0.06703119724988937,11.336523032388927,15.400446297503859
700,700,26,zero_hold,3,"[0.0, 0.0, 0.0, 0.0]",-0.010538933798670769,-0.06298235803842545,0.004727387800812721,0.9991524815559387,1.0012022256851196,0.11425864696502686,15.400446297503859,19.154752415286943
700,700,26,target_ahead,0,"[0.0, 0.0, 0.0, 0.0]",0.9749364256858826,-0.5552511811256409,-0.005624277517199516,1.126436471939087,1.5898728370666504,0.0,0.0,11.582944062076425
700,700,26,target_ahead,1,"[0.009999999776482582, 0.0, 0.0, 0.0]",1.2889410257339478,-0.244566410779953,-0.02582828886806965,1.015472650527954,1.6592267751693726,0.45590031147003174,11.582944062076425,17.00783086871041
700,700,26,target_ahead,2,"[0.019999999552965164, 0.0, 0.0, 0.0]",1.1718419790267944,-0.3346124291419983,-0.028505289927124977,1.0066602230072021,1.5809353590011597,0.14800438284873962,17.00783086871041,21.719664626349005
700,700,26,target_ahead,3,"[0.029999999329447746, 0.0, 0.0, 0.0]",0.7988765239715576,-0.41112932562828064,-0.026458917185664177,1.0099880695343018,1.352038025856018,0.38075363636016846,21.719664626349005,26.28821285242355
700,700,26,target_left,0,"[0.0, 0.0, 0.0, 0.0]",-0.24263910949230194,-0.4109078347682953,0.015095958486199379,1.1010422706604004,1.2001004219055176,0.0,0.0,10.423315003056173
700,700,26,target_left,1,"[0.009999999776482582, 0.0, 0.0, 0.0]",-0.28494468331336975,-0.33823519945144653,0.0013556312769651413,1.0588254928588867,1.147479772567749,0.09509009122848511,10.423315003056173,16.10364155143091
700,700,26,target_left,2,"[0.019999999552965164, 0.0, 0.0, 0.0]",-0.2494036704301834,-0.3473750948905945,-0.00010464806109666824,1.0500491857528687,1.1337878704071045,0.037760525941848755,16.10364155143091,21.37174639121036
700,700,26,target_left,3,"[0.029999999329447746, 0.0, 0.0, 0.0]",-0.20742329955101013,-0.3553619086742401,-0.00023949053138494492,1.046812891960144,1.1247771978378296,0.04285595193505287,21.37174639121036,26.407425875501563
700,700,26,ramp,0,"[-0.5, -0.4333333373069763, -0.36666667461395264, -0.30000001192092896]",-0.7933556437492371,-0.7305001020431519,0.003095243126153946,0.9897884726524353,1.4638081789016724,0.0,0.0,12.989468740452697
700,700,26,ramp,1,"[-0.47999998927116394, -0.41333332657814026, -0.3466666638851166, -0.2800000011920929]",-0.7651634812355042,-0.7417414784431458,-0.0028282320126891136,0.9974718689918518,1.4596621990203857,0.03186359629034996,12.989468740452697,20.22495072086144
700,700,26,ramp,2,"[-0.46000000834465027, -0.3933333456516266, -0.3266666829586029, -0.2600000202655792]",-0.8435813784599304,-0.7816596627235413,-0.0015949811786413193,1.0045123100280762,1.5269802808761597,0.08828316628932953,20.22495072086144,26.962966165451917
700,700,26,ramp,3,"[-0.4399999976158142, -0.3733333349227905, -0.30666667222976685, -0.24000000953674316]",-0.8624857068061829,-0.7919794321060181,-0.002207358367741108,1.014378309249878,1.5492194890975952,0.02369776740670204,26.962966165451917,33.28647674321168
725,725,26,zero_hold,0,"[0.0, 0.0, 0.0, 0.0]",0.04097483679652214,-0.14412611722946167,0.021552078425884247,0.8627868294715881,0.8759662508964539,0.0,0.0,7.0429006171410915
725,725,26,zero_hold,1,"[0.0, 0.0, 0.0, 0.0]",0.04240293428301811,-0.13579919934272766,0.0188706424087286,1.0247355699539185,1.0347360372543335,0.16219112277030945,7.0429006171410915,11.368207421447796
725,725,26,zero_hold,2,"[0.0, 0.0, 0.0, 0.0]",0.08786094188690186,-0.08389164507389069,0.011635211296379566,1.0230792760849,1.0303319692611694,0.06939682364463806,11.368207421447796,15.449703665742888
725,725,26,zero_hold,3,"[0.0, 0.0, 0.0, 0.0]",-0.008896458894014359,-0.04137437418103218,0.007639093324542046,1.0076186656951904,1.0085358619689941,0.10688643902540207,15.449703665742888,19.215768783308224
725,725,26,target_ahead,0,"[0.0, 0.0, 0.0, 0.0]",0.9826233386993408,-0.543752908706665,-0.0026636403053998947,1.1230037212371826,1.5881940126419067,0.0,0.0,11.5801239097034
725,725,26,target_ahead,1,"[0.009999999776482582, 0.0, 0.0, 0.0]",1.2998472452163696,-0.23464396595954895,-0.01971088908612728,1.0181065797805786,1.6678099632263184,0.45549243688583374,11.5801239097034,17.01317824906885
725,725,26,target_ahead,2,"[0.019999999552965164, 0.0, 0.0, 0.0]",1.1857376098632812,-0.32532840967178345,-0.021200498566031456,1.0091402530670166,1.5907940864562988,0.14603866636753082,17.01317824906885,21.72875098022019
725,725,26,target_ahead,3,"[0.029999999329447746, 0.0, 0.0, 0.0]",0.8172417879104614,-0.39963704347610474,-0.018969861790537834,1.0125621557235718,1.3613359928131104,0.3759356737136841,21.72875098022019,26.300704523058446
725,725,26,target_left,0,"[0.0, 0.0, 0.0, 0.0]",-0.24472422897815704,-0.38787657022476196,0.017301706597208977,1.1069724559783936,1.1983429193496704,0.0,0.0,10.436059963462801
725,725,26,target_left,1,"[0.009999999776482582, 0.0, 0.0, 0.0]",-0.28745555877685547,-0.3105613887310028,0.0051359012722969055,1.0687130689620972,1.1494576930999756,0.09703293442726135,10.436059963462801,16.123426758143
725,725,26,target_left,2,"[0.019999999552965164, 0.0, 0.0, 0.0]",-0.255100816488266,-0.3199527859687805,0.0035846540704369545,1.059929609298706,1.1361820697784424,0.03485087305307388,16.123426758143,21.401551501470518
725,725,26,target_left,3,"[0.029999999329447746, 0.0, 0.0, 0.0]",-0.21080031991004944,-0.327543169260025,0.0032144300639629364,1.056657075881958,1.1261686086654663,0.045066554099321365,21.401551501470518,26.447233611983965
725,725,26,ramp,0,"[-0.5, -0.4333333373069763, -0.36666667461395264, -0.30000001192092896]",-0.802882730960846,-0.718765377998352,0.006098896265029907,0.9902663230895996,1.4635261297225952,0.0,0.0,12.99466841829171
725,725,26,ramp,1,"[-0.47999998927116394, -0.41333332657814026, -0.3466666638851166, -0.2800000011920929]",-0.7661784887313843,-0.7292339205741882,0.0017447518184781075,1.0051859617233276,1.4591825008392334,0.04121099412441254,12.99466841829171,20.24464527653687
725,725,26,ramp,2,"[-0.46000000834465027, -0.3933333456516266, -0.3266666829586029, -0.2600000202655792]",-0.8498286604881287,-0.7704010605812073,0.003573901019990444,1.0129330158233643,1.530285120010376,0.09357054531574249,20.24464527653687,27.001791146832176
725,725,26,ramp,3,"[-0.4399999976158142, -0.3733333349227905, -0.30666667222976685, -0.24000000953674316]",-0.8695839643478394,-0.7810930013656616,0.0030208770185709,1.0234593152999878,1.5536282062530518,0.024813272058963776,27.001791146832176,33.346346228777016
750,750,26,zero_hold,0,"[0.0, 0.0, 0.0, 0.0]",0.0320977047085762,-0.1419917643070221,0.02886788733303547,0.8591793775558472,0.8719028234481812,0.0,0.0,7.04707434684495
750,750,26,zero_hold,1,"[0.0, 0.0, 0.0, 0.0]",0.02763916738331318,-0.134370818734169,0.028016943484544754,1.0181986093521118,1.027780532836914,0.15926644206047058,7.04707434684495,11.36927345185623
750,750,26,zero_hold,2,"[0.0, 0.0, 0.0, 0.0]",0.07544908672571182,-0.08555968105792999,0.02156294323503971,1.0158334970474243,1.0224459171295166,0.06866995990276337,11.36927345185623,15.442243667606972
750,750,26,zero_hold,3,"[0.0, 0.0, 0.0, 0.0]",-0.015046956017613411,-0.04577000066637993,0.017711088061332703,0.9999521374702454,1.0012688636779785,0.10019883513450623,15.442243667606972,19.200884444004732
750,750,26,target_ahead,0,"[0.0, 0.0, 0.0, 0.0]",0.9752105474472046,-0.5462432503700256,0.011099272407591343,1.1137982606887817,1.5780009031295776,0.0,0.0,11.57893045890839
750,750,26,target_ahead,1,"[0.009999999776482582, 0.0, 0.0, 0.0]",1.2812525033950806,-0.2393893152475357,-0.008078394457697868,1.0105756521224976,1.6493160724639893,0.4459189474582672,11.57893045890839,17.007434063665258
750,750,26,target_ahead,2,"[0.019999999552965164, 0.0, 0.0, 0.0]",1.1518800258636475,-0.3359870910644531,-0.010841092094779015,1.0015531778335571,1.5629911422729492,0.1617325097322464,17.007434063665258,21.720219297527386
750,750,26,target_ahead,3,"[0.029999999329447746, 0.0, 0.0, 0.0]",0.7745668888092041,-0.41251084208488464,-0.009058687835931778,1.0049412250518799,1.3342068195343018,0.3850139379501343,21.720219297527386,26.287402530196477
750,750,26,target_left,0,"[0.0, 0.0, 0.0, 0.0]",-0.25983285903930664,-0.3850291967391968,0.027773495763540268,1.1028579473495483,1.1970077753067017,0.0,0.0,10.436376882343732
750,750,26,target_left,1,"[0.009999999776482582, 0.0, 0.0, 0.0]",-0.3093878924846649,-0.3073640465736389,0.016104573383927345,1.0650919675827026,1.1510316133499146,0.10024973750114441,10.436376882343732,16.12333313489332
750,750,26,target_left,2,"[0.019999999552965164, 0.0, 0.0, 0.0]",-0.2766605317592621,-0.3199496865272522,0.01457193959504366,1.0565606355667114,1.1381746530532837,0.03611939772963524,16.12333313489332,21.396831837344525
750,750,26,target_left,3,"[0.029999999329447746, 0.0, 0.0, 0.0]",-0.2316763997077942,-0.32941895723342896,0.014135492034256458,1.053437352180481,1.1278833150863647,0.04607802629470825,21.396831837344525,26.439238754861748
750,750,26,ramp,0,"[-0.5, -0.4333333373069763, -0.36666667461395264, -0.30000001192092896]",-0.8032329082489014,-0.719703733921051,0.014826234430074692,0.9866688847541809,1.4618111848831177,0.0,0.0,12.993923030525579
750,750,26,ramp,1,"[-0.47999998927116394, -0.41333332657814026, -0.3466666638851166, -0.2800000011920929]",-0.7629952430725098,-0.7296205759048462,0.011007881723344326,1.0021687746047974,1.4556686878204346,0.04440990835428238,12.993923030525579,20.24577535544164
750,750,26,ramp,2,"[-0.46000000834465027, -0.3933333456516266, -0.3266666829586029, -0.2600000202655792]",-0.8443834185600281,-0.7708254456520081,0.013116193935275078,1.009938359260559,1.5255500078201294,0.09157885611057281,20.24577535544164,27.001371785330434
750,750,26,ramp,3,"[-0.4399999976158142, -0.3733333349227905, -0.30666667222976685, -0.24000000953674316]",-0.8635075092315674,-0.7815555930137634,0.012655670754611492,1.0204471349716187,1.5485305786132812,0.024321047589182854,27.001371785330434,33.34321938456565
775,775,26,zero_hold,0,"[0.0, 0.0, 0.0, 0.0]",0.03197378292679787,-0.14792682230472565,0.026703447103500366,0.8634615540504456,0.8770310878753662,0.0,0.0,7.040026105326418
775,775,26,zero_hold,1,"[0.0, 0.0, 0.0, 0.0]",0.03489060699939728,-0.144000843167305,0.025105582550168037,1.0258996486663818,1.0368480682373047,0.16251955926418304,7.040026105326418,11.359579661653498
775,775,26,zero_hold,2,"[0.0, 0.0, 0.0, 0.0]",0.08617734909057617,-0.09620123356580734,0.01771395467221737,1.0251128673553467,1.0333689451217651,0.07050097733736038,11.359579661653498,15.433093946133646
775,775,26,zero_hold,3,"[0.0, 0.0, 0.0, 0.0]",-0.007571510970592499,-0.057132892310619354,0.013445105403661728,1.0103108882904053,1.0120426416397095,0.10272539407014847,15.433093946133646,19.191343634473043
775,775,26,target_ahead,0,"[0.0, 0.0, 0.0, 0.0]",0.9839186668395996,-0.5491953492164612,0.01096586138010025,1.1231434345245361,1.5910005569458008,0.0,0.0,11.584065333226995
775,775,26,target_ahead,1,"[0.009999999776482582, 0.0, 0.0, 0.0]",1.2902005910873413,-0.24393567442893982,-0.01051334384828806,1.0233806371688843,1.6647944450378418,0.4443040192127228,11.584065333226995,17.010134170474423
775,775,26,target_ahead,2,"[0.019999999552965164, 0.0, 0.0, 0.0]",1.142604947090149,-0.3480570614337921,-0.014094050042331219,1.0186247825622559,1.5698678493499756,0.18072403967380524,17.010134170474423,21.718042645770517
775,775,26,target_ahead,3,"[0.029999999329447746, 0.0, 0.0, 0.0]",0.758049726486206,-0.42699795961380005,-0.012171677313745022,1.025224208831787,1.3446930646896362,0.39263421297073364,21.718042645770517,26.284686175803515
775,775,26,target_left,0,"[0.0, 0.0, 0.0, 0.0]",-0.25000882148742676,-0.39544621109962463,0.022857487201690674,1.1118314266204834,1.206471562385559,0.0,0.0,10.416397706249699
775,775,26,target_left,1,"[0.009999999776482582, 0.0, 0.0, 0.0]",-0.29850903153419495,-0.3216148316860199,0.011253169737756252,1.0774197578430176,1.16340172290802,0.09551002830266953,10.416397706249699,16.093501998777914
775,775,26,target_left,2,"[0.019999999552965164, 0.0, 0.0, 0.0]",-0.2673872113227844,-0.3314284384250641,0.009494377300143242,1.0694870948791504,1.1511878967285156,0.03362878039479256,16.093501998777914,21.360948123012044
775,775,26,target_left,3,"[0.029999999329447746, 0.0, 0.0, 0.0]",-0.22474554181098938,-0.33925381302833557,0.009090390056371689,1.066544532775879,1.1415793895721436,0.04345538467168808,21.360948123012044,26.396262449992932
775,775,26,ramp,0,"[-0.5, -0.4333333373069763, -0.36666667461395264, -0.30000001192092896]",-0.8133552074432373,-0.7383268475532532,0.007326736114919186,1.0049452781677246,1.4888391494750977,0.0,0.0,12.990886802475275
775,775,26,ramp,1,"[-0.47999998927116394, -0.41333332657814026, -0.3466666638851166, -0.2800000011920929]",-0.7844079732894897,-0.7553432583808899,0.004698915407061577,1.0199421644210815,1.4920265674591064,0.0368688590824604,12.990886802475275,20.240222167579766
775,775,26,ramp,2,"[-0.46000000834465027, -0.3933333456516266, -0.3266666829586029, -0.2600000202655792]",-0.865811824798584,-0.797636091709137,0.006995838135480881,1.0271940231323242,1.5623795986175537,0.09204963594675064,20.240222167579766,26.993490734567782
775,775,26,ramp,3,"[-0.4399999976158142, -0.3733333349227905, -0.30666667222976685, -0.24000000953674316]",-0.8840771913528442,-0.8080490231513977,0.0066444301046431065,1.0377821922302246,1.5847939252853394,0.02354327030479908,26.993490734567782,33.326988956744415
800,800,26,zero_hold,0,"[0.0, 0.0, 0.0, 0.0]",0.027181776240468025,-0.13993242383003235,0.03197323903441429,0.8605754375457764,0.8728873133659363,0.0,0.0,7.0446041166255755
800,800,26,zero_hold,1,"[0.0, 0.0, 0.0, 0.0]",0.02000226266682148,-0.13507266342639923,0.033103808760643005,1.0215271711349487,1.031144142150879,0.1611890196800232,7.0446041166255755,11.363360425847008
800,800,26,zero_hold,2,"[0.0, 0.0, 0.0, 0.0]",0.0719195008277893,-0.08726441115140915,0.026449821889400482,1.0207833051681519,1.0273683071136475,0.07089328020811081,11.363360425847008,15.435634873622863
800,800,26,zero_hold,3,"[0.0, 0.0, 0.0, 0.0]",-0.0189682450145483,-0.04864651709794998,0.02234271913766861,1.0056259632110596,1.0072283744812012,0.09999268501996994,15.435634873622863,19.192206717439284
800,800,26,target_ahead,0,"[0.0, 0.0, 0.0, 0.0]",0.9806785583496094,-0.529532253742218,0.02136002667248249,1.1151615381240845,1.5767613649368286,0.0,0.0,11.558144400426217
800,800,26,target_ahead,1,"[0.009999999776482582, 0.0, 0.0, 0.0]",1.2830482721328735,-0.21859167516231537,0.0019279569387435913,1.013154149055481,1.6493878364562988,0.44597598910331726,11.558144400426217,16.979345893046858
800,800,26,target_ahead,2,"[0.019999999552965164, 0.0, 0.0, 0.0]",1.142828106880188,-0.314911812543869,0.000648857094347477,1.006556510925293,1.55511474609375,0.1702481359243393,16.979345893046858,21.677281189602592
800,800,26,target_ahead,3,"[0.029999999329447746, 0.0, 0.0, 0.0]",0.766936182975769,-0.3874455392360687,0.0028745941817760468,1.013994812965393,1.329097032546997,0.38290488719940186,21.677281189602592,26.232963272495244
800,800,26,target_left,0,"[0.0, 0.0, 0.0, 0.0]",-0.249997079372406,-0.3847663700580597,0.031175145879387856,1.1039512157440186,1.1959196329116821,0.0,0.0,10.415494752094874
800,800,26,target_left,1,"[0.009999999776482582, 0.0, 0.0, 0.0]",-0.30882707238197327,-0.3113030195236206,0.0191319789737463,1.0660359859466553,1.1528583765029907,0.10217844694852829,10.415494752094874,16.087599732516853
800,800,26,target_left,2,"[0.019999999552965164, 0.0, 0.0, 0.0]",-0.27882543206214905,-0.32072919607162476,0.01712365448474884,1.0579437017440796,1.1402407884597778,0.03253412991762161,16.087599732516853,21.35436165944094
800,800,26,target_left,3,"[0.029999999329447746, 0.0, 0.0, 0.0]",-0.23435741662979126,-0.3275396525859833,0.016547342762351036,1.0546560287475586,1.129060983657837,0.04511016979813576,21.35436165944094,26.388424261740703
800,800,26,ramp,0,"[-0.5, -0.4333333373069763, -0.36666667461395264, -0.30000001192092896]",-0.7996041774749756,-0.7311373353004456,0.01750415563583374,0.9846813082695007,1.4641832113265991,0.0,0.0,12.987972333813715
800,800,26,ramp,1,"[-0.47999998927116394, -0.41333332657814026, -0.3466666638851166, -0.2800000011920929]",-0.7763222455978394,-0.7520251274108887,0.013307837769389153,0.9996177554130554,1.4722875356674194,0.03491496667265892,12.987972333813715,20.24096317135988
800,800,26,ramp,2,"[-0.46000000834465027, -0.3933333456516266, -0.3266666829586029, -0.2600000202655792]",-0.8597841262817383,-0.7958084940910339,0.01534375362098217,1.0072509050369263,1.5450985431671143,0.09457948058843613,20.24096317135988,26.99359687304691
800,800,26,ramp,3,"[-0.4399999976158142, -0.3733333349227905, -0.30666667222976685, -0.24000000953674316]",-0.8785375952720642,-0.8064510822296143,0.014784397557377815,1.0178799629211426,1.5679572820663452,0.024046767503023148,26.99359687304691,33.32341761546484
825,825,26,zero_hold,0,"[0.0, 0.0, 0.0, 0.0]",0.03511474281549454,-0.14128123223781586,0.025227967649698257,0.8623777627944946,0.8749430179595947,0.0,0.0,7.038923630027641
825,825,26,zero_hold,1,"[0.0, 0.0, 0.0, 0.0]",0.025248363614082336,-0.13922399282455444,0.021992076188325882,1.0284174680709839,1.038338541984558,0.16637678444385529,7.038923630027641,11.360992440994275
825,825,26,zero_hold,2,"[0.0, 0.0, 0.0, 0.0]",0.06847492605447769,-0.09398113936185837,0.014297960326075554,1.0290387868881226,1.0356864929199219,0.06304789334535599,11.360992440994275,15.439206694612963
825,825,26,zero_hold,3,"[0.0, 0.0, 0.0, 0.0]",-0.02192980796098709,-0.056107744574546814,0.010081213898956776,1.0144792795181274,1.016316294670105,0.09918250888586044,15.439206694612963,19.203821485686728
825,825,26,target_ahead,0,"[0.0, 0.0, 0.0, 0.0]",0.9746164083480835,-0.5299149751663208,0.008343612775206566,1.1109064817428589,1.5699903964996338,0.0,0.0,11.545675963584475
825,825,26,target_ahead,1,"[0.009999999776482582, 0.0, 0.0, 0.0]",1.2775421142578125,-0.21764984726905823,-0.011039524339139462,1.0139814615249634,1.6455289125442505,0.44614309072494507,11.545675963584475,16.96998977699856
825,825,26,target_ahead,2,"[0.019999999552965164, 0.0, 0.0, 0.0]",1.1541354656219482,-0.3115166425704956,-0.012394736520946026,1.0056966543197632,1.562258243560791,0.15527604520320892,16.96998977699856,21.657101022427106
825,825,26,target_ahead,3,"[0.029999999329447746, 0.0, 0.0, 0.0]",0.7818896174430847,-0.3854749798774719,-0.010254626162350178,1.0116629600524902,1.3354809284210205,0.3795747458934784,21.657101022427106,26.198903840403293
825,825,26,target_left,0,"[0.0, 0.0, 0.0, 0.0]",-0.23251955211162567,-0.3871256709098816,0.021047774702310562,1.1104304790496826,1.198928952217102,0.0,0.0,10.405481256837835
825,825,26,target_left,1,"[0.009999999776482582, 0.0, 0.0, 0.0]",-0.2966647744178772,-0.3175756335258484,0.006332447752356529,1.0785903930664062,1.1628679037094116,0.10090663284063339,10.405481256837835,16.07507353283686
825,825,26,target_left,2,"[0.019999999552965164, 0.0, 0.0, 0.0]",-0.2707127332687378,-0.32683807611465454,0.004117024131119251,1.0718506574630737,1.152817964553833,0.02845405787229538,16.07507353283686,21.33660023021648
825,825,26,target_left,3,"[0.029999999329447746, 0.0, 0.0, 0.0]",-0.22713004052639008,-0.33321189880371094,0.0034803077578544617,1.0689305067062378,1.142472267150879,0.044147588312625885,21.33660023021648,26.364452003536275
825,825,26,ramp,0,"[-0.5, -0.4333333373069763, -0.36666667461395264, -0.30000001192092896]",-0.7722498178482056,-0.733863353729248,0.007464716210961342,0.99821937084198,1.4599392414093018,0.0,0.0,12.987165886461538
825,825,26,ramp,1,"[-0.47999998927116394, -0.41333332657814026, -0.3466666638851166, -0.2800000011920929]",-0.7491865754127502,-0.7581760287284851,-0.00026269350200891495,1.0150498151779175,1.4718823432922363,0.03828832879662514,12.987165886461538,20.232175915015247
825,825,26,ramp,2,"[-0.46000000834465027, -0.3933333456516266, -0.3266666829586029, -0.2600000202655792]",-0.8340686559677124,-0.802496075630188,0.0011907294392585754,1.0238006114959717,1.5452635288238525,0.09616612643003464,20.232175915015247,26.975287225335162
825,825,26,ramp,3,"[-0.4399999976158142, -0.3733333349227905, -0.30666667222976685, -0.24000000953674316]",-0.8531662821769714,-0.8136155605316162,0.0005675386637449265,1.0346810817718506,1.5685752630233765,0.024640114977955818,26.975287225335162,33.2963379039312
850,850,26,zero_hold,0,"[0.0, 0.0, 0.0, 0.0]",0.02968047931790352,-0.14020903408527374,0.027567395940423012,0.8605355024337769,0.8728234767913818,0.0,0.0,7.040157228038664
850,850,26,zero_hold,1,"[0.0, 0.0, 0.0, 0.0]",0.023667532950639725,-0.13891440629959106,0.026324313133955002,1.0277384519577026,1.037688136100769,0.16732065379619598,7.040157228038664,11.366544370271384
850,850,26,zero_hold,2,"[0.0, 0.0, 0.0, 0.0]",0.07375895977020264,-0.09495828300714493,0.019512388855218887,1.029245138168335,1.036428451538086,0.06700719892978668,11.366544370271384,15.446982217949415
850,850,26,zero_hold,3,"[0.0, 0.0, 0.0, 0.0]",-0.01092575117945671,-0.058361321687698364,0.015720471739768982,1.0151888132095337,1.0170451402664185,0.09339591860771179,15.446982217949415,19.21313006430782
850,850,26,target_ahead,0,"[0.0, 0.0, 0.0, 0.0]",0.9734417200088501,-0.5260630249977112,0.011660268530249596,1.1125622987747192,1.5691596269607544,0.0,0.0,11.54638390454112
850,850,26,target_ahead,1,"[0.009999999776482582, 0.0, 0.0, 0.0]",1.2858185768127441,-0.22301295399665833,-0.005179038271307945,1.0196073055267334,1.656106948852539,0.44535696506500244,11.54638390454112,16.98305210157171
850,850,26,target_ahead,2,"[0.019999999552965164, 0.0, 0.0, 0.0]",1.1759235858917236,-0.3144873082637787,-0.005570093169808388,1.0139893293380737,1.5842676162719727,0.143095001578331,16.98305210157171,21.682666353565008
850,850,26,target_ahead,3,"[0.029999999329447746, 0.0, 0.0, 0.0]",0.8205985426902771,-0.388397753238678,-0.0038599781692028046,1.0192562341690063,1.3649662733078003,0.36297285556793213,21.682666353565008,26.23183041819908
850,850,26,target_left,0,"[0.0, 0.0, 0.0, 0.0]",-0.24114109575748444,-0.38747432827949524,0.022489316761493683,1.1057666540145874,1.1964577436447144,0.0,0.0,10.4117738087591
850,850,26,target_left,1,"[0.009999999776482582, 0.0, 0.0, 0.0]",-0.29389655590057373,-0.3199242949485779,0.006818012334406376,1.0740584135055542,1.1586090326309204,0.09272080659866333,10.4117738087591,16.091601428585363
850,850,26,target_left,2,"[0.019999999552965164, 0.0, 0.0, 0.0]",-0.2596617043018341,-0.33147531747817993,0.0040523093193769455,1.066751480102539,1.1468545198440552,0.03696608915925026,16.091601428585363,21.36429091079062
850,850,26,target_left,3,"[0.029999999329447746, 0.0, 0.0, 0.0]",-0.2170572429895401,-0.3386082053184509,0.003238954581320286,1.0635961294174194,1.1371088027954102,0.04332015663385391,21.36429091079062,26.405703423683825
850,850,26,ramp,0,"[-0.5, -0.4333333373069763, -0.36666667461395264, -0.30000001192092896]",-0.7846179008483887,-0.7275550365447998,0.005616748705506325,0.9813705682754517,1.4519233703613281,0.0,0.0,12.993886939246707
850,850,26,ramp,1,"[-0.47999998927116394, -0.41333332657814026, -0.3466666638851166, -0.2800000011920929]",-0.7499493360519409,-0.7484959959983826,-0.002965269610285759,1.0008620023727417,1.4575334787368774,0.04576024413108826,12.993886939246707,20.236286172168615
850,850,26,ramp,2,"[-0.46000000834465027, -0.3933333456516266, -0.3266666829586029, -0.2600000202655792]",-0.8304626941680908,-0.7922956943511963,-0.0016551464796066284,1.0090428590774536,1.5282574892044067,0.09202965348958969,20.236286172168615,26.97778427454569
850,850,26,ramp,3,"[-0.4399999976158142, -0.3733333349227905, -0.30666667222976685, -0.24000000953674316]",-0.8471932411193848,-0.8035936951637268,-0.002332889474928379,1.0200906991958618,1.550512671470642,0.023023253306746483,26.97778427454569,33.300649244256135
875,875,26,zero_hold,0,"[0.0, 0.0, 0.0, 0.0]",0.023778459057211876,-0.13756448030471802,0.02936330996453762,0.8553909659385681,0.8672054409980774,0.0,0.0,7.043330391838675
875,875,26,zero_hold,1,"[0.0, 0.0, 0.0, 0.0]",0.004099531099200249,-0.13408416509628296,0.029058268293738365,1.0194146633148193,1.028613567352295,0.1652369201183319,7.043330391838675,11.374897429148396
875,875,26,zero_hold,2,"[0.0, 0.0, 0.0, 0.0]",0.04479388892650604,-0.08735288679599762,0.022280622273683548,1.0197420120239258,1.0246986150741577,0.06233688071370125,11.374897429148396,15.460421403684313
875,875,26,zero_hold,3,"[0.0, 0.0, 0.0, 0.0]",-0.04172930866479874,-0.04794169217348099,0.018333788961172104,1.0048034191131592,1.0069785118103027,0.0963236466050148,15.460421403684313,19.232381475544404
875,875,26,target_ahead,0,"[0.0, 0.0, 0.0, 0.0]",0.972326934337616,-0.5200381278991699,0.010138493031263351,1.1012953519821167,1.5584651231765747,0.0,0.0,11.542057052675842
875,875,26,target_ahead,1,"[0.009999999776482582, 0.0, 0.0, 0.0]",1.2773284912109375,-0.21175725758075714,-0.0031929397955536842,1.0095250606536865,1.6418161392211914,0.44346654415130615,11.542057052675842,16.983283793468537
875,875,26,target_ahead,2,"[0.019999999552965164, 0.0, 0.0, 0.0]",1.1747816801071167,-0.3024783432483673,-0.0032606981694698334,1.0037158727645874,1.5745035409927368,0.13703982532024384,16.983283793468537,21.684859442918743
875,875,26,target_ahead,3,"[0.029999999329447746, 0.0, 0.0, 0.0]",0.8140190839767456,-0.37504512071609497,-0.0013199495151638985,1.0110454559326172,1.351110816001892,0.368066668510437,21.684859442918743,26.232422516106027
875,875,26,target_left,0,"[0.0, 0.0, 0.0, 0.0]",-0.25662609934806824,-0.3764091730117798,0.02189537324011326,1.0989199876785278,1.189808964729309,0.0,0.0,10.415902691764126
875,875,26,target_left,1,"[0.009999999776482582, 0.0, 0.0, 0.0]",-0.3184552788734436,-0.30225157737731934,0.005453089717775583,1.0660409927368164,1.1529279947280884,0.10331298410892487,10.415902691764126,16.1047849087484
875,875,26,target_left,2,"[0.019999999552965164, 0.0, 0.0, 0.0]",-0.2848774492740631,-0.31177055835723877,0.002413884736597538,1.0581599473953247,1.1393262147903442,0.03590862452983856,16.1047849087484,21.388045915424687
875,875,26,target_left,3,"[0.029999999329447746, 0.0, 0.0, 0.0]",-0.24175219237804413,-0.31857913732528687,0.0017652101814746857,1.0549829006195068,1.1282414197921753,0.04377966374158859,21.388045915424687,26.441263427398574
875,875,26,ramp,0,"[-0.5, -0.4333333373069763, -0.36666667461395264, -0.30000001192092896]",-0.7857080101966858,-0.7116954326629639,0.0002530822530388832,0.9766486287117004,1.4414194822311401,0.0,0.0,12.99755877883354
875,875,26,ramp,1,"[-0.47999998927116394, -0.41333332657814026, -0.3466666638851166, -0.2800000011920929]",-0.7522100806236267,-0.7288479804992676,-0.010034194216132164,0.9885469079017639,1.4402656555175781,0.04078870266675949,12.99755877883354,20.243116360110065
875,875,26,ramp,2,"[-0.46000000834465027, -0.3933333456516266, -0.3266666829586029, -0.2600000202655792]",-0.8356758952140808,-0.7718254923820496,-0.008967312052845955,0.9957881569862366,1.5118675231933594,0.09416572004556656,20.243116360110065,26.98981350828967
875,875,26,ramp,3,"[-0.4399999976158142, -0.3733333349227905, -0.30666667222976685, -0.24000000953674316]",-0.8539562821388245,-0.7827159762382507,-0.009645257145166397,1.006568193435669,1.5346524715423584,0.02386302500963211,26.98981350828967,33.32104109382316
900,900,26,zero_hold,0,"[0.0, 0.0, 0.0, 0.0]",0.03447302058339119,-0.1354934275150299,0.02729274518787861,0.8607885241508484,0.8724956512451172,0.0,0.0,7.036968052139037
900,900,26,zero_hold,1,"[0.0, 0.0, 0.0, 0.0]",0.012934811413288116,-0.1364528238773346,0.025760669261217117,1.0343480110168457,1.0437078475952148,0.1749001294374466,7.036968052139037,11.369692965156897
900,900,26,zero_hold,2,"[0.0, 0.0, 0.0, 0.0]",0.05407508835196495,-0.09323158115148544,0.017325377091765404,1.037447214126587,1.0431745052337646,0.0603436604142189,11.369692965156897,15.454845710801102
900,900,26,zero_hold,3,"[0.0, 0.0, 0.0, 0.0]",-0.036565814167261124,-0.054497115314006805,0.012560829520225525,1.022758960723877,1.0249392986297607,0.0997726246714592,15.454845710801102,19.227031068559924
900,900,26,target_ahead,0,"[0.0, 0.0, 0.0, 0.0]",0.9894440770149231,-0.5252032279968262,0.0001339353621006012,1.1038204431533813,1.5726593732833862,0.0,0.0,11.552619728792322
900,900,26,target_ahead,1,"[0.009999999776482582, 0.0, 0.0, 0.0]",1.3098657131195068,-0.22008895874023438,-0.012329458259046078,1.0148065090179443,1.6715775728225708,0.4514903724193573,11.552619728792322,16.99226562364112
900,900,26,target_ahead,2,"[0.019999999552965164, 0.0, 0.0, 0.0]",1.2131741046905518,-0.3068959414958954,-0.014281638897955418,1.0098774433135986,1.6081147193908691,0.13004931807518005,16.99226562364112,21.698287899428724
900,900,26,target_ahead,3,"[0.029999999329447746, 0.0, 0.0, 0.0]",0.8733649849891663,-0.37872031331062317,-0.013289014808833599,1.0184154510498047,1.394109845161438,0.34742316603660583,21.698287899428724,26.2532901867604
900,900,26,target_left,0,"[0.0, 0.0, 0.0, 0.0]",-0.26103875041007996,-0.37522557377815247,0.018962129950523376,1.1078150272369385,1.1985613107681274,0.0,0.0,10.406433521319734
900,900,26,target_left,1,"[0.009999999776482582, 0.0, 0.0, 0.0]",-0.3243809938430786,-0.3023918867111206,0.0033536674454808235,1.0807145833969116,1.1681691408157349,0.10146449506282806,10.406433521319734,16.090170446342306
900,900,26,target_left,2,"[0.019999999552965164, 0.0, 0.0, 0.0]",-0.2893410623073578,-0.31349706649780273,-0.00017594918608665466,1.0723751783370972,1.1541175842285156,0.03785664588212967,16.090170446342306,21.362883173031186
900,900,26,target_left,3,"[0.029999999329447746, 0.0, 0.0, 0.0]",-0.24137675762176514,-0.321311891078949,-0.0010115141049027443,1.0688873529434204,1.1419392824172974,0.04872893542051315,21.362883173031186,26.403233737350334
900,900,26,ramp,0,"[-0.5, -0.4333333373069763, -0.36666667461395264, -0.30000001192092896]",-0.7887420654296875,-0.7103330492973328,-0.0018692044541239738,0.9869444966316223,1.4493963718414307,0.0,0.0,12.991206797011097
900,900,26,ramp,1,"[-0.47999998927116394, -0.41333332657814026, -0.3466666638851166, -0.2800000011920929]",-0.763047456741333,-0.7263414859771729,-0.010636878199875355,1.0009772777557373,1.4532315731048584,0.034500349313020706,12.991206797011097,20.247667567107506
900,900,26,ramp,2,"[-0.46000000834465027, -0.3933333456516266, -0.3266666829586029, -0.2600000202655792]",-0.8426998257637024,-0.769024133682251,-0.009784462861716747,1.009635090827942,1.5234827995300293,0.0907854214310646,20.247667567107506,27.00225148857589
900,900,26,ramp,3,"[-0.4399999976158142, -0.3733333349227905, -0.30666667222976685, -0.24000000953674316]",-0.860749363899231,-0.7795426249504089,-0.010419181548058987,1.0202810764312744,1.5458519458770752,0.023455582559108734,27.00225148857589,33.33783983577893
925,925,26,zero_hold,0,"[0.0, 0.0, 0.0, 0.0]",0.021692892536520958,-0.137643963098526,0.02912023663520813,0.8627229332923889,0.874388575553894,0.0,0.0,7.033655627232664
925,925,26,zero_hold,1,"[0.0, 0.0, 0.0, 0.0]",-0.006838688626885414,-0.13384179770946503,0.02972918376326561,1.0376982688903809,1.0467387437820435,0.17732807993888855,7.033655627232664,11.363885830573839
925,925,26,zero_hold,2,"[0.0, 0.0, 0.0, 0.0]",0.03639373928308487,-0.08739934116601944,0.022534288465976715,1.0402398109436035,1.0447821617126465,0.06390751153230667,11.363885830573839,15.449919996798208
925,925,26,zero_hold,3,"[0.0, 0.0, 0.0, 0.0]",-0.043815888464450836,-0.049041323363780975,0.01832936331629753,1.0247459411621094,1.027017593383789,0.09034746140241623,15.449919996798208,19.221371978862127
925,925,26,target_ahead,0,"[0.0, 0.0, 0.0, 0.0]",0.9682460427284241,-0.5248593688011169,0.005768793169409037,1.0996953248977661,1.5563870668411255,0.0,0.0,11.549564683464164
925,925,26,target_ahead,1,"[0.009999999776482582, 0.0, 0.0, 0.0]",1.2869442701339722,-0.22972111403942108,-0.007906167767941952,1.0094714164733887,1.6516938209533691,0.4438496232032776,11.549564683464164,16.988263409409605
925,925,26,target_ahead,2,"[0.019999999552965164, 0.0, 0.0, 0.0]",1.2031277418136597,-0.3139576017856598,-0.011475964449346066,1.0009183883666992,1.596262812614441,0.11919267475605011,16.988263409409605,21.700876292978688
925,925,26,target_ahead,3,"[0.029999999329447746, 0.0, 0.0, 0.0]",0.8654760718345642,-0.3851722776889801,-0.011099756695330143,1.0063689947128296,1.382138967514038,0.34512320160865784,21.700876292978688,26.257263244340162
925,925,26,target_left,0,"[0.0, 0.0, 0.0, 0.0]",-0.2683466672897339,-0.37995725870132446,0.025127211585640907,1.1071522235870361,1.2011640071868896,0.0,0.0,10.402142573318782
925,925,26,target_left,1,"[0.009999999776482582, 0.0, 0.0, 0.0]",-0.33275094628334045,-0.30828604102134705,0.01299280021339655,1.0844764709472656,1.1755940914154053,0.09973017871379852,10.402142573318782,16.08192589530446
925,925,26,target_left,2,"[0.019999999552965164, 0.0, 0.0, 0.0]",-0.2954407334327698,-0.32415324449539185,0.010372032411396503,1.077223300933838,1.163132905960083,0.04127101972699165,16.08192589530446,21.346976626818705
925,925,26,target_left,3,"[0.029999999329447746, 0.0, 0.0, 0.0]",-0.24825328588485718,-0.3353564441204071,0.009704431518912315,1.0742478370666504,1.1524739265441895,0.048594918102025986,21.346976626818705,26.37997059111028
925,925,26,ramp,0,"[-0.5, -0.4333333373069763, -0.36666667461395264, -0.30000001192092896]",-0.7913005352020264,-0.6994122862815857,0.007108926773071289,0.9813565611839294,1.4416813850402832,0.0,0.0,12.985060766782102
925,925,26,ramp,1,"[-0.47999998927116394, -0.41333332657814026, -0.3466666638851166, -0.2800000011920929]",-0.7791866064071655,-0.7137763500213623,0.002188274636864662,1.002755880355835,1.4567540884017944,0.02890012599527836,12.985060766782102,20.23139727777391
925,925,26,ramp,2,"[-0.46000000834465027, -0.3933333456516266, -0.3266666829586029, -0.2600000202655792]",-0.8648232221603394,-0.7570735216140747,0.0041153645142912865,1.0144472122192383,1.5330361127853394,0.09668854624032974,20.23139727777391,26.98155949720325
925,925,26,ramp,3,"[-0.4399999976158142, -0.3733333349227905, -0.30666667222976685, -0.24000000953674316]",-0.8860188722610474,-0.7681016325950623,0.003751286305487156,1.0254250764846802,1.5577292442321777,0.026296785101294518,26.98155949720325,33.31122016254143
950,950,26,zero_hold,0,"[0.0, 0.0, 0.0, 0.0]",0.02303561195731163,-0.13718841969966888,0.03422633931040764,0.8608238101005554,0.8726628422737122,0.0,0.0,7.030644541455616
950,950,26,zero_hold,1,"[0.0, 0.0, 0.0, 0.0]",-0.006444666534662247,-0.13472194969654083,0.03763044252991676,1.0365477800369263,1.045963168144226,0.17822927236557007,7.030644541455616,11.360111698238878
950,950,26,zero_hold,2,"[0.0, 0.0, 0.0, 0.0]",0.03916211053729057,-0.08918365836143494,0.03151894733309746,1.039222240447998,1.0442527532577515,0.0647936537861824,11.360111698238878,15.445446980864507
950,950,26,zero_hold,3,"[0.0, 0.0, 0.0, 0.0]",-0.043424513190984726,-0.05164705589413643,0.02794266864657402,1.024065613746643,1.026666522026062,0.09204379469156265,15.445446980864507,19.213193486905322
950,950,26,target_ahead,0,"[0.0, 0.0, 0.0, 0.0]",0.9748339056968689,-0.5242012143135071,0.013922691345214844,1.0955328941345215,1.5573934316635132,0.0,0.0,11.55047334466072
950,950,26,target_ahead,1,"[0.009999999776482582, 0.0, 0.0, 0.0]",1.2980104684829712,-0.22715765237808228,-0.002031044103205204,1.0076483488082886,1.6588523387908936,0.44794660806655884,11.55047334466072,16.981748368947628
950,950,26,target_ahead,2,"[0.019999999552965164, 0.0, 0.0, 0.0]",1.2171913385391235,-0.312430202960968,-0.004260209389030933,1.0015701055526733,1.6069624423980713,0.11766500771045685,16.981748368947628,21.688688407347826
950,950,26,target_ahead,3,"[0.029999999329447746, 0.0, 0.0, 0.0]",0.8769394755363464,-0.3843245804309845,-0.0032302839681506157,1.008480429649353,1.3906010389328003,0.34783464670181274,21.688688407347826,26.240636501241955
950,950,26,target_left,0,"[0.0, 0.0, 0.0, 0.0]",-0.27059876918792725,-0.3739716708660126,0.03562942147254944,1.1079317331314087,1.2007750272750854,0.0,0.0,10.40787184506369
950,950,26,target_left,1,"[0.009999999776482582, 0.0, 0.0, 0.0]",-0.33453673124313354,-0.30260583758354187,0.026536613702774048,1.0832315683364868,1.1737035512924194,0.09936761111021042,10.40787184506369,16.08697135569337
950,950,26,target_left,2,"[0.019999999552965164, 0.0, 0.0, 0.0]",-0.28860530257225037,-0.3179117441177368,0.0244319848716259,1.0754398107528687,1.1582437753677368,0.049082666635513306,16.08697135569337,21.352306151669595
950,950,26,target_left,3,"[0.029999999329447746, 0.0, 0.0, 0.0]",-0.2421943098306656,-0.3276520073413849,0.02377885952591896,1.071874976158142,1.1469504833221436,0.04756035655736923,21.352306151669595,26.383662014804568
950,950,26,ramp,0,"[-0.5, -0.4333333373069763, -0.36666667461395264, -0.30000001192092896]",-0.7909377217292786,-0.6990125775337219,0.025535335764288902,0.9895557761192322,1.4470914602279663,0.0,0.0,12.982089636080842
950,950,26,ramp,1,"[-0.47999998927116394, -0.41333332657814026, -0.3466666638851166, -0.2800000011920929]",-0.7777434587478638,-0.7155736684799194,0.02480068989098072,1.0080925226211548,1.4607518911361694,0.028151536360383034,12.982089636080842,20.229231959839492
950,950,26,ramp,2,"[-0.46000000834465027, -0.3933333456516266, -0.3266666829586029, -0.2600000202655792]",-0.8580655455589294,-0.7581352591514587,0.026834871619939804,1.019728660583496,1.5334967374801636,0.09166605025529861,20.229231959839492,26.98426662103528
950,950,26,ramp,3,"[-0.4399999976158142, -0.3733333349227905, -0.30666667222976685, -0.24000000953674316]",-0.878199577331543,-0.7690548300743103,0.02623673900961876,1.030286431312561,1.5571956634521484,0.025227772071957588,26.98426662103528,33.31896728598528
975,975,26,zero_hold,0,"[0.0, 0.0, 0.0, 0.0]",0.029410455375909805,-0.14676667749881744,0.03312181308865547,0.8558225035667419,0.8694450259208679,0.0,0.0,7.026557423635579
975,975,26,zero_hold,1,"[0.0, 0.0, 0.0, 0.0]",0.00512256845831871,-0.14766572415828705,0.03664688020944595,1.028458833694458,1.039664387702942,0.17437441647052765,7.026557423635579,11.353909015938799
975,975,26,zero_hold,2,"[0.0, 0.0, 0.0, 0.0]",0.057460393756628036,-0.10098577290773392,0.029914358630776405,1.0294182300567627,1.036386251449585,0.07045929878950119,11.353909015938799,15.438597119135299
975,975,26,zero_hold,3,"[0.0, 0.0, 0.0, 0.0]",-0.024866577237844467,-0.061427488923072815,0.02590574324131012,1.0140910148620605,1.0165841579437256,0.09270156919956207,15.438597119135299,19.203700235624108
975,975,26,target_ahead,0,"[0.0, 0.0, 0.0, 0.0]",0.9747947454452515,-0.5408400297164917,0.01213541068136692,1.0808199644088745,1.5527561902999878,0.0,0.0,11.541850595408127
975,975,26,target_ahead,1,"[0.009999999776482582, 0.0, 0.0, 0.0]",1.303006887435913,-0.24497193098068237,-0.002522772178053856,0.9928715825080872,1.6563931703567505,0.450789213180542,11.541850595408127,16.974625259651678
975,975,26,target_ahead,2,"[0.019999999552965164, 0.0, 0.0, 0.0]",1.222548246383667,-0.3315371572971344,-0.0036902353167533875,0.9847541451454163,1.6044610738754272,0.118466816842556,16.974625259651678,21.686058915952362
975,975,26,target_ahead,3,"[0.029999999329447746, 0.0, 0.0, 0.0]",0.8749222159385681,-0.4015347957611084,-0.0021399594843387604,0.9902359843254089,1.381047010421753,0.3546490967273712,21.686058915952362,26.240964013305295
975,975,26,target_left,0,"[0.0, 0.0, 0.0, 0.0]",-0.27449846267700195,-0.38811248540878296,0.03135845810174942,1.0984339714050293,1.19729745388031,0.0,0.0,10.412057775810515
975,975,26,target_left,1,"[0.009999999776482582, 0.0, 0.0, 0.0]",-0.32686108350753784,-0.31951063871383667,0.020778432488441467,1.0705115795135498,1.1641957759857178,0.09132170677185059,10.412057775810515,16.090921283828354
975,975,26,target_left,2,"[0.019999999552965164, 0.0, 0.0, 0.0]",-0.2753216028213501,-0.33688661456108093,0.017449291422963142,1.0632262229919434,1.1489338874816895,0.05497637763619423,16.090921283828354,21.357631542795858
975,975,26,target_left,3,"[0.029999999329447746, 0.0, 0.0, 0.0]",-0.23168738186359406,-0.3466491401195526,0.016406111419200897,1.059935212135315,1.1391122341156006,0.044846080243587494,21.357631542795858,26.39197740973683
975,975,26,ramp,0,"[-0.5, -0.4333333373069763, -0.36666667461395264, -0.30000001192092896]",-0.8050243258476257,-0.7205417156219482,0.017634976655244827,0.9727688431739807,1.4539031982421875,0.0,0.0,12.986295454992709
975,975,26,ramp,1,"[-0.47999998927116394, -0.41333332657814026, -0.3466666638851166, -0.2800000011920929]",-0.8037156462669373,-0.7429907321929932,0.01519063301384449,0.9887904524803162,1.4751038551330566,0.027718905359506607,12.986295454992709,20.23102928139393
975,975,26,ramp,2,"[-0.46000000834465027, -0.3933333456516266, -0.3266666829586029, -0.2600000202655792]",-0.8786399364471436,-0.785939633846283,0.01632765308022499,1.0011155605316162,1.546676516532898,0.08724367618560791,20.23102928139393,26.991088204447788
975,975,26,ramp,3,"[-0.4399999976158142, -0.3733333349227905, -0.30666667222976685, -0.24000000953674316]",-0.8985409140586853,-0.796545147895813,0.01552569679915905,1.0115320682525635,1.5701267719268799,0.024853020906448364,26.991088204447788,33.3302045296047
1000,1000,26,zero_hold,0,"[0.0, 0.0, 0.0, 0.0]",0.03577575832605362,-0.14960724115371704,0.03023553267121315,0.8464682102203369,0.8608628511428833,0.0,0.0,7.01008934613396
1000,1000,26,zero_hold,1,"[0.0, 0.0, 0.0, 0.0]",0.008840637281537056,-0.14929337799549103,0.03367452323436737,1.0114058256149292,1.022957682609558,0.16715814173221588,7.01008934613396,11.320797220126487
1000,1000,26,zero_hold,2,"[0.0, 0.0, 0.0, 0.0]",0.05362803488969803,-0.10349620878696442,0.027654625475406647,1.0099719762802124,1.017052412033081,0.06435516476631165,11.320797220126487,15.384522353208698
1000,1000,26,zero_hold,3,"[0.0, 0.0, 0.0, 0.0]",-0.03633000701665878,-0.06410151720046997,0.023749269545078278,0.9949118494987488,0.9979190826416016,0.0994306281208992,15.384522353208698,19.129733538144986
1000,1000,26,target_ahead,0,"[0.0, 0.0, 0.0, 0.0]",0.9696115851402283,-0.5479483008384705,0.014181328937411308,1.0705289840698242,1.5448713302612305,0.0,0.0,11.54551255487857
1000,1000,26,target_ahead,1,"[0.009999999776482582, 0.0, 0.0, 0.0]",1.288080096244812,-0.2526280879974365,-0.001312614418566227,0.9749615788459778,1.6350911855697632,0.44498249888420105,11.54551255487857,16.960311237078713
1000,1000,26,target_ahead,2,"[0.019999999552965164, 0.0, 0.0, 0.0]",1.2079294919967651,-0.3442144989967346,-0.0031215082854032516,0.968061625957489,1.5857901573181152,0.12191419303417206,16.960311237078713,21.65561288612792
1000,1000,26,target_ahead,3,"[0.029999999329447746, 0.0, 0.0, 0.0]",0.8482194542884827,-0.41722339391708374,-0.001570163294672966,0.9729411005973816,1.3565280437469482,0.3670801520347595,21.65561288612792,26.192329266479884
1000,1000,26,target_left,0,"[0.0, 0.0, 0.0, 0.0]",-0.26245465874671936,-0.39251402020454407,0.024445801973342896,1.0911345481872559,1.1891685724258423,0.0,0.0,10.400898783870147
1000,1000,26,target_left,1,"[0.009999999776482582, 0.0, 0.0, 0.0]",-0.323737770318985,-0.32231050729751587,0.012445925734937191,1.0570430755615234,1.1516011953353882,0.09995188564062119,10.400898783870147,16.062312818995856
1000,1000,26,target_left,2,"[0.019999999552965164, 0.0, 0.0, 0.0]",-0.27655690908432007,-0.33948132395744324,0.008601296693086624,1.0499508380889893,1.1376299858093262,0.050852254033088684,16.062312818995856,21.308718228675048
1000,1000,26,target_left,3,"[0.029999999329447746, 0.0, 0.0, 0.0]",-0.23594442009925842,-0.3487551510334015,0.007328307256102562,1.0470316410064697,1.1285516023635864,0.041779424995183945,21.308718228675048,26.319291329634726
1000,1000,26,ramp,0,"[-0.5, -0.4333333373069763, -0.36666667461395264, -0.30000001192092896]",-0.7985992431640625,-0.7253416180610657,0.005079486407339573,0.9725993275642395,1.4525344371795654,0.0,0.0,12.987592611547688
1000,1000,26,ramp,1,"[-0.47999998927116394, -0.41333332657814026, -0.3466666638851166, -0.2800000011920929]",-0.797615647315979,-0.7518092393875122,0.0011631278321146965,0.9845401644706726,1.4733392000198364,0.029315931722521782,12.987592611547688,20.224405062892636
1000,1000,26,ramp,2,"[-0.46000000834465027, -0.3933333456516266, -0.3266666829586029, -0.2600000202655792]",-0.8709790110588074,-0.7945010662078857,0.0014744773507118225,0.9976364970207214,1.5443824529647827,0.08588588982820511,20.224405062892636,26.97141103950948
1000,1000,26,ramp,3,"[-0.4399999976158142, -0.3733333349227905, -0.30666667222976685, -0.24000000953674316]",-0.8927345275878906,-0.8044227957725525,0.0004366431385278702,1.0081018209457397,1.568547248840332,0.026121702045202255,26.97141103950948,33.29249909250005
1025,1025,26,zero_hold,0,"[0.0, 0.0, 0.0, 0.0]",0.030247410759329796,-0.1489170640707016,0.026347249746322632,0.8542394042015076,0.868049681186676,0.0,0.0,7.010233674392254
1025,1025,26,zero_hold,1,"[0.0, 0.0, 0.0, 0.0]",0.00671771727502346,-0.14973068237304688,0.028285294771194458,1.0280858278274536,1.0393387079238892,0.17544414103031158,7.010233674392254,11.324341520495073
1025,1025,26,zero_hold,2,"[0.0, 0.0, 0.0, 0.0]",0.05512412637472153,-0.10378682613372803,0.020911473780870438,1.0303012132644653,1.037192463874817,0.06718109548091888,11.324341520495073,15.393838107536313
1025,1025,26,zero_hold,3,"[0.0, 0.0, 0.0, 0.0]",-0.034408681094646454,-0.06480399519205093,0.016485974192619324,1.0170637369155884,1.019840121269226,0.09864380955696106,15.393838107536313,19.14450638153071
1025,1025,26,target_ahead,0,"[0.0, 0.0, 0.0, 0.0]",0.9680421948432922,-0.5440434217453003,0.009884202852845192,1.088053822517395,1.5546857118606567,0.0,0.0,11.547798825949693
1025,1025,26,target_ahead,1,"[0.009999999776482582, 0.0, 0.0, 0.0]",1.2828303575515747,-0.2496308535337448,-0.0035060495138168335,1.0014888048171997,1.646499752998352,0.439821720123291,11.547798825949693,16.965650588876056
1025,1025,26,target_ahead,2,"[0.019999999552965164, 0.0, 0.0, 0.0]",1.206558346748352,-0.3428136706352234,-0.004719741642475128,0.998144805431366,1.6030033826828003,0.12047038227319717,16.965650588876056,21.6571609009198
1025,1025,26,target_ahead,3,"[0.029999999329447746, 0.0, 0.0, 0.0]",0.8420361280441284,-0.4165084958076477,-0.0029920581728219986,1.0050175189971924,1.3757083415985107,0.3719644844532013,21.6571609009198,26.189011805552006
1025,1025,26,target_left,0,"[0.0, 0.0, 0.0, 0.0]",-0.27009117603302,-0.38447561860084534,0.017468390986323357,1.1027865409851074,1.1988385915756226,0.0,0.0,10.407927929740287
1025,1025,26,target_left,1,"[0.009999999776482582, 0.0, 0.0, 0.0]",-0.3207608461380005,-0.31721895933151245,0.004661600571125746,1.073983073234558,1.1648935079574585,0.0899140015244484,10.407927929740287,16.077828642595065
1025,1025,26,target_left,2,"[0.019999999552965164, 0.0, 0.0, 0.0]",-0.27269214391708374,-0.3349960446357727,-3.588758409023285e-05,1.0672929286956787,1.1513893604278564,0.05189845338463783,16.077828642595065,21.328278757679247
1025,1025,26,target_left,3,"[0.029999999329447746, 0.0, 0.0, 0.0]",-0.23707103729248047,-0.34401947259902954,-0.0016211997717618942,1.0645884275436401,1.1436359882354736,0.03687971085309982,21.328278757679247,26.342417391887842
1025,1025,26,ramp,0,"[-0.5, -0.4333333373069763, -0.36666667461395264, -0.30000001192092896]",-0.8089686632156372,-0.7119016051292419,-0.0017519425600767136,0.9741852879524231,1.4526782035827637,0.0,0.0,12.98841748036979
1025,1025,26,ramp,1,"[-0.47999998927116394, -0.41333332657814026, -0.3466666638851166, -0.2800000011920929]",-0.8170111775398254,-0.7441776394844055,-0.005546720698475838,0.9875596165657043,1.4820972681045532,0.03605131804943085,12.98841748036979,20.23059985989752
1025,1025,26,ramp,2,"[-0.46000000834465027, -0.3933333456516266, -0.3266666829586029, -0.2600000202655792]",-0.8859562277793884,-0.7871163487434387,-0.005855323746800423,1.0035709142684937,1.5529518127441406,0.08278653025627136,20.23059985989752,26.978588364688175
1025,1025,26,ramp,3,"[-0.4399999976158142, -0.3733333349227905, -0.30666667222976685, -0.24000000953674316]",-0.906541109085083,-0.7974016666412354,-0.006982428953051567,1.0150882005691528,1.5773773193359375,0.02575739473104477,26.978588364688175,33.3026989076906
1050,1050,26,zero_hold,0,"[0.0, 0.0, 0.0, 0.0]",0.022056492045521736,-0.15321794152259827,0.02973310276865959,0.8538336753845215,0.8682615756988525,0.0,0.0,7.023838850465323
1050,1050,26,zero_hold,1,"[0.0, 0.0, 0.0, 0.0]",-0.0077282581478357315,-0.15618517994880676,0.03272024542093277,1.023118495941162,1.0355170965194702,0.17193664610385895,7.023838850465323,11.347758191414377
1050,1050,26,zero_hold,2,"[0.0, 0.0, 0.0, 0.0]",0.03737165033817291,-0.10983400791883469,0.026097411289811134,1.023945927619934,1.0308279991149902,0.06501522660255432,11.347758191414377,15.431552114581638
1050,1050,26,zero_hold,3,"[0.0, 0.0, 0.0, 0.0]",-0.04891608655452728,-0.0706585943698883,0.02202996239066124,1.010036587715149,1.0139254331588745,0.09586605429649353,15.431552114581638,19.197916458274555
1050,1050,26,target_ahead,0,"[0.0, 0.0, 0.0, 0.0]",0.9661085605621338,-0.5544589757919312,0.017320800572633743,1.0831642150878906,1.553813099861145,0.0,0.0,11.553878128351297
1050,1050,26,target_ahead,1,"[0.009999999776482582, 0.0, 0.0, 0.0]",1.2787226438522339,-0.2717796266078949,0.001749168150126934,0.9954212307929993,1.6431257724761963,0.4307858943939209,11.553878128351297,16.968310914323965
1050,1050,26,target_ahead,2,"[0.019999999552965164, 0.0, 0.0, 0.0]",1.197445034980774,-0.36086559295654297,0.0006444891914725304,0.9938202500343323,1.5974284410476685,0.120607390999794,16.968310914323965,21.671188411643744
1050,1050,26,target_ahead,3,"[0.029999999329447746, 0.0, 0.0, 0.0]",0.8462527990341187,-0.43297603726387024,0.0025914935395121574,1.0020439624786377,1.3811990022659302,0.3586186170578003,21.671188411643744,26.216968107740836
1050,1050,26,target_left,0,"[0.0, 0.0, 0.0, 0.0]",-0.27133849263191223,-0.3898448050022125,0.024783961474895477,1.0978988409042358,1.196494698524475,0.0,0.0,10.419719838544951
1050,1050,26,target_left,1,"[0.009999999776482582, 0.0, 0.0, 0.0]",-0.33067721128463745,-0.3244374394416809,0.013735971413552761,1.0626529455184937,1.1593217849731445,0.0957263708114624,10.419719838544951,16.09209590287026
1050,1050,26,target_left,2,"[0.019999999552965164, 0.0, 0.0, 0.0]",-0.28111833333969116,-0.3412741422653198,0.010037028230726719,1.0542008876800537,1.1432130336761475,0.053147684782743454,16.09209590287026,21.350558127737447
1050,1050,26,target_left,3,"[0.029999999329447746, 0.0, 0.0, 0.0]",-0.24036505818367004,-0.3498106002807617,0.008840387687087059,1.0503524541854858,1.132899522781372,0.041832320392131805,21.350558127737447,26.373432459117303
1050,1050,26,ramp,0,"[-0.5, -0.4333333373069763, -0.36666667461395264, -0.30000001192092896]",-0.8090773224830627,-0.7161509990692139,0.006599352695047855,0.9728909134864807,1.453973412513733,0.0,0.0,12.990081056132569
1050,1050,26,ramp,1,"[-0.47999998927116394, -0.41333332657814026, -0.3466666638851166, -0.2800000011920929]",-0.8163413405418396,-0.744784951210022,0.005449386313557625,0.9811357855796814,1.4777600765228271,0.030691521242260933,12.990081056132569,20.23551511663233
1050,1050,26,ramp,2,"[-0.46000000834465027, -0.3933333456516266, -0.3266666829586029, -0.2600000202655792]",-0.8816025257110596,-0.785689115524292,0.005939558148384094,0.9960984587669373,1.5449199676513672,0.07846206426620483,20.23551511663233,26.98639827159553
1050,1050,26,ramp,3,"[-0.4399999976158142, -0.3733333349227905, -0.30666667222976685, -0.24000000953674316]",-0.9008206725120544,-0.79532790184021,0.0050080385990440845,1.0069327354431152,1.5677891969680786,0.024093415588140488,26.98639827159553,33.31374420254678
1075,1075,26,zero_hold,0,"[0.0, 0.0, 0.0, 0.0]",0.0189776960760355,-0.16002307832241058,0.03830764442682266,0.8529625535011292,0.868895947933197,0.0,0.0,7.035059093093323
1075,1075,26,zero_hold,1,"[0.0, 0.0, 0.0, 0.0]",-0.020434023812413216,-0.16758358478546143,0.04349753260612488,1.0190041065216064,1.033810019493103,0.1709010750055313,7.035059093093323,11.364901429182492
1075,1075,26,zero_hold,2,"[0.0, 0.0, 0.0, 0.0]",0.01481880433857441,-0.12283190339803696,0.037287432700395584,1.0185034275054932,1.026667833328247,0.057308733463287354,11.364901429182492,15.457725103371759
1075,1075,26,zero_hold,3,"[0.0, 0.0, 0.0, 0.0]",-0.07025432586669922,-0.08251934498548508,0.03306012600660324,1.0037989616394043,1.0101734399795532,0.09537626057863235,15.457725103371759,19.235413757367677
1075,1075,26,target_ahead,0,"[0.0, 0.0, 0.0, 0.0]",0.9703217148780823,-0.5685028433799744,0.03139800578355789,1.0797054767608643,1.5593169927597046,0.0,0.0,11.564393242433944
1075,1075,26,target_ahead,1,"[0.009999999776482582, 0.0, 0.0, 0.0]",1.284135103225708,-0.28927159309387207,0.01300220750272274,0.9879899621009827,1.6458961963653564,0.43034762144088745,11.564393242433944,16.979456253120485
1075,1075,26,target_ahead,2,"[0.019999999552965164, 0.0, 0.0, 0.0]",1.1977256536483765,-0.3834202289581299,0.012538254261016846,0.9840900301933289,1.5969183444976807,0.12785141170024872,16.979456253120485,21.678546972127638
1075,1075,26,target_ahead,3,"[0.029999999329447746, 0.0, 0.0, 0.0]",0.8366048336029053,-0.45812663435935974,0.014186395332217216,0.9903208613395691,1.3750361204147339,0.3688235580921173,21.678546972127638,26.21899829277429
1075,1075,26,target_left,0,"[0.0, 0.0, 0.0, 0.0]",-0.26535069942474365,-0.3943823575973511,0.03926951065659523,1.094343662261963,1.1937665939331055,0.0,0.0,10.425778681532988
1075,1075,26,target_left,1,"[0.009999999776482582, 0.0, 0.0, 0.0]",-0.3371327221393585,-0.3289393484592438,0.02684146910905838,1.0604615211486816,1.160671591758728,0.10362384468317032,10.425778681532988,16.10654207710718
1075,1075,26,target_left,2,"[0.019999999552965164, 0.0, 0.0, 0.0]",-0.29520606994628906,-0.3439939022064209,0.023852434009313583,1.0525059700012207,1.146218180656433,0.045350950211286545,16.10654207710718,21.376870302310984
1075,1075,26,target_left,3,"[0.029999999329447746, 0.0, 0.0, 0.0]",-0.2538725435733795,-0.3515428900718689,0.023019865155220032,1.048741340637207,1.1350867748260498,0.042193759232759476,21.376870302310984,26.41142019830817
1075,1075,26,ramp,0,"[-0.5, -0.4333333373069763, -0.36666667461395264, -0.30000001192092896]",-0.7952932715415955,-0.7208850383758545,0.02419452928006649,0.9794065356254578,1.4532685279846191,0.0,0.0,12.992697341504144
1075,1075,26,ramp,1,"[-0.47999998927116394, -0.41333332657814026, -0.3466666638851166, -0.2800000011920929]",-0.8251267671585083,-0.7542572617530823,0.022506318986415863,0.9877832531929016,1.4919652938842773,0.04557150602340698,12.992697341504144,20.242149601619037
1075,1075,26,ramp,2,"[-0.46000000834465027, -0.3933333456516266, -0.3266666829586029, -0.2600000202655792]",-0.8895236253738403,-0.7955904603004456,0.023708397522568703,1.0039527416229248,1.5597114562988281,0.078219473361969,20.242149601619037,26.99534640317295
1075,1075,26,ramp,3,"[-0.4399999976158142, -0.3733333349227905, -0.30666667222976685, -0.24000000953674316]",-0.9083255529403687,-0.8056002259254456,0.022819306701421738,1.0150275230407715,1.5826712846755981,0.024023929610848427,26.99534640317295,33.32885124978945
1100,1100,26,zero_hold,0,"[0.0, 0.0, 0.0, 0.0]",0.010076122358441353,-0.15832631289958954,0.040914975106716156,0.8483633995056152,0.8640389442443848,0.0,0.0,7.053119643833457
1100,1100,26,zero_hold,1,"[0.0, 0.0, 0.0, 0.0]",-0.025723546743392944,-0.16030815243721008,0.045915551483631134,1.002884030342102,1.01697838306427,0.15870468318462372,7.053119643833457,11.384979203054705
1100,1100,26,zero_hold,2,"[0.0, 0.0, 0.0, 0.0]",0.015530163422226906,-0.1156567707657814,0.039698973298072815,0.998278796672821,1.0058599710464478,0.061281878501176834,11.384979203054705,15.477703339631573
1100,1100,26,zero_hold,3,"[0.0, 0.0, 0.0, 0.0]",-0.06581012904644012,-0.07789308577775955,0.03526775911450386,0.9825965762138367,0.9885029792785645,0.09114772081375122,15.477703339631573,19.256795712659756
1100,1100,26,target_ahead,0,"[0.0, 0.0, 0.0, 0.0]",0.9740728139877319,-0.5633678436279297,0.039124734699726105,1.0549992322921753,1.5429697036743164,0.0,0.0,11.568483085129587
1100,1100,26,target_ahead,1,"[0.009999999776482582, 0.0, 0.0, 0.0]",1.3042234182357788,-0.2790720462799072,0.017596587538719177,0.9611451029777527,1.6440770626068115,0.44620126485824585,11.568483085129587,16.993498568440287
1100,1100,26,target_ahead,2,"[0.019999999552965164, 0.0, 0.0, 0.0]",1.2100975513458252,-0.37782007455825806,0.016522081568837166,0.9541393518447876,1.5867384672164917,0.13660559058189392,16.993498568440287,21.690002783444186
1100,1100,26,target_ahead,3,"[0.029999999329447746, 0.0, 0.0, 0.0]",0.8422216176986694,-0.45832037925720215,0.0180409774184227,0.9595317244529724,1.3566213846206665,0.37662234902381897,21.690002783444186,26.233474993652422
1100,1100,26,target_left,0,"[0.0, 0.0, 0.0, 0.0]",-0.28483083844184875,-0.39460068941116333,0.04402460902929306,1.0835652351379395,1.1886504888534546,0.0,0.0,10.447748154969508
1100,1100,26,target_left,1,"[0.009999999776482582, 0.0, 0.0, 0.0]",-0.3583172559738159,-0.32656991481781006,0.03195592015981674,1.04396653175354,1.1514887809753418,0.10836120694875717,10.447748154969508,16.14296943621912
1100,1100,26,target_left,2,"[0.019999999552965164, 0.0, 0.0, 0.0]",-0.31063729524612427,-0.3447814881801605,0.029661772772669792,1.0370551347732544,1.1365442276000977,0.051556479185819626,16.14296943621912,21.432960607400588
1100,1100,26,target_left,3,"[0.029999999329447746, 0.0, 0.0, 0.0]",-0.2686527967453003,-0.3532883822917938,0.02913331799209118,1.0341358184814453,1.1257320642471313,0.04294027388095856,21.432960607400588,26.49082628968224
1100,1100,26,ramp,0,"[-0.5, -0.4333333373069763, -0.36666667461395264, -0.30000001192092896]",-0.8233828544616699,-0.7208207249641418,0.028830718249082565,0.976362407207489,1.4668526649475098,0.0,0.0,13.000254323795282
1100,1100,26,ramp,1,"[-0.47999998927116394, -0.41333332657814026, -0.3466666638851166, -0.2800000011920929]",-0.8502345681190491,-0.7543809413909912,0.028590744361281395,0.9791091084480286,1.5004870891571045,0.04306860268115997,13.000254323795282,20.246022387064293
1100,1100,26,ramp,2,"[-0.46000000834465027, -0.3933333456516266, -0.3266666829586029, -0.2600000202655792]",-0.9092077612876892,-0.7951037287712097,0.03001171350479126,0.994838297367096,1.565072774887085,0.07338671386241913,20.246022387064293,26.999988530322735
1100,1100,26,ramp,3,"[-0.4399999976158142, -0.3733333349227905, -0.30666667222976685, -0.24000000953674316]",-0.9268500804901123,-0.8051791787147522,0.02910826914012432,1.005906343460083,1.5874695777893066,0.023153487592935562,26.999988530322735,33.337744319710225
1125,1125,26,zero_hold,0,"[0.0, 0.0, 0.0, 0.0]",0.013840511441230774,-0.15909045934677124,0.03656530752778053,0.8530139923095703,0.8686030507087708,0.0,0.0,7.045021588800069
1125,1125,26,zero_hold,1,"[0.0, 0.0, 0.0, 0.0]",-0.015337243676185608,-0.16248704493045807,0.03710450977087021,1.0133352279663086,1.0270649194717407,0.162991002202034,7.045021588800069,11.37613690714652
1125,1125,26,zero_hold,2,"[0.0, 0.0, 0.0, 0.0]",0.028817974030971527,-0.11620157957077026,0.028410393744707108,1.0093035697937012,1.0167763233184814,0.06468284130096436,11.37613690714652,15.469467663745574
1125,1125,26,zero_hold,3,"[0.0, 0.0, 0.0, 0.0]",-0.059314511716365814,-0.07618790119886398,0.02307811751961708,0.9937200546264648,0.9986665844917297,0.09818201512098312,15.469467663745574,19.246313683028262
1125,1125,26,target_ahead,0,"[0.0, 0.0, 0.0, 0.0]",0.9795066714286804,-0.5637463927268982,0.0332728736102581,1.060602068901062,1.5502345561981201,0.0,0.0,11.569053898919938
1125,1125,26,target_ahead,1,"[0.009999999776482582, 0.0, 0.0, 0.0]",1.307559847831726,-0.27356064319610596,0.009722474031150341,0.9721072912216187,1.6521607637405396,0.44745123386383057,11.569053898919938,17.000319243990273
1125,1125,26,target_ahead,2,"[0.019999999552965164, 0.0, 0.0, 0.0]",1.2213871479034424,-0.36970025300979614,0.008952479809522629,0.963621973991394,1.5990973711013794,0.12938760221004486,17.000319243990273,21.70545803813419
1125,1125,26,target_ahead,3,"[0.029999999329447746, 0.0, 0.0, 0.0]",0.8684279322624207,-0.44474637508392334,0.011090142652392387,0.9693413972854614,1.3753952980041504,0.3609008193016052,21.70545803813419,26.250180514545733
1125,1125,26,target_left,0,"[0.0, 0.0, 0.0, 0.0]",-0.27114006876945496,-0.39893239736557007,0.034765612334012985,1.0965889692306519,1.1984907388687134,0.0,0.0,10.442484725012337
1125,1125,26,target_left,1,"[0.009999999776482582, 0.0, 0.0, 0.0]",-0.3437821567058563,-0.3280003070831299,0.019209735095500946,1.058030605316162,1.1599862575531006,0.109713114798069,10.442484725012337,16.12852830100493
1125,1125,26,target_left,2,"[0.019999999552965164, 0.0, 0.0, 0.0]",-0.3021495044231415,-0.3413311541080475,0.015846822410821915,1.0500909090042114,1.1448769569396973,0.0445571206510067,16.12852830100493,21.410407849757135
1125,1125,26,target_left,3,"[0.029999999329447746, 0.0, 0.0, 0.0]",-0.2598658502101898,-0.3475171625614166,0.015078338794410229,1.047243595123291,1.1336864233016968,0.042835406959056854,21.410407849757135,26.459809936175553
1125,1125,26,ramp,0,"[-0.5, -0.4333333373069763, -0.36666667461395264, -0.30000001192092896]",-0.8152143359184265,-0.7256328463554382,0.014109298586845398,0.9881330728530884,1.4723190069198608,0.0,0.0,13.001117496457375
1125,1125,26,ramp,1,"[-0.47999998927116394, -0.41333332657814026, -0.3466666638851166, -0.2800000011920929]",-0.8482897877693176,-0.7596196532249451,0.010922552086412907,0.9945347309112549,1.511898159980774,0.047960661351680756,13.001117496457375,20.249282900929558
1125,1125,26,ramp,2,"[-0.46000000834465027, -0.3933333456516266, -0.3266666829586029, -0.2600000202655792]",-0.9151658415794373,-0.800693929195404,0.011453462764620781,1.0108580589294434,1.5813299417495728,0.08016380667686462,20.249282900929558,27.002739087659915
1125,1125,26,ramp,3,"[-0.4399999976158142, -0.3733333349227905, -0.30666667222976685, -0.24000000953674316]",-0.936148464679718,-0.8107193112373352,0.010541465133428574,1.0218113660812378,1.605568289756775,0.02572130225598812,27.002739087659915,33.339207933349705
1150,1150,26,zero_hold,0,"[0.0, 0.0, 0.0, 0.0]",0.019228495657444,-0.16458968818187714,0.034165095537900925,0.8543796539306641,0.8709715008735657,0.0,0.0,7.0402247023363
1150,1150,26,zero_hold,1,"[0.0, 0.0, 0.0, 0.0]",-0.008984405547380447,-0.1707027554512024,0.03307979553937912,1.0178385972976685,1.0326228141784668,0.16599199175834656,7.0402247023363,11.371079779395108
1150,1150,26,zero_hold,2,"[0.0, 0.0, 0.0, 0.0]",0.027502764016389847,-0.12423104047775269,0.023029882460832596,1.0152469873428345,1.0234483480453491,0.05998875945806503,11.371079779395108,15.463076235473501
1150,1150,26,zero_hold,3,"[0.0, 0.0, 0.0, 0.0]",-0.06397555023431778,-0.08372750878334045,0.01716441847383976,1.0004795789718628,1.0061596632003784,0.10129807144403458,15.463076235473501,19.239844888301235
1150,1150,26,target_ahead,0,"[0.0, 0.0, 0.0, 0.0]",0.9779214859008789,-0.5725419521331787,0.02314160391688347,1.0618292093276978,1.5531102418899536,0.0,0.0,11.586135743348864
1150,1150,26,target_ahead,1,"[0.009999999776482582, 0.0, 0.0, 0.0]",1.3145312070846558,-0.3047889173030853,-0.00044563692063093185,0.9722900390625,1.6632007360458374,0.4399675130844116,11.586135743348864,17.016115254679754
1150,1150,26,target_ahead,2,"[0.019999999552965164, 0.0, 0.0, 0.0]",1.2394591569900513,-0.3949967622756958,-0.002683531492948532,0.9671722650527954,1.6210215091705322,0.11749241501092911,17.016115254679754,21.733638009663068
1150,1150,26,target_ahead,3,"[0.029999999329447746, 0.0, 0.0, 0.0]",0.8997179269790649,-0.46906518936157227,-0.0011745765805244446,0.9704073667526245,1.4039965867996216,0.3477398157119751,21.733638009663068,26.29123999249471
1150,1150,26,target_left,0,"[0.0, 0.0, 0.0, 0.0]",-0.26742038130760193,-0.407160222530365,0.027756493538618088,1.1000328063964844,1.2033851146697998,0.0,0.0,10.43530188610487
1150,1150,26,target_left,1,"[0.009999999776482582, 0.0, 0.0, 0.0]",-0.34855684638023376,-0.34069955348968506,0.010522068478167057,1.0619601011276245,1.1685196161270142,0.11290130019187927,10.43530188610487,16.115688572146713
1150,1150,26,target_left,2,"[0.019999999552965164, 0.0, 0.0, 0.0]",-0.3155527412891388,-0.35547369718551636,0.006230469327419996,1.0549198389053345,1.1570781469345093,0.03708812966942787,16.115688572146713,21.38770749577678
1150,1150,26,target_left,3,"[0.029999999329447746, 0.0, 0.0, 0.0]",-0.2731544077396393,-0.36442428827285767,0.005187841597944498,1.052370548248291,1.1467034816741943,0.04342024400830269,21.38770749577678,26.42688707496899
1150,1150,26,ramp,0,"[-0.5, -0.4333333373069763, -0.36666667461395264, -0.30000001192092896]",-0.816374659538269,-0.7169508337974548,0.0036456016823649406,0.9915932416915894,1.4709713459014893,0.0,0.0,13.003691749487638
1150,1150,26,ramp,1,"[-0.47999998927116394, -0.41333332657814026, -0.3466666638851166, -0.2800000011920929]",-0.8542177677154541,-0.7526885867118835,-0.0009940313175320625,0.9940723180770874,1.5114260911941528,0.05231596156954765,13.003691749487638,20.254208755229946
1150,1150,26,ramp,2,"[-0.46000000834465027, -0.3933333456516266, -0.3266666829586029, -0.2600000202655792]",-0.9174500703811646,-0.7924861311912537,-0.0011351360008120537,1.0111401081085205,1.5786559581756592,0.07663875073194504,20.254208755229946,27.009341630113795
1150,1150,26,ramp,3,"[-0.4399999976158142, -0.3733333349227905, -0.30666667222976685, -0.24000000953674316]",-0.9372315406799316,-0.8022741079330444,-0.0020036427304148674,1.0225750207901,1.602407693862915,0.024872124195098877,27.009341630113795,33.34636153228697
1175,1175,26,zero_hold,0,"[0.0, 0.0, 0.0, 0.0]",0.01673063449561596,-0.16459780931472778,0.03611961007118225,0.8507474660873413,0.8674377799034119,0.0,0.0,7.035903935328011
1175,1175,26,zero_hold,1,"[0.0, 0.0, 0.0, 0.0]",-0.020742086693644524,-0.17459730803966522,0.03700011968612671,1.0172744989395142,1.033020257949829,0.17098602652549744,7.035903935328011,11.368119026656123
1175,1175,26,zero_hold,2,"[0.0, 0.0, 0.0, 0.0]",0.006930375471711159,-0.12979762256145477,0.028477804735302925,1.01589035987854,1.02456796169281,0.053360309451818466,11.368119026656123,15.456709039114978
1175,1175,26,zero_hold,3,"[0.0, 0.0, 0.0, 0.0]",-0.09423485398292542,-0.08748497068881989,0.023073066025972366,1.000434160232544,1.008927583694458,0.11087321490049362,15.456709039114978,19.232374973679757
1175,1175,26,target_ahead,0,"[0.0, 0.0, 0.0, 0.0]",0.974041223526001,-0.5757519602775574,0.030192682519555092,1.0578250885009766,1.549242377281189,0.0,0.0,11.59392768894746
1175,1175,26,target_ahead,1,"[0.009999999776482582, 0.0, 0.0, 0.0]",1.305516242980957,-0.31243765354156494,0.007292631082236767,0.9716188311576843,1.6571319103240967,0.4326269030570984,11.59392768894746,17.031577903400375
1175,1175,26,target_ahead,2,"[0.019999999552965164, 0.0, 0.0, 0.0]",1.2121926546096802,-0.40882760286331177,0.0060837408527731895,0.9707023501396179,1.6058801412582397,0.13417382538318634,17.031577903400375,21.752326145045412
1175,1175,26,target_ahead,3,"[0.029999999329447746, 0.0, 0.0, 0.0]",0.8605042695999146,-0.48559415340423584,0.008626380003988743,0.9751810431480408,1.3882801532745361,0.36000603437423706,21.752326145045412,26.319575318778575
1175,1175,26,target_left,0,"[0.0, 0.0, 0.0, 0.0]",-0.26168084144592285,-0.4165601134300232,0.031894080340862274,1.101564645767212,1.2068393230438232,0.0,0.0,10.432329132211962
1175,1175,26,target_left,1,"[0.009999999776482582, 0.0, 0.0, 0.0]",-0.3612162172794342,-0.3531650900840759,0.01648491993546486,1.065154790878296,1.1789950132369995,0.12445617467164993,10.432329132211962,16.1227323121456
1175,1175,26,target_left,2,"[0.019999999552965164, 0.0, 0.0, 0.0]",-0.3395441770553589,-0.366661012172699,0.012306494638323784,1.0575309991836548,1.1697238683700562,0.026970328763127327,16.1227323121456,21.401211310237784
1175,1175,26,target_left,3,"[0.029999999329447746, 0.0, 0.0, 0.0]",-0.2927491068840027,-0.3761402368545532,0.011120537295937538,1.054750919342041,1.157500147819519,0.047841086983680725,21.401211310237784,26.4447100298023
1175,1175,26,ramp,0,"[-0.5, -0.4333333373069763, -0.36666667461395264, -0.30000001192092896]",-0.8130135536193848,-0.7484890818595886,0.006742735859006643,0.9975072741508484,1.4887219667434692,0.0,0.0,12.998650386086851
1175,1175,26,ramp,1,"[-0.47999998927116394, -0.41333332657814026, -0.3466666638851166, -0.2800000011920929]",-0.8456999063491821,-0.7913294434547424,0.003957194276154041,0.99611896276474,1.5276384353637695,0.05397574603557587,12.998650386086851,20.24771192777113
1175,1175,26,ramp,2,"[-0.46000000834465027, -0.3933333456516266, -0.3266666829586029, -0.2600000202655792]",-0.9153741002082825,-0.8325161337852478,0.004652939736843109,1.010654091835022,1.5976345539093018,0.08223497122526169,20.24771192777113,26.999107532938446
1175,1175,26,ramp,3,"[-0.4399999976158142, -0.3733333349227905, -0.30666667222976685, -0.24000000953674316]",-0.9361501932144165,-0.8422728776931763,0.0038837753236293793,1.0220654010772705,1.6218611001968384,0.025644680485129356,26.999107532938446,33.33655707327974
1200,1200,26,zero_hold,0,"[0.0, 0.0, 0.0, 0.0]",0.018078992143273354,-0.15838678181171417,0.033838313072919846,0.8509502410888672,0.8664147853851318,0.0,0.0,7.031900699316242
1200,1200,26,zero_hold,1,"[0.0, 0.0, 0.0, 0.0]",-0.014614233747124672,-0.1626630276441574,0.034603603184223175,1.0172057151794434,1.0308140516281128,0.1694951355457306,7.031900699316242,11.361259659817026
1200,1200,26,zero_hold,2,"[0.0, 0.0, 0.0, 0.0]",0.016866525635123253,-0.11677735298871994,0.02623896673321724,1.0151063203811646,1.0222772359848022,0.05631081387400627,11.361259659817026,15.444972992775437
1200,1200,26,zero_hold,3,"[0.0, 0.0, 0.0, 0.0]",-0.08101744949817657,-0.07538407295942307,0.02119428478181362,0.9993925094604492,1.0057241916656494,0.10755021125078201,15.444972992775437,19.214197970887238
1200,1200,26,target_ahead,0,"[0.0, 0.0, 0.0, 0.0]",0.9677377939224243,-0.5707032680511475,0.023358669131994247,1.063459873199463,1.5471622943878174,0.0,0.0,11.587413884730262
1200,1200,26,target_ahead,1,"[0.009999999776482582, 0.0, 0.0, 0.0]",1.286070704460144,-0.3068598806858063,0.0006023934110999107,0.9782754182815552,1.6447383165359497,0.4227569103240967,11.587413884730262,17.02519381647842
1200,1200,26,target_ahead,2,"[0.019999999552965164, 0.0, 0.0, 0.0]",1.1648229360580444,-0.4061911106109619,-0.0010386044159531593,0.9810007810592651,1.5761241912841797,0.15677319467067719,17.02519381647842,21.740418572906403
1200,1200,26,target_ahead,3,"[0.029999999329447746, 0.0, 0.0, 0.0]",0.8030989170074463,-0.4825081527233124,0.0018241945654153824,0.9866068363189697,1.3605800867080688,0.36974069476127625,21.740418572906403,26.309393315246087
1200,1200,26,target_left,0,"[0.0, 0.0, 0.0, 0.0]",-0.25026553869247437,-0.4056585431098938,0.028560496866703033,1.103098750114441,1.202012538909912,0.0,0.0,10.443360531984426
1200,1200,26,target_left,1,"[0.009999999776482582, 0.0, 0.0, 0.0]",-0.340987890958786,-0.3370119333267212,0.014264494180679321,1.0639997720718384,1.1671112775802612,0.12114457786083221,10.443360531984426,16.13578106187862
1200,1200,26,target_left,2,"[0.019999999552965164, 0.0, 0.0, 0.0]",-0.31463828682899475,-0.3499969244003296,0.010724972933530807,1.0558785200119019,1.1560664176940918,0.03068215399980545,16.13578106187862,21.413142098431972
1200,1200,26,target_left,3,"[0.029999999329447746, 0.0, 0.0, 0.0]",-0.268856018781662,-0.3581869602203369,0.009864996187388897,1.052710771560669,1.1440623998641968,0.046624746173620224,21.413142098431972,26.455914018150864
1200,1200,26,ramp,0,"[-0.5, -0.4333333373069763, -0.36666667461395264, -0.30000001192092896]",-0.7902376055717468,-0.7379475831985474,0.003869938664138317,1.0002565383911133,1.472946047782898,0.0,0.0,12.999959652889443
1200,1200,26,ramp,1,"[-0.47999998927116394, -0.41333332657814026, -0.3466666638851166, -0.2800000011920929]",-0.814380943775177,-0.7762141823768616,0.0020995037630200386,0.9920406341552734,1.4999579191207886,0.04602031037211418,12.999959652889443,20.241356966265556
1200,1200,26,ramp,2,"[-0.46000000834465027, -0.3933333456516266, -0.3266666829586029, -0.2600000202655792]",-0.8851180076599121,-0.8168837428092957,0.003436860628426075,1.0074161291122437,1.5702331066131592,0.08304179459810257,20.241356966265556,26.9851855222186
1200,1200,26,ramp,3,"[-0.4399999976158142, -0.3733333349227905, -0.30666667222976685, -0.24000000953674316]",-0.9053031802177429,-0.8264653086662292,0.0027284063398838043,1.0183297395706177,1.5936189889907837,0.024876823648810387,26.9851855222186,33.31852488450297
1225,1225,26,zero_hold,0,"[0.0, 0.0, 0.0, 0.0]",0.021431082859635353,-0.1591818779706955,0.0467662438750267,0.8483784794807434,0.8647145628929138,0.0,0.0,7.03739223358664
1225,1225,26,zero_hold,1,"[0.0, 0.0, 0.0, 0.0]",-0.009490059688687325,-0.16098855435848236,0.05173378810286522,1.0099296569824219,1.0240321159362793,0.16456864774227142,7.03739223358664,11.376200864565233
1225,1225,26,zero_hold,2,"[0.0, 0.0, 0.0, 0.0]",0.018723933026194572,-0.11385945975780487,0.04473372921347618,1.0055962800979614,1.0131828784942627,0.055542416870594025,11.376200864565233,15.475457198558125
1225,1225,26,zero_hold,3,"[0.0, 0.0, 0.0, 0.0]",-0.0849914625287056,-0.07259516417980194,0.040391843765974045,0.9899922013282776,0.9971005916595459,0.11279168725013733,15.475457198558125,19.255155352803428
1225,1225,26,target_ahead,0,"[0.0, 0.0, 0.0, 0.0]",0.9694517850875854,-0.5718154907226562,0.045779891312122345,1.0535247325897217,1.5423423051834106,0.0,0.0,11.602877078416627
1225,1225,26,target_ahead,1,"[0.009999999776482582, 0.0, 0.0, 0.0]",1.2980592250823975,-0.30011746287345886,0.0211949422955513,0.9622493386268616,1.6435940265655518,0.43673595786094666,11.602877078416627,17.03513311256706
1225,1225,26,target_ahead,2,"[0.019999999552965164, 0.0, 0.0, 0.0]",1.177748441696167,-0.3950406312942505,0.021799959242343903,0.9631043076515198,1.5720030069351196,0.15325205028057098,17.03513311256706,21.750363677833768
1225,1225,26,target_ahead,3,"[0.029999999329447746, 0.0, 0.0, 0.0]",0.8286570906639099,-0.46862247586250305,0.02461605705320835,0.9684655070304871,1.3582382202148438,0.35681331157684326,21.750363677833768,26.317851847019423
1225,1225,26,target_left,0,"[0.0, 0.0, 0.0, 0.0]",-0.252035915851593,-0.4005260467529297,0.04910111427307129,1.093629240989685,1.1926352977752686,0.0,0.0,10.455059464139753
1225,1225,26,target_left,1,"[0.009999999776482582, 0.0, 0.0, 0.0]",-0.3476201593875885,-0.3307473063468933,0.03614617511630058,1.0541802644729614,1.1588081121444702,0.12541718780994415,10.455059464139753,16.150101618541893
1225,1225,26,target_left,2,"[0.019999999552965164, 0.0, 0.0, 0.0]",-0.3227851390838623,-0.3428170084953308,0.03372439369559288,1.0470649003982544,1.1485625505447388,0.028617290779948235,16.150101618541893,21.42657544784679
1225,1225,26,target_left,3,"[0.029999999329447746, 0.0, 0.0, 0.0]",-0.27758267521858215,-0.3502112627029419,0.033139925450086594,1.0440325736999512,1.1361347436904907,0.04590723663568497,21.42657544784679,26.465320758892272
1225,1225,26,ramp,0,"[-0.5, -0.4333333373069763, -0.36666667461395264, -0.30000001192092896]",-0.8036123514175415,-0.7321344017982483,0.02704830840229988,0.9966890215873718,1.475104808807373,0.0,0.0,12.997206793980936
1225,1225,26,ramp,1,"[-0.47999998927116394, -0.41333332657814026, -0.3466666638851166, -0.2800000011920929]",-0.8308480978012085,-0.7736336588859558,0.02588651329278946,0.9857495427131653,1.5037254095077515,0.05084285885095596,12.997206793980936,20.242143835180954
1225,1225,26,ramp,2,"[-0.46000000834465027, -0.3933333456516266, -0.3266666829586029, -0.2600000202655792]",-0.9004428386688232,-0.8141199946403503,0.02807338908314705,1.0004279613494873,1.5732873678207397,0.08187068998813629,20.242143835180954,26.99006509372709
1225,1225,26,ramp,3,"[-0.4399999976158142, -0.3733333349227905, -0.30666667222976685, -0.24000000953674316]",-0.9211145639419556,-0.8236470818519592,0.027471771463751793,1.0108540058135986,1.5966925621032715,0.025042962282896042,26.99006509372709,33.32828254148259
1250,1250,26,zero_hold,0,"[0.0, 0.0, 0.0, 0.0]",0.01945819891989231,-0.14998912811279297,0.02666829153895378,0.8630393743515015,0.8765977025032043,0.0,0.0,4.499779788766174
1250,1250,26,zero_hold,1,"[0.0, 0.0, 0.0, 0.0]",0.0067940037697553635,-0.14669126272201538,0.022084323689341545,1.0280675888061523,1.0387372970581055,0.16560973227024078,4.499779788766174,7.536658358430595
1250,1250,26,zero_hold,2,"[0.0, 0.0, 0.0, 0.0]",0.057146795094013214,-0.09986142069101334,0.01299798022955656,1.027131199836731,1.0336370468139648,0.06936768442392349,7.536658358430595,10.434375731226712
1250,1250,26,zero_hold,3,"[0.0, 0.0, 0.0, 0.0]",-0.034766532480716705,-0.06091395765542984,0.008375760167837143,1.0120048522949219,1.0144670009613037,0.10106995701789856,10.434375731226712,13.122867758140728
1250,1250,26,target_ahead,0,"[0.0, 0.0, 0.0, 0.0]",1.0072870254516602,-0.5507754683494568,0.007831444963812828,1.083782434463501,1.5788053274154663,0.0,0.0,8.28473817994029
1250,1250,26,target_ahead,1,"[0.009999999776482582, 0.0, 0.0, 0.0]",1.3420445919036865,-0.25303083658218384,-0.015550469979643822,0.9946573972702026,1.6895837783813477,0.4573887586593628,8.28473817994029,12.238796772249199
1250,1250,26,target_ahead,2,"[0.019999999552965164, 0.0, 0.0, 0.0]",1.25380539894104,-0.34511327743530273,-0.016940660774707794,0.9922870397567749,1.6358641386032104,0.1275652050971985,12.238796772249199,15.607178844811155
1250,1250,26,target_ahead,3,"[0.029999999329447746, 0.0, 0.0, 0.0]",0.9094099402427673,-0.42198890447616577,-0.013611173257231712,0.996933102607727,1.4139171838760376,0.35291749238967896,15.607178844811155,19.022747339670982
1250,1250,26,target_left,0,"[0.0, 0.0, 0.0, 0.0]",-0.24504454433918,-0.3820071220397949,0.02213037945330143,1.105904459953308,1.195613145828247,0.0,0.0,7.34184508487799
1250,1250,26,target_left,1,"[0.009999999776482582, 0.0, 0.0, 0.0]",-0.3013828992843628,-0.3050763010978699,0.005818680394440889,1.069432258605957,1.1522250175476074,0.10338594764471054,7.34184508487799,11.857871159624743
1250,1250,26,target_left,2,"[0.019999999552965164, 0.0, 0.0, 0.0]",-0.26534053683280945,-0.3131560683250427,0.003660566173493862,1.061111330986023,1.1377359628677368,0.03792399913072586,11.857871159624743,16.150298862504474
1250,1250,26,target_left,3,"[0.029999999329447746, 0.0, 0.0, 0.0]",-0.2266116440296173,-0.31794193387031555,0.0034979451447725296,1.0576597452163696,1.1274290084838867,0.03917615860700607,16.150298862504474,20.255823795498415
1250,1250,26,ramp,0,"[-0.5, -0.4333333373069763, -0.36666667461395264, -0.30000001192092896]",-0.7883236408233643,-0.7317124009132385,0.004329323768615723,1.001539945602417,1.469679594039917,0.0,0.0,9.930211919254386
1250,1250,26,ramp,1,"[-0.47999998927116394, -0.41333332657814026, -0.3466666638851166, -0.2800000011920929]",-0.7695618271827698,-0.7460601925849915,0.000608162023127079,0.9999147653579712,1.4658311605453491,0.023965664207935333,9.930211919254386,15.300853787168258
1250,1250,26,ramp,2,"[-0.46000000834465027, -0.3933333456516266, -0.3266666829586029, -0.2600000202655792]",-0.8445261120796204,-0.7849843502044678,0.0025793472304940224,1.0135184526443481,1.535138726234436,0.08557850122451782,15.300853787168258,20.75268747471677
1250,1250,26,ramp,3,"[-0.4399999976158142, -0.3733333349227905, -0.30666667222976685, -0.24000000953674316]",-0.8651520609855652,-0.7946727275848389,0.002107362262904644,1.023222804069519,1.5578774213790894,0.024772800505161285,20.75268747471677,26.21180654444945
1275,1275,26,zero_hold,0,"[0.0, 0.0, 0.0, 0.0]",0.026606103405356407,-0.14614033699035645,0.024277716875076294,0.8605866432189941,0.8736495971679688,0.0,0.0,4.480623668356901
1275,1275,26,zero_hold,1,"[0.0, 0.0, 0.0, 0.0]",0.02213727869093418,-0.14160841703414917,0.019487109035253525,1.0258021354675293,1.0359501838684082,0.1654074341058731,4.480623668356901,7.503592004187571
1275,1275,26,zero_hold,2,"[0.0, 0.0, 0.0, 0.0]",0.07068396359682083,-0.09475310146808624,0.011316400952637196,1.0265249013900757,1.033371090888977,0.06796678900718689,7.503592004187571,10.391119948519385
1275,1275,26,zero_hold,3,"[0.0, 0.0, 0.0, 0.0]",-0.02821374498307705,-0.05555673688650131,0.007281848229467869,1.0131319761276245,1.0150724649429321,0.10729753226041794,10.391119948519385,13.076515823289077
1275,1275,26,target_ahead,0,"[0.0, 0.0, 0.0, 0.0]",1.0007730722427368,-0.5404832363128662,0.0026713870465755463,1.0841333866119385,1.5713119506835938,0.0,0.0,8.264108998250194
1275,1275,26,target_ahead,1,"[0.009999999776482582, 0.0, 0.0, 0.0]",1.341772198677063,-0.23655825853347778,-0.019899453967809677,0.9966961145401001,1.6882274150848389,0.46562379598617554,8.264108998250194,12.220403451533013
1275,1275,26,target_ahead,2,"[0.019999999552965164, 0.0, 0.0, 0.0]",1.2561917304992676,-0.3290478587150574,-0.020731251686811447,0.9933229684829712,1.635056734085083,0.12605717778205872,12.220403451533013,15.586271605288843
1275,1275,26,target_ahead,3,"[0.029999999329447746, 0.0, 0.0, 0.0]",0.9121657609939575,-0.40732094645500183,-0.017180398106575012,0.99695885181427,1.4114456176757812,0.3528546094894409,15.586271605288843,19.00318846863004
1275,1275,26,target_left,0,"[0.0, 0.0, 0.0, 0.0]",-0.2395881861448288,-0.3827289640903473,0.02045905962586403,1.1070586442947388,1.1957764625549316,0.0,0.0,7.335623530833466
1275,1275,26,target_left,1,"[0.009999999776482582, 0.0, 0.0, 0.0]",-0.28435418009757996,-0.30415579676628113,0.00449798721820116,1.0728092193603516,1.1507858037948608,0.09800773113965988,7.335623530833466,11.849443421907607
1275,1275,26,target_left,2,"[0.019999999552965164, 0.0, 0.0, 0.0]",-0.24701690673828125,-0.310187965631485,0.0026933159679174423,1.0650686025619507,1.136491298675537,0.038647547364234924,11.849443421907607,16.13891537811985
1275,1275,26,target_left,3,"[0.029999999329447746, 0.0, 0.0, 0.0]",-0.21263092756271362,-0.3141203820705414,0.0024905120953917503,1.0615904331207275,1.1273260116577148,0.03478502854704857,16.13891537811985,20.242389914617853
1275,1275,26,ramp,0,"[-0.5, -0.4333333373069763, -0.36666667461395264, -0.30000001192092896]",-0.7991990447044373,-0.7328537106513977,0.008282093331217766,1.0096428394317627,1.4816346168518066,0.0,0.0,9.927649794557796
1275,1275,26,ramp,1,"[-0.47999998927116394, -0.41333332657814026, -0.3466666638851166, -0.2800000011920929]",-0.7649862766265869,-0.741287350654602,0.004333121702075005,1.011366844177246,1.4688746929168701,0.03549938648939133,9.927649794557796,15.289741152224309
1275,1275,26,ramp,2,"[-0.46000000834465027, -0.3933333456516266, -0.3266666829586029, -0.2600000202655792]",-0.83400559425354,-0.7779516577720642,0.00598506722599268,1.023518681526184,1.5324491262435913,0.07910963147878647,15.289741152224309,20.72973734155693
1275,1275,26,ramp,3,"[-0.4399999976158142, -0.3733333349227905, -0.30666667222976685, -0.24000000953674316]",-0.8542456030845642,-0.7870047688484192,0.005367442034184933,1.0323129892349243,1.5539661645889282,0.023860806599259377,20.72973734155693,26.173003219099026
1300,1300,26,zero_hold,0,"[0.0, 0.0, 0.0, 0.0]",0.032176997512578964,-0.14516125619411469,0.021987590938806534,0.8605257272720337,0.8735531568527222,0.0,0.0,4.4729011646162995
1300,1300,26,zero_hold,1,"[0.0, 0.0, 0.0, 0.0]",0.02997654676437378,-0.1388578712940216,0.01732412911951542,1.0253509283065796,1.0352897644042969,0.16502626240253448,4.4729011646162995,7.483201909128719
1300,1300,26,zero_hold,2,"[0.0, 0.0, 0.0, 0.0]",0.07658988982439041,-0.0919916108250618,0.010332690551877022,1.0266860723495483,1.0336922407150269,0.06648242473602295,7.483201909128719,10.35657003127362
1300,1300,26,zero_hold,3,"[0.0, 0.0, 0.0, 0.0]",-0.02776695042848587,-0.05232803523540497,0.006956885568797588,1.0140572786331177,1.0158100128173828,0.11240298300981522,10.35657003127362,13.03008400581704
1300,1300,26,target_ahead,0,"[0.0, 0.0, 0.0, 0.0]",1.0029776096343994,-0.5376017093658447,-0.001029251143336296,1.0935715436935425,1.5782520771026611,0.0,0.0,8.270335156957099
1300,1300,26,target_ahead,1,"[0.009999999776482582, 0.0, 0.0, 0.0]",1.3425724506378174,-0.23097765445709229,-0.02122730016708374,0.9987232685089111,1.6893047094345093,0.46770408749580383,8.270335156957099,12.220622278415295
1300,1300,26,target_ahead,2,"[0.019999999552965164, 0.0, 0.0, 0.0]",1.248321771621704,-0.3236321210861206,-0.021182134747505188,0.9945812225341797,1.628706693649292,0.13223160803318024,12.220622278415295,15.581598636535432
1300,1300,26,target_ahead,3,"[0.029999999329447746, 0.0, 0.0, 0.0]",0.8982220888137817,-0.40187764167785645,-0.01759963668882847,0.9978666305541992,1.401554822921753,0.35876980423927307,15.581598636535432,18.993422387557523
1300,1300,26,target_left,0,"[0.0, 0.0, 0.0, 0.0]",-0.23571239411830902,-0.385104238986969,0.017242595553398132,1.1070491075515747,1.195709228515625,0.0,0.0,7.337664091298014
1300,1300,26,target_left,1,"[0.009999999776482582, 0.0, 0.0, 0.0]",-0.276324987411499,-0.30681997537612915,0.0006742449477314949,1.0704716444015503,1.1473464965820312,0.09690319746732712,7.337664091298014,11.840845416537658
1300,1300,26,target_left,2,"[0.019999999552965164, 0.0, 0.0, 0.0]",-0.2416679859161377,-0.31414470076560974,-0.0011559072881937027,1.0635108947753906,1.1349656581878662,0.036146380007267,11.840845416537658,16.120413141471737
1300,1300,26,target_left,3,"[0.029999999329447746, 0.0, 0.0, 0.0]",-0.20758932828903198,-0.3187432885169983,-0.0014075692743062973,1.0603848695755005,1.1265472173690796,0.034530237317085266,16.120413141471737,20.21510716061261
1300,1300,26,ramp,0,"[-0.5, -0.4333333373069763, -0.36666667461395264, -0.30000001192092896]",-0.8059619665145874,-0.7354797720909119,0.004665267653763294,1.0064810514450073,1.4844294786453247,0.0,0.0,9.922791416422404
1300,1300,26,ramp,1,"[-0.47999998927116394, -0.41333332657814026, -0.3466666638851166, -0.2800000011920929]",-0.759253740310669,-0.7396292090415955,-0.0003426913172006607,1.0081640481948853,1.462843894958496,0.047188859432935715,9.922791416422404,15.293312264435189
1300,1300,26,ramp,2,"[-0.46000000834465027, -0.3933333456516266, -0.3266666829586029, -0.2600000202655792]",-0.8335376977920532,-0.7776221632957458,0.0009386371821165085,1.0192290544509888,1.5291533470153809,0.08417628705501556,15.293312264435189,20.73667068248902
1300,1300,26,ramp,3,"[-0.4399999976158142, -0.3733333349227905, -0.30666667222976685, -0.24000000953674316]",-0.8539853096008301,-0.786902904510498,0.00018559489399194717,1.0278843641281128,1.550823450088501,0.024077342823147774,20.73667068248902,26.18045317263722
1325,1325,26,zero_hold,0,"[0.0, 0.0, 0.0, 0.0]",0.03969794511795044,-0.14702361822128296,0.019712403416633606,0.8623660206794739,0.8759312629699707,0.0,0.0,4.46920204486465
1325,1325,26,zero_hold,1,"[0.0, 0.0, 0.0, 0.0]",0.03912550210952759,-0.14189955592155457,0.014942483976483345,1.0273592472076416,1.0379579067230225,0.16514267027378082,4.46920204486465,7.481889192953396
1325,1325,26,zero_hold,2,"[0.0, 0.0, 0.0, 0.0]",0.07566283643245697,-0.0949607864022255,0.008183163590729237,1.0289108753204346,1.0360825061798096,0.0598858967423439,7.481889192953396,10.361233496930685
1325,1325,26,zero_hold,3,"[0.0, 0.0, 0.0, 0.0]",-0.035523638129234314,-0.05529247969388962,0.005089640151709318,1.016592025756836,1.0187268257141113,0.11873217672109604,10.361233496930685,13.04460949582736
1325,1325,26,target_ahead,0,"[0.0, 0.0, 0.0, 0.0]",0.9862149357795715,-0.5395180583000183,-0.003363480791449547,1.0933856964111328,1.568184733390808,0.0,0.0,8.25781673181458
1325,1325,26,target_ahead,1,"[0.009999999776482582, 0.0, 0.0, 0.0]",1.3223178386688232,-0.23708713054656982,-0.023623833432793617,1.000649333000183,1.6752886772155762,0.46199581027030945,8.25781673181458,12.213226410663674
1325,1325,26,target_ahead,2,"[0.019999999552965164, 0.0, 0.0, 0.0]",1.2213536500930786,-0.3328101933002472,-0.023172417655587196,0.996735155582428,1.6113613843917847,0.13918404281139374,12.213226410663674,15.591348965636934
1325,1325,26,target_ahead,3,"[0.029999999329447746, 0.0, 0.0, 0.0]",0.8618730306625366,-0.4123469889163971,-0.01982596330344677,1.0013699531555176,1.384192943572998,0.3682188093662262,15.591348965636934,19.01773529827111
1325,1325,26,target_left,0,"[0.0, 0.0, 0.0, 0.0]",-0.22941575944423676,-0.38975510001182556,0.016248848289251328,1.1087288856506348,1.1975326538085938,0.0,0.0,7.339210607802705
1325,1325,26,target_left,1,"[0.009999999776482582, 0.0, 0.0, 0.0]",-0.2737079858779907,-0.3105235695838928,0.0010785693302750587,1.0720258951187134,1.1491656303405762,0.0990791767835617,7.339210607802705,11.85027948097848
1325,1325,26,target_left,2,"[0.019999999552965164, 0.0, 0.0, 0.0]",-0.24078834056854248,-0.3170717656612396,-0.0003272509202361107,1.0643389225006104,1.1363674402236938,0.03446226567029953,11.85027948097848,16.135766207148116
1325,1325,26,target_left,3,"[0.029999999329447746, 0.0, 0.0, 0.0]",-0.20556993782520294,-0.32197195291519165,-0.0005483599379658699,1.0610871315002441,1.1277549266815186,0.03570673242211342,16.135766207148116,20.23433748113198
1325,1325,26,ramp,0,"[-0.5, -0.4333333373069763, -0.36666667461395264, -0.30000001192092896]",-0.7980684638023376,-0.7422537207603455,0.00872225034981966,1.0116441249847412,1.4870620965957642,0.0,0.0,9.928709392232033
1325,1325,26,ramp,1,"[-0.47999998927116394, -0.41333332657814026, -0.3466666638851166, -0.2800000011920929]",-0.7520055174827576,-0.7485480904579163,0.005823046900331974,1.0096138715744019,1.4646469354629517,0.046625543385744095,9.928709392232033,15.30042125224825
1325,1325,26,ramp,2,"[-0.46000000834465027, -0.3933333456516266, -0.3266666829586029, -0.2600000202655792]",-0.8251214623451233,-0.7854912877082825,0.007100601680576801,1.0190497636795044,1.5285073518753052,0.08247066289186478,15.30042125224825,20.743503492930596
1325,1325,26,ramp,3,"[-0.4399999976158142, -0.3733333349227905, -0.30666667222976685, -0.24000000953674316]",-0.8455368876457214,-0.794623613357544,0.006327357143163681,1.0274198055267334,1.5498358011245728,0.023892350494861603,20.743503492930596,26.187914022887558
1350,1350,26,zero_hold,0,"[0.0, 0.0, 0.0, 0.0]",0.039350949227809906,-0.14640818536281586,0.019633764401078224,0.8600510358810425,0.8735314011573792,0.0,0.0,4.45294409328277
1350,1350,26,zero_hold,1,"[0.0, 0.0, 0.0, 0.0]",0.040800586342811584,-0.1400868445634842,0.015809640288352966,1.0240678787231445,1.034530758857727,0.16418954730033875,4.45294409328277,7.456301423188919
1350,1350,26,zero_hold,2,"[0.0, 0.0, 0.0, 0.0]",0.08024024963378906,-0.0913529098033905,0.009307321161031723,1.0243854522705078,1.0316181182861328,0.0630306676030159,7.456301423188919,10.327361705995848
1350,1350,26,zero_hold,3,"[0.0, 0.0, 0.0, 0.0]",-0.029941296204924583,-0.05121462792158127,0.005854713264852762,1.0112757682800293,1.0130313634872437,0.11804591864347458,10.327361705995848,13.002077831374898
1350,1350,26,target_ahead,0,"[0.0, 0.0, 0.0, 0.0]",0.98421311378479,-0.5408674478530884,-0.004989967681467533,1.0958696603775024,1.5691297054290771,0.0,0.0,8.255010927029893
1350,1350,26,target_ahead,1,"[0.009999999776482582, 0.0, 0.0, 0.0]",1.314598798751831,-0.23560361564159393,-0.022530484944581985,1.0004746913909912,1.6688728332519531,0.4601614475250244,8.255010927029893,12.214610112596665
1350,1350,26,target_ahead,2,"[0.019999999552965164, 0.0, 0.0, 0.0]",1.2160171270370483,-0.3316299021244049,-0.021954182535409927,0.994922399520874,1.6059354543685913,0.13773363828659058,12.214610112596665,15.603470217610182
1350,1350,26,target_ahead,3,"[0.029999999329447746, 0.0, 0.0, 0.0]",0.8596701622009277,-0.4110400378704071,-0.018701564520597458,0.9985979795455933,1.38041090965271,0.3651208281517029,15.603470217610182,19.03797373969296
1350,1350,26,target_left,0,"[0.0, 0.0, 0.0, 0.0]",-0.22763042151927948,-0.3938339352607727,0.017549220472574234,1.108515977859497,1.1983474493026733,0.0,0.0,7.332302503188048
1350,1350,26,target_left,1,"[0.009999999776482582, 0.0, 0.0, 0.0]",-0.27412647008895874,-0.3134738802909851,0.0025981776416301727,1.0701824426651,1.1483503580093384,0.10155104845762253,7.332302503188048,11.843816830340453
1350,1350,26,target_left,2,"[0.019999999552965164, 0.0, 0.0, 0.0]",-0.23995453119277954,-0.3186747133731842,0.0014727236703038216,1.0624516010284424,1.1348732709884644,0.03543730825185776,11.843816830340453,16.13287555312193
1350,1350,26,target_left,3,"[0.029999999329447746, 0.0, 0.0, 0.0]",-0.20423217117786407,-0.3230765461921692,0.0013970844447612762,1.0593196153640747,1.126165747642517,0.036128632724285126,16.13287555312193,20.23321482679898
1350,1350,26,ramp,0,"[-0.5, -0.4333333373069763, -0.36666667461395264, -0.30000001192092896]",-0.7950866222381592,-0.7416511178016663,0.010219485498964787,1.006138563156128,1.4814279079437256,0.0,0.0,9.922555836323859
1350,1350,26,ramp,1,"[-0.47999998927116394, -0.41333332657814026, -0.3466666638851166, -0.2800000011920929]",-0.7564311027526855,-0.750945508480072,0.007863731123507023,1.0071500539779663,1.4664652347564697,0.03983977437019348,9.922555836323859,15.296396359341063
1350,1350,26,ramp,2,"[-0.46000000834465027, -0.3933333456516266, -0.3266666829586029, -0.2600000202655792]",-0.8303042650222778,-0.7878932952880859,0.00971764512360096,1.0164437294006348,1.5308276414871216,0.08313959836959839,15.296396359341063,20.739355919536788
1350,1350,26,ramp,3,"[-0.4399999976158142, -0.3733333349227905, -0.30666667222976685, -0.24000000953674316]",-0.8506100177764893,-0.7968159914016724,0.009067952632904053,1.025100588798523,1.552213430404663,0.023818090558052063,20.739355919536788,26.182007491020865
1375,1375,26,zero_hold,0,"[0.0, 0.0, 0.0, 0.0]",0.04414758086204529,-0.14563187956809998,0.019660688936710358,0.8584761023521423,0.8720811009407043,0.0,0.0,4.452401906139304
1375,1375,26,zero_hold,1,"[0.0, 0.0, 0.0, 0.0]",0.04447081685066223,-0.1384047120809555,0.017051581293344498,1.0211859941482544,1.0316225290298462,0.16289153695106506,4.452401906139304,7.456641461430134
1375,1375,26,zero_hold,2,"[0.0, 0.0, 0.0, 0.0]",0.0730629712343216,-0.08870326727628708,0.011358064599335194,1.022487759590149,1.0289881229400635,0.05763554200530052,7.456641461430134,10.335028207392623
1375,1375,26,zero_hold,3,"[0.0, 0.0, 0.0, 0.0]",-0.04391602426767349,-0.0464458167552948,0.008369041606783867,1.0103914737701416,1.0124459266662598,0.12500011920928955,10.335028207392623,13.01963101511636
1375,1375,26,target_ahead,0,"[0.0, 0.0, 0.0, 0.0]",0.9836668968200684,-0.5429592132568359,-0.0059693483635783195,1.0937238931655884,1.5680155754089355,0.0,0.0,8.24923918653061
1375,1375,26,target_ahead,1,"[0.009999999776482582, 0.0, 0.0, 0.0]",1.316056728363037,-0.23858021199703217,-0.022416964173316956,0.9944732189178467,1.666854977607727,0.46179085969924927,8.24923918653061,12.206543016669137
1375,1375,26,target_ahead,2,"[0.019999999552965164, 0.0, 0.0, 0.0]",1.218296766281128,-0.33237260580062866,-0.021026741713285446,0.9885140657424927,1.6038455963134766,0.13561514019966125,12.206543016669137,15.598326119278797
1375,1375,26,target_ahead,3,"[0.029999999329447746, 0.0, 0.0, 0.0]",0.8665884733200073,-0.4097328782081604,-0.01788736879825592,0.9927276372909546,1.3801032304763794,0.36015406250953674,15.598326119278797,19.031558534052568
1375,1375,26,target_left,0,"[0.0, 0.0, 0.0, 0.0]",-0.23041102290153503,-0.39135539531707764,0.01686212234199047,1.108507752418518,1.1980493068695068,0.0,0.0,7.3437324127570704
1375,1375,26,target_left,1,"[0.009999999776482582, 0.0, 0.0, 0.0]",-0.2748805582523346,-0.3110808730125427,0.001267637126147747,1.0709939002990723,1.1486340761184692,0.10035943239927292,7.3437324127570704,11.86142252554574
1375,1375,26,target_left,2,"[0.019999999552965164, 0.0, 0.0, 0.0]",-0.25026291608810425,-0.3169592022895813,4.154164344072342e-05,1.0645902156829834,1.1386162042617798,0.026136059314012527,11.86142252554574,16.15891891122567
1375,1375,26,target_left,3,"[0.029999999329447746, 0.0, 0.0, 0.0]",-0.21672944724559784,-0.32214927673339844,-0.00017356500029563904,1.0619441270828247,1.1306976079940796,0.03403642773628235,16.15891891122567,20.271331595444714
1375,1375,26,ramp,0,"[-0.5, -0.4333333373069763, -0.36666667461395264, -0.30000001192092896]",-0.803437352180481,-0.7369771599769592,0.00922594778239727,1.0097897052764893,1.4860711097717285,0.0,0.0,9.926940336997792
1375,1375,26,ramp,1,"[-0.47999998927116394, -0.41333332657814026, -0.3466666638851166, -0.2800000011920929]",-0.7667667865753174,-0.7435921430587769,0.005358612164855003,1.0114611387252808,1.4710346460342407,0.037499845027923584,9.926940336997792,15.304005909136164
1375,1375,26,ramp,2,"[-0.46000000834465027, -0.3933333456516266, -0.3266666829586029, -0.2600000202655792]",-0.839017391204834,-0.7805815935134888,0.006849768105894327,1.0202524662017822,1.5343466997146606,0.08165708929300308,15.304005909136164,20.749820549983365
1375,1375,26,ramp,3,"[-0.4399999976158142, -0.3733333349227905, -0.30666667222976685, -0.24000000953674316]",-0.8586639165878296,-0.7898820638656616,0.006149751134216785,1.0290080308914185,1.555671215057373,0.023444289341568947,20.749820549983365,26.192955764304777
1400,1400,26,zero_hold,0,"[0.0, 0.0, 0.0, 0.0]",0.047196149826049805,-0.14715252816677094,0.016800038516521454,0.8586707711219788,0.8726276755332947,0.0,0.0,4.436449274921653
1400,1400,26,zero_hold,1,"[0.0, 0.0, 0.0, 0.0]",0.045145027339458466,-0.14227813482284546,0.014808771200478077,1.0248267650604248,1.0357462167739868,0.1662520468235016,4.436449274921653,7.4256149448352335
1400,1400,26,zero_hold,2,"[0.0, 0.0, 0.0, 0.0]",0.07176849246025085,-0.0929436907172203,0.010183816775679588,1.0271716117858887,1.033912181854248,0.05629906430840492,7.4256149448352335,10.28529535146255
1400,1400,26,zero_hold,3,"[0.0, 0.0, 0.0, 0.0]",-0.04673543572425842,-0.05020428076386452,0.007535288110375404,1.0149239301681519,1.017266869544983,0.12659722566604614,10.28529535146255,12.954191222646076
1400,1400,26,target_ahead,0,"[0.0, 0.0, 0.0, 0.0]",0.982059121131897,-0.5496570467948914,-0.007256653159856796,1.0919182300567627,1.5680882930755615,0.0,0.0,8.241868157632707
1400,1400,26,target_ahead,1,"[0.009999999776482582, 0.0, 0.0, 0.0]",1.3143481016159058,-0.24858270585536957,-0.022788625210523605,0.9965124726295471,1.668190836906433,0.458699494600296,8.241868157632707,12.18549210229184
1400,1400,26,target_ahead,2,"[0.019999999552965164, 0.0, 0.0, 0.0]",1.2136939764022827,-0.3416118323802948,-0.021369818598031998,0.9889461398124695,1.6025676727294922,0.13727685809135437,12.18549210229184,15.567282083195016
1400,1400,26,target_ahead,3,"[0.029999999329447746, 0.0, 0.0, 0.0]",0.8658990263938904,-0.41774609684944153,-0.018385501578450203,0.9913713335990906,1.3811038732528687,0.35605132579803467,15.567282083195016,18.99324079779889
1400,1400,26,target_left,0,"[0.0, 0.0, 0.0, 0.0]",-0.22267308831214905,-0.3936406373977661,0.014731000177562237,1.1092106103897095,1.1979572772979736,0.0,0.0,7.316372524004579
1400,1400,26,target_left,1,"[0.009999999776482582, 0.0, 0.0, 0.0]",-0.2706010937690735,-0.31228193640708923,0.00021029915660619736,1.075216293334961,1.1518832445144653,0.10140412300825119,7.316372524004579,11.814115760792522
1400,1400,26,target_left,2,"[0.019999999552965164, 0.0, 0.0, 0.0]",-0.2458788901567459,-0.3151802718639374,-0.0010422533378005028,1.0689301490783691,1.141230821609497,0.025703543797135353,11.814115760792522,16.09332105074031
1400,1400,26,target_left,3,"[0.029999999329447746, 0.0, 0.0, 0.0]",-0.21006183326244354,-0.3190602958202362,-0.0013232799246907234,1.0662307739257812,1.132596731185913,0.036128684878349304,16.09332105074031,20.184757141362322
1400,1400,26,ramp,0,"[-0.5, -0.4333333373069763, -0.36666667461395264, -0.30000001192092896]",-0.7885901927947998,-0.7344757914543152,0.005675762891769409,1.0022214651107788,1.4716688394546509,0.0,0.0,9.908429475869942
1400,1400,26,ramp,1,"[-0.47999998927116394, -0.41333332657814026, -0.3466666638851166, -0.2800000011920929]",-0.7546480894088745,-0.7376932501792908,0.0015956452116370201,1.0098320245742798,1.4606329202651978,0.035170815885066986,9.908429475869942,15.27829515883846
1400,1400,26,ramp,2,"[-0.46000000834465027, -0.3933333456516266, -0.3266666829586029, -0.2600000202655792]",-0.8352369070053101,-0.7758134603500366,0.0036762887611985207,1.0197666883468628,1.5295244455337524,0.08972588181495667,15.27829515883846,20.709901568967524
1400,1400,26,ramp,3,"[-0.4399999976158142, -0.3733333349227905, -0.30666667222976685, -0.24000000953674316]",-0.8562799096107483,-0.7852829098701477,0.0031171105802059174,1.02906334400177,1.5520521402359009,0.024884110316634178,20.709901568967524,26.133000292757146
1425,1425,26,zero_hold,0,"[0.0, 0.0, 0.0, 0.0]",0.04663444310426712,-0.14956508576869965,0.01798393949866295,0.8594162464141846,0.8737643361091614,0.0,0.0,4.434494771576115
1425,1425,26,zero_hold,1,"[0.0, 0.0, 0.0, 0.0]",0.04081994295120239,-0.14413081109523773,0.01670270785689354,1.0263893604278564,1.0373977422714233,0.16716758906841278,4.434494771576115,7.422911834679424
1425,1425,26,zero_hold,2,"[0.0, 0.0, 0.0, 0.0]",0.06853801012039185,-0.09370533376932144,0.012290561571717262,1.0285040140151978,1.0351085662841797,0.057749103754758835,7.422911834679424,10.283503243569507
1425,1425,26,zero_hold,3,"[0.0, 0.0, 0.0, 0.0]",-0.046724967658519745,-0.050676506012678146,0.009420670568943024,1.0159043073654175,1.018283724784851,0.12370942533016205,10.283503243569507,12.95455982201673
1425,1425,26,target_ahead,0,"[0.0, 0.0, 0.0, 0.0]",0.974717915058136,-0.5499456524848938,-0.006131773814558983,1.0935096740722656,1.5647095441818237,0.0,0.0,8.240961709328705
1425,1425,26,target_ahead,1,"[0.009999999776482582, 0.0, 0.0, 0.0]",1.3096674680709839,-0.2522977888584137,-0.021289952099323273,1.000470757484436,1.6674165725708008,0.45789897441864014,8.240961709328705,12.193156336013026
1425,1425,26,target_ahead,2,"[0.019999999552965164, 0.0, 0.0, 0.0]",1.2077652215957642,-0.34484782814979553,-0.019567199051380157,0.9957937002182007,1.6029987335205078,0.137747660279274,12.193156336013026,15.587308266985353
1425,1425,26,target_ahead,3,"[0.029999999329447746, 0.0, 0.0, 0.0]",0.8630364537239075,-0.42104047536849976,-0.01606595143675804,0.9983944892883301,1.3853362798690796,0.35307544469833374,15.587308266985353,19.02425056534968
1425,1425,26,target_left,0,"[0.0, 0.0, 0.0, 0.0]",-0.22013849020004272,-0.3992364704608917,0.016885418444871902,1.110249638557434,1.2003291845321655,0.0,0.0,7.3235638857810175
1425,1425,26,target_left,1,"[0.009999999776482582, 0.0, 0.0, 0.0]",-0.26854467391967773,-0.3183734714984894,0.0035435669124126434,1.0741933584213257,1.152120590209961,0.10178429633378983,7.3235638857810175,11.826496022177372
1425,1425,26,target_left,2,"[0.019999999552965164, 0.0, 0.0, 0.0]",-0.24597012996673584,-0.3232562243938446,0.002406710758805275,1.0672160387039185,1.1419070959091187,0.02415422722697258,11.826496022177372,16.107903464333013
1425,1425,26,target_left,3,"[0.029999999329447746, 0.0, 0.0, 0.0]",-0.2119213342666626,-0.32895809412002563,0.0021035438403487206,1.064439296722412,1.134089708328247,0.03463573381304741,16.107903464333013,20.201926498822516
1425,1425,26,ramp,0,"[-0.5, -0.4333333373069763, -0.36666667461395264, -0.30000001192092896]",-0.7805121541023254,-0.7353429198265076,0.007495430763810873,1.0141817331314087,1.4759910106658936,0.0,0.0,9.921008874181615
1425,1425,26,ramp,1,"[-0.47999998927116394, -0.41333332657814026, -0.3466666638851166, -0.2800000011920929]",-0.7505276799201965,-0.7352043986320496,0.003997803665697575,1.016154408454895,1.461643934249878,0.03025248274207115,9.921008874181615,15.295935306001558
1425,1425,26,ramp,2,"[-0.46000000834465027, -0.3933333456516266, -0.3266666829586029, -0.2600000202655792]",-0.828169047832489,-0.7704973220825195,0.00580957205966115,1.0241838693618774,1.5259476900100708,0.085682712495327,15.295935306001558,20.741056894627842
1425,1425,26,ramp,3,"[-0.4399999976158142, -0.3733333349227905, -0.30666667222976685, -0.24000000953674316]",-0.850320041179657,-0.7793436646461487,0.005237393081188202,1.0319126844406128,1.5476731061935425,0.025079596787691116,20.741056894627842,26.180286734833594
1450,1450,26,zero_hold,0,"[0.0, 0.0, 0.0, 0.0]",0.041752517223358154,-0.14932197332382202,0.016924066469073296,0.8573525547981262,0.8714241981506348,0.0,0.0,4.4409932873569264
1450,1450,26,zero_hold,1,"[0.0, 0.0, 0.0, 0.0]",0.03635834902524948,-0.14451581239700317,0.014639539644122124,1.0222665071487427,1.0331746339797974,0.16508793830871582,4.4409932873569264,7.437240384703527
1450,1450,26,zero_hold,2,"[0.0, 0.0, 0.0, 0.0]",0.06616552919149399,-0.09579761326313019,0.009592048823833466,1.0247257947921753,1.0313632488250732,0.05738864094018936,7.437240384703527,10.311320236002384
1450,1450,26,zero_hold,3,"[0.0, 0.0, 0.0, 0.0]",-0.048985764384269714,-0.05474034696817398,0.006463978439569473,1.0127736330032349,1.0154547691345215,0.12287456542253494,10.311320236002384,12.99490746756879
1450,1450,26,target_ahead,0,"[0.0, 0.0, 0.0, 0.0]",0.9827672243118286,-0.546034038066864,-0.005909326486289501,1.0978707075119019,1.571413278579712,0.0,0.0,8.236032756863736
1450,1450,26,target_ahead,1,"[0.009999999776482582, 0.0, 0.0, 0.0]",1.3134077787399292,-0.2481628656387329,-0.020420879125595093,1.0018705129623413,1.6705646514892578,0.4554964601993561,8.236032756863736,12.191506202077074
1450,1450,26,target_ahead,2,"[0.019999999552965164, 0.0, 0.0, 0.0]",1.2036702632904053,-0.3412391245365143,-0.01829131320118904,0.9957994818687439,1.5991301536560059,0.1440378576517105,12.191506202077074,15.585461955037356
1450,1450,26,target_ahead,3,"[0.029999999329447746, 0.0, 0.0, 0.0]",0.8598673939704895,-0.4178604781627655,-0.014429139904677868,0.9990147948265076,1.3828297853469849,0.3522733151912689,15.585461955037356,19.026759214529157
1450,1450,26,target_left,0,"[0.0, 0.0, 0.0, 0.0]",-0.22175677120685577,-0.39823397994041443,0.013317876495420933,1.1064954996109009,1.19677734375,0.0,0.0,7.322430841593014
1450,1450,26,target_left,1,"[0.009999999776482582, 0.0, 0.0, 0.0]",-0.2700203061103821,-0.318527489900589,-0.0002702465280890465,1.06973135471344,1.148344874382019,0.10108774900436401,7.322430841593014,11.83467985608687
1450,1450,26,target_left,2,"[0.019999999552965164, 0.0, 0.0, 0.0]",-0.2455293834209442,-0.3235204815864563,-0.001776629127562046,1.0633577108383179,1.1382807493209839,0.025838494300842285,11.83467985608687,16.12833977972088
1450,1450,26,target_left,3,"[0.029999999329447746, 0.0, 0.0, 0.0]",-0.21042560040950775,-0.3285563290119171,-0.002233901061117649,1.0607573986053467,1.130238652229309,0.035561300814151764,16.12833977972088,20.23602404375203
1450,1450,26,ramp,0,"[-0.5, -0.4333333373069763, -0.36666667461395264, -0.30000001192092896]",-0.7941293120384216,-0.7443842887878418,0.0034634172916412354,1.0082347393035889,1.4836773872375488,0.0,0.0,9.929745073093057
1450,1450,26,ramp,1,"[-0.47999998927116394, -0.41333332657814026, -0.3466666638851166, -0.2800000011920929]",-0.7564895749092102,-0.7441028952598572,0.0003844713792204857,1.0085694789886475,1.463959813117981,0.037767987698316574,9.929745073093057,15.312448699918079
1450,1450,26,ramp,2,"[-0.46000000834465027, -0.3933333456516266, -0.3266666829586029, -0.2600000202655792]",-0.831501841545105,-0.7796825170516968,0.001920352689921856,1.0172277688980103,1.5277618169784546,0.08348697423934937,15.312448699918079,20.773594606507398
1450,1450,26,ramp,3,"[-0.4399999976158142, -0.3733333349227905, -0.30666667222976685, -0.24000000953674316]",-0.8517520427703857,-0.7886142134666443,0.0012670289725065231,1.025473713874817,1.54886794090271,0.02362770214676857,20.773594606507398,26.233437597318623
1475,1475,26,zero_hold,0,"[0.0, 0.0, 0.0, 0.0]",0.04407212883234024,-0.14918576180934906,0.015659617260098457,0.8569995164871216,0.87114417552948,0.0,0.0,4.437850037908531
1475,1475,26,zero_hold,1,"[0.0, 0.0, 0.0, 0.0]",0.03739947825670242,-0.1446981132030487,0.012818092480301857,1.0256332159042358,1.0365443229675293,0.16884922981262207,4.437850037908531,7.439798384268364
1475,1475,26,zero_hold,2,"[0.0, 0.0, 0.0, 0.0]",0.06716786324977875,-0.09601113200187683,0.007664123550057411,1.0301748514175415,1.0368454456329346,0.057478420436382294,7.439798384268364,10.319103706114747
1475,1475,26,zero_hold,3,"[0.0, 0.0, 0.0, 0.0]",-0.04462273418903351,-0.054671283811330795,0.00431881844997406,1.0190635919570923,1.0215133428573608,0.11975295841693878,10.319103706114747,13.004185251146833
1475,1475,26,target_ahead,0,"[0.0, 0.0, 0.0, 0.0]",0.9765281677246094,-0.5503568053245544,-0.006350738927721977,1.0986518859863281,1.5695784091949463,0.0,0.0,8.228811907095254
1475,1475,26,target_ahead,1,"[0.009999999776482582, 0.0, 0.0, 0.0]",1.307884931564331,-0.25188758969306946,-0.020456183701753616,1.0048428773880005,1.6685736179351807,0.4559389054775238,8.228811907095254,12.18384352912121
1475,1475,26,target_ahead,2,"[0.019999999552965164, 0.0, 0.0, 0.0]",1.213096261024475,-0.3413858413696289,-0.017487959936261177,0.998226523399353,1.6077651977539062,0.13056574761867523,12.18384352912121,15.574825331573392
1475,1475,26,target_ahead,3,"[0.029999999329447746, 0.0, 0.0, 0.0]",0.8739869594573975,-0.41715526580810547,-0.013767387717962265,1.0013140439987183,1.3930869102478027,0.3475046753883362,15.574825331573392,19.00792426299013
1475,1475,26,target_left,0,"[0.0, 0.0, 0.0, 0.0]",-0.22966501116752625,-0.3984270691871643,0.012063916772603989,1.1075090169906616,1.1992547512054443,0.0,0.0,7.324843435764438
1475,1475,26,target_left,1,"[0.009999999776482582, 0.0, 0.0, 0.0]",-0.277767539024353,-0.3190698027610779,-0.0022598877549171448,1.076429009437561,1.1565746068954468,0.09890685975551605,7.324843435764438,11.844792665448296
1475,1475,26,target_left,2,"[0.019999999552965164, 0.0, 0.0, 0.0]",-0.25254979729652405,-0.32544681429862976,-0.0037497524172067642,1.0709353685379028,1.1474379301071167,0.026627063751220703,11.844792665448296,16.13766489178678
1475,1475,26,target_left,3,"[0.029999999329447746, 0.0, 0.0, 0.0]",-0.2194097489118576,-0.3318471610546112,-0.004096560180187225,1.0689369440078735,1.1405727863311768,0.03381333127617836,16.13766489178678,20.24296291945362
1475,1475,26,ramp,0,"[-0.5, -0.4333333373069763, -0.36666667461395264, -0.30000001192092896]",-0.7904595136642456,-0.7388027310371399,0.005210106261074543,1.008048176765442,1.4787981510162354,0.0,0.0,9.924268562098243
1475,1475,26,ramp,1,"[-0.47999998927116394, -0.41333332657814026, -0.3466666638851166, -0.2800000011920929]",-0.7621825337409973,-0.7425411343574524,0.001827082596719265,1.013490080833435,1.469508409500122,0.02923392504453659,9.924268562098243,15.30025598218548
1475,1475,26,ramp,2,"[-0.46000000834465027, -0.3933333456516266, -0.3266666829586029, -0.2600000202655792]",-0.8330689668655396,-0.7776208519935608,0.002958475612103939,1.0218772888183594,1.5306665897369385,0.07954306155443192,15.30025598218548,20.752535521431962
1475,1475,26,ramp,3,"[-0.4399999976158142, -0.3733333349227905, -0.30666667222976685, -0.24000000953674316]",-0.8528903722763062,-0.7865459322929382,0.002099142409861088,1.0302067995071411,1.5515819787979126,0.02329515852034092,20.752535521431962,26.20216725578648
1500,1500,26,zero_hold,0,"[0.0, 0.0, 0.0, 0.0]",0.039791539311409,-0.14579357206821442,0.018624376505613327,0.8569762706756592,0.8703989386558533,0.0,0.0,4.442547591230884
1500,1500,26,zero_hold,1,"[0.0, 0.0, 0.0, 0.0]",0.03407687693834305,-0.13814066350460052,0.017185594886541367,1.020847201347351,1.0308581590652466,0.16415534913539886,4.442547591230884,7.439014879389496
1500,1500,26,zero_hold,2,"[0.0, 0.0, 0.0, 0.0]",0.062083467841148376,-0.08831718564033508,0.012757539749145508,1.0229978561401367,1.0287573337554932,0.05736707150936127,7.439014879389496,10.303418752498917
1500,1500,26,zero_hold,3,"[0.0, 0.0, 0.0, 0.0]",-0.05275731533765793,-0.04548763111233711,0.009631142020225525,1.0104455947875977,1.0128896236419678,0.12324816733598709,10.303418752498917,12.973817193519148
1500,1500,26,target_ahead,0,"[0.0, 0.0, 0.0, 0.0]",0.9796261787414551,-0.5482652187347412,-0.0007659420371055603,1.095829963684082,1.5687912702560425,0.0,0.0,8.235946618166038
1500,1500,26,target_ahead,1,"[0.009999999776482582, 0.0, 0.0, 0.0]",1.312243103981018,-0.24014241993427277,-0.016062382608652115,0.9961766004562378,1.6650153398513794,0.4644765555858612,8.235946618166038,12.188457180665285
1500,1500,26,target_ahead,2,"[0.019999999552965164, 0.0, 0.0, 0.0]",1.2257580757141113,-0.33202293515205383,-0.012217266485095024,0.9872058629989624,1.6085542440414429,0.1265580803155899,12.188457180665285,15.578318713620815
1500,1500,26,target_ahead,3,"[0.029999999329447746, 0.0, 0.0, 0.0]",0.880942165851593,-0.41026806831359863,-0.007287181913852692,0.9881695508956909,1.3859694004058838,0.3536178171634674,15.578318713620815,19.008814528839867
1500,1500,26,target_left,0,"[0.0, 0.0, 0.0, 0.0]",-0.22947797179222107,-0.3944393992424011,0.017287155613303185,1.1070400476455688,1.1975303888320923,0.0,0.0,7.330411830434025
1500,1500,26,target_left,1,"[0.009999999776482582, 0.0, 0.0, 0.0]",-0.27860456705093384,-0.31082087755203247,0.0032969675958156586,1.0731109380722046,1.1514374017715454,0.10369373112916946,7.330411830434025,11.844665390609167
1500,1500,26,target_left,2,"[0.019999999552965164, 0.0, 0.0, 0.0]",-0.2511318325996399,-0.3166838586330414,0.0018717823550105095,1.067522644996643,1.1414744853973389,0.02867727167904377,11.844665390609167,16.128561483399956
1500,1500,26,target_left,3,"[0.029999999329447746, 0.0, 0.0, 0.0]",-0.215194970369339,-0.3224722146987915,0.001484663225710392,1.065355896949768,1.1337029933929443,0.036466531455516815,16.128561483399956,20.221295674598
1500,1500,26,ramp,0,"[-0.5, -0.4333333373069763, -0.36666667461395264, -0.30000001192092896]",-0.7835078239440918,-0.750918447971344,0.00933188945055008,1.0139100551605225,1.4852150678634644,0.0,0.0,9.924854325175557
1500,1500,26,ramp,1,"[-0.47999998927116394, -0.41333332657814026, -0.3466666638851166, -0.2800000011920929]",-0.752708375453949,-0.753398597240448,0.005203695967793465,1.0190924406051636,1.474027156829834,0.031601522117853165,9.924854325175557,15.300070949581102
1500,1500,26,ramp,2,"[-0.46000000834465027, -0.3933333456516266, -0.3266666829586029, -0.2600000202655792]",-0.8227368593215942,-0.7867037057876587,0.0060930210165679455,1.0269633531570435,1.5331306457519531,0.07794845104217529,15.300070949581102,20.750503345807825
1500,1500,26,ramp,3,"[-0.4399999976158142, -0.3733333349227905, -0.30666667222976685, -0.24000000953674316]",-0.8424112200737,-0.7944830656051636,0.005225911736488342,1.0353363752365112,1.5533218383789062,0.022769680246710777,20.750503345807825,26.200478953137626
1525,1525,26,zero_hold,0,"[0.0, 0.0, 0.0, 0.0]",0.04475411772727966,-0.1466534286737442,0.018752243369817734,0.8556210398674011,0.8694533705711365,0.0,0.0,4.441871057621555
1525,1525,26,zero_hold,1,"[0.0, 0.0, 0.0, 0.0]",0.04269734025001526,-0.13894324004650116,0.01752033457159996,1.0181517601013184,1.028624415397644,0.16273115575313568,4.441871057621555,7.437833259905718
1525,1525,26,zero_hold,2,"[0.0, 0.0, 0.0, 0.0]",0.07593260705471039,-0.08901658654212952,0.012424260377883911,1.0187454223632812,1.0255175828933716,0.06019614636898041,7.437833259905718,10.300868632545068
1525,1525,26,zero_hold,3,"[0.0, 0.0, 0.0, 0.0]",-0.0336252823472023,-0.046694688498973846,0.009097258560359478,1.005136489868164,1.0068233013153076,0.1182807981967926,10.300868632545068,12.96518571127551
1525,1525,26,target_ahead,0,"[0.0, 0.0, 0.0, 0.0]",0.9724088311195374,-0.5500805377960205,-0.0011289063841104507,1.0883630514144897,1.5597124099731445,0.0,0.0,8.236520764291273
1525,1525,26,target_ahead,1,"[0.009999999776482582, 0.0, 0.0, 0.0]",1.308992624282837,-0.24579958617687225,-0.018000315874814987,0.9919578433036804,1.6607779264450073,0.4641703963279724,8.236520764291273,12.199508036179154
1525,1525,26,target_ahead,2,"[0.019999999552965164, 0.0, 0.0, 0.0]",1.2291620969772339,-0.3394384980201721,-0.014752413146197796,0.9828130602836609,1.610030174255371,0.123431496322155,12.199508036179154,15.603139076257385
1525,1525,26,target_ahead,3,"[0.029999999329447746, 0.0, 0.0, 0.0]",0.8865971565246582,-0.4181388020515442,-0.010255123488605022,0.983144223690033,1.388370394706726,0.35151785612106323,15.603139076257385,19.042101338289786
1525,1525,26,target_left,0,"[0.0, 0.0, 0.0, 0.0]",-0.2276335060596466,-0.397593230009079,0.018787510693073273,1.103643774986267,1.1951067447662354,0.0,0.0,7.326753180787672
1525,1525,26,target_left,1,"[0.009999999776482582, 0.0, 0.0, 0.0]",-0.27413856983184814,-0.314548134803772,0.005998753011226654,1.0696685314178467,1.1481808423995972,0.10186794400215149,7.326753180787672,11.846846694076529
1525,1525,26,target_left,2,"[0.019999999552965164, 0.0, 0.0, 0.0]",-0.24644237756729126,-0.3212202489376068,0.004944669082760811,1.0637776851654053,1.1382282972335815,0.029110295698046684,11.846846694076529,16.131547479847452
1525,1525,26,target_left,3,"[0.029999999329447746, 0.0, 0.0, 0.0]",-0.21188706159591675,-0.32847845554351807,0.00466419942677021,1.0618815422058105,1.1315512657165527,0.035361357033252716,16.131547479847452,20.225633070669456
1525,1525,26,ramp,0,"[-0.5, -0.4333333373069763, -0.36666667461395264, -0.30000001192092896]",-0.780196487903595,-0.7424189448356628,0.013142936863005161,1.013671636581421,1.479052186012268,0.0,0.0,9.922738148917585
1525,1525,26,ramp,1,"[-0.47999998927116394, -0.41333332657814026, -0.3466666638851166, -0.2800000011920929]",-0.7431942820549011,-0.7451298832893372,0.009449861943721771,1.0174720287322998,1.4638630151748657,0.03747791796922684,9.922738148917585,15.295411651757592
1525,1525,26,ramp,2,"[-0.46000000834465027, -0.3933333456516266, -0.3266666829586029, -0.2600000202655792]",-0.8172098994255066,-0.7798377871513367,0.010578172281384468,1.026453971862793,1.5263350009918213,0.08224900811910629,15.295411651757592,20.739677737518356
1525,1525,26,ramp,3,"[-0.4399999976158142, -0.3733333349227905, -0.30666667222976685, -0.24000000953674316]",-0.8377037644386292,-0.7884233593940735,0.009747368283569813,1.0349891185760498,1.547467827796936,0.023817000910639763,20.739677737518356,26.18275102050328
1550,1550,26,zero_hold,0,"[0.0, 0.0, 0.0, 0.0]",0.04755105823278427,-0.1464112550020218,0.018842149525880814,0.8587272763252258,0.8726195693016052,0.0,0.0,4.443244309710129
1550,1550,26,zero_hold,1,"[0.0, 0.0, 0.0, 0.0]",0.04239519685506821,-0.14088714122772217,0.018460458144545555,1.024811029434204,1.0354830026626587,0.16625599563121796,4.443244309710129,7.43624961113197
1550,1550,26,zero_hold,2,"[0.0, 0.0, 0.0, 0.0]",0.06992018967866898,-0.09129336476325989,0.013599788770079613,1.0272339582443237,1.0337398052215576,0.05697951093316078,7.43624961113197,10.301808477395694
1550,1550,26,zero_hold,3,"[0.0, 0.0, 0.0, 0.0]",-0.04112850874662399,-0.048433177173137665,0.010408272966742516,1.0137598514556885,1.0158025026321411,0.1198355033993721,10.301808477395694,12.974542128679834
1550,1550,26,target_ahead,0,"[0.0, 0.0, 0.0, 0.0]",0.9700992107391357,-0.5486596822738647,-0.006894434802234173,1.0974059104919434,1.5641186237335205,0.0,0.0,8.223155016844476
1550,1550,26,target_ahead,1,"[0.009999999776482582, 0.0, 0.0, 0.0]",1.300363302230835,-0.25131160020828247,-0.020805299282073975,1.001639485359192,1.6606675386428833,0.4548131227493286,8.223155016844476,12.188387499411462
1550,1550,26,target_ahead,2,"[0.019999999552965164, 0.0, 0.0, 0.0]",1.2227391004562378,-0.3404758870601654,-0.018489234149456024,0.9923329949378967,1.6112359762191772,0.11860759556293488,12.188387499411462,15.608540052568916
1550,1550,26,target_ahead,3,"[0.029999999329447746, 0.0, 0.0, 0.0]",0.8938361406326294,-0.41698238253593445,-0.014828751794993877,0.992839515209198,1.399559736251831,0.3377040922641754,15.608540052568916,19.060908909319703
1550,1550,26,target_left,0,"[0.0, 0.0, 0.0, 0.0]",-0.21878577768802643,-0.39419740438461304,0.017392467707395554,1.1072266101837158,1.1956219673156738,0.0,0.0,7.3211892090943
1550,1550,26,target_left,1,"[0.009999999776482582, 0.0, 0.0, 0.0]",-0.2728903293609619,-0.31178581714630127,0.007529420778155327,1.0754222869873047,1.15250563621521,0.10405655205249786,7.3211892090943,11.83986737086073
1550,1550,26,target_left,2,"[0.019999999552965164, 0.0, 0.0, 0.0]",-0.2466137707233429,-0.3155956566333771,0.00674128532409668,1.0689060688018799,1.1415009498596191,0.027350587770342827,11.83986737086073,16.131197811849592
1550,1550,26,target_left,3,"[0.029999999329447746, 0.0, 0.0, 0.0]",-0.21085228025913239,-0.3212743103504181,0.0064665451645851135,1.0664700269699097,1.1336119174957275,0.036292437463998795,16.131197811849592,20.230229863708466
1550,1550,26,ramp,0,"[-0.5, -0.4333333373069763, -0.36666667461395264, -0.30000001192092896]",-0.7866710424423218,-0.7435320615768433,0.011788370087742805,1.0086448192596436,1.4795928001403809,0.0,0.0,9.924311310764176
1550,1550,26,ramp,1,"[-0.47999998927116394, -0.41333332657814026, -0.3466666638851166, -0.2800000011920929]",-0.7625175714492798,-0.7468969821929932,0.011883828788995743,1.015082836151123,1.473031759262085,0.0252224113792181,9.924311310764176,15.292540273176597
1550,1550,26,ramp,2,"[-0.46000000834465027, -0.3933333456516266, -0.3266666829586029, -0.2600000202655792]",-0.8326489925384521,-0.7802724838256836,0.01332228071987629,1.0219871997833252,1.5319154262542725,0.0779876857995987,15.292540273176597,20.74057624619034
1550,1550,26,ramp,3,"[-0.4399999976158142, -0.3733333349227905, -0.30666667222976685, -0.24000000953674316]",-0.8527873754501343,-0.7887096405029297,0.012595310807228088,1.0299713611602783,1.5525169372558594,0.023259738460183144,20.74057624619034,26.1845935422347
1575,1575,26,zero_hold,0,"[0.0, 0.0, 0.0, 0.0]",0.0473310723900795,-0.14437651634216309,0.015799306333065033,0.8584959506988525,0.8719803690910339,0.0,0.0,4.43332308342438
1575,1575,26,zero_hold,1,"[0.0, 0.0, 0.0, 0.0]",0.039025187492370605,-0.13876549899578094,0.013175972737371922,1.0245835781097412,1.0347579717636108,0.16641049087047577,4.43332308342438,7.418663778471808
1575,1575,26,zero_hold,2,"[0.0, 0.0, 0.0, 0.0]",0.0624714270234108,-0.08993885666131973,0.007050143554806709,1.0274444818496704,1.0332876443862915,0.05458459258079529,7.418663778471808,10.27475970492882
1575,1575,26,zero_hold,3,"[0.0, 0.0, 0.0, 0.0]",-0.049121201038360596,-0.04713977873325348,0.0030171461403369904,1.01410973072052,1.0163968801498413,0.12032770365476608,10.27475970492882,12.941120507679939
1575,1575,26,target_ahead,0,"[0.0, 0.0, 0.0, 0.0]",0.9725654125213623,-0.5464320778846741,-0.00756565947085619,1.0991593599319458,1.566103458404541,0.0,0.0,8.22883407382162
1575,1575,26,target_ahead,1,"[0.009999999776482582, 0.0, 0.0, 0.0]",1.2988044023513794,-0.24564383924007416,-0.025251124054193497,1.0005649328231812,1.6580113172531128,0.45490556955337524,8.22883407382162,12.181570681757144
1575,1575,26,target_ahead,2,"[0.019999999552965164, 0.0, 0.0, 0.0]",1.2179059982299805,-0.3331114649772644,-0.02392103150486946,0.9921795129776001,1.6060045957565308,0.11944548040628433,12.181570681757144,15.587692299566722
1575,1575,26,target_ahead,3,"[0.029999999329447746, 0.0, 0.0, 0.0]",0.8834152817726135,-0.409696489572525,-0.020993825048208237,0.9921481609344482,1.3903497457504272,0.34315869212150574,15.587692299566722,19.028802009426787
1575,1575,26,target_left,0,"[0.0, 0.0, 0.0, 0.0]",-0.22712936997413635,-0.3926546275615692,0.01279792096465826,1.1085288524627686,1.1978168487548828,0.0,0.0,7.313213908155274
1575,1575,26,target_left,1,"[0.009999999776482582, 0.0, 0.0, 0.0]",-0.2863066792488098,-0.30966103076934814,0.001222747378051281,1.0764037370681763,1.1560744047164917,0.10749837011098862,7.313213908155274,11.827438020740079
1575,1575,26,target_left,2,"[0.019999999552965164, 0.0, 0.0, 0.0]",-0.260578989982605,-0.3149585425853729,0.00029784999787807465,1.069555640220642,1.1450108289718628,0.02716117538511753,11.827438020740079,16.112510292277456
1575,1575,26,target_left,3,"[0.029999999329447746, 0.0, 0.0, 0.0]",-0.22092905640602112,-0.32231009006500244,-1.5663914382457733e-05,1.067007303237915,1.1363089084625244,0.04040735960006714,16.112510292277456,20.204805656277568
1575,1575,26,ramp,0,"[-0.5, -0.4333333373069763, -0.36666667461395264, -0.30000001192092896]",-0.7968398928642273,-0.7388554215431213,0.006962493993341923,1.0162066221237183,1.4878122806549072,0.0,0.0,9.921669707111603
1575,1575,26,ramp,1,"[-0.47999998927116394, -0.41333332657814026, -0.3466666638851166, -0.2800000011920929]",-0.7594035863876343,-0.7370414733886719,0.0060403551906347275,1.0194710493087769,1.469449520111084,0.037633419036865234,9.921669707111603,15.306110432557924
1575,1575,26,ramp,2,"[-0.46000000834465027, -0.3933333456516266, -0.3266666829586029, -0.2600000202655792]",-0.8280824422836304,-0.7700955867767334,0.007343940902501345,1.0247435569763184,1.5260802507400513,0.07641242444515228,15.306110432557924,20.761355199394565
1575,1575,26,ramp,3,"[-0.4399999976158142, -0.3733333349227905, -0.30666667222976685, -0.24000000953674316]",-0.8480027914047241,-0.7784964442253113,0.006644250359386206,1.032436728477478,1.5463296175003052,0.02295798622071743,20.761355199394565,26.211409548367417
1600,1600,26,zero_hold,0,"[0.0, 0.0, 0.0, 0.0]",0.05173071473836899,-0.1439264416694641,0.018327917903661728,0.8567228317260742,0.8704601526260376,0.0,0.0,4.43882489795355
1600,1600,26,zero_hold,1,"[0.0, 0.0, 0.0, 0.0]",0.044256485998630524,-0.1375926434993744,0.016708172857761383,1.0206377506256104,1.0309563875198364,0.16421543061733246,4.43882489795355,7.4278338486354505
1600,1600,26,zero_hold,2,"[0.0, 0.0, 0.0, 0.0]",0.06582631915807724,-0.08794282376766205,0.011247760616242886,1.0234986543655396,1.0294382572174072,0.05448268726468086,7.4278338486354505,10.29085983947766
1600,1600,26,zero_hold,3,"[0.0, 0.0, 0.0, 0.0]",-0.04695621877908707,-0.04417514055967331,0.007571711204946041,1.0104596614837646,1.0125426054000854,0.12173347920179367,10.29085983947766,12.963478982869045
1600,1600,26,target_ahead,0,"[0.0, 0.0, 0.0, 0.0]",0.9855532050132751,-0.5500458478927612,-0.00854448601603508,1.0910539627075195,1.569820761680603,0.0,0.0,8.23312272588567
1600,1600,26,target_ahead,1,"[0.009999999776482582, 0.0, 0.0, 0.0]",1.306971788406372,-0.2500537037849426,-0.02321772649884224,0.996314525604248,1.6624932289123535,0.44999560713768005,8.23312272588567,12.190987554823785
1600,1600,26,target_ahead,2,"[0.019999999552965164, 0.0, 0.0, 0.0]",1.2145262956619263,-0.3406531512737274,-0.0217544324696064,0.9888466596603394,1.6029378175735474,0.1296624094247818,12.190987554823785,15.593422180255773
1600,1600,26,target_ahead,3,"[0.029999999329447746, 0.0, 0.0, 0.0]",0.8757663369178772,-0.41646042466163635,-0.01851123571395874,0.9890369176864624,1.3852590322494507,0.34715357422828674,15.593422180255773,19.0356724938703
1600,1600,26,target_left,0,"[0.0, 0.0, 0.0, 0.0]",-0.22348275780677795,-0.3903336822986603,0.018102334812283516,1.1050217151641846,1.193191409111023,0.0,0.0,7.3163411627085395
1600,1600,26,target_left,1,"[0.009999999776482582, 0.0, 0.0, 0.0]",-0.2799243927001953,-0.3063960075378418,0.0073910243809223175,1.0734167098999023,1.150875449180603,0.10651197284460068,7.3163411627085395,11.830290753413296
1600,1600,26,target_left,2,"[0.019999999552965164, 0.0, 0.0, 0.0]",-0.25151562690734863,-0.31130436062812805,0.00682786526158452,1.066392421722412,1.1390390396118164,0.029678404331207275,11.830290753413296,16.117213061667165
1600,1600,26,target_left,3,"[0.029999999329447746, 0.0, 0.0, 0.0]",-0.213237926363945,-0.31783178448677063,0.0066568441689014435,1.0638374090194702,1.1306113004684448,0.03891461342573166,16.117213061667165,20.211793146887395
1600,1600,26,ramp,0,"[-0.5, -0.4333333373069763, -0.36666667461395264, -0.30000001192092896]",-0.7992376685142517,-0.7386563420295715,0.014668773859739304,1.0085015296936035,1.4838074445724487,0.0,0.0,9.922073641221367
1600,1600,26,ramp,1,"[-0.47999998927116394, -0.41333332657814026, -0.3466666638851166, -0.2800000011920929]",-0.768843948841095,-0.7356756925582886,0.013154273852705956,1.0142450332641602,1.4701039791107178,0.03111179918050766,9.922073641221367,15.298474387294787
1600,1600,26,ramp,2,"[-0.46000000834465027, -0.3933333456516266, -0.3266666829586029, -0.2600000202655792]",-0.8359691500663757,-0.7691444158554077,0.014953067526221275,1.0208961963653564,1.5273768901824951,0.07532212138175964,15.298474387294787,20.7480888146971
1600,1600,26,ramp,3,"[-0.4399999976158142, -0.3733333349227905, -0.30666667222976685, -0.24000000953674316]",-0.8556357026100159,-0.777644157409668,0.014361250214278698,1.0291156768798828,1.5479432344436646,0.02295493334531784,20.7480888146971,26.191849293922292
1625,1625,26,zero_hold,0,"[0.0, 0.0, 0.0, 0.0]",0.04902078956365585,-0.14167337119579315,0.016038162633776665,0.8587429523468018,0.871877908706665,0.0,0.0,4.4595126752370575
1625,1625,26,zero_hold,1,"[0.0, 0.0, 0.0, 0.0]",0.03871648758649826,-0.13434745371341705,0.013244491070508957,1.022729516029358,1.0323271751403809,0.16449694335460663,4.4595126752370575,7.461919708411146
1625,1625,26,zero_hold,2,"[0.0, 0.0, 0.0, 0.0]",0.06549746543169022,-0.08291852474212646,0.007061712443828583,1.0250287055969238,1.030484914779663,0.05835810676217079,7.461919708411146,10.337007735668053
1625,1625,26,zero_hold,3,"[0.0, 0.0, 0.0, 0.0]",-0.038862444460392,-0.03843042626976967,0.0030469009652733803,1.0107710361480713,1.0122522115707397,0.11440970748662949,10.337007735668053,13.017670097763913
1625,1625,26,target_ahead,0,"[0.0, 0.0, 0.0, 0.0]",0.9787864685058594,-0.5498724579811096,-0.008977646939456463,1.0938050746917725,1.5674415826797485,0.0,0.0,8.226355885915916
1625,1625,26,target_ahead,1,"[0.009999999776482582, 0.0, 0.0, 0.0]",1.3028424978256226,-0.2512458562850952,-0.02407689392566681,1.0014442205429077,1.6625261306762695,0.4504982531070709,8.226355885915916,12.192519529473616
1625,1625,26,target_ahead,2,"[0.019999999552965164, 0.0, 0.0, 0.0]",1.218695044517517,-0.3424243628978729,-0.02204783633351326,0.9935096502304077,1.60935378074646,0.12434382736682892,12.192519529473616,15.604840299278186
1625,1625,26,target_ahead,3,"[0.029999999329447746, 0.0, 0.0, 0.0]",0.8768574595451355,-0.4192025065422058,-0.018414556980133057,0.9926100969314575,1.3893249034881592,0.3503738343715668,15.604840299278186,19.05259113436817
1625,1625,26,target_left,0,"[0.0, 0.0, 0.0, 0.0]",-0.22668659687042236,-0.3834429383277893,0.01420259103178978,1.1017333269119263,1.1884583234786987,0.0,0.0,7.3204998353427095
1625,1625,26,target_left,1,"[0.009999999776482582, 0.0, 0.0, 0.0]",-0.28313589096069336,-0.2968883514404297,0.001633947715163231,1.0711793899536133,1.1470556259155273,0.10848840326070786,7.3204998353427095,11.842340272189364
1625,1625,26,target_left,2,"[0.019999999552965164, 0.0, 0.0, 0.0]",-0.25919628143310547,-0.3008468449115753,0.0005705198273062706,1.063373327255249,1.1351011991500854,0.025511566549539566,11.842340272189364,16.135549479281917
1625,1625,26,target_left,3,"[0.029999999329447746, 0.0, 0.0, 0.0]",-0.22216257452964783,-0.3075348138809204,0.00024538300931453705,1.0609403848648071,1.1267335414886475,0.03771271929144859,16.135549479281917,20.235892540886418
1625,1625,26,ramp,0,"[-0.5, -0.4333333373069763, -0.36666667461395264, -0.30000001192092896]",-0.8006198406219482,-0.7367715239524841,0.009616375900804996,0.9993622303009033,1.4773766994476318,0.0,0.0,9.91828760002323
1625,1625,26,ramp,1,"[-0.47999998927116394, -0.41333332657814026, -0.3466666638851166, -0.2800000011920929]",-0.7700812816619873,-0.7327290177345276,0.005419599823653698,1.0079313516616821,1.4648795127868652,0.0322488471865654,9.91828760002323,15.299107676626807
1625,1625,26,ramp,2,"[-0.46000000834465027, -0.3933333456516266, -0.3266666829586029, -0.2600000202655792]",-0.8356938362121582,-0.7666339874267578,0.006725165992975235,1.0153173208236694,1.5221781730651855,0.07423483580350876,15.299107676626807,20.751336523724486
1625,1625,26,ramp,3,"[-0.4399999976158142, -0.3733333349227905, -0.30666667222976685, -0.24000000953674316]",-0.8557348251342773,-0.7756522297859192,0.0060317739844322205,1.0239988565444946,1.5435441732406616,0.023639369755983353,20.751336523724486,26.199528050457555
1650,1650,26,zero_hold,0,"[0.0, 0.0, 0.0, 0.0]",0.04962216690182686,-0.14710654318332672,0.014543942175805569,0.864777684211731,0.8787233233451843,0.0,0.0,4.476271132723169
1650,1650,26,zero_hold,1,"[0.0, 0.0, 0.0, 0.0]",0.041058119386434555,-0.14213687181472778,0.010972884483635426,1.032608151435852,1.043210744857788,0.16816021502017975,4.476271132723169,7.4931605133192445
1650,1650,26,zero_hold,2,"[0.0, 0.0, 0.0, 0.0]",0.06876908242702484,-0.09169243276119232,0.005162267945706844,1.0368846654891968,1.043212890625,0.058005090802907944,7.4931605133192445,10.387766271596716
1650,1650,26,zero_hold,3,"[0.0, 0.0, 0.0, 0.0]",-0.03206777945160866,-0.047999341040849686,0.0015598749741911888,1.0234500169754028,1.0250779390335083,0.11077285557985306,10.387766271596716,13.084463843422645
1650,1650,26,target_ahead,0,"[0.0, 0.0, 0.0, 0.0]",0.9799009561538696,-0.5554903149604797,-0.005613510496914387,1.1143053770065308,1.5844504833221436,0.0,0.0,8.241695536940231
1650,1650,26,target_ahead,1,"[0.009999999776482582, 0.0, 0.0, 0.0]",1.2981181144714355,-0.2633049190044403,-0.021748017519712448,1.0219138860702515,1.673087239265442,0.4420757591724396,8.241695536940231,12.211695576022915
1650,1650,26,target_ahead,2,"[0.019999999552965164, 0.0, 0.0, 0.0]",1.2010818719863892,-0.35794687271118164,-0.019027207046747208,1.016530156135559,1.613821268081665,0.13568167388439178,12.211695576022915,15.633015253591196
1650,1650,26,target_ahead,3,"[0.029999999329447746, 0.0, 0.0, 0.0]",0.8600548505783081,-0.434609055519104,-0.014831443317234516,1.0177969932556152,1.4016811847686768,0.3495650589466095,15.633015253591196,19.08838834572591
1650,1650,26,target_left,0,"[0.0, 0.0, 0.0, 0.0]",-0.21879488229751587,-0.3943919837474823,0.013514375314116478,1.1093502044677734,1.1976046562194824,0.0,0.0,7.3442470466165455
1650,1650,26,target_left,1,"[0.009999999776482582, 0.0, 0.0, 0.0]",-0.27135899662971497,-0.3111046254634857,0.0009392304345965385,1.0806236267089844,1.1567929983139038,0.1033591777086258,7.3442470466165455,11.877529614321586
1650,1650,26,target_left,2,"[0.019999999552965164, 0.0, 0.0, 0.0]",-0.24632859230041504,-0.3173605501651764,0.00034567806869745255,1.0726109743118286,1.1453776359558105,0.02702244557440281,11.877529614321586,16.173857651455375
1650,1650,26,target_left,3,"[0.029999999329447746, 0.0, 0.0, 0.0]",-0.2099037766456604,-0.3251846432685852,0.00022250879555940628,1.0698585510253906,1.137717843055725,0.0373573899269104,16.173857651455375,20.277693360206197
1650,1650,26,ramp,0,"[-0.5, -0.4333333373069763, -0.36666667461395264, -0.30000001192092896]",-0.776078999042511,-0.7393636107444763,0.008834363892674446,1.0023999214172363,1.4675968885421753,0.0,0.0,9.916520867694539
1650,1650,26,ramp,1,"[-0.47999998927116394, -0.41333332657814026, -0.3466666638851166, -0.2800000011920929]",-0.7515634298324585,-0.7359716296195984,0.005115563049912453,1.010864496231079,1.458895206451416,0.026419635862112045,9.916520867694539,15.298663662520614
1650,1650,26,ramp,2,"[-0.46000000834465027, -0.3933333456516266, -0.3266666829586029, -0.2600000202655792]",-0.8211584091186523,-0.7695279717445374,0.00628870353102684,1.0186446905136108,1.517943024635315,0.07766207307577133,15.298663662520614,20.754412719516935
1650,1650,26,ramp,3,"[-0.4399999976158142, -0.3733333349227905, -0.30666667222976685, -0.24000000953674316]",-0.8404614925384521,-0.7789210677146912,0.005505920387804508,1.0271133184432983,1.5388585329055786,0.02309046871960163,20.754412719516935,26.206779332653955
1675,1675,26,zero_hold,0,"[0.0, 0.0, 0.0, 0.0]",0.04296082258224487,-0.1487727016210556,0.019389096647500992,0.8574475646018982,0.8715338110923767,0.0,0.0,4.457628486080772
1675,1675,26,zero_hold,1,"[0.0, 0.0, 0.0, 0.0]",0.030643252655863762,-0.14563553035259247,0.017307816073298454,1.0217088460922241,1.032636046409607,0.16476549208164215,4.457628486080772,7.455388876275402
1675,1675,26,zero_hold,2,"[0.0, 0.0, 0.0, 0.0]",0.05923335999250412,-0.0969483032822609,0.011041402816772461,1.0260838270187378,1.032413363456726,0.05697586014866829,7.455388876275402,10.326613864736553
1675,1675,26,zero_hold,3,"[0.0, 0.0, 0.0, 0.0]",-0.03654392808675766,-0.053935497999191284,0.0067522525787353516,1.0126034021377563,1.0147194862365723,0.10594106465578079,10.326613864736553,13.005384821992129
1675,1675,26,target_ahead,0,"[0.0, 0.0, 0.0, 0.0]",0.9848281145095825,-0.5572512149810791,-0.0021687131375074387,1.1018069982528687,1.5793665647506714,0.0,0.0,8.217871704151554
1675,1675,26,target_ahead,1,"[0.009999999776482582, 0.0, 0.0, 0.0]",1.310640811920166,-0.2658920884132385,-0.018685564398765564,1.0066590309143066,1.6739741563796997,0.44762706756591797,8.217871704151554,12.17785072682188
1675,1675,26,target_ahead,2,"[0.019999999552965164, 0.0, 0.0, 0.0]",1.2206735610961914,-0.3581078350543976,-0.016630299389362335,0.9989380836486816,1.6175410747528076,0.1290801614522934,12.17785072682188,15.580720934961244
1675,1675,26,target_ahead,3,"[0.029999999329447746, 0.0, 0.0, 0.0]",0.884580135345459,-0.4346625506877899,-0.012241177260875702,0.9979863166809082,1.4026902914047241,0.3447311818599701,15.580720934961244,19.02450062467526
1675,1675,26,target_left,0,"[0.0, 0.0, 0.0, 0.0]",-0.2309562861919403,-0.39575424790382385,0.01983686164021492,1.1000432968139648,1.1918268203735352,0.0,0.0,7.328760819396114
1675,1675,26,target_left,1,"[0.009999999776482582, 0.0, 0.0, 0.0]",-0.2917686700820923,-0.3152675926685333,0.007598277181386948,1.0703452825546265,1.1533514261245728,0.10586785525083542,7.328760819396114,11.852824994710842
1675,1675,26,target_left,2,"[0.019999999552965164, 0.0, 0.0, 0.0]",-0.26330703496932983,-0.32252323627471924,0.006380852311849594,1.0624680519104004,1.141153335571289,0.030434222891926765,11.852824994710842,16.143719702908594
1675,1675,26,target_left,3,"[0.029999999329447746, 0.0, 0.0, 0.0]",-0.2252722680568695,-0.33066457509994507,0.006054052151739597,1.0595697164535522,1.1326125860214233,0.03900554031133652,16.143719702908594,20.24137531879802
1675,1675,26,ramp,0,"[-0.5, -0.4333333373069763, -0.36666667461395264, -0.30000001192092896]",-0.7778767347335815,-0.7396675944328308,0.013927284628152847,0.9966106414794922,1.4647959470748901,0.0,0.0,9.917602963610362
1675,1675,26,ramp,1,"[-0.47999998927116394, -0.41333332657814026, -0.3466666638851166, -0.2800000011920929]",-0.7571631669998169,-0.7384531497955322,0.010089503601193428,1.003839373588562,1.4582196474075317,0.022304929792881012,9.917602963610362,15.294963630464663
1675,1675,26,ramp,2,"[-0.46000000834465027, -0.3933333456516266, -0.3266666829586029, -0.2600000202655792]",-0.8267785310745239,-0.7719203233718872,0.011073974892497063,1.0098341703414917,1.5163480043411255,0.07748068869113922,15.294963630464663,20.754443792262045
1675,1675,26,ramp,3,"[-0.4399999976158142, -0.3733333349227905, -0.30666667222976685, -0.24000000953674316]",-0.8459811210632324,-0.7811923623085022,0.010247036814689636,1.0175633430480957,1.536712646484375,0.022696565836668015,20.754443792262045,26.213371570300726
1700,1700,26,zero_hold,0,"[0.0, 0.0, 0.0, 0.0]",0.04918884113430977,-0.14739078283309937,0.014690026640892029,0.8512991070747375,0.8654880523681641,0.0,0.0,4.424032662817194
1700,1700,26,zero_hold,1,"[0.0, 0.0, 0.0, 0.0]",0.038997258991003036,-0.14218930900096893,0.010583288036286831,1.0164021253585815,1.027094841003418,0.16554997861385345,4.424032662817194,7.409428330382794
1700,1700,26,zero_hold,2,"[0.0, 0.0, 0.0, 0.0]",0.0646311491727829,-0.09166714549064636,0.0032664472237229347,1.0210940837860107,1.0272409915924072,0.05731610581278801,7.409428330382794,10.265594182902811
1700,1700,26,zero_hold,3,"[0.0, 0.0, 0.0, 0.0]",-0.03830018267035484,-0.04679064452648163,-0.0016076257452368736,1.0076680183410645,1.0094819068908691,0.11319353431463242,10.265594182902811,12.929954466313434
1700,1700,26,target_ahead,0,"[0.0, 0.0, 0.0, 0.0]",0.9699986577033997,-0.5494680404663086,-0.004468443803489208,1.0970362424850464,1.5640718936920166,0.0,0.0,8.202986907371933
1700,1700,26,target_ahead,1,"[0.009999999776482582, 0.0, 0.0, 0.0]",1.2964928150177002,-0.2539317309856415,-0.021986674517393112,1.0045024156570435,1.659784197807312,0.4503438174724579,8.202986907371933,12.167693976245731
1700,1700,26,target_ahead,2,"[0.019999999552965164, 0.0, 0.0, 0.0]",1.2159597873687744,-0.34131744503974915,-0.019836965948343277,0.9937304854393005,1.6071557998657227,0.1193418949842453,12.167693976245731,15.578492793774892
1700,1700,26,target_ahead,3,"[0.029999999329447746, 0.0, 0.0, 0.0]",0.8900118470191956,-0.4155704081058502,-0.015596247278153896,0.9926692843437195,1.3965870141983032,0.33432719111442566,15.578492793774892,19.02310541730642
1700,1700,26,target_left,0,"[0.0, 0.0, 0.0, 0.0]",-0.22802013158798218,-0.39520058035850525,0.01276949979364872,1.0956861972808838,1.1869574785232544,0.0,0.0,7.290102351905579
1700,1700,26,target_left,1,"[0.009999999776482582, 0.0, 0.0, 0.0]",-0.29123616218566895,-0.31396621465682983,0.001054561696946621,1.0670645236968994,1.1497917175292969,0.10747896879911423,7.290102351905579,11.804599569332895
1700,1700,26,target_left,2,"[0.019999999552965164, 0.0, 0.0, 0.0]",-0.26097917556762695,-0.3204938471317291,-0.000304466113448143,1.0588871240615845,1.136691927909851,0.032043907791376114,11.804599569332895,16.083703544388328
1700,1700,26,target_left,3,"[0.029999999329447746, 0.0, 0.0, 0.0]",-0.22052176296710968,-0.3291352689266205,-0.0007521612569689751,1.056026816368103,1.1278976202011108,0.041471172124147415,16.083703544388328,20.166309616670347
1700,1700,26,ramp,0,"[-0.5, -0.4333333373069763, -0.36666667461395264, -0.30000001192092896]",-0.7815856337547302,-0.7428618669509888,0.008407232351601124,0.9907609820365906,1.4643762111663818,0.0,0.0,9.90811539042536
1700,1700,26,ramp,1,"[-0.47999998927116394, -0.41333332657814026, -0.3466666638851166, -0.2800000011920929]",-0.7578476667404175,-0.7432131171226501,0.006075332406908274,0.9966683983802795,1.4560506343841553,0.02457538992166519,9.90811539042536,15.27746736665256
1700,1700,26,ramp,2,"[-0.46000000834465027, -0.3933333456516266, -0.3266666829586029, -0.2600000202655792]",-0.8307680487632751,-0.7764875888824463,0.006502743810415268,1.0024690628051758,1.515946865081787,0.08036419004201889,15.27746736665256,20.727832942736
1700,1700,26,ramp,3,"[-0.4399999976158142, -0.3733333349227905, -0.30666667222976685, -0.24000000953674316]",-0.8499547243118286,-0.7856250405311584,0.005429561249911785,1.0106920003890991,1.5366058349609375,0.02281205728650093,20.727832942736,26.178401869467844
1725,1725,26,zero_hold,0,"[0.0, 0.0, 0.0, 0.0]",0.05000114440917969,-0.15003737807273865,0.012904519215226173,0.8560592532157898,0.870640754699707,0.0,0.0,4.446123715051353
1725,1725,26,zero_hold,1,"[0.0, 0.0, 0.0, 0.0]",0.04209427535533905,-0.14561912417411804,0.007085561752319336,1.0217466354370117,1.0329536199569702,0.16603676974773407,4.446123715051353,7.4433392414682285
1725,1725,26,zero_hold,2,"[0.0, 0.0, 0.0, 0.0]",0.06923515349626541,-0.09589751809835434,-0.0007083481177687645,1.0272091627120972,1.03399658203125,0.05744083598256111,7.4433392414682285,10.314727022210365
1725,1725,26,zero_hold,3,"[0.0, 0.0, 0.0, 0.0]",-0.03441349416971207,-0.05183963105082512,-0.005345609039068222,1.0145535469055176,1.0164738893508911,0.1134275496006012,10.314727022210365,12.99338927410927
1725,1725,26,target_ahead,0,"[0.0, 0.0, 0.0, 0.0]",0.976811945438385,-0.5596530437469482,-0.008369369432330132,1.0992119312286377,1.5734388828277588,0.0,0.0,8.217389245043373
1725,1725,26,target_ahead,1,"[0.009999999776482582, 0.0, 0.0, 0.0]",1.3000911474227905,-0.2686583399772644,-0.028496889397501945,1.004542589187622,1.665032148361206,0.445594847202301,8.217389245043373,12.182741989194225
1725,1725,26,target_ahead,2,"[0.019999999552965164, 0.0, 0.0, 0.0]",1.215466856956482,-0.355108380317688,-0.02558150701224804,0.9974892735481262,1.6121727228164673,0.12121521681547165,12.182741989194225,15.595027183131823
1725,1725,26,target_ahead,3,"[0.029999999329447746, 0.0, 0.0, 0.0]",0.8880518078804016,-0.429645299911499,-0.020730340853333473,0.9969963431358337,1.4027339220046997,0.3358275592327118,15.595027183131823,19.040433310556327
1725,1725,26,target_left,0,"[0.0, 0.0, 0.0, 0.0]",-0.22504498064517975,-0.3985791802406311,0.01128686685115099,1.0995668172836304,1.191085696220398,0.0,0.0,7.3146667331140875
1725,1725,26,target_left,1,"[0.009999999776482582, 0.0, 0.0, 0.0]",-0.2860589921474457,-0.3196578025817871,-0.0011891480535268784,1.0721242427825928,1.1547565460205078,0.10421150922775269,7.3146667331140875,11.836449378527673
1725,1725,26,target_left,2,"[0.019999999552965164, 0.0, 0.0, 0.0]",-0.25884848833084106,-0.3259889483451843,-0.002101491205394268,1.0652496814727783,1.1436924934387207,0.028785184025764465,11.836449378527673,16.126120549209304
1725,1725,26,target_left,3,"[0.029999999329447746, 0.0, 0.0, 0.0]",-0.21792428195476532,-0.33386746048927307,-0.002358056604862213,1.0624854564666748,1.134830117225647,0.04176802933216095,16.126120549209304,20.2215340893387
1725,1725,26,ramp,0,"[-0.5, -0.4333333373069763, -0.36666667461395264, -0.30000001192092896]",-0.7810731530189514,-0.7419179081916809,0.01237999927252531,0.9935407042503357,1.465535283088684,0.0,0.0,9.912711994257837
1725,1725,26,ramp,1,"[-0.47999998927116394, -0.41333332657814026, -0.3466666638851166, -0.2800000011920929]",-0.7639786601066589,-0.7442700266838074,0.010462377220392227,1.0019073486328125,1.463396430015564,0.01927257515490055,9.912711994257837,15.284316612088924
1725,1725,26,ramp,2,"[-0.46000000834465027, -0.3933333456516266, -0.3266666829586029, -0.2600000202655792]",-0.8388169407844543,-0.7778030037879944,0.01102121826261282,1.0096834897994995,1.525835394859314,0.08237724006175995,15.284316612088924,20.7316968104913
1725,1725,26,ramp,3,"[-0.4399999976158142, -0.3733333349227905, -0.30666667222976685, -0.24000000953674316]",-0.8594103455543518,-0.7869052290916443,0.009934849105775356,1.0183062553405762,1.547531008720398,0.02413443848490715,20.7316968104913,26.181486137514415
1750,1750,26,zero_hold,0,"[0.0, 0.0, 0.0, 0.0]",0.03832777217030525,-0.1492512971162796,0.013454539701342583,0.8577248454093933,0.8715606331825256,0.0,0.0,4.448412422363603
1750,1750,26,zero_hold,1,"[0.0, 0.0, 0.0, 0.0]",0.030667122453451157,-0.14504913985729218,0.00951353833079338,1.0234190225601196,1.034145474433899,0.16597118973731995,4.448412422363603,7.448136188164064
1750,1750,26,zero_hold,2,"[0.0, 0.0, 0.0, 0.0]",0.06334586441516876,-0.09500272572040558,0.003109011799097061,1.0294086933135986,1.0357269048690796,0.060410577803850174,7.448136188164064,10.327416132432893
1750,1750,26,zero_hold,3,"[0.0, 0.0, 0.0, 0.0]",-0.03886379674077034,-0.050705134868621826,-0.000706380233168602,1.01753830909729,1.0195420980453491,0.11209172010421753,10.327416132432893,13.0155995649504
1750,1750,26,target_ahead,0,"[0.0, 0.0, 0.0, 0.0]",0.9774951338768005,-0.5559510588645935,-0.010696161538362503,1.1066372394561768,1.5777637958526611,0.0,0.0,8.223266551296144
1750,1750,26,target_ahead,1,"[0.009999999776482582, 0.0, 0.0, 0.0]",1.2997864484786987,-0.2651122808456421,-0.029409829527139664,1.0080318450927734,1.66635000705719,0.4455694258213043,8.223266551296144,12.186951476227764
1750,1750,26,target_ahead,2,"[0.019999999552965164, 0.0, 0.0, 0.0]",1.2116950750350952,-0.35143375396728516,-0.025785215198993683,1.002163290977478,1.611430048942566,0.12352758646011353,12.186951476227764,15.602446606373778
1750,1750,26,target_ahead,3,"[0.029999999329447746, 0.0, 0.0, 0.0]",0.8783715963363647,-0.42516106367111206,-0.020526718348264694,1.0014437437057495,1.3984310626983643,0.3414211869239807,15.602446606373778,19.05068276289392
1750,1750,26,target_left,0,"[0.0, 0.0, 0.0, 0.0]",-0.23698008060455322,-0.3988422751426697,0.011519808322191238,1.1025563478469849,1.1962432861328125,0.0,0.0,7.317749677424852
1750,1750,26,target_left,1,"[0.009999999776482582, 0.0, 0.0, 0.0]",-0.2899554669857025,-0.32348376512527466,0.00042570289224386215,1.0742741823196411,1.15878427028656,0.09699617326259613,7.317749677424852,11.838170843980729
1750,1750,26,target_left,2,"[0.019999999552965164, 0.0, 0.0, 0.0]",-0.2575603425502777,-0.33092397451400757,-0.0005410183221101761,1.0675381422042847,1.1469463109970093,0.03392800688743591,11.838170843980729,16.131211121678366
1750,1750,26,target_left,3,"[0.029999999329447746, 0.0, 0.0, 0.0]",-0.220514178276062,-0.3386334776878357,-0.0009170817211270332,1.0646562576293945,1.1387680768966675,0.03795130178332329,16.131211121678366,20.229943423197433
1750,1750,26,ramp,0,"[-0.5, -0.4333333373069763, -0.36666667461395264, -0.30000001192092896]",-0.8000415563583374,-0.7412140965461731,0.010546725243330002,1.000066876411438,1.479766845703125,0.0,0.0,9.919592544359995
1750,1750,26,ramp,1,"[-0.47999998927116394, -0.41333332657814026, -0.3466666638851166, -0.2800000011920929]",-0.7836001515388489,-0.7422463297843933,0.008856275118887424,1.0104373693466187,1.4785197973251343,0.019539447501301765,9.919592544359995,15.296148788218147
1750,1750,26,ramp,2,"[-0.46000000834465027, -0.3933333456516266, -0.3266666829586029, -0.2600000202655792]",-0.8562780618667603,-0.7745369672775269,0.00944293662905693,1.016034483909607,1.5380295515060425,0.07972726225852966,15.296148788218147,20.747506802612108
1750,1750,26,ramp,3,"[-0.4399999976158142, -0.3733333349227905, -0.30666667222976685, -0.24000000953674316]",-0.8758237957954407,-0.783248782157898,0.008378040045499802,1.0243233442306519,1.5587990283966064,0.022973259910941124,20.747506802612108,26.202622026039222
1775,1775,26,zero_hold,0,"[0.0, 0.0, 0.0, 0.0]",0.03196444734930992,-0.14686647057533264,0.015731004998087883,0.8569482564926147,0.8701719641685486,0.0,0.0,4.454126406662406
1775,1775,26,zero_hold,1,"[0.0, 0.0, 0.0, 0.0]",0.01772414892911911,-0.14119556546211243,0.012572859413921833,1.024200439453125,1.0341155529022217,0.1679827719926834,4.454126406662406,7.453951664445047
1775,1775,26,zero_hold,2,"[0.0, 0.0, 0.0, 0.0]",0.05342831835150719,-0.08977176994085312,0.0070265717804431915,1.0310097932815552,1.0363128185272217,0.06321647763252258,7.453951664445047,10.334218862492671
1775,1775,26,zero_hold,3,"[0.0, 0.0, 0.0, 0.0]",-0.046026695519685745,-0.04517192393541336,0.0036409003660082817,1.0195916891098022,1.02163565158844,0.10964616388082504,10.334218862492671,13.026420556875534
1775,1775,26,target_ahead,0,"[0.0, 0.0, 0.0, 0.0]",0.9864295721054077,-0.5543678998947144,-0.008293654769659042,1.1009407043457031,1.5787672996520996,0.0,0.0,8.235026142799162
1775,1775,26,target_ahead,1,"[0.009999999776482582, 0.0, 0.0, 0.0]",1.3024696111679077,-0.2720782458782196,-0.025543689727783203,1.007109522819519,1.6689444780349731,0.4343622922897339,8.235026142799162,12.20233081236321
1775,1775,26,target_ahead,2,"[0.019999999552965164, 0.0, 0.0, 0.0]",1.1967300176620483,-0.3564559519290924,-0.022063173353672028,1.0036253929138184,1.6021779775619507,0.13536879420280457,12.20233081236321,15.625348426994291
1775,1775,26,target_ahead,3,"[0.029999999329447746, 0.0, 0.0, 0.0]",0.8659288883209229,-0.43066346645355225,-0.016375690698623657,1.0041069984436035,1.3942033052444458,0.3390703797340393,15.625348426994291,19.0867931396739
1775,1775,26,target_left,0,"[0.0, 0.0, 0.0, 0.0]",-0.24449394643306732,-0.3955199122428894,0.013764375820755959,1.1013576984405518,1.1955716609954834,0.0,0.0,7.332333758901511
1775,1775,26,target_left,1,"[0.009999999776482582, 0.0, 0.0, 0.0]",-0.2977895736694336,-0.31633391976356506,0.00420654471963644,1.0775023698806763,1.161798119544983,0.09884975850582123,7.332333758901511,11.862288575651723
1775,1775,26,target_left,2,"[0.019999999552965164, 0.0, 0.0, 0.0]",-0.266735315322876,-0.3242136240005493,0.003362055867910385,1.0713167190551758,1.1506489515304565,0.032640956342220306,11.862288575651723,16.164797110044283
1775,1775,26,target_left,3,"[0.029999999329447746, 0.0, 0.0, 0.0]",-0.22890417277812958,-0.3328140676021576,0.0030356282368302345,1.0685441493988037,1.1423475742340088,0.03889674320816994,16.164797110044283,20.27803588391211
1775,1775,26,ramp,0,"[-0.5, -0.4333333373069763, -0.36666667461395264, -0.30000001192092896]",-0.7972948551177979,-0.7394272089004517,0.010188490152359009,0.9892007112503052,1.4700521230697632,0.0,0.0,9.914236626176997
1775,1775,26,ramp,1,"[-0.47999998927116394, -0.41333332657814026, -0.3466666638851166, -0.2800000011920929]",-0.774183452129364,-0.735711932182312,0.00937220361083746,1.0107630491256714,1.4704971313476562,0.03183615952730179,9.914236626176997,15.299974685357661
1775,1775,26,ramp,2,"[-0.46000000834465027, -0.3933333456516266, -0.3266666829586029, -0.2600000202655792]",-0.8510888814926147,-0.7678570747375488,0.010504970327019691,1.0179905891418457,1.5330923795700073,0.0836736261844635,15.299974685357661,20.755097204855147
1775,1775,26,ramp,3,"[-0.4399999976158142, -0.3733333349227905, -0.30666667222976685, -0.24000000953674316]",-0.8716466426849365,-0.7763669490814209,0.009606964886188507,1.0266772508621216,1.5545648336410522,0.023901967331767082,20.755097204855147,26.212405736648194
1800,1800,26,zero_hold,0,"[0.0, 0.0, 0.0, 0.0]",0.0382198803126812,-0.147116020321846,0.016818050295114517,0.857029914855957,0.8705670833587646,0.0,0.0,4.463066943358355
1800,1800,26,zero_hold,1,"[0.0, 0.0, 0.0, 0.0]",0.02699923887848854,-0.1388055384159088,0.013239437714219093,1.0214864015579224,1.0313125848770142,0.16508696973323822,4.463066943358355,7.463916105762654
1800,1800,26,zero_hold,2,"[0.0, 0.0, 0.0, 0.0]",0.05863708630204201,-0.08659186959266663,0.007816408760845661,1.0273776054382324,1.0327160358428955,0.061573825776576996,7.463916105762654,10.343775257000452
1800,1800,26,zero_hold,3,"[0.0, 0.0, 0.0, 0.0]",-0.04499947652220726,-0.042043983936309814,0.004459165036678314,1.0158846378326416,1.0177594423294067,0.11343901604413986,10.343775257000452,13.033671695156489
1800,1800,26,target_ahead,0,"[0.0, 0.0, 0.0, 0.0]",0.9829076528549194,-0.5483138561248779,-0.00409623421728611,1.097779393196106,1.5722250938415527,0.0,0.0,8.22579697333576
1800,1800,26,target_ahead,1,"[0.009999999776482582, 0.0, 0.0, 0.0]",1.297336220741272,-0.2538483440876007,-0.0237900298088789,1.0033326148986816,1.6597477197647095,0.4414559006690979,8.22579697333576,12.197364071330089
1800,1800,26,target_ahead,2,"[0.019999999552965164, 0.0, 0.0, 0.0]",1.1882909536361694,-0.34449896216392517,-0.019691521301865578,1.0007641315460205,1.5914243459701538,0.14188657701015472,12.197364071330089,15.608606025859439
1800,1800,26,target_ahead,3,"[0.029999999329447746, 0.0, 0.0, 0.0]",0.8535419702529907,-0.4191957414150238,-0.013655317947268486,1.0028823614120483,1.3821065425872803,0.34304141998291016,15.608606025859439,19.05754840728237
1800,1800,26,target_left,0,"[0.0, 0.0, 0.0, 0.0]",-0.24150323867797852,-0.3951582610607147,0.01712825894355774,1.1037744283676147,1.197115421295166,0.0,0.0,7.335529928433297
1800,1800,26,target_left,1,"[0.009999999776482582, 0.0, 0.0, 0.0]",-0.30213066935539246,-0.31372660398483276,0.008663835003972054,1.0773776769638062,1.1621209383010864,0.10523894429206848,7.335529928433297,11.86960640969031
1800,1800,26,target_left,2,"[0.019999999552965164, 0.0, 0.0, 0.0]",-0.2749253809452057,-0.32026341557502747,0.008387807756662369,1.0708388090133667,1.1510511636734009,0.028734831139445305,11.86960640969031,16.1785769588023
1800,1800,26,target_left,3,"[0.029999999329447746, 0.0, 0.0, 0.0]",-0.2357112467288971,-0.3279038965702057,0.008194692432880402,1.0677233934402466,1.1415696144104004,0.04007328674197197,16.1785769588023,20.295601708999804
1800,1800,26,ramp,0,"[-0.5, -0.4333333373069763, -0.36666667461395264, -0.30000001192092896]",-0.7981449365615845,-0.7505674362182617,0.016430342569947243,1.0027964115142822,1.4853475093841553,0.0,0.0,9.924354958330312
1800,1800,26,ramp,1,"[-0.47999998927116394, -0.41333332657814026, -0.3466666638851166, -0.2800000011920929]",-0.7722899913787842,-0.7505941390991211,0.0172832403331995,1.0172336101531982,1.481514811515808,0.029624972492456436,9.924354958330312,15.319625502451535
1800,1800,26,ramp,2,"[-0.46000000834465027, -0.3933333456516266, -0.3266666829586029, -0.2600000202655792]",-0.8473688364028931,-0.7838692665100098,0.018165629357099533,1.0223777294158936,1.5420995950698853,0.08228795975446701,15.319625502451535,20.78399747090214
1800,1800,26,ramp,3,"[-0.4399999976158142, -0.3733333349227905, -0.30666667222976685, -0.24000000953674316]",-0.8671964406967163,-0.7930898666381836,0.017133096233010292,1.0305533409118652,1.5631234645843506,0.023367928341031075,20.78399747090214,26.2492792488447
1825,1825,26,zero_hold,0,"[0.0, 0.0, 0.0, 0.0]",0.043782200664281845,-0.14815519750118256,0.014096341095864773,0.8594264984130859,0.8733152151107788,0.0,0.0,4.4646218159777
1825,1825,26,zero_hold,1,"[0.0, 0.0, 0.0, 0.0]",0.036900151520967484,-0.13926690816879272,0.00958618801087141,1.0244251489639282,1.0345509052276611,0.16544261574745178,4.4646218159777,7.470349528926731
1825,1825,26,zero_hold,2,"[0.0, 0.0, 0.0, 0.0]",0.06039176508784294,-0.0865996927022934,0.0037447353824973106,1.0309783220291138,1.0363768339157104,0.05833316594362259,7.470349528926731,10.361180273938707
1825,1825,26,zero_hold,3,"[0.0, 0.0, 0.0, 0.0]",-0.04996137693524361,-0.04257621616125107,-0.00014401786029338837,1.020423412322998,1.02253258228302,0.11934157460927963,10.361180273938707,13.063351014212795
1825,1825,26,target_ahead,0,"[0.0, 0.0, 0.0, 0.0]",0.9994213581085205,-0.5506203770637512,-0.00793895311653614,1.1024795770645142,1.5866789817810059,0.0,0.0,8.235060502021208
1825,1825,26,target_ahead,1,"[0.009999999776482582, 0.0, 0.0, 0.0]",1.321568250656128,-0.25798869132995605,-0.02571948803961277,1.0125298500061035,1.684926986694336,0.4447685182094574,8.235060502021208,12.211363287883765
1825,1825,26,target_ahead,2,"[0.019999999552965164, 0.0, 0.0, 0.0]",1.2157747745513916,-0.34932854771614075,-0.020638110116124153,1.014552354812622,1.6216908693313599,0.13987544178962708,12.211363287883765,15.626492733555352
1825,1825,26,target_ahead,3,"[0.029999999329447746, 0.0, 0.0, 0.0]",0.8837783336639404,-0.4243302643299103,-0.013784905895590782,1.0183392763137817,1.4136213064193726,0.3404529392719269,15.626492733555352,19.080029770473697
1825,1825,26,target_left,0,"[0.0, 0.0, 0.0, 0.0]",-0.23609691858291626,-0.39458712935447693,0.009504690766334534,1.107331395149231,1.1990470886230469,0.0,0.0,7.344434252285352
1825,1825,26,target_left,1,"[0.009999999776482582, 0.0, 0.0, 0.0]",-0.29028382897377014,-0.3139786422252655,-0.001840764656662941,1.0814491510391235,1.1629199981689453,0.10115611553192139,7.344434252285352,11.889550136486635
1825,1825,26,target_left,2,"[0.019999999552965164, 0.0, 0.0, 0.0]",-0.26233601570129395,-0.31989720463752747,-0.0033405907452106476,1.0743051767349243,1.1512155532836914,0.029485512524843216,11.889550136486635,16.209158616023394
1825,1825,26,target_left,3,"[0.029999999329447746, 0.0, 0.0, 0.0]",-0.22582215070724487,-0.3268880844116211,-0.0038066040724515915,1.0710591077804565,1.142380714416504,0.03732142597436905,16.209158616023394,20.3355010122077
1825,1825,26,ramp,0,"[-0.5, -0.4333333373069763, -0.36666667461395264, -0.30000001192092896]",-0.8058991432189941,-0.751328706741333,0.0025374218821525574,1.000933289527893,1.4885705709457397,0.0,0.0,9.92997969963069
1825,1825,26,ramp,1,"[-0.47999998927116394, -0.41333332657814026, -0.3466666638851166, -0.2800000011920929]",-0.7787553071975708,-0.7504864931106567,-0.0012077335268259048,1.0174744129180908,1.4849059581756592,0.03201768547296524,9.92997969963069,15.32053876108201
1825,1825,26,ramp,2,"[-0.46000000834465027, -0.3933333456516266, -0.3266666829586029, -0.2600000202655792]",-0.8521279096603394,-0.7836516499519348,-0.0011214055120944977,1.021813988685608,1.5441298484802246,0.0806368812918663,15.32053876108201,20.787493288762555
1825,1825,26,ramp,3,"[-0.4399999976158142, -0.3733333349227905, -0.30666667222976685, -0.24000000953674316]",-0.8719056844711304,-0.7930612564086914,-0.0023125074803829193,1.0296616554260254,1.5650476217269897,0.023296043276786804,20.787493288762555,26.258518197629776
1850,1850,26,zero_hold,0,"[0.0, 0.0, 0.0, 0.0]",0.04930730164051056,-0.1477377712726593,0.0141751728951931,0.8490653038024902,0.8633483648300171,0.0,0.0,4.438835349840953
1850,1850,26,zero_hold,1,"[0.0, 0.0, 0.0, 0.0]",0.04120887070894241,-0.1395999789237976,0.008761543780565262,1.0142674446105957,1.024695873260498,0.16568905115127563,4.438835349840953,7.428141287050718
1850,1850,26,zero_hold,2,"[0.0, 0.0, 0.0, 0.0]",0.061864957213401794,-0.08707329630851746,0.0019105114042758942,1.0211045742034912,1.0266777276992798,0.057266127318143845,7.428141287050718,10.297886263610103
1850,1850,26,zero_hold,3,"[0.0, 0.0, 0.0, 0.0]",-0.047998830676078796,-0.041688911616802216,-0.0024810992181301117,1.0103505849838257,1.0123518705368042,0.11943504214286804,10.297886263610103,12.982549182031155
1850,1850,26,target_ahead,0,"[0.0, 0.0, 0.0, 0.0]",0.9923315048217773,-0.5507792830467224,-0.010580144822597504,1.0874403715133667,1.5718518495559692,0.0,0.0,8.215404355566275
1850,1850,26,target_ahead,1,"[0.009999999776482582, 0.0, 0.0, 0.0]",1.3217806816101074,-0.26169291138648987,-0.029377847909927368,0.9998733997344971,1.6781529188156128,0.44735780358314514,8.215404355566275,12.190231324933277
1850,1850,26,target_ahead,2,"[0.019999999552965164, 0.0, 0.0, 0.0]",1.2373772859573364,-0.34563910961151123,-0.02522290125489235,0.9982014894485474,1.6271482706069946,0.11912579834461212,12.190231324933277,15.60216739738427
1850,1850,26,target_ahead,3,"[0.029999999329447746, 0.0, 0.0, 0.0]",0.9374850988388062,-0.41539233922958374,-0.01947309821844101,0.9985857009887695,1.4314264059066772,0.3079513609409332,15.60216739738427,19.047377378311708
1850,1850,26,target_left,0,"[0.0, 0.0, 0.0, 0.0]",-0.2368503361940384,-0.39445650577545166,0.01133634615689516,1.0945625305175781,1.1873877048492432,0.0,0.0,7.321430467947862
1850,1850,26,target_left,1,"[0.009999999776482582, 0.0, 0.0, 0.0]",-0.29207631945610046,-0.31436434388160706,0.0013352381065487862,1.0684024095535278,1.151355266571045,0.10123752802610397,7.321430467947862,11.850788019711585
1850,1850,26,target_left,2,"[0.019999999552965164, 0.0, 0.0, 0.0]",-0.2702586054801941,-0.3215728998184204,0.00011736713349819183,1.0613209009170532,1.1414248943328857,0.02407502755522728,11.850788019711585,16.15756098748761
1850,1850,26,target_left,3,"[0.029999999329447746, 0.0, 0.0, 0.0]",-0.2309218943119049,-0.32960009574890137,-0.0002631470561027527,1.0580806732177734,1.132031798362732,0.040279727429151535,16.15756098748761,20.272444593314948
1850,1850,26,ramp,0,"[-0.5, -0.4333333373069763, -0.36666667461395264, -0.30000001192092896]",-0.7953928709030151,-0.7473834156990051,0.008550992235541344,0.9835624694824219,1.4692515134811401,0.0,0.0,9.913966888251007
1850,1850,26,ramp,1,"[-0.47999998927116394, -0.41333332657814026, -0.3466666638851166, -0.2800000011920929]",-0.7738357782363892,-0.7514063715934753,0.007537584751844406,1.0028138160705566,1.4727952480316162,0.02919818088412285,9.913966888251007,15.297446663805129
1850,1850,26,ramp,2,"[-0.46000000834465027, -0.3933333456516266, -0.3266666829586029, -0.2600000202655792]",-0.8525052070617676,-0.7854758501052856,0.007824048399925232,1.0075287818908691,1.5358753204345703,0.08585989475250244,15.297446663805129,20.754717471109213
1850,1850,26,ramp,3,"[-0.4399999976158142, -0.3733333349227905, -0.30666667222976685, -0.24000000953674316]",-0.8722653388977051,-0.7951140999794006,0.006603901274502277,1.0156030654907227,1.5570955276489258,0.023452963680028915,20.754717471109213,26.21519088579885
1875,1875,26,zero_hold,0,"[0.0, 0.0, 0.0, 0.0]",0.03559055179357529,-0.15063925087451935,0.01212183479219675,0.8540367484092712,0.8680348992347717,0.0,0.0,4.466020220604325
1875,1875,26,zero_hold,1,"[0.0, 0.0, 0.0, 0.0]",0.014807965606451035,-0.14496934413909912,0.005943392403423786,1.017802119255066,1.0281983613967896,0.1652916669845581,4.466020220604325,7.46721971499726
1875,1875,26,zero_hold,2,"[0.0, 0.0, 0.0, 0.0]",0.032999612390995026,-0.09382497519254684,-0.0009475480765104294,1.023454189300537,1.028275966644287,0.0550101213157177,7.46721971499726,10.34581818199102
1875,1875,26,zero_hold,3,"[0.0, 0.0, 0.0, 0.0]",-0.07090392708778381,-0.04941769689321518,-0.0053038885816931725,1.0117032527923584,1.0154019594192505,0.11368823051452637,10.34581818199102,13.041273189062034
1875,1875,26,target_ahead,0,"[0.0, 0.0, 0.0, 0.0]",0.9775705933570862,-0.5617187023162842,-0.01560154464095831,1.0971170663833618,1.5732392072677612,0.0,0.0,8.20672595035762
1875,1875,26,target_ahead,1,"[0.009999999776482582, 0.0, 0.0, 0.0]",1.299728512763977,-0.2731625735759735,-0.035268768668174744,1.0037682056427002,1.6651445627212524,0.44288957118988037,8.20672595035762,12.18366949672361
1875,1875,26,target_ahead,2,"[0.019999999552965164, 0.0, 0.0, 0.0]",1.2029809951782227,-0.3595878779888153,-0.03181280940771103,1.0016494989395142,1.6064808368682861,0.12979155778884888,12.18366949672361,15.5983282782068
1875,1875,26,target_ahead,3,"[0.029999999329447746, 0.0, 0.0, 0.0]",0.8784802556037903,-0.4334537088871002,-0.026068545877933502,1.0026888847351074,1.4020251035690308,0.3328527808189392,15.5983282782068,19.051830242808094
1875,1875,26,target_left,0,"[0.0, 0.0, 0.0, 0.0]",-0.25245943665504456,-0.3943595290184021,0.006216431502252817,1.0991023778915405,1.1947048902511597,0.0,0.0,7.345392427453042
1875,1875,26,target_left,1,"[0.009999999776482582, 0.0, 0.0, 0.0]",-0.3079521059989929,-0.3135398030281067,-0.003491085022687912,1.0739926099777222,1.160436987876892,0.10166612267494202,7.345392427453042,11.886496058384033
1875,1875,26,target_left,2,"[0.019999999552965164, 0.0, 0.0, 0.0]",-0.28146892786026,-0.31962987780570984,-0.0047241272404789925,1.0674413442611694,1.1492786407470703,0.027980122715234756,11.886496058384033,16.19913796102507
1875,1875,26,target_left,3,"[0.029999999329447746, 0.0, 0.0, 0.0]",-0.24173593521118164,-0.326861172914505,-0.005108547396957874,1.0645769834518433,1.1395721435546875,0.04048894718289375,16.19913796102507,20.32345074021496
1875,1875,26,ramp,0,"[-0.5, -0.4333333373069763, -0.36666667461395264, -0.30000001192092896]",-0.775205671787262,-0.7480382919311523,0.0020460961386561394,0.9952363967895508,1.466630458831787,0.0,0.0,9.91879522731972
1875,1875,26,ramp,1,"[-0.47999998927116394, -0.41333332657814026, -0.3466666638851166, -0.2800000011920929]",-0.7553812265396118,-0.746436357498169,0.0011762604117393494,1.0124822854995728,1.4672728776931763,0.026339175179600716,9.91879522731972,15.298497945294265
1875,1875,26,ramp,2,"[-0.46000000834465027, -0.3933333456516266, -0.3266666829586029, -0.2600000202655792]",-0.8320227265357971,-0.7787274122238159,0.0007727975025773048,1.0171300172805786,1.5274921655654907,0.08329703658819199,15.298497945294265,20.75354827918043
1875,1875,26,ramp,3,"[-0.4399999976158142, -0.3733333349227905, -0.30666667222976685, -0.24000000953674316]",-0.85174161195755,-0.7882592678070068,-0.0006348611786961555,1.0250836610794067,1.5484228134155273,0.02334379218518734,20.75354827918043,26.21570578605583
1900,1900,26,zero_hold,0,"[0.0, 0.0, 0.0, 0.0]",0.033382631838321686,-0.14950352907180786,0.010948550887405872,0.8519467711448669,0.8656783103942871,0.0,0.0,4.4677900938172135
1900,1900,26,zero_hold,1,"[0.0, 0.0, 0.0, 0.0]",0.019518958404660225,-0.1439182013273239,0.004243731033056974,1.0121060609817505,1.0224822759628296,0.16099487245082855,4.4677900938172135,7.465701614299129
1900,1900,26,zero_hold,2,"[0.0, 0.0, 0.0, 0.0]",0.04569406062364578,-0.09345421195030212,-0.0036824848502874374,1.0171148777008057,1.0224274396896362,0.057616520673036575,7.465701614299129,10.347431063707583
1900,1900,26,zero_hold,3,"[0.0, 0.0, 0.0, 0.0]",-0.05803520232439041,-0.05034065246582031,-0.008646136149764061,1.006030797958374,1.0089969635009766,0.11298687011003494,10.347431063707583,13.04362401020765
1900,1900,26,target_ahead,0,"[0.0, 0.0, 0.0, 0.0]",0.9785791635513306,-0.5577797889709473,-0.023480689153075218,1.104548454284668,1.5777560472488403,0.0,0.0,8.223470121493653
1900,1900,26,target_ahead,1,"[0.009999999776482582, 0.0, 0.0, 0.0]",1.2889708280563354,-0.2636539340019226,-0.04216401278972626,1.0074518918991089,1.6576175689697266,0.438896119594574,8.223470121493653,12.184976308829508
1900,1900,26,target_ahead,2,"[0.019999999552965164, 0.0, 0.0, 0.0]",1.1709609031677246,-0.3534742593765259,-0.03932216763496399,1.0075942277908325,1.5852084159851074,0.1483311504125595,12.184976308829508,15.60027908655161
1900,1900,26,target_ahead,3,"[0.029999999329447746, 0.0, 0.0, 0.0]",0.8261637687683105,-0.4293473958969116,-0.03357148915529251,1.0099791288375854,1.3740707635879517,0.35310134291648865,15.60027908655161,19.063175950039685
1900,1900,26,target_left,0,"[0.0, 0.0, 0.0, 0.0]",-0.24353942275047302,-0.39782464504241943,0.004638083279132843,1.0962096452713013,1.191332459449768,0.0,0.0,7.362038174777733
1900,1900,26,target_left,1,"[0.009999999776482582, 0.0, 0.0, 0.0]",-0.29107657074928284,-0.31989240646362305,-0.003274966962635517,1.0639640092849731,1.1485151052474976,0.09713707864284515,7.362038174777733,11.89930047007124
1900,1900,26,target_left,2,"[0.019999999552965164, 0.0, 0.0, 0.0]",-0.2644377648830414,-0.32623934745788574,-0.004164012148976326,1.0571515560150146,1.1375175714492798,0.028233127668499947,11.89930047007124,16.217984648809317
1900,1900,26,target_left,3,"[0.029999999329447746, 0.0, 0.0, 0.0]",-0.2273123562335968,-0.33264225721359253,-0.004393951967358589,1.0541908740997314,1.1285651922225952,0.037790365517139435,16.217984648809317,20.34740858308704
1900,1900,26,ramp,0,"[-0.5, -0.4333333373069763, -0.36666667461395264, -0.30000001192092896]",-0.7840967178344727,-0.7445201277732849,0.0014527477324008942,0.9824622273445129,1.4609421491622925,0.0,0.0,9.913480719720475
1900,1900,26,ramp,1,"[-0.47999998927116394, -0.41333332657814026, -0.3466666638851166, -0.2800000011920929]",-0.7644160985946655,-0.7400621175765991,0.003068031743168831,0.9971311688423157,1.4581851959228516,0.024999752640724182,9.913480719720475,15.284153105142895
1900,1900,26,ramp,2,"[-0.46000000834465027, -0.3933333456516266, -0.3266666829586029, -0.2600000202655792]",-0.8378158807754517,-0.7724484205245972,0.002792028710246086,1.001110315322876,1.5168524980545044,0.08032627403736115,15.284153105142895,20.73787833980838
1900,1900,26,ramp,3,"[-0.4399999976158142, -0.3733333349227905, -0.30666667222976685, -0.24000000953674316]",-0.8556373119354248,-0.7818171381950378,0.0015249326825141907,1.0087944269180298,1.5365616083145142,0.021587667986750603,20.73787833980838,26.195094196686668
1925,1925,26,zero_hold,0,"[0.0, 0.0, 0.0, 0.0]",0.03179771453142166,-0.14517906308174133,0.016474362462759018,0.8481639623641968,0.8612442016601562,0.0,0.0,4.430428352933776
1925,1925,26,zero_hold,1,"[0.0, 0.0, 0.0, 0.0]",0.022258741781115532,-0.13660037517547607,0.010919648222625256,1.010762333869934,1.0202523469924927,0.16319826245307922,4.430428352933776,7.406752238310157
1925,1925,26,zero_hold,2,"[0.0, 0.0, 0.0, 0.0]",0.059635236859321594,-0.08521878719329834,0.0032963594421744347,1.0164036750793457,1.0217170715332031,0.06424180418252945,7.406752238310157,10.254636320760516
1925,1925,26,zero_hold,3,"[0.0, 0.0, 0.0, 0.0]",-0.042982347309589386,-0.04246211051940918,-0.0014415513724088669,1.004962682723999,1.006778359413147,0.1118563637137413,10.254636320760516,12.918746980852381
1925,1925,26,target_ahead,0,"[0.0, 0.0, 0.0, 0.0]",0.9917082786560059,-0.5508435368537903,-0.01842319592833519,1.1196764707565308,1.5940290689468384,0.0,0.0,8.22463686489534
1925,1925,26,target_ahead,1,"[0.009999999776482582, 0.0, 0.0, 0.0]",1.3104510307312012,-0.250888466835022,-0.0352591797709465,1.0123099088668823,1.6751840114593506,0.4509778320789337,8.22463686489534,12.173345076994481
1925,1925,26,target_ahead,2,"[0.019999999552965164, 0.0, 0.0, 0.0]",1.1999919414520264,-0.33734363317489624,-0.03158179670572281,1.0133131742477417,1.606730341911316,0.14032189548015594,12.173345076994481,15.572330767247362
1925,1925,26,target_ahead,3,"[0.029999999329447746, 0.0, 0.0, 0.0]",0.85612952709198,-0.41385748982429504,-0.02556644380092621,1.015004277229309,1.3910870552062988,0.3523276448249817,15.572330767247362,19.022363728424928
1925,1925,26,target_left,0,"[0.0, 0.0, 0.0, 0.0]",-0.25072136521339417,-0.395199716091156,0.01497611217200756,1.0968225002288818,1.1925971508026123,0.0,0.0,7.324418619610611
1925,1925,26,target_left,1,"[0.009999999776482582, 0.0, 0.0, 0.0]",-0.30072808265686035,-0.317150354385376,0.007416264154016972,1.0623914003372192,1.1488046646118164,0.0991716980934143,7.324418619610611,11.844516834866406
1925,1925,26,target_left,2,"[0.019999999552965164, 0.0, 0.0, 0.0]",-0.27233269810676575,-0.32327041029930115,0.00664176931604743,1.0561103820800781,1.1375772953033447,0.02972884103655815,11.844516834866406,16.14785109507828
1925,1925,26,target_left,3,"[0.029999999329447746, 0.0, 0.0, 0.0]",-0.23658277094364166,-0.3296836316585541,0.006441809237003326,1.0537676811218262,1.1292167901992798,0.036396633833646774,16.14785109507828,20.262144463761818
1925,1925,26,ramp,0,"[-0.5, -0.4333333373069763, -0.36666667461395264, -0.30000001192092896]",-0.7873461842536926,-0.7434529662132263,0.013610314577817917,0.9928510189056396,1.469208836555481,0.0,0.0,9.90772534799528
1925,1925,26,ramp,1,"[-0.47999998927116394, -0.41333332657814026, -0.3466666638851166, -0.2800000011920929]",-0.7762935161590576,-0.7454402446746826,0.015785139054059982,1.0029919147491455,1.4712426662445068,0.015286541543900967,9.90772534799528,15.273859308571174
1925,1925,26,ramp,2,"[-0.46000000834465027, -0.3933333456516266, -0.3266666829586029, -0.2600000202655792]",-0.8469855785369873,-0.7776682376861572,0.01553357858210802,1.0081748962402344,1.529317021369934,0.0778648629784584,15.273859308571174,20.72263233742303
1925,1925,26,ramp,3,"[-0.4399999976158142, -0.3733333349227905, -0.30666667222976685, -0.24000000953674316]",-0.8637737035751343,-0.7870065569877625,0.014278171584010124,1.0156491994857788,1.5482995510101318,0.020651552826166153,20.72263233742303,26.173773380478316
1950,1950,26,zero_hold,0,"[0.0, 0.0, 0.0, 0.0]",0.037194475531578064,-0.15156173706054688,0.011109136044979095,0.8548460602760315,0.8690451979637146,0.0,0.0,4.445613583367429
1950,1950,26,zero_hold,1,"[0.0, 0.0, 0.0, 0.0]",0.02945215441286564,-0.1489492952823639,0.004110392648726702,1.0212299823760986,1.032463550567627,0.16673140227794647,4.445613583367429,7.438851483913851
1950,1950,26,zero_hold,2,"[0.0, 0.0, 0.0, 0.0]",0.06453206390142441,-0.09921324998140335,-0.0036980733275413513,1.027916431427002,1.0347142219543457,0.06172483414411545,7.438851483913851,10.3047215341413
1950,1950,26,zero_hold,3,"[0.0, 0.0, 0.0, 0.0]",-0.03398425877094269,-0.05590005964040756,-0.00805206224322319,1.0168319940567017,1.0189660787582397,0.10827428847551346,10.3047215341413,12.987107667521652
1950,1950,26,target_ahead,0,"[0.0, 0.0, 0.0, 0.0]",1.006313443183899,-0.5626916289329529,-0.029630759730935097,1.1243926286697388,1.6107219457626343,0.0,0.0,8.226058793674216
1950,1950,26,target_ahead,1,"[0.009999999776482582, 0.0, 0.0, 0.0]",1.3360975980758667,-0.2579125463962555,-0.04472911357879639,1.021371603012085,1.7020212411880493,0.46096548438072205,8.226058793674216,12.187930427491219
1950,1950,26,target_ahead,2,"[0.019999999552965164, 0.0, 0.0, 0.0]",1.2367104291915894,-0.34889137744903564,-0.041725195944309235,1.020370602607727,1.6413637399673462,0.13477753102779388,12.187930427491219,15.587120354950132
1950,1950,26,target_ahead,3,"[0.029999999329447746, 0.0, 0.0, 0.0]",0.8928197026252747,-0.42697978019714355,-0.03560647368431091,1.0198981761932373,1.4215831756591797,0.35269859433174133,15.587120354950132,19.033613467413065
1950,1950,26,target_left,0,"[0.0, 0.0, 0.0, 0.0]",-0.2518557012081146,-0.40777626633644104,0.004957808647304773,1.103057622909546,1.202694296836853,0.0,0.0,7.352759116244732
1950,1950,26,target_left,1,"[0.009999999776482582, 0.0, 0.0, 0.0]",-0.2947148084640503,-0.3314630389213562,-0.0037780804559588432,1.0716608762741089,1.1598258018493652,0.09339530766010284,7.352759116244732,11.89652592132288
1950,1950,26,target_left,2,"[0.019999999552965164, 0.0, 0.0, 0.0]",-0.26856544613838196,-0.3393630087375641,-0.00497894361615181,1.0653055906295776,1.1498675346374512,0.028071878477931023,11.89652592132288,16.222784086893743
1950,1950,26,target_left,3,"[0.029999999329447746, 0.0, 0.0, 0.0]",-0.23636209964752197,-0.34679949283599854,-0.005276387557387352,1.063238263130188,1.1430836915969849,0.03311675041913986,16.222784086893743,20.363775604946575
1950,1950,26,ramp,0,"[-0.5, -0.4333333373069763, -0.36666667461395264, -0.30000001192092896]",-0.7726592421531677,-0.7658945322036743,0.00041817687451839447,1.006960153579712,1.4824187755584717,0.0,0.0,9.90893619544662
1950,1950,26,ramp,1,"[-0.47999998927116394, -0.41333332657814026, -0.3466666638851166, -0.2800000011920929]",-0.7646333575248718,-0.7718165516853333,0.0009215651080012321,1.0135736465454102,1.4858322143554688,0.011978181079030037,9.90893619544662,15.285535833739878
1950,1950,26,ramp,2,"[-0.46000000834465027, -0.3933333456516266, -0.3266666829586029, -0.2600000202655792]",-0.833046555519104,-0.8025215864181519,0.00015926174819469452,1.020761489868164,1.5427123308181763,0.07533532381057739,15.285535833739878,20.74855444694751
1950,1950,26,ramp,3,"[-0.4399999976158142, -0.3733333349227905, -0.30666667222976685, -0.24000000953674316]",-0.8505264520645142,-0.811203122138977,-0.0011300146579742432,1.0288406610488892,1.5620372295379639,0.021162493154406548,20.74855444694751,26.215224414101844
1975,1975,26,zero_hold,0,"[0.0, 0.0, 0.0, 0.0]",0.04893139377236366,-0.14790832996368408,0.016855183988809586,0.8416186571121216,0.8560824990272522,0.0,0.0,4.442316395080638
1975,1975,26,zero_hold,1,"[0.0, 0.0, 0.0, 0.0]",0.0513625331223011,-0.14339403808116913,0.01325791236013174,1.002382516860962,1.0139756202697754,0.16088582575321198,4.442316395080638,7.439782462213703
1975,1975,26,zero_hold,2,"[0.0, 0.0, 0.0, 0.0]",0.08096626400947571,-0.09250102192163467,0.007341862190514803,1.0078179836273193,1.0153142213821411,0.05942241847515106,7.439782462213703,10.311075742212406
1975,1975,26,zero_hold,3,"[0.0, 0.0, 0.0, 0.0]",-0.020044896751642227,-0.04787077754735947,0.003954585641622543,0.9971215724945068,0.9984790682792664,0.11099999397993088,10.311075742212406,12.998694756348156
1975,1975,26,target_ahead,0,"[0.0, 0.0, 0.0, 0.0]",1.0167714357376099,-0.5583634972572327,-0.018201861530542374,1.0862457752227783,1.5892938375473022,0.0,0.0,8.1961568705601
1975,1975,26,target_ahead,1,"[0.009999999776482582, 0.0, 0.0, 0.0]",1.344264268875122,-0.24942992627620697,-0.03420131653547287,0.9864239692687988,1.686257243156433,0.46142375469207764,8.1961568705601,12.15780056028313
1975,1975,26,target_ahead,2,"[0.019999999552965164, 0.0, 0.0, 0.0]",1.2585978507995605,-0.3377418518066406,-0.031928956508636475,0.9830840826034546,1.6326701641082764,0.12310178577899933,12.15780056028313,15.555830244847604
1975,1975,26,target_ahead,3,"[0.029999999329447746, 0.0, 0.0, 0.0]",0.9200925827026367,-0.4144202172756195,-0.026525938883423805,0.9829525947570801,1.4089761972427368,0.34712332487106323,15.555830244847604,18.986495915249574
1975,1975,26,target_left,0,"[0.0, 0.0, 0.0, 0.0]",-0.23515836894512177,-0.39888128638267517,0.015988221392035484,1.0843501091003418,1.1791846752166748,0.0,0.0,7.333246217988004
1975,1975,26,target_left,1,"[0.009999999776482582, 0.0, 0.0, 0.0]",-0.2775578200817108,-0.3165169358253479,0.010711399838328362,1.049547553062439,1.1308784484863281,0.09909925609827042,7.333246217988004,11.881547274182534
1975,1975,26,target_left,2,"[0.019999999552965164, 0.0, 0.0, 0.0]",-0.25426822900772095,-0.3215687870979309,0.010572999715805054,1.0425357818603516,1.120290756225586,0.024841705337166786,11.881547274182534,16.214103142226488
1975,1975,26,target_left,3,"[0.029999999329447746, 0.0, 0.0, 0.0]",-0.22249475121498108,-0.3279610574245453,0.010512638837099075,1.040486216545105,1.113456130027771,0.032474905252456665,16.214103142226488,20.359943909997266
1975,1975,26,ramp,0,"[-0.5, -0.4333333373069763, -0.36666667461395264, -0.30000001192092896]",-0.7672441601753235,-0.7554450035095215,0.014986188150942326,0.9947981834411621,1.4660179615020752,0.0,0.0,9.915786771195862
1975,1975,26,ramp,1,"[-0.47999998927116394, -0.41333332657814026, -0.3466666638851166, -0.2800000011920929]",-0.7552797198295593,-0.753924548625946,0.020102083683013916,0.9983006715774536,1.4614574909210205,0.013560951687395573,9.915786771195862,15.293131218853723
1975,1975,26,ramp,2,"[-0.46000000834465027, -0.3933333456516266, -0.3266666829586029, -0.2600000202655792]",-0.822993814945221,-0.7835437059402466,0.02018759958446026,1.002704381942749,1.515613079071045,0.07403980940580368,15.293131218853723,20.761568628540367
1975,1975,26,ramp,3,"[-0.4399999976158142, -0.3733333349227905, -0.30666667222976685, -0.24000000953674316]",-0.8396309018135071,-0.7924003005027771,0.018907347694039345,1.010118007659912,1.5341362953186035,0.020293664187192917,20.761568628540367,26.234944854789983
2000,2000,26,zero_hold,0,"[0.0, 0.0, 0.0, 0.0]",0.04604976624250412,-0.14315246045589447,0.015043248422443867,0.8444842100143433,0.8579003810882568,0.0,0.0,4.437830071552921
2000,2000,26,zero_hold,1,"[0.0, 0.0, 0.0, 0.0]",0.042600519955158234,-0.13372953236103058,0.01046845130622387,1.0067758560180664,1.0165655612945557,0.16266590356826782,4.437830071552921,7.432231034065357
2000,2000,26,zero_hold,2,"[0.0, 0.0, 0.0, 0.0]",0.0660719946026802,-0.07959812134504318,0.002630910836160183,1.0121294260025024,1.01740562915802,0.059759583324193954,7.432231034065357,10.296582773491835
2000,2000,26,zero_hold,3,"[0.0, 0.0, 0.0, 0.0]",-0.03929399698972702,-0.033711157739162445,-0.0016934555023908615,1.0009434223175049,1.0022828578948975,0.11554839462041855,10.296582773491835,12.977579636159867
2000,2000,26,target_ahead,0,"[0.0, 0.0, 0.0, 0.0]",1.0014898777008057,-0.5480347275733948,-0.018958769738674164,1.1009948253631592,1.5861504077911377,0.0,0.0,8.193400612166451
2000,2000,26,target_ahead,1,"[0.009999999776482582, 0.0, 0.0, 0.0]",1.323423981666565,-0.23291589319705963,-0.03581702336668968,0.998406171798706,1.674454689025879,0.4623311460018158,8.193400612166451,12.1590609702373
2000,2000,26,target_ahead,2,"[0.019999999552965164, 0.0, 0.0, 0.0]",1.2328190803527832,-0.3210800290107727,-0.03360410034656525,0.9951261281967163,1.6168922185897827,0.12648248672485352,12.1590609702373,15.561863120659389
2000,2000,26,target_ahead,3,"[0.029999999329447746, 0.0, 0.0, 0.0]",0.8947221040725708,-0.3962668478488922,-0.028987478464841843,0.9959225654602051,1.3965160846710205,0.3463878929615021,15.561863120659389,18.999396739262444
2000,2000,26,target_left,0,"[0.0, 0.0, 0.0, 0.0]",-0.23817148804664612,-0.3926334083080292,0.012799153104424477,1.0932114124298096,1.1858168840408325,0.0,0.0,7.326529882824412
2000,2000,26,target_left,1,"[0.009999999776482582, 0.0, 0.0, 0.0]",-0.28937631845474243,-0.30325978994369507,0.006618526764214039,1.0599799156188965,1.1398712396621704,0.1084071546792984,7.326529882824412,11.867457784082259
2000,2000,26,target_left,2,"[0.019999999552965164, 0.0, 0.0, 0.0]",-0.2692093849182129,-0.3054908215999603,0.006067398004233837,1.0539946556091309,1.1299291849136353,0.02116151712834835,11.867457784082259,16.193372726205894
2000,2000,26,target_left,3,"[0.029999999329447746, 0.0, 0.0, 0.0]",-0.23488302528858185,-0.3111555874347687,0.005816572345793247,1.0522127151489258,1.1221288442611694,0.03483714535832405,16.193372726205894,20.331738933585008
2000,2000,26,ramp,0,"[-0.5, -0.4333333373069763, -0.36666667461395264, -0.30000001192092896]",-0.7608645558357239,-0.7519958019256592,0.016285289078950882,1.0146560668945312,1.4745185375213623,0.0,0.0,9.91212214063167
2000,2000,26,ramp,1,"[-0.47999998927116394, -0.41333332657814026, -0.3466666638851166, -0.2800000011920929]",-0.7386084198951721,-0.7427361607551575,0.02190755121409893,1.020740270614624,1.4627337455749512,0.025489291176199913,9.91212214063167,15.290765083346376
2000,2000,26,ramp,2,"[-0.46000000834465027, -0.3933333456516266, -0.3266666829586029, -0.2600000202655792]",-0.8094540238380432,-0.7718327045440674,0.02171420492231846,1.0253229141235352,1.5174649953842163,0.07672513276338577,15.290765083346376,20.75445761119032
2000,2000,26,ramp,3,"[-0.4399999976158142, -0.3733333349227905, -0.30666667222976685, -0.24000000953674316]",-0.828774094581604,-0.780586302280426,0.02026493102312088,1.0326815843582153,1.53721284866333,0.02249757945537567,20.75445761119032,26.223467767945532
2025,2025,26,zero_hold,0,"[0.0, 0.0, 0.0, 0.0]",0.040448665618896484,-0.14135484397411346,0.0179451834410429,0.8419079184532166,0.8548381924629211,0.0,0.0,4.4253258139024565
2025,2025,26,zero_hold,1,"[0.0, 0.0, 0.0, 0.0]",0.030592644587159157,-0.1314609944820404,0.0147030558437109,1.0023949146270752,1.0115481615066528,0.16112609207630157,4.4253258139024565,7.414159237606006
2025,2025,26,zero_hold,2,"[0.0, 0.0, 0.0, 0.0]",0.05103021860122681,-0.07878649234771729,0.006710819434374571,1.006596326828003,1.0109859704971313,0.05721735209226608,7.414159237606006,10.279334054552109
2025,2025,26,zero_hold,3,"[0.0, 0.0, 0.0, 0.0]",-0.054557472467422485,-0.03412716090679169,0.00177806057035923,0.9950382113456726,0.9971185326576233,0.11533056199550629,10.279334054552109,12.964431400562304
2025,2025,26,target_ahead,0,"[0.0, 0.0, 0.0, 0.0]",0.989385187625885,-0.5480653643608093,-0.0078087300062179565,1.0921573638916016,1.5723000764846802,0.0,0.0,8.185980090453677
2025,2025,26,target_ahead,1,"[0.009999999776482582, 0.0, 0.0, 0.0]",1.3053842782974243,-0.2311985343694687,-0.024959973990917206,0.9877412915229797,1.6534016132354736,0.4598444104194641,8.185980090453677,12.143597212796983
2025,2025,26,target_ahead,2,"[0.019999999552965164, 0.0, 0.0, 0.0]",1.2094045877456665,-0.3162539303302765,-0.021761052310466766,0.9830448031425476,1.5904486179351807,0.12836982309818268,12.143597212796983,15.548656669470292
2025,2025,26,target_ahead,3,"[0.029999999329447746, 0.0, 0.0, 0.0]",0.8750859498977661,-0.38614392280578613,-0.017132986336946487,0.984620988368988,1.3728272914886475,0.3415808379650116,15.548656669470292,18.99183545228192
2025,2025,26,target_left,0,"[0.0, 0.0, 0.0, 0.0]",-0.25161013007164,-0.38726940751075745,0.012656023725867271,1.0946595668792725,1.1881604194641113,0.0,0.0,7.329415670570171
2025,2025,26,target_left,1,"[0.009999999776482582, 0.0, 0.0, 0.0]",-0.312615305185318,-0.2968323230743408,0.003501489758491516,1.0607733726501465,1.1450284719467163,0.11459746211767197,7.329415670570171,11.867482969151537
2025,2025,26,target_left,2,"[0.019999999552965164, 0.0, 0.0, 0.0]",-0.2954445779323578,-0.29980456829071045,0.0013088583946228027,1.0554821491241455,1.136316180229187,0.01834319531917572,11.867482969151537,16.191009396120236
2025,2025,26,target_left,3,"[0.029999999329447746, 0.0, 0.0, 0.0]",-0.25979381799697876,-0.30564239621162415,0.0005161473527550697,1.0541188716888428,1.127863883972168,0.036159977316856384,16.191009396120236,20.32459410577615
2025,2025,26,ramp,0,"[-0.5, -0.4333333373069763, -0.36666667461395264, -0.30000001192092896]",-0.7907136082649231,-0.7505641579627991,0.007805800065398216,1.0123366117477417,1.487770438194275,0.0,0.0,9.91627137083235
2025,2025,26,ramp,1,"[-0.47999998927116394, -0.41333332657814026, -0.3466666638851166, -0.2800000011920929]",-0.7556218504905701,-0.7363288998603821,0.008267063647508621,1.0220229625701904,1.4689260721206665,0.0390910767018795,9.91627137083235,15.30021590995493
2025,2025,26,ramp,2,"[-0.46000000834465027, -0.3933333456516266, -0.3266666829586029, -0.2600000202655792]",-0.8312299847602844,-0.7684865593910217,0.007152814883738756,1.0277822017669678,1.529020071029663,0.08237180858850479,15.30021590995493,20.761633633583358
2025,2025,26,ramp,3,"[-0.4399999976158142, -0.3733333349227905, -0.30666667222976685, -0.24000000953674316]",-0.8502597212791443,-0.7780788540840149,0.005597046576440334,1.0357789993286133,1.549586296081543,0.022814735770225525,20.761633633583358,26.224028175389613
2050,2050,26,zero_hold,0,"[0.0, 0.0, 0.0, 0.0]",0.04700325056910515,-0.14304561913013458,0.017799563705921173,0.842456042766571,0.8559908866882324,0.0,0.0,4.407826161752851
2050,2050,26,zero_hold,1,"[0.0, 0.0, 0.0, 0.0]",0.0375908724963665,-0.13593138754367828,0.015794381499290466,1.0078442096710205,1.0177867412567139,0.16582059860229492,4.407826161752851,7.392656157870623
2050,2050,26,zero_hold,2,"[0.0, 0.0, 0.0, 0.0]",0.05590711161494255,-0.08483727276325226,0.00887729600071907,1.014195203781128,1.0193103551864624,0.05508424714207649,7.392656157870623,10.25521230978931
2050,2050,26,zero_hold,3,"[0.0, 0.0, 0.0, 0.0]",-0.0538480244576931,-0.04096275568008423,0.004681464750319719,1.0036975145339966,1.005986213684082,0.11873908340930939,10.25521230978931,12.941678736700448
2050,2050,26,target_ahead,0,"[0.0, 0.0, 0.0, 0.0]",0.9853895902633667,-0.5436792969703674,-0.007264347746968269,1.0891603231430054,1.5661746263504028,0.0,0.0,8.173121324884688
2050,2050,26,target_ahead,1,"[0.009999999776482582, 0.0, 0.0, 0.0]",1.2967928647994995,-0.23119407892227173,-0.023425551131367683,0.9924986958503723,1.6494619846343994,0.4519111216068268,8.173121324884688,12.141033398900152
2050,2050,26,target_ahead,2,"[0.019999999552965164, 0.0, 0.0, 0.0]",1.2040141820907593,-0.31209102272987366,-0.019276095554232597,0.9898877739906311,1.589748501777649,0.12319186329841614,12.141033398900152,15.551217496341764
2050,2050,26,target_ahead,3,"[0.029999999329447746, 0.0, 0.0, 0.0]",0.8808096051216125,-0.3805340826511383,-0.01427474059164524,0.9931429028511047,1.38100266456604,0.330425888299942,15.551217496341764,18.994731246401955
2050,2050,26,target_left,0,"[0.0, 0.0, 0.0, 0.0]",-0.24710337817668915,-0.3924172818660736,0.01216712687164545,1.0981345176696777,1.1920984983444214,0.0,0.0,7.312882034903382
2050,2050,26,target_left,1,"[0.009999999776482582, 0.0, 0.0, 0.0]",-0.29798486828804016,-0.304599404335022,0.00379248708486557,1.0660793781280518,1.1480921506881714,0.10676410049200058,7.312882034903382,11.840424919666065
2050,2050,26,target_left,2,"[0.019999999552965164, 0.0, 0.0, 0.0]",-0.27788254618644714,-0.3076471984386444,0.001429954543709755,1.0597901344299316,1.1379905939102173,0.021413279697299004,11.840424919666065,16.161484206354732
2050,2050,26,target_left,3,"[0.029999999329447746, 0.0, 0.0, 0.0]",-0.2413053661584854,-0.3135646879673004,0.0005080550909042358,1.0576812028884888,1.1292656660079956,0.03712417185306549,16.161484206354732,20.29439139016964
2050,2050,26,ramp,0,"[-0.5, -0.4333333373069763, -0.36666667461395264, -0.30000001192092896]",-0.7862999439239502,-0.7455424070358276,0.005389183759689331,1.0120823383331299,1.4827139377593994,0.0,0.0,9.911397918101365
2050,2050,26,ramp,1,"[-0.47999998927116394, -0.41333332657814026, -0.3466666638851166, -0.2800000011920929]",-0.7547607421875,-0.7306512594223022,0.006184618920087814,1.024428367614746,1.4673128128051758,0.03700708970427513,9.911397918101365,15.289990602463892
2050,2050,26,ramp,2,"[-0.46000000834465027, -0.3933333456516266, -0.3266666829586029, -0.2600000202655792]",-0.8337893486022949,-0.7633440494537354,0.005343589931726456,1.029160499572754,1.5287572145462036,0.08565885573625565,15.289990602463892,20.74660843168634
2050,2050,26,ramp,3,"[-0.4399999976158142, -0.3733333349227905, -0.30666667222976685, -0.24000000953674316]",-0.8534223437309265,-0.773115873336792,0.003787555731832981,1.036784052848816,1.54950749874115,0.023269785568118095,20.74660843168634,26.203474955244012
2075,2075,26,zero_hold,0,"[0.0, 0.0, 0.0, 0.0]",0.04632444679737091,-0.14713792502880096,0.02025580406188965,0.84871506690979,0.862857460975647,0.0,0.0,4.435720025123757
2075,2075,26,zero_hold,1,"[0.0, 0.0, 0.0, 0.0]",0.03126297891139984,-0.14042383432388306,0.021757015958428383,1.0124250650405884,1.0228265523910522,0.16454526782035828,4.435720025123757,7.428049703526087
2075,2075,26,zero_hold,2,"[0.0, 0.0, 0.0, 0.0]",0.044930435717105865,-0.08917569369077682,0.01619766280055046,1.0182321071624756,1.023244857788086,0.05364512279629707,7.428049703526087,10.297334388473503
2075,2075,26,zero_hold,3,"[0.0, 0.0, 0.0, 0.0]",-0.06721912324428558,-0.044540390372276306,0.012459664605557919,1.0067718029022217,1.0100727081298828,0.12130600214004517,10.297334388473503,12.99141996775465
2075,2075,26,target_ahead,0,"[0.0, 0.0, 0.0, 0.0]",0.9841329455375671,-0.5449106097221375,0.002236972562968731,1.0963712930679321,1.5708215236663818,0.0,0.0,8.183138097570003
2075,2075,26,target_ahead,1,"[0.009999999776482582, 0.0, 0.0, 0.0]",1.307006597518921,-0.22354614734649658,-0.01445209700614214,0.9949786067008972,1.657839059829712,0.46699199080467224,8.183138097570003,12.147387887200939
2075,2075,26,target_ahead,2,"[0.019999999552965164, 0.0, 0.0, 0.0]",1.2131977081298828,-0.3080085813999176,-0.009752330370247364,0.9892676472663879,1.5954508781433105,0.12644648551940918,12.147387887200939,15.545029223319338
2075,2075,26,target_ahead,3,"[0.029999999329447746, 0.0, 0.0, 0.0]",0.8869286179542542,-0.3790392577648163,-0.0041611818596720695,0.9918697476387024,1.3835231065750122,0.3339684307575226,15.545029223319338,18.981230946474373
2075,2075,26,target_left,0,"[0.0, 0.0, 0.0, 0.0]",-0.2547628581523895,-0.3946867287158966,0.015996156260371208,1.099774718284607,1.196010947227478,0.0,0.0,7.326905841482841
2075,2075,26,target_left,1,"[0.009999999776482582, 0.0, 0.0, 0.0]",-0.31185460090637207,-0.3078055679798126,0.008634824305772781,1.0657408237457275,1.1523348093032837,0.10963711887598038,7.326905841482841,11.853332717562068
2075,2075,26,target_left,2,"[0.019999999552965164, 0.0, 0.0, 0.0]",-0.2943239212036133,-0.311194509267807,0.006248021963983774,1.0587533712387085,1.1421324014663696,0.019321775063872337,11.853332717562068,16.174828109456378
2075,2075,26,target_left,3,"[0.029999999329447746, 0.0, 0.0, 0.0]",-0.2559543251991272,-0.31713220477104187,0.005218104459345341,1.056161880493164,1.1320735216140747,0.038926322013139725,16.174828109456378,20.310021210993607
2075,2075,26,ramp,0,"[-0.5, -0.4333333373069763, -0.36666667461395264, -0.30000001192092896]",-0.795417845249176,-0.7493293881416321,0.0056483205407857895,1.0135080814361572,1.490441083908081,0.0,0.0,9.916964002137778
2075,2075,26,ramp,1,"[-0.47999998927116394, -0.41333332657814026, -0.3466666638851166, -0.2800000011920929]",-0.7741780877113342,-0.7445918917655945,0.007623178418725729,1.0200529098510742,1.4813287258148193,0.02281021699309349,9.916964002137778,15.289701601932407
2075,2075,26,ramp,2,"[-0.46000000834465027, -0.3933333456516266, -0.3266666829586029, -0.2600000202655792]",-0.8512733578681946,-0.7768286466598511,0.007227778434753418,1.0245468616485596,1.5420368909835815,0.08368536829948425,15.289701601932407,20.735691500544018
2075,2075,26,ramp,3,"[-0.4399999976158142, -0.3733333349227905, -0.30666667222976685, -0.24000000953674316]",-0.8708523511886597,-0.7865151762962341,0.005706969182938337,1.032002568244934,1.5627065896987915,0.02313149906694889,20.735691500544018,26.183061720969995
2100,2100,26,zero_hold,0,"[0.0, 0.0, 0.0, 0.0]",0.04635351896286011,-0.14939044415950775,0.01825106516480446,0.8497703671455383,0.8642389178276062,0.0,0.0,4.442323764533869
2100,2100,26,zero_hold,1,"[0.0, 0.0, 0.0, 0.0]",0.02601843886077404,-0.1447194516658783,0.018888887017965317,1.0134435892105103,1.0242291688919067,0.16499897837638855,4.442323764533869,7.444420805308768
2100,2100,26,zero_hold,2,"[0.0, 0.0, 0.0, 0.0]",0.03787893056869507,-0.0949983149766922,0.013234942220151424,1.0178433656692505,1.0230541229248047,0.051615770906209946,7.444420805308768,10.327727212522849
2100,2100,26,zero_hold,3,"[0.0, 0.0, 0.0, 0.0]",-0.07560426741838455,-0.05154646560549736,0.009507776238024235,1.0053328275680542,1.0095332860946655,0.12221663445234299,10.327727212522849,13.031385234383905
2100,2100,26,target_ahead,0,"[0.0, 0.0, 0.0, 0.0]",0.9851367473602295,-0.5517337322235107,-0.001374359242618084,1.1015936136245728,1.5774710178375244,0.0,0.0,8.192749685882188
2100,2100,26,target_ahead,1,"[0.009999999776482582, 0.0, 0.0, 0.0]",1.3087897300720215,-0.23356054723262787,-0.0187523253262043,0.9998889565467834,1.6636136770248413,0.4654366075992584,8.192749685882188,12.164373166800607
2100,2100,26,target_ahead,2,"[0.019999999552965164, 0.0, 0.0, 0.0]",1.2085083723068237,-0.3196822702884674,-0.014665384776890278,0.996692955493927,1.5988436937332153,0.13228839635849,12.164373166800607,15.56588364349563
2100,2100,26,target_ahead,3,"[0.029999999329447746, 0.0, 0.0, 0.0]",0.8804380893707275,-0.390651136636734,-0.008690771646797657,1.0008138418197632,1.3890584707260132,0.33573704957962036,15.56588364349563,19.015187269912882
2100,2100,26,target_left,0,"[0.0, 0.0, 0.0, 0.0]",-0.2493899166584015,-0.39855921268463135,0.012431789189577103,1.09638512134552,1.1930044889450073,0.0,0.0,7.322566476393203
2100,2100,26,target_left,1,"[0.009999999776482582, 0.0, 0.0, 0.0]",-0.31594163179397583,-0.3140077590942383,0.00698112091049552,1.06199312210083,1.1516501903533936,0.11309552937746048,7.322566476393203,11.84199429525517
2100,2100,26,target_left,2,"[0.019999999552965164, 0.0, 0.0, 0.0]",-0.300832062959671,-0.3155272901058197,0.005462052300572395,1.0531502962112427,1.1398301124572754,0.017638344317674637,11.84199429525517,16.159142221151495
2100,2100,26,target_left,3,"[0.029999999329447746, 0.0, 0.0, 0.0]",-0.26097437739372253,-0.3204710781574249,0.00472866790369153,1.050145149230957,1.1285550594329834,0.04028206691145897,16.159142221151495,20.293090719462654
2100,2100,26,ramp,0,"[-0.5, -0.4333333373069763, -0.36666667461395264, -0.30000001192092896]",-0.7740337252616882,-0.7421583533287048,0.0017098793759942055,1.000008463859558,1.466269850730896,0.0,0.0,9.906349663395892
2100,2100,26,ramp,1,"[-0.47999998927116394, -0.41333332657814026, -0.3466666638851166, -0.2800000011920929]",-0.7636475563049316,-0.7353460788726807,0.005479436833411455,1.0047355890274048,1.4606214761734009,0.013814299367368221,9.906349663395892,15.2618650106516
2100,2100,26,ramp,2,"[-0.46000000834465027, -0.3933333456516266, -0.3266666829586029, -0.2600000202655792]",-0.8429836630821228,-0.7674082517623901,0.0055871088989079,1.0113863945007324,1.5239654779434204,0.08582799881696701,15.2618650106516,20.70016753913195
2100,2100,26,ramp,3,"[-0.4399999976158142, -0.3733333349227905, -0.30666667222976685, -0.24000000953674316]",-0.8624787330627441,-0.7766845226287842,0.004092882387340069,1.0191401243209839,1.544594407081604,0.02298825792968273,20.70016753913195,26.142466516272236
2125,2125,26,zero_hold,0,"[0.0, 0.0, 0.0, 0.0]",0.040551360696554184,-0.15010663866996765,0.019336212426424026,0.8528798818588257,0.8671530485153198,0.0,0.0,4.438661628644678
2125,2125,26,zero_hold,1,"[0.0, 0.0, 0.0, 0.0]",0.018085375428199768,-0.1465902179479599,0.020999271422624588,1.0190235376358032,1.029886245727539,0.16770082712173462,4.438661628644678,7.444203105392013
2125,2125,26,zero_hold,2,"[0.0, 0.0, 0.0, 0.0]",0.032648440450429916,-0.09678541868925095,0.014918096363544464,1.0233581066131592,1.0285512208938599,0.052424900233745575,7.444203105392013,10.335025817653015
2125,2125,26,zero_hold,3,"[0.0, 0.0, 0.0, 0.0]",-0.07248781621456146,-0.05306626483798027,0.01050060149282217,1.010263204574585,1.0143039226531982,0.11469955742359161,10.335025817653015,13.046048568579804
2125,2125,26,target_ahead,0,"[0.0, 0.0, 0.0, 0.0]",0.9917508363723755,-0.5521880984306335,0.008345911279320717,1.105543851852417,1.5845435857772827,0.0,0.0,8.211156988579216
2125,2125,26,target_ahead,1,"[0.009999999776482582, 0.0, 0.0, 0.0]",1.3144856691360474,-0.234576016664505,-0.010861819609999657,1.0028014183044434,1.6699182987213135,0.4647151529788971,8.211156988579216,12.17579707311201
2125,2125,26,target_ahead,2,"[0.019999999552965164, 0.0, 0.0, 0.0]",1.216064453125,-0.31777212023735046,-0.006305115297436714,1.0000030994415283,1.606187343597412,0.12898418307304382,12.17579707311201,15.58730853313414
2125,2125,26,target_ahead,3,"[0.029999999329447746, 0.0, 0.0, 0.0]",0.8962387442588806,-0.387681782245636,-0.0007760636508464813,1.0050320625305176,1.4012961387634277,0.3274625241756439,15.58730853313414,19.041924302167224
2125,2125,26,target_left,0,"[0.0, 0.0, 0.0, 0.0]",-0.2429230660200119,-0.4036458134651184,0.013592774048447609,1.1030807495117188,1.1995471715927124,0.0,0.0,7.324274365680809
2125,2125,26,target_left,1,"[0.009999999776482582, 0.0, 0.0, 0.0]",-0.31560608744621277,-0.32010841369628906,0.0072575644589960575,1.0716127157211304,1.1621028184890747,0.1152895912528038,7.324274365680809,11.845245191097511
2125,2125,26,target_left,2,"[0.019999999552965164, 0.0, 0.0, 0.0]",-0.30761680006980896,-0.32199347019195557,0.005669720470905304,1.0628725290298462,1.1524053812026978,0.012095216661691666,11.845245191097511,16.16295571299864
2125,2125,26,target_left,3,"[0.029999999329447746, 0.0, 0.0, 0.0]",-0.26736265420913696,-0.3280016779899597,0.004881187342107296,1.0599720478057861,1.141329288482666,0.04081089794635773,16.16295571299864,20.296224217461486
2125,2125,26,ramp,0,"[-0.5, -0.4333333373069763, -0.36666667461395264, -0.30000001192092896]",-0.7642542719841003,-0.7392567992210388,0.00029518548399209976,1.010725975036621,1.4670215845108032,0.0,0.0,9.900514094799526
2125,2125,26,ramp,1,"[-0.47999998927116394, -0.41333332657814026, -0.3466666638851166, -0.2800000011920929]",-0.7588278651237488,-0.7341331839561462,0.005337721202522516,1.0167800188064575,1.4658244848251343,0.010852462612092495,9.900514094799526,15.26326810009615
2125,2125,26,ramp,2,"[-0.46000000834465027, -0.3933333456516266, -0.3266666829586029, -0.2600000202655792]",-0.8418177366256714,-0.7662142515182495,0.005936204455792904,1.0233136415481567,1.5306689739227295,0.08921636641025543,15.26326810009615,20.70680551310892
2125,2125,26,ramp,3,"[-0.4399999976158142, -0.3733333349227905, -0.30666667222976685, -0.24000000953674316]",-0.8626019954681396,-0.7753114700317383,0.004550219513475895,1.0306057929992676,1.55156672000885,0.023871347308158875,20.70680551310892,26.157563481268706
2150,2150,26,zero_hold,0,"[0.0, 0.0, 0.0, 0.0]",0.0451139360666275,-0.14771737158298492,0.018394971266388893,0.8553206324577332,0.8693488836288452,0.0,0.0,4.4477402133326205
2150,2150,26,zero_hold,1,"[0.0, 0.0, 0.0, 0.0]",0.026439940556883812,-0.14307597279548645,0.01927107200026512,1.0190497636795044,1.0295647382736206,0.16485829651355743,4.4477402133326205,7.451342407806918
2150,2150,26,zero_hold,2,"[0.0, 0.0, 0.0, 0.0]",0.046593084931373596,-0.0933421328663826,0.012254598550498486,1.022513508796692,1.0278948545455933,0.05422944575548172,7.451342407806918,10.339604774736953
2150,2150,26,zero_hold,3,"[0.0, 0.0, 0.0, 0.0]",-0.05778588354587555,-0.049951598048210144,0.007418791297823191,1.008539080619812,1.011454701423645,0.11400165408849716,10.339604774736953,13.04415340472003
2150,2150,26,target_ahead,0,"[0.0, 0.0, 0.0, 0.0]",0.9962694048881531,-0.5515079498291016,0.004809922073036432,1.1155062913894653,1.5940800905227661,0.0,0.0,8.218411937869213
2150,2150,26,target_ahead,1,"[0.009999999776482582, 0.0, 0.0, 0.0]",1.3184865713119507,-0.23236778378486633,-0.013893809169530869,1.0066256523132324,1.675079107284546,0.4667752683162689,8.218411937869213,12.169887416077325
2150,2150,26,target_ahead,2,"[0.019999999552965164, 0.0, 0.0, 0.0]",1.216827154159546,-0.3138047456741333,-0.009874589741230011,1.0021610260009766,1.6073474884033203,0.13039441406726837,12.169887416077325,15.585899332723717
2150,2150,26,target_ahead,3,"[0.029999999329447746, 0.0, 0.0, 0.0]",0.9026156067848206,-0.3825971782207489,-0.004523418843746185,1.0076202154159546,1.4058500528335571,0.321744829416275,15.585899332723717,19.046078035512124
2150,2150,26,target_left,0,"[0.0, 0.0, 0.0, 0.0]",-0.22433455288410187,-0.40096670389175415,0.01462000235915184,1.1012561321258545,1.1933479309082031,0.0,0.0,7.320586038499446
2150,2150,26,target_left,1,"[0.009999999776482582, 0.0, 0.0, 0.0]",-0.28432923555374146,-0.3193855583667755,0.010079940780997276,1.0653830766677856,1.1480387449264526,0.10752829164266586,7.320586038499446,11.820003498515227
2150,2150,26,target_left,2,"[0.019999999552965164, 0.0, 0.0, 0.0]",-0.2773750424385071,-0.31897586584091187,0.00898122787475586,1.05703866481781,1.1384612321853638,0.010925430804491043,11.820003498515227,16.115529927792004
2150,2150,26,target_left,3,"[0.029999999329447746, 0.0, 0.0, 0.0]",-0.2413228303194046,-0.3219914734363556,0.00835740752518177,1.053850531578064,1.1280895471572876,0.0363236740231514,16.115529927792004,20.22723249129406
2150,2150,26,ramp,0,"[-0.5, -0.4333333373069763, -0.36666667461395264, -0.30000001192092896]",-0.7532756328582764,-0.7410591244697571,0.007954390719532967,1.0003691911697388,1.4551270008087158,0.0,0.0,9.89882351565702
2150,2150,26,ramp,1,"[-0.47999998927116394, -0.41333332657814026, -0.3466666638851166, -0.2800000011920929]",-0.7599143385887146,-0.742695152759552,0.01637795940041542,0.9995688199996948,1.4589283466339111,0.010878699831664562,9.89882351565702,15.243565112001246
2150,2150,26,ramp,2,"[-0.46000000834465027, -0.3933333456516266, -0.3266666829586029, -0.2600000202655792]",-0.8324053883552551,-0.7736450433731079,0.016884639859199524,1.0071388483047485,1.5185649394989014,0.07918591797351837,15.243565112001246,20.674099557096195
2150,2150,26,ramp,3,"[-0.4399999976158142, -0.3733333349227905, -0.30666667222976685, -0.24000000953674316]",-0.8510771989822388,-0.7823593020439148,0.015432949177920818,1.0144076347351074,1.5380765199661255,0.02189788781106472,20.674099557096195,26.110989931155448
2175,2175,26,zero_hold,0,"[0.0, 0.0, 0.0, 0.0]",0.04787776619195938,-0.14417771995067596,0.02271691896021366,0.8568331003189087,0.8704932928085327,0.0,0.0,4.45434438982811
2175,2175,26,zero_hold,1,"[0.0, 0.0, 0.0, 0.0]",0.0260112714022398,-0.13662664592266083,0.025372568517923355,1.0202758312225342,1.0300242900848389,0.16509312391281128,4.45434438982811,7.460780372996379
2175,2175,26,zero_hold,2,"[0.0, 0.0, 0.0, 0.0]",0.041989900171756744,-0.08445991575717926,0.01859677955508232,1.022462010383606,1.026971697807312,0.055021584033966064,7.460780372996379,10.348917184926712
2175,2175,26,zero_hold,3,"[0.0, 0.0, 0.0, 0.0]",-0.06061553955078125,-0.03973822295665741,0.013794053345918655,1.0077588558197021,1.0104560852050781,0.1129918321967125,10.348917184926712,13.04988146704415
2175,2175,26,target_ahead,0,"[0.0, 0.0, 0.0, 0.0]",0.9704155921936035,-0.5448321104049683,0.01884797401726246,1.1164228916168213,1.5764846801757812,0.0,0.0,8.195984196142927
2175,2175,26,target_ahead,1,"[0.009999999776482582, 0.0, 0.0, 0.0]",1.2925971746444702,-0.22473274171352386,-0.001178395003080368,1.0077242851257324,1.654334306716919,0.4674195349216461,8.195984196142927,12.141895617269155
2175,2175,26,target_ahead,2,"[0.019999999552965164, 0.0, 0.0, 0.0]",1.1882190704345703,-0.30615097284317017,0.003965477459132671,1.0035045146942139,1.5851277112960815,0.13254426419734955,12.141895617269155,15.548813803353202
2175,2175,26,target_ahead,3,"[0.029999999329447746, 0.0, 0.0, 0.0]",0.8743178844451904,-0.3737652003765106,0.009780941531062126,1.0093779563903809,1.3867486715316772,0.3212070167064667,15.548813803353202,18.99589309279816
2175,2175,26,target_left,0,"[0.0, 0.0, 0.0, 0.0]",-0.216995507478714,-0.38898953795433044,0.01858564093708992,1.1045984029769897,1.1911687850952148,0.0,0.0,7.3249339412023495
2175,2175,26,target_left,1,"[0.009999999776482582, 0.0, 0.0, 0.0]",-0.2727263569831848,-0.3033299446105957,0.012497656047344208,1.0700434446334839,1.1452239751815796,0.10804907232522964,7.3249339412023495,11.825237311471207
2175,2175,26,target_left,2,"[0.019999999552965164, 0.0, 0.0, 0.0]",-0.2702937424182892,-0.30031344294548035,0.010422846302390099,1.061462640762329,1.1358073949813843,0.009641158394515514,11.825237311471207,16.118216180455462
2175,2175,26,target_left,3,"[0.029999999329447746, 0.0, 0.0, 0.0]",-0.2369200885295868,-0.301871657371521,0.009528903290629387,1.0582770109176636,1.1257435083389282,0.033573444932699203,16.118216180455462,20.228515251978322
2175,2175,26,ramp,0,"[-0.5, -0.4333333373069763, -0.36666667461395264, -0.30000001192092896]",-0.7353345155715942,-0.7264434099197388,0.005523127503693104,1.0166704654693604,1.449857234954834,0.0,0.0,9.904106333141193
2175,2175,26,ramp,1,"[-0.47999998927116394, -0.41333332657814026, -0.3466666638851166, -0.2800000011920929]",-0.7428391575813293,-0.7257245779037476,0.0132640041410923,1.0141644477844238,1.451616883277893,0.011092234402894974,9.904106333141193,15.239854006566649
2175,2175,26,ramp,2,"[-0.46000000834465027, -0.3933333456516266, -0.3266666829586029, -0.2600000202655792]",-0.8188245892524719,-0.755683183670044,0.01338782999664545,1.0194016695022583,1.5102615356445312,0.08184587955474854,15.239854006566649,20.660909643303036
2175,2175,26,ramp,3,"[-0.4399999976158142, -0.3733333349227905, -0.30666667222976685, -0.24000000953674316]",-0.8381454348564148,-0.7645089626312256,0.011919008567929268,1.0258123874664307,1.5295079946517944,0.02223609946668148,20.660909643303036,26.090042863308557
2200,2200,26,zero_hold,0,"[0.0, 0.0, 0.0, 0.0]",0.04713306948542595,-0.14353638887405396,0.016587570309638977,0.8535680770874023,0.8669935464859009,0.0,0.0,4.439360014125233
2200,2200,26,zero_hold,1,"[0.0, 0.0, 0.0, 0.0]",0.031166180968284607,-0.13235370814800262,0.015639299526810646,1.0160026550292969,1.0251803398132324,0.1636028289794922,4.439360014125233,7.43133826138143
2200,2200,26,zero_hold,2,"[0.0, 0.0, 0.0, 0.0]",0.052787166088819504,-0.07907959818840027,0.007997632957994938,1.018156886100769,1.0226179361343384,0.05803992971777916,7.43133826138143,10.304235707025773
2200,2200,26,zero_hold,3,"[0.0, 0.0, 0.0, 0.0]",-0.0517432875931263,-0.03433042764663696,0.0029557235538959503,1.0034414529800415,1.005365252494812,0.11476527154445648,10.304235707025773,12.99119698321305
2200,2200,26,target_ahead,0,"[0.0, 0.0, 0.0, 0.0]",0.9856894612312317,-0.5442184209823608,0.004827490542083979,1.1123957633972168,1.5827839374542236,0.0,0.0,8.2007923248162
2200,2200,26,target_ahead,1,"[0.009999999776482582, 0.0, 0.0, 0.0]",1.3095576763153076,-0.22284646332263947,-0.01489788107573986,1.0032967329025269,1.664760708808899,0.46953409910202026,8.2007923248162,12.138164925911903
2200,2200,26,target_ahead,2,"[0.019999999552965164, 0.0, 0.0, 0.0]",1.2062684297561646,-0.3040607273578644,-0.01180550642311573,0.998621940612793,1.5952810049057007,0.13151365518569946,12.138164925911903,15.537173256341774
2200,2200,26,target_ahead,3,"[0.029999999329447746, 0.0, 0.0, 0.0]",0.8902738094329834,-0.370990127325058,-0.007185632362961769,1.0044738054275513,1.3925660848617554,0.32309091091156006,15.537173256341774,18.980511469913747
2200,2200,26,target_left,0,"[0.0, 0.0, 0.0, 0.0]",-0.2209097146987915,-0.39273568987846375,0.009400881826877594,1.104127287864685,1.192571997642517,0.0,0.0,7.317005433392081
2200,2200,26,target_left,1,"[0.009999999776482582, 0.0, 0.0, 0.0]",-0.27250927686691284,-0.3060283660888672,0.0018960349261760712,1.0696351528167725,1.1454421281814575,0.10689576715230942,7.317005433392081,11.810557001435518
2200,2200,26,target_left,2,"[0.019999999552965164, 0.0, 0.0, 0.0]",-0.2615830898284912,-0.3053153157234192,0.00020782090723514557,1.0615310668945312,1.1351172924041748,0.01372648123651743,11.810557001435518,16.0967704595025
2200,2200,26,target_left,3,"[0.029999999329447746, 0.0, 0.0, 0.0]",-0.22712773084640503,-0.3086698055267334,-0.0003983704373240471,1.058707594871521,1.1259334087371826,0.034738507121801376,16.0967704595025,20.20028277890933
2200,2200,26,ramp,0,"[-0.5, -0.4333333373069763, -0.36666667461395264, -0.30000001192092896]",-0.743845522403717,-0.7351031303405762,-0.002122277393937111,1.0187073945999146,1.4599493741989136,0.0,0.0,9.908997459876216
2200,2200,26,ramp,1,"[-0.47999998927116394, -0.41333332657814026, -0.3466666638851166, -0.2800000011920929]",-0.7360603213310242,-0.7321486473083496,0.0037220874801278114,1.0149201154708862,1.45186185836792,0.010855340398848057,9.908997459876216,15.23797437647513
2200,2200,26,ramp,2,"[-0.46000000834465027, -0.3933333456516266, -0.3266666829586029, -0.2600000202655792]",-0.8114844560623169,-0.7626019716262817,0.0037152469158172607,1.0210613012313843,1.5108437538146973,0.0815715566277504,15.23797437647513,20.651488572702643
2200,2200,26,ramp,3,"[-0.4399999976158142, -0.3733333349227905, -0.30666667222976685, -0.24000000953674316]",-0.8316205143928528,-0.7716701030731201,0.0023608924821019173,1.028005838394165,1.5309699773788452,0.023189496248960495,20.651488572702643,26.075919865593452
2225,2225,26,zero_hold,0,"[0.0, 0.0, 0.0, 0.0]",0.03922530263662338,-0.1449868232011795,0.014703137800097466,0.8490704894065857,0.8623784780502319,0.0,0.0,4.416437469934981
2225,2225,26,zero_hold,1,"[0.0, 0.0, 0.0, 0.0]",0.02605496533215046,-0.1366535872220993,0.011140557006001472,1.0159600973129272,1.0255008935928345,0.16765360534191132,4.416437469934981,7.403206180984107
2225,2225,26,zero_hold,2,"[0.0, 0.0, 0.0, 0.0]",0.05818279832601547,-0.08542455732822418,0.0036911312490701675,1.0200185775756836,1.0252482891082764,0.06106207147240639,7.403206180984107,10.271755761785416
2225,2225,26,zero_hold,3,"[0.0, 0.0, 0.0, 0.0]",-0.04536333680152893,-0.042608801275491714,-0.0008584912866353989,1.0067461729049683,1.0086684226989746,0.11292407661676407,10.271755761785416,12.9548824741465
2225,2225,26,target_ahead,0,"[0.0, 0.0, 0.0, 0.0]",0.9769760370254517,-0.5385106205940247,-0.010948552750051022,1.1040209531784058,1.5695407390594482,0.0,0.0,8.197133805226379
2225,2225,26,target_ahead,1,"[0.009999999776482582, 0.0, 0.0, 0.0]",1.2927213907241821,-0.22255423665046692,-0.02751251682639122,1.0051919221878052,1.6528239250183105,0.4577828347682953,8.197133805226379,12.131332890257761
2225,2225,26,target_ahead,2,"[0.019999999552965164, 0.0, 0.0, 0.0]",1.1872566938400269,-0.3072470426559448,-0.024691466242074966,1.0031532049179077,1.5845836400985718,0.13530626893043518,12.131332890257761,15.520596307849946
2225,2225,26,target_ahead,3,"[0.029999999329447746, 0.0, 0.0, 0.0]",0.8570456504821777,-0.3742896020412445,-0.02041560411453247,1.0088180303573608,1.3757727146148682,0.3370228707790375,15.520596307849946,18.958503948339143
2225,2225,26,target_left,0,"[0.0, 0.0, 0.0, 0.0]",-0.22061815857887268,-0.3981577157974243,0.006915422156453133,1.103872537612915,1.1940621137619019,0.0,0.0,7.304049792772565
2225,2225,26,target_left,1,"[0.009999999776482582, 0.0, 0.0, 0.0]",-0.2718801200389862,-0.3140982389450073,-0.0020554615184664726,1.0687311887741089,1.1466329097747803,0.10492461919784546,7.304049792772565,11.790187719503837
2225,2225,26,target_left,2,"[0.019999999552965164, 0.0, 0.0, 0.0]",-0.2502584755420685,-0.3140392303466797,-0.0028250832110643387,1.0605061054229736,1.1339890956878662,0.0231461301445961,11.790187719503837,16.066205810163364
2225,2225,26,target_left,3,"[0.029999999329447746, 0.0, 0.0, 0.0]",-0.21651063859462738,-0.3182312846183777,-0.0028609922155737877,1.0574828386306763,1.1253559589385986,0.03414134308695793,16.066205810163364,20.15631411783978
2225,2225,26,ramp,0,"[-0.5, -0.4333333373069763, -0.36666667461395264, -0.30000001192092896]",-0.7810189723968506,-0.754801332950592,-0.00064820796251297,1.0115280151367188,1.484218716621399,0.0,0.0,9.910516314211117
2225,2225,26,ramp,1,"[-0.47999998927116394, -0.41333332657814026, -0.3466666638851166, -0.2800000011920929]",-0.7618070840835571,-0.7475976943969727,0.0019239718094468117,1.0085867643356323,1.4685038328170776,0.020886745303869247,9.910516314211117,15.241701187559793
2225,2225,26,ramp,2,"[-0.46000000834465027, -0.3933333456516266, -0.3266666829586029, -0.2600000202655792]",-0.8322351574897766,-0.7781025171279907,0.002103980630636215,1.0141345262527466,1.5252974033355713,0.07695107907056808,15.241701187559793,20.661486196470065
2225,2225,26,ramp,3,"[-0.4399999976158142, -0.3733333349227905, -0.30666667222976685, -0.24000000953674316]",-0.8516589403152466,-0.78684002161026,0.0009651044383645058,1.0221731662750244,1.5457292795181274,0.022793510928750038,20.661486196470065,26.086810320935182
2250,2250,26,zero_hold,0,"[0.0, 0.0, 0.0, 0.0]",0.043230362236499786,-0.14386776089668274,0.016472596675157547,0.850085973739624,0.8634143471717834,0.0,0.0,4.423601173561883
2250,2250,26,zero_hold,1,"[0.0, 0.0, 0.0, 0.0]",0.03013002686202526,-0.13497784733772278,0.014613332226872444,1.0147078037261963,1.024193525314331,0.16539181768894196,4.423601173561883,7.4111255378210465
2250,2250,26,zero_hold,2,"[0.0, 0.0, 0.0, 0.0]",0.05933991074562073,-0.08325164765119553,0.008144800551235676,1.0184005498886108,1.0235517024993896,0.059868983924388885,7.4111255378210465,10.274433562163173
2250,2250,26,zero_hold,3,"[0.0, 0.0, 0.0, 0.0]",-0.041993968188762665,-0.03946637362241745,0.0038188137114048004,1.0050914287567139,1.0067493915557861,0.1112724244594574,10.274433562163173,12.94885978152068
2250,2250,26,target_ahead,0,"[0.0, 0.0, 0.0, 0.0]",0.9847655892372131,-0.5373758673667908,-0.011728217825293541,1.1024190187454224,1.572895884513855,0.0,0.0,8.21349447092495
2250,2250,26,target_ahead,1,"[0.009999999776482582, 0.0, 0.0, 0.0]",1.3032554388046265,-0.22763825953006744,-0.026992138475179672,1.001855731010437,1.6597402095794678,0.4557621479034424,8.21349447092495,12.14781110855821
2250,2250,26,target_ahead,2,"[0.019999999552965164, 0.0, 0.0, 0.0]",1.2166718244552612,-0.3114064037799835,-0.02371126413345337,0.9991871118545532,1.6050549745559692,0.12054754048585892,12.14781110855821,15.533940561730565
2250,2250,26,target_ahead,3,"[0.029999999329447746, 0.0, 0.0, 0.0]",0.896887481212616,-0.37681666016578674,-0.019278015941381454,1.0022552013397217,1.3968840837478638,0.326449990272522,15.533940561730565,18.967238885116412
2250,2250,26,target_left,0,"[0.0, 0.0, 0.0, 0.0]",-0.22145847976207733,-0.39835378527641296,0.008802132681012154,1.1026122570037842,1.1931307315826416,0.0,0.0,7.29631004580405
2250,2250,26,target_left,1,"[0.009999999776482582, 0.0, 0.0, 0.0]",-0.2827586233615875,-0.3149377107620239,0.00017859786748886108,1.0673809051513672,1.1482335329055786,0.10968848317861557,7.29631004580405,11.776543832078522
2250,2250,26,target_left,2,"[0.019999999552965164, 0.0, 0.0, 0.0]",-0.26447585225105286,-0.3172033131122589,-0.0004611816257238388,1.0598210096359253,1.1374472379684448,0.019923705607652664,11.776543832078522,16.04685718011787
2250,2250,26,target_left,3,"[0.029999999329447746, 0.0, 0.0, 0.0]",-0.22492988407611847,-0.32388487458229065,-0.0004781670868396759,1.0570547580718994,1.1282109022140503,0.040201734751462936,16.04685718011787,20.131071986873252
2250,2250,26,ramp,0,"[-0.5, -0.4333333373069763, -0.36666667461395264, -0.30000001192092896]",-0.7785412669181824,-0.7533236145973206,0.00012574531137943268,1.0157926082611084,1.4850783348083496,0.0,0.0,9.915283777173132
2250,2250,26,ramp,1,"[-0.47999998927116394, -0.41333332657814026, -0.3466666638851166, -0.2800000011920929]",-0.7541062831878662,-0.7441741824150085,0.0006092553958296776,1.0110126733779907,1.464451551437378,0.026530399918556213,9.915283777173132,15.25532355893194
2250,2250,26,ramp,2,"[-0.46000000834465027, -0.3933333456516266, -0.3266666829586029, -0.2600000202655792]",-0.8269348740577698,-0.7755712866783142,0.0007924996316432953,1.0167441368103027,1.5228595733642578,0.07951518893241882,15.25532355893194,20.6793594733845
2250,2250,26,ramp,3,"[-0.4399999976158142, -0.3733333349227905, -0.30666667222976685, -0.24000000953674316]",-0.8472484946250916,-0.7846112847328186,-0.00033472664654254913,1.0247849225997925,1.5439006090164185,0.023670438677072525,20.6793594733845,26.107469481876056
2275,2275,26,zero_hold,0,"[0.0, 0.0, 0.0, 0.0]",0.0420512817800045,-0.14275097846984863,0.017125559970736504,0.8524854183197021,0.8655465245246887,0.0,0.0,4.4315670479688745
2275,2275,26,zero_hold,1,"[0.0, 0.0, 0.0, 0.0]",0.03021426871418953,-0.13285481929779053,0.016684478148818016,1.0155378580093384,1.0247725248336792,0.16378138959407806,4.4315670479688745,7.42429538141858
2275,2275,26,zero_hold,2,"[0.0, 0.0, 0.0, 0.0]",0.05893750861287117,-0.07957732677459717,0.011559145525097847,1.017362117767334,1.0222355127334595,0.06077098473906517,7.42429538141858,10.293139274043476
2275,2275,26,zero_hold,3,"[0.0, 0.0, 0.0, 0.0]",-0.03948250785470009,-0.03543315455317497,0.0077296472154557705,1.0034642219543457,1.0048953294754028,0.10882566124200821,10.293139274043476,12.9729804738538
2275,2275,26,target_ahead,0,"[0.0, 0.0, 0.0, 0.0]",0.9780222773551941,-0.5337041616439819,-0.004446116276085377,1.1042438745498657,1.5686752796173096,0.0,0.0,8.196091947341724
2275,2275,26,target_ahead,1,"[0.009999999776482582, 0.0, 0.0, 0.0]",1.2935518026351929,-0.22666233777999878,-0.018177416175603867,1.0049084424972534,1.6537301540374756,0.45154139399528503,8.196091947341724,12.141867738995384
2275,2275,26,target_ahead,2,"[0.019999999552965164, 0.0, 0.0, 0.0]",1.2140116691589355,-0.3128625750541687,-0.012874237261712551,0.9990999698638916,1.6031450033187866,0.11755413562059402,12.141867738995384,15.522897869459426
2275,2275,26,target_ahead,3,"[0.029999999329447746, 0.0, 0.0, 0.0]",0.8853456377983093,-0.37966975569725037,-0.007645594887435436,0.999168872833252,1.3879419565200806,0.3354279398918152,15.522897869459426,18.95225624148314
2275,2275,26,target_left,0,"[0.0, 0.0, 0.0, 0.0]",-0.22009971737861633,-0.3939458131790161,0.010039441287517548,1.1047199964523315,1.1933751106262207,0.0,0.0,7.303383273128029
2275,2275,26,target_left,1,"[0.009999999776482582, 0.0, 0.0, 0.0]",-0.27582916617393494,-0.30904221534729004,0.0013652043417096138,1.0691717863082886,1.1466119289398193,0.10795050114393234,7.303383273128029,11.785722387181766
2275,2275,26,target_left,2,"[0.019999999552965164, 0.0, 0.0, 0.0]",-0.2537415623664856,-0.311310738325119,0.0006692586466670036,1.0618072748184204,1.1352243423461914,0.023403607308864594,11.785722387181766,16.061472272979593
2275,2275,26,target_left,3,"[0.029999999329447746, 0.0, 0.0, 0.0]",-0.21569490432739258,-0.3180965483188629,0.0006733005866408348,1.0594435930252075,1.1270008087158203,0.03871927782893181,16.061472272979593,20.154272934061773
2275,2275,26,ramp,0,"[-0.5, -0.4333333373069763, -0.36666667461395264, -0.30000001192092896]",-0.7893503308296204,-0.7467831969261169,-0.0026323338970541954,1.0061805248260498,1.4809339046478271,0.0,0.0,9.91695640738562
2275,2275,26,ramp,1,"[-0.47999998927116394, -0.41333332657814026, -0.3466666638851166, -0.2800000011920929]",-0.7650162577629089,-0.7346345782279968,-0.0013424260541796684,1.0035823583602905,1.4601771831512451,0.027352338656783104,9.91695640738562,15.25008747785045
2275,2275,26,ramp,2,"[-0.46000000834465027, -0.3933333456516266, -0.3266666829586029, -0.2600000202655792]",-0.838424801826477,-0.7652886509895325,-0.0010843882337212563,1.0084706544876099,1.5184324979782104,0.07970225065946579,15.25008747785045,20.670284824757616
2275,2275,26,ramp,3,"[-0.4399999976158142, -0.3733333349227905, -0.30666667222976685, -0.24000000953674316]",-0.858133852481842,-0.7740170359611511,-0.002249845303595066,1.01691734790802,1.5393576622009277,0.023180514574050903,20.670284824757616,26.09566170277792
2300,2300,26,zero_hold,0,"[0.0, 0.0, 0.0, 0.0]",0.03986029326915741,-0.14478571712970734,0.014553191140294075,0.8585301041603088,0.871686577796936,0.0,0.0,4.443242060141303
2300,2300,26,zero_hold,1,"[0.0, 0.0, 0.0, 0.0]",0.027190854772925377,-0.13674946129322052,0.012332440353929996,1.0244512557983398,1.0339691638946533,0.1666128933429718,4.443242060141303,7.446507005374297
2300,2300,26,zero_hold,2,"[0.0, 0.0, 0.0, 0.0]",0.05649877339601517,-0.08395640552043915,0.0059179868549108505,1.0271192789077759,1.0321093797683716,0.060780953615903854,7.446507005374297,10.324015138454829
2300,2300,26,zero_hold,3,"[0.0, 0.0, 0.0, 0.0]",-0.042319342494010925,-0.039111021906137466,0.0015026945620775223,1.0134648084640503,1.0151028633117676,0.10946263372898102,10.324015138454829,13.010667340953146
2300,2300,26,target_ahead,0,"[0.0, 0.0, 0.0, 0.0]",0.9797948002815247,-0.5372216105461121,-0.007683467119932175,1.1052308082580566,1.5716867446899414,0.0,0.0,8.203042354081038
2300,2300,26,target_ahead,1,"[0.009999999776482582, 0.0, 0.0, 0.0]",1.2997243404388428,-0.23077088594436646,-0.02483302913606167,1.0097025632858276,1.6621235609054565,0.45352697372436523,8.203042354081038,12.152070935427693
2300,2300,26,target_ahead,2,"[0.019999999552965164, 0.0, 0.0, 0.0]",1.2284667491912842,-0.3137059807777405,-0.021891271695494652,1.0054198503494263,1.6182985305786133,0.10946629196405411,12.152070935427693,15.535544103524442
2300,2300,26,target_ahead,3,"[0.029999999329447746, 0.0, 0.0, 0.0]",0.9077062606811523,-0.3790442645549774,-0.017632948234677315,1.0058218240737915,1.406980276107788,0.3273754417896271,15.535544103524442,18.968129441508076
2300,2300,26,target_left,0,"[0.0, 0.0, 0.0, 0.0]",-0.22483986616134644,-0.39872634410858154,0.0062405760399997234,1.1118502616882324,1.2024083137512207,0.0,0.0,7.313426678905986
2300,2300,26,target_left,1,"[0.009999999776482582, 0.0, 0.0, 0.0]",-0.28041890263557434,-0.3157767057418823,-0.002408025786280632,1.0756317377090454,1.1555687189102173,0.10656571388244629,7.313426678905986,11.801287900932026
2300,2300,26,target_left,2,"[0.019999999552965164, 0.0, 0.0, 0.0]",-0.2587469816207886,-0.318145751953125,-0.002836691215634346,1.0677119493484497,1.1437585353851318,0.02319895103573799,11.801287900932026,16.082644978075287
2300,2300,26,target_left,3,"[0.029999999329447746, 0.0, 0.0, 0.0]",-0.22041834890842438,-0.32497307658195496,-0.0027832724153995514,1.0649524927139282,1.1350432634353638,0.03902965411543846,16.082644978075287,20.18119144860656
2300,2300,26,ramp,0,"[-0.5, -0.4333333373069763, -0.36666667461395264, -0.30000001192092896]",-0.7991490364074707,-0.754208505153656,-0.00562434084713459,1.0080434083938599,1.4911917448043823,0.0,0.0,9.924011085422318
2300,2300,26,ramp,1,"[-0.47999998927116394, -0.41333332657814026, -0.3466666638851166, -0.2800000011920929]",-0.7631111741065979,-0.7394400835037231,-0.004034999758005142,1.0085724592208862,1.465040922164917,0.03898255527019501,9.924011085422318,15.26012335083558
2300,2300,26,ramp,2,"[-0.46000000834465027, -0.3933333456516266, -0.3266666829586029, -0.2600000202655792]",-0.8408417105674744,-0.7713832259178162,-0.0035518985241651535,1.0129839181900024,1.5258426666259766,0.08415518701076508,15.26012335083558,20.687628767825245
2300,2300,26,ramp,3,"[-0.4399999976158142, -0.3733333349227905, -0.30666667222976685, -0.24000000953674316]",-0.8609719276428223,-0.7804822325706482,-0.00452156737446785,1.0213392972946167,1.5471198558807373,0.023638321086764336,20.687628767825245,26.11962358346669
2325,2325,26,zero_hold,0,"[0.0, 0.0, 0.0, 0.0]",0.04060792922973633,-0.14215804636478424,0.015743480995297432,0.8546494245529175,0.8674857020378113,0.0,0.0,4.43608369756353
2325,2325,26,zero_hold,1,"[0.0, 0.0, 0.0, 0.0]",0.022946447134017944,-0.1373365819454193,0.015020882710814476,1.0213643312454224,1.030921220779419,0.16771867871284485,4.43608369756353,7.435350191393481
2325,2325,26,zero_hold,2,"[0.0, 0.0, 0.0, 0.0]",0.0469822883605957,-0.08613704144954681,0.009673764929175377,1.0240061283111572,1.028741478919983,0.056874293833971024,7.435350191393481,10.307294745469743
2325,2325,26,zero_hold,3,"[0.0, 0.0, 0.0, 0.0]",-0.0549938902258873,-0.04146691784262657,0.00602717325091362,1.0098062753677368,1.012170433998108,0.11229200661182404,10.307294745469743,12.988491832019951
2325,2325,26,target_ahead,0,"[0.0, 0.0, 0.0, 0.0]",0.9730687737464905,-0.5411882996559143,-0.009260758757591248,1.1019067764282227,1.5665349960327148,0.0,0.0,8.203258515891086
2325,2325,26,target_ahead,1,"[0.009999999776482582, 0.0, 0.0, 0.0]",1.281416893005371,-0.24008755385875702,-0.02415183000266552,1.008874535560608,1.6486607789993286,0.4411541223526001,8.203258515891086,12.152416102837883
2325,2325,26,target_ahead,2,"[0.019999999552965164, 0.0, 0.0, 0.0]",1.1880195140838623,-0.323710173368454,-0.01871037669479847,1.0058047771453857,1.5900226831436157,0.1255183070898056,12.152416102837883,15.54232923260448
2325,2325,26,target_ahead,3,"[0.029999999329447746, 0.0, 0.0, 0.0]",0.8553414344787598,-0.3892129361629486,-0.013673665001988411,1.0074249505996704,1.3777472972869873,0.33910661935806274,15.54232923260448,18.98685272334474
2325,2325,26,target_left,0,"[0.0, 0.0, 0.0, 0.0]",-0.2227313220500946,-0.3931993842124939,0.01189812459051609,1.1061521768569946,1.1949598789215088,0.0,0.0,7.311860361279384
2325,2325,26,target_left,1,"[0.009999999776482582, 0.0, 0.0, 0.0]",-0.2843084931373596,-0.31141138076782227,0.004421759396791458,1.0703538656234741,1.150428295135498,0.10871265083551407,7.311860361279384,11.806092878936107
2325,2325,26,target_left,2,"[0.019999999552965164, 0.0, 0.0, 0.0]",-0.26410239934921265,-0.31258895993232727,0.004396017640829086,1.061966061592102,1.1380919218063354,0.02190956100821495,11.806092878936107,16.085581008585454
2325,2325,26,target_left,3,"[0.029999999329447746, 0.0, 0.0, 0.0]",-0.22408324480056763,-0.31856825947761536,0.004402889870107174,1.0590382814407349,1.1283973455429077,0.040569160133600235,16.085581008585454,20.178628295748183
2325,2325,26,ramp,0,"[-0.5, -0.4333333373069763, -0.36666667461395264, -0.30000001192092896]",-0.7904648184776306,-0.7514540553092957,0.007111618295311928,1.001731514930725,1.4808896780014038,0.0,0.0,9.920079076143274
2325,2325,26,ramp,1,"[-0.47999998927116394, -0.41333332657814026, -0.3466666638851166, -0.2800000011920929]",-0.7487730383872986,-0.7407979965209961,0.009589295834302902,1.001155972480774,1.4532198905944824,0.04310714825987816,9.920079076143274,15.259739456490413
2325,2325,26,ramp,2,"[-0.46000000834465027, -0.3933333456516266, -0.3266666829586029, -0.2600000202655792]",-0.8293378949165344,-0.7743054032325745,0.010492537170648575,1.0061191320419312,1.5164880752563477,0.08740074932575226,15.259739456490413,20.684240391932313
2325,2325,26,ramp,3,"[-0.4399999976158142, -0.3733333349227905, -0.30666667222976685, -0.24000000953674316]",-0.8496102094650269,-0.7835170030593872,0.009553417563438416,1.0147207975387573,1.5380135774612427,0.02388913743197918,20.684240391932313,26.11349419004208
2350,2350,26,zero_hold,0,"[0.0, 0.0, 0.0, 0.0]",0.0425034761428833,-0.14209021627902985,0.008991818875074387,0.8551920652389526,0.8680037260055542,0.0,0.0,4.429710474878926
2350,2350,26,zero_hold,1,"[0.0, 0.0, 0.0, 0.0]",0.028198419138789177,-0.13743549585342407,0.006121550686657429,1.0239590406417847,1.0335440635681152,0.16946041584014893,4.429710474878926,7.424467538427851
2350,2350,26,zero_hold,2,"[0.0, 0.0, 0.0, 0.0]",0.055901460349559784,-0.08679883182048798,0.0003538578748703003,1.0282363891601562,1.0334066152572632,0.05816435441374779,7.424467538427851,10.292149211797708
2350,2350,26,zero_hold,3,"[0.0, 0.0, 0.0, 0.0]",-0.04294872283935547,-0.04262277111411095,-0.002919205464422703,1.0150139331817627,1.0168200731277466,0.10912574827671051,10.292149211797708,12.970842088464618
2350,2350,26,target_ahead,0,"[0.0, 0.0, 0.0, 0.0]",0.9832322001457214,-0.5355983376502991,-0.020879197865724564,1.0985338687896729,1.5687012672424316,0.0,0.0,8.18647186040843
2350,2350,26,target_ahead,1,"[0.009999999776482582, 0.0, 0.0, 0.0]",1.2945505380630493,-0.23637405037879944,-0.0351002961397171,1.008202314376831,1.6581429243087769,0.44137999415397644,8.18647186040843,12.124161313363723
2350,2350,26,target_ahead,2,"[0.019999999552965164, 0.0, 0.0, 0.0]",1.2176852226257324,-0.3165416419506073,-0.03016730397939682,1.005198359489441,1.6106798648834229,0.11121366173028946,12.124161313363723,15.502173473167275
2350,2350,26,target_ahead,3,"[0.029999999329447746, 0.0, 0.0, 0.0]",0.8996593356132507,-0.38042017817497253,-0.02536887675523758,1.0067163705825806,1.4029353857040405,0.32441678643226624,15.502173473167275,18.927125652287767
2350,2350,26,target_left,0,"[0.0, 0.0, 0.0, 0.0]",-0.22935105860233307,-0.39421242475509644,0.003727504052221775,1.106532335281372,1.196842908859253,0.0,0.0,7.321309019824827
2350,2350,26,target_left,1,"[0.009999999776482582, 0.0, 0.0, 0.0]",-0.2891719937324524,-0.3112591803073883,-0.004812139086425304,1.0736720561981201,1.1546850204467773,0.10776134580373764,7.321309019824827,11.820092727002232
2350,2350,26,target_left,2,"[0.019999999552965164, 0.0, 0.0, 0.0]",-0.26463568210601807,-0.31261929869651794,-0.004555373452603817,1.0656251907348633,1.1416394710540771,0.025859205052256584,11.820092727002232,16.10270961577401
2350,2350,26,target_left,3,"[0.029999999329447746, 0.0, 0.0, 0.0]",-0.2237643599510193,-0.3185512125492096,-0.004445218481123447,1.062685489654541,1.1317533254623413,0.04140418395400047,16.10270961577401,20.20174104680428
2350,2350,26,ramp,0,"[-0.5, -0.4333333373069763, -0.36666667461395264, -0.30000001192092896]",-0.7922954559326172,-0.74605393409729,0.0032417764887213707,0.9988546967506409,1.477176308631897,0.0,0.0,9.914457092551878
2350,2350,26,ramp,1,"[-0.47999998927116394, -0.41333332657814026, -0.3466666638851166, -0.2800000011920929]",-0.7563717365264893,-0.7327383756637573,0.0046088676899671555,1.00315260887146,1.454420804977417,0.03857665881514549,9.914457092551878,15.244645370060521
2350,2350,26,ramp,2,"[-0.46000000834465027, -0.3933333456516266, -0.3266666829586029, -0.2600000202655792]",-0.8368313908576965,-0.7659165263175964,0.005411970429122448,1.0082626342773438,1.517741084098816,0.08718544989824295,15.244645370060521,20.662961340375226
2350,2350,26,ramp,3,"[-0.4399999976158142, -0.3733333349227905, -0.30666667222976685, -0.24000000953674316]",-0.8564923405647278,-0.7751498222351074,0.004358894191682339,1.0168709754943848,1.538987398147583,0.023388441652059555,20.662961340375226,26.087473102349726
2375,2375,26,zero_hold,0,"[0.0, 0.0, 0.0, 0.0]",0.03882431238889694,-0.14194457232952118,0.011494101956486702,0.8552041053771973,0.8678489327430725,0.0,0.0,4.419351064701643
2375,2375,26,zero_hold,1,"[0.0, 0.0, 0.0, 0.0]",0.024629531428217888,-0.13904523849487305,0.009276330471038818,1.023949146270752,1.0336817502975464,0.16938036680221558,4.419351064701643,7.414710899293458
2375,2375,26,zero_hold,2,"[0.0, 0.0, 0.0, 0.0]",0.05413707345724106,-0.08984079957008362,0.0036343708634376526,1.0267916917800903,1.0321416854858398,0.057720739394426346,7.414710899293458,10.286786677669156
2375,2375,26,zero_hold,3,"[0.0, 0.0, 0.0, 0.0]",-0.04308890551328659,-0.04732666537165642,0.00012206379324197769,1.0130280256271362,1.0150479078292847,0.10706127434968948,10.286786677669156,12.969570122049955
2375,2375,26,target_ahead,0,"[0.0, 0.0, 0.0, 0.0]",0.9783117175102234,-0.5364582538604736,-0.014971869997680187,1.1026173830032349,1.5687161684036255,0.0,0.0,8.18387816996389
2375,2375,26,target_ahead,1,"[0.009999999776482582, 0.0, 0.0, 0.0]",1.2904572486877441,-0.24000206589698792,-0.02884482964873314,1.0071473121643066,1.6547080278396606,0.4411667585372925,8.18387816996389,12.117969582140278
2375,2375,26,target_ahead,2,"[0.019999999552965164, 0.0, 0.0, 0.0]",1.2191554307937622,-0.3180396258831024,-0.023790668696165085,1.0021767616271973,1.6100972890853882,0.10594367235898972,12.117969582140278,15.495700318145605
2375,2375,26,target_ahead,3,"[0.029999999329447746, 0.0, 0.0, 0.0]",0.911043107509613,-0.3804444968700409,-0.01879843696951866,1.0024007558822632,1.4070885181427002,0.31440824270248413,15.495700318145605,18.920243086845726
2375,2375,26,target_left,0,"[0.0, 0.0, 0.0, 0.0]",-0.2338235080242157,-0.39683449268341064,0.005926681216806173,1.1094366312026978,1.2012642621994019,0.0,0.0,7.317637673995843
2375,2375,26,target_left,1,"[0.009999999776482582, 0.0, 0.0, 0.0]",-0.2871556878089905,-0.3189222812652588,-0.002752566710114479,1.0765941143035889,1.1589789390563965,0.10034238547086716,7.317637673995843,11.821842173288218
2375,2375,26,target_left,2,"[0.019999999552965164, 0.0, 0.0, 0.0]",-0.2572619915008545,-0.32205745577812195,-0.003114929422736168,1.0685198307037354,1.1452724933624268,0.031125355511903763,11.821842173288218,16.10723166014932
2375,2375,26,target_left,3,"[0.029999999329447746, 0.0, 0.0, 0.0]",-0.21733218431472778,-0.32852068543434143,-0.003203197382390499,1.0656805038452148,1.1361533403396606,0.040549136698246,16.10723166014932,20.209356150521398
2375,2375,26,ramp,0,"[-0.5, -0.4333333373069763, -0.36666667461395264, -0.30000001192092896]",-0.7887559533119202,-0.7435088753700256,0.0011134976521134377,1.007198452949524,1.4796591997146606,0.0,0.0,9.913837669303168
2375,2375,26,ramp,1,"[-0.47999998927116394, -0.41333332657814026, -0.3466666638851166, -0.2800000011920929]",-0.7604367136955261,-0.7326452732086182,0.002521275542676449,1.0081024169921875,1.4599006175994873,0.03037756122648716,9.913837669303168,15.24523953074325
2375,2375,26,ramp,2,"[-0.46000000834465027, -0.3933333456516266, -0.3266666829586029, -0.2600000202655792]",-0.8379821181297302,-0.7652785181999207,0.003023662604391575,1.0114960670471191,1.5201969146728516,0.08420206606388092,15.24523953074325,20.661957117974012
2375,2375,26,ramp,3,"[-0.4399999976158142, -0.3733333349227905, -0.30666667222976685, -0.24000000953674316]",-0.858145534992218,-0.7743726968765259,0.0019623106345534325,1.019517183303833,1.5412611961364746,0.023552754893898964,20.661957117974012,26.08480215203869
2400,2400,26,zero_hold,0,"[0.0, 0.0, 0.0, 0.0]",0.0414719358086586,-0.14275403320789337,0.011435747146606445,0.8574763536453247,0.870341956615448,0.0,0.0,4.441576818610197
2400,2400,26,zero_hold,1,"[0.0, 0.0, 0.0, 0.0]",0.023329593241214752,-0.1376507729291916,0.009537046775221825,1.0246312618255615,1.0341432094573975,0.16822472214698792,4.441576818610197,7.441847141995596
2400,2400,26,zero_hold,2,"[0.0, 0.0, 0.0, 0.0]",0.05112574249505997,-0.08630113303661346,0.004523300565779209,1.026439905166626,1.0313395261764526,0.058632928878068924,7.441847141995596,10.31786890387144
2400,2400,26,zero_hold,3,"[0.0, 0.0, 0.0, 0.0]",-0.04730873554944992,-0.0427805595099926,0.0013456307351589203,1.011649250984192,1.013658881187439,0.10868416726589203,10.31786890387144,13.005241387962378
2400,2400,26,target_ahead,0,"[0.0, 0.0, 0.0, 0.0]",0.9787659049034119,-0.5314598679542542,-0.014499756507575512,1.1027820110321045,1.5674089193344116,0.0,0.0,8.177648950181522
2400,2400,26,target_ahead,1,"[0.009999999776482582, 0.0, 0.0, 0.0]",1.2881851196289062,-0.2308606058359146,-0.02713046595454216,1.0072870254516602,1.6516902446746826,0.44201695919036865,8.177648950181522,12.106858339484683
2400,2400,26,target_ahead,2,"[0.019999999552965164, 0.0, 0.0, 0.0]",1.2300710678100586,-0.308270126581192,-0.021488625556230545,1.0003854036331177,1.615344524383545,0.09720565378665924,12.106858339484683,15.485566794275236
2400,2400,26,target_ahead,3,"[0.029999999329447746, 0.0, 0.0, 0.0]",0.9272815585136414,-0.3698177933692932,-0.016663525253534317,0.9993734359741211,1.412671685218811,0.30902087688446045,15.485566794275236,18.907036517049878
2400,2400,26,target_left,0,"[0.0, 0.0, 0.0, 0.0]",-0.23909255862236023,-0.3909294903278351,0.007065652869641781,1.104899287223816,1.196178674697876,0.0,0.0,7.318839344741239
2400,2400,26,target_left,1,"[0.009999999776482582, 0.0, 0.0, 0.0]",-0.29479169845581055,-0.30983754992485046,-0.0017912350594997406,1.0713436603546143,1.1535518169403076,0.10432028025388718,7.318839344741239,11.819901797686736
2400,2400,26,target_left,2,"[0.019999999552965164, 0.0, 0.0, 0.0]",-0.26660582423210144,-0.31375232338905334,-0.0021791690960526466,1.0628998279571533,1.139859676361084,0.029685312882065773,11.819901797686736,16.102642306637247
2400,2400,26,target_left,3,"[0.029999999329447746, 0.0, 0.0, 0.0]",-0.22598090767860413,-0.3207245171070099,-0.0022646458819508553,1.0600879192352295,1.130364179611206,0.041314758360385895,16.102642306637247,20.204159778695352
2400,2400,26,ramp,0,"[-0.5, -0.4333333373069763, -0.36666667461395264, -0.30000001192092896]",-0.7703391909599304,-0.7449979186058044,0.0032071396708488464,0.994081974029541,1.461729645729065,0.0,0.0,9.92120681936475
2400,2400,26,ramp,1,"[-0.47999998927116394, -0.41333332657814026, -0.3466666638851166, -0.2800000011920929]",-0.7405253052711487,-0.7333343029022217,0.0038267802447080612,0.996924638748169,1.4422310590744019,0.032146111130714417,9.92120681936475,15.255283902144797
2400,2400,26,ramp,2,"[-0.46000000834465027, -0.3933333456516266, -0.3266666829586029, -0.2600000202655792]",-0.8195062279701233,-0.7646138668060303,0.004330751486122608,1.001204013824463,1.5028815269470215,0.08505859225988388,15.255283902144797,20.66809772847422
2400,2400,26,ramp,3,"[-0.4399999976158142, -0.3733333349227905, -0.30666667222976685, -0.24000000953674316]",-0.8406113982200623,-0.7732905149459839,0.0032364968210458755,1.009068489074707,1.5240851640701294,0.024161120876669884,20.66809772847422,26.087901698655187
2425,2425,26,zero_hold,0,"[0.0, 0.0, 0.0, 0.0]",0.043469227850437164,-0.14452598989009857,0.0077716694213449955,0.8562740087509155,0.8695073127746582,0.0,0.0,4.429168772062409
2425,2425,26,zero_hold,1,"[0.0, 0.0, 0.0, 0.0]",0.027152011170983315,-0.14051242172718048,0.004886137321591377,1.023512601852417,1.0334810018539429,0.16810542345046997,4.429168772062409,7.429788151092708
2425,2425,26,zero_hold,2,"[0.0, 0.0, 0.0, 0.0]",0.050182752311229706,-0.09000662714242935,0.0003443406894803047,1.025926947593689,1.0310895442962646,0.055746812373399734,7.429788151092708,10.309967442757655
2425,2425,26,zero_hold,3,"[0.0, 0.0, 0.0, 0.0]",-0.05228313058614731,-0.04634883254766464,-0.0022518765181303024,1.0123236179351807,1.0147343873977661,0.11223658919334412,10.309967442757655,13.005811062357592
2425,2425,26,target_ahead,0,"[0.0, 0.0, 0.0, 0.0]",0.9694884419441223,-0.5311962962150574,-0.020379293709993362,1.1068743467330933,1.5645010471343994,0.0,0.0,8.17462951461773
2425,2425,26,target_ahead,1,"[0.009999999776482582, 0.0, 0.0, 0.0]",1.2816802263259888,-0.23417142033576965,-0.03436335548758507,1.008795142173767,1.6481471061706543,0.44215673208236694,8.17462951461773,12.101771268608486
2425,2425,26,target_ahead,2,"[0.019999999552965164, 0.0, 0.0, 0.0]",1.2286908626556396,-0.30997517704963684,-0.03101367875933647,1.0025224685668945,1.6160999536514282,0.09276124835014343,12.101771268608486,15.482621070017062
2425,2425,26,target_ahead,3,"[0.029999999329447746, 0.0, 0.0, 0.0]",0.928559422492981,-0.3715471923351288,-0.026635192334651947,1.000844955444336,1.4151571989059448,0.30641797184944153,15.482621070017062,18.899973206396627
2425,2425,26,target_left,0,"[0.0, 0.0, 0.0, 0.0]",-0.23067119717597961,-0.39714547991752625,0.002833280712366104,1.1098123788833618,1.201093316078186,0.0,0.0,7.304765248226724
2425,2425,26,target_left,1,"[0.009999999776482582, 0.0, 0.0, 0.0]",-0.280963659286499,-0.32015857100486755,-0.0036068251356482506,1.076306700706482,1.1575367450714111,0.0980837494134903,7.304765248226724,11.795164836368649
2425,2425,26,target_left,2,"[0.019999999552965164, 0.0, 0.0, 0.0]",-0.2505142390727997,-0.32297950983047485,-0.0033106179907917976,1.068442702293396,1.143964171409607,0.03157617896795273,11.795164836368649,16.07787945038835
2425,2425,26,target_left,3,"[0.029999999329447746, 0.0, 0.0, 0.0]",-0.21315912902355194,-0.32893577218055725,-0.0032435720786452293,1.0654637813568115,1.1352792978286743,0.03794416785240173,16.07787945038835,20.17902528905548
2425,2425,26,ramp,0,"[-0.5, -0.4333333373069763, -0.36666667461395264, -0.30000001192092896]",-0.773808479309082,-0.750713050365448,0.0009559439495205879,1.0109833478927612,1.4779844284057617,0.0,0.0,9.918457932400932
2425,2425,26,ramp,1,"[-0.47999998927116394, -0.41333332657814026, -0.3466666638851166, -0.2800000011920929]",-0.7443380355834961,-0.7414311170578003,0.003161471337080002,1.0123772621154785,1.4589985609054565,0.031007559970021248,9.918457932400932,15.247385638581463
2425,2425,26,ramp,2,"[-0.46000000834465027, -0.3933333456516266, -0.3266666829586029, -0.2600000202655792]",-0.8207750916481018,-0.7723109126091003,0.0035951174795627594,1.0174800157546997,1.5183591842651367,0.08259789645671844,15.247385638581463,20.65806137022524
2425,2425,26,ramp,3,"[-0.4399999976158142, -0.3733333349227905, -0.30666667222976685, -0.24000000953674316]",-0.8424117565155029,-0.7810040712356567,0.0025139106437563896,1.0254266262054443,1.539847731590271,0.024658342823386192,20.65806137022524,26.075739662038707
2450,2450,26,zero_hold,0,"[0.0, 0.0, 0.0, 0.0]",0.04169495403766632,-0.1468253880739212,0.007820090278983116,0.8542234897613525,0.8677874803543091,0.0,0.0,4.426081420532397
2450,2450,26,zero_hold,1,"[0.0, 0.0, 0.0, 0.0]",0.024172933772206306,-0.14314240217208862,0.005123515613377094,1.0220633745193481,1.0323342084884644,0.16881375014781952,4.426081420532397,7.4287348499946395
2450,2450,26,zero_hold,2,"[0.0, 0.0, 0.0, 0.0]",0.04531978815793991,-0.09256142377853394,0.0010034050792455673,1.0256742238998413,1.030839443206787,0.05509662628173828,7.4287348499946395,10.314846078639565
2450,2450,26,zero_hold,3,"[0.0, 0.0, 0.0, 0.0]",-0.05522206425666809,-0.050046518445014954,-0.0014804815873503685,1.013041615486145,1.0157803297042847,0.10991784930229187,10.314846078639565,13.020845958540914
2450,2450,26,target_ahead,0,"[0.0, 0.0, 0.0, 0.0]",0.9763785600662231,-0.5309063196182251,-0.01827055588364601,1.0980066061019897,1.5624113082885742,0.0,0.0,8.185025689234031
2450,2450,26,target_ahead,1,"[0.009999999776482582, 0.0, 0.0, 0.0]",1.29020094871521,-0.23465664684772491,-0.03173935040831566,1.0024323463439941,1.6509270668029785,0.4422264099121094,8.185025689234031,12.118938819360263
2450,2450,26,target_ahead,2,"[0.019999999552965164, 0.0, 0.0, 0.0]",1.2247650623321533,-0.3139779567718506,-0.028278116136789322,0.9978480935096741,1.6109414100646973,0.10298893600702286,12.118938819360263,15.508379765263674
2450,2450,26,target_ahead,3,"[0.029999999329447746, 0.0, 0.0, 0.0]",0.9170860648155212,-0.37959450483322144,-0.023387450724840164,0.9971978068351746,1.4071564674377441,0.3146366775035858,15.508379765263674,18.937710607868887
2450,2450,26,target_left,0,"[0.0, 0.0, 0.0, 0.0]",-0.2273034304380417,-0.40054190158843994,0.002233256585896015,1.1073354482650757,1.19929039478302,0.0,0.0,7.305939062906814
2450,2450,26,target_left,1,"[0.009999999776482582, 0.0, 0.0, 0.0]",-0.28184157609939575,-0.3199470043182373,-0.002982599660754204,1.0736480951309204,1.155218482017517,0.10311154276132584,7.305939062906814,11.802744297453035
2450,2450,26,target_left,2,"[0.019999999552965164, 0.0, 0.0, 0.0]",-0.25624269247055054,-0.321191668510437,-0.002324421890079975,1.0669161081314087,1.143302083015442,0.0265066958963871,11.802744297453035,16.093679562115163
2450,2450,26,target_left,3,"[0.029999999329447746, 0.0, 0.0, 0.0]",-0.21913281083106995,-0.3270561993122101,-0.0021771425381302834,1.0645442008972168,1.135008454322815,0.037645500153303146,16.093679562115163,20.203777705727187
2450,2450,26,ramp,0,"[-0.5, -0.4333333373069763, -0.36666667461395264, -0.30000001192092896]",-0.7876235246658325,-0.7617773413658142,-0.0016236957162618637,1.0081464052200317,1.4889652729034424,0.0,0.0,9.924186022532659
2450,2450,26,ramp,1,"[-0.47999998927116394, -0.41333332657814026, -0.3466666638851166, -0.2800000011920929]",-0.7595009803771973,-0.7496004700660706,0.0010109515860676765,1.0109362602233887,1.4699441194534302,0.030884921550750732,9.924186022532659,15.255533896353404
2450,2450,26,ramp,2,"[-0.46000000834465027, -0.3933333456516266, -0.3266666829586029, -0.2600000202655792]",-0.8312063217163086,-0.7797203660011292,0.0019869012758135796,1.0150352716445923,1.5261613130569458,0.07788850367069244,15.255533896353404,20.679947294018493
2450,2450,26,ramp,3,"[-0.4399999976158142, -0.3733333349227905, -0.30666667222976685, -0.24000000953674316]",-0.851596474647522,-0.7880235314369202,0.0009926529601216316,1.022359013557434,1.5464205741882324,0.023223407566547394,20.679947294018493,26.112141907992584
2475,2475,26,zero_hold,0,"[0.0, 0.0, 0.0, 0.0]",0.04946991056203842,-0.14686962962150574,0.00918604526668787,0.8536665439605713,0.8676686882972717,0.0,0.0,4.426197365470259
2475,2475,26,zero_hold,1,"[0.0, 0.0, 0.0, 0.0]",0.03006988763809204,-0.14239487051963806,0.005672239698469639,1.0200798511505127,1.030424952507019,0.16763687133789062,4.426197365470259,7.427228085016895
2475,2475,26,zero_hold,2,"[0.0, 0.0, 0.0, 0.0]",0.04589074105024338,-0.09121115505695343,0.0010251877829432487,1.022626280784607,1.0277116298675537,0.05383448302745819,7.427228085016895,10.308820032914172
2475,2475,26,zero_hold,3,"[0.0, 0.0, 0.0, 0.0]",-0.05615098029375076,-0.047630470246076584,-0.0017058253288269043,1.0095481872558594,1.0122312307357788,0.11175993829965591,10.308820032914172,13.013820215025714
2475,2475,26,target_ahead,0,"[0.0, 0.0, 0.0, 0.0]",0.9729762673377991,-0.5318289995193481,-0.012208358384668827,1.0935620069503784,1.5574183464050293,0.0,0.0,8.169304041985857
2475,2475,26,target_ahead,1,"[0.009999999776482582, 0.0, 0.0, 0.0]",1.288041591644287,-0.23224161565303802,-0.027293611317873,1.0003172159194946,1.6475335359573364,0.44490548968315125,8.169304041985857,12.110501606698596
2475,2475,26,target_ahead,2,"[0.019999999552965164, 0.0, 0.0, 0.0]",1.2256946563720703,-0.30993005633354187,-0.023092810064554214,0.993911623954773,1.6083462238311768,0.09990651905536652,12.110501606698596,15.494995335417299
2475,2475,26,target_ahead,3,"[0.029999999329447746, 0.0, 0.0, 0.0]",0.9166174530982971,-0.3762475550174713,-0.018213126808404922,0.9925132989883423,1.402556300163269,0.3161526322364807,15.494995335417299,18.922228424956266
2475,2475,26,target_left,0,"[0.0, 0.0, 0.0, 0.0]",-0.21533241868019104,-0.4024721384048462,0.003666120581328869,1.1037300825119019,1.1943975687026978,0.0,0.0,7.293860608477374
2475,2475,26,target_left,1,"[0.009999999776482582, 0.0, 0.0, 0.0]",-0.2726247012615204,-0.3205353021621704,-0.003994396887719631,1.0706309080123901,1.1503623723983765,0.1055949330329895,7.293860608477374,11.785894188693364
2475,2475,26,target_left,2,"[0.019999999552965164, 0.0, 0.0, 0.0]",-0.255064457654953,-0.3197823762893677,-0.0036594634875655174,1.0636014938354492,1.1395525932312012,0.018932878971099854,11.785894188693364,16.07356284064617
2475,2475,26,target_left,3,"[0.029999999329447746, 0.0, 0.0, 0.0]",-0.21950340270996094,-0.3250211775302887,-0.003538302145898342,1.0611668825149536,1.1313302516937256,0.03602743148803711,16.07356284064617,20.181187215909407
2475,2475,26,ramp,0,"[-0.5, -0.4333333373069763, -0.36666667461395264, -0.30000001192092896]",-0.7702643275260925,-0.7570040822029114,-0.0007832692936062813,1.0103490352630615,1.4789077043533325,0.0,0.0,9.919195676764646
2475,2475,26,ramp,1,"[-0.47999998927116394, -0.41333332657814026, -0.3466666638851166, -0.2800000011920929]",-0.7397972941398621,-0.7442920207977295,0.00015081465244293213,1.0120264291763306,1.4578986167907715,0.0330684557557106,9.919195676764646,15.250585840567698
2475,2475,26,ramp,2,"[-0.46000000834465027, -0.3933333456516266, -0.3266666829586029, -0.2600000202655792]",-0.8143951296806335,-0.7739801406860352,0.0011547934263944626,1.0164703130722046,1.5150901079177856,0.08041752129793167,15.250585840567698,20.677058086077214
2475,2475,26,ramp,3,"[-0.4399999976158142, -0.3733333349227905, -0.30666667222976685, -0.24000000953674316]",-0.83527010679245,-0.7823988795280457,0.00032931845635175705,1.023797631263733,1.5355733633041382,0.023685667663812637,20.677058086077214,26.110495508489688
2500,2500,26,zero_hold,0,"[0.0, 0.0, 0.0, 0.0]",0.045080967247486115,-0.14452603459358215,0.007595700677484274,0.8538611531257629,0.8672119975090027,0.0,0.0,4.41960279327392
2500,2500,26,zero_hold,1,"[0.0, 0.0, 0.0, 0.0]",0.024755049496889114,-0.13926051557064056,0.003967405296862125,1.0207993984222412,1.030559778213501,0.16829262673854828,4.41960279327392,7.4138361371352826
2500,2500,26,zero_hold,2,"[0.0, 0.0, 0.0, 0.0]",0.045185185968875885,-0.08867322653532028,-0.0001288866624236107,1.0230530500411987,1.0278823375701904,0.05475694313645363,7.4138361371352826,10.2898887112192
2500,2500,26,zero_hold,3,"[0.0, 0.0, 0.0, 0.0]",-0.052135907113552094,-0.04647357761859894,-0.0026403358206152916,1.0095969438552856,1.01201331615448,0.10695596784353256,10.2898887112192,12.987940768175731
2500,2500,26,target_ahead,0,"[0.0, 0.0, 0.0, 0.0]",0.9754853248596191,-0.526475727558136,-0.015275390818715096,1.1011059284210205,1.5625030994415283,0.0,0.0,8.180791858998678
2500,2500,26,target_ahead,1,"[0.009999999776482582, 0.0, 0.0, 0.0]",1.2907662391662598,-0.2292332947254181,-0.029975347220897675,1.0040357112884521,1.6515482664108276,0.44429025053977966,8.180791858998678,12.11034681339667
2500,2500,26,target_ahead,2,"[0.019999999552965164, 0.0, 0.0, 0.0]",1.2167924642562866,-0.3042207360267639,-0.026237111538648605,0.9988722801208496,1.6036109924316406,0.1055266335606575,12.11034681339667,15.494450636388615
2500,2500,26,target_ahead,3,"[0.029999999329447746, 0.0, 0.0, 0.0]",0.9076471924781799,-0.36792638897895813,-0.021626066416502,0.9996203184127808,1.3996076583862305,0.3156755268573761,15.494450636388615,18.924517716806093
2500,2500,26,target_left,0,"[0.0, 0.0, 0.0, 0.0]",-0.2163538932800293,-0.40065059065818787,0.0032773660495877266,1.105471134185791,1.1955780982971191,0.0,0.0,7.2966993009798
2500,2500,26,target_left,1,"[0.009999999776482582, 0.0, 0.0, 0.0]",-0.271477073431015,-0.31956249475479126,-0.004536360502243042,1.070457935333252,1.1496611833572388,0.10440700501203537,7.2966993009798,11.7871489963962
2500,2500,26,target_left,2,"[0.019999999552965164, 0.0, 0.0, 0.0]",-0.24810349941253662,-0.31982922554016113,-0.003925252705812454,1.0628653764724731,1.1373409032821655,0.02458486333489418,11.7871489963962,16.07198167789765
2500,2500,26,target_left,3,"[0.029999999329447746, 0.0, 0.0, 0.0]",-0.210889995098114,-0.3253868818283081,-0.0036564990878105164,1.0604311227798462,1.1291053295135498,0.037705838680267334,16.07198167789765,20.173975153851554
2500,2500,26,ramp,0,"[-0.5, -0.4333333373069763, -0.36666667461395264, -0.30000001192092896]",-0.7879651784896851,-0.7503131628036499,-0.0012392569333314896,1.0085535049438477,1.4835904836654663,0.0,0.0,9.921598375695167
2500,2500,26,ramp,1,"[-0.47999998927116394, -0.41333332657814026, -0.3466666638851166, -0.2800000011920929]",-0.7569776177406311,-0.7389899492263794,-0.000749620608985424,1.0081366300582886,1.4613218307495117,0.032997842878103256,9.921598375695167,15.244093394138538
2500,2500,26,ramp,2,"[-0.46000000834465027, -0.3933333456516266, -0.3266666829586029, -0.2600000202655792]",-0.8286157250404358,-0.7684779167175293,0.0003321608528494835,1.0128713846206665,1.5175871849060059,0.07762182503938675,15.244093394138538,20.66585520567298
2500,2500,26,ramp,3,"[-0.4399999976158142, -0.3733333349227905, -0.30666667222976685, -0.24000000953674316]",-0.8489276766777039,-0.7767521142959595,-0.0003809267655014992,1.0206536054611206,1.5381014347076416,0.02328323759138584,20.66585520567298,26.093166239898828
2525,2525,26,zero_hold,0,"[0.0, 0.0, 0.0, 0.0]",0.048276662826538086,-0.14686593413352966,0.01165096927434206,0.8556484580039978,0.8695805072784424,0.0,0.0,4.428584740886227
2525,2525,26,zero_hold,1,"[0.0, 0.0, 0.0, 0.0]",0.03505982458591461,-0.13996335864067078,0.010974021628499031,1.018614411354065,1.028841495513916,0.1636480689048767,4.428584740886227,7.424953522011924
2525,2525,26,zero_hold,2,"[0.0, 0.0, 0.0, 0.0]",0.0540090948343277,-0.089235819876194,0.007785974070429802,1.0189591646194458,1.0243136882781982,0.05424611270427704,7.424953522011924,10.305855622099392
2525,2525,26,zero_hold,3,"[0.0, 0.0, 0.0, 0.0]",-0.04762610048055649,-0.04840598255395889,0.005414689891040325,1.0049970149993896,1.0073031187057495,0.11044162511825562,10.305855622099392,13.004686523238819
2525,2525,26,target_ahead,0,"[0.0, 0.0, 0.0, 0.0]",0.9766696691513062,-0.5222791433334351,-0.014397131279110909,1.1066710948944092,1.5657545328140259,0.0,0.0,8.188417087823426
2525,2525,26,target_ahead,1,"[0.009999999776482582, 0.0, 0.0, 0.0]",1.28498375415802,-0.22552445530891418,-0.026680180802941322,1.0036466121673584,1.6462268829345703,0.44032469391822815,8.188417087823426,12.12157737154021
2525,2525,26,target_ahead,2,"[0.019999999552965164, 0.0, 0.0, 0.0]",1.1962274312973022,-0.30648937821388245,-0.022128811106085777,0.9992914795875549,1.5887004137039185,0.1203024759888649,12.12157737154021,15.510320978743566
2525,2525,26,target_ahead,3,"[0.029999999329447746, 0.0, 0.0, 0.0]",0.8676199316978455,-0.37322747707366943,-0.01719116047024727,1.0002870559692383,1.3758389949798584,0.33535391092300415,15.510320978743566,18.94744761675733
2525,2525,26,target_left,0,"[0.0, 0.0, 0.0, 0.0]",-0.21279387176036835,-0.4040137529373169,0.007085183169692755,1.1025965213775635,1.19343101978302,0.0,0.0,7.30232465307754
2525,2525,26,target_left,1,"[0.009999999776482582, 0.0, 0.0, 0.0]",-0.2631857395172119,-0.32188156247138977,-0.00032577477395534515,1.0649750232696533,1.1432613134384155,0.1037079319357872,7.30232465307754,11.793138196652981
2525,2525,26,target_left,2,"[0.019999999552965164, 0.0, 0.0, 0.0]",-0.23718388378620148,-0.32242482900619507,7.319077849388123e-05,1.0574524402618408,1.1306722164154053,0.027076559141278267,11.793138196652981,16.06928210516314
2525,2525,26,target_left,3,"[0.029999999329447746, 0.0, 0.0, 0.0]",-0.20320077240467072,-0.327980101108551,0.0002479664981365204,1.055180311203003,1.1235065460205078,0.034509506076574326,16.06928210516314,20.16212998617224
2525,2525,26,ramp,0,"[-0.5, -0.4333333373069763, -0.36666667461395264, -0.30000001192092896]",-0.7807502746582031,-0.7575229406356812,-0.0012702560052275658,1.011128306388855,1.4851915836334229,0.0,0.0,9.925057312882238
2525,2525,26,ramp,1,"[-0.47999998927116394, -0.41333332657814026, -0.3466666638851166, -0.2800000011920929]",-0.7425272464752197,-0.7459627389907837,-0.0006053578108549118,1.0044748783111572,1.4549148082733154,0.04048886522650719,9.925057312882238,15.253231449233693
2525,2525,26,ramp,2,"[-0.46000000834465027, -0.3933333456516266, -0.3266666829586029, -0.2600000202655792]",-0.8132915496826172,-0.7770082950592041,0.0002316189929842949,1.0089545249938965,1.5110176801681519,0.07740917801856995,15.253231449233693,20.683111125159183
2525,2525,26,ramp,3,"[-0.4399999976158142, -0.3733333349227905, -0.30666667222976685, -0.24000000953674316]",-0.8326651453971863,-0.7856433391571045,-0.0006187763065099716,1.0165977478027344,1.5310251712799072,0.02256196364760399,20.683111125159183,26.112772785710355
2550,2550,26,zero_hold,0,"[0.0, 0.0, 0.0, 0.0]",0.040363144129514694,-0.14389298856258392,0.012153428979218006,0.8562087416648865,0.8692384362220764,0.0,0.0,4.4257343158847355
2550,2550,26,zero_hold,1,"[0.0, 0.0, 0.0, 0.0]",0.027270440012216568,-0.13563475012779236,0.010959872044622898,1.022554874420166,1.0319297313690186,0.16706907749176025,4.4257343158847355,7.426378260264638
2550,2550,26,zero_hold,2,"[0.0, 0.0, 0.0, 0.0]",0.0487593375146389,-0.08405843377113342,0.007420466747134924,1.025977611541748,1.030596137046814,0.05609038844704628,7.426378260264638,10.308604276626484
2550,2550,26,zero_hold,3,"[0.0, 0.0, 0.0, 0.0]",-0.052997518330812454,-0.042869944125413895,0.004923836328089237,1.014070749282837,1.0163711309432983,0.11044888198375702,10.308604276626484,13.007306645041373
2550,2550,26,target_ahead,0,"[0.0, 0.0, 0.0, 0.0]",0.9808750748634338,-0.5239023566246033,-0.015322359278798103,1.1024177074432373,1.5659339427947998,0.0,0.0,8.196423591456943
2550,2550,26,target_ahead,1,"[0.009999999776482582, 0.0, 0.0, 0.0]",1.2876125574111938,-0.22406886518001556,-0.028378309682011604,1.0040876865386963,1.6483781337738037,0.4402581453323364,8.196423591456943,12.130422319646222
2550,2550,26,target_ahead,2,"[0.019999999552965164, 0.0, 0.0, 0.0]",1.2117308378219604,-0.3049160838127136,-0.024039605632424355,1.0007201433181763,1.601025938987732,0.11101564019918442,12.130422319646222,15.520602417271883
2550,2550,26,target_ahead,3,"[0.029999999329447746, 0.0, 0.0, 0.0]",0.8884255886077881,-0.3718014061450958,-0.019261570647358894,1.0021166801452637,1.3900163173675537,0.33018890023231506,15.520602417271883,18.955785179046078
2550,2550,26,target_left,0,"[0.0, 0.0, 0.0, 0.0]",-0.2200038731098175,-0.40116623044013977,0.007990908809006214,1.1070973873138428,1.197941780090332,0.0,0.0,7.299597753679433
2550,2550,26,target_left,1,"[0.009999999776482582, 0.0, 0.0, 0.0]",-0.2660149335861206,-0.3180237114429474,0.0003778776153922081,1.0717830657958984,1.1491832733154297,0.10166000574827194,7.299597753679433,11.79384808255377
2550,2550,26,target_left,2,"[0.019999999552965164, 0.0, 0.0, 0.0]",-0.2431226670742035,-0.31911414861679077,0.0010867863893508911,1.0652587413787842,1.1382969617843628,0.023839343339204788,11.79384808255377,16.07644999823502
2550,2550,26,target_left,3,"[0.029999999329447746, 0.0, 0.0, 0.0]",-0.20755131542682648,-0.3249853253364563,0.0013299481943249702,1.063083529472351,1.1308586597442627,0.0361190028488636,16.07644999823502,20.177649889474363
2550,2550,26,ramp,0,"[-0.5, -0.4333333373069763, -0.36666667461395264, -0.30000001192092896]",-0.7894132733345032,-0.7557715177536011,0.0031560324132442474,1.011237382888794,1.4889509677886963,0.0,0.0,9.924245038866964
2550,2550,26,ramp,1,"[-0.47999998927116394, -0.41333332657814026, -0.3466666638851166, -0.2800000011920929]",-0.7491959929466248,-0.7473135590553284,0.0035669244825839996,1.0085046291351318,1.4618024826049805,0.04118984565138817,9.924245038866964,15.26296966891105
2550,2550,26,ramp,2,"[-0.46000000834465027, -0.3933333456516266, -0.3266666829586029, -0.2600000202655792]",-0.8182925581932068,-0.7795300483703613,0.004083532840013504,1.0137513875961304,1.518215537071228,0.07642010599374771,15.26296966891105,20.70363323173067
2550,2550,26,ramp,3,"[-0.4399999976158142, -0.3733333349227905, -0.30666667222976685, -0.24000000953674316]",-0.8362417221069336,-0.7887156009674072,0.003120897337794304,1.0219018459320068,1.538072109222412,0.0217693243175745,20.70363323173067,26.145858793377098
2575,2575,26,zero_hold,0,"[0.0, 0.0, 0.0, 0.0]",0.039322465658187866,-0.14793601632118225,0.006789693608880043,0.8532029390335083,0.8668521642684937,0.0,0.0,4.433502936965986
2575,2575,26,zero_hold,1,"[0.0, 0.0, 0.0, 0.0]",0.023711921647191048,-0.14019426703453064,0.005097543820738792,1.0176963806152344,1.0275936126708984,0.16542242467403412,4.433502936965986,7.439636331986621
2575,2575,26,zero_hold,2,"[0.0, 0.0, 0.0, 0.0]",0.051586002111434937,-0.08634927123785019,0.0023807641118764877,1.021834373474121,1.0267757177352905,0.060833804309368134,7.439636331986621,10.328639548296616
2575,2575,26,zero_hold,3,"[0.0, 0.0, 0.0, 0.0]",-0.04591163992881775,-0.04388125240802765,0.0005618035793304443,1.0103092193603516,1.0123035907745361,0.10698346048593521,10.328639548296616,13.031679346534572
2575,2575,26,target_ahead,0,"[0.0, 0.0, 0.0, 0.0]",0.9782046675682068,-0.5372470617294312,-0.02318204939365387,1.1022589206695557,1.5687673091888428,0.0,0.0,8.2004576634368
2575,2575,26,target_ahead,1,"[0.009999999776482582, 0.0, 0.0, 0.0]",1.2944204807281494,-0.23907440900802612,-0.03511205315589905,0.999976634979248,1.6534409523010254,0.4466579854488373,8.2004576634368,12.135510714556798
2575,2575,26,target_ahead,2,"[0.019999999552965164, 0.0, 0.0, 0.0]",1.2300649881362915,-0.31845954060554504,-0.03171293064951897,0.9955959320068359,1.6145256757736206,0.10234438627958298,12.135510714556798,15.535055879289947
2575,2575,26,target_ahead,3,"[0.029999999329447746, 0.0, 0.0, 0.0]",0.9160559177398682,-0.3831368386745453,-0.026817481964826584,0.9952590465545654,1.4061336517333984,0.3206383287906647,15.535055879289947,18.979913467404973
2575,2575,26,target_left,0,"[0.0, 0.0, 0.0, 0.0]",-0.23094353079795837,-0.40482208132743835,-0.0004085339605808258,1.0996026992797852,1.1942956447601318,0.0,0.0,7.31195289843667
2575,2575,26,target_left,1,"[0.009999999776482582, 0.0, 0.0, 0.0]",-0.2737865447998047,-0.32061225175857544,-0.005671204999089241,1.0650557279586792,1.1454812288284302,0.1007373258471489,7.31195289843667,11.811201003868103
2575,2575,26,target_left,2,"[0.019999999552965164, 0.0, 0.0, 0.0]",-0.24510270357131958,-0.3208312392234802,-0.00458185002207756,1.0590943098068237,1.1334503889083862,0.029317842796444893,11.811201003868103,16.09825339042234
2575,2575,26,target_left,3,"[0.029999999329447746, 0.0, 0.0, 0.0]",-0.20928356051445007,-0.3254883587360382,-0.004254817962646484,1.05698823928833,1.1256040334701538,0.03618345409631729,16.09825339042234,20.20432397909018
2575,2575,26,ramp,0,"[-0.5, -0.4333333373069763, -0.36666667461395264, -0.30000001192092896]",-0.7891421318054199,-0.7547587156295776,-0.007027497515082359,0.9886109828948975,1.4730265140533447,0.0,0.0,9.929825796206568
2575,2575,26,ramp,1,"[-0.47999998927116394, -0.41333332657814026, -0.3466666638851166, -0.2800000011920929]",-0.7583285570144653,-0.7454475164413452,-0.004441026598215103,0.9905315637588501,1.4532469511032104,0.03235047683119774,9.929825796206568,15.266997125931224
2575,2575,26,ramp,2,"[-0.46000000834465027, -0.3933333456516266, -0.3266666829586029, -0.2600000202655792]",-0.8296507000923157,-0.7775391340255737,-0.00370614230632782,0.9969165325164795,1.5121983289718628,0.07847310602664948,15.266997125931224,20.70298030429094
2575,2575,26,ramp,3,"[-0.4399999976158142, -0.3733333349227905, -0.30666667222976685, -0.24000000953674316]",-0.8493656516075134,-0.7864915132522583,-0.004641849547624588,1.0055902004241943,1.5333702564239502,0.02334378845989704,20.70298030429094,26.143819287570164
2600,2600,26,zero_hold,0,"[0.0, 0.0, 0.0, 0.0]",0.03416096046566963,-0.14919660985469818,0.0087039265781641,0.854919970035553,0.868556559085846,0.0,0.0,4.441233067382552
2600,2600,26,zero_hold,1,"[0.0, 0.0, 0.0, 0.0]",0.02596312016248703,-0.14308393001556396,0.008004646748304367,1.0214829444885254,1.0318132638931274,0.16687804460525513,4.441233067382552,7.450932708635556
2600,2600,26,zero_hold,2,"[0.0, 0.0, 0.0, 0.0]",0.06449728459119797,-0.09106239676475525,0.004978817421942949,1.027078628540039,1.0331348180770874,0.06505066156387329,7.450932708635556,10.339622135548453
2600,2600,26,zero_hold,3,"[0.0, 0.0, 0.0, 0.0]",-0.024948850274086,-0.04964533448219299,0.0028287917375564575,1.016075611114502,1.0175975561141968,0.09920520335435867,10.339622135548453,13.0404070952263
2600,2600,26,target_ahead,0,"[0.0, 0.0, 0.0, 0.0]",0.9780563116073608,-0.5401099920272827,-0.019535934552550316,1.1005527973175049,1.5684103965759277,0.0,0.0,8.193604567393063
2600,2600,26,target_ahead,1,"[0.009999999776482582, 0.0, 0.0, 0.0]",1.298915147781372,-0.24674075841903687,-0.03266263008117676,1.004852056503296,1.660980463027954,0.445361465215683,8.193604567393063,12.132211616408958
2600,2600,26,target_ahead,2,"[0.019999999552965164, 0.0, 0.0, 0.0]",1.239847183227539,-0.32056933641433716,-0.02960178442299366,1.0010323524475098,1.6257084608078003,0.09467651695013046,12.132211616408958,15.534656397484255
2600,2600,26,target_ahead,3,"[0.029999999329447746, 0.0, 0.0, 0.0]",0.9398061633110046,-0.38362324237823486,-0.024898728355765343,1.000507116317749,1.4254952669143677,0.3066313862800598,15.534656397484255,18.980760784592537
2600,2600,26,target_left,0,"[0.0, 0.0, 0.0, 0.0]",-0.23384293913841248,-0.4039487838745117,0.0020064814016222954,1.1020967960357666,1.196861982345581,0.0,0.0,7.3243924977601145
2600,2600,26,target_left,1,"[0.009999999776482582, 0.0, 0.0, 0.0]",-0.27644529938697815,-0.32345524430274963,-0.0015021031722426414,1.0685951709747314,1.1501927375793457,0.09710221737623215,7.3243924977601145,11.834921271922346
2600,2600,26,target_left,2,"[0.019999999552965164, 0.0, 0.0, 0.0]",-0.24026590585708618,-0.3255600035190582,-0.000264214351773262,1.0627639293670654,1.137182593345642,0.03672756627202034,11.834921271922346,16.130114137488338
2600,2600,26,target_left,3,"[0.029999999329447746, 0.0, 0.0, 0.0]",-0.20115381479263306,-0.3312237560749054,6.015598773956299e-05,1.0608148574829102,1.129380464553833,0.03956940770149231,16.130114137488338,20.244127326872555
2600,2600,26,ramp,0,"[-0.5, -0.4333333373069763, -0.36666667461395264, -0.30000001192092896]",-0.7815889120101929,-0.7525808811187744,-0.0056443046778440475,0.9828097224235535,1.463969349861145,0.0,0.0,9.927259606728418
2600,2600,26,ramp,1,"[-0.47999998927116394, -0.41333332657814026, -0.3466666638851166, -0.2800000011920929]",-0.74825119972229,-0.7454060912132263,-0.0006812838837504387,0.9847603440284729,1.4440441131591797,0.034515462815761566,9.927259606728418,15.263979558897443
2600,2600,26,ramp,2,"[-0.46000000834465027, -0.3933333456516266, -0.3266666829586029, -0.2600000202655792]",-0.821967601776123,-0.778303861618042,0.0003015175461769104,0.9919961094856262,1.5051392316818237,0.08105364441871643,15.263979558897443,20.70140777237105
2600,2600,26,ramp,3,"[-0.4399999976158142, -0.3733333349227905, -0.30666667222976685, -0.24000000953674316]",-0.8412159085273743,-0.7875205278396606,-0.0005919188261032104,1.001422643661499,1.5266566276550293,0.02334742061793804,20.70140777237105,26.1442211152666
2625,2625,26,zero_hold,0,"[0.0, 0.0, 0.0, 0.0]",0.027960272505879402,-0.14259682595729828,0.009383903816342354,0.8599726557731628,0.8722136616706848,0.0,0.0,4.454201819132928
2625,2625,26,zero_hold,1,"[0.0, 0.0, 0.0, 0.0]",0.013395993039011955,-0.13191522657871246,0.007890315726399422,1.0292905569076538,1.0378258228302002,0.17028504610061646,4.454201819132928,7.4739214774142395
2625,2625,26,zero_hold,2,"[0.0, 0.0, 0.0, 0.0]",0.05138552933931351,-0.07864901423454285,0.003917817957699299,1.0361088514328003,1.040366768836975,0.06589965522289276,7.4739214774142395,10.371673831716683
2625,2625,26,zero_hold,3,"[0.0, 0.0, 0.0, 0.0]",-0.03673592954874039,-0.03665320575237274,0.0011689020320773125,1.025330901145935,1.026643991470337,0.09824845939874649,10.371673831716683,13.079319223061391
2625,2625,26,target_ahead,0,"[0.0, 0.0, 0.0, 0.0]",0.9748369455337524,-0.5358563661575317,-0.016887206584215164,1.1080442667007446,1.5701899528503418,0.0,0.0,8.210456566439879
2625,2625,26,target_ahead,1,"[0.009999999776482582, 0.0, 0.0, 0.0]",1.2821468114852905,-0.24201533198356628,-0.030700046569108963,1.014001488685608,1.652759313583374,0.4356796443462372,8.210456566439879,12.159302290255571
2625,2625,26,target_ahead,2,"[0.019999999552965164, 0.0, 0.0, 0.0]",1.2106183767318726,-0.3219720125198364,-0.027011457830667496,1.0149670839309692,1.6124982833862305,0.10734955221414566,12.159302290255571,15.561416789441935
2625,2625,26,target_ahead,3,"[0.029999999329447746, 0.0, 0.0, 0.0]",0.8930060267448425,-0.3895268440246582,-0.022048406302928925,1.0152344703674316,1.4072591066360474,0.3247552216053009,15.561416789441935,19.009874169798284
2625,2625,26,target_left,0,"[0.0, 0.0, 0.0, 0.0]",-0.24378898739814758,-0.39669883251190186,0.0028631510213017464,1.1078459024429321,1.20172119140625,0.0,0.0,7.336800910079118
2625,2625,26,target_left,1,"[0.009999999776482582, 0.0, 0.0, 0.0]",-0.28956717252731323,-0.314352810382843,-0.0020426418632268906,1.0749075412750244,1.1567615270614624,0.09992753714323044,7.336800910079118,11.851564879662307
2625,2625,26,target_left,2,"[0.019999999552965164, 0.0, 0.0, 0.0]",-0.2536991536617279,-0.3173741400241852,-0.0011141085997223854,1.068991780281067,1.1436058282852173,0.03648974746465683,11.851564879662307,16.147079907797895
2625,2625,26,target_left,3,"[0.029999999329447746, 0.0, 0.0, 0.0]",-0.21386192739009857,-0.3233242332935333,-0.0008166106417775154,1.0668816566467285,1.1351267099380493,0.040335461497306824,16.147079907797895,20.260196057596808
2625,2625,26,ramp,0,"[-0.5, -0.4333333373069763, -0.36666667461395264, -0.30000001192092896]",-0.7750446796417236,-0.7486089468002319,-0.0036109061911702156,0.9874130487442017,1.4615427255630493,0.0,0.0,9.930990060375546
2625,2625,26,ramp,1,"[-0.47999998927116394, -0.41333332657814026, -0.3466666638851166, -0.2800000011920929]",-0.7492428421974182,-0.7423883676528931,0.0007861331105232239,0.9837393760681152,1.4423068761825562,0.027152536436915398,9.930990060375546,15.264849750090423
2625,2625,26,ramp,2,"[-0.46000000834465027, -0.3933333456516266, -0.3266666829586029, -0.2600000202655792]",-0.8242794871330261,-0.7745667695999146,0.0012961411848664284,0.9918750524520874,1.5043963193893433,0.08205118775367737,15.264849750090423,20.702990203070602
2625,2625,26,ramp,3,"[-0.4399999976158142, -0.3733333349227905, -0.30666667222976685, -0.24000000953674316]",-0.8445308804512024,-0.7833700180053711,0.0002906927838921547,1.0009790658950806,1.5260603427886963,0.023906277492642403,20.702990203070602,26.1480382974834
2650,2650,26,zero_hold,0,"[0.0, 0.0, 0.0, 0.0]",0.0324869230389595,-0.1481582224369049,0.008135771378874779,0.8559694886207581,0.8693423867225647,0.0,0.0,4.449831311366979
2650,2650,26,zero_hold,1,"[0.0, 0.0, 0.0, 0.0]",0.016940845176577568,-0.14045412838459015,0.004932320676743984,1.0207816362380981,1.030550241470337,0.16575385630130768,4.449831311366979,7.46435804889206
2650,2650,26,zero_hold,2,"[0.0, 0.0, 0.0, 0.0]",0.04712587594985962,-0.08864080905914307,0.000996587797999382,1.0247896909713745,1.0296955108642578,0.0602271594107151,7.46435804889206,10.352836441213231
2650,2650,26,zero_hold,3,"[0.0, 0.0, 0.0, 0.0]",-0.046998925507068634,-0.04701773822307587,-0.0014908500015735626,1.0128004550933838,1.0149810314178467,0.10364307463169098,10.352836441213231,13.055353580647635
2650,2650,26,target_ahead,0,"[0.0, 0.0, 0.0, 0.0]",0.9782453179359436,-0.5423394441604614,-0.018008025363087654,1.0962629318237305,1.56627357006073,0.0,0.0,8.207816286175552
2650,2650,26,target_ahead,1,"[0.009999999776482582, 0.0, 0.0, 0.0]",1.290541648864746,-0.25215423107147217,-0.03293518349528313,0.9981125593185425,1.651179313659668,0.4377131164073944,8.207816286175552,12.15286599718956
2650,2650,26,target_ahead,2,"[0.019999999552965164, 0.0, 0.0, 0.0]",1.2220064401626587,-0.3353627324104309,-0.028789546340703964,0.9975793361663818,1.6129976511001587,0.10788048803806305,12.15286599718956,15.5448135040948
2650,2650,26,target_ahead,3,"[0.029999999329447746, 0.0, 0.0, 0.0]",0.9043863415718079,-0.4037344455718994,-0.023157786577939987,0.9968715906143188,1.4054200649261475,0.3249453008174896,15.5448135040948,18.981713332585674
2650,2650,26,target_left,0,"[0.0, 0.0, 0.0, 0.0]",-0.23166607320308685,-0.4083974361419678,0.0030180737376213074,1.1015543937683105,1.1974509954452515,0.0,0.0,7.323611435076276
2650,2650,26,target_left,1,"[0.009999999776482582, 0.0, 0.0, 0.0]",-0.2776634097099304,-0.3283076286315918,-0.0017797360196709633,1.0663471221923828,1.1497747898101807,0.0989580899477005,7.323611435076276,11.83549628338061
2650,2650,26,target_left,2,"[0.019999999552965164, 0.0, 0.0, 0.0]",-0.2482333928346634,-0.3292851448059082,-0.00039346516132354736,1.0599181652069092,1.13731050491333,0.030171753838658333,11.83549628338061,16.130530639325404
2650,2650,26,target_left,3,"[0.029999999329447746, 0.0, 0.0, 0.0]",-0.21495912969112396,-0.33440232276916504,4.315655678510666e-05,1.057723045349121,1.129960298538208,0.03373975679278374,16.130530639325404,20.243370710813814
2650,2650,26,ramp,0,"[-0.5, -0.4333333373069763, -0.36666667461395264, -0.30000001192092896]",-0.7609963417053223,-0.7592004537582397,0.0005239583551883698,0.9937772750854492,1.4639310836791992,0.0,0.0,9.930862710058362
2650,2650,26,ramp,1,"[-0.47999998927116394, -0.41333332657814026, -0.3466666638851166, -0.2800000011920929]",-0.7413960099220276,-0.7585004568099976,0.006126360967755318,0.9863680601119995,1.4484302997589111,0.021701298654079437,9.930862710058362,15.262700217392613
2650,2650,26,ramp,2,"[-0.46000000834465027, -0.3933333456516266, -0.3266666829586029, -0.2600000202655792]",-0.8126357197761536,-0.7895174622535706,0.0071839336305856705,0.9931066036224365,1.50666081905365,0.07799793034791946,15.262700217392613,20.707599665056033
2650,2650,26,ramp,3,"[-0.4399999976158142, -0.3733333349227905, -0.30666667222976685, -0.24000000953674316]",-0.8313546776771545,-0.7979152202606201,0.006312067154794931,1.0015060901641846,1.5267198085784912,0.02218632958829403,20.707599665056033,26.160173045367262
2675,2675,26,zero_hold,0,"[0.0, 0.0, 0.0, 0.0]",0.04099621623754501,-0.14697422087192535,0.008120454847812653,0.8577037453651428,0.8712081909179688,0.0,0.0,4.445450931293156
2675,2675,26,zero_hold,1,"[0.0, 0.0, 0.0, 0.0]",0.024686872959136963,-0.14109039306640625,0.004931060131639242,1.0253801345825195,1.035347580909729,0.16860058903694153,4.445450931293156,7.456174636038506
2675,2675,26,zero_hold,2,"[0.0, 0.0, 0.0, 0.0]",0.05086243897676468,-0.09054677933454514,0.0006218459457159042,1.0298118591308594,1.035035490989685,0.05725405365228653,7.456174636038506,10.338076772174137
2675,2675,26,zero_hold,3,"[0.0, 0.0, 0.0, 0.0]",-0.04875772446393967,-0.04847380518913269,-0.0020733019337058067,1.0177979469299316,1.020119547843933,0.10883891582489014,10.338076772174137,13.034795668916807
2675,2675,26,target_ahead,0,"[0.0, 0.0, 0.0, 0.0]",0.9812653660774231,-0.5374729037284851,-0.016937334090471268,1.0939884185791016,1.5648821592330933,0.0,0.0,8.197098273805699
2675,2675,26,target_ahead,1,"[0.009999999776482582, 0.0, 0.0, 0.0]",1.2890814542770386,-0.2542750835418701,-0.03277711197733879,1.0018374919891357,1.6526159048080444,0.4285959005355835,8.197098273805699,12.140789201474343
2675,2675,26,target_ahead,2,"[0.019999999552965164, 0.0, 0.0, 0.0]",1.2195996046066284,-0.3359163701534271,-0.028558161109685898,1.0020461082458496,1.6140555143356323,0.10728872567415237,12.140789201474343,15.53149243615181
2675,2675,26,target_ahead,3,"[0.029999999329447746, 0.0, 0.0, 0.0]",0.912707507610321,-0.40418097376823425,-0.02278810739517212,1.001746654510498,1.4143595695495605,0.3144458532333374,15.53149243615181,18.960074829015678
2675,2675,26,target_left,0,"[0.0, 0.0, 0.0, 0.0]",-0.2332603484392166,-0.40285083651542664,-0.0007338952273130417,1.1046926975250244,1.1987683773040771,0.0,0.0,7.327324310562087
2675,2675,26,target_left,1,"[0.009999999776482582, 0.0, 0.0, 0.0]",-0.28072434663772583,-0.32258543372154236,-0.007942759431898594,1.0730842351913452,1.155179738998413,0.09872400015592575,7.327324310562087,11.840830053910324
2675,2675,26,target_left,2,"[0.019999999552965164, 0.0, 0.0, 0.0]",-0.2510194480419159,-0.32505449652671814,-0.007538818754255772,1.0673737525939941,1.1436847448349,0.030352100729942322,11.840830053910324,16.134884171822765
2675,2675,26,target_left,3,"[0.029999999329447746, 0.0, 0.0, 0.0]",-0.2172846645116806,-0.33046799898147583,-0.007485170848667622,1.065137505531311,1.1362199783325195,0.03423953056335449,16.134884171822765,20.245200666230275
2675,2675,26,ramp,0,"[-0.5, -0.4333333373069763, -0.36666667461395264, -0.30000001192092896]",-0.757733941078186,-0.7451233267784119,-0.008812773041427135,0.99324631690979,1.454642653465271,0.0,0.0,9.925731054723505
2675,2675,26,ramp,1,"[-0.47999998927116394, -0.41333332657814026, -0.3466666638851166, -0.2800000011920929]",-0.7500097155570984,-0.7408719062805176,-0.006075934506952763,0.9932510852813721,1.448444128036499,0.0092319305986166,9.925731054723505,15.251974287703552
2675,2675,26,ramp,2,"[-0.46000000834465027, -0.3933333456516266, -0.3266666829586029, -0.2600000202655792]",-0.8224450945854187,-0.7718378901481628,-0.005423965863883495,1.0015159845352173,1.5083810091018677,0.07921180874109268,15.251974287703552,20.693913633140063
2675,2675,26,ramp,3,"[-0.4399999976158142, -0.3733333349227905, -0.30666667222976685, -0.24000000953674316]",-0.8423289656639099,-0.7805625796318054,-0.006395365111529827,1.0102131366729736,1.5294991731643677,0.02341095171868801,20.693913633140063,26.142712084365552
2700,2700,26,zero_hold,0,"[0.0, 0.0, 0.0, 0.0]",0.03888292238116264,-0.14442971348762512,0.009815258905291557,0.8572287559509277,0.8702352046966553,0.0,0.0,4.446017263005401
2700,2700,26,zero_hold,1,"[0.0, 0.0, 0.0, 0.0]",0.026714719831943512,-0.1387208253145218,0.006251475308090448,1.023863434791565,1.033582329750061,0.16721385717391968,4.446017263005401,7.459220355300003
2700,2700,26,zero_hold,2,"[0.0, 0.0, 0.0, 0.0]",0.0536784864962101,-0.08967380225658417,0.0014983061701059341,1.0268840789794922,1.0321898460388184,0.056252751499414444,7.459220355300003,10.347294489444778
2700,2700,26,zero_hold,3,"[0.0, 0.0, 0.0, 0.0]",-0.04830748215317726,-0.0494358092546463,-0.0011655064299702644,1.013793706893921,1.0161478519439697,0.11044766753911972,10.347294489444778,13.049178604167524
2700,2700,26,target_ahead,0,"[0.0, 0.0, 0.0, 0.0]",0.9694714546203613,-0.536547064781189,-0.01348720770329237,1.0954614877700806,1.5581961870193481,0.0,0.0,8.180010150908299
2700,2700,26,target_ahead,1,"[0.009999999776482582, 0.0, 0.0, 0.0]",1.2865467071533203,-0.2515597343444824,-0.0293680839240551,1.0042636394500732,1.651633381843567,0.4362611174583435,8.180010150908299,12.130614053847143
2700,2700,26,target_ahead,2,"[0.019999999552965164, 0.0, 0.0, 0.0]",1.228130578994751,-0.3289666175842285,-0.024887196719646454,1.0035427808761597,1.6199510097503662,0.097081758081913,12.130614053847143,15.520075106112857
2700,2700,26,target_ahead,3,"[0.029999999329447746, 0.0, 0.0, 0.0]",0.935646116733551,-0.39188051223754883,-0.019315164536237717,1.0030540227890015,1.4267075061798096,0.29922667145729065,15.520075106112857,18.947547626282063
2700,2700,26,target_left,0,"[0.0, 0.0, 0.0, 0.0]",-0.2447647750377655,-0.3997887372970581,0.0017369873821735382,1.1064751148223877,1.2016783952713013,0.0,0.0,7.329664434812067
2700,2700,26,target_left,1,"[0.009999999776482582, 0.0, 0.0, 0.0]",-0.2861720323562622,-0.32067418098449707,-0.0060214390978217125,1.072827935218811,1.1557345390319824,0.0957392230629921,7.329664434812067,11.840051445322846
2700,2700,26,target_left,2,"[0.019999999552965164, 0.0, 0.0, 0.0]",-0.253238320350647,-0.32450753450393677,-0.005548481829464436,1.0666253566741943,1.1433088779449463,0.03373454511165619,11.840051445322846,16.135838565582187
2700,2700,26,target_left,3,"[0.029999999329447746, 0.0, 0.0, 0.0]",-0.21715015172958374,-0.3298255205154419,-0.005343160592019558,1.0643246173858643,1.1352331638336182,0.03655095770955086,16.135838565582187,20.249748939046285
2700,2700,26,ramp,0,"[-0.5, -0.4333333373069763, -0.36666667461395264, -0.30000001192092896]",-0.7724308967590332,-0.739289402961731,-0.006135088391602039,0.9854496717453003,1.4540793895721436,0.0,0.0,9.924188700741913
2700,2700,26,ramp,1,"[-0.47999998927116394, -0.41333332657814026, -0.3466666638851166, -0.2800000011920929]",-0.7653031349182129,-0.737653911113739,-0.0027048923075199127,0.9906259775161743,1.4529863595962524,0.00959375873208046,9.924188700741913,15.25773161672188
2700,2700,26,ramp,2,"[-0.46000000834465027, -0.3933333456516266, -0.3266666829586029, -0.2600000202655792]",-0.8392356038093567,-0.7699209451675415,-0.001990790478885174,0.9994887113571167,1.5152809619903564,0.08115559071302414,15.25773161672188,20.698197874463144
2700,2700,26,ramp,3,"[-0.4399999976158142, -0.3733333349227905, -0.30666667222976685, -0.24000000953674316]",-0.8597697019577026,-0.7789871692657471,-0.002862979657948017,1.0086582899093628,1.5373433828353882,0.02426288276910782,20.698197874463144,26.144158735365277
2725,2725,26,zero_hold,0,"[0.0, 0.0, 0.0, 0.0]",0.03636215627193451,-0.1456584930419922,0.0062572043389081955,0.8574184775352478,0.8704850077629089,0.0,0.0,4.460947696476605
2725,2725,26,zero_hold,1,"[0.0, 0.0, 0.0, 0.0]",0.026808952912688255,-0.14075690507888794,0.0010307691991329193,1.020362138748169,1.03037428855896,0.1633806675672531,4.460947696476605,7.476520881931383
2725,2725,26,zero_hold,2,"[0.0, 0.0, 0.0, 0.0]",0.057558462023735046,-0.09424570947885513,-0.003731643781065941,1.0220569372177124,1.0280123949050903,0.055985502898693085,7.476520881931383,10.361969220190666
2725,2725,26,zero_hold,3,"[0.0, 0.0, 0.0, 0.0]",-0.03842725604772568,-0.05706217512488365,-0.006090281531214714,1.0080513954162598,1.010414481163025,0.10391145944595337,10.361969220190666,13.062522768785405
2725,2725,26,target_ahead,0,"[0.0, 0.0, 0.0, 0.0]",0.9775532484054565,-0.5377121567726135,-0.02390471287071705,1.0943496227264404,1.5629833936691284,0.0,0.0,8.186532850585774
2725,2725,26,target_ahead,1,"[0.009999999776482582, 0.0, 0.0, 0.0]",1.2901179790496826,-0.2521832585334778,-0.040399037301540375,1.0008161067962646,1.6526541709899902,0.43387100100517273,8.186532850585774,12.130583752683052
2725,2725,26,target_ahead,2,"[0.019999999552965164, 0.0, 0.0, 0.0]",1.2117072343826294,-0.33394327759742737,-0.03887782245874405,1.0001823902130127,1.6067447662353516,0.1132945790886879,12.130583752683052,15.512767260071678
2725,2725,26,target_ahead,3,"[0.029999999329447746, 0.0, 0.0, 0.0]",0.8931664228439331,-0.40164467692375183,-0.034494832158088684,1.0007072687149048,1.4005961418151855,0.3256857693195343,15.512767260071678,18.935358479383925
2725,2725,26,target_left,0,"[0.0, 0.0, 0.0, 0.0]",-0.23325955867767334,-0.3992815315723419,-0.0018763002008199692,1.1035807132720947,1.1965490579605103,0.0,0.0,7.33159006366895
2725,2725,26,target_left,1,"[0.009999999776482582, 0.0, 0.0, 0.0]",-0.27742862701416016,-0.3194143772125244,-0.00812080129981041,1.0667462348937988,1.147608757019043,0.09861765056848526,7.33159006366895,11.843945744257107
2725,2725,26,target_left,2,"[0.019999999552965164, 0.0, 0.0, 0.0]",-0.2473897486925125,-0.32207247614860535,-0.006858887150883675,1.0595979690551758,1.134780764579773,0.031017573550343513,11.843945744257107,16.141896998667704
2725,2725,26,target_left,3,"[0.029999999329447746, 0.0, 0.0, 0.0]",-0.21220311522483826,-0.3275182843208313,-0.006252584978938103,1.0571789741516113,1.126927137374878,0.035692788660526276,16.141896998667704,20.258229489397973
2725,2725,26,ramp,0,"[-0.5, -0.4333333373069763, -0.36666667461395264, -0.30000001192092896]",-0.7773513197898865,-0.7292351722717285,-0.00889529101550579,0.9926865696907043,1.456559181213379,0.0,0.0,9.93096720791943
2725,2725,26,ramp,1,"[-0.47999998927116394, -0.41333332657814026, -0.3466666638851166, -0.2800000011920929]",-0.7687417268753052,-0.7270547747612,-0.003327636979520321,0.9890273213386536,1.4483641386032104,0.011102616786956787,9.93096720791943,15.280004852214919
2725,2725,26,ramp,2,"[-0.46000000834465027, -0.3933333456516266, -0.3266666829586029, -0.2600000202655792]",-0.8312634229660034,-0.7571849226951599,-0.002622947096824646,0.9969080090522766,1.5027176141738892,0.06985263526439667,15.280004852214919,20.731558710473465
2725,2725,26,ramp,3,"[-0.4399999976158142, -0.3733333349227905, -0.30666667222976685, -0.24000000953674316]",-0.8510268926620483,-0.7656261920928955,-0.003316199406981468,1.004944086074829,1.523270845413208,0.02295449562370777,20.731558710473465,26.185750780776857
2750,2750,26,zero_hold,0,"[0.0, 0.0, 0.0, 0.0]",0.033138275146484375,-0.148883655667305,0.008046354167163372,0.8512066006660461,0.8648017048835754,0.0,0.0,4.431096728425995
2750,2750,26,zero_hold,1,"[0.0, 0.0, 0.0, 0.0]",0.019080838188529015,-0.14633548259735107,0.0029699644073843956,1.01524817943573,1.0259219408035278,0.16474075615406036,4.431096728425995,7.439578928493101
2750,2750,26,zero_hold,2,"[0.0, 0.0, 0.0, 0.0]",0.05057746171951294,-0.09931889176368713,-0.0019467342644929886,1.0180059671401978,1.0240910053253174,0.056871578097343445,7.439578928493101,10.316183681145331
2750,2750,26,zero_hold,3,"[0.0, 0.0, 0.0, 0.0]",-0.03951282054185867,-0.06158658117055893,-0.004682883620262146,1.004502773284912,1.0071752071380615,0.09863979369401932,10.316183681145331,13.0068351164544
2750,2750,26,target_ahead,0,"[0.0, 0.0, 0.0, 0.0]",0.9653651714324951,-0.5467490553855896,-0.01980726234614849,1.0898767709732056,1.5553418397903442,0.0,0.0,8.177690459940504
2750,2750,26,target_ahead,1,"[0.009999999776482582, 0.0, 0.0, 0.0]",1.282233476638794,-0.26328539848327637,-0.03768542408943176,0.9976587891578674,1.6462640762329102,0.43540894985198975,8.177690459940504,12.114859724624644
2750,2750,26,target_ahead,2,"[0.019999999552965164, 0.0, 0.0, 0.0]",1.212110161781311,-0.34259504079818726,-0.0352325364947319,0.996751606464386,1.606654167175293,0.10589683055877686,12.114859724624644,15.49544260938217
2750,2750,26,target_ahead,3,"[0.029999999329447746, 0.0, 0.0, 0.0]",0.9050986766815186,-0.40911364555358887,-0.03060571290552616,0.9962438941001892,1.407130479812622,0.31416943669319153,15.49544260938217,18.91063026721268
2750,2750,26,target_left,0,"[0.0, 0.0, 0.0, 0.0]",-0.22996120154857635,-0.40491747856140137,-0.00044193025678396225,1.1053625345230103,1.1994444131851196,0.0,0.0,7.31905069266262
2750,2750,26,target_left,1,"[0.009999999776482582, 0.0, 0.0, 0.0]",-0.2789497375488281,-0.3279174566268921,-0.007698314264416695,1.0690847635269165,1.1525381803512573,0.09847645461559296,7.31905069266262,11.822336082595069
2750,2750,26,target_left,2,"[0.019999999552965164, 0.0, 0.0, 0.0]",-0.24801552295684814,-0.3293636441230774,-0.0065100472420454025,1.062630295753479,1.1398322582244873,0.03165579214692116,11.822336082595069,16.11077481619723
2750,2750,26,target_left,3,"[0.029999999329447746, 0.0, 0.0, 0.0]",-0.21282939612865448,-0.3343651294708252,-0.005932962521910667,1.059985876083374,1.1316808462142944,0.03564273193478584,16.11077481619723,20.215969879462683
2750,2750,26,ramp,0,"[-0.5, -0.4333333373069763, -0.36666667461395264, -0.30000001192092896]",-0.769916832447052,-0.7274013161659241,-0.009970065206289291,1.0058966875076294,1.4607573747634888,0.0,0.0,9.927660331278055
2750,2750,26,ramp,1,"[-0.47999998927116394, -0.41333332657814026, -0.3466666638851166, -0.2800000011920929]",-0.7739316821098328,-0.7300702929496765,-0.005934905260801315,1.0015666484832764,1.4612131118774414,0.007633754517883062,9.927660331278055,15.269045315846354
2750,2750,26,ramp,2,"[-0.46000000834465027, -0.3933333456516266, -0.3266666829586029, -0.2600000202655792]",-0.8415246605873108,-0.7599120736122131,-0.005342021584510803,1.0080337524414062,1.5171653032302856,0.07417221367359161,15.269045315846354,20.718561074968864
2750,2750,26,ramp,3,"[-0.4399999976158142, -0.3733333349227905, -0.30666667222976685, -0.24000000953674316]",-0.8624653220176697,-0.7681573629379272,-0.006077457219362259,1.0157577991485596,1.5380873680114746,0.023805417120456696,20.718561074968864,26.16885446244921
2775,2775,26,zero_hold,0,"[0.0, 0.0, 0.0, 0.0]",0.03396189212799072,-0.15216654539108276,0.009447289630770683,0.8533321022987366,0.867509663105011,0.0,0.0,4.4426449436247335
2775,2775,26,zero_hold,1,"[0.0, 0.0, 0.0, 0.0]",0.014474334195256233,-0.1500621736049652,0.004940683953464031,1.0163938999176025,1.027525782585144,0.1642974466085434,4.4426449436247335,7.447889013421962
2775,2775,26,zero_hold,2,"[0.0, 0.0, 0.0, 0.0]",0.03925991803407669,-0.10337305068969727,0.0003472864627838135,1.0198683738708496,1.0258454084396362,0.05317302420735359,7.447889013421962,10.320702026857413
2775,2775,26,zero_hold,3,"[0.0, 0.0, 0.0, 0.0]",-0.054110087454319,-0.06471147388219833,-0.0023098159581422806,1.0068027973175049,1.0103329420089722,0.10193353146314621,10.320702026857413,13.009453550585793
2775,2775,26,target_ahead,0,"[0.0, 0.0, 0.0, 0.0]",0.9559614062309265,-0.5418776869773865,-0.016005001962184906,1.095475435256958,1.5517139434814453,0.0,0.0,8.174039462258609
2775,2775,26,target_ahead,1,"[0.009999999776482582, 0.0, 0.0, 0.0]",1.2734861373901367,-0.2606247663497925,-0.03500807285308838,1.0000479221343994,1.6404309272766113,0.43519270420074463,8.174039462258609,12.107107198338243
2775,2775,26,target_ahead,2,"[0.019999999552965164, 0.0, 0.0, 0.0]",1.1896147727966309,-0.3402966558933258,-0.03159996494650841,1.000725269317627,1.5916767120361328,0.1157328337430954,12.107107198338243,15.484261661180385
2775,2775,26,target_ahead,3,"[0.029999999329447746, 0.0, 0.0, 0.0]",0.8679912090301514,-0.40915754437446594,-0.026265975087881088,1.0013792514801025,1.387180209159851,0.32895657420158386,15.484261661180385,18.90435557722511
2775,2775,26,target_left,0,"[0.0, 0.0, 0.0, 0.0]",-0.23095563054084778,-0.4102679491043091,0.0009925086051225662,1.1076066493988037,1.203517198562622,0.0,0.0,7.337691272227361
2775,2775,26,target_left,1,"[0.009999999776482582, 0.0, 0.0, 0.0]",-0.2795572578907013,-0.33404192328453064,-0.005640674382448196,1.0700743198394775,1.155347228050232,0.09810810536146164,7.337691272227361,11.839616221306256
2775,2775,26,target_left,2,"[0.019999999552965164, 0.0, 0.0, 0.0]",-0.24891521036624908,-0.33646097779273987,-0.004767997190356255,1.063640832901001,1.1430307626724243,0.03141557425260544,11.839616221306256,16.131760865008168
2775,2775,26,target_left,3,"[0.029999999329447746, 0.0, 0.0, 0.0]",-0.21178394556045532,-0.3423135280609131,-0.004462398588657379,1.0608999729156494,1.1347068548202515,0.037690699100494385,16.131760865008168,20.245685771277127
2775,2775,26,ramp,0,"[-0.5, -0.4333333373069763, -0.36666667461395264, -0.30000001192092896]",-0.7767817974090576,-0.7319694757461548,-0.006083287298679352,1.0064773559570312,1.4670387506484985,0.0,0.0,9.92634399313617
2775,2775,26,ramp,1,"[-0.47999998927116394, -0.41333332657814026, -0.3466666638851166, -0.2800000011920929]",-0.770368754863739,-0.7322403788566589,-0.0017555411905050278,1.00252103805542,1.4610596895217896,0.008693810552358627,9.92634399313617,15.257429925948754
2775,2775,26,ramp,2,"[-0.46000000834465027, -0.3933333456516266, -0.3266666829586029, -0.2600000202655792]",-0.8416714668273926,-0.7641761302947998,-0.0010502459481358528,1.0096664428710938,1.5204616785049438,0.07845714688301086,15.257429925948754,20.69385105413733
2775,2775,26,ramp,3,"[-0.4399999976158142, -0.3733333349227905, -0.30666667222976685, -0.24000000953674316]",-0.862300455570221,-0.7728877067565918,-0.0018486715853214264,1.0177545547485352,1.5416696071624756,0.023822296410799026,20.69385105413733,26.133863470806713
2800,2800,26,zero_hold,0,"[0.0, 0.0, 0.0, 0.0]",0.036328718066215515,-0.15011543035507202,0.005059064365923405,0.8571308851242065,0.8709496855735779,0.0,0.0,4.449733060325639
2800,2800,26,zero_hold,1,"[0.0, 0.0, 0.0, 0.0]",0.014880359172821045,-0.14635616540908813,-0.0003555798903107643,1.0192707777023315,1.029832363128662,0.163685142993927,4.449733060325639,7.459059917595245
2800,2800,26,zero_hold,2,"[0.0, 0.0, 0.0, 0.0]",0.040506377816200256,-0.09847454726696014,-0.005028608255088329,1.0208288431167603,1.0263794660568237,0.0545307882130146,7.459059917595245,10.333864386468287
2800,2800,26,zero_hold,3,"[0.0, 0.0, 0.0, 0.0]",-0.054959431290626526,-0.058938782662153244,-0.007860063575208187,1.0069109201431274,1.010161280632019,0.10430015623569489,10.333864386468287,13.024039489721178
2800,2800,26,target_ahead,0,"[0.0, 0.0, 0.0, 0.0]",0.9593858122825623,-0.5427984595298767,-0.021853048354387283,1.1027743816375732,1.5593717098236084,0.0,0.0,8.18138767217711
2800,2800,26,target_ahead,1,"[0.009999999776482582, 0.0, 0.0, 0.0]",1.2722193002700806,-0.26098915934562683,-0.0403880700469017,1.007082462310791,1.643929362297058,0.43218255043029785,8.18138767217711,12.116126078100503
2800,2800,26,target_ahead,2,"[0.019999999552965164, 0.0, 0.0, 0.0]",1.199174165725708,-0.3413427472114563,-0.03766603395342827,1.008806586265564,1.6042578220367432,0.10864011198282242,12.116126078100503,15.49666892512094
2800,2800,26,target_ahead,3,"[0.029999999329447746, 0.0, 0.0, 0.0]",0.8761717081069946,-0.41125643253326416,-0.03248371183872223,1.0099327564239502,1.3992241621017456,0.3305247724056244,15.49666892512094,18.92000040332513
2800,2800,26,target_left,0,"[0.0, 0.0, 0.0, 0.0]",-0.231603741645813,-0.4104277789592743,-0.003163417801260948,1.1091784238815308,1.2051464319229126,0.0,0.0,7.326498032482497
2800,2800,26,target_left,1,"[0.009999999776482582, 0.0, 0.0, 0.0]",-0.28133511543273926,-0.33381035923957825,-0.009129944257438183,1.0719627141952515,1.1574827432632446,0.09881319105625153,7.326498032482497,11.824985978009213
2800,2800,26,target_left,2,"[0.019999999552965164, 0.0, 0.0, 0.0]",-0.2435985803604126,-0.3382039964199066,-0.007785017602145672,1.0645246505737305,1.1432390213012695,0.03873607888817787,11.824985978009213,16.116058905755974
2800,2800,26,target_left,3,"[0.029999999329447746, 0.0, 0.0, 0.0]",-0.2027241587638855,-0.34493714570999146,-0.007318104617297649,1.0613828897476196,1.1343129873275757,0.04154686629772186,16.116058905755974,20.230694818067835
2800,2800,26,ramp,0,"[-0.5, -0.4333333373069763, -0.36666667461395264, -0.30000001192092896]",-0.7659859657287598,-0.7289773225784302,-0.00626815389841795,1.0074102878570557,1.4604990482330322,0.0,0.0,9.931722031692598
2800,2800,26,ramp,1,"[-0.47999998927116394, -0.41333332657814026, -0.3466666638851166, -0.2800000011920929]",-0.7681743502616882,-0.7321272492408752,-0.0015834905207157135,1.005122184753418,1.4616343975067139,0.00647244555875659,9.931722031692598,15.271147663826977
2800,2800,26,ramp,2,"[-0.46000000834465027, -0.3933333456516266, -0.3266666829586029, -0.2600000202655792]",-0.8394239544868469,-0.7640584111213684,-0.0007308283820748329,1.0133148431777954,1.5215864181518555,0.0785108432173729,15.271147663826977,20.71656820857817
2800,2800,26,ramp,3,"[-0.4399999976158142, -0.3733333349227905, -0.30666667222976685, -0.24000000953674316]",-0.861382782459259,-0.7728211283683777,-0.0015718908980488777,1.0212215185165405,1.54341459274292,0.02494390308856964,20.71656820857817,26.167705582045432
2825,2825,26,zero_hold,0,"[0.0, 0.0, 0.0, 0.0]",0.031415343284606934,-0.1482265293598175,0.00785717461258173,0.8576207756996155,0.8709381222724915,0.0,0.0,4.438408003029727
2825,2825,26,zero_hold,1,"[0.0, 0.0, 0.0, 0.0]",0.009425574913620949,-0.14188352227210999,0.00618913397192955,1.0243743658065796,1.0342150926589966,0.16832506656646729,4.438408003029727,7.445365841482146
2825,2825,26,zero_hold,2,"[0.0, 0.0, 0.0, 0.0]",0.039111919701099396,-0.09409979730844498,0.003928523510694504,1.0283055305480957,1.0333499908447266,0.056436937302351,7.445365841482146,10.322048920494732
2825,2825,26,zero_hold,3,"[0.0, 0.0, 0.0, 0.0]",-0.05114634335041046,-0.05567990615963936,0.00180731900036335,1.0156421661376953,1.0184539556503296,0.09893181174993515,10.322048920494732,13.016424738957491
2825,2825,26,target_ahead,0,"[0.0, 0.0, 0.0, 0.0]",0.9567215442657471,-0.5319995284080505,-0.012111524119973183,1.0985907316207886,1.5509313344955444,0.0,0.0,8.181661088080608
2825,2825,26,target_ahead,1,"[0.009999999776482582, 0.0, 0.0, 0.0]",1.277681827545166,-0.2393820881843567,-0.03174392133951187,1.0085562467575073,1.6455904245376587,0.4439956247806549,8.181661088080608,12.125022979028396
2825,2825,26,target_ahead,2,"[0.019999999552965164, 0.0, 0.0, 0.0]",1.2105649709701538,-0.3156684637069702,-0.02793220989406109,1.0115572214126587,1.6090811491012573,0.10172422975301743,12.125022979028396,15.492934691840732
2825,2825,26,target_ahead,3,"[0.029999999329447746, 0.0, 0.0, 0.0]",0.901803731918335,-0.3817676901817322,-0.022710395976901054,1.013677954673767,1.409629464149475,0.3158074915409088,15.492934691840732,18.903486528332092
2825,2825,26,target_left,0,"[0.0, 0.0, 0.0, 0.0]",-0.24103179574012756,-0.4131081700325012,0.0030155442655086517,1.1101466417312622,1.2087966203689575,0.0,0.0,7.33546173195659
2825,2825,26,target_left,1,"[0.009999999776482582, 0.0, 0.0, 0.0]",-0.2844865322113037,-0.33779609203338623,0.00042922236025333405,1.0759057998657227,1.1630185842514038,0.09348447620868683,7.33546173195659,11.841086532451465
2825,2825,26,target_left,2,"[0.019999999552965164, 0.0, 0.0, 0.0]",-0.24467556178569794,-0.34538692235946655,0.002602396532893181,1.0688010454177856,1.1495654582977295,0.0412035696208477,11.841086532451465,16.143320172921474
2825,2825,26,target_left,3,"[0.029999999329447746, 0.0, 0.0, 0.0]",-0.20626172423362732,-0.3529287278652191,0.0032303500920534134,1.06583571434021,1.1415423154830933,0.03926435112953186,16.143320172921474,20.272425211633845
2825,2825,26,ramp,0,"[-0.5, -0.4333333373069763, -0.36666667461395264, -0.30000001192092896]",-0.7863494157791138,-0.7316909432411194,0.0009735813364386559,1.004595160484314,1.470690131187439,0.0,0.0,9.933345938300075
2825,2825,26,ramp,1,"[-0.47999998927116394, -0.41333332657814026, -0.3466666638851166, -0.2800000011920929]",-0.7822940349578857,-0.7311505675315857,0.009685477241873741,1.003440022468567,1.4674980640411377,0.009693792089819908,9.933345938300075,15.273644942364937
2825,2825,26,ramp,2,"[-0.46000000834465027, -0.3933333456516266, -0.3266666829586029, -0.2600000202655792]",-0.847022294998169,-0.761430025100708,0.011197949759662151,1.0105537176132202,1.5226839780807495,0.07182955741882324,15.273644942364937,20.72649440418353
2825,2825,26,ramp,3,"[-0.4399999976158142, -0.3733333349227905, -0.30666667222976685, -0.24000000953674316]",-0.8660090565681458,-0.7698058485984802,0.010368062183260918,1.0179930925369263,1.5423974990844727,0.022060928866267204,20.72649440418353,26.187363414916895
2850,2850,26,zero_hold,0,"[0.0, 0.0, 0.0, 0.0]",0.02772737480700016,-0.1480991691350937,0.0014608781784772873,0.8519264459609985,0.8651491403579712,0.0,0.0,4.445344694241726
2850,2850,26,zero_hold,1,"[0.0, 0.0, 0.0, 0.0]",0.004057617858052254,-0.14301681518554688,-0.003902651369571686,1.0136747360229492,1.0237294435501099,0.1636379063129425,4.445344694241726,7.4627793659564325
2850,2850,26,zero_hold,2,"[0.0, 0.0, 0.0, 0.0]",0.026985550299286842,-0.09681690484285355,-0.007474621757864952,1.0163328647613525,1.0213178396224976,0.05176819860935211,7.4627793659564325,10.357768674164623
2850,2850,26,zero_hold,3,"[0.0, 0.0, 0.0, 0.0]",-0.06259220838546753,-0.05924924463033676,-0.009872965514659882,1.003782033920288,1.007523775100708,0.09797336161136627,10.357768674164623,13.071526569192065
2850,2850,26,target_ahead,0,"[0.0, 0.0, 0.0, 0.0]",0.9574642777442932,-0.546657145023346,-0.02799081988632679,1.096891164779663,1.5554823875427246,0.0,0.0,8.187949848922395
2850,2850,26,target_ahead,1,"[0.009999999776482582, 0.0, 0.0, 0.0]",1.2757694721221924,-0.25518104434013367,-0.04726435989141464,1.0030211210250854,1.643468976020813,0.4421080946922302,8.187949848922395,12.130843867526757
2850,2850,26,target_ahead,2,"[0.019999999552965164, 0.0, 0.0, 0.0]",1.1912450790405273,-0.3324677050113678,-0.04393382370471954,1.0062528848648071,1.5950156450271606,0.11462607234716415,12.130843867526757,15.501792818229648
2850,2850,26,target_ahead,3,"[0.029999999329447746, 0.0, 0.0, 0.0]",0.8736868500709534,-0.3985094428062439,-0.03892859071493149,1.0090246200561523,1.393479347229004,0.3244032561779022,15.501792818229648,18.92272390764681
2850,2850,26,target_left,0,"[0.0, 0.0, 0.0, 0.0]",-0.24047650396823883,-0.41129449009895325,-0.004573879763484001,1.0999090671539307,1.1986713409423828,0.0,0.0,7.331011999656001
2850,2850,26,target_left,1,"[0.009999999776482582, 0.0, 0.0, 0.0]",-0.29452648758888245,-0.3331073522567749,-0.00731329619884491,1.0634660720825195,1.1527011394500732,0.10183430463075638,7.331011999656001,11.848272684674223
2850,2850,26,target_left,2,"[0.019999999552965164, 0.0, 0.0, 0.0]",-0.2624152600765228,-0.3390525281429291,-0.004993919283151627,1.0562714338302612,1.1399792432785034,0.0335204154253006,11.848272684674223,16.162732127266136
2850,2850,26,target_left,3,"[0.029999999329447746, 0.0, 0.0, 0.0]",-0.22473667562007904,-0.34604573249816895,-0.004309011623263359,1.0532504320144653,1.1311981678009033,0.038447055965662,16.162732127266136,20.300593127289645
2850,2850,26,ramp,0,"[-0.5, -0.4333333373069763, -0.36666667461395264, -0.30000001192092896]",-0.7914987206459045,-0.735173225402832,-0.0003718724474310875,0.9957745671272278,1.4691892862319946,0.0,0.0,9.928770623773293
2850,2850,26,ramp,1,"[-0.47999998927116394, -0.41333332657814026, -0.3466666638851166, -0.2800000011920929]",-0.7861561179161072,-0.7344353199005127,0.00540465721860528,0.990531861782074,1.4624018669128418,0.009483784437179565,9.928770623773293,15.280723765054498
2850,2850,26,ramp,2,"[-0.46000000834465027, -0.3933333456516266, -0.3266666829586029, -0.2600000202655792]",-0.8529674410820007,-0.7665063142776489,0.0061920154839754105,0.9965682625770569,1.519299864768982,0.07435966283082962,15.280723765054498,20.74366295973783
2850,2850,26,ramp,3,"[-0.4399999976158142, -0.3733333349227905, -0.30666667222976685, -0.24000000953674316]",-0.8731727004051208,-0.7753461599349976,0.005315027199685574,1.0038490295410156,1.5399134159088135,0.023241644725203514,20.74366295973783,26.212875261246612
2875,2875,26,zero_hold,0,"[0.0, 0.0, 0.0, 0.0]",0.04773138463497162,-0.1514648199081421,0.0032804906368255615,0.8522247076034546,0.866901159286499,0.0,0.0,4.4379350999963005
2875,2875,26,zero_hold,1,"[0.0, 0.0, 0.0, 0.0]",0.03127355873584747,-0.1461949497461319,-0.0008299918845295906,1.0132174491882324,1.0241881608963013,0.16196972131729126,4.4379350999963005,7.44333356156581
2875,2875,26,zero_hold,2,"[0.0, 0.0, 0.0, 0.0]",0.0490138977766037,-0.0980260819196701,-0.0037913108244538307,1.016217589378357,1.0221173763275146,0.05150465667247772,7.44333356156581,10.318709967242462
2875,2875,26,zero_hold,3,"[0.0, 0.0, 0.0, 0.0]",-0.04721513390541077,-0.05823053419589996,-0.005904910154640675,1.003514051437378,1.006327748298645,0.1049264520406723,10.318709967242462,13.015522649166696
2875,2875,26,target_ahead,0,"[0.0, 0.0, 0.0, 0.0]",0.9737600684165955,-0.5472848415374756,-0.024417027831077576,1.1060700416564941,1.572169303894043,0.0,0.0,8.18710247729453
2875,2875,26,target_ahead,1,"[0.009999999776482582, 0.0, 0.0, 0.0]",1.2939443588256836,-0.2512037754058838,-0.04387528449296951,1.0070445537567139,1.6593550443649292,0.4476233422756195,8.18710247729453,12.125177726051739
2875,2875,26,target_ahead,2,"[0.019999999552965164, 0.0, 0.0, 0.0]",1.2125132083892822,-0.32808879017829895,-0.042480770498514175,1.0115081071853638,1.6133145093917847,0.11209017038345337,12.125177726051739,15.492519917626982
2875,2875,26,target_ahead,3,"[0.029999999329447746, 0.0, 0.0, 0.0]",0.8893566727638245,-0.3946223556995392,-0.037831924855709076,1.0159616470336914,1.4072282314300537,0.3299974203109741,15.492519917626982,18.909734033036123
2875,2875,26,target_left,0,"[0.0, 0.0, 0.0, 0.0]",-0.22937621176242828,-0.4100320637226105,-0.0028199851512908936,1.1013641357421875,1.1973932981491089,0.0,0.0,7.3179196306484044
2875,2875,26,target_left,1,"[0.009999999776482582, 0.0, 0.0, 0.0]",-0.28437507152557373,-0.3283219635486603,-0.004316975362598896,1.06429123878479,1.1495212316513062,0.10525234043598175,7.3179196306484044,11.827992236881183
2875,2875,26,target_left,2,"[0.019999999552965164, 0.0, 0.0, 0.0]",-0.2513458728790283,-0.33239948749542236,-0.0017864834517240524,1.0569794178009033,1.1361658573150635,0.03416753187775612,11.827992236881183,16.130512608390376
2875,2875,26,target_left,3,"[0.029999999329447746, 0.0, 0.0, 0.0]",-0.21414832770824432,-0.338911771774292,-0.0009376844391226768,1.0541592836380005,1.127817988395691,0.037877973169088364,16.130512608390376,20.257184633313063
2875,2875,26,ramp,0,"[-0.5, -0.4333333373069763, -0.36666667461395264, -0.30000001192092896]",-0.7918505072593689,-0.7271167635917664,-0.001470823772251606,0.996511697769165,1.465866208076477,0.0,0.0,9.931182402069618
2875,2875,26,ramp,1,"[-0.47999998927116394, -0.41333332657814026, -0.3466666638851166, -0.2800000011920929]",-0.7752372622489929,-0.721994161605835,0.006533089093863964,0.9857957363128662,1.4471020698547363,0.02193479984998703,9.931182402069618,15.282306639452367
2875,2875,26,ramp,2,"[-0.46000000834465027, -0.3933333456516266, -0.3266666829586029, -0.2600000202655792]",-0.8444710373878479,-0.7540445327758789,0.008018793538212776,0.9923938512802124,1.5055311918258667,0.07659167051315308,15.282306639452367,20.731570459612527
2875,2875,26,ramp,3,"[-0.4399999976158142, -0.3733333349227905, -0.30666667222976685, -0.24000000953674316]",-0.8646159768104553,-0.7630770802497864,0.0073586562648415565,0.9998576641082764,1.526308298110962,0.023314153775572777,20.731570459612527,26.188576317605442
2900,2900,26,zero_hold,0,"[0.0, 0.0, 0.0, 0.0]",0.044579047709703445,-0.15449726581573486,0.006318367552012205,0.8493859767913818,0.8644958734512329,0.0,0.0,4.442803246882768
2900,2900,26,zero_hold,1,"[0.0, 0.0, 0.0, 0.0]",0.02773008495569229,-0.15142235159873962,0.0034324554726481438,1.010520339012146,1.0221842527389526,0.1620677411556244,4.442803246882768,7.449548952119916
2900,2900,26,zero_hold,2,"[0.0, 0.0, 0.0, 0.0]",0.05324705317616463,-0.10365870594978333,0.000378267839550972,1.015059471130371,1.0217270851135254,0.05442805960774422,7.449548952119916,10.32244035520899
2900,2900,26,zero_hold,3,"[0.0, 0.0, 0.0, 0.0]",-0.035190802067518234,-0.06378370523452759,-0.0016862675547599792,1.0037556886672974,1.006397008895874,0.09768985956907272,10.32244035520899,13.014907338617453
2900,2900,26,target_ahead,0,"[0.0, 0.0, 0.0, 0.0]",0.9666008949279785,-0.5501000881195068,-0.017130406573414803,1.0921694040298462,1.5588632822036743,0.0,0.0,8.181242398297687
2900,2900,26,target_ahead,1,"[0.009999999776482582, 0.0, 0.0, 0.0]",1.2900630235671997,-0.25251033902168274,-0.03652350604534149,0.9951859712600708,1.6491674184799194,0.4505211114883423,8.181242398297687,12.113767309399117
2900,2900,26,target_ahead,2,"[0.019999999552965164, 0.0, 0.0, 0.0]",1.215972661972046,-0.32642051577568054,-0.0345257893204689,0.9972493648529053,1.6064987182617188,0.10469166189432144,12.113767309399117,15.470513691265118
2900,2900,26,target_ahead,3,"[0.029999999329447746, 0.0, 0.0, 0.0]",0.903725802898407,-0.39222967624664307,-0.03010985068976879,1.0006636381149292,1.404563546180725,0.3191553056240082,15.470513691265118,18.866238383052213
2900,2900,26,target_left,0,"[0.0, 0.0, 0.0, 0.0]",-0.2409391552209854,-0.4164735674858093,-0.001443411223590374,1.1006046533584595,1.2011804580688477,0.0,0.0,7.336660469184794
2900,2900,26,target_left,1,"[0.009999999776482582, 0.0, 0.0, 0.0]",-0.28969189524650574,-0.34028610587120056,-0.0047194138169288635,1.0666484832763672,1.1564935445785522,0.09667012095451355,7.336660469184794,11.853289558535907
2900,2900,26,target_left,2,"[0.019999999552965164, 0.0, 0.0, 0.0]",-0.2521195411682129,-0.34814655780792236,-0.0027777766808867455,1.0614339113235474,1.1451724767684937,0.038786984980106354,11.853289558535907,16.162539979302547
2900,2900,26,target_left,3,"[0.029999999329447746, 0.0, 0.0, 0.0]",-0.2152588963508606,-0.35549190640449524,-0.0021543847396969795,1.0594643354415894,1.1380598545074463,0.03764211758971214,16.162539979302547,20.300851076150405
2900,2900,26,ramp,0,"[-0.5, -0.4333333373069763, -0.36666667461395264, -0.30000001192092896]",-0.7739425897598267,-0.7331790924072266,-0.006124809384346008,0.9920715093612671,1.4562904834747314,0.0,0.0,9.929187253645486
2900,2900,26,ramp,1,"[-0.47999998927116394, -0.41333332657814026, -0.3466666638851166, -0.2800000011920929]",-0.7650775909423828,-0.7334743738174438,0.0009967023506760597,0.9861358404159546,1.4476854801177979,0.012830568477511406,9.929187253645486,15.280554842801173
2900,2900,26,ramp,2,"[-0.46000000834465027, -0.3933333456516266, -0.3266666829586029, -0.2600000202655792]",-0.8380541801452637,-0.7670397758483887,0.002639644779264927,0.9948239326477051,1.5100882053375244,0.08081089705228806,15.280554842801173,20.729241737333872
2900,2900,26,ramp,3,"[-0.4399999976158142, -0.3733333349227905, -0.30666667222976685, -0.24000000953674316]",-0.8583637475967407,-0.7766339778900146,0.0020489413291215897,1.0028657913208008,1.5315654277801514,0.023865196853876114,20.729241737333872,26.18567040173105
2925,2925,26,zero_hold,0,"[0.0, 0.0, 0.0, 0.0]",0.05179206281900406,-0.1534137725830078,0.009043805301189423,0.8471640944480896,0.8625468015670776,0.0,0.0,4.4334073601414685
2925,2925,26,zero_hold,1,"[0.0, 0.0, 0.0, 0.0]",0.03737688809633255,-0.14726275205612183,0.008832007646560669,1.0066605806350708,1.0180996656417847,0.16026480495929718,4.4334073601414685,7.4325533156649986
2925,2925,26,zero_hold,2,"[0.0, 0.0, 0.0, 0.0]",0.05647333711385727,-0.0978291928768158,0.0071902647614479065,1.0097568035125732,1.0160808563232422,0.053109634667634964,7.4325533156649986,10.296763265335407
2925,2925,26,zero_hold,3,"[0.0, 0.0, 0.0, 0.0]",-0.039351291954517365,-0.05606512725353241,0.005821227096021175,0.99735027551651,0.999716579914093,0.10527294129133224,10.296763265335407,12.98444488467938
2925,2925,26,target_ahead,0,"[0.0, 0.0, 0.0, 0.0]",0.9765793681144714,-0.5413973331451416,-0.013329855166375637,1.0824480056762695,1.5552136898040771,0.0,0.0,8.177956958348167
2925,2925,26,target_ahead,1,"[0.009999999776482582, 0.0, 0.0, 0.0]",1.3059899806976318,-0.2473529577255249,-0.030733492225408554,0.9831294417381287,1.6535662412643433,0.4529244005680084,8.177956958348167,12.103864728669977
2925,2925,26,target_ahead,2,"[0.019999999552965164, 0.0, 0.0, 0.0]",1.2375061511993408,-0.3174499571323395,-0.027558263391256332,0.9827575087547302,1.6120693683624268,0.09805021435022354,12.103864728669977,15.456024738805315
2925,2925,26,target_ahead,3,"[0.029999999329447746, 0.0, 0.0, 0.0]",0.9397897124290466,-0.3821084797382355,-0.022728275507688522,0.9843555092811584,1.4137481451034546,0.3046993315219879,15.456024738805315,18.844867043388195
2925,2925,26,target_left,0,"[0.0, 0.0, 0.0, 0.0]",-0.23336702585220337,-0.408420592546463,0.005862525198608637,1.0991432666778564,1.195582628250122,0.0,0.0,7.3187018628729525
2925,2925,26,target_left,1,"[0.009999999776482582, 0.0, 0.0, 0.0]",-0.28630968928337097,-0.32726189494132996,0.005326204001903534,1.0673480033874512,1.1525336503982544,0.10198473930358887,7.3187018628729525,11.833249598317085
2925,2925,26,target_left,2,"[0.019999999552965164, 0.0, 0.0, 0.0]",-0.2573234736919403,-0.3327517509460449,0.008076179772615433,1.0628738403320312,1.143112063407898,0.02996530756354332,11.833249598317085,16.138239761069535
2925,2925,26,target_left,3,"[0.029999999329447746, 0.0, 0.0, 0.0]",-0.22162052989006042,-0.3402841091156006,0.00882641039788723,1.0613195896148682,1.1363917589187622,0.036529649049043655,16.138239761069535,20.270828092990207
2925,2925,26,ramp,0,"[-0.5, -0.4333333373069763, -0.36666667461395264, -0.30000001192092896]",-0.7672772407531738,-0.7184480428695679,0.008818225935101509,1.001569390296936,1.451930046081543,0.0,0.0,9.920625813128137
2925,2925,26,ramp,1,"[-0.47999998927116394, -0.41333332657814026, -0.3466666638851166, -0.2800000011920929]",-0.7620431780815125,-0.7185345888137817,0.018747646361589432,0.9978911280632019,1.4467687606811523,0.01181210856884718,9.920625813128137,15.270278420276767
2925,2925,26,ramp,2,"[-0.46000000834465027, -0.3933333456516266, -0.3266666829586029, -0.2600000202655792]",-0.8347782492637634,-0.7510583400726318,0.02067340537905693,1.0069642066955566,1.5084255933761597,0.08021355420351028,15.270278420276767,20.714608675393954
2925,2925,26,ramp,3,"[-0.4399999976158142, -0.3733333349227905, -0.30666667222976685, -0.24000000953674316]",-0.8539469838142395,-0.7609883546829224,0.019951630383729935,1.015023946762085,1.52937912940979,0.02305484563112259,20.714608675393954,26.168223621517797
2950,2950,26,zero_hold,0,"[0.0, 0.0, 0.0, 0.0]",0.04739764705300331,-0.15328317880630493,0.005546599626541138,0.8484010100364685,0.8634566068649292,0.0,0.0,4.448199737969249
2950,2950,26,zero_hold,1,"[0.0, 0.0, 0.0, 0.0]",0.02217991277575493,-0.1463494449853897,0.0008632875978946686,1.0070910453796387,1.0179111957550049,0.16089895367622375,4.448199737969249,7.451631285649197
2950,2950,26,zero_hold,2,"[0.0, 0.0, 0.0, 0.0]",0.042246509343385696,-0.09455855190753937,-0.004034338518977165,1.0097899436950684,1.0150951147079468,0.055823251605033875,7.451631285649197,10.317420360806691
2950,2950,26,zero_hold,3,"[0.0, 0.0, 0.0, 0.0]",-0.046345438808202744,-0.050581108778715134,-0.006983183324337006,0.996822714805603,0.9992049932479858,0.09979675710201263,10.317420360806691,13.00268119965081
2950,2950,26,target_ahead,0,"[0.0, 0.0, 0.0, 0.0]",0.9684399366378784,-0.5441352128982544,-0.021734904497861862,1.07808518409729,1.5481276512145996,0.0,0.0,8.171095749717688
2950,2950,26,target_ahead,1,"[0.009999999776482582, 0.0, 0.0, 0.0]",1.3015861511230469,-0.24961283802986145,-0.04093068838119507,0.9830846786499023,1.650625228881836,0.455108106136322,8.171095749717688,12.099232494842912
2950,2950,26,target_ahead,2,"[0.019999999552965164, 0.0, 0.0, 0.0]",1.233304738998413,-0.3198621869087219,-0.04014759138226509,0.9833309650421143,1.6099390983581543,0.09796936064958572,12.099232494842912,15.451898067793497
2950,2950,26,target_ahead,3,"[0.029999999329447746, 0.0, 0.0, 0.0]",0.9373283982276917,-0.3852553963661194,-0.036003559827804565,0.986069917678833,1.4144384860992432,0.30315497517585754,15.451898067793497,18.836336778014434
2950,2950,26,target_left,0,"[0.0, 0.0, 0.0, 0.0]",-0.22721333801746368,-0.4089907705783844,-0.0028116386383771896,1.0980144739151,1.193542242050171,0.0,0.0,7.33300173894507
2950,2950,26,target_left,1,"[0.009999999776482582, 0.0, 0.0, 0.0]",-0.2856524884700775,-0.32508373260498047,-0.007373638451099396,1.0643609762191772,1.1489975452423096,0.10774458199739456,7.33300173894507,11.850388340622226
2950,2950,26,target_left,2,"[0.019999999552965164, 0.0, 0.0, 0.0]",-0.256951242685318,-0.3298822343349457,-0.005564272403717041,1.0588476657867432,1.1384356021881104,0.02967250533401966,11.850388340622226,16.157099895788765
2950,2950,26,target_left,3,"[0.029999999329447746, 0.0, 0.0, 0.0]",-0.21658609807491302,-0.33735376596450806,-0.0049750953912734985,1.0569312572479248,1.130418300628662,0.04109973832964897,16.157099895788765,20.28817363565228
2950,2950,26,ramp,0,"[-0.5, -0.4333333373069763, -0.36666667461395264, -0.30000001192092896]",-0.7612280249595642,-0.7152879238128662,-0.004715222865343094,0.9826724529266357,1.4341450929641724,0.0,0.0,9.90920336042738
2950,2950,26,ramp,1,"[-0.47999998927116394, -0.41333332657814026, -0.3466666638851166, -0.2800000011920929]",-0.7529858946800232,-0.711642861366272,0.0010826345533132553,0.9802968502044678,1.4263261556625366,0.01097623910754919,9.90920336042738,15.263421792593908
2950,2950,26,ramp,2,"[-0.46000000834465027, -0.3933333456516266, -0.3266666829586029, -0.2600000202655792]",-0.8365028500556946,-0.7456907033920288,0.0022540148347616196,0.9891669750213623,1.4947401285171509,0.09063325822353363,15.263421792593908,20.70837906361413
2950,2950,26,ramp,3,"[-0.4399999976158142, -0.3733333349227905, -0.30666667222976685, -0.24000000953674316]",-0.857395350933075,-0.7552942037582397,0.0015715155750513077,0.9974656105041504,1.5167518854141235,0.024455204606056213,20.70837906361413,26.160080122571816
2975,2975,26,zero_hold,0,"[0.0, 0.0, 0.0, 0.0]",0.03847398981451988,-0.1555469036102295,0.005922222975641489,0.8474538326263428,0.8624895215034485,0.0,0.0,4.448388100893807
2975,2975,26,zero_hold,1,"[0.0, 0.0, 0.0, 0.0]",0.016759756952524185,-0.15073414146900177,0.0013685235753655434,1.0066970586776733,1.018058180809021,0.16085338592529297,4.448388100893807,7.460169795650684
2975,2975,26,zero_hold,2,"[0.0, 0.0, 0.0, 0.0]",0.04299285635352135,-0.10040738433599472,-0.003985580988228321,1.0099788904190063,1.0158755779266357,0.05709986761212349,7.460169795650684,10.341204228762681
2975,2975,26,zero_hold,3,"[0.0, 0.0, 0.0, 0.0]",-0.04499750956892967,-0.058095235377550125,-0.007197878323495388,0.9975848197937012,1.0003135204315186,0.09847108274698257,10.341204228762681,13.03797278603017
2975,2975,26,target_ahead,0,"[0.0, 0.0, 0.0, 0.0]",0.9773509502410889,-0.5511687994003296,-0.02003219723701477,1.0733561515808105,1.5528994798660278,0.0,0.0,8.195454024859401
2975,2975,26,target_ahead,1,"[0.009999999776482582, 0.0, 0.0, 0.0]",1.311362385749817,-0.25517144799232483,-0.03894304856657982,0.9810316562652588,1.657927393913269,0.4561353921890259,8.195454024859401,12.140149928002263
2975,2975,26,target_ahead,2,"[0.019999999552965164, 0.0, 0.0, 0.0]",1.232718586921692,-0.33045440912246704,-0.037496116012334824,0.981550931930542,1.6104792356491089,0.108879454433918,12.140149928002263,15.497356668934641
2975,2975,26,target_ahead,3,"[0.029999999329447746, 0.0, 0.0, 0.0]",0.9339655637741089,-0.39695727825164795,-0.034327954053878784,0.9847346544265747,1.414477825164795,0.3060983121395111,15.497356668934641,18.894956943358192
2975,2975,26,target_left,0,"[0.0, 0.0, 0.0, 0.0]",-0.23718556761741638,-0.4152058959007263,-0.0030250689014792442,1.0985678434371948,1.1981291770935059,0.0,0.0,7.348090410464836
2975,2975,26,target_left,1,"[0.009999999776482582, 0.0, 0.0, 0.0]",-0.2933870851993561,-0.33465102314949036,-0.009066267870366573,1.0673855543136597,1.1564866304397583,0.10323046892881393,7.348090410464836,11.880394897760402
2975,2975,26,target_left,2,"[0.019999999552965164, 0.0, 0.0, 0.0]",-0.25626590847969055,-0.3418126106262207,-0.007799406535923481,1.0634586811065674,1.1460860967636108,0.03803018853068352,11.880394897760402,16.200352613119083
2975,2975,26,target_left,3,"[0.029999999329447746, 0.0, 0.0, 0.0]",-0.21644626557826996,-0.34884536266326904,-0.007511242292821407,1.0619542598724365,1.1385716199874878,0.04046492278575897,16.200352613119083,20.346151807167303
2975,2975,26,ramp,0,"[-0.5, -0.4333333373069763, -0.36666667461395264, -0.30000001192092896]",-0.782605767250061,-0.7276262044906616,-0.004690696485340595,0.9775440692901611,1.4482837915420532,0.0,0.0,9.917885668933415
2975,2975,26,ramp,1,"[-0.47999998927116394, -0.41333332657814026, -0.3466666638851166, -0.2800000011920929]",-0.7744439244270325,-0.7291375994682312,-0.0012602917850017548,0.9805995225906372,1.4467142820358276,0.009487015195190907,9.917885668933415,15.288270855366456
2975,2975,26,ramp,2,"[-0.46000000834465027, -0.3933333456516266, -0.3266666829586029, -0.2600000202655792]",-0.8564403653144836,-0.7647478580474854,-0.0008621504530310631,0.9916688203811646,1.5171476602554321,0.09007882326841354,15.288270855366456,20.75229722399488
2975,2975,26,ramp,3,"[-0.4399999976158142, -0.3733333349227905, -0.30666667222976685, -0.24000000953674316]",-0.8779403567314148,-0.7746841311454773,-0.0017142174765467644,1.0008891820907593,1.5403560400009155,0.025430694222450256,20.75229722399488,26.2219599188447
3000,3000,26,zero_hold,0,"[0.0, 0.0, 0.0, 0.0]",0.04417791962623596,-0.1506062000989914,0.009251372888684273,0.8518372178077698,0.8662252426147461,0.0,0.0,4.445462119290126
3000,3000,26,zero_hold,1,"[0.0, 0.0, 0.0, 0.0]",0.02024686709046364,-0.14689858257770538,0.0071807182393968105,1.0129609107971191,1.02378249168396,0.16294653713703156,4.445462119290126,7.459845092669665
3000,3000,26,zero_hold,2,"[0.0, 0.0, 0.0, 0.0]",0.041780948638916016,-0.09663718193769455,0.003125762566924095,1.0156292915344238,1.0210764408111572,0.05489524453878403,7.459845092669665,10.343421300505774
3000,3000,26,zero_hold,3,"[0.0, 0.0, 0.0, 0.0]",-0.04680410772562027,-0.05458947271108627,0.0004504341632127762,1.0024800300598145,1.0050557851791382,0.09897162765264511,10.343421300505774,13.03973727204532
3000,3000,26,target_ahead,0,"[0.0, 0.0, 0.0, 0.0]",0.9793040752410889,-0.5377280712127686,-0.016956496983766556,1.0808115005493164,1.554551124572754,0.0,0.0,8.177512448821554
3000,3000,26,target_ahead,1,"[0.009999999776482582, 0.0, 0.0, 0.0]",1.3066771030426025,-0.244765505194664,-0.03333643078804016,0.9858900904655457,1.6554170846939087,0.44975385069847107,8.177512448821554,12.134194473479225
3000,3000,26,target_ahead,2,"[0.019999999552965164, 0.0, 0.0, 0.0]",1.216834306716919,-0.3226468861103058,-0.03142772614955902,0.9864931702613831,1.5996696949005127,0.11891695857048035,12.134194473479225,15.483471070121768
3000,3000,26,target_ahead,3,"[0.029999999329447746, 0.0, 0.0, 0.0]",0.9147467613220215,-0.38797685503959656,-0.02835998125374317,0.9880179762840271,1.4015246629714966,0.3090899884700775,15.483471070121768,18.875466959866646
3000,3000,26,target_left,0,"[0.0, 0.0, 0.0, 0.0]",-0.23102976381778717,-0.41096946597099304,0.0018236301839351654,1.1057732105255127,1.202085018157959,0.0,0.0,7.357156261753972
3000,3000,26,target_left,1,"[0.009999999776482582, 0.0, 0.0, 0.0]",-0.28947532176971436,-0.3350324034690857,-0.0031394530087709427,1.0743348598480225,1.1620017290115356,0.10097189247608185,7.357156261753972,11.89196696749236
3000,3000,26,target_left,2,"[0.019999999552965164, 0.0, 0.0, 0.0]",-0.2525237798690796,-0.3430649936199188,-0.0018501412123441696,1.0698747634887695,1.1515629291534424,0.038098473101854324,11.89196696749236,16.21250254160804
3000,3000,26,target_left,3,"[0.029999999329447746, 0.0, 0.0, 0.0]",-0.2137405425310135,-0.3501541018486023,-0.0015301723033189774,1.0677995681762695,1.1438930034637451,0.03948168829083443,16.21250254160804,20.35731612162404
3000,3000,26,ramp,0,"[-0.5, -0.4333333373069763, -0.36666667461395264, -0.30000001192092896]",-0.7756679654121399,-0.7245608568191528,-0.0010121557861566544,0.9979164004325867,1.4568759202957153,0.0,0.0,9.927452545058545
3000,3000,26,ramp,1,"[-0.47999998927116394, -0.41333332657814026, -0.3466666638851166, -0.2800000011920929]",-0.7688121795654297,-0.7284379005432129,0.0024313125759363174,0.9987327456474304,1.4557358026504517,0.008634649217128754,9.927452545058545,15.279924961790428
3000,3000,26,ramp,2,"[-0.46000000834465027, -0.3933333456516266, -0.3266666829586029, -0.2600000202655792]",-0.8451446294784546,-0.7635759711265564,0.003163767047226429,1.0080342292785645,1.521006464958191,0.08454810082912445,15.279924961790428,20.738715753889277
3000,3000,26,ramp,3,"[-0.4399999976158142, -0.3733333349227905, -0.30666667222976685, -0.24000000953674316]",-0.8659399151802063,-0.7736861109733582,0.0024725841358304024,1.0169086456298828,1.5435515642166138,0.024776840582489967,20.738715753889277,26.207799343651928
3025,3025,26,zero_hold,0,"[0.0, 0.0, 0.0, 0.0]",0.04569258540868759,-0.15131507813930511,0.00970715656876564,0.8531243205070496,0.8676977753639221,0.0,0.0,4.443969670755681
3025,3025,26,zero_hold,1,"[0.0, 0.0, 0.0, 0.0]",0.024006986990571022,-0.1491854190826416,0.008125465363264084,1.0135986804962158,1.0248321294784546,0.16195470094680786,4.443969670755681,7.4582728324341465
3025,3025,26,zero_hold,2,"[0.0, 0.0, 0.0, 0.0]",0.04507308453321457,-0.0989256203174591,0.004477283917367458,1.0143437385559082,1.0201623439788818,0.054623186588287354,7.4582728324341465,10.348272708745823
3025,3025,26,zero_hold,3,"[0.0, 0.0, 0.0, 0.0]",-0.0486883819103241,-0.05688361078500748,0.0017662756145000458,1.0001524686813354,1.0029528141021729,0.10376649349927902,10.348272708745823,13.053154480093031
3025,3025,26,target_ahead,0,"[0.0, 0.0, 0.0, 0.0]",0.9705129861831665,-0.5393252372741699,-0.011566980741918087,1.0820016860961914,1.5503640174865723,0.0,0.0,8.168522457630829
3025,3025,26,target_ahead,1,"[0.009999999776482582, 0.0, 0.0, 0.0]",1.2874503135681152,-0.2538340985774994,-0.026421934366226196,0.9892030954360962,1.6435270309448242,0.4367913603782654,8.168522457630829,12.112754524533461
3025,3025,26,target_ahead,2,"[0.019999999552965164, 0.0, 0.0, 0.0]",1.2016502618789673,-0.3289308547973633,-0.02324189990758896,0.9899919033050537,1.5914719104766846,0.11406974494457245,12.112754524533461,15.487907269428518
3025,3025,26,target_ahead,3,"[0.029999999329447746, 0.0, 0.0, 0.0]",0.8963915705680847,-0.39302298426628113,-0.01964494213461876,0.9912937879562378,1.3932100534439087,0.31193798780441284,15.487907269428518,18.90795595581736
3025,3025,26,target_left,0,"[0.0, 0.0, 0.0, 0.0]",-0.2187236249446869,-0.4118756949901581,0.003279588185250759,1.1046503782272339,1.1990599632263184,0.0,0.0,7.340608712727637
3025,3025,26,target_left,1,"[0.009999999776482582, 0.0, 0.0, 0.0]",-0.27574408054351807,-0.3377794027328491,-0.0028643952682614326,1.0695395469665527,1.1550120115280151,0.10006053745746613,7.340608712727637,11.855714664427897
3025,3025,26,target_left,2,"[0.019999999552965164, 0.0, 0.0, 0.0]",-0.24083931744098663,-0.3428650498390198,-0.002069697715342045,1.0643353462219238,1.1438417434692383,0.03566401079297066,11.855714664427897,16.158677417446285
3025,3025,26,target_left,3,"[0.029999999329447746, 0.0, 0.0, 0.0]",-0.2043745517730713,-0.3489149808883667,-0.001831892877817154,1.0618596076965332,1.1362481117248535,0.03704681620001793,16.158677417446285,20.28324626307885
3025,3025,26,ramp,0,"[-0.5, -0.4333333373069763, -0.36666667461395264, -0.30000001192092896]",-0.7754697799682617,-0.7377368211746216,-0.0018185852095484734,0.9985566139221191,1.463805913925171,0.0,0.0,9.92728268395087
3025,3025,26,ramp,1,"[-0.47999998927116394, -0.41333332657814026, -0.3466666638851166, -0.2800000011920929]",-0.7522119879722595,-0.7375152707099915,-0.0008823536336421967,1.0007003545761108,1.4529809951782227,0.023376187309622765,9.92728268395087,15.259218824665572
3025,3025,26,ramp,2,"[-0.46000000834465027, -0.3933333456516266, -0.3266666829586029, -0.2600000202655792]",-0.825502336025238,-0.771642804145813,-7.953867316246033e-05,1.0089977979660034,1.5149136781692505,0.08127518743276596,15.259218824665572,20.70897336879065
3025,3025,26,ramp,3,"[-0.4399999976158142, -0.3733333349227905, -0.30666667222976685, -0.24000000953674316]",-0.8445242047309875,-0.7812896370887756,-0.0006294781342148781,1.0171970129013062,1.5356837511062622,0.022856561467051506,20.70897336879065,26.16349485651494
3050,3050,26,zero_hold,0,"[0.0, 0.0, 0.0, 0.0]",0.046384528279304504,-0.14963547885417938,0.009781237691640854,0.8539525270462036,0.868258535861969,0.0,0.0,4.441372358296811
3050,3050,26,zero_hold,1,"[0.0, 0.0, 0.0, 0.0]",0.02325250208377838,-0.14773985743522644,0.009301290847361088,1.0146567821502686,1.0256620645523071,0.16237232089042664,4.441372358296811,7.453255903798297
3050,3050,26,zero_hold,2,"[0.0, 0.0, 0.0, 0.0]",0.04832679033279419,-0.09776997566223145,0.006464538164436817,1.0155730247497559,1.021432638168335,0.05598745867609978,7.453255903798297,10.339534326927755
3050,3050,26,zero_hold,3,"[0.0, 0.0, 0.0, 0.0]",-0.04462604224681854,-0.05632910504937172,0.004052676260471344,1.0015920400619507,1.0041749477386475,0.1027563139796257,10.339534326927755,13.035732846072776
3050,3050,26,target_ahead,0,"[0.0, 0.0, 0.0, 0.0]",0.9705106616020203,-0.5401917695999146,-0.0071929218247532845,1.0809968709945679,1.5499367713928223,0.0,0.0,8.181154036367678
3050,3050,26,target_ahead,1,"[0.009999999776482582, 0.0, 0.0, 0.0]",1.2821009159088135,-0.2534545063972473,-0.021952245384454727,0.988967776298523,1.6390732526779175,0.43358269333839417,8.181154036367678,12.122499667635774
3050,3050,26,target_ahead,2,"[0.019999999552965164, 0.0, 0.0, 0.0]",1.2000757455825806,-0.3282696008682251,-0.018903732299804688,0.9908227920532227,1.5906068086624146,0.11107727885246277,12.122499667635774,15.506183561508742
3050,3050,26,target_ahead,3,"[0.029999999329447746, 0.0, 0.0, 0.0]",0.8920363187789917,-0.3917556703090668,-0.015330619178712368,0.9935234785079956,1.39159095287323,0.3145454227924347,15.506183561508742,18.929440553265852
3050,3050,26,target_left,0,"[0.0, 0.0, 0.0, 0.0]",-0.2205255925655365,-0.4094841182231903,0.0038263043388724327,1.106519341468811,1.200295090675354,0.0,0.0,7.339317525986888
3050,3050,26,target_left,1,"[0.009999999776482582, 0.0, 0.0, 0.0]",-0.28044551610946655,-0.33418145775794983,-0.0005786875262856483,1.068544864654541,1.1541730165481567,0.1035487949848175,7.339317525986888,11.83937750034459
3050,3050,26,target_left,2,"[0.019999999552965164, 0.0, 0.0, 0.0]",-0.24457067251205444,-0.33831170201301575,0.00021309498697519302,1.0631213188171387,1.1421456336975098,0.03652540594339371,11.83937750034459,16.126719459369937
3050,3050,26,target_left,3,"[0.029999999329447746, 0.0, 0.0, 0.0]",-0.2093600034713745,-0.34400007128715515,0.0003284243866801262,1.060570240020752,1.134450078010559,0.03575849533081055,16.126719459369937,20.237469368952933
3050,3050,26,ramp,0,"[-0.5, -0.4333333373069763, -0.36666667461395264, -0.30000001192092896]",-0.7783330082893372,-0.7370933890342712,-0.0013186195865273476,0.9984724521636963,1.4649429321289062,0.0,0.0,9.932401251209694
3050,3050,26,ramp,1,"[-0.47999998927116394, -0.41333332657814026, -0.3466666638851166, -0.2800000011920929]",-0.7559746503829956,-0.7348637580871582,-0.0003913985565304756,1.0023828744888306,1.4547488689422607,0.022825831547379494,9.932401251209694,15.256718509467047
3050,3050,26,ramp,2,"[-0.46000000834465027, -0.3933333456516266, -0.3266666829586029, -0.2600000202655792]",-0.8319643139839172,-0.7684623003005981,0.0006273062899708748,1.0100404024124146,1.5175246000289917,0.08344439417123795,15.256718509467047,20.69721831311555
3050,3050,26,ramp,3,"[-0.4399999976158142, -0.3733333349227905, -0.30666667222976685, -0.24000000953674316]",-0.8526642918586731,-0.7777447700500488,0.00012265238910913467,1.018073320388794,1.5389596223831177,0.024071471765637398,20.69721831311555,26.137665724308103
3075,3075,26,zero_hold,0,"[0.0, 0.0, 0.0, 0.0]",0.04223444685339928,-0.15145854651927948,0.009897141717374325,0.8544093370437622,0.8688133955001831,0.0,0.0,4.4422671779192395
3075,3075,26,zero_hold,1,"[0.0, 0.0, 0.0, 0.0]",0.02212068811058998,-0.14890886843204498,0.008652177639305592,1.0165445804595947,1.0276676416397095,0.1634027361869812,4.4422671779192395,7.449882332175281
3075,3075,26,zero_hold,2,"[0.0, 0.0, 0.0, 0.0]",0.049568336457014084,-0.09912635385990143,0.0058533139526844025,1.0189063549041748,1.0249329805374146,0.05696563422679901,7.449882332175281,10.331401421070106
3075,3075,26,zero_hold,3,"[0.0, 0.0, 0.0, 0.0]",-0.04418690875172615,-0.057487357407808304,0.003410723991692066,1.0055902004241943,1.0082066059112549,0.10347530245780945,10.331401421070106,13.02648820334777
3075,3075,26,target_ahead,0,"[0.0, 0.0, 0.0, 0.0]",0.9756202697753906,-0.5496581792831421,-0.005918524228036404,1.084977626800537,1.5592211484909058,0.0,0.0,8.187730541203075
3075,3075,26,target_ahead,1,"[0.009999999776482582, 0.0, 0.0, 0.0]",1.2899489402770996,-0.2637026906013489,-0.02253589779138565,0.9933679699897766,1.649483323097229,0.43501898646354675,8.187730541203075,12.134261150229605
3075,3075,26,target_ahead,2,"[0.019999999552965164, 0.0, 0.0, 0.0]",1.2045401334762573,-0.33921706676483154,-0.01944221556186676,0.9950650334358215,1.5989114046096802,0.11405935138463974,12.134261150229605,15.50834988007036
3075,3075,26,target_ahead,3,"[0.029999999329447746, 0.0, 0.0, 0.0]",0.8976962566375732,-0.4050953686237335,-0.01581888273358345,0.998113214969635,1.4022984504699707,0.313871830701828,15.50834988007036,18.926955748892762
3075,3075,26,target_left,0,"[0.0, 0.0, 0.0, 0.0]",-0.22560974955558777,-0.4123448133468628,0.004412228241562843,1.1066334247589111,1.2023248672485352,0.0,0.0,7.3414714378960815
3075,3075,26,target_left,1,"[0.009999999776482582, 0.0, 0.0, 0.0]",-0.28653889894485474,-0.3374345004558563,-0.0005991486832499504,1.0693387985229492,1.1573470830917358,0.1036335825920105,7.3414714378960815,11.845121829928983
3075,3075,26,target_left,2,"[0.019999999552965164, 0.0, 0.0, 0.0]",-0.25234103202819824,-0.3417659401893616,7.409881800413132e-05,1.064125657081604,1.1457937955856323,0.03486955165863037,11.845121829928983,16.135536111896247
3075,3075,26,target_left,3,"[0.029999999329447746, 0.0, 0.0, 0.0]",-0.21524296700954437,-0.347667932510376,0.00011160783469676971,1.0617529153823853,1.1377705335617065,0.03763949126005173,16.135536111896247,20.250597489834426
3075,3075,26,ramp,0,"[-0.5, -0.4333333373069763, -0.36666667461395264, -0.30000001192092896]",-0.7832622528076172,-0.746925413608551,0.00035987701267004013,1.0025230646133423,1.475279688835144,0.0,0.0,9.936311109333095
3075,3075,26,ramp,1,"[-0.47999998927116394, -0.41333332657814026, -0.3466666638851166, -0.2800000011920929]",-0.7593735456466675,-0.7443056702613831,0.0001322263851761818,1.0035030841827393,1.4620730876922607,0.024052975699305534,9.936311109333095,15.26863925618263
3075,3075,26,ramp,2,"[-0.46000000834465027, -0.3933333456516266, -0.3266666829586029, -0.2600000202655792]",-0.8351614475250244,-0.7768917083740234,0.000461711548268795,1.0102494955062866,1.5236992835998535,0.08277244865894318,15.26863925618263,20.71349549875406
3075,3075,26,ramp,3,"[-0.4399999976158142, -0.3733333349227905, -0.30666667222976685, -0.24000000953674316]",-0.8550882935523987,-0.78570955991745,-0.0002991165965795517,1.0180150270462036,1.5443024635314941,0.023145539686083794,20.71349549875406,26.157040610551782
3100,3100,26,zero_hold,0,"[0.0, 0.0, 0.0, 0.0]",0.04347832128405571,-0.14938046038150787,0.008046414703130722,0.8551540374755859,0.8692284226417542,0.0,0.0,4.436144344918331
3100,3100,26,zero_hold,1,"[0.0, 0.0, 0.0, 0.0]",0.021732445806264877,-0.14606833457946777,0.00636546965688467,1.0181061029434204,1.028780221939087,0.16443860530853271,4.436144344918331,7.442618115264756
3100,3100,26,zero_hold,2,"[0.0, 0.0, 0.0, 0.0]",0.04155128076672554,-0.09551705420017242,0.00349237397313118,1.0215154886245728,1.0268183946609497,0.05448024347424507,7.442618115264756,10.327681404964245
3100,3100,26,zero_hold,3,"[0.0, 0.0, 0.0, 0.0]",-0.05730288103222847,-0.05298932269215584,0.0012430474162101746,1.0085400342941284,1.0115562677383423,0.10841666907072067,10.327681404964245,13.032847527567434
3100,3100,26,target_ahead,0,"[0.0, 0.0, 0.0, 0.0]",0.9638479351997375,-0.537841796875,-0.010256538167595863,1.0846880674362183,1.5475561618804932,0.0,0.0,8.178688133822511
3100,3100,26,target_ahead,1,"[0.009999999776482582, 0.0, 0.0, 0.0]",1.2812700271606445,-0.25239112973213196,-0.025348519906401634,0.9963529109954834,1.6427768468856812,0.4361991882324219,8.178688133822511,12.128317205272374
3100,3100,26,target_ahead,2,"[0.019999999552965164, 0.0, 0.0, 0.0]",1.1992011070251465,-0.32647889852523804,-0.022609924897551537,0.9980398416519165,1.594135046005249,0.11061035096645355,12.128317205272374,15.5117079869291
3100,3100,26,target_ahead,3,"[0.029999999329447746, 0.0, 0.0, 0.0]",0.8946480751037598,-0.3909357190132141,-0.019427428022027016,1.0012128353118896,1.398581624031067,0.31133168935775757,15.5117079869291,18.938946645957337
3100,3100,26,target_left,0,"[0.0, 0.0, 0.0, 0.0]",-0.2314637452363968,-0.4086427390575409,0.0037344517186284065,1.1083550453186035,1.203756332397461,0.0,0.0,7.336712201944212
3100,3100,26,target_left,1,"[0.009999999776482582, 0.0, 0.0, 0.0]",-0.28879469633102417,-0.33418694138526917,-0.0004753340035676956,1.0721749067306519,1.1595872640609741,0.1007830798625946,7.336712201944212,11.83871880087572
3100,3100,26,target_left,2,"[0.019999999552965164, 0.0, 0.0, 0.0]",-0.2555583715438843,-0.33905598521232605,0.0006884690374135971,1.066855788230896,1.148238182067871,0.034029521048069,11.83871880087572,16.129115836425644
3100,3100,26,target_left,3,"[0.029999999329447746, 0.0, 0.0, 0.0]",-0.21546570956707,-0.3456745743751526,0.0008966680616140366,1.0644410848617554,1.1397157907485962,0.040707509964704514,16.129115836425644,20.24220255145552
3100,3100,26,ramp,0,"[-0.5, -0.4333333373069763, -0.36666667461395264, -0.30000001192092896]",-0.7929462790489197,-0.7444393038749695,0.004405990708619356,0.9962358474731445,1.4749436378479004,0.0,0.0,9.932405109801309
3100,3100,26,ramp,1,"[-0.47999998927116394, -0.41333332657814026, -0.3466666638851166, -0.2800000011920929]",-0.7596334218978882,-0.7373854517936707,0.004876627121120691,1.0048717260360718,1.4596476554870605,0.035132650285959244,9.932405109801309,15.255438970984171
3100,3100,26,ramp,2,"[-0.46000000834465027, -0.3933333456516266, -0.3266666829586029, -0.2600000202655792]",-0.8352972269058228,-0.77069491147995,0.005491563118994236,1.0132023096084595,1.522596836090088,0.08309216797351837,15.255438970984171,20.691454481109606
3100,3100,26,ramp,3,"[-0.4399999976158142, -0.3733333349227905, -0.30666667222976685, -0.24000000953674316]",-0.8546733856201172,-0.7798665761947632,0.00469477754086256,1.0219097137451172,1.5436903238296509,0.023151861503720284,20.691454481109606,26.126648820491337
3125,3125,26,zero_hold,0,"[0.0, 0.0, 0.0, 0.0]",0.04154139757156372,-0.15048551559448242,0.009510104544460773,0.860706627368927,0.8748016357421875,0.0,0.0,4.46758015081221
3125,3125,26,zero_hold,1,"[0.0, 0.0, 0.0, 0.0]",0.01466849260032177,-0.14888936281204224,0.007764503359794617,1.0222700834274292,1.033189058303833,0.1638001799583435,4.46758015081221,7.483193252719144
3125,3125,26,zero_hold,2,"[0.0, 0.0, 0.0, 0.0]",0.033285826444625854,-0.10011029243469238,0.004877662286162376,1.0244319438934326,1.0298614501953125,0.052335552871227264,7.483193252719144,10.374272651070243
3125,3125,26,zero_hold,3,"[0.0, 0.0, 0.0, 0.0]",-0.06108108162879944,-0.058109670877456665,0.002241845242679119,1.0102570056915283,1.0137711763381958,0.10429305583238602,10.374272651070243,13.086347448810109
3125,3125,26,target_ahead,0,"[0.0, 0.0, 0.0, 0.0]",0.9653742909431458,-0.5418161749839783,-0.005977296270430088,1.0895469188690186,1.5532740354537964,0.0,0.0,8.19584323752875
3125,3125,26,target_ahead,1,"[0.009999999776482582, 0.0, 0.0, 0.0]",1.280167579650879,-0.25998368859291077,-0.020000655204057693,0.9975051283836365,1.6437265872955322,0.43265771865844727,8.19584323752875,12.14375433361799
3125,3125,26,target_ahead,2,"[0.019999999552965164, 0.0, 0.0, 0.0]",1.1941015720367432,-0.33846330642700195,-0.01603565365076065,0.9990959763526917,1.5933881998062134,0.11655324697494507,12.14375433361799,15.548561227362196
3125,3125,26,target_ahead,3,"[0.029999999329447746, 0.0, 0.0, 0.0]",0.8801217675209045,-0.40585464239120483,-0.012491936795413494,1.003688097000122,1.3953057527542114,0.32118305563926697,15.548561227362196,18.98705338112417
3125,3125,26,target_left,0,"[0.0, 0.0, 0.0, 0.0]",-0.236165851354599,-0.4090978503227234,0.004715460352599621,1.1074726581573486,1.2040154933929443,0.0,0.0,7.351403311971124
3125,3125,26,target_left,1,"[0.009999999776482582, 0.0, 0.0, 0.0]",-0.28826773166656494,-0.3343082070350647,-0.0017972523346543312,1.0710089206695557,1.1584142446517944,0.09838758409023285,7.351403311971124,11.867426574047665
3125,3125,26,target_left,2,"[0.019999999552965164, 0.0, 0.0, 0.0]",-0.2591227889060974,-0.3393132984638214,-0.0012839389964938164,1.0644819736480713,1.1469095945358276,0.030287673696875572,11.867426574047665,16.170901079352763
3125,3125,26,target_left,3,"[0.029999999329447746, 0.0, 0.0, 0.0]",-0.21857067942619324,-0.3458090126514435,-0.0012529948726296425,1.0618245601654053,1.1379059553146362,0.04115495830774307,16.170901079352763,20.300786916488065
3125,3125,26,ramp,0,"[-0.5, -0.4333333373069763, -0.36666667461395264, -0.30000001192092896]",-0.795908510684967,-0.7382695078849792,0.0005786474794149399,1.0013587474822998,1.4768993854522705,0.0,0.0,9.93160459161359
3125,3125,26,ramp,1,"[-0.47999998927116394, -0.41333332657814026, -0.3466666638851166, -0.2800000011920929]",-0.7690344452857971,-0.7374119758605957,-0.002453482709825039,1.006805181503296,1.465896725654602,0.02760087326169014,9.93160459161359,15.266137542425989
3125,3125,26,ramp,2,"[-0.46000000834465027, -0.3933333456516266, -0.3266666829586029, -0.2600000202655792]",-0.8432468175888062,-0.7709367871284485,-0.0025249654427170753,1.0151952505111694,1.528409719467163,0.08186444640159607,15.266137542425989,20.704909948812126
3125,3125,26,ramp,3,"[-0.4399999976158142, -0.3733333349227905, -0.30666667222976685, -0.24000000953674316]",-0.8626092076301575,-0.7802774310112,-0.0033753737807273865,1.0237834453582764,1.5495390892028809,0.023165276274085045,20.704909948812126,26.14689000224021
3150,3150,26,zero_hold,0,"[0.0, 0.0, 0.0, 0.0]",0.04052789509296417,-0.15150588750839233,0.008666468784213066,0.8579871654510498,0.8722463250160217,0.0,0.0,4.458080547614212
3150,3150,26,zero_hold,1,"[0.0, 0.0, 0.0, 0.0]",0.013643303886055946,-0.14987988770008087,0.0065882038325071335,1.0189763307571411,1.030051589012146,0.16323986649513245,4.458080547614212,7.470582079417339
3150,3150,26,zero_hold,2,"[0.0, 0.0, 0.0, 0.0]",0.03617807477712631,-0.1017313152551651,0.0035036569461226463,1.0210065841674805,1.0267058610916138,0.05328918248414993,7.470582079417339,10.361117271210246
3150,3150,26,zero_hold,3,"[0.0, 0.0, 0.0, 0.0]",-0.05277884006500244,-0.06083907186985016,0.0007935157045722008,1.0070133209228516,1.010229468345642,0.09893767535686493,10.361117271210246,13.07090944658297
3150,3150,26,target_ahead,0,"[0.0, 0.0, 0.0, 0.0]",0.9636830687522888,-0.5424290895462036,-0.011181068606674671,1.0837485790252686,1.5484025478363037,0.0,0.0,8.183606205518261
3150,3150,26,target_ahead,1,"[0.009999999776482582, 0.0, 0.0, 0.0]",1.2803860902786255,-0.26223862171173096,-0.023875776678323746,0.9926581382751465,1.6413706541061401,0.43274256587028503,8.183606205518261,12.12997784137023
3150,3150,26,target_ahead,2,"[0.019999999552965164, 0.0, 0.0, 0.0]",1.2070733308792114,-0.337610125541687,-0.020354166626930237,0.9919118881225586,1.5985337495803833,0.10520733892917633,12.12997784137023,15.527527226176069
3150,3150,26,target_ahead,3,"[0.029999999329447746, 0.0, 0.0, 0.0]",0.9089664816856384,-0.4025433659553528,-0.01685742288827896,0.9945855140686035,1.4063235521316528,0.3051284849643707,15.527527226176069,18.957952508371072
3150,3150,26,target_left,0,"[0.0, 0.0, 0.0, 0.0]",-0.22445447742938995,-0.4158639907836914,0.0032906904816627502,1.104537844657898,1.2013897895812988,0.0,0.0,7.342698838893628
3150,3150,26,target_left,1,"[0.009999999776482582, 0.0, 0.0, 0.0]",-0.2811114192008972,-0.34085649251937866,-0.002850220538675785,1.0682172775268555,1.155985713005066,0.10096053034067154,7.342698838893628,11.853169539084757
3150,3150,26,target_left,2,"[0.019999999552965164, 0.0, 0.0, 0.0]",-0.25089767575263977,-0.34469783306121826,-0.002321678213775158,1.061704397201538,1.144110083580017,0.031150011345744133,11.853169539084757,16.14939307748689
3150,3150,26,target_left,3,"[0.029999999329447746, 0.0, 0.0, 0.0]",-0.21193185448646545,-0.35067564249038696,-0.0022608330473303795,1.0592734813690186,1.1357613801956177,0.039496611803770065,16.14939307748689,20.271564502173735
3150,3150,26,ramp,0,"[-0.5, -0.4333333373069763, -0.36666667461395264, -0.30000001192092896]",-0.7906956672668457,-0.7388920187950134,-0.0006399704143404961,0.99509596824646,1.4701623916625977,0.0,0.0,9.931092593763404
3150,3150,26,ramp,1,"[-0.47999998927116394, -0.41333332657814026, -0.3466666638851166, -0.2800000011920929]",-0.7657862901687622,-0.7371811270713806,-0.0026509100571274757,0.9976757764816284,1.4578163623809814,0.02518141083419323,9.931092593763404,15.267623740787005
3150,3150,26,ramp,2,"[-0.46000000834465027, -0.3933333456516266, -0.3266666829586029, -0.2600000202655792]",-0.838474690914154,-0.7702671885490417,-0.0024165352806448936,1.0056381225585938,1.5191001892089844,0.08026048541069031,15.267623740787005,20.70751173347749
3150,3150,26,ramp,3,"[-0.4399999976158142, -0.3733333349227905, -0.30666667222976685, -0.24000000953674316]",-0.8585268259048462,-0.7794029116630554,-0.0031584957614541054,1.0143026113510132,1.5405703783035278,0.02368909865617752,20.70751173347749,26.149390449240485
3175,3175,26,zero_hold,0,"[0.0, 0.0, 0.0, 0.0]",0.04178038239479065,-0.1494874805212021,0.01184397004544735,0.8570815324783325,0.8711034059524536,0.0,0.0,4.4629618290182655
3175,3175,26,zero_hold,1,"[0.0, 0.0, 0.0, 0.0]",0.018938573077321053,-0.146764874458313,0.010111209005117416,1.0168014764785767,1.0275630950927734,0.16137726604938507,4.4629618290182655,7.478537282972479
3175,3175,26,zero_hold,2,"[0.0, 0.0, 0.0, 0.0]",0.04110698401927948,-0.09832987189292908,0.006699071731418371,1.0187138319015503,1.0242955684661865,0.05341055616736412,7.478537282972479,10.373106263563084
3175,3175,26,zero_hold,3,"[0.0, 0.0, 0.0, 0.0]",-0.04904168099164963,-0.05791863426566124,0.003749578259885311,1.005064606666565,1.0079327821731567,0.09977400302886963,10.373106263563084,13.084548191924302
3175,3175,26,target_ahead,0,"[0.0, 0.0, 0.0, 0.0]",0.9656625986099243,-0.5415483117103577,-0.0066564250737428665,1.0836491584777832,1.5492316484451294,0.0,0.0,8.182385750427592
3175,3175,26,target_ahead,1,"[0.009999999776482582, 0.0, 0.0, 0.0]",1.2762165069580078,-0.2591329514980316,-0.021119995042681694,0.9932997226715088,1.6379770040512085,0.42962121963500977,8.182385750427592,12.12273494513938
3175,3175,26,target_ahead,2,"[0.019999999552965164, 0.0, 0.0, 0.0]",1.1786454916000366,-0.33875831961631775,-0.01672372780740261,0.9936636686325073,1.5784833431243896,0.12601491808891296,12.12273494513938,15.512374959348879
3175,3175,26,target_ahead,3,"[0.029999999329447746, 0.0, 0.0, 0.0]",0.8564940690994263,-0.4062386155128479,-0.012746930122375488,0.9985150098800659,1.3768829107284546,0.329202800989151,15.512374959348879,18.946677718469726
3175,3175,26,target_left,0,"[0.0, 0.0, 0.0, 0.0]",-0.23116840422153473,-0.4061899185180664,0.008949272334575653,1.101676344871521,1.19674551486969,0.0,0.0,7.33620854929104
3175,3175,26,target_left,1,"[0.009999999776482582, 0.0, 0.0, 0.0]",-0.28620702028274536,-0.32857173681259155,0.0016250181943178177,1.066251516342163,1.1518545150756836,0.10179585218429565,7.33620854929104,11.845608461768911
3175,3175,26,target_left,2,"[0.019999999552965164, 0.0, 0.0, 0.0]",-0.25837430357933044,-0.3327164053916931,0.002190086990594864,1.0597809553146362,1.1404376029968262,0.028879506513476372,11.845608461768911,16.137060228482497
3175,3175,26,target_left,3,"[0.029999999329447746, 0.0, 0.0, 0.0]",-0.21802233159542084,-0.33876684308052063,0.0022474806755781174,1.0575319528579712,1.1316694021224976,0.04086503013968468,16.137060228482497,20.252174285296462
3175,3175,26,ramp,0,"[-0.5, -0.4333333373069763, -0.36666667461395264, -0.30000001192092896]",-0.7912448644638062,-0.7404670119285583,0.007839271798729897,0.9937525987625122,1.4703624248504639,0.0,0.0,9.932649228594602
3175,3175,26,ramp,1,"[-0.47999998927116394, -0.41333332657814026, -0.3466666638851166, -0.2800000011920929]",-0.7636502981185913,-0.7381680011749268,0.004349551163613796,0.9945288896560669,1.455046534538269,0.02791999839246273,9.932649228594602,15.266170176223357
3175,3175,26,ramp,2,"[-0.46000000834465027, -0.3933333456516266, -0.3266666829586029, -0.2600000202655792]",-0.8352174758911133,-0.7708980441093445,0.004584805108606815,1.0026828050613403,1.5156733989715576,0.07911800593137741,15.266170176223357,20.697432778557936
3175,3175,26,ramp,3,"[-0.4399999976158142, -0.3733333349227905, -0.30666667222976685, -0.24000000953674316]",-0.8543791174888611,-0.7799761891365051,0.0037660887464880943,1.0113905668258667,1.536636471748352,0.02293636091053486,20.697432778557936,26.127050822094038
3200,3200,26,zero_hold,0,"[0.0, 0.0, 0.0, 0.0]",0.03791455924510956,-0.14568926393985748,0.014198605902493,0.8559470772743225,0.8692007064819336,0.0,0.0,4.4572025139427955
3200,3200,26,zero_hold,1,"[0.0, 0.0, 0.0, 0.0]",0.007186131551861763,-0.14152070879936218,0.013193698599934578,1.015917181968689,1.0258369445800781,0.16295108199119568,4.4572025139427955,7.470845709205001
3200,3200,26,zero_hold,2,"[0.0, 0.0, 0.0, 0.0]",0.029867520555853844,-0.09265859425067902,0.01051692757755518,1.0185245275497437,1.0232206583023071,0.05399921163916588,7.470845709205001,10.364453502606398
3200,3200,26,zero_hold,3,"[0.0, 0.0, 0.0, 0.0]",-0.05721578001976013,-0.05185142531991005,0.007875528186559677,1.0053291320800781,1.0083208084106445,0.09710727632045746,10.364453502606398,13.078083671658918
3200,3200,26,target_ahead,0,"[0.0, 0.0, 0.0, 0.0]",0.963706374168396,-0.5412470698356628,-0.0025687823072075844,1.0846048593521118,1.5485646724700928,0.0,0.0,8.169659402062576
3200,3200,26,target_ahead,1,"[0.009999999776482582, 0.0, 0.0, 0.0]",1.2719964981079102,-0.2572523057460785,-0.015910517424345016,0.9944719672203064,1.6350479125976562,0.42894959449768066,8.169659402062576,12.109252598530139
3200,3200,26,target_ahead,2,"[0.019999999552965164, 0.0, 0.0, 0.0]",1.184446096420288,-0.3318527042865753,-0.011792917735874653,0.9959837794303894,1.5827702283859253,0.11510661989450455,12.109252598530139,15.493940020549852
3200,3200,26,target_ahead,3,"[0.029999999329447746, 0.0, 0.0, 0.0]",0.8721596002578735,-0.39678749442100525,-0.00761601235717535,0.9991156458854675,1.38433837890625,0.31900882720947266,15.493940020549852,18.920649556170947
3200,3200,26,target_left,0,"[0.0, 0.0, 0.0, 0.0]",-0.24429962038993835,-0.4000633656978607,0.00955965556204319,1.1031240224838257,1.1986271142959595,0.0,0.0,7.344979190211841
3200,3200,26,target_left,1,"[0.009999999776482582, 0.0, 0.0, 0.0]",-0.3038237392902374,-0.32127413153648376,0.00037789996713399887,1.0649734735488892,1.1531238555908203,0.10625739395618439,7.344979190211841,11.852021256411058
3200,3200,26,target_left,2,"[0.019999999552965164, 0.0, 0.0, 0.0]",-0.27082741260528564,-0.3269052803516388,0.00028928834944963455,1.058782696723938,1.1407170295715332,0.03404116630554199,11.852021256411058,16.14497545860645
3200,3200,26,target_left,3,"[0.029999999329447746, 0.0, 0.0, 0.0]",-0.22936850786209106,-0.3335249423980713,0.00022922363132238388,1.0564988851547241,1.1313879489898682,0.04204616695642471,16.14497545860645,20.26366056612329
3200,3200,26,ramp,0,"[-0.5, -0.4333333373069763, -0.36666667461395264, -0.30000001192092896]",-0.7839449644088745,-0.7365779280662537,0.001116749830543995,0.9934706091880798,1.4642752408981323,0.0,0.0,9.929510199567256
3200,3200,26,ramp,1,"[-0.47999998927116394, -0.41333332657814026, -0.3466666638851166, -0.2800000011920929]",-0.765346884727478,-0.7349482178688049,-0.005871406756341457,0.9943482279777527,1.454189658164978,0.01995367370545864,9.929510199567256,15.269066289398046
3200,3200,26,ramp,2,"[-0.46000000834465027, -0.3933333456516266, -0.3266666829586029, -0.2600000202655792]",-0.8348931074142456,-0.7677416205406189,-0.005900382064282894,1.0021884441375732,1.5135687589645386,0.07728876918554306,15.269066289398046,20.708122696138066
3200,3200,26,ramp,3,"[-0.4399999976158142, -0.3733333349227905, -0.30666667222976685, -0.24000000953674316]",-0.8535034656524658,-0.7765990495681763,-0.006614637561142445,1.0105189085006714,1.5338730812072754,0.022241992875933647,20.708122696138066,26.141965728489836
3225,3225,26,zero_hold,0,"[0.0, 0.0, 0.0, 0.0]",0.046754248440265656,-0.14402395486831665,0.0078873997554183,0.8577083945274353,0.8710079193115234,0.0,0.0,4.445407334140059
3225,3225,26,zero_hold,1,"[0.0, 0.0, 0.0, 0.0]",0.02207055129110813,-0.1406450867652893,0.004227302968502045,1.022188663482666,1.0320637226104736,0.16639669239521027,4.445407334140059,7.458187149165575
3225,3225,26,zero_hold,2,"[0.0, 0.0, 0.0, 0.0]",0.03812834620475769,-0.09382573515176773,0.0004331544041633606,1.0262295007705688,1.031214952468872,0.049805909395217896,7.458187149165575,10.351144417879826
3225,3225,26,zero_hold,3,"[0.0, 0.0, 0.0, 0.0]",-0.05516606569290161,-0.05371357500553131,-0.0023698704317212105,1.0140022039413452,1.0169240236282349,0.102323979139328,10.351144417879826,13.067271348344242
3225,3225,26,target_ahead,0,"[0.0, 0.0, 0.0, 0.0]",0.9660412669181824,-0.5356398820877075,-0.01086679007858038,1.0936007499694824,1.5544215440750122,0.0,0.0,8.18495268487561
3225,3225,26,target_ahead,1,"[0.009999999776482582, 0.0, 0.0, 0.0]",1.281457781791687,-0.2550806701183319,-0.026839304715394974,1.0000994205474854,1.6456364393234253,0.4326646029949188,8.18495268487561,12.125914872068883
3225,3225,26,target_ahead,2,"[0.019999999552965164, 0.0, 0.0, 0.0]",1.1869581937789917,-0.3289925158023834,-0.023936349898576736,1.003177285194397,1.58872389793396,0.12004595994949341,12.125914872068883,15.513150946383838
3225,3225,26,target_ahead,3,"[0.029999999329447746, 0.0, 0.0, 0.0]",0.8793838024139404,-0.3940671980381012,-0.02051020786166191,1.007827639579773,1.3945400714874268,0.314436137676239,15.513150946383838,18.945453894966217
3225,3225,26,target_left,0,"[0.0, 0.0, 0.0, 0.0]",-0.2343878597021103,-0.39661452174186707,0.0030520539730787277,1.107865810394287,1.1998403072357178,0.0,0.0,7.342385880628755
3225,3225,26,target_left,1,"[0.009999999776482582, 0.0, 0.0, 0.0]",-0.29024210572242737,-0.32140621542930603,-0.004898221231997013,1.0732426643371582,1.1573315858840942,0.10018959641456604,7.342385880628755,11.851694897921885
3225,3225,26,target_left,2,"[0.019999999552965164, 0.0, 0.0, 0.0]",-0.26833829283714294,-0.328154057264328,-0.004488867707550526,1.067880392074585,1.14894700050354,0.02354213036596775,11.851694897921885,16.143692889368435
3225,3225,26,target_left,3,"[0.029999999329447746, 0.0, 0.0, 0.0]",-0.2280152589082718,-0.33536624908447266,-0.004518245346844196,1.066211223602295,1.1407402753829956,0.04099695011973381,16.143692889368435,20.261480191161823
3225,3225,26,ramp,0,"[-0.5, -0.4333333373069763, -0.36666667461395264, -0.30000001192092896]",-0.7778468728065491,-0.7359115481376648,0.002349826507270336,0.9972960352897644,1.4632896184921265,0.0,0.0,9.926976938720554
3225,3225,26,ramp,1,"[-0.47999998927116394, -0.41333332657814026, -0.3466666638851166, -0.2800000011920929]",-0.7646714448928833,-0.7385225296020508,-0.0027391575276851654,1.0010309219360352,1.4602082967758179,0.014841033145785332,9.926976938720554,15.274405145539305
3225,3225,26,ramp,2,"[-0.46000000834465027, -0.3933333456516266, -0.3266666829586029, -0.2600000202655792]",-0.836704432964325,-0.7729842662811279,-0.0028869276866316795,1.00979483127594,1.5222591161727905,0.08033175766468048,15.274405145539305,20.72081678187743
3225,3225,26,ramp,3,"[-0.4399999976158142, -0.3733333349227905, -0.30666667222976685, -0.24000000953674316]",-0.8555296659469604,-0.7819109559059143,-0.003579900600016117,1.0188345909118652,1.5431631803512573,0.022721635177731514,20.72081678187743,26.160645201695818
3250,3250,26,zero_hold,0,"[0.0, 0.0, 0.0, 0.0]",0.037832871079444885,-0.14894045889377594,0.008697232231497765,0.8558815717697144,0.8696111440658569,0.0,0.0,4.457750895541666
3250,3250,26,zero_hold,1,"[0.0, 0.0, 0.0, 0.0]",0.011069858446717262,-0.14579129219055176,0.00636090524494648,1.0181856155395508,1.0286495685577393,0.16454251110553741,4.457750895541666,7.47202113455496
3250,3250,26,zero_hold,2,"[0.0, 0.0, 0.0, 0.0]",0.03295953571796417,-0.09920473396778107,0.003644530661404133,1.021836519241333,1.0271762609481812,0.05167371779680252,7.47202113455496,10.365320493783411
3250,3250,26,zero_hold,3,"[0.0, 0.0, 0.0, 0.0]",-0.05454624444246292,-0.05917077139019966,0.0014071371406316757,1.0093351602554321,1.0125393867492676,0.09706322103738785,10.365320493783411,13.08093358664952
3250,3250,26,target_ahead,0,"[0.0, 0.0, 0.0, 0.0]",0.9739489555358887,-0.5498889684677124,-0.010106179863214493,1.0931977033615112,1.5640133619308472,0.0,0.0,8.20753769706034
3250,3250,26,target_ahead,1,"[0.009999999776482582, 0.0, 0.0, 0.0]",1.2883915901184082,-0.27220430970191956,-0.025873929262161255,0.9984336495399475,1.6527514457702637,0.43036240339279175,8.20753769706034,12.150341002072297
3250,3250,26,target_ahead,2,"[0.019999999552965164, 0.0, 0.0, 0.0]",1.1935875415802002,-0.34794220328330994,-0.02192499116063118,1.0022482872009277,1.597090244293213,0.12146679311990738,12.150341002072297,15.541409044470841
3250,3250,26,target_ahead,3,"[0.029999999329447746, 0.0, 0.0, 0.0]",0.8858160376548767,-0.41487759351730347,-0.017242003232240677,1.005225419998169,1.4027005434036255,0.3150149881839752,15.541409044470841,18.976774900538885
3250,3250,26,target_left,0,"[0.0, 0.0, 0.0, 0.0]",-0.23858743906021118,-0.40258127450942993,0.007148357108235359,1.1027952432632446,1.1979999542236328,0.0,0.0,7.340614338633933
3250,3250,26,target_left,1,"[0.009999999776482582, 0.0, 0.0, 0.0]",-0.29280969500541687,-0.32524988055229187,-0.0004885885864496231,1.0663301944732666,1.1526427268981934,0.10152941197156906,7.340614338633933,11.845257746079604
3250,3250,26,target_left,2,"[0.019999999552965164, 0.0, 0.0, 0.0]",-0.2674410343170166,-0.33157265186309814,0.00018979422748088837,1.0603406429290771,1.142710566520691,0.026830602437257767,11.845257746079604,16.131943930760396
3250,3250,26,target_left,3,"[0.029999999329447746, 0.0, 0.0, 0.0]",-0.22622749209403992,-0.33873093128204346,0.00029127299785614014,1.0584185123443604,1.134093165397644,0.04187483340501785,16.131943930760396,20.244600641352633
3250,3250,26,ramp,0,"[-0.5, -0.4333333373069763, -0.36666667461395264, -0.30000001192092896]",-0.7661141753196716,-0.7363940477371216,0.00806748028844595,0.9952382445335388,1.4559434652328491,0.0,0.0,9.927800166100655
3250,3250,26,ramp,1,"[-0.47999998927116394, -0.41333332657814026, -0.3466666638851166, -0.2800000011920929]",-0.751541018486023,-0.7343397736549377,0.0023969244211912155,0.9956102967262268,1.447520136833191,0.015776265412569046,9.927800166100655,15.27312404964638
3250,3250,26,ramp,2,"[-0.46000000834465027, -0.3933333456516266, -0.3266666829586029, -0.2600000202655792]",-0.82578444480896,-0.7684013843536377,0.002770261839032173,1.0037074089050293,1.509899616241455,0.08208521455526352,15.27312404964638,20.713746622399718
3250,3250,26,ramp,3,"[-0.4399999976158142, -0.3733333349227905, -0.30666667222976685, -0.24000000953674316]",-0.8448858261108398,-0.7777491211891174,0.0021254727616906166,1.0125151872634888,1.530985713005066,0.02302684634923935,20.713746622399718,26.150564633668807
3275,3275,26,zero_hold,0,"[0.0, 0.0, 0.0, 0.0]",0.03619077801704407,-0.14703524112701416,0.00998813845217228,0.858483076095581,0.8717924952507019,0.0,0.0,4.4669451921769
3275,3275,26,zero_hold,1,"[0.0, 0.0, 0.0, 0.0]",0.009418398141860962,-0.1428522914648056,0.007770262658596039,1.0207202434539795,1.0307403802871704,0.1644994616508484,4.4669451921769,7.484852298952766
3275,3275,26,zero_hold,2,"[0.0, 0.0, 0.0, 0.0]",0.03490220755338669,-0.09438740462064743,0.004618110600858927,1.02309250831604,1.0280402898788452,0.05489839240908623,7.484852298952766,10.375862233360735
3275,3275,26,zero_hold,3,"[0.0, 0.0, 0.0, 0.0]",-0.05271649360656738,-0.05360874533653259,0.0018275333568453789,1.009783387184143,1.0125802755355835,0.09759536385536194,10.375862233360735,13.086285491457499
3275,3275,26,target_ahead,0,"[0.0, 0.0, 0.0, 0.0]",0.9727017879486084,-0.5447977185249329,-0.008324907161295414,1.0971095561981201,1.5641840696334839,0.0,0.0,8.216499624675713
3275,3275,26,target_ahead,1,"[0.009999999776482582, 0.0, 0.0, 0.0]",1.2913470268249512,-0.2615768313407898,-0.022518623620271683,1.001622200012207,1.6552201509475708,0.4371134340763092,8.216499624675713,12.159348521050864
3275,3275,26,target_ahead,2,"[0.019999999552965164, 0.0, 0.0, 0.0]",1.1954368352890015,-0.3365952968597412,-0.017555810511112213,1.0035977363586426,1.5968351364135742,0.12188136577606201,12.159348521050864,15.554201528078112
3275,3275,26,target_ahead,3,"[0.029999999329447746, 0.0, 0.0, 0.0]",0.890235185623169,-0.4019913971424103,-0.012718972750008106,1.0068750381469727,1.4028809070587158,0.3121839761734009,15.554201528078112,18.9951840449356
3275,3275,26,target_left,0,"[0.0, 0.0, 0.0, 0.0]",-0.24250845611095428,-0.39823758602142334,0.005965176038444042,1.104996919631958,1.199357032775879,0.0,0.0,7.339470668954362
3275,3275,26,target_left,1,"[0.009999999776482582, 0.0, 0.0, 0.0]",-0.29368042945861816,-0.3215962052345276,-0.002736235037446022,1.067598819732666,1.153016448020935,0.0998338833451271,7.339470668954362,11.840422672217146
3275,3275,26,target_left,2,"[0.019999999552965164, 0.0, 0.0, 0.0]",-0.2652166485786438,-0.3270576596260071,-0.003030482679605484,1.060591459274292,1.1411266326904297,0.02981952391564846,11.840422672217146,16.1241369051425
3275,3275,26,target_left,3,"[0.029999999329447746, 0.0, 0.0, 0.0]",-0.2210666984319687,-0.3336848318576813,-0.003257574513554573,1.0583349466323853,1.1315032243728638,0.044702135026454926,16.1241369051425,20.23161968411664
3275,3275,26,ramp,0,"[-0.5, -0.4333333373069763, -0.36666667461395264, -0.30000001192092896]",-0.7771637439727783,-0.7304133772850037,0.003544398583471775,0.9944957494735718,1.4582598209381104,0.0,0.0,9.925045678479227
3275,3275,26,ramp,1,"[-0.47999998927116394, -0.41333332657814026, -0.3466666638851166, -0.2800000011920929]",-0.7610555291175842,-0.7318554520606995,-0.0035919686779379845,0.9972846508026123,1.4523799419403076,0.017895806580781937,9.925045678479227,15.26876324827284
3275,3275,26,ramp,2,"[-0.46000000834465027, -0.3933333456516266, -0.3266666829586029, -0.2600000202655792]",-0.8354263305664062,-0.7667825818061829,-0.003968206234276295,1.005505084991455,1.5155688524246216,0.08257504552602768,15.26876324827284,20.70224440862644
3275,3275,26,ramp,3,"[-0.4399999976158142, -0.3733333349227905, -0.30666667222976685, -0.24000000953674316]",-0.8557252883911133,-0.7763369679450989,-0.004806349985301495,1.0143308639526367,1.5374833345413208,0.024123243987560272,20.70224440862644,26.128210742593087
3300,3300,26,zero_hold,0,"[0.0, 0.0, 0.0, 0.0]",0.03822621330618858,-0.14672911167144775,0.006943928077816963,0.8563112020492554,0.8696595430374146,0.0,0.0,4.469065480808744
3300,3300,26,zero_hold,1,"[0.0, 0.0, 0.0, 0.0]",0.01435362920165062,-0.14289294183254242,0.0027941325679421425,1.015382170677185,1.025491714477539,0.16095156967639923,4.469065480808744,7.485118917427523
3300,3300,26,zero_hold,2,"[0.0, 0.0, 0.0, 0.0]",0.038045916706323624,-0.09497690200805664,-0.0008688708767294884,1.016593337059021,1.0217293500900269,0.053592499345541,7.485118917427523,10.374186485352956
3300,3300,26,zero_hold,3,"[0.0, 0.0, 0.0, 0.0]",-0.049654703587293625,-0.05459034815430641,-0.0035152453929185867,1.0030325651168823,1.0057495832443237,0.09753651171922684,10.374186485352956,13.081326205013015
3300,3300,26,target_ahead,0,"[0.0, 0.0, 0.0, 0.0]",0.971290111541748,-0.5369295477867126,-0.012090937234461308,1.0928312540054321,1.557602047920227,0.0,0.0,8.208009082145633
3300,3300,26,target_ahead,1,"[0.009999999776482582, 0.0, 0.0, 0.0]",1.2877311706542969,-0.2576032280921936,-0.026466038078069687,0.9940131306648254,1.6472320556640625,0.4337393343448639,8.208009082145633,12.144016858403225
3300,3300,26,target_ahead,2,"[0.019999999552965164, 0.0, 0.0, 0.0]",1.2020434141159058,-0.331184983253479,-0.021826177835464478,0.9948166012763977,1.5952204465866089,0.11304353177547455,12.144016858403225,15.533893623074556
3300,3300,26,target_ahead,3,"[0.029999999329447746, 0.0, 0.0, 0.0]",0.8951887488365173,-0.39683881402015686,-0.017324909567832947,0.9976367354393005,1.3980069160461426,0.31384459137916565,15.533893623074556,18.96698259108141
3300,3300,26,target_left,0,"[0.0, 0.0, 0.0, 0.0]",-0.2406507283449173,-0.39414194226264954,0.002115880139172077,1.1011340618133545,1.1940524578094482,0.0,0.0,7.340574045890328
3300,3300,26,target_left,1,"[0.009999999776482582, 0.0, 0.0, 0.0]",-0.28648653626441956,-0.31750115752220154,-0.008050666190683842,1.063584566116333,1.1463675498962402,0.09740664809942245,7.340574045890328,11.840439221000663
3300,3300,26,target_left,2,"[0.019999999552965164, 0.0, 0.0, 0.0]",-0.25954434275627136,-0.32240644097328186,-0.00793942529708147,1.0566645860671997,1.1348621845245361,0.02824609912931919,11.840439221000663,16.12109155315632
3300,3300,26,target_left,3,"[0.029999999329447746, 0.0, 0.0, 0.0]",-0.21982204914093018,-0.3287767469882965,-0.007957047782838345,1.0545536279678345,1.1263048648834229,0.04028520733118057,16.12109155315632,20.227295199165862
3300,3300,26,ramp,0,"[-0.5, -0.4333333373069763, -0.36666667461395264, -0.30000001192092896]",-0.7752880454063416,-0.7316133975982666,0.0035508600994944572,0.9983212351799011,1.4604750871658325,0.0,0.0,9.928570414243946
3300,3300,26,ramp,1,"[-0.47999998927116394, -0.41333332657814026, -0.3466666638851166, -0.2800000011920929]",-0.755813717842102,-0.7320716381072998,-0.004713940434157848,0.9957072138786316,1.4486677646636963,0.021321337670087814,9.928570414243946,15.264782879381917
3300,3300,26,ramp,2,"[-0.46000000834465027, -0.3933333456516266, -0.3266666829586029, -0.2600000202655792]",-0.8270581364631653,-0.7657305598258972,-0.005106174387037754,1.0029340982437134,1.508731722831726,0.07912693917751312,15.264782879381917,20.687864452674656
3300,3300,26,ramp,3,"[-0.4399999976158142, -0.3733333349227905, -0.30666667222976685, -0.24000000953674316]",-0.8462265133857727,-0.7750934958457947,-0.006014165468513966,1.0114495754241943,1.5296849012374878,0.02298758551478386,20.687864452674656,26.106931458412735
3325,3325,26,zero_hold,0,"[0.0, 0.0, 0.0, 0.0]",0.039083849638700485,-0.15107432007789612,0.013722216710448265,0.855223536491394,0.8694518804550171,0.0,0.0,4.4675047565304356
3325,3325,26,zero_hold,1,"[0.0, 0.0, 0.0, 0.0]",0.007915299385786057,-0.14900875091552734,0.011544684879481792,1.014007568359375,1.0249931812286377,0.16184206306934357,4.4675047565304356,7.482804485089179
3325,3325,26,zero_hold,2,"[0.0, 0.0, 0.0, 0.0]",0.027788300067186356,-0.10156553238630295,0.008650355972349644,1.0154765844345093,1.0209579467773438,0.051539599895477295,7.482804485089179,10.372795742792478
3325,3325,26,zero_hold,3,"[0.0, 0.0, 0.0, 0.0]",-0.06220819428563118,-0.06175161153078079,0.0062241279520094395,1.0025634765625,1.0064071416854858,0.09928318858146667,10.372795742792478,13.082488266846513
3325,3325,26,target_ahead,0,"[0.0, 0.0, 0.0, 0.0]",0.9744367599487305,-0.5381818413734436,-0.0020346548408269882,1.090444803237915,1.5582813024520874,0.0,0.0,8.218431763978316
3325,3325,26,target_ahead,1,"[0.009999999776482582, 0.0, 0.0, 0.0]",1.28294837474823,-0.26202958822250366,-0.016825523227453232,0.98979252576828,1.6415201425552368,0.4263673722743988,8.218431763978316,12.150670186978259
3325,3325,26,target_ahead,2,"[0.019999999552965164, 0.0, 0.0, 0.0]",1.1796351671218872,-0.3387987017631531,-0.011520441621541977,0.9925915598869324,1.5785101652145386,0.1288529932498932,12.150670186978259,15.548953211744644
3325,3325,26,target_ahead,3,"[0.029999999329447746, 0.0, 0.0, 0.0]",0.8623939752578735,-0.4073181450366974,-0.00650373101234436,0.9984143376350403,1.3807624578475952,0.3246474266052246,15.548953211744644,18.990268422525563
3325,3325,26,target_left,0,"[0.0, 0.0, 0.0, 0.0]",-0.23752328753471375,-0.4058212339878082,0.011107593774795532,1.1014549732208252,1.197678804397583,0.0,0.0,7.345333779815348
3325,3325,26,target_left,1,"[0.009999999776482582, 0.0, 0.0, 0.0]",-0.29405802488327026,-0.33254602551460266,-1.3988465070724487e-05,1.0631279945373535,1.152084231376648,0.10078729689121246,7.345333779815348,11.844198292725636
3325,3325,26,target_left,2,"[0.019999999552965164, 0.0, 0.0, 0.0]",-0.26856496930122375,-0.33848121762275696,-0.00011438876390457153,1.0560688972473145,1.1410425901412964,0.027110205963253975,11.844198292725636,16.130388239127075
3325,3325,26,target_left,3,"[0.029999999329447746, 0.0, 0.0, 0.0]",-0.22783690690994263,-0.3455483913421631,-0.0001838933676481247,1.053786277770996,1.1321567296981812,0.041399698704481125,16.130388239127075,20.243714910912214
3325,3325,26,ramp,0,"[-0.5, -0.4333333373069763, -0.36666667461395264, -0.30000001192092896]",-0.7888685464859009,-0.7435861825942993,0.010369391180574894,0.9993724226951599,1.4744784832000732,0.0,0.0,9.925066195836836
3325,3325,26,ramp,1,"[-0.47999998927116394, -0.41333332657814026, -0.3466666638851166, -0.2800000011920929]",-0.7733292579650879,-0.7455180287361145,0.0006440207362174988,0.9987136721611023,1.4667190313339233,0.018445007503032684,9.925066195836836,15.259497440513504
3325,3325,26,ramp,2,"[-0.46000000834465027, -0.3933333456516266, -0.3266666829586029, -0.2600000202655792]",-0.8435962200164795,-0.7790703177452087,0.0003536297008395195,1.0057493448257446,1.52647864818573,0.07818431407213211,15.259497440513504,20.689412891786677
3325,3325,26,ramp,3,"[-0.4399999976158142, -0.3733333349227905, -0.30666667222976685, -0.24000000953674316]",-0.8620666265487671,-0.7884730100631714,-0.000578068196773529,1.014222502708435,1.5470927953720093,0.022410467267036438,20.689412891786677,26.11506845396414
3350,3350,26,zero_hold,0,"[0.0, 0.0, 0.0, 0.0]",0.03450516238808632,-0.1484101414680481,0.014950037002563477,0.8591102361679077,0.8726454377174377,0.0,0.0,4.4678972279959295
3350,3350,26,zero_hold,1,"[0.0, 0.0, 0.0, 0.0]",0.005333196371793747,-0.14242225885391235,0.012959025800228119,1.0196820497512817,1.0296757221221924,0.16332216560840607,4.4678972279959295,7.484152509436756
3350,3350,26,zero_hold,2,"[0.0, 0.0, 0.0, 0.0]",0.028284195810556412,-0.09303107112646103,0.009471087716519833,1.0221494436264038,1.0268076658248901,0.054630499333143234,7.484152509436756,10.372632906940028
3350,3350,26,zero_hold,3,"[0.0, 0.0, 0.0, 0.0]",-0.06093255802989006,-0.0524357408285141,0.006669963710010052,1.009702205657959,1.0129191875457764,0.09884528815746307,10.372632906940028,13.079316663655295
3350,3350,26,target_ahead,0,"[0.0, 0.0, 0.0, 0.0]",0.9783039689064026,-0.5444592833518982,0.00260093342512846,1.1048786640167236,1.5729838609695435,0.0,0.0,8.238259586678682
3350,3350,26,target_ahead,1,"[0.009999999776482582, 0.0, 0.0, 0.0]",1.290013313293457,-0.26865601539611816,-0.012738149613142014,1.0014417171478271,1.655100703239441,0.42914408445358276,8.238259586678682,12.172104026316612
3350,3350,26,target_ahead,2,"[0.019999999552965164, 0.0, 0.0, 0.0]",1.1919023990631104,-0.34401819109916687,-0.007199374958872795,1.0061219930648804,1.5972830057144165,0.1239265576004982,12.172104026316612,15.580560732948085
3350,3350,26,target_ahead,3,"[0.029999999329447746, 0.0, 0.0, 0.0]",0.8793508410453796,-0.4123130142688751,-0.0024662790820002556,1.0132018327713013,1.4035112857818604,0.3200393319129944,15.580560732948085,19.028126332948318
3350,3350,26,target_left,0,"[0.0, 0.0, 0.0, 0.0]",-0.23303644359111786,-0.40433359146118164,0.013060265220701694,1.106669306755066,1.2011157274246216,0.0,0.0,7.350873702632958
3350,3350,26,target_left,1,"[0.009999999776482582, 0.0, 0.0, 0.0]",-0.29283228516578674,-0.3284105360507965,0.002473633736371994,1.069047212600708,1.15605890750885,0.1042465940117836,7.350873702632958,11.858537288913977
3350,3350,26,target_left,2,"[0.019999999552965164, 0.0, 0.0, 0.0]",-0.27157729864120483,-0.33437401056289673,0.002383282408118248,1.0624743700027466,1.1464805603027344,0.02303362637758255,11.858537288913977,16.152048655622796
3350,3350,26,target_left,3,"[0.029999999329447746, 0.0, 0.0, 0.0]",-0.2325238138437271,-0.34220072627067566,0.0021396372467279434,1.0601547956466675,1.138025164604187,0.03989826887845993,16.152048655622796,20.27227381029216
3350,3350,26,ramp,0,"[-0.5, -0.4333333373069763, -0.36666667461395264, -0.30000001192092896]",-0.7972711324691772,-0.7374358177185059,0.012604345567524433,1.0066455602645874,1.4808602333068848,0.0,0.0,9.9348417069834
3350,3350,26,ramp,1,"[-0.47999998927116394, -0.41333332657814026, -0.3466666638851166, -0.2800000011920929]",-0.7771524786949158,-0.737592339515686,0.00436535244807601,1.0062183141708374,1.469864845275879,0.021745074540376663,9.9348417069834,15.276497107681935
3350,3350,26,ramp,2,"[-0.46000000834465027, -0.3933333456516266, -0.3266666829586029, -0.2600000202655792]",-0.8492994904518127,-0.770878255367279,0.004084814339876175,1.0137046575546265,1.5307438373565674,0.07980769127607346,15.276497107681935,20.711392126072493
3350,3350,26,ramp,3,"[-0.4399999976158142, -0.3733333349227905, -0.30666667222976685, -0.24000000953674316]",-0.8676357865333557,-0.7801573276519775,0.0031172409653663635,1.0222883224487305,1.551296353340149,0.02229207195341587,20.711392126072493,26.14499354523758
3375,3375,26,zero_hold,0,"[0.0, 0.0, 0.0, 0.0]",0.03680850565433502,-0.1468466818332672,0.013148292899131775,0.8578792214393616,0.8712338805198669,0.0,0.0,4.457643940545389
3375,3375,26,zero_hold,1,"[0.0, 0.0, 0.0, 0.0]",0.005316236987709999,-0.14206767082214355,0.011450052261352539,1.019327163696289,1.0292571783065796,0.1645689159631729,4.457643940545389,7.471762316727855
3375,3375,26,zero_hold,2,"[0.0, 0.0, 0.0, 0.0]",0.024146856740117073,-0.09209513664245605,0.009333975613117218,1.0213007926940918,1.0257713794708252,0.05348102003335953,7.471762316727855,10.35853494837619
3375,3375,26,zero_hold,3,"[0.0, 0.0, 0.0, 0.0]",-0.06760746240615845,-0.0506918728351593,0.007274804636836052,1.0078457593917847,1.0114080905914307,0.10157934576272964,10.35853494837619,13.063384654402443
3375,3375,26,target_ahead,0,"[0.0, 0.0, 0.0, 0.0]",0.9652401804924011,-0.5495096445083618,0.005796803627163172,1.1054679155349731,1.5670808553695679,0.0,0.0,8.21625376907126
3375,3375,26,target_ahead,1,"[0.009999999776482582, 0.0, 0.0, 0.0]",1.2754483222961426,-0.2765360474586487,-0.011726957745850086,1.0047674179077148,1.6470991373062134,0.4256657660007477,8.21625376907126,12.157466340511183
3375,3375,26,target_ahead,2,"[0.019999999552965164, 0.0, 0.0, 0.0]",1.1792347431182861,-0.3529224395751953,-0.006150365807116032,1.0083041191101074,1.5911831855773926,0.12302658706903458,12.157466340511183,15.575258030493199
3375,3375,26,target_ahead,3,"[0.029999999329447746, 0.0, 0.0, 0.0]",0.8626152873039246,-0.4224569797515869,-0.002174035646021366,1.0145307779312134,1.3970870971679688,0.32424914836883545,15.575258030493199,19.030838625130155
3375,3375,26,target_left,0,"[0.0, 0.0, 0.0, 0.0]",-0.22341962158679962,-0.402182936668396,0.011933507397770882,1.105678915977478,1.1976375579833984,0.0,0.0,7.33218667928996
3375,3375,26,target_left,1,"[0.009999999776482582, 0.0, 0.0, 0.0]",-0.2852272093296051,-0.3256834149360657,0.0020732665434479713,1.0687803030014038,1.153134822845459,0.10550396144390106,7.33218667928996,11.833197255126729
3375,3375,26,target_left,2,"[0.019999999552965164, 0.0, 0.0, 0.0]",-0.26771172881126404,-0.33024322986602783,0.0026068957522511482,1.0616861581802368,1.1436408758163452,0.01944725215435028,11.833197255126729,16.12374163872661
3375,3375,26,target_left,3,"[0.029999999329447746, 0.0, 0.0, 0.0]",-0.22657510638237,-0.33781689405441284,0.0025627845898270607,1.0593491792678833,1.1347615718841553,0.041893262416124344,16.12374163872661,20.243113690462437
3375,3375,26,ramp,0,"[-0.5, -0.4333333373069763, -0.36666667461395264, -0.30000001192092896]",-0.772742509841919,-0.7414929866790771,0.012074021622538567,0.9995655417442322,1.4649982452392578,0.0,0.0,9.931093574706063
3375,3375,26,ramp,1,"[-0.47999998927116394, -0.41333332657814026, -0.3466666638851166, -0.2800000011920929]",-0.7511605024337769,-0.7397183179855347,0.003920623101294041,1.002130389213562,1.4545466899871826,0.023280654102563858,9.931093574706063,15.259054209442873
3375,3375,26,ramp,2,"[-0.46000000834465027, -0.3933333456516266, -0.3266666829586029, -0.2600000202655792]",-0.826190710067749,-0.7725526094436646,0.0040101418271660805,1.0110564231872559,1.5171287059783936,0.0823851004242897,15.259054209442873,20.68930369677245
3375,3375,26,ramp,3,"[-0.4399999976158142, -0.3733333349227905, -0.30666667222976685, -0.24000000953674316]",-0.8453478813171387,-0.7817150354385376,0.0031849099323153496,1.0202275514602661,1.5383646488189697,0.02314601093530655,20.68930369677245,26.120220964891484
3400,3400,26,zero_hold,0,"[0.0, 0.0, 0.0, 0.0]",0.03138912841677666,-0.14260108768939972,0.01061815582215786,0.853334903717041,0.8658022880554199,0.0,0.0,4.465858911231501
3400,3400,26,zero_hold,1,"[0.0, 0.0, 0.0, 0.0]",0.0011357031762599945,-0.13641364872455597,0.008581839501857758,1.0098763704299927,1.0190848112106323,0.1595710963010788,4.465858911231501,7.479268561730639
3400,3400,26,zero_hold,2,"[0.0, 0.0, 0.0, 0.0]",0.029480300843715668,-0.08750977367162704,0.006709724199026823,1.0106288194656372,1.014860987663269,0.05656037852168083,7.479268561730639,10.36056701346195
3400,3400,26,zero_hold,3,"[0.0, 0.0, 0.0, 0.0]",-0.05530409514904022,-0.04808104783296585,0.004929111339151859,0.9969090223312378,0.9996110200881958,0.09452206641435623,10.36056701346195,13.055838336776985
3400,3400,26,target_ahead,0,"[0.0, 0.0, 0.0, 0.0]",0.9662949442863464,-0.5388220548629761,0.008120119571685791,1.0986378192901611,1.5592068433761597,0.0,0.0,8.208466838781803
3400,3400,26,target_ahead,1,"[0.009999999776482582, 0.0, 0.0, 0.0]",1.2829266786575317,-0.2707982361316681,-0.008377398364245892,0.9922918081283569,1.6443678140640259,0.4285721182823181,8.208466838781803,12.130041048748303
3400,3400,26,target_ahead,2,"[0.019999999552965164, 0.0, 0.0, 0.0]",1.1976553201675415,-0.340462327003479,-0.0021997028961777687,0.993564248085022,1.5929430723190308,0.11029085516929626,12.130041048748303,15.534491582671583
3400,3400,26,target_ahead,3,"[0.029999999329447746, 0.0, 0.0, 0.0]",0.8868803381919861,-0.40752333402633667,0.0017666304484009743,0.9982219934463501,1.3960953950881958,0.31798693537712097,15.534491582671583,18.967962898438884
3400,3400,26,target_left,0,"[0.0, 0.0, 0.0, 0.0]",-0.2231578230857849,-0.4004763662815094,0.008310025557875633,1.0978206396102905,1.1897310018539429,0.0,0.0,7.3255252670900095
3400,3400,26,target_left,1,"[0.009999999776482582, 0.0, 0.0, 0.0]",-0.2787930965423584,-0.3248697519302368,-0.0035540880635380745,1.0578057765960693,1.1411536931991577,0.10273066908121109,7.3255252670900095,11.817617178371787
3400,3400,26,target_left,2,"[0.019999999552965164, 0.0, 0.0, 0.0]",-0.25486284494400024,-0.3309868574142456,-0.0037472089752554893,1.050671935081482,1.1306780576705933,0.02571001648902893,11.817617178371787,16.100949825613007
3400,3400,26,target_left,3,"[0.029999999329447746, 0.0, 0.0, 0.0]",-0.21614277362823486,-0.3390326201915741,-0.004050233401358128,1.0485388040542603,1.122991919517517,0.03960581123828888,16.100949825613007,20.214695487202505
3400,3400,26,ramp,0,"[-0.5, -0.4333333373069763, -0.36666667461395264, -0.30000001192092896]",-0.7890636324882507,-0.7368751168251038,0.00578111968934536,0.9847042560577393,1.4612605571746826,0.0,0.0,9.935067661946725
3400,3400,26,ramp,1,"[-0.47999998927116394, -0.41333332657814026, -0.3466666638851166, -0.2800000011920929]",-0.7646109461784363,-0.732933521270752,-0.005771168507635593,0.9880475997924805,1.4484795331954956,0.027533676475286484,9.935067661946725,15.256202353247174
3400,3400,26,ramp,2,"[-0.46000000834465027, -0.3933333456516266, -0.3266666829586029, -0.2600000202655792]",-0.8362781405448914,-0.7648151516914368,-0.006403765641152859,0.9962570667266846,1.5089309215545654,0.07886964082717896,15.256202353247174,20.686520744864023
3400,3400,26,ramp,3,"[-0.4399999976158142, -0.3733333349227905, -0.30666667222976685, -0.24000000953674316]",-0.8548486232757568,-0.7737407684326172,-0.007318212650716305,1.0053783655166626,1.5297974348068237,0.022551357746124268,20.686520744864023,26.117861136003857
3425,3425,26,zero_hold,0,"[0.0, 0.0, 0.0, 0.0]",0.027230752632021904,-0.14178809523582458,0.006935891695320606,0.8534691333770752,0.8656229376792908,0.0,0.0,4.458365500053817
3425,3425,26,zero_hold,1,"[0.0, 0.0, 0.0, 0.0]",-0.0012934822589159012,-0.13492730259895325,0.0031361915171146393,1.01022469997406,1.0192010402679443,0.15952256321907043,4.458365500053817,7.465956113107234
3425,3425,26,zero_hold,2,"[0.0, 0.0, 0.0, 0.0]",0.029495080932974815,-0.08559217303991318,0.0012145079672336578,1.0108891725540161,1.0149356126785278,0.05818956345319748,7.465956113107234,10.350030675673723
3425,3425,26,zero_hold,3,"[0.0, 0.0, 0.0, 0.0]",-0.05558318644762039,-0.04599500074982643,-7.139518857002258e-05,0.9968224167823792,0.9994298219680786,0.0948987603187561,10.350030675673723,13.053735772738706
3425,3425,26,target_ahead,0,"[0.0, 0.0, 0.0, 0.0]",0.9616245627403259,-0.5408241152763367,-0.011015426367521286,1.0912349224090576,1.551814317703247,0.0,0.0,8.20876570191785
3425,3425,26,target_ahead,1,"[0.009999999776482582, 0.0, 0.0, 0.0]",1.27959144115448,-0.269927054643631,-0.02598533034324646,0.9842073321342468,1.6369343996047974,0.4314709007740021,8.20876570191785,12.143902766147866
3425,3425,26,target_ahead,2,"[0.019999999552965164, 0.0, 0.0, 0.0]",1.199489951133728,-0.33739709854125977,-0.021566294133663177,0.9832062125205994,1.5873790979385376,0.1048283651471138,12.143902766147866,15.56148003967116
3425,3425,26,target_ahead,3,"[0.029999999329447746, 0.0, 0.0, 0.0]",0.9005241990089417,-0.4003843665122986,-0.017348874360322952,0.983951985836029,1.3927361965179443,0.3055589199066162,15.56148003967116,19.015299649605993
3425,3425,26,target_left,0,"[0.0, 0.0, 0.0, 0.0]",-0.24110810458660126,-0.40255504846572876,0.005177653860300779,1.101341962814331,1.1971485614776611,0.0,0.0,7.332928170767491
3425,3425,26,target_left,1,"[0.009999999776482582, 0.0, 0.0, 0.0]",-0.2883373498916626,-0.3293880224227905,-0.005056025460362434,1.0632869005203247,1.1498867273330688,0.09558729827404022,7.332928170767491,11.82901824788564
3425,3425,26,target_left,2,"[0.019999999552965164, 0.0, 0.0, 0.0]",-0.25696471333503723,-0.33616316318511963,-0.004415065050125122,1.056911587715149,1.1384718418121338,0.032729197293519974,11.82901824788564,16.122975174308166
3425,3425,26,target_left,3,"[0.029999999329447746, 0.0, 0.0, 0.0]",-0.2173330932855606,-0.343860924243927,-0.004420982673764229,1.05499267578125,1.130709171295166,0.040417853742837906,16.122975174308166,20.249341211534805
3425,3425,26,ramp,0,"[-0.5, -0.4333333373069763, -0.36666667461395264, -0.30000001192092896]",-0.788621723651886,-0.7370745539665222,0.006782219745218754,0.9933839440345764,1.466990351676941,0.0,0.0,9.936870282663504
3425,3425,26,ramp,1,"[-0.47999998927116394, -0.41333332657814026, -0.3466666638851166, -0.2800000011920929]",-0.7702026963233948,-0.7359477281570435,-0.0050480905920267105,1.0018802881240845,1.4624024629592896,0.023509027436375618,9.936870282663504,15.270487677114744
3425,3425,26,ramp,2,"[-0.46000000834465027, -0.3933333456516266, -0.3266666829586029, -0.2600000202655792]",-0.8415254354476929,-0.7695683836936951,-0.005089279264211655,1.0107665061950684,1.5238357782363892,0.07934889942407608,15.270487677114744,20.706613430219313
3425,3425,26,ramp,3,"[-0.4399999976158142, -0.3733333349227905, -0.30666667222976685, -0.24000000953674316]",-0.85990971326828,-0.7792060971260071,-0.005782449617981911,1.020736575126648,1.545491337776184,0.02303801104426384,20.706613430219313,26.140309044928383
3450,3450,26,zero_hold,0,"[0.0, 0.0, 0.0, 0.0]",0.03205959498882294,-0.1400844007730484,0.008247427642345428,0.8499666452407837,0.8620688915252686,0.0,0.0,4.435724269971196
3450,3450,26,zero_hold,1,"[0.0, 0.0, 0.0, 0.0]",0.0017208606004714966,-0.13266056776046753,0.004603154957294464,1.0123622417449951,1.021028995513916,0.16541209816932678,4.435724269971196,7.433353915527234
3450,3450,26,zero_hold,2,"[0.0, 0.0, 0.0, 0.0]",0.03059251792728901,-0.08284193277359009,0.0029030460864305496,1.015506386756897,1.0193431377410889,0.05769094452261925,7.433353915527234,10.306594260701004
3450,3450,26,zero_hold,3,"[0.0, 0.0, 0.0, 0.0]",-0.05484964698553085,-0.04289012402296066,0.0016882335767149925,1.001933217048645,1.004351019859314,0.09530066698789597,10.306594260701004,13.000438650712224
3450,3450,26,target_ahead,0,"[0.0, 0.0, 0.0, 0.0]",0.9689409136772156,-0.542472779750824,-0.009915168397128582,1.092728853225708,1.5579723119735718,0.0,0.0,8.200873042213368
3450,3450,26,target_ahead,1,"[0.009999999776482582, 0.0, 0.0, 0.0]",1.2909775972366333,-0.2667326331138611,-0.02504599839448929,0.989800214767456,1.648666501045227,0.4365358054637909,8.200873042213368,12.122767242961103
3450,3450,26,target_ahead,2,"[0.019999999552965164, 0.0, 0.0, 0.0]",1.2207354307174683,-0.3334392011165619,-0.01998554915189743,0.9891592264175415,1.6063038110733032,0.09700384736061096,12.122767242961103,15.526534510203374
3450,3450,26,target_ahead,3,"[0.029999999329447746, 0.0, 0.0, 0.0]",0.9306243062019348,-0.3964134752750397,-0.015454131178557873,0.9898712635040283,1.4153759479522705,0.29690277576446533,15.526534510203374,18.96523398095685
3450,3450,26,target_left,0,"[0.0, 0.0, 0.0, 0.0]",-0.2438766211271286,-0.3989417850971222,0.011492330580949783,1.0987845659255981,1.1941900253295898,0.0,0.0,7.332048312566195
3450,3450,26,target_left,1,"[0.009999999776482582, 0.0, 0.0, 0.0]",-0.2967812418937683,-0.3249921500682831,0.0017832694575190544,1.062741994857788,1.150270700454712,0.09828926622867584,7.332048312566195,11.831694368380369
3450,3450,26,target_left,2,"[0.019999999552965164, 0.0, 0.0, 0.0]",-0.2635563015937805,-0.33229026198387146,0.003111199475824833,1.0563706159591675,1.1383353471755981,0.03463404253125191,11.831694368380369,16.12472373139317
3450,3450,26,target_left,3,"[0.029999999329447746, 0.0, 0.0, 0.0]",-0.22169479727745056,-0.34043100476264954,0.0032940348610281944,1.054445505142212,1.1300034523010254,0.04268953949213028,16.12472373139317,20.248420573592163
3450,3450,26,ramp,0,"[-0.5, -0.4333333373069763, -0.36666667461395264, -0.30000001192092896]",-0.7903127670288086,-0.7228747606277466,0.02028506249189377,0.9798616170883179,1.451785922050476,0.0,0.0,9.929959450550257
3450,3450,26,ramp,1,"[-0.47999998927116394, -0.41333332657814026, -0.3466666638851166, -0.2800000011920929]",-0.7829680442810059,-0.7239487171173096,0.00926119927316904,0.9880101680755615,1.453750491142273,0.015589187853038311,9.929959450550257,15.25818888858551
3450,3450,26,ramp,2,"[-0.46000000834465027, -0.3933333456516266, -0.3266666829586029, -0.2600000202655792]",-0.851346492767334,-0.7573502659797668,0.009747834876179695,0.9980036020278931,1.514752984046936,0.0767553374171257,15.25818888858551,20.687213238103386
3450,3450,26,ramp,3,"[-0.4399999976158142, -0.3733333349227905, -0.30666667222976685, -0.24000000953674316]",-0.8694987893104553,-0.7668753862380981,0.009076530113816261,1.0080138444900513,1.5363268852233887,0.022823000326752663,20.687213238103386,26.11318593233994
3475,3475,26,zero_hold,0,"[0.0, 0.0, 0.0, 0.0]",0.034938834607601166,-0.1432141214609146,0.002422505058348179,0.8516263961791992,0.864294171333313,0.0,0.0,4.432953003140713
3475,3475,26,zero_hold,1,"[0.0, 0.0, 0.0, 0.0]",0.006823485717177391,-0.13619132339954376,-0.00306740403175354,1.015106439590454,1.0242290496826172,0.16611939668655396,4.432953003140713,7.432612076051978
3475,3475,26,zero_hold,2,"[0.0, 0.0, 0.0, 0.0]",0.032972030341625214,-0.0850749984383583,-0.005820046178996563,1.0180641412734985,1.0221611261367798,0.05755823105573654,7.432612076051978,10.31022680643286
3475,3475,26,zero_hold,3,"[0.0, 0.0, 0.0, 0.0]",-0.05417237430810928,-0.044187143445014954,-0.007433702237904072,1.0043216943740845,1.0067793130874634,0.09724927693605423,10.31022680643286,13.00839158933105
3475,3475,26,target_ahead,0,"[0.0, 0.0, 0.0, 0.0]",0.9652099609375,-0.5509322285652161,-0.018455609679222107,1.1036630868911743,1.566387414932251,0.0,0.0,8.196854515716659
3475,3475,26,target_ahead,1,"[0.009999999776482582, 0.0, 0.0, 0.0]",1.2871010303497314,-0.27862170338630676,-0.033586591482162476,1.0025910139083862,1.655468463897705,0.43383336067199707,8.196854515716659,12.13552257851814
3475,3475,26,target_ahead,2,"[0.019999999552965164, 0.0, 0.0, 0.0]",1.212659478187561,-0.3467651903629303,-0.030261311680078506,1.0064358711242676,1.6138828992843628,0.10104909539222717,12.13552257851814,15.54868501341847
3475,3475,26,target_ahead,3,"[0.029999999329447746, 0.0, 0.0, 0.0]",0.9168566465377808,-0.41092339158058167,-0.026812966912984848,1.0093553066253662,1.4244301319122314,0.30271437764167786,15.54868501341847,18.98835939520029
3475,3475,26,target_left,0,"[0.0, 0.0, 0.0, 0.0]",-0.23172034323215485,-0.4063800871372223,0.00034046731889247894,1.1024419069290161,1.1975880861282349,0.0,0.0,7.333857981061933
3475,3475,26,target_left,1,"[0.009999999776482582, 0.0, 0.0, 0.0]",-0.28731703758239746,-0.3335631191730499,-0.010295542888343334,1.0649560689926147,1.1524118185043335,0.09955710172653198,7.333857981061933,11.831156653408353
3475,3475,26,target_left,2,"[0.019999999552965164, 0.0, 0.0, 0.0]",-0.2592434883117676,-0.33874836564064026,-0.009732616133987904,1.0570334196090698,1.1399000883102417,0.02963268756866455,11.831156653408353,16.126991490194847
3475,3475,26,target_left,3,"[0.029999999329447746, 0.0, 0.0, 0.0]",-0.21810857951641083,-0.3465948700904846,-0.009895752184092999,1.054383397102356,1.1311594247817993,0.041960667818784714,16.126991490194847,20.254204869995235
3475,3475,26,ramp,0,"[-0.5, -0.4333333373069763, -0.36666667461395264, -0.30000001192092896]",-0.7997168302536011,-0.7365407943725586,0.00794457457959652,0.9894911050796509,1.4701004028320312,0.0,0.0,9.927420444887876
3475,3475,26,ramp,1,"[-0.47999998927116394, -0.41333332657814026, -0.3466666638851166, -0.2800000011920929]",-0.7810618281364441,-0.736379861831665,-0.005691421218216419,0.9976280927658081,1.465471625328064,0.02449869178235531,9.927420444887876,15.240542419716059
3475,3475,26,ramp,2,"[-0.46000000834465027, -0.3933333456516266, -0.3266666829586029, -0.2600000202655792]",-0.8513845205307007,-0.7694375514984131,-0.006332951597869396,1.0044819116592407,1.525094747543335,0.0780094787478447,15.240542419716059,20.66263417505352
3475,3475,26,ramp,3,"[-0.4399999976158142, -0.3733333349227905, -0.30666667222976685, -0.24000000953674316]",-0.8687032461166382,-0.778610110282898,-0.007195674814283848,1.0134698152542114,1.5453323125839233,0.021577784791588783,20.66263417505352,26.088765287555486
3500,3500,26,zero_hold,0,"[0.0, 0.0, 0.0, 0.0]",0.038175687193870544,-0.14456941187381744,0.00878348108381033,0.8526670932769775,0.8657228350639343,0.0,0.0,4.447750235329763
3500,3500,26,zero_hold,1,"[0.0, 0.0, 0.0, 0.0]",0.010970937088131905,-0.13778595626354218,0.006591720972210169,1.0147082805633545,1.024100422859192,0.1644635647535324,4.447750235329763,7.45119750465368
3500,3500,26,zero_hold,2,"[0.0, 0.0, 0.0, 0.0]",0.03656468540430069,-0.0870451107621193,0.00494573125615716,1.0163596868515015,1.020747423171997,0.05687802657485008,7.45119750465368,10.328709736670076
3500,3500,26,zero_hold,3,"[0.0, 0.0, 0.0, 0.0]",-0.05181148648262024,-0.04606373608112335,0.0034845666959881783,1.0015548467636108,1.0039573907852173,0.09854511171579361,10.328709736670076,13.028369147794855
3500,3500,26,target_ahead,0,"[0.0, 0.0, 0.0, 0.0]",0.9820698499679565,-0.5470615029335022,-0.0042569562792778015,1.1024726629257202,1.5745480060577393,0.0,0.0,8.212277039741354
3500,3500,26,target_ahead,1,"[0.009999999776482582, 0.0, 0.0, 0.0]",1.3119734525680542,-0.27071326971054077,-0.020400270819664,0.99554443359375,1.6691569089889526,0.4437330365180969,8.212277039741354,12.146226003274514
3500,3500,26,target_ahead,2,"[0.019999999552965164, 0.0, 0.0, 0.0]",1.2325687408447266,-0.34116330742836,-0.016128774732351303,0.9985529184341431,1.6226478815078735,0.10628081858158112,12.146226003274514,15.547054024716726
3500,3500,26,target_ahead,3,"[0.029999999329447746, 0.0, 0.0, 0.0]",0.9344954490661621,-0.4073898494243622,-0.012811195105314255,1.001332402229309,1.4290132522583008,0.3053725063800812,15.547054024716726,18.979634274494575
3500,3500,26,target_left,0,"[0.0, 0.0, 0.0, 0.0]",-0.2304534614086151,-0.40609243512153625,0.00949886254966259,1.1030864715576172,1.1978771686553955,0.0,0.0,7.355881167831711
3500,3500,26,target_left,1,"[0.009999999776482582, 0.0, 0.0, 0.0]",-0.2789755165576935,-0.3319104015827179,-0.0015317462384700775,1.0643912553787231,1.1493141651153564,0.09734658896923065,7.355881167831711,11.857286359773868
3500,3500,26,target_left,2,"[0.019999999552965164, 0.0, 0.0, 0.0]",-0.2514013350009918,-0.3394986093044281,-0.0013418802991509438,1.0561405420303345,1.137495756149292,0.029766200110316277,11.857286359773868,16.158505655627437
3500,3500,26,target_left,3,"[0.029999999329447746, 0.0, 0.0, 0.0]",-0.20944562554359436,-0.34796062111854553,-0.0016574105247855186,1.053216576576233,1.1288100481033325,0.04290147125720978,16.158505655627437,20.29260731293319
3500,3500,26,ramp,0,"[-0.5, -0.4333333373069763, -0.36666667461395264, -0.30000001192092896]",-0.7948366403579712,-0.7417354583740234,0.01800353452563286,0.9914346933364868,1.4714630842208862,0.0,0.0,9.927697007191773
3500,3500,26,ramp,1,"[-0.47999998927116394, -0.41333332657814026, -0.3466666638851166, -0.2800000011920929]",-0.7685747146606445,-0.7395167350769043,0.004376641940325499,1.00017249584198,1.4621751308441162,0.03092980571091175,9.927697007191773,15.247204298329729
3500,3500,26,ramp,2,"[-0.46000000834465027, -0.3933333456516266, -0.3266666829586029, -0.2600000202655792]",-0.8387327194213867,-0.7729124426841736,0.003398164175450802,1.005646824836731,1.5205930471420288,0.07789958268404007,15.247204298329729,20.674461959835234
3500,3500,26,ramp,3,"[-0.4399999976158142, -0.3733333349227905, -0.30666667222976685, -0.24000000953674316]",-0.8550514578819275,-0.781980037689209,0.002377309836447239,1.0141159296035767,1.5398190021514893,0.020525358617305756,20.674461959835234,26.10759467057742
3525,3525,26,zero_hold,0,"[0.0, 0.0, 0.0, 0.0]",0.032425932586193085,-0.14201070368289948,0.014760807156562805,0.8533918857574463,0.8658602833747864,0.0,0.0,4.446378469965924
3525,3525,26,zero_hold,1,"[0.0, 0.0, 0.0, 0.0]",-0.0016111694276332855,-0.1332290917634964,0.013359605334699154,1.0148171186447144,1.023613691329956,0.16521413624286652,4.446378469965924,7.449770731351065
3525,3525,26,zero_hold,2,"[0.0, 0.0, 0.0, 0.0]",0.01978236436843872,-0.0823732241988182,0.010480377823114395,1.0160858631134033,1.0196651220321655,0.05526212230324745,7.449770731351065,10.326368248045993
3525,3525,26,zero_hold,3,"[0.0, 0.0, 0.0, 0.0]",-0.0708182156085968,-0.04115402698516846,0.007965936325490475,1.0014290809631348,1.0048047304153442,0.10064109414815903,10.326368248045993,13.023153900672005
3525,3525,26,target_ahead,0,"[0.0, 0.0, 0.0, 0.0]",0.9630461931228638,-0.5383132100105286,0.002235179767012596,1.0956779718399048,1.55491304397583,0.0,0.0,8.212161569252615
3525,3525,26,target_ahead,1,"[0.009999999776482582, 0.0, 0.0, 0.0]",1.2917120456695557,-0.2576547861099243,-0.015340568497776985,0.9917271137237549,1.6488370895385742,0.44486522674560547,8.212161569252615,12.151581263872597
3525,3525,26,target_ahead,2,"[0.019999999552965164, 0.0, 0.0, 0.0]",1.1986432075500488,-0.33303961157798767,-0.011419171467423439,0.9952831268310547,1.5932294130325317,0.11988621205091476,12.151581263872597,15.545523331885091
3525,3525,26,target_ahead,3,"[0.029999999329447746, 0.0, 0.0, 0.0]",0.8859777450561523,-0.40204140543937683,-0.008042264729738235,0.9996136426925659,1.3949501514434814,0.3202359974384308,15.545523331885091,18.97792585813423
3525,3525,26,target_left,0,"[0.0, 0.0, 0.0, 0.0]",-0.2351648211479187,-0.4007674753665924,0.016440091654658318,1.1032346487045288,1.1972109079360962,0.0,0.0,7.347155402221365
3525,3525,26,target_left,1,"[0.009999999776482582, 0.0, 0.0, 0.0]",-0.2979106307029724,-0.3246038854122162,0.00497662927955389,1.065209984779358,1.152742624282837,0.10637300461530685,7.347155402221365,11.852148736733382
3525,3525,26,target_left,2,"[0.019999999552965164, 0.0, 0.0, 0.0]",-0.27058422565460205,-0.3306211233139038,0.004776631947606802,1.0572693347930908,1.140336513519287,0.029086655005812645,11.852148736733382,16.154406977532474
3525,3525,26,target_left,3,"[0.029999999329447746, 0.0, 0.0, 0.0]",-0.22594647109508514,-0.3387121856212616,0.004293007776141167,1.0545090436935425,1.1303917169570923,0.04545159265398979,16.154406977532474,20.28613893840861
3525,3525,26,ramp,0,"[-0.5, -0.4333333373069763, -0.36666667461395264, -0.30000001192092896]",-0.7950921654701233,-0.7343644499778748,0.024444904178380966,0.9906777143478394,1.4674817323684692,0.0,0.0,9.92028123648051
3525,3525,26,ramp,1,"[-0.47999998927116394, -0.41333332657814026, -0.3466666638851166, -0.2800000011920929]",-0.7836328148841858,-0.7358394861221313,0.01199724804610014,1.0037425756454468,1.4707764387130737,0.021427253261208534,9.92028123648051,15.24905716328212
3525,3525,26,ramp,2,"[-0.46000000834465027, -0.3933333456516266, -0.3266666829586029, -0.2600000202655792]",-0.8574280142784119,-0.7697468996047974,0.011333986185491085,1.0107938051223755,1.5328162908554077,0.08152057230472565,15.24905716328212,20.68469047877331
3525,3525,26,ramp,3,"[-0.4399999976158142, -0.3733333349227905, -0.30666667222976685, -0.24000000953674316]",-0.8748839497566223,-0.7789871096611023,0.010384203866124153,1.0194708108901978,1.5529557466506958,0.021593602374196053,20.68469047877331,26.11939445499894
3550,3550,26,zero_hold,0,"[0.0, 0.0, 0.0, 0.0]",0.03533510863780975,-0.1407787948846817,0.009777072817087173,0.8587697148323059,0.8710041642189026,0.0,0.0,4.453695184368644
3550,3550,26,zero_hold,1,"[0.0, 0.0, 0.0, 0.0]",-0.0008019637316465378,-0.13169439136981964,0.007808032911270857,1.0213454961776733,1.0298309326171875,0.1668028086423874,4.453695184368644,7.4573244876106655
3550,3550,26,zero_hold,2,"[0.0, 0.0, 0.0, 0.0]",0.01992839388549328,-0.08108583837747574,0.005064048804342747,1.0226362943649292,1.0260519981384277,0.05477379634976387,7.4573244876106655,10.325489048699412
3550,3550,26,zero_hold,3,"[0.0, 0.0, 0.0, 0.0]",-0.07484358549118042,-0.03975426405668259,0.002744973637163639,1.007207989692688,1.0107706785202026,0.10456307977437973,10.325489048699412,13.011802479751259
3550,3550,26,target_ahead,0,"[0.0, 0.0, 0.0, 0.0]",0.9661810398101807,-0.5432722568511963,-0.004018235020339489,1.1005185842514038,1.561988353729248,0.0,0.0,8.209278729944604
3550,3550,26,target_ahead,1,"[0.009999999776482582, 0.0, 0.0, 0.0]",1.2985302209854126,-0.2579653561115265,-0.019543837755918503,0.9980564713478088,1.658078908920288,0.450106143951416,8.209278729944604,12.144291873026251
3550,3550,26,target_ahead,2,"[0.019999999552965164, 0.0, 0.0, 0.0]",1.2232282161712646,-0.32891279458999634,-0.017188645899295807,0.9986401200294495,1.6130865812301636,0.1034882515668869,12.144291873026251,15.533340893597654
3550,3550,26,target_ahead,3,"[0.029999999329447746, 0.0, 0.0, 0.0]",0.9266380667686462,-0.3951137363910675,-0.01399515476077795,1.0010274648666382,1.4202200174331665,0.30391475558280945,15.533340893597654,18.957737188436006
3550,3550,26,target_left,0,"[0.0, 0.0, 0.0, 0.0]",-0.22897952795028687,-0.39697614312171936,0.007497503887861967,1.1123008728027344,1.2030341625213623,0.0,0.0,7.341486746372857
3550,3550,26,target_left,1,"[0.009999999776482582, 0.0, 0.0, 0.0]",-0.2950569689273834,-0.3187726140022278,-0.00538256112486124,1.0735763311386108,1.1581319570541382,0.11021573096513748,7.341486746372857,11.838145470708948
3550,3550,26,target_left,2,"[0.019999999552965164, 0.0, 0.0, 0.0]",-0.26751708984375,-0.3233605623245239,-0.00607317965477705,1.0650970935821533,1.1448127031326294,0.029186788946390152,11.838145470708948,16.136054747430258
3550,3550,26,target_left,3,"[0.029999999329447746, 0.0, 0.0, 0.0]",-0.2211618572473526,-0.3301592469215393,-0.006642657332122326,1.0622724294662476,1.1341890096664429,0.0469396710395813,16.136054747430258,20.262243381218273
3550,3550,26,ramp,0,"[-0.5, -0.4333333373069763, -0.36666667461395264, -0.30000001192092896]",-0.774171769618988,-0.7319791316986084,0.009386871010065079,0.9998654723167419,1.4611483812332153,0.0,0.0,9.931469217370033
3550,3550,26,ramp,1,"[-0.47999998927116394, -0.41333332657814026, -0.3466666638851166, -0.2800000011920929]",-0.770320475101471,-0.7398172616958618,-0.006651393137872219,1.0094819068908691,1.4696329832077026,0.020639052614569664,9.931469217370033,15.27079017376368
3550,3550,26,ramp,2,"[-0.46000000834465027, -0.3933333456516266, -0.3266666829586029, -0.2600000202655792]",-0.84257572889328,-0.7744173407554626,-0.007453230209648609,1.0168386697769165,1.5309057235717773,0.08045341819524765,15.27079017376368,20.71026492692976
3550,3550,26,ramp,3,"[-0.4399999976158142, -0.3733333349227905, -0.30666667222976685, -0.24000000953674316]",-0.8609915971755981,-0.7839170098304749,-0.00822166632860899,1.0250245332717896,1.5513139963150024,0.022293200716376305,20.71026492692976,26.150718902189432
3575,3575,26,zero_hold,0,"[0.0, 0.0, 0.0, 0.0]",0.02774193324148655,-0.13844755291938782,0.014911510981619358,0.8589380383491516,0.8705942034721375,0.0,0.0,4.482609756610283
3575,3575,26,zero_hold,1,"[0.0, 0.0, 0.0, 0.0]",-0.012699691578745842,-0.12543097138404846,0.014232808724045753,1.0176866054534912,1.0255646705627441,0.16433662176132202,4.482609756610283,7.494275667699225
3575,3575,26,zero_hold,2,"[0.0, 0.0, 0.0, 0.0]",0.010605910792946815,-0.07403755933046341,0.012801709584891796,1.0196287631988525,1.0224484205245972,0.056482333689928055,7.494275667699225,10.370623045795728
3575,3575,26,zero_hold,3,"[0.0, 0.0, 0.0, 0.0]",-0.0782177671790123,-0.03225712105631828,0.01112585049122572,1.0045567750930786,1.0081748962402344,0.0993238314986229,10.370623045795728,13.064640743229171
3575,3575,26,target_ahead,0,"[0.0, 0.0, 0.0, 0.0]",0.9860289692878723,-0.5458927750587463,0.008547683246433735,1.0961185693740845,1.5721962451934814,0.0,0.0,8.214017622418314
3575,3575,26,target_ahead,1,"[0.009999999776482582, 0.0, 0.0, 0.0]",1.3160163164138794,-0.2614628076553345,-0.008983515202999115,0.9935385584831238,1.6695691347122192,0.44790855050086975,8.214017622418314,12.151912945724126
3575,3575,26,target_ahead,2,"[0.019999999552965164, 0.0, 0.0, 0.0]",1.245801329612732,-0.3342665433883667,-0.004630345851182938,0.9955447316169739,1.6293820142745972,0.10125958174467087,12.151912945724126,15.54050492187387
3575,3575,26,target_ahead,3,"[0.029999999329447746, 0.0, 0.0, 0.0]",0.9504424333572388,-0.3998437821865082,-0.0005739275366067886,0.9985190033912659,1.4353593587875366,0.30259305238723755,15.54050492187387,18.963456064066094
3575,3575,26,target_left,0,"[0.0, 0.0, 0.0, 0.0]",-0.2371932417154312,-0.3925931751728058,0.017735948786139488,1.1056327819824219,1.1971334218978882,0.0,0.0,7.360801702644747
3575,3575,26,target_left,1,"[0.009999999776482582, 0.0, 0.0, 0.0]",-0.31168463826179504,-0.31135109066963196,0.004927666857838631,1.0675817728042603,1.1549206972122192,0.11730803549289703,7.360801702644747,11.864190982433357
3575,3575,26,target_left,2,"[0.019999999552965164, 0.0, 0.0, 0.0]",-0.2894337475299835,-0.3182286322116852,0.004733158741146326,1.060791254043579,1.144701600074768,0.024260085076093674,11.864190982433357,16.169683524528526
3575,3575,26,target_left,3,"[0.029999999329447746, 0.0, 0.0, 0.0]",-0.24285194277763367,-0.3267233073711395,0.004410427063703537,1.0582633018493652,1.1338720321655273,0.04741854593157768,16.169683524528526,20.302493109318796
3575,3575,26,ramp,0,"[-0.5, -0.4333333373069763, -0.36666667461395264, -0.30000001192092896]",-0.7694458365440369,-0.7280906438827515,0.02400047518312931,0.9963067173957825,1.4544297456741333,0.0,0.0,9.93404439678799
3575,3575,26,ramp,1,"[-0.47999998927116394, -0.41333332657814026, -0.3466666638851166, -0.2800000011920929]",-0.7682484984397888,-0.7320162653923035,0.007306237705051899,0.9998872876167297,1.4580402374267578,0.017560243606567383,9.93404439678799,15.278141801458458
3575,3575,26,ramp,2,"[-0.46000000834465027, -0.3933333456516266, -0.3266666829586029, -0.2600000202655792]",-0.8335224986076355,-0.7654199600219727,0.006095408461987972,1.0081326961517334,1.5155844688415527,0.07379671186208725,15.278141801458458,20.729676628236604
3575,3575,26,ramp,3,"[-0.4399999976158142, -0.3733333349227905, -0.30666667222976685, -0.24000000953674316]",-0.8515202403068542,-0.7748014330863953,0.005029025953263044,1.016115427017212,1.5355520248413086,0.0218355655670166,20.729676628236604,26.18046610972052
