Time,Longitude,Latitude,Altitude,Roll (deg),Pitch (deg),Yaw (deg),Health
0.0,128.182963,37.914468,3635.9473128,13.555,-4.918,283.078,1.0
0.1,128.182741,37.914509,3634.0118328000003,15.99,-3.876,283.511,1.0
0.2,128.182518,37.914549,3631.9087128,20.149,-2.268,284.182,1.0
0.3,128.182293,37.91459,3629.6958648,25.725,-0.576,285.026,1.0
0.4,128.182067,37.914631,3627.4315056000005,32.362,1.1,286.101,1.0
0.5,128.181841,37.914672,3625.1674512,39.656,2.734,287.481,1.0
0.6,128.181613,37.914715,3622.9552128,46.722,4.065,289.0,1.0
0.7,128.181386,37.91476,3620.8908024,51.718,5.097,290.544,1.0
0.8,128.181159,37.914808,3619.0586496,53.519,5.929,292.088,1.0
0.9,128.180933,37.91486,3617.4858816,52.501,6.66,293.618,1.0
1.0,128.180708,37.914914,3616.1575632,49.743,7.375,295.096,1.0
1.1,128.180484,37.914972,3615.0611976,46.316,8.128,296.47,1.0
1.2,128.180262,37.915033,3614.1916032000004,43.102,8.94,297.714,1.0
1.3,128.180039,37.915096,3613.5527424,40.635,9.805,298.825,1.0
1.4,128.179818,37.915162,3613.1680848000005,38.989,10.71,299.818,1.0
1.5,128.179598,37.91523,3613.082436,37.683,11.651,300.711,1.0
1.6,128.17938,37.915301,3613.3671192000006,35.772,12.638,301.511,1.0
1.7,128.179164,37.915375,3614.0864472,32.76,13.692,302.233,1.0
1.8,128.178951,37.915452,3615.2459064,29.075,14.832,302.885,1.0
1.9,128.178739,37.91553,3616.8351336,25.275,16.067,303.439,1.0
2.0,128.178529,37.915611,3618.8428512,21.867,17.396,303.858,1.0
2.1,128.178322,37.915693,3621.2522952,19.217,18.79,304.149,1.0
2.2,128.178115,37.915776,3624.0424344000003,17.566,20.2,304.391,1.0
2.3,128.177911,37.91586,3627.2047344000002,16.934,21.591,304.637,1.0
2.4,128.177708,37.915945,3630.7833912,16.658,22.962,304.858,1.0
2.5,128.177508,37.916031,3634.8204672,16.071,24.321,305.061,1.0
2.6,128.17731,37.916118,3639.3150480000004,15.055,25.684,305.258,1.0
2.7,128.177115,37.916205,3644.2515888000003,13.787,27.057,305.442,1.0
2.8,128.176922,37.916292,3649.6246032000004,12.352,28.44,305.598,1.0
2.9,128.176731,37.916379,3655.4353104,10.742,29.835,305.707,1.0
3.0,128.176543,37.916467,3661.6861488000004,8.917,31.24,305.758,1.0
3.1,128.176358,37.916554,3668.3783376,6.848,32.659,305.737,1.0
3.2,128.176175,37.91664,3675.5097432000002,4.545,34.09,305.623,1.0
3.3,128.175996,37.916726,3683.0770128,2.024,35.533,305.4,1.0
3.4,128.175818,37.916811,3691.0758792,-0.716,36.982,305.054,1.0
3.5,128.175644,37.916895,3699.5002464000004,-3.671,38.432,304.575,1.0
3.6,128.175472,37.916977,3708.3296928,-6.715,39.876,303.957,1.0
3.7,128.175302,37.917058,3717.5267280000003,-9.45,41.304,303.207,1.0
3.8,128.175134,37.917137,3727.0544712000005,-11.537,42.702,302.341,1.0
3.9,128.174968,37.917214,3736.9086552000003,-13.099,44.057,301.377,1.0
4.0,128.174804,37.917289,3747.0886704,-14.369,45.368,300.349,1.0
4.1,128.174643,37.917363,3757.5881160000004,-15.51,46.645,299.284,1.0
4.2,128.174483,37.917434,3768.3954096,-16.602,47.894,298.194,1.0
4.3,128.174326,37.917503,3779.4983592000003,-17.677,49.12,297.084,1.0
4.4,128.174171,37.917569,3790.8835536,-18.75,50.324,295.955,1.0
4.5,128.174018,37.917634,3802.5388008000004,-19.822,51.505,294.805,1.0
4.6,128.173868,37.917696,3814.4543472,-20.928,52.664,293.631,1.0
4.7,128.173719,37.917756,3826.6216584,-22.12,53.8,292.424,1.0
4.8,128.173573,37.917814,3839.0334192000005,-23.459,54.914,291.175,1.0
4.9,128.17343,37.917869,3851.6820096,-24.998,56.006,289.87,1.0
5.0,128.173289,37.917922,3864.5601144,-26.79,57.073,288.489,1.0
5.1,128.17315,37.917972,3877.6631616000004,-28.935,58.112,287.008,1.0
5.2,128.173014,37.918019,3890.9893224,-31.614,59.117,285.389,1.0
5.3,128.172881,37.918063,3904.536768,-35.04,60.082,283.595,1.0
5.4,128.172751,37.918104,3918.293916,-39.229,61.005,281.602,1.0
5.5,128.172624,37.918142,3932.2388208,-43.996,61.879,279.386,1.0
5.6,128.172499,37.918176,3946.3437456,-48.966,62.681,276.916,1.0
5.7,128.172376,37.918207,3960.5830872000006,-53.738,63.383,274.183,1.0
5.8,128.172254,37.918235,3974.939472,-58.158,63.966,271.217,1.0
5.9,128.172135,37.91826,3989.3997936000005,-62.23,64.428,268.071,1.0
6.0,128.172018,37.918282,4003.9503360000003,-65.948,64.778,264.804,1.0
6.1,128.171903,37.918301,4018.5767736000003,-69.191,65.037,261.477,1.0
6.2,128.171789,37.918316,4033.2656952,-71.776,65.227,258.147,1.0
6.3,128.171677,37.918329,4048.0097856,-73.662,65.373,254.866,1.0
6.4,128.171566,37.918339,4062.8038632000003,-74.916,65.5,251.671,1.0
6.5,128.171457,37.918347,4077.6427464000003,-75.629,65.632,248.578,1.0
6.6,128.17135,37.918352,4092.5236920000007,-75.926,65.789,245.593,1.0
6.7,128.171244,37.918354,4107.445176,-76.019,65.983,242.707,1.0
6.8,128.171141,37.918354,4122.406284000001,-76.125,66.218,239.9,1.0
6.9,128.171039,37.918351,4137.4057968,-76.409,66.491,237.148,1.0
7.0,128.17094,37.918347,4152.4412760000005,-76.954,66.795,234.428,1.0
7.1,128.170843,37.91834,4167.5096736000005,-77.775,67.12,231.719,1.0
7.2,128.170748,37.918331,4182.6076368,-78.839,67.453,229.007,1.0
7.3,128.170656,37.91832,4197.7318128,-80.091,67.784,226.285,1.0
7.4,128.170565,37.918307,4212.878544,-81.476,68.102,223.549,1.0
7.5,128.170478,37.918292,4228.0447824,-82.949,68.402,220.799,1.0
7.6,128.170392,37.918275,4243.227175200001,-84.478,68.678,218.035,1.0
7.7,128.170309,37.918257,4258.423284,-86.086,68.926,215.257,1.0
7.8,128.170229,37.918237,4273.6312800000005,-87.962,69.139,212.457,1.0
7.9,128.170152,37.918215,4288.8490296,-90.319,69.309,209.615,1.0
8.0,128.170078,37.918191,4304.071656,-93.026,69.428,206.708,1.0
8.1,128.170007,37.918165,4319.2939776,-95.892,69.487,203.743,1.0
8.2,128.169938,37.918138,4334.5102032,-98.749,69.479,200.75,1.0
8.3,128.169873,37.918109,4349.7157608,-101.47,69.403,197.761,1.0
8.4,128.16981,37.918078,4364.9060784,-103.967,69.263,194.806,1.0
8.5,128.169751,37.918046,4380.0759744,-106.192,69.068,191.904,1.0
8.6,128.169694,37.918013,4395.221791200001,-108.146,68.826,189.07,1.0
8.7,128.16964,37.917977,4410.3392616,-109.851,68.548,186.307,1.0
8.8,128.169589,37.917941,4425.425032800001,-111.33,68.242,183.614,1.0
8.9,128.16954,37.917903,4440.476666400001,-112.585,67.918,180.988,1.0
9.0,128.169494,37.917864,4455.491419200001,-113.599,67.585,178.426,1.0
9.1,128.169451,37.917824,4470.4683768,-114.349,67.252,175.926,1.0
9.2,128.169411,37.917783,4485.4060152,-114.828,66.926,173.486,1.0
9.3,128.169373,37.917741,4500.30342,-115.072,66.615,171.105,1.0
9.4,128.169337,37.917698,4515.1575432,-115.205,66.323,168.778,1.0
9.5,128.169304,37.917654,4529.966556,-115.416,66.047,166.495,1.0
9.6,128.169275,37.917609,4544.7280200000005,-115.819,65.783,164.236,1.0
9.7,128.169247,37.917564,4559.4410208,-116.423,65.527,161.992,1.0
9.8,128.169223,37.917517,4574.104948800001,-117.188,65.271,159.762,1.0
9.9,128.169202,37.917471,4588.7176704,-118.077,65.009,157.554,1.0
10.0,128.169183,37.917424,4603.277052,-119.085,64.736,155.379,1.0
10.1,128.169167,37.917376,4617.7803504,-120.212,64.444,153.241,1.0
10.2,128.169154,37.917328,4632.2245176,-121.432,64.13,151.146,1.0
10.3,128.169144,37.917279,4646.6080296,-122.693,63.789,149.095,1.0
10.4,128.169137,37.91723,4660.928448000001,-123.929,63.42,147.094,1.0
10.5,128.169133,37.917181,4675.183944,-125.083,63.025,145.147,1.0
10.6,128.169131,37.917131,4689.372384,-126.109,62.604,143.256,1.0
10.7,128.169132,37.917081,4703.4919392,-126.981,62.161,141.421,1.0
10.8,128.169136,37.917032,4717.5401712,-127.69,61.702,139.642,1.0
10.9,128.169143,37.916981,4731.515556,-128.208,61.249,137.966,1.0
11.0,128.169152,37.916931,4745.4165696,-128.449,60.853,136.496,1.0
11.1,128.169165,37.916881,4759.2438216,-128.428,60.518,135.205,1.0
11.2,128.169179,37.916831,4772.9985312,-128.19,60.234,134.042,1.0
11.3,128.169196,37.916781,4786.6819176,-127.78,59.992,132.969,1.0
11.4,128.169216,37.91673,4800.2955048,-127.248,59.782,131.953,1.0
11.5,128.169237,37.91668,4813.8408168000005,-126.644,59.595,130.965,1.0
11.6,128.169261,37.91663,4827.318768,-126.003,59.424,129.985,1.0
11.7,128.169288,37.91658,4840.729968000001,-125.351,59.263,129.001,1.0
11.8,128.169316,37.91653,4854.0756360000005,-124.7,59.11,128.008,1.0
11.9,128.169347,37.916481,4867.3533336,-124.146,58.953,126.986,1.0
12.0,128.16938,37.916432,4880.5545264,-124.03,58.746,125.855,1.0
12.1,128.169416,37.916383,4893.669156,-124.791,58.427,124.506,1.0
12.2,128.169454,37.916336,4906.6889928,-126.674,57.956,122.921,1.0
12.3,128.169496,37.916288,4919.6131224,-129.187,57.379,121.249,1.0
12.4,128.16954,37.916241,4932.450384000001,-131.42,56.79,119.689,1.0
12.5,128.169586,37.916195,4945.2090072,-132.781,56.271,118.384,1.0
12.6,128.169634,37.916149,4957.8908208,-133.202,55.824,117.306,1.0
12.7,128.169685,37.916103,4970.4918624,-132.91,55.415,116.371,1.0
12.8,128.169737,37.916058,4983.007560000001,-132.248,55.002,115.481,1.0
12.9,128.169791,37.916013,4995.4309032,-131.659,54.532,114.531,1.0
13.0,128.169848,37.915969,5007.751224000001,-131.689,53.946,113.429,1.0
13.1,128.169908,37.915926,5019.9566352,-132.665,53.211,112.144,1.0
13.2,128.16997,37.915883,5032.042564800001,-134.422,52.349,110.745,1.0
13.3,128.170035,37.915842,5044.0111464,-136.482,51.415,109.338,1.0
13.4,128.170102,37.915801,5055.8690856,-138.242,50.482,108.03,1.0
13.5,128.170171,37.91576,5067.622173600001,-139.312,49.605,106.876,1.0
13.6,128.170242,37.91572,5079.2716296,-139.6,48.797,105.869,1.0
13.7,128.170315,37.915681,5090.8104432,-139.291,48.034,104.964,1.0
13.8,128.170391,37.915643,5102.2303848,-138.738,47.276,104.097,1.0
13.9,128.170468,37.915605,5113.519872,-138.32,46.483,103.214,1.0
14.0,128.170548,37.915568,5124.670065600001,-138.296,45.629,102.282,1.0
14.1,128.170631,37.915532,5135.675479200001,-138.745,44.712,101.301,1.0
14.2,128.170715,37.915498,5146.533674400001,-139.569,43.75,100.302,1.0
14.3,128.170802,37.915464,5157.2452608,-140.571,42.76,99.31,1.0
14.4,128.170891,37.915431,5167.8114576,-141.534,41.754,98.343,1.0
14.5,128.170983,37.915399,5178.232569600001,-142.292,40.741,97.411,1.0
14.6,128.171076,37.915367,5188.5070728,-142.763,39.727,96.518,1.0
14.7,128.171171,37.915337,5198.6310048000005,-142.938,38.719,95.664,1.0
14.8,128.171268,37.915308,5208.6000984,-142.873,37.721,94.845,1.0
14.9,128.171368,37.915279,5218.4085624,-142.66,36.735,94.056,1.0
15.0,128.171469,37.915252,5228.0521296,-142.392,35.762,93.289,1.0
15.1,128.171572,37.915226,5237.5265328000005,-142.146,34.801,92.537,1.0
15.2,128.171678,37.9152,5246.8281144,-141.972,33.85,91.796,1.0
15.3,128.171785,37.915176,5255.954436,-141.891,32.907,91.063,1.0
15.4,128.171894,37.915153,5264.903364000001,-141.901,31.969,90.336,1.0
15.5,128.172005,37.915131,5273.6733744,-141.986,31.032,89.615,1.0
15.6,128.172118,37.915111,5282.2626384000005,-142.123,30.095,88.901,1.0
15.7,128.172233,37.915091,5290.6687176000005,-142.292,29.154,88.195,1.0
15.8,128.172349,37.915073,5298.890697600001,-142.464,28.209,87.498,1.0
15.9,128.172467,37.915056,5306.9261400000005,-142.613,27.259,86.811,1.0
16.0,128.172587,37.91504,5314.7741304,-142.714,26.303,86.133,1.0
16.1,128.172708,37.915025,5322.4334496,-142.743,25.342,85.463,1.0
16.2,128.172831,37.915011,5329.9022688000005,-142.685,24.378,84.8,1.0
16.3,128.172955,37.914998,5337.179368800001,-142.531,23.413,84.143,1.0
16.4,128.173081,37.914987,5344.2638352,-142.276,22.448,83.489,1.0
16.5,128.173208,37.914977,5351.1544488,-141.925,21.485,82.835,1.0
16.6,128.173337,37.914968,5357.8496856,-141.483,20.527,82.18,1.0
16.7,128.173467,37.91496,5364.3486312,-140.963,19.577,81.521,1.0
16.8,128.173598,37.914954,5370.649456800001,-140.387,18.634,80.856,1.0
16.9,128.173731,37.914949,5376.750333600001,-139.794,17.701,80.184,1.0
17.0,128.173865,37.914945,5382.6485184,-139.231,16.777,79.505,1.0
17.1,128.174,37.914942,5388.3415728,-138.732,15.86,78.818,1.0
17.2,128.174136,37.914941,5393.827972800001,-138.318,14.948,78.125,1.0
17.3,128.174273,37.914941,5399.10528,-138.007,14.041,77.426,1.0
17.4,128.174411,37.914943,5404.171056000001,-137.808,13.133,76.723,1.0
17.5,128.174551,37.914946,5409.0237768,-137.726,12.223,76.019,1.0
17.6,128.174691,37.91495,5413.6613088,-137.741,11.307,75.314,1.0
17.7,128.174832,37.914956,5418.0830424000005,-137.813,10.384,74.612,1.0
17.8,128.174974,37.914964,5422.2889776,-137.887,9.452,73.911,1.0
17.9,128.175117,37.914972,5426.2785048000005,-137.912,8.511,73.214,1.0
18.0,128.175261,37.914983,5430.051319200001,-137.848,7.564,72.521,1.0
18.1,128.175405,37.914994,5433.606811200001,-137.667,6.61,71.83,1.0
18.2,128.17555,37.915007,5436.943456800001,-137.358,5.655,71.14,1.0
18.3,128.175695,37.915022,5440.0603416,-136.93,4.699,70.45,1.0
18.4,128.175842,37.915037,5442.9556368,-136.399,3.746,69.757,1.0
18.5,128.175989,37.915055,5445.6281232,-135.791,2.799,69.058,1.0
18.6,128.176136,37.915073,5448.0765816,-135.132,1.859,68.353,1.0
18.7,128.176283,37.915094,5450.299183200001,-134.451,0.929,67.638,1.0
18.8,128.176432,37.915115,5452.2947088,-133.781,0.009,66.913,1.0
18.9,128.17658,37.915139,5454.0613296,-133.165,-0.9,66.177,1.0
19.0,128.176729,37.915164,5455.596302399999,-132.644,-1.804,65.431,1.0
19.1,128.176877,37.91519,5456.8981032,-132.241,-2.702,64.675,0.9832253504728474
19.2,128.177026,37.915218,5457.9664272,-131.946,-3.598,63.911,0.9601252052381752
19.3,128.177175,37.915248,5458.801274400001,-131.724,-4.493,63.138,0.9337782672300113
19.4,128.177324,37.915279,5459.4026448,-131.531,-5.389,62.357,0.904182873267656
19.5,128.177473,37.915312,5459.770233600001,-131.327,-6.286,61.571,0.8713349370691529
19.6,128.177622,37.915346,5459.903736,-131.081,-7.186,60.779,0.8352332081730082
19.7,128.177771,37.915382,5459.801932800001,-130.784,-8.088,59.983,0.7958777633575685
19.8,128.17792,37.91542,5459.4633,-130.444,-8.991,59.182,0.7890032469176577
19.9,128.178068,37.915459,5458.8860088,-130.08,-9.895,58.377,0.7890032469176577
20.0,128.178216,37.9155,5458.0682304,-129.715,-10.8,57.567,0.7890032469176577
20.1,128.178364,37.915542,5457.008136,-129.368,-11.705,56.75,0.7890032469176577
20.2,128.178511,37.915586,5455.704811200001,-129.056,-12.613,55.927,0.7890032469176577
20.3,128.178657,37.915631,5454.1564272000005,-128.786,-13.523,55.098,0.7890032469176577
20.4,128.178803,37.915679,5452.3635936,-128.526,-14.436,54.262,0.7890032469176577
20.5,128.178949,37.915727,5450.3302728,-128.152,-15.348,53.416,0.7890032469176577
20.6,128.179094,37.915778,5448.060732,-127.514,-16.254,52.557,0.7890032469176577
20.7,128.179238,37.915829,5445.554666399999,-126.638,-17.15,51.687,0.7890032469176577
20.8,128.179381,37.915883,5442.8081136,-125.708,-18.039,50.807,0.7890032469176577
20.9,128.179523,37.915938,5439.8165016,-124.947,-18.923,49.917,0.7890032469176577
21.0,128.179664,37.915994,5436.5764776000005,-124.526,-19.807,49.017,0.7890032469176577
21.1,128.179804,37.916052,5433.087432,-124.459,-20.694,48.104,0.7890032469176577
21.2,128.179942,37.916112,5429.3481456,-124.755,-21.59,47.179,0.7890032469176577
21.3,128.180079,37.916173,5425.358313600001,-125.363,-22.503,46.246,0.7890032469176577
21.4,128.180214,37.916235,5421.1167168,-126.213,-23.442,45.31,0.7890032469176577
21.5,128.180348,37.916299,5416.620612,-127.237,-24.411,44.376,0.7890032469176577
21.6,128.180479,37.916365,5411.8654272,-128.37,-25.416,43.449,0.7890032469176577
21.7,128.18061,37.916432,5406.843542400001,-129.561,-26.455,42.535,0.7890032469176577
21.8,128.180739,37.9165,5401.5482520000005,-130.769,-27.525,41.632,0.7890032469176577
21.9,128.180866,37.916569,5395.976508,-131.945,-28.633,40.743,0.7890032469176577
22.0,128.180991,37.91664,5390.1264816,-133.0,-29.779,39.867,0.7890032469176577
22.1,128.181115,37.916711,5384.000611200001,-133.761,-30.961,39.005,0.7890032469176577
22.2,128.181237,37.916784,5377.6028592,-134.038,-32.165,38.146,0.7890032469176577
22.3,128.181358,37.916858,5370.9359688,-133.72,-33.374,37.282,0.7890032469176577
22.4,128.181477,37.916933,5363.997196800001,-132.867,-34.574,36.404,0.7890032469176577
22.5,128.181594,37.917008,5356.780752000001,-131.71,-35.751,35.506,0.7890032469176577
22.6,128.181709,37.917085,5349.2784048,-130.598,-36.902,34.582,0.7890032469176577
22.7,128.181822,37.917162,5341.4852784,-129.8,-38.028,33.626,0.7890032469176577
22.8,128.181933,37.917241,5333.401982400001,-129.378,-39.13,32.628,0.7890032469176577
22.9,128.182041,37.91732,5325.031260000001,-129.322,-40.217,31.587,0.7890032469176577
23.0,128.182147,37.9174,5316.3743304,-129.595,-41.298,30.507,0.7890032469176577
23.1,128.18225,37.91748,5307.4308888,-130.147,-42.382,29.398,0.7890032469176577
23.2,128.182351,37.917562,5298.2009352,-130.919,-43.481,28.268,0.7890032469176577
23.3,128.182449,37.917643,5288.6832504,-131.852,-44.603,27.127,0.7890032469176577
23.4,128.182544,37.917725,5278.8772248000005,-132.889,-45.754,25.984,0.7890032469176577
23.5,128.182637,37.917808,5268.780724800001,-133.981,-46.939,24.844,0.7890032469176577
23.6,128.182727,37.91789,5258.3922264,-135.089,-48.16,23.712,0.7890032469176577
23.7,128.182814,37.917973,5247.7105104,-136.184,-49.416,22.589,0.7890032469176577
23.8,128.182898,37.918056,5236.7340527999995,-137.244,-50.705,21.476,0.7890032469176577
23.9,128.182979,37.918138,5225.4616344,-138.26,-52.026,20.373,0.7890032469176577
24.0,128.183058,37.91822,5213.8926456,-139.231,-53.375,19.277,0.7890032469176577
24.1,128.183134,37.918302,5202.0249527999995,-140.16,-54.748,18.187,0.7890032469176577
24.2,128.183207,37.918383,5189.8558128,-141.053,-56.141,17.101,0.7890032469176577
24.3,128.183278,37.918463,5177.384615999999,-141.919,-57.551,16.014,0.7890032469176577
24.4,128.183345,37.918543,5164.6110576,-142.763,-58.976,14.92,0.7890032469176577
24.5,128.18341,37.918622,5151.5339184,-143.593,-60.415,13.814,0.7890032469176577
24.6,128.183472,37.918699,5138.153808,-144.415,-61.866,12.69,0.7890032469176577
24.7,128.18353,37.918776,5124.4710312,-145.233,-63.33,11.543,0.7890032469176577
24.8,128.183586,37.918851,5110.487112,-146.052,-64.806,10.366,0.7890032469176577
24.9,128.183639,37.918924,5096.2035744,-146.875,-66.296,9.156,0.7890032469176577
25.0,128.18369,37.918996,5081.622856800001,-147.7,-67.799,7.905,0.7890032469176577
25.1,128.183737,37.919066,5066.7480072,-148.528,-69.317,6.607,0.7890032469176577
25.2,128.183781,37.919133,5051.583292800001,-149.355,-70.851,5.255,0.7890032469176577
25.3,128.183823,37.919198,5036.1329808,-150.174,-72.4,3.839,0.7890032469176577
25.4,128.183862,37.919261,5020.402557599999,-150.974,-73.965,2.346,0.7890032469176577
25.5,128.183898,37.919321,5004.3975096,-151.738,-75.547,0.756,0.7890032469176577
25.6,128.183932,37.919379,4988.1251520000005,-152.437,-77.146,359.042,0.7890032469176577
25.7,128.183964,37.919433,4971.5921904,-153.027,-78.762,357.158,0.7890032469176577
25.8,128.183993,37.919484,4954.8077688,-153.431,-80.393,355.028,0.7890032469176577
25.9,128.18402,37.919532,4937.7807264,-153.508,-82.039,352.509,0.7890032469176577
26.0,128.184046,37.919576,4920.5217312,-152.968,-83.696,349.312,0.7890032469176577
26.1,128.184069,37.919617,4903.0414512,-151.106,-85.357,344.732,0.7890032469176577
26.2,128.184091,37.919654,4885.351164000001,-145.676,-86.998,336.527,0.7890032469176577
26.3,128.184112,37.919687,4867.4636712,-125.642,-88.527,313.694,0.7890032469176577
26.4,128.184131,37.919716,4849.3914696,-41.983,-88.929,227.264,0.7890032469176577
26.5,128.18415,37.919741,4831.1458368,-5.024,-87.505,188.267,0.7890032469176577
26.6,128.184169,37.919764,4812.7276872,5.755,-85.805,177.476,0.7890032469176577
26.7,128.184186,37.919783,4794.1397640000005,12.704,-84.071,171.863,0.7890032469176577
26.8,128.184204,37.9198,4775.3881632,18.456,-82.356,168.299,0.7890032469176577
26.9,128.184221,37.919813,4756.4820288,23.153,-80.685,166.047,0.7890032469176577
27.0,128.184237,37.919824,4737.430504800001,26.31,-79.086,164.98,0.7890032469176577
27.1,128.184253,37.919831,4718.2409064,27.638,-77.592,165.029,0.7890032469176577
27.2,128.184268,37.919835,4698.9190248,27.125,-76.235,166.083,0.7890032469176577
27.3,128.184283,37.919836,4679.4700416000005,24.999,-75.026,167.997,0.7890032469176577
27.4,128.184297,37.919835,4659.901272,21.648,-73.948,170.603,0.7890032469176577
27.5,128.18431,37.91983,4640.2230792,17.532,-72.957,173.699,0.7890032469176577
27.6,128.184323,37.919821,4620.4507032,13.114,-71.994,177.041,0.7890032469176577
27.7,128.184336,37.919809,4600.602432000001,8.85,-71.004,180.357,0.7890032469176577
27.8,128.184347,37.919793,4580.6956392,5.218,-69.95,183.393,0.7890032469176577
27.9,128.184358,37.919773,4560.747393600001,2.586,-68.823,185.944,0.7890032469176577
28.0,128.184367,37.919748,4540.7768976,1.145,-67.638,187.848,0.7890032469176577
28.1,128.184375,37.91972,4520.8054872,0.946,-66.413,188.954,0.7890032469176577
28.2,128.184382,37.919686,4500.853584,1.722,-65.161,189.281,0.7890032469176577
28.3,128.184387,37.919648,4480.9385616,2.762,-63.882,189.156,0.7890032469176577
28.4,128.184391,37.919605,4461.0735264,3.367,-62.574,188.973,0.7890032469176577
28.5,128.184393,37.919558,4441.266708,3.389,-61.242,188.868,0.7890032469176577
28.6,128.184395,37.919506,4421.5260312,2.991,-59.889,188.814,0.7890032469176577
28.7,128.184394,37.91945,4401.860335200001,2.351,-58.523,188.772,0.7890032469176577
28.8,128.184393,37.91939,4382.280897600001,1.607,-57.149,188.714,0.7890032469176577
28.9,128.18439,37.919326,4362.798996,0.847,-55.77,188.628,0.7890032469176577
29.0,128.184386,37.919257,4343.4271272000005,0.126,-54.389,188.51,0.7890032469176577
29.1,128.184382,37.919184,4324.178397600001,-0.53,-53.008,188.363,0.7890032469176577
29.2,128.184376,37.919107,4305.065304,-1.109,-51.627,188.19,0.7890032469176577
29.3,128.18437,37.919026,4286.1015624,-1.612,-50.248,187.997,0.7890032469176577
29.4,128.184363,37.918941,4267.3002792,-2.048,-48.87,187.79,0.7890032469176577
29.5,128.184355,37.918851,4248.6745608,-2.428,-47.494,187.574,0.7890032469176577
29.6,128.184346,37.918758,4230.2375136,-2.766,-46.121,187.35,0.7890032469176577
29.7,128.184337,37.91866,4212.0019392,-3.074,-44.75,187.123,0.7890032469176577
29.8,128.184327,37.918558,4193.980944000001,-3.359,-43.38,186.895,0.7890032469176577
29.9,128.184317,37.918453,4176.18672,-3.626,-42.013,186.665,0.7890032469176577
30.0,128.184307,37.918343,4158.6314592,-3.879,-40.648,186.435,0.7890032469176577
30.1,128.184296,37.91823,4141.3273536,-4.122,-39.285,186.205,0.7890032469176577
30.2,128.184285,37.918113,4124.2865952,-4.361,-37.924,185.975,0.7890032469176577
30.3,128.184274,37.917992,4107.521376000001,-4.599,-36.565,185.745,0.7890032469176577
30.4,128.184262,37.917867,4091.0435832,-4.84,-35.208,185.515,0.7890032469176577
30.5,128.184251,37.917739,4074.8641896000004,-5.084,-33.852,185.284,0.7890032469176577
30.6,128.184239,37.917607,4058.9947776000004,-5.328,-32.499,185.051,0.7890032469176577
30.7,128.184228,37.917471,4043.4457104,-5.567,-31.147,184.817,0.7890032469176577
30.8,128.184216,37.917333,4028.2279608,-5.799,-29.797,184.582,0.7890032469176577
30.9,128.184205,37.91719,4013.3518920000006,-6.029,-28.455,184.345,0.7890032469176577
31.0,128.184194,37.917045,3998.8275624000003,-6.259,-27.127,184.108,0.7890032469176577
31.1,128.184183,37.916896,3984.6689928,-6.53,-25.812,183.867,0.7890032469176577
31.2,128.184172,37.916744,3970.9020912,-7.028,-24.495,183.607,0.7890032469176577
31.3,128.184162,37.916589,3957.5481936,-7.92,-23.175,183.322,0.7890032469176577
31.4,128.184152,37.916432,3944.5871832,-8.828,-21.88,183.032,0.7890032469176577
31.5,128.184143,37.916271,3931.9940664000005,-9.298,-20.628,182.743,0.7890032469176577
31.6,128.184135,37.916108,3919.7871312,-9.5,-19.4,182.439,0.7890032469176577
31.7,128.184127,37.915942,3907.9779600000006,-9.582,-18.187,182.13,0.7890032469176577
31.8,128.184119,37.915774,3896.5894128,-9.78,-16.97,181.81,0.7890032469176577
31.9,128.184113,37.915603,3885.6623328000005,-10.524,-15.731,181.46,0.7890032469176577
32.0,128.184108,37.91543,3875.1900144000006,-11.718,-14.487,181.091,0.7890032469176577
32.1,128.184104,37.915254,3865.1230800000003,-12.649,-13.279,180.73,0.7890032469176577
32.2,128.1841,37.915077,3855.4432416000004,-12.997,-12.11,180.366,0.7890032469176577
32.3,128.184098,37.914898,3846.1718352000003,-13.048,-10.958,179.989,0.7890032469176577
32.4,128.184097,37.914717,3837.3195288,-12.991,-9.811,179.611,0.7890032469176577
32.5,128.184098,37.914534,3828.9088776000003,-13.085,-8.65,179.223,0.7890032469176577
32.6,128.184099,37.91435,3820.9792008000004,-13.768,-7.453,178.804,0.7890032469176577
32.7,128.184102,37.914164,3813.5247072,-14.975,-6.231,178.363,0.7890032469176577
32.8,128.184107,37.913977,3806.4963239999997,-16.003,-5.03,177.926,0.7890032469176577
32.9,128.184113,37.913788,3799.8644856,-16.392,-3.866,177.492,0.7890032469176577
33.0,128.18412,37.913599,3793.6496136,-16.444,-2.714,177.041,0.7890032469176577
33.1,128.184129,37.913408,3787.8629856000002,-16.348,-1.565,176.588,0.7890032469176577
33.2,128.18414,37.913216,3782.5265472,-16.377,-0.399,176.123,0.7890032469176577
33.3,128.184153,37.913024,3777.6808368,-16.984,0.806,175.626,0.7890032469176577
33.4,128.184167,37.912831,3773.3209776000003,-18.125,2.04,175.102,0.7890032469176577
33.5,128.184183,37.912637,3769.4055168000004,-19.202,3.267,174.575,0.7890032469176577
33.6,128.184201,37.912442,3765.8936112,-19.663,4.461,174.052,0.7890032469176577
33.7,128.184221,37.912248,3762.7907472,-19.567,5.626,173.528,0.7890032469176577
33.8,128.184242,37.912053,3760.1246616000003,-19.28,6.789,172.996,0.7890032469176577
33.9,128.184266,37.911858,3757.9331496,-19.326,7.984,172.439,0.7890032469176577
34.0,128.184292,37.911662,3756.2463864,-20.064,9.225,171.847,0.7890032469176577
34.1,128.184319,37.911467,3755.0482176,-21.3,10.501,171.224,0.7890032469176577
34.2,128.184349,37.911273,3754.2941424,-22.37,11.778,170.588,0.7890032469176577
34.3,128.184381,37.911078,3753.9433176000002,-22.715,13.031,169.954,0.7890032469176577
34.4,128.184415,37.910884,3754.0000104,-22.364,14.273,169.316,0.7890032469176577
34.5,128.184451,37.91069,3754.5087215999997,-21.961,15.528,168.657,0.7890032469176577
34.6,128.18449,37.910497,3755.5282776000004,-22.322,16.775,167.973,0.7890032469176577
34.7,128.18453,37.910305,3757.0696512,-23.615,18.016,167.267,0.7890032469176577
34.8,128.184573,37.910114,3759.0788928,-24.916,19.269,166.553,0.7890032469176577
34.9,128.184618,37.909924,3761.4703536,-25.039,20.532,165.851,0.7890032469176577
35.0,128.184666,37.909734,3764.2345848000004,-23.989,21.775,165.16,0.7890032469176577
35.1,128.184715,37.909545,3767.4471768,-23.094,22.971,164.47,0.7890032469176577
35.2,128.184766,37.909359,3771.1751856,-23.339,24.145,163.776,0.7890032469176577
35.3,128.18482,37.909173,3775.3987992,-24.479,25.333,163.075,0.7890032469176577
35.4,128.184876,37.90899,3780.0616296000003,-25.675,26.541,162.359,0.7838907125255241
35.5,128.184933,37.908807,3785.1106416000002,-26.18,27.753,161.629,0.778876468132945
35.6,128.184993,37.908627,3790.5275472,-25.822,28.951,160.898,0.778876468132945
35.7,128.185054,37.908447,3796.3254528,-24.881,30.128,160.186,0.778876468132945
35.8,128.185117,37.90827,3802.5348384000004,-23.978,31.287,159.494,0.778876468132945
35.9,128.185182,37.908095,3809.1956328000006,-23.815,32.437,158.809,0.778876468132945
36.0,128.185249,37.907922,3816.3181992,-24.759,33.59,158.096,0.778876468132945
36.1,128.185317,37.907752,3823.9269216,-26.961,34.743,157.32,0.778876468132945
36.2,128.185388,37.907585,3831.9178632000003,-28.502,35.932,156.522,0.778876468132945
36.3,128.185459,37.907419,3840.2175672,-28.694,37.12,155.677,0.778876468132945
36.4,128.185533,37.907256,3848.8976616000004,-29.383,38.237,154.738,0.778876468132945
36.5,128.185608,37.907097,3858.0297744,-31.598,39.299,153.706,0.778876468132945
36.6,128.185685,37.906941,3867.6026280000005,-35.115,40.341,152.556,0.778876468132945
36.7,128.185765,37.906788,3877.583304,-39.602,41.347,151.227,0.778876468132945
36.8,128.185847,37.906639,3887.9199864,-44.475,42.291,149.693,0.778876468132945
36.9,128.185931,37.906494,3898.5437904,-48.72,43.156,147.968,0.778876468132945
37.0,128.186018,37.906351,3909.4019856,-51.693,43.93,146.096,0.778876468132945
37.1,128.186107,37.906211,3920.480856,-53.524,44.61,144.139,0.778876468132945
37.2,128.186199,37.906074,3931.7849736000003,-54.703,45.214,142.15,0.778876468132945
37.3,128.186294,37.905941,3943.3161672,-55.694,45.772,140.158,0.778876468132945
37.4,128.186391,37.905811,3955.074132,-56.871,46.302,138.162,0.778876468132945
37.5,128.186491,37.905685,3967.051248,-58.443,46.811,136.151,0.778876468132945
37.6,128.186594,37.905563,3979.2319704,-60.358,47.298,134.111,0.778876468132945
37.7,128.186699,37.905445,3991.5992304000006,-62.513,47.75,132.032,0.778876468132945
37.8,128.186807,37.905331,4004.1371784000003,-64.818,48.156,129.912,0.778876468132945
37.9,128.186917,37.905221,4016.8296600000003,-67.21,48.508,127.752,0.778876468132945
38.0,128.187029,37.905114,4029.6620448,-69.651,48.797,125.555,0.778876468132945
38.1,128.187144,37.905012,4042.6181784000005,-72.117,49.023,123.328,0.778876468132945
38.2,128.187262,37.904913,4055.68404,-74.601,49.181,121.078,0.778876468132945
38.3,128.187382,37.904819,4068.8446943999998,-77.115,49.272,118.81,0.778876468132945
38.4,128.187504,37.904728,4082.0842920000005,-79.659,49.294,116.532,0.778876468132945
38.5,128.187629,37.904642,4095.3882024000004,-82.218,49.248,114.249,0.778876468132945
38.6,128.187756,37.90456,4108.7402712,-84.762,49.131,111.971,0.778876468132945
38.7,128.187885,37.904482,4122.1255632,-87.263,48.944,109.705,0.778876468132945
38.8,128.188017,37.904408,4135.5288384000005,-89.727,48.687,107.46,0.778876468132945
38.9,128.188151,37.904338,4148.9348568000005,-92.181,48.362,105.243,0.778876468132945
39.0,128.188287,37.904272,4162.3292928,-94.618,47.973,103.06,0.778876468132945
39.1,128.188426,37.904211,4175.6966016,-97.008,47.522,100.913,0.778876468132945
39.2,128.188566,37.904153,4189.021848,-99.502,46.994,98.812,0.778876468132945
39.3,128.188709,37.904101,4202.2827816,-102.519,46.372,96.765,0.778876468132945
39.4,128.188854,37.904053,4215.4583712,-106.022,45.678,94.755,0.778876468132945
39.5,128.189001,37.904009,4228.525756800001,-109.854,44.883,92.796,0.778876468132945
39.6,128.189151,37.90397,4241.461164,-113.868,43.971,90.909,0.778876468132945
39.7,128.189303,37.903935,4254.2392944,-117.942,42.934,89.114,0.778876468132945
39.8,128.189457,37.903904,4266.8354592000005,-121.988,41.773,87.431,0.778876468132945
39.9,128.189614,37.903877,4279.22436,-125.95,40.49,85.875,0.778876468132945
40.0,128.189773,37.903854,4291.3816128,-129.803,39.092,84.456,0.778876468132945
40.1,128.189934,37.903834,4303.2834432,-133.54,37.59,83.18,0.778876468132945
40.2,128.190098,37.903819,4314.9063816,-137.161,35.995,82.045,0.778876468132945
40.3,128.190264,37.903806,4326.228787200001,-140.663,34.312,81.054,0.778876468132945
40.4,128.190432,37.903797,4337.2287144,-144.037,32.546,80.21,0.778876468132945
40.5,128.190603,37.903791,4347.885132,-147.29,30.706,79.517,0.778876468132945
40.6,128.190776,37.903787,4358.1788376,-150.443,28.804,78.969,0.778876468132945
40.7,128.190952,37.903786,4368.090324,-153.527,26.852,78.561,0.778876468132945
40.8,128.19113,37.903788,4377.601608,-156.58,24.866,78.282,0.778876468132945
40.9,128.19131,37.903792,4386.6950112,-159.637,22.856,78.119,0.778876468132945
41.0,128.191492,37.903798,4395.3543792,-162.732,20.834,78.061,0.778876468132945
41.1,128.191676,37.903806,4403.5653864000005,-165.89,18.81,78.097,0.778876468132945
41.2,128.191862,37.903815,4411.3137072,-169.128,16.788,78.219,0.778876468132945
41.3,128.192051,37.903826,4418.587759200001,-172.451,14.775,78.423,0.778876468132945
41.4,128.192241,37.903838,4425.389676000001,-175.766,12.774,78.702,0.778876468132945
41.5,128.192433,37.90385,4431.7420128,-178.773,10.797,79.046,0.778876468132945
41.6,128.192627,37.903863,4437.648732000001,178.674,8.854,79.471,0.778876468132945
41.7,128.192822,37.903877,4443.0994704,176.508,6.956,79.975,0.778876468132945
41.8,128.193019,37.903891,4448.0817312,174.606,5.107,80.542,0.778876468132945
41.9,128.193217,37.903904,4452.5866752,172.864,3.304,81.155,0.778876468132945
42.0,128.193416,37.903918,4456.6066824,171.195,1.544,81.804,0.778876468132945
42.1,128.193617,37.903932,4460.130475200001,169.479,-0.178,82.483,0.778876468132945
42.2,128.193819,37.903945,4463.1412896,167.547,-1.868,83.197,0.778876468132945
42.3,128.194021,37.903958,4465.622361600001,165.226,-3.533,83.958,0.778876468132945
42.4,128.194225,37.903969,4467.5709480000005,162.479,-5.176,84.779,0.778876468132945
42.5,128.194429,37.90398,4469.006556,159.48,-6.795,85.672,0.778876468132945
42.6,128.194634,37.90399,4469.9724672,156.63,-8.382,86.638,0.778876468132945
42.7,128.194839,37.903999,4470.4775208,154.017,-9.917,87.676,0.778876468132945
42.8,128.195045,37.904007,4470.513487200001,151.49,-11.389,88.782,0.778876468132945
42.9,128.195251,37.904013,4470.075489600001,148.905,-12.797,89.953,0.778876468132945
43.0,128.195457,37.904017,4469.1607848,146.133,-14.145,91.188,0.778876468132945
43.1,128.195663,37.904019,4467.766629600001,143.035,-15.43,92.495,0.778876468132945
43.2,128.195868,37.904019,4465.895157600001,139.495,-16.648,93.886,0.778876468132945
43.3,128.196073,37.904017,4463.5637424,135.557,-17.79,95.37,0.778876468132945
43.4,128.196278,37.904011,4460.791586400001,131.278,-18.842,96.955,0.778876468132945
43.5,128.196482,37.904003,4457.6003304000005,126.719,-19.786,98.643,0.778876468132945
43.6,128.196685,37.903992,4454.0155776,121.933,-20.603,100.43,0.778876468132945
43.7,128.196888,37.903978,4450.0635408,116.975,-21.277,102.307,0.778876468132945
43.8,128.197089,37.903961,4445.7737856,111.889,-21.794,104.258,0.778876468132945
43.9,128.197289,37.90394,4441.178011200001,106.718,-22.143,106.265,0.778876468132945
44.0,128.197488,37.903915,4436.3100504,101.505,-22.313,108.307,0.778876468132945
44.1,128.197686,37.903886,4431.2058696,96.286,-22.298,110.363,0.778876468132945
44.2,128.197883,37.903854,4425.9026544,91.096,-22.102,112.405,0.778876468132945
44.3,128.198079,37.903818,4420.4382000000005,86.166,-21.739,114.407,0.778876468132945
44.4,128.198273,37.903778,4414.8423768,81.989,-21.238,116.339,0.778876468132945
44.5,128.198467,37.903735,4409.136520800001,78.95,-20.64,118.178,0.778876468132945
44.6,128.19866,37.90369,4403.3285568,77.602,-20.011,119.922,0.778876468132945
44.7,128.198853,37.903642,4397.421228,78.004,-19.413,121.568,0.778876468132945
44.8,128.199045,37.903591,4391.420935200001,79.703,-18.899,123.114,0.778876468132945
44.9,128.199236,37.903537,4385.3310312,82.066,-18.509,124.573,0.778876468132945
45.0,128.199427,37.90348,4379.1493824,84.511,-18.266,125.969,0.778876468132945
45.1,128.199616,37.90342,4372.868673600001,86.664,-18.17,127.324,0.778876468132945
45.2,128.199804,37.903357,4366.48098,88.349,-18.202,128.654,0.778876468132945
45.3,128.199991,37.903291,4359.979596,89.547,-18.341,129.968,0.778876468132945
45.4,128.200176,37.903222,4353.3590352,90.393,-18.563,131.267,0.778876468132945
45.5,128.20036,37.90315,4346.6159448,91.025,-18.847,132.548,0.778876468132945
45.6,128.200542,37.903076,4339.7463624,91.575,-19.175,133.807,0.778876468132945
45.7,128.200723,37.902999,4332.748764,92.18,-19.54,135.042,0.778876468132945
45.8,128.200903,37.902919,4325.6201016,92.984,-19.94,136.25,0.778876468132945
45.9,128.201082,37.902837,4318.357632,94.018,-20.372,137.426,0.778876468132945
46.0,128.20126,37.902753,4310.9576976,95.211,-20.838,138.57,0.778876468132945
46.1,128.201435,37.902666,4303.414812,96.445,-21.34,139.687,0.778876468132945
46.2,128.201609,37.902577,4295.7228792000005,97.563,-21.878,140.784,0.778876468132945
46.3,128.201782,37.902486,4287.8751936,98.446,-22.447,141.869,0.778876468132945
46.4,128.201952,37.902392,4279.867488,99.105,-23.044,142.95,0.778876468132945
46.5,128.20212,37.902296,4271.6958,99.628,-23.659,144.03,0.778876468132945
46.6,128.202287,37.902198,4263.356472,100.108,-24.287,145.11,0.778876468132945
46.7,128.202451,37.902097,4254.8461512,100.598,-24.921,146.189,0.778876468132945
46.8,128.202613,37.901994,4246.1599608,101.101,-25.56,147.266,0.778876468132945
46.9,128.202773,37.901889,4237.292719200001,101.572,-26.203,148.346,0.778876468132945
47.0,128.20293,37.901782,4228.2386352,101.935,-26.848,149.433,0.778876468132945
47.1,128.203084,37.901672,4218.991003200001,102.104,-27.491,150.533,0.778876468132945
47.2,128.203235,37.90156,4209.5446416,102.0,-28.128,151.652,0.778876468132945
47.3,128.203384,37.901446,4199.8943688,101.557,-28.748,152.8,0.778876468132945
47.4,128.203528,37.901329,4190.0365272,100.743,-29.342,153.982,0.778876468132945
47.5,128.203669,37.901211,4179.9720312,99.61,-29.901,155.206,0.778876468132945
47.6,128.203806,37.90109,4169.7042336,98.338,-30.42,156.473,0.778876468132945
47.7,128.203939,37.900967,4159.2370968,97.043,-30.89,157.778,0.778876468132945
47.8,128.204068,37.900841,4148.57184,95.274,-31.28,159.121,0.778876468132945
47.9,128.204192,37.900713,4137.710292000001,92.285,-31.56,160.503,0.778876468132945
48.0,128.20431,37.900582,4126.674093600001,88.415,-31.736,161.944,0.778876468132945
48.1,128.204423,37.900449,4115.4900672,84.555,-31.805,163.445,0.778876468132945
48.2,128.204531,37.900314,4104.179244000001,81.644,-31.781,164.979,0.778876468132945
48.3,128.204635,37.900177,4092.7556448,80.071,-31.681,166.484,0.778876468132945
48.4,128.204735,37.900037,4081.2372528000005,79.044,-31.515,167.905,0.778876468132945
48.5,128.204829,37.899896,4069.6402224000003,77.89,-31.303,169.303,0.778876468132945
48.6,128.204917,37.899752,4057.9788792,76.362,-31.051,170.726,0.778876468132945
48.7,128.205001,37.899605,4046.2663296,74.456,-30.753,172.193,0.778876468132945
48.8,128.205078,37.899457,4034.5135464000005,72.416,-30.404,173.696,0.778876468132945
48.9,128.205151,37.899307,4022.7272352000005,70.752,-30.022,175.21,0.778876468132945
49.0,128.20522,37.899155,4010.9019096,70.402,-29.669,176.678,0.778876468132945
49.1,128.205285,37.899001,3999.0116616000005,72.322,-29.429,177.997,0.778876468132945
49.2,128.205347,37.898846,3987.0442992,75.992,-29.318,179.174,0.778876468132945
49.3,128.205406,37.898689,3974.9967744,80.459,-29.319,180.414,0.778876468132945
49.4,128.20546,37.898531,3962.8660392,83.686,-29.358,181.848,0.778876468132945
49.5,128.205508,37.898372,3950.6551416,83.555,-29.396,183.391,0.778876468132945
49.6,128.20555,37.898212,3938.3732256000003,81.301,-29.483,184.975,0.778876468132945
49.7,128.205586,37.89805,3926.016024,79.428,-29.609,186.608,0.778876468132945
49.8,128.205618,37.897888,3913.5707352000004,79.179,-29.731,188.253,0.778876468132945
49.9,128.205646,37.897725,3901.0337016,80.382,-29.849,189.864,0.778876468132945
50.0,128.205671,37.89756,3888.4033992,82.638,-30.014,191.434,0.778876468132945
50.1,128.20569,37.897396,3875.673732,85.448,-30.26,192.974,0.778876468132945
50.2,128.205705,37.89723,3862.8352512,87.25,-30.517,194.489,0.778876468132945
50.3,128.205714,37.897064,3849.8888712000003,85.623,-30.691,195.987,0.778876468132945
50.4,128.205715,37.896899,3836.8556232,81.17,-30.808,197.493,0.778876468132945
50.5,128.205709,37.896733,3823.7562336,76.753,-30.896,199.043,0.778876468132945
50.6,128.205698,37.896568,3810.589788,74.721,-30.929,200.629,0.778876468132945
50.7,128.205683,37.896401,3797.3498856,74.996,-30.891,202.208,0.778876468132945
50.8,128.205662,37.896235,3784.0429272,76.941,-30.856,203.754,0.778876468132945
50.9,128.205636,37.896069,3770.6765328000006,78.337,-30.776,205.249,0.778876468132945
51.0,128.205603,37.895904,3757.2732576000003,76.252,-30.6,206.71,0.778876468132945
51.1,128.205561,37.895739,3743.8782120000005,71.248,-30.352,208.166,0.778876468132945
51.2,128.205511,37.895575,3730.5246192000004,65.397,-30.009,209.646,0.778876468132945
51.3,128.205455,37.895412,3717.2155272,61.13,-29.574,211.128,0.778876468132945
51.4,128.205394,37.895249,3703.9433160000003,59.48,-29.057,212.529,0.778876468132945
51.5,128.205326,37.895087,3690.7518768,58.88,-28.453,213.816,0.778876468132945
51.6,128.205251,37.894925,3677.6908920000005,57.772,-27.773,215.055,0.778876468132945
51.7,128.205168,37.894765,3664.8088248,55.254,-26.986,216.312,0.778876468132945
51.8,128.205078,37.894605,3652.1422512,51.376,-26.077,217.581,0.778876468132945
51.9,128.20498,37.894446,3639.7137264,46.757,-25.045,218.804,0.778876468132945
52.0,128.204876,37.894288,3627.5467200000003,41.984,-23.886,219.93,0.778876468132945
52.1,128.204766,37.894131,3615.6729312,37.368,-22.605,220.927,0.778876468132945
52.2,128.20465,37.893974,3604.1301552000004,32.966,-21.211,221.778,0.778876468132945
52.3,128.204527,37.893817,3592.9586256000002,28.711,-19.722,222.481,0.778876468132945
52.4,128.2044,37.89366,3582.197052,24.5,-18.151,223.032,0.778876468132945
52.5,128.204267,37.893504,3571.8844488000004,20.213,-16.51,223.43,0.778876468132945
52.6,128.204129,37.893347,3562.0570872000003,15.739,-14.811,223.669,0.778876468132945
52.7,128.203988,37.89319,3552.7448375999998,11.013,-13.063,223.74,0.778876468132945
52.8,128.203843,37.893032,3543.9638544,6.059,-11.279,223.634,0.778876468132945
52.9,128.203695,37.892874,3535.6985928,1.257,-9.478,223.364,0.778876468132945
53.0,128.203544,37.892715,3527.9094288,-2.784,-7.681,222.948,0.778876468132945
53.1,128.203392,37.892554,3520.6012392000002,-6.065,-5.918,222.391,0.778876468132945
53.2,128.203239,37.892393,3513.8008464000004,-8.91,-4.207,221.716,0.778876468132945
53.3,128.203085,37.89223,3507.5280624000006,-11.56,-2.549,220.95,0.778876468132945
53.4,128.20293,37.892066,3501.7871544,-14.072,-0.941,220.115,0.778876468132945
53.5,128.202776,37.891901,3496.5683688000004,-16.313,0.62,219.226,0.778876468132945
53.6,128.202621,37.891734,3491.8604280000004,-18.09,2.133,218.295,0.778876468132945
53.7,128.202467,37.891566,3487.6660752000003,-19.399,3.595,217.326,0.778876468132945
53.8,128.202314,37.891396,3483.9877488000006,-20.314,5.017,216.356,0.778876468132945
53.9,128.202162,37.891225,3480.8160000000003,-20.716,6.416,215.427,0.778876468132945
54.0,128.202011,37.891053,3478.1453424,-20.477,7.797,214.548,0.778876468132945
54.1,128.201862,37.89088,3475.9870536,-19.698,9.157,213.726,0.778876468132945
54.2,128.201714,37.890705,3474.3588120000004,-18.623,10.504,212.965,0.778876468132945
54.3,128.201567,37.89053,3473.276772,-17.517,11.845,212.271,0.778876468132945
54.4,128.201423,37.890354,3472.7573928,-16.595,13.186,211.636,0.778876468132945
54.5,128.20128,37.890177,3472.8235344000004,-16.19,14.526,211.037,0.778876468132945
54.6,128.201139,37.889999,3473.488608,-16.495,15.871,210.453,0.778876468132945
54.7,128.201,37.889821,3474.7346304000002,-17.304,17.226,209.871,0.778876468132945
54.8,128.200863,37.889643,3476.5359984,-18.249,18.586,209.277,0.778876468132945
54.9,128.200728,37.889465,3478.8695472,-19.036,19.942,208.665,0.778876468132945
55.0,128.200595,37.889287,3481.7209512,-19.494,21.287,208.036,0.778876468132945
55.1,128.200465,37.889108,3485.0853336,-19.63,22.619,207.397,0.778876468132945
55.2,128.200337,37.888929,3488.9626944,-19.55,23.94,206.759,0.778876468132945
55.3,128.200212,37.888751,3493.3521192000003,-19.355,25.254,206.129,0.778876468132945
55.4,128.20009,37.888573,3498.2523888,-19.131,26.564,205.51,0.778876468132945
55.5,128.19997,37.888396,3503.659236,-18.926,27.873,204.905,0.778876468132945
55.6,128.199853,37.888219,3509.5668696,-18.756,29.181,204.313,0.778876468132945
55.7,128.199739,37.888043,3515.968584,-18.62,30.489,203.731,0.778876468132945
55.8,128.199627,37.887867,3522.8564544,-18.507,31.796,203.157,0.778876468132945
55.9,128.199518,37.887693,3530.2228608,-18.404,33.103,202.59,0.778876468132945
56.0,128.199412,37.887519,3538.0592688,-18.3,34.407,202.029,0.778876468132945
56.1,128.199309,37.887347,3546.3577536,-18.183,35.709,201.472,0.778876468132945
56.2,128.199209,37.887176,3555.1097808,-18.05,37.008,200.919,0.778876468132945
56.3,128.199112,37.887007,3564.3071208,-17.899,38.304,200.37,0.778876468132945
56.4,128.199017,37.886839,3573.9412392000004,-17.735,39.598,199.826,0.778876468132945
56.5,128.198925,37.886673,3584.0036016,-17.565,40.889,199.287,0.778876468132945
56.6,128.198837,37.886508,3594.4856736000006,-17.394,42.177,198.752,0.778876468132945
56.7,128.198751,37.886345,3605.3786160000004,-17.221,43.464,198.221,0.778876468132945
56.8,128.198667,37.886184,3616.6723704,-17.043,44.747,197.695,0.778876468132945
56.9,128.198587,37.886026,3628.357488,-16.856,46.029,197.173,0.778876468132945
57.0,128.198509,37.885869,3640.4239104,-16.655,47.307,196.656,0.778876468132945
57.1,128.198435,37.885715,3652.8621888000002,-16.439,48.584,196.144,0.778876468132945
57.2,128.198362,37.885563,3665.6622648,-16.206,49.857,195.639,0.778876468132945
57.3,128.198293,37.885413,3678.81408,-15.957,51.128,195.14,0.778876468132945
57.4,128.198226,37.885266,3692.3075760000006,-15.693,52.396,194.648,0.778876468132945
57.5,128.198162,37.885121,3706.1329992,-15.419,53.662,194.163,0.778876468132945
57.6,128.1981,37.884979,3720.2799864000003,-15.135,54.925,193.687,0.778876468132945
57.7,128.198041,37.88484,3734.738784,-14.847,56.185,193.218,0.778876468132945
57.8,128.197984,37.884703,3749.4990288,-14.558,57.442,192.757,0.778876468132945
57.9,128.19793,37.88457,3764.5506624000004,-14.272,58.696,192.303,0.778876468132945
58.0,128.197878,37.884439,3779.8833216,-13.992,59.947,191.855,0.778876468132945
58.1,128.197828,37.884312,3795.486948,-13.721,61.196,191.414,0.778876468132945
58.2,128.19778,37.884187,3811.3511784000007,-13.462,62.441,190.977,0.778876468132945
58.3,128.197735,37.884065,3827.4656496000002,-13.215,63.683,190.543,0.778876468132945
58.4,128.197692,37.883947,3843.8203032000006,-12.98,64.921,190.111,0.778876468132945
58.5,128.19765,37.883832,3860.4047760000003,-12.757,66.156,189.68,0.778876468132945
58.6,128.197611,37.88372,3877.2084,-12.548,67.388,189.247,0.778876468132945
58.7,128.197574,37.883611,3894.2211168000003,-12.353,68.616,188.812,0.778876468132945
58.8,128.197539,37.883506,3911.4331728,-12.187,69.84,188.368,0.778876468132945
58.9,128.197505,37.883404,3928.8396912000003,-12.197,71.058,187.888,0.778876468132945
59.0,128.197474,37.883306,3946.4403672,-13.28,72.264,187.228,0.778876468132945
59.1,128.197445,37.883213,3964.24404,-15.818,73.464,186.349,0.778876468132945
59.2,128.197418,37.883123,3982.2055992,-17.296,74.697,185.397,0.778876468132945
59.3,128.197392,37.883036,4000.2985272,-18.096,75.93,184.16,0.778876468132945
59.4,128.197369,37.882952,4018.5203856,-18.642,77.134,182.665,0.778876468132945
59.5,128.197347,37.882872,4036.865688,-19.223,78.313,180.955,0.778876468132945
59.6,128.197327,37.882796,4055.327424,-20.075,79.476,179.021,0.778876468132945
59.7,128.197309,37.882723,4073.8998024,-22.047,80.622,176.664,0.778876468132945
59.8,128.197293,37.882655,4092.5864808,-26.494,81.733,173.491,0.778876468132945
59.9,128.197279,37.882591,4111.369476000001,-32.534,82.831,169.196,0.778876468132945
60.0,128.197267,37.882531,4130.220136800001,-38.787,83.91,163.224,0.778876468132945
60.1,128.197257,37.882474,4149.1232232,-46.303,84.895,154.703,0.778876468132945
60.2,128.197248,37.88242,4168.075992,-56.757,85.703,142.938,0.778876468132945
60.3,128.197241,37.88237,4187.0757,-71.72,86.264,127.336,0.778876468132945
60.4,128.197236,37.882324,4206.1098504,-90.661,86.501,108.233,0.778876468132945
60.5,128.197233,37.882281,4225.1671656,-110.316,86.335,88.592,0.778876468132945
60.6,128.197231,37.882243,4244.2381968,-126.618,85.795,72.297,0.778876468132945
60.7,128.197231,37.882207,4263.3134952,-138.428,85.003,60.404,0.778876468132945
60.8,128.197232,37.882176,4282.3845264,-146.579,84.072,51.864,0.778876468132945
60.9,128.197235,37.882147,4301.4433656,-152.268,83.069,45.561,0.778876468132945
61.0,128.197239,37.882123,4320.4793448,-156.564,82.027,40.695,0.778876468132945
61.1,128.197245,37.882102,4339.481796,-160.132,80.955,36.771,0.778876468132945
61.2,128.197252,37.882084,4358.4415752,-163.248,79.855,33.513,0.778876468132945
61.3,128.197261,37.882071,4377.349843200001,-165.928,78.726,30.791,0.778876468132945
61.4,128.197271,37.882061,4396.19898,-168.105,77.57,28.525,0.778876468132945
61.5,128.197283,37.882054,4414.980756,-169.746,76.394,26.658,0.778876468132945
61.6,128.197295,37.882052,4433.6857224000005,-170.895,75.201,25.141,0.778876468132945
61.7,128.197309,37.882052,4452.3044304000005,-171.657,73.997,23.927,0.778876468132945
61.8,128.197324,37.882057,4470.8259072,-172.159,72.781,22.972,0.778876468132945
61.9,128.197341,37.882065,4489.2397896,-172.525,71.554,22.233,0.778876468132945
62.0,128.197358,37.882077,4507.5366288000005,-172.85,70.313,21.671,0.778876468132945
62.1,128.197377,37.882092,4525.7072808,-173.184,69.058,21.253,0.778876468132945
62.2,128.197396,37.882111,4543.74504,-173.534,67.79,20.948,0.778876468132945
62.3,128.197417,37.882134,4561.6432008,-173.893,66.512,20.722,0.778876468132945
62.4,128.197439,37.88216,4579.395972,-174.257,65.226,20.539,0.778876468132945
62.5,128.197462,37.882189,4596.998172,-174.624,63.937,20.366,0.778876468132945
62.6,128.197486,37.882221,4614.4437048,-174.974,62.648,20.188,0.778876468132945
62.7,128.197511,37.882257,4631.7267792,-175.276,61.362,20.006,0.778876468132945
62.8,128.197537,37.882296,4648.8412992,-175.506,60.079,19.828,0.778876468132945
62.9,128.197564,37.882337,4665.7799496,-175.659,58.799,19.66,0.778876468132945
63.0,128.197592,37.882382,4682.53572,-175.753,57.522,19.502,0.778876468132945
63.1,128.197621,37.88243,4699.1006856,-175.824,56.248,19.352,0.778876468132945
63.2,128.197651,37.882481,4715.4675312,-175.902,54.975,19.208,0.778876468132945
63.3,128.197682,37.882535,4731.6298560000005,-176.003,53.702,19.07,0.778876468132945
63.4,128.197714,37.882592,4747.5812592,-176.127,52.428,18.937,0.778876468132945
63.5,128.197746,37.882652,4763.316864,-176.262,51.153,18.81,0.778876468132945
63.6,128.19778,37.882714,4778.8314888,-176.393,49.877,18.688,0.778876468132945
63.7,128.197815,37.88278,4794.1208664000005,-176.506,48.6,18.572,0.778876468132945
63.8,128.19785,37.882848,4809.1804248,-176.585,47.322,18.46,0.778876468132945
63.9,128.197886,37.882918,4824.005287200001,-176.632,46.044,18.351,0.778876468132945
64.0,128.197923,37.882992,4838.5911864,-176.641,44.766,18.241,0.778876468132945
64.1,128.197961,37.883068,4852.9393416,-176.56,43.49,18.128,0.778876468132945
64.2,128.198,37.883146,4867.0500576,-176.333,42.216,18.007,0.778876468132945
64.3,128.198039,37.883226,4880.9215056,-175.951,40.947,17.875,0.778876468132945
64.4,128.198079,37.883309,4894.5463704,-175.47,39.686,17.731,0.778876468132945
64.5,128.19812,37.883395,4907.909716800001,-175.032,38.434,17.575,0.778876468132945
64.6,128.198161,37.883483,4920.9953904,-174.798,37.184,17.413,0.778876468132945
64.7,128.198203,37.883573,4933.7972952,-174.801,35.932,17.248,0.778876468132945
64.8,128.198246,37.883665,4946.3175648,-174.953,34.672,17.081,0.778876468132945
64.9,128.198288,37.88376,4958.561076000001,-175.128,33.405,16.916,0.778876468132945
65.0,128.198332,37.883857,4970.532096000001,-175.213,32.132,16.753,0.778876468132945
65.1,128.198376,37.883956,4982.2327584,-175.137,30.859,16.594,0.778876468132945
65.2,128.19842,37.884057,4993.6615392,-174.878,29.59,16.434,0.778876468132945
65.3,128.198465,37.884159,5004.8166096,-174.448,28.326,16.269,0.7748962774981001
65.4,128.19851,37.884264,5015.696140800001,-173.869,27.071,16.093,0.7657460450941783
65.5,128.198556,37.884371,5026.298913600001,-173.16,25.825,15.901,0.7527881976924022
65.6,128.198601,37.884479,5036.6221848,-172.354,24.588,15.688,0.7420363464663441
65.7,128.198647,37.884589,5046.6586392,-171.524,23.363,15.454,0.7420363464663441
65.8,128.198694,37.884701,5056.38816,-170.886,22.145,15.206,0.7420363464663441
65.9,128.19874,37.884815,5065.772037600001,-170.763,20.928,14.958,0.7420363464663441
66.0,128.198786,37.884931,5074.8066144,-171.114,19.7,14.715,0.7420363464663441
66.1,128.198833,37.885049,5083.5068255999995,-171.715,18.452,14.478,0.7420363464663441
66.2,128.198879,37.885168,5091.887606400001,-172.321,17.184,14.254,0.7420363464663441
66.3,128.198925,37.885289,5099.962368,-172.72,15.903,14.046,0.7420363464663441
66.4,128.198972,37.885411,5107.7353776,-172.81,14.617,13.854,0.7420363464663441
66.5,128.199019,37.885535,5115.1920048,-172.679,13.333,13.678,0.7420363464663441
66.6,128.199065,37.88566,5122.3115232,-172.497,12.051,13.526,0.7420363464663441
66.7,128.199112,37.885787,5129.0811312000005,-172.357,10.766,13.41,0.7420363464663441
66.8,128.199158,37.885915,5135.4965616,-172.308,9.471,13.329,0.7420363464663441
66.9,128.199205,37.886044,5141.5681776,-172.288,8.165,13.258,0.7420363464663441
67.0,128.199251,37.886175,5147.323716,-172.025,6.851,13.179,0.7420363464663441
67.1,128.199297,37.886306,5152.792437600001,-171.288,5.537,13.077,0.7420363464663441
67.2,128.199344,37.886439,5157.957578400001,-170.26,4.239,12.954,0.7420363464663441
67.3,128.19939,37.886572,5162.784696000001,-169.318,2.962,12.812,0.7420363464663441
67.4,128.199435,37.886706,5167.2402624,-168.788,1.699,12.653,0.7420363464663441
67.5,128.19948,37.886841,5171.3001984,-168.881,0.438,12.487,0.7420363464663441
67.6,128.199525,37.886977,5174.9608464,-169.534,-0.834,12.318,0.7420363464663441
67.7,128.19957,37.887113,5178.2843856,-170.122,-2.124,12.135,0.7420363464663441
67.8,128.199614,37.88725,5181.31044,-170.125,-3.416,11.93,0.7420363464663441
67.9,128.199658,37.887388,5184.062784000001,-169.667,-4.693,11.713,0.7420363464663441
68.0,128.199702,37.887527,5186.4911256,-170.182,-5.953,11.552,0.7420363464663441
68.1,128.199745,37.887666,5188.518350400001,-171.283,-7.194,11.425,0.7420363464663441
68.2,128.199788,37.887806,5190.1231224,-173.03,-8.44,11.346,0.7420363464663441
68.3,128.199831,37.887947,5191.3084896,-175.312,-9.71,11.326,0.7420363464663441
68.4,128.199873,37.888088,5192.0808528,-177.956,-11.012,11.38,0.7420363464663441
68.5,128.199916,37.888229,5192.4450888,179.159,-12.343,11.524,0.7420363464663441
68.6,128.199958,37.88837,5192.4085128,176.196,-13.696,11.767,0.7420363464663441
68.7,128.2,37.888512,5191.9772207999995,173.303,-15.061,12.115,0.7420363464663441
68.8,128.200043,37.888654,5191.1579184,170.62,-16.428,12.563,0.7420363464663441
68.9,128.200086,37.888795,5189.956701600001,168.252,-17.789,13.106,0.7420363464663441
69.0,128.20013,37.888937,5188.375704,166.194,-19.136,13.731,0.7420363464663441
69.1,128.200174,37.889078,5186.4103536,164.317,-20.462,14.429,0.7420363464663441
69.2,128.200219,37.889219,5184.056078400001,162.443,-21.767,15.191,0.7420363464663441
69.3,128.200264,37.889359,5181.308916,160.416,-23.047,16.011,0.7420363464663441
69.4,128.20031,37.889499,5178.167952000001,158.125,-24.302,16.891,0.7420363464663441
69.5,128.200358,37.889639,5174.633796,155.5,-25.529,17.836,0.7420363464663441
69.6,128.200406,37.889777,5170.7091912000005,152.498,-26.721,18.855,0.7420363464663441
69.7,128.200456,37.889915,5166.3987096,149.107,-27.869,19.96,0.7420363464663441
69.8,128.200507,37.890051,5161.708447200001,145.343,-28.964,21.159,0.7420363464663441
69.9,128.20056,37.890186,5156.645414400001,141.263,-29.997,22.458,0.7420363464663441
70.0,128.200614,37.89032,5151.220279200001,136.936,-30.953,23.863,0.7420363464663441
70.1,128.20067,37.890453,5145.444624000001,132.421,-31.819,25.38,0.7420363464663441
70.2,128.200728,37.890584,5139.333079200001,127.766,-32.582,27.007,0.7420363464663441
70.3,128.200789,37.890714,5132.9008848,123.014,-33.232,28.735,0.7420363464663441
70.4,128.200852,37.890842,5126.1651096000005,118.198,-33.758,30.553,0.7420363464663441
70.5,128.200918,37.890968,5119.1443464,113.347,-34.153,32.444,0.7420363464663441
70.6,128.200986,37.891093,5111.857797600001,108.485,-34.409,34.392,0.7420363464663441
70.7,128.201058,37.891215,5104.3264944,103.636,-34.518,36.378,0.7420363464663441
70.8,128.201133,37.891336,5096.572077600001,98.815,-34.477,38.38,0.7420363464663441
70.9,128.201211,37.891455,5088.6180168,94.028,-34.289,40.375,0.7420363464663441
71.0,128.201292,37.891571,5080.488086400001,89.275,-33.961,42.342,0.7420363464663441
71.1,128.201377,37.891686,5072.2084992,84.557,-33.498,44.262,0.7420363464663441
71.2,128.201466,37.891799,5063.8054680000005,79.879,-32.906,46.118,0.7420363464663441
71.3,128.201559,37.891909,5055.3067296,75.248,-32.192,47.897,0.7420363464663441
71.4,128.201655,37.892018,5046.74124,70.671,-31.359,49.586,0.7420363464663441
71.5,128.201756,37.892125,5038.136736,66.158,-30.413,51.173,0.7420363464663441
71.6,128.20186,37.89223,5029.5218688,61.721,-29.36,52.647,0.7420363464663441
71.7,128.201969,37.892333,5020.924375199999,57.369,-28.205,53.998,0.7420363464663441
71.8,128.202081,37.892434,5012.371992,53.1,-26.964,55.223,0.7420363464663441
71.9,128.202197,37.892534,5003.8927608,48.912,-25.647,56.32,0.7420363464663441
72.0,128.202317,37.892632,4995.5138088,44.806,-24.266,57.288,0.7420363464663441
72.1,128.202441,37.892728,4987.263177600001,40.778,-22.834,58.132,0.7420363464663441
72.2,128.202568,37.892824,4979.1664704,36.824,-21.365,58.859,0.7420363464663441
72.3,128.202698,37.892918,4971.248071200001,32.962,-19.863,59.467,0.7420363464663441
72.4,128.202833,37.893011,4963.5314496,29.212,-18.335,59.957,0.7420363464663441
72.5,128.20297,37.893103,4956.035198400001,25.605,-16.787,60.332,0.7420363464663441
72.6,128.20311,37.893194,4948.7718144,22.221,-15.228,60.598,0.7420363464663441
72.7,128.203253,37.893284,4941.7489176,19.161,-13.668,60.764,0.7420363464663441
72.8,128.203399,37.893375,4934.9753472,16.482,-12.118,60.843,0.7420363464663441
72.9,128.203547,37.893464,4928.4626856,14.182,-10.587,60.844,0.7420363464663441
73.0,128.203697,37.893554,4922.2249536,12.209,-9.082,60.782,0.7420363464663441
73.1,128.20385,37.893643,4916.2758672,10.483,-7.608,60.669,0.7420363464663441
73.2,128.204004,37.893732,4910.6288376,8.918,-6.165,60.515,0.7420363464663441
73.3,128.20416,37.893821,4905.2951424,7.436,-4.751,60.329,0.7420363464663441
73.4,128.204318,37.89391,4900.28484,5.98,-3.365,60.115,0.7420363464663441
73.5,128.204478,37.893999,4895.60616,4.506,-2.002,59.877,0.7420363464663441
73.6,128.204639,37.894088,4891.2651984,2.991,-0.661,59.614,0.7420363464663441
73.7,128.204801,37.894177,4887.2671368,1.426,0.66,59.324,0.7420363464663441
73.8,128.204964,37.894267,4883.6162424,-0.181,1.964,59.005,0.7420363464663441
73.9,128.205128,37.894356,4880.3146488,-1.822,3.252,58.653,0.7420363464663441
74.0,128.205293,37.894446,4877.365404,-3.484,4.524,58.266,0.7420363464663441
74.1,128.205458,37.894536,4874.7703368,-5.156,5.779,57.841,0.7420363464663441
74.2,128.205624,37.894627,4872.530971200001,-6.831,7.017,57.376,0.7420363464663441
74.3,128.205789,37.894718,4870.6473072,-8.501,8.237,56.87,0.7420363464663441
74.4,128.205955,37.894809,4869.1193448,-10.158,9.439,56.322,0.7420363464663441
74.5,128.206121,37.894901,4867.9449504,-11.79,10.622,55.731,0.7420363464663441
74.6,128.206287,37.894994,4867.1177232,-13.36,11.785,55.099,0.7420363464663441
74.7,128.206452,37.895087,4866.6184608,-14.701,12.929,54.435,0.7420363464663441
74.8,128.206616,37.895181,4866.41394,-15.529,14.054,53.752,0.7420363464663441
74.9,128.206781,37.895275,4866.4892256,-15.756,15.154,53.066,0.7420363464663441
75.0,128.206944,37.895371,4866.8546808,-15.577,16.223,52.393,0.7420363464663441
75.1,128.207107,37.895466,4867.520973600001,-15.226,17.263,51.745,0.7420363464663441
75.2,128.207269,37.895563,4868.4932856000005,-14.875,18.284,51.132,0.7420363464663441
75.3,128.20743,37.895659,4869.7725312,-14.635,19.293,50.556,0.7420363464663441
75.4,128.20759,37.895757,4871.3565768,-14.557,20.296,50.014,0.7420363464663441
75.5,128.207749,37.895854,4873.2408504,-14.645,21.294,49.499,0.7420363464663441
75.6,128.207907,37.895952,4875.4210848,-14.879,22.286,49.005,0.7420363464663441
75.7,128.208064,37.896051,4877.89728,-15.254,23.271,48.521,0.7420363464663441
75.8,128.20822,37.896149,4880.6758368,-15.829,24.244,48.036,0.7420363464663441
75.9,128.208374,37.896248,4883.769861600001,-16.732,25.207,47.536,0.7420363464663441
76.0,128.208526,37.896348,4887.187584,-18.042,26.16,47.006,0.7420363464663441
76.1,128.208677,37.896447,4890.9241272,-19.692,27.109,46.431,0.7420363464663441
76.2,128.208827,37.896547,4894.9663848,-21.519,28.05,45.803,0.7420363464663441
76.3,128.208974,37.896648,4899.297288,-23.33,28.981,45.115,0.7420363464663441
76.4,128.20912,37.896748,4903.8991584000005,-24.927,29.897,44.37,0.7420363464663441
76.5,128.209264,37.896849,4908.7534032,-26.146,30.794,43.578,0.7420363464663441
76.6,128.209405,37.896951,4913.8478304,-26.908,31.67,42.754,0.7420363464663441
76.7,128.209546,37.897053,4919.177868,-27.248,32.525,41.915,0.7420363464663441
76.8,128.209684,37.897155,4924.741992,-27.27,33.363,41.079,0.7420363464663441
76.9,128.20982,37.897257,4930.539288,-27.092,34.188,40.261,0.7420363464663441
77.0,128.209953,37.89736,4936.567927200001,-26.824,35.006,39.469,0.7420363464663441
77.1,128.210085,37.897463,4942.8291288,-26.58,35.822,38.704,0.7420363464663441
77.2,128.210215,37.897566,4949.3277696000005,-26.499,36.638,37.964,0.7420363464663441
77.3,128.210342,37.897669,4956.0717744,-26.755,37.455,37.237,0.7420363464663441
77.4,128.210466,37.897772,4963.067544,-27.473,38.279,36.514,0.7420363464663441
77.5,128.210588,37.897876,4970.311420800001,-28.634,39.112,35.779,0.7420363464663441
77.6,128.210708,37.897979,4977.792432,-30.096,39.951,35.013,0.7420363464663441
77.7,128.210825,37.898082,4985.4996048,-31.694,40.787,34.203,0.7420363464663441
77.8,128.210939,37.898185,4993.4241,-33.311,41.614,33.341,0.7420363464663441
77.9,128.211051,37.898288,5001.5598216,-34.872,42.424,32.424,0.7420363464663441
78.0,128.211159,37.898391,5009.900978400001,-36.348,43.214,31.45,0.7420363464663441
78.1,128.211265,37.898494,5018.4429984,-37.737,43.979,30.416,0.7420363464663441
78.2,128.211368,37.898597,5027.181004800001,-39.049,44.719,29.322,0.7420363464663441
78.3,128.211468,37.8987,5036.109511200001,-40.301,45.437,28.174,0.7420363464663441
78.4,128.211565,37.898803,5045.221812,-41.504,46.135,26.974,0.7420363464663441
78.5,128.211659,37.898905,5054.511811200001,-42.67,46.814,25.729,0.7420363464663441
78.6,128.21175,37.899008,5063.9724983999995,-43.798,47.476,24.442,0.7420363464663441
78.7,128.211837,37.89911,5073.5962536,-44.874,48.122,23.118,0.7420363464663441
78.8,128.211922,37.899213,5083.3754568,-45.876,48.755,21.763,0.7420363464663441
78.9,128.212003,37.899315,5093.3034024,-46.78,49.374,20.383,0.7420363464663441
79.0,128.212082,37.899417,5103.371860800001,-47.549,49.983,18.985,0.7420363464663441
79.1,128.212157,37.899518,5113.573212,-48.14,50.583,17.578,0.7420363464663441
79.2,128.21223,37.89962,5123.8998360000005,-48.512,51.178,16.174,0.7420363464663441
79.3,128.2123,37.899721,5134.3441128,-48.638,51.771,14.786,0.7420363464663441
79.4,128.212367,37.899822,5144.8996416,-48.507,52.364,13.427,0.7420363464663441
79.5,128.212432,37.899923,5155.561240800001,-48.132,52.96,12.107,0.7420363464663441
79.6,128.212494,37.900023,5166.3246432,-47.551,53.564,10.837,0.7420363464663441
79.7,128.212554,37.900123,5177.187410400001,-46.828,54.176,9.621,0.7420363464663441
79.8,128.212611,37.900222,5188.148628000001,-46.046,54.8,8.462,0.7420363464663441
79.9,128.212666,37.90032,5199.2073816,-45.28,55.436,7.356,0.7420363464663441
80.0,128.212719,37.900419,5210.362452,-44.595,56.085,6.297,0.7420363464663441
80.1,128.212769,37.900516,5221.612315200001,-44.032,56.746,5.278,0.7420363464663441
80.2,128.212817,37.900612,5232.955142400001,-43.611,57.417,4.289,0.7420363464663441
80.3,128.212863,37.900708,5244.3897144,-43.337,58.095,3.323,0.7420363464663441
80.4,128.212907,37.900803,5255.913288000001,-43.208,58.777,2.368,0.7420363464663441
80.5,128.212948,37.900897,5267.524644,-43.21,59.46,1.416,0.7420363464663441
80.6,128.212988,37.90099,5279.2216488,-43.324,60.141,0.459,0.7420363464663441
80.7,128.213025,37.901083,5291.0012544,-43.527,60.816,359.489,0.7420363464663441
80.8,128.213061,37.901174,5302.8619368,-43.796,61.485,358.5,0.7420363464663441
80.9,128.213094,37.901264,5314.8009528,-44.113,62.146,357.487,0.7420363464663441
81.0,128.213126,37.901353,5326.8161688,-44.463,62.797,356.446,0.7420363464663441
81.1,128.213155,37.901441,5338.9051464,-44.836,63.44,355.373,0.7420363464663441
81.2,128.213183,37.901528,5351.065752,-45.224,64.075,354.266,0.7420363464663441
81.3,128.213209,37.901614,5363.294937600001,-45.62,64.701,353.124,0.7420363464663441
81.4,128.213233,37.901698,5375.590569600001,-46.021,65.319,351.945,0.7420363464663441
81.5,128.213255,37.901782,5387.949904800001,-46.424,65.931,350.729,0.7420363464663441
81.6,128.213275,37.901864,5400.3702,-46.83,66.537,349.476,0.7420363464663441
81.7,128.213294,37.901945,5412.8490168,-47.243,67.137,348.186,0.7420363464663441
81.8,128.213311,37.902024,5425.3833072,-47.665,67.733,346.858,0.7420363464663441
81.9,128.213326,37.902103,5437.970937600001,-48.096,68.324,345.492,0.7420363464663441
82.0,128.21334,37.90218,5450.6082504000005,-48.53,68.91,344.09,0.7420363464663441
82.1,128.213352,37.902256,5463.2940264,-48.969,69.493,342.651,0.7420363464663441
82.2,128.213363,37.90233,5476.026436800001,-49.415,70.072,341.175,0.7420363464663441
82.3,128.213372,37.902403,5488.8039576,-49.878,70.648,339.659,0.7420363464663441
82.4,128.21338,37.902475,5501.625674400001,-50.369,71.223,338.096,0.7420363464663441
82.5,128.213386,37.902545,5514.4891488,-50.901,71.798,336.481,0.7420363464663441
82.6,128.213391,37.902614,5527.3922472,-51.489,72.373,334.804,0.7420363464663441
82.7,128.213394,37.902681,5540.3325312,-52.143,72.948,333.058,0.7420363464663441
82.8,128.213396,37.902747,5553.3075624,-52.871,73.523,331.235,0.7420363464663441
82.9,128.213397,37.902811,5566.3149023999995,-53.677,74.097,329.329,0.7420363464663441
83.0,128.213397,37.902873,5579.351808,-54.561,74.669,327.334,0.7420363464663441
83.1,128.213395,37.902935,5592.4158408,-55.527,75.236,325.242,0.7420363464663441
83.2,128.213393,37.902994,5605.5048672,-56.581,75.799,323.046,0.7420363464663441
83.3,128.213389,37.903052,5618.6164488,-57.735,76.355,320.737,0.7420363464663441
83.4,128.213385,37.903109,5631.748756800001,-59.003,76.904,318.304,0.7420363464663441
83.5,128.213379,37.903164,5644.898743199999,-60.407,77.443,315.734,0.7420363464663441
83.6,128.213373,37.903217,5658.0651888,-61.972,77.971,313.013,0.7420363464663441
83.7,128.213366,37.903269,5671.2456552,-63.729,78.487,310.121,0.7420363464663441
83.8,128.213358,37.903319,5684.438313600001,-65.711,78.986,307.037,0.7420363464663441
83.9,128.213349,37.903368,5697.6410304,-67.962,79.466,303.736,0.7420363464663441
84.0,128.21334,37.903415,5710.8522816,-70.578,79.921,300.191,0.7420363464663441
84.1,128.213329,37.90346,5724.0717624,-73.763,80.342,296.367,0.7420363464663441
84.2,128.213319,37.903504,5737.297644,-77.69,80.718,292.224,0.7420363464663441
84.3,128.213307,37.903545,5750.527183200001,-82.308,81.039,287.723,0.7420363464663441
84.4,128.213295,37.903585,5763.757332,-87.482,81.292,282.864,0.7420363464663441
84.5,128.213283,37.903623,5776.984128,-93.013,81.466,277.7,0.7420363464663441
84.6,128.213269,37.903659,5790.204828000001,-98.665,81.559,272.325,0.7420363464663441
84.7,128.213255,37.903693,5803.416079200001,-104.238,81.566,266.863,0.7420363464663441
84.8,128.213241,37.903726,5816.615748,-109.606,81.488,261.446,0.7420363464663441
84.9,128.213226,37.903757,5829.8007864,-114.722,81.328,256.195,0.7420363464663441
85.0,128.213211,37.903786,5842.968756,-119.618,81.088,251.204,0.7420363464663441
85.1,128.213194,37.903813,5856.116304,-124.225,80.775,246.516,0.7420363464663441
85.2,128.213178,37.903839,5869.241296800001,-128.383,80.4,242.137,0.7420363464663441
85.3,128.213161,37.903863,5882.3416008,-131.944,79.974,238.063,0.7420363464663441
85.4,128.213143,37.903885,5895.4147776,-134.819,79.512,234.279,0.7420363464663441
85.5,128.213125,37.903906,5908.4593032,-136.971,79.027,230.752,0.7420363464663441
85.6,128.213107,37.903925,5921.4736536,-138.445,78.535,227.442,0.7420363464663441
85.7,128.213088,37.903943,5934.456,-139.376,78.048,224.3,0.7420363464663441
85.8,128.21307,37.903959,5947.4045136,-139.949,77.578,221.27,0.7420363464663441
85.9,128.213051,37.903974,5960.317365600001,-140.351,77.133,218.291,0.7420363464663441
86.0,128.213031,37.903988,5973.193032,-140.74,76.717,215.308,0.7420363464663441
86.1,128.213012,37.904,5986.0299888,-141.491,76.322,212.32,0.7420363464663441
86.2,128.212993,37.90401,5998.8239688,-143.253,75.929,209.409,0.7420363464663441
86.3,128.212974,37.904018,6011.5691808,-145.951,75.526,206.574,0.7420363464663441
86.4,128.212955,37.904024,6024.2613576,-149.427,75.094,203.824,0.7420363464663441
86.5,128.212937,37.904028,6036.8974512,-153.458,74.613,201.202,0.7420363464663441
86.6,128.212918,37.90403,6049.475023200001,-157.772,74.064,198.783,0.7420363464663441
86.7,128.2129,37.90403,6061.99194,-161.784,73.443,196.594,0.7420363464663441
86.8,128.212882,37.904028,6074.4512496,-164.558,72.757,194.552,0.7420363464663441
86.9,128.212863,37.904025,6086.857828800001,-166.024,72.011,192.686,0.7420363464663441
87.0,128.212845,37.90402,6099.2159448,-166.234,71.225,191.008,0.7420363464663441
87.1,128.212827,37.904015,6111.5222448,-165.373,70.427,189.508,0.7420363464663441
87.2,128.212809,37.904008,6123.771547200001,-163.927,69.637,188.2,0.7420363464663441
87.3,128.212792,37.903999,6135.9553176,-162.67,68.862,187.139,0.7420363464663441
87.4,128.212774,37.903989,6148.063192800001,-161.721,68.104,186.274,0.7420363464663441
87.5,128.212758,37.903976,6160.0890768,-161.156,67.354,185.555,0.7420363464663441
87.6,128.212741,37.903962,6172.0305312,-161.019,66.598,184.945,0.7420363464663441
87.7,128.212726,37.903946,6183.8866416,-161.322,65.826,184.418,0.7420363464663441
87.8,128.212711,37.903929,6195.65436,-162.041,65.03,183.965,0.7420363464663441
87.9,128.212696,37.903909,6207.3324672,-163.133,64.203,183.585,0.7420363464663441
88.0,128.212682,37.903888,6218.9182200000005,-164.536,63.343,183.285,0.7420363464663441
88.1,128.212668,37.903865,6230.4094847999995,-166.18,62.449,183.072,0.7420363464663441
88.2,128.212655,37.90384,6241.8032136,-167.993,61.521,182.956,0.7420363464663441
88.3,128.212642,37.903813,6253.0966632,-169.908,60.563,182.943,0.7420363464663441
88.4,128.212629,37.903785,6264.2873952,-171.87,59.577,183.035,0.7420363464663441
88.5,128.212617,37.903755,6275.3735808,-173.563,58.571,183.194,0.7420363464663441
88.6,128.212605,37.903724,6286.3640592,-174.314,57.55,183.332,0.7420363464663441
88.7,128.212593,37.903691,6297.2688888,-174.172,56.52,183.439,0.7420363464663441
88.8,128.21258,37.903658,6308.0972136,-173.239,55.49,183.5,0.7420363464663441
88.9,128.212568,37.903623,6318.8475096,-171.635,54.476,183.502,0.7420363464663441
89.0,128.212556,37.903587,6329.517338400001,-169.502,53.491,183.43,0.7420363464663441
89.1,128.212544,37.90355,6340.101518400001,-167.249,52.545,183.295,0.7420363464663441
89.2,128.212533,37.903512,6350.586333600001,-165.636,51.636,183.14,0.7420363464663441
89.3,128.212521,37.903472,6360.9562392,-164.727,50.763,182.953,0.7420363464663441
89.4,128.21251,37.903431,6371.198128800001,-164.516,49.915,182.73,0.7420363464663441
89.5,128.2125,37.903388,6381.3089544,-164.952,49.077,182.48,0.7420363464663441
89.6,128.21249,37.903344,6391.287496800001,-165.96,48.235,182.217,0.7420363464663441
89.7,128.21248,37.903298,6401.1319272,-167.445,47.377,181.958,0.7420363464663441
89.8,128.21247,37.90325,6410.8413312,-169.303,46.497,181.724,0.7420363464663441
89.9,128.212461,37.903201,6420.4129656000005,-171.429,45.591,181.531,0.7420363464663441
90.0,128.212452,37.903151,6429.8474400000005,-173.472,44.66,181.377,0.7420363464663441
90.1,128.212443,37.903099,6439.1566416000005,-174.743,43.705,181.225,0.7420363464663441
90.2,128.212434,37.903046,6448.3555056000005,-175.223,42.727,181.083,0.7420363464663441
90.3,128.212425,37.902992,6457.455614400001,-174.95,41.735,180.95,0.7420363464663441
90.4,128.212416,37.902937,6466.4572728,-173.987,40.736,180.817,0.7420363464663441
90.5,128.212408,37.902881,6475.3574328,-172.42,39.744,180.671,0.7420363464663441
90.6,128.212399,37.902824,6484.153656,-170.354,38.769,180.499,0.7420363464663441
90.7,128.212391,37.902767,6492.8395416,-168.142,37.815,180.306,0.7420363464663441
90.8,128.212383,37.902707,6501.3958872,-166.466,36.881,180.122,0.7420363464663441
90.9,128.212375,37.902647,6509.8028808,-165.371,35.963,179.941,0.7420363464663441
91.0,128.212368,37.902586,6518.0449776000005,-164.863,35.056,179.755,0.7420363464663441
91.1,128.212361,37.902523,6526.118824800001,-164.922,34.148,179.562,0.7420363464663441
91.2,128.212355,37.902459,6534.023508,-165.504,33.232,179.364,0.7420363464663441
91.3,128.212349,37.902394,6541.7584176,-166.545,32.301,179.17,0.7420363464663441
91.4,128.212343,37.902328,6549.3223344,-167.971,31.351,178.99,0.7420363464663441
91.5,128.212338,37.90226,6556.7137344,-169.704,30.379,178.838,0.7420363464663441
91.6,128.212333,37.902191,6563.930788799999,-171.667,29.383,178.726,0.7420363464663441
91.7,128.212328,37.902122,6570.9722784000005,-173.787,28.362,178.665,0.7420363464663441
91.8,128.212323,37.902051,6577.841556,-175.782,27.32,178.642,0.7420363464663441
91.9,128.212319,37.901979,6584.556909600001,-177.066,26.263,178.617,0.7420363464663441
92.0,128.212315,37.901906,6591.1351032,-177.627,25.192,178.595,0.7420363464663441
92.1,128.21231,37.901832,6597.5898528,-177.498,24.11,178.574,0.7420363464663441
92.2,128.212306,37.901758,6603.916586400001,-176.789,23.024,178.554,0.7420363464663441
92.3,128.212302,37.901682,6610.100978400001,-175.786,21.942,178.537,0.7420363464663441
92.4,128.212299,37.901605,6616.1235216000005,-174.882,20.867,178.531,0.7420363464663441
92.5,128.212295,37.901527,6621.9634896,-174.306,19.798,178.537,0.7420363464663441
92.6,128.212292,37.901449,6627.6135672,-174.064,18.732,178.558,0.7420363464663441
92.7,128.212289,37.901369,6633.071620799999,-174.134,17.661,178.603,0.7420363464663441
92.8,128.212286,37.901288,6638.334297600001,-174.514,16.579,178.666,0.7420363464663441
92.9,128.212283,37.901206,6643.3970256,-175.195,15.478,178.745,0.7420363464663441
93.0,128.21228,37.901124,6648.2595,-176.157,14.36,178.842,0.7420363464663441
93.1,128.212278,37.90104,6652.9226352,-177.373,13.23,178.959,0.7420363464663441
93.2,128.212275,37.900956,6657.3849072,-178.816,12.087,179.103,0.7420363464663441
93.3,128.212273,37.900871,6661.644792000001,179.545,10.934,179.277,0.7420363464663441
93.4,128.212271,37.900785,6665.701070400001,177.739,9.77,179.487,0.7420363464663441
93.5,128.212269,37.900698,6669.552523200001,175.796,8.598,179.737,0.7420363464663441
93.6,128.212266,37.90061,6673.1973216,173.74,7.419,180.033,0.7420363464663441
93.7,128.212264,37.900522,6676.634246400001,171.595,6.236,180.378,0.7420363464663441
93.8,128.212261,37.900433,6679.862688000001,169.38,5.053,180.775,0.7420363464663441
93.9,128.212259,37.900343,6682.8814272,167.111,3.872,181.227,0.7420363464663441
94.0,128.212256,37.900253,6685.6898544000005,164.8,2.696,181.736,0.7420363464663441
94.1,128.212252,37.900162,6688.28736,162.454,1.53,182.303,0.7420363464663441
94.2,128.212249,37.90007,6690.6736392,160.081,0.377,182.927,0.7420363464663441
94.3,128.212245,37.899978,6692.848387200001,157.681,-0.758,183.609,0.7420363464663441
94.4,128.21224,37.899885,6694.8122136,155.254,-1.874,184.345,0.7420363464663441
94.5,128.212235,37.899792,6696.5648136,152.793,-2.967,185.133,0.7420363464663441
94.6,128.212229,37.899698,6698.1074064,150.294,-4.036,185.967,0.7420363464663441
94.7,128.212222,37.899604,6699.440906400001,147.752,-5.078,186.844,0.7420363464663441
94.8,128.212215,37.89951,6700.565923200001,145.172,-6.087,187.765,0.7420363464663441
94.9,128.212207,37.899415,6701.4845904,142.555,-7.06,188.729,0.7420363464663441
95.0,128.212198,37.89932,6702.1981272,139.901,-7.993,189.734,0.7420363464663441
95.1,128.212188,37.899225,6702.7086672000005,137.213,-8.881,190.778,0.7420363464663441
95.2,128.212177,37.899129,6703.018344,134.489,-9.72,191.859,0.7420363464663441
95.3,128.212166,37.899033,6703.129596000001,131.732,-10.508,192.973,0.7420363464663441
95.4,128.212153,37.898937,6703.0454712,128.94,-11.242,194.118,0.7420363464663441
95.5,128.212138,37.898841,6702.769017600001,126.117,-11.92,195.29,0.7420363464663441
95.6,128.212123,37.898745,6702.3038928000005,123.262,-12.538,196.486,0.7420363464663441
95.7,128.212106,37.898649,6701.6537544,120.377,-13.096,197.702,0.7420363464663441
95.8,128.212088,37.898552,6700.823479200001,117.465,-13.593,198.934,0.7420363464663441
95.9,128.212069,37.898456,6699.8170296,114.529,-14.025,200.178,0.7420363464663441
96.0,128.212048,37.89836,6698.6395872,111.572,-14.393,201.43,0.7420363464663441
96.1,128.212026,37.898263,6697.2960288,108.6,-14.694,202.686,0.7420363464663441
96.2,128.212002,37.898167,6695.791536000001,105.616,-14.93,203.94,0.7420363464663441
96.3,128.211976,37.898071,6694.1322048,102.624,-15.099,205.189,0.7420363464663441
96.4,128.211949,37.897975,6692.3235216,99.629,-15.202,206.428,0.7420363464663441
96.5,128.21192,37.897879,6690.372192000001,96.635,-15.241,207.652,0.7420363464663441
96.6,128.211889,37.897783,6688.284312,93.647,-15.215,208.858,0.7420363464663441
96.7,128.211857,37.897688,6686.066892000001,90.668,-15.127,210.041,0.7420363464663441
96.8,128.211823,37.897593,6683.726942400001,87.705,-14.979,211.197,0.7420363464663441
96.9,128.211787,37.897497,6681.271778400001,84.76,-14.772,212.323,0.7420363464663441
97.0,128.211749,37.897402,6678.7084104000005,81.839,-14.51,213.416,0.7420363464663441
97.1,128.211709,37.897308,6676.0453728,78.946,-14.194,214.474,0.7420363464663441
97.2,128.211667,37.897213,6673.289676,76.084,-13.827,215.492,0.7420363464663441
97.3,128.211624,37.897119,6670.450159200001,73.256,-13.412,216.471,0.7420363464663441
97.4,128.211578,37.897025,6667.5347472,70.467,-12.953,217.406,0.7420363464663441
97.5,128.21153,37.896931,6664.5519744,67.717,-12.454,218.297,0.7420363464663441
97.6,128.211481,37.896838,6661.5103751999995,65.011,-11.919,219.141,0.7420363464663441
97.7,128.211429,37.896745,6658.417874400001,62.35,-11.35,219.939,0.7420363464663441
97.8,128.211375,37.896652,6655.283006400001,59.738,-10.75,220.69,0.7420363464663441
97.9,128.21132,37.896559,6652.114610400001,57.178,-10.123,221.394,0.7420363464663441
98.0,128.211262,37.896467,6648.920611200001,54.677,-9.468,222.049,0.7420363464663441
98.1,128.211203,37.896375,6645.7095432,52.237,-8.789,222.655,0.7420363464663441
98.2,128.211142,37.896283,6642.4887216,49.86,-8.085,223.212,0.7420363464663441
98.3,128.211078,37.896191,6639.2669856,47.547,-7.36,223.72,0.7420363464663441
98.4,128.211013,37.8961,6636.051650400001,45.295,-6.617,224.179,0.7420363464663441
98.5,128.210946,37.896009,6632.850336,43.1,-5.857,224.59,0.7420363464663441
98.6,128.210878,37.895919,6629.6706624,40.957,-5.083,224.953,0.7420363464663441
98.7,128.210807,37.895828,6626.5202496,38.86,-4.299,225.272,0.7420363464663441
98.8,128.210735,37.895738,6623.4054984,36.8,-3.506,225.546,0.7420363464663441
98.9,128.210661,37.895648,6620.334028800001,34.77,-2.709,225.779,0.7420363464663441
99.0,128.210586,37.895558,6617.311936800001,32.762,-1.91,225.973,0.7420363464663441
99.1,128.210509,37.895468,6614.3465376,30.77,-1.112,226.131,0.7420363464663441
99.2,128.21043,37.895379,6611.4436224,28.792,-0.315,226.254,0.7420363464663441
99.3,128.21035,37.89529,6608.609287200001,26.826,0.478,226.343,0.7420363464663441
99.4,128.210269,37.8952,6605.849628000001,24.874,1.269,226.4,0.7420363464663441
99.5,128.210186,37.895111,6603.1695216,22.937,2.055,226.425,0.7420363464663441
99.6,128.210102,37.895022,6600.574759200001,21.02,2.837,226.418,0.7420363464663441
99.7,128.210017,37.894934,6598.0702176,19.125,3.614,226.382,0.7420363464663441
99.8,128.209931,37.894845,6595.660468800001,17.257,4.385,226.316,0.7420363464663441
99.9,128.209843,37.894756,6593.34978,15.418,5.15,226.223,0.7420363464663441
100.0,128.209755,37.894667,6591.1421136,13.61,5.908,226.106,0.7420363464663441
100.1,128.209665,37.894579,6589.0411272,11.841,6.657,225.965,0.7420363464663441
100.2,128.209575,37.89449,6587.0507832,10.115,7.399,225.799,0.7420363464663441
100.3,128.209484,37.894401,6585.173824800001,8.44,8.134,225.609,0.7420363464663441
100.4,128.209392,37.894313,6583.4129952,6.82,8.86,225.395,0.7420363464663441
100.5,128.2093,37.894224,6581.7710376,5.257,9.578,225.155,0.7420363464663441
100.6,128.209206,37.894135,6580.2506952,3.753,10.287,224.892,0.7420363464663441
100.7,128.209113,37.894046,6578.853492,2.307,10.988,224.604,0.7420363464663441
100.8,128.209019,37.893957,6577.5815616,0.914,11.68,224.294,0.7420363464663441
100.9,128.208924,37.893867,6576.437037600001,-0.427,12.362,223.962,0.7420363464663441
101.0,128.208829,37.893778,6575.4208344,-1.726,13.034,223.609,0.7420363464663441
101.1,128.208734,37.893688,6574.534476,-2.988,13.697,223.236,0.7420363464663441
101.2,128.208639,37.893599,6573.7791816,-4.221,14.349,222.846,0.7420363464663441
101.3,128.208543,37.893509,6573.155560800001,-5.432,14.992,222.438,0.7420363464663441
101.4,128.208447,37.893418,6572.664528,-6.627,15.625,222.014,0.7420363464663441
101.5,128.208352,37.893328,6572.306997600001,-7.813,16.248,221.574,0.7420363464663441
101.6,128.208256,37.893237,6572.082969600001,-8.994,16.861,221.12,0.7420363464663441
101.7,128.208161,37.893147,6571.9927488,-10.175,17.464,220.65,0.7420363464663441
101.8,128.208065,37.893055,6572.0363352,-11.357,18.057,220.165,0.7420363464663441
101.9,128.20797,37.892964,6572.214033600001,-12.542,18.641,219.664,0.7420363464663441
102.0,128.207875,37.892872,6572.5255392,-13.732,19.215,219.147,0.7420363464663441
102.1,128.20778,37.892781,6572.970242400001,-14.925,19.779,218.613,0.7420363464663441
102.2,128.207686,37.892688,6573.547838400001,-16.122,20.332,218.063,0.7420363464663441
102.3,128.207592,37.892596,6574.257108,-17.321,20.876,217.494,0.7420363464663441
102.4,128.207499,37.892503,6575.097441600001,-18.522,21.409,216.907,0.7420363464663441
102.5,128.207406,37.89241,6576.0648768,-19.693,21.933,216.302,0.7420363464663441
102.6,128.207313,37.892316,6577.1517936,-20.737,22.448,215.682,0.7420363464663441
102.7,128.207222,37.892223,6578.3524008,-21.594,22.954,215.054,0.7420363464663441
102.8,128.207131,37.892129,6579.665479200001,-22.261,23.449,214.421,0.7420363464663441
102.9,128.20704,37.892034,6581.0910288000005,-22.771,23.931,213.788,0.7420363464663441
103.0,128.206951,37.89194,6582.6293544,-23.167,24.401,213.158,0.7420363464663441
103.1,128.206862,37.891845,6584.280151200001,-23.49,24.859,212.535,0.7420363464663441
103.2,128.206774,37.89175,6586.043724000001,-23.781,25.307,211.922,0.7420363464663441
103.3,128.206686,37.891654,6587.919768000001,-24.075,25.747,211.32,0.7420363464663441
103.4,128.2066,37.891559,6589.907673600001,-24.398,26.18,210.729,0.7420363464663441
103.5,128.206514,37.891463,6592.007136,-24.773,26.608,210.148,0.7420363464663441
103.6,128.20643,37.891366,6594.216936,-25.213,27.032,209.575,0.7420363464663441
103.7,128.206346,37.89127,6596.5370736,-25.732,27.453,209.008,0.7420363464663441
103.8,128.206263,37.891173,6598.9663296,-26.335,27.871,208.444,0.7420363464663441
103.9,128.206181,37.891076,6601.5040944,-27.026,28.285,207.879,0.7420363464663441
104.0,128.2061,37.890979,6604.148844,-27.795,28.696,207.309,0.7420363464663441
104.1,128.206021,37.890882,6606.8999688,-28.63,29.102,206.732,0.7420363464663441
104.2,128.205942,37.890785,6609.75564,-29.52,29.503,206.145,0.7420363464663441
104.3,128.205864,37.890687,6612.714638400001,-30.451,29.899,205.544,0.7420363464663441
104.4,128.205788,37.890589,6615.7751352000005,-31.404,30.288,204.927,0.7420363464663441
104.5,128.205712,37.890491,6618.9340824,-32.354,30.669,204.294,0.7420363464663441
104.6,128.205638,37.890393,6622.1896512,-33.278,31.043,203.643,0.7420363464663441
104.7,128.205565,37.890294,6625.5387936,-34.158,31.408,202.974,0.7420363464663441
104.8,128.205493,37.890196,6628.9802904,-34.986,31.764,202.289,0.7420363464663441
104.9,128.205423,37.890097,6632.5117032,-35.757,32.112,201.589,0.7420363464663441
105.0,128.205354,37.889998,6636.1312032,-36.471,32.449,200.876,0.7420363464663441
105.1,128.205286,37.889899,6639.8372664,-37.135,32.779,200.151,0.7420363464663441
105.2,128.205219,37.889799,6643.6283688,-37.759,33.099,199.418,0.7420363464663441
105.3,128.205154,37.8897,6647.503291200001,-38.356,33.412,198.676,0.7420363464663441
105.4,128.20509,37.8896,6651.460204800001,-38.929,33.718,197.929,0.7420363464663441
105.5,128.205027,37.889501,6655.4966712,-39.472,34.018,197.178,0.7420363464663441
105.6,128.204966,37.889401,6659.610252,-39.974,34.314,196.425,0.7420363464663441
105.7,128.204906,37.889301,6663.7985088000005,-40.424,34.605,195.673,0.7420363464663441
105.8,128.204848,37.889201,6668.0605272,-40.831,34.895,194.923,0.7420363464663441
105.9,128.204791,37.889101,6672.396612,-41.232,35.181,194.178,0.7420363464663441
106.0,128.204735,37.889,6676.807982400001,-41.684,35.463,193.435,0.7420363464663441
106.1,128.204681,37.8889,6681.2958576,-42.235,35.741,192.691,0.7420363464663441
106.2,128.204629,37.8888,6685.860542400001,-42.929,36.014,191.944,0.7385587455593531
106.3,128.204578,37.8887,6690.5023416,-43.792,36.281,191.189,0.7348592253057971
106.4,128.204528,37.888599,6695.2203408000005,-44.838,36.543,190.422,0.7309334025493565
106.5,128.20448,37.888499,6700.012711200001,-46.061,36.798,189.638,0.7267782355117615
106.6,128.204434,37.888398,6704.877624000001,-47.431,37.046,188.835,0.7223895201056508
106.7,128.20439,37.888298,6709.8117264,-48.908,37.283,188.006,0.7177649621221664
106.8,128.204347,37.888198,6714.811970400001,-50.453,37.508,187.15,0.7129005910441143
106.9,128.204306,37.888097,6719.8756128,-52.025,37.717,186.263,0.7124734120968633
107.0,128.204267,37.887997,6724.999605600001,-53.589,37.907,185.344,0.7110693778640075
107.1,128.204229,37.887896,6730.1802912,-55.115,38.074,184.393,0.7086811007596227
107.2,128.204193,37.887796,6735.4146216,-56.578,38.217,183.41,0.7053000452989789
107.3,128.204159,37.887695,6740.6998536,-57.962,38.335,182.398,0.7009147146432585
107.4,128.204127,37.887594,6746.0323296,-59.255,38.426,181.359,0.6955235783018249
107.5,128.204097,37.887494,6751.409611200001,-60.454,38.49,180.296,0.689124288431466
107.6,128.204068,37.887393,6756.828955200001,-61.559,38.525,179.213,0.6821664797886161
107.7,128.204042,37.887292,6762.2885328,-62.571,38.527,178.111,0.6750589535873741
107.8,128.204017,37.887192,6767.7862104000005,-63.501,38.493,176.991,0.6676975091283344
107.9,128.203995,37.887091,6773.3186352,-64.371,38.432,175.861,0.6600808236084368
108.0,128.203974,37.88699,6778.8836736,-65.209,38.349,174.728,0.6574851205449683
108.1,128.203955,37.886889,6784.4785824,-66.038,38.25,173.596,0.6574851205449683
108.2,128.203938,37.886789,6790.100923200001,-66.882,38.138,172.468,0.6574851205449683
108.3,128.203923,37.886688,6795.7482576,-67.758,38.018,171.346,0.653138191736162
108.4,128.203911,37.886588,6801.4175376,-68.679,37.89,170.232,0.6442573498675364
108.5,128.2039,37.886487,6807.1066296,-69.653,37.756,169.124,0.6351248450670564
108.6,128.203891,37.886387,6812.8121808000005,-70.683,37.615,168.024,0.6202371695535316
108.7,128.203884,37.886286,6818.5320576,-71.767,37.467,166.929,0.6017223840950879
108.8,128.203879,37.886186,6824.2629072,-72.899,37.311,165.839,0.5887248052857477
108.9,128.203877,37.886086,6830.0013768,-74.072,37.145,164.753,0.5786071804784877
109.0,128.203876,37.885986,6835.745028,-75.275,36.969,163.67,0.5786071804784877
109.1,128.203878,37.885887,6841.4902032,-76.494,36.78,162.59,0.5786071804784877
109.2,128.203881,37.885787,6847.2338544,-77.718,36.578,161.512,0.5786071804784877
109.3,128.203887,37.885687,6852.972628800001,-78.931,36.361,160.435,0.5786071804784877
109.4,128.203894,37.885588,6858.703173600001,-80.124,36.129,159.361,0.5786071804784877
109.5,128.203904,37.885489,6864.422745600001,-81.286,35.881,158.289,0.5766682195581683
109.6,128.203916,37.88539,6870.127382400001,-82.407,35.617,157.219,0.5649037636577529
109.7,128.20393,37.885291,6875.8149504,-83.479,35.336,156.153,0.5529131735786135
109.8,128.203947,37.885193,6881.4817920000005,-84.494,35.038,155.09,0.5406982583409952
109.9,128.203965,37.885095,6887.125164,-85.45,34.721,154.032,0.5282613939538455
110.0,128.203985,37.884997,6892.7423232,-86.347,34.387,152.978,0.5156043298614555
110.1,128.204008,37.884899,6898.3305264,-87.186,34.035,151.93,0.5027283170984554
110.2,128.204033,37.884801,6903.8870304,-87.971,33.668,150.889,0.4962097935947093
110.3,128.20406,37.884704,6909.409396800001,-88.709,33.288,149.855,0.4962097935947093
110.4,128.204089,37.884607,6914.894882400001,-89.405,32.895,148.828,0.4962097935947093
110.5,128.20412,37.884511,6920.3413536,-90.065,32.491,147.81,0.4962097935947093
110.6,128.204153,37.884415,6925.7460672,-90.696,32.078,146.8,0.4962097935947093
110.7,128.204189,37.884319,6931.1071944000005,-91.304,31.656,145.797,0.4962097935947093
110.8,128.204226,37.884223,6936.422601600001,-91.894,31.227,144.803,0.4962097935947093
110.9,128.204266,37.884128,6941.6892408,-92.472,30.79,143.816,0.4962097935947093
111.0,128.204308,37.884034,6946.9058928,-93.041,30.347,142.837,0.4962097935947093
111.1,128.204352,37.883939,6952.069814400001,-93.605,29.897,141.865,0.4962097935947093
111.2,128.204398,37.883846,6957.178872,-94.166,29.441,140.899,0.4962097935947093
111.3,128.204446,37.883752,6962.230932,-94.727,28.978,139.941,0.4962097935947093
111.4,128.204497,37.88366,6967.224165600001,-95.286,28.507,138.988,0.4962097935947093
111.5,128.204549,37.883567,6972.155829599999,-95.846,28.029,138.042,0.4962097935947093
111.6,128.204604,37.883475,6977.0244,-96.403,27.543,137.101,0.4962097935947093
111.7,128.20466,37.883384,6981.827133600001,-96.958,27.049,136.166,0.4962097935947093
111.8,128.204719,37.883293,6986.561896800001,-97.509,26.547,135.236,0.4962097935947093
111.9,128.20478,37.883203,6991.2268608,-98.054,26.035,134.312,0.4962097935947093
112.0,128.204843,37.883114,6995.819587200001,-98.591,25.514,133.393,0.4962097935947093
112.1,128.204908,37.883025,7000.337637600001,-99.119,24.983,132.479,0.4962097935947093
112.2,128.204975,37.882937,7004.7791832,-99.637,24.443,131.57,0.4962097935947093
112.3,128.205044,37.882849,7009.1417856,-100.143,23.893,130.667,0.4962097935947093
112.4,128.205115,37.882762,7013.423311200001,-100.637,23.333,129.768,0.4962097935947093
112.5,128.205188,37.882676,7017.6219312,-101.119,22.764,128.874,0.4962097935947093
112.6,128.205263,37.88259,7021.734597600001,-101.587,22.185,127.986,0.4962097935947093
112.7,128.20534,37.882505,7025.7597864,-102.044,21.596,127.102,0.4962097935947093
112.8,128.20542,37.882421,7029.695364,-102.488,20.999,126.223,0.4962097935947093
112.9,128.205501,37.882338,7033.538587200001,-102.921,20.392,125.348,0.4962097935947093
113.0,128.205584,37.882255,7037.2876272,-103.343,19.777,124.478,0.4962097935947093
113.1,128.205669,37.882174,7040.940655200001,-103.756,19.153,123.613,0.4962097935947093
113.2,128.205756,37.882093,7044.4946232,-104.16,18.52,122.752,0.4962097935947093
113.3,128.205845,37.882013,7047.9483119999995,-104.558,17.88,121.895,0.4962097935947093
113.4,128.205936,37.881933,7051.2983688,-104.949,17.231,121.041,0.4962097935947093
113.5,128.206028,37.881855,7054.5420504,-105.332,16.572,120.19,0.4962097935947093
113.6,128.206123,37.881778,7057.676613600001,-105.707,15.902,119.342,0.4962097935947093
113.7,128.206219,37.881701,7060.6993152000005,-106.079,15.224,118.497,0.4962097935947093
113.8,128.206317,37.881626,7063.6083264,-106.448,14.539,117.655,0.4962097935947093
113.9,128.206417,37.881551,7066.401513600001,-106.816,13.848,116.817,0.4962097935947093
114.0,128.206519,37.881478,7069.076438400001,-107.183,13.151,115.983,0.4962097935947093
114.1,128.206622,37.881406,7071.6309672,-107.55,12.449,115.153,0.4962097935947093
114.2,128.206727,37.881334,7074.0632712,-107.914,11.741,114.327,0.4962097935947093
114.3,128.206833,37.881264,7076.3712168,-108.276,11.028,113.505,0.4962097935947093
114.4,128.206941,37.881195,7078.5523656000005,-108.633,10.31,112.688,0.4962097935947093
114.5,128.207051,37.881127,7080.6051936,-108.986,9.586,111.874,0.4962097935947093
114.6,128.207163,37.88106,7082.5272624,-109.331,8.856,111.065,0.4962097935947093
114.7,128.207276,37.880994,7084.316438400001,-109.67,8.12,110.258,0.4962097935947093
114.8,128.20739,37.880929,7085.971197600001,-110.001,7.377,109.455,0.4962097935947093
114.9,128.207506,37.880866,7087.4887968,-110.324,6.629,108.654,0.4962097935947093
115.0,128.207624,37.880803,7088.867712,-110.639,5.873,107.856,0.4962097935947093
115.1,128.207743,37.880742,7090.105504800001,-110.946,5.112,107.061,0.4962097935947093
115.2,128.207863,37.880682,7091.200346400001,-111.245,4.344,106.267,0.4962097935947093
115.3,128.207985,37.880624,7092.150408,-111.539,3.569,105.476,0.4962097935947093
115.4,128.208108,37.880566,7092.9532512000005,-111.826,2.788,104.685,0.4962097935947093
115.5,128.208232,37.88051,7093.607352000001,-112.109,2.0,103.896,0.4962097935947093
115.6,128.208358,37.880455,7094.110272,-112.389,1.206,103.108,0.4962097935947093
115.7,128.208486,37.880402,7094.4601824,-112.666,0.406,102.32,0.4962097935947093
115.8,128.208614,37.88035,7094.6546448,-112.943,-0.399,101.533,0.4962097935947093
115.9,128.208744,37.880299,7094.6921352,-113.22,-1.21,100.746,0.4962097935947093
116.0,128.208874,37.880249,7094.5702152,-113.499,-2.028,99.958,0.4962097935947093
116.1,128.209006,37.880201,7094.287056000001,-113.78,-2.851,99.17,0.4962097935947093
116.2,128.20914,37.880155,7093.840524000001,-114.064,-3.679,98.381,0.4962097935947093
116.3,128.209274,37.880109,7093.228485600001,-114.352,-4.513,97.591,0.4962097935947093
116.4,128.209409,37.880065,7092.4485024,-114.644,-5.353,96.8,0.4962097935947093
116.5,128.209545,37.880023,7091.499050400001,-114.94,-6.198,96.007,0.4962097935947093
116.6,128.209682,37.879982,7090.377996,-115.24,-7.048,95.213,0.4962097935947093
116.7,128.209821,37.879943,7089.082900800001,-115.543,-7.904,94.417,0.4962097935947093
116.8,128.20996,37.879905,7087.6116312,-115.85,-8.766,93.618,0.4962097935947093
116.9,128.2101,37.879868,7085.9623584,-116.159,-9.633,92.818,0.4962097935947093
117.0,128.21024,37.879833,7084.1329488,-116.469,-10.506,92.016,0.4962097935947093
117.1,128.210382,37.8798,7082.120964000001,-116.78,-11.385,91.211,0.4962097935947093
117.2,128.210524,37.879768,7079.92488,-117.091,-12.27,90.405,0.4962097935947093
117.3,128.210666,37.879737,7077.5419536,-117.401,-13.16,89.595,0.4962097935947093
117.4,128.21081,37.879709,7074.970356000001,-117.71,-14.056,88.784,0.4962097935947093
117.5,128.210954,37.879681,7072.2079536,-118.018,-14.959,87.97,0.4962097935947093
117.6,128.211098,37.879656,7069.252308,-118.324,-15.867,87.153,0.4962097935947093
117.7,128.211243,37.879632,7066.1018952,-118.628,-16.782,86.334,0.4962097935947093
117.8,128.211388,37.879609,7062.7542768,-118.93,-17.703,85.511,0.4962097935947093
117.9,128.211534,37.879588,7059.207624000001,-119.231,-18.631,84.686,0.4962097935947093
118.0,128.21168,37.879569,7055.4594984,-119.531,-19.565,83.857,0.4962097935947093
118.1,128.211826,37.879551,7051.508376,-119.832,-20.506,83.024,0.4962097935947093
118.2,128.211972,37.879535,7047.3515136000005,-120.133,-21.453,82.187,0.4962097935947093
118.3,128.212119,37.879521,7042.987692000001,-120.437,-22.406,81.346,0.4962097935947093
118.4,128.212265,37.879508,7038.414777600001,-120.745,-23.365,80.5,0.4962097935947093
118.5,128.212412,37.879497,7033.6306368000005,-121.057,-24.33,79.649,0.4962097935947093
118.6,128.212558,37.879488,7028.6334408,-121.375,-25.301,78.792,0.4962097935947093
118.7,128.212705,37.87948,7023.421665600001,-121.699,-26.279,77.93,0.4962097935947093
118.8,128.212851,37.879474,7017.9934824,-122.03,-27.262,77.062,0.4962097935947093
118.9,128.212996,37.87947,7012.3470624,-122.368,-28.252,76.187,0.4962097935947093
119.0,128.213142,37.879467,7006.4811864,-122.713,-29.249,75.306,0.4962097935947093
119.1,128.213287,37.879466,7000.3946352,-123.063,-30.253,74.418,0.4962097935947093
119.2,128.213431,37.879466,6994.08558,-123.419,-31.264,73.524,0.4962097935947093
119.3,128.213575,37.879468,6987.552801600001,-123.779,-32.284,72.623,0.4962097935947093
119.4,128.213719,37.879472,6980.7950808000005,-124.145,-33.313,71.717,0.4962097935947093
119.5,128.213861,37.879477,6973.8115032,-124.515,-34.349,70.804,0.4962097935947093
119.6,128.214003,37.879484,6966.6005448000005,-124.891,-35.395,69.884,0.4962097935947093
119.7,128.214144,37.879492,6959.161900800001,-125.272,-36.45,68.958,0.4962097935947093
119.8,128.214284,37.879502,6951.493742400001,-125.661,-37.514,68.026,0.4962097935947093
119.9,128.214422,37.879513,6943.595155200001,-126.06,-38.586,67.086,0.4962097935947093
120.0,128.21456,37.879526,6935.4646152000005,-126.472,-39.665,66.138,0.4962097935947093
120.1,128.214696,37.87954,6927.101208,-126.896,-40.751,65.181,0.4962097935947093
120.2,128.214832,37.879556,6918.503714400001,-127.333,-41.844,64.215,0.4962097935947093
120.3,128.214965,37.879573,6909.671220000001,-127.785,-42.944,63.24,0.4962097935947093
120.4,128.215098,37.879592,6900.602200800001,-128.251,-44.051,62.254,0.4962097935947093
120.5,128.215228,37.879611,6891.296352000001,-128.73,-45.165,61.257,0.4962097935947093
120.6,128.215358,37.879632,6881.7521496,-129.22,-46.286,60.249,0.4962097935947093
120.7,128.215485,37.879655,6871.9692888,-129.722,-47.413,59.228,0.4962097935947093
120.8,128.215611,37.879678,6861.946855200001,-130.233,-48.548,58.194,0.4962097935947093
120.9,128.215735,37.879703,6851.6839344,-130.751,-49.689,57.145,0.4962097935947093
121.0,128.215857,37.879729,6841.1802216,-131.274,-50.837,56.081,0.4962097935947093
121.1,128.215977,37.879756,6830.4351072,-131.797,-51.993,55.0,0.4962097935947093
121.2,128.216095,37.879784,6819.4482864,-132.319,-53.155,53.903,0.4962097935947093
121.3,128.216211,37.879813,6808.2194544,-132.837,-54.326,52.787,0.4962097935947093
121.4,128.216324,37.879843,6796.748916,-133.347,-55.504,51.651,0.4962097935947093
121.5,128.216435,37.879873,6785.0363664,-133.847,-56.69,50.494,0.4962097935947093
121.6,128.216544,37.879905,6773.082110400001,-134.335,-57.883,49.314,0.4962097935947093
121.7,128.216651,37.879937,6760.8870624,-134.808,-59.084,48.11,0.4962097935947093
121.8,128.216755,37.879969,6748.4509176,-135.264,-60.293,46.877,0.4962097935947093
121.9,128.216856,37.880003,6735.7752,-135.702,-61.509,45.614,0.4962097935947093
122.0,128.216955,37.880036,6722.860214400001,-136.118,-62.732,44.318,0.4962097935947093
122.1,128.217051,37.88007,6709.7074848,-136.512,-63.962,42.982,0.4962097935947093
122.2,128.217144,37.880105,6696.3179256,-136.878,-65.199,41.603,0.4962097935947093
122.3,128.217235,37.880139,6682.693670400001,-137.214,-66.441,40.174,0.4962097935947093
122.4,128.217322,37.880174,6668.836243199999,-137.514,-67.689,38.687,0.4962097935947093
122.5,128.217407,37.880209,6654.7477776000005,-137.77,-68.942,37.131,0.4962097935947093
122.6,128.217489,37.880244,6640.4301024,-137.972,-70.199,35.493,0.4962097935947093
122.7,128.217567,37.880278,6625.886570400001,-138.104,-71.458,33.759,0.4962097935947093
122.8,128.217643,37.880312,6611.11962,-138.148,-72.72,31.908,0.4962097935947093
122.9,128.217716,37.880346,6596.1322992000005,-138.077,-73.983,29.911,0.4962097935947093
123.0,128.217785,37.88038,6580.927960800001,-137.856,-75.244,27.736,0.4962097935947093
123.1,128.217851,37.880413,6565.510872,-137.434,-76.504,25.332,0.4962097935947093
123.2,128.217914,37.880445,6549.8843856,-136.743,-77.758,22.634,0.4962097935947093
123.3,128.217974,37.880476,6534.0527688,-135.687,-79.004,19.548,0.4962097935947093
123.4,128.218031,37.880506,6518.0205936,-134.122,-80.237,15.935,0.4962097935947093
123.5,128.218085,37.880536,6501.792432,-131.838,-81.45,11.585,0.4962097935947093
123.6,128.218135,37.880564,6485.373160800001,-128.503,-82.631,6.174,0.4962097935947093
123.7,128.218182,37.880591,6468.767352000001,-123.584,-83.764,359.172,0.4962097935947093
123.8,128.218226,37.880616,6451.9795776,-116.21,-84.811,349.708,0.4962097935947093
123.9,128.218267,37.88064,6435.0162384000005,-105.047,-85.708,336.445,0.4962097935947093
124.0,128.218305,37.880662,6417.8858688,-88.675,-86.354,317.986,0.4962097935947093
124.1,128.21834,37.880682,6400.5976128,-67.293,-86.615,294.555,0.4962097935947093
124.2,128.218372,37.880701,6383.1575664,-44.889,-86.396,270.146,0.4962097935947093
124.3,128.2184,37.880717,6365.5748736000005,-26.128,-85.738,249.402,0.4962097935947093
124.4,128.218426,37.880732,6347.858678400001,-11.985,-84.755,233.256,0.4962097935947093
124.5,128.218449,37.880743,6330.017515200001,-1.572,-83.528,220.714,0.4962097935947093
124.6,128.218469,37.880753,6312.061137600001,5.995,-82.102,210.738,0.4962097935947093
124.7,128.218486,37.880759,6293.9992992,11.087,-80.516,202.746,0.4962097935947093
124.8,128.2185,37.880763,6275.8441920000005,13.968,-78.82,196.269,0.4962097935947093
124.9,128.218512,37.880763,6257.608008,14.885,-77.067,190.91,0.4962097935947093
125.0,128.218522,37.88076,6239.3035488,14.092,-75.308,186.339,0.4962097935947093
125.1,128.218531,37.880754,6220.9442256,11.861,-73.587,182.293,0.4962097935947093
125.2,128.218538,37.880743,6202.546497600001,8.489,-71.936,178.57,0.4962097935947093
125.3,128.218545,37.880729,6184.1228616,4.461,-70.38,175.042,0.4962097935947093
125.4,128.218552,37.880712,6165.6675264000005,0.698,-68.924,171.681,0.4962097935947093
125.5,128.218559,37.880691,6147.166776,-2.091,-67.571,168.469,0.4962097935947093
125.6,128.218567,37.880668,6128.626096800001,-3.866,-66.32,165.375,0.4962097935947093
125.7,128.218576,37.880642,6110.0567664,-4.989,-65.16,162.487,0.4962097935947093
125.8,128.218587,37.880613,6091.4664048,-5.87,-64.068,159.956,0.4962097935947093
125.9,128.218599,37.880581,6072.8623272,-6.919,-63.018,157.966,0.4962097935947093
126.0,128.218613,37.880546,6054.253068,-8.239,-61.992,156.527,0.4962097935947093
126.1,128.21863,37.880509,6035.646856800001,-9.626,-60.976,155.488,0.4962097935947093
126.2,128.218649,37.880468,6017.053142400001,-10.782,-59.963,154.659,0.4962097935947093
126.3,128.21867,37.880425,5998.481373600001,-11.491,-58.952,153.883,0.4962097935947093
126.4,128.218694,37.88038,5979.9416088,-11.733,-57.938,153.102,0.4962097935947093
126.5,128.218721,37.880332,5961.442992,-11.6,-56.918,152.32,0.4962097935947093
126.6,128.21875,37.880281,5942.993143199999,-11.203,-55.888,151.558,0.4962097935947093
126.7,128.218782,37.880227,5924.5999872,-10.636,-54.847,150.836,0.4962097935947093
126.8,128.218816,37.880171,5906.2690104,-9.968,-53.795,150.169,0.4962097935947093
126.9,128.218853,37.880112,5888.0072232,-9.258,-52.733,149.564,0.4962097935947093
127.0,128.218893,37.880051,5869.8207216,-8.547,-51.664,149.024,0.4962097935947093
127.1,128.218936,37.879987,5851.715906400001,-7.86,-50.59,148.547,0.4962097935947093
127.2,128.218981,37.87992,5833.700092800001,-7.225,-49.514,148.128,0.4962097935947093
127.3,128.219029,37.879852,5815.781815200001,-6.675,-48.437,147.76,0.4962097935947093
127.4,128.219079,37.87978,5797.9702176,-6.25,-47.362,147.435,0.4962097935947093
127.5,128.219132,37.879706,5780.276272800001,-5.99,-46.287,147.141,0.4962097935947093
127.6,128.219188,37.87963,5762.7124776,-5.941,-45.213,146.867,0.4962097935947093
127.7,128.219246,37.879551,5745.2943768000005,-6.173,-44.138,146.597,0.4962097935947093
127.8,128.219307,37.87947,5728.0402584,-6.776,-43.061,146.313,0.4962097935947093
127.9,128.219371,37.879386,5710.9702392,-7.833,-41.98,145.994,0.4962097935947093
128.0,128.219439,37.879299,5694.1041312,-9.388,-40.894,145.618,0.4962097935947093
128.1,128.219509,37.87921,5677.4611368000005,-11.428,-39.804,145.166,0.4962097935947093
128.2,128.219583,37.879118,5661.055581600001,-13.868,-38.71,144.618,0.4962097935947093
128.3,128.219661,37.879024,5644.893256800001,-16.538,-37.616,143.962,0.4962097935947093
128.4,128.219742,37.878928,5628.9665424,-19.129,-36.523,143.198,0.4962097935947093
128.5,128.219826,37.87883,5613.263246400001,-21.297,-35.437,142.337,0.4962097935947093
128.6,128.219915,37.878731,5597.790074400001,-23.015,-34.371,141.392,0.4962097935947093
128.7,128.220007,37.87863,5582.566838400001,-24.52,-33.331,140.374,0.4962097935947093
128.8,128.220104,37.878529,5567.6087784,-26.037,-32.315,139.296,0.4962097935947093
128.9,128.220205,37.878426,5552.924124000001,-27.676,-31.316,138.166,0.4962097935947093
129.0,128.22031,37.878322,5538.517447200001,-29.477,-30.335,136.987,0.4962097935947093
129.1,128.22042,37.878218,5524.3908816,-31.442,-29.374,135.754,0.4962097935947093
129.2,128.220534,37.878113,5510.541684000001,-33.535,-28.438,134.468,0.4962097935947093
129.3,128.220652,37.878009,5496.966196800001,-35.693,-27.532,133.127,0.4962097935947093
129.4,128.220776,37.877904,5483.6622864,-37.905,-26.663,131.73,0.4962097935947093
129.5,128.220903,37.8778,5470.6131888,-39.533,-25.808,130.315,0.4962097935947093
129.6,128.221035,37.877696,5457.748190400001,-39.283,-24.926,128.933,0.4962097935947093
129.7,128.22117,37.877593,5445.058756800001,-37.842,-24.053,127.585,0.4962097935947093
129.8,128.221309,37.87749,5432.5945704000005,-36.312,-23.212,126.292,0.4962097935947093
129.9,128.221452,37.877389,5420.4357936,-35.91,-22.405,125.043,0.4962097935947093
130.0,128.2216,37.877288,5408.604676800001,-36.662,-21.594,123.827,0.4962097935947093
130.1,128.221753,37.877189,5397.098781600001,-38.405,-20.777,122.605,0.4962097935947093
130.2,128.22191,37.877091,5385.909878400001,-40.919,-19.974,121.343,0.4962097935947093
130.3,128.222071,37.876994,5375.02608,-43.981,-19.21,120.015,0.4962097935947093
130.4,128.222236,37.8769,5364.415992,-46.76,-18.477,118.637,0.4962097935947093
130.5,128.222405,37.876807,5354.0003664,-47.835,-17.744,117.239,0.4962097935947093
130.6,128.222577,37.876716,5343.756952799999,-47.684,-17.046,115.825,0.4962097935947093
130.7,128.222753,37.876627,5333.7070872,-46.83,-16.38,114.443,0.4962097935947093
130.8,128.222931,37.876539,5323.867533600001,-45.645,-15.718,113.118,0.4962097935947093
130.9,128.223114,37.876454,5314.2663336000005,-44.726,-15.06,111.841,0.4962097935947093
131.0,128.2233,37.876372,5304.9678,-45.013,-14.422,110.583,0.4962097935947093
131.1,128.22349,37.876292,5295.9789432,-46.436,-13.784,109.323,0.4962097935947093
131.2,128.223683,37.876216,5287.2887904,-48.78,-13.159,108.028,0.4962097935947093
131.3,128.22388,37.876142,5278.881187200001,-51.801,-12.575,106.673,0.4962097935947093
131.4,128.22408,37.876072,5270.734188,-55.271,-12.058,105.244,0.4962097935947093
131.5,128.224282,37.876006,5262.8103024,-58.375,-11.595,103.756,0.4962097935947093
131.6,128.224487,37.875942,5255.036683200001,-59.755,-11.153,102.233,0.4962097935947093
131.7,128.224695,37.875881,5247.395956800001,-59.952,-10.765,100.69,0.4962097935947093
131.8,128.224905,37.875824,5239.9015344,-59.478,-10.412,99.172,0.4962097935947093
131.9,128.225117,37.87577,5232.5643887999995,-58.685,-10.063,97.697,0.4962097935947093
132.0,128.225331,37.875719,5225.4040272,-58.102,-9.713,96.259,0.4962097935947093
132.1,128.225548,37.875673,5218.4631216,-58.573,-9.381,94.839,0.4962097935947093
132.2,128.225766,37.875631,5211.7407576,-60.037,-9.054,93.413,0.4962097935947093
132.3,128.225987,37.875593,5205.2229144,-62.314,-8.749,91.956,0.4962097935947093
132.4,128.226209,37.87556,5198.8900848,-65.203,-8.497,90.453,0.4962097935947093
132.5,128.226432,37.875532,5192.7172752,-68.511,-8.323,88.896,0.4962097935947093
132.6,128.226657,37.875508,5186.6685192,-71.516,-8.216,87.296,0.4962097935947093
132.7,128.226882,37.875487,5180.6889528,-73.021,-8.149,85.664,0.4962097935947093
132.8,128.227109,37.875471,5174.766688799999,-73.571,-8.147,84.024,0.4962097935947093
132.9,128.227336,37.875458,5168.904470400001,-73.623,-8.184,82.407,0.4962097935947093
133.0,128.227563,37.875451,5163.1105272,-73.707,-8.242,80.819,0.4962097935947093
133.1,128.227791,37.875448,5157.400404,-74.567,-8.326,79.25,0.4962097935947093
133.2,128.228019,37.87545,5151.766176,-76.164,-8.429,77.677,0.4962097935947093
133.3,128.228247,37.875457,5146.191384000001,-78.376,-8.57,76.085,0.4962097935947093
133.4,128.228474,37.875469,5140.655606400001,-81.061,-8.773,74.466,0.4962097935947093
133.5,128.228701,37.875486,5135.1344592000005,-84.095,-9.062,72.822,0.4962097935947093
133.6,128.228927,37.875508,5129.5971576,-86.857,-9.429,71.157,0.4962097935947093
133.7,128.229152,37.875534,5124.0129168,-88.269,-9.843,69.475,0.4962097935947093
133.8,128.229377,37.875564,5118.3704592,-88.862,-10.317,67.805,0.4962097935947093
133.9,128.2296,37.875598,5112.662774400001,-89.033,-10.816,66.166,0.4962097935947093
134.0,128.229822,37.875637,5106.8865096,-89.01,-11.311,64.558,0.4962097935947093
134.1,128.230043,37.87568,5101.039836,-89.155,-11.799,62.972,0.4962097935947093
134.2,128.230261,37.875728,5095.122144,-90.089,-12.3,61.403,0.4962097935947093
134.3,128.230478,37.875781,5089.123070400001,-91.748,-12.821,59.829,0.4962097935947093
134.4,128.230691,37.875839,5083.0279848,-94.001,-13.388,58.242,0.4962097935947093
134.5,128.230902,37.875901,5076.816770400001,-96.711,-14.027,56.643,0.4962097935947093
134.6,128.23111,37.875968,5070.4665672,-99.765,-14.762,55.04,0.4962097935947093
134.7,128.231316,37.876039,5063.9520768,-102.514,-15.579,53.434,0.4962097935947093
134.8,128.231518,37.876113,5057.2662887999995,-103.828,-16.444,51.822,0.4962097935947093
134.9,128.231719,37.876191,5050.397011200001,-104.347,-17.364,50.234,0.4962097935947093
135.0,128.231916,37.876272,5043.3311376,-104.509,-18.299,48.678,0.4962097935947093
135.1,128.23211,37.876357,5036.061048,-104.52,-19.22,47.143,0.4962097935947093
135.2,128.232301,37.876445,5028.5824752,-104.467,-20.115,45.617,0.4962097935947093
135.3,128.232488,37.876537,5020.890237600001,-104.64,-20.996,44.098,0.4962097935947093
135.4,128.232671,37.876632,5012.971228800001,-105.646,-21.893,42.589,0.4962097935947093
135.5,128.23285,37.876731,5004.8166096,-107.406,-22.819,41.073,0.4962097935947093
135.6,128.233023,37.876833,4996.4132736,-109.779,-23.799,39.55,0.4962097935947093
135.7,128.233193,37.876938,4987.7481144,-112.155,-24.832,38.019,0.4962097935947093
135.8,128.233358,37.877046,4978.8314952,-113.426,-25.898,36.471,0.4962097935947093
135.9,128.23352,37.877156,4969.653662400001,-113.94,-27.003,34.94,0.4962097935947093
136.0,128.233677,37.877268,4960.1993760000005,-114.127,-28.123,33.432,0.4962097935947093
136.1,128.233831,37.877383,4950.461625600001,-114.172,-29.234,31.934,0.4962097935947093
136.2,128.233979,37.877499,4940.4370584,-114.154,-30.328,30.431,0.4962097935947093
136.3,128.234123,37.877618,4930.1238456,-114.107,-31.403,28.917,0.4962097935947093
136.4,128.234263,37.877739,4919.5213776,-114.035,-32.458,27.388,0.4962097935947093
136.5,128.234397,37.877861,4908.6259968,-114.231,-33.513,25.849,0.4962097935947093
136.6,128.234525,37.877985,4897.4185008,-115.385,-34.599,24.317,0.4962097935947093
136.7,128.234648,37.87811,4885.895536800001,-117.001,-35.704,22.761,0.4962097935947093
136.8,128.234766,37.878236,4874.0772216,-117.937,-36.814,21.155,0.4962097935947093
136.9,128.234879,37.878364,4861.9641648,-118.16,-37.94,19.535,0.4962097935947093
137.0,128.234988,37.878492,4849.546308,-117.997,-39.071,17.919,0.4962097935947093
137.1,128.235091,37.878621,4836.822432,-117.571,-40.185,16.29,0.4962097935947093
137.2,128.23519,37.878751,4823.7940608,-116.917,-41.272,14.633,0.4962097935947093
137.3,128.235283,37.878881,4810.460889600001,-116.455,-42.347,12.957,0.4962097935947093
137.4,128.23537,37.879011,4796.803716,-117.155,-43.445,11.283,0.4962097935947093
137.5,128.23545,37.879141,4782.8185776,-118.888,-44.576,9.581,0.4962097935947093
137.6,128.235525,37.87927,4768.5033408,-120.852,-45.736,7.825,0.4962097935947093
137.7,128.235594,37.8794,4753.8829992,-121.459,-46.899,5.984,0.4962097935947093
137.8,128.235659,37.879529,4738.9706592,-120.815,-48.075,4.102,0.4962097935947093
137.9,128.235719,37.879657,4723.7580912,-119.447,-49.228,2.204,0.4962097935947093
138.0,128.235775,37.879785,4708.246819200001,-117.6,-50.322,0.26,0.4962097935947093
138.1,128.235825,37.879911,4692.4423296,-115.384,-51.337,358.244,0.4962097935947093
138.2,128.23587,37.880037,4676.351328000001,-113.436,-52.297,356.172,0.4962097935947093
138.3,128.235909,37.880161,4659.9628416000005,-113.073,-53.254,354.076,0.4962097935947093
138.4,128.235941,37.880284,4643.2762608,-114.106,-54.216,351.908,0.4962097935947093
138.5,128.235967,37.880404,4626.2925000000005,-116.224,-55.231,349.662,0.4962097935947093
138.6,128.235986,37.880522,4609.006377600001,-118.093,-56.273,347.301,0.4962097935947093
138.7,128.236001,37.880638,4591.4364864,-117.326,-57.286,344.765,0.4962097935947093
138.8,128.236012,37.880753,4573.6050768000005,-114.649,-58.292,342.122,0.4962097935947093
138.9,128.236019,37.880865,4555.511844000001,-110.932,-59.219,339.407,0.4962097935947093
139.0,128.236022,37.880976,4537.162884,-106.61,-60.009,336.606,0.4962097935947093
139.1,128.236019,37.881085,4518.570084,-102.653,-60.693,333.738,0.4962097935947093
139.2,128.236011,37.88119,4499.7401496,-100.806,-61.338,330.831,0.4962097935947093
139.3,128.235996,37.881292,4480.6800912,-100.807,-61.943,327.815,0.4962097935947093
139.4,128.235975,37.88139,4461.397224,-102.195,-62.569,324.647,0.4962097935947093
139.5,128.235949,37.881485,4441.8924624,-104.569,-63.272,321.336,0.4962097935947093
139.6,128.235917,37.881575,4422.1600152,-106.214,-63.985,317.834,0.4962097935947093
139.7,128.235882,37.881662,4402.20354,-104.406,-64.637,314.094,0.4962097935947093
139.8,128.235843,37.881745,4382.0334,-100.894,-65.298,310.225,0.4962097935947093
139.9,128.235801,37.881826,4361.6541672,-96.716,-65.872,306.291,0.4962097935947093
140.0,128.235755,37.881902,4341.0765096000005,-92.253,-66.304,302.304,0.4962097935947093
140.1,128.235705,37.881975,4320.3138384,-87.704,-66.576,298.285,0.4962097935947093
140.2,128.235652,37.882043,4299.3856608,-83.751,-66.754,294.256,0.4962097935947093
140.3,128.235594,37.882107,4278.3157512,-81.39,-66.894,290.21,0.4962097935947093
140.4,128.235532,37.882165,4257.1132536,-79.629,-66.927,286.11,0.4962097935947093
140.5,128.235467,37.88222,4235.7863976,-77.839,-66.887,281.969,0.4962097935947093
140.6,128.235399,37.882269,4214.3437176,-75.83,-66.794,277.828,0.4962097935947093
140.7,128.235328,37.882314,4192.7928336,-73.61,-66.652,273.716,0.4962097935947093
140.8,128.235254,37.882354,4171.14228,-71.795,-66.486,269.635,0.4962097935947093
140.9,128.235177,37.882388,4149.4042488000005,-71.27,-66.301,265.586,0.4962097935947093
141.0,128.235098,37.882417,4127.581178400001,-71.149,-66.078,261.511,0.4962097935947093
141.1,128.235017,37.882439,4105.6770312,-71.417,-65.852,257.393,0.4962097935947093
141.2,128.234935,37.882456,4083.690588,-71.86,-65.599,253.248,0.4962097935947093
141.3,128.234851,37.882468,4061.6172768,-72.124,-65.335,249.078,0.4962097935947093
141.4,128.234768,37.882474,4039.4528304000005,-71.845,-65.076,244.88,0.4962097935947093
141.5,128.234684,37.882474,4017.1972488000006,-71.004,-64.823,240.677,0.4962097935947093
141.6,128.234601,37.882469,3994.855104,-69.822,-64.566,236.496,0.4962097935947093
141.7,128.234518,37.882459,3972.4337112000003,-68.516,-64.292,232.356,0.4962097935947093
141.8,128.234437,37.882444,3949.9397760000006,-67.225,-63.988,228.267,0.4962097935947093
141.9,128.234357,37.882422,3927.3806136000003,-66.014,-63.65,224.235,0.4962097935947093
142.0,128.234279,37.882396,3904.7629296,-64.892,-63.279,220.263,0.4962097935947093
142.1,128.234204,37.882364,3882.0934296,-63.852,-62.875,216.355,0.4962097935947093
142.2,128.234131,37.882326,3859.3785144000003,-62.888,-62.442,212.513,0.4962097935947093
142.3,128.234061,37.882284,3836.6251944,-61.992,-61.982,208.739,0.4962097935947093
142.4,128.233994,37.882237,3813.8401752000004,-61.153,-61.496,205.035,0.4962097935947093
142.5,128.233931,37.882184,3791.0298576000005,-60.358,-60.987,201.403,0.4962097935947093
142.6,128.233872,37.882127,3768.2009472,-59.594,-60.455,197.846,0.4962097935947093
142.7,128.233817,37.882065,3745.3607592000003,-58.842,-59.901,194.365,0.4962097935947093
142.8,128.233767,37.881999,3722.5166088,-58.091,-59.325,190.963,0.4962097935947093
142.9,128.233722,37.881929,3699.6758112,-57.342,-58.728,187.643,0.4962097935947093
143.0,128.233681,37.881854,3676.8475104,-56.6,-58.109,184.405,0.4962097935947093
143.1,128.233647,37.881776,3654.0405456000003,-55.878,-57.47,181.249,0.4962097935947093
143.2,128.233617,37.881694,3631.2640608,-55.195,-56.81,178.175,0.4962097935947093
143.3,128.233594,37.881608,3608.5281144000005,-54.572,-56.132,175.179,0.4962097935947093
143.4,128.233577,37.881519,3585.8424600000003,-54.026,-55.437,172.258,0.4962097935947093
143.5,128.233566,37.881427,3563.2162416000006,-53.56,-54.726,169.407,0.4962097935947093
143.6,128.233562,37.881332,3540.6579936000003,-53.166,-54.002,166.622,0.4962097935947093
143.7,128.233564,37.881234,3518.1762504000003,-52.815,-53.264,163.899,0.4962097935947093
143.8,128.233574,37.881134,3495.7774128,-52.469,-52.515,161.238,0.4962097935947093
143.9,128.23359,37.881031,3473.4694056000003,-52.076,-51.753,158.639,0.4962097935947093
144.0,128.233613,37.880927,3451.2586296000004,-51.576,-50.975,156.108,0.4962097935947093
144.1,128.233643,37.880821,3429.1527048000003,-50.899,-50.177,153.651,0.4962097935947093
144.2,128.233681,37.880713,3407.1583368,-49.951,-49.353,151.281,0.4962097935947093
144.3,128.233725,37.880604,3385.2861936000004,-48.674,-48.497,149.008,0.4962097935947093
144.4,128.233777,37.880494,3363.5496864,-47.086,-47.605,146.846,0.4962097935947093
144.5,128.233836,37.880383,3341.9661888,-45.23,-46.671,144.802,0.4962097935947093
144.6,128.233902,37.880271,3320.556732,-43.174,-45.697,142.874,0.4962097935947093
144.7,128.233976,37.880158,3299.3594160000002,-41.891,-44.775,140.92,0.4962097935947093
144.8,128.234059,37.880045,3278.4583656,-43.743,-43.951,138.869,0.4962097935947093
144.9,128.23415,37.879931,3257.8554096000003,-47.516,-43.121,136.801,0.4962097935947093
145.0,128.23425,37.879817,3237.4944648,-50.619,-42.233,134.74,0.4962097935947093
145.1,128.234357,37.879704,3217.2956736000006,-49.882,-41.29,132.703,0.4962097935947093
145.2,128.234469,37.879592,3197.257512,-47.644,-40.404,130.66,0.4962097935947093
145.3,128.234589,37.879481,3177.4217375999997,-45.181,-39.487,128.762,0.4962097935947093
145.4,128.234716,37.87937,3157.8200496,-42.76,-38.517,127.008,0.4962097935947093
145.5,128.234851,37.879261,3138.4957296000002,-41.427,-37.571,125.27,0.4962097935947093
145.6,128.234994,37.879153,3119.5463136000003,-43.677,-36.709,123.469,0.4962097935947093
145.7,128.235146,37.879047,3100.9983192000004,-48.647,-35.891,121.607,0.4962097935947093
145.8,128.235305,37.878944,3082.763964,-53.239,-35.024,119.718,0.4962097935947093
145.9,128.235471,37.878843,3064.7390064,-53.51,-34.127,117.805,0.4962097935947093
146.0,128.235642,37.878745,3046.8954048,-51.799,-33.322,115.836,0.4962097935947093
146.1,128.23582,37.878649,3029.2764408000003,-49.789,-32.517,113.969,0.4962097935947093
146.2,128.236003,37.878557,3011.91168,-47.814,-31.66,112.219,0.4962097935947093
146.3,128.236193,37.878467,2994.82764,-45.929,-30.746,110.576,0.4962097935947093
146.4,128.236389,37.878381,2978.0642496,-45.165,-29.867,108.928,0.4962097935947093
146.5,128.236592,37.878299,2961.7159968,-48.06,-29.091,107.209,0.4962097935947093
146.6,128.236802,37.878221,2945.8118375999998,-53.933,-28.404,105.398,0.4962097935947093
146.7,128.237019,37.878149,2930.2472256,-59.747,-27.7,103.527,0.4962097935947093
146.8,128.237239,37.878082,2914.8990215999997,-61.223,-27.013,101.583,0.4962097935947093
146.9,128.237464,37.878018,2899.7205912000004,-60.837,-26.469,99.554,0.4962097935947093
147.0,128.237694,37.87796,2884.735404,-60.205,-25.957,97.578,0.4962097935947093
147.1,128.237927,37.877906,2869.9583952000003,-59.567,-25.426,95.668,0.4962097935947093
147.2,128.238164,37.877857,2855.4023664,-58.942,-24.871,93.812,0.4962097935947093
147.3,128.238405,37.877814,2841.0792048000003,-58.351,-24.29,92.003,0.4962097935947093
147.4,128.238649,37.877776,2827.000188,-57.814,-23.685,90.233,0.4962097935947093
147.5,128.238897,37.877744,2813.1762888000003,-57.351,-23.058,88.496,0.4962097935947093
147.6,128.239148,37.877717,2799.6163464000006,-56.976,-22.411,86.787,0.4962097935947093
147.7,128.239402,37.877696,2786.3288952000003,-56.701,-21.749,85.101,0.4962097935947093
147.8,128.239658,37.877681,2773.3212504000003,-56.532,-21.073,83.432,0.4962097935947093
147.9,128.239917,37.877672,2760.5992032000004,-56.468,-20.389,81.778,0.4962097935947093
148.0,128.240178,37.877669,2748.1676304000002,-56.506,-19.7,80.134,0.4962097935947093
148.1,128.240441,37.877673,2736.0292752,-56.638,-19.011,78.496,0.4962097935947093
148.2,128.240705,37.877682,2724.1871856,-56.857,-18.323,76.863,0.4962097935947093
148.3,128.240971,37.877697,2712.6422760000005,-57.157,-17.641,75.23,0.4962097935947093
148.4,128.241237,37.877719,2701.3948511999997,-57.531,-16.968,73.597,0.4962097935947093
148.5,128.241505,37.877747,2690.4443016,-57.97,-16.305,71.962,0.4962097935947093
148.6,128.241772,37.877781,2679.7884936,-58.463,-15.656,70.322,0.4962097935947093
148.7,128.24204,37.877822,2669.4249888000004,-58.993,-15.021,68.679,0.4962097935947093
148.8,128.242308,37.877869,2659.3504344000003,-59.543,-14.402,67.031,0.4962097935947093
148.9,128.242575,37.877922,2649.5605632,-60.098,-13.799,65.378,0.4962097935947093
149.0,128.242841,37.877981,2640.0517176,-60.641,-13.213,63.721,0.4962097935947093
149.1,128.243106,37.878047,2630.8193256000004,-61.158,-12.641,62.061,0.4962097935947093
149.2,128.24337,37.878118,2621.85912,-61.638,-12.084,60.398,0.4962097935947093
149.3,128.243632,37.878196,2613.1683576000005,-62.088,-11.542,58.734,0.4962097935947093
149.4,128.243892,37.878281,2604.7439904,-62.529,-11.012,57.07,0.4962097935947093
149.5,128.24415,37.878371,2596.5829704000002,-62.974,-10.494,55.404,0.4962097935947093
149.6,128.244405,37.878467,2588.68164,-63.42,-9.988,53.737,0.4962097935947093
149.7,128.244657,37.87857,2581.0357320000003,-63.861,-9.494,52.068,0.4962097935947093
149.8,128.244906,37.878678,2573.6418936000005,-64.292,-9.011,50.399,0.4962097935947093
149.9,128.245152,37.878793,2566.4961624000002,-64.711,-8.539,48.729,0.4962097935947093
150.0,128.245395,37.878913,2559.5945760000004,-65.113,-8.077,47.058,0.4962097935947093
150.1,128.245633,37.879038,2552.9334768,-65.497,-7.625,45.386,0.4962097935947093
150.2,128.245867,37.87917,2546.5092072,-65.873,-7.183,43.715,0.4962097935947093
150.3,128.246097,37.879307,2540.319024,-66.258,-6.751,42.042,0.4962097935947093
150.4,128.246322,37.879449,2534.3592696,-66.663,-6.329,40.369,0.4962097935947093
150.5,128.246543,37.879596,2528.6256768,-67.083,-5.918,38.694,0.4962097935947093
150.6,128.246758,37.879749,2523.1136736000003,-67.514,-5.517,37.017,0.4962097935947093
150.7,128.246968,37.879907,2517.8189928,-67.945,-5.126,35.339,0.4962097935947093
150.8,128.247172,37.88007,2512.7364528000003,-68.367,-4.747,33.658,0.4962097935947093
150.9,128.24737,37.880237,2507.8617864000003,-68.782,-4.38,31.976,0.4962097935947093
151.0,128.247563,37.880409,2503.1907264,-69.204,-4.024,30.292,0.4962097935947093
151.1,128.247749,37.880586,2498.7190056000004,-69.656,-3.681,28.606,0.4962097935947093
151.2,128.247929,37.880766,2494.4414424,-70.147,-3.351,26.917,0.4962097935947093
151.3,128.248102,37.880952,2490.3528552,-70.678,-3.035,25.225,0.4962097935947093
151.4,128.248269,37.881141,2486.4569016,-72.288,-2.835,23.497,0.4962097935947093
151.5,128.248427,37.881334,2482.7520576,-75.903,-2.674,21.765,0.4962097935947093
151.6,128.248577,37.881531,2479.1740104,-77.745,-2.521,19.993,0.4962097935947093
151.7,128.248721,37.881731,2475.6934992,-79.076,-2.489,18.188,0.4962097935947093
151.8,128.248857,37.881935,2472.2925408,-80.199,-2.506,16.388,0.4962097935947093
151.9,128.248986,37.882142,2468.9583336,-81.168,-2.561,14.594,0.4962097935947093
152.0,128.249107,37.882351,2465.6777712,-82.04,-2.646,12.806,0.4962097935947093
152.1,128.24922,37.882563,2462.439576,-82.861,-2.758,11.024,0.4962097935947093
152.2,128.249325,37.882778,2459.2327752,-83.665,-2.894,9.245,0.4962097935947093
152.3,128.249421,37.882995,2456.0454816,-84.471,-3.053,7.47,0.4962097935947093
152.4,128.24951,37.883214,2452.8670272,-85.282,-3.235,5.697,0.4962097935947093
152.5,128.24959,37.883435,2449.68522,-86.084,-3.439,3.927,0.4962097935947093
152.6,128.249662,37.883658,2446.4890872,-86.858,-3.664,2.158,0.4962097935947093
152.7,128.249725,37.883882,2443.267656,-87.618,-3.913,0.392,0.4962097935947093
152.8,128.249779,37.884107,2440.0096488,-88.422,-4.187,358.628,0.4962097935947093
152.9,128.249825,37.884334,2436.7040928,-89.349,-4.489,356.866,0.4962097935947093
153.0,128.249861,37.884561,2433.337272,-90.478,-4.828,355.104,0.4962097935947093
153.1,128.249889,37.884789,2429.8939464,-91.87,-5.211,353.342,0.4962097935947093
153.2,128.249908,37.885018,2426.3552184,-93.539,-5.65,351.578,0.4962097935947093
153.3,128.249918,37.885246,2422.6991424000003,-95.443,-6.152,349.815,0.4962097935947093
153.4,128.249919,37.885474,2418.9022488,-97.5,-6.725,348.056,0.4962097935947093
153.5,128.249911,37.885702,2414.9392392000004,-99.594,-7.372,346.304,0.4962097935947093
153.6,128.249895,37.885929,2410.7857296,-101.624,-8.092,344.565,0.4962097935947093
153.7,128.249871,37.886156,2406.4170312,-103.541,-8.883,342.842,0.4962097935947093
153.8,128.249838,37.886382,2401.8099792,-105.329,-9.738,341.138,0.4962097935947093
153.9,128.249797,37.886606,2396.9426280000002,-106.987,-10.65,339.454,0.4962097935947093
154.0,128.249749,37.886829,2391.7936416000002,-108.516,-11.611,337.79,0.4962097935947093
154.1,128.249692,37.88705,2386.3438176000004,-109.918,-12.616,336.145,0.4962097935947093
154.2,128.249628,37.88727,2380.5754776000003,-111.185,-13.657,334.516,0.4962097935947093
154.3,128.249556,37.887487,2374.4724672,-112.303,-14.728,332.902,0.4962097935947093
154.4,128.249478,37.887703,2368.020156,-113.249,-15.822,331.3,0.4962097935947093
154.5,128.249392,37.887915,2361.204828,-114.032,-16.933,329.708,0.4962097935947093
154.6,128.249299,37.888126,2354.0139864000002,-114.71,-18.059,328.123,0.4962097935947093
154.7,128.249199,37.888333,2346.43422,-115.368,-19.196,326.542,0.4962097935947093
154.8,128.249092,37.888537,2338.4533368,-116.089,-20.347,324.963,0.4962097935947093
154.9,128.248979,37.888737,2330.0594496,-116.943,-21.517,323.387,0.4962097935947093
155.0,128.248859,37.888934,2321.2397568,-117.978,-22.711,321.812,0.4962097935947093
155.1,128.248734,37.889128,2311.982676,-119.194,-23.937,320.242,0.4962097935947093
155.2,128.248602,37.889317,2302.2775392000003,-120.522,-25.199,318.677,0.4962097935947093
155.3,128.248465,37.889502,2292.1152024000003,-121.832,-26.495,317.118,0.4962097935947093
155.4,128.248323,37.889683,2281.4880456,-122.992,-27.824,315.567,0.4962097935947093
155.5,128.248177,37.88986,2270.3875344000003,-123.929,-29.179,314.022,0.4962097935947093
155.6,128.248026,37.890032,2258.8060488,-124.64,-30.55,312.478,0.4962097935947093
155.7,128.24787,37.890199,2246.7356640000003,-125.167,-31.932,310.932,0.4962097935947093
155.8,128.247711,37.890362,2234.1705888,-125.554,-33.318,309.375,0.4962097935947093
155.9,128.247548,37.89052,2221.1053368000003,-125.843,-34.705,307.801,0.4962097935947093
156.0,128.247382,37.890673,2207.5374696000003,-126.057,-36.09,306.205,0.4962097935947093
156.1,128.247213,37.890821,2193.4648536,-126.199,-37.471,304.581,0.4962097935947093
156.2,128.247041,37.890963,2178.8880984,-126.254,-38.847,302.925,0.4962097935947093
156.3,128.246867,37.891099,2163.8078136,-126.199,-40.216,301.231,0.4962097935947093
156.4,128.246691,37.89123,2148.2264376000003,-126.023,-41.575,299.494,0.4962097935947093
156.5,128.246513,37.891356,2132.1464088000002,-125.73,-42.921,297.709,0.4962097935947093
156.6,128.246333,37.891475,2115.57108,-125.325,-44.251,295.868,0.4962097935947093
156.7,128.246152,37.891588,2098.5059376,-124.805,-45.564,293.965,0.4962097935947093
156.8,128.24597,37.891696,2080.9567728,-124.157,-46.855,291.994,0.4962097935947093
156.9,128.245788,37.891797,2062.9309008,-123.37,-48.115,289.957,0.4962097935947093
157.0,128.245605,37.891892,2044.4371608,-122.428,-49.34,287.854,0.4962097935947093
157.1,128.245422,37.89198,2025.4850016000003,-121.315,-50.525,285.677,0.4962097935947093
157.2,128.245239,37.892062,2006.0857008,-120.013,-51.665,283.416,0.4962097935947093
157.3,128.245057,37.892137,1986.2514504000003,-118.513,-52.755,281.066,0.4962097935947093
157.4,128.244875,37.892206,1965.9953568,-116.842,-53.793,278.62,0.4962097935947093
157.5,128.244694,37.892268,1945.3308312000001,-115.07,-54.777,276.075,0.4962097935947093
157.6,128.244515,37.892324,1924.2728088000001,-113.281,-55.707,273.428,0.4962097935947093
157.7,128.244337,37.892372,1902.8371392000001,-111.486,-56.582,270.671,0.4962097935947093
157.8,128.244161,37.892414,1881.039672,-109.619,-57.397,267.805,0.4962097935947093
157.9,128.243987,37.892448,1858.8968664000001,-107.624,-58.153,264.834,0.4962097935947093
158.0,128.243815,37.892476,1836.4248768,-105.477,-58.843,261.762,0.4962097935947093
158.1,128.243645,37.892497,1813.6401624,-103.168,-59.463,258.594,0.4962097935947093
158.2,128.243478,37.892511,1790.5604016000002,-100.697,-60.007,255.336,0.4962097935947093
158.3,128.243314,37.892519,1767.2032728000001,-98.071,-60.47,251.997,0.4962097935947093
158.4,128.243153,37.892519,1743.5873688,-95.303,-60.846,248.589,0.4962097935947093
158.5,128.242995,37.892513,1719.7325016000002,-92.399,-61.131,245.123,0.4962097935947093
158.6,128.242841,37.8925,1695.6587880000002,-89.379,-61.321,241.617,0.4962097935947093
158.7,128.24269,37.89248,1671.3930504000002,-87.673,-61.553,238.072,0.4962097935947093
158.8,128.242545,37.892452,1646.9529672,-88.35,-61.659,234.458,0.4962097935947093
158.9,128.242404,37.892417,1622.3364048,-86.195,-61.729,230.721,0.4962097935947093
159.0,128.242268,37.892376,1597.552812,-83.624,-61.783,227.0,0.4962097935947093
159.1,128.242136,37.892329,1572.6192576,-81.128,-61.761,223.326,0.4962097935947093
159.2,128.24201,37.892276,1547.554944,-78.845,-61.668,219.688,0.4962097935947093
159.3,128.24189,37.892217,1522.3772448000002,-76.824,-61.51,216.083,0.4962097935947093
159.4,128.241776,37.892151,1497.102924,-75.066,-61.297,212.512,0.4962097935947093
159.5,128.241668,37.89208,1471.7456976,-73.505,-61.033,208.979,0.4962097935947093
159.6,128.241566,37.892002,1446.3165384000001,-71.986,-60.718,205.498,0.4962097935947093
159.7,128.241471,37.89192,1420.8252,-70.38,-60.339,202.097,0.4962097935947093
159.8,128.241382,37.891832,1395.2826552,-68.687,-59.873,198.818,0.4962097935947093
159.9,128.241301,37.891739,1369.7044488000001,-66.933,-59.345,195.654,0.4962097935947093
160.0,128.241226,37.89164,1344.1082592,-65.256,-58.782,192.582,0.4962097935947093
160.1,128.241159,37.891538,1318.5117648,-63.756,-58.182,189.594,0.4962097935947093
160.2,128.2411,37.89143,1292.9308152,-62.479,-57.551,186.681,0.4962097935947093
160.3,128.241049,37.891318,1267.3815648,-61.452,-56.895,183.834,0.4962097935947093
160.4,128.241006,37.891201,1241.8783392,-60.703,-56.223,181.042,0.4962097935947093
160.5,128.240971,37.891081,1216.4339400000001,-60.257,-55.542,178.291,0.4948023311956928
160.6,128.240944,37.890956,1191.0590352000002,-60.114,-54.861,175.571,0.4905855418277973
160.7,128.240926,37.890828,1165.7606352,-60.226,-54.187,172.872,0.4863776834461171
160.8,128.240917,37.890697,1140.543312,-60.515,-53.526,170.189,0.48217908570528845
160.9,128.240917,37.890564,1115.4088944,-60.896,-52.884,167.521,0.477990148779945
161.0,128.240926,37.890428,1090.357992,-61.268,-52.262,164.872,0.47381139469007394
161.1,128.240944,37.890289,1065.391824,-61.574,-51.661,162.247,0.46783934299565605
161.2,128.240971,37.89015,1040.5122192000001,-61.822,-51.078,159.65,0.45829003294343085
161.3,128.241007,37.890009,1015.7225304,-62.018,-50.51,157.085,0.44878200444329996
161.4,128.241053,37.889867,991.0248912,-62.118,-49.954,154.551,0.43931814102579014
161.5,128.241108,37.889724,966.4226544,-62.084,-49.415,152.049,0.42990085806848694
161.6,128.241172,37.889582,941.9210016000001,-61.922,-48.887,149.58,0.42053165852077945
161.7,128.241246,37.889439,917.5248096,-61.609,-48.365,147.149,0.4059271826686552
161.8,128.241329,37.889297,893.2407840000001,-61.106,-47.841,144.76,0.38886716878662275
161.9,128.241421,37.889155,869.0762400000001,-60.373,-47.308,142.42,0.37202596297307333
162.0,128.241522,37.889014,845.0406264000001,-59.365,-46.758,140.138,0.35541563776068485
162.1,128.241633,37.888875,821.1446112,-58.019,-46.173,137.928,0.33904285959336805
162.2,128.241752,37.888737,797.4034343999999,-56.269,-45.541,135.807,0.32291118950174236
162.3,128.241881,37.8886,773.8387368,-54.191,-44.85,133.785,0.30703124145394384
162.4,128.242019,37.888465,750.480084,-51.963,-44.097,131.861,0.2914041957931953
162.5,128.242166,37.888332,727.3567368,-49.727,-43.277,130.028,0.27602936786707316
162.6,128.242322,37.8882,704.4970416000001,-47.49,-42.387,128.286,0.26090594097893843
162.7,128.242487,37.88807,681.9287352,-45.236,-41.434,126.635,0.24603515379713708
162.8,128.24266,37.887942,659.6826024000001,-43.042,-40.42,125.077,0.2314081143408363
162.9,128.242843,37.887816,637.7885136,-40.969,-39.348,123.606,0.21702182078660517
163.0,128.243034,37.887692,616.2763392,-39.068,-38.223,122.213,0.20286510220205906
163.1,128.243234,37.88757,595.1747304,-37.39,-37.051,120.892,0.1889303828774237
163.2,128.243442,37.88745,574.5111192,-35.965,-35.839,119.632,0.17520455988135653
163.3,128.243658,37.887332,554.3111088,-34.832,-34.595,118.423,0.1616795372013356
163.4,128.243882,37.887215,534.5996928,-34.047,-33.327,117.251,0.14834556405771743
163.5,128.244115,37.887101,515.396988,-33.619,-32.04,116.105,0.13519021513714358
163.6,128.244355,37.88699,496.718844,-33.493,-30.746,114.973,0.12219820719108285
163.7,128.244602,37.88688,478.5783672,-33.62,-29.45,113.847,0.10936082532226676
163.8,128.244857,37.886774,460.98561600000005,-33.954,-28.16,112.718,0.09666721579786156
163.9,128.24512,37.88667,443.94760080000003,-34.421,-26.879,111.583,0.0841031525591565
164.0,128.245389,37.886569,427.4710272,-34.988,-25.614,110.438,0.07166029868364411
164.1,128.245664,37.886471,411.5635152,-35.696,-24.364,109.279,0.05933182864827044
164.2,128.245947,37.886377,396.229332,-36.561,-23.133,108.104,0.04710705202427194
164.3,128.246235,37.886286,381.4690872,-37.542,-21.924,106.907,0.03497745406728159
164.4,128.24653,37.886199,367.2812568,-38.594,-20.739,105.689,0.022936034280691107
164.5,128.24683,37.886117,353.66462160000003,-39.727,-19.582,104.446,0.010979765551149143
164.6,128.247135,37.886039,340.61582880000003,-40.945,-18.452,103.18,-0.0009034442173185362
