[JSB][CreateBattleSpace] enter Space@00000001803EE598 SpaceMutex@00000001803DE000
[JSB][CreateBattleSpace] before newspace
[JSB][CreateBattleSpace] newspace=00000221AC9EF100 use_count=1
[JSB][CreateBattleSpace] before lock
[JSB][CreateBattleSpace] after lock size=0
[JSB][CreateBattleSpace] insert id=1 success=1 final_size=1 stored=00000221AC9EF100
init ID:1 Lat37.92355643001773 Lon128.18188127777776 Alt(meter)7000.0785355893395 Speed(m/sec)300.0
[JSB][Init] enter BattleSpace=1 Type=1 ForceSide=1 Delta=0.0166667
[JSB][Init] registry size=1
[JSB][Init] before new AIP_FDMExec


     JSBSim Flight Dynamics Model v1.0.0 May 29 2026 15:35:39
            [JSBSim-ML v2.0]

JSBSim startup beginning ...

[JSB][Init] after new AIP_FDMExec ptr=00000221DCD57060
[JSB][Init] before Init_FDM ptr=00000221DCD57060
[JSB][Init] after Init_FDM ptr=00000221DCD57060
[JSB][Init] before Exec_FDM ptr=00000221DCD57060
[JSB][Init] after Exec_FDM ptr=00000221DCD57060
[JSB][Init] before InsertFighter BattleSpace=1 ptr=00000221DCD57060
[JSB][Init] after InsertFighter FighterID=1
init ID:1 Lat37.96855377446113 Lon128.18188127777776 Alt(meter)7002.8272734023885 Speed(m/sec)300.0
[JSB][Init] enter BattleSpace=1 Type=1 ForceSide=2 Delta=0.0166667
[JSB][Init] registry size=1
[JSB][Init] before new AIP_FDMExec
[JSB][Init] after new AIP_FDMExec ptr=00000221DCD58B30
[JSB][Init] before Init_FDM ptr=00000221DCD58B30
[JSB][Init] after Init_FDM ptr=00000221DCD58B30
[JSB][Init] before Exec_FDM ptr=00000221DCD58B30
[JSB][Init] after Exec_FDM ptr=00000221DCD58B30
[JSB][Init] before InsertFighter BattleSpace=1 ptr=00000221DCD58B30
[JSB][Init] after InsertFighter FighterID=2
[JSB][RemoveSpace] enter BattleSpace=1
[JSB][RemoveSpace] after lock found=1 size=1
[JSB][RemoveSpace] FighterPtr=00000221AC9EF100 fighter_count_before=2
[JSB][RemoveSpace] fighter_count_after=0
Remove Space Complete.
[JSB][RemoveSpace] exit after_size=0
2026-08-28 18:58:35,938	INFO worker.py:2013 -- Started a local Ray instance.
C:\Users\user one\anaconda3\envs\aip\Lib\site-packages\ray\_private\worker.py:2052: FutureWarning: Tip: In future versions of Ray, Ray will no longer override accelerator visible devices env var if num_gpus=0 or num_gpus=None (default). To enable this behavior and turn off this error message, set RAY_ACCEL_ENV_VAR_OVERRIDE_ON_ZERO=0
  warnings.warn(
[Stage 0] Skipped by --start-stage.
[Stage 1] Skipped by --start-stage.
[Stage 2] Skipped by --start-stage.
[Stage 3] Skipped by --start-stage.
[Stage 4] Skipped by --start-stage.
[Stage 5] Skipped by --start-stage.
[Stage 6] Skipped by --start-stage.
[Stage 7] Skipped by --start-stage.
[Stage 8] Skipped by --start-stage.
[Stage 9] Skipped by --start-stage.
[Stage 10] Skipped by --start-stage.
[Stage 11] Skipped by --start-stage.
[Stage 12] Skipped by --start-stage.
[Stage 13] Skipped by --start-stage.
[Stage 14] Skipped by --start-stage.
[Stage 15] Skipped by --start-stage.
[Stage 16] Skipped by --start-stage.
[Stage 17] Skipped by --start-stage.
[Stage 18] Skipped by --start-stage.
[Stage 19] Skipped by --start-stage.
[Stage 20] Skipped by --start-stage.
[Stage 21] Skipped by --start-stage.
[Stage 22] Skipped by --start-stage.
[Stage 23] Skipped by --start-stage.
[Stage 24] Skipped by --start-stage.
[Stage 25] Skipped by --start-stage.
[Stage 26] Skipped by --start-stage.
[Stage 27] Skipped by --start-stage.
[Stage 28] Skipped by --start-stage.
[Stage 29] Skipped by --start-stage.
[Stage 30] Skipped by --start-stage.
[Stage 31] Skipped by --start-stage.
[Stage 32] Skipped by --start-stage.
[Stage 33] Skipped by --start-stage.
[Stage 34] Skipped by --start-stage.

============================================================
  Stage 35: selfplay_final
  [본선] 자가대전 한 칸 — v2(ladder5220) 보상, 상대 = 우리 성장 스냅샷 3슬롯(Elo-PFSP), 스폰 = 정면 2000ft. 승급 없음.
  target_mode=fixed  max_iter=30000  resume_from=0
============================================================
2026-08-28 18:58:39,534	WARNING algorithm_config.py:5131 -- You are running PPO on the new API stack! This is the new default behavior for this algorithm. If you don't want to use the new API stack, set `config.api_stack(enable_rl_module_and_learner=False,enable_env_runner_and_connector_v2=False)`. For a detailed migration guide, see here: https://docs.ray.io/en/master/rllib/new-api-stack-migration-guide.html
C:\Users\user one\anaconda3\envs\aip\Lib\site-packages\ray\rllib\algorithms\algorithm.py:527: RayDeprecationWarning: This API is deprecated and may be removed in future Ray releases. You could suppress this warning by setting env variable PYTHONWARNINGS="ignore::DeprecationWarning"
`UnifiedLogger` will be removed in Ray 2.7.
  return UnifiedLogger(config, logdir, loggers=None)
C:\Users\user one\anaconda3\envs\aip\Lib\site-packages\ray\tune\logger\unified.py:53: RayDeprecationWarning: This API is deprecated and may be removed in future Ray releases. You could suppress this warning by setting env variable PYTHONWARNINGS="ignore::DeprecationWarning"
The `JsonLogger interface is deprecated in favor of the `ray.tune.json.JsonLoggerCallback` interface and will be removed in Ray 2.7.
  self._loggers.append(cls(self.config, self.logdir, self.trial))
C:\Users\user one\anaconda3\envs\aip\Lib\site-packages\ray\tune\logger\unified.py:53: RayDeprecationWarning: This API is deprecated and may be removed in future Ray releases. You could suppress this warning by setting env variable PYTHONWARNINGS="ignore::DeprecationWarning"
The `CSVLogger interface is deprecated in favor of the `ray.tune.csv.CSVLoggerCallback` interface and will be removed in Ray 2.7.
  self._loggers.append(cls(self.config, self.logdir, self.trial))
C:\Users\user one\anaconda3\envs\aip\Lib\site-packages\ray\tune\logger\unified.py:53: RayDeprecationWarning: This API is deprecated and may be removed in future Ray releases. You could suppress this warning by setting env variable PYTHONWARNINGS="ignore::DeprecationWarning"
The `TBXLogger interface is deprecated in favor of the `ray.tune.tensorboardx.TBXLoggerCallback` interface and will be removed in Ray 2.7.
  self._loggers.append(cls(self.config, self.logdir, self.trial))
[2026-08-28 18:58:39,631 E 62616 35748] core_worker.cc:2232: Actor with class name: 'SingleAgentEnvRunner' and ID: '3994c3563d3f0c9422ec534c01000000' has constructor arguments in the object store and max_restarts > 0. If the arguments in the object store go out of scope or are lost, the actor restart will fail. See https://github.com/ray-project/ray/issues/53727 for more details.
[33m(raylet)[0m Stack (most recent call first):
[33m(raylet)[0m   File "C:\Users\user one\anaconda3\envs\aip\Lib\site-packages\ray\_private\worker.py", line 625 in job_logging_config
[33m(raylet)[0m   File "C:\Users\user one\anaconda3\envs\aip\Lib\site-packages\ray\_private\worker.py", line 2800 in disconnect
[33m(raylet)[0m   File "C:\Users\user one\anaconda3\envs\aip\Lib\site-packages\ray\_private\worker.py", line 2132 in shutdown
[33m(raylet)[0m   File "C:\Users\user one\anaconda3\envs\aip\Lib\site-packages\ray\_private\worker.py", line 1144 in wrapper
[33m(raylet)[0m   File "C:\Users\user one\anaconda3\envs\aip\Lib\site-packages\ray\_private\client_mode_hook.py", line 104 in Windows fatal exception: access violationWindows fatal exception: access violation
[33m(raylet)[0m 
[33m(raylet)[0m wrapper
[33m(raylet)[0m 
[33m(raylet)[0m 
[33m(raylet)[0m   File "C:\Users\user one\anaconda3\envs\aip\Lib\site-packages\ray\_private\worker.py", line Stack (most recent call first):
[33m(raylet)[0m   File 2132 in shutdown
[33m(raylet)[0m   File , line 625Windows fatal exception: access violation in job_logging_config
[33m(raylet)[0m "C:\Users\user one\anaconda3\envs\aip\Lib\site-packages\ray\_private\client_mode_hook.py  File 
[33m(raylet)[0m 
[33m(raylet)[0m "Stack (most recent call first):
[33m(raylet)[0m ", line C:\Users\user one\anaconda3\envs\aip\Lib\site-packages\ray\_private\worker.py"104 in , line   File wrapper2800
[33m(raylet)[0m "C:\Users\user one\anaconda3\envs\aip\Lib\site-packages\ray\_private\worker.py", line  in disconnect
[33m(raylet)[0m   File "C:\Users\user one\anaconda3\envs\aip\Lib\site-packages\ray\_private\worker.py", line 1144 in 625 in wrapper
[33m(raylet)[0m   File "job_logging_config
[33m(raylet)[0m   File "C:\Users\user one\anaconda3\envs\aip\Lib\site-packages\ray\_private\client_mode_hook.py"C:\Users\user one\anaconda3\envs\aip\Lib\site-packages\ray\_private\worker.py, line ", line 104 in wrapper
[33m(raylet)[0m 1144 in wrapper
[36m(SingleAgentEnvRunner pid=64928)[0m [JSB][CreateBattleSpace] enter Space@00000001803EE598 SpaceMutex@00000001803DE000
[36m(SingleAgentEnvRunner pid=64928)[0m [JSB][CreateBattleSpace] before newspace
[36m(SingleAgentEnvRunner pid=64928)[0m [JSB][CreateBattleSpace] newspace=000002568CF609E0 use_count=1
[36m(SingleAgentEnvRunner pid=64928)[0m [JSB][CreateBattleSpace] before lock
[36m(SingleAgentEnvRunner pid=64928)[0m [JSB][CreateBattleSpace] after lock size=0
[36m(SingleAgentEnvRunner pid=64928)[0m [JSB][CreateBattleSpace] insert id=1 success=1 final_size=1 stored=000002568CF609E0
[36m(SingleAgentEnvRunner pid=64928)[0m init ID:1 Lat37.92003070998819 Lon128.18188127777776 Alt(meter)4572.029042862364 Speed(m/sec)200.0
[36m(SingleAgentEnvRunner pid=64928)[0m [JSB][Init] enter BattleSpace=1 Type=1 ForceSide=1 Delta=0.0166667
[36m(SingleAgentEnvRunner pid=64928)[0m [JSB][Init] registry size=1
[36m(SingleAgentEnvRunner pid=64928)[0m [JSB][Init] before new AIP_FDMExec
[36m(SingleAgentEnvRunner pid=64928)[0m 
[36m(SingleAgentEnvRunner pid=64928)[0m 
[36m(SingleAgentEnvRunner pid=64928)[0m      JSBSim Flight Dynamics Model v1.0.0 May 29 2026 15:35:39
[36m(SingleAgentEnvRunner pid=64928)[0m             [JSBSim-ML v2.0]
[36m(SingleAgentEnvRunner pid=64928)[0m 
[36m(SingleAgentEnvRunner pid=64928)[0m JSBSim startup beginning ...
[36m(SingleAgentEnvRunner pid=64928)[0m 
[36m(SingleAgentEnvRunner pid=64928)[0m [JSB][Init] after new AIP_FDMExec ptr=000002568EC82D60
[36m(SingleAgentEnvRunner pid=64928)[0m [JSB][Init] before Init_FDM ptr=000002568EC82D60
[36m(SingleAgentEnvRunner pid=64928)[0m [JSB][Init] after Init_FDM ptr=000002568EC82D60
[36m(SingleAgentEnvRunner pid=64928)[0m [JSB][Init] before Exec_FDM ptr=000002568EC82D60
[36m(SingleAgentEnvRunner pid=64928)[0m [JSB][Init] after Exec_FDM ptr=000002568EC82D60
[36m(SingleAgentEnvRunner pid=64928)[0m [JSB][Init] before InsertFighter BattleSpace=1 ptr=000002568EC82D60
[36m(SingleAgentEnvRunner pid=64928)[0m [JSB][Init] after InsertFighter FighterID=1
[36m(SingleAgentEnvRunner pid=64928)[0m init ID:1 Lat37.91455691666667 Lon128.18188127777776 Alt(meter)4572.000000000235 Speed(m/sec)200.0
[36m(SingleAgentEnvRunner pid=64928)[0m [JSB][Init] enter BattleSpace=1 Type=1 ForceSide=2 Delta=0.0166667
[36m(SingleAgentEnvRunner pid=64928)[0m [JSB][Init] registry size=1
[36m(SingleAgentEnvRunner pid=64928)[0m [JSB][Init] before new AIP_FDMExec
[36m(SingleAgentEnvRunner pid=64928)[0m [JSB][Init] after new AIP_FDMExec ptr=000002568EC81080
[36m(SingleAgentEnvRunner pid=64928)[0m [JSB][Init] before Init_FDM ptr=000002568EC81080
[36m(SingleAgentEnvRunner pid=64928)[0m [JSB][Init] after Init_FDM ptr=000002568EC81080
[36m(SingleAgentEnvRunner pid=64928)[0m [JSB][Init] before Exec_FDM ptr=000002568EC81080
[36m(SingleAgentEnvRunner pid=64928)[0m [JSB][Init] after Exec_FDM ptr=000002568EC81080
[36m(SingleAgentEnvRunner pid=64928)[0m [JSB][Init] before InsertFighter BattleSpace=1 ptr=000002568EC81080
[36m(SingleAgentEnvRunner pid=64928)[0m [JSB][Init] after InsertFighter FighterID=2
[36m(SingleAgentEnvRunner pid=64536)[0m 
[36m(SingleAgentEnvRunner pid=64536)[0m 
[36m(SingleAgentEnvRunner pid=64536)[0m 
[36m(SingleAgentEnvRunner pid=64536)[0m 
[36m(SingleAgentEnvRunner pid=64580)[0m 
[36m(SingleAgentEnvRunner pid=64580)[0m 
[36m(SingleAgentEnvRunner pid=64580)[0m 
[36m(SingleAgentEnvRunner pid=64580)[0m 
[36m(SingleAgentEnvRunner pid=60068)[0m 
[36m(SingleAgentEnvRunner pid=60068)[0m 
[36m(SingleAgentEnvRunner pid=60068)[0m 
[36m(SingleAgentEnvRunner pid=60068)[0m 
[36m(SingleAgentEnvRunner pid=64928)[0m DeprecationWarning: `RLModule(config=[RLModuleConfig object])` has been deprecated. Use `RLModule(observation_space=.., action_space=.., inference_only=.., model_config=.., catalog_class=..)` instead. This will raise an error in the future!
[33m(raylet)[0m Stack (most recent call first):[32m [repeated 13x across cluster] (Ray deduplicates logs by default. Set RAY_DEDUP_LOGS=0 to disable log deduplication, or see https://docs.ray.io/en/master/ray-observability/user-guides/configure-logging.html#log-deduplication for more options.)[0m
[33m(raylet)[0m   File "C:\Users\user one\anaconda3\envs\aip\Lib\site-packages\ray\_private\worker.py", line 625 in job_logging_config[32m [repeated 13x across cluster][0m
[33m(raylet)[0m   File "C:\Users\user one\anaconda3\envs\aip\Lib\site-packages\ray\_private\worker.py", line 2800 in disconnect[32m [repeated 14x across cluster][0m
[33m(raylet)[0m   File "C:\Users\user one\anaconda3\envs\aip\Lib\site-packages\ray\_private\worker.py", line 2132 in shutdown[32m [repeated 14x across cluster][0m
[33m(raylet)[0m   File "C:\Users\user one\anaconda3\envs\aip\Lib\site-packages\ray\_private\client_mode_hook.py", line 104 in wrapper[32m [repeated 26x across cluster][0m
[36m(SingleAgentEnvRunner pid=64368)[0m 
[36m(SingleAgentEnvRunner pid=64368)[0m 
[36m(SingleAgentEnvRunner pid=64368)[0m 
[36m(SingleAgentEnvRunner pid=64368)[0m 
[36m(SingleAgentEnvRunner pid=23528)[0m 
[36m(SingleAgentEnvRunner pid=23528)[0m 
[36m(SingleAgentEnvRunner pid=23528)[0m 
[36m(SingleAgentEnvRunner pid=23528)[0m 
[36m(SingleAgentEnvRunner pid=65292)[0m 
[36m(SingleAgentEnvRunner pid=65292)[0m 
[36m(SingleAgentEnvRunner pid=65292)[0m 
[36m(SingleAgentEnvRunner pid=65292)[0m 
[36m(SingleAgentEnvRunner pid=65060)[0m 
[36m(SingleAgentEnvRunner pid=65060)[0m 
[36m(SingleAgentEnvRunner pid=65060)[0m 
[36m(SingleAgentEnvRunner pid=65060)[0m 
[36m(SingleAgentEnvRunner pid=63828)[0m 
[36m(SingleAgentEnvRunner pid=63828)[0m 
[36m(SingleAgentEnvRunner pid=63828)[0m 
[36m(SingleAgentEnvRunner pid=63828)[0m 
[36m(SingleAgentEnvRunner pid=63712)[0m 
[36m(SingleAgentEnvRunner pid=63712)[0m 
[36m(SingleAgentEnvRunner pid=63712)[0m 
[36m(SingleAgentEnvRunner pid=63712)[0m 
[36m(SingleAgentEnvRunner pid=65136)[0m 
[36m(SingleAgentEnvRunner pid=65136)[0m 
[36m(SingleAgentEnvRunner pid=65136)[0m 
[36m(SingleAgentEnvRunner pid=65136)[0m 
[36m(SingleAgentEnvRunner pid=65032)[0m 
[36m(SingleAgentEnvRunner pid=65032)[0m 
[36m(SingleAgentEnvRunner pid=65032)[0m 
[36m(SingleAgentEnvRunner pid=65032)[0m 
[36m(SingleAgentEnvRunner pid=17636)[0m 
[36m(SingleAgentEnvRunner pid=17636)[0m 
[36m(SingleAgentEnvRunner pid=17636)[0m 
[36m(SingleAgentEnvRunner pid=17636)[0m 
[36m(SingleAgentEnvRunner pid=64404)[0m 
[36m(SingleAgentEnvRunner pid=64404)[0m 
[36m(SingleAgentEnvRunner pid=64404)[0m 
[36m(SingleAgentEnvRunner pid=64404)[0m 
[36m(SingleAgentEnvRunner pid=64440)[0m 
[36m(SingleAgentEnvRunner pid=64440)[0m 
[36m(SingleAgentEnvRunner pid=64440)[0m 
[36m(SingleAgentEnvRunner pid=64440)[0m 
[36m(SingleAgentEnvRunner pid=64188)[0m 
[36m(SingleAgentEnvRunner pid=64188)[0m 
[36m(SingleAgentEnvRunner pid=64188)[0m 
[36m(SingleAgentEnvRunner pid=64188)[0m 
2026-08-28 18:58:47,951	WARNING rl_module.py:463 -- DeprecationWarning: `RLModule(config=[RLModuleConfig object])` has been deprecated. Use `RLModule(observation_space=.., action_space=.., inference_only=.., model_config=.., catalog_class=..)` instead. This will raise an error in the future!
2026-08-28 18:58:48,949	WARNING util.py:62 -- Install gputil for GPU system monitoring.
  [Restore] Explicit native checkpoint -> C:\Users\USERON~1\Desktop\TOPGUN~2\Update\강화학~1\artifacts\curriculum\AeroFlyer\0824_r48\stage_48_ladder_12241_c2\checkpoints\iter_1120
2026-08-28 18:58:48,975	INFO trainable.py:578 -- Restored on 127.0.0.1 from checkpoint: Checkpoint(filesystem=local, path=C:\Users\USERON~1\Desktop\TOPGUN~2\Update\강화학~1\artifacts\curriculum\AeroFlyer\0824_r48\stage_48_ladder_12241_c2\checkpoints\iter_1120)
  [Restore] [OK] Explicit checkpoint restored successfully.
[36m(SingleAgentEnvRunner pid=64928)[0m [JSB][Reset] enter BattleSpace=1
[36m(SingleAgentEnvRunner pid=64928)[0m [JSB][Reset] after lock found=1 size=1
[36m(SingleAgentEnvRunner pid=64928)[0m [JSB][Reset] FighterPtr=000002568CF609E0 fighter_count_before=2
[36m(SingleAgentEnvRunner pid=64928)[0m total: 2
[36m(SingleAgentEnvRunner pid=64580)[0m [JSB][Reset] exit after_size=1
[36m(SingleAgentEnvRunner pid=64404)[0m DeprecationWarning: `ray.rllib.algorithms.ppo.torch.ppo_torch_rl_module.PPOTorchRLModule` has been deprecated. Use `ray.rllib.algorithms.ppo.torch.default_ppo_torch_rl_module.DefaultPPOTorchRLModule` instead. This will raise an error in the future!
[36m(SingleAgentEnvRunner pid=64404)[0m runner:7/env:0	num_steps=[252] | total rewards=[187.5652] | termination= [ownship destroyed]
[36m(SingleAgentEnvRunner pid=64188)[0m [JSB][CreateBattleSpace] enter Space@00000001803EE598 SpaceMutex@00000001803DE000[32m [repeated 15x across cluster][0m
[36m(SingleAgentEnvRunner pid=64188)[0m [JSB][CreateBattleSpace] before newspace[32m [repeated 15x across cluster][0m
[36m(SingleAgentEnvRunner pid=64188)[0m [JSB][CreateBattleSpace] newspace=0000020F0DA5AAE0 use_count=1[32m [repeated 15x across cluster][0m
[36m(SingleAgentEnvRunner pid=64188)[0m [JSB][CreateBattleSpace] before lock[32m [repeated 15x across cluster][0m
[36m(SingleAgentEnvRunner pid=64188)[0m [JSB][CreateBattleSpace] after lock size=0[32m [repeated 15x across cluster][0m
[36m(SingleAgentEnvRunner pid=64188)[0m [JSB][CreateBattleSpace] insert id=1 success=1 final_size=1 stored=0000020F0DA5AAE0[32m [repeated 15x across cluster][0m
[36m(SingleAgentEnvRunner pid=64188)[0m init ID:1 Lat37.91455691666667 Lon128.18188127777776 Alt(meter)4572.000000000235 Speed(m/sec)200.0[32m [repeated 30x across cluster][0m
[36m(SingleAgentEnvRunner pid=64404)[0m [JSB][Init] enter BattleSpace=1 Type=1 ForceSide=1 Delta=0.0166667[32m [repeated 62x across cluster][0m
[36m(SingleAgentEnvRunner pid=64404)[0m [JSB][Init] registry size=1[32m [repeated 62x across cluster][0m
[36m(SingleAgentEnvRunner pid=64404)[0m [JSB][Init] before new AIP_FDMExec[32m [repeated 62x across cluster][0m
[36m(SingleAgentEnvRunner pid=64188)[0m      JSBSim Flight Dynamics Model v1.0.0 May 29 2026 15:35:39[32m [repeated 15x across cluster][0m
[36m(SingleAgentEnvRunner pid=64188)[0m             [JSBSim-ML v2.0][32m [repeated 15x across cluster][0m
[36m(SingleAgentEnvRunner pid=64188)[0m JSBSim startup beginning ...[32m [repeated 15x across cluster][0m
[36m(SingleAgentEnvRunner pid=64404)[0m [JSB][Init] after new AIP_FDMExec ptr=0000015740A55740[32m [repeated 62x across cluster][0m
[36m(SingleAgentEnvRunner pid=64404)[0m [JSB][Init] before Init_FDM ptr=0000015740A55740[32m [repeated 62x across cluster][0m
[36m(SingleAgentEnvRunner pid=64404)[0m [JSB][Init] after Init_FDM ptr=0000015740A569D0[32m [repeated 63x across cluster][0m
[36m(SingleAgentEnvRunner pid=64404)[0m [JSB][Init] before Exec_FDM ptr=0000015740A569D0[32m [repeated 63x across cluster][0m
[36m(SingleAgentEnvRunner pid=64404)[0m [JSB][Init] after Exec_FDM ptr=0000015740A569D0[32m [repeated 63x across cluster][0m
[36m(SingleAgentEnvRunner pid=64404)[0m [JSB][Init] before InsertFighter BattleSpace=1 ptr=0000015740A569D0[32m [repeated 63x across cluster][0m
[36m(SingleAgentEnvRunner pid=64404)[0m [JSB][Init] after InsertFighter FighterID=2[32m [repeated 63x across cluster][0m
[36m(SingleAgentEnvRunner pid=65292)[0m runner:15/env:0	num_steps=[252] | total rewards=[1203.8262] | termination= [target destroyed]
[36m(SingleAgentEnvRunner pid=65292)[0m [JSB][Reset] enter BattleSpace=1[32m [repeated 37x across cluster][0m
[36m(SingleAgentEnvRunner pid=65292)[0m [JSB][Reset] after lock found=1 size=1[32m [repeated 37x across cluster][0m
[36m(SingleAgentEnvRunner pid=65292)[0m [JSB][Reset] fighter_count_after=0[32m [repeated 75x across cluster][0m
[36m(SingleAgentEnvRunner pid=65292)[0m total: 2[32m [repeated 37x across cluster][0m
[36m(SingleAgentEnvRunner pid=65292)[0m [JSB][Reset] exit after_size=1[32m [repeated 37x across cluster][0m
[36m(SingleAgentEnvRunner pid=64404)[0m runner:7/env:0	num_steps=[261] | total rewards=[304.4671] | termination= [ownship destroyed][32m [repeated 25x across cluster][0m
[36m(SingleAgentEnvRunner pid=64580)[0m [JSB][Init] enter BattleSpace=1 Type=1 ForceSide=2 Delta=0.0166667[32m [repeated 70x across cluster][0m
[36m(SingleAgentEnvRunner pid=64580)[0m [JSB][Init] registry size=1[32m [repeated 70x across cluster][0m
[36m(SingleAgentEnvRunner pid=64580)[0m [JSB][Init] before new AIP_FDMExec[32m [repeated 70x across cluster][0m
[36m(SingleAgentEnvRunner pid=64580)[0m [JSB][Init] after new AIP_FDMExec ptr=000001FF40B9D0B0[32m [repeated 70x across cluster][0m
[36m(SingleAgentEnvRunner pid=64580)[0m [JSB][Init] before Init_FDM ptr=000001FF40B9D0B0[32m [repeated 70x across cluster][0m
[36m(SingleAgentEnvRunner pid=64580)[0m [JSB][Init] after Init_FDM ptr=000001FF40B9D0B0[32m [repeated 69x across cluster][0m
[36m(SingleAgentEnvRunner pid=64580)[0m [JSB][Init] before Exec_FDM ptr=000001FF40B9D0B0[32m [repeated 69x across cluster][0m
[36m(SingleAgentEnvRunner pid=64580)[0m [JSB][Init] after Exec_FDM ptr=000001FF40B9D0B0[32m [repeated 69x across cluster][0m
[36m(SingleAgentEnvRunner pid=64580)[0m [JSB][Init] before InsertFighter BattleSpace=1 ptr=000001FF40B9D0B0[32m [repeated 69x across cluster][0m
[36m(SingleAgentEnvRunner pid=64580)[0m [JSB][Init] after InsertFighter FighterID=2[32m [repeated 69x across cluster][0m
[36m(SingleAgentEnvRunner pid=17636)[0m runner:11/env:0	num_steps=[260] | total rewards=[1162.9093] | termination= [target destroyed][32m [repeated 10x across cluster][0m
[36m(SingleAgentEnvRunner pid=65136)[0m [JSB][Reset] enter BattleSpace=1[32m [repeated 34x across cluster][0m
[36m(SingleAgentEnvRunner pid=65136)[0m [JSB][Reset] after lock found=1 size=1[32m [repeated 34x across cluster][0m
[36m(SingleAgentEnvRunner pid=65136)[0m [JSB][Reset] fighter_count_after=0[32m [repeated 68x across cluster][0m
[36m(SingleAgentEnvRunner pid=65136)[0m total: 2[32m [repeated 34x across cluster][0m
[36m(SingleAgentEnvRunner pid=65136)[0m [JSB][Reset] exit after_size=1[32m [repeated 34x across cluster][0m
[DogFightEnv][PolicyProbe] iter=0 ramp:a=[-0.829,-0.981,0.305,0.211] s=22.437 | target_ahead:a=[0.862,-0.502,-0.923,-0.331] s=18.855 | target_left:a=[-0.763,-1.726,1.069,0.021] s=21.157 | zero_hold:a=[-0.095,-0.281,-0.146,1.157] s=12.622
[JSB][CreateBattleSpace] enter Space@00000001803EE598 SpaceMutex@00000001803DE000
[JSB][CreateBattleSpace] before newspace
[JSB][CreateBattleSpace] newspace=00000221A88A27F0 use_count=1
[JSB][CreateBattleSpace] before lock
[JSB][CreateBattleSpace] after lock size=0
[JSB][CreateBattleSpace] insert id=1 success=1 final_size=1 stored=00000221A88A27F0
init ID:1 Lat37.92003070998819 Lon128.18188127777776 Alt(meter)4572.029042862364 Speed(m/sec)200.0
[JSB][Init] enter BattleSpace=1 Type=1 ForceSide=1 Delta=0.0166667
[JSB][Init] registry size=1
[JSB][Init] before new AIP_FDMExec
[JSB][Init] after new AIP_FDMExec ptr=0000022198AACA60
[JSB][Init] before Init_FDM ptr=0000022198AACA60
[JSB][Init] after Init_FDM ptr=0000022198AACA60
[JSB][Init] before Exec_FDM ptr=0000022198AACA60
[JSB][Init] after Exec_FDM ptr=0000022198AACA60
[JSB][Init] before InsertFighter BattleSpace=1 ptr=0000022198AACA60
[JSB][Init] after InsertFighter FighterID=1
init ID:1 Lat37.91455691666667 Lon128.18188127777776 Alt(meter)4572.000000000235 Speed(m/sec)200.0
[JSB][Init] enter BattleSpace=1 Type=1 ForceSide=2 Delta=0.0166667
[JSB][Init] registry size=1
[JSB][Init] before new AIP_FDMExec
[JSB][Init] after new AIP_FDMExec ptr=0000022198AAA120
[JSB][Init] before Init_FDM ptr=0000022198AAA120
[JSB][Init] after Init_FDM ptr=0000022198AAA120
[JSB][Init] before Exec_FDM ptr=0000022198AAA120
[JSB][Init] after Exec_FDM ptr=0000022198AAA120
[JSB][Init] before InsertFighter BattleSpace=1 ptr=0000022198AAA120
[JSB][Init] after InsertFighter FighterID=2
[JSB][Reset] enter BattleSpace=1
[JSB][Reset] after lock found=1 size=1
[JSB][Reset] FighterPtr=00000221A88A27F0 fighter_count_before=2
total: 2
[JSB][Reset] fighter_count_after=0
[JSB][Reset] exit after_size=1
[JSB][Init] enter BattleSpace=1 Type=1 ForceSide=1 Delta=0.0166667
[JSB][Init] registry size=1
[JSB][Init] before new AIP_FDMExec
[JSB][Init] after new AIP_FDMExec ptr=0000022198AAB7D0
[JSB][Init] before Init_FDM ptr=0000022198AAB7D0
[JSB][Init] after Init_FDM ptr=0000022198AAB7D0
[JSB][Init] before Exec_FDM ptr=0000022198AAB7D0
[JSB][Init] after Exec_FDM ptr=0000022198AAB7D0
[JSB][Init] before InsertFighter BattleSpace=1 ptr=0000022198AAB7D0
[JSB][Init] after InsertFighter FighterID=1
[JSB][Init] enter BattleSpace=1 Type=1 ForceSide=2 Delta=0.0166667
[JSB][Init] registry size=1
[JSB][Init] before new AIP_FDMExec
[JSB][Init] after new AIP_FDMExec ptr=0000022198AAA750
[JSB][Init] before Init_FDM ptr=0000022198AAA750
[JSB][Init] after Init_FDM ptr=0000022198AAA750
[JSB][Init] before Exec_FDM ptr=0000022198AAA750
[JSB][Init] after Exec_FDM ptr=0000022198AAA750
[JSB][Init] before InsertFighter BattleSpace=1 ptr=0000022198AAA750
[JSB][Init] after InsertFighter FighterID=2
2026-08-28 18:59:02,370	WARNING ppo_torch_rl_module.py:8 -- DeprecationWarning: `ray.rllib.algorithms.ppo.torch.ppo_torch_rl_module.PPOTorchRLModule` has been deprecated. Use `ray.rllib.algorithms.ppo.torch.default_ppo_torch_rl_module.DefaultPPOTorchRLModule` instead. This will raise an error in the future!
runner:engagement_replay/env:0	num_steps=[250] | total rewards=[672.9522] | termination= [ownship destroyed]
[JSB][RemoveSpace] enter BattleSpace=1
[JSB][RemoveSpace] after lock found=1 size=1
[JSB][RemoveSpace] FighterPtr=00000221A88A27F0 fighter_count_before=2
[JSB][RemoveSpace] fighter_count_after=0
Remove Space Complete.
[JSB][RemoveSpace] exit after_size=0
[JSB][CreateBattleSpace] enter Space@00000001803EE598 SpaceMutex@00000001803DE000
[JSB][CreateBattleSpace] before newspace
[JSB][CreateBattleSpace] newspace=0000022191187F60 use_count=1
[JSB][CreateBattleSpace] before lock
[JSB][CreateBattleSpace] after lock size=0
[JSB][CreateBattleSpace] insert id=1 success=1 final_size=1 stored=0000022191187F60
init ID:1 Lat37.92003070998819 Lon128.18188127777776 Alt(meter)4572.029042862364 Speed(m/sec)200.0
[JSB][Init] enter BattleSpace=1 Type=1 ForceSide=1 Delta=0.0166667
[JSB][Init] registry size=1
[JSB][Init] before new AIP_FDMExec
[JSB][Init] after new AIP_FDMExec ptr=0000022198AAA750
[JSB][Init] before Init_FDM ptr=0000022198AAA750
[JSB][Init] after Init_FDM ptr=0000022198AAA750
[JSB][Init] before Exec_FDM ptr=0000022198AAA750
[JSB][Init] after Exec_FDM ptr=0000022198AAA750
[JSB][Init] before InsertFighter BattleSpace=1 ptr=0000022198AAA750
[JSB][Init] after InsertFighter FighterID=1
init ID:1 Lat37.91455691666667 Lon128.18188127777776 Alt(meter)4572.000000000235 Speed(m/sec)200.0
[JSB][Init] enter BattleSpace=1 Type=1 ForceSide=2 Delta=0.0166667
[JSB][Init] registry size=1
[JSB][Init] before new AIP_FDMExec
[JSB][Init] after new AIP_FDMExec ptr=0000022198AAA120
[JSB][Init] before Init_FDM ptr=0000022198AAA120
[JSB][Init] after Init_FDM ptr=0000022198AAA120
[JSB][Init] before Exec_FDM ptr=0000022198AAA120
[JSB][Init] after Exec_FDM ptr=0000022198AAA120
[JSB][Init] before InsertFighter BattleSpace=1 ptr=0000022198AAA120
[JSB][Init] after InsertFighter FighterID=2
[JSB][Reset] enter BattleSpace=1
[JSB][Reset] after lock found=1 size=1
[JSB][Reset] FighterPtr=0000022191187F60 fighter_count_before=2
total: 2
[JSB][Reset] fighter_count_after=0
[JSB][Reset] exit after_size=1
[JSB][Init] enter BattleSpace=1 Type=1 ForceSide=1 Delta=0.0166667
[JSB][Init] registry size=1
[JSB][Init] before new AIP_FDMExec
[JSB][Init] after new AIP_FDMExec ptr=0000022198AACA60
[JSB][Init] before Init_FDM ptr=0000022198AACA60
[JSB][Init] after Init_FDM ptr=0000022198AACA60
[JSB][Init] before Exec_FDM ptr=0000022198AACA60
[JSB][Init] after Exec_FDM ptr=0000022198AACA60
[JSB][Init] before InsertFighter BattleSpace=1 ptr=0000022198AACA60
[JSB][Init] after InsertFighter FighterID=1
[JSB][Init] enter BattleSpace=1 Type=1 ForceSide=2 Delta=0.0166667
[JSB][Init] registry size=1
[JSB][Init] before new AIP_FDMExec
[JSB][Init] after new AIP_FDMExec ptr=0000022198AAD090
[JSB][Init] before Init_FDM ptr=0000022198AAD090
[JSB][Init] after Init_FDM ptr=0000022198AAD090
[JSB][Init] before Exec_FDM ptr=0000022198AAD090
[JSB][Init] after Exec_FDM ptr=0000022198AAD090
[JSB][Init] before InsertFighter BattleSpace=1 ptr=0000022198AAD090
[JSB][Init] after InsertFighter FighterID=2
runner:engagement_replay/env:0	num_steps=[254] | total rewards=[713.5993] | termination= [ownship destroyed]
[JSB][RemoveSpace] enter BattleSpace=1
[JSB][RemoveSpace] after lock found=1 size=1
[JSB][RemoveSpace] FighterPtr=0000022191187F60 fighter_count_before=2
[JSB][RemoveSpace] fighter_count_after=0
Remove Space Complete.
[JSB][RemoveSpace] exit after_size=0
[JSB][CreateBattleSpace] enter Space@00000001803EE598 SpaceMutex@00000001803DE000
[JSB][CreateBattleSpace] before newspace
[JSB][CreateBattleSpace] newspace=00000221911876C0 use_count=1
[JSB][CreateBattleSpace] before lock
[JSB][CreateBattleSpace] after lock size=0
[JSB][CreateBattleSpace] insert id=1 success=1 final_size=1 stored=00000221911876C0
init ID:1 Lat37.92003070998819 Lon128.18188127777776 Alt(meter)4572.029042862364 Speed(m/sec)200.0
[JSB][Init] enter BattleSpace=1 Type=1 ForceSide=1 Delta=0.0166667
[JSB][Init] registry size=1
[JSB][Init] before new AIP_FDMExec
[JSB][Init] after new AIP_FDMExec ptr=0000022198AACA60
[JSB][Init] before Init_FDM ptr=0000022198AACA60
[JSB][Init] after Init_FDM ptr=0000022198AACA60
[JSB][Init] before Exec_FDM ptr=0000022198AACA60
[JSB][Init] after Exec_FDM ptr=0000022198AACA60
[JSB][Init] before InsertFighter BattleSpace=1 ptr=0000022198AACA60
[JSB][Init] after InsertFighter FighterID=1
init ID:1 Lat37.91455691666667 Lon128.18188127777776 Alt(meter)4572.000000000235 Speed(m/sec)200.0
[JSB][Init] enter BattleSpace=1 Type=1 ForceSide=2 Delta=0.0166667
[JSB][Init] registry size=1
[JSB][Init] before new AIP_FDMExec
[JSB][Init] after new AIP_FDMExec ptr=0000022198AAD090
[JSB][Init] before Init_FDM ptr=0000022198AAD090
[JSB][Init] after Init_FDM ptr=0000022198AAD090
[JSB][Init] before Exec_FDM ptr=0000022198AAD090
[JSB][Init] after Exec_FDM ptr=0000022198AAD090
[JSB][Init] before InsertFighter BattleSpace=1 ptr=0000022198AAD090
[JSB][Init] after InsertFighter FighterID=2
[JSB][Reset] enter BattleSpace=1
[JSB][Reset] after lock found=1 size=1
[JSB][Reset] FighterPtr=00000221911876C0 fighter_count_before=2
total: 2
[JSB][Reset] fighter_count_after=0
[JSB][Reset] exit after_size=1
[JSB][Init] enter BattleSpace=1 Type=1 ForceSide=1 Delta=0.0166667
[JSB][Init] registry size=1
[JSB][Init] before new AIP_FDMExec
[JSB][Init] after new AIP_FDMExec ptr=0000022198AAD090
[JSB][Init] before Init_FDM ptr=0000022198AAD090
[JSB][Init] after Init_FDM ptr=0000022198AAD090
[JSB][Init] before Exec_FDM ptr=0000022198AAD090
[JSB][Init] after Exec_FDM ptr=0000022198AAD090
[JSB][Init] before InsertFighter BattleSpace=1 ptr=0000022198AAD090
[JSB][Init] after InsertFighter FighterID=1
[JSB][Init] enter BattleSpace=1 Type=1 ForceSide=2 Delta=0.0166667
[JSB][Init] registry size=1
[JSB][Init] before new AIP_FDMExec
[JSB][Init] after new AIP_FDMExec ptr=0000022198AAA750
[JSB][Init] before Init_FDM ptr=0000022198AAA750
[JSB][Init] after Init_FDM ptr=0000022198AAA750
[JSB][Init] before Exec_FDM ptr=0000022198AAA750
[JSB][Init] after Exec_FDM ptr=0000022198AAA750
[JSB][Init] before InsertFighter BattleSpace=1 ptr=0000022198AAA750
[JSB][Init] after InsertFighter FighterID=2
runner:engagement_replay/env:0	num_steps=[246] | total rewards=[1169.7720] | termination= [target destroyed]
[JSB][RemoveSpace] enter BattleSpace=1
[JSB][RemoveSpace] after lock found=1 size=1
[JSB][RemoveSpace] FighterPtr=00000221911876C0 fighter_count_before=2
[JSB][RemoveSpace] fighter_count_after=0
Remove Space Complete.
[JSB][RemoveSpace] exit after_size=0
[DogFightEnv][EngagementReplay] iter=0 ep=0 steps=250 outcome=loss min_dist=227.95 | ep=1 steps=254 outcome=loss min_dist=207.61 | ep=2 steps=246 outcome=win min_dist=249.43
stage=35 | iter_in_stage=0 | total_iter=0 | reward_mean=755.75 | win_rate=0.286 | crash_rate=0.000 | ep_wez_steps=23.1 | episodes_this_iter=64499 | entropy=-3.499 | vf_loss=164.295
[36m(SingleAgentEnvRunner pid=64928)[0m runner:1/env:0	num_steps=[250] | total rewards=[487.5593] | termination= [ownship destroyed][32m [repeated 15x across cluster][0m
[36m(SingleAgentEnvRunner pid=65136)[0m [JSB][Init] enter BattleSpace=1 Type=1 ForceSide=2 Delta=0.0166667[32m [repeated 42x across cluster][0m
[36m(SingleAgentEnvRunner pid=65136)[0m [JSB][Init] registry size=1[32m [repeated 42x across cluster][0m
[36m(SingleAgentEnvRunner pid=65136)[0m [JSB][Init] before new AIP_FDMExec[32m [repeated 42x across cluster][0m
[36m(SingleAgentEnvRunner pid=65136)[0m [JSB][Init] after new AIP_FDMExec ptr=0000022C40B58280[32m [repeated 42x across cluster][0m
[36m(SingleAgentEnvRunner pid=65136)[0m [JSB][Init] before Init_FDM ptr=0000022C40B58280[32m [repeated 42x across cluster][0m
[36m(SingleAgentEnvRunner pid=65136)[0m [JSB][Init] after Init_FDM ptr=0000022C40B58280[32m [repeated 42x across cluster][0m
[36m(SingleAgentEnvRunner pid=65136)[0m [JSB][Init] before Exec_FDM ptr=0000022C40B58280[32m [repeated 42x across cluster][0m
[36m(SingleAgentEnvRunner pid=65136)[0m [JSB][Init] after Exec_FDM ptr=0000022C40B58280[32m [repeated 42x across cluster][0m
[36m(SingleAgentEnvRunner pid=65136)[0m [JSB][Init] before InsertFighter BattleSpace=1 ptr=0000022C40B58280[32m [repeated 42x across cluster][0m
[36m(SingleAgentEnvRunner pid=65136)[0m [JSB][Init] after InsertFighter FighterID=2[32m [repeated 42x across cluster][0m
[36m(SingleAgentEnvRunner pid=65032)[0m runner:13/env:0	num_steps=[256] | total rewards=[1164.9511] | termination= [target destroyed][32m [repeated 5x across cluster][0m
[36m(SingleAgentEnvRunner pid=64928)[0m [JSB][Reset] enter BattleSpace=1
[36m(SingleAgentEnvRunner pid=64928)[0m [JSB][Reset] after lock found=1 size=1
[36m(SingleAgentEnvRunner pid=64928)[0m [JSB][Reset] fighter_count_after=0[32m [repeated 2x across cluster][0m
[36m(SingleAgentEnvRunner pid=64928)[0m total: 2
[36m(SingleAgentEnvRunner pid=64928)[0m [JSB][Reset] exit after_size=1
[36m(SingleAgentEnvRunner pid=23528)[0m [JSB][Reset] enter BattleSpace=1
[36m(SingleAgentEnvRunner pid=23528)[0m [JSB][Reset] after lock found=1 size=1
[36m(SingleAgentEnvRunner pid=23528)[0m total: 2
[36m(SingleAgentEnvRunner pid=23528)[0m [JSB][Reset] exit after_size=1
[36m(SingleAgentEnvRunner pid=63712)[0m runner:9/env:0	num_steps=[253] | total rewards=[507.2615] | termination= [ownship destroyed][32m [repeated 22x across cluster][0m
[36m(SingleAgentEnvRunner pid=63828)[0m [JSB][Init] enter BattleSpace=1 Type=1 ForceSide=2 Delta=0.0166667[32m [repeated 60x across cluster][0m
[36m(SingleAgentEnvRunner pid=63828)[0m [JSB][Init] registry size=1[32m [repeated 60x across cluster][0m
[36m(SingleAgentEnvRunner pid=63828)[0m [JSB][Init] before new AIP_FDMExec[32m [repeated 60x across cluster][0m
[36m(SingleAgentEnvRunner pid=63828)[0m [JSB][Init] after new AIP_FDMExec ptr=0000026D91AC0A40[32m [repeated 60x across cluster][0m
[36m(SingleAgentEnvRunner pid=63828)[0m [JSB][Init] before Init_FDM ptr=0000026D91AC0A40[32m [repeated 60x across cluster][0m
[36m(SingleAgentEnvRunner pid=63828)[0m [JSB][Init] after Init_FDM ptr=0000026D91AC0A40[32m [repeated 60x across cluster][0m
[36m(SingleAgentEnvRunner pid=63828)[0m [JSB][Init] before Exec_FDM ptr=0000026D91AC0A40[32m [repeated 60x across cluster][0m
[36m(SingleAgentEnvRunner pid=63828)[0m [JSB][Init] after Exec_FDM ptr=0000026D91AC0A40[32m [repeated 60x across cluster][0m
[36m(SingleAgentEnvRunner pid=63828)[0m [JSB][Init] before InsertFighter BattleSpace=1 ptr=0000026D91AC0A40[32m [repeated 60x across cluster][0m
[36m(SingleAgentEnvRunner pid=63828)[0m [JSB][Init] after InsertFighter FighterID=2[32m [repeated 60x across cluster][0m
[36m(SingleAgentEnvRunner pid=65060)[0m runner:12/env:0	num_steps=[260] | total rewards=[1170.8800] | termination= [target destroyed][32m [repeated 8x across cluster][0m
[36m(SingleAgentEnvRunner pid=63712)[0m [JSB][Reset] fighter_count_after=0[32m [repeated 60x across cluster][0m
[36m(SingleAgentEnvRunner pid=63712)[0m [JSB][Reset] enter BattleSpace=1[32m [repeated 29x across cluster][0m
[36m(SingleAgentEnvRunner pid=63712)[0m [JSB][Reset] after lock found=1 size=1[32m [repeated 29x across cluster][0m
[36m(SingleAgentEnvRunner pid=63712)[0m total: 2[32m [repeated 29x across cluster][0m
[36m(SingleAgentEnvRunner pid=63712)[0m [JSB][Reset] exit after_size=1[32m [repeated 29x across cluster][0m
stage=35 | iter_in_stage=1 | total_iter=1 | reward_mean=772.80 | win_rate=0.325 | crash_rate=0.000 | ep_wez_steps=23.0 | episodes_this_iter=62 | entropy=-3.494 | vf_loss=197.932
[36m(SingleAgentEnvRunner pid=64928)[0m runner:1/env:0	num_steps=[258] | total rewards=[647.2290] | termination= [ownship destroyed][32m [repeated 19x across cluster][0m
[36m(SingleAgentEnvRunner pid=64928)[0m [JSB][Init] enter BattleSpace=1 Type=1 ForceSide=2 Delta=0.0166667[32m [repeated 64x across cluster][0m
[36m(SingleAgentEnvRunner pid=64928)[0m [JSB][Init] registry size=1[32m [repeated 64x across cluster][0m
[36m(SingleAgentEnvRunner pid=64928)[0m [JSB][Init] before new AIP_FDMExec[32m [repeated 64x across cluster][0m
[36m(SingleAgentEnvRunner pid=64928)[0m [JSB][Init] after new AIP_FDMExec ptr=000002568F9EE930[32m [repeated 64x across cluster][0m
[36m(SingleAgentEnvRunner pid=64928)[0m [JSB][Init] before Init_FDM ptr=000002568F9EE930[32m [repeated 64x across cluster][0m
[36m(SingleAgentEnvRunner pid=64928)[0m [JSB][Init] after Init_FDM ptr=000002568F9EE930[32m [repeated 64x across cluster][0m
[36m(SingleAgentEnvRunner pid=64928)[0m [JSB][Init] before Exec_FDM ptr=000002568F9EE930[32m [repeated 64x across cluster][0m
[36m(SingleAgentEnvRunner pid=64928)[0m [JSB][Init] after Exec_FDM ptr=000002568F9EE930[32m [repeated 64x across cluster][0m
[36m(SingleAgentEnvRunner pid=64928)[0m [JSB][Init] before InsertFighter BattleSpace=1 ptr=000002568F9EE930[32m [repeated 64x across cluster][0m
[36m(SingleAgentEnvRunner pid=64928)[0m [JSB][Init] after InsertFighter FighterID=2[32m [repeated 64x across cluster][0m
[36m(SingleAgentEnvRunner pid=23528)[0m runner:4/env:0	num_steps=[256] | total rewards=[1162.0906] | termination= [target destroyed][32m [repeated 13x across cluster][0m
[36m(SingleAgentEnvRunner pid=23528)[0m [JSB][Reset] fighter_count_after=0[32m [repeated 64x across cluster][0m
[36m(SingleAgentEnvRunner pid=23528)[0m [JSB][Reset] enter BattleSpace=1[32m [repeated 32x across cluster][0m
[36m(SingleAgentEnvRunner pid=23528)[0m [JSB][Reset] after lock found=1 size=1[32m [repeated 32x across cluster][0m
[36m(SingleAgentEnvRunner pid=23528)[0m total: 2[32m [repeated 32x across cluster][0m
[36m(SingleAgentEnvRunner pid=23528)[0m [JSB][Reset] exit after_size=1[32m [repeated 32x across cluster][0m
[36m(SingleAgentEnvRunner pid=64536)[0m runner:3/env:0	num_steps=[250] | total rewards=[624.1638] | termination= [ownship destroyed][32m [repeated 31x across cluster][0m
[36m(SingleAgentEnvRunner pid=64536)[0m [JSB][Init] enter BattleSpace=1 Type=1 ForceSide=1 Delta=0.0166667[32m [repeated 77x across cluster][0m
[36m(SingleAgentEnvRunner pid=64536)[0m [JSB][Init] registry size=1[32m [repeated 77x across cluster][0m
[36m(SingleAgentEnvRunner pid=64536)[0m [JSB][Init] before new AIP_FDMExec[32m [repeated 77x across cluster][0m
[36m(SingleAgentEnvRunner pid=64536)[0m [JSB][Init] after new AIP_FDMExec ptr=000001EA8F654D90[32m [repeated 77x across cluster][0m
[36m(SingleAgentEnvRunner pid=64536)[0m [JSB][Init] before Init_FDM ptr=000001EA8F654D90[32m [repeated 77x across cluster][0m
[36m(SingleAgentEnvRunner pid=64440)[0m [JSB][Init] after Init_FDM ptr=000001DF91F77830[32m [repeated 75x across cluster][0m
[36m(SingleAgentEnvRunner pid=64440)[0m [JSB][Init] before Exec_FDM ptr=000001DF91F77830[32m [repeated 75x across cluster][0m
[36m(SingleAgentEnvRunner pid=64440)[0m [JSB][Init] after Exec_FDM ptr=000001DF91F77830[32m [repeated 75x across cluster][0m
[36m(SingleAgentEnvRunner pid=64440)[0m [JSB][Init] before InsertFighter BattleSpace=1 ptr=000001DF91F77830[32m [repeated 75x across cluster][0m
[36m(SingleAgentEnvRunner pid=64440)[0m [JSB][Init] after InsertFighter FighterID=1[32m [repeated 75x across cluster][0m
[36m(SingleAgentEnvRunner pid=63712)[0m runner:9/env:0	num_steps=[252] | total rewards=[1195.0765] | termination= [target destroyed][32m [repeated 8x across cluster][0m
[36m(SingleAgentEnvRunner pid=64536)[0m [JSB][Reset] fighter_count_after=0[32m [repeated 78x across cluster][0m
[36m(SingleAgentEnvRunner pid=64536)[0m [JSB][Reset] enter BattleSpace=1[32m [repeated 39x across cluster][0m
[36m(SingleAgentEnvRunner pid=64536)[0m [JSB][Reset] after lock found=1 size=1[32m [repeated 39x across cluster][0m
[36m(SingleAgentEnvRunner pid=64536)[0m total: 2[32m [repeated 39x across cluster][0m
[36m(SingleAgentEnvRunner pid=64536)[0m [JSB][Reset] exit after_size=1[32m [repeated 39x across cluster][0m
stage=35 | iter_in_stage=2 | total_iter=2 | reward_mean=714.18 | win_rate=0.236 | crash_rate=0.000 | ep_wez_steps=22.8 | episodes_this_iter=66 | entropy=-3.495 | vf_loss=167.786
[36m(SingleAgentEnvRunner pid=64404)[0m runner:7/env:0	num_steps=[257] | total rewards=[507.9583] | termination= [ownship destroyed][32m [repeated 20x across cluster][0m
[36m(SingleAgentEnvRunner pid=64404)[0m [JSB][Init] enter BattleSpace=1 Type=1 ForceSide=2 Delta=0.0166667[32m [repeated 57x across cluster][0m
[36m(SingleAgentEnvRunner pid=64404)[0m [JSB][Init] registry size=1[32m [repeated 57x across cluster][0m
[36m(SingleAgentEnvRunner pid=64404)[0m [JSB][Init] before new AIP_FDMExec[32m [repeated 57x across cluster][0m
[36m(SingleAgentEnvRunner pid=64404)[0m [JSB][Init] after new AIP_FDMExec ptr=000001574046E1B0[32m [repeated 57x across cluster][0m
[36m(SingleAgentEnvRunner pid=64404)[0m [JSB][Init] before Init_FDM ptr=000001574046E1B0[32m [repeated 57x across cluster][0m
[36m(SingleAgentEnvRunner pid=64404)[0m [JSB][Init] after Init_FDM ptr=00000157404700A0[32m [repeated 58x across cluster][0m
[36m(SingleAgentEnvRunner pid=64404)[0m [JSB][Init] before Exec_FDM ptr=00000157404700A0[32m [repeated 58x across cluster][0m
[36m(SingleAgentEnvRunner pid=64404)[0m [JSB][Init] after Exec_FDM ptr=00000157404700A0[32m [repeated 58x across cluster][0m
[36m(SingleAgentEnvRunner pid=64404)[0m [JSB][Init] before InsertFighter BattleSpace=1 ptr=00000157404700A0[32m [repeated 58x across cluster][0m
[36m(SingleAgentEnvRunner pid=64404)[0m [JSB][Init] after InsertFighter FighterID=1[32m [repeated 58x across cluster][0m
[36m(SingleAgentEnvRunner pid=65060)[0m runner:12/env:0	num_steps=[254] | total rewards=[1169.6228] | termination= [target destroyed][32m [repeated 7x across cluster][0m
[36m(SingleAgentEnvRunner pid=64404)[0m [JSB][Reset] fighter_count_after=0[32m [repeated 54x across cluster][0m
[36m(SingleAgentEnvRunner pid=64404)[0m [JSB][Reset] enter BattleSpace=1[32m [repeated 27x across cluster][0m
[36m(SingleAgentEnvRunner pid=64404)[0m [JSB][Reset] after lock found=1 size=1[32m [repeated 27x across cluster][0m
[36m(SingleAgentEnvRunner pid=64404)[0m total: 2[32m [repeated 27x across cluster][0m
[36m(SingleAgentEnvRunner pid=64404)[0m [JSB][Reset] exit after_size=1[32m [repeated 27x across cluster][0m
[36m(SingleAgentEnvRunner pid=63828)[0m runner:10/env:0	num_steps=[251] | total rewards=[397.2848] | termination= [ownship destroyed][32m [repeated 26x across cluster][0m
[36m(SingleAgentEnvRunner pid=63828)[0m [JSB][Init] enter BattleSpace=1 Type=1 ForceSide=2 Delta=0.0166667[32m [repeated 62x across cluster][0m
[36m(SingleAgentEnvRunner pid=63828)[0m [JSB][Init] registry size=1[32m [repeated 62x across cluster][0m
[36m(SingleAgentEnvRunner pid=63828)[0m [JSB][Init] before new AIP_FDMExec[32m [repeated 62x across cluster][0m
[36m(SingleAgentEnvRunner pid=63828)[0m [JSB][Init] after new AIP_FDMExec ptr=0000026D91AFB250[32m [repeated 62x across cluster][0m
[36m(SingleAgentEnvRunner pid=63828)[0m [JSB][Init] before Init_FDM ptr=0000026D91AFB250[32m [repeated 62x across cluster][0m
[36m(SingleAgentEnvRunner pid=63828)[0m [JSB][Init] after Init_FDM ptr=0000026D91AFB250[32m [repeated 63x across cluster][0m
[36m(SingleAgentEnvRunner pid=63828)[0m [JSB][Init] before Exec_FDM ptr=0000026D91AFB250[32m [repeated 63x across cluster][0m
[36m(SingleAgentEnvRunner pid=63828)[0m [JSB][Init] after Exec_FDM ptr=0000026D91AFB250[32m [repeated 63x across cluster][0m
[36m(SingleAgentEnvRunner pid=63828)[0m [JSB][Init] before InsertFighter BattleSpace=1 ptr=0000026D91AFB250[32m [repeated 63x across cluster][0m
[36m(SingleAgentEnvRunner pid=63828)[0m [JSB][Init] after InsertFighter FighterID=2[32m [repeated 63x across cluster][0m
[36m(SingleAgentEnvRunner pid=64440)[0m runner:8/env:0	num_steps=[249] | total rewards=[1170.9587] | termination= [target destroyed][32m [repeated 6x across cluster][0m
[36m(SingleAgentEnvRunner pid=63828)[0m [JSB][Reset] fighter_count_after=0[32m [repeated 64x across cluster][0m
[36m(SingleAgentEnvRunner pid=63828)[0m [JSB][Reset] enter BattleSpace=1[32m [repeated 32x across cluster][0m
[36m(SingleAgentEnvRunner pid=63828)[0m [JSB][Reset] after lock found=1 size=1[32m [repeated 32x across cluster][0m
[36m(SingleAgentEnvRunner pid=63828)[0m total: 2[32m [repeated 32x across cluster][0m
[36m(SingleAgentEnvRunner pid=63828)[0m [JSB][Reset] exit after_size=1[32m [repeated 32x across cluster][0m
stage=35 | iter_in_stage=3 | total_iter=3 | reward_mean=749.08 | win_rate=0.292 | crash_rate=0.000 | ep_wez_steps=23.2 | episodes_this_iter=62 | entropy=-3.492 | vf_loss=202.657
[36m(SingleAgentEnvRunner pid=64404)[0m runner:7/env:0	num_steps=[254] | total rewards=[514.0166] | termination= [ownship destroyed][32m [repeated 18x across cluster][0m
[36m(SingleAgentEnvRunner pid=60068)[0m [JSB][Init] enter BattleSpace=1 Type=1 ForceSide=2 Delta=0.0166667[32m [repeated 60x across cluster][0m
[36m(SingleAgentEnvRunner pid=60068)[0m [JSB][Init] registry size=1[32m [repeated 60x across cluster][0m
[36m(SingleAgentEnvRunner pid=60068)[0m [JSB][Init] before new AIP_FDMExec[32m [repeated 60x across cluster][0m
[36m(SingleAgentEnvRunner pid=60068)[0m [JSB][Init] after new AIP_FDMExec ptr=000002AB91C2E7C0[32m [repeated 60x across cluster][0m
[36m(SingleAgentEnvRunner pid=60068)[0m [JSB][Init] before Init_FDM ptr=000002AB91C2E7C0[32m [repeated 60x across cluster][0m
[36m(SingleAgentEnvRunner pid=60068)[0m [JSB][Init] after Init_FDM ptr=000002AB91C2E7C0[32m [repeated 60x across cluster][0m
[36m(SingleAgentEnvRunner pid=60068)[0m [JSB][Init] before Exec_FDM ptr=000002AB91C2E7C0[32m [repeated 60x across cluster][0m
[36m(SingleAgentEnvRunner pid=60068)[0m [JSB][Init] after Exec_FDM ptr=000002AB91C2E7C0[32m [repeated 60x across cluster][0m
[36m(SingleAgentEnvRunner pid=60068)[0m [JSB][Init] before InsertFighter BattleSpace=1 ptr=000002AB91C2E7C0[32m [repeated 60x across cluster][0m
[36m(SingleAgentEnvRunner pid=60068)[0m [JSB][Init] after InsertFighter FighterID=2[32m [repeated 60x across cluster][0m
[36m(SingleAgentEnvRunner pid=63712)[0m runner:9/env:0	num_steps=[249] | total rewards=[1165.9666] | termination= [target destroyed][32m [repeated 12x across cluster][0m
[36m(SingleAgentEnvRunner pid=64404)[0m [JSB][Reset] fighter_count_after=0[32m [repeated 60x across cluster][0m
[36m(SingleAgentEnvRunner pid=64404)[0m [JSB][Reset] enter BattleSpace=1[32m [repeated 30x across cluster][0m
[36m(SingleAgentEnvRunner pid=64404)[0m [JSB][Reset] after lock found=1 size=1[32m [repeated 30x across cluster][0m
[36m(SingleAgentEnvRunner pid=64404)[0m total: 2[32m [repeated 30x across cluster][0m
[36m(SingleAgentEnvRunner pid=64404)[0m [JSB][Reset] exit after_size=1[32m [repeated 30x across cluster][0m
[36m(SingleAgentEnvRunner pid=65292)[0m runner:15/env:0	num_steps=[261] | total rewards=[502.6201] | termination= [ownship destroyed][32m [repeated 24x across cluster][0m
[36m(SingleAgentEnvRunner pid=64580)[0m [JSB][Init] enter BattleSpace=1 Type=1 ForceSide=2 Delta=0.0166667[32m [repeated 66x across cluster][0m
[36m(SingleAgentEnvRunner pid=64580)[0m [JSB][Init] registry size=1[32m [repeated 66x across cluster][0m
[36m(SingleAgentEnvRunner pid=64580)[0m [JSB][Init] before new AIP_FDMExec[32m [repeated 66x across cluster][0m
[36m(SingleAgentEnvRunner pid=64580)[0m [JSB][Init] after new AIP_FDMExec ptr=000001FF40B1EA70[32m [repeated 66x across cluster][0m
[36m(SingleAgentEnvRunner pid=64580)[0m [JSB][Init] before Init_FDM ptr=000001FF40B1EA70[32m [repeated 66x across cluster][0m
[36m(SingleAgentEnvRunner pid=64580)[0m [JSB][Init] after Init_FDM ptr=000001FF40B1EA70[32m [repeated 66x across cluster][0m
[36m(SingleAgentEnvRunner pid=64580)[0m [JSB][Init] before Exec_FDM ptr=000001FF40B1EA70[32m [repeated 66x across cluster][0m
[36m(SingleAgentEnvRunner pid=64580)[0m [JSB][Init] after Exec_FDM ptr=000001FF40B1EA70[32m [repeated 66x across cluster][0m
[36m(SingleAgentEnvRunner pid=64580)[0m [JSB][Init] before InsertFighter BattleSpace=1 ptr=000001FF40B1EA70[32m [repeated 66x across cluster][0m
[36m(SingleAgentEnvRunner pid=64580)[0m [JSB][Init] after InsertFighter FighterID=2[32m [repeated 66x across cluster][0m
[36m(SingleAgentEnvRunner pid=60068)[0m runner:5/env:0	num_steps=[257] | total rewards=[1208.7610] | termination= [target destroyed][32m [repeated 10x across cluster][0m
[36m(SingleAgentEnvRunner pid=65292)[0m [JSB][Reset] fighter_count_after=0[32m [repeated 68x across cluster][0m
[36m(SingleAgentEnvRunner pid=65292)[0m [JSB][Reset] enter BattleSpace=1[32m [repeated 34x across cluster][0m
[36m(SingleAgentEnvRunner pid=65292)[0m [JSB][Reset] after lock found=1 size=1[32m [repeated 34x across cluster][0m
[36m(SingleAgentEnvRunner pid=65292)[0m total: 2[32m [repeated 34x across cluster][0m
[36m(SingleAgentEnvRunner pid=65292)[0m [JSB][Reset] exit after_size=1[32m [repeated 34x across cluster][0m
stage=35 | iter_in_stage=4 | total_iter=4 | reward_mean=786.30 | win_rate=0.316 | crash_rate=0.000 | ep_wez_steps=23.5 | episodes_this_iter=62 | entropy=-3.520 | vf_loss=282.512
[36m(SingleAgentEnvRunner pid=64188)[0m runner:16/env:0	num_steps=[250] | total rewards=[505.5638] | termination= [ownship destroyed][32m [repeated 18x across cluster][0m
[36m(SingleAgentEnvRunner pid=64188)[0m [JSB][Init] enter BattleSpace=1 Type=1 ForceSide=2 Delta=0.0166667[32m [repeated 60x across cluster][0m
[36m(SingleAgentEnvRunner pid=64188)[0m [JSB][Init] registry size=1[32m [repeated 60x across cluster][0m
[36m(SingleAgentEnvRunner pid=64188)[0m [JSB][Init] before new AIP_FDMExec[32m [repeated 60x across cluster][0m
[36m(SingleAgentEnvRunner pid=64188)[0m [JSB][Init] after new AIP_FDMExec ptr=0000020F1028B1B0[32m [repeated 60x across cluster][0m
[36m(SingleAgentEnvRunner pid=64188)[0m [JSB][Init] before Init_FDM ptr=0000020F1028B1B0[32m [repeated 60x across cluster][0m
[36m(SingleAgentEnvRunner pid=64188)[0m [JSB][Init] after Init_FDM ptr=0000020F1028A760[32m [repeated 59x across cluster][0m
[36m(SingleAgentEnvRunner pid=64188)[0m [JSB][Init] before Exec_FDM ptr=0000020F1028A760[32m [repeated 59x across cluster][0m
[36m(SingleAgentEnvRunner pid=64188)[0m [JSB][Init] after Exec_FDM ptr=0000020F1028A760[32m [repeated 59x across cluster][0m
[36m(SingleAgentEnvRunner pid=64188)[0m [JSB][Init] before InsertFighter BattleSpace=1 ptr=0000020F1028A760[32m [repeated 59x across cluster][0m
[36m(SingleAgentEnvRunner pid=64188)[0m [JSB][Init] after InsertFighter FighterID=1[32m [repeated 59x across cluster][0m
[36m(SingleAgentEnvRunner pid=64928)[0m runner:1/env:0	num_steps=[257] | total rewards=[1167.5079] | termination= [target destroyed][32m [repeated 10x across cluster][0m
[36m(SingleAgentEnvRunner pid=64188)[0m [JSB][Reset] fighter_count_after=0[32m [repeated 56x across cluster][0m
[36m(SingleAgentEnvRunner pid=64188)[0m [JSB][Reset] enter BattleSpace=1[32m [repeated 28x across cluster][0m
[36m(SingleAgentEnvRunner pid=64188)[0m [JSB][Reset] after lock found=1 size=1[32m [repeated 28x across cluster][0m
[36m(SingleAgentEnvRunner pid=64188)[0m total: 2[32m [repeated 28x across cluster][0m
[36m(SingleAgentEnvRunner pid=64188)[0m [JSB][Reset] exit after_size=1[32m [repeated 28x across cluster][0m
[36m(SingleAgentEnvRunner pid=63712)[0m runner:9/env:0	num_steps=[795] | total rewards=[417.8372] | termination= [target altitude below min]
[36m(SingleAgentEnvRunner pid=63828)[0m runner:10/env:0	num_steps=[256] | total rewards=[505.4237] | termination= [ownship destroyed][32m [repeated 20x across cluster][0m
[36m(SingleAgentEnvRunner pid=63828)[0m [JSB][Init] enter BattleSpace=1 Type=1 ForceSide=2 Delta=0.0166667[32m [repeated 62x across cluster][0m
[36m(SingleAgentEnvRunner pid=63828)[0m [JSB][Init] registry size=1[32m [repeated 62x across cluster][0m
[36m(SingleAgentEnvRunner pid=63828)[0m [JSB][Init] before new AIP_FDMExec[32m [repeated 62x across cluster][0m
[36m(SingleAgentEnvRunner pid=63828)[0m [JSB][Init] after new AIP_FDMExec ptr=0000026D91AFAC20[32m [repeated 62x across cluster][0m
[36m(SingleAgentEnvRunner pid=63828)[0m [JSB][Init] before Init_FDM ptr=0000026D91AFAC20[32m [repeated 62x across cluster][0m
[36m(SingleAgentEnvRunner pid=63828)[0m [JSB][Init] after Init_FDM ptr=0000026D91AF8F40[32m [repeated 61x across cluster][0m
[36m(SingleAgentEnvRunner pid=63828)[0m [JSB][Init] before Exec_FDM ptr=0000026D91AF8F40[32m [repeated 61x across cluster][0m
[36m(SingleAgentEnvRunner pid=63828)[0m [JSB][Init] after Exec_FDM ptr=0000026D91AF8F40[32m [repeated 61x across cluster][0m
[36m(SingleAgentEnvRunner pid=63828)[0m [JSB][Init] before InsertFighter BattleSpace=1 ptr=0000026D91AF8F40[32m [repeated 61x across cluster][0m
[36m(SingleAgentEnvRunner pid=63828)[0m [JSB][Init] after InsertFighter FighterID=1[32m [repeated 61x across cluster][0m
[36m(SingleAgentEnvRunner pid=60068)[0m runner:5/env:0	num_steps=[252] | total rewards=[1190.3777] | termination= [target destroyed][32m [repeated 11x across cluster][0m
[36m(SingleAgentEnvRunner pid=63828)[0m [JSB][Reset] fighter_count_after=0[32m [repeated 64x across cluster][0m
[36m(SingleAgentEnvRunner pid=63828)[0m [JSB][Reset] enter BattleSpace=1[32m [repeated 32x across cluster][0m
[36m(SingleAgentEnvRunner pid=63828)[0m [JSB][Reset] after lock found=1 size=1[32m [repeated 32x across cluster][0m
[36m(SingleAgentEnvRunner pid=63828)[0m total: 2[32m [repeated 32x across cluster][0m
[36m(SingleAgentEnvRunner pid=63828)[0m [JSB][Reset] exit after_size=1[32m [repeated 32x across cluster][0m
stage=35 | iter_in_stage=5 | total_iter=5 | reward_mean=758.19 | win_rate=0.286 | crash_rate=0.000 | ep_wez_steps=23.2 | episodes_this_iter=62 | entropy=-3.515 | vf_loss=199.713
[36m(SingleAgentEnvRunner pid=64188)[0m runner:16/env:0	num_steps=[253] | total rewards=[660.1842] | termination= [ownship destroyed][32m [repeated 24x across cluster][0m
[36m(SingleAgentEnvRunner pid=64188)[0m [JSB][Init] enter BattleSpace=1 Type=1 ForceSide=1 Delta=0.0166667[32m [repeated 61x across cluster][0m
[36m(SingleAgentEnvRunner pid=64188)[0m [JSB][Init] registry size=1[32m [repeated 61x across cluster][0m
[36m(SingleAgentEnvRunner pid=64188)[0m [JSB][Init] before new AIP_FDMExec[32m [repeated 61x across cluster][0m
[36m(SingleAgentEnvRunner pid=64188)[0m [JSB][Init] after new AIP_FDMExec ptr=0000020F1290FAB0[32m [repeated 61x across cluster][0m
[36m(SingleAgentEnvRunner pid=64188)[0m [JSB][Init] before Init_FDM ptr=0000020F1290FAB0[32m [repeated 61x across cluster][0m
[36m(SingleAgentEnvRunner pid=63828)[0m [JSB][Init] after Init_FDM ptr=0000026D91AF9570[32m [repeated 62x across cluster][0m
[36m(SingleAgentEnvRunner pid=63828)[0m [JSB][Init] before Exec_FDM ptr=0000026D91AF9570[32m [repeated 62x across cluster][0m
[36m(SingleAgentEnvRunner pid=63828)[0m [JSB][Init] after Exec_FDM ptr=0000026D91AF9570[32m [repeated 62x across cluster][0m
[36m(SingleAgentEnvRunner pid=63828)[0m [JSB][Init] before InsertFighter BattleSpace=1 ptr=0000026D91AF9570[32m [repeated 62x across cluster][0m
[36m(SingleAgentEnvRunner pid=63828)[0m [JSB][Init] after InsertFighter FighterID=2[32m [repeated 62x across cluster][0m
[36m(SingleAgentEnvRunner pid=64440)[0m runner:8/env:0	num_steps=[249] | total rewards=[1183.3750] | termination= [target destroyed][32m [repeated 6x across cluster][0m
[36m(SingleAgentEnvRunner pid=64188)[0m [JSB][Reset] fighter_count_after=0[32m [repeated 60x across cluster][0m
[36m(SingleAgentEnvRunner pid=64188)[0m [JSB][Reset] enter BattleSpace=1[32m [repeated 30x across cluster][0m
[36m(SingleAgentEnvRunner pid=64188)[0m [JSB][Reset] after lock found=1 size=1[32m [repeated 30x across cluster][0m
[36m(SingleAgentEnvRunner pid=64188)[0m total: 2[32m [repeated 30x across cluster][0m
[36m(SingleAgentEnvRunner pid=64188)[0m [JSB][Reset] exit after_size=1[32m [repeated 30x across cluster][0m
[36m(SingleAgentEnvRunner pid=65032)[0m runner:13/env:0	num_steps=[256] | total rewards=[690.0383] | termination= [ownship destroyed][32m [repeated 16x across cluster][0m
[36m(SingleAgentEnvRunner pid=64580)[0m [JSB][Init] enter BattleSpace=1 Type=1 ForceSide=2 Delta=0.0166667[32m [repeated 67x across cluster][0m
[36m(SingleAgentEnvRunner pid=64580)[0m [JSB][Init] registry size=1[32m [repeated 67x across cluster][0m
[36m(SingleAgentEnvRunner pid=64580)[0m [JSB][Init] before new AIP_FDMExec[32m [repeated 67x across cluster][0m
[36m(SingleAgentEnvRunner pid=64580)[0m [JSB][Init] after new AIP_FDMExec ptr=000001FF40B22430[32m [repeated 67x across cluster][0m
[36m(SingleAgentEnvRunner pid=64580)[0m [JSB][Init] before Init_FDM ptr=000001FF40B22430[32m [repeated 67x across cluster][0m
[36m(SingleAgentEnvRunner pid=64580)[0m [JSB][Init] after Init_FDM ptr=000001FF40B1E860[32m [repeated 67x across cluster][0m
[36m(SingleAgentEnvRunner pid=64580)[0m [JSB][Init] before Exec_FDM ptr=000001FF40B1E860[32m [repeated 67x across cluster][0m
[36m(SingleAgentEnvRunner pid=64580)[0m [JSB][Init] after Exec_FDM ptr=000001FF40B1E860[32m [repeated 67x across cluster][0m
[36m(SingleAgentEnvRunner pid=64580)[0m [JSB][Init] before InsertFighter BattleSpace=1 ptr=000001FF40B1E860[32m [repeated 67x across cluster][0m
[36m(SingleAgentEnvRunner pid=64580)[0m [JSB][Init] after InsertFighter FighterID=1[32m [repeated 67x across cluster][0m
[36m(SingleAgentEnvRunner pid=64580)[0m runner:2/env:0	num_steps=[260] | total rewards=[1158.3881] | termination= [target destroyed][32m [repeated 17x across cluster][0m
[36m(SingleAgentEnvRunner pid=64580)[0m [JSB][Reset] fighter_count_after=0[32m [repeated 66x across cluster][0m
[36m(SingleAgentEnvRunner pid=64580)[0m [JSB][Reset] enter BattleSpace=1[32m [repeated 33x across cluster][0m
[36m(SingleAgentEnvRunner pid=64580)[0m [JSB][Reset] after lock found=1 size=1[32m [repeated 33x across cluster][0m
[36m(SingleAgentEnvRunner pid=64580)[0m total: 2[32m [repeated 33x across cluster][0m
[36m(SingleAgentEnvRunner pid=64580)[0m [JSB][Reset] exit after_size=1[32m [repeated 33x across cluster][0m
stage=35 | iter_in_stage=6 | total_iter=6 | reward_mean=846.15 | win_rate=0.385 | crash_rate=0.000 | ep_wez_steps=23.8 | episodes_this_iter=63 | entropy=-3.542 | vf_loss=271.942
[36m(SingleAgentEnvRunner pid=64188)[0m runner:16/env:0	num_steps=[254] | total rewards=[398.2838] | termination= [ownship destroyed][32m [repeated 23x across cluster][0m
[36m(SingleAgentEnvRunner pid=64188)[0m [JSB][Init] enter BattleSpace=1 Type=1 ForceSide=1 Delta=0.0166667[32m [repeated 59x across cluster][0m
[36m(SingleAgentEnvRunner pid=64188)[0m [JSB][Init] registry size=1[32m [repeated 59x across cluster][0m
[36m(SingleAgentEnvRunner pid=64188)[0m [JSB][Init] before new AIP_FDMExec[32m [repeated 59x across cluster][0m
[36m(SingleAgentEnvRunner pid=64188)[0m [JSB][Init] after new AIP_FDMExec ptr=0000020F1290FCC0[32m [repeated 59x across cluster][0m
[36m(SingleAgentEnvRunner pid=64188)[0m [JSB][Init] before Init_FDM ptr=0000020F1290FCC0[32m [repeated 59x across cluster][0m
[36m(SingleAgentEnvRunner pid=65292)[0m [JSB][Init] after Init_FDM ptr=000002C092202040[32m [repeated 59x across cluster][0m
[36m(SingleAgentEnvRunner pid=65292)[0m [JSB][Init] before Exec_FDM ptr=000002C092202040[32m [repeated 59x across cluster][0m
[36m(SingleAgentEnvRunner pid=65292)[0m [JSB][Init] after Exec_FDM ptr=000002C092202040[32m [repeated 59x across cluster][0m
[36m(SingleAgentEnvRunner pid=65292)[0m [JSB][Init] before InsertFighter BattleSpace=1 ptr=000002C092202040[32m [repeated 59x across cluster][0m
[36m(SingleAgentEnvRunner pid=65292)[0m [JSB][Init] after InsertFighter FighterID=2[32m [repeated 59x across cluster][0m
[36m(SingleAgentEnvRunner pid=65032)[0m runner:13/env:0	num_steps=[255] | total rewards=[1171.7400] | termination= [target destroyed][32m [repeated 7x across cluster][0m
[36m(SingleAgentEnvRunner pid=64188)[0m [JSB][Reset] fighter_count_after=0[32m [repeated 60x across cluster][0m
[36m(SingleAgentEnvRunner pid=64188)[0m [JSB][Reset] enter BattleSpace=1[32m [repeated 30x across cluster][0m
[36m(SingleAgentEnvRunner pid=64188)[0m [JSB][Reset] after lock found=1 size=1[32m [repeated 30x across cluster][0m
[36m(SingleAgentEnvRunner pid=64188)[0m total: 2[32m [repeated 30x across cluster][0m
[36m(SingleAgentEnvRunner pid=64188)[0m [JSB][Reset] exit after_size=1[32m [repeated 30x across cluster][0m
[36m(SingleAgentEnvRunner pid=17636)[0m runner:11/env:0	num_steps=[247] | total rewards=[465.7977] | termination= [ownship destroyed][32m [repeated 21x across cluster][0m
[36m(SingleAgentEnvRunner pid=65292)[0m [JSB][Init] enter BattleSpace=1 Type=1 ForceSide=1 Delta=0.0166667[32m [repeated 60x across cluster][0m
[36m(SingleAgentEnvRunner pid=65292)[0m [JSB][Init] registry size=1[32m [repeated 60x across cluster][0m
[36m(SingleAgentEnvRunner pid=65292)[0m [JSB][Init] before new AIP_FDMExec[32m [repeated 60x across cluster][0m
[36m(SingleAgentEnvRunner pid=65292)[0m [JSB][Init] after new AIP_FDMExec ptr=000002C092201E30[32m [repeated 60x across cluster][0m
[36m(SingleAgentEnvRunner pid=65292)[0m [JSB][Init] before Init_FDM ptr=000002C092201E30[32m [repeated 60x across cluster][0m
[36m(SingleAgentEnvRunner pid=64404)[0m [JSB][Init] after Init_FDM ptr=0000015740A4D130[32m [repeated 60x across cluster][0m
[36m(SingleAgentEnvRunner pid=64404)[0m [JSB][Init] before Exec_FDM ptr=0000015740A4D130[32m [repeated 60x across cluster][0m
[36m(SingleAgentEnvRunner pid=64404)[0m [JSB][Init] after Exec_FDM ptr=0000015740A4D130[32m [repeated 60x across cluster][0m
[36m(SingleAgentEnvRunner pid=64404)[0m [JSB][Init] before InsertFighter BattleSpace=1 ptr=0000015740A4D130[32m [repeated 60x across cluster][0m
[36m(SingleAgentEnvRunner pid=64404)[0m [JSB][Init] after InsertFighter FighterID=2[32m [repeated 60x across cluster][0m
[36m(SingleAgentEnvRunner pid=65292)[0m runner:15/env:0	num_steps=[270] | total rewards=[1154.9169] | termination= [target destroyed][32m [repeated 11x across cluster][0m
[36m(SingleAgentEnvRunner pid=17636)[0m [JSB][Reset] fighter_count_after=0[32m [repeated 64x across cluster][0m
[36m(SingleAgentEnvRunner pid=17636)[0m [JSB][Reset] enter BattleSpace=1[32m [repeated 32x across cluster][0m
[36m(SingleAgentEnvRunner pid=17636)[0m [JSB][Reset] after lock found=1 size=1[32m [repeated 32x across cluster][0m
[36m(SingleAgentEnvRunner pid=17636)[0m total: 2[32m [repeated 32x across cluster][0m
[36m(SingleAgentEnvRunner pid=17636)[0m [JSB][Reset] exit after_size=1[32m [repeated 32x across cluster][0m
stage=35 | iter_in_stage=7 | total_iter=7 | reward_mean=773.05 | win_rate=0.271 | crash_rate=0.000 | ep_wez_steps=23.7 | episodes_this_iter=62 | entropy=-3.525 | vf_loss=385.653
[36m(SingleAgentEnvRunner pid=64404)[0m runner:7/env:0	num_steps=[257] | total rewards=[429.9148] | termination= [ownship destroyed][32m [repeated 24x across cluster][0m
[36m(SingleAgentEnvRunner pid=64404)[0m [JSB][Init] enter BattleSpace=1 Type=1 ForceSide=2 Delta=0.0166667[32m [repeated 65x across cluster][0m
[36m(SingleAgentEnvRunner pid=64404)[0m [JSB][Init] registry size=1[32m [repeated 65x across cluster][0m
[36m(SingleAgentEnvRunner pid=64404)[0m [JSB][Init] before new AIP_FDMExec[32m [repeated 65x across cluster][0m
[36m(SingleAgentEnvRunner pid=64404)[0m [JSB][Init] after new AIP_FDMExec ptr=0000015740A4FE90[32m [repeated 65x across cluster][0m
[36m(SingleAgentEnvRunner pid=64404)[0m [JSB][Init] before Init_FDM ptr=0000015740A4FE90[32m [repeated 65x across cluster][0m
[36m(SingleAgentEnvRunner pid=64404)[0m [JSB][Init] after Init_FDM ptr=0000015740A4E1B0[32m [repeated 65x across cluster][0m
[36m(SingleAgentEnvRunner pid=64404)[0m [JSB][Init] before Exec_FDM ptr=0000015740A4E1B0[32m [repeated 65x across cluster][0m
[36m(SingleAgentEnvRunner pid=64404)[0m [JSB][Init] after Exec_FDM ptr=0000015740A4E1B0[32m [repeated 65x across cluster][0m
[36m(SingleAgentEnvRunner pid=64404)[0m [JSB][Init] before InsertFighter BattleSpace=1 ptr=0000015740A4E1B0[32m [repeated 65x across cluster][0m
[36m(SingleAgentEnvRunner pid=64404)[0m [JSB][Init] after InsertFighter FighterID=1[32m [repeated 65x across cluster][0m
[36m(SingleAgentEnvRunner pid=64368)[0m runner:6/env:0	num_steps=[253] | total rewards=[1184.6590] | termination= [target destroyed][32m [repeated 6x across cluster][0m
[36m(SingleAgentEnvRunner pid=64404)[0m [JSB][Reset] fighter_count_after=0[32m [repeated 60x across cluster][0m
[36m(SingleAgentEnvRunner pid=64404)[0m [JSB][Reset] enter BattleSpace=1[32m [repeated 30x across cluster][0m
[36m(SingleAgentEnvRunner pid=64404)[0m [JSB][Reset] after lock found=1 size=1[32m [repeated 30x across cluster][0m
[36m(SingleAgentEnvRunner pid=64404)[0m total: 2[32m [repeated 30x across cluster][0m
[36m(SingleAgentEnvRunner pid=64404)[0m [JSB][Reset] exit after_size=1[32m [repeated 30x across cluster][0m
[36m(SingleAgentEnvRunner pid=64536)[0m runner:3/env:0	num_steps=[262] | total rewards=[661.0799] | termination= [ownship destroyed][32m [repeated 23x across cluster][0m
[36m(SingleAgentEnvRunner pid=17636)[0m [JSB][Init] enter BattleSpace=1 Type=1 ForceSide=2 Delta=0.0166667[32m [repeated 66x across cluster][0m
[36m(SingleAgentEnvRunner pid=17636)[0m [JSB][Init] registry size=1[32m [repeated 66x across cluster][0m
[36m(SingleAgentEnvRunner pid=17636)[0m [JSB][Init] before new AIP_FDMExec[32m [repeated 66x across cluster][0m
[36m(SingleAgentEnvRunner pid=17636)[0m [JSB][Init] after new AIP_FDMExec ptr=000001BD1485AE70[32m [repeated 66x across cluster][0m
[36m(SingleAgentEnvRunner pid=17636)[0m [JSB][Init] before Init_FDM ptr=000001BD1485AE70[32m [repeated 66x across cluster][0m
[36m(SingleAgentEnvRunner pid=17636)[0m [JSB][Init] after Init_FDM ptr=000001BD1485AE70[32m [repeated 67x across cluster][0m
[36m(SingleAgentEnvRunner pid=17636)[0m [JSB][Init] before Exec_FDM ptr=000001BD1485AE70[32m [repeated 67x across cluster][0m
[36m(SingleAgentEnvRunner pid=17636)[0m [JSB][Init] after Exec_FDM ptr=000001BD1485AE70[32m [repeated 67x across cluster][0m
[36m(SingleAgentEnvRunner pid=17636)[0m [JSB][Init] before InsertFighter BattleSpace=1 ptr=000001BD1485AE70[32m [repeated 67x across cluster][0m
[36m(SingleAgentEnvRunner pid=17636)[0m [JSB][Init] after InsertFighter FighterID=2[32m [repeated 67x across cluster][0m
[36m(SingleAgentEnvRunner pid=64580)[0m runner:2/env:0	num_steps=[251] | total rewards=[1170.1993] | termination= [target destroyed][32m [repeated 11x across cluster][0m
[36m(SingleAgentEnvRunner pid=64580)[0m [JSB][Reset] fighter_count_after=0[32m [repeated 68x across cluster][0m
[36m(SingleAgentEnvRunner pid=64580)[0m [JSB][Reset] enter BattleSpace=1[32m [repeated 34x across cluster][0m
[36m(SingleAgentEnvRunner pid=64580)[0m [JSB][Reset] after lock found=1 size=1[32m [repeated 34x across cluster][0m
[36m(SingleAgentEnvRunner pid=64580)[0m total: 2[32m [repeated 34x across cluster][0m
[36m(SingleAgentEnvRunner pid=64580)[0m [JSB][Reset] exit after_size=1[32m [repeated 34x across cluster][0m
stage=35 | iter_in_stage=8 | total_iter=8 | reward_mean=770.96 | win_rate=0.271 | crash_rate=0.000 | ep_wez_steps=23.5 | episodes_this_iter=60 | entropy=-3.525 | vf_loss=309.183
[36m(SingleAgentEnvRunner pid=64188)[0m runner:16/env:0	num_steps=[257] | total rewards=[692.0973] | termination= [ownship destroyed][32m [repeated 20x across cluster][0m
[36m(SingleAgentEnvRunner pid=64188)[0m [JSB][Init] enter BattleSpace=1 Type=1 ForceSide=1 Delta=0.0166667[32m [repeated 53x across cluster][0m
[36m(SingleAgentEnvRunner pid=64188)[0m [JSB][Init] registry size=1[32m [repeated 53x across cluster][0m
[36m(SingleAgentEnvRunner pid=64188)[0m [JSB][Init] before new AIP_FDMExec[32m [repeated 53x across cluster][0m
[36m(SingleAgentEnvRunner pid=64188)[0m [JSB][Init] after new AIP_FDMExec ptr=0000020F1028B9F0[32m [repeated 53x across cluster][0m
[36m(SingleAgentEnvRunner pid=64188)[0m [JSB][Init] before Init_FDM ptr=0000020F1028B9F0[32m [repeated 53x across cluster][0m
[36m(SingleAgentEnvRunner pid=65292)[0m [JSB][Init] after Init_FDM ptr=000002C092202040[32m [repeated 52x across cluster][0m
[36m(SingleAgentEnvRunner pid=65292)[0m [JSB][Init] before Exec_FDM ptr=000002C092202040[32m [repeated 52x across cluster][0m
[36m(SingleAgentEnvRunner pid=65292)[0m [JSB][Init] after Exec_FDM ptr=000002C092202040[32m [repeated 52x across cluster][0m
[36m(SingleAgentEnvRunner pid=65292)[0m [JSB][Init] before InsertFighter BattleSpace=1 ptr=000002C092202040[32m [repeated 52x across cluster][0m
[36m(SingleAgentEnvRunner pid=65292)[0m [JSB][Init] after InsertFighter FighterID=2[32m [repeated 52x across cluster][0m
[36m(SingleAgentEnvRunner pid=65292)[0m runner:15/env:0	num_steps=[252] | total rewards=[1166.3093] | termination= [target destroyed][32m [repeated 6x across cluster][0m
[36m(SingleAgentEnvRunner pid=64188)[0m [JSB][Reset] fighter_count_after=0[32m [repeated 52x across cluster][0m
[36m(SingleAgentEnvRunner pid=64188)[0m [JSB][Reset] enter BattleSpace=1[32m [repeated 26x across cluster][0m
[36m(SingleAgentEnvRunner pid=64188)[0m [JSB][Reset] after lock found=1 size=1[32m [repeated 26x across cluster][0m
[36m(SingleAgentEnvRunner pid=64188)[0m total: 2[32m [repeated 26x across cluster][0m
[36m(SingleAgentEnvRunner pid=64188)[0m [JSB][Reset] exit after_size=1[32m [repeated 26x across cluster][0m
[36m(SingleAgentEnvRunner pid=23528)[0m runner:4/env:0	num_steps=[254] | total rewards=[699.7008] | termination= [ownship destroyed][32m [repeated 18x across cluster][0m
[36m(SingleAgentEnvRunner pid=23528)[0m [JSB][Init] enter BattleSpace=1 Type=1 ForceSide=2 Delta=0.0166667[32m [repeated 63x across cluster][0m
[36m(SingleAgentEnvRunner pid=23528)[0m [JSB][Init] registry size=1[32m [repeated 63x across cluster][0m
[36m(SingleAgentEnvRunner pid=23528)[0m [JSB][Init] before new AIP_FDMExec[32m [repeated 63x across cluster][0m
[36m(SingleAgentEnvRunner pid=23528)[0m [JSB][Init] after new AIP_FDMExec ptr=0000023111E73E40[32m [repeated 63x across cluster][0m
[36m(SingleAgentEnvRunner pid=23528)[0m [JSB][Init] before Init_FDM ptr=0000023111E73E40[32m [repeated 63x across cluster][0m
[36m(SingleAgentEnvRunner pid=23528)[0m [JSB][Init] after Init_FDM ptr=0000023111E73E40[32m [repeated 64x across cluster][0m
[36m(SingleAgentEnvRunner pid=23528)[0m [JSB][Init] before Exec_FDM ptr=0000023111E73E40[32m [repeated 64x across cluster][0m
[36m(SingleAgentEnvRunner pid=23528)[0m [JSB][Init] after Exec_FDM ptr=0000023111E73E40[32m [repeated 64x across cluster][0m
[36m(SingleAgentEnvRunner pid=23528)[0m [JSB][Init] before InsertFighter BattleSpace=1 ptr=0000023111E73E40[32m [repeated 64x across cluster][0m
[36m(SingleAgentEnvRunner pid=23528)[0m [JSB][Init] after InsertFighter FighterID=2[32m [repeated 64x across cluster][0m
[36m(SingleAgentEnvRunner pid=64928)[0m runner:1/env:0	num_steps=[254] | total rewards=[1184.5301] | termination= [target destroyed][32m [repeated 13x across cluster][0m
[36m(SingleAgentEnvRunner pid=23528)[0m [JSB][Reset] fighter_count_after=0[32m [repeated 62x across cluster][0m
[36m(SingleAgentEnvRunner pid=23528)[0m [JSB][Reset] enter BattleSpace=1[32m [repeated 31x across cluster][0m
[36m(SingleAgentEnvRunner pid=23528)[0m [JSB][Reset] after lock found=1 size=1[32m [repeated 31x across cluster][0m
[36m(SingleAgentEnvRunner pid=23528)[0m total: 2[32m [repeated 31x across cluster][0m
[36m(SingleAgentEnvRunner pid=23528)[0m [JSB][Reset] exit after_size=1[32m [repeated 31x across cluster][0m
stage=35 | iter_in_stage=9 | total_iter=9 | reward_mean=823.37 | win_rate=0.380 | crash_rate=0.000 | ep_wez_steps=23.7 | episodes_this_iter=61 | entropy=-3.521 | vf_loss=301.063
[36m(SingleAgentEnvRunner pid=64368)[0m runner:6/env:0	num_steps=[252] | total rewards=[663.7785] | termination= [ownship destroyed][32m [repeated 18x across cluster][0m
[36m(SingleAgentEnvRunner pid=64404)[0m [JSB][Init] enter BattleSpace=1 Type=1 ForceSide=1 Delta=0.0166667[32m [repeated 59x across cluster][0m
[36m(SingleAgentEnvRunner pid=64404)[0m [JSB][Init] registry size=1[32m [repeated 59x across cluster][0m
[36m(SingleAgentEnvRunner pid=64404)[0m [JSB][Init] before new AIP_FDMExec[32m [repeated 59x across cluster][0m
[36m(SingleAgentEnvRunner pid=64404)[0m [JSB][Init] after new AIP_FDMExec ptr=0000015740A57C60[32m [repeated 59x across cluster][0m
[36m(SingleAgentEnvRunner pid=64404)[0m [JSB][Init] before Init_FDM ptr=0000015740A57C60[32m [repeated 59x across cluster][0m
[36m(SingleAgentEnvRunner pid=64368)[0m [JSB][Init] after Init_FDM ptr=0000019D1208EDE0[32m [repeated 58x across cluster][0m
[36m(SingleAgentEnvRunner pid=64368)[0m [JSB][Init] before Exec_FDM ptr=0000019D1208EDE0[32m [repeated 58x across cluster][0m
[36m(SingleAgentEnvRunner pid=64368)[0m [JSB][Init] after Exec_FDM ptr=0000019D1208EDE0[32m [repeated 58x across cluster][0m
[36m(SingleAgentEnvRunner pid=64368)[0m [JSB][Init] before InsertFighter BattleSpace=1 ptr=0000019D1208EDE0[32m [repeated 58x across cluster][0m
[36m(SingleAgentEnvRunner pid=64368)[0m [JSB][Init] after InsertFighter FighterID=2[32m [repeated 58x across cluster][0m
[36m(SingleAgentEnvRunner pid=64404)[0m runner:7/env:0	num_steps=[250] | total rewards=[1174.4579] | termination= [target destroyed][32m [repeated 12x across cluster][0m
[36m(SingleAgentEnvRunner pid=64404)[0m [JSB][Reset] fighter_count_after=0[32m [repeated 60x across cluster][0m
[36m(SingleAgentEnvRunner pid=64404)[0m [JSB][Reset] enter BattleSpace=1[32m [repeated 30x across cluster][0m
[36m(SingleAgentEnvRunner pid=64404)[0m [JSB][Reset] after lock found=1 size=1[32m [repeated 30x across cluster][0m
[36m(SingleAgentEnvRunner pid=64404)[0m total: 2[32m [repeated 30x across cluster][0m
[36m(SingleAgentEnvRunner pid=64404)[0m [JSB][Reset] exit after_size=1[32m [repeated 30x across cluster][0m
[36m(SingleAgentEnvRunner pid=64580)[0m runner:2/env:0	num_steps=[258] | total rewards=[656.5898] | termination= [ownship destroyed][32m [repeated 21x across cluster][0m
[36m(SingleAgentEnvRunner pid=64368)[0m [JSB][Init] enter BattleSpace=1 Type=1 ForceSide=2 Delta=0.0166667[32m [repeated 65x across cluster][0m
[36m(SingleAgentEnvRunner pid=64368)[0m [JSB][Init] registry size=1[32m [repeated 65x across cluster][0m
[36m(SingleAgentEnvRunner pid=64368)[0m [JSB][Init] before new AIP_FDMExec[32m [repeated 65x across cluster][0m
[36m(SingleAgentEnvRunner pid=64368)[0m [JSB][Init] after new AIP_FDMExec ptr=0000019D1208D520[32m [repeated 65x across cluster][0m
[36m(SingleAgentEnvRunner pid=64368)[0m [JSB][Init] before Init_FDM ptr=0000019D1208D520[32m [repeated 65x across cluster][0m
[36m(SingleAgentEnvRunner pid=64188)[0m [JSB][Init] after Init_FDM ptr=0000020F12911370[32m [repeated 65x across cluster][0m
[36m(SingleAgentEnvRunner pid=64188)[0m [JSB][Init] before Exec_FDM ptr=0000020F12911370[32m [repeated 65x across cluster][0m
[36m(SingleAgentEnvRunner pid=64188)[0m [JSB][Init] after Exec_FDM ptr=0000020F12911370[32m [repeated 65x across cluster][0m
[36m(SingleAgentEnvRunner pid=64188)[0m [JSB][Init] before InsertFighter BattleSpace=1 ptr=0000020F12911370[32m [repeated 65x across cluster][0m
[36m(SingleAgentEnvRunner pid=64188)[0m [JSB][Init] after InsertFighter FighterID=2[32m [repeated 65x across cluster][0m
[36m(SingleAgentEnvRunner pid=64368)[0m runner:6/env:0	num_steps=[255] | total rewards=[1161.0761] | termination= [target destroyed][32m [repeated 13x across cluster][0m
[36m(SingleAgentEnvRunner pid=64580)[0m [JSB][Reset] fighter_count_after=0[32m [repeated 68x across cluster][0m
[36m(SingleAgentEnvRunner pid=64580)[0m [JSB][Reset] enter BattleSpace=1[32m [repeated 34x across cluster][0m
[36m(SingleAgentEnvRunner pid=64580)[0m [JSB][Reset] after lock found=1 size=1[32m [repeated 34x across cluster][0m
[36m(SingleAgentEnvRunner pid=64580)[0m total: 2[32m [repeated 34x across cluster][0m
[36m(SingleAgentEnvRunner pid=64580)[0m [JSB][Reset] exit after_size=1[32m [repeated 34x across cluster][0m
stage=35 | iter_in_stage=10 | total_iter=10 | reward_mean=802.76 | win_rate=0.339 | crash_rate=0.000 | ep_wez_steps=23.8 | episodes_this_iter=60 | entropy=-3.543 | vf_loss=361.720
[36m(SingleAgentEnvRunner pid=64928)[0m runner:1/env:0	num_steps=[251] | total rewards=[509.8242] | termination= [ownship destroyed][32m [repeated 19x across cluster][0m
[36m(SingleAgentEnvRunner pid=64580)[0m [JSB][Init] enter BattleSpace=1 Type=1 ForceSide=2 Delta=0.0166667[32m [repeated 56x across cluster][0m
[36m(SingleAgentEnvRunner pid=64580)[0m [JSB][Init] registry size=1[32m [repeated 56x across cluster][0m
[36m(SingleAgentEnvRunner pid=64580)[0m [JSB][Init] before new AIP_FDMExec[32m [repeated 56x across cluster][0m
[36m(SingleAgentEnvRunner pid=64580)[0m [JSB][Init] after new AIP_FDMExec ptr=000001FF40E35050[32m [repeated 56x across cluster][0m
[36m(SingleAgentEnvRunner pid=64580)[0m [JSB][Init] before Init_FDM ptr=000001FF40E35050[32m [repeated 56x across cluster][0m
[36m(SingleAgentEnvRunner pid=64580)[0m [JSB][Init] after Init_FDM ptr=000001FF40E36910[32m [repeated 56x across cluster][0m
[36m(SingleAgentEnvRunner pid=64580)[0m [JSB][Init] before Exec_FDM ptr=000001FF40E36910[32m [repeated 56x across cluster][0m
[36m(SingleAgentEnvRunner pid=64580)[0m [JSB][Init] after Exec_FDM ptr=000001FF40E36910[32m [repeated 56x across cluster][0m
[36m(SingleAgentEnvRunner pid=64580)[0m [JSB][Init] before InsertFighter BattleSpace=1 ptr=000001FF40E36910[32m [repeated 56x across cluster][0m
[36m(SingleAgentEnvRunner pid=64580)[0m [JSB][Init] after InsertFighter FighterID=1[32m [repeated 56x across cluster][0m
[36m(SingleAgentEnvRunner pid=64580)[0m runner:2/env:0	num_steps=[426] | total rewards=[1165.1606] | termination= [target destroyed][32m [repeated 7x across cluster][0m
[36m(SingleAgentEnvRunner pid=64580)[0m [JSB][Reset] fighter_count_after=0[32m [repeated 52x across cluster][0m
[36m(SingleAgentEnvRunner pid=64580)[0m [JSB][Reset] enter BattleSpace=1[32m [repeated 26x across cluster][0m
[36m(SingleAgentEnvRunner pid=64580)[0m [JSB][Reset] after lock found=1 size=1[32m [repeated 26x across cluster][0m
[36m(SingleAgentEnvRunner pid=64580)[0m total: 2[32m [repeated 26x across cluster][0m
[36m(SingleAgentEnvRunner pid=64580)[0m [JSB][Reset] exit after_size=1[32m [repeated 26x across cluster][0m
[36m(SingleAgentEnvRunner pid=60068)[0m runner:5/env:0	num_steps=[253] | total rewards=[714.2810] | termination= [ownship destroyed][32m [repeated 29x across cluster][0m
[36m(SingleAgentEnvRunner pid=63828)[0m [JSB][Init] enter BattleSpace=1 Type=1 ForceSide=1 Delta=0.0166667[32m [repeated 79x across cluster][0m
[36m(SingleAgentEnvRunner pid=63828)[0m [JSB][Init] registry size=1[32m [repeated 79x across cluster][0m
[36m(SingleAgentEnvRunner pid=63828)[0m [JSB][Init] before new AIP_FDMExec[32m [repeated 79x across cluster][0m
[36m(SingleAgentEnvRunner pid=63828)[0m [JSB][Init] after new AIP_FDMExec ptr=0000026D91B44420[32m [repeated 79x across cluster][0m
[36m(SingleAgentEnvRunner pid=63828)[0m [JSB][Init] before Init_FDM ptr=0000026D91B44420[32m [repeated 79x across cluster][0m
[36m(SingleAgentEnvRunner pid=64404)[0m [JSB][Init] after Init_FDM ptr=0000015740A55530[32m [repeated 79x across cluster][0m
[36m(SingleAgentEnvRunner pid=64404)[0m [JSB][Init] before Exec_FDM ptr=0000015740A55530[32m [repeated 79x across cluster][0m
[36m(SingleAgentEnvRunner pid=64404)[0m [JSB][Init] after Exec_FDM ptr=0000015740A55530[32m [repeated 79x across cluster][0m
[36m(SingleAgentEnvRunner pid=64404)[0m [JSB][Init] before InsertFighter BattleSpace=1 ptr=0000015740A55530[32m [repeated 79x across cluster][0m
[36m(SingleAgentEnvRunner pid=64404)[0m [JSB][Init] after InsertFighter FighterID=2[32m [repeated 79x across cluster][0m
[36m(SingleAgentEnvRunner pid=65292)[0m runner:15/env:0	num_steps=[257] | total rewards=[1210.4585] | termination= [target destroyed][32m [repeated 13x across cluster][0m
[36m(SingleAgentEnvRunner pid=60068)[0m [JSB][Reset] fighter_count_after=0[32m [repeated 84x across cluster][0m
[36m(SingleAgentEnvRunner pid=60068)[0m [JSB][Reset] enter BattleSpace=1[32m [repeated 42x across cluster][0m
[36m(SingleAgentEnvRunner pid=60068)[0m [JSB][Reset] after lock found=1 size=1[32m [repeated 42x across cluster][0m
[36m(SingleAgentEnvRunner pid=60068)[0m total: 2[32m [repeated 42x across cluster][0m
[36m(SingleAgentEnvRunner pid=60068)[0m [JSB][Reset] exit after_size=1[32m [repeated 42x across cluster][0m
stage=35 | iter_in_stage=11 | total_iter=11 | reward_mean=794.67 | win_rate=0.349 | crash_rate=0.000 | ep_wez_steps=23.5 | episodes_this_iter=60 | entropy=-3.519 | vf_loss=152.907
[36m(SingleAgentEnvRunner pid=64580)[0m runner:2/env:0	num_steps=[261] | total rewards=[693.1249] | termination= [ownship destroyed][32m [repeated 13x across cluster][0m
[36m(SingleAgentEnvRunner pid=64580)[0m [JSB][Init] enter BattleSpace=1 Type=1 ForceSide=1 Delta=0.0166667[32m [repeated 40x across cluster][0m
[36m(SingleAgentEnvRunner pid=64580)[0m [JSB][Init] registry size=1[32m [repeated 40x across cluster][0m
[36m(SingleAgentEnvRunner pid=64580)[0m [JSB][Init] before new AIP_FDMExec[32m [repeated 40x across cluster][0m
[36m(SingleAgentEnvRunner pid=64580)[0m [JSB][Init] after new AIP_FDMExec ptr=000001FF40B8BA40[32m [repeated 40x across cluster][0m
[36m(SingleAgentEnvRunner pid=64580)[0m [JSB][Init] before Init_FDM ptr=000001FF40B8BA40[32m [repeated 40x across cluster][0m
[36m(SingleAgentEnvRunner pid=64928)[0m [JSB][Init] after Init_FDM ptr=000002568F9AD0A0[32m [repeated 40x across cluster][0m
[36m(SingleAgentEnvRunner pid=64928)[0m [JSB][Init] before Exec_FDM ptr=000002568F9AD0A0[32m [repeated 40x across cluster][0m
[36m(SingleAgentEnvRunner pid=64928)[0m [JSB][Init] after Exec_FDM ptr=000002568F9AD0A0[32m [repeated 40x across cluster][0m
[36m(SingleAgentEnvRunner pid=64928)[0m [JSB][Init] before InsertFighter BattleSpace=1 ptr=000002568F9AD0A0[32m [repeated 40x across cluster][0m
[36m(SingleAgentEnvRunner pid=64928)[0m [JSB][Init] after InsertFighter FighterID=2[32m [repeated 40x across cluster][0m
[36m(SingleAgentEnvRunner pid=64440)[0m runner:8/env:0	num_steps=[263] | total rewards=[1191.6647] | termination= [target destroyed][32m [repeated 5x across cluster][0m
[36m(SingleAgentEnvRunner pid=64580)[0m [JSB][Reset] fighter_count_after=0[32m [repeated 36x across cluster][0m
[36m(SingleAgentEnvRunner pid=64580)[0m [JSB][Reset] enter BattleSpace=1[32m [repeated 18x across cluster][0m
[36m(SingleAgentEnvRunner pid=64580)[0m [JSB][Reset] after lock found=1 size=1[32m [repeated 18x across cluster][0m
[36m(SingleAgentEnvRunner pid=64580)[0m total: 2[32m [repeated 18x across cluster][0m
[36m(SingleAgentEnvRunner pid=64580)[0m [JSB][Reset] exit after_size=1[32m [repeated 18x across cluster][0m
[36m(SingleAgentEnvRunner pid=23528)[0m runner:4/env:0	num_steps=[257] | total rewards=[694.8497] | termination= [ownship destroyed][32m [repeated 20x across cluster][0m
[36m(SingleAgentEnvRunner pid=23528)[0m [JSB][Init] enter BattleSpace=1 Type=1 ForceSide=2 Delta=0.0166667[32m [repeated 63x across cluster][0m
[36m(SingleAgentEnvRunner pid=23528)[0m [JSB][Init] registry size=1[32m [repeated 63x across cluster][0m
[36m(SingleAgentEnvRunner pid=23528)[0m [JSB][Init] before new AIP_FDMExec[32m [repeated 63x across cluster][0m
[36m(SingleAgentEnvRunner pid=23528)[0m [JSB][Init] after new AIP_FDMExec ptr=0000023111B4A240[32m [repeated 63x across cluster][0m
[36m(SingleAgentEnvRunner pid=23528)[0m [JSB][Init] before Init_FDM ptr=0000023111B4A240[32m [repeated 63x across cluster][0m
[36m(SingleAgentEnvRunner pid=23528)[0m [JSB][Init] after Init_FDM ptr=0000023111B4A240[32m [repeated 64x across cluster][0m
[36m(SingleAgentEnvRunner pid=23528)[0m [JSB][Init] before Exec_FDM ptr=0000023111B4A240[32m [repeated 64x across cluster][0m
[36m(SingleAgentEnvRunner pid=23528)[0m [JSB][Init] after Exec_FDM ptr=0000023111B4A240[32m [repeated 64x across cluster][0m
[36m(SingleAgentEnvRunner pid=23528)[0m [JSB][Init] before InsertFighter BattleSpace=1 ptr=0000023111B4A240[32m [repeated 64x across cluster][0m
[36m(SingleAgentEnvRunner pid=23528)[0m [JSB][Init] after InsertFighter FighterID=2[32m [repeated 64x across cluster][0m
[36m(SingleAgentEnvRunner pid=64188)[0m runner:16/env:0	num_steps=[257] | total rewards=[1161.5335] | termination= [target destroyed][32m [repeated 12x across cluster][0m
[36m(SingleAgentEnvRunner pid=23528)[0m [JSB][Reset] fighter_count_after=0[32m [repeated 64x across cluster][0m
[36m(SingleAgentEnvRunner pid=23528)[0m [JSB][Reset] enter BattleSpace=1[32m [repeated 32x across cluster][0m
[36m(SingleAgentEnvRunner pid=23528)[0m [JSB][Reset] after lock found=1 size=1[32m [repeated 32x across cluster][0m
[36m(SingleAgentEnvRunner pid=23528)[0m total: 2[32m [repeated 32x across cluster][0m
[36m(SingleAgentEnvRunner pid=23528)[0m [JSB][Reset] exit after_size=1[32m [repeated 32x across cluster][0m
stage=35 | iter_in_stage=12 | total_iter=12 | reward_mean=782.95 | win_rate=0.283 | crash_rate=0.000 | ep_wez_steps=23.5 | episodes_this_iter=61 | entropy=-3.523 | vf_loss=224.599
[36m(SingleAgentEnvRunner pid=64368)[0m runner:6/env:0	num_steps=[262] | total rewards=[695.1799] | termination= [ownship destroyed][32m [repeated 23x across cluster][0m
[36m(SingleAgentEnvRunner pid=64404)[0m [JSB][Init] enter BattleSpace=1 Type=1 ForceSide=2 Delta=0.0166667[32m [repeated 58x across cluster][0m
[36m(SingleAgentEnvRunner pid=64404)[0m [JSB][Init] registry size=1[32m [repeated 58x across cluster][0m
[36m(SingleAgentEnvRunner pid=64404)[0m [JSB][Init] before new AIP_FDMExec[32m [repeated 58x across cluster][0m
[36m(SingleAgentEnvRunner pid=64404)[0m [JSB][Init] after new AIP_FDMExec ptr=0000015740AAFDF0[32m [repeated 58x across cluster][0m
[36m(SingleAgentEnvRunner pid=64404)[0m [JSB][Init] before Init_FDM ptr=0000015740AAFDF0[32m [repeated 58x across cluster][0m
[36m(SingleAgentEnvRunner pid=64404)[0m [JSB][Init] after Init_FDM ptr=0000015740AAFDF0[32m [repeated 58x across cluster][0m
[36m(SingleAgentEnvRunner pid=64404)[0m [JSB][Init] before Exec_FDM ptr=0000015740AAFDF0[32m [repeated 58x across cluster][0m
[36m(SingleAgentEnvRunner pid=64404)[0m [JSB][Init] after Exec_FDM ptr=0000015740AAFDF0[32m [repeated 58x across cluster][0m
[36m(SingleAgentEnvRunner pid=64404)[0m [JSB][Init] before InsertFighter BattleSpace=1 ptr=0000015740AAFDF0[32m [repeated 58x across cluster][0m
[36m(SingleAgentEnvRunner pid=64404)[0m [JSB][Init] after InsertFighter FighterID=2[32m [repeated 58x across cluster][0m
[36m(SingleAgentEnvRunner pid=63828)[0m runner:10/env:0	num_steps=[254] | total rewards=[1174.5017] | termination= [target destroyed][32m [repeated 6x across cluster][0m
[36m(SingleAgentEnvRunner pid=64368)[0m [JSB][Reset] FighterPtr=0000019D0CC04610 fighter_count_before=2[32m [repeated 57x across cluster][0m
[36m(SingleAgentEnvRunner pid=64368)[0m [JSB][Reset] enter BattleSpace=1[32m [repeated 29x across cluster][0m
[36m(SingleAgentEnvRunner pid=64368)[0m [JSB][Reset] after lock found=1 size=1[32m [repeated 29x across cluster][0m
[36m(SingleAgentEnvRunner pid=64368)[0m total: 2[32m [repeated 29x across cluster][0m
[36m(SingleAgentEnvRunner pid=64404)[0m [JSB][Reset] exit after_size=1[32m [repeated 28x across cluster][0m
[36m(SingleAgentEnvRunner pid=23528)[0m runner:4/env:0	num_steps=[255] | total rewards=[460.4349] | termination= [ownship destroyed][32m [repeated 27x across cluster][0m
[36m(SingleAgentEnvRunner pid=23528)[0m [JSB][Init] enter BattleSpace=1 Type=1 ForceSide=2 Delta=0.0166667[32m [repeated 70x across cluster][0m
[36m(SingleAgentEnvRunner pid=23528)[0m [JSB][Init] registry size=1[32m [repeated 70x across cluster][0m
[36m(SingleAgentEnvRunner pid=23528)[0m [JSB][Init] before new AIP_FDMExec[32m [repeated 70x across cluster][0m
[36m(SingleAgentEnvRunner pid=23528)[0m [JSB][Init] after new AIP_FDMExec ptr=0000023111B4C760[32m [repeated 70x across cluster][0m
[36m(SingleAgentEnvRunner pid=23528)[0m [JSB][Init] before Init_FDM ptr=0000023111B4C760[32m [repeated 70x across cluster][0m
[36m(SingleAgentEnvRunner pid=23528)[0m [JSB][Init] after Init_FDM ptr=0000023111B4C760[32m [repeated 70x across cluster][0m
[36m(SingleAgentEnvRunner pid=23528)[0m [JSB][Init] before Exec_FDM ptr=0000023111B4C760[32m [repeated 70x across cluster][0m
[36m(SingleAgentEnvRunner pid=23528)[0m [JSB][Init] after Exec_FDM ptr=0000023111B4C760[32m [repeated 70x across cluster][0m
[36m(SingleAgentEnvRunner pid=23528)[0m [JSB][Init] before InsertFighter BattleSpace=1 ptr=0000023111B4C760[32m [repeated 70x across cluster][0m
[36m(SingleAgentEnvRunner pid=23528)[0m [JSB][Init] after InsertFighter FighterID=2[32m [repeated 70x across cluster][0m
[36m(SingleAgentEnvRunner pid=65060)[0m runner:12/env:0	num_steps=[261] | total rewards=[1164.9063] | termination= [target destroyed][32m [repeated 8x across cluster][0m
[36m(SingleAgentEnvRunner pid=65060)[0m [JSB][Reset] fighter_count_after=0[32m [repeated 71x across cluster][0m
[36m(SingleAgentEnvRunner pid=65060)[0m [JSB][Reset] enter BattleSpace=1[32m [repeated 35x across cluster][0m
[36m(SingleAgentEnvRunner pid=65060)[0m [JSB][Reset] after lock found=1 size=1[32m [repeated 35x across cluster][0m
[36m(SingleAgentEnvRunner pid=65060)[0m total: 2[32m [repeated 35x across cluster][0m
[36m(SingleAgentEnvRunner pid=65060)[0m [JSB][Reset] exit after_size=1[32m [repeated 36x across cluster][0m
stage=35 | iter_in_stage=13 | total_iter=13 | reward_mean=723.03 | win_rate=0.234 | crash_rate=0.000 | ep_wez_steps=23.6 | episodes_this_iter=63 | entropy=-3.587 | vf_loss=351.838
[36m(SingleAgentEnvRunner pid=60068)[0m runner:5/env:0	num_steps=[255] | total rewards=[699.9403] | termination= [ownship destroyed][32m [repeated 21x across cluster][0m
[36m(SingleAgentEnvRunner pid=60068)[0m [JSB][Init] enter BattleSpace=1 Type=1 ForceSide=2 Delta=0.0166667[32m [repeated 56x across cluster][0m
[36m(SingleAgentEnvRunner pid=60068)[0m [JSB][Init] registry size=1[32m [repeated 56x across cluster][0m
[36m(SingleAgentEnvRunner pid=60068)[0m [JSB][Init] before new AIP_FDMExec[32m [repeated 56x across cluster][0m
[36m(SingleAgentEnvRunner pid=60068)[0m [JSB][Init] after new AIP_FDMExec ptr=000002AB91C2FC60[32m [repeated 56x across cluster][0m
[36m(SingleAgentEnvRunner pid=60068)[0m [JSB][Init] before Init_FDM ptr=000002AB91C2FC60[32m [repeated 56x across cluster][0m
[36m(SingleAgentEnvRunner pid=60068)[0m [JSB][Init] after Init_FDM ptr=000002AB91C2FC60[32m [repeated 56x across cluster][0m
[36m(SingleAgentEnvRunner pid=60068)[0m [JSB][Init] before Exec_FDM ptr=000002AB91C2FC60[32m [repeated 56x across cluster][0m
[36m(SingleAgentEnvRunner pid=60068)[0m [JSB][Init] after Exec_FDM ptr=000002AB91C2FC60[32m [repeated 56x across cluster][0m
[36m(SingleAgentEnvRunner pid=60068)[0m [JSB][Init] before InsertFighter BattleSpace=1 ptr=000002AB91C2FC60[32m [repeated 56x across cluster][0m
[36m(SingleAgentEnvRunner pid=60068)[0m [JSB][Init] after InsertFighter FighterID=2[32m [repeated 56x across cluster][0m
[36m(SingleAgentEnvRunner pid=64368)[0m runner:6/env:0	num_steps=[262] | total rewards=[1146.8888] | termination= [target destroyed][32m [repeated 7x across cluster][0m
[36m(SingleAgentEnvRunner pid=64368)[0m [JSB][Reset] fighter_count_after=0[32m [repeated 56x across cluster][0m
[36m(SingleAgentEnvRunner pid=64368)[0m [JSB][Reset] enter BattleSpace=1[32m [repeated 28x across cluster][0m
[36m(SingleAgentEnvRunner pid=64368)[0m [JSB][Reset] after lock found=1 size=1[32m [repeated 28x across cluster][0m
[36m(SingleAgentEnvRunner pid=64368)[0m total: 2[32m [repeated 28x across cluster][0m
[36m(SingleAgentEnvRunner pid=64368)[0m [JSB][Reset] exit after_size=1[32m [repeated 28x across cluster][0m
[36m(SingleAgentEnvRunner pid=65136)[0m runner:14/env:0	num_steps=[260] | total rewards=[463.2535] | termination= [ownship destroyed][32m [repeated 25x across cluster][0m
[36m(SingleAgentEnvRunner pid=23528)[0m [JSB][Init] enter BattleSpace=1 Type=1 ForceSide=2 Delta=0.0166667[32m [repeated 76x across cluster][0m
[36m(SingleAgentEnvRunner pid=23528)[0m [JSB][Init] registry size=1[32m [repeated 76x across cluster][0m
[36m(SingleAgentEnvRunner pid=23528)[0m [JSB][Init] before new AIP_FDMExec[32m [repeated 76x across cluster][0m
[36m(SingleAgentEnvRunner pid=23528)[0m [JSB][Init] after new AIP_FDMExec ptr=0000023111B4AEA0[32m [repeated 76x across cluster][0m
[36m(SingleAgentEnvRunner pid=23528)[0m [JSB][Init] before Init_FDM ptr=0000023111B4AEA0[32m [repeated 76x across cluster][0m
[36m(SingleAgentEnvRunner pid=23528)[0m [JSB][Init] after Init_FDM ptr=0000023111B4A240[32m [repeated 74x across cluster][0m
[36m(SingleAgentEnvRunner pid=23528)[0m [JSB][Init] before Exec_FDM ptr=0000023111B4A240[32m [repeated 74x across cluster][0m
[36m(SingleAgentEnvRunner pid=23528)[0m [JSB][Init] after Exec_FDM ptr=0000023111B4A240[32m [repeated 74x across cluster][0m
[36m(SingleAgentEnvRunner pid=23528)[0m [JSB][Init] before InsertFighter BattleSpace=1 ptr=0000023111B4A240[32m [repeated 74x across cluster][0m
[36m(SingleAgentEnvRunner pid=23528)[0m [JSB][Init] after InsertFighter FighterID=1[32m [repeated 74x across cluster][0m
[36m(SingleAgentEnvRunner pid=64368)[0m runner:6/env:0	num_steps=[256] | total rewards=[1157.7783] | termination= [target destroyed][32m [repeated 12x across cluster][0m
[36m(SingleAgentEnvRunner pid=65136)[0m [JSB][Reset] fighter_count_after=0[32m [repeated 74x across cluster][0m
[36m(SingleAgentEnvRunner pid=65136)[0m [JSB][Reset] enter BattleSpace=1[32m [repeated 37x across cluster][0m
[36m(SingleAgentEnvRunner pid=65136)[0m [JSB][Reset] after lock found=1 size=1[32m [repeated 37x across cluster][0m
[36m(SingleAgentEnvRunner pid=65136)[0m total: 2[32m [repeated 37x across cluster][0m
[36m(SingleAgentEnvRunner pid=65136)[0m [JSB][Reset] exit after_size=1[32m [repeated 37x across cluster][0m
stage=35 | iter_in_stage=14 | total_iter=14 | reward_mean=774.31 | win_rate=0.318 | crash_rate=0.000 | ep_wez_steps=23.6 | episodes_this_iter=63 | entropy=-3.537 | vf_loss=207.669
[36m(SingleAgentEnvRunner pid=64188)[0m runner:16/env:0	num_steps=[260] | total rewards=[469.9933] | termination= [ownship destroyed][32m [repeated 19x across cluster][0m
[36m(SingleAgentEnvRunner pid=64928)[0m [JSB][Init] enter BattleSpace=1 Type=1 ForceSide=2 Delta=0.0166667[32m [repeated 50x across cluster][0m
[36m(SingleAgentEnvRunner pid=64928)[0m [JSB][Init] registry size=1[32m [repeated 50x across cluster][0m
[36m(SingleAgentEnvRunner pid=64928)[0m [JSB][Init] before new AIP_FDMExec[32m [repeated 50x across cluster][0m
[36m(SingleAgentEnvRunner pid=64928)[0m [JSB][Init] after new AIP_FDMExec ptr=000002568F9A90B0[32m [repeated 50x across cluster][0m
[36m(SingleAgentEnvRunner pid=64928)[0m [JSB][Init] before Init_FDM ptr=000002568F9A90B0[32m [repeated 50x across cluster][0m
[36m(SingleAgentEnvRunner pid=64928)[0m [JSB][Init] after Init_FDM ptr=000002568F9A90B0[32m [repeated 52x across cluster][0m
[36m(SingleAgentEnvRunner pid=64928)[0m [JSB][Init] before Exec_FDM ptr=000002568F9A90B0[32m [repeated 52x across cluster][0m
[36m(SingleAgentEnvRunner pid=64928)[0m [JSB][Init] after Exec_FDM ptr=000002568F9A90B0[32m [repeated 52x across cluster][0m
[36m(SingleAgentEnvRunner pid=64928)[0m [JSB][Init] before InsertFighter BattleSpace=1 ptr=000002568F9A90B0[32m [repeated 52x across cluster][0m
[36m(SingleAgentEnvRunner pid=64928)[0m [JSB][Init] after InsertFighter FighterID=2[32m [repeated 52x across cluster][0m
[36m(SingleAgentEnvRunner pid=64536)[0m runner:3/env:0	num_steps=[256] | total rewards=[1175.0208] | termination= [target destroyed][32m [repeated 7x across cluster][0m
[36m(SingleAgentEnvRunner pid=64188)[0m [JSB][Reset] FighterPtr=0000020F0DA5AAE0 fighter_count_before=2[32m [repeated 51x across cluster][0m
[36m(SingleAgentEnvRunner pid=64188)[0m [JSB][Reset] enter BattleSpace=1[32m [repeated 26x across cluster][0m
[36m(SingleAgentEnvRunner pid=64188)[0m [JSB][Reset] after lock found=1 size=1[32m [repeated 26x across cluster][0m
[36m(SingleAgentEnvRunner pid=64188)[0m total: 2[32m [repeated 26x across cluster][0m
[36m(SingleAgentEnvRunner pid=64928)[0m [JSB][Reset] exit after_size=1[32m [repeated 25x across cluster][0m
[36m(SingleAgentEnvRunner pid=63712)[0m runner:9/env:0	num_steps=[737] | total rewards=[275.2982] | termination= [ownship altitude below min]
[36m(SingleAgentEnvRunner pid=65292)[0m runner:15/env:0	num_steps=[251] | total rewards=[516.9005] | termination= [ownship destroyed][32m [repeated 23x across cluster][0m
[36m(SingleAgentEnvRunner pid=64440)[0m [JSB][Init] enter BattleSpace=1 Type=1 ForceSide=1 Delta=0.0166667[32m [repeated 65x across cluster][0m
[36m(SingleAgentEnvRunner pid=64440)[0m [JSB][Init] registry size=1[32m [repeated 65x across cluster][0m
[36m(SingleAgentEnvRunner pid=64440)[0m [JSB][Init] before new AIP_FDMExec[32m [repeated 65x across cluster][0m
[36m(SingleAgentEnvRunner pid=64440)[0m [JSB][Init] after new AIP_FDMExec ptr=000001DF9179A9E0[32m [repeated 65x across cluster][0m
[36m(SingleAgentEnvRunner pid=64440)[0m [JSB][Init] before Init_FDM ptr=000001DF9179A9E0[32m [repeated 65x across cluster][0m
[36m(SingleAgentEnvRunner pid=65292)[0m [JSB][Init] after Init_FDM ptr=000002C091D45820[32m [repeated 63x across cluster][0m
[36m(SingleAgentEnvRunner pid=65292)[0m [JSB][Init] before Exec_FDM ptr=000002C091D45820[32m [repeated 63x across cluster][0m
[36m(SingleAgentEnvRunner pid=65292)[0m [JSB][Init] after Exec_FDM ptr=000002C091D45820[32m [repeated 63x across cluster][0m
[36m(SingleAgentEnvRunner pid=65292)[0m [JSB][Init] before InsertFighter BattleSpace=1 ptr=000002C091D45820[32m [repeated 63x across cluster][0m
[36m(SingleAgentEnvRunner pid=65292)[0m [JSB][Init] after InsertFighter FighterID=2[32m [repeated 63x across cluster][0m
[36m(SingleAgentEnvRunner pid=64440)[0m runner:8/env:0	num_steps=[437] | total rewards=[1210.0373] | termination= [target destroyed][32m [repeated 8x across cluster][0m
[36m(SingleAgentEnvRunner pid=65292)[0m [JSB][Reset] fighter_count_after=0[32m [repeated 65x across cluster][0m
[36m(SingleAgentEnvRunner pid=65292)[0m [JSB][Reset] enter BattleSpace=1[32m [repeated 32x across cluster][0m
[36m(SingleAgentEnvRunner pid=65292)[0m [JSB][Reset] after lock found=1 size=1[32m [repeated 32x across cluster][0m
[36m(SingleAgentEnvRunner pid=65292)[0m total: 2[32m [repeated 32x across cluster][0m
[36m(SingleAgentEnvRunner pid=65292)[0m [JSB][Reset] exit after_size=1[32m [repeated 33x across cluster][0m
stage=35 | iter_in_stage=15 | total_iter=15 | reward_mean=772.65 | win_rate=0.317 | crash_rate=0.022 | ep_wez_steps=23.7 | episodes_this_iter=52 | entropy=-3.573 | vf_loss=223.658
[36m(SingleAgentEnvRunner pid=64580)[0m runner:2/env:0	num_steps=[259] | total rewards=[703.6542] | termination= [ownship destroyed][32m [repeated 14x across cluster][0m
[36m(SingleAgentEnvRunner pid=64580)[0m [JSB][Init] enter BattleSpace=1 Type=1 ForceSide=2 Delta=0.0166667[32m [repeated 41x across cluster][0m
[36m(SingleAgentEnvRunner pid=64580)[0m [JSB][Init] registry size=1[32m [repeated 41x across cluster][0m
[36m(SingleAgentEnvRunner pid=64580)[0m [JSB][Init] before new AIP_FDMExec[32m [repeated 41x across cluster][0m
[36m(SingleAgentEnvRunner pid=64580)[0m [JSB][Init] after new AIP_FDMExec ptr=000001FF40B8A180[32m [repeated 41x across cluster][0m
[36m(SingleAgentEnvRunner pid=64580)[0m [JSB][Init] before Init_FDM ptr=000001FF40B8A180[32m [repeated 41x across cluster][0m
[36m(SingleAgentEnvRunner pid=64580)[0m [JSB][Init] after Init_FDM ptr=000001FF40B89D60[32m [repeated 42x across cluster][0m
[36m(SingleAgentEnvRunner pid=64580)[0m [JSB][Init] before Exec_FDM ptr=000001FF40B89D60[32m [repeated 42x across cluster][0m
[36m(SingleAgentEnvRunner pid=64580)[0m [JSB][Init] after Exec_FDM ptr=000001FF40B89D60[32m [repeated 42x across cluster][0m
[36m(SingleAgentEnvRunner pid=64580)[0m [JSB][Init] before InsertFighter BattleSpace=1 ptr=000001FF40B89D60[32m [repeated 42x across cluster][0m
[36m(SingleAgentEnvRunner pid=64580)[0m [JSB][Init] after InsertFighter FighterID=1[32m [repeated 42x across cluster][0m
[36m(SingleAgentEnvRunner pid=63828)[0m runner:10/env:0	num_steps=[251] | total rewards=[1189.3442] | termination= [target destroyed][32m [repeated 6x across cluster][0m
[36m(SingleAgentEnvRunner pid=64580)[0m [JSB][Reset] fighter_count_after=0[32m [repeated 40x across cluster][0m
[36m(SingleAgentEnvRunner pid=64580)[0m [JSB][Reset] enter BattleSpace=1[32m [repeated 20x across cluster][0m
[36m(SingleAgentEnvRunner pid=64580)[0m [JSB][Reset] after lock found=1 size=1[32m [repeated 20x across cluster][0m
[36m(SingleAgentEnvRunner pid=64580)[0m total: 2[32m [repeated 20x across cluster][0m
[36m(SingleAgentEnvRunner pid=64580)[0m [JSB][Reset] exit after_size=1[32m [repeated 20x across cluster][0m
[36m(SingleAgentEnvRunner pid=23528)[0m runner:4/env:0	num_steps=[753] | total rewards=[684.0103] | termination= [target altitude below min]
[36m(SingleAgentEnvRunner pid=23528)[0m runner:4/env:0	num_steps=[262] | total rewards=[664.2844] | termination= [ownship destroyed][32m [repeated 17x across cluster][0m
[36m(SingleAgentEnvRunner pid=23528)[0m [JSB][Init] enter BattleSpace=1 Type=1 ForceSide=2 Delta=0.0166667[32m [repeated 72x across cluster][0m
[36m(SingleAgentEnvRunner pid=23528)[0m [JSB][Init] registry size=1[32m [repeated 72x across cluster][0m
[36m(SingleAgentEnvRunner pid=23528)[0m [JSB][Init] before new AIP_FDMExec[32m [repeated 72x across cluster][0m
[36m(SingleAgentEnvRunner pid=23528)[0m [JSB][Init] after new AIP_FDMExec ptr=0000023111EA1B00[32m [repeated 72x across cluster][0m
[36m(SingleAgentEnvRunner pid=23528)[0m [JSB][Init] before Init_FDM ptr=0000023111EA1B00[32m [repeated 72x across cluster][0m
[36m(SingleAgentEnvRunner pid=23528)[0m [JSB][Init] after Init_FDM ptr=0000023111EA2130[32m [repeated 72x across cluster][0m
[36m(SingleAgentEnvRunner pid=23528)[0m [JSB][Init] before Exec_FDM ptr=0000023111EA2130[32m [repeated 72x across cluster][0m
[36m(SingleAgentEnvRunner pid=23528)[0m [JSB][Init] after Exec_FDM ptr=0000023111EA2130[32m [repeated 72x across cluster][0m
[36m(SingleAgentEnvRunner pid=23528)[0m [JSB][Init] before InsertFighter BattleSpace=1 ptr=0000023111EA2130[32m [repeated 72x across cluster][0m
[36m(SingleAgentEnvRunner pid=23528)[0m [JSB][Init] after InsertFighter FighterID=1[32m [repeated 72x across cluster][0m
[36m(SingleAgentEnvRunner pid=63712)[0m runner:9/env:0	num_steps=[252] | total rewards=[1168.8601] | termination= [target destroyed][32m [repeated 17x across cluster][0m
[36m(SingleAgentEnvRunner pid=23528)[0m [JSB][Reset] fighter_count_after=0[32m [repeated 72x across cluster][0m
[36m(SingleAgentEnvRunner pid=23528)[0m [JSB][Reset] enter BattleSpace=1[32m [repeated 36x across cluster][0m
[36m(SingleAgentEnvRunner pid=23528)[0m [JSB][Reset] after lock found=1 size=1[32m [repeated 36x across cluster][0m
[36m(SingleAgentEnvRunner pid=23528)[0m total: 2[32m [repeated 36x across cluster][0m
[36m(SingleAgentEnvRunner pid=23528)[0m [JSB][Reset] exit after_size=1[32m [repeated 36x across cluster][0m
[36m(SingleAgentEnvRunner pid=64536)[0m runner:3/env:0	num_steps=[742] | total rewards=[666.1471] | termination= [target altitude below min]
stage=35 | iter_in_stage=16 | total_iter=16 | reward_mean=863.98 | win_rate=0.464 | crash_rate=0.000 | ep_wez_steps=23.9 | episodes_this_iter=64 | entropy=-3.626 | vf_loss=325.374
[36m(SingleAgentEnvRunner pid=17636)[0m runner:11/env:0	num_steps=[258] | total rewards=[668.6127] | termination= [ownship destroyed][32m [repeated 18x across cluster][0m
[36m(SingleAgentEnvRunner pid=17636)[0m [JSB][Init] enter BattleSpace=1 Type=1 ForceSide=2 Delta=0.0166667[32m [repeated 56x across cluster][0m
[36m(SingleAgentEnvRunner pid=17636)[0m [JSB][Init] registry size=1[32m [repeated 56x across cluster][0m
[36m(SingleAgentEnvRunner pid=17636)[0m [JSB][Init] before new AIP_FDMExec[32m [repeated 56x across cluster][0m
[36m(SingleAgentEnvRunner pid=17636)[0m [JSB][Init] after new AIP_FDMExec ptr=000001BD164C6360[32m [repeated 56x across cluster][0m
[36m(SingleAgentEnvRunner pid=17636)[0m [JSB][Init] before Init_FDM ptr=000001BD164C6360[32m [repeated 56x across cluster][0m
[36m(SingleAgentEnvRunner pid=17636)[0m [JSB][Init] after Init_FDM ptr=000001BD164C7C20[32m [repeated 56x across cluster][0m
[36m(SingleAgentEnvRunner pid=17636)[0m [JSB][Init] before Exec_FDM ptr=000001BD164C7C20[32m [repeated 56x across cluster][0m
[36m(SingleAgentEnvRunner pid=17636)[0m [JSB][Init] after Exec_FDM ptr=000001BD164C7C20[32m [repeated 56x across cluster][0m
[36m(SingleAgentEnvRunner pid=17636)[0m [JSB][Init] before InsertFighter BattleSpace=1 ptr=000001BD164C7C20[32m [repeated 56x across cluster][0m
[36m(SingleAgentEnvRunner pid=17636)[0m [JSB][Init] after InsertFighter FighterID=1[32m [repeated 56x across cluster][0m
[36m(SingleAgentEnvRunner pid=63828)[0m runner:10/env:0	num_steps=[266] | total rewards=[1176.4692] | termination= [target destroyed][32m [repeated 10x across cluster][0m
[36m(SingleAgentEnvRunner pid=17636)[0m [JSB][Reset] fighter_count_after=0[32m [repeated 56x across cluster][0m
[36m(SingleAgentEnvRunner pid=17636)[0m [JSB][Reset] enter BattleSpace=1[32m [repeated 28x across cluster][0m
[36m(SingleAgentEnvRunner pid=17636)[0m [JSB][Reset] after lock found=1 size=1[32m [repeated 28x across cluster][0m
[36m(SingleAgentEnvRunner pid=17636)[0m total: 2[32m [repeated 28x across cluster][0m
[36m(SingleAgentEnvRunner pid=17636)[0m [JSB][Reset] exit after_size=1[32m [repeated 28x across cluster][0m
[36m(SingleAgentEnvRunner pid=23528)[0m runner:4/env:0	num_steps=[251] | total rewards=[680.6491] | termination= [ownship destroyed][32m [repeated 20x across cluster][0m
[36m(SingleAgentEnvRunner pid=23528)[0m [JSB][Init] enter BattleSpace=1 Type=1 ForceSide=2 Delta=0.0166667[32m [repeated 68x across cluster][0m
[36m(SingleAgentEnvRunner pid=23528)[0m [JSB][Init] registry size=1[32m [repeated 68x across cluster][0m
[36m(SingleAgentEnvRunner pid=23528)[0m [JSB][Init] before new AIP_FDMExec[32m [repeated 68x across cluster][0m
[36m(SingleAgentEnvRunner pid=23528)[0m [JSB][Init] after new AIP_FDMExec ptr=0000023111EB1EE0[32m [repeated 68x across cluster][0m
[36m(SingleAgentEnvRunner pid=23528)[0m [JSB][Init] before Init_FDM ptr=0000023111EB1EE0[32m [repeated 68x across cluster][0m
[36m(SingleAgentEnvRunner pid=23528)[0m [JSB][Init] after Init_FDM ptr=0000023111EB5270[32m [repeated 68x across cluster][0m
[36m(SingleAgentEnvRunner pid=23528)[0m [JSB][Init] before Exec_FDM ptr=0000023111EB5270[32m [repeated 68x across cluster][0m
[36m(SingleAgentEnvRunner pid=23528)[0m [JSB][Init] after Exec_FDM ptr=0000023111EB5270[32m [repeated 68x across cluster][0m
[36m(SingleAgentEnvRunner pid=23528)[0m [JSB][Init] before InsertFighter BattleSpace=1 ptr=0000023111EB5270[32m [repeated 68x across cluster][0m
[36m(SingleAgentEnvRunner pid=23528)[0m [JSB][Init] after InsertFighter FighterID=1[32m [repeated 68x across cluster][0m
[36m(SingleAgentEnvRunner pid=17636)[0m runner:11/env:0	num_steps=[255] | total rewards=[1186.3069] | termination= [target destroyed][32m [repeated 14x across cluster][0m
[36m(SingleAgentEnvRunner pid=23528)[0m [JSB][Reset] fighter_count_after=0[32m [repeated 68x across cluster][0m
[36m(SingleAgentEnvRunner pid=23528)[0m [JSB][Reset] enter BattleSpace=1[32m [repeated 34x across cluster][0m
[36m(SingleAgentEnvRunner pid=23528)[0m [JSB][Reset] after lock found=1 size=1[32m [repeated 34x across cluster][0m
[36m(SingleAgentEnvRunner pid=23528)[0m total: 2[32m [repeated 34x across cluster][0m
[36m(SingleAgentEnvRunner pid=23528)[0m [JSB][Reset] exit after_size=1[32m [repeated 34x across cluster][0m
stage=35 | iter_in_stage=17 | total_iter=17 | reward_mean=787.09 | win_rate=0.297 | crash_rate=0.000 | ep_wez_steps=23.6 | episodes_this_iter=61 | entropy=-3.653 | vf_loss=296.100
[36m(SingleAgentEnvRunner pid=64928)[0m runner:1/env:0	num_steps=[264] | total rewards=[678.7211] | termination= [ownship destroyed][32m [repeated 23x across cluster][0m
[36m(SingleAgentEnvRunner pid=64928)[0m [JSB][Init] enter BattleSpace=1 Type=1 ForceSide=1 Delta=0.0166667[32m [repeated 53x across cluster][0m
[36m(SingleAgentEnvRunner pid=64928)[0m [JSB][Init] registry size=1[32m [repeated 53x across cluster][0m
[36m(SingleAgentEnvRunner pid=64928)[0m [JSB][Init] before new AIP_FDMExec[32m [repeated 53x across cluster][0m
[36m(SingleAgentEnvRunner pid=64928)[0m [JSB][Init] after new AIP_FDMExec ptr=000002568F9ABC00[32m [repeated 53x across cluster][0m
[36m(SingleAgentEnvRunner pid=64928)[0m [JSB][Init] before Init_FDM ptr=000002568F9ABC00[32m [repeated 53x across cluster][0m
[36m(SingleAgentEnvRunner pid=64580)[0m [JSB][Init] after Init_FDM ptr=000001FF40B8AFF0[32m [repeated 53x across cluster][0m
[36m(SingleAgentEnvRunner pid=64580)[0m [JSB][Init] before Exec_FDM ptr=000001FF40B8AFF0[32m [repeated 53x across cluster][0m
[36m(SingleAgentEnvRunner pid=64580)[0m [JSB][Init] after Exec_FDM ptr=000001FF40B8AFF0[32m [repeated 53x across cluster][0m
[36m(SingleAgentEnvRunner pid=64580)[0m [JSB][Init] before InsertFighter BattleSpace=1 ptr=000001FF40B8AFF0[32m [repeated 53x across cluster][0m
[36m(SingleAgentEnvRunner pid=64580)[0m [JSB][Init] after InsertFighter FighterID=2[32m [repeated 53x across cluster][0m
[36m(SingleAgentEnvRunner pid=63828)[0m runner:10/env:0	num_steps=[262] | total rewards=[1158.9628] | termination= [target destroyed][32m [repeated 4x across cluster][0m
[36m(SingleAgentEnvRunner pid=64928)[0m [JSB][Reset] fighter_count_after=0[32m [repeated 54x across cluster][0m
[36m(SingleAgentEnvRunner pid=64928)[0m [JSB][Reset] enter BattleSpace=1[32m [repeated 27x across cluster][0m
[36m(SingleAgentEnvRunner pid=64928)[0m [JSB][Reset] after lock found=1 size=1[32m [repeated 27x across cluster][0m
[36m(SingleAgentEnvRunner pid=64928)[0m total: 2[32m [repeated 27x across cluster][0m
[36m(SingleAgentEnvRunner pid=64928)[0m [JSB][Reset] exit after_size=1[32m [repeated 27x across cluster][0m
[36m(SingleAgentEnvRunner pid=63712)[0m runner:9/env:0	num_steps=[263] | total rewards=[519.2720] | termination= [ownship destroyed][32m [repeated 22x across cluster][0m
[36m(SingleAgentEnvRunner pid=63712)[0m [JSB][Init] enter BattleSpace=1 Type=1 ForceSide=1 Delta=0.0166667[32m [repeated 72x across cluster][0m
[36m(SingleAgentEnvRunner pid=63712)[0m [JSB][Init] registry size=1[32m [repeated 72x across cluster][0m
[36m(SingleAgentEnvRunner pid=63712)[0m [JSB][Init] before new AIP_FDMExec[32m [repeated 72x across cluster][0m
[36m(SingleAgentEnvRunner pid=64188)[0m [JSB][Init] after new AIP_FDMExec ptr=0000020F12BD03A0[32m [repeated 71x across cluster][0m
[36m(SingleAgentEnvRunner pid=64188)[0m [JSB][Init] before Init_FDM ptr=0000020F12BD03A0[32m [repeated 71x across cluster][0m
[36m(SingleAgentEnvRunner pid=64188)[0m [JSB][Init] after Init_FDM ptr=0000020F12BD03A0[32m [repeated 72x across cluster][0m
[36m(SingleAgentEnvRunner pid=64188)[0m [JSB][Init] before Exec_FDM ptr=0000020F12BD03A0[32m [repeated 72x across cluster][0m
[36m(SingleAgentEnvRunner pid=64188)[0m [JSB][Init] after Exec_FDM ptr=0000020F12BD03A0[32m [repeated 72x across cluster][0m
[36m(SingleAgentEnvRunner pid=64188)[0m [JSB][Init] before InsertFighter BattleSpace=1 ptr=0000020F12BD03A0[32m [repeated 72x across cluster][0m
[36m(SingleAgentEnvRunner pid=64188)[0m [JSB][Init] after InsertFighter FighterID=2[32m [repeated 72x across cluster][0m
[36m(SingleAgentEnvRunner pid=64440)[0m runner:8/env:0	num_steps=[254] | total rewards=[1163.1257] | termination= [target destroyed][32m [repeated 14x across cluster][0m
[36m(SingleAgentEnvRunner pid=63712)[0m [JSB][Reset] fighter_count_after=0[32m [repeated 72x across cluster][0m
[36m(SingleAgentEnvRunner pid=63712)[0m [JSB][Reset] enter BattleSpace=1[32m [repeated 36x across cluster][0m
[36m(SingleAgentEnvRunner pid=63712)[0m [JSB][Reset] after lock found=1 size=1[32m [repeated 36x across cluster][0m
[36m(SingleAgentEnvRunner pid=63712)[0m total: 2[32m [repeated 36x across cluster][0m
[36m(SingleAgentEnvRunner pid=63712)[0m [JSB][Reset] exit after_size=1[32m [repeated 36x across cluster][0m
stage=35 | iter_in_stage=18 | total_iter=18 | reward_mean=806.20 | win_rate=0.333 | crash_rate=0.000 | ep_wez_steps=23.8 | episodes_this_iter=61 | entropy=-3.679 | vf_loss=275.275
[36m(SingleAgentEnvRunner pid=64580)[0m runner:2/env:0	num_steps=[269] | total rewards=[671.0877] | termination= [ownship destroyed][32m [repeated 20x across cluster][0m
[36m(SingleAgentEnvRunner pid=64580)[0m [JSB][Init] enter BattleSpace=1 Type=1 ForceSide=1 Delta=0.0166667[32m [repeated 50x across cluster][0m
[36m(SingleAgentEnvRunner pid=64580)[0m [JSB][Init] registry size=1[32m [repeated 50x across cluster][0m
[36m(SingleAgentEnvRunner pid=64580)[0m [JSB][Init] before new AIP_FDMExec[32m [repeated 50x across cluster][0m
[36m(SingleAgentEnvRunner pid=64580)[0m [JSB][Init] after new AIP_FDMExec ptr=000001FF40B8CCD0[32m [repeated 51x across cluster][0m
[36m(SingleAgentEnvRunner pid=64580)[0m [JSB][Init] before Init_FDM ptr=000001FF40B8CCD0[32m [repeated 51x across cluster][0m
[36m(SingleAgentEnvRunner pid=64404)[0m [JSB][Init] after Init_FDM ptr=0000015740A5E590[32m [repeated 50x across cluster][0m
[36m(SingleAgentEnvRunner pid=64404)[0m [JSB][Init] before Exec_FDM ptr=0000015740A5E590[32m [repeated 50x across cluster][0m
[36m(SingleAgentEnvRunner pid=64404)[0m [JSB][Init] after Exec_FDM ptr=0000015740A5E590[32m [repeated 50x across cluster][0m
[36m(SingleAgentEnvRunner pid=64404)[0m [JSB][Init] before InsertFighter BattleSpace=1 ptr=0000015740A5E590[32m [repeated 50x across cluster][0m
[36m(SingleAgentEnvRunner pid=64404)[0m [JSB][Init] after InsertFighter FighterID=2[32m [repeated 50x across cluster][0m
[36m(SingleAgentEnvRunner pid=60068)[0m runner:5/env:0	num_steps=[260] | total rewards=[1163.4891] | termination= [target destroyed][32m [repeated 5x across cluster][0m
[36m(SingleAgentEnvRunner pid=64580)[0m [JSB][Reset] fighter_count_after=0[32m [repeated 50x across cluster][0m
[36m(SingleAgentEnvRunner pid=64580)[0m [JSB][Reset] enter BattleSpace=1[32m [repeated 25x across cluster][0m
[36m(SingleAgentEnvRunner pid=64580)[0m [JSB][Reset] after lock found=1 size=1[32m [repeated 25x across cluster][0m
[36m(SingleAgentEnvRunner pid=64580)[0m total: 2[32m [repeated 25x across cluster][0m
[36m(SingleAgentEnvRunner pid=64580)[0m [JSB][Reset] exit after_size=1[32m [repeated 25x across cluster][0m
[36m(SingleAgentEnvRunner pid=65060)[0m runner:12/env:0	num_steps=[260] | total rewards=[489.8890] | termination= [ownship destroyed][32m [repeated 20x across cluster][0m
[36m(SingleAgentEnvRunner pid=65060)[0m [JSB][Init] enter BattleSpace=1 Type=1 ForceSide=2 Delta=0.0166667[32m [repeated 69x across cluster][0m
[36m(SingleAgentEnvRunner pid=65060)[0m [JSB][Init] registry size=1[32m [repeated 69x across cluster][0m
[36m(SingleAgentEnvRunner pid=65060)[0m [JSB][Init] before new AIP_FDMExec[32m [repeated 69x across cluster][0m
[36m(SingleAgentEnvRunner pid=65060)[0m [JSB][Init] after new AIP_FDMExec ptr=000002551200A1E0[32m [repeated 69x across cluster][0m
[36m(SingleAgentEnvRunner pid=65060)[0m [JSB][Init] before Init_FDM ptr=000002551200A1E0[32m [repeated 69x across cluster][0m
[36m(SingleAgentEnvRunner pid=65060)[0m [JSB][Init] after Init_FDM ptr=0000025512008920[32m [repeated 69x across cluster][0m
[36m(SingleAgentEnvRunner pid=65060)[0m [JSB][Init] before Exec_FDM ptr=0000025512008920[32m [repeated 69x across cluster][0m
[36m(SingleAgentEnvRunner pid=65060)[0m [JSB][Init] after Exec_FDM ptr=0000025512008920[32m [repeated 69x across cluster][0m
[36m(SingleAgentEnvRunner pid=65060)[0m [JSB][Init] before InsertFighter BattleSpace=1 ptr=0000025512008920[32m [repeated 69x across cluster][0m
[36m(SingleAgentEnvRunner pid=65060)[0m [JSB][Init] after InsertFighter FighterID=1[32m [repeated 69x across cluster][0m
[36m(SingleAgentEnvRunner pid=63712)[0m runner:9/env:0	num_steps=[257] | total rewards=[1162.7847] | termination= [target destroyed][32m [repeated 15x across cluster][0m
[36m(SingleAgentEnvRunner pid=63712)[0m [JSB][Reset] fighter_count_after=0[32m [repeated 70x across cluster][0m
[36m(SingleAgentEnvRunner pid=63712)[0m [JSB][Reset] enter BattleSpace=1[32m [repeated 35x across cluster][0m
[36m(SingleAgentEnvRunner pid=63712)[0m [JSB][Reset] after lock found=1 size=1[32m [repeated 35x across cluster][0m
[36m(SingleAgentEnvRunner pid=63712)[0m total: 2[32m [repeated 35x across cluster][0m
[36m(SingleAgentEnvRunner pid=63712)[0m [JSB][Reset] exit after_size=1[32m [repeated 35x across cluster][0m
  [Checkpoint] Saved iter 20 -> C:\Users\user one\Desktop\topgun_본선\Update\강화학습환경\artifacts\curriculum\AeroFlyer\final_sp\stage_35_selfplay_final\checkpoints\iter_0020
stage=35 | iter_in_stage=19 | total_iter=19 | reward_mean=770.06 | win_rate=0.268 | crash_rate=0.000 | ep_wez_steps=23.9 | episodes_this_iter=61 | entropy=-3.758 | vf_loss=396.701
[36m(SingleAgentEnvRunner pid=64928)[0m runner:1/env:0	num_steps=[253] | total rewards=[721.5641] | termination= [ownship destroyed][32m [repeated 24x across cluster][0m
[36m(SingleAgentEnvRunner pid=64580)[0m [JSB][Init] enter BattleSpace=1 Type=1 ForceSide=2 Delta=0.0166667[32m [repeated 52x across cluster][0m
[36m(SingleAgentEnvRunner pid=64580)[0m [JSB][Init] registry size=1[32m [repeated 52x across cluster][0m
[36m(SingleAgentEnvRunner pid=64580)[0m [JSB][Init] before new AIP_FDMExec[32m [repeated 52x across cluster][0m
[36m(SingleAgentEnvRunner pid=64580)[0m [JSB][Init] after new AIP_FDMExec ptr=000001FF40B8A5A0[32m [repeated 52x across cluster][0m
[36m(SingleAgentEnvRunner pid=64580)[0m [JSB][Init] before Init_FDM ptr=000001FF40B8A5A0[32m [repeated 52x across cluster][0m
[36m(SingleAgentEnvRunner pid=64580)[0m [JSB][Init] after Init_FDM ptr=000001FF40B8A5A0[32m [repeated 53x across cluster][0m
[36m(SingleAgentEnvRunner pid=64580)[0m [JSB][Init] before Exec_FDM ptr=000001FF40B8A5A0[32m [repeated 53x across cluster][0m
[36m(SingleAgentEnvRunner pid=64580)[0m [JSB][Init] after Exec_FDM ptr=000001FF40B8A5A0[32m [repeated 53x across cluster][0m
[36m(SingleAgentEnvRunner pid=64580)[0m [JSB][Init] before InsertFighter BattleSpace=1 ptr=000001FF40B8A5A0[32m [repeated 53x across cluster][0m
[36m(SingleAgentEnvRunner pid=64580)[0m [JSB][Init] after InsertFighter FighterID=2[32m [repeated 53x across cluster][0m
[36m(SingleAgentEnvRunner pid=64404)[0m runner:7/env:0	num_steps=[251] | total rewards=[1208.0161] | termination= [target destroyed][32m [repeated 2x across cluster][0m
[36m(SingleAgentEnvRunner pid=64928)[0m [JSB][Reset] fighter_count_after=0[32m [repeated 52x across cluster][0m
[36m(SingleAgentEnvRunner pid=64928)[0m [JSB][Reset] enter BattleSpace=1[32m [repeated 26x across cluster][0m
[36m(SingleAgentEnvRunner pid=64928)[0m [JSB][Reset] after lock found=1 size=1[32m [repeated 26x across cluster][0m
[36m(SingleAgentEnvRunner pid=64928)[0m total: 2[32m [repeated 26x across cluster][0m
[36m(SingleAgentEnvRunner pid=64928)[0m [JSB][Reset] exit after_size=1[32m [repeated 26x across cluster][0m
[36m(SingleAgentEnvRunner pid=65060)[0m runner:12/env:0	num_steps=[263] | total rewards=[682.7072] | termination= [ownship destroyed][32m [repeated 21x across cluster][0m
[36m(SingleAgentEnvRunner pid=65136)[0m [JSB][Init] enter BattleSpace=1 Type=1 ForceSide=1 Delta=0.0166667[32m [repeated 74x across cluster][0m
[36m(SingleAgentEnvRunner pid=65136)[0m [JSB][Init] registry size=1[32m [repeated 74x across cluster][0m
[36m(SingleAgentEnvRunner pid=65136)[0m [JSB][Init] before new AIP_FDMExec[32m [repeated 74x across cluster][0m
[36m(SingleAgentEnvRunner pid=65136)[0m [JSB][Init] after new AIP_FDMExec ptr=0000022C3E32ACF0[32m [repeated 74x across cluster][0m
[36m(SingleAgentEnvRunner pid=65136)[0m [JSB][Init] before Init_FDM ptr=0000022C3E32ACF0[32m [repeated 74x across cluster][0m
[36m(SingleAgentEnvRunner pid=64928)[0m [JSB][Init] after Init_FDM ptr=000002568F9ACE90[32m [repeated 72x across cluster][0m
[36m(SingleAgentEnvRunner pid=64928)[0m [JSB][Init] before Exec_FDM ptr=000002568F9ACE90[32m [repeated 72x across cluster][0m
[36m(SingleAgentEnvRunner pid=64928)[0m [JSB][Init] after Exec_FDM ptr=000002568F9ACE90[32m [repeated 72x across cluster][0m
[36m(SingleAgentEnvRunner pid=64928)[0m [JSB][Init] before InsertFighter BattleSpace=1 ptr=000002568F9ACE90[32m [repeated 72x across cluster][0m
[36m(SingleAgentEnvRunner pid=64928)[0m [JSB][Init] after InsertFighter FighterID=2[32m [repeated 72x across cluster][0m
[36m(SingleAgentEnvRunner pid=65136)[0m runner:14/env:0	num_steps=[255] | total rewards=[1173.6535] | termination= [target destroyed][32m [repeated 16x across cluster][0m
[36m(SingleAgentEnvRunner pid=65060)[0m [JSB][Reset] fighter_count_after=0[32m [repeated 74x across cluster][0m
[36m(SingleAgentEnvRunner pid=65060)[0m [JSB][Reset] enter BattleSpace=1[32m [repeated 37x across cluster][0m
[36m(SingleAgentEnvRunner pid=65060)[0m [JSB][Reset] after lock found=1 size=1[32m [repeated 37x across cluster][0m
[36m(SingleAgentEnvRunner pid=65060)[0m total: 2[32m [repeated 37x across cluster][0m
[36m(SingleAgentEnvRunner pid=65060)[0m [JSB][Reset] exit after_size=1[32m [repeated 37x across cluster][0m
stage=35 | iter_in_stage=20 | total_iter=20 | reward_mean=839.44 | win_rate=0.375 | crash_rate=0.000 | ep_wez_steps=24.0 | episodes_this_iter=64 | entropy=-3.739 | vf_loss=196.796
[36m(SingleAgentEnvRunner pid=64580)[0m runner:2/env:0	num_steps=[252] | total rewards=[477.1773] | termination= [ownship destroyed][32m [repeated 18x across cluster][0m
[36m(SingleAgentEnvRunner pid=64928)[0m [JSB][Init] enter BattleSpace=1 Type=1 ForceSide=1 Delta=0.0166667[32m [repeated 55x across cluster][0m
[36m(SingleAgentEnvRunner pid=64928)[0m [JSB][Init] registry size=1[32m [repeated 55x across cluster][0m
[36m(SingleAgentEnvRunner pid=64928)[0m [JSB][Init] before new AIP_FDMExec[32m [repeated 55x across cluster][0m
[36m(SingleAgentEnvRunner pid=64928)[0m [JSB][Init] after new AIP_FDMExec ptr=000002568F9A94D0[32m [repeated 55x across cluster][0m
[36m(SingleAgentEnvRunner pid=64928)[0m [JSB][Init] before Init_FDM ptr=000002568F9A94D0[32m [repeated 55x across cluster][0m
[36m(SingleAgentEnvRunner pid=64368)[0m [JSB][Init] after Init_FDM ptr=0000019D11740470[32m [repeated 56x across cluster][0m
[36m(SingleAgentEnvRunner pid=64368)[0m [JSB][Init] before Exec_FDM ptr=0000019D11740470[32m [repeated 56x across cluster][0m
[36m(SingleAgentEnvRunner pid=64368)[0m [JSB][Init] after Exec_FDM ptr=0000019D11740470[32m [repeated 56x across cluster][0m
[36m(SingleAgentEnvRunner pid=64368)[0m [JSB][Init] before InsertFighter BattleSpace=1 ptr=0000019D11740470[32m [repeated 56x across cluster][0m
[36m(SingleAgentEnvRunner pid=64368)[0m [JSB][Init] after InsertFighter FighterID=2[32m [repeated 56x across cluster][0m
[36m(SingleAgentEnvRunner pid=64928)[0m runner:1/env:0	num_steps=[251] | total rewards=[1170.0801] | termination= [target destroyed][32m [repeated 9x across cluster][0m
[36m(SingleAgentEnvRunner pid=64928)[0m [JSB][Reset] fighter_count_after=0[32m [repeated 54x across cluster][0m
[36m(SingleAgentEnvRunner pid=64928)[0m [JSB][Reset] enter BattleSpace=1[32m [repeated 27x across cluster][0m
[36m(SingleAgentEnvRunner pid=64928)[0m [JSB][Reset] after lock found=1 size=1[32m [repeated 27x across cluster][0m
[36m(SingleAgentEnvRunner pid=64928)[0m total: 2[32m [repeated 27x across cluster][0m
[36m(SingleAgentEnvRunner pid=64928)[0m [JSB][Reset] exit after_size=1[32m [repeated 27x across cluster][0m
[36m(SingleAgentEnvRunner pid=65060)[0m runner:12/env:0	num_steps=[257] | total rewards=[675.3436] | termination= [ownship destroyed][32m [repeated 25x across cluster][0m
[36m(SingleAgentEnvRunner pid=65060)[0m [JSB][Init] enter BattleSpace=1 Type=1 ForceSide=1 Delta=0.0166667[32m [repeated 72x across cluster][0m
[36m(SingleAgentEnvRunner pid=65060)[0m [JSB][Init] registry size=1[32m [repeated 72x across cluster][0m
[36m(SingleAgentEnvRunner pid=65060)[0m [JSB][Init] before new AIP_FDMExec[32m [repeated 72x across cluster][0m
[36m(SingleAgentEnvRunner pid=23528)[0m [JSB][Init] after new AIP_FDMExec ptr=0000023111624860[32m [repeated 71x across cluster][0m
[36m(SingleAgentEnvRunner pid=23528)[0m [JSB][Init] before Init_FDM ptr=0000023111624860[32m [repeated 71x across cluster][0m
[36m(SingleAgentEnvRunner pid=65032)[0m [JSB][Init] after Init_FDM ptr=0000023C1135F950[32m [repeated 72x across cluster][0m
[36m(SingleAgentEnvRunner pid=65032)[0m [JSB][Init] before Exec_FDM ptr=0000023C1135F950[32m [repeated 72x across cluster][0m
[36m(SingleAgentEnvRunner pid=65032)[0m [JSB][Init] after Exec_FDM ptr=0000023C1135F950[32m [repeated 72x across cluster][0m
[36m(SingleAgentEnvRunner pid=65032)[0m [JSB][Init] before InsertFighter BattleSpace=1 ptr=0000023C1135F950[32m [repeated 72x across cluster][0m
[36m(SingleAgentEnvRunner pid=65032)[0m [JSB][Init] after InsertFighter FighterID=2[32m [repeated 72x across cluster][0m
[36m(SingleAgentEnvRunner pid=63712)[0m runner:9/env:0	num_steps=[257] | total rewards=[1177.0300] | termination= [target destroyed][32m [repeated 12x across cluster][0m
[36m(SingleAgentEnvRunner pid=65060)[0m [JSB][Reset] fighter_count_after=0[32m [repeated 72x across cluster][0m
[36m(SingleAgentEnvRunner pid=65060)[0m [JSB][Reset] enter BattleSpace=1[32m [repeated 36x across cluster][0m
[36m(SingleAgentEnvRunner pid=65060)[0m [JSB][Reset] after lock found=1 size=1[32m [repeated 36x across cluster][0m
[36m(SingleAgentEnvRunner pid=65060)[0m total: 2[32m [repeated 36x across cluster][0m
[36m(SingleAgentEnvRunner pid=65060)[0m [JSB][Reset] exit after_size=1[32m [repeated 36x across cluster][0m
stage=35 | iter_in_stage=21 | total_iter=21 | reward_mean=826.90 | win_rate=0.375 | crash_rate=0.000 | ep_wez_steps=23.7 | episodes_this_iter=64 | entropy=-3.732 | vf_loss=132.628
[36m(SingleAgentEnvRunner pid=64928)[0m runner:1/env:0	num_steps=[265] | total rewards=[674.6648] | termination= [ownship destroyed][32m [repeated 16x across cluster][0m
[36m(SingleAgentEnvRunner pid=64928)[0m [JSB][Init] enter BattleSpace=1 Type=1 ForceSide=1 Delta=0.0166667[32m [repeated 56x across cluster][0m
[36m(SingleAgentEnvRunner pid=64928)[0m [JSB][Init] registry size=1[32m [repeated 56x across cluster][0m
[36m(SingleAgentEnvRunner pid=64928)[0m [JSB][Init] before new AIP_FDMExec[32m [repeated 56x across cluster][0m
[36m(SingleAgentEnvRunner pid=64928)[0m [JSB][Init] after new AIP_FDMExec ptr=000002568F9AB9F0[32m [repeated 57x across cluster][0m
[36m(SingleAgentEnvRunner pid=64928)[0m [JSB][Init] before Init_FDM ptr=000002568F9AB9F0[32m [repeated 57x across cluster][0m
[36m(SingleAgentEnvRunner pid=64580)[0m [JSB][Init] after Init_FDM ptr=000001FF40B8A9C0[32m [repeated 56x across cluster][0m
[36m(SingleAgentEnvRunner pid=64580)[0m [JSB][Init] before Exec_FDM ptr=000001FF40B8A9C0[32m [repeated 56x across cluster][0m
[36m(SingleAgentEnvRunner pid=64580)[0m [JSB][Init] after Exec_FDM ptr=000001FF40B8A9C0[32m [repeated 56x across cluster][0m
[36m(SingleAgentEnvRunner pid=64580)[0m [JSB][Init] before InsertFighter BattleSpace=1 ptr=000001FF40B8A9C0[32m [repeated 56x across cluster][0m
[36m(SingleAgentEnvRunner pid=64580)[0m [JSB][Init] after InsertFighter FighterID=2[32m [repeated 56x across cluster][0m
[36m(SingleAgentEnvRunner pid=64368)[0m runner:6/env:0	num_steps=[245] | total rewards=[1159.4723] | termination= [target destroyed][32m [repeated 11x across cluster][0m
[36m(SingleAgentEnvRunner pid=64928)[0m [JSB][Reset] fighter_count_after=0[32m [repeated 56x across cluster][0m
[36m(SingleAgentEnvRunner pid=64928)[0m [JSB][Reset] enter BattleSpace=1[32m [repeated 28x across cluster][0m
[36m(SingleAgentEnvRunner pid=64928)[0m [JSB][Reset] after lock found=1 size=1[32m [repeated 28x across cluster][0m
[36m(SingleAgentEnvRunner pid=64928)[0m total: 2[32m [repeated 28x across cluster][0m
[36m(SingleAgentEnvRunner pid=64928)[0m [JSB][Reset] exit after_size=1[32m [repeated 28x across cluster][0m
[36m(SingleAgentEnvRunner pid=23528)[0m runner:4/env:0	num_steps=[256] | total rewards=[513.0860] | termination= [ownship destroyed][32m [repeated 23x across cluster][0m
[36m(SingleAgentEnvRunner pid=23528)[0m [JSB][Init] enter BattleSpace=1 Type=1 ForceSide=2 Delta=0.0166667[32m [repeated 69x across cluster][0m
[36m(SingleAgentEnvRunner pid=23528)[0m [JSB][Init] registry size=1[32m [repeated 69x across cluster][0m
[36m(SingleAgentEnvRunner pid=23528)[0m [JSB][Init] before new AIP_FDMExec[32m [repeated 69x across cluster][0m
[36m(SingleAgentEnvRunner pid=23528)[0m [JSB][Init] after new AIP_FDMExec ptr=0000023111634400[32m [repeated 69x across cluster][0m
[36m(SingleAgentEnvRunner pid=23528)[0m [JSB][Init] before Init_FDM ptr=0000023111634400[32m [repeated 69x across cluster][0m
[36m(SingleAgentEnvRunner pid=23528)[0m [JSB][Init] after Init_FDM ptr=0000023111634400[32m [repeated 70x across cluster][0m
[36m(SingleAgentEnvRunner pid=23528)[0m [JSB][Init] before Exec_FDM ptr=0000023111634400[32m [repeated 70x across cluster][0m
[36m(SingleAgentEnvRunner pid=23528)[0m [JSB][Init] after Exec_FDM ptr=0000023111634400[32m [repeated 70x across cluster][0m
[36m(SingleAgentEnvRunner pid=23528)[0m [JSB][Init] before InsertFighter BattleSpace=1 ptr=0000023111634400[32m [repeated 70x across cluster][0m
[36m(SingleAgentEnvRunner pid=23528)[0m [JSB][Init] after InsertFighter FighterID=2[32m [repeated 70x across cluster][0m
[36m(SingleAgentEnvRunner pid=64404)[0m runner:7/env:0	num_steps=[432] | total rewards=[1209.0889] | termination= [target destroyed][32m [repeated 12x across cluster][0m
[36m(SingleAgentEnvRunner pid=64404)[0m [JSB][Reset] fighter_count_after=0[32m [repeated 70x across cluster][0m
[36m(SingleAgentEnvRunner pid=64404)[0m [JSB][Reset] enter BattleSpace=1[32m [repeated 35x across cluster][0m
[36m(SingleAgentEnvRunner pid=64404)[0m [JSB][Reset] after lock found=1 size=1[32m [repeated 35x across cluster][0m
[36m(SingleAgentEnvRunner pid=64404)[0m total: 2[32m [repeated 35x across cluster][0m
[36m(SingleAgentEnvRunner pid=64404)[0m [JSB][Reset] exit after_size=1[32m [repeated 35x across cluster][0m
stage=35 | iter_in_stage=22 | total_iter=22 | reward_mean=813.33 | win_rate=0.311 | crash_rate=0.000 | ep_wez_steps=23.8 | episodes_this_iter=64 | entropy=-3.781 | vf_loss=249.103
[36m(SingleAgentEnvRunner pid=64928)[0m runner:1/env:0	num_steps=[263] | total rewards=[687.1071] | termination= [ownship destroyed][32m [repeated 21x across cluster][0m
[36m(SingleAgentEnvRunner pid=64928)[0m [JSB][Init] enter BattleSpace=1 Type=1 ForceSide=1 Delta=0.0166667[32m [repeated 59x across cluster][0m
[36m(SingleAgentEnvRunner pid=64928)[0m [JSB][Init] registry size=1[32m [repeated 59x across cluster][0m
[36m(SingleAgentEnvRunner pid=64928)[0m [JSB][Init] before new AIP_FDMExec[32m [repeated 59x across cluster][0m
[36m(SingleAgentEnvRunner pid=64928)[0m [JSB][Init] after new AIP_FDMExec ptr=000002568F9AB1B0[32m [repeated 59x across cluster][0m
[36m(SingleAgentEnvRunner pid=64928)[0m [JSB][Init] before Init_FDM ptr=000002568F9AB1B0[32m [repeated 59x across cluster][0m
[36m(SingleAgentEnvRunner pid=65032)[0m [JSB][Init] after Init_FDM ptr=0000023C1135A0A0[32m [repeated 58x across cluster][0m
[36m(SingleAgentEnvRunner pid=65032)[0m [JSB][Init] before Exec_FDM ptr=0000023C1135A0A0[32m [repeated 58x across cluster][0m
[36m(SingleAgentEnvRunner pid=65032)[0m [JSB][Init] after Exec_FDM ptr=0000023C1135A0A0[32m [repeated 58x across cluster][0m
[36m(SingleAgentEnvRunner pid=65032)[0m [JSB][Init] before InsertFighter BattleSpace=1 ptr=0000023C1135A0A0[32m [repeated 58x across cluster][0m
[36m(SingleAgentEnvRunner pid=65032)[0m [JSB][Init] after InsertFighter FighterID=2[32m [repeated 58x across cluster][0m
[36m(SingleAgentEnvRunner pid=64580)[0m runner:2/env:0	num_steps=[260] | total rewards=[1172.7876] | termination= [target destroyed][32m [repeated 8x across cluster][0m
[36m(SingleAgentEnvRunner pid=64928)[0m [JSB][Reset] fighter_count_after=0[32m [repeated 58x across cluster][0m
[36m(SingleAgentEnvRunner pid=64928)[0m [JSB][Reset] enter BattleSpace=1[32m [repeated 29x across cluster][0m
[36m(SingleAgentEnvRunner pid=64928)[0m [JSB][Reset] after lock found=1 size=1[32m [repeated 29x across cluster][0m
[36m(SingleAgentEnvRunner pid=64928)[0m total: 2[32m [repeated 29x across cluster][0m
[36m(SingleAgentEnvRunner pid=64928)[0m [JSB][Reset] exit after_size=1[32m [repeated 29x across cluster][0m
[36m(SingleAgentEnvRunner pid=60068)[0m runner:5/env:0	num_steps=[253] | total rewards=[669.3440] | termination= [ownship destroyed][32m [repeated 23x across cluster][0m
[36m(SingleAgentEnvRunner pid=60068)[0m [JSB][Init] enter BattleSpace=1 Type=1 ForceSide=1 Delta=0.0166667[32m [repeated 74x across cluster][0m
[36m(SingleAgentEnvRunner pid=60068)[0m [JSB][Init] registry size=1[32m [repeated 74x across cluster][0m
[36m(SingleAgentEnvRunner pid=60068)[0m [JSB][Init] before new AIP_FDMExec[32m [repeated 74x across cluster][0m
[36m(SingleAgentEnvRunner pid=60068)[0m [JSB][Init] after new AIP_FDMExec ptr=000002AB91C2E5B0[32m [repeated 74x across cluster][0m
[36m(SingleAgentEnvRunner pid=60068)[0m [JSB][Init] before Init_FDM ptr=000002AB91C2E5B0[32m [repeated 74x across cluster][0m
[36m(SingleAgentEnvRunner pid=64188)[0m [JSB][Init] after Init_FDM ptr=0000020F1290F270[32m [repeated 73x across cluster][0m
[36m(SingleAgentEnvRunner pid=64188)[0m [JSB][Init] before Exec_FDM ptr=0000020F1290F270[32m [repeated 73x across cluster][0m
[36m(SingleAgentEnvRunner pid=64188)[0m [JSB][Init] after Exec_FDM ptr=0000020F1290F270[32m [repeated 73x across cluster][0m
[36m(SingleAgentEnvRunner pid=64188)[0m [JSB][Init] before InsertFighter BattleSpace=1 ptr=0000020F1290F270[32m [repeated 73x across cluster][0m
[36m(SingleAgentEnvRunner pid=64188)[0m [JSB][Init] after InsertFighter FighterID=1[32m [repeated 73x across cluster][0m
[36m(SingleAgentEnvRunner pid=64368)[0m runner:6/env:0	num_steps=[263] | total rewards=[1184.6789] | termination= [target destroyed][32m [repeated 14x across cluster][0m
[36m(SingleAgentEnvRunner pid=60068)[0m [JSB][Reset] fighter_count_after=0[32m [repeated 74x across cluster][0m
[36m(SingleAgentEnvRunner pid=60068)[0m [JSB][Reset] enter BattleSpace=1[32m [repeated 37x across cluster][0m
[36m(SingleAgentEnvRunner pid=60068)[0m [JSB][Reset] after lock found=1 size=1[32m [repeated 37x across cluster][0m
[36m(SingleAgentEnvRunner pid=60068)[0m total: 2[32m [repeated 37x across cluster][0m
[36m(SingleAgentEnvRunner pid=60068)[0m [JSB][Reset] exit after_size=1[32m [repeated 37x across cluster][0m
stage=35 | iter_in_stage=23 | total_iter=23 | reward_mean=822.96 | win_rate=0.333 | crash_rate=0.000 | ep_wez_steps=23.9 | episodes_this_iter=61 | entropy=-3.791 | vf_loss=225.774
[36m(SingleAgentEnvRunner pid=64580)[0m runner:2/env:0	num_steps=[261] | total rewards=[685.7043] | termination= [ownship destroyed][32m [repeated 18x across cluster][0m
[36m(SingleAgentEnvRunner pid=64580)[0m [JSB][Init] enter BattleSpace=1 Type=1 ForceSide=1 Delta=0.0166667[32m [repeated 48x across cluster][0m
[36m(SingleAgentEnvRunner pid=64580)[0m [JSB][Init] registry size=1[32m [repeated 48x across cluster][0m
[36m(SingleAgentEnvRunner pid=64580)[0m [JSB][Init] before new AIP_FDMExec[32m [repeated 48x across cluster][0m
[36m(SingleAgentEnvRunner pid=64580)[0m [JSB][Init] after new AIP_FDMExec ptr=000001FF40B8B200[32m [repeated 48x across cluster][0m
[36m(SingleAgentEnvRunner pid=64580)[0m [JSB][Init] before Init_FDM ptr=000001FF40B8B200[32m [repeated 48x across cluster][0m
[36m(SingleAgentEnvRunner pid=17636)[0m [JSB][Init] after Init_FDM ptr=000001BD16D5BCF0[32m [repeated 49x across cluster][0m
[36m(SingleAgentEnvRunner pid=17636)[0m [JSB][Init] before Exec_FDM ptr=000001BD16D5BCF0[32m [repeated 49x across cluster][0m
[36m(SingleAgentEnvRunner pid=17636)[0m [JSB][Init] after Exec_FDM ptr=000001BD16D5BCF0[32m [repeated 49x across cluster][0m
[36m(SingleAgentEnvRunner pid=17636)[0m [JSB][Init] before InsertFighter BattleSpace=1 ptr=000001BD16D5BCF0[32m [repeated 49x across cluster][0m
[36m(SingleAgentEnvRunner pid=17636)[0m [JSB][Init] after InsertFighter FighterID=2[32m [repeated 49x across cluster][0m
[36m(SingleAgentEnvRunner pid=17636)[0m runner:11/env:0	num_steps=[249] | total rewards=[1183.3652] | termination= [target destroyed][32m [repeated 6x across cluster][0m
[36m(SingleAgentEnvRunner pid=64580)[0m [JSB][Reset] fighter_count_after=0[32m [repeated 48x across cluster][0m
[36m(SingleAgentEnvRunner pid=64580)[0m [JSB][Reset] enter BattleSpace=1[32m [repeated 24x across cluster][0m
[36m(SingleAgentEnvRunner pid=64580)[0m [JSB][Reset] after lock found=1 size=1[32m [repeated 24x across cluster][0m
[36m(SingleAgentEnvRunner pid=64580)[0m total: 2[32m [repeated 24x across cluster][0m
[36m(SingleAgentEnvRunner pid=64580)[0m [JSB][Reset] exit after_size=1[32m [repeated 24x across cluster][0m
[36m(SingleAgentEnvRunner pid=65136)[0m runner:14/env:0	num_steps=[252] | total rewards=[665.2292] | termination= [ownship destroyed][32m [repeated 32x across cluster][0m
[36m(SingleAgentEnvRunner pid=60068)[0m [JSB][Init] enter BattleSpace=1 Type=1 ForceSide=2 Delta=0.0166667[32m [repeated 75x across cluster][0m
[36m(SingleAgentEnvRunner pid=60068)[0m [JSB][Init] registry size=1[32m [repeated 75x across cluster][0m
[36m(SingleAgentEnvRunner pid=60068)[0m [JSB][Init] before new AIP_FDMExec[32m [repeated 75x across cluster][0m
[36m(SingleAgentEnvRunner pid=60068)[0m [JSB][Init] after new AIP_FDMExec ptr=000002AB91B270C0[32m [repeated 75x across cluster][0m
[36m(SingleAgentEnvRunner pid=60068)[0m [JSB][Init] before Init_FDM ptr=000002AB91B270C0[32m [repeated 75x across cluster][0m
[36m(SingleAgentEnvRunner pid=60068)[0m [JSB][Init] after Init_FDM ptr=000002AB91B270C0[32m [repeated 76x across cluster][0m
[36m(SingleAgentEnvRunner pid=60068)[0m [JSB][Init] before Exec_FDM ptr=000002AB91B270C0[32m [repeated 76x across cluster][0m
[36m(SingleAgentEnvRunner pid=60068)[0m [JSB][Init] after Exec_FDM ptr=000002AB91B270C0[32m [repeated 76x across cluster][0m
[36m(SingleAgentEnvRunner pid=60068)[0m [JSB][Init] before InsertFighter BattleSpace=1 ptr=000002AB91B270C0[32m [repeated 76x across cluster][0m
[36m(SingleAgentEnvRunner pid=60068)[0m [JSB][Init] after InsertFighter FighterID=2[32m [repeated 76x across cluster][0m
[36m(SingleAgentEnvRunner pid=64368)[0m runner:6/env:0	num_steps=[264] | total rewards=[1194.6372] | termination= [target destroyed][32m [repeated 6x across cluster][0m
[36m(SingleAgentEnvRunner pid=65136)[0m [JSB][Reset] fighter_count_after=0[32m [repeated 76x across cluster][0m
[36m(SingleAgentEnvRunner pid=65136)[0m [JSB][Reset] enter BattleSpace=1[32m [repeated 38x across cluster][0m
[36m(SingleAgentEnvRunner pid=65136)[0m [JSB][Reset] after lock found=1 size=1[32m [repeated 38x across cluster][0m
[36m(SingleAgentEnvRunner pid=65136)[0m total: 2[32m [repeated 38x across cluster][0m
[36m(SingleAgentEnvRunner pid=65136)[0m [JSB][Reset] exit after_size=1[32m [repeated 38x across cluster][0m
stage=35 | iter_in_stage=24 | total_iter=24 | reward_mean=777.71 | win_rate=0.234 | crash_rate=0.000 | ep_wez_steps=24.0 | episodes_this_iter=63 | entropy=-3.760 | vf_loss=268.864
[36m(SingleAgentEnvRunner pid=65032)[0m runner:13/env:0	num_steps=[254] | total rewards=[665.3023] | termination= [ownship destroyed][32m [repeated 16x across cluster][0m
[36m(SingleAgentEnvRunner pid=64536)[0m [JSB][Init] enter BattleSpace=1 Type=1 ForceSide=2 Delta=0.0166667[32m [repeated 50x across cluster][0m
[36m(SingleAgentEnvRunner pid=64536)[0m [JSB][Init] registry size=1[32m [repeated 50x across cluster][0m
[36m(SingleAgentEnvRunner pid=64536)[0m [JSB][Init] before new AIP_FDMExec[32m [repeated 50x across cluster][0m
[36m(SingleAgentEnvRunner pid=64536)[0m [JSB][Init] after new AIP_FDMExec ptr=000001EA91E1B9C0[32m [repeated 50x across cluster][0m
[36m(SingleAgentEnvRunner pid=64536)[0m [JSB][Init] before Init_FDM ptr=000001EA91E1B9C0[32m [repeated 50x across cluster][0m
[36m(SingleAgentEnvRunner pid=64536)[0m [JSB][Init] after Init_FDM ptr=000001EA91E1B9C0[32m [repeated 50x across cluster][0m
[36m(SingleAgentEnvRunner pid=64536)[0m [JSB][Init] before Exec_FDM ptr=000001EA91E1B9C0[32m [repeated 50x across cluster][0m
[36m(SingleAgentEnvRunner pid=64536)[0m [JSB][Init] after Exec_FDM ptr=000001EA91E1B9C0[32m [repeated 50x across cluster][0m
[36m(SingleAgentEnvRunner pid=64536)[0m [JSB][Init] before InsertFighter BattleSpace=1 ptr=000001EA91E1B9C0[32m [repeated 50x across cluster][0m
[36m(SingleAgentEnvRunner pid=64536)[0m [JSB][Init] after InsertFighter FighterID=2[32m [repeated 50x across cluster][0m
[36m(SingleAgentEnvRunner pid=64580)[0m runner:2/env:0	num_steps=[257] | total rewards=[1163.9028] | termination= [target destroyed][32m [repeated 9x across cluster][0m
[36m(SingleAgentEnvRunner pid=64580)[0m [JSB][Reset] fighter_count_after=0[32m [repeated 50x across cluster][0m
[36m(SingleAgentEnvRunner pid=64580)[0m [JSB][Reset] enter BattleSpace=1[32m [repeated 25x across cluster][0m
[36m(SingleAgentEnvRunner pid=64580)[0m [JSB][Reset] after lock found=1 size=1[32m [repeated 25x across cluster][0m
[36m(SingleAgentEnvRunner pid=64580)[0m total: 2[32m [repeated 25x across cluster][0m
[36m(SingleAgentEnvRunner pid=64580)[0m [JSB][Reset] exit after_size=1[32m [repeated 25x across cluster][0m
[36m(SingleAgentEnvRunner pid=63828)[0m runner:10/env:0	num_steps=[261] | total rewards=[676.8838] | termination= [ownship destroyed][32m [repeated 22x across cluster][0m
[36m(SingleAgentEnvRunner pid=63828)[0m [JSB][Init] enter BattleSpace=1 Type=1 ForceSide=2 Delta=0.0166667[32m [repeated 72x across cluster][0m
[36m(SingleAgentEnvRunner pid=63828)[0m [JSB][Init] registry size=1[32m [repeated 72x across cluster][0m
[36m(SingleAgentEnvRunner pid=63828)[0m [JSB][Init] before new AIP_FDMExec[32m [repeated 72x across cluster][0m
[36m(SingleAgentEnvRunner pid=63828)[0m [JSB][Init] after new AIP_FDMExec ptr=0000026D91E1E050[32m [repeated 72x across cluster][0m
[36m(SingleAgentEnvRunner pid=63828)[0m [JSB][Init] before Init_FDM ptr=0000026D91E1E050[32m [repeated 72x across cluster][0m
[36m(SingleAgentEnvRunner pid=63828)[0m [JSB][Init] after Init_FDM ptr=0000026D91E1BF50[32m [repeated 71x across cluster][0m
[36m(SingleAgentEnvRunner pid=63828)[0m [JSB][Init] before Exec_FDM ptr=0000026D91E1BF50[32m [repeated 71x across cluster][0m
[36m(SingleAgentEnvRunner pid=63828)[0m [JSB][Init] after Exec_FDM ptr=0000026D91E1BF50[32m [repeated 71x across cluster][0m
[36m(SingleAgentEnvRunner pid=63828)[0m [JSB][Init] before InsertFighter BattleSpace=1 ptr=0000026D91E1BF50[32m [repeated 71x across cluster][0m
[36m(SingleAgentEnvRunner pid=63828)[0m [JSB][Init] after InsertFighter FighterID=1[32m [repeated 71x across cluster][0m
[36m(SingleAgentEnvRunner pid=65060)[0m runner:12/env:0	num_steps=[255] | total rewards=[1166.7566] | termination= [target destroyed][32m [repeated 13x across cluster][0m
[36m(SingleAgentEnvRunner pid=63828)[0m [JSB][Reset] fighter_count_after=0[32m [repeated 70x across cluster][0m
[36m(SingleAgentEnvRunner pid=63828)[0m [JSB][Reset] enter BattleSpace=1[32m [repeated 35x across cluster][0m
[36m(SingleAgentEnvRunner pid=63828)[0m [JSB][Reset] after lock found=1 size=1[32m [repeated 35x across cluster][0m
[36m(SingleAgentEnvRunner pid=63828)[0m total: 2[32m [repeated 35x across cluster][0m
[36m(SingleAgentEnvRunner pid=63828)[0m [JSB][Reset] exit after_size=1[32m [repeated 35x across cluster][0m
[DogFightEnv][PolicyProbe] iter=25 ramp:a=[-0.785,-0.957,0.295,0.237] s=22.371 | target_ahead:a=[0.798,-0.468,-0.932,-0.391] s=18.952 | target_left:a=[-0.774,-1.705,1.109,0.019] s=21.163 | zero_hold:a=[-0.106,-0.260,-0.142,1.177] s=12.544
[JSB][CreateBattleSpace] enter Space@00000001803EE598 SpaceMutex@00000001803DE000
[JSB][CreateBattleSpace] before newspace
[JSB][CreateBattleSpace] newspace=000002219DCAF8C0 use_count=1
[JSB][CreateBattleSpace] before lock
[JSB][CreateBattleSpace] after lock size=0
[JSB][CreateBattleSpace] insert id=1 success=1 final_size=1 stored=000002219DCAF8C0
init ID:1 Lat37.92003070998819 Lon128.18188127777776 Alt(meter)4572.029042862364 Speed(m/sec)200.0
[JSB][Init] enter BattleSpace=1 Type=1 ForceSide=1 Delta=0.0166667
[JSB][Init] registry size=1
[JSB][Init] before new AIP_FDMExec
[JSB][Init] after new AIP_FDMExec ptr=0000022197A7E180
[JSB][Init] before Init_FDM ptr=0000022197A7E180
[JSB][Init] after Init_FDM ptr=0000022197A7E180
[JSB][Init] before Exec_FDM ptr=0000022197A7E180
[JSB][Init] after Exec_FDM ptr=0000022197A7E180
[JSB][Init] before InsertFighter BattleSpace=1 ptr=0000022197A7E180
[JSB][Init] after InsertFighter FighterID=1
init ID:1 Lat37.91455691666667 Lon128.18188127777776 Alt(meter)4572.000000000235 Speed(m/sec)200.0
[JSB][Init] enter BattleSpace=1 Type=1 ForceSide=2 Delta=0.0166667
[JSB][Init] registry size=1
[JSB][Init] before new AIP_FDMExec
[JSB][Init] after new AIP_FDMExec ptr=0000022197A7F620
[JSB][Init] before Init_FDM ptr=0000022197A7F620
[JSB][Init] after Init_FDM ptr=0000022197A7F620
[JSB][Init] before Exec_FDM ptr=0000022197A7F620
[JSB][Init] after Exec_FDM ptr=0000022197A7F620
[JSB][Init] before InsertFighter BattleSpace=1 ptr=0000022197A7F620
[JSB][Init] after InsertFighter FighterID=2
[JSB][Reset] enter BattleSpace=1
[JSB][Reset] after lock found=1 size=1
[JSB][Reset] FighterPtr=000002219DCAF8C0 fighter_count_before=2
total: 2
[JSB][Reset] fighter_count_after=0
[JSB][Reset] exit after_size=1
[JSB][Init] enter BattleSpace=1 Type=1 ForceSide=1 Delta=0.0166667
[JSB][Init] registry size=1
[JSB][Init] before new AIP_FDMExec
[JSB][Init] after new AIP_FDMExec ptr=0000022197A7EDE0
[JSB][Init] before Init_FDM ptr=0000022197A7EDE0
[JSB][Init] after Init_FDM ptr=0000022197A7EDE0
[JSB][Init] before Exec_FDM ptr=0000022197A7EDE0
[JSB][Init] after Exec_FDM ptr=0000022197A7EDE0
[JSB][Init] before InsertFighter BattleSpace=1 ptr=0000022197A7EDE0
[JSB][Init] after InsertFighter FighterID=1
[JSB][Init] enter BattleSpace=1 Type=1 ForceSide=2 Delta=0.0166667
[JSB][Init] registry size=1
[JSB][Init] before new AIP_FDMExec
[JSB][Init] after new AIP_FDMExec ptr=0000022197A7EBD0
[JSB][Init] before Init_FDM ptr=0000022197A7EBD0
[JSB][Init] after Init_FDM ptr=0000022197A7EBD0
[JSB][Init] before Exec_FDM ptr=0000022197A7EBD0
[JSB][Init] after Exec_FDM ptr=0000022197A7EBD0
[JSB][Init] before InsertFighter BattleSpace=1 ptr=0000022197A7EBD0
[JSB][Init] after InsertFighter FighterID=2
runner:engagement_replay/env:0	num_steps=[252] | total rewards=[1185.1916] | termination= [target destroyed]
[JSB][RemoveSpace] enter BattleSpace=1
[JSB][RemoveSpace] after lock found=1 size=1
[JSB][RemoveSpace] FighterPtr=000002219DCAF8C0 fighter_count_before=2
[JSB][RemoveSpace] fighter_count_after=0
Remove Space Complete.
[JSB][RemoveSpace] exit after_size=0
[JSB][CreateBattleSpace] enter Space@00000001803EE598 SpaceMutex@00000001803DE000
[JSB][CreateBattleSpace] before newspace
[JSB][CreateBattleSpace] newspace=000002219DBD1B60 use_count=1
[JSB][CreateBattleSpace] before lock
[JSB][CreateBattleSpace] after lock size=0
[JSB][CreateBattleSpace] insert id=1 success=1 final_size=1 stored=000002219DBD1B60
init ID:1 Lat37.92003070998819 Lon128.18188127777776 Alt(meter)4572.029042862364 Speed(m/sec)200.0
[JSB][Init] enter BattleSpace=1 Type=1 ForceSide=1 Delta=0.0166667
[JSB][Init] registry size=1
[JSB][Init] before new AIP_FDMExec
[JSB][Init] after new AIP_FDMExec ptr=0000022197A7EFF0
[JSB][Init] before Init_FDM ptr=0000022197A7EFF0
[JSB][Init] after Init_FDM ptr=0000022197A7EFF0
[JSB][Init] before Exec_FDM ptr=0000022197A7EFF0
[JSB][Init] after Exec_FDM ptr=0000022197A7EFF0
[JSB][Init] before InsertFighter BattleSpace=1 ptr=0000022197A7EFF0
[JSB][Init] after InsertFighter FighterID=1
init ID:1 Lat37.91455691666667 Lon128.18188127777776 Alt(meter)4572.000000000235 Speed(m/sec)200.0
[JSB][Init] enter BattleSpace=1 Type=1 ForceSide=2 Delta=0.0166667
[JSB][Init] registry size=1
[JSB][Init] before new AIP_FDMExec
[JSB][Init] after new AIP_FDMExec ptr=0000022197A7C8C0
[JSB][Init] before Init_FDM ptr=0000022197A7C8C0
[JSB][Init] after Init_FDM ptr=0000022197A7C8C0
[JSB][Init] before Exec_FDM ptr=0000022197A7C8C0
[JSB][Init] after Exec_FDM ptr=0000022197A7C8C0
[JSB][Init] before InsertFighter BattleSpace=1 ptr=0000022197A7C8C0
[JSB][Init] after InsertFighter FighterID=2
[JSB][Reset] enter BattleSpace=1
[JSB][Reset] after lock found=1 size=1
[JSB][Reset] FighterPtr=000002219DBD1B60 fighter_count_before=2
total: 2
[JSB][Reset] fighter_count_after=0
[JSB][Reset] exit after_size=1
[JSB][Init] enter BattleSpace=1 Type=1 ForceSide=1 Delta=0.0166667
[JSB][Init] registry size=1
[JSB][Init] before new AIP_FDMExec
[JSB][Init] after new AIP_FDMExec ptr=0000022197A7DF70
[JSB][Init] before Init_FDM ptr=0000022197A7DF70
[JSB][Init] after Init_FDM ptr=0000022197A7DF70
[JSB][Init] before Exec_FDM ptr=0000022197A7DF70
[JSB][Init] after Exec_FDM ptr=0000022197A7DF70
[JSB][Init] before InsertFighter BattleSpace=1 ptr=0000022197A7DF70
[JSB][Init] after InsertFighter FighterID=1
[JSB][Init] enter BattleSpace=1 Type=1 ForceSide=2 Delta=0.0166667
[JSB][Init] registry size=1
[JSB][Init] before new AIP_FDMExec
[JSB][Init] after new AIP_FDMExec ptr=0000022197A7D100
[JSB][Init] before Init_FDM ptr=0000022197A7D100
[JSB][Init] after Init_FDM ptr=0000022197A7D100
[JSB][Init] before Exec_FDM ptr=0000022197A7D100
[JSB][Init] after Exec_FDM ptr=0000022197A7D100
[JSB][Init] before InsertFighter BattleSpace=1 ptr=0000022197A7D100
[JSB][Init] after InsertFighter FighterID=2
runner:engagement_replay/env:0	num_steps=[258] | total rewards=[683.2086] | termination= [ownship destroyed]
[JSB][RemoveSpace] enter BattleSpace=1
[JSB][RemoveSpace] after lock found=1 size=1
[JSB][RemoveSpace] FighterPtr=000002219DBD1B60 fighter_count_before=2
[JSB][RemoveSpace] fighter_count_after=0
Remove Space Complete.
[JSB][RemoveSpace] exit after_size=0
[JSB][CreateBattleSpace] enter Space@00000001803EE598 SpaceMutex@00000001803DE000
[JSB][CreateBattleSpace] before newspace
[JSB][CreateBattleSpace] newspace=000002219307A530 use_count=1
[JSB][CreateBattleSpace] before lock
[JSB][CreateBattleSpace] after lock size=0
[JSB][CreateBattleSpace] insert id=1 success=1 final_size=1 stored=000002219307A530
init ID:1 Lat37.92003070998819 Lon128.18188127777776 Alt(meter)4572.029042862364 Speed(m/sec)200.0
[JSB][Init] enter BattleSpace=1 Type=1 ForceSide=1 Delta=0.0166667
[JSB][Init] registry size=1
[JSB][Init] before new AIP_FDMExec
[JSB][Init] after new AIP_FDMExec ptr=0000022197A7EBD0
[JSB][Init] before Init_FDM ptr=0000022197A7EBD0
[JSB][Init] after Init_FDM ptr=0000022197A7EBD0
[JSB][Init] before Exec_FDM ptr=0000022197A7EBD0
[JSB][Init] after Exec_FDM ptr=0000022197A7EBD0
[JSB][Init] before InsertFighter BattleSpace=1 ptr=0000022197A7EBD0
[JSB][Init] after InsertFighter FighterID=1
init ID:1 Lat37.91455691666667 Lon128.18188127777776 Alt(meter)4572.000000000235 Speed(m/sec)200.0
[JSB][Init] enter BattleSpace=1 Type=1 ForceSide=2 Delta=0.0166667
[JSB][Init] registry size=1
[JSB][Init] before new AIP_FDMExec
[JSB][Init] after new AIP_FDMExec ptr=0000022197A80070
[JSB][Init] before Init_FDM ptr=0000022197A80070
[JSB][Init] after Init_FDM ptr=0000022197A80070
[JSB][Init] before Exec_FDM ptr=0000022197A80070
[JSB][Init] after Exec_FDM ptr=0000022197A80070
[JSB][Init] before InsertFighter BattleSpace=1 ptr=0000022197A80070
[JSB][Init] after InsertFighter FighterID=2
[JSB][Reset] enter BattleSpace=1
[JSB][Reset] after lock found=1 size=1
[JSB][Reset] FighterPtr=000002219307A530 fighter_count_before=2
total: 2
[JSB][Reset] fighter_count_after=0
[JSB][Reset] exit after_size=1
[JSB][Init] enter BattleSpace=1 Type=1 ForceSide=1 Delta=0.0166667
[JSB][Init] registry size=1
[JSB][Init] before new AIP_FDMExec
[JSB][Init] after new AIP_FDMExec ptr=0000022197A7F620
[JSB][Init] before Init_FDM ptr=0000022197A7F620
[JSB][Init] after Init_FDM ptr=0000022197A7F620
[JSB][Init] before Exec_FDM ptr=0000022197A7F620
[JSB][Init] after Exec_FDM ptr=0000022197A7F620
[JSB][Init] before InsertFighter BattleSpace=1 ptr=0000022197A7F620
[JSB][Init] after InsertFighter FighterID=1
[JSB][Init] enter BattleSpace=1 Type=1 ForceSide=2 Delta=0.0166667
[JSB][Init] registry size=1
[JSB][Init] before new AIP_FDMExec
[JSB][Init] after new AIP_FDMExec ptr=0000022197A7C4A0
[JSB][Init] before Init_FDM ptr=0000022197A7C4A0
[JSB][Init] after Init_FDM ptr=0000022197A7C4A0
[JSB][Init] before Exec_FDM ptr=0000022197A7C4A0
[JSB][Init] after Exec_FDM ptr=0000022197A7C4A0
[JSB][Init] before InsertFighter BattleSpace=1 ptr=0000022197A7C4A0
[JSB][Init] after InsertFighter FighterID=2
runner:engagement_replay/env:0	num_steps=[250] | total rewards=[671.5989] | termination= [ownship destroyed]
[JSB][RemoveSpace] enter BattleSpace=1
[JSB][RemoveSpace] after lock found=1 size=1
[JSB][RemoveSpace] FighterPtr=000002219307A530 fighter_count_before=2
[JSB][RemoveSpace] fighter_count_after=0
Remove Space Complete.
[JSB][RemoveSpace] exit after_size=0
[DogFightEnv][EngagementReplay] iter=25 ep=0 steps=252 outcome=win min_dist=236.02 | ep=1 steps=258 outcome=loss min_dist=206.52 | ep=2 steps=250 outcome=loss min_dist=230.37
stage=35 | iter_in_stage=25 | total_iter=25 | reward_mean=852.23 | win_rate=0.359 | crash_rate=0.000 | ep_wez_steps=24.0 | episodes_this_iter=62 | entropy=-3.729 | vf_loss=186.975
[36m(SingleAgentEnvRunner pid=64580)[0m runner:2/env:0	num_steps=[256] | total rewards=[692.3620] | termination= [ownship destroyed][32m [repeated 19x across cluster][0m
[36m(SingleAgentEnvRunner pid=64580)[0m [JSB][Init] enter BattleSpace=1 Type=1 ForceSide=1 Delta=0.0166667[32m [repeated 53x across cluster][0m
[36m(SingleAgentEnvRunner pid=64580)[0m [JSB][Init] registry size=1[32m [repeated 53x across cluster][0m
[36m(SingleAgentEnvRunner pid=64580)[0m [JSB][Init] before new AIP_FDMExec[32m [repeated 53x across cluster][0m
[36m(SingleAgentEnvRunner pid=64580)[0m [JSB][Init] after new AIP_FDMExec ptr=000001FF3E687270[32m [repeated 53x across cluster][0m
[36m(SingleAgentEnvRunner pid=64580)[0m [JSB][Init] before Init_FDM ptr=000001FF3E687270[32m [repeated 53x across cluster][0m
[36m(SingleAgentEnvRunner pid=60068)[0m [JSB][Init] after Init_FDM ptr=000002AB91627690[32m [repeated 53x across cluster][0m
[36m(SingleAgentEnvRunner pid=60068)[0m [JSB][Init] before Exec_FDM ptr=000002AB91627690[32m [repeated 53x across cluster][0m
[36m(SingleAgentEnvRunner pid=60068)[0m [JSB][Init] after Exec_FDM ptr=000002AB91627690[32m [repeated 53x across cluster][0m
[36m(SingleAgentEnvRunner pid=60068)[0m [JSB][Init] before InsertFighter BattleSpace=1 ptr=000002AB91627690[32m [repeated 53x across cluster][0m
[36m(SingleAgentEnvRunner pid=60068)[0m [JSB][Init] after InsertFighter FighterID=2[32m [repeated 53x across cluster][0m
[36m(SingleAgentEnvRunner pid=60068)[0m runner:5/env:0	num_steps=[256] | total rewards=[1164.6331] | termination= [target destroyed][32m [repeated 8x across cluster][0m
[36m(SingleAgentEnvRunner pid=64580)[0m [JSB][Reset] fighter_count_after=0[32m [repeated 54x across cluster][0m
[36m(SingleAgentEnvRunner pid=64580)[0m [JSB][Reset] enter BattleSpace=1[32m [repeated 27x across cluster][0m
[36m(SingleAgentEnvRunner pid=64580)[0m [JSB][Reset] after lock found=1 size=1[32m [repeated 27x across cluster][0m
[36m(SingleAgentEnvRunner pid=64580)[0m total: 2[32m [repeated 27x across cluster][0m
[36m(SingleAgentEnvRunner pid=64580)[0m [JSB][Reset] exit after_size=1[32m [repeated 27x across cluster][0m
[36m(SingleAgentEnvRunner pid=65060)[0m runner:12/env:0	num_steps=[258] | total rewards=[679.9399] | termination= [ownship destroyed][32m [repeated 24x across cluster][0m
[36m(SingleAgentEnvRunner pid=64404)[0m [JSB][Init] enter BattleSpace=1 Type=1 ForceSide=2 Delta=0.0166667[32m [repeated 75x across cluster][0m
[36m(SingleAgentEnvRunner pid=64404)[0m [JSB][Init] registry size=1[32m [repeated 75x across cluster][0m
[36m(SingleAgentEnvRunner pid=64404)[0m [JSB][Init] before new AIP_FDMExec[32m [repeated 75x across cluster][0m
[36m(SingleAgentEnvRunner pid=64404)[0m [JSB][Init] after new AIP_FDMExec ptr=0000015740C86900[32m [repeated 75x across cluster][0m
[36m(SingleAgentEnvRunner pid=64404)[0m [JSB][Init] before Init_FDM ptr=0000015740C86900[32m [repeated 75x across cluster][0m
[36m(SingleAgentEnvRunner pid=64404)[0m [JSB][Init] after Init_FDM ptr=0000015740C87FB0[32m [repeated 75x across cluster][0m
[36m(SingleAgentEnvRunner pid=64404)[0m [JSB][Init] before Exec_FDM ptr=0000015740C87FB0[32m [repeated 75x across cluster][0m
[36m(SingleAgentEnvRunner pid=64404)[0m [JSB][Init] after Exec_FDM ptr=0000015740C87FB0[32m [repeated 75x across cluster][0m
[36m(SingleAgentEnvRunner pid=64404)[0m [JSB][Init] before InsertFighter BattleSpace=1 ptr=0000015740C87FB0[32m [repeated 75x across cluster][0m
[36m(SingleAgentEnvRunner pid=64404)[0m [JSB][Init] after InsertFighter FighterID=1[32m [repeated 75x across cluster][0m
[36m(SingleAgentEnvRunner pid=64368)[0m runner:6/env:0	num_steps=[247] | total rewards=[1190.4666] | termination= [target destroyed][32m [repeated 14x across cluster][0m
[36m(SingleAgentEnvRunner pid=17636)[0m [JSB][Reset] fighter_count_after=0[32m [repeated 76x across cluster][0m
[36m(SingleAgentEnvRunner pid=17636)[0m [JSB][Reset] enter BattleSpace=1[32m [repeated 38x across cluster][0m
[36m(SingleAgentEnvRunner pid=17636)[0m [JSB][Reset] after lock found=1 size=1[32m [repeated 38x across cluster][0m
[36m(SingleAgentEnvRunner pid=17636)[0m total: 2[32m [repeated 38x across cluster][0m
[36m(SingleAgentEnvRunner pid=17636)[0m [JSB][Reset] exit after_size=1[32m [repeated 38x across cluster][0m
stage=35 | iter_in_stage=26 | total_iter=26 | reward_mean=851.28 | win_rate=0.359 | crash_rate=0.000 | ep_wez_steps=23.9 | episodes_this_iter=62 | entropy=-3.767 | vf_loss=351.457
[36m(SingleAgentEnvRunner pid=64580)[0m runner:2/env:0	num_steps=[254] | total rewards=[530.3222] | termination= [ownship destroyed][32m [repeated 16x across cluster][0m
[36m(SingleAgentEnvRunner pid=64580)[0m [JSB][Init] enter BattleSpace=1 Type=1 ForceSide=2 Delta=0.0166667[32m [repeated 50x across cluster][0m
[36m(SingleAgentEnvRunner pid=64580)[0m [JSB][Init] registry size=1[32m [repeated 50x across cluster][0m
[36m(SingleAgentEnvRunner pid=64580)[0m [JSB][Init] before new AIP_FDMExec[32m [repeated 50x across cluster][0m
[36m(SingleAgentEnvRunner pid=64580)[0m [JSB][Init] after new AIP_FDMExec ptr=000001FF3E686E50[32m [repeated 50x across cluster][0m
[36m(SingleAgentEnvRunner pid=64580)[0m [JSB][Init] before Init_FDM ptr=000001FF3E686E50[32m [repeated 50x across cluster][0m
[36m(SingleAgentEnvRunner pid=64580)[0m [JSB][Init] after Init_FDM ptr=000001FF3E684B40[32m [repeated 50x across cluster][0m
[36m(SingleAgentEnvRunner pid=64580)[0m [JSB][Init] before Exec_FDM ptr=000001FF3E684B40[32m [repeated 50x across cluster][0m
[36m(SingleAgentEnvRunner pid=64580)[0m [JSB][Init] after Exec_FDM ptr=000001FF3E684B40[32m [repeated 50x across cluster][0m
[36m(SingleAgentEnvRunner pid=64580)[0m [JSB][Init] before InsertFighter BattleSpace=1 ptr=000001FF3E684B40[32m [repeated 50x across cluster][0m
[36m(SingleAgentEnvRunner pid=64580)[0m [JSB][Init] after InsertFighter FighterID=1[32m [repeated 50x across cluster][0m
[36m(SingleAgentEnvRunner pid=65292)[0m runner:15/env:0	num_steps=[250] | total rewards=[1185.6837] | termination= [target destroyed][32m [repeated 8x across cluster][0m
[36m(SingleAgentEnvRunner pid=64580)[0m [JSB][Reset] fighter_count_after=0[32m [repeated 48x across cluster][0m
[36m(SingleAgentEnvRunner pid=64580)[0m [JSB][Reset] enter BattleSpace=1[32m [repeated 24x across cluster][0m
[36m(SingleAgentEnvRunner pid=64580)[0m [JSB][Reset] after lock found=1 size=1[32m [repeated 24x across cluster][0m
[36m(SingleAgentEnvRunner pid=64580)[0m total: 2[32m [repeated 24x across cluster][0m
[36m(SingleAgentEnvRunner pid=64580)[0m [JSB][Reset] exit after_size=1[32m [repeated 24x across cluster][0m
[36m(SingleAgentEnvRunner pid=64368)[0m runner:6/env:0	num_steps=[744] | total rewards=[514.3842] | termination= [target altitude below min]
[36m(SingleAgentEnvRunner pid=65136)[0m runner:14/env:0	num_steps=[260] | total rewards=[686.6991] | termination= [ownship destroyed][32m [repeated 29x across cluster][0m
[36m(SingleAgentEnvRunner pid=65136)[0m [JSB][Init] enter BattleSpace=1 Type=1 ForceSide=1 Delta=0.0166667[32m [repeated 73x across cluster][0m
[36m(SingleAgentEnvRunner pid=65136)[0m [JSB][Init] registry size=1[32m [repeated 73x across cluster][0m
[36m(SingleAgentEnvRunner pid=65136)[0m [JSB][Init] before new AIP_FDMExec[32m [repeated 73x across cluster][0m
[36m(SingleAgentEnvRunner pid=65136)[0m [JSB][Init] after new AIP_FDMExec ptr=0000022C40AACA30[32m [repeated 73x across cluster][0m
[36m(SingleAgentEnvRunner pid=65136)[0m [JSB][Init] before Init_FDM ptr=0000022C40AACA30[32m [repeated 73x across cluster][0m
[36m(SingleAgentEnvRunner pid=64188)[0m [JSB][Init] after Init_FDM ptr=0000020F1290FED0[32m [repeated 72x across cluster][0m
[36m(SingleAgentEnvRunner pid=64188)[0m [JSB][Init] before Exec_FDM ptr=0000020F1290FED0[32m [repeated 72x across cluster][0m
[36m(SingleAgentEnvRunner pid=64188)[0m [JSB][Init] after Exec_FDM ptr=0000020F1290FED0[32m [repeated 72x across cluster][0m
[36m(SingleAgentEnvRunner pid=64188)[0m [JSB][Init] before InsertFighter BattleSpace=1 ptr=0000020F1290FED0[32m [repeated 72x across cluster][0m
[36m(SingleAgentEnvRunner pid=64188)[0m [JSB][Init] after InsertFighter FighterID=1[32m [repeated 72x across cluster][0m
[36m(SingleAgentEnvRunner pid=64928)[0m runner:1/env:0	num_steps=[249] | total rewards=[1203.0242] | termination= [target destroyed][32m [repeated 7x across cluster][0m
[36m(SingleAgentEnvRunner pid=65136)[0m [JSB][Reset] fighter_count_after=0[32m [repeated 74x across cluster][0m
[36m(SingleAgentEnvRunner pid=65136)[0m [JSB][Reset] enter BattleSpace=1[32m [repeated 37x across cluster][0m
[36m(SingleAgentEnvRunner pid=65136)[0m [JSB][Reset] after lock found=1 size=1[32m [repeated 37x across cluster][0m
[36m(SingleAgentEnvRunner pid=65136)[0m total: 2[32m [repeated 37x across cluster][0m
[36m(SingleAgentEnvRunner pid=65136)[0m [JSB][Reset] exit after_size=1[32m [repeated 37x across cluster][0m
stage=35 | iter_in_stage=27 | total_iter=27 | reward_mean=775.68 | win_rate=0.260 | crash_rate=0.000 | ep_wez_steps=23.8 | episodes_this_iter=61 | entropy=-3.748 | vf_loss=247.998
[36m(SingleAgentEnvRunner pid=64580)[0m runner:2/env:0	num_steps=[251] | total rewards=[718.0137] | termination= [ownship destroyed][32m [repeated 16x across cluster][0m
[36m(SingleAgentEnvRunner pid=64580)[0m [JSB][Init] enter BattleSpace=1 Type=1 ForceSide=1 Delta=0.0166667[32m [repeated 48x across cluster][0m
[36m(SingleAgentEnvRunner pid=64580)[0m [JSB][Init] registry size=1[32m [repeated 48x across cluster][0m
[36m(SingleAgentEnvRunner pid=64580)[0m [JSB][Init] before new AIP_FDMExec[32m [repeated 48x across cluster][0m
[36m(SingleAgentEnvRunner pid=64580)[0m [JSB][Init] after new AIP_FDMExec ptr=000001FF40B8A180[32m [repeated 48x across cluster][0m
[36m(SingleAgentEnvRunner pid=64580)[0m [JSB][Init] before Init_FDM ptr=000001FF40B8A180[32m [repeated 48x across cluster][0m
[36m(SingleAgentEnvRunner pid=23528)[0m [JSB][Init] after Init_FDM ptr=0000023111B411E0[32m [repeated 49x across cluster][0m
[36m(SingleAgentEnvRunner pid=23528)[0m [JSB][Init] before Exec_FDM ptr=0000023111B411E0[32m [repeated 49x across cluster][0m
[36m(SingleAgentEnvRunner pid=23528)[0m [JSB][Init] after Exec_FDM ptr=0000023111B411E0[32m [repeated 49x across cluster][0m
[36m(SingleAgentEnvRunner pid=23528)[0m [JSB][Init] before InsertFighter BattleSpace=1 ptr=0000023111B411E0[32m [repeated 49x across cluster][0m
[36m(SingleAgentEnvRunner pid=23528)[0m [JSB][Init] after InsertFighter FighterID=2[32m [repeated 49x across cluster][0m
[36m(SingleAgentEnvRunner pid=23528)[0m runner:4/env:0	num_steps=[257] | total rewards=[1177.8152] | termination= [target destroyed][32m [repeated 8x across cluster][0m
[36m(SingleAgentEnvRunner pid=64580)[0m [JSB][Reset] fighter_count_after=0[32m [repeated 48x across cluster][0m
[36m(SingleAgentEnvRunner pid=64580)[0m [JSB][Reset] enter BattleSpace=1[32m [repeated 24x across cluster][0m
[36m(SingleAgentEnvRunner pid=64580)[0m [JSB][Reset] after lock found=1 size=1[32m [repeated 24x across cluster][0m
[36m(SingleAgentEnvRunner pid=64580)[0m total: 2[32m [repeated 24x across cluster][0m
[36m(SingleAgentEnvRunner pid=64580)[0m [JSB][Reset] exit after_size=1[32m [repeated 24x across cluster][0m
[36m(SingleAgentEnvRunner pid=65136)[0m runner:14/env:0	num_steps=[257] | total rewards=[691.1482] | termination= [ownship destroyed][32m [repeated 25x across cluster][0m
[36m(SingleAgentEnvRunner pid=65060)[0m [JSB][Init] enter BattleSpace=1 Type=1 ForceSide=2 Delta=0.0166667[32m [repeated 74x across cluster][0m
[36m(SingleAgentEnvRunner pid=65060)[0m [JSB][Init] registry size=1[32m [repeated 74x across cluster][0m
[36m(SingleAgentEnvRunner pid=65060)[0m [JSB][Init] before new AIP_FDMExec[32m [repeated 74x across cluster][0m
[36m(SingleAgentEnvRunner pid=65060)[0m [JSB][Init] after new AIP_FDMExec ptr=0000025511DA3B30[32m [repeated 74x across cluster][0m
[36m(SingleAgentEnvRunner pid=65060)[0m [JSB][Init] before Init_FDM ptr=0000025511DA3B30[32m [repeated 74x across cluster][0m
[36m(SingleAgentEnvRunner pid=65060)[0m [JSB][Init] after Init_FDM ptr=0000025511DA3B30[32m [repeated 74x across cluster][0m
[36m(SingleAgentEnvRunner pid=65060)[0m [JSB][Init] before Exec_FDM ptr=0000025511DA3B30[32m [repeated 74x across cluster][0m
[36m(SingleAgentEnvRunner pid=65060)[0m [JSB][Init] after Exec_FDM ptr=0000025511DA3B30[32m [repeated 74x across cluster][0m
[36m(SingleAgentEnvRunner pid=65060)[0m [JSB][Init] before InsertFighter BattleSpace=1 ptr=0000025511DA3B30[32m [repeated 74x across cluster][0m
[36m(SingleAgentEnvRunner pid=65060)[0m [JSB][Init] after InsertFighter FighterID=2[32m [repeated 74x across cluster][0m
[36m(SingleAgentEnvRunner pid=65060)[0m runner:12/env:0	num_steps=[252] | total rewards=[1180.5358] | termination= [target destroyed][32m [repeated 12x across cluster][0m
[36m(SingleAgentEnvRunner pid=65060)[0m [JSB][Reset] fighter_count_after=0[32m [repeated 74x across cluster][0m
[36m(SingleAgentEnvRunner pid=65060)[0m [JSB][Reset] enter BattleSpace=1[32m [repeated 37x across cluster][0m
[36m(SingleAgentEnvRunner pid=65060)[0m [JSB][Reset] after lock found=1 size=1[32m [repeated 37x across cluster][0m
[36m(SingleAgentEnvRunner pid=65060)[0m total: 2[32m [repeated 37x across cluster][0m
[36m(SingleAgentEnvRunner pid=65060)[0m [JSB][Reset] exit after_size=1[32m [repeated 37x across cluster][0m
stage=35 | iter_in_stage=28 | total_iter=28 | reward_mean=836.72 | win_rate=0.344 | crash_rate=0.000 | ep_wez_steps=24.1 | episodes_this_iter=62 | entropy=-3.736 | vf_loss=201.489
[36m(SingleAgentEnvRunner pid=64580)[0m runner:2/env:0	num_steps=[258] | total rewards=[675.0738] | termination= [ownship destroyed][32m [repeated 16x across cluster][0m
[36m(SingleAgentEnvRunner pid=64580)[0m [JSB][Init] enter BattleSpace=1 Type=1 ForceSide=1 Delta=0.0166667[32m [repeated 50x across cluster][0m
[36m(SingleAgentEnvRunner pid=64580)[0m [JSB][Init] registry size=1[32m [repeated 50x across cluster][0m
[36m(SingleAgentEnvRunner pid=64580)[0m [JSB][Init] before new AIP_FDMExec[32m [repeated 50x across cluster][0m
[36m(SingleAgentEnvRunner pid=64580)[0m [JSB][Init] after new AIP_FDMExec ptr=000001FF40B8BC50[32m [repeated 50x across cluster][0m
[36m(SingleAgentEnvRunner pid=64580)[0m [JSB][Init] before Init_FDM ptr=000001FF40B8BC50[32m [repeated 50x across cluster][0m
[36m(SingleAgentEnvRunner pid=60068)[0m [JSB][Init] after Init_FDM ptr=000002AB91C3E570[32m [repeated 50x across cluster][0m
[36m(SingleAgentEnvRunner pid=60068)[0m [JSB][Init] before Exec_FDM ptr=000002AB91C3E570[32m [repeated 50x across cluster][0m
[36m(SingleAgentEnvRunner pid=60068)[0m [JSB][Init] after Exec_FDM ptr=000002AB91C3E570[32m [repeated 50x across cluster][0m
[36m(SingleAgentEnvRunner pid=60068)[0m [JSB][Init] before InsertFighter BattleSpace=1 ptr=000002AB91C3E570[32m [repeated 50x across cluster][0m
[36m(SingleAgentEnvRunner pid=60068)[0m [JSB][Init] after InsertFighter FighterID=2[32m [repeated 50x across cluster][0m
[36m(SingleAgentEnvRunner pid=60068)[0m runner:5/env:0	num_steps=[256] | total rewards=[1167.4086] | termination= [target destroyed][32m [repeated 9x across cluster][0m
[36m(SingleAgentEnvRunner pid=64580)[0m [JSB][Reset] fighter_count_after=0[32m [repeated 50x across cluster][0m
[36m(SingleAgentEnvRunner pid=64580)[0m [JSB][Reset] enter BattleSpace=1[32m [repeated 25x across cluster][0m
[36m(SingleAgentEnvRunner pid=64580)[0m [JSB][Reset] after lock found=1 size=1[32m [repeated 25x across cluster][0m
[36m(SingleAgentEnvRunner pid=64580)[0m total: 2[32m [repeated 25x across cluster][0m
[36m(SingleAgentEnvRunner pid=64580)[0m [JSB][Reset] exit after_size=1[32m [repeated 25x across cluster][0m
[36m(SingleAgentEnvRunner pid=65032)[0m runner:13/env:0	num_steps=[754] | total rewards=[468.6314] | termination= [target altitude below min]
[36m(SingleAgentEnvRunner pid=64188)[0m runner:16/env:0	num_steps=[261] | total rewards=[678.1804] | termination= [ownship destroyed][32m [repeated 19x across cluster][0m
[36m(SingleAgentEnvRunner pid=65136)[0m [JSB][Init] enter BattleSpace=1 Type=1 ForceSide=1 Delta=0.0166667[32m [repeated 70x across cluster][0m
[36m(SingleAgentEnvRunner pid=65136)[0m [JSB][Init] registry size=1[32m [repeated 70x across cluster][0m
[36m(SingleAgentEnvRunner pid=65136)[0m [JSB][Init] before new AIP_FDMExec[32m [repeated 70x across cluster][0m
[36m(SingleAgentEnvRunner pid=65136)[0m [JSB][Init] after new AIP_FDMExec ptr=0000022C40AA9EE0[32m [repeated 70x across cluster][0m
[36m(SingleAgentEnvRunner pid=65136)[0m [JSB][Init] before Init_FDM ptr=0000022C40AA9EE0[32m [repeated 70x across cluster][0m
[36m(SingleAgentEnvRunner pid=64188)[0m [JSB][Init] after Init_FDM ptr=0000020F12907080[32m [repeated 69x across cluster][0m
[36m(SingleAgentEnvRunner pid=64188)[0m [JSB][Init] before Exec_FDM ptr=0000020F12907080[32m [repeated 69x across cluster][0m
[36m(SingleAgentEnvRunner pid=64188)[0m [JSB][Init] after Exec_FDM ptr=0000020F12907080[32m [repeated 69x across cluster][0m
[36m(SingleAgentEnvRunner pid=64188)[0m [JSB][Init] before InsertFighter BattleSpace=1 ptr=0000020F12907080[32m [repeated 69x across cluster][0m
[36m(SingleAgentEnvRunner pid=64188)[0m [JSB][Init] after InsertFighter FighterID=1[32m [repeated 69x across cluster][0m
[36m(SingleAgentEnvRunner pid=65136)[0m runner:14/env:0	num_steps=[256] | total rewards=[1176.3773] | termination= [target destroyed][32m [repeated 15x across cluster][0m
[36m(SingleAgentEnvRunner pid=65136)[0m [JSB][Reset] fighter_count_after=0[32m [repeated 70x across cluster][0m
[36m(SingleAgentEnvRunner pid=65136)[0m [JSB][Reset] enter BattleSpace=1[32m [repeated 35x across cluster][0m
[36m(SingleAgentEnvRunner pid=65136)[0m [JSB][Reset] after lock found=1 size=1[32m [repeated 35x across cluster][0m
[36m(SingleAgentEnvRunner pid=65136)[0m total: 2[32m [repeated 35x across cluster][0m
[36m(SingleAgentEnvRunner pid=65136)[0m [JSB][Reset] exit after_size=1[32m [repeated 35x across cluster][0m
stage=35 | iter_in_stage=29 | total_iter=29 | reward_mean=856.88 | win_rate=0.417 | crash_rate=0.000 | ep_wez_steps=23.8 | episodes_this_iter=59 | entropy=-3.732 | vf_loss=211.101
[36m(SingleAgentEnvRunner pid=65292)[0m runner:15/env:0	num_steps=[257] | total rewards=[691.5111] | termination= [ownship destroyed][32m [repeated 16x across cluster][0m
[36m(SingleAgentEnvRunner pid=64536)[0m [JSB][Init] enter BattleSpace=1 Type=1 ForceSide=2 Delta=0.0166667[32m [repeated 47x across cluster][0m
[36m(SingleAgentEnvRunner pid=64536)[0m [JSB][Init] registry size=1[32m [repeated 47x across cluster][0m
[36m(SingleAgentEnvRunner pid=64536)[0m [JSB][Init] before new AIP_FDMExec[32m [repeated 47x across cluster][0m
[36m(SingleAgentEnvRunner pid=64536)[0m [JSB][Init] after new AIP_FDMExec ptr=000001EA91E1C620[32m [repeated 47x across cluster][0m
[36m(SingleAgentEnvRunner pid=64536)[0m [JSB][Init] before Init_FDM ptr=000001EA91E1C620[32m [repeated 47x across cluster][0m
[36m(SingleAgentEnvRunner pid=64536)[0m [JSB][Init] after Init_FDM ptr=000001EA91E1C620[32m [repeated 49x across cluster][0m
[36m(SingleAgentEnvRunner pid=64536)[0m [JSB][Init] before Exec_FDM ptr=000001EA91E1C620[32m [repeated 49x across cluster][0m
[36m(SingleAgentEnvRunner pid=64536)[0m [JSB][Init] after Exec_FDM ptr=000001EA91E1C620[32m [repeated 49x across cluster][0m
[36m(SingleAgentEnvRunner pid=64536)[0m [JSB][Init] before InsertFighter BattleSpace=1 ptr=000001EA91E1C620[32m [repeated 49x across cluster][0m
[36m(SingleAgentEnvRunner pid=64536)[0m [JSB][Init] after InsertFighter FighterID=2[32m [repeated 49x across cluster][0m
[36m(SingleAgentEnvRunner pid=64536)[0m runner:3/env:0	num_steps=[251] | total rewards=[1188.0673] | termination= [target destroyed][32m [repeated 8x across cluster][0m
[36m(SingleAgentEnvRunner pid=65292)[0m [JSB][Reset] fighter_count_after=0[32m [repeated 48x across cluster][0m
[36m(SingleAgentEnvRunner pid=65292)[0m [JSB][Reset] enter BattleSpace=1[32m [repeated 24x across cluster][0m
[36m(SingleAgentEnvRunner pid=65292)[0m [JSB][Reset] after lock found=1 size=1[32m [repeated 24x across cluster][0m
[36m(SingleAgentEnvRunner pid=65292)[0m total: 2[32m [repeated 24x across cluster][0m
[36m(SingleAgentEnvRunner pid=65292)[0m [JSB][Reset] exit after_size=1[32m [repeated 24x across cluster][0m
[36m(SingleAgentEnvRunner pid=64404)[0m runner:7/env:0	num_steps=[754] | total rewards=[622.8853] | termination= [target altitude below min]
[36m(SingleAgentEnvRunner pid=64404)[0m runner:7/env:0	num_steps=[255] | total rewards=[680.5901] | termination= [ownship destroyed][32m [repeated 25x across cluster][0m
[36m(SingleAgentEnvRunner pid=64404)[0m [JSB][Init] enter BattleSpace=1 Type=1 ForceSide=2 Delta=0.0166667[32m [repeated 76x across cluster][0m
[36m(SingleAgentEnvRunner pid=64404)[0m [JSB][Init] registry size=1[32m [repeated 76x across cluster][0m
[36m(SingleAgentEnvRunner pid=64404)[0m [JSB][Init] before new AIP_FDMExec[32m [repeated 76x across cluster][0m
[36m(SingleAgentEnvRunner pid=64404)[0m [JSB][Init] after new AIP_FDMExec ptr=00000157409FCDF0[32m [repeated 76x across cluster][0m
[36m(SingleAgentEnvRunner pid=64404)[0m [JSB][Init] before Init_FDM ptr=00000157409FCDF0[32m [repeated 76x across cluster][0m
[36m(SingleAgentEnvRunner pid=64404)[0m [JSB][Init] after Init_FDM ptr=00000157409FB110[32m [repeated 74x across cluster][0m
[36m(SingleAgentEnvRunner pid=64404)[0m [JSB][Init] before Exec_FDM ptr=00000157409FB110[32m [repeated 74x across cluster][0m
[36m(SingleAgentEnvRunner pid=64404)[0m [JSB][Init] after Exec_FDM ptr=00000157409FB110[32m [repeated 74x across cluster][0m
[36m(SingleAgentEnvRunner pid=64404)[0m [JSB][Init] before InsertFighter BattleSpace=1 ptr=00000157409FB110[32m [repeated 74x across cluster][0m
[36m(SingleAgentEnvRunner pid=64404)[0m [JSB][Init] after InsertFighter FighterID=1[32m [repeated 74x across cluster][0m
[36m(SingleAgentEnvRunner pid=23528)[0m runner:4/env:0	num_steps=[256] | total rewards=[1168.3311] | termination= [target destroyed][32m [repeated 11x across cluster][0m
[36m(SingleAgentEnvRunner pid=64404)[0m [JSB][Reset] fighter_count_after=0[32m [repeated 74x across cluster][0m
[36m(SingleAgentEnvRunner pid=64404)[0m [JSB][Reset] enter BattleSpace=1[32m [repeated 37x across cluster][0m
[36m(SingleAgentEnvRunner pid=64404)[0m [JSB][Reset] after lock found=1 size=1[32m [repeated 37x across cluster][0m
[36m(SingleAgentEnvRunner pid=64404)[0m total: 2[32m [repeated 37x across cluster][0m
[36m(SingleAgentEnvRunner pid=64404)[0m [JSB][Reset] exit after_size=1[32m [repeated 37x across cluster][0m
stage=35 | iter_in_stage=30 | total_iter=30 | reward_mean=844.47 | win_rate=0.353 | crash_rate=0.000 | ep_wez_steps=23.9 | episodes_this_iter=65 | entropy=-3.720 | vf_loss=259.888
[36m(SingleAgentEnvRunner pid=65060)[0m runner:12/env:0	num_steps=[261] | total rewards=[695.3979] | termination= [ownship destroyed][32m [repeated 16x across cluster][0m
[36m(SingleAgentEnvRunner pid=64536)[0m [JSB][Init] enter BattleSpace=1 Type=1 ForceSide=1 Delta=0.0166667[32m [repeated 53x across cluster][0m
[36m(SingleAgentEnvRunner pid=64536)[0m [JSB][Init] registry size=1[32m [repeated 53x across cluster][0m
[36m(SingleAgentEnvRunner pid=64536)[0m [JSB][Init] before new AIP_FDMExec[32m [repeated 53x across cluster][0m
[36m(SingleAgentEnvRunner pid=64536)[0m [JSB][Init] after new AIP_FDMExec ptr=000001EA91E1BBD0[32m [repeated 53x across cluster][0m
[36m(SingleAgentEnvRunner pid=64536)[0m [JSB][Init] before Init_FDM ptr=000001EA91E1BBD0[32m [repeated 53x across cluster][0m
[36m(SingleAgentEnvRunner pid=65292)[0m [JSB][Init] after Init_FDM ptr=000002C091D3E080[32m [repeated 54x across cluster][0m
[36m(SingleAgentEnvRunner pid=65292)[0m [JSB][Init] before Exec_FDM ptr=000002C091D3E080[32m [repeated 54x across cluster][0m
[36m(SingleAgentEnvRunner pid=65292)[0m [JSB][Init] after Exec_FDM ptr=000002C091D3E080[32m [repeated 54x across cluster][0m
[36m(SingleAgentEnvRunner pid=65292)[0m [JSB][Init] before InsertFighter BattleSpace=1 ptr=000002C091D3E080[32m [repeated 54x across cluster][0m
[36m(SingleAgentEnvRunner pid=65292)[0m [JSB][Init] after InsertFighter FighterID=2[32m [repeated 54x across cluster][0m
[36m(SingleAgentEnvRunner pid=65292)[0m runner:15/env:0	num_steps=[259] | total rewards=[1163.4205] | termination= [target destroyed][32m [repeated 11x across cluster][0m
[36m(SingleAgentEnvRunner pid=64536)[0m [JSB][Reset] fighter_count_after=0[32m [repeated 54x across cluster][0m
[36m(SingleAgentEnvRunner pid=64536)[0m [JSB][Reset] enter BattleSpace=1[32m [repeated 27x across cluster][0m
[36m(SingleAgentEnvRunner pid=64536)[0m [JSB][Reset] after lock found=1 size=1[32m [repeated 27x across cluster][0m
[36m(SingleAgentEnvRunner pid=64536)[0m total: 2[32m [repeated 27x across cluster][0m
[36m(SingleAgentEnvRunner pid=64536)[0m [JSB][Reset] exit after_size=1[32m [repeated 27x across cluster][0m
[36m(SingleAgentEnvRunner pid=64928)[0m runner:1/env:0	num_steps=[263] | total rewards=[688.5642] | termination= [ownship destroyed][32m [repeated 24x across cluster][0m
[36m(SingleAgentEnvRunner pid=64928)[0m [JSB][Init] enter BattleSpace=1 Type=1 ForceSide=1 Delta=0.0166667[32m [repeated 71x across cluster][0m
[36m(SingleAgentEnvRunner pid=64928)[0m [JSB][Init] registry size=1[32m [repeated 71x across cluster][0m
[36m(SingleAgentEnvRunner pid=64928)[0m [JSB][Init] before new AIP_FDMExec[32m [repeated 71x across cluster][0m
[36m(SingleAgentEnvRunner pid=64928)[0m [JSB][Init] after new AIP_FDMExec ptr=0000025691EFC760[32m [repeated 71x across cluster][0m
[36m(SingleAgentEnvRunner pid=64928)[0m [JSB][Init] before Init_FDM ptr=0000025691EFC760[32m [repeated 71x across cluster][0m
[36m(SingleAgentEnvRunner pid=64368)[0m [JSB][Init] after Init_FDM ptr=0000019D11740050[32m [repeated 70x across cluster][0m
[36m(SingleAgentEnvRunner pid=64368)[0m [JSB][Init] before Exec_FDM ptr=0000019D11740050[32m [repeated 70x across cluster][0m
[36m(SingleAgentEnvRunner pid=64368)[0m [JSB][Init] after Exec_FDM ptr=0000019D11740050[32m [repeated 70x across cluster][0m
[36m(SingleAgentEnvRunner pid=64368)[0m [JSB][Init] before InsertFighter BattleSpace=1 ptr=0000019D11740050[32m [repeated 70x across cluster][0m
[36m(SingleAgentEnvRunner pid=64368)[0m [JSB][Init] after InsertFighter FighterID=2[32m [repeated 70x across cluster][0m
[36m(SingleAgentEnvRunner pid=64368)[0m runner:6/env:0	num_steps=[261] | total rewards=[1155.8318] | termination= [target destroyed][32m [repeated 12x across cluster][0m
[36m(SingleAgentEnvRunner pid=64928)[0m [JSB][Reset] fighter_count_after=0[32m [repeated 72x across cluster][0m
[36m(SingleAgentEnvRunner pid=64928)[0m [JSB][Reset] enter BattleSpace=1[32m [repeated 36x across cluster][0m
[36m(SingleAgentEnvRunner pid=64928)[0m [JSB][Reset] after lock found=1 size=1[32m [repeated 36x across cluster][0m
[36m(SingleAgentEnvRunner pid=64928)[0m total: 2[32m [repeated 36x across cluster][0m
[36m(SingleAgentEnvRunner pid=64928)[0m [JSB][Reset] exit after_size=1[32m [repeated 36x across cluster][0m
stage=35 | iter_in_stage=31 | total_iter=31 | reward_mean=846.45 | win_rate=0.365 | crash_rate=0.000 | ep_wez_steps=23.9 | episodes_this_iter=62 | entropy=-3.726 | vf_loss=226.028
[36m(SingleAgentEnvRunner pid=64536)[0m runner:3/env:0	num_steps=[260] | total rewards=[665.8840] | termination= [ownship destroyed][32m [repeated 16x across cluster][0m
[36m(SingleAgentEnvRunner pid=64536)[0m [JSB][Init] enter BattleSpace=1 Type=1 ForceSide=1 Delta=0.0166667[32m [repeated 55x across cluster][0m
[36m(SingleAgentEnvRunner pid=64536)[0m [JSB][Init] registry size=1[32m [repeated 55x across cluster][0m
[36m(SingleAgentEnvRunner pid=64536)[0m [JSB][Init] before new AIP_FDMExec[32m [repeated 55x across cluster][0m
[36m(SingleAgentEnvRunner pid=64536)[0m [JSB][Init] after new AIP_FDMExec ptr=000001EA91E1D070[32m [repeated 55x across cluster][0m
[36m(SingleAgentEnvRunner pid=64536)[0m [JSB][Init] before Init_FDM ptr=000001EA91E1D070[32m [repeated 55x across cluster][0m
[36m(SingleAgentEnvRunner pid=63712)[0m [JSB][Init] after Init_FDM ptr=000001C0926B6070[32m [repeated 56x across cluster][0m
[36m(SingleAgentEnvRunner pid=63712)[0m [JSB][Init] before Exec_FDM ptr=000001C0926B6070[32m [repeated 56x across cluster][0m
[36m(SingleAgentEnvRunner pid=63712)[0m [JSB][Init] after Exec_FDM ptr=000001C0926B6070[32m [repeated 56x across cluster][0m
[36m(SingleAgentEnvRunner pid=63712)[0m [JSB][Init] before InsertFighter BattleSpace=1 ptr=000001C0926B6070[32m [repeated 56x across cluster][0m
[36m(SingleAgentEnvRunner pid=63712)[0m [JSB][Init] after InsertFighter FighterID=2[32m [repeated 56x across cluster][0m
[36m(SingleAgentEnvRunner pid=64188)[0m runner:16/env:0	num_steps=[425] | total rewards=[1178.4983] | termination= [target destroyed][32m [repeated 11x across cluster][0m
[36m(SingleAgentEnvRunner pid=64536)[0m [JSB][Reset] fighter_count_after=0[32m [repeated 54x across cluster][0m
[36m(SingleAgentEnvRunner pid=64536)[0m [JSB][Reset] enter BattleSpace=1[32m [repeated 27x across cluster][0m
[36m(SingleAgentEnvRunner pid=64536)[0m [JSB][Reset] after lock found=1 size=1[32m [repeated 27x across cluster][0m
[36m(SingleAgentEnvRunner pid=64536)[0m total: 2[32m [repeated 27x across cluster][0m
[36m(SingleAgentEnvRunner pid=64536)[0m [JSB][Reset] exit after_size=1[32m [repeated 27x across cluster][0m
[36m(SingleAgentEnvRunner pid=65060)[0m runner:12/env:0	num_steps=[259] | total rewards=[669.7003] | termination= [ownship destroyed][32m [repeated 22x across cluster][0m
[36m(SingleAgentEnvRunner pid=65060)[0m [JSB][Init] enter BattleSpace=1 Type=1 ForceSide=1 Delta=0.0166667[32m [repeated 72x across cluster][0m
[36m(SingleAgentEnvRunner pid=65060)[0m [JSB][Init] registry size=1[32m [repeated 72x across cluster][0m
[36m(SingleAgentEnvRunner pid=65060)[0m [JSB][Init] before new AIP_FDMExec[32m [repeated 72x across cluster][0m
[36m(SingleAgentEnvRunner pid=65136)[0m [JSB][Init] after new AIP_FDMExec ptr=0000022C3E32A4B0[32m [repeated 71x across cluster][0m
[36m(SingleAgentEnvRunner pid=65136)[0m [JSB][Init] before Init_FDM ptr=0000022C3E32A4B0[32m [repeated 71x across cluster][0m
[36m(SingleAgentEnvRunner pid=65136)[0m [JSB][Init] after Init_FDM ptr=0000022C3E32A4B0[32m [repeated 72x across cluster][0m
[36m(SingleAgentEnvRunner pid=65136)[0m [JSB][Init] before Exec_FDM ptr=0000022C3E32A4B0[32m [repeated 72x across cluster][0m
[36m(SingleAgentEnvRunner pid=65136)[0m [JSB][Init] after Exec_FDM ptr=0000022C3E32A4B0[32m [repeated 72x across cluster][0m
[36m(SingleAgentEnvRunner pid=65136)[0m [JSB][Init] before InsertFighter BattleSpace=1 ptr=0000022C3E32A4B0[32m [repeated 72x across cluster][0m
[36m(SingleAgentEnvRunner pid=65136)[0m [JSB][Init] after InsertFighter FighterID=2[32m [repeated 72x across cluster][0m
[36m(SingleAgentEnvRunner pid=64928)[0m runner:1/env:0	num_steps=[260] | total rewards=[1159.6091] | termination= [target destroyed][32m [repeated 14x across cluster][0m
[36m(SingleAgentEnvRunner pid=65136)[0m [JSB][Reset] fighter_count_after=0[32m [repeated 72x across cluster][0m
[36m(SingleAgentEnvRunner pid=65136)[0m [JSB][Reset] enter BattleSpace=1[32m [repeated 36x across cluster][0m
[36m(SingleAgentEnvRunner pid=65136)[0m [JSB][Reset] after lock found=1 size=1[32m [repeated 36x across cluster][0m
[36m(SingleAgentEnvRunner pid=65136)[0m total: 2[32m [repeated 36x across cluster][0m
[36m(SingleAgentEnvRunner pid=65136)[0m [JSB][Reset] exit after_size=1[32m [repeated 36x across cluster][0m
stage=35 | iter_in_stage=32 | total_iter=32 | reward_mean=860.37 | win_rate=0.411 | crash_rate=0.000 | ep_wez_steps=23.9 | episodes_this_iter=63 | entropy=-3.720 | vf_loss=271.531
[36m(SingleAgentEnvRunner pid=64188)[0m runner:16/env:0	num_steps=[251] | total rewards=[628.3912] | termination= [ownship destroyed][32m [repeated 15x across cluster][0m
[36m(SingleAgentEnvRunner pid=64188)[0m [JSB][Init] enter BattleSpace=1 Type=1 ForceSide=1 Delta=0.0166667[32m [repeated 54x across cluster][0m
[36m(SingleAgentEnvRunner pid=64188)[0m [JSB][Init] registry size=1[32m [repeated 54x across cluster][0m
[36m(SingleAgentEnvRunner pid=64188)[0m [JSB][Init] before new AIP_FDMExec[32m [repeated 54x across cluster][0m
[36m(SingleAgentEnvRunner pid=64188)[0m [JSB][Init] after new AIP_FDMExec ptr=0000020F12F05A30[32m [repeated 55x across cluster][0m
[36m(SingleAgentEnvRunner pid=64188)[0m [JSB][Init] before Init_FDM ptr=0000020F12F05A30[32m [repeated 55x across cluster][0m
[36m(SingleAgentEnvRunner pid=63828)[0m [JSB][Init] after Init_FDM ptr=0000026D92197540[32m [repeated 54x across cluster][0m
[36m(SingleAgentEnvRunner pid=63828)[0m [JSB][Init] before Exec_FDM ptr=0000026D92197540[32m [repeated 54x across cluster][0m
[36m(SingleAgentEnvRunner pid=63828)[0m [JSB][Init] after Exec_FDM ptr=0000026D92197540[32m [repeated 54x across cluster][0m
[36m(SingleAgentEnvRunner pid=63828)[0m [JSB][Init] before InsertFighter BattleSpace=1 ptr=0000026D92197540[32m [repeated 54x across cluster][0m
[36m(SingleAgentEnvRunner pid=63828)[0m [JSB][Init] after InsertFighter FighterID=2[32m [repeated 54x across cluster][0m
[36m(SingleAgentEnvRunner pid=63828)[0m runner:10/env:0	num_steps=[258] | total rewards=[1172.6886] | termination= [target destroyed][32m [repeated 12x across cluster][0m
[36m(SingleAgentEnvRunner pid=64188)[0m [JSB][Reset] fighter_count_after=0[32m [repeated 54x across cluster][0m
[36m(SingleAgentEnvRunner pid=64188)[0m [JSB][Reset] enter BattleSpace=1[32m [repeated 27x across cluster][0m
[36m(SingleAgentEnvRunner pid=64188)[0m [JSB][Reset] after lock found=1 size=1[32m [repeated 27x across cluster][0m
[36m(SingleAgentEnvRunner pid=64188)[0m total: 2[32m [repeated 27x across cluster][0m
[36m(SingleAgentEnvRunner pid=64188)[0m [JSB][Reset] exit after_size=1[32m [repeated 27x across cluster][0m
[36m(SingleAgentEnvRunner pid=64928)[0m runner:1/env:0	num_steps=[251] | total rewards=[471.9531] | termination= [ownship destroyed][32m [repeated 28x across cluster][0m
[36m(SingleAgentEnvRunner pid=64928)[0m [JSB][Init] enter BattleSpace=1 Type=1 ForceSide=2 Delta=0.0166667[32m [repeated 71x across cluster][0m
[36m(SingleAgentEnvRunner pid=64928)[0m [JSB][Init] registry size=1[32m [repeated 71x across cluster][0m
[36m(SingleAgentEnvRunner pid=64928)[0m [JSB][Init] before new AIP_FDMExec[32m [repeated 71x across cluster][0m
[36m(SingleAgentEnvRunner pid=64928)[0m [JSB][Init] after new AIP_FDMExec ptr=000002569220FDA0[32m [repeated 71x across cluster][0m
[36m(SingleAgentEnvRunner pid=64928)[0m [JSB][Init] before Init_FDM ptr=000002569220FDA0[32m [repeated 71x across cluster][0m
[36m(SingleAgentEnvRunner pid=64928)[0m [JSB][Init] after Init_FDM ptr=000002569220FDA0[32m [repeated 72x across cluster][0m
[36m(SingleAgentEnvRunner pid=64928)[0m [JSB][Init] before Exec_FDM ptr=000002569220FDA0[32m [repeated 72x across cluster][0m
[36m(SingleAgentEnvRunner pid=64928)[0m [JSB][Init] after Exec_FDM ptr=000002569220FDA0[32m [repeated 72x across cluster][0m
[36m(SingleAgentEnvRunner pid=64928)[0m [JSB][Init] before InsertFighter BattleSpace=1 ptr=000002569220FDA0[32m [repeated 72x across cluster][0m
[36m(SingleAgentEnvRunner pid=64928)[0m [JSB][Init] after InsertFighter FighterID=2[32m [repeated 72x across cluster][0m
[36m(SingleAgentEnvRunner pid=17636)[0m runner:11/env:0	num_steps=[256] | total rewards=[1169.2094] | termination= [target destroyed][32m [repeated 8x across cluster][0m
[36m(SingleAgentEnvRunner pid=17636)[0m [JSB][Reset] fighter_count_after=0[32m [repeated 72x across cluster][0m
[36m(SingleAgentEnvRunner pid=17636)[0m [JSB][Reset] enter BattleSpace=1[32m [repeated 36x across cluster][0m
[36m(SingleAgentEnvRunner pid=17636)[0m [JSB][Reset] after lock found=1 size=1[32m [repeated 36x across cluster][0m
[36m(SingleAgentEnvRunner pid=17636)[0m total: 2[32m [repeated 36x across cluster][0m
[36m(SingleAgentEnvRunner pid=17636)[0m [JSB][Reset] exit after_size=1[32m [repeated 36x across cluster][0m
stage=35 | iter_in_stage=33 | total_iter=33 | reward_mean=814.16 | win_rate=0.312 | crash_rate=0.000 | ep_wez_steps=23.9 | episodes_this_iter=64 | entropy=-3.727 | vf_loss=256.692
[36m(SingleAgentEnvRunner pid=64440)[0m runner:8/env:0	num_steps=[259] | total rewards=[483.0080] | termination= [ownship destroyed][32m [repeated 15x across cluster][0m
[36m(SingleAgentEnvRunner pid=64188)[0m [JSB][Init] enter BattleSpace=1 Type=1 ForceSide=1 Delta=0.0166667[32m [repeated 57x across cluster][0m
[36m(SingleAgentEnvRunner pid=64188)[0m [JSB][Init] registry size=1[32m [repeated 57x across cluster][0m
[36m(SingleAgentEnvRunner pid=64188)[0m [JSB][Init] before new AIP_FDMExec[32m [repeated 57x across cluster][0m
[36m(SingleAgentEnvRunner pid=64188)[0m [JSB][Init] after new AIP_FDMExec ptr=0000020F12F8DC20[32m [repeated 57x across cluster][0m
[36m(SingleAgentEnvRunner pid=64188)[0m [JSB][Init] before Init_FDM ptr=0000020F12F8DC20[32m [repeated 57x across cluster][0m
[36m(SingleAgentEnvRunner pid=63828)[0m [JSB][Init] after Init_FDM ptr=0000026D92196D00[32m [repeated 56x across cluster][0m
[36m(SingleAgentEnvRunner pid=63828)[0m [JSB][Init] before Exec_FDM ptr=0000026D92196D00[32m [repeated 56x across cluster][0m
[36m(SingleAgentEnvRunner pid=63828)[0m [JSB][Init] after Exec_FDM ptr=0000026D92196D00[32m [repeated 56x across cluster][0m
[36m(SingleAgentEnvRunner pid=63828)[0m [JSB][Init] before InsertFighter BattleSpace=1 ptr=0000026D92196D00[32m [repeated 56x across cluster][0m
[36m(SingleAgentEnvRunner pid=63828)[0m [JSB][Init] after InsertFighter FighterID=2[32m [repeated 56x across cluster][0m
[36m(SingleAgentEnvRunner pid=64188)[0m runner:16/env:0	num_steps=[253] | total rewards=[1160.2314] | termination= [target destroyed][32m [repeated 13x across cluster][0m
[36m(SingleAgentEnvRunner pid=64188)[0m [JSB][Reset] fighter_count_after=0[32m [repeated 56x across cluster][0m
[36m(SingleAgentEnvRunner pid=64188)[0m [JSB][Reset] enter BattleSpace=1[32m [repeated 28x across cluster][0m
[36m(SingleAgentEnvRunner pid=64188)[0m [JSB][Reset] after lock found=1 size=1[32m [repeated 28x across cluster][0m
[36m(SingleAgentEnvRunner pid=64188)[0m total: 2[32m [repeated 28x across cluster][0m
[36m(SingleAgentEnvRunner pid=64188)[0m [JSB][Reset] exit after_size=1[32m [repeated 28x across cluster][0m
[36m(SingleAgentEnvRunner pid=64536)[0m runner:3/env:0	num_steps=[268] | total rewards=[658.5877] | termination= [ownship destroyed][32m [repeated 20x across cluster][0m
[36m(SingleAgentEnvRunner pid=64536)[0m [JSB][Init] enter BattleSpace=1 Type=1 ForceSide=2 Delta=0.0166667[32m [repeated 67x across cluster][0m
[36m(SingleAgentEnvRunner pid=64536)[0m [JSB][Init] registry size=1[32m [repeated 67x across cluster][0m
[36m(SingleAgentEnvRunner pid=64536)[0m [JSB][Init] before new AIP_FDMExec[32m [repeated 67x across cluster][0m
[36m(SingleAgentEnvRunner pid=64536)[0m [JSB][Init] after new AIP_FDMExec ptr=000001EA91E1D8B0[32m [repeated 67x across cluster][0m
[36m(SingleAgentEnvRunner pid=64536)[0m [JSB][Init] before Init_FDM ptr=000001EA91E1D8B0[32m [repeated 67x across cluster][0m
[36m(SingleAgentEnvRunner pid=64536)[0m [JSB][Init] after Init_FDM ptr=000001EA91E1CE60[32m [repeated 67x across cluster][0m
[36m(SingleAgentEnvRunner pid=64536)[0m [JSB][Init] before Exec_FDM ptr=000001EA91E1CE60[32m [repeated 67x across cluster][0m
[36m(SingleAgentEnvRunner pid=64536)[0m [JSB][Init] after Exec_FDM ptr=000001EA91E1CE60[32m [repeated 67x across cluster][0m
[36m(SingleAgentEnvRunner pid=64536)[0m [JSB][Init] before InsertFighter BattleSpace=1 ptr=000001EA91E1CE60[32m [repeated 67x across cluster][0m
[36m(SingleAgentEnvRunner pid=64536)[0m [JSB][Init] after InsertFighter FighterID=1[32m [repeated 67x across cluster][0m
[36m(SingleAgentEnvRunner pid=64188)[0m runner:16/env:0	num_steps=[248] | total rewards=[1183.0778] | termination= [target destroyed][32m [repeated 13x across cluster][0m
[36m(SingleAgentEnvRunner pid=64536)[0m [JSB][Reset] fighter_count_after=0[32m [repeated 66x across cluster][0m
[36m(SingleAgentEnvRunner pid=64536)[0m [JSB][Reset] enter BattleSpace=1[32m [repeated 33x across cluster][0m
[36m(SingleAgentEnvRunner pid=64536)[0m [JSB][Reset] after lock found=1 size=1[32m [repeated 33x across cluster][0m
[36m(SingleAgentEnvRunner pid=64536)[0m total: 2[32m [repeated 33x across cluster][0m
[36m(SingleAgentEnvRunner pid=64536)[0m [JSB][Reset] exit after_size=1[32m [repeated 33x across cluster][0m
stage=35 | iter_in_stage=34 | total_iter=34 | reward_mean=849.05 | win_rate=0.359 | crash_rate=0.000 | ep_wez_steps=24.0 | episodes_this_iter=64 | entropy=-3.717 | vf_loss=280.488
[36m(SingleAgentEnvRunner pid=64188)[0m runner:16/env:0	num_steps=[260] | total rewards=[699.1854] | termination= [ownship destroyed][32m [repeated 22x across cluster][0m
[36m(SingleAgentEnvRunner pid=64188)[0m [JSB][Init] enter BattleSpace=1 Type=1 ForceSide=2 Delta=0.0166667[32m [repeated 62x across cluster][0m
[36m(SingleAgentEnvRunner pid=64188)[0m [JSB][Init] registry size=1[32m [repeated 62x across cluster][0m
[36m(SingleAgentEnvRunner pid=64188)[0m [JSB][Init] before new AIP_FDMExec[32m [repeated 62x across cluster][0m
[36m(SingleAgentEnvRunner pid=64188)[0m [JSB][Init] after new AIP_FDMExec ptr=0000020F1290AA40[32m [repeated 62x across cluster][0m
[36m(SingleAgentEnvRunner pid=64188)[0m [JSB][Init] before Init_FDM ptr=0000020F1290AA40[32m [repeated 62x across cluster][0m
[36m(SingleAgentEnvRunner pid=64188)[0m [JSB][Init] after Init_FDM ptr=0000020F129076B0[32m [repeated 62x across cluster][0m
[36m(SingleAgentEnvRunner pid=64188)[0m [JSB][Init] before Exec_FDM ptr=0000020F129076B0[32m [repeated 62x across cluster][0m
[36m(SingleAgentEnvRunner pid=64188)[0m [JSB][Init] after Exec_FDM ptr=0000020F129076B0[32m [repeated 62x across cluster][0m
[36m(SingleAgentEnvRunner pid=64188)[0m [JSB][Init] before InsertFighter BattleSpace=1 ptr=0000020F129076B0[32m [repeated 62x across cluster][0m
[36m(SingleAgentEnvRunner pid=64188)[0m [JSB][Init] after InsertFighter FighterID=1[32m [repeated 62x across cluster][0m
[36m(SingleAgentEnvRunner pid=65292)[0m runner:15/env:0	num_steps=[254] | total rewards=[1168.4133] | termination= [target destroyed][32m [repeated 9x across cluster][0m
[36m(SingleAgentEnvRunner pid=64188)[0m [JSB][Reset] fighter_count_after=0[32m [repeated 62x across cluster][0m
[36m(SingleAgentEnvRunner pid=64188)[0m [JSB][Reset] enter BattleSpace=1[32m [repeated 31x across cluster][0m
[36m(SingleAgentEnvRunner pid=64188)[0m [JSB][Reset] after lock found=1 size=1[32m [repeated 31x across cluster][0m
[36m(SingleAgentEnvRunner pid=64188)[0m total: 2[32m [repeated 31x across cluster][0m
[36m(SingleAgentEnvRunner pid=64188)[0m [JSB][Reset] exit after_size=1[32m [repeated 31x across cluster][0m
[36m(SingleAgentEnvRunner pid=64536)[0m runner:3/env:0	num_steps=[252] | total rewards=[684.7347] | termination= [ownship destroyed][32m [repeated 22x across cluster][0m
[36m(SingleAgentEnvRunner pid=64536)[0m [JSB][Init] enter BattleSpace=1 Type=1 ForceSide=1 Delta=0.0166667[32m [repeated 66x across cluster][0m
[36m(SingleAgentEnvRunner pid=64536)[0m [JSB][Init] registry size=1[32m [repeated 66x across cluster][0m
[36m(SingleAgentEnvRunner pid=64536)[0m [JSB][Init] before new AIP_FDMExec[32m [repeated 66x across cluster][0m
[36m(SingleAgentEnvRunner pid=64536)[0m [JSB][Init] after new AIP_FDMExec ptr=000001EA91E1B9C0[32m [repeated 66x across cluster][0m
[36m(SingleAgentEnvRunner pid=64536)[0m [JSB][Init] before Init_FDM ptr=000001EA91E1B9C0[32m [repeated 66x across cluster][0m
[36m(SingleAgentEnvRunner pid=64580)[0m [JSB][Init] after Init_FDM ptr=000001FF40B9C660[32m [repeated 65x across cluster][0m
[36m(SingleAgentEnvRunner pid=64580)[0m [JSB][Init] before Exec_FDM ptr=000001FF40B9C660[32m [repeated 65x across cluster][0m
[36m(SingleAgentEnvRunner pid=64580)[0m [JSB][Init] after Exec_FDM ptr=000001FF40B9C660[32m [repeated 65x across cluster][0m
[36m(SingleAgentEnvRunner pid=64580)[0m [JSB][Init] before InsertFighter BattleSpace=1 ptr=000001FF40B9C660[32m [repeated 65x across cluster][0m
[36m(SingleAgentEnvRunner pid=64580)[0m [JSB][Init] after InsertFighter FighterID=2[32m [repeated 65x across cluster][0m
[36m(SingleAgentEnvRunner pid=23528)[0m runner:4/env:0	num_steps=[253] | total rewards=[1194.9425] | termination= [target destroyed][32m [repeated 12x across cluster][0m
[36m(SingleAgentEnvRunner pid=64536)[0m [JSB][Reset] fighter_count_after=0[32m [repeated 68x across cluster][0m
[36m(SingleAgentEnvRunner pid=64536)[0m [JSB][Reset] enter BattleSpace=1[32m [repeated 34x across cluster][0m
[36m(SingleAgentEnvRunner pid=64536)[0m [JSB][Reset] after lock found=1 size=1[32m [repeated 34x across cluster][0m
[36m(SingleAgentEnvRunner pid=64536)[0m total: 2[32m [repeated 34x across cluster][0m
[36m(SingleAgentEnvRunner pid=64536)[0m [JSB][Reset] exit after_size=1[32m [repeated 34x across cluster][0m
stage=35 | iter_in_stage=35 | total_iter=35 | reward_mean=824.07 | win_rate=0.297 | crash_rate=0.000 | ep_wez_steps=24.0 | episodes_this_iter=60 | entropy=-3.679 | vf_loss=165.623
[36m(SingleAgentEnvRunner pid=63712)[0m runner:9/env:0	num_steps=[263] | total rewards=[468.7040] | termination= [ownship destroyed][32m [repeated 19x across cluster][0m
[36m(SingleAgentEnvRunner pid=64580)[0m [JSB][Init] enter BattleSpace=1 Type=1 ForceSide=1 Delta=0.0166667[32m [repeated 53x across cluster][0m
[36m(SingleAgentEnvRunner pid=64580)[0m [JSB][Init] registry size=1[32m [repeated 53x across cluster][0m
[36m(SingleAgentEnvRunner pid=64580)[0m [JSB][Init] before new AIP_FDMExec[32m [repeated 53x across cluster][0m
[36m(SingleAgentEnvRunner pid=64580)[0m [JSB][Init] after new AIP_FDMExec ptr=000001FF40B9AFB0[32m [repeated 53x across cluster][0m
[36m(SingleAgentEnvRunner pid=64580)[0m [JSB][Init] before Init_FDM ptr=000001FF40B9AFB0[32m [repeated 53x across cluster][0m
[36m(SingleAgentEnvRunner pid=63712)[0m [JSB][Init] after Init_FDM ptr=000001C091877980[32m [repeated 54x across cluster][0m
[36m(SingleAgentEnvRunner pid=63712)[0m [JSB][Init] before Exec_FDM ptr=000001C091877980[32m [repeated 54x across cluster][0m
[36m(SingleAgentEnvRunner pid=63712)[0m [JSB][Init] after Exec_FDM ptr=000001C091877980[32m [repeated 54x across cluster][0m
[36m(SingleAgentEnvRunner pid=63712)[0m [JSB][Init] before InsertFighter BattleSpace=1 ptr=000001C091877980[32m [repeated 54x across cluster][0m
[36m(SingleAgentEnvRunner pid=63712)[0m [JSB][Init] after InsertFighter FighterID=2[32m [repeated 54x across cluster][0m
[36m(SingleAgentEnvRunner pid=64580)[0m runner:2/env:0	num_steps=[244] | total rewards=[1166.5127] | termination= [target destroyed][32m [repeated 7x across cluster][0m
[36m(SingleAgentEnvRunner pid=64580)[0m [JSB][Reset] fighter_count_after=0[32m [repeated 52x across cluster][0m
[36m(SingleAgentEnvRunner pid=64580)[0m [JSB][Reset] enter BattleSpace=1[32m [repeated 26x across cluster][0m
[36m(SingleAgentEnvRunner pid=64580)[0m [JSB][Reset] after lock found=1 size=1[32m [repeated 26x across cluster][0m
[36m(SingleAgentEnvRunner pid=64580)[0m total: 2[32m [repeated 26x across cluster][0m
[36m(SingleAgentEnvRunner pid=64580)[0m [JSB][Reset] exit after_size=1[32m [repeated 26x across cluster][0m
[36m(SingleAgentEnvRunner pid=65292)[0m runner:15/env:0	num_steps=[729] | total rewards=[459.9170] | termination= [target altitude below min]
[36m(SingleAgentEnvRunner pid=64368)[0m runner:6/env:0	num_steps=[251] | total rewards=[715.4798] | termination= [ownship destroyed][32m [repeated 24x across cluster][0m
[36m(SingleAgentEnvRunner pid=64368)[0m [JSB][Init] enter BattleSpace=1 Type=1 ForceSide=1 Delta=0.0166667[32m [repeated 67x across cluster][0m
[36m(SingleAgentEnvRunner pid=64368)[0m [JSB][Init] registry size=1[32m [repeated 67x across cluster][0m
[36m(SingleAgentEnvRunner pid=64368)[0m [JSB][Init] before new AIP_FDMExec[32m [repeated 67x across cluster][0m
[36m(SingleAgentEnvRunner pid=64368)[0m [JSB][Init] after new AIP_FDMExec ptr=0000019D1173D710[32m [repeated 67x across cluster][0m
[36m(SingleAgentEnvRunner pid=64368)[0m [JSB][Init] before Init_FDM ptr=0000019D1173D710[32m [repeated 67x across cluster][0m
[36m(SingleAgentEnvRunner pid=64536)[0m [JSB][Init] after Init_FDM ptr=000001EA91E1A310[32m [repeated 66x across cluster][0m
[36m(SingleAgentEnvRunner pid=64536)[0m [JSB][Init] before Exec_FDM ptr=000001EA91E1A310[32m [repeated 66x across cluster][0m
[36m(SingleAgentEnvRunner pid=64536)[0m [JSB][Init] after Exec_FDM ptr=000001EA91E1A310[32m [repeated 66x across cluster][0m
[36m(SingleAgentEnvRunner pid=64536)[0m [JSB][Init] before InsertFighter BattleSpace=1 ptr=000001EA91E1A310[32m [repeated 66x across cluster][0m
[36m(SingleAgentEnvRunner pid=64536)[0m [JSB][Init] after InsertFighter FighterID=2[32m [repeated 66x across cluster][0m
[36m(SingleAgentEnvRunner pid=64188)[0m runner:16/env:0	num_steps=[250] | total rewards=[1159.8151] | termination= [target destroyed][32m [repeated 9x across cluster][0m
[36m(SingleAgentEnvRunner pid=64368)[0m [JSB][Reset] fighter_count_after=0[32m [repeated 68x across cluster][0m
[36m(SingleAgentEnvRunner pid=64368)[0m [JSB][Reset] enter BattleSpace=1[32m [repeated 34x across cluster][0m
[36m(SingleAgentEnvRunner pid=64368)[0m [JSB][Reset] after lock found=1 size=1[32m [repeated 34x across cluster][0m
[36m(SingleAgentEnvRunner pid=64368)[0m total: 2[32m [repeated 34x across cluster][0m
[36m(SingleAgentEnvRunner pid=64368)[0m [JSB][Reset] exit after_size=1[32m [repeated 34x across cluster][0m
stage=35 | iter_in_stage=36 | total_iter=36 | reward_mean=802.68 | win_rate=0.286 | crash_rate=0.000 | ep_wez_steps=23.9 | episodes_this_iter=63 | entropy=-3.656 | vf_loss=205.902
[36m(SingleAgentEnvRunner pid=64580)[0m runner:2/env:0	num_steps=[251] | total rewards=[688.4953] | termination= [ownship destroyed][32m [repeated 22x across cluster][0m
[36m(SingleAgentEnvRunner pid=64580)[0m [JSB][Init] enter BattleSpace=1 Type=1 ForceSide=1 Delta=0.0166667[32m [repeated 59x across cluster][0m
[36m(SingleAgentEnvRunner pid=64580)[0m [JSB][Init] registry size=1[32m [repeated 59x across cluster][0m
[36m(SingleAgentEnvRunner pid=64580)[0m [JSB][Init] before new AIP_FDMExec[32m [repeated 59x across cluster][0m
[36m(SingleAgentEnvRunner pid=64580)[0m [JSB][Init] after new AIP_FDMExec ptr=000001FF40B9ADA0[32m [repeated 59x across cluster][0m
[36m(SingleAgentEnvRunner pid=64580)[0m [JSB][Init] before Init_FDM ptr=000001FF40B9ADA0[32m [repeated 59x across cluster][0m
[36m(SingleAgentEnvRunner pid=63828)[0m [JSB][Init] after Init_FDM ptr=0000026D92199A60[32m [repeated 60x across cluster][0m
[36m(SingleAgentEnvRunner pid=63828)[0m [JSB][Init] before Exec_FDM ptr=0000026D92199A60[32m [repeated 60x across cluster][0m
[36m(SingleAgentEnvRunner pid=63828)[0m [JSB][Init] after Exec_FDM ptr=0000026D92199A60[32m [repeated 60x across cluster][0m
[36m(SingleAgentEnvRunner pid=63828)[0m [JSB][Init] before InsertFighter BattleSpace=1 ptr=0000026D92199A60[32m [repeated 60x across cluster][0m
[36m(SingleAgentEnvRunner pid=63828)[0m [JSB][Init] after InsertFighter FighterID=2[32m [repeated 60x across cluster][0m
[36m(SingleAgentEnvRunner pid=23528)[0m runner:4/env:0	num_steps=[254] | total rewards=[1186.5810] | termination= [target destroyed][32m [repeated 7x across cluster][0m
[36m(SingleAgentEnvRunner pid=64580)[0m [JSB][Reset] fighter_count_after=0[32m [repeated 58x across cluster][0m
[36m(SingleAgentEnvRunner pid=64580)[0m [JSB][Reset] enter BattleSpace=1[32m [repeated 29x across cluster][0m
[36m(SingleAgentEnvRunner pid=64580)[0m [JSB][Reset] after lock found=1 size=1[32m [repeated 29x across cluster][0m
[36m(SingleAgentEnvRunner pid=64580)[0m total: 2[32m [repeated 29x across cluster][0m
[36m(SingleAgentEnvRunner pid=64580)[0m [JSB][Reset] exit after_size=1[32m [repeated 29x across cluster][0m
[36m(SingleAgentEnvRunner pid=64580)[0m runner:2/env:0	num_steps=[256] | total rewards=[685.1338] | termination= [ownship destroyed][32m [repeated 16x across cluster][0m
[36m(SingleAgentEnvRunner pid=64580)[0m [JSB][Init] enter BattleSpace=1 Type=1 ForceSide=2 Delta=0.0166667[32m [repeated 63x across cluster][0m
[36m(SingleAgentEnvRunner pid=64580)[0m [JSB][Init] registry size=1[32m [repeated 63x across cluster][0m
[36m(SingleAgentEnvRunner pid=64580)[0m [JSB][Init] before new AIP_FDMExec[32m [repeated 63x across cluster][0m
[36m(SingleAgentEnvRunner pid=64580)[0m [JSB][Init] after new AIP_FDMExec ptr=000001FF40B9C030[32m [repeated 63x across cluster][0m
[36m(SingleAgentEnvRunner pid=64580)[0m [JSB][Init] before Init_FDM ptr=000001FF40B9C030[32m [repeated 63x across cluster][0m
[36m(SingleAgentEnvRunner pid=64580)[0m [JSB][Init] after Init_FDM ptr=000001FF40B9C030[32m [repeated 64x across cluster][0m
[36m(SingleAgentEnvRunner pid=64580)[0m [JSB][Init] before Exec_FDM ptr=000001FF40B9C030[32m [repeated 64x across cluster][0m
[36m(SingleAgentEnvRunner pid=64580)[0m [JSB][Init] after Exec_FDM ptr=000001FF40B9C030[32m [repeated 64x across cluster][0m
[36m(SingleAgentEnvRunner pid=64580)[0m [JSB][Init] before InsertFighter BattleSpace=1 ptr=000001FF40B9C030[32m [repeated 64x across cluster][0m
[36m(SingleAgentEnvRunner pid=64580)[0m [JSB][Init] after InsertFighter FighterID=2[32m [repeated 64x across cluster][0m
[36m(SingleAgentEnvRunner pid=64928)[0m runner:1/env:0	num_steps=[253] | total rewards=[1194.6119] | termination= [target destroyed][32m [repeated 15x across cluster][0m
[36m(SingleAgentEnvRunner pid=64580)[0m [JSB][Reset] fighter_count_after=0[32m [repeated 62x across cluster][0m
[36m(SingleAgentEnvRunner pid=64580)[0m [JSB][Reset] enter BattleSpace=1[32m [repeated 31x across cluster][0m
[36m(SingleAgentEnvRunner pid=64580)[0m [JSB][Reset] after lock found=1 size=1[32m [repeated 31x across cluster][0m
[36m(SingleAgentEnvRunner pid=64580)[0m total: 2[32m [repeated 31x across cluster][0m
[36m(SingleAgentEnvRunner pid=64580)[0m [JSB][Reset] exit after_size=1[32m [repeated 31x across cluster][0m
[36m(SingleAgentEnvRunner pid=64368)[0m runner:6/env:0	num_steps=[775] | total rewards=[661.6349] | termination= [target altitude below min]
stage=35 | iter_in_stage=37 | total_iter=37 | reward_mean=907.66 | win_rate=0.505 | crash_rate=0.000 | ep_wez_steps=23.9 | episodes_this_iter=60 | entropy=-3.650 | vf_loss=191.467
[36m(SingleAgentEnvRunner pid=64580)[0m runner:2/env:0	num_steps=[256] | total rewards=[501.5852] | termination= [ownship destroyed][32m [repeated 15x across cluster][0m
[36m(SingleAgentEnvRunner pid=64580)[0m [JSB][Init] enter BattleSpace=1 Type=1 ForceSide=2 Delta=0.0166667[32m [repeated 58x across cluster][0m
[36m(SingleAgentEnvRunner pid=64580)[0m [JSB][Init] registry size=1[32m [repeated 58x across cluster][0m
[36m(SingleAgentEnvRunner pid=64580)[0m [JSB][Init] before new AIP_FDMExec[32m [repeated 58x across cluster][0m
[36m(SingleAgentEnvRunner pid=64580)[0m [JSB][Init] after new AIP_FDMExec ptr=000001FF40B9D6E0[32m [repeated 58x across cluster][0m
[36m(SingleAgentEnvRunner pid=64580)[0m [JSB][Init] before Init_FDM ptr=000001FF40B9D6E0[32m [repeated 58x across cluster][0m
[36m(SingleAgentEnvRunner pid=64580)[0m [JSB][Init] after Init_FDM ptr=000001FF40B9C660[32m [repeated 57x across cluster][0m
[36m(SingleAgentEnvRunner pid=64580)[0m [JSB][Init] before Exec_FDM ptr=000001FF40B9C660[32m [repeated 57x across cluster][0m
[36m(SingleAgentEnvRunner pid=64580)[0m [JSB][Init] after Exec_FDM ptr=000001FF40B9C660[32m [repeated 57x across cluster][0m
[36m(SingleAgentEnvRunner pid=64580)[0m [JSB][Init] before InsertFighter BattleSpace=1 ptr=000001FF40B9C660[32m [repeated 57x across cluster][0m
[36m(SingleAgentEnvRunner pid=64580)[0m [JSB][Init] after InsertFighter FighterID=1[32m [repeated 57x across cluster][0m
[36m(SingleAgentEnvRunner pid=63828)[0m runner:10/env:0	num_steps=[253] | total rewards=[1189.3035] | termination= [target destroyed][32m [repeated 13x across cluster][0m
[36m(SingleAgentEnvRunner pid=64580)[0m [JSB][Reset] fighter_count_after=0[32m [repeated 58x across cluster][0m
[36m(SingleAgentEnvRunner pid=64580)[0m [JSB][Reset] enter BattleSpace=1[32m [repeated 29x across cluster][0m
[36m(SingleAgentEnvRunner pid=64580)[0m [JSB][Reset] after lock found=1 size=1[32m [repeated 29x across cluster][0m
[36m(SingleAgentEnvRunner pid=64580)[0m total: 2[32m [repeated 29x across cluster][0m
[36m(SingleAgentEnvRunner pid=64580)[0m [JSB][Reset] exit after_size=1[32m [repeated 29x across cluster][0m
[36m(SingleAgentEnvRunner pid=64188)[0m runner:16/env:0	num_steps=[250] | total rewards=[672.8494] | termination= [ownship destroyed][32m [repeated 22x across cluster][0m
[36m(SingleAgentEnvRunner pid=64580)[0m [JSB][Init] enter BattleSpace=1 Type=1 ForceSide=1 Delta=0.0166667[32m [repeated 63x across cluster][0m
[36m(SingleAgentEnvRunner pid=64580)[0m [JSB][Init] registry size=1[32m [repeated 63x across cluster][0m
[36m(SingleAgentEnvRunner pid=64580)[0m [JSB][Init] before new AIP_FDMExec[32m [repeated 63x across cluster][0m
[36m(SingleAgentEnvRunner pid=64580)[0m [JSB][Init] after new AIP_FDMExec ptr=000001FF40B9BC10[32m [repeated 63x across cluster][0m
[36m(SingleAgentEnvRunner pid=64580)[0m [JSB][Init] before Init_FDM ptr=000001FF40B9BC10[32m [repeated 63x across cluster][0m
[36m(SingleAgentEnvRunner pid=64188)[0m [JSB][Init] after Init_FDM ptr=0000020F12907EF0[32m [repeated 62x across cluster][0m
[36m(SingleAgentEnvRunner pid=64188)[0m [JSB][Init] before Exec_FDM ptr=0000020F12907EF0[32m [repeated 62x across cluster][0m
[36m(SingleAgentEnvRunner pid=64188)[0m [JSB][Init] after Exec_FDM ptr=0000020F12907EF0[32m [repeated 62x across cluster][0m
[36m(SingleAgentEnvRunner pid=64188)[0m [JSB][Init] before InsertFighter BattleSpace=1 ptr=0000020F12907EF0[32m [repeated 62x across cluster][0m
[36m(SingleAgentEnvRunner pid=64188)[0m [JSB][Init] after InsertFighter FighterID=1[32m [repeated 62x across cluster][0m
[36m(SingleAgentEnvRunner pid=63712)[0m runner:9/env:0	num_steps=[257] | total rewards=[1165.6743] | termination= [target destroyed][32m [repeated 10x across cluster][0m
[36m(SingleAgentEnvRunner pid=64188)[0m [JSB][Reset] fighter_count_after=0[32m [repeated 64x across cluster][0m
[36m(SingleAgentEnvRunner pid=64188)[0m [JSB][Reset] enter BattleSpace=1[32m [repeated 32x across cluster][0m
[36m(SingleAgentEnvRunner pid=64188)[0m [JSB][Reset] after lock found=1 size=1[32m [repeated 32x across cluster][0m
[36m(SingleAgentEnvRunner pid=64188)[0m total: 2[32m [repeated 32x across cluster][0m
[36m(SingleAgentEnvRunner pid=64188)[0m [JSB][Reset] exit after_size=1[32m [repeated 32x across cluster][0m
[36m(SingleAgentEnvRunner pid=64404)[0m runner:7/env:0	num_steps=[260] | total rewards=[691.1334] | termination= [ownship destroyed][32m [repeated 18x across cluster][0m
[36m(SingleAgentEnvRunner pid=64404)[0m [JSB][Init] enter BattleSpace=1 Type=1 ForceSide=1 Delta=0.0166667[32m [repeated 64x across cluster][0m
[36m(SingleAgentEnvRunner pid=64404)[0m [JSB][Init] registry size=1[32m [repeated 64x across cluster][0m
[36m(SingleAgentEnvRunner pid=64404)[0m [JSB][Init] before new AIP_FDMExec[32m [repeated 64x across cluster][0m
[36m(SingleAgentEnvRunner pid=64404)[0m [JSB][Init] after new AIP_FDMExec ptr=0000015740A4FC80[32m [repeated 64x across cluster][0m
[36m(SingleAgentEnvRunner pid=64404)[0m [JSB][Init] before Init_FDM ptr=0000015740A4FC80[32m [repeated 64x across cluster][0m
[36m(SingleAgentEnvRunner pid=64580)[0m [JSB][Init] after Init_FDM ptr=000001FF40B9D0B0[32m [repeated 65x across cluster][0m
[36m(SingleAgentEnvRunner pid=64580)[0m [JSB][Init] before Exec_FDM ptr=000001FF40B9D0B0[32m [repeated 65x across cluster][0m
[36m(SingleAgentEnvRunner pid=64580)[0m [JSB][Init] after Exec_FDM ptr=000001FF40B9D0B0[32m [repeated 65x across cluster][0m
[36m(SingleAgentEnvRunner pid=64580)[0m [JSB][Init] before InsertFighter BattleSpace=1 ptr=000001FF40B9D0B0[32m [repeated 65x across cluster][0m
[36m(SingleAgentEnvRunner pid=64580)[0m [JSB][Init] after InsertFighter FighterID=2[32m [repeated 65x across cluster][0m
[36m(SingleAgentEnvRunner pid=63712)[0m runner:9/env:0	num_steps=[252] | total rewards=[1177.8239] | termination= [target destroyed][32m [repeated 14x across cluster][0m
[36m(SingleAgentEnvRunner pid=64404)[0m [JSB][Reset] fighter_count_after=0[32m [repeated 64x across cluster][0m
[36m(SingleAgentEnvRunner pid=64404)[0m [JSB][Reset] enter BattleSpace=1[32m [repeated 32x across cluster][0m
[36m(SingleAgentEnvRunner pid=64404)[0m [JSB][Reset] after lock found=1 size=1[32m [repeated 32x across cluster][0m
[36m(SingleAgentEnvRunner pid=64404)[0m total: 2[32m [repeated 32x across cluster][0m
[36m(SingleAgentEnvRunner pid=64404)[0m [JSB][Reset] exit after_size=1[32m [repeated 32x across cluster][0m
stage=35 | iter_in_stage=38 | total_iter=38 | reward_mean=855.10 | win_rate=0.372 | crash_rate=0.000 | ep_wez_steps=24.0 | episodes_this_iter=65 | entropy=-3.651 | vf_loss=271.782
[36m(SingleAgentEnvRunner pid=65292)[0m runner:15/env:0	num_steps=[259] | total rewards=[684.5074] | termination= [ownship destroyed][32m [repeated 9x across cluster][0m
[36m(SingleAgentEnvRunner pid=23528)[0m [JSB][Init] enter BattleSpace=1 Type=1 ForceSide=2 Delta=0.0166667[32m [repeated 25x across cluster][0m
[36m(SingleAgentEnvRunner pid=23528)[0m [JSB][Init] registry size=1[32m [repeated 25x across cluster][0m
[36m(SingleAgentEnvRunner pid=23528)[0m [JSB][Init] before new AIP_FDMExec[32m [repeated 25x across cluster][0m
[36m(SingleAgentEnvRunner pid=23528)[0m [JSB][Init] after new AIP_FDMExec ptr=0000023113833CB0[32m [repeated 25x across cluster][0m
[36m(SingleAgentEnvRunner pid=23528)[0m [JSB][Init] before Init_FDM ptr=0000023113833CB0[32m [repeated 25x across cluster][0m
[36m(SingleAgentEnvRunner pid=23528)[0m [JSB][Init] after Init_FDM ptr=0000023113833CB0[32m [repeated 26x across cluster][0m
[36m(SingleAgentEnvRunner pid=23528)[0m [JSB][Init] before Exec_FDM ptr=0000023113833CB0[32m [repeated 26x across cluster][0m
[36m(SingleAgentEnvRunner pid=23528)[0m [JSB][Init] after Exec_FDM ptr=0000023113833CB0[32m [repeated 26x across cluster][0m
[36m(SingleAgentEnvRunner pid=23528)[0m [JSB][Init] before InsertFighter BattleSpace=1 ptr=0000023113833CB0[32m [repeated 26x across cluster][0m
[36m(SingleAgentEnvRunner pid=23528)[0m [JSB][Init] after InsertFighter FighterID=2[32m [repeated 26x across cluster][0m
[36m(SingleAgentEnvRunner pid=63828)[0m runner:10/env:0	num_steps=[261] | total rewards=[1172.3306] | termination= [target destroyed][32m [repeated 5x across cluster][0m
[36m(SingleAgentEnvRunner pid=65292)[0m [JSB][Reset] fighter_count_after=0[32m [repeated 28x across cluster][0m
[36m(SingleAgentEnvRunner pid=65292)[0m [JSB][Reset] enter BattleSpace=1[32m [repeated 14x across cluster][0m
[36m(SingleAgentEnvRunner pid=65292)[0m [JSB][Reset] after lock found=1 size=1[32m [repeated 14x across cluster][0m
[36m(SingleAgentEnvRunner pid=65292)[0m total: 2[32m [repeated 14x across cluster][0m
[36m(SingleAgentEnvRunner pid=65292)[0m [JSB][Reset] exit after_size=1[32m [repeated 14x across cluster][0m
[36m(SingleAgentEnvRunner pid=65292)[0m runner:15/env:0	num_steps=[267] | total rewards=[698.8569] | termination= [ownship destroyed][32m [repeated 18x across cluster][0m
[36m(SingleAgentEnvRunner pid=23528)[0m [JSB][Init] enter BattleSpace=1 Type=1 ForceSide=2 Delta=0.0166667[32m [repeated 66x across cluster][0m
[36m(SingleAgentEnvRunner pid=23528)[0m [JSB][Init] registry size=1[32m [repeated 66x across cluster][0m
[36m(SingleAgentEnvRunner pid=23528)[0m [JSB][Init] before new AIP_FDMExec[32m [repeated 66x across cluster][0m
[36m(SingleAgentEnvRunner pid=23528)[0m [JSB][Init] after new AIP_FDMExec ptr=0000023111AD1680[32m [repeated 66x across cluster][0m
[36m(SingleAgentEnvRunner pid=23528)[0m [JSB][Init] before Init_FDM ptr=0000023111AD1680[32m [repeated 66x across cluster][0m
[36m(SingleAgentEnvRunner pid=23528)[0m [JSB][Init] after Init_FDM ptr=0000023111AD1680[32m [repeated 66x across cluster][0m
[36m(SingleAgentEnvRunner pid=23528)[0m [JSB][Init] before Exec_FDM ptr=0000023111AD1680[32m [repeated 66x across cluster][0m
[36m(SingleAgentEnvRunner pid=23528)[0m [JSB][Init] after Exec_FDM ptr=0000023111AD1680[32m [repeated 66x across cluster][0m
[36m(SingleAgentEnvRunner pid=23528)[0m [JSB][Init] before InsertFighter BattleSpace=1 ptr=0000023111AD1680[32m [repeated 66x across cluster][0m
[36m(SingleAgentEnvRunner pid=23528)[0m [JSB][Init] after InsertFighter FighterID=2[32m [repeated 66x across cluster][0m
[36m(SingleAgentEnvRunner pid=65136)[0m runner:14/env:0	num_steps=[244] | total rewards=[1150.8001] | termination= [target destroyed][32m [repeated 13x across cluster][0m
[36m(SingleAgentEnvRunner pid=65292)[0m [JSB][Reset] fighter_count_after=0[32m [repeated 62x across cluster][0m
[36m(SingleAgentEnvRunner pid=65292)[0m [JSB][Reset] enter BattleSpace=1[32m [repeated 31x across cluster][0m
[36m(SingleAgentEnvRunner pid=65292)[0m [JSB][Reset] after lock found=1 size=1[32m [repeated 31x across cluster][0m
[36m(SingleAgentEnvRunner pid=65292)[0m total: 2[32m [repeated 31x across cluster][0m
[36m(SingleAgentEnvRunner pid=65292)[0m [JSB][Reset] exit after_size=1[32m [repeated 31x across cluster][0m
  [Checkpoint] Saved iter 40 -> C:\Users\user one\Desktop\topgun_본선\Update\강화학습환경\artifacts\curriculum\AeroFlyer\final_sp\stage_35_selfplay_final\checkpoints\iter_0040
stage=35 | iter_in_stage=39 | total_iter=39 | reward_mean=864.08 | win_rate=0.391 | crash_rate=0.000 | ep_wez_steps=23.8 | episodes_this_iter=64 | entropy=-3.626 | vf_loss=304.085
[36m(SingleAgentEnvRunner pid=64536)[0m runner:3/env:0	num_steps=[248] | total rewards=[711.1970] | termination= [ownship destroyed][32m [repeated 13x across cluster][0m
[36m(SingleAgentEnvRunner pid=64580)[0m [JSB][Init] enter BattleSpace=1 Type=1 ForceSide=2 Delta=0.0166667[32m [repeated 38x across cluster][0m
[36m(SingleAgentEnvRunner pid=64580)[0m [JSB][Init] registry size=1[32m [repeated 38x across cluster][0m
[36m(SingleAgentEnvRunner pid=64580)[0m [JSB][Init] before new AIP_FDMExec[32m [repeated 38x across cluster][0m
[36m(SingleAgentEnvRunner pid=64580)[0m [JSB][Init] after new AIP_FDMExec ptr=000001FF40B9C030[32m [repeated 38x across cluster][0m
[36m(SingleAgentEnvRunner pid=64580)[0m [JSB][Init] before Init_FDM ptr=000001FF40B9C030[32m [repeated 38x across cluster][0m
[36m(SingleAgentEnvRunner pid=64580)[0m [JSB][Init] after Init_FDM ptr=000001FF40B9C030[32m [repeated 38x across cluster][0m
[36m(SingleAgentEnvRunner pid=64580)[0m [JSB][Init] before Exec_FDM ptr=000001FF40B9C030[32m [repeated 38x across cluster][0m
[36m(SingleAgentEnvRunner pid=64580)[0m [JSB][Init] after Exec_FDM ptr=000001FF40B9C030[32m [repeated 38x across cluster][0m
[36m(SingleAgentEnvRunner pid=64580)[0m [JSB][Init] before InsertFighter BattleSpace=1 ptr=000001FF40B9C030[32m [repeated 38x across cluster][0m
[36m(SingleAgentEnvRunner pid=64580)[0m [JSB][Init] after InsertFighter FighterID=2[32m [repeated 38x across cluster][0m
[36m(SingleAgentEnvRunner pid=64404)[0m runner:7/env:0	num_steps=[255] | total rewards=[1164.6780] | termination= [target destroyed][32m [repeated 7x across cluster][0m
[36m(SingleAgentEnvRunner pid=64536)[0m [JSB][Reset] fighter_count_after=0[32m [repeated 40x across cluster][0m
[36m(SingleAgentEnvRunner pid=64536)[0m [JSB][Reset] enter BattleSpace=1[32m [repeated 20x across cluster][0m
[36m(SingleAgentEnvRunner pid=64536)[0m [JSB][Reset] after lock found=1 size=1[32m [repeated 20x across cluster][0m
[36m(SingleAgentEnvRunner pid=64536)[0m total: 2[32m [repeated 20x across cluster][0m
[36m(SingleAgentEnvRunner pid=64536)[0m [JSB][Reset] exit after_size=1[32m [repeated 20x across cluster][0m
[36m(SingleAgentEnvRunner pid=64188)[0m runner:16/env:0	num_steps=[245] | total rewards=[663.5788] | termination= [ownship destroyed][32m [repeated 25x across cluster][0m
[36m(SingleAgentEnvRunner pid=64536)[0m [JSB][Init] enter BattleSpace=1 Type=1 ForceSide=1 Delta=0.0166667[32m [repeated 67x across cluster][0m
[36m(SingleAgentEnvRunner pid=64536)[0m [JSB][Init] registry size=1[32m [repeated 67x across cluster][0m
[36m(SingleAgentEnvRunner pid=64536)[0m [JSB][Init] before new AIP_FDMExec[32m [repeated 67x across cluster][0m
[36m(SingleAgentEnvRunner pid=64536)[0m [JSB][Init] after new AIP_FDMExec ptr=000001EA91E1BDE0[32m [repeated 67x across cluster][0m
[36m(SingleAgentEnvRunner pid=64536)[0m [JSB][Init] before Init_FDM ptr=000001EA91E1BDE0[32m [repeated 67x across cluster][0m
[36m(SingleAgentEnvRunner pid=64580)[0m [JSB][Init] after Init_FDM ptr=000001FF40B9C450[32m [repeated 66x across cluster][0m
[36m(SingleAgentEnvRunner pid=64580)[0m [JSB][Init] before Exec_FDM ptr=000001FF40B9C450[32m [repeated 66x across cluster][0m
[36m(SingleAgentEnvRunner pid=64580)[0m [JSB][Init] after Exec_FDM ptr=000001FF40B9C450[32m [repeated 66x across cluster][0m
[36m(SingleAgentEnvRunner pid=64580)[0m [JSB][Init] before InsertFighter BattleSpace=1 ptr=000001FF40B9C450[32m [repeated 66x across cluster][0m
[36m(SingleAgentEnvRunner pid=64580)[0m [JSB][Init] after InsertFighter FighterID=2[32m [repeated 66x across cluster][0m
[36m(SingleAgentEnvRunner pid=64536)[0m runner:3/env:0	num_steps=[261] | total rewards=[1180.5285] | termination= [target destroyed][32m [repeated 8x across cluster][0m
[36m(SingleAgentEnvRunner pid=64536)[0m [JSB][Reset] fighter_count_after=0[32m [repeated 66x across cluster][0m
[36m(SingleAgentEnvRunner pid=64536)[0m [JSB][Reset] enter BattleSpace=1[32m [repeated 33x across cluster][0m
[36m(SingleAgentEnvRunner pid=64536)[0m [JSB][Reset] after lock found=1 size=1[32m [repeated 33x across cluster][0m
[36m(SingleAgentEnvRunner pid=64536)[0m total: 2[32m [repeated 33x across cluster][0m
[36m(SingleAgentEnvRunner pid=64536)[0m [JSB][Reset] exit after_size=1[32m [repeated 33x across cluster][0m
stage=35 | iter_in_stage=40 | total_iter=40 | reward_mean=799.83 | win_rate=0.266 | crash_rate=0.000 | ep_wez_steps=23.7 | episodes_this_iter=64 | entropy=-3.608 | vf_loss=314.265
[36m(SingleAgentEnvRunner pid=64580)[0m runner:2/env:0	num_steps=[253] | total rewards=[664.9612] | termination= [ownship destroyed][32m [repeated 22x across cluster][0m
[36m(SingleAgentEnvRunner pid=64188)[0m [JSB][Init] enter BattleSpace=1 Type=1 ForceSide=2 Delta=0.0166667[32m [repeated 61x across cluster][0m
[36m(SingleAgentEnvRunner pid=64188)[0m [JSB][Init] registry size=1[32m [repeated 61x across cluster][0m
[36m(SingleAgentEnvRunner pid=64188)[0m [JSB][Init] before new AIP_FDMExec[32m [repeated 61x across cluster][0m
[36m(SingleAgentEnvRunner pid=64188)[0m [JSB][Init] after new AIP_FDMExec ptr=0000020F129074A0[32m [repeated 61x across cluster][0m
[36m(SingleAgentEnvRunner pid=64188)[0m [JSB][Init] before Init_FDM ptr=0000020F129074A0[32m [repeated 61x across cluster][0m
[36m(SingleAgentEnvRunner pid=64188)[0m [JSB][Init] after Init_FDM ptr=0000020F129074A0[32m [repeated 62x across cluster][0m
[36m(SingleAgentEnvRunner pid=64188)[0m [JSB][Init] before Exec_FDM ptr=0000020F129074A0[32m [repeated 62x across cluster][0m
[36m(SingleAgentEnvRunner pid=64188)[0m [JSB][Init] after Exec_FDM ptr=0000020F129074A0[32m [repeated 62x across cluster][0m
[36m(SingleAgentEnvRunner pid=64188)[0m [JSB][Init] before InsertFighter BattleSpace=1 ptr=0000020F129074A0[32m [repeated 62x across cluster][0m
[36m(SingleAgentEnvRunner pid=64188)[0m [JSB][Init] after InsertFighter FighterID=2[32m [repeated 62x across cluster][0m
[36m(SingleAgentEnvRunner pid=64404)[0m runner:7/env:0	num_steps=[252] | total rewards=[1192.4448] | termination= [target destroyed][32m [repeated 9x across cluster][0m
[36m(SingleAgentEnvRunner pid=64580)[0m [JSB][Reset] FighterPtr=000001FF3BD38D70 fighter_count_before=2[32m [repeated 61x across cluster][0m
[36m(SingleAgentEnvRunner pid=64580)[0m [JSB][Reset] enter BattleSpace=1[32m [repeated 31x across cluster][0m
[36m(SingleAgentEnvRunner pid=64580)[0m [JSB][Reset] after lock found=1 size=1[32m [repeated 31x across cluster][0m
[36m(SingleAgentEnvRunner pid=64580)[0m total: 2[32m [repeated 31x across cluster][0m
[36m(SingleAgentEnvRunner pid=64188)[0m [JSB][Reset] exit after_size=1[32m [repeated 30x across cluster][0m
[36m(SingleAgentEnvRunner pid=63828)[0m runner:10/env:0	num_steps=[258] | total rewards=[703.9036] | termination= [ownship destroyed][32m [repeated 18x across cluster][0m
[36m(SingleAgentEnvRunner pid=64188)[0m [JSB][Init] enter BattleSpace=1 Type=1 ForceSide=2 Delta=0.0166667[32m [repeated 62x across cluster][0m
[36m(SingleAgentEnvRunner pid=64188)[0m [JSB][Init] registry size=1[32m [repeated 62x across cluster][0m
[36m(SingleAgentEnvRunner pid=64188)[0m [JSB][Init] before new AIP_FDMExec[32m [repeated 62x across cluster][0m
[36m(SingleAgentEnvRunner pid=64188)[0m [JSB][Init] after new AIP_FDMExec ptr=0000020F1290AE60[32m [repeated 62x across cluster][0m
[36m(SingleAgentEnvRunner pid=64188)[0m [JSB][Init] before Init_FDM ptr=0000020F1290AE60[32m [repeated 62x across cluster][0m
[36m(SingleAgentEnvRunner pid=64188)[0m [JSB][Init] after Init_FDM ptr=0000020F12909FF0[32m [repeated 61x across cluster][0m
[36m(SingleAgentEnvRunner pid=64188)[0m [JSB][Init] before Exec_FDM ptr=0000020F12909FF0[32m [repeated 61x across cluster][0m
[36m(SingleAgentEnvRunner pid=64188)[0m [JSB][Init] after Exec_FDM ptr=0000020F12909FF0[32m [repeated 61x across cluster][0m
[36m(SingleAgentEnvRunner pid=64188)[0m [JSB][Init] before InsertFighter BattleSpace=1 ptr=0000020F12909FF0[32m [repeated 61x across cluster][0m
[36m(SingleAgentEnvRunner pid=64188)[0m [JSB][Init] after InsertFighter FighterID=1[32m [repeated 61x across cluster][0m
[36m(SingleAgentEnvRunner pid=64188)[0m runner:16/env:0	num_steps=[253] | total rewards=[1165.1367] | termination= [target destroyed][32m [repeated 12x across cluster][0m
[36m(SingleAgentEnvRunner pid=64188)[0m [JSB][Reset] fighter_count_after=0[32m [repeated 61x across cluster][0m
[36m(SingleAgentEnvRunner pid=64188)[0m [JSB][Reset] enter BattleSpace=1[32m [repeated 30x across cluster][0m
[36m(SingleAgentEnvRunner pid=64188)[0m [JSB][Reset] after lock found=1 size=1[32m [repeated 30x across cluster][0m
[36m(SingleAgentEnvRunner pid=64188)[0m total: 2[32m [repeated 30x across cluster][0m
[36m(SingleAgentEnvRunner pid=64188)[0m [JSB][Reset] exit after_size=1[32m [repeated 31x across cluster][0m
[36m(SingleAgentEnvRunner pid=64404)[0m runner:7/env:0	num_steps=[253] | total rewards=[686.6676] | termination= [ownship destroyed][32m [repeated 17x across cluster][0m
[36m(SingleAgentEnvRunner pid=64404)[0m [JSB][Init] enter BattleSpace=1 Type=1 ForceSide=2 Delta=0.0166667[32m [repeated 66x across cluster][0m
[36m(SingleAgentEnvRunner pid=64404)[0m [JSB][Init] registry size=1[32m [repeated 66x across cluster][0m
[36m(SingleAgentEnvRunner pid=64404)[0m [JSB][Init] before new AIP_FDMExec[32m [repeated 66x across cluster][0m
[36m(SingleAgentEnvRunner pid=64404)[0m [JSB][Init] after new AIP_FDMExec ptr=0000015740A4FE90[32m [repeated 66x across cluster][0m
[36m(SingleAgentEnvRunner pid=64404)[0m [JSB][Init] before Init_FDM ptr=0000015740A4FE90[32m [repeated 66x across cluster][0m
[36m(SingleAgentEnvRunner pid=64404)[0m [JSB][Init] after Init_FDM ptr=0000015740A4DB80[32m [repeated 65x across cluster][0m
[36m(SingleAgentEnvRunner pid=64404)[0m [JSB][Init] before Exec_FDM ptr=0000015740A4DB80[32m [repeated 65x across cluster][0m
[36m(SingleAgentEnvRunner pid=64404)[0m [JSB][Init] after Exec_FDM ptr=0000015740A4DB80[32m [repeated 65x across cluster][0m
[36m(SingleAgentEnvRunner pid=64404)[0m [JSB][Init] before InsertFighter BattleSpace=1 ptr=0000015740A4DB80[32m [repeated 65x across cluster][0m
[36m(SingleAgentEnvRunner pid=64404)[0m [JSB][Init] after InsertFighter FighterID=1[32m [repeated 65x across cluster][0m
[36m(SingleAgentEnvRunner pid=64188)[0m runner:16/env:0	num_steps=[249] | total rewards=[1171.9291] | termination= [target destroyed][32m [repeated 16x across cluster][0m
[36m(SingleAgentEnvRunner pid=64404)[0m [JSB][Reset] fighter_count_after=0[32m [repeated 66x across cluster][0m
[36m(SingleAgentEnvRunner pid=64404)[0m [JSB][Reset] enter BattleSpace=1[32m [repeated 33x across cluster][0m
[36m(SingleAgentEnvRunner pid=64404)[0m [JSB][Reset] after lock found=1 size=1[32m [repeated 33x across cluster][0m
[36m(SingleAgentEnvRunner pid=64404)[0m total: 2[32m [repeated 33x across cluster][0m
[36m(SingleAgentEnvRunner pid=64404)[0m [JSB][Reset] exit after_size=1[32m [repeated 33x across cluster][0m
stage=35 | iter_in_stage=41 | total_iter=41 | reward_mean=882.22 | win_rate=0.438 | crash_rate=0.000 | ep_wez_steps=23.7 | episodes_this_iter=64 | entropy=-3.578 | vf_loss=291.440
[36m(SingleAgentEnvRunner pid=65060)[0m runner:12/env:0	num_steps=[252] | total rewards=[675.8819] | termination= [ownship destroyed][32m [repeated 5x across cluster][0m
[36m(SingleAgentEnvRunner pid=65032)[0m [JSB][Init] enter BattleSpace=1 Type=1 ForceSide=2 Delta=0.0166667[32m [repeated 12x across cluster][0m
[36m(SingleAgentEnvRunner pid=65032)[0m [JSB][Init] registry size=1[32m [repeated 12x across cluster][0m
[36m(SingleAgentEnvRunner pid=65032)[0m [JSB][Init] before new AIP_FDMExec[32m [repeated 12x across cluster][0m
[36m(SingleAgentEnvRunner pid=65032)[0m [JSB][Init] after new AIP_FDMExec ptr=0000023C11C006A0[32m [repeated 12x across cluster][0m
[36m(SingleAgentEnvRunner pid=65032)[0m [JSB][Init] before Init_FDM ptr=0000023C11C006A0[32m [repeated 12x across cluster][0m
[36m(SingleAgentEnvRunner pid=65136)[0m [JSB][Init] after Init_FDM ptr=0000022C40B4D750[32m [repeated 13x across cluster][0m
[36m(SingleAgentEnvRunner pid=65136)[0m [JSB][Init] before Exec_FDM ptr=0000022C40B4D750[32m [repeated 13x across cluster][0m
[36m(SingleAgentEnvRunner pid=65136)[0m [JSB][Init] after Exec_FDM ptr=0000022C40B4D750[32m [repeated 13x across cluster][0m
[36m(SingleAgentEnvRunner pid=65136)[0m [JSB][Init] before InsertFighter BattleSpace=1 ptr=0000022C40B4D750[32m [repeated 13x across cluster][0m
[36m(SingleAgentEnvRunner pid=65136)[0m [JSB][Init] after InsertFighter FighterID=2[32m [repeated 13x across cluster][0m
[36m(SingleAgentEnvRunner pid=64440)[0m runner:8/env:0	num_steps=[248] | total rewards=[1181.0374] | termination= [target destroyed][32m [repeated 4x across cluster][0m
[36m(SingleAgentEnvRunner pid=64440)[0m [JSB][Reset] fighter_count_after=0[32m [repeated 18x across cluster][0m
[36m(SingleAgentEnvRunner pid=64440)[0m [JSB][Reset] enter BattleSpace=1[32m [repeated 9x across cluster][0m
[36m(SingleAgentEnvRunner pid=64440)[0m [JSB][Reset] after lock found=1 size=1[32m [repeated 9x across cluster][0m
[36m(SingleAgentEnvRunner pid=64440)[0m total: 2[32m [repeated 9x across cluster][0m
[36m(SingleAgentEnvRunner pid=64440)[0m [JSB][Reset] exit after_size=1[32m [repeated 9x across cluster][0m
[36m(SingleAgentEnvRunner pid=23528)[0m runner:4/env:0	num_steps=[255] | total rewards=[694.4694] | termination= [ownship destroyed][32m [repeated 18x across cluster][0m
[36m(SingleAgentEnvRunner pid=64440)[0m [JSB][Init] enter BattleSpace=1 Type=1 ForceSide=1 Delta=0.0166667[32m [repeated 64x across cluster][0m
[36m(SingleAgentEnvRunner pid=64440)[0m [JSB][Init] registry size=1[32m [repeated 64x across cluster][0m
[36m(SingleAgentEnvRunner pid=64440)[0m [JSB][Init] before new AIP_FDMExec[32m [repeated 64x across cluster][0m
[36m(SingleAgentEnvRunner pid=64440)[0m [JSB][Init] after new AIP_FDMExec ptr=000001DF91E90BF0[32m [repeated 64x across cluster][0m
[36m(SingleAgentEnvRunner pid=64440)[0m [JSB][Init] before Init_FDM ptr=000001DF91E90BF0[32m [repeated 64x across cluster][0m
[36m(SingleAgentEnvRunner pid=17636)[0m [JSB][Init] after Init_FDM ptr=000001BD16BF7CE0[32m [repeated 64x across cluster][0m
[36m(SingleAgentEnvRunner pid=17636)[0m [JSB][Init] before Exec_FDM ptr=000001BD16BF7CE0[32m [repeated 64x across cluster][0m
[36m(SingleAgentEnvRunner pid=17636)[0m [JSB][Init] after Exec_FDM ptr=000001BD16BF7CE0[32m [repeated 64x across cluster][0m
[36m(SingleAgentEnvRunner pid=17636)[0m [JSB][Init] before InsertFighter BattleSpace=1 ptr=000001BD16BF7CE0[32m [repeated 64x across cluster][0m
[36m(SingleAgentEnvRunner pid=17636)[0m [JSB][Init] after InsertFighter FighterID=2[32m [repeated 64x across cluster][0m
[36m(SingleAgentEnvRunner pid=17636)[0m runner:11/env:0	num_steps=[248] | total rewards=[1189.7870] | termination= [target destroyed][32m [repeated 13x across cluster][0m
[36m(SingleAgentEnvRunner pid=23528)[0m [JSB][Reset] fighter_count_after=0[32m [repeated 62x across cluster][0m
[36m(SingleAgentEnvRunner pid=23528)[0m [JSB][Reset] enter BattleSpace=1[32m [repeated 31x across cluster][0m
[36m(SingleAgentEnvRunner pid=23528)[0m [JSB][Reset] after lock found=1 size=1[32m [repeated 31x across cluster][0m
[36m(SingleAgentEnvRunner pid=23528)[0m total: 2[32m [repeated 31x across cluster][0m
[36m(SingleAgentEnvRunner pid=23528)[0m [JSB][Reset] exit after_size=1[32m [repeated 31x across cluster][0m
stage=35 | iter_in_stage=42 | total_iter=42 | reward_mean=859.63 | win_rate=0.385 | crash_rate=0.000 | ep_wez_steps=23.9 | episodes_this_iter=63 | entropy=-3.592 | vf_loss=245.490
[36m(SingleAgentEnvRunner pid=64928)[0m runner:1/env:0	num_steps=[259] | total rewards=[696.4006] | termination= [ownship destroyed][32m [repeated 17x across cluster][0m
[36m(SingleAgentEnvRunner pid=64404)[0m [JSB][Init] enter BattleSpace=1 Type=1 ForceSide=2 Delta=0.0166667[32m [repeated 50x across cluster][0m
[36m(SingleAgentEnvRunner pid=64404)[0m [JSB][Init] registry size=1[32m [repeated 50x across cluster][0m
[36m(SingleAgentEnvRunner pid=64404)[0m [JSB][Init] before new AIP_FDMExec[32m [repeated 50x across cluster][0m
[36m(SingleAgentEnvRunner pid=64404)[0m [JSB][Init] after new AIP_FDMExec ptr=0000015740A4F650[32m [repeated 50x across cluster][0m
[36m(SingleAgentEnvRunner pid=64404)[0m [JSB][Init] before Init_FDM ptr=0000015740A4F650[32m [repeated 50x across cluster][0m
[36m(SingleAgentEnvRunner pid=64404)[0m [JSB][Init] after Init_FDM ptr=0000015740A4F650[32m [repeated 51x across cluster][0m
[36m(SingleAgentEnvRunner pid=64404)[0m [JSB][Init] before Exec_FDM ptr=0000015740A4F650[32m [repeated 51x across cluster][0m
[36m(SingleAgentEnvRunner pid=64404)[0m [JSB][Init] after Exec_FDM ptr=0000015740A4F650[32m [repeated 51x across cluster][0m
[36m(SingleAgentEnvRunner pid=64404)[0m [JSB][Init] before InsertFighter BattleSpace=1 ptr=0000015740A4F650[32m [repeated 51x across cluster][0m
[36m(SingleAgentEnvRunner pid=64404)[0m [JSB][Init] after InsertFighter FighterID=2[32m [repeated 51x across cluster][0m
[36m(SingleAgentEnvRunner pid=64404)[0m runner:7/env:0	num_steps=[256] | total rewards=[1181.7229] | termination= [target destroyed][32m [repeated 7x across cluster][0m
[36m(SingleAgentEnvRunner pid=64928)[0m [JSB][Reset] fighter_count_after=0[32m [repeated 48x across cluster][0m
[36m(SingleAgentEnvRunner pid=64928)[0m [JSB][Reset] enter BattleSpace=1[32m [repeated 24x across cluster][0m
[36m(SingleAgentEnvRunner pid=64928)[0m [JSB][Reset] after lock found=1 size=1[32m [repeated 24x across cluster][0m
[36m(SingleAgentEnvRunner pid=64928)[0m total: 2[32m [repeated 24x across cluster][0m
[36m(SingleAgentEnvRunner pid=64928)[0m [JSB][Reset] exit after_size=1[32m [repeated 24x across cluster][0m
[36m(SingleAgentEnvRunner pid=64536)[0m runner:3/env:0	num_steps=[261] | total rewards=[684.5061] | termination= [ownship destroyed][32m [repeated 20x across cluster][0m
[36m(SingleAgentEnvRunner pid=65032)[0m [JSB][Init] enter BattleSpace=1 Type=1 ForceSide=2 Delta=0.0166667[32m [repeated 66x across cluster][0m
[36m(SingleAgentEnvRunner pid=65032)[0m [JSB][Init] registry size=1[32m [repeated 66x across cluster][0m
[36m(SingleAgentEnvRunner pid=65032)[0m [JSB][Init] before new AIP_FDMExec[32m [repeated 66x across cluster][0m
[36m(SingleAgentEnvRunner pid=65032)[0m [JSB][Init] after new AIP_FDMExec ptr=0000023C11EFF5B0[32m [repeated 66x across cluster][0m
[36m(SingleAgentEnvRunner pid=65032)[0m [JSB][Init] before Init_FDM ptr=0000023C11EFF5B0[32m [repeated 66x across cluster][0m
[36m(SingleAgentEnvRunner pid=65032)[0m [JSB][Init] after Init_FDM ptr=0000023C11EFF5B0[32m [repeated 66x across cluster][0m
[36m(SingleAgentEnvRunner pid=65032)[0m [JSB][Init] before Exec_FDM ptr=0000023C11EFF5B0[32m [repeated 66x across cluster][0m
[36m(SingleAgentEnvRunner pid=65032)[0m [JSB][Init] after Exec_FDM ptr=0000023C11EFF5B0[32m [repeated 66x across cluster][0m
[36m(SingleAgentEnvRunner pid=65032)[0m [JSB][Init] before InsertFighter BattleSpace=1 ptr=0000023C11EFF5B0[32m [repeated 66x across cluster][0m
[36m(SingleAgentEnvRunner pid=65032)[0m [JSB][Init] after InsertFighter FighterID=2[32m [repeated 66x across cluster][0m
[36m(SingleAgentEnvRunner pid=65032)[0m runner:13/env:0	num_steps=[253] | total rewards=[1155.4088] | termination= [target destroyed][32m [repeated 14x across cluster][0m
[36m(SingleAgentEnvRunner pid=64536)[0m [JSB][Reset] fighter_count_after=0[32m [repeated 68x across cluster][0m
[36m(SingleAgentEnvRunner pid=64536)[0m [JSB][Reset] enter BattleSpace=1[32m [repeated 34x across cluster][0m
[36m(SingleAgentEnvRunner pid=64536)[0m [JSB][Reset] after lock found=1 size=1[32m [repeated 34x across cluster][0m
[36m(SingleAgentEnvRunner pid=64536)[0m total: 2[32m [repeated 34x across cluster][0m
[36m(SingleAgentEnvRunner pid=64536)[0m [JSB][Reset] exit after_size=1[32m [repeated 34x across cluster][0m
stage=35 | iter_in_stage=43 | total_iter=43 | reward_mean=894.70 | win_rate=0.422 | crash_rate=0.000 | ep_wez_steps=23.9 | episodes_this_iter=64 | entropy=-3.598 | vf_loss=251.156
[36m(SingleAgentEnvRunner pid=64580)[0m runner:2/env:0	num_steps=[260] | total rewards=[710.4963] | termination= [ownship destroyed][32m [repeated 16x across cluster][0m
[36m(SingleAgentEnvRunner pid=64536)[0m [JSB][Init] enter BattleSpace=1 Type=1 ForceSide=1 Delta=0.0166667[32m [repeated 63x across cluster][0m
[36m(SingleAgentEnvRunner pid=64536)[0m [JSB][Init] registry size=1[32m [repeated 63x across cluster][0m
[36m(SingleAgentEnvRunner pid=64536)[0m [JSB][Init] before new AIP_FDMExec[32m [repeated 63x across cluster][0m
[36m(SingleAgentEnvRunner pid=64536)[0m [JSB][Init] after new AIP_FDMExec ptr=000001EA91E1A730[32m [repeated 63x across cluster][0m
[36m(SingleAgentEnvRunner pid=64536)[0m [JSB][Init] before Init_FDM ptr=000001EA91E1A730[32m [repeated 63x across cluster][0m
[36m(SingleAgentEnvRunner pid=64580)[0m [JSB][Init] after Init_FDM ptr=000001FF3E38F670[32m [repeated 62x across cluster][0m
[36m(SingleAgentEnvRunner pid=64580)[0m [JSB][Init] before Exec_FDM ptr=000001FF3E38F670[32m [repeated 62x across cluster][0m
[36m(SingleAgentEnvRunner pid=64580)[0m [JSB][Init] after Exec_FDM ptr=000001FF3E38F670[32m [repeated 62x across cluster][0m
[36m(SingleAgentEnvRunner pid=64580)[0m [JSB][Init] before InsertFighter BattleSpace=1 ptr=000001FF3E38F670[32m [repeated 62x across cluster][0m
[36m(SingleAgentEnvRunner pid=64580)[0m [JSB][Init] after InsertFighter FighterID=2[32m [repeated 62x across cluster][0m
[36m(SingleAgentEnvRunner pid=64536)[0m runner:3/env:0	num_steps=[251] | total rewards=[1162.0542] | termination= [target destroyed][32m [repeated 14x across cluster][0m
[36m(SingleAgentEnvRunner pid=64536)[0m [JSB][Reset] fighter_count_after=0[32m [repeated 60x across cluster][0m
[36m(SingleAgentEnvRunner pid=64536)[0m [JSB][Reset] enter BattleSpace=1[32m [repeated 30x across cluster][0m
[36m(SingleAgentEnvRunner pid=64536)[0m [JSB][Reset] after lock found=1 size=1[32m [repeated 30x across cluster][0m
[36m(SingleAgentEnvRunner pid=64536)[0m total: 2[32m [repeated 30x across cluster][0m
[36m(SingleAgentEnvRunner pid=64536)[0m [JSB][Reset] exit after_size=1[32m [repeated 30x across cluster][0m
[36m(SingleAgentEnvRunner pid=64404)[0m runner:7/env:0	num_steps=[258] | total rewards=[654.6741] | termination= [ownship destroyed][32m [repeated 22x across cluster][0m
[36m(SingleAgentEnvRunner pid=63712)[0m [JSB][Init] enter BattleSpace=1 Type=1 ForceSide=1 Delta=0.0166667[32m [repeated 69x across cluster][0m
[36m(SingleAgentEnvRunner pid=63712)[0m [JSB][Init] registry size=1[32m [repeated 69x across cluster][0m
[36m(SingleAgentEnvRunner pid=63712)[0m [JSB][Init] before new AIP_FDMExec[32m [repeated 69x across cluster][0m
[36m(SingleAgentEnvRunner pid=63712)[0m [JSB][Init] after new AIP_FDMExec ptr=000001C091F0C910[32m [repeated 69x across cluster][0m
[36m(SingleAgentEnvRunner pid=63712)[0m [JSB][Init] before Init_FDM ptr=000001C091F0C910[32m [repeated 69x across cluster][0m
[36m(SingleAgentEnvRunner pid=65032)[0m [JSB][Init] after Init_FDM ptr=0000023C11EFEF80[32m [repeated 68x across cluster][0m
[36m(SingleAgentEnvRunner pid=65032)[0m [JSB][Init] before Exec_FDM ptr=0000023C11EFEF80[32m [repeated 68x across cluster][0m
[36m(SingleAgentEnvRunner pid=65032)[0m [JSB][Init] after Exec_FDM ptr=0000023C11EFEF80[32m [repeated 68x across cluster][0m
[36m(SingleAgentEnvRunner pid=65032)[0m [JSB][Init] before InsertFighter BattleSpace=1 ptr=0000023C11EFEF80[32m [repeated 68x across cluster][0m
[36m(SingleAgentEnvRunner pid=65032)[0m [JSB][Init] after InsertFighter FighterID=2[32m [repeated 68x across cluster][0m
[36m(SingleAgentEnvRunner pid=63712)[0m runner:9/env:0	num_steps=[250] | total rewards=[1178.3067] | termination= [target destroyed][32m [repeated 13x across cluster][0m
[36m(SingleAgentEnvRunner pid=63712)[0m [JSB][Reset] fighter_count_after=0[32m [repeated 70x across cluster][0m
[36m(SingleAgentEnvRunner pid=63712)[0m [JSB][Reset] enter BattleSpace=1[32m [repeated 35x across cluster][0m
[36m(SingleAgentEnvRunner pid=63712)[0m [JSB][Reset] after lock found=1 size=1[32m [repeated 35x across cluster][0m
[36m(SingleAgentEnvRunner pid=63712)[0m total: 2[32m [repeated 35x across cluster][0m
[36m(SingleAgentEnvRunner pid=63712)[0m [JSB][Reset] exit after_size=1[32m [repeated 35x across cluster][0m
stage=35 | iter_in_stage=44 | total_iter=44 | reward_mean=886.25 | win_rate=0.422 | crash_rate=0.000 | ep_wez_steps=23.8 | episodes_this_iter=64 | entropy=-3.613 | vf_loss=331.264
[36m(SingleAgentEnvRunner pid=64536)[0m runner:3/env:0	num_steps=[246] | total rewards=[686.6421] | termination= [ownship destroyed][32m [repeated 16x across cluster][0m
[36m(SingleAgentEnvRunner pid=64536)[0m [JSB][Init] enter BattleSpace=1 Type=1 ForceSide=1 Delta=0.0166667[32m [repeated 59x across cluster][0m
[36m(SingleAgentEnvRunner pid=64536)[0m [JSB][Init] registry size=1[32m [repeated 59x across cluster][0m
[36m(SingleAgentEnvRunner pid=64536)[0m [JSB][Init] before new AIP_FDMExec[32m [repeated 59x across cluster][0m
[36m(SingleAgentEnvRunner pid=64536)[0m [JSB][Init] after new AIP_FDMExec ptr=000001EA91AC59F0[32m [repeated 59x across cluster][0m
[36m(SingleAgentEnvRunner pid=64536)[0m [JSB][Init] before Init_FDM ptr=000001EA91AC59F0[32m [repeated 59x across cluster][0m
[36m(SingleAgentEnvRunner pid=64580)[0m [JSB][Init] after Init_FDM ptr=000001FF3E38D990[32m [repeated 60x across cluster][0m
[36m(SingleAgentEnvRunner pid=64580)[0m [JSB][Init] before Exec_FDM ptr=000001FF3E38D990[32m [repeated 60x across cluster][0m
[36m(SingleAgentEnvRunner pid=64580)[0m [JSB][Init] after Exec_FDM ptr=000001FF3E38D990[32m [repeated 60x across cluster][0m
[36m(SingleAgentEnvRunner pid=64580)[0m [JSB][Init] before InsertFighter BattleSpace=1 ptr=000001FF3E38D990[32m [repeated 60x across cluster][0m
[36m(SingleAgentEnvRunner pid=64580)[0m [JSB][Init] after InsertFighter FighterID=2[32m [repeated 60x across cluster][0m
[36m(SingleAgentEnvRunner pid=64404)[0m runner:7/env:0	num_steps=[264] | total rewards=[1157.4990] | termination= [target destroyed][32m [repeated 13x across cluster][0m
[36m(SingleAgentEnvRunner pid=64536)[0m [JSB][Reset] fighter_count_after=0[32m [repeated 58x across cluster][0m
[36m(SingleAgentEnvRunner pid=64536)[0m [JSB][Reset] enter BattleSpace=1[32m [repeated 29x across cluster][0m
[36m(SingleAgentEnvRunner pid=64536)[0m [JSB][Reset] after lock found=1 size=1[32m [repeated 29x across cluster][0m
[36m(SingleAgentEnvRunner pid=64536)[0m total: 2[32m [repeated 29x across cluster][0m
[36m(SingleAgentEnvRunner pid=64536)[0m [JSB][Reset] exit after_size=1[32m [repeated 29x across cluster][0m
[36m(SingleAgentEnvRunner pid=64928)[0m runner:1/env:0	num_steps=[261] | total rewards=[701.7953] | termination= [ownship destroyed][32m [repeated 21x across cluster][0m
[36m(SingleAgentEnvRunner pid=64928)[0m [JSB][Init] enter BattleSpace=1 Type=1 ForceSide=2 Delta=0.0166667[32m [repeated 67x across cluster][0m
[36m(SingleAgentEnvRunner pid=64928)[0m [JSB][Init] registry size=1[32m [repeated 67x across cluster][0m
[36m(SingleAgentEnvRunner pid=64928)[0m [JSB][Init] before new AIP_FDMExec[32m [repeated 67x across cluster][0m
[36m(SingleAgentEnvRunner pid=64928)[0m [JSB][Init] after new AIP_FDMExec ptr=000002569436F050[32m [repeated 67x across cluster][0m
[36m(SingleAgentEnvRunner pid=64928)[0m [JSB][Init] before Init_FDM ptr=000002569436F050[32m [repeated 67x across cluster][0m
[36m(SingleAgentEnvRunner pid=64928)[0m [JSB][Init] after Init_FDM ptr=000002569436F050[32m [repeated 68x across cluster][0m
[36m(SingleAgentEnvRunner pid=64928)[0m [JSB][Init] before Exec_FDM ptr=000002569436F050[32m [repeated 68x across cluster][0m
[36m(SingleAgentEnvRunner pid=64928)[0m [JSB][Init] after Exec_FDM ptr=000002569436F050[32m [repeated 68x across cluster][0m
[36m(SingleAgentEnvRunner pid=64928)[0m [JSB][Init] before InsertFighter BattleSpace=1 ptr=000002569436F050[32m [repeated 68x across cluster][0m
[36m(SingleAgentEnvRunner pid=64928)[0m [JSB][Init] after InsertFighter FighterID=2[32m [repeated 68x across cluster][0m
[36m(SingleAgentEnvRunner pid=65060)[0m runner:12/env:0	num_steps=[260] | total rewards=[1168.9229] | termination= [target destroyed][32m [repeated 12x across cluster][0m
[36m(SingleAgentEnvRunner pid=64928)[0m [JSB][Reset] fighter_count_after=0[32m [repeated 66x across cluster][0m
[36m(SingleAgentEnvRunner pid=64928)[0m [JSB][Reset] enter BattleSpace=1[32m [repeated 33x across cluster][0m
[36m(SingleAgentEnvRunner pid=64928)[0m [JSB][Reset] after lock found=1 size=1[32m [repeated 33x across cluster][0m
[36m(SingleAgentEnvRunner pid=64928)[0m total: 2[32m [repeated 33x across cluster][0m
[36m(SingleAgentEnvRunner pid=64928)[0m [JSB][Reset] exit after_size=1[32m [repeated 33x across cluster][0m
stage=35 | iter_in_stage=45 | total_iter=45 | reward_mean=902.92 | win_rate=0.443 | crash_rate=0.000 | ep_wez_steps=23.9 | episodes_this_iter=63 | entropy=-3.595 | vf_loss=176.073
[36m(SingleAgentEnvRunner pid=64536)[0m runner:3/env:0	num_steps=[263] | total rewards=[672.6134] | termination= [ownship destroyed][32m [repeated 14x across cluster][0m
[36m(SingleAgentEnvRunner pid=64536)[0m [JSB][Init] enter BattleSpace=1 Type=1 ForceSide=1 Delta=0.0166667[32m [repeated 59x across cluster][0m
[36m(SingleAgentEnvRunner pid=64536)[0m [JSB][Init] registry size=1[32m [repeated 59x across cluster][0m
[36m(SingleAgentEnvRunner pid=64536)[0m [JSB][Init] before new AIP_FDMExec[32m [repeated 59x across cluster][0m
[36m(SingleAgentEnvRunner pid=64536)[0m [JSB][Init] after new AIP_FDMExec ptr=000001EA91AC5C00[32m [repeated 59x across cluster][0m
[36m(SingleAgentEnvRunner pid=64536)[0m [JSB][Init] before Init_FDM ptr=000001EA91AC5C00[32m [repeated 59x across cluster][0m
[36m(SingleAgentEnvRunner pid=63712)[0m [JSB][Init] after Init_FDM ptr=000001C0924561C0[32m [repeated 58x across cluster][0m
[36m(SingleAgentEnvRunner pid=63712)[0m [JSB][Init] before Exec_FDM ptr=000001C0924561C0[32m [repeated 58x across cluster][0m
[36m(SingleAgentEnvRunner pid=63712)[0m [JSB][Init] after Exec_FDM ptr=000001C0924561C0[32m [repeated 58x across cluster][0m
[36m(SingleAgentEnvRunner pid=63712)[0m [JSB][Init] before InsertFighter BattleSpace=1 ptr=000001C0924561C0[32m [repeated 58x across cluster][0m
[36m(SingleAgentEnvRunner pid=63712)[0m [JSB][Init] after InsertFighter FighterID=2[32m [repeated 58x across cluster][0m
[36m(SingleAgentEnvRunner pid=63712)[0m runner:9/env:0	num_steps=[253] | total rewards=[1182.7706] | termination= [target destroyed][32m [repeated 16x across cluster][0m
[36m(SingleAgentEnvRunner pid=64536)[0m [JSB][Reset] fighter_count_after=0[32m [repeated 60x across cluster][0m
[36m(SingleAgentEnvRunner pid=64536)[0m [JSB][Reset] enter BattleSpace=1[32m [repeated 30x across cluster][0m
[36m(SingleAgentEnvRunner pid=64536)[0m [JSB][Reset] after lock found=1 size=1[32m [repeated 30x across cluster][0m
[36m(SingleAgentEnvRunner pid=64536)[0m total: 2[32m [repeated 30x across cluster][0m
[36m(SingleAgentEnvRunner pid=64536)[0m [JSB][Reset] exit after_size=1[32m [repeated 30x across cluster][0m
[36m(SingleAgentEnvRunner pid=65032)[0m runner:13/env:0	num_steps=[268] | total rewards=[667.8554] | termination= [ownship destroyed][32m [repeated 23x across cluster][0m
[36m(SingleAgentEnvRunner pid=64928)[0m [JSB][Init] enter BattleSpace=1 Type=1 ForceSide=2 Delta=0.0166667[32m [repeated 71x across cluster][0m
[36m(SingleAgentEnvRunner pid=64928)[0m [JSB][Init] registry size=1[32m [repeated 71x across cluster][0m
[36m(SingleAgentEnvRunner pid=64928)[0m [JSB][Init] before new AIP_FDMExec[32m [repeated 71x across cluster][0m
[36m(SingleAgentEnvRunner pid=64928)[0m [JSB][Init] after new AIP_FDMExec ptr=0000025694371150[32m [repeated 71x across cluster][0m
[36m(SingleAgentEnvRunner pid=64928)[0m [JSB][Init] before Init_FDM ptr=0000025694371150[32m [repeated 71x across cluster][0m
[36m(SingleAgentEnvRunner pid=64928)[0m [JSB][Init] after Init_FDM ptr=0000025694371150[32m [repeated 72x across cluster][0m
[36m(SingleAgentEnvRunner pid=64928)[0m [JSB][Init] before Exec_FDM ptr=0000025694371150[32m [repeated 72x across cluster][0m
[36m(SingleAgentEnvRunner pid=64928)[0m [JSB][Init] after Exec_FDM ptr=0000025694371150[32m [repeated 72x across cluster][0m
[36m(SingleAgentEnvRunner pid=64928)[0m [JSB][Init] before InsertFighter BattleSpace=1 ptr=0000025694371150[32m [repeated 72x across cluster][0m
[36m(SingleAgentEnvRunner pid=64928)[0m [JSB][Init] after InsertFighter FighterID=2[32m [repeated 72x across cluster][0m
[36m(SingleAgentEnvRunner pid=64928)[0m runner:1/env:0	num_steps=[247] | total rewards=[1189.4955] | termination= [target destroyed][32m [repeated 12x across cluster][0m
[36m(SingleAgentEnvRunner pid=64928)[0m [JSB][Reset] fighter_count_after=0[32m [repeated 70x across cluster][0m
[36m(SingleAgentEnvRunner pid=64928)[0m [JSB][Reset] enter BattleSpace=1[32m [repeated 35x across cluster][0m
[36m(SingleAgentEnvRunner pid=64928)[0m [JSB][Reset] after lock found=1 size=1[32m [repeated 35x across cluster][0m
[36m(SingleAgentEnvRunner pid=64928)[0m total: 2[32m [repeated 35x across cluster][0m
[36m(SingleAgentEnvRunner pid=64928)[0m [JSB][Reset] exit after_size=1[32m [repeated 35x across cluster][0m
stage=35 | iter_in_stage=46 | total_iter=46 | reward_mean=817.18 | win_rate=0.281 | crash_rate=0.000 | ep_wez_steps=23.6 | episodes_this_iter=64 | entropy=-3.563 | vf_loss=235.149
[36m(SingleAgentEnvRunner pid=64536)[0m runner:3/env:0	num_steps=[266] | total rewards=[679.2521] | termination= [ownship destroyed][32m [repeated 23x across cluster][0m
[36m(SingleAgentEnvRunner pid=64536)[0m [JSB][Init] enter BattleSpace=1 Type=1 ForceSide=2 Delta=0.0166667[32m [repeated 58x across cluster][0m
[36m(SingleAgentEnvRunner pid=64536)[0m [JSB][Init] registry size=1[32m [repeated 58x across cluster][0m
[36m(SingleAgentEnvRunner pid=64536)[0m [JSB][Init] before new AIP_FDMExec[32m [repeated 58x across cluster][0m
[36m(SingleAgentEnvRunner pid=64536)[0m [JSB][Init] after new AIP_FDMExec ptr=000001EA91AC6650[32m [repeated 58x across cluster][0m
[36m(SingleAgentEnvRunner pid=64536)[0m [JSB][Init] before Init_FDM ptr=000001EA91AC6650[32m [repeated 58x across cluster][0m
[36m(SingleAgentEnvRunner pid=64536)[0m [JSB][Init] after Init_FDM ptr=000001EA91AC30B0[32m [repeated 57x across cluster][0m
[36m(SingleAgentEnvRunner pid=64536)[0m [JSB][Init] before Exec_FDM ptr=000001EA91AC30B0[32m [repeated 57x across cluster][0m
[36m(SingleAgentEnvRunner pid=64536)[0m [JSB][Init] after Exec_FDM ptr=000001EA91AC30B0[32m [repeated 57x across cluster][0m
[36m(SingleAgentEnvRunner pid=64536)[0m [JSB][Init] before InsertFighter BattleSpace=1 ptr=000001EA91AC30B0[32m [repeated 57x across cluster][0m
[36m(SingleAgentEnvRunner pid=64536)[0m [JSB][Init] after InsertFighter FighterID=1[32m [repeated 57x across cluster][0m
[36m(SingleAgentEnvRunner pid=60068)[0m runner:5/env:0	num_steps=[258] | total rewards=[1164.5337] | termination= [target destroyed][32m [repeated 6x across cluster][0m
[36m(SingleAgentEnvRunner pid=64536)[0m [JSB][Reset] fighter_count_after=0[32m [repeated 58x across cluster][0m
[36m(SingleAgentEnvRunner pid=64536)[0m [JSB][Reset] enter BattleSpace=1[32m [repeated 29x across cluster][0m
[36m(SingleAgentEnvRunner pid=64536)[0m [JSB][Reset] after lock found=1 size=1[32m [repeated 29x across cluster][0m
[36m(SingleAgentEnvRunner pid=64536)[0m total: 2[32m [repeated 29x across cluster][0m
[36m(SingleAgentEnvRunner pid=64536)[0m [JSB][Reset] exit after_size=1[32m [repeated 29x across cluster][0m
[36m(SingleAgentEnvRunner pid=65060)[0m runner:12/env:0	num_steps=[258] | total rewards=[696.2055] | termination= [ownship destroyed][32m [repeated 23x across cluster][0m
[36m(SingleAgentEnvRunner pid=63712)[0m [JSB][Init] enter BattleSpace=1 Type=1 ForceSide=1 Delta=0.0166667[32m [repeated 69x across cluster][0m
[36m(SingleAgentEnvRunner pid=63712)[0m [JSB][Init] registry size=1[32m [repeated 69x across cluster][0m
[36m(SingleAgentEnvRunner pid=63712)[0m [JSB][Init] before new AIP_FDMExec[32m [repeated 69x across cluster][0m
[36m(SingleAgentEnvRunner pid=63712)[0m [JSB][Init] after new AIP_FDMExec ptr=000001C091880E00[32m [repeated 69x across cluster][0m
[36m(SingleAgentEnvRunner pid=63712)[0m [JSB][Init] before Init_FDM ptr=000001C091880E00[32m [repeated 69x across cluster][0m
[36m(SingleAgentEnvRunner pid=64928)[0m [JSB][Init] after Init_FDM ptr=000002568F9B2F80[32m [repeated 69x across cluster][0m
[36m(SingleAgentEnvRunner pid=64928)[0m [JSB][Init] before Exec_FDM ptr=000002568F9B2F80[32m [repeated 69x across cluster][0m
[36m(SingleAgentEnvRunner pid=64928)[0m [JSB][Init] after Exec_FDM ptr=000002568F9B2F80[32m [repeated 69x across cluster][0m
[36m(SingleAgentEnvRunner pid=64928)[0m [JSB][Init] before InsertFighter BattleSpace=1 ptr=000002568F9B2F80[32m [repeated 69x across cluster][0m
[36m(SingleAgentEnvRunner pid=64928)[0m [JSB][Init] after InsertFighter FighterID=2[32m [repeated 69x across cluster][0m
[36m(SingleAgentEnvRunner pid=63712)[0m runner:9/env:0	num_steps=[260] | total rewards=[1169.0256] | termination= [target destroyed][32m [repeated 13x across cluster][0m
[36m(SingleAgentEnvRunner pid=63712)[0m [JSB][Reset] fighter_count_after=0[32m [repeated 72x across cluster][0m
[36m(SingleAgentEnvRunner pid=63712)[0m [JSB][Reset] enter BattleSpace=1[32m [repeated 36x across cluster][0m
[36m(SingleAgentEnvRunner pid=63712)[0m [JSB][Reset] after lock found=1 size=1[32m [repeated 36x across cluster][0m
[36m(SingleAgentEnvRunner pid=63712)[0m total: 2[32m [repeated 36x across cluster][0m
[36m(SingleAgentEnvRunner pid=63712)[0m [JSB][Reset] exit after_size=1[32m [repeated 36x across cluster][0m
stage=35 | iter_in_stage=47 | total_iter=47 | reward_mean=879.04 | win_rate=0.403 | crash_rate=0.000 | ep_wez_steps=23.7 | episodes_this_iter=65 | entropy=-3.561 | vf_loss=239.586
[36m(SingleAgentEnvRunner pid=64536)[0m runner:3/env:0	num_steps=[253] | total rewards=[663.3571] | termination= [ownship destroyed][32m [repeated 15x across cluster][0m
[36m(SingleAgentEnvRunner pid=64536)[0m [JSB][Init] enter BattleSpace=1 Type=1 ForceSide=2 Delta=0.0166667[32m [repeated 59x across cluster][0m
[36m(SingleAgentEnvRunner pid=64536)[0m [JSB][Init] registry size=1[32m [repeated 59x across cluster][0m
[36m(SingleAgentEnvRunner pid=64536)[0m [JSB][Init] before new AIP_FDMExec[32m [repeated 59x across cluster][0m
[36m(SingleAgentEnvRunner pid=64536)[0m [JSB][Init] after new AIP_FDMExec ptr=000001EA91AC4760[32m [repeated 59x across cluster][0m
[36m(SingleAgentEnvRunner pid=64536)[0m [JSB][Init] before Init_FDM ptr=000001EA91AC4760[32m [repeated 59x across cluster][0m
[36m(SingleAgentEnvRunner pid=64536)[0m [JSB][Init] after Init_FDM ptr=000001EA91AC4970[32m [repeated 59x across cluster][0m
[36m(SingleAgentEnvRunner pid=64536)[0m [JSB][Init] before Exec_FDM ptr=000001EA91AC4970[32m [repeated 59x across cluster][0m
[36m(SingleAgentEnvRunner pid=64536)[0m [JSB][Init] after Exec_FDM ptr=000001EA91AC4970[32m [repeated 59x across cluster][0m
[36m(SingleAgentEnvRunner pid=64536)[0m [JSB][Init] before InsertFighter BattleSpace=1 ptr=000001EA91AC4970[32m [repeated 59x across cluster][0m
[36m(SingleAgentEnvRunner pid=64536)[0m [JSB][Init] after InsertFighter FighterID=1[32m [repeated 59x across cluster][0m
[36m(SingleAgentEnvRunner pid=23528)[0m runner:4/env:0	num_steps=[249] | total rewards=[1170.4460] | termination= [target destroyed][32m [repeated 13x across cluster][0m
[36m(SingleAgentEnvRunner pid=64536)[0m [JSB][Reset] fighter_count_after=0[32m [repeated 56x across cluster][0m
[36m(SingleAgentEnvRunner pid=64536)[0m [JSB][Reset] enter BattleSpace=1[32m [repeated 28x across cluster][0m
[36m(SingleAgentEnvRunner pid=64536)[0m [JSB][Reset] after lock found=1 size=1[32m [repeated 28x across cluster][0m
[36m(SingleAgentEnvRunner pid=64536)[0m total: 2[32m [repeated 28x across cluster][0m
[36m(SingleAgentEnvRunner pid=64536)[0m [JSB][Reset] exit after_size=1[32m [repeated 28x across cluster][0m
[36m(SingleAgentEnvRunner pid=64404)[0m runner:7/env:0	num_steps=[265] | total rewards=[675.2607] | termination= [ownship destroyed][32m [repeated 18x across cluster][0m
[36m(SingleAgentEnvRunner pid=65292)[0m [JSB][Init] enter BattleSpace=1 Type=1 ForceSide=2 Delta=0.0166667[32m [repeated 62x across cluster][0m
[36m(SingleAgentEnvRunner pid=65292)[0m [JSB][Init] registry size=1[32m [repeated 62x across cluster][0m
[36m(SingleAgentEnvRunner pid=65292)[0m [JSB][Init] before new AIP_FDMExec[32m [repeated 62x across cluster][0m
[36m(SingleAgentEnvRunner pid=65292)[0m [JSB][Init] after new AIP_FDMExec ptr=000002C0922DC950[32m [repeated 62x across cluster][0m
[36m(SingleAgentEnvRunner pid=65292)[0m [JSB][Init] before Init_FDM ptr=000002C0922DC950[32m [repeated 62x across cluster][0m
[36m(SingleAgentEnvRunner pid=65292)[0m [JSB][Init] after Init_FDM ptr=000002C0922DC950[32m [repeated 63x across cluster][0m
[36m(SingleAgentEnvRunner pid=65292)[0m [JSB][Init] before Exec_FDM ptr=000002C0922DC950[32m [repeated 63x across cluster][0m
[36m(SingleAgentEnvRunner pid=65292)[0m [JSB][Init] after Exec_FDM ptr=000002C0922DC950[32m [repeated 63x across cluster][0m
[36m(SingleAgentEnvRunner pid=65292)[0m [JSB][Init] before InsertFighter BattleSpace=1 ptr=000002C0922DC950[32m [repeated 63x across cluster][0m
[36m(SingleAgentEnvRunner pid=65292)[0m [JSB][Init] after InsertFighter FighterID=2[32m [repeated 63x across cluster][0m
[36m(SingleAgentEnvRunner pid=64536)[0m runner:3/env:0	num_steps=[258] | total rewards=[1173.3468] | termination= [target destroyed][32m [repeated 14x across cluster][0m
[36m(SingleAgentEnvRunner pid=64536)[0m [JSB][Reset] fighter_count_after=0[32m [repeated 64x across cluster][0m
[36m(SingleAgentEnvRunner pid=64536)[0m [JSB][Reset] enter BattleSpace=1[32m [repeated 32x across cluster][0m
[36m(SingleAgentEnvRunner pid=64536)[0m [JSB][Reset] after lock found=1 size=1[32m [repeated 32x across cluster][0m
[36m(SingleAgentEnvRunner pid=64536)[0m total: 2[32m [repeated 32x across cluster][0m
[36m(SingleAgentEnvRunner pid=64536)[0m [JSB][Reset] exit after_size=1[32m [repeated 32x across cluster][0m
[36m(SingleAgentEnvRunner pid=64404)[0m runner:7/env:0	num_steps=[251] | total rewards=[664.0177] | termination= [ownship destroyed][32m [repeated 17x across cluster][0m
[36m(SingleAgentEnvRunner pid=64404)[0m [JSB][Init] enter BattleSpace=1 Type=1 ForceSide=2 Delta=0.0166667[32m [repeated 60x across cluster][0m
[36m(SingleAgentEnvRunner pid=64404)[0m [JSB][Init] registry size=1[32m [repeated 60x across cluster][0m
[36m(SingleAgentEnvRunner pid=64404)[0m [JSB][Init] before new AIP_FDMExec[32m [repeated 60x across cluster][0m
[36m(SingleAgentEnvRunner pid=64404)[0m [JSB][Init] after new AIP_FDMExec ptr=0000015740A4F230[32m [repeated 60x across cluster][0m
[36m(SingleAgentEnvRunner pid=64404)[0m [JSB][Init] before Init_FDM ptr=0000015740A4F230[32m [repeated 60x across cluster][0m
[36m(SingleAgentEnvRunner pid=64404)[0m [JSB][Init] after Init_FDM ptr=0000015740A4F230[32m [repeated 60x across cluster][0m
[36m(SingleAgentEnvRunner pid=64404)[0m [JSB][Init] before Exec_FDM ptr=0000015740A4F230[32m [repeated 60x across cluster][0m
[36m(SingleAgentEnvRunner pid=64404)[0m [JSB][Init] after Exec_FDM ptr=0000015740A4F230[32m [repeated 60x across cluster][0m
[36m(SingleAgentEnvRunner pid=64404)[0m [JSB][Init] before InsertFighter BattleSpace=1 ptr=0000015740A4F230[32m [repeated 60x across cluster][0m
[36m(SingleAgentEnvRunner pid=64404)[0m [JSB][Init] after InsertFighter FighterID=2[32m [repeated 60x across cluster][0m
[36m(SingleAgentEnvRunner pid=64580)[0m runner:2/env:0	num_steps=[252] | total rewards=[1193.0506] | termination= [target destroyed][32m [repeated 12x across cluster][0m
[36m(SingleAgentEnvRunner pid=64404)[0m [JSB][Reset] fighter_count_after=0[32m [repeated 58x across cluster][0m
[36m(SingleAgentEnvRunner pid=64404)[0m [JSB][Reset] enter BattleSpace=1[32m [repeated 29x across cluster][0m
[36m(SingleAgentEnvRunner pid=64404)[0m [JSB][Reset] after lock found=1 size=1[32m [repeated 29x across cluster][0m
[36m(SingleAgentEnvRunner pid=64404)[0m total: 2[32m [repeated 29x across cluster][0m
[36m(SingleAgentEnvRunner pid=64404)[0m [JSB][Reset] exit after_size=1[32m [repeated 29x across cluster][0m
stage=35 | iter_in_stage=48 | total_iter=48 | reward_mean=880.53 | win_rate=0.406 | crash_rate=0.000 | ep_wez_steps=23.8 | episodes_this_iter=64 | entropy=-3.548 | vf_loss=168.292
[36m(SingleAgentEnvRunner pid=23528)[0m runner:4/env:0	num_steps=[255] | total rewards=[691.5306] | termination= [ownship destroyed][32m [repeated 8x across cluster][0m
[36m(SingleAgentEnvRunner pid=23528)[0m [JSB][Init] enter BattleSpace=1 Type=1 ForceSide=2 Delta=0.0166667[32m [repeated 22x across cluster][0m
[36m(SingleAgentEnvRunner pid=23528)[0m [JSB][Init] registry size=1[32m [repeated 22x across cluster][0m
[36m(SingleAgentEnvRunner pid=23528)[0m [JSB][Init] before new AIP_FDMExec[32m [repeated 22x across cluster][0m
[36m(SingleAgentEnvRunner pid=23528)[0m [JSB][Init] after new AIP_FDMExec ptr=0000023111B41600[32m [repeated 22x across cluster][0m
[36m(SingleAgentEnvRunner pid=23528)[0m [JSB][Init] before Init_FDM ptr=0000023111B41600[32m [repeated 22x across cluster][0m
[36m(SingleAgentEnvRunner pid=23528)[0m [JSB][Init] after Init_FDM ptr=0000023111B43F40[32m [repeated 20x across cluster][0m
[36m(SingleAgentEnvRunner pid=23528)[0m [JSB][Init] before Exec_FDM ptr=0000023111B43F40[32m [repeated 20x across cluster][0m
[36m(SingleAgentEnvRunner pid=23528)[0m [JSB][Init] after Exec_FDM ptr=0000023111B43F40[32m [repeated 20x across cluster][0m
[36m(SingleAgentEnvRunner pid=23528)[0m [JSB][Init] before InsertFighter BattleSpace=1 ptr=0000023111B43F40[32m [repeated 20x across cluster][0m
[36m(SingleAgentEnvRunner pid=23528)[0m [JSB][Init] after InsertFighter FighterID=1[32m [repeated 20x across cluster][0m
[36m(SingleAgentEnvRunner pid=64440)[0m runner:8/env:0	num_steps=[268] | total rewards=[1163.1564] | termination= [target destroyed][32m [repeated 4x across cluster][0m
[36m(SingleAgentEnvRunner pid=23528)[0m [JSB][Reset] fighter_count_after=0[32m [repeated 24x across cluster][0m
[36m(SingleAgentEnvRunner pid=23528)[0m [JSB][Reset] enter BattleSpace=1[32m [repeated 12x across cluster][0m
[36m(SingleAgentEnvRunner pid=23528)[0m [JSB][Reset] after lock found=1 size=1[32m [repeated 12x across cluster][0m
[36m(SingleAgentEnvRunner pid=23528)[0m total: 2[32m [repeated 12x across cluster][0m
[36m(SingleAgentEnvRunner pid=23528)[0m [JSB][Reset] exit after_size=1[32m [repeated 12x across cluster][0m
[36m(SingleAgentEnvRunner pid=23528)[0m runner:4/env:0	num_steps=[252] | total rewards=[666.9929] | termination= [ownship destroyed][32m [repeated 23x across cluster][0m
[36m(SingleAgentEnvRunner pid=64580)[0m [JSB][Init] enter BattleSpace=1 Type=1 ForceSide=1 Delta=0.0166667[32m [repeated 69x across cluster][0m
[36m(SingleAgentEnvRunner pid=64580)[0m [JSB][Init] registry size=1[32m [repeated 69x across cluster][0m
[36m(SingleAgentEnvRunner pid=64580)[0m [JSB][Init] before new AIP_FDMExec[32m [repeated 69x across cluster][0m
[36m(SingleAgentEnvRunner pid=64580)[0m [JSB][Init] after new AIP_FDMExec ptr=000001FF3E38FCA0[32m [repeated 69x across cluster][0m
[36m(SingleAgentEnvRunner pid=64580)[0m [JSB][Init] before Init_FDM ptr=000001FF3E38FCA0[32m [repeated 69x across cluster][0m
[36m(SingleAgentEnvRunner pid=64580)[0m [JSB][Init] after Init_FDM ptr=000001FF3E38FCA0[32m [repeated 71x across cluster][0m
[36m(SingleAgentEnvRunner pid=64580)[0m [JSB][Init] before Exec_FDM ptr=000001FF3E38FCA0[32m [repeated 71x across cluster][0m
[36m(SingleAgentEnvRunner pid=23528)[0m [JSB][Init] after Exec_FDM ptr=000002310F39A650[32m [repeated 70x across cluster][0m
[36m(SingleAgentEnvRunner pid=23528)[0m [JSB][Init] before InsertFighter BattleSpace=1 ptr=000002310F39A650[32m [repeated 70x across cluster][0m
[36m(SingleAgentEnvRunner pid=23528)[0m [JSB][Init] after InsertFighter FighterID=2[32m [repeated 70x across cluster][0m
[36m(SingleAgentEnvRunner pid=64580)[0m runner:2/env:0	num_steps=[257] | total rewards=[1173.8988] | termination= [target destroyed][32m [repeated 11x across cluster][0m
[36m(SingleAgentEnvRunner pid=64580)[0m [JSB][Reset] fighter_count_after=0[32m [repeated 68x across cluster][0m
[36m(SingleAgentEnvRunner pid=64580)[0m [JSB][Reset] enter BattleSpace=1[32m [repeated 34x across cluster][0m
[36m(SingleAgentEnvRunner pid=64580)[0m [JSB][Reset] after lock found=1 size=1[32m [repeated 34x across cluster][0m
[36m(SingleAgentEnvRunner pid=64580)[0m total: 2[32m [repeated 34x across cluster][0m
[36m(SingleAgentEnvRunner pid=64580)[0m [JSB][Reset] exit after_size=1[32m [repeated 34x across cluster][0m
stage=35 | iter_in_stage=49 | total_iter=49 | reward_mean=861.12 | win_rate=0.365 | crash_rate=0.000 | ep_wez_steps=23.9 | episodes_this_iter=63 | entropy=-3.549 | vf_loss=319.931
[36m(SingleAgentEnvRunner pid=64404)[0m runner:7/env:0	num_steps=[251] | total rewards=[695.6139] | termination= [ownship destroyed][32m [repeated 12x across cluster][0m
[36m(SingleAgentEnvRunner pid=64536)[0m [JSB][Init] enter BattleSpace=1 Type=1 ForceSide=1 Delta=0.0166667[32m [repeated 42x across cluster][0m
[36m(SingleAgentEnvRunner pid=64536)[0m [JSB][Init] registry size=1[32m [repeated 42x across cluster][0m
[36m(SingleAgentEnvRunner pid=64536)[0m [JSB][Init] before new AIP_FDMExec[32m [repeated 42x across cluster][0m
[36m(SingleAgentEnvRunner pid=64536)[0m [JSB][Init] after new AIP_FDMExec ptr=000001EA91C3A930[32m [repeated 42x across cluster][0m
[36m(SingleAgentEnvRunner pid=64536)[0m [JSB][Init] before Init_FDM ptr=000001EA91C3A930[32m [repeated 42x across cluster][0m
[36m(SingleAgentEnvRunner pid=65292)[0m [JSB][Init] after Init_FDM ptr=000002C0922DC110[32m [repeated 41x across cluster][0m
[36m(SingleAgentEnvRunner pid=65292)[0m [JSB][Init] before Exec_FDM ptr=000002C0922DC110[32m [repeated 41x across cluster][0m
[36m(SingleAgentEnvRunner pid=65292)[0m [JSB][Init] after Exec_FDM ptr=000002C0922DC110[32m [repeated 42x across cluster][0m
[36m(SingleAgentEnvRunner pid=65292)[0m [JSB][Init] before InsertFighter BattleSpace=1 ptr=000002C0922DC110[32m [repeated 42x across cluster][0m
[36m(SingleAgentEnvRunner pid=65292)[0m [JSB][Init] after InsertFighter FighterID=2[32m [repeated 42x across cluster][0m
[36m(SingleAgentEnvRunner pid=64536)[0m runner:3/env:0	num_steps=[256] | total rewards=[1168.3642] | termination= [target destroyed][32m [repeated 9x across cluster][0m
[36m(SingleAgentEnvRunner pid=64536)[0m [JSB][Reset] fighter_count_after=0[32m [repeated 42x across cluster][0m
[36m(SingleAgentEnvRunner pid=64536)[0m [JSB][Reset] enter BattleSpace=1[32m [repeated 21x across cluster][0m
[36m(SingleAgentEnvRunner pid=64536)[0m [JSB][Reset] after lock found=1 size=1[32m [repeated 21x across cluster][0m
[36m(SingleAgentEnvRunner pid=64536)[0m total: 2[32m [repeated 21x across cluster][0m
[36m(SingleAgentEnvRunner pid=64536)[0m [JSB][Reset] exit after_size=1[32m [repeated 21x across cluster][0m
[36m(SingleAgentEnvRunner pid=64440)[0m runner:8/env:0	num_steps=[251] | total rewards=[679.9992] | termination= [ownship destroyed][32m [repeated 20x across cluster][0m
[36m(SingleAgentEnvRunner pid=64928)[0m [JSB][Init] enter BattleSpace=1 Type=1 ForceSide=2 Delta=0.0166667[32m [repeated 63x across cluster][0m
[36m(SingleAgentEnvRunner pid=64928)[0m [JSB][Init] registry size=1[32m [repeated 63x across cluster][0m
[36m(SingleAgentEnvRunner pid=64928)[0m [JSB][Init] before new AIP_FDMExec[32m [repeated 63x across cluster][0m
[36m(SingleAgentEnvRunner pid=64928)[0m [JSB][Init] after new AIP_FDMExec ptr=000002569436EC30[32m [repeated 63x across cluster][0m
[36m(SingleAgentEnvRunner pid=64928)[0m [JSB][Init] before Init_FDM ptr=000002569436EC30[32m [repeated 63x across cluster][0m
[36m(SingleAgentEnvRunner pid=64928)[0m [JSB][Init] after Init_FDM ptr=000002569436EC30[32m [repeated 64x across cluster][0m
[36m(SingleAgentEnvRunner pid=64928)[0m [JSB][Init] before Exec_FDM ptr=000002569436EC30[32m [repeated 64x across cluster][0m
[36m(SingleAgentEnvRunner pid=64928)[0m [JSB][Init] after Exec_FDM ptr=000002569436EC30[32m [repeated 64x across cluster][0m
[36m(SingleAgentEnvRunner pid=64928)[0m [JSB][Init] before InsertFighter BattleSpace=1 ptr=000002569436EC30[32m [repeated 64x across cluster][0m
[36m(SingleAgentEnvRunner pid=64928)[0m [JSB][Init] after InsertFighter FighterID=2[32m [repeated 64x across cluster][0m
[36m(SingleAgentEnvRunner pid=65032)[0m runner:13/env:0	num_steps=[430] | total rewards=[1201.6463] | termination= [target destroyed][32m [repeated 12x across cluster][0m
[36m(SingleAgentEnvRunner pid=64440)[0m [JSB][Reset] fighter_count_after=0[32m [repeated 64x across cluster][0m
[36m(SingleAgentEnvRunner pid=64440)[0m [JSB][Reset] enter BattleSpace=1[32m [repeated 32x across cluster][0m
[36m(SingleAgentEnvRunner pid=64440)[0m [JSB][Reset] after lock found=1 size=1[32m [repeated 32x across cluster][0m
[36m(SingleAgentEnvRunner pid=64440)[0m total: 2[32m [repeated 32x across cluster][0m
[36m(SingleAgentEnvRunner pid=64440)[0m [JSB][Reset] exit after_size=1[32m [repeated 32x across cluster][0m
[36m(SingleAgentEnvRunner pid=60068)[0m runner:5/env:0	num_steps=[786] | total rewards=[175.3497] | termination= [ownship altitude below min]
[DogFightEnv][PolicyProbe] iter=50 ramp:a=[-0.792,-0.961,0.310,0.225] s=22.398 | target_ahead:a=[0.784,-0.498,-0.940,-0.403] s=18.997 | target_left:a=[-0.748,-1.708,1.104,0.016] s=21.187 | zero_hold:a=[-0.098,-0.260,-0.149,1.183] s=12.545
[JSB][CreateBattleSpace] enter Space@00000001803EE598 SpaceMutex@00000001803DE000
[JSB][CreateBattleSpace] before newspace
[JSB][CreateBattleSpace] newspace=000002219A215100 use_count=1
[JSB][CreateBattleSpace] before lock
[JSB][CreateBattleSpace] after lock size=0
[JSB][CreateBattleSpace] insert id=1 success=1 final_size=1 stored=000002219A215100
init ID:1 Lat37.92003070998819 Lon128.18188127777776 Alt(meter)4572.029042862364 Speed(m/sec)200.0
[JSB][Init] enter BattleSpace=1 Type=1 ForceSide=1 Delta=0.0166667
[JSB][Init] registry size=1
[JSB][Init] before new AIP_FDMExec
[JSB][Init] after new AIP_FDMExec ptr=000002219B222AF0
[JSB][Init] before Init_FDM ptr=000002219B222AF0
[JSB][Init] after Init_FDM ptr=000002219B222AF0
[JSB][Init] before Exec_FDM ptr=000002219B222AF0
[JSB][Init] after Exec_FDM ptr=000002219B222AF0
[JSB][Init] before InsertFighter BattleSpace=1 ptr=000002219B222AF0
[JSB][Init] after InsertFighter FighterID=1
init ID:1 Lat37.91455691666667 Lon128.18188127777776 Alt(meter)4572.000000000235 Speed(m/sec)200.0
[JSB][Init] enter BattleSpace=1 Type=1 ForceSide=2 Delta=0.0166667
[JSB][Init] registry size=1
[JSB][Init] before new AIP_FDMExec
[JSB][Init] after new AIP_FDMExec ptr=000002219B225010
[JSB][Init] before Init_FDM ptr=000002219B225010
[JSB][Init] after Init_FDM ptr=000002219B225010
[JSB][Init] before Exec_FDM ptr=000002219B225010
[JSB][Init] after Exec_FDM ptr=000002219B225010
[JSB][Init] before InsertFighter BattleSpace=1 ptr=000002219B225010
[JSB][Init] after InsertFighter FighterID=2
[JSB][Reset] enter BattleSpace=1
[JSB][Reset] after lock found=1 size=1
[JSB][Reset] FighterPtr=000002219A215100 fighter_count_before=2
total: 2
[JSB][Reset] fighter_count_after=0
[JSB][Reset] exit after_size=1
[JSB][Init] enter BattleSpace=1 Type=1 ForceSide=1 Delta=0.0166667
[JSB][Init] registry size=1
[JSB][Init] before new AIP_FDMExec
[JSB][Init] after new AIP_FDMExec ptr=000002219B2262A0
[JSB][Init] before Init_FDM ptr=000002219B2262A0
[JSB][Init] after Init_FDM ptr=000002219B2262A0
[JSB][Init] before Exec_FDM ptr=000002219B2262A0
[JSB][Init] after Exec_FDM ptr=000002219B2262A0
[JSB][Init] before InsertFighter BattleSpace=1 ptr=000002219B2262A0
[JSB][Init] after InsertFighter FighterID=1
[JSB][Init] enter BattleSpace=1 Type=1 ForceSide=2 Delta=0.0166667
[JSB][Init] registry size=1
[JSB][Init] before new AIP_FDMExec
[JSB][Init] after new AIP_FDMExec ptr=000002219B222D00
[JSB][Init] before Init_FDM ptr=000002219B222D00
[JSB][Init] after Init_FDM ptr=000002219B222D00
[JSB][Init] before Exec_FDM ptr=000002219B222D00
[JSB][Init] after Exec_FDM ptr=000002219B222D00
[JSB][Init] before InsertFighter BattleSpace=1 ptr=000002219B222D00
[JSB][Init] after InsertFighter FighterID=2
runner:engagement_replay/env:0	num_steps=[257] | total rewards=[1172.0421] | termination= [target destroyed]
[JSB][RemoveSpace] enter BattleSpace=1
[JSB][RemoveSpace] after lock found=1 size=1
[JSB][RemoveSpace] FighterPtr=000002219A215100 fighter_count_before=2
[JSB][RemoveSpace] fighter_count_after=0
Remove Space Complete.
[JSB][RemoveSpace] exit after_size=0
[JSB][CreateBattleSpace] enter Space@00000001803EE598 SpaceMutex@00000001803DE000
[JSB][CreateBattleSpace] before newspace
[JSB][CreateBattleSpace] newspace=00000221872915D0 use_count=1
[JSB][CreateBattleSpace] before lock
[JSB][CreateBattleSpace] after lock size=0
[JSB][CreateBattleSpace] insert id=1 success=1 final_size=1 stored=00000221872915D0
init ID:1 Lat37.92003070998819 Lon128.18188127777776 Alt(meter)4572.029042862364 Speed(m/sec)200.0
[JSB][Init] enter BattleSpace=1 Type=1 ForceSide=1 Delta=0.0166667
[JSB][Init] registry size=1
[JSB][Init] before new AIP_FDMExec
[JSB][Init] after new AIP_FDMExec ptr=000002219B225640
[JSB][Init] before Init_FDM ptr=000002219B225640
[JSB][Init] after Init_FDM ptr=000002219B225640
[JSB][Init] before Exec_FDM ptr=000002219B225640
[JSB][Init] after Exec_FDM ptr=000002219B225640
[JSB][Init] before InsertFighter BattleSpace=1 ptr=000002219B225640
[JSB][Init] after InsertFighter FighterID=1
init ID:1 Lat37.91455691666667 Lon128.18188127777776 Alt(meter)4572.000000000235 Speed(m/sec)200.0
[JSB][Init] enter BattleSpace=1 Type=1 ForceSide=2 Delta=0.0166667
[JSB][Init] registry size=1
[JSB][Init] before new AIP_FDMExec
[JSB][Init] after new AIP_FDMExec ptr=000002219B2228E0
[JSB][Init] before Init_FDM ptr=000002219B2228E0
[JSB][Init] after Init_FDM ptr=000002219B2228E0
[JSB][Init] before Exec_FDM ptr=000002219B2228E0
[JSB][Init] after Exec_FDM ptr=000002219B2228E0
[JSB][Init] before InsertFighter BattleSpace=1 ptr=000002219B2228E0
[JSB][Init] after InsertFighter FighterID=2
[JSB][Reset] enter BattleSpace=1
[JSB][Reset] after lock found=1 size=1
[JSB][Reset] FighterPtr=00000221872915D0 fighter_count_before=2
total: 2
[JSB][Reset] fighter_count_after=0
[JSB][Reset] exit after_size=1
[JSB][Init] enter BattleSpace=1 Type=1 ForceSide=1 Delta=0.0166667
[JSB][Init] registry size=1
[JSB][Init] before new AIP_FDMExec
[JSB][Init] after new AIP_FDMExec ptr=000002219B225C70
[JSB][Init] before Init_FDM ptr=000002219B225C70
[JSB][Init] after Init_FDM ptr=000002219B225C70
[JSB][Init] before Exec_FDM ptr=000002219B225C70
[JSB][Init] after Exec_FDM ptr=000002219B225C70
[JSB][Init] before InsertFighter BattleSpace=1 ptr=000002219B225C70
[JSB][Init] after InsertFighter FighterID=1
[JSB][Init] enter BattleSpace=1 Type=1 ForceSide=2 Delta=0.0166667
[JSB][Init] registry size=1
[JSB][Init] before new AIP_FDMExec
[JSB][Init] after new AIP_FDMExec ptr=000002219B222D00
[JSB][Init] before Init_FDM ptr=000002219B222D00
[JSB][Init] after Init_FDM ptr=000002219B222D00
[JSB][Init] before Exec_FDM ptr=000002219B222D00
[JSB][Init] after Exec_FDM ptr=000002219B222D00
[JSB][Init] before InsertFighter BattleSpace=1 ptr=000002219B222D00
[JSB][Init] after InsertFighter FighterID=2
runner:engagement_replay/env:0	num_steps=[249] | total rewards=[1189.1556] | termination= [target destroyed]
[JSB][RemoveSpace] enter BattleSpace=1
[JSB][RemoveSpace] after lock found=1 size=1
[JSB][RemoveSpace] FighterPtr=00000221872915D0 fighter_count_before=2
[JSB][RemoveSpace] fighter_count_after=0
Remove Space Complete.
[JSB][RemoveSpace] exit after_size=0
[JSB][CreateBattleSpace] enter Space@00000001803EE598 SpaceMutex@00000001803DE000
[JSB][CreateBattleSpace] before newspace
[JSB][CreateBattleSpace] newspace=000002218E066F90 use_count=1
[JSB][CreateBattleSpace] before lock
[JSB][CreateBattleSpace] after lock size=0
[JSB][CreateBattleSpace] insert id=1 success=1 final_size=1 stored=000002218E066F90
init ID:1 Lat37.92003070998819 Lon128.18188127777776 Alt(meter)4572.029042862364 Speed(m/sec)200.0
[JSB][Init] enter BattleSpace=1 Type=1 ForceSide=1 Delta=0.0166667
[JSB][Init] registry size=1
[JSB][Init] before new AIP_FDMExec
[JSB][Init] after new AIP_FDMExec ptr=000002219B222D00
[JSB][Init] before Init_FDM ptr=000002219B222D00
[JSB][Init] after Init_FDM ptr=000002219B222D00
[JSB][Init] before Exec_FDM ptr=000002219B222D00
[JSB][Init] after Exec_FDM ptr=000002219B222D00
[JSB][Init] before InsertFighter BattleSpace=1 ptr=000002219B222D00
[JSB][Init] after InsertFighter FighterID=1
init ID:1 Lat37.91455691666667 Lon128.18188127777776 Alt(meter)4572.000000000235 Speed(m/sec)200.0
[JSB][Init] enter BattleSpace=1 Type=1 ForceSide=2 Delta=0.0166667
[JSB][Init] registry size=1
[JSB][Init] before new AIP_FDMExec
[JSB][Init] after new AIP_FDMExec ptr=000002219B2243B0
[JSB][Init] before Init_FDM ptr=000002219B2243B0
[JSB][Init] after Init_FDM ptr=000002219B2243B0
[JSB][Init] before Exec_FDM ptr=000002219B2243B0
[JSB][Init] after Exec_FDM ptr=000002219B2243B0
[JSB][Init] before InsertFighter BattleSpace=1 ptr=000002219B2243B0
[JSB][Init] after InsertFighter FighterID=2
[JSB][Reset] enter BattleSpace=1
[JSB][Reset] after lock found=1 size=1
[JSB][Reset] FighterPtr=000002218E066F90 fighter_count_before=2
total: 2
[JSB][Reset] fighter_count_after=0
[JSB][Reset] exit after_size=1
[JSB][Init] enter BattleSpace=1 Type=1 ForceSide=1 Delta=0.0166667
[JSB][Init] registry size=1
[JSB][Init] before new AIP_FDMExec
[JSB][Init] after new AIP_FDMExec ptr=000002219B2262A0
[JSB][Init] before Init_FDM ptr=000002219B2262A0
[JSB][Init] after Init_FDM ptr=000002219B2262A0
[JSB][Init] before Exec_FDM ptr=000002219B2262A0
[JSB][Init] after Exec_FDM ptr=000002219B2262A0
[JSB][Init] before InsertFighter BattleSpace=1 ptr=000002219B2262A0
[JSB][Init] after InsertFighter FighterID=1
[JSB][Init] enter BattleSpace=1 Type=1 ForceSide=2 Delta=0.0166667
[JSB][Init] registry size=1
[JSB][Init] before new AIP_FDMExec
[JSB][Init] after new AIP_FDMExec ptr=000002219B2222B0
[JSB][Init] before Init_FDM ptr=000002219B2222B0
[JSB][Init] after Init_FDM ptr=000002219B2222B0
[JSB][Init] before Exec_FDM ptr=000002219B2222B0
[JSB][Init] after Exec_FDM ptr=000002219B2222B0
[JSB][Init] before InsertFighter BattleSpace=1 ptr=000002219B2222B0
[JSB][Init] after InsertFighter FighterID=2
runner:engagement_replay/env:0	num_steps=[247] | total rewards=[1177.1722] | termination= [target destroyed]
[JSB][RemoveSpace] enter BattleSpace=1
[JSB][RemoveSpace] after lock found=1 size=1
[JSB][RemoveSpace] FighterPtr=000002218E066F90 fighter_count_before=2
[JSB][RemoveSpace] fighter_count_after=0
Remove Space Complete.
[JSB][RemoveSpace] exit after_size=0
[DogFightEnv][EngagementReplay] iter=50 ep=0 steps=257 outcome=win min_dist=232.94 | ep=1 steps=249 outcome=win min_dist=241.95 | ep=2 steps=247 outcome=win min_dist=244.24
stage=35 | iter_in_stage=50 | total_iter=50 | reward_mean=840.71 | win_rate=0.356 | crash_rate=0.031 | ep_wez_steps=23.8 | episodes_this_iter=63 | entropy=-3.530 | vf_loss=195.697
[36m(SingleAgentEnvRunner pid=64440)[0m runner:8/env:0	num_steps=[245] | total rewards=[702.5440] | termination= [ownship destroyed][32m [repeated 21x across cluster][0m
[36m(SingleAgentEnvRunner pid=65292)[0m [JSB][Init] enter BattleSpace=1 Type=1 ForceSide=2 Delta=0.0166667[32m [repeated 62x across cluster][0m
[36m(SingleAgentEnvRunner pid=65292)[0m [JSB][Init] registry size=1[32m [repeated 62x across cluster][0m
[36m(SingleAgentEnvRunner pid=65292)[0m [JSB][Init] before new AIP_FDMExec[32m [repeated 62x across cluster][0m
[36m(SingleAgentEnvRunner pid=65292)[0m [JSB][Init] after new AIP_FDMExec ptr=000002C0922DE840[32m [repeated 62x across cluster][0m
[36m(SingleAgentEnvRunner pid=65292)[0m [JSB][Init] before Init_FDM ptr=000002C0922DE840[32m [repeated 62x across cluster][0m
[36m(SingleAgentEnvRunner pid=65292)[0m [JSB][Init] after Init_FDM ptr=000002C0922DE840[32m [repeated 62x across cluster][0m
[36m(SingleAgentEnvRunner pid=65292)[0m [JSB][Init] before Exec_FDM ptr=000002C0922DE840[32m [repeated 62x across cluster][0m
[36m(SingleAgentEnvRunner pid=65292)[0m [JSB][Init] after Exec_FDM ptr=000002C0922DE840[32m [repeated 62x across cluster][0m
[36m(SingleAgentEnvRunner pid=65292)[0m [JSB][Init] before InsertFighter BattleSpace=1 ptr=000002C0922DE840[32m [repeated 62x across cluster][0m
[36m(SingleAgentEnvRunner pid=65292)[0m [JSB][Init] after InsertFighter FighterID=2[32m [repeated 62x across cluster][0m
[36m(SingleAgentEnvRunner pid=64404)[0m runner:7/env:0	num_steps=[251] | total rewards=[1180.8326] | termination= [target destroyed][32m [repeated 9x across cluster][0m
[36m(SingleAgentEnvRunner pid=64440)[0m [JSB][Reset] FighterPtr=000001DF8D3D85A0 fighter_count_before=2[32m [repeated 61x across cluster][0m
[36m(SingleAgentEnvRunner pid=64440)[0m [JSB][Reset] enter BattleSpace=1[32m [repeated 31x across cluster][0m
[36m(SingleAgentEnvRunner pid=64440)[0m [JSB][Reset] after lock found=1 size=1[32m [repeated 31x across cluster][0m
[36m(SingleAgentEnvRunner pid=64440)[0m total: 2[32m [repeated 31x across cluster][0m
[36m(SingleAgentEnvRunner pid=65292)[0m [JSB][Reset] exit after_size=1[32m [repeated 30x across cluster][0m
[36m(SingleAgentEnvRunner pid=64440)[0m runner:8/env:0	num_steps=[257] | total rewards=[691.3822] | termination= [ownship destroyed][32m [repeated 22x across cluster][0m
[36m(SingleAgentEnvRunner pid=64440)[0m [JSB][Init] enter BattleSpace=1 Type=1 ForceSide=2 Delta=0.0166667[32m [repeated 68x across cluster][0m
[36m(SingleAgentEnvRunner pid=64440)[0m [JSB][Init] registry size=1[32m [repeated 68x across cluster][0m
[36m(SingleAgentEnvRunner pid=64440)[0m [JSB][Init] before new AIP_FDMExec[32m [repeated 68x across cluster][0m
[36m(SingleAgentEnvRunner pid=64440)[0m [JSB][Init] after new AIP_FDMExec ptr=000001DF91E89240[32m [repeated 68x across cluster][0m
[36m(SingleAgentEnvRunner pid=64440)[0m [JSB][Init] before Init_FDM ptr=000001DF91E89240[32m [repeated 68x across cluster][0m
[36m(SingleAgentEnvRunner pid=64440)[0m [JSB][Init] after Init_FDM ptr=000001DF91E89240[32m [repeated 68x across cluster][0m
[36m(SingleAgentEnvRunner pid=64440)[0m [JSB][Init] before Exec_FDM ptr=000001DF91E89240[32m [repeated 68x across cluster][0m
[36m(SingleAgentEnvRunner pid=64440)[0m [JSB][Init] after Exec_FDM ptr=000001DF91E89240[32m [repeated 68x across cluster][0m
[36m(SingleAgentEnvRunner pid=64440)[0m [JSB][Init] before InsertFighter BattleSpace=1 ptr=000001DF91E89240[32m [repeated 68x across cluster][0m
[36m(SingleAgentEnvRunner pid=64440)[0m [JSB][Init] after InsertFighter FighterID=2[32m [repeated 68x across cluster][0m
[36m(SingleAgentEnvRunner pid=65032)[0m runner:13/env:0	num_steps=[249] | total rewards=[1185.2502] | termination= [target destroyed][32m [repeated 11x across cluster][0m
[36m(SingleAgentEnvRunner pid=64440)[0m [JSB][Reset] fighter_count_after=0[32m [repeated 67x across cluster][0m
[36m(SingleAgentEnvRunner pid=64440)[0m [JSB][Reset] enter BattleSpace=1[32m [repeated 33x across cluster][0m
[36m(SingleAgentEnvRunner pid=64440)[0m [JSB][Reset] after lock found=1 size=1[32m [repeated 33x across cluster][0m
[36m(SingleAgentEnvRunner pid=64440)[0m total: 2[32m [repeated 33x across cluster][0m
[36m(SingleAgentEnvRunner pid=64440)[0m [JSB][Reset] exit after_size=1[32m [repeated 34x across cluster][0m
stage=35 | iter_in_stage=51 | total_iter=51 | reward_mean=852.70 | win_rate=0.339 | crash_rate=0.000 | ep_wez_steps=24.0 | episodes_this_iter=63 | entropy=-3.535 | vf_loss=253.757
[36m(SingleAgentEnvRunner pid=65032)[0m runner:13/env:0	num_steps=[253] | total rewards=[716.7742] | termination= [ownship destroyed][32m [repeated 19x across cluster][0m
[36m(SingleAgentEnvRunner pid=60068)[0m [JSB][Init] enter BattleSpace=1 Type=1 ForceSide=2 Delta=0.0166667[32m [repeated 58x across cluster][0m
[36m(SingleAgentEnvRunner pid=60068)[0m [JSB][Init] registry size=1[32m [repeated 58x across cluster][0m
[36m(SingleAgentEnvRunner pid=60068)[0m [JSB][Init] before new AIP_FDMExec[32m [repeated 58x across cluster][0m
[36m(SingleAgentEnvRunner pid=60068)[0m [JSB][Init] after new AIP_FDMExec ptr=000002AB91C27A70[32m [repeated 58x across cluster][0m
[36m(SingleAgentEnvRunner pid=60068)[0m [JSB][Init] before Init_FDM ptr=000002AB91C27A70[32m [repeated 58x across cluster][0m
[36m(SingleAgentEnvRunner pid=60068)[0m [JSB][Init] after Init_FDM ptr=000002AB91C27A70[32m [repeated 58x across cluster][0m
[36m(SingleAgentEnvRunner pid=60068)[0m [JSB][Init] before Exec_FDM ptr=000002AB91C27A70[32m [repeated 58x across cluster][0m
[36m(SingleAgentEnvRunner pid=60068)[0m [JSB][Init] after Exec_FDM ptr=000002AB91C27A70[32m [repeated 58x across cluster][0m
[36m(SingleAgentEnvRunner pid=60068)[0m [JSB][Init] before InsertFighter BattleSpace=1 ptr=000002AB91C27A70[32m [repeated 58x across cluster][0m
[36m(SingleAgentEnvRunner pid=60068)[0m [JSB][Init] after InsertFighter FighterID=2[32m [repeated 58x across cluster][0m
[36m(SingleAgentEnvRunner pid=64536)[0m runner:3/env:0	num_steps=[258] | total rewards=[1177.5246] | termination= [target destroyed][32m [repeated 11x across cluster][0m
[36m(SingleAgentEnvRunner pid=64536)[0m [JSB][Reset] fighter_count_after=0[32m [repeated 60x across cluster][0m
[36m(SingleAgentEnvRunner pid=64536)[0m [JSB][Reset] enter BattleSpace=1[32m [repeated 30x across cluster][0m
[36m(SingleAgentEnvRunner pid=64536)[0m [JSB][Reset] after lock found=1 size=1[32m [repeated 30x across cluster][0m
[36m(SingleAgentEnvRunner pid=64536)[0m total: 2[32m [repeated 30x across cluster][0m
[36m(SingleAgentEnvRunner pid=64536)[0m [JSB][Reset] exit after_size=1[32m [repeated 30x across cluster][0m
[36m(SingleAgentEnvRunner pid=64404)[0m runner:7/env:0	num_steps=[250] | total rewards=[673.1808] | termination= [ownship destroyed][32m [repeated 22x across cluster][0m
[36m(SingleAgentEnvRunner pid=64928)[0m [JSB][Init] enter BattleSpace=1 Type=1 ForceSide=2 Delta=0.0166667[32m [repeated 60x across cluster][0m
[36m(SingleAgentEnvRunner pid=64928)[0m [JSB][Init] registry size=1[32m [repeated 60x across cluster][0m
[36m(SingleAgentEnvRunner pid=64928)[0m [JSB][Init] before new AIP_FDMExec[32m [repeated 60x across cluster][0m
[36m(SingleAgentEnvRunner pid=64928)[0m [JSB][Init] after new AIP_FDMExec ptr=00000256941E70B0[32m [repeated 60x across cluster][0m
[36m(SingleAgentEnvRunner pid=64928)[0m [JSB][Init] before Init_FDM ptr=00000256941E70B0[32m [repeated 60x across cluster][0m
[36m(SingleAgentEnvRunner pid=64928)[0m [JSB][Init] after Init_FDM ptr=00000256941E70B0[32m [repeated 60x across cluster][0m
[36m(SingleAgentEnvRunner pid=64928)[0m [JSB][Init] before Exec_FDM ptr=00000256941E70B0[32m [repeated 60x across cluster][0m
[36m(SingleAgentEnvRunner pid=64928)[0m [JSB][Init] after Exec_FDM ptr=00000256941E70B0[32m [repeated 60x across cluster][0m
[36m(SingleAgentEnvRunner pid=64928)[0m [JSB][Init] before InsertFighter BattleSpace=1 ptr=00000256941E70B0[32m [repeated 60x across cluster][0m
[36m(SingleAgentEnvRunner pid=64928)[0m [JSB][Init] after InsertFighter FighterID=2[32m [repeated 60x across cluster][0m
[36m(SingleAgentEnvRunner pid=64536)[0m runner:3/env:0	num_steps=[252] | total rewards=[1175.5850] | termination= [target destroyed][32m [repeated 10x across cluster][0m
[36m(SingleAgentEnvRunner pid=64536)[0m [JSB][Reset] FighterPtr=000001EA8D123CA0 fighter_count_before=2[32m [repeated 63x across cluster][0m
[36m(SingleAgentEnvRunner pid=64536)[0m [JSB][Reset] enter BattleSpace=1[32m [repeated 32x across cluster][0m
[36m(SingleAgentEnvRunner pid=64536)[0m [JSB][Reset] after lock found=1 size=1[32m [repeated 32x across cluster][0m
[36m(SingleAgentEnvRunner pid=64536)[0m total: 2[32m [repeated 32x across cluster][0m
[36m(SingleAgentEnvRunner pid=63712)[0m [JSB][Reset] exit after_size=1[32m [repeated 31x across cluster][0m
[36m(SingleAgentEnvRunner pid=63712)[0m runner:9/env:0	num_steps=[252] | total rewards=[703.7144] | termination= [ownship destroyed][32m [repeated 16x across cluster][0m
[36m(SingleAgentEnvRunner pid=64928)[0m [JSB][Init] enter BattleSpace=1 Type=1 ForceSide=2 Delta=0.0166667[32m [repeated 64x across cluster][0m
[36m(SingleAgentEnvRunner pid=64928)[0m [JSB][Init] registry size=1[32m [repeated 64x across cluster][0m
[36m(SingleAgentEnvRunner pid=64928)[0m [JSB][Init] before new AIP_FDMExec[32m [repeated 64x across cluster][0m
[36m(SingleAgentEnvRunner pid=64928)[0m [JSB][Init] after new AIP_FDMExec ptr=00000256941F2E70[32m [repeated 64x across cluster][0m
[36m(SingleAgentEnvRunner pid=64928)[0m [JSB][Init] before Init_FDM ptr=00000256941F2E70[32m [repeated 64x across cluster][0m
[36m(SingleAgentEnvRunner pid=64928)[0m [JSB][Init] after Init_FDM ptr=00000256941F2E70[32m [repeated 64x across cluster][0m
[36m(SingleAgentEnvRunner pid=64928)[0m [JSB][Init] before Exec_FDM ptr=00000256941F2E70[32m [repeated 64x across cluster][0m
[36m(SingleAgentEnvRunner pid=64928)[0m [JSB][Init] after Exec_FDM ptr=00000256941F2E70[32m [repeated 64x across cluster][0m
[36m(SingleAgentEnvRunner pid=64928)[0m [JSB][Init] before InsertFighter BattleSpace=1 ptr=00000256941F2E70[32m [repeated 64x across cluster][0m
[36m(SingleAgentEnvRunner pid=64928)[0m [JSB][Init] after InsertFighter FighterID=2[32m [repeated 64x across cluster][0m
[36m(SingleAgentEnvRunner pid=64928)[0m runner:1/env:0	num_steps=[258] | total rewards=[1169.0705] | termination= [target destroyed][32m [repeated 14x across cluster][0m
[36m(SingleAgentEnvRunner pid=63712)[0m [JSB][Reset] fighter_count_after=0[32m [repeated 61x across cluster][0m
[36m(SingleAgentEnvRunner pid=63712)[0m [JSB][Reset] enter BattleSpace=1[32m [repeated 30x across cluster][0m
[36m(SingleAgentEnvRunner pid=63712)[0m [JSB][Reset] after lock found=1 size=1[32m [repeated 30x across cluster][0m
[36m(SingleAgentEnvRunner pid=63712)[0m total: 2[32m [repeated 30x across cluster][0m
[36m(SingleAgentEnvRunner pid=63712)[0m [JSB][Reset] exit after_size=1[32m [repeated 31x across cluster][0m
stage=35 | iter_in_stage=52 | total_iter=52 | reward_mean=871.44 | win_rate=0.384 | crash_rate=0.000 | ep_wez_steps=23.8 | episodes_this_iter=65 | entropy=-3.546 | vf_loss=236.542
[36m(SingleAgentEnvRunner pid=64404)[0m runner:7/env:0	num_steps=[254] | total rewards=[728.1938] | termination= [ownship destroyed][32m [repeated 9x across cluster][0m
[36m(SingleAgentEnvRunner pid=65032)[0m [JSB][Init] enter BattleSpace=1 Type=1 ForceSide=1 Delta=0.0166667[32m [repeated 25x across cluster][0m
[36m(SingleAgentEnvRunner pid=65032)[0m [JSB][Init] registry size=1[32m [repeated 25x across cluster][0m
[36m(SingleAgentEnvRunner pid=65032)[0m [JSB][Init] before new AIP_FDMExec[32m [repeated 25x across cluster][0m
[36m(SingleAgentEnvRunner pid=64580)[0m [JSB][Init] after new AIP_FDMExec ptr=000001FF40B9B3D0[32m [repeated 24x across cluster][0m
[36m(SingleAgentEnvRunner pid=64580)[0m [JSB][Init] before Init_FDM ptr=000001FF40B9B3D0[32m [repeated 24x across cluster][0m
[36m(SingleAgentEnvRunner pid=64580)[0m [JSB][Init] after Init_FDM ptr=000001FF40B9B3D0[32m [repeated 24x across cluster][0m
[36m(SingleAgentEnvRunner pid=64580)[0m [JSB][Init] before Exec_FDM ptr=000001FF40B9B3D0[32m [repeated 24x across cluster][0m
[36m(SingleAgentEnvRunner pid=64580)[0m [JSB][Init] after Exec_FDM ptr=000001FF40B9B3D0[32m [repeated 24x across cluster][0m
[36m(SingleAgentEnvRunner pid=64580)[0m [JSB][Init] before InsertFighter BattleSpace=1 ptr=000001FF40B9B3D0[32m [repeated 24x across cluster][0m
[36m(SingleAgentEnvRunner pid=64580)[0m [JSB][Init] after InsertFighter FighterID=2[32m [repeated 24x across cluster][0m
[36m(SingleAgentEnvRunner pid=65032)[0m runner:13/env:0	num_steps=[260] | total rewards=[1162.8511] | termination= [target destroyed][32m [repeated 4x across cluster][0m
[36m(SingleAgentEnvRunner pid=65032)[0m [JSB][Reset] fighter_count_after=0[32m [repeated 26x across cluster][0m
[36m(SingleAgentEnvRunner pid=65032)[0m [JSB][Reset] enter BattleSpace=1[32m [repeated 13x across cluster][0m
[36m(SingleAgentEnvRunner pid=65032)[0m [JSB][Reset] after lock found=1 size=1[32m [repeated 13x across cluster][0m
[36m(SingleAgentEnvRunner pid=65032)[0m total: 2[32m [repeated 13x across cluster][0m
[36m(SingleAgentEnvRunner pid=65032)[0m [JSB][Reset] exit after_size=1[32m [repeated 13x across cluster][0m
[36m(SingleAgentEnvRunner pid=64928)[0m runner:1/env:0	num_steps=[255] | total rewards=[663.4234] | termination= [ownship destroyed][32m [repeated 24x across cluster][0m
[36m(SingleAgentEnvRunner pid=64928)[0m [JSB][Init] enter BattleSpace=1 Type=1 ForceSide=2 Delta=0.0166667[32m [repeated 67x across cluster][0m
[36m(SingleAgentEnvRunner pid=64928)[0m [JSB][Init] registry size=1[32m [repeated 67x across cluster][0m
[36m(SingleAgentEnvRunner pid=64928)[0m [JSB][Init] before new AIP_FDMExec[32m [repeated 67x across cluster][0m
[36m(SingleAgentEnvRunner pid=64928)[0m [JSB][Init] after new AIP_FDMExec ptr=0000025694371BA0[32m [repeated 68x across cluster][0m
[36m(SingleAgentEnvRunner pid=64928)[0m [JSB][Init] before Init_FDM ptr=0000025694371BA0[32m [repeated 68x across cluster][0m
[36m(SingleAgentEnvRunner pid=64928)[0m [JSB][Init] after Init_FDM ptr=000002569436FCB0[32m [repeated 67x across cluster][0m
[36m(SingleAgentEnvRunner pid=64928)[0m [JSB][Init] before Exec_FDM ptr=000002569436FCB0[32m [repeated 67x across cluster][0m
[36m(SingleAgentEnvRunner pid=64928)[0m [JSB][Init] after Exec_FDM ptr=000002569436FCB0[32m [repeated 67x across cluster][0m
[36m(SingleAgentEnvRunner pid=64928)[0m [JSB][Init] before InsertFighter BattleSpace=1 ptr=000002569436FCB0[32m [repeated 67x across cluster][0m
[36m(SingleAgentEnvRunner pid=64928)[0m [JSB][Init] after InsertFighter FighterID=1[32m [repeated 67x across cluster][0m
[36m(SingleAgentEnvRunner pid=64188)[0m runner:16/env:0	num_steps=[255] | total rewards=[1184.4073] | termination= [target destroyed][32m [repeated 8x across cluster][0m
[36m(SingleAgentEnvRunner pid=64928)[0m [JSB][Reset] fighter_count_after=0[32m [repeated 64x across cluster][0m
[36m(SingleAgentEnvRunner pid=64928)[0m [JSB][Reset] enter BattleSpace=1[32m [repeated 32x across cluster][0m
[36m(SingleAgentEnvRunner pid=64928)[0m [JSB][Reset] after lock found=1 size=1[32m [repeated 32x across cluster][0m
[36m(SingleAgentEnvRunner pid=64928)[0m total: 2[32m [repeated 32x across cluster][0m
[36m(SingleAgentEnvRunner pid=64928)[0m [JSB][Reset] exit after_size=1[32m [repeated 32x across cluster][0m
stage=35 | iter_in_stage=53 | total_iter=53 | reward_mean=825.61 | win_rate=0.297 | crash_rate=0.000 | ep_wez_steps=23.9 | episodes_this_iter=64 | entropy=-3.562 | vf_loss=250.512
[36m(SingleAgentEnvRunner pid=64440)[0m runner:8/env:0	num_steps=[256] | total rewards=[669.8365] | termination= [ownship destroyed][32m [repeated 15x across cluster][0m
[36m(SingleAgentEnvRunner pid=64536)[0m [JSB][Init] enter BattleSpace=1 Type=1 ForceSide=2 Delta=0.0166667[32m [repeated 42x across cluster][0m
[36m(SingleAgentEnvRunner pid=64536)[0m [JSB][Init] registry size=1[32m [repeated 42x across cluster][0m
[36m(SingleAgentEnvRunner pid=64536)[0m [JSB][Init] before new AIP_FDMExec[32m [repeated 42x across cluster][0m
[36m(SingleAgentEnvRunner pid=64536)[0m [JSB][Init] after new AIP_FDMExec ptr=000001EA91B966C0[32m [repeated 42x across cluster][0m
[36m(SingleAgentEnvRunner pid=64536)[0m [JSB][Init] before Init_FDM ptr=000001EA91B966C0[32m [repeated 42x across cluster][0m
[36m(SingleAgentEnvRunner pid=64536)[0m [JSB][Init] after Init_FDM ptr=000001EA91B966C0[32m [repeated 43x across cluster][0m
[36m(SingleAgentEnvRunner pid=64536)[0m [JSB][Init] before Exec_FDM ptr=000001EA91B966C0[32m [repeated 43x across cluster][0m
[36m(SingleAgentEnvRunner pid=64536)[0m [JSB][Init] after Exec_FDM ptr=000001EA91B966C0[32m [repeated 43x across cluster][0m
[36m(SingleAgentEnvRunner pid=64536)[0m [JSB][Init] before InsertFighter BattleSpace=1 ptr=000001EA91B966C0[32m [repeated 43x across cluster][0m
[36m(SingleAgentEnvRunner pid=64536)[0m [JSB][Init] after InsertFighter FighterID=2[32m [repeated 43x across cluster][0m
[36m(SingleAgentEnvRunner pid=63712)[0m runner:9/env:0	num_steps=[267] | total rewards=[1161.9078] | termination= [target destroyed][32m [repeated 7x across cluster][0m
[36m(SingleAgentEnvRunner pid=64440)[0m [JSB][Reset] fighter_count_after=0[32m [repeated 44x across cluster][0m
[36m(SingleAgentEnvRunner pid=64440)[0m [JSB][Reset] enter BattleSpace=1[32m [repeated 22x across cluster][0m
[36m(SingleAgentEnvRunner pid=64440)[0m [JSB][Reset] after lock found=1 size=1[32m [repeated 22x across cluster][0m
[36m(SingleAgentEnvRunner pid=64440)[0m total: 2[32m [repeated 22x across cluster][0m
[36m(SingleAgentEnvRunner pid=64440)[0m [JSB][Reset] exit after_size=1[32m [repeated 22x across cluster][0m
[36m(SingleAgentEnvRunner pid=64440)[0m runner:8/env:0	num_steps=[258] | total rewards=[692.7200] | termination= [ownship destroyed][32m [repeated 23x across cluster][0m
[36m(SingleAgentEnvRunner pid=64440)[0m [JSB][Init] enter BattleSpace=1 Type=1 ForceSide=2 Delta=0.0166667[32m [repeated 66x across cluster][0m
[36m(SingleAgentEnvRunner pid=64440)[0m [JSB][Init] registry size=1[32m [repeated 66x across cluster][0m
[36m(SingleAgentEnvRunner pid=64440)[0m [JSB][Init] before new AIP_FDMExec[32m [repeated 66x across cluster][0m
[36m(SingleAgentEnvRunner pid=64440)[0m [JSB][Init] after new AIP_FDMExec ptr=000001DF91E77BD0[32m [repeated 66x across cluster][0m
[36m(SingleAgentEnvRunner pid=64440)[0m [JSB][Init] before Init_FDM ptr=000001DF91E77BD0[32m [repeated 66x across cluster][0m
[36m(SingleAgentEnvRunner pid=64440)[0m [JSB][Init] after Init_FDM ptr=000001DF91E77BD0[32m [repeated 66x across cluster][0m
[36m(SingleAgentEnvRunner pid=64440)[0m [JSB][Init] before Exec_FDM ptr=000001DF91E77BD0[32m [repeated 66x across cluster][0m
[36m(SingleAgentEnvRunner pid=64440)[0m [JSB][Init] after Exec_FDM ptr=000001DF91E77BD0[32m [repeated 66x across cluster][0m
[36m(SingleAgentEnvRunner pid=64440)[0m [JSB][Init] before InsertFighter BattleSpace=1 ptr=000001DF91E77BD0[32m [repeated 66x across cluster][0m
[36m(SingleAgentEnvRunner pid=64440)[0m [JSB][Init] after InsertFighter FighterID=2[32m [repeated 66x across cluster][0m
[36m(SingleAgentEnvRunner pid=64404)[0m runner:7/env:0	num_steps=[430] | total rewards=[1185.7432] | termination= [target destroyed][32m [repeated 10x across cluster][0m
[36m(SingleAgentEnvRunner pid=64404)[0m [JSB][Reset] fighter_count_after=0[32m [repeated 66x across cluster][0m
[36m(SingleAgentEnvRunner pid=64404)[0m [JSB][Reset] enter BattleSpace=1[32m [repeated 33x across cluster][0m
[36m(SingleAgentEnvRunner pid=64404)[0m [JSB][Reset] after lock found=1 size=1[32m [repeated 33x across cluster][0m
[36m(SingleAgentEnvRunner pid=64404)[0m total: 2[32m [repeated 33x across cluster][0m
[36m(SingleAgentEnvRunner pid=64404)[0m [JSB][Reset] exit after_size=1[32m [repeated 33x across cluster][0m
stage=35 | iter_in_stage=54 | total_iter=54 | reward_mean=856.52 | win_rate=0.349 | crash_rate=0.000 | ep_wez_steps=23.8 | episodes_this_iter=61 | entropy=-3.584 | vf_loss=401.041
[36m(SingleAgentEnvRunner pid=65292)[0m runner:15/env:0	num_steps=[247] | total rewards=[685.3919] | termination= [ownship destroyed][32m [repeated 15x across cluster][0m
[36m(SingleAgentEnvRunner pid=64440)[0m [JSB][Init] enter BattleSpace=1 Type=1 ForceSide=2 Delta=0.0166667[32m [repeated 58x across cluster][0m
[36m(SingleAgentEnvRunner pid=64440)[0m [JSB][Init] registry size=1[32m [repeated 58x across cluster][0m
[36m(SingleAgentEnvRunner pid=64440)[0m [JSB][Init] before new AIP_FDMExec[32m [repeated 58x across cluster][0m
[36m(SingleAgentEnvRunner pid=64440)[0m [JSB][Init] after new AIP_FDMExec ptr=000001DF91F79300[32m [repeated 58x across cluster][0m
[36m(SingleAgentEnvRunner pid=64440)[0m [JSB][Init] before Init_FDM ptr=000001DF91F79300[32m [repeated 58x across cluster][0m
[36m(SingleAgentEnvRunner pid=64440)[0m [JSB][Init] after Init_FDM ptr=000001DF91F769C0[32m [repeated 57x across cluster][0m
[36m(SingleAgentEnvRunner pid=64440)[0m [JSB][Init] before Exec_FDM ptr=000001DF91F769C0[32m [repeated 57x across cluster][0m
[36m(SingleAgentEnvRunner pid=64440)[0m [JSB][Init] after Exec_FDM ptr=000001DF91F769C0[32m [repeated 57x across cluster][0m
[36m(SingleAgentEnvRunner pid=64440)[0m [JSB][Init] before InsertFighter BattleSpace=1 ptr=000001DF91F769C0[32m [repeated 57x across cluster][0m
[36m(SingleAgentEnvRunner pid=64440)[0m [JSB][Init] after InsertFighter FighterID=1[32m [repeated 57x across cluster][0m
[36m(SingleAgentEnvRunner pid=64440)[0m runner:8/env:0	num_steps=[250] | total rewards=[1184.8289] | termination= [target destroyed][32m [repeated 13x across cluster][0m
[36m(SingleAgentEnvRunner pid=64440)[0m [JSB][Reset] fighter_count_after=0[32m [repeated 56x across cluster][0m
[36m(SingleAgentEnvRunner pid=64440)[0m [JSB][Reset] enter BattleSpace=1[32m [repeated 28x across cluster][0m
[36m(SingleAgentEnvRunner pid=64440)[0m [JSB][Reset] after lock found=1 size=1[32m [repeated 28x across cluster][0m
[36m(SingleAgentEnvRunner pid=64440)[0m total: 2[32m [repeated 28x across cluster][0m
[36m(SingleAgentEnvRunner pid=64440)[0m [JSB][Reset] exit after_size=1[32m [repeated 28x across cluster][0m
[36m(SingleAgentEnvRunner pid=23528)[0m runner:4/env:0	num_steps=[779] | total rewards=[357.0757] | termination= [ownship altitude below min]
[36m(SingleAgentEnvRunner pid=17636)[0m runner:11/env:0	num_steps=[261] | total rewards=[697.3762] | termination= [ownship destroyed][32m [repeated 21x across cluster][0m
[36m(SingleAgentEnvRunner pid=63828)[0m [JSB][Init] enter BattleSpace=1 Type=1 ForceSide=2 Delta=0.0166667[32m [repeated 70x across cluster][0m
[36m(SingleAgentEnvRunner pid=63828)[0m [JSB][Init] registry size=1[32m [repeated 70x across cluster][0m
[36m(SingleAgentEnvRunner pid=63828)[0m [JSB][Init] before new AIP_FDMExec[32m [repeated 70x across cluster][0m
[36m(SingleAgentEnvRunner pid=63828)[0m [JSB][Init] after new AIP_FDMExec ptr=0000026D921F3170[32m [repeated 70x across cluster][0m
[36m(SingleAgentEnvRunner pid=63828)[0m [JSB][Init] before Init_FDM ptr=0000026D921F3170[32m [repeated 70x across cluster][0m
[36m(SingleAgentEnvRunner pid=63828)[0m [JSB][Init] after Init_FDM ptr=0000026D921F3170[32m [repeated 71x across cluster][0m
[36m(SingleAgentEnvRunner pid=63828)[0m [JSB][Init] before Exec_FDM ptr=0000026D921F3170[32m [repeated 71x across cluster][0m
[36m(SingleAgentEnvRunner pid=63828)[0m [JSB][Init] after Exec_FDM ptr=0000026D921F3170[32m [repeated 71x across cluster][0m
[36m(SingleAgentEnvRunner pid=63828)[0m [JSB][Init] before InsertFighter BattleSpace=1 ptr=0000026D921F3170[32m [repeated 71x across cluster][0m
[36m(SingleAgentEnvRunner pid=63828)[0m [JSB][Init] after InsertFighter FighterID=2[32m [repeated 71x across cluster][0m
[36m(SingleAgentEnvRunner pid=65060)[0m runner:12/env:0	num_steps=[248] | total rewards=[1211.3881] | termination= [target destroyed][32m [repeated 14x across cluster][0m
[36m(SingleAgentEnvRunner pid=17636)[0m [JSB][Reset] fighter_count_after=0[32m [repeated 72x across cluster][0m
[36m(SingleAgentEnvRunner pid=17636)[0m [JSB][Reset] enter BattleSpace=1[32m [repeated 36x across cluster][0m
[36m(SingleAgentEnvRunner pid=17636)[0m [JSB][Reset] after lock found=1 size=1[32m [repeated 36x across cluster][0m
[36m(SingleAgentEnvRunner pid=17636)[0m total: 2[32m [repeated 36x across cluster][0m
[36m(SingleAgentEnvRunner pid=17636)[0m [JSB][Reset] exit after_size=1[32m [repeated 36x across cluster][0m
stage=35 | iter_in_stage=55 | total_iter=55 | reward_mean=853.48 | win_rate=0.354 | crash_rate=0.016 | ep_wez_steps=23.9 | episodes_this_iter=63 | entropy=-3.558 | vf_loss=219.960
[36m(SingleAgentEnvRunner pid=64440)[0m runner:8/env:0	num_steps=[258] | total rewards=[719.6885] | termination= [ownship destroyed][32m [repeated 20x across cluster][0m
[36m(SingleAgentEnvRunner pid=64440)[0m [JSB][Init] enter BattleSpace=1 Type=1 ForceSide=1 Delta=0.0166667[32m [repeated 55x across cluster][0m
[36m(SingleAgentEnvRunner pid=64440)[0m [JSB][Init] registry size=1[32m [repeated 55x across cluster][0m
[36m(SingleAgentEnvRunner pid=64440)[0m [JSB][Init] before new AIP_FDMExec[32m [repeated 55x across cluster][0m
[36m(SingleAgentEnvRunner pid=64928)[0m [JSB][Init] after new AIP_FDMExec ptr=0000025694371DB0[32m [repeated 54x across cluster][0m
[36m(SingleAgentEnvRunner pid=64928)[0m [JSB][Init] before Init_FDM ptr=0000025694371DB0[32m [repeated 54x across cluster][0m
[36m(SingleAgentEnvRunner pid=64928)[0m [JSB][Init] after Init_FDM ptr=0000025694371DB0[32m [repeated 54x across cluster][0m
[36m(SingleAgentEnvRunner pid=64928)[0m [JSB][Init] before Exec_FDM ptr=0000025694371DB0[32m [repeated 54x across cluster][0m
[36m(SingleAgentEnvRunner pid=64928)[0m [JSB][Init] after Exec_FDM ptr=0000025694371DB0[32m [repeated 54x across cluster][0m
[36m(SingleAgentEnvRunner pid=64928)[0m [JSB][Init] before InsertFighter BattleSpace=1 ptr=0000025694371DB0[32m [repeated 54x across cluster][0m
[36m(SingleAgentEnvRunner pid=64928)[0m [JSB][Init] after InsertFighter FighterID=2[32m [repeated 54x across cluster][0m
[36m(SingleAgentEnvRunner pid=64536)[0m runner:3/env:0	num_steps=[266] | total rewards=[1162.7510] | termination= [target destroyed][32m [repeated 7x across cluster][0m
[36m(SingleAgentEnvRunner pid=64440)[0m [JSB][Reset] fighter_count_after=0[32m [repeated 54x across cluster][0m
[36m(SingleAgentEnvRunner pid=64440)[0m [JSB][Reset] enter BattleSpace=1[32m [repeated 27x across cluster][0m
[36m(SingleAgentEnvRunner pid=64440)[0m [JSB][Reset] after lock found=1 size=1[32m [repeated 27x across cluster][0m
[36m(SingleAgentEnvRunner pid=64440)[0m total: 2[32m [repeated 27x across cluster][0m
[36m(SingleAgentEnvRunner pid=64440)[0m [JSB][Reset] exit after_size=1[32m [repeated 27x across cluster][0m
[36m(SingleAgentEnvRunner pid=63828)[0m runner:10/env:0	num_steps=[257] | total rewards=[700.0641] | termination= [ownship destroyed][32m [repeated 22x across cluster][0m
[36m(SingleAgentEnvRunner pid=64580)[0m [JSB][Init] enter BattleSpace=1 Type=1 ForceSide=2 Delta=0.0166667[32m [repeated 75x across cluster][0m
[36m(SingleAgentEnvRunner pid=64580)[0m [JSB][Init] registry size=1[32m [repeated 75x across cluster][0m
[36m(SingleAgentEnvRunner pid=64580)[0m [JSB][Init] before new AIP_FDMExec[32m [repeated 75x across cluster][0m
[36m(SingleAgentEnvRunner pid=64580)[0m [JSB][Init] after new AIP_FDMExec ptr=000001FF40B83850[32m [repeated 76x across cluster][0m
[36m(SingleAgentEnvRunner pid=64580)[0m [JSB][Init] before Init_FDM ptr=000001FF40B83850[32m [repeated 76x across cluster][0m
[36m(SingleAgentEnvRunner pid=64580)[0m [JSB][Init] after Init_FDM ptr=000001FF40B844B0[32m [repeated 74x across cluster][0m
[36m(SingleAgentEnvRunner pid=64580)[0m [JSB][Init] before Exec_FDM ptr=000001FF40B844B0[32m [repeated 74x across cluster][0m
[36m(SingleAgentEnvRunner pid=64580)[0m [JSB][Init] after Exec_FDM ptr=000001FF40B844B0[32m [repeated 74x across cluster][0m
[36m(SingleAgentEnvRunner pid=64580)[0m [JSB][Init] before InsertFighter BattleSpace=1 ptr=000001FF40B844B0[32m [repeated 74x across cluster][0m
[36m(SingleAgentEnvRunner pid=64580)[0m [JSB][Init] after InsertFighter FighterID=1[32m [repeated 74x across cluster][0m
[36m(SingleAgentEnvRunner pid=64580)[0m runner:2/env:0	num_steps=[250] | total rewards=[1184.9125] | termination= [target destroyed][32m [repeated 15x across cluster][0m
[36m(SingleAgentEnvRunner pid=64580)[0m [JSB][Reset] fighter_count_after=0[32m [repeated 74x across cluster][0m
[36m(SingleAgentEnvRunner pid=64580)[0m [JSB][Reset] enter BattleSpace=1[32m [repeated 37x across cluster][0m
[36m(SingleAgentEnvRunner pid=64580)[0m [JSB][Reset] after lock found=1 size=1[32m [repeated 37x across cluster][0m
[36m(SingleAgentEnvRunner pid=64580)[0m total: 2[32m [repeated 37x across cluster][0m
[36m(SingleAgentEnvRunner pid=64580)[0m [JSB][Reset] exit after_size=1[32m [repeated 37x across cluster][0m
stage=35 | iter_in_stage=56 | total_iter=56 | reward_mean=894.52 | win_rate=0.435 | crash_rate=0.000 | ep_wez_steps=23.9 | episodes_this_iter=64 | entropy=-3.599 | vf_loss=284.071
[36m(SingleAgentEnvRunner pid=64368)[0m runner:6/env:0	num_steps=[252] | total rewards=[680.3015] | termination= [ownship destroyed][32m [repeated 14x across cluster][0m
[36m(SingleAgentEnvRunner pid=64368)[0m [JSB][Init] enter BattleSpace=1 Type=1 ForceSide=1 Delta=0.0166667[32m [repeated 53x across cluster][0m
[36m(SingleAgentEnvRunner pid=64368)[0m [JSB][Init] registry size=1[32m [repeated 53x across cluster][0m
[36m(SingleAgentEnvRunner pid=64368)[0m [JSB][Init] before new AIP_FDMExec[32m [repeated 53x across cluster][0m
[36m(SingleAgentEnvRunner pid=64368)[0m [JSB][Init] after new AIP_FDMExec ptr=0000019D12030EF0[32m [repeated 53x across cluster][0m
[36m(SingleAgentEnvRunner pid=64368)[0m [JSB][Init] before Init_FDM ptr=0000019D12030EF0[32m [repeated 53x across cluster][0m
[36m(SingleAgentEnvRunner pid=65292)[0m [JSB][Init] after Init_FDM ptr=000002C0922ED990[32m [repeated 54x across cluster][0m
[36m(SingleAgentEnvRunner pid=65292)[0m [JSB][Init] before Exec_FDM ptr=000002C0922ED990[32m [repeated 54x across cluster][0m
[36m(SingleAgentEnvRunner pid=65292)[0m [JSB][Init] after Exec_FDM ptr=000002C0922ED990[32m [repeated 54x across cluster][0m
[36m(SingleAgentEnvRunner pid=65292)[0m [JSB][Init] before InsertFighter BattleSpace=1 ptr=000002C0922ED990[32m [repeated 54x across cluster][0m
[36m(SingleAgentEnvRunner pid=65292)[0m [JSB][Init] after InsertFighter FighterID=2[32m [repeated 54x across cluster][0m
[36m(SingleAgentEnvRunner pid=65292)[0m runner:15/env:0	num_steps=[254] | total rewards=[1170.1472] | termination= [target destroyed][32m [repeated 13x across cluster][0m
[36m(SingleAgentEnvRunner pid=64368)[0m [JSB][Reset] fighter_count_after=0[32m [repeated 54x across cluster][0m
[36m(SingleAgentEnvRunner pid=64368)[0m [JSB][Reset] enter BattleSpace=1[32m [repeated 27x across cluster][0m
[36m(SingleAgentEnvRunner pid=64368)[0m [JSB][Reset] after lock found=1 size=1[32m [repeated 27x across cluster][0m
[36m(SingleAgentEnvRunner pid=64368)[0m total: 2[32m [repeated 27x across cluster][0m
[36m(SingleAgentEnvRunner pid=64368)[0m [JSB][Reset] exit after_size=1[32m [repeated 27x across cluster][0m
[36m(SingleAgentEnvRunner pid=64404)[0m runner:7/env:0	num_steps=[258] | total rewards=[687.7655] | termination= [ownship destroyed][32m [repeated 21x across cluster][0m
[36m(SingleAgentEnvRunner pid=64404)[0m [JSB][Init] enter BattleSpace=1 Type=1 ForceSide=1 Delta=0.0166667[32m [repeated 72x across cluster][0m
[36m(SingleAgentEnvRunner pid=64404)[0m [JSB][Init] registry size=1[32m [repeated 72x across cluster][0m
[36m(SingleAgentEnvRunner pid=64404)[0m [JSB][Init] before new AIP_FDMExec[32m [repeated 72x across cluster][0m
[36m(SingleAgentEnvRunner pid=64404)[0m [JSB][Init] after new AIP_FDMExec ptr=0000015740A68670[32m [repeated 72x across cluster][0m
[36m(SingleAgentEnvRunner pid=64404)[0m [JSB][Init] before Init_FDM ptr=0000015740A68670[32m [repeated 72x across cluster][0m
[36m(SingleAgentEnvRunner pid=65136)[0m [JSB][Init] after Init_FDM ptr=0000022C40FDF510[32m [repeated 71x across cluster][0m
[36m(SingleAgentEnvRunner pid=65136)[0m [JSB][Init] before Exec_FDM ptr=0000022C40FDF510[32m [repeated 71x across cluster][0m
[36m(SingleAgentEnvRunner pid=65136)[0m [JSB][Init] after Exec_FDM ptr=0000022C40FDF510[32m [repeated 71x across cluster][0m
[36m(SingleAgentEnvRunner pid=65136)[0m [JSB][Init] before InsertFighter BattleSpace=1 ptr=0000022C40FDF510[32m [repeated 71x across cluster][0m
[36m(SingleAgentEnvRunner pid=65136)[0m [JSB][Init] after InsertFighter FighterID=1[32m [repeated 71x across cluster][0m
[36m(SingleAgentEnvRunner pid=64536)[0m runner:3/env:0	num_steps=[247] | total rewards=[1196.5878] | termination= [target destroyed][32m [repeated 15x across cluster][0m
[36m(SingleAgentEnvRunner pid=64404)[0m [JSB][Reset] fighter_count_after=0[32m [repeated 72x across cluster][0m
[36m(SingleAgentEnvRunner pid=64404)[0m [JSB][Reset] enter BattleSpace=1[32m [repeated 36x across cluster][0m
[36m(SingleAgentEnvRunner pid=64404)[0m [JSB][Reset] after lock found=1 size=1[32m [repeated 36x across cluster][0m
[36m(SingleAgentEnvRunner pid=64404)[0m total: 2[32m [repeated 36x across cluster][0m
[36m(SingleAgentEnvRunner pid=64404)[0m [JSB][Reset] exit after_size=1[32m [repeated 36x across cluster][0m
stage=35 | iter_in_stage=57 | total_iter=57 | reward_mean=834.44 | win_rate=0.309 | crash_rate=0.000 | ep_wez_steps=23.9 | episodes_this_iter=65 | entropy=-3.633 | vf_loss=325.537
[36m(SingleAgentEnvRunner pid=65060)[0m runner:12/env:0	num_steps=[260] | total rewards=[708.3955] | termination= [ownship destroyed][32m [repeated 24x across cluster][0m
[36m(SingleAgentEnvRunner pid=65060)[0m [JSB][Init] enter BattleSpace=1 Type=1 ForceSide=1 Delta=0.0166667[32m [repeated 58x across cluster][0m
[36m(SingleAgentEnvRunner pid=65060)[0m [JSB][Init] registry size=1[32m [repeated 58x across cluster][0m
[36m(SingleAgentEnvRunner pid=65060)[0m [JSB][Init] before new AIP_FDMExec[32m [repeated 58x across cluster][0m
[36m(SingleAgentEnvRunner pid=65060)[0m [JSB][Init] after new AIP_FDMExec ptr=0000025512009BB0[32m [repeated 58x across cluster][0m
[36m(SingleAgentEnvRunner pid=65060)[0m [JSB][Init] before Init_FDM ptr=0000025512009BB0[32m [repeated 58x across cluster][0m
[36m(SingleAgentEnvRunner pid=64536)[0m [JSB][Init] after Init_FDM ptr=000001EA91B95850[32m [repeated 59x across cluster][0m
[36m(SingleAgentEnvRunner pid=64536)[0m [JSB][Init] before Exec_FDM ptr=000001EA91B95850[32m [repeated 59x across cluster][0m
[36m(SingleAgentEnvRunner pid=64536)[0m [JSB][Init] after Exec_FDM ptr=000001EA91B95850[32m [repeated 59x across cluster][0m
[36m(SingleAgentEnvRunner pid=64536)[0m [JSB][Init] before InsertFighter BattleSpace=1 ptr=000001EA91B95850[32m [repeated 59x across cluster][0m
[36m(SingleAgentEnvRunner pid=64536)[0m [JSB][Init] after InsertFighter FighterID=2[32m [repeated 59x across cluster][0m
[36m(SingleAgentEnvRunner pid=64404)[0m runner:7/env:0	num_steps=[255] | total rewards=[1168.3879] | termination= [target destroyed][32m [repeated 5x across cluster][0m
[36m(SingleAgentEnvRunner pid=65060)[0m [JSB][Reset] fighter_count_after=0[32m [repeated 58x across cluster][0m
[36m(SingleAgentEnvRunner pid=65060)[0m [JSB][Reset] enter BattleSpace=1[32m [repeated 29x across cluster][0m
[36m(SingleAgentEnvRunner pid=65060)[0m [JSB][Reset] after lock found=1 size=1[32m [repeated 29x across cluster][0m
[36m(SingleAgentEnvRunner pid=65060)[0m total: 2[32m [repeated 29x across cluster][0m
[36m(SingleAgentEnvRunner pid=65060)[0m [JSB][Reset] exit after_size=1[32m [repeated 29x across cluster][0m
[36m(SingleAgentEnvRunner pid=64404)[0m runner:7/env:0	num_steps=[252] | total rewards=[650.4270] | termination= [ownship destroyed][32m [repeated 28x across cluster][0m
[36m(SingleAgentEnvRunner pid=64580)[0m [JSB][Init] enter BattleSpace=1 Type=1 ForceSide=2 Delta=0.0166667[32m [repeated 69x across cluster][0m
[36m(SingleAgentEnvRunner pid=64580)[0m [JSB][Init] registry size=1[32m [repeated 69x across cluster][0m
[36m(SingleAgentEnvRunner pid=64580)[0m [JSB][Init] before new AIP_FDMExec[32m [repeated 69x across cluster][0m
[36m(SingleAgentEnvRunner pid=64580)[0m [JSB][Init] after new AIP_FDMExec ptr=000001FF40B80D00[32m [repeated 69x across cluster][0m
[36m(SingleAgentEnvRunner pid=64580)[0m [JSB][Init] before Init_FDM ptr=000001FF40B80D00[32m [repeated 69x across cluster][0m
[36m(SingleAgentEnvRunner pid=64580)[0m [JSB][Init] after Init_FDM ptr=000001FF40B80D00[32m [repeated 70x across cluster][0m
[36m(SingleAgentEnvRunner pid=64580)[0m [JSB][Init] before Exec_FDM ptr=000001FF40B80D00[32m [repeated 70x across cluster][0m
[36m(SingleAgentEnvRunner pid=64580)[0m [JSB][Init] after Exec_FDM ptr=000001FF40B80D00[32m [repeated 70x across cluster][0m
[36m(SingleAgentEnvRunner pid=64580)[0m [JSB][Init] before InsertFighter BattleSpace=1 ptr=000001FF40B80D00[32m [repeated 70x across cluster][0m
[36m(SingleAgentEnvRunner pid=64580)[0m [JSB][Init] after InsertFighter FighterID=2[32m [repeated 70x across cluster][0m
[36m(SingleAgentEnvRunner pid=17636)[0m runner:11/env:0	num_steps=[259] | total rewards=[1170.7730] | termination= [target destroyed][32m [repeated 8x across cluster][0m
[36m(SingleAgentEnvRunner pid=64404)[0m [JSB][Reset] fighter_count_after=0[32m [repeated 72x across cluster][0m
[36m(SingleAgentEnvRunner pid=64404)[0m [JSB][Reset] enter BattleSpace=1[32m [repeated 36x across cluster][0m
[36m(SingleAgentEnvRunner pid=64404)[0m [JSB][Reset] after lock found=1 size=1[32m [repeated 36x across cluster][0m
[36m(SingleAgentEnvRunner pid=64404)[0m total: 2[32m [repeated 36x across cluster][0m
[36m(SingleAgentEnvRunner pid=64404)[0m [JSB][Reset] exit after_size=1[32m [repeated 36x across cluster][0m
stage=35 | iter_in_stage=58 | total_iter=58 | reward_mean=801.78 | win_rate=0.240 | crash_rate=0.000 | ep_wez_steps=23.8 | episodes_this_iter=63 | entropy=-3.623 | vf_loss=209.499
[36m(SingleAgentEnvRunner pid=64536)[0m runner:3/env:0	num_steps=[261] | total rewards=[680.1829] | termination= [ownship destroyed][32m [repeated 20x across cluster][0m
[36m(SingleAgentEnvRunner pid=64536)[0m [JSB][Init] enter BattleSpace=1 Type=1 ForceSide=2 Delta=0.0166667[32m [repeated 58x across cluster][0m
[36m(SingleAgentEnvRunner pid=64536)[0m [JSB][Init] registry size=1[32m [repeated 58x across cluster][0m
[36m(SingleAgentEnvRunner pid=64536)[0m [JSB][Init] before new AIP_FDMExec[32m [repeated 58x across cluster][0m
[36m(SingleAgentEnvRunner pid=64536)[0m [JSB][Init] after new AIP_FDMExec ptr=000001EA91B97530[32m [repeated 58x across cluster][0m
[36m(SingleAgentEnvRunner pid=64536)[0m [JSB][Init] before Init_FDM ptr=000001EA91B97530[32m [repeated 58x across cluster][0m
[36m(SingleAgentEnvRunner pid=64536)[0m [JSB][Init] after Init_FDM ptr=000001EA91B964B0[32m [repeated 57x across cluster][0m
[36m(SingleAgentEnvRunner pid=64536)[0m [JSB][Init] before Exec_FDM ptr=000001EA91B964B0[32m [repeated 57x across cluster][0m
[36m(SingleAgentEnvRunner pid=64536)[0m [JSB][Init] after Exec_FDM ptr=000001EA91B964B0[32m [repeated 57x across cluster][0m
[36m(SingleAgentEnvRunner pid=64536)[0m [JSB][Init] before InsertFighter BattleSpace=1 ptr=000001EA91B964B0[32m [repeated 57x across cluster][0m
[36m(SingleAgentEnvRunner pid=64536)[0m [JSB][Init] after InsertFighter FighterID=1[32m [repeated 57x across cluster][0m
[36m(SingleAgentEnvRunner pid=65292)[0m runner:15/env:0	num_steps=[267] | total rewards=[1188.2550] | termination= [target destroyed][32m [repeated 7x across cluster][0m
[36m(SingleAgentEnvRunner pid=64536)[0m [JSB][Reset] fighter_count_after=0[32m [repeated 54x across cluster][0m
[36m(SingleAgentEnvRunner pid=64536)[0m [JSB][Reset] enter BattleSpace=1[32m [repeated 27x across cluster][0m
[36m(SingleAgentEnvRunner pid=64536)[0m [JSB][Reset] after lock found=1 size=1[32m [repeated 27x across cluster][0m
[36m(SingleAgentEnvRunner pid=64536)[0m total: 2[32m [repeated 27x across cluster][0m
[36m(SingleAgentEnvRunner pid=64536)[0m [JSB][Reset] exit after_size=1[32m [repeated 27x across cluster][0m
[36m(SingleAgentEnvRunner pid=64536)[0m runner:3/env:0	num_steps=[244] | total rewards=[715.5813] | termination= [ownship destroyed][32m [repeated 23x across cluster][0m
[36m(SingleAgentEnvRunner pid=65060)[0m [JSB][Init] enter BattleSpace=1 Type=1 ForceSide=2 Delta=0.0166667[32m [repeated 68x across cluster][0m
[36m(SingleAgentEnvRunner pid=65060)[0m [JSB][Init] registry size=1[32m [repeated 68x across cluster][0m
[36m(SingleAgentEnvRunner pid=65060)[0m [JSB][Init] before new AIP_FDMExec[32m [repeated 68x across cluster][0m
[36m(SingleAgentEnvRunner pid=65060)[0m [JSB][Init] after new AIP_FDMExec ptr=0000025512009FD0[32m [repeated 68x across cluster][0m
[36m(SingleAgentEnvRunner pid=65060)[0m [JSB][Init] before Init_FDM ptr=0000025512009FD0[32m [repeated 68x across cluster][0m
[36m(SingleAgentEnvRunner pid=65060)[0m [JSB][Init] after Init_FDM ptr=0000025512007ED0[32m [repeated 68x across cluster][0m
[36m(SingleAgentEnvRunner pid=65060)[0m [JSB][Init] before Exec_FDM ptr=0000025512007ED0[32m [repeated 68x across cluster][0m
[36m(SingleAgentEnvRunner pid=65060)[0m [JSB][Init] after Exec_FDM ptr=0000025512007ED0[32m [repeated 68x across cluster][0m
[36m(SingleAgentEnvRunner pid=65060)[0m [JSB][Init] before InsertFighter BattleSpace=1 ptr=0000025512007ED0[32m [repeated 68x across cluster][0m
[36m(SingleAgentEnvRunner pid=65060)[0m [JSB][Init] after InsertFighter FighterID=1[32m [repeated 68x across cluster][0m
[36m(SingleAgentEnvRunner pid=65060)[0m runner:12/env:0	num_steps=[259] | total rewards=[1168.3563] | termination= [target destroyed][32m [repeated 11x across cluster][0m
[36m(SingleAgentEnvRunner pid=65060)[0m [JSB][Reset] fighter_count_after=0[32m [repeated 68x across cluster][0m
[36m(SingleAgentEnvRunner pid=65060)[0m [JSB][Reset] enter BattleSpace=1[32m [repeated 34x across cluster][0m
[36m(SingleAgentEnvRunner pid=65060)[0m [JSB][Reset] after lock found=1 size=1[32m [repeated 34x across cluster][0m
[36m(SingleAgentEnvRunner pid=65060)[0m total: 2[32m [repeated 34x across cluster][0m
[36m(SingleAgentEnvRunner pid=65060)[0m [JSB][Reset] exit after_size=1[32m [repeated 34x across cluster][0m
  [Checkpoint] Saved iter 60 -> C:\Users\user one\Desktop\topgun_본선\Update\강화학습환경\artifacts\curriculum\AeroFlyer\final_sp\stage_35_selfplay_final\checkpoints\iter_0060
stage=35 | iter_in_stage=59 | total_iter=59 | reward_mean=845.65 | win_rate=0.325 | crash_rate=0.000 | ep_wez_steps=23.9 | episodes_this_iter=65 | entropy=-3.633 | vf_loss=394.111
[36m(SingleAgentEnvRunner pid=65060)[0m runner:12/env:0	num_steps=[249] | total rewards=[699.6658] | termination= [ownship destroyed][32m [repeated 21x across cluster][0m
[36m(SingleAgentEnvRunner pid=65060)[0m [JSB][Init] enter BattleSpace=1 Type=1 ForceSide=1 Delta=0.0166667[32m [repeated 61x across cluster][0m
[36m(SingleAgentEnvRunner pid=65060)[0m [JSB][Init] registry size=1[32m [repeated 61x across cluster][0m
[36m(SingleAgentEnvRunner pid=65060)[0m [JSB][Init] before new AIP_FDMExec[32m [repeated 61x across cluster][0m
[36m(SingleAgentEnvRunner pid=65060)[0m [JSB][Init] after new AIP_FDMExec ptr=00000255120099A0[32m [repeated 61x across cluster][0m
[36m(SingleAgentEnvRunner pid=65060)[0m [JSB][Init] before Init_FDM ptr=00000255120099A0[32m [repeated 61x across cluster][0m
[36m(SingleAgentEnvRunner pid=64440)[0m [JSB][Init] after Init_FDM ptr=000001DF91E93F80[32m [repeated 61x across cluster][0m
[36m(SingleAgentEnvRunner pid=64440)[0m [JSB][Init] before Exec_FDM ptr=000001DF91E93F80[32m [repeated 61x across cluster][0m
[36m(SingleAgentEnvRunner pid=64440)[0m [JSB][Init] after Exec_FDM ptr=000001DF91E93F80[32m [repeated 61x across cluster][0m
[36m(SingleAgentEnvRunner pid=64440)[0m [JSB][Init] before InsertFighter BattleSpace=1 ptr=000001DF91E93F80[32m [repeated 61x across cluster][0m
[36m(SingleAgentEnvRunner pid=64440)[0m [JSB][Init] after InsertFighter FighterID=2[32m [repeated 61x across cluster][0m
[36m(SingleAgentEnvRunner pid=64536)[0m runner:3/env:0	num_steps=[251] | total rewards=[1206.0477] | termination= [target destroyed][32m [repeated 10x across cluster][0m
[36m(SingleAgentEnvRunner pid=65060)[0m [JSB][Reset] fighter_count_after=0[32m [repeated 62x across cluster][0m
[36m(SingleAgentEnvRunner pid=65060)[0m [JSB][Reset] enter BattleSpace=1[32m [repeated 31x across cluster][0m
[36m(SingleAgentEnvRunner pid=65060)[0m [JSB][Reset] after lock found=1 size=1[32m [repeated 31x across cluster][0m
[36m(SingleAgentEnvRunner pid=65060)[0m total: 2[32m [repeated 31x across cluster][0m
[36m(SingleAgentEnvRunner pid=65060)[0m [JSB][Reset] exit after_size=1[32m [repeated 31x across cluster][0m
[36m(SingleAgentEnvRunner pid=64580)[0m runner:2/env:0	num_steps=[250] | total rewards=[676.4075] | termination= [ownship destroyed][32m [repeated 21x across cluster][0m
[36m(SingleAgentEnvRunner pid=64580)[0m [JSB][Init] enter BattleSpace=1 Type=1 ForceSide=2 Delta=0.0166667[32m [repeated 67x across cluster][0m
[36m(SingleAgentEnvRunner pid=64580)[0m [JSB][Init] registry size=1[32m [repeated 67x across cluster][0m
[36m(SingleAgentEnvRunner pid=64580)[0m [JSB][Init] before new AIP_FDMExec[32m [repeated 67x across cluster][0m
[36m(SingleAgentEnvRunner pid=64580)[0m [JSB][Init] after new AIP_FDMExec ptr=000001FF40B83C70[32m [repeated 67x across cluster][0m
[36m(SingleAgentEnvRunner pid=64580)[0m [JSB][Init] before Init_FDM ptr=000001FF40B83C70[32m [repeated 67x across cluster][0m
[36m(SingleAgentEnvRunner pid=64580)[0m [JSB][Init] after Init_FDM ptr=000001FF40B83640[32m [repeated 66x across cluster][0m
[36m(SingleAgentEnvRunner pid=64580)[0m [JSB][Init] before Exec_FDM ptr=000001FF40B83640[32m [repeated 66x across cluster][0m
[36m(SingleAgentEnvRunner pid=64580)[0m [JSB][Init] after Exec_FDM ptr=000001FF40B83640[32m [repeated 66x across cluster][0m
[36m(SingleAgentEnvRunner pid=64580)[0m [JSB][Init] before InsertFighter BattleSpace=1 ptr=000001FF40B83640[32m [repeated 66x across cluster][0m
[36m(SingleAgentEnvRunner pid=64580)[0m [JSB][Init] after InsertFighter FighterID=1[32m [repeated 66x across cluster][0m
[36m(SingleAgentEnvRunner pid=64440)[0m runner:8/env:0	num_steps=[247] | total rewards=[1203.9096] | termination= [target destroyed][32m [repeated 13x across cluster][0m
[36m(SingleAgentEnvRunner pid=64580)[0m [JSB][Reset] fighter_count_after=0[32m [repeated 68x across cluster][0m
[36m(SingleAgentEnvRunner pid=64580)[0m [JSB][Reset] enter BattleSpace=1[32m [repeated 34x across cluster][0m
[36m(SingleAgentEnvRunner pid=64580)[0m [JSB][Reset] after lock found=1 size=1[32m [repeated 34x across cluster][0m
[36m(SingleAgentEnvRunner pid=64580)[0m total: 2[32m [repeated 34x across cluster][0m
[36m(SingleAgentEnvRunner pid=64580)[0m [JSB][Reset] exit after_size=1[32m [repeated 34x across cluster][0m
stage=35 | iter_in_stage=60 | total_iter=60 | reward_mean=873.01 | win_rate=0.375 | crash_rate=0.000 | ep_wez_steps=23.9 | episodes_this_iter=64 | entropy=-3.617 | vf_loss=254.643
[36m(SingleAgentEnvRunner pid=65060)[0m runner:12/env:0	num_steps=[255] | total rewards=[697.8396] | termination= [ownship destroyed][32m [repeated 19x across cluster][0m
[36m(SingleAgentEnvRunner pid=65060)[0m [JSB][Init] enter BattleSpace=1 Type=1 ForceSide=1 Delta=0.0166667[32m [repeated 61x across cluster][0m
[36m(SingleAgentEnvRunner pid=65060)[0m [JSB][Init] registry size=1[32m [repeated 61x across cluster][0m
[36m(SingleAgentEnvRunner pid=65060)[0m [JSB][Init] before new AIP_FDMExec[32m [repeated 61x across cluster][0m
[36m(SingleAgentEnvRunner pid=65060)[0m [JSB][Init] after new AIP_FDMExec ptr=000002551200B050[32m [repeated 61x across cluster][0m
[36m(SingleAgentEnvRunner pid=65060)[0m [JSB][Init] before Init_FDM ptr=000002551200B050[32m [repeated 61x across cluster][0m
[36m(SingleAgentEnvRunner pid=64440)[0m [JSB][Init] after Init_FDM ptr=000001DF91E92AE0[32m [repeated 62x across cluster][0m
[36m(SingleAgentEnvRunner pid=64440)[0m [JSB][Init] before Exec_FDM ptr=000001DF91E92AE0[32m [repeated 62x across cluster][0m
[36m(SingleAgentEnvRunner pid=64440)[0m [JSB][Init] after Exec_FDM ptr=000001DF91E92AE0[32m [repeated 62x across cluster][0m
[36m(SingleAgentEnvRunner pid=64440)[0m [JSB][Init] before InsertFighter BattleSpace=1 ptr=000001DF91E92AE0[32m [repeated 62x across cluster][0m
[36m(SingleAgentEnvRunner pid=64440)[0m [JSB][Init] after InsertFighter FighterID=2[32m [repeated 62x across cluster][0m
[36m(SingleAgentEnvRunner pid=64440)[0m runner:8/env:0	num_steps=[259] | total rewards=[1202.9467] | termination= [target destroyed][32m [repeated 11x across cluster][0m
[36m(SingleAgentEnvRunner pid=65060)[0m [JSB][Reset] fighter_count_after=0[32m [repeated 60x across cluster][0m
[36m(SingleAgentEnvRunner pid=65060)[0m [JSB][Reset] enter BattleSpace=1[32m [repeated 30x across cluster][0m
[36m(SingleAgentEnvRunner pid=65060)[0m [JSB][Reset] after lock found=1 size=1[32m [repeated 30x across cluster][0m
[36m(SingleAgentEnvRunner pid=65060)[0m total: 2[32m [repeated 30x across cluster][0m
[36m(SingleAgentEnvRunner pid=65060)[0m [JSB][Reset] exit after_size=1[32m [repeated 30x across cluster][0m
[36m(SingleAgentEnvRunner pid=64580)[0m runner:2/env:0	num_steps=[250] | total rewards=[534.2705] | termination= [ownship destroyed][32m [repeated 23x across cluster][0m
[36m(SingleAgentEnvRunner pid=64580)[0m [JSB][Init] enter BattleSpace=1 Type=1 ForceSide=2 Delta=0.0166667[32m [repeated 69x across cluster][0m
[36m(SingleAgentEnvRunner pid=64580)[0m [JSB][Init] registry size=1[32m [repeated 69x across cluster][0m
[36m(SingleAgentEnvRunner pid=64580)[0m [JSB][Init] before new AIP_FDMExec[32m [repeated 69x across cluster][0m
[36m(SingleAgentEnvRunner pid=64580)[0m [JSB][Init] after new AIP_FDMExec ptr=000001FF40B84CF0[32m [repeated 68x across cluster][0m
[36m(SingleAgentEnvRunner pid=64580)[0m [JSB][Init] before Init_FDM ptr=000001FF40B84CF0[32m [repeated 68x across cluster][0m
[36m(SingleAgentEnvRunner pid=64580)[0m [JSB][Init] after Init_FDM ptr=000001FF40B84CF0[32m [repeated 68x across cluster][0m
[36m(SingleAgentEnvRunner pid=64580)[0m [JSB][Init] before Exec_FDM ptr=000001FF40B84CF0[32m [repeated 68x across cluster][0m
[36m(SingleAgentEnvRunner pid=64580)[0m [JSB][Init] after Exec_FDM ptr=000001FF40B84CF0[32m [repeated 68x across cluster][0m
[36m(SingleAgentEnvRunner pid=64580)[0m [JSB][Init] before InsertFighter BattleSpace=1 ptr=000001FF40B84CF0[32m [repeated 68x across cluster][0m
[36m(SingleAgentEnvRunner pid=64580)[0m [JSB][Init] after InsertFighter FighterID=1[32m [repeated 68x across cluster][0m
[36m(SingleAgentEnvRunner pid=65060)[0m runner:12/env:0	num_steps=[259] | total rewards=[1171.8902] | termination= [target destroyed][32m [repeated 11x across cluster][0m
[36m(SingleAgentEnvRunner pid=64580)[0m [JSB][Reset] fighter_count_after=0[32m [repeated 68x across cluster][0m
[36m(SingleAgentEnvRunner pid=64580)[0m [JSB][Reset] enter BattleSpace=1[32m [repeated 34x across cluster][0m
[36m(SingleAgentEnvRunner pid=64580)[0m [JSB][Reset] after lock found=1 size=1[32m [repeated 34x across cluster][0m
[36m(SingleAgentEnvRunner pid=64580)[0m total: 2[32m [repeated 34x across cluster][0m
[36m(SingleAgentEnvRunner pid=64580)[0m [JSB][Reset] exit after_size=1[32m [repeated 34x across cluster][0m
stage=35 | iter_in_stage=61 | total_iter=61 | reward_mean=855.70 | win_rate=0.359 | crash_rate=0.000 | ep_wez_steps=23.6 | episodes_this_iter=64 | entropy=-3.612 | vf_loss=318.005
[36m(SingleAgentEnvRunner pid=64536)[0m runner:3/env:0	num_steps=[250] | total rewards=[690.2006] | termination= [ownship destroyed][32m [repeated 17x across cluster][0m
[36m(SingleAgentEnvRunner pid=65060)[0m [JSB][Init] enter BattleSpace=1 Type=1 ForceSide=1 Delta=0.0166667[32m [repeated 59x across cluster][0m
[36m(SingleAgentEnvRunner pid=65060)[0m [JSB][Init] registry size=1[32m [repeated 59x across cluster][0m
[36m(SingleAgentEnvRunner pid=65060)[0m [JSB][Init] before new AIP_FDMExec[32m [repeated 59x across cluster][0m
[36m(SingleAgentEnvRunner pid=65060)[0m [JSB][Init] after new AIP_FDMExec ptr=000002551200B260[32m [repeated 60x across cluster][0m
[36m(SingleAgentEnvRunner pid=65060)[0m [JSB][Init] before Init_FDM ptr=000002551200B260[32m [repeated 60x across cluster][0m
[36m(SingleAgentEnvRunner pid=64368)[0m [JSB][Init] after Init_FDM ptr=0000019D12031100[32m [repeated 60x across cluster][0m
[36m(SingleAgentEnvRunner pid=64368)[0m [JSB][Init] before Exec_FDM ptr=0000019D12031100[32m [repeated 60x across cluster][0m
[36m(SingleAgentEnvRunner pid=64368)[0m [JSB][Init] after Exec_FDM ptr=0000019D12031100[32m [repeated 60x across cluster][0m
[36m(SingleAgentEnvRunner pid=64368)[0m [JSB][Init] before InsertFighter BattleSpace=1 ptr=0000019D12031100[32m [repeated 60x across cluster][0m
[36m(SingleAgentEnvRunner pid=64368)[0m [JSB][Init] after InsertFighter FighterID=2[32m [repeated 60x across cluster][0m
[36m(SingleAgentEnvRunner pid=65060)[0m runner:12/env:0	num_steps=[249] | total rewards=[1177.8188] | termination= [target destroyed][32m [repeated 13x across cluster][0m
[36m(SingleAgentEnvRunner pid=65060)[0m [JSB][Reset] fighter_count_after=0[32m [repeated 60x across cluster][0m
[36m(SingleAgentEnvRunner pid=65060)[0m [JSB][Reset] enter BattleSpace=1[32m [repeated 30x across cluster][0m
[36m(SingleAgentEnvRunner pid=65060)[0m [JSB][Reset] after lock found=1 size=1[32m [repeated 30x across cluster][0m
[36m(SingleAgentEnvRunner pid=65060)[0m total: 2[32m [repeated 30x across cluster][0m
[36m(SingleAgentEnvRunner pid=65060)[0m [JSB][Reset] exit after_size=1[32m [repeated 30x across cluster][0m
[36m(SingleAgentEnvRunner pid=64580)[0m runner:2/env:0	num_steps=[265] | total rewards=[616.2649] | termination= [ownship destroyed][32m [repeated 19x across cluster][0m
[36m(SingleAgentEnvRunner pid=64580)[0m [JSB][Init] enter BattleSpace=1 Type=1 ForceSide=1 Delta=0.0166667[32m [repeated 66x across cluster][0m
[36m(SingleAgentEnvRunner pid=64580)[0m [JSB][Init] registry size=1[32m [repeated 66x across cluster][0m
[36m(SingleAgentEnvRunner pid=64580)[0m [JSB][Init] before new AIP_FDMExec[32m [repeated 66x across cluster][0m
[36m(SingleAgentEnvRunner pid=64580)[0m [JSB][Init] after new AIP_FDMExec ptr=000001FF40B81540[32m [repeated 66x across cluster][0m
[36m(SingleAgentEnvRunner pid=64580)[0m [JSB][Init] before Init_FDM ptr=000001FF40B81540[32m [repeated 66x across cluster][0m
[36m(SingleAgentEnvRunner pid=64536)[0m [JSB][Init] after Init_FDM ptr=000001EA91B95640[32m [repeated 66x across cluster][0m
[36m(SingleAgentEnvRunner pid=64536)[0m [JSB][Init] before Exec_FDM ptr=000001EA91B95640[32m [repeated 66x across cluster][0m
[36m(SingleAgentEnvRunner pid=64536)[0m [JSB][Init] after Exec_FDM ptr=000001EA91B95640[32m [repeated 66x across cluster][0m
[36m(SingleAgentEnvRunner pid=64536)[0m [JSB][Init] before InsertFighter BattleSpace=1 ptr=000001EA91B95640[32m [repeated 66x across cluster][0m
[36m(SingleAgentEnvRunner pid=64536)[0m [JSB][Init] after InsertFighter FighterID=2[32m [repeated 66x across cluster][0m
[36m(SingleAgentEnvRunner pid=65060)[0m runner:12/env:0	num_steps=[246] | total rewards=[1216.8115] | termination= [target destroyed][32m [repeated 14x across cluster][0m
[36m(SingleAgentEnvRunner pid=64580)[0m [JSB][Reset] fighter_count_after=0[32m [repeated 66x across cluster][0m
[36m(SingleAgentEnvRunner pid=64580)[0m [JSB][Reset] enter BattleSpace=1[32m [repeated 33x across cluster][0m
[36m(SingleAgentEnvRunner pid=64580)[0m [JSB][Reset] after lock found=1 size=1[32m [repeated 33x across cluster][0m
[36m(SingleAgentEnvRunner pid=64580)[0m total: 2[32m [repeated 33x across cluster][0m
[36m(SingleAgentEnvRunner pid=64580)[0m [JSB][Reset] exit after_size=1[32m [repeated 33x across cluster][0m
stage=35 | iter_in_stage=62 | total_iter=62 | reward_mean=882.90 | win_rate=0.409 | crash_rate=0.000 | ep_wez_steps=23.8 | episodes_this_iter=64 | entropy=-3.601 | vf_loss=235.780
[36m(SingleAgentEnvRunner pid=64368)[0m runner:6/env:0	num_steps=[260] | total rewards=[684.0312] | termination= [ownship destroyed][32m [repeated 18x across cluster][0m
[36m(SingleAgentEnvRunner pid=65060)[0m [JSB][Init] enter BattleSpace=1 Type=1 ForceSide=1 Delta=0.0166667[32m [repeated 60x across cluster][0m
[36m(SingleAgentEnvRunner pid=65060)[0m [JSB][Init] registry size=1[32m [repeated 60x across cluster][0m
[36m(SingleAgentEnvRunner pid=65060)[0m [JSB][Init] before new AIP_FDMExec[32m [repeated 60x across cluster][0m
[36m(SingleAgentEnvRunner pid=65060)[0m [JSB][Init] after new AIP_FDMExec ptr=0000025512007ED0[32m [repeated 60x across cluster][0m
[36m(SingleAgentEnvRunner pid=65060)[0m [JSB][Init] before Init_FDM ptr=0000025512007ED0[32m [repeated 60x across cluster][0m
[36m(SingleAgentEnvRunner pid=64536)[0m [JSB][Init] after Init_FDM ptr=000001EA91B93F90[32m [repeated 60x across cluster][0m
[36m(SingleAgentEnvRunner pid=64536)[0m [JSB][Init] before Exec_FDM ptr=000001EA91B93F90[32m [repeated 60x across cluster][0m
[36m(SingleAgentEnvRunner pid=64536)[0m [JSB][Init] after Exec_FDM ptr=000001EA91B93F90[32m [repeated 60x across cluster][0m
[36m(SingleAgentEnvRunner pid=64536)[0m [JSB][Init] before InsertFighter BattleSpace=1 ptr=000001EA91B93F90[32m [repeated 60x across cluster][0m
[36m(SingleAgentEnvRunner pid=64536)[0m [JSB][Init] after InsertFighter FighterID=2[32m [repeated 60x across cluster][0m
[36m(SingleAgentEnvRunner pid=64536)[0m runner:3/env:0	num_steps=[250] | total rewards=[1202.6177] | termination= [target destroyed][32m [repeated 12x across cluster][0m
[36m(SingleAgentEnvRunner pid=65060)[0m [JSB][Reset] fighter_count_after=0[32m [repeated 60x across cluster][0m
[36m(SingleAgentEnvRunner pid=65060)[0m [JSB][Reset] enter BattleSpace=1[32m [repeated 30x across cluster][0m
[36m(SingleAgentEnvRunner pid=65060)[0m [JSB][Reset] after lock found=1 size=1[32m [repeated 30x across cluster][0m
[36m(SingleAgentEnvRunner pid=65060)[0m total: 2[32m [repeated 30x across cluster][0m
[36m(SingleAgentEnvRunner pid=65060)[0m [JSB][Reset] exit after_size=1[32m [repeated 30x across cluster][0m
[36m(SingleAgentEnvRunner pid=65032)[0m runner:13/env:0	num_steps=[744] | total rewards=[591.5241] | termination= [target altitude below min]
[36m(SingleAgentEnvRunner pid=64368)[0m runner:6/env:0	num_steps=[253] | total rewards=[683.4076] | termination= [ownship destroyed][32m [repeated 17x across cluster][0m
[36m(SingleAgentEnvRunner pid=64440)[0m [JSB][Init] enter BattleSpace=1 Type=1 ForceSide=2 Delta=0.0166667[32m [repeated 59x across cluster][0m
[36m(SingleAgentEnvRunner pid=64440)[0m [JSB][Init] registry size=1[32m [repeated 59x across cluster][0m
[36m(SingleAgentEnvRunner pid=64440)[0m [JSB][Init] before new AIP_FDMExec[32m [repeated 59x across cluster][0m
[36m(SingleAgentEnvRunner pid=64440)[0m [JSB][Init] after new AIP_FDMExec ptr=000001DF91E91A60[32m [repeated 59x across cluster][0m
[36m(SingleAgentEnvRunner pid=64440)[0m [JSB][Init] before Init_FDM ptr=000001DF91E91A60[32m [repeated 59x across cluster][0m
[36m(SingleAgentEnvRunner pid=64440)[0m [JSB][Init] after Init_FDM ptr=000001DF91E903B0[32m [repeated 59x across cluster][0m
[36m(SingleAgentEnvRunner pid=64440)[0m [JSB][Init] before Exec_FDM ptr=000001DF91E903B0[32m [repeated 59x across cluster][0m
[36m(SingleAgentEnvRunner pid=64440)[0m [JSB][Init] after Exec_FDM ptr=000001DF91E903B0[32m [repeated 59x across cluster][0m
[36m(SingleAgentEnvRunner pid=64440)[0m [JSB][Init] before InsertFighter BattleSpace=1 ptr=000001DF91E903B0[32m [repeated 59x across cluster][0m
[36m(SingleAgentEnvRunner pid=64440)[0m [JSB][Init] after InsertFighter FighterID=1[32m [repeated 59x across cluster][0m
[36m(SingleAgentEnvRunner pid=65060)[0m runner:12/env:0	num_steps=[253] | total rewards=[1202.2820] | termination= [target destroyed][32m [repeated 13x across cluster][0m
[36m(SingleAgentEnvRunner pid=64368)[0m [JSB][Reset] fighter_count_after=0[32m [repeated 62x across cluster][0m
[36m(SingleAgentEnvRunner pid=64368)[0m [JSB][Reset] enter BattleSpace=1[32m [repeated 31x across cluster][0m
[36m(SingleAgentEnvRunner pid=64368)[0m [JSB][Reset] after lock found=1 size=1[32m [repeated 31x across cluster][0m
[36m(SingleAgentEnvRunner pid=64368)[0m total: 2[32m [repeated 31x across cluster][0m
[36m(SingleAgentEnvRunner pid=64368)[0m [JSB][Reset] exit after_size=1[32m [repeated 31x across cluster][0m
[36m(SingleAgentEnvRunner pid=65060)[0m runner:12/env:0	num_steps=[262] | total rewards=[693.7804] | termination= [ownship destroyed][32m [repeated 17x across cluster][0m
[36m(SingleAgentEnvRunner pid=64368)[0m [JSB][Init] enter BattleSpace=1 Type=1 ForceSide=2 Delta=0.0166667[32m [repeated 64x across cluster][0m
[36m(SingleAgentEnvRunner pid=64368)[0m [JSB][Init] registry size=1[32m [repeated 64x across cluster][0m
[36m(SingleAgentEnvRunner pid=64368)[0m [JSB][Init] before new AIP_FDMExec[32m [repeated 64x across cluster][0m
[36m(SingleAgentEnvRunner pid=64368)[0m [JSB][Init] after new AIP_FDMExec ptr=0000019D12031D60[32m [repeated 64x across cluster][0m
[36m(SingleAgentEnvRunner pid=64368)[0m [JSB][Init] before Init_FDM ptr=0000019D12031D60[32m [repeated 64x across cluster][0m
[36m(SingleAgentEnvRunner pid=64368)[0m [JSB][Init] after Init_FDM ptr=0000019D12032390[32m [repeated 64x across cluster][0m
[36m(SingleAgentEnvRunner pid=64368)[0m [JSB][Init] before Exec_FDM ptr=0000019D12032390[32m [repeated 64x across cluster][0m
[36m(SingleAgentEnvRunner pid=64368)[0m [JSB][Init] after Exec_FDM ptr=0000019D12032390[32m [repeated 64x across cluster][0m
[36m(SingleAgentEnvRunner pid=64368)[0m [JSB][Init] before InsertFighter BattleSpace=1 ptr=0000019D12032390[32m [repeated 64x across cluster][0m
[36m(SingleAgentEnvRunner pid=64368)[0m [JSB][Init] after InsertFighter FighterID=1[32m [repeated 64x across cluster][0m
[36m(SingleAgentEnvRunner pid=64368)[0m runner:6/env:0	num_steps=[249] | total rewards=[1171.5591] | termination= [target destroyed][32m [repeated 14x across cluster][0m
[36m(SingleAgentEnvRunner pid=64368)[0m [JSB][Reset] fighter_count_after=0[32m [repeated 62x across cluster][0m
[36m(SingleAgentEnvRunner pid=64368)[0m [JSB][Reset] enter BattleSpace=1[32m [repeated 31x across cluster][0m
[36m(SingleAgentEnvRunner pid=64368)[0m [JSB][Reset] after lock found=1 size=1[32m [repeated 31x across cluster][0m
[36m(SingleAgentEnvRunner pid=64368)[0m total: 2[32m [repeated 31x across cluster][0m
[36m(SingleAgentEnvRunner pid=64368)[0m [JSB][Reset] exit after_size=1[32m [repeated 31x across cluster][0m
stage=35 | iter_in_stage=63 | total_iter=63 | reward_mean=893.01 | win_rate=0.469 | crash_rate=0.000 | ep_wez_steps=24.1 | episodes_this_iter=62 | entropy=-3.602 | vf_loss=298.613
[36m(SingleAgentEnvRunner pid=64928)[0m runner:1/env:0	num_steps=[264] | total rewards=[676.5661] | termination= [ownship destroyed][32m [repeated 4x across cluster][0m
[36m(SingleAgentEnvRunner pid=64928)[0m [JSB][Init] enter BattleSpace=1 Type=1 ForceSide=2 Delta=0.0166667[32m [repeated 20x across cluster][0m
[36m(SingleAgentEnvRunner pid=64928)[0m [JSB][Init] registry size=1[32m [repeated 20x across cluster][0m
[36m(SingleAgentEnvRunner pid=64928)[0m [JSB][Init] before new AIP_FDMExec[32m [repeated 20x across cluster][0m
[36m(SingleAgentEnvRunner pid=64928)[0m [JSB][Init] after new AIP_FDMExec ptr=000002568F9B2110[32m [repeated 20x across cluster][0m
[36m(SingleAgentEnvRunner pid=64928)[0m [JSB][Init] before Init_FDM ptr=000002568F9B2110[32m [repeated 20x across cluster][0m
[36m(SingleAgentEnvRunner pid=64928)[0m [JSB][Init] after Init_FDM ptr=000002568F9B2110[32m [repeated 21x across cluster][0m
[36m(SingleAgentEnvRunner pid=64928)[0m [JSB][Init] before Exec_FDM ptr=000002568F9B2110[32m [repeated 21x across cluster][0m
[36m(SingleAgentEnvRunner pid=64928)[0m [JSB][Init] after Exec_FDM ptr=000002568F9B2110[32m [repeated 21x across cluster][0m
[36m(SingleAgentEnvRunner pid=64928)[0m [JSB][Init] before InsertFighter BattleSpace=1 ptr=000002568F9B2110[32m [repeated 21x across cluster][0m
[36m(SingleAgentEnvRunner pid=64928)[0m [JSB][Init] after InsertFighter FighterID=2[32m [repeated 21x across cluster][0m
[36m(SingleAgentEnvRunner pid=64536)[0m runner:3/env:0	num_steps=[252] | total rewards=[1183.5162] | termination= [target destroyed][32m [repeated 7x across cluster][0m
[36m(SingleAgentEnvRunner pid=64536)[0m [JSB][Reset] fighter_count_after=0[32m [repeated 22x across cluster][0m
[36m(SingleAgentEnvRunner pid=64536)[0m [JSB][Reset] enter BattleSpace=1[32m [repeated 11x across cluster][0m
[36m(SingleAgentEnvRunner pid=64536)[0m [JSB][Reset] after lock found=1 size=1[32m [repeated 11x across cluster][0m
[36m(SingleAgentEnvRunner pid=64536)[0m total: 2[32m [repeated 11x across cluster][0m
[36m(SingleAgentEnvRunner pid=64536)[0m [JSB][Reset] exit after_size=1[32m [repeated 11x across cluster][0m
[36m(SingleAgentEnvRunner pid=65292)[0m runner:15/env:0	num_steps=[255] | total rewards=[670.5989] | termination= [ownship destroyed][32m [repeated 20x across cluster][0m
[36m(SingleAgentEnvRunner pid=64536)[0m [JSB][Init] enter BattleSpace=1 Type=1 ForceSide=1 Delta=0.0166667[32m [repeated 62x across cluster][0m
[36m(SingleAgentEnvRunner pid=64536)[0m [JSB][Init] registry size=1[32m [repeated 62x across cluster][0m
[36m(SingleAgentEnvRunner pid=64536)[0m [JSB][Init] before new AIP_FDMExec[32m [repeated 62x across cluster][0m
[36m(SingleAgentEnvRunner pid=64536)[0m [JSB][Init] after new AIP_FDMExec ptr=000001EA91B96CF0[32m [repeated 62x across cluster][0m
[36m(SingleAgentEnvRunner pid=64536)[0m [JSB][Init] before Init_FDM ptr=000001EA91B96CF0[32m [repeated 62x across cluster][0m
[36m(SingleAgentEnvRunner pid=64928)[0m [JSB][Init] after Init_FDM ptr=0000025694366200[32m [repeated 60x across cluster][0m
[36m(SingleAgentEnvRunner pid=64928)[0m [JSB][Init] before Exec_FDM ptr=0000025694366200[32m [repeated 60x across cluster][0m
[36m(SingleAgentEnvRunner pid=64928)[0m [JSB][Init] after Exec_FDM ptr=0000025694366200[32m [repeated 60x across cluster][0m
[36m(SingleAgentEnvRunner pid=64928)[0m [JSB][Init] before InsertFighter BattleSpace=1 ptr=0000025694366200[32m [repeated 60x across cluster][0m
[36m(SingleAgentEnvRunner pid=64928)[0m [JSB][Init] after InsertFighter FighterID=2[32m [repeated 60x across cluster][0m
[36m(SingleAgentEnvRunner pid=64536)[0m runner:3/env:0	num_steps=[259] | total rewards=[1160.1150] | termination= [target destroyed][32m [repeated 10x across cluster][0m
[36m(SingleAgentEnvRunner pid=64536)[0m [JSB][Reset] fighter_count_after=0[32m [repeated 60x across cluster][0m
[36m(SingleAgentEnvRunner pid=64536)[0m [JSB][Reset] enter BattleSpace=1[32m [repeated 30x across cluster][0m
[36m(SingleAgentEnvRunner pid=64536)[0m [JSB][Reset] after lock found=1 size=1[32m [repeated 30x across cluster][0m
[36m(SingleAgentEnvRunner pid=64536)[0m total: 2[32m [repeated 30x across cluster][0m
[36m(SingleAgentEnvRunner pid=64536)[0m [JSB][Reset] exit after_size=1[32m [repeated 30x across cluster][0m
stage=35 | iter_in_stage=64 | total_iter=64 | reward_mean=896.40 | win_rate=0.448 | crash_rate=0.000 | ep_wez_steps=23.6 | episodes_this_iter=62 | entropy=-3.582 | vf_loss=134.639
[36m(SingleAgentEnvRunner pid=17636)[0m runner:11/env:0	num_steps=[260] | total rewards=[671.9233] | termination= [ownship destroyed][32m [repeated 12x across cluster][0m
[36m(SingleAgentEnvRunner pid=17636)[0m [JSB][Init] enter BattleSpace=1 Type=1 ForceSide=1 Delta=0.0166667[32m [repeated 45x across cluster][0m
[36m(SingleAgentEnvRunner pid=17636)[0m [JSB][Init] registry size=1[32m [repeated 45x across cluster][0m
[36m(SingleAgentEnvRunner pid=17636)[0m [JSB][Init] before new AIP_FDMExec[32m [repeated 45x across cluster][0m
[36m(SingleAgentEnvRunner pid=17636)[0m [JSB][Init] after new AIP_FDMExec ptr=000001BD16D52EA0[32m [repeated 45x across cluster][0m
[36m(SingleAgentEnvRunner pid=17636)[0m [JSB][Init] before Init_FDM ptr=000001BD16D52EA0[32m [repeated 45x across cluster][0m
[36m(SingleAgentEnvRunner pid=65060)[0m [JSB][Init] after Init_FDM ptr=0000025512009580[32m [repeated 46x across cluster][0m
[36m(SingleAgentEnvRunner pid=65060)[0m [JSB][Init] before Exec_FDM ptr=0000025512009580[32m [repeated 46x across cluster][0m
[36m(SingleAgentEnvRunner pid=65060)[0m [JSB][Init] after Exec_FDM ptr=0000025512009580[32m [repeated 46x across cluster][0m
[36m(SingleAgentEnvRunner pid=65060)[0m [JSB][Init] before InsertFighter BattleSpace=1 ptr=0000025512009580[32m [repeated 46x across cluster][0m
[36m(SingleAgentEnvRunner pid=65060)[0m [JSB][Init] after InsertFighter FighterID=2[32m [repeated 46x across cluster][0m
[36m(SingleAgentEnvRunner pid=65060)[0m runner:12/env:0	num_steps=[266] | total rewards=[1168.1360] | termination= [target destroyed][32m [repeated 10x across cluster][0m
[36m(SingleAgentEnvRunner pid=17636)[0m [JSB][Reset] fighter_count_after=0[32m [repeated 44x across cluster][0m
[36m(SingleAgentEnvRunner pid=17636)[0m [JSB][Reset] enter BattleSpace=1[32m [repeated 22x across cluster][0m
[36m(SingleAgentEnvRunner pid=17636)[0m [JSB][Reset] after lock found=1 size=1[32m [repeated 22x across cluster][0m
[36m(SingleAgentEnvRunner pid=17636)[0m total: 2[32m [repeated 22x across cluster][0m
[36m(SingleAgentEnvRunner pid=17636)[0m [JSB][Reset] exit after_size=1[32m [repeated 22x across cluster][0m
[36m(SingleAgentEnvRunner pid=64368)[0m runner:6/env:0	num_steps=[259] | total rewards=[696.2196] | termination= [ownship destroyed][32m [repeated 20x across cluster][0m
[36m(SingleAgentEnvRunner pid=60068)[0m [JSB][Init] enter BattleSpace=1 Type=1 ForceSide=2 Delta=0.0166667[32m [repeated 51x across cluster][0m
[36m(SingleAgentEnvRunner pid=60068)[0m [JSB][Init] registry size=1[32m [repeated 51x across cluster][0m
[36m(SingleAgentEnvRunner pid=60068)[0m [JSB][Init] before new AIP_FDMExec[32m [repeated 51x across cluster][0m
[36m(SingleAgentEnvRunner pid=60068)[0m [JSB][Init] after new AIP_FDMExec ptr=000002AB91C27650[32m [repeated 51x across cluster][0m
[36m(SingleAgentEnvRunner pid=60068)[0m [JSB][Init] before Init_FDM ptr=000002AB91C27650[32m [repeated 51x across cluster][0m
[36m(SingleAgentEnvRunner pid=60068)[0m [JSB][Init] after Init_FDM ptr=000002AB91C27860[32m [repeated 51x across cluster][0m
[36m(SingleAgentEnvRunner pid=60068)[0m [JSB][Init] before Exec_FDM ptr=000002AB91C27860[32m [repeated 51x across cluster][0m
[36m(SingleAgentEnvRunner pid=60068)[0m [JSB][Init] after Exec_FDM ptr=000002AB91C27860[32m [repeated 51x across cluster][0m
[36m(SingleAgentEnvRunner pid=60068)[0m [JSB][Init] before InsertFighter BattleSpace=1 ptr=000002AB91C27860[32m [repeated 51x across cluster][0m
[36m(SingleAgentEnvRunner pid=60068)[0m [JSB][Init] after InsertFighter FighterID=1[32m [repeated 51x across cluster][0m
[36m(SingleAgentEnvRunner pid=63712)[0m runner:9/env:0	num_steps=[253] | total rewards=[1213.8037] | termination= [target destroyed][32m [repeated 7x across cluster][0m
[36m(SingleAgentEnvRunner pid=65136)[0m [JSB][Reset] fighter_count_after=0[32m [repeated 52x across cluster][0m
[36m(SingleAgentEnvRunner pid=65136)[0m [JSB][Reset] enter BattleSpace=1[32m [repeated 26x across cluster][0m
[36m(SingleAgentEnvRunner pid=65136)[0m [JSB][Reset] after lock found=1 size=1[32m [repeated 26x across cluster][0m
[36m(SingleAgentEnvRunner pid=65136)[0m total: 2[32m [repeated 26x across cluster][0m
[36m(SingleAgentEnvRunner pid=65136)[0m [JSB][Reset] exit after_size=1[32m [repeated 26x across cluster][0m
[36m(SingleAgentEnvRunner pid=64368)[0m runner:6/env:0	num_steps=[251] | total rewards=[676.1168] | termination= [ownship destroyed][32m [repeated 15x across cluster][0m
[36m(SingleAgentEnvRunner pid=65292)[0m [JSB][Init] enter BattleSpace=1 Type=1 ForceSide=2 Delta=0.0166667[32m [repeated 61x across cluster][0m
[36m(SingleAgentEnvRunner pid=65292)[0m [JSB][Init] registry size=1[32m [repeated 61x across cluster][0m
[36m(SingleAgentEnvRunner pid=65292)[0m [JSB][Init] before new AIP_FDMExec[32m [repeated 61x across cluster][0m
[36m(SingleAgentEnvRunner pid=65292)[0m [JSB][Init] after new AIP_FDMExec ptr=000002C0922EE3E0[32m [repeated 61x across cluster][0m
[36m(SingleAgentEnvRunner pid=65292)[0m [JSB][Init] before Init_FDM ptr=000002C0922EE3E0[32m [repeated 61x across cluster][0m
[36m(SingleAgentEnvRunner pid=65292)[0m [JSB][Init] after Init_FDM ptr=000002C0922ED780[32m [repeated 61x across cluster][0m
[36m(SingleAgentEnvRunner pid=65292)[0m [JSB][Init] before Exec_FDM ptr=000002C0922ED780[32m [repeated 61x across cluster][0m
[36m(SingleAgentEnvRunner pid=65292)[0m [JSB][Init] after Exec_FDM ptr=000002C0922ED780[32m [repeated 61x across cluster][0m
[36m(SingleAgentEnvRunner pid=65292)[0m [JSB][Init] before InsertFighter BattleSpace=1 ptr=000002C0922ED780[32m [repeated 61x across cluster][0m
[36m(SingleAgentEnvRunner pid=65292)[0m [JSB][Init] after InsertFighter FighterID=1[32m [repeated 61x across cluster][0m
[36m(SingleAgentEnvRunner pid=65136)[0m runner:14/env:0	num_steps=[250] | total rewards=[1172.0862] | termination= [target destroyed][32m [repeated 16x across cluster][0m
[36m(SingleAgentEnvRunner pid=65136)[0m [JSB][Reset] fighter_count_after=0[32m [repeated 62x across cluster][0m
[36m(SingleAgentEnvRunner pid=65136)[0m [JSB][Reset] enter BattleSpace=1[32m [repeated 31x across cluster][0m
[36m(SingleAgentEnvRunner pid=65136)[0m [JSB][Reset] after lock found=1 size=1[32m [repeated 31x across cluster][0m
[36m(SingleAgentEnvRunner pid=65136)[0m total: 2[32m [repeated 31x across cluster][0m
[36m(SingleAgentEnvRunner pid=65136)[0m [JSB][Reset] exit after_size=1[32m [repeated 31x across cluster][0m
stage=35 | iter_in_stage=65 | total_iter=65 | reward_mean=869.51 | win_rate=0.396 | crash_rate=0.000 | ep_wez_steps=24.0 | episodes_this_iter=61 | entropy=-3.604 | vf_loss=338.386
[36m(SingleAgentEnvRunner pid=64404)[0m runner:7/env:0	num_steps=[254] | total rewards=[367.9406] | termination= [ownship destroyed][32m [repeated 6x across cluster][0m
[36m(SingleAgentEnvRunner pid=63712)[0m [JSB][Init] enter BattleSpace=1 Type=1 ForceSide=1 Delta=0.0166667[32m [repeated 24x across cluster][0m
[36m(SingleAgentEnvRunner pid=63712)[0m [JSB][Init] registry size=1[32m [repeated 24x across cluster][0m
[36m(SingleAgentEnvRunner pid=63712)[0m [JSB][Init] before new AIP_FDMExec[32m [repeated 24x across cluster][0m
[36m(SingleAgentEnvRunner pid=63712)[0m [JSB][Init] after new AIP_FDMExec ptr=000001C091891E40[32m [repeated 24x across cluster][0m
[36m(SingleAgentEnvRunner pid=63712)[0m [JSB][Init] before Init_FDM ptr=000001C091891E40[32m [repeated 24x across cluster][0m
[36m(SingleAgentEnvRunner pid=64404)[0m [JSB][Init] after Init_FDM ptr=00000157409FE4A0[32m [repeated 24x across cluster][0m
[36m(SingleAgentEnvRunner pid=64404)[0m [JSB][Init] before Exec_FDM ptr=00000157409FE4A0[32m [repeated 24x across cluster][0m
[36m(SingleAgentEnvRunner pid=64404)[0m [JSB][Init] after Exec_FDM ptr=00000157409FE4A0[32m [repeated 24x across cluster][0m
[36m(SingleAgentEnvRunner pid=64404)[0m [JSB][Init] before InsertFighter BattleSpace=1 ptr=00000157409FE4A0[32m [repeated 24x across cluster][0m
[36m(SingleAgentEnvRunner pid=64404)[0m [JSB][Init] after InsertFighter FighterID=2[32m [repeated 24x across cluster][0m
[36m(SingleAgentEnvRunner pid=63712)[0m runner:9/env:0	num_steps=[247] | total rewards=[2068.3805] | termination= [target destroyed][32m [repeated 4x across cluster][0m
[36m(SingleAgentEnvRunner pid=63712)[0m [JSB][Reset] fighter_count_after=0[32m [repeated 22x across cluster][0m
[36m(SingleAgentEnvRunner pid=63712)[0m [JSB][Reset] enter BattleSpace=1[32m [repeated 11x across cluster][0m
[36m(SingleAgentEnvRunner pid=63712)[0m [JSB][Reset] after lock found=1 size=1[32m [repeated 11x across cluster][0m
[36m(SingleAgentEnvRunner pid=63712)[0m total: 2[32m [repeated 11x across cluster][0m
[36m(SingleAgentEnvRunner pid=63712)[0m [JSB][Reset] exit after_size=1[32m [repeated 11x across cluster][0m
[36m(SingleAgentEnvRunner pid=65060)[0m runner:12/env:0	num_steps=[259] | total rewards=[-1117.1786] | termination= [ownship destroyed][32m [repeated 20x across cluster][0m
[36m(SingleAgentEnvRunner pid=65032)[0m [JSB][Init] enter BattleSpace=1 Type=1 ForceSide=2 Delta=0.0166667[32m [repeated 61x across cluster][0m
[36m(SingleAgentEnvRunner pid=65032)[0m [JSB][Init] registry size=1[32m [repeated 61x across cluster][0m
[36m(SingleAgentEnvRunner pid=65032)[0m [JSB][Init] before new AIP_FDMExec[32m [repeated 61x across cluster][0m
[36m(SingleAgentEnvRunner pid=65032)[0m [JSB][Init] after new AIP_FDMExec ptr=0000023C11EFEF80[32m [repeated 61x across cluster][0m
[36m(SingleAgentEnvRunner pid=65032)[0m [JSB][Init] before Init_FDM ptr=0000023C11EFEF80[32m [repeated 61x across cluster][0m
[36m(SingleAgentEnvRunner pid=65032)[0m [JSB][Init] after Init_FDM ptr=0000023C11EFEF80[32m [repeated 62x across cluster][0m
[36m(SingleAgentEnvRunner pid=65032)[0m [JSB][Init] before Exec_FDM ptr=0000023C11EFEF80[32m [repeated 62x across cluster][0m
[36m(SingleAgentEnvRunner pid=65032)[0m [JSB][Init] after Exec_FDM ptr=0000023C11EFEF80[32m [repeated 62x across cluster][0m
[36m(SingleAgentEnvRunner pid=65032)[0m [JSB][Init] before InsertFighter BattleSpace=1 ptr=0000023C11EFEF80[32m [repeated 62x across cluster][0m
[36m(SingleAgentEnvRunner pid=65032)[0m [JSB][Init] after InsertFighter FighterID=2[32m [repeated 62x across cluster][0m
[36m(SingleAgentEnvRunner pid=23528)[0m runner:4/env:0	num_steps=[250] | total rewards=[2067.2892] | termination= [target destroyed][32m [repeated 11x across cluster][0m
[36m(SingleAgentEnvRunner pid=23528)[0m [JSB][Reset] fighter_count_after=0[32m [repeated 62x across cluster][0m
[36m(SingleAgentEnvRunner pid=23528)[0m [JSB][Reset] enter BattleSpace=1[32m [repeated 31x across cluster][0m
[36m(SingleAgentEnvRunner pid=23528)[0m [JSB][Reset] after lock found=1 size=1[32m [repeated 31x across cluster][0m
[36m(SingleAgentEnvRunner pid=23528)[0m total: 2[32m [repeated 31x across cluster][0m
[36m(SingleAgentEnvRunner pid=23528)[0m [JSB][Reset] exit after_size=1[32m [repeated 31x across cluster][0m
stage=35 | iter_in_stage=66 | total_iter=66 | reward_mean=973.11 | win_rate=0.367 | crash_rate=0.000 | ep_wez_steps=23.9 | episodes_this_iter=64 | entropy=-3.619 | vf_loss=162.486
[36m(SingleAgentEnvRunner pid=64580)[0m runner:2/env:0	num_steps=[259] | total rewards=[374.1026] | termination= [ownship destroyed][32m [repeated 16x across cluster][0m
[36m(SingleAgentEnvRunner pid=64580)[0m [JSB][Init] enter BattleSpace=1 Type=1 ForceSide=2 Delta=0.0166667[32m [repeated 50x across cluster][0m
[36m(SingleAgentEnvRunner pid=64580)[0m [JSB][Init] registry size=1[32m [repeated 50x across cluster][0m
[36m(SingleAgentEnvRunner pid=64580)[0m [JSB][Init] before new AIP_FDMExec[32m [repeated 50x across cluster][0m
[36m(SingleAgentEnvRunner pid=64580)[0m [JSB][Init] after new AIP_FDMExec ptr=000001FF40B80D00[32m [repeated 50x across cluster][0m
[36m(SingleAgentEnvRunner pid=64580)[0m [JSB][Init] before Init_FDM ptr=000001FF40B80D00[32m [repeated 50x across cluster][0m
[36m(SingleAgentEnvRunner pid=64580)[0m [JSB][Init] after Init_FDM ptr=000001FF40B80D00[32m [repeated 50x across cluster][0m
[36m(SingleAgentEnvRunner pid=64580)[0m [JSB][Init] before Exec_FDM ptr=000001FF40B80D00[32m [repeated 50x across cluster][0m
[36m(SingleAgentEnvRunner pid=64580)[0m [JSB][Init] after Exec_FDM ptr=000001FF40B80D00[32m [repeated 50x across cluster][0m
[36m(SingleAgentEnvRunner pid=64580)[0m [JSB][Init] before InsertFighter BattleSpace=1 ptr=000001FF40B80D00[32m [repeated 50x across cluster][0m
[36m(SingleAgentEnvRunner pid=64580)[0m [JSB][Init] after InsertFighter FighterID=2[32m [repeated 50x across cluster][0m
[36m(SingleAgentEnvRunner pid=65292)[0m runner:15/env:0	num_steps=[265] | total rewards=[2063.7164] | termination= [target destroyed][32m [repeated 9x across cluster][0m
[36m(SingleAgentEnvRunner pid=17636)[0m [JSB][Reset] FighterPtr=000001BD1424ABD0 fighter_count_before=2[32m [repeated 49x across cluster][0m
[36m(SingleAgentEnvRunner pid=17636)[0m [JSB][Reset] enter BattleSpace=1[32m [repeated 25x across cluster][0m
[36m(SingleAgentEnvRunner pid=17636)[0m [JSB][Reset] after lock found=1 size=1[32m [repeated 25x across cluster][0m
[36m(SingleAgentEnvRunner pid=17636)[0m total: 2[32m [repeated 25x across cluster][0m
[36m(SingleAgentEnvRunner pid=64580)[0m [JSB][Reset] exit after_size=1[32m [repeated 24x across cluster][0m
[36m(SingleAgentEnvRunner pid=64440)[0m runner:8/env:0	num_steps=[263] | total rewards=[370.1702] | termination= [ownship destroyed][32m [repeated 15x across cluster][0m
[36m(SingleAgentEnvRunner pid=17636)[0m [JSB][Init] enter BattleSpace=1 Type=1 ForceSide=2 Delta=0.0166667[32m [repeated 58x across cluster][0m
[36m(SingleAgentEnvRunner pid=17636)[0m [JSB][Init] registry size=1[32m [repeated 58x across cluster][0m
[36m(SingleAgentEnvRunner pid=17636)[0m [JSB][Init] before new AIP_FDMExec[32m [repeated 58x across cluster][0m
[36m(SingleAgentEnvRunner pid=17636)[0m [JSB][Init] after new AIP_FDMExec ptr=000001BD17285DC0[32m [repeated 58x across cluster][0m
[36m(SingleAgentEnvRunner pid=17636)[0m [JSB][Init] before Init_FDM ptr=000001BD17285DC0[32m [repeated 58x across cluster][0m
[36m(SingleAgentEnvRunner pid=17636)[0m [JSB][Init] after Init_FDM ptr=000001BD17285DC0[32m [repeated 58x across cluster][0m
[36m(SingleAgentEnvRunner pid=17636)[0m [JSB][Init] before Exec_FDM ptr=000001BD17285DC0[32m [repeated 58x across cluster][0m
[36m(SingleAgentEnvRunner pid=17636)[0m [JSB][Init] after Exec_FDM ptr=000001BD17285DC0[32m [repeated 58x across cluster][0m
[36m(SingleAgentEnvRunner pid=17636)[0m [JSB][Init] before InsertFighter BattleSpace=1 ptr=000001BD17285DC0[32m [repeated 58x across cluster][0m
[36m(SingleAgentEnvRunner pid=17636)[0m [JSB][Init] after InsertFighter FighterID=2[32m [repeated 58x across cluster][0m
[36m(SingleAgentEnvRunner pid=17636)[0m runner:11/env:0	num_steps=[253] | total rewards=[2068.3596] | termination= [target destroyed][32m [repeated 13x across cluster][0m
[36m(SingleAgentEnvRunner pid=17636)[0m [JSB][Reset] fighter_count_after=0[32m [repeated 57x across cluster][0m
[36m(SingleAgentEnvRunner pid=17636)[0m [JSB][Reset] enter BattleSpace=1[32m [repeated 28x across cluster][0m
[36m(SingleAgentEnvRunner pid=17636)[0m [JSB][Reset] after lock found=1 size=1[32m [repeated 28x across cluster][0m
[36m(SingleAgentEnvRunner pid=17636)[0m total: 2[32m [repeated 28x across cluster][0m
[36m(SingleAgentEnvRunner pid=17636)[0m [JSB][Reset] exit after_size=1[32m [repeated 29x across cluster][0m
[36m(SingleAgentEnvRunner pid=64368)[0m runner:6/env:0	num_steps=[257] | total rewards=[384.7173] | termination= [ownship destroyed][32m [repeated 17x across cluster][0m
[36m(SingleAgentEnvRunner pid=64368)[0m [JSB][Init] enter BattleSpace=1 Type=1 ForceSide=2 Delta=0.0166667[32m [repeated 58x across cluster][0m
[36m(SingleAgentEnvRunner pid=64368)[0m [JSB][Init] registry size=1[32m [repeated 58x across cluster][0m
[36m(SingleAgentEnvRunner pid=64368)[0m [JSB][Init] before new AIP_FDMExec[32m [repeated 58x across cluster][0m
[36m(SingleAgentEnvRunner pid=64368)[0m [JSB][Init] after new AIP_FDMExec ptr=0000019D12031730[32m [repeated 58x across cluster][0m
[36m(SingleAgentEnvRunner pid=64368)[0m [JSB][Init] before Init_FDM ptr=0000019D12031730[32m [repeated 58x across cluster][0m
[36m(SingleAgentEnvRunner pid=64368)[0m [JSB][Init] after Init_FDM ptr=0000019D12031730[32m [repeated 58x across cluster][0m
[36m(SingleAgentEnvRunner pid=64368)[0m [JSB][Init] before Exec_FDM ptr=0000019D12031730[32m [repeated 58x across cluster][0m
[36m(SingleAgentEnvRunner pid=64368)[0m [JSB][Init] after Exec_FDM ptr=0000019D12031730[32m [repeated 58x across cluster][0m
[36m(SingleAgentEnvRunner pid=64368)[0m [JSB][Init] before InsertFighter BattleSpace=1 ptr=0000019D12031730[32m [repeated 58x across cluster][0m
[36m(SingleAgentEnvRunner pid=64368)[0m [JSB][Init] after InsertFighter FighterID=2[32m [repeated 58x across cluster][0m
[36m(SingleAgentEnvRunner pid=65292)[0m runner:15/env:0	num_steps=[252] | total rewards=[2078.7155] | termination= [target destroyed][32m [repeated 13x across cluster][0m
[36m(SingleAgentEnvRunner pid=64368)[0m [JSB][Reset] fighter_count_after=0[32m [repeated 60x across cluster][0m
[36m(SingleAgentEnvRunner pid=64368)[0m [JSB][Reset] enter BattleSpace=1[32m [repeated 30x across cluster][0m
[36m(SingleAgentEnvRunner pid=64368)[0m [JSB][Reset] after lock found=1 size=1[32m [repeated 30x across cluster][0m
[36m(SingleAgentEnvRunner pid=64368)[0m total: 2[32m [repeated 30x across cluster][0m
[36m(SingleAgentEnvRunner pid=64368)[0m [JSB][Reset] exit after_size=1[32m [repeated 30x across cluster][0m
stage=35 | iter_in_stage=67 | total_iter=67 | reward_mean=1104.27 | win_rate=0.443 | crash_rate=0.000 | ep_wez_steps=23.8 | episodes_this_iter=62 | entropy=-3.593 | vf_loss=99.525
[36m(SingleAgentEnvRunner pid=63712)[0m runner:9/env:0	num_steps=[252] | total rewards=[365.7937] | termination= [ownship destroyed][32m [repeated 8x across cluster][0m
[36m(SingleAgentEnvRunner pid=23528)[0m [JSB][Init] enter BattleSpace=1 Type=1 ForceSide=2 Delta=0.0166667[32m [repeated 22x across cluster][0m
[36m(SingleAgentEnvRunner pid=23528)[0m [JSB][Init] registry size=1[32m [repeated 22x across cluster][0m
[36m(SingleAgentEnvRunner pid=23528)[0m [JSB][Init] before new AIP_FDMExec[32m [repeated 22x across cluster][0m
[36m(SingleAgentEnvRunner pid=23528)[0m [JSB][Init] after new AIP_FDMExec ptr=00000231135DD800[32m [repeated 21x across cluster][0m
[36m(SingleAgentEnvRunner pid=23528)[0m [JSB][Init] before Init_FDM ptr=00000231135DD800[32m [repeated 21x across cluster][0m
[36m(SingleAgentEnvRunner pid=23528)[0m [JSB][Init] after Init_FDM ptr=00000231135DD800[32m [repeated 20x across cluster][0m
[36m(SingleAgentEnvRunner pid=23528)[0m [JSB][Init] before Exec_FDM ptr=00000231135DD800[32m [repeated 20x across cluster][0m
[36m(SingleAgentEnvRunner pid=23528)[0m [JSB][Init] after Exec_FDM ptr=00000231135DD800[32m [repeated 20x across cluster][0m
[36m(SingleAgentEnvRunner pid=23528)[0m [JSB][Init] before InsertFighter BattleSpace=1 ptr=00000231135DD800[32m [repeated 20x across cluster][0m
[36m(SingleAgentEnvRunner pid=23528)[0m [JSB][Init] after InsertFighter FighterID=1[32m [repeated 20x across cluster][0m
[36m(SingleAgentEnvRunner pid=64404)[0m runner:7/env:0	num_steps=[254] | total rewards=[2061.9290] | termination= [target destroyed][32m [repeated 3x across cluster][0m
[36m(SingleAgentEnvRunner pid=64404)[0m [JSB][Reset] fighter_count_after=0[32m [repeated 22x across cluster][0m
[36m(SingleAgentEnvRunner pid=64404)[0m [JSB][Reset] enter BattleSpace=1[32m [repeated 11x across cluster][0m
[36m(SingleAgentEnvRunner pid=64404)[0m [JSB][Reset] after lock found=1 size=1[32m [repeated 11x across cluster][0m
[36m(SingleAgentEnvRunner pid=64404)[0m total: 2[32m [repeated 11x across cluster][0m
[36m(SingleAgentEnvRunner pid=64404)[0m [JSB][Reset] exit after_size=1[32m [repeated 11x across cluster][0m
[36m(SingleAgentEnvRunner pid=63712)[0m runner:9/env:0	num_steps=[260] | total rewards=[392.3443] | termination= [ownship destroyed][32m [repeated 17x across cluster][0m
[36m(SingleAgentEnvRunner pid=63828)[0m [JSB][Init] enter BattleSpace=1 Type=1 ForceSide=2 Delta=0.0166667[32m [repeated 60x across cluster][0m
[36m(SingleAgentEnvRunner pid=63828)[0m [JSB][Init] registry size=1[32m [repeated 60x across cluster][0m
[36m(SingleAgentEnvRunner pid=63828)[0m [JSB][Init] before new AIP_FDMExec[32m [repeated 60x across cluster][0m
[36m(SingleAgentEnvRunner pid=63828)[0m [JSB][Init] after new AIP_FDMExec ptr=0000026D931123F0[32m [repeated 61x across cluster][0m
[36m(SingleAgentEnvRunner pid=63828)[0m [JSB][Init] before Init_FDM ptr=0000026D931123F0[32m [repeated 61x across cluster][0m
[36m(SingleAgentEnvRunner pid=63828)[0m [JSB][Init] after Init_FDM ptr=0000026D931121E0[32m [repeated 61x across cluster][0m
[36m(SingleAgentEnvRunner pid=63828)[0m [JSB][Init] before Exec_FDM ptr=0000026D931121E0[32m [repeated 61x across cluster][0m
[36m(SingleAgentEnvRunner pid=63828)[0m [JSB][Init] after Exec_FDM ptr=0000026D931121E0[32m [repeated 61x across cluster][0m
[36m(SingleAgentEnvRunner pid=63828)[0m [JSB][Init] before InsertFighter BattleSpace=1 ptr=0000026D931121E0[32m [repeated 61x across cluster][0m
[36m(SingleAgentEnvRunner pid=63828)[0m [JSB][Init] after InsertFighter FighterID=1[32m [repeated 61x across cluster][0m
[36m(SingleAgentEnvRunner pid=64404)[0m runner:7/env:0	num_steps=[253] | total rewards=[2085.2958] | termination= [target destroyed][32m [repeated 14x across cluster][0m
[36m(SingleAgentEnvRunner pid=64404)[0m [JSB][Reset] fighter_count_after=0[32m [repeated 62x across cluster][0m
[36m(SingleAgentEnvRunner pid=64404)[0m [JSB][Reset] enter BattleSpace=1[32m [repeated 31x across cluster][0m
[36m(SingleAgentEnvRunner pid=64404)[0m [JSB][Reset] after lock found=1 size=1[32m [repeated 31x across cluster][0m
[36m(SingleAgentEnvRunner pid=64404)[0m total: 2[32m [repeated 31x across cluster][0m
[36m(SingleAgentEnvRunner pid=64404)[0m [JSB][Reset] exit after_size=1[32m [repeated 31x across cluster][0m
stage=35 | iter_in_stage=68 | total_iter=68 | reward_mean=1064.84 | win_rate=0.406 | crash_rate=0.000 | ep_wez_steps=23.9 | episodes_this_iter=62 | entropy=-3.571 | vf_loss=261.929
[36m(SingleAgentEnvRunner pid=65060)[0m runner:12/env:0	num_steps=[254] | total rewards=[371.7259] | termination= [ownship destroyed][32m [repeated 17x across cluster][0m
[36m(SingleAgentEnvRunner pid=17636)[0m [JSB][Init] enter BattleSpace=1 Type=1 ForceSide=2 Delta=0.0166667[32m [repeated 52x across cluster][0m
[36m(SingleAgentEnvRunner pid=17636)[0m [JSB][Init] registry size=1[32m [repeated 52x across cluster][0m
[36m(SingleAgentEnvRunner pid=17636)[0m [JSB][Init] before new AIP_FDMExec[32m [repeated 52x across cluster][0m
[36m(SingleAgentEnvRunner pid=17636)[0m [JSB][Init] after new AIP_FDMExec ptr=000001BD16D513D0[32m [repeated 52x across cluster][0m
[36m(SingleAgentEnvRunner pid=17636)[0m [JSB][Init] before Init_FDM ptr=000001BD16D513D0[32m [repeated 52x across cluster][0m
[36m(SingleAgentEnvRunner pid=17636)[0m [JSB][Init] after Init_FDM ptr=000001BD16D513D0[32m [repeated 53x across cluster][0m
[36m(SingleAgentEnvRunner pid=17636)[0m [JSB][Init] before Exec_FDM ptr=000001BD16D513D0[32m [repeated 53x across cluster][0m
[36m(SingleAgentEnvRunner pid=17636)[0m [JSB][Init] after Exec_FDM ptr=000001BD16D513D0[32m [repeated 53x across cluster][0m
[36m(SingleAgentEnvRunner pid=17636)[0m [JSB][Init] before InsertFighter BattleSpace=1 ptr=000001BD16D513D0[32m [repeated 53x across cluster][0m
[36m(SingleAgentEnvRunner pid=17636)[0m [JSB][Init] after InsertFighter FighterID=2[32m [repeated 53x across cluster][0m
[36m(SingleAgentEnvRunner pid=64928)[0m runner:1/env:0	num_steps=[245] | total rewards=[2090.1592] | termination= [target destroyed][32m [repeated 8x across cluster][0m
[36m(SingleAgentEnvRunner pid=65060)[0m [JSB][Reset] FighterPtr=000002550CCEF740 fighter_count_before=2[32m [repeated 49x across cluster][0m
[36m(SingleAgentEnvRunner pid=65060)[0m [JSB][Reset] enter BattleSpace=1[32m [repeated 25x across cluster][0m
[36m(SingleAgentEnvRunner pid=65060)[0m [JSB][Reset] after lock found=1 size=1[32m [repeated 25x across cluster][0m
[36m(SingleAgentEnvRunner pid=65060)[0m total: 2[32m [repeated 25x across cluster][0m
[36m(SingleAgentEnvRunner pid=17636)[0m [JSB][Reset] exit after_size=1[32m [repeated 24x across cluster][0m
[36m(SingleAgentEnvRunner pid=64368)[0m runner:6/env:0	num_steps=[734] | total rewards=[479.8727] | termination= [target altitude below min]
[36m(SingleAgentEnvRunner pid=65060)[0m runner:12/env:0	num_steps=[256] | total rewards=[364.9926] | termination= [ownship destroyed][32m [repeated 13x across cluster][0m
[36m(SingleAgentEnvRunner pid=65060)[0m [JSB][Init] enter BattleSpace=1 Type=1 ForceSide=2 Delta=0.0166667[32m [repeated 58x across cluster][0m
[36m(SingleAgentEnvRunner pid=65060)[0m [JSB][Init] registry size=1[32m [repeated 58x across cluster][0m
[36m(SingleAgentEnvRunner pid=65060)[0m [JSB][Init] before new AIP_FDMExec[32m [repeated 58x across cluster][0m
[36m(SingleAgentEnvRunner pid=65060)[0m [JSB][Init] after new AIP_FDMExec ptr=000002551200A810[32m [repeated 57x across cluster][0m
[36m(SingleAgentEnvRunner pid=65060)[0m [JSB][Init] before Init_FDM ptr=000002551200A810[32m [repeated 57x across cluster][0m
[36m(SingleAgentEnvRunner pid=65060)[0m [JSB][Init] after Init_FDM ptr=000002551200A810[32m [repeated 57x across cluster][0m
[36m(SingleAgentEnvRunner pid=65060)[0m [JSB][Init] before Exec_FDM ptr=000002551200A810[32m [repeated 57x across cluster][0m
[36m(SingleAgentEnvRunner pid=65060)[0m [JSB][Init] after Exec_FDM ptr=000002551200A810[32m [repeated 57x across cluster][0m
[36m(SingleAgentEnvRunner pid=65060)[0m [JSB][Init] before InsertFighter BattleSpace=1 ptr=000002551200A810[32m [repeated 57x across cluster][0m
[36m(SingleAgentEnvRunner pid=65060)[0m [JSB][Init] after InsertFighter FighterID=1[32m [repeated 57x across cluster][0m
[36m(SingleAgentEnvRunner pid=65136)[0m runner:14/env:0	num_steps=[258] | total rewards=[2069.8809] | termination= [target destroyed][32m [repeated 14x across cluster][0m
[36m(SingleAgentEnvRunner pid=65060)[0m [JSB][Reset] fighter_count_after=0[32m [repeated 57x across cluster][0m
[36m(SingleAgentEnvRunner pid=65060)[0m [JSB][Reset] enter BattleSpace=1[32m [repeated 28x across cluster][0m
[36m(SingleAgentEnvRunner pid=65060)[0m [JSB][Reset] after lock found=1 size=1[32m [repeated 28x across cluster][0m
[36m(SingleAgentEnvRunner pid=65060)[0m total: 2[32m [repeated 28x across cluster][0m
[36m(SingleAgentEnvRunner pid=65060)[0m [JSB][Reset] exit after_size=1[32m [repeated 29x across cluster][0m
[36m(SingleAgentEnvRunner pid=23528)[0m runner:4/env:0	num_steps=[766] | total rewards=[467.4367] | termination= [target altitude below min]
[36m(SingleAgentEnvRunner pid=64536)[0m runner:3/env:0	num_steps=[249] | total rewards=[360.9986] | termination= [ownship destroyed][32m [repeated 20x across cluster][0m
[36m(SingleAgentEnvRunner pid=64536)[0m [JSB][Init] enter BattleSpace=1 Type=1 ForceSide=2 Delta=0.0166667[32m [repeated 64x across cluster][0m
[36m(SingleAgentEnvRunner pid=64536)[0m [JSB][Init] registry size=1[32m [repeated 64x across cluster][0m
[36m(SingleAgentEnvRunner pid=64536)[0m [JSB][Init] before new AIP_FDMExec[32m [repeated 64x across cluster][0m
[36m(SingleAgentEnvRunner pid=64536)[0m [JSB][Init] after new AIP_FDMExec ptr=000001EA91B94BF0[32m [repeated 65x across cluster][0m
[36m(SingleAgentEnvRunner pid=64536)[0m [JSB][Init] before Init_FDM ptr=000001EA91B94BF0[32m [repeated 65x across cluster][0m
[36m(SingleAgentEnvRunner pid=64536)[0m [JSB][Init] after Init_FDM ptr=000001EA91B94BF0[32m [repeated 65x across cluster][0m
[36m(SingleAgentEnvRunner pid=64536)[0m [JSB][Init] before Exec_FDM ptr=000001EA91B94BF0[32m [repeated 65x across cluster][0m
[36m(SingleAgentEnvRunner pid=64536)[0m [JSB][Init] after Exec_FDM ptr=000001EA91B94BF0[32m [repeated 65x across cluster][0m
[36m(SingleAgentEnvRunner pid=64536)[0m [JSB][Init] before InsertFighter BattleSpace=1 ptr=000001EA91B94BF0[32m [repeated 65x across cluster][0m
[36m(SingleAgentEnvRunner pid=64536)[0m [JSB][Init] after InsertFighter FighterID=2[32m [repeated 65x across cluster][0m
[36m(SingleAgentEnvRunner pid=17636)[0m runner:11/env:0	num_steps=[248] | total rewards=[2075.7166] | termination= [target destroyed][32m [repeated 11x across cluster][0m
[36m(SingleAgentEnvRunner pid=64536)[0m [JSB][Reset] fighter_count_after=0[32m [repeated 64x across cluster][0m
[36m(SingleAgentEnvRunner pid=64536)[0m [JSB][Reset] enter BattleSpace=1[32m [repeated 32x across cluster][0m
[36m(SingleAgentEnvRunner pid=64536)[0m [JSB][Reset] after lock found=1 size=1[32m [repeated 32x across cluster][0m
[36m(SingleAgentEnvRunner pid=64536)[0m total: 2[32m [repeated 32x across cluster][0m
[36m(SingleAgentEnvRunner pid=64536)[0m [JSB][Reset] exit after_size=1[32m [repeated 32x across cluster][0m
stage=35 | iter_in_stage=69 | total_iter=69 | reward_mean=1044.45 | win_rate=0.457 | crash_rate=0.000 | ep_wez_steps=24.0 | episodes_this_iter=61 | entropy=-3.577 | vf_loss=187.087
[36m(SingleAgentEnvRunner pid=64580)[0m runner:2/env:0	num_steps=[259] | total rewards=[373.5984] | termination= [ownship destroyed][32m [repeated 11x across cluster][0m
[36m(SingleAgentEnvRunner pid=64580)[0m [JSB][Init] enter BattleSpace=1 Type=1 ForceSide=2 Delta=0.0166667[32m [repeated 20x across cluster][0m
[36m(SingleAgentEnvRunner pid=64580)[0m [JSB][Init] registry size=1[32m [repeated 20x across cluster][0m
[36m(SingleAgentEnvRunner pid=64580)[0m [JSB][Init] before new AIP_FDMExec[32m [repeated 20x across cluster][0m
[36m(SingleAgentEnvRunner pid=64580)[0m [JSB][Init] after new AIP_FDMExec ptr=000001FF3E395760[32m [repeated 20x across cluster][0m
[36m(SingleAgentEnvRunner pid=64580)[0m [JSB][Init] before Init_FDM ptr=000001FF3E395760[32m [repeated 20x across cluster][0m
[36m(SingleAgentEnvRunner pid=64580)[0m [JSB][Init] after Init_FDM ptr=000001FF3E395340[32m [repeated 18x across cluster][0m
[36m(SingleAgentEnvRunner pid=64580)[0m [JSB][Init] before Exec_FDM ptr=000001FF3E395340[32m [repeated 18x across cluster][0m
[36m(SingleAgentEnvRunner pid=64580)[0m [JSB][Init] after Exec_FDM ptr=000001FF3E395340[32m [repeated 18x across cluster][0m
[36m(SingleAgentEnvRunner pid=64580)[0m [JSB][Init] before InsertFighter BattleSpace=1 ptr=000001FF3E395340[32m [repeated 18x across cluster][0m
[36m(SingleAgentEnvRunner pid=64580)[0m [JSB][Init] after InsertFighter FighterID=1[32m [repeated 18x across cluster][0m
[36m(SingleAgentEnvRunner pid=63712)[0m runner:9/env:0	num_steps=[250] | total rewards=[2072.6991] | termination= [target destroyed]
[36m(SingleAgentEnvRunner pid=64580)[0m [JSB][Reset] fighter_count_after=0[32m [repeated 24x across cluster][0m
[36m(SingleAgentEnvRunner pid=64580)[0m [JSB][Reset] enter BattleSpace=1[32m [repeated 12x across cluster][0m
[36m(SingleAgentEnvRunner pid=64580)[0m [JSB][Reset] after lock found=1 size=1[32m [repeated 12x across cluster][0m
[36m(SingleAgentEnvRunner pid=64580)[0m total: 2[32m [repeated 12x across cluster][0m
[36m(SingleAgentEnvRunner pid=64580)[0m [JSB][Reset] exit after_size=1[32m [repeated 12x across cluster][0m
[36m(SingleAgentEnvRunner pid=65136)[0m runner:14/env:0	num_steps=[262] | total rewards=[2073.1159] | termination= [target destroyed]
[36m(SingleAgentEnvRunner pid=64188)[0m runner:16/env:0	num_steps=[257] | total rewards=[552.5690] | termination= [ownship destroyed][32m [repeated 21x across cluster][0m
[36m(SingleAgentEnvRunner pid=65292)[0m [JSB][Init] enter BattleSpace=1 Type=1 ForceSide=2 Delta=0.0166667[32m [repeated 58x across cluster][0m
[36m(SingleAgentEnvRunner pid=65292)[0m [JSB][Init] registry size=1[32m [repeated 58x across cluster][0m
[36m(SingleAgentEnvRunner pid=65292)[0m [JSB][Init] before new AIP_FDMExec[32m [repeated 58x across cluster][0m
[36m(SingleAgentEnvRunner pid=65292)[0m [JSB][Init] after new AIP_FDMExec ptr=000002C0922D4970[32m [repeated 58x across cluster][0m
[36m(SingleAgentEnvRunner pid=65292)[0m [JSB][Init] before Init_FDM ptr=000002C0922D4970[32m [repeated 58x across cluster][0m
[36m(SingleAgentEnvRunner pid=65292)[0m [JSB][Init] after Init_FDM ptr=000002C0922D4970[32m [repeated 60x across cluster][0m
[36m(SingleAgentEnvRunner pid=65292)[0m [JSB][Init] before Exec_FDM ptr=000002C0922D4970[32m [repeated 60x across cluster][0m
[36m(SingleAgentEnvRunner pid=65292)[0m [JSB][Init] after Exec_FDM ptr=000002C0922D4970[32m [repeated 60x across cluster][0m
[36m(SingleAgentEnvRunner pid=65292)[0m [JSB][Init] before InsertFighter BattleSpace=1 ptr=000002C0922D4970[32m [repeated 60x across cluster][0m
[36m(SingleAgentEnvRunner pid=65292)[0m [JSB][Init] after InsertFighter FighterID=2[32m [repeated 60x across cluster][0m
[36m(SingleAgentEnvRunner pid=64188)[0m [JSB][Reset] fighter_count_after=0[32m [repeated 56x across cluster][0m
[36m(SingleAgentEnvRunner pid=64188)[0m [JSB][Reset] enter BattleSpace=1[32m [repeated 28x across cluster][0m
[36m(SingleAgentEnvRunner pid=64188)[0m [JSB][Reset] after lock found=1 size=1[32m [repeated 28x across cluster][0m
[36m(SingleAgentEnvRunner pid=64188)[0m total: 2[32m [repeated 28x across cluster][0m
[36m(SingleAgentEnvRunner pid=64188)[0m [JSB][Reset] exit after_size=1[32m [repeated 28x across cluster][0m
[36m(SingleAgentEnvRunner pid=64368)[0m runner:6/env:0	num_steps=[255] | total rewards=[2202.1926] | termination= [target destroyed][32m [repeated 6x across cluster][0m
stage=35 | iter_in_stage=70 | total_iter=70 | reward_mean=918.80 | win_rate=0.271 | crash_rate=0.000 | ep_wez_steps=23.6 | episodes_this_iter=63 | entropy=-3.567 | vf_loss=232.550
[36m(SingleAgentEnvRunner pid=65060)[0m runner:12/env:0	num_steps=[254] | total rewards=[534.1489] | termination= [ownship destroyed][32m [repeated 15x across cluster][0m
[36m(SingleAgentEnvRunner pid=65060)[0m [JSB][Init] enter BattleSpace=1 Type=1 ForceSide=2 Delta=0.0166667[32m [repeated 50x across cluster][0m
[36m(SingleAgentEnvRunner pid=65060)[0m [JSB][Init] registry size=1[32m [repeated 50x across cluster][0m
[36m(SingleAgentEnvRunner pid=65060)[0m [JSB][Init] before new AIP_FDMExec[32m [repeated 50x across cluster][0m
[36m(SingleAgentEnvRunner pid=65060)[0m [JSB][Init] after new AIP_FDMExec ptr=0000025512009370[32m [repeated 50x across cluster][0m
[36m(SingleAgentEnvRunner pid=65060)[0m [JSB][Init] before Init_FDM ptr=0000025512009370[32m [repeated 50x across cluster][0m
[36m(SingleAgentEnvRunner pid=65060)[0m [JSB][Init] after Init_FDM ptr=000002551200A3F0[32m [repeated 49x across cluster][0m
[36m(SingleAgentEnvRunner pid=65060)[0m [JSB][Init] before Exec_FDM ptr=000002551200A3F0[32m [repeated 49x across cluster][0m
[36m(SingleAgentEnvRunner pid=65060)[0m [JSB][Init] after Exec_FDM ptr=000002551200A3F0[32m [repeated 49x across cluster][0m
[36m(SingleAgentEnvRunner pid=65060)[0m [JSB][Init] before InsertFighter BattleSpace=1 ptr=000002551200A3F0[32m [repeated 49x across cluster][0m
[36m(SingleAgentEnvRunner pid=65060)[0m [JSB][Init] after InsertFighter FighterID=1[32m [repeated 49x across cluster][0m
[36m(SingleAgentEnvRunner pid=65060)[0m [JSB][Reset] fighter_count_after=0[32m [repeated 48x across cluster][0m
[36m(SingleAgentEnvRunner pid=65060)[0m [JSB][Reset] enter BattleSpace=1[32m [repeated 24x across cluster][0m
[36m(SingleAgentEnvRunner pid=65060)[0m [JSB][Reset] after lock found=1 size=1[32m [repeated 24x across cluster][0m
[36m(SingleAgentEnvRunner pid=65060)[0m total: 2[32m [repeated 24x across cluster][0m
[36m(SingleAgentEnvRunner pid=65060)[0m [JSB][Reset] exit after_size=1[32m [repeated 24x across cluster][0m
[36m(SingleAgentEnvRunner pid=23528)[0m runner:4/env:0	num_steps=[253] | total rewards=[2222.8347] | termination= [target destroyed][32m [repeated 9x across cluster][0m
[36m(SingleAgentEnvRunner pid=65060)[0m runner:12/env:0	num_steps=[256] | total rewards=[540.6870] | termination= [ownship destroyed][32m [repeated 19x across cluster][0m
[36m(SingleAgentEnvRunner pid=64536)[0m [JSB][Init] enter BattleSpace=1 Type=1 ForceSide=2 Delta=0.0166667[32m [repeated 64x across cluster][0m
[36m(SingleAgentEnvRunner pid=64536)[0m [JSB][Init] registry size=1[32m [repeated 64x across cluster][0m
[36m(SingleAgentEnvRunner pid=64536)[0m [JSB][Init] before new AIP_FDMExec[32m [repeated 64x across cluster][0m
[36m(SingleAgentEnvRunner pid=64536)[0m [JSB][Init] after new AIP_FDMExec ptr=000001EA91B95E80[32m [repeated 63x across cluster][0m
[36m(SingleAgentEnvRunner pid=64536)[0m [JSB][Init] before Init_FDM ptr=000001EA91B95E80[32m [repeated 63x across cluster][0m
[36m(SingleAgentEnvRunner pid=64536)[0m [JSB][Init] after Init_FDM ptr=000001EA91B95E80[32m [repeated 63x across cluster][0m
[36m(SingleAgentEnvRunner pid=64536)[0m [JSB][Init] before Exec_FDM ptr=000001EA91B95E80[32m [repeated 63x across cluster][0m
[36m(SingleAgentEnvRunner pid=64536)[0m [JSB][Init] after Exec_FDM ptr=000001EA91B95E80[32m [repeated 63x across cluster][0m
[36m(SingleAgentEnvRunner pid=64536)[0m [JSB][Init] before InsertFighter BattleSpace=1 ptr=000001EA91B95E80[32m [repeated 63x across cluster][0m
[36m(SingleAgentEnvRunner pid=64536)[0m [JSB][Init] after InsertFighter FighterID=1[32m [repeated 63x across cluster][0m
[36m(SingleAgentEnvRunner pid=64536)[0m [JSB][Reset] fighter_count_after=0[32m [repeated 66x across cluster][0m
[36m(SingleAgentEnvRunner pid=64536)[0m [JSB][Reset] enter BattleSpace=1[32m [repeated 33x across cluster][0m
[36m(SingleAgentEnvRunner pid=64536)[0m [JSB][Reset] after lock found=1 size=1[32m [repeated 33x across cluster][0m
[36m(SingleAgentEnvRunner pid=64536)[0m total: 2[32m [repeated 33x across cluster][0m
[36m(SingleAgentEnvRunner pid=64536)[0m [JSB][Reset] exit after_size=1[32m [repeated 33x across cluster][0m
[36m(SingleAgentEnvRunner pid=64536)[0m runner:3/env:0	num_steps=[252] | total rewards=[2196.4442] | termination= [target destroyed][32m [repeated 14x across cluster][0m
[36m(SingleAgentEnvRunner pid=23528)[0m runner:4/env:0	num_steps=[247] | total rewards=[557.6207] | termination= [ownship destroyed][32m [repeated 17x across cluster][0m
[36m(SingleAgentEnvRunner pid=17636)[0m [JSB][Init] enter BattleSpace=1 Type=1 ForceSide=1 Delta=0.0166667[32m [repeated 59x across cluster][0m
[36m(SingleAgentEnvRunner pid=17636)[0m [JSB][Init] registry size=1[32m [repeated 59x across cluster][0m
[36m(SingleAgentEnvRunner pid=17636)[0m [JSB][Init] before new AIP_FDMExec[32m [repeated 59x across cluster][0m
[36m(SingleAgentEnvRunner pid=17636)[0m [JSB][Init] after new AIP_FDMExec ptr=000001BD16D530B0[32m [repeated 60x across cluster][0m
[36m(SingleAgentEnvRunner pid=17636)[0m [JSB][Init] before Init_FDM ptr=000001BD16D530B0[32m [repeated 60x across cluster][0m
[36m(SingleAgentEnvRunner pid=17636)[0m [JSB][Init] after Init_FDM ptr=000001BD16D530B0[32m [repeated 61x across cluster][0m
[36m(SingleAgentEnvRunner pid=17636)[0m [JSB][Init] before Exec_FDM ptr=000001BD16D530B0[32m [repeated 61x across cluster][0m
[36m(SingleAgentEnvRunner pid=17636)[0m [JSB][Init] after Exec_FDM ptr=000001BD16D530B0[32m [repeated 61x across cluster][0m
[36m(SingleAgentEnvRunner pid=17636)[0m [JSB][Init] before InsertFighter BattleSpace=1 ptr=000001BD16D530B0[32m [repeated 61x across cluster][0m
[36m(SingleAgentEnvRunner pid=17636)[0m [JSB][Init] after InsertFighter FighterID=1[32m [repeated 61x across cluster][0m
[36m(SingleAgentEnvRunner pid=17636)[0m [JSB][Reset] fighter_count_after=0[32m [repeated 58x across cluster][0m
[36m(SingleAgentEnvRunner pid=17636)[0m [JSB][Reset] enter BattleSpace=1[32m [repeated 29x across cluster][0m
[36m(SingleAgentEnvRunner pid=17636)[0m [JSB][Reset] after lock found=1 size=1[32m [repeated 29x across cluster][0m
[36m(SingleAgentEnvRunner pid=17636)[0m total: 2[32m [repeated 29x across cluster][0m
[36m(SingleAgentEnvRunner pid=17636)[0m [JSB][Reset] exit after_size=1[32m [repeated 29x across cluster][0m
[36m(SingleAgentEnvRunner pid=17636)[0m runner:11/env:0	num_steps=[259] | total rewards=[2206.5635] | termination= [target destroyed][32m [repeated 12x across cluster][0m
stage=35 | iter_in_stage=71 | total_iter=71 | reward_mean=1182.75 | win_rate=0.406 | crash_rate=0.000 | ep_wez_steps=23.7 | episodes_this_iter=63 | entropy=-3.563 | vf_loss=406.650
[36m(SingleAgentEnvRunner pid=64404)[0m runner:7/env:0	num_steps=[249] | total rewards=[571.3116] | termination= [ownship destroyed][32m [repeated 4x across cluster][0m
[36m(SingleAgentEnvRunner pid=65292)[0m [JSB][Init] enter BattleSpace=1 Type=1 ForceSide=2 Delta=0.0166667[32m [repeated 17x across cluster][0m
[36m(SingleAgentEnvRunner pid=65292)[0m [JSB][Init] registry size=1[32m [repeated 17x across cluster][0m
[36m(SingleAgentEnvRunner pid=65292)[0m [JSB][Init] before new AIP_FDMExec[32m [repeated 17x across cluster][0m
[36m(SingleAgentEnvRunner pid=65292)[0m [JSB][Init] after new AIP_FDMExec ptr=000002C0922D38F0[32m [repeated 17x across cluster][0m
[36m(SingleAgentEnvRunner pid=65292)[0m [JSB][Init] before Init_FDM ptr=000002C0922D38F0[32m [repeated 17x across cluster][0m
[36m(SingleAgentEnvRunner pid=65292)[0m [JSB][Init] after Init_FDM ptr=000002C0922D4760[32m [repeated 16x across cluster][0m
[36m(SingleAgentEnvRunner pid=65292)[0m [JSB][Init] before Exec_FDM ptr=000002C0922D4760[32m [repeated 16x across cluster][0m
[36m(SingleAgentEnvRunner pid=65292)[0m [JSB][Init] after Exec_FDM ptr=000002C0922D4760[32m [repeated 16x across cluster][0m
[36m(SingleAgentEnvRunner pid=65292)[0m [JSB][Init] before InsertFighter BattleSpace=1 ptr=000002C0922D4760[32m [repeated 16x across cluster][0m
[36m(SingleAgentEnvRunner pid=65292)[0m [JSB][Init] after InsertFighter FighterID=1[32m [repeated 16x across cluster][0m
[36m(SingleAgentEnvRunner pid=64928)[0m [JSB][Reset] fighter_count_after=0[32m [repeated 18x across cluster][0m
[36m(SingleAgentEnvRunner pid=64928)[0m [JSB][Reset] enter BattleSpace=1[32m [repeated 9x across cluster][0m
[36m(SingleAgentEnvRunner pid=64928)[0m [JSB][Reset] after lock found=1 size=1[32m [repeated 9x across cluster][0m
[36m(SingleAgentEnvRunner pid=64928)[0m total: 2[32m [repeated 9x across cluster][0m
[36m(SingleAgentEnvRunner pid=64928)[0m [JSB][Reset] exit after_size=1[32m [repeated 9x across cluster][0m
[36m(SingleAgentEnvRunner pid=64928)[0m runner:1/env:0	num_steps=[248] | total rewards=[2192.8422] | termination= [target destroyed][32m [repeated 5x across cluster][0m
[36m(SingleAgentEnvRunner pid=64580)[0m runner:2/env:0	num_steps=[757] | total rewards=[605.2728] | termination= [target altitude below min]
[36m(SingleAgentEnvRunner pid=64440)[0m runner:8/env:0	num_steps=[251] | total rewards=[528.1791] | termination= [ownship destroyed][32m [repeated 20x across cluster][0m
[36m(SingleAgentEnvRunner pid=64580)[0m [JSB][Init] enter BattleSpace=1 Type=1 ForceSide=2 Delta=0.0166667[32m [repeated 62x across cluster][0m
[36m(SingleAgentEnvRunner pid=64580)[0m [JSB][Init] registry size=1[32m [repeated 62x across cluster][0m
[36m(SingleAgentEnvRunner pid=64580)[0m [JSB][Init] before new AIP_FDMExec[32m [repeated 62x across cluster][0m
[36m(SingleAgentEnvRunner pid=64580)[0m [JSB][Init] after new AIP_FDMExec ptr=000001FF40B91500[32m [repeated 62x across cluster][0m
[36m(SingleAgentEnvRunner pid=64580)[0m [JSB][Init] before Init_FDM ptr=000001FF40B91500[32m [repeated 62x across cluster][0m
[36m(SingleAgentEnvRunner pid=64580)[0m [JSB][Init] after Init_FDM ptr=000001FF40B91500[32m [repeated 63x across cluster][0m
[36m(SingleAgentEnvRunner pid=64580)[0m [JSB][Init] before Exec_FDM ptr=000001FF40B91500[32m [repeated 63x across cluster][0m
[36m(SingleAgentEnvRunner pid=64580)[0m [JSB][Init] after Exec_FDM ptr=000001FF40B91500[32m [repeated 63x across cluster][0m
[36m(SingleAgentEnvRunner pid=64580)[0m [JSB][Init] before InsertFighter BattleSpace=1 ptr=000001FF40B91500[32m [repeated 63x across cluster][0m
[36m(SingleAgentEnvRunner pid=64580)[0m [JSB][Init] after InsertFighter FighterID=2[32m [repeated 63x across cluster][0m
[36m(SingleAgentEnvRunner pid=64440)[0m [JSB][Reset] fighter_count_after=0[32m [repeated 66x across cluster][0m
[36m(SingleAgentEnvRunner pid=64440)[0m [JSB][Reset] enter BattleSpace=1[32m [repeated 33x across cluster][0m
[36m(SingleAgentEnvRunner pid=64440)[0m [JSB][Reset] after lock found=1 size=1[32m [repeated 33x across cluster][0m
[36m(SingleAgentEnvRunner pid=64440)[0m total: 2[32m [repeated 33x across cluster][0m
[36m(SingleAgentEnvRunner pid=64440)[0m [JSB][Reset] exit after_size=1[32m [repeated 33x across cluster][0m
[36m(SingleAgentEnvRunner pid=65292)[0m runner:15/env:0	num_steps=[249] | total rewards=[2198.0479] | termination= [target destroyed][32m [repeated 12x across cluster][0m
stage=35 | iter_in_stage=72 | total_iter=72 | reward_mean=1155.89 | win_rate=0.407 | crash_rate=0.000 | ep_wez_steps=24.0 | episodes_this_iter=64 | entropy=-3.556 | vf_loss=221.954
[36m(SingleAgentEnvRunner pid=65032)[0m runner:13/env:0	num_steps=[246] | total rewards=[532.6102] | termination= [ownship destroyed][32m [repeated 15x across cluster][0m
[36m(SingleAgentEnvRunner pid=65032)[0m [JSB][Init] enter BattleSpace=1 Type=1 ForceSide=1 Delta=0.0166667[32m [repeated 51x across cluster][0m
[36m(SingleAgentEnvRunner pid=65032)[0m [JSB][Init] registry size=1[32m [repeated 51x across cluster][0m
[36m(SingleAgentEnvRunner pid=65032)[0m [JSB][Init] before new AIP_FDMExec[32m [repeated 51x across cluster][0m
[36m(SingleAgentEnvRunner pid=65032)[0m [JSB][Init] after new AIP_FDMExec ptr=0000023C11C09F40[32m [repeated 51x across cluster][0m
[36m(SingleAgentEnvRunner pid=65032)[0m [JSB][Init] before Init_FDM ptr=0000023C11C09F40[32m [repeated 51x across cluster][0m
[36m(SingleAgentEnvRunner pid=65060)[0m [JSB][Init] after Init_FDM ptr=0000025512008F50[32m [repeated 50x across cluster][0m
[36m(SingleAgentEnvRunner pid=65060)[0m [JSB][Init] before Exec_FDM ptr=0000025512008F50[32m [repeated 50x across cluster][0m
[36m(SingleAgentEnvRunner pid=65060)[0m [JSB][Init] after Exec_FDM ptr=0000025512008F50[32m [repeated 50x across cluster][0m
[36m(SingleAgentEnvRunner pid=65060)[0m [JSB][Init] before InsertFighter BattleSpace=1 ptr=0000025512008F50[32m [repeated 50x across cluster][0m
[36m(SingleAgentEnvRunner pid=65060)[0m [JSB][Init] after InsertFighter FighterID=2[32m [repeated 50x across cluster][0m
[36m(SingleAgentEnvRunner pid=65032)[0m [JSB][Reset] fighter_count_after=0[32m [repeated 46x across cluster][0m
[36m(SingleAgentEnvRunner pid=65032)[0m [JSB][Reset] enter BattleSpace=1[32m [repeated 23x across cluster][0m
[36m(SingleAgentEnvRunner pid=65032)[0m [JSB][Reset] after lock found=1 size=1[32m [repeated 23x across cluster][0m
[36m(SingleAgentEnvRunner pid=65032)[0m total: 2[32m [repeated 23x across cluster][0m
[36m(SingleAgentEnvRunner pid=65032)[0m [JSB][Reset] exit after_size=1[32m [repeated 23x across cluster][0m
[36m(SingleAgentEnvRunner pid=23528)[0m runner:4/env:0	num_steps=[248] | total rewards=[2209.1922] | termination= [target destroyed][32m [repeated 8x across cluster][0m
[36m(SingleAgentEnvRunner pid=65060)[0m runner:12/env:0	num_steps=[252] | total rewards=[542.2204] | termination= [ownship destroyed][32m [repeated 19x across cluster][0m
[36m(SingleAgentEnvRunner pid=60068)[0m [JSB][Init] enter BattleSpace=1 Type=1 ForceSide=1 Delta=0.0166667[32m [repeated 62x across cluster][0m
[36m(SingleAgentEnvRunner pid=60068)[0m [JSB][Init] registry size=1[32m [repeated 62x across cluster][0m
[36m(SingleAgentEnvRunner pid=60068)[0m [JSB][Init] before new AIP_FDMExec[32m [repeated 62x across cluster][0m
[36m(SingleAgentEnvRunner pid=60068)[0m [JSB][Init] after new AIP_FDMExec ptr=000002AB91C24B00[32m [repeated 62x across cluster][0m
[36m(SingleAgentEnvRunner pid=60068)[0m [JSB][Init] before Init_FDM ptr=000002AB91C24B00[32m [repeated 62x across cluster][0m
[36m(SingleAgentEnvRunner pid=65060)[0m [JSB][Init] after Init_FDM ptr=0000025512009BB0[32m [repeated 61x across cluster][0m
[36m(SingleAgentEnvRunner pid=65060)[0m [JSB][Init] before Exec_FDM ptr=0000025512009BB0[32m [repeated 61x across cluster][0m
[36m(SingleAgentEnvRunner pid=65060)[0m [JSB][Init] after Exec_FDM ptr=0000025512009BB0[32m [repeated 61x across cluster][0m
[36m(SingleAgentEnvRunner pid=65060)[0m [JSB][Init] before InsertFighter BattleSpace=1 ptr=0000025512009BB0[32m [repeated 61x across cluster][0m
[36m(SingleAgentEnvRunner pid=65060)[0m [JSB][Init] after InsertFighter FighterID=1[32m [repeated 61x across cluster][0m
[36m(SingleAgentEnvRunner pid=60068)[0m [JSB][Reset] fighter_count_after=0[32m [repeated 62x across cluster][0m
[36m(SingleAgentEnvRunner pid=65060)[0m [JSB][Reset] enter BattleSpace=1[32m [repeated 31x across cluster][0m
[36m(SingleAgentEnvRunner pid=65060)[0m [JSB][Reset] after lock found=1 size=1[32m [repeated 31x across cluster][0m
[36m(SingleAgentEnvRunner pid=65060)[0m total: 2[32m [repeated 31x across cluster][0m
[36m(SingleAgentEnvRunner pid=60068)[0m [JSB][Reset] exit after_size=1[32m [repeated 31x across cluster][0m
[36m(SingleAgentEnvRunner pid=23528)[0m runner:4/env:0	num_steps=[258] | total rewards=[2197.2746] | termination= [target destroyed][32m [repeated 12x across cluster][0m
[36m(SingleAgentEnvRunner pid=60068)[0m runner:5/env:0	num_steps=[252] | total rewards=[523.1135] | termination= [ownship destroyed][32m [repeated 18x across cluster][0m
[36m(SingleAgentEnvRunner pid=60068)[0m [JSB][Init] enter BattleSpace=1 Type=1 ForceSide=1 Delta=0.0166667[32m [repeated 60x across cluster][0m
[36m(SingleAgentEnvRunner pid=60068)[0m [JSB][Init] registry size=1[32m [repeated 60x across cluster][0m
[36m(SingleAgentEnvRunner pid=60068)[0m [JSB][Init] before new AIP_FDMExec[32m [repeated 60x across cluster][0m
[36m(SingleAgentEnvRunner pid=60068)[0m [JSB][Init] after new AIP_FDMExec ptr=000002AB91C280A0[32m [repeated 60x across cluster][0m
[36m(SingleAgentEnvRunner pid=60068)[0m [JSB][Init] before Init_FDM ptr=000002AB91C280A0[32m [repeated 60x across cluster][0m
[36m(SingleAgentEnvRunner pid=65060)[0m [JSB][Init] after Init_FDM ptr=000002551200A600[32m [repeated 61x across cluster][0m
[36m(SingleAgentEnvRunner pid=65060)[0m [JSB][Init] before Exec_FDM ptr=000002551200A600[32m [repeated 61x across cluster][0m
[36m(SingleAgentEnvRunner pid=65060)[0m [JSB][Init] after Exec_FDM ptr=000002551200A600[32m [repeated 61x across cluster][0m
[36m(SingleAgentEnvRunner pid=65060)[0m [JSB][Init] before InsertFighter BattleSpace=1 ptr=000002551200A600[32m [repeated 61x across cluster][0m
[36m(SingleAgentEnvRunner pid=65060)[0m [JSB][Init] after InsertFighter FighterID=2[32m [repeated 61x across cluster][0m
[36m(SingleAgentEnvRunner pid=23528)[0m [JSB][Reset] fighter_count_after=0[32m [repeated 64x across cluster][0m
[36m(SingleAgentEnvRunner pid=23528)[0m [JSB][Reset] enter BattleSpace=1[32m [repeated 32x across cluster][0m
[36m(SingleAgentEnvRunner pid=23528)[0m [JSB][Reset] after lock found=1 size=1[32m [repeated 32x across cluster][0m
[36m(SingleAgentEnvRunner pid=23528)[0m total: 2[32m [repeated 32x across cluster][0m
[36m(SingleAgentEnvRunner pid=23528)[0m [JSB][Reset] exit after_size=1[32m [repeated 32x across cluster][0m
[36m(SingleAgentEnvRunner pid=23528)[0m runner:4/env:0	num_steps=[249] | total rewards=[2210.0719] | termination= [target destroyed][32m [repeated 14x across cluster][0m
stage=35 | iter_in_stage=73 | total_iter=73 | reward_mean=1186.91 | win_rate=0.406 | crash_rate=0.000 | ep_wez_steps=23.8 | episodes_this_iter=64 | entropy=-3.543 | vf_loss=278.527
[36m(SingleAgentEnvRunner pid=64368)[0m runner:6/env:0	num_steps=[266] | total rewards=[495.3176] | termination= [ownship destroyed][32m [repeated 2x across cluster][0m
[36m(SingleAgentEnvRunner pid=63828)[0m [JSB][Init] enter BattleSpace=1 Type=1 ForceSide=1 Delta=0.0166667[32m [repeated 12x across cluster][0m
[36m(SingleAgentEnvRunner pid=63828)[0m [JSB][Init] registry size=1[32m [repeated 12x across cluster][0m
[36m(SingleAgentEnvRunner pid=63828)[0m [JSB][Init] before new AIP_FDMExec[32m [repeated 12x across cluster][0m
[36m(SingleAgentEnvRunner pid=63828)[0m [JSB][Init] after new AIP_FDMExec ptr=0000026D93111370[32m [repeated 12x across cluster][0m
[36m(SingleAgentEnvRunner pid=63828)[0m [JSB][Init] before Init_FDM ptr=0000026D93111370[32m [repeated 12x across cluster][0m
[36m(SingleAgentEnvRunner pid=64536)[0m [JSB][Init] after Init_FDM ptr=000001EA91B93D80[32m [repeated 12x across cluster][0m
[36m(SingleAgentEnvRunner pid=64536)[0m [JSB][Init] before Exec_FDM ptr=000001EA91B93D80[32m [repeated 12x across cluster][0m
[36m(SingleAgentEnvRunner pid=64536)[0m [JSB][Init] after Exec_FDM ptr=000001EA91B93D80[32m [repeated 12x across cluster][0m
[36m(SingleAgentEnvRunner pid=64536)[0m [JSB][Init] before InsertFighter BattleSpace=1 ptr=000001EA91B93D80[32m [repeated 12x across cluster][0m
[36m(SingleAgentEnvRunner pid=64536)[0m [JSB][Init] after InsertFighter FighterID=2[32m [repeated 12x across cluster][0m
[36m(SingleAgentEnvRunner pid=63828)[0m [JSB][Reset] fighter_count_after=0[32m [repeated 8x across cluster][0m
[36m(SingleAgentEnvRunner pid=63828)[0m [JSB][Reset] enter BattleSpace=1[32m [repeated 4x across cluster][0m
[36m(SingleAgentEnvRunner pid=63828)[0m [JSB][Reset] after lock found=1 size=1[32m [repeated 4x across cluster][0m
[36m(SingleAgentEnvRunner pid=63828)[0m total: 2[32m [repeated 4x across cluster][0m
[36m(SingleAgentEnvRunner pid=63828)[0m [JSB][Reset] exit after_size=1[32m [repeated 4x across cluster][0m
[36m(SingleAgentEnvRunner pid=64536)[0m runner:3/env:0	num_steps=[256] | total rewards=[2206.5898] | termination= [target destroyed][32m [repeated 3x across cluster][0m
[36m(SingleAgentEnvRunner pid=63712)[0m runner:9/env:0	num_steps=[250] | total rewards=[560.5724] | termination= [ownship destroyed][32m [repeated 17x across cluster][0m
[36m(SingleAgentEnvRunner pid=64536)[0m [JSB][Init] enter BattleSpace=1 Type=1 ForceSide=2 Delta=0.0166667[32m [repeated 63x across cluster][0m
[36m(SingleAgentEnvRunner pid=64536)[0m [JSB][Init] registry size=1[32m [repeated 63x across cluster][0m
[36m(SingleAgentEnvRunner pid=64536)[0m [JSB][Init] before new AIP_FDMExec[32m [repeated 63x across cluster][0m
[36m(SingleAgentEnvRunner pid=64536)[0m [JSB][Init] after new AIP_FDMExec ptr=000001EA91B95010[32m [repeated 63x across cluster][0m
[36m(SingleAgentEnvRunner pid=64536)[0m [JSB][Init] before Init_FDM ptr=000001EA91B95010[32m [repeated 63x across cluster][0m
[36m(SingleAgentEnvRunner pid=64536)[0m [JSB][Init] after Init_FDM ptr=000001EA91B97950[32m [repeated 62x across cluster][0m
[36m(SingleAgentEnvRunner pid=64536)[0m [JSB][Init] before Exec_FDM ptr=000001EA91B97950[32m [repeated 62x across cluster][0m
[36m(SingleAgentEnvRunner pid=64536)[0m [JSB][Init] after Exec_FDM ptr=000001EA91B97950[32m [repeated 62x across cluster][0m
[36m(SingleAgentEnvRunner pid=64536)[0m [JSB][Init] before InsertFighter BattleSpace=1 ptr=000001EA91B97950[32m [repeated 62x across cluster][0m
[36m(SingleAgentEnvRunner pid=64536)[0m [JSB][Init] after InsertFighter FighterID=1[32m [repeated 62x across cluster][0m
[36m(SingleAgentEnvRunner pid=63712)[0m [JSB][Reset] fighter_count_after=0[32m [repeated 64x across cluster][0m
[36m(SingleAgentEnvRunner pid=63712)[0m [JSB][Reset] enter BattleSpace=1[32m [repeated 32x across cluster][0m
[36m(SingleAgentEnvRunner pid=63712)[0m [JSB][Reset] after lock found=1 size=1[32m [repeated 32x across cluster][0m
[36m(SingleAgentEnvRunner pid=63712)[0m total: 2[32m [repeated 32x across cluster][0m
[36m(SingleAgentEnvRunner pid=63712)[0m [JSB][Reset] exit after_size=1[32m [repeated 32x across cluster][0m
[36m(SingleAgentEnvRunner pid=65032)[0m runner:13/env:0	num_steps=[250] | total rewards=[2234.5827] | termination= [target destroyed][32m [repeated 14x across cluster][0m
[36m(SingleAgentEnvRunner pid=63712)[0m runner:9/env:0	num_steps=[257] | total rewards=[545.6425] | termination= [ownship destroyed][32m [repeated 18x across cluster][0m
[36m(SingleAgentEnvRunner pid=63712)[0m [JSB][Init] enter BattleSpace=1 Type=1 ForceSide=2 Delta=0.0166667[32m [repeated 60x across cluster][0m
[36m(SingleAgentEnvRunner pid=63712)[0m [JSB][Init] registry size=1[32m [repeated 60x across cluster][0m
[36m(SingleAgentEnvRunner pid=63712)[0m [JSB][Init] before new AIP_FDMExec[32m [repeated 60x across cluster][0m
[36m(SingleAgentEnvRunner pid=63712)[0m [JSB][Init] after new AIP_FDMExec ptr=000001C091881850[32m [repeated 60x across cluster][0m
[36m(SingleAgentEnvRunner pid=63712)[0m [JSB][Init] before Init_FDM ptr=000001C091881850[32m [repeated 60x across cluster][0m
[36m(SingleAgentEnvRunner pid=63712)[0m [JSB][Init] after Init_FDM ptr=000001C091881850[32m [repeated 62x across cluster][0m
[36m(SingleAgentEnvRunner pid=63712)[0m [JSB][Init] before Exec_FDM ptr=000001C091881850[32m [repeated 62x across cluster][0m
[36m(SingleAgentEnvRunner pid=63712)[0m [JSB][Init] after Exec_FDM ptr=000001C091881850[32m [repeated 62x across cluster][0m
[36m(SingleAgentEnvRunner pid=63712)[0m [JSB][Init] before InsertFighter BattleSpace=1 ptr=000001C091881850[32m [repeated 62x across cluster][0m
[36m(SingleAgentEnvRunner pid=63712)[0m [JSB][Init] after InsertFighter FighterID=2[32m [repeated 62x across cluster][0m
[36m(SingleAgentEnvRunner pid=63712)[0m [JSB][Reset] fighter_count_after=0[32m [repeated 58x across cluster][0m
[36m(SingleAgentEnvRunner pid=63712)[0m [JSB][Reset] enter BattleSpace=1[32m [repeated 29x across cluster][0m
[36m(SingleAgentEnvRunner pid=63712)[0m [JSB][Reset] after lock found=1 size=1[32m [repeated 29x across cluster][0m
[36m(SingleAgentEnvRunner pid=63712)[0m total: 2[32m [repeated 29x across cluster][0m
[36m(SingleAgentEnvRunner pid=63712)[0m [JSB][Reset] exit after_size=1[32m [repeated 29x across cluster][0m
[36m(SingleAgentEnvRunner pid=23528)[0m runner:4/env:0	num_steps=[254] | total rewards=[2215.2073] | termination= [target destroyed][32m [repeated 11x across cluster][0m
stage=35 | iter_in_stage=74 | total_iter=74 | reward_mean=1251.62 | win_rate=0.431 | crash_rate=0.000 | ep_wez_steps=23.9 | episodes_this_iter=65 | entropy=-3.556 | vf_loss=308.268
[36m(SingleAgentEnvRunner pid=65136)[0m runner:14/env:0	num_steps=[255] | total rewards=[521.7042] | termination= [ownship destroyed][32m [repeated 8x across cluster][0m
[36m(SingleAgentEnvRunner pid=23528)[0m [JSB][Init] enter BattleSpace=1 Type=1 ForceSide=1 Delta=0.0166667[32m [repeated 18x across cluster][0m
[36m(SingleAgentEnvRunner pid=23528)[0m [JSB][Init] registry size=1[32m [repeated 18x across cluster][0m
[36m(SingleAgentEnvRunner pid=23528)[0m [JSB][Init] before new AIP_FDMExec[32m [repeated 18x across cluster][0m
[36m(SingleAgentEnvRunner pid=23528)[0m [JSB][Init] after new AIP_FDMExec ptr=000002310F393BD0[32m [repeated 18x across cluster][0m
[36m(SingleAgentEnvRunner pid=23528)[0m [JSB][Init] before Init_FDM ptr=000002310F393BD0[32m [repeated 18x across cluster][0m
[36m(SingleAgentEnvRunner pid=64928)[0m [JSB][Init] after Init_FDM ptr=000002569190F3A0[32m [repeated 16x across cluster][0m
[36m(SingleAgentEnvRunner pid=64928)[0m [JSB][Init] before Exec_FDM ptr=000002569190F3A0[32m [repeated 16x across cluster][0m
[36m(SingleAgentEnvRunner pid=64928)[0m [JSB][Init] after Exec_FDM ptr=000002569190F3A0[32m [repeated 16x across cluster][0m
[36m(SingleAgentEnvRunner pid=64928)[0m [JSB][Init] before InsertFighter BattleSpace=1 ptr=000002569190F3A0[32m [repeated 16x across cluster][0m
[36m(SingleAgentEnvRunner pid=64928)[0m [JSB][Init] after InsertFighter FighterID=2[32m [repeated 16x across cluster][0m
[36m(SingleAgentEnvRunner pid=23528)[0m [JSB][Reset] fighter_count_after=0[32m [repeated 24x across cluster][0m
[36m(SingleAgentEnvRunner pid=23528)[0m [JSB][Reset] enter BattleSpace=1[32m [repeated 12x across cluster][0m
[36m(SingleAgentEnvRunner pid=23528)[0m [JSB][Reset] after lock found=1 size=1[32m [repeated 12x across cluster][0m
[36m(SingleAgentEnvRunner pid=23528)[0m total: 2[32m [repeated 12x across cluster][0m
[36m(SingleAgentEnvRunner pid=23528)[0m [JSB][Reset] exit after_size=1[32m [repeated 12x across cluster][0m
[36m(SingleAgentEnvRunner pid=23528)[0m runner:4/env:0	num_steps=[254] | total rewards=[2184.7138] | termination= [target destroyed][32m [repeated 4x across cluster][0m
[36m(SingleAgentEnvRunner pid=60068)[0m runner:5/env:0	num_steps=[245] | total rewards=[497.3222] | termination= [ownship destroyed][32m [repeated 15x across cluster][0m
[36m(SingleAgentEnvRunner pid=17636)[0m [JSB][Init] enter BattleSpace=1 Type=1 ForceSide=2 Delta=0.0166667[32m [repeated 66x across cluster][0m
[36m(SingleAgentEnvRunner pid=17636)[0m [JSB][Init] registry size=1[32m [repeated 66x across cluster][0m
[36m(SingleAgentEnvRunner pid=17636)[0m [JSB][Init] before new AIP_FDMExec[32m [repeated 66x across cluster][0m
[36m(SingleAgentEnvRunner pid=17636)[0m [JSB][Init] after new AIP_FDMExec ptr=000001BD16D52030[32m [repeated 66x across cluster][0m
[36m(SingleAgentEnvRunner pid=17636)[0m [JSB][Init] before Init_FDM ptr=000001BD16D52030[32m [repeated 66x across cluster][0m
[36m(SingleAgentEnvRunner pid=17636)[0m [JSB][Init] after Init_FDM ptr=000001BD16D50560[32m [repeated 67x across cluster][0m
[36m(SingleAgentEnvRunner pid=17636)[0m [JSB][Init] before Exec_FDM ptr=000001BD16D50560[32m [repeated 67x across cluster][0m
[36m(SingleAgentEnvRunner pid=17636)[0m [JSB][Init] after Exec_FDM ptr=000001BD16D50560[32m [repeated 67x across cluster][0m
[36m(SingleAgentEnvRunner pid=17636)[0m [JSB][Init] before InsertFighter BattleSpace=1 ptr=000001BD16D50560[32m [repeated 67x across cluster][0m
[36m(SingleAgentEnvRunner pid=17636)[0m [JSB][Init] after InsertFighter FighterID=1[32m [repeated 67x across cluster][0m
[36m(SingleAgentEnvRunner pid=60068)[0m [JSB][Reset] fighter_count_after=0[32m [repeated 62x across cluster][0m
[36m(SingleAgentEnvRunner pid=60068)[0m [JSB][Reset] enter BattleSpace=1[32m [repeated 31x across cluster][0m
[36m(SingleAgentEnvRunner pid=60068)[0m [JSB][Reset] after lock found=1 size=1[32m [repeated 31x across cluster][0m
[36m(SingleAgentEnvRunner pid=60068)[0m total: 2[32m [repeated 31x across cluster][0m
[36m(SingleAgentEnvRunner pid=60068)[0m [JSB][Reset] exit after_size=1[32m [repeated 31x across cluster][0m
[36m(SingleAgentEnvRunner pid=64928)[0m runner:1/env:0	num_steps=[262] | total rewards=[2243.8233] | termination= [target destroyed][32m [repeated 16x across cluster][0m
[DogFightEnv][PolicyProbe] iter=75 ramp:a=[-0.782,-0.959,0.275,0.213] s=22.361 | target_ahead:a=[0.843,-0.482,-0.972,-0.345] s=19.096 | target_left:a=[-0.757,-1.686,1.066,0.016] s=21.150 | zero_hold:a=[-0.112,-0.246,-0.162,1.171] s=12.548
[JSB][CreateBattleSpace] enter Space@00000001803EE598 SpaceMutex@00000001803DE000
[JSB][CreateBattleSpace] before newspace
[JSB][CreateBattleSpace] newspace=0000022192F867F0 use_count=1
[JSB][CreateBattleSpace] before lock
[JSB][CreateBattleSpace] after lock size=0
[JSB][CreateBattleSpace] insert id=1 success=1 final_size=1 stored=0000022192F867F0
init ID:1 Lat37.92003070998819 Lon128.18188127777776 Alt(meter)4572.029042862364 Speed(m/sec)200.0
[JSB][Init] enter BattleSpace=1 Type=1 ForceSide=1 Delta=0.0166667
[JSB][Init] registry size=1
[JSB][Init] before new AIP_FDMExec
[JSB][Init] after new AIP_FDMExec ptr=000002219B8A7C70
[JSB][Init] before Init_FDM ptr=000002219B8A7C70
[JSB][Init] after Init_FDM ptr=000002219B8A7C70
[JSB][Init] before Exec_FDM ptr=000002219B8A7C70
[JSB][Init] after Exec_FDM ptr=000002219B8A7C70
[JSB][Init] before InsertFighter BattleSpace=1 ptr=000002219B8A7C70
[JSB][Init] after InsertFighter FighterID=1
init ID:1 Lat37.91455691666667 Lon128.18188127777776 Alt(meter)4572.000000000235 Speed(m/sec)200.0
[JSB][Init] enter BattleSpace=1 Type=1 ForceSide=2 Delta=0.0166667
[JSB][Init] registry size=1
[JSB][Init] before new AIP_FDMExec
[JSB][Init] after new AIP_FDMExec ptr=000002219B8A7E80
[JSB][Init] before Init_FDM ptr=000002219B8A7E80
[JSB][Init] after Init_FDM ptr=000002219B8A7E80
[JSB][Init] before Exec_FDM ptr=000002219B8A7E80
[JSB][Init] after Exec_FDM ptr=000002219B8A7E80
[JSB][Init] before InsertFighter BattleSpace=1 ptr=000002219B8A7E80
[JSB][Init] after InsertFighter FighterID=2
[JSB][Reset] enter BattleSpace=1
[JSB][Reset] after lock found=1 size=1
[JSB][Reset] FighterPtr=0000022192F867F0 fighter_count_before=2
total: 2
[JSB][Reset] fighter_count_after=0
[JSB][Reset] exit after_size=1
[JSB][Init] enter BattleSpace=1 Type=1 ForceSide=1 Delta=0.0166667
[JSB][Init] registry size=1
[JSB][Init] before new AIP_FDMExec
[JSB][Init] after new AIP_FDMExec ptr=000002219B8A5120
[JSB][Init] before Init_FDM ptr=000002219B8A5120
[JSB][Init] after Init_FDM ptr=000002219B8A5120
[JSB][Init] before Exec_FDM ptr=000002219B8A5120
[JSB][Init] after Exec_FDM ptr=000002219B8A5120
[JSB][Init] before InsertFighter BattleSpace=1 ptr=000002219B8A5120
[JSB][Init] after InsertFighter FighterID=1
[JSB][Init] enter BattleSpace=1 Type=1 ForceSide=2 Delta=0.0166667
[JSB][Init] registry size=1
[JSB][Init] before new AIP_FDMExec
[JSB][Init] after new AIP_FDMExec ptr=000002219B8A7E80
[JSB][Init] before Init_FDM ptr=000002219B8A7E80
[JSB][Init] after Init_FDM ptr=000002219B8A7E80
[JSB][Init] before Exec_FDM ptr=000002219B8A7E80
[JSB][Init] after Exec_FDM ptr=000002219B8A7E80
[JSB][Init] before InsertFighter BattleSpace=1 ptr=000002219B8A7E80
[JSB][Init] after InsertFighter FighterID=2
runner:engagement_replay/env:0	num_steps=[253] | total rewards=[536.3093] | termination= [ownship destroyed]
[JSB][RemoveSpace] enter BattleSpace=1
[JSB][RemoveSpace] after lock found=1 size=1
[JSB][RemoveSpace] FighterPtr=0000022192F867F0 fighter_count_before=2
[JSB][RemoveSpace] fighter_count_after=0
Remove Space Complete.
[JSB][RemoveSpace] exit after_size=0
[JSB][CreateBattleSpace] enter Space@00000001803EE598 SpaceMutex@00000001803DE000
[JSB][CreateBattleSpace] before newspace
[JSB][CreateBattleSpace] newspace=000002219B27DE20 use_count=1
[JSB][CreateBattleSpace] before lock
[JSB][CreateBattleSpace] after lock size=0
[JSB][CreateBattleSpace] insert id=1 success=1 final_size=1 stored=000002219B27DE20
init ID:1 Lat37.92003070998819 Lon128.18188127777776 Alt(meter)4572.029042862364 Speed(m/sec)200.0
[JSB][Init] enter BattleSpace=1 Type=1 ForceSide=1 Delta=0.0166667
[JSB][Init] registry size=1
[JSB][Init] before new AIP_FDMExec
[JSB][Init] after new AIP_FDMExec ptr=000002219B8A5540
[JSB][Init] before Init_FDM ptr=000002219B8A5540
[JSB][Init] after Init_FDM ptr=000002219B8A5540
[JSB][Init] before Exec_FDM ptr=000002219B8A5540
[JSB][Init] after Exec_FDM ptr=000002219B8A5540
[JSB][Init] before InsertFighter BattleSpace=1 ptr=000002219B8A5540
[JSB][Init] after InsertFighter FighterID=1
init ID:1 Lat37.91455691666667 Lon128.18188127777776 Alt(meter)4572.000000000235 Speed(m/sec)200.0
[JSB][Init] enter BattleSpace=1 Type=1 ForceSide=2 Delta=0.0166667
[JSB][Init] registry size=1
[JSB][Init] before new AIP_FDMExec
[JSB][Init] after new AIP_FDMExec ptr=000002219B8A44C0
[JSB][Init] before Init_FDM ptr=000002219B8A44C0
[JSB][Init] after Init_FDM ptr=000002219B8A44C0
[JSB][Init] before Exec_FDM ptr=000002219B8A44C0
[JSB][Init] after Exec_FDM ptr=000002219B8A44C0
[JSB][Init] before InsertFighter BattleSpace=1 ptr=000002219B8A44C0
[JSB][Init] after InsertFighter FighterID=2
[JSB][Reset] enter BattleSpace=1
[JSB][Reset] after lock found=1 size=1
[JSB][Reset] FighterPtr=000002219B27DE20 fighter_count_before=2
total: 2
[JSB][Reset] fighter_count_after=0
[JSB][Reset] exit after_size=1
[JSB][Init] enter BattleSpace=1 Type=1 ForceSide=1 Delta=0.0166667
[JSB][Init] registry size=1
[JSB][Init] before new AIP_FDMExec
[JSB][Init] after new AIP_FDMExec ptr=000002219B8A5540
[JSB][Init] before Init_FDM ptr=000002219B8A5540
[JSB][Init] after Init_FDM ptr=000002219B8A5540
[JSB][Init] before Exec_FDM ptr=000002219B8A5540
[JSB][Init] after Exec_FDM ptr=000002219B8A5540
[JSB][Init] before InsertFighter BattleSpace=1 ptr=000002219B8A5540
[JSB][Init] after InsertFighter FighterID=1
[JSB][Init] enter BattleSpace=1 Type=1 ForceSide=2 Delta=0.0166667
[JSB][Init] registry size=1
[JSB][Init] before new AIP_FDMExec
[JSB][Init] after new AIP_FDMExec ptr=000002219B8A63B0
[JSB][Init] before Init_FDM ptr=000002219B8A63B0
[JSB][Init] after Init_FDM ptr=000002219B8A63B0
[JSB][Init] before Exec_FDM ptr=000002219B8A63B0
[JSB][Init] after Exec_FDM ptr=000002219B8A63B0
[JSB][Init] before InsertFighter BattleSpace=1 ptr=000002219B8A63B0
[JSB][Init] after InsertFighter FighterID=2
runner:engagement_replay/env:0	num_steps=[258] | total rewards=[532.6373] | termination= [ownship destroyed]
[JSB][RemoveSpace] enter BattleSpace=1
[JSB][RemoveSpace] after lock found=1 size=1
[JSB][RemoveSpace] FighterPtr=000002219B27DE20 fighter_count_before=2
[JSB][RemoveSpace] fighter_count_after=0
Remove Space Complete.
[JSB][RemoveSpace] exit after_size=0
[JSB][CreateBattleSpace] enter Space@00000001803EE598 SpaceMutex@00000001803DE000
[JSB][CreateBattleSpace] before newspace
[JSB][CreateBattleSpace] newspace=000002219B27E3C0 use_count=1
[JSB][CreateBattleSpace] before lock
[JSB][CreateBattleSpace] after lock size=0
[JSB][CreateBattleSpace] insert id=1 success=1 final_size=1 stored=000002219B27E3C0
init ID:1 Lat37.92003070998819 Lon128.18188127777776 Alt(meter)4572.029042862364 Speed(m/sec)200.0
[JSB][Init] enter BattleSpace=1 Type=1 ForceSide=1 Delta=0.0166667
[JSB][Init] registry size=1
[JSB][Init] before new AIP_FDMExec
[JSB][Init] after new AIP_FDMExec ptr=000002219B8A6BF0
[JSB][Init] before Init_FDM ptr=000002219B8A6BF0
[JSB][Init] after Init_FDM ptr=000002219B8A6BF0
[JSB][Init] before Exec_FDM ptr=000002219B8A6BF0
[JSB][Init] after Exec_FDM ptr=000002219B8A6BF0
[JSB][Init] before InsertFighter BattleSpace=1 ptr=000002219B8A6BF0
[JSB][Init] after InsertFighter FighterID=1
init ID:1 Lat37.91455691666667 Lon128.18188127777776 Alt(meter)4572.000000000235 Speed(m/sec)200.0
[JSB][Init] enter BattleSpace=1 Type=1 ForceSide=2 Delta=0.0166667
[JSB][Init] registry size=1
[JSB][Init] before new AIP_FDMExec
[JSB][Init] after new AIP_FDMExec ptr=000002219B8A67D0
[JSB][Init] before Init_FDM ptr=000002219B8A67D0
[JSB][Init] after Init_FDM ptr=000002219B8A67D0
[JSB][Init] before Exec_FDM ptr=000002219B8A67D0
[JSB][Init] after Exec_FDM ptr=000002219B8A67D0
[JSB][Init] before InsertFighter BattleSpace=1 ptr=000002219B8A67D0
[JSB][Init] after InsertFighter FighterID=2
[JSB][Reset] enter BattleSpace=1
[JSB][Reset] after lock found=1 size=1
[JSB][Reset] FighterPtr=000002219B27E3C0 fighter_count_before=2
total: 2
[JSB][Reset] fighter_count_after=0
[JSB][Reset] exit after_size=1
[JSB][Init] enter BattleSpace=1 Type=1 ForceSide=1 Delta=0.0166667
[JSB][Init] registry size=1
[JSB][Init] before new AIP_FDMExec
[JSB][Init] after new AIP_FDMExec ptr=000002219B8A7850
[JSB][Init] before Init_FDM ptr=000002219B8A7850
[JSB][Init] after Init_FDM ptr=000002219B8A7850
[JSB][Init] before Exec_FDM ptr=000002219B8A7850
[JSB][Init] after Exec_FDM ptr=000002219B8A7850
[JSB][Init] before InsertFighter BattleSpace=1 ptr=000002219B8A7850
[JSB][Init] after InsertFighter FighterID=1
[JSB][Init] enter BattleSpace=1 Type=1 ForceSide=2 Delta=0.0166667
[JSB][Init] registry size=1
[JSB][Init] before new AIP_FDMExec
[JSB][Init] after new AIP_FDMExec ptr=000002219B8A8090
[JSB][Init] before Init_FDM ptr=000002219B8A8090
[JSB][Init] after Init_FDM ptr=000002219B8A8090
[JSB][Init] before Exec_FDM ptr=000002219B8A8090
[JSB][Init] after Exec_FDM ptr=000002219B8A8090
[JSB][Init] before InsertFighter BattleSpace=1 ptr=000002219B8A8090
[JSB][Init] after InsertFighter FighterID=2
runner:engagement_replay/env:0	num_steps=[247] | total rewards=[499.8527] | termination= [ownship destroyed]
[JSB][RemoveSpace] enter BattleSpace=1
[JSB][RemoveSpace] after lock found=1 size=1
[JSB][RemoveSpace] FighterPtr=000002219B27E3C0 fighter_count_before=2
[JSB][RemoveSpace] fighter_count_after=0
Remove Space Complete.
[JSB][RemoveSpace] exit after_size=0
[DogFightEnv][EngagementReplay] iter=75 ep=0 steps=253 outcome=loss min_dist=207.75 | ep=1 steps=258 outcome=loss min_dist=208.46 | ep=2 steps=247 outcome=loss min_dist=223.05
stage=35 | iter_in_stage=75 | total_iter=75 | reward_mean=1262.79 | win_rate=0.444 | crash_rate=0.000 | ep_wez_steps=23.8 | episodes_this_iter=65 | entropy=-3.564 | vf_loss=200.394
[36m(SingleAgentEnvRunner pid=23528)[0m runner:4/env:0	num_steps=[254] | total rewards=[502.2381] | termination= [ownship destroyed][32m [repeated 13x across cluster][0m
[36m(SingleAgentEnvRunner pid=64536)[0m [JSB][Init] enter BattleSpace=1 Type=1 ForceSide=2 Delta=0.0166667[32m [repeated 48x across cluster][0m
[36m(SingleAgentEnvRunner pid=64536)[0m [JSB][Init] registry size=1[32m [repeated 48x across cluster][0m
[36m(SingleAgentEnvRunner pid=64536)[0m [JSB][Init] before new AIP_FDMExec[32m [repeated 48x across cluster][0m
[36m(SingleAgentEnvRunner pid=64536)[0m [JSB][Init] after new AIP_FDMExec ptr=000001EA91B8B770[32m [repeated 47x across cluster][0m
[36m(SingleAgentEnvRunner pid=64536)[0m [JSB][Init] before Init_FDM ptr=000001EA91B8B770[32m [repeated 47x across cluster][0m
[36m(SingleAgentEnvRunner pid=64536)[0m [JSB][Init] after Init_FDM ptr=000001EA91B8B770[32m [repeated 48x across cluster][0m
[36m(SingleAgentEnvRunner pid=64536)[0m [JSB][Init] before Exec_FDM ptr=000001EA91B8B770[32m [repeated 48x across cluster][0m
[36m(SingleAgentEnvRunner pid=64536)[0m [JSB][Init] after Exec_FDM ptr=000001EA91B8B770[32m [repeated 48x across cluster][0m
[36m(SingleAgentEnvRunner pid=64536)[0m [JSB][Init] before InsertFighter BattleSpace=1 ptr=000001EA91B8B770[32m [repeated 48x across cluster][0m
[36m(SingleAgentEnvRunner pid=64536)[0m [JSB][Init] after InsertFighter FighterID=1[32m [repeated 48x across cluster][0m
[36m(SingleAgentEnvRunner pid=64536)[0m [JSB][Reset] fighter_count_after=0[32m [repeated 46x across cluster][0m
[36m(SingleAgentEnvRunner pid=64536)[0m [JSB][Reset] enter BattleSpace=1[32m [repeated 23x across cluster][0m
[36m(SingleAgentEnvRunner pid=64536)[0m [JSB][Reset] after lock found=1 size=1[32m [repeated 23x across cluster][0m
[36m(SingleAgentEnvRunner pid=64536)[0m total: 2[32m [repeated 23x across cluster][0m
[36m(SingleAgentEnvRunner pid=64536)[0m [JSB][Reset] exit after_size=1[32m [repeated 23x across cluster][0m
[36m(SingleAgentEnvRunner pid=64536)[0m runner:3/env:0	num_steps=[253] | total rewards=[2232.0668] | termination= [target destroyed][32m [repeated 10x across cluster][0m
[36m(SingleAgentEnvRunner pid=64536)[0m runner:3/env:0	num_steps=[247] | total rewards=[494.1765] | termination= [ownship destroyed][32m [repeated 19x across cluster][0m
[36m(SingleAgentEnvRunner pid=65032)[0m [JSB][Init] enter BattleSpace=1 Type=1 ForceSide=2 Delta=0.0166667[32m [repeated 61x across cluster][0m
[36m(SingleAgentEnvRunner pid=65032)[0m [JSB][Init] registry size=1[32m [repeated 61x across cluster][0m
[36m(SingleAgentEnvRunner pid=65032)[0m [JSB][Init] before new AIP_FDMExec[32m [repeated 61x across cluster][0m
[36m(SingleAgentEnvRunner pid=65032)[0m [JSB][Init] after new AIP_FDMExec ptr=0000023C1201E460[32m [repeated 61x across cluster][0m
[36m(SingleAgentEnvRunner pid=65032)[0m [JSB][Init] before Init_FDM ptr=0000023C1201E460[32m [repeated 61x across cluster][0m
[36m(SingleAgentEnvRunner pid=65032)[0m [JSB][Init] after Init_FDM ptr=0000023C1201E460[32m [repeated 61x across cluster][0m
[36m(SingleAgentEnvRunner pid=65032)[0m [JSB][Init] before Exec_FDM ptr=0000023C1201E460[32m [repeated 61x across cluster][0m
[36m(SingleAgentEnvRunner pid=65032)[0m [JSB][Init] after Exec_FDM ptr=0000023C1201E460[32m [repeated 61x across cluster][0m
[36m(SingleAgentEnvRunner pid=65032)[0m [JSB][Init] before InsertFighter BattleSpace=1 ptr=0000023C1201E460[32m [repeated 61x across cluster][0m
[36m(SingleAgentEnvRunner pid=65032)[0m [JSB][Init] after InsertFighter FighterID=2[32m [repeated 61x across cluster][0m
[36m(SingleAgentEnvRunner pid=64536)[0m [JSB][Reset] fighter_count_after=0[32m [repeated 64x across cluster][0m
[36m(SingleAgentEnvRunner pid=64536)[0m [JSB][Reset] enter BattleSpace=1[32m [repeated 32x across cluster][0m
[36m(SingleAgentEnvRunner pid=64536)[0m [JSB][Reset] after lock found=1 size=1[32m [repeated 32x across cluster][0m
[36m(SingleAgentEnvRunner pid=64536)[0m total: 2[32m [repeated 32x across cluster][0m
[36m(SingleAgentEnvRunner pid=64536)[0m [JSB][Reset] exit after_size=1[32m [repeated 32x across cluster][0m
[36m(SingleAgentEnvRunner pid=65060)[0m runner:12/env:0	num_steps=[246] | total rewards=[2270.2315] | termination= [target destroyed][32m [repeated 13x across cluster][0m
[36m(SingleAgentEnvRunner pid=65032)[0m runner:13/env:0	num_steps=[251] | total rewards=[460.4297] | termination= [ownship destroyed][32m [repeated 23x across cluster][0m
[36m(SingleAgentEnvRunner pid=65032)[0m [JSB][Init] enter BattleSpace=1 Type=1 ForceSide=1 Delta=0.0166667[32m [repeated 60x across cluster][0m
[36m(SingleAgentEnvRunner pid=65032)[0m [JSB][Init] registry size=1[32m [repeated 60x across cluster][0m
[36m(SingleAgentEnvRunner pid=65032)[0m [JSB][Init] before new AIP_FDMExec[32m [repeated 60x across cluster][0m
[36m(SingleAgentEnvRunner pid=65032)[0m [JSB][Init] after new AIP_FDMExec ptr=0000023C1201B4F0[32m [repeated 61x across cluster][0m
[36m(SingleAgentEnvRunner pid=65032)[0m [JSB][Init] before Init_FDM ptr=0000023C1201B4F0[32m [repeated 61x across cluster][0m
[36m(SingleAgentEnvRunner pid=65060)[0m [JSB][Init] after Init_FDM ptr=000002551200B680[32m [repeated 59x across cluster][0m
[36m(SingleAgentEnvRunner pid=65060)[0m [JSB][Init] before Exec_FDM ptr=000002551200B680[32m [repeated 59x across cluster][0m
[36m(SingleAgentEnvRunner pid=65060)[0m [JSB][Init] after Exec_FDM ptr=000002551200B680[32m [repeated 59x across cluster][0m
[36m(SingleAgentEnvRunner pid=65060)[0m [JSB][Init] before InsertFighter BattleSpace=1 ptr=000002551200B680[32m [repeated 59x across cluster][0m
[36m(SingleAgentEnvRunner pid=65060)[0m [JSB][Init] after InsertFighter FighterID=1[32m [repeated 59x across cluster][0m
[36m(SingleAgentEnvRunner pid=65032)[0m [JSB][Reset] fighter_count_after=0[32m [repeated 58x across cluster][0m
[36m(SingleAgentEnvRunner pid=65032)[0m [JSB][Reset] enter BattleSpace=1[32m [repeated 29x across cluster][0m
[36m(SingleAgentEnvRunner pid=65032)[0m [JSB][Reset] after lock found=1 size=1[32m [repeated 29x across cluster][0m
[36m(SingleAgentEnvRunner pid=65032)[0m total: 2[32m [repeated 29x across cluster][0m
[36m(SingleAgentEnvRunner pid=65032)[0m [JSB][Reset] exit after_size=1[32m [repeated 29x across cluster][0m
[36m(SingleAgentEnvRunner pid=64404)[0m runner:7/env:0	num_steps=[258] | total rewards=[2189.1712] | termination= [target destroyed][32m [repeated 6x across cluster][0m
stage=35 | iter_in_stage=76 | total_iter=76 | reward_mean=1081.26 | win_rate=0.333 | crash_rate=0.000 | ep_wez_steps=23.7 | episodes_this_iter=63 | entropy=-3.560 | vf_loss=304.626
[36m(SingleAgentEnvRunner pid=64188)[0m runner:16/env:0	num_steps=[256] | total rewards=[554.0073] | termination= [ownship destroyed][32m [repeated 4x across cluster][0m
[36m(SingleAgentEnvRunner pid=64188)[0m [JSB][Init] enter BattleSpace=1 Type=1 ForceSide=2 Delta=0.0166667[32m [repeated 15x across cluster][0m
[36m(SingleAgentEnvRunner pid=64188)[0m [JSB][Init] registry size=1[32m [repeated 15x across cluster][0m
[36m(SingleAgentEnvRunner pid=64188)[0m [JSB][Init] before new AIP_FDMExec[32m [repeated 15x across cluster][0m
[36m(SingleAgentEnvRunner pid=64188)[0m [JSB][Init] after new AIP_FDMExec ptr=0000020F14C836C0[32m [repeated 15x across cluster][0m
[36m(SingleAgentEnvRunner pid=64188)[0m [JSB][Init] before Init_FDM ptr=0000020F14C836C0[32m [repeated 15x across cluster][0m
[36m(SingleAgentEnvRunner pid=64188)[0m [JSB][Init] after Init_FDM ptr=0000020F14C836C0[32m [repeated 17x across cluster][0m
[36m(SingleAgentEnvRunner pid=64188)[0m [JSB][Init] before Exec_FDM ptr=0000020F14C836C0[32m [repeated 17x across cluster][0m
[36m(SingleAgentEnvRunner pid=64188)[0m [JSB][Init] after Exec_FDM ptr=0000020F14C836C0[32m [repeated 17x across cluster][0m
[36m(SingleAgentEnvRunner pid=64188)[0m [JSB][Init] before InsertFighter BattleSpace=1 ptr=0000020F14C836C0[32m [repeated 17x across cluster][0m
[36m(SingleAgentEnvRunner pid=64188)[0m [JSB][Init] after InsertFighter FighterID=2[32m [repeated 17x across cluster][0m
[36m(SingleAgentEnvRunner pid=64404)[0m [JSB][Reset] fighter_count_after=0[32m [repeated 16x across cluster][0m
[36m(SingleAgentEnvRunner pid=64404)[0m [JSB][Reset] enter BattleSpace=1[32m [repeated 8x across cluster][0m
[36m(SingleAgentEnvRunner pid=64404)[0m [JSB][Reset] after lock found=1 size=1[32m [repeated 8x across cluster][0m
[36m(SingleAgentEnvRunner pid=64404)[0m total: 2[32m [repeated 8x across cluster][0m
[36m(SingleAgentEnvRunner pid=64404)[0m [JSB][Reset] exit after_size=1[32m [repeated 8x across cluster][0m
[36m(SingleAgentEnvRunner pid=64404)[0m runner:7/env:0	num_steps=[256] | total rewards=[2215.2083] | termination= [target destroyed][32m [repeated 4x across cluster][0m
[36m(SingleAgentEnvRunner pid=64188)[0m runner:16/env:0	num_steps=[252] | total rewards=[530.6958] | termination= [ownship destroyed][32m [repeated 21x across cluster][0m
[36m(SingleAgentEnvRunner pid=64188)[0m [JSB][Init] enter BattleSpace=1 Type=1 ForceSide=2 Delta=0.0166667[32m [repeated 62x across cluster][0m
[36m(SingleAgentEnvRunner pid=64188)[0m [JSB][Init] registry size=1[32m [repeated 62x across cluster][0m
[36m(SingleAgentEnvRunner pid=64188)[0m [JSB][Init] before new AIP_FDMExec[32m [repeated 62x across cluster][0m
[36m(SingleAgentEnvRunner pid=64188)[0m [JSB][Init] after new AIP_FDMExec ptr=0000020F12908730[32m [repeated 62x across cluster][0m
[36m(SingleAgentEnvRunner pid=64188)[0m [JSB][Init] before Init_FDM ptr=0000020F12908730[32m [repeated 62x across cluster][0m
[36m(SingleAgentEnvRunner pid=64188)[0m [JSB][Init] after Init_FDM ptr=0000020F12908730[32m [repeated 62x across cluster][0m
[36m(SingleAgentEnvRunner pid=64188)[0m [JSB][Init] before Exec_FDM ptr=0000020F12908730[32m [repeated 62x across cluster][0m
[36m(SingleAgentEnvRunner pid=64188)[0m [JSB][Init] after Exec_FDM ptr=0000020F12908730[32m [repeated 62x across cluster][0m
[36m(SingleAgentEnvRunner pid=64188)[0m [JSB][Init] before InsertFighter BattleSpace=1 ptr=0000020F12908730[32m [repeated 62x across cluster][0m
[36m(SingleAgentEnvRunner pid=64188)[0m [JSB][Init] after InsertFighter FighterID=2[32m [repeated 62x across cluster][0m
[36m(SingleAgentEnvRunner pid=64188)[0m [JSB][Reset] fighter_count_after=0[32m [repeated 60x across cluster][0m
[36m(SingleAgentEnvRunner pid=64188)[0m [JSB][Reset] enter BattleSpace=1[32m [repeated 30x across cluster][0m
[36m(SingleAgentEnvRunner pid=64188)[0m [JSB][Reset] after lock found=1 size=1[32m [repeated 30x across cluster][0m
[36m(SingleAgentEnvRunner pid=64188)[0m total: 2[32m [repeated 30x across cluster][0m
[36m(SingleAgentEnvRunner pid=64188)[0m [JSB][Reset] exit after_size=1[32m [repeated 30x across cluster][0m
[36m(SingleAgentEnvRunner pid=65292)[0m runner:15/env:0	num_steps=[260] | total rewards=[2180.9513] | termination= [target destroyed][32m [repeated 9x across cluster][0m
[36m(SingleAgentEnvRunner pid=64404)[0m runner:7/env:0	num_steps=[761] | total rewards=[530.1310] | termination= [target altitude below min]
stage=35 | iter_in_stage=77 | total_iter=77 | reward_mean=1142.45 | win_rate=0.411 | crash_rate=0.000 | ep_wez_steps=23.9 | episodes_this_iter=61 | entropy=-3.581 | vf_loss=281.535
[36m(SingleAgentEnvRunner pid=65060)[0m runner:12/env:0	num_steps=[256] | total rewards=[504.8568] | termination= [ownship destroyed][32m [repeated 12x across cluster][0m
[36m(SingleAgentEnvRunner pid=60068)[0m [JSB][Init] enter BattleSpace=1 Type=1 ForceSide=2 Delta=0.0166667[32m [repeated 48x across cluster][0m
[36m(SingleAgentEnvRunner pid=60068)[0m [JSB][Init] registry size=1[32m [repeated 48x across cluster][0m
[36m(SingleAgentEnvRunner pid=60068)[0m [JSB][Init] before new AIP_FDMExec[32m [repeated 48x across cluster][0m
[36m(SingleAgentEnvRunner pid=60068)[0m [JSB][Init] after new AIP_FDMExec ptr=000002AB91C25760[32m [repeated 48x across cluster][0m
[36m(SingleAgentEnvRunner pid=60068)[0m [JSB][Init] before Init_FDM ptr=000002AB91C25760[32m [repeated 48x across cluster][0m
[36m(SingleAgentEnvRunner pid=60068)[0m [JSB][Init] after Init_FDM ptr=000002AB91C25760[32m [repeated 48x across cluster][0m
[36m(SingleAgentEnvRunner pid=60068)[0m [JSB][Init] before Exec_FDM ptr=000002AB91C25760[32m [repeated 48x across cluster][0m
[36m(SingleAgentEnvRunner pid=60068)[0m [JSB][Init] after Exec_FDM ptr=000002AB91C25760[32m [repeated 48x across cluster][0m
[36m(SingleAgentEnvRunner pid=60068)[0m [JSB][Init] before InsertFighter BattleSpace=1 ptr=000002AB91C25760[32m [repeated 48x across cluster][0m
[36m(SingleAgentEnvRunner pid=60068)[0m [JSB][Init] after InsertFighter FighterID=2[32m [repeated 48x across cluster][0m
[36m(SingleAgentEnvRunner pid=63712)[0m [JSB][Reset] fighter_count_after=0[32m [repeated 50x across cluster][0m
[36m(SingleAgentEnvRunner pid=63712)[0m [JSB][Reset] enter BattleSpace=1[32m [repeated 25x across cluster][0m
[36m(SingleAgentEnvRunner pid=63712)[0m [JSB][Reset] after lock found=1 size=1[32m [repeated 25x across cluster][0m
[36m(SingleAgentEnvRunner pid=63712)[0m total: 2[32m [repeated 25x across cluster][0m
[36m(SingleAgentEnvRunner pid=63712)[0m [JSB][Reset] exit after_size=1[32m [repeated 25x across cluster][0m
[36m(SingleAgentEnvRunner pid=63712)[0m runner:9/env:0	num_steps=[253] | total rewards=[2207.6303] | termination= [target destroyed][32m [repeated 12x across cluster][0m
[36m(SingleAgentEnvRunner pid=65060)[0m runner:12/env:0	num_steps=[258] | total rewards=[534.7678] | termination= [ownship destroyed][32m [repeated 20x across cluster][0m
[36m(SingleAgentEnvRunner pid=60068)[0m [JSB][Init] enter BattleSpace=1 Type=1 ForceSide=2 Delta=0.0166667[32m [repeated 64x across cluster][0m
[36m(SingleAgentEnvRunner pid=60068)[0m [JSB][Init] registry size=1[32m [repeated 64x across cluster][0m
[36m(SingleAgentEnvRunner pid=60068)[0m [JSB][Init] before new AIP_FDMExec[32m [repeated 64x across cluster][0m
[36m(SingleAgentEnvRunner pid=60068)[0m [JSB][Init] after new AIP_FDMExec ptr=000002AB91E83C50[32m [repeated 64x across cluster][0m
[36m(SingleAgentEnvRunner pid=60068)[0m [JSB][Init] before Init_FDM ptr=000002AB91E83C50[32m [repeated 64x across cluster][0m
[36m(SingleAgentEnvRunner pid=60068)[0m [JSB][Init] after Init_FDM ptr=000002AB91E83C50[32m [repeated 64x across cluster][0m
[36m(SingleAgentEnvRunner pid=60068)[0m [JSB][Init] before Exec_FDM ptr=000002AB91E83C50[32m [repeated 64x across cluster][0m
[36m(SingleAgentEnvRunner pid=60068)[0m [JSB][Init] after Exec_FDM ptr=000002AB91E83C50[32m [repeated 64x across cluster][0m
[36m(SingleAgentEnvRunner pid=60068)[0m [JSB][Init] before InsertFighter BattleSpace=1 ptr=000002AB91E83C50[32m [repeated 64x across cluster][0m
[36m(SingleAgentEnvRunner pid=60068)[0m [JSB][Init] after InsertFighter FighterID=2[32m [repeated 64x across cluster][0m
[36m(SingleAgentEnvRunner pid=60068)[0m [JSB][Reset] fighter_count_after=0[32m [repeated 62x across cluster][0m
[36m(SingleAgentEnvRunner pid=60068)[0m [JSB][Reset] enter BattleSpace=1[32m [repeated 31x across cluster][0m
[36m(SingleAgentEnvRunner pid=60068)[0m [JSB][Reset] after lock found=1 size=1[32m [repeated 31x across cluster][0m
[36m(SingleAgentEnvRunner pid=60068)[0m total: 2[32m [repeated 31x across cluster][0m
[36m(SingleAgentEnvRunner pid=60068)[0m [JSB][Reset] exit after_size=1[32m [repeated 31x across cluster][0m
[36m(SingleAgentEnvRunner pid=60068)[0m runner:5/env:0	num_steps=[247] | total rewards=[2210.3408] | termination= [target destroyed][32m [repeated 11x across cluster][0m
[36m(SingleAgentEnvRunner pid=63828)[0m runner:10/env:0	num_steps=[251] | total rewards=[478.8030] | termination= [ownship destroyed][32m [repeated 23x across cluster][0m
[36m(SingleAgentEnvRunner pid=64440)[0m [JSB][Init] enter BattleSpace=1 Type=1 ForceSide=2 Delta=0.0166667[32m [repeated 64x across cluster][0m
[36m(SingleAgentEnvRunner pid=64440)[0m [JSB][Init] registry size=1[32m [repeated 64x across cluster][0m
[36m(SingleAgentEnvRunner pid=64440)[0m [JSB][Init] before new AIP_FDMExec[32m [repeated 64x across cluster][0m
[36m(SingleAgentEnvRunner pid=64440)[0m [JSB][Init] after new AIP_FDMExec ptr=000001DF91E93950[32m [repeated 64x across cluster][0m
[36m(SingleAgentEnvRunner pid=64440)[0m [JSB][Init] before Init_FDM ptr=000001DF91E93950[32m [repeated 64x across cluster][0m
[36m(SingleAgentEnvRunner pid=64440)[0m [JSB][Init] after Init_FDM ptr=000001DF91E93950[32m [repeated 64x across cluster][0m
[36m(SingleAgentEnvRunner pid=64440)[0m [JSB][Init] before Exec_FDM ptr=000001DF91E93950[32m [repeated 64x across cluster][0m
[36m(SingleAgentEnvRunner pid=64440)[0m [JSB][Init] after Exec_FDM ptr=000001DF91E93950[32m [repeated 64x across cluster][0m
[36m(SingleAgentEnvRunner pid=64440)[0m [JSB][Init] before InsertFighter BattleSpace=1 ptr=000001DF91E93950[32m [repeated 64x across cluster][0m
[36m(SingleAgentEnvRunner pid=64440)[0m [JSB][Init] after InsertFighter FighterID=2[32m [repeated 64x across cluster][0m
[36m(SingleAgentEnvRunner pid=63828)[0m [JSB][Reset] fighter_count_after=0[32m [repeated 64x across cluster][0m
[36m(SingleAgentEnvRunner pid=63828)[0m [JSB][Reset] enter BattleSpace=1[32m [repeated 32x across cluster][0m
[36m(SingleAgentEnvRunner pid=63828)[0m [JSB][Reset] after lock found=1 size=1[32m [repeated 32x across cluster][0m
[36m(SingleAgentEnvRunner pid=63828)[0m total: 2[32m [repeated 32x across cluster][0m
[36m(SingleAgentEnvRunner pid=63828)[0m [JSB][Reset] exit after_size=1[32m [repeated 32x across cluster][0m
[36m(SingleAgentEnvRunner pid=64536)[0m runner:3/env:0	num_steps=[256] | total rewards=[2201.2155] | termination= [target destroyed][32m [repeated 9x across cluster][0m
stage=35 | iter_in_stage=78 | total_iter=78 | reward_mean=1055.78 | win_rate=0.334 | crash_rate=0.000 | ep_wez_steps=23.9 | episodes_this_iter=65 | entropy=-3.593 | vf_loss=253.229
[36m(SingleAgentEnvRunner pid=64928)[0m runner:1/env:0	num_steps=[258] | total rewards=[559.9005] | termination= [ownship destroyed][32m [repeated 7x across cluster][0m
[36m(SingleAgentEnvRunner pid=64440)[0m [JSB][Init] enter BattleSpace=1 Type=1 ForceSide=1 Delta=0.0166667[32m [repeated 17x across cluster][0m
[36m(SingleAgentEnvRunner pid=64440)[0m [JSB][Init] registry size=1[32m [repeated 17x across cluster][0m
[36m(SingleAgentEnvRunner pid=64440)[0m [JSB][Init] before new AIP_FDMExec[32m [repeated 17x across cluster][0m
[36m(SingleAgentEnvRunner pid=64440)[0m [JSB][Init] after new AIP_FDMExec ptr=000001DF93591E90[32m [repeated 17x across cluster][0m
[36m(SingleAgentEnvRunner pid=64440)[0m [JSB][Init] before Init_FDM ptr=000001DF93591E90[32m [repeated 17x across cluster][0m
[36m(SingleAgentEnvRunner pid=17636)[0m [JSB][Init] after Init_FDM ptr=000001BD14818390[32m [repeated 16x across cluster][0m
[36m(SingleAgentEnvRunner pid=17636)[0m [JSB][Init] before Exec_FDM ptr=000001BD14818390[32m [repeated 16x across cluster][0m
[36m(SingleAgentEnvRunner pid=17636)[0m [JSB][Init] after Exec_FDM ptr=000001BD14818390[32m [repeated 16x across cluster][0m
[36m(SingleAgentEnvRunner pid=17636)[0m [JSB][Init] before InsertFighter BattleSpace=1 ptr=000001BD14818390[32m [repeated 16x across cluster][0m
[36m(SingleAgentEnvRunner pid=17636)[0m [JSB][Init] after InsertFighter FighterID=2[32m [repeated 16x across cluster][0m
[36m(SingleAgentEnvRunner pid=60068)[0m [JSB][Reset] fighter_count_after=0[32m [repeated 24x across cluster][0m
[36m(SingleAgentEnvRunner pid=60068)[0m [JSB][Reset] enter BattleSpace=1[32m [repeated 12x across cluster][0m
[36m(SingleAgentEnvRunner pid=60068)[0m [JSB][Reset] after lock found=1 size=1[32m [repeated 12x across cluster][0m
[36m(SingleAgentEnvRunner pid=60068)[0m total: 2[32m [repeated 12x across cluster][0m
[36m(SingleAgentEnvRunner pid=60068)[0m [JSB][Reset] exit after_size=1[32m [repeated 12x across cluster][0m
[36m(SingleAgentEnvRunner pid=60068)[0m runner:5/env:0	num_steps=[259] | total rewards=[2209.2511] | termination= [target destroyed][32m [repeated 5x across cluster][0m
[36m(SingleAgentEnvRunner pid=64928)[0m runner:1/env:0	num_steps=[254] | total rewards=[606.4253] | termination= [ownship destroyed][32m [repeated 24x across cluster][0m
[36m(SingleAgentEnvRunner pid=64928)[0m [JSB][Init] enter BattleSpace=1 Type=1 ForceSide=2 Delta=0.0166667[32m [repeated 69x across cluster][0m
[36m(SingleAgentEnvRunner pid=64928)[0m [JSB][Init] registry size=1[32m [repeated 69x across cluster][0m
[36m(SingleAgentEnvRunner pid=64928)[0m [JSB][Init] before new AIP_FDMExec[32m [repeated 69x across cluster][0m
[36m(SingleAgentEnvRunner pid=64928)[0m [JSB][Init] after new AIP_FDMExec ptr=00000256943780B0[32m [repeated 69x across cluster][0m
[36m(SingleAgentEnvRunner pid=64928)[0m [JSB][Init] before Init_FDM ptr=00000256943780B0[32m [repeated 69x across cluster][0m
[36m(SingleAgentEnvRunner pid=64928)[0m [JSB][Init] after Init_FDM ptr=000002569437A7E0[32m [repeated 69x across cluster][0m
[36m(SingleAgentEnvRunner pid=64928)[0m [JSB][Init] before Exec_FDM ptr=000002569437A7E0[32m [repeated 69x across cluster][0m
[36m(SingleAgentEnvRunner pid=64928)[0m [JSB][Init] after Exec_FDM ptr=000002569437A7E0[32m [repeated 69x across cluster][0m
[36m(SingleAgentEnvRunner pid=64928)[0m [JSB][Init] before InsertFighter BattleSpace=1 ptr=000002569437A7E0[32m [repeated 69x across cluster][0m
[36m(SingleAgentEnvRunner pid=64928)[0m [JSB][Init] after InsertFighter FighterID=1[32m [repeated 69x across cluster][0m
[36m(SingleAgentEnvRunner pid=64928)[0m [JSB][Reset] fighter_count_after=0[32m [repeated 62x across cluster][0m
[36m(SingleAgentEnvRunner pid=64928)[0m [JSB][Reset] enter BattleSpace=1[32m [repeated 31x across cluster][0m
[36m(SingleAgentEnvRunner pid=64928)[0m [JSB][Reset] after lock found=1 size=1[32m [repeated 31x across cluster][0m
[36m(SingleAgentEnvRunner pid=64928)[0m total: 2[32m [repeated 31x across cluster][0m
[36m(SingleAgentEnvRunner pid=64928)[0m [JSB][Reset] exit after_size=1[32m [repeated 31x across cluster][0m
[36m(SingleAgentEnvRunner pid=17636)[0m runner:11/env:0	num_steps=[264] | total rewards=[2198.6815] | termination= [target destroyed][32m [repeated 7x across cluster][0m
  [Checkpoint] Saved iter 80 -> C:\Users\user one\Desktop\topgun_본선\Update\강화학습환경\artifacts\curriculum\AeroFlyer\final_sp\stage_35_selfplay_final\checkpoints\iter_0080
stage=35 | iter_in_stage=79 | total_iter=79 | reward_mean=878.97 | win_rate=0.219 | crash_rate=0.000 | ep_wez_steps=23.8 | episodes_this_iter=64 | entropy=-3.568 | vf_loss=198.967
[36m(SingleAgentEnvRunner pid=65032)[0m runner:13/env:0	num_steps=[260] | total rewards=[-1030.7571] | termination= [ownship destroyed][32m [repeated 20x across cluster][0m
[36m(SingleAgentEnvRunner pid=65032)[0m [JSB][Init] enter BattleSpace=1 Type=1 ForceSide=1 Delta=0.0166667[32m [repeated 45x across cluster][0m
[36m(SingleAgentEnvRunner pid=65032)[0m [JSB][Init] registry size=1[32m [repeated 45x across cluster][0m
[36m(SingleAgentEnvRunner pid=65032)[0m [JSB][Init] before new AIP_FDMExec[32m [repeated 45x across cluster][0m
[36m(SingleAgentEnvRunner pid=65032)[0m [JSB][Init] after new AIP_FDMExec ptr=0000023C11BF69E0[32m [repeated 45x across cluster][0m
[36m(SingleAgentEnvRunner pid=65032)[0m [JSB][Init] before Init_FDM ptr=0000023C11BF69E0[32m [repeated 45x across cluster][0m
[36m(SingleAgentEnvRunner pid=65032)[0m [JSB][Init] after Init_FDM ptr=0000023C11BF69E0[32m [repeated 46x across cluster][0m
[36m(SingleAgentEnvRunner pid=65032)[0m [JSB][Init] before Exec_FDM ptr=0000023C11BF69E0[32m [repeated 46x across cluster][0m
[36m(SingleAgentEnvRunner pid=65032)[0m [JSB][Init] after Exec_FDM ptr=0000023C11BF69E0[32m [repeated 46x across cluster][0m
[36m(SingleAgentEnvRunner pid=65032)[0m [JSB][Init] before InsertFighter BattleSpace=1 ptr=0000023C11BF69E0[32m [repeated 46x across cluster][0m
[36m(SingleAgentEnvRunner pid=65032)[0m [JSB][Init] after InsertFighter FighterID=1[32m [repeated 46x across cluster][0m
[36m(SingleAgentEnvRunner pid=65032)[0m [JSB][Reset] fighter_count_after=0[32m [repeated 46x across cluster][0m
[36m(SingleAgentEnvRunner pid=65032)[0m [JSB][Reset] enter BattleSpace=1[32m [repeated 23x across cluster][0m
[36m(SingleAgentEnvRunner pid=65032)[0m [JSB][Reset] after lock found=1 size=1[32m [repeated 23x across cluster][0m
[36m(SingleAgentEnvRunner pid=65032)[0m total: 2[32m [repeated 23x across cluster][0m
[36m(SingleAgentEnvRunner pid=65032)[0m [JSB][Reset] exit after_size=1[32m [repeated 23x across cluster][0m
[36m(SingleAgentEnvRunner pid=64536)[0m runner:3/env:0	num_steps=[257] | total rewards=[2181.6186] | termination= [target destroyed][32m [repeated 3x across cluster][0m
[36m(SingleAgentEnvRunner pid=64368)[0m runner:6/env:0	num_steps=[251] | total rewards=[534.6217] | termination= [ownship destroyed][32m [repeated 21x across cluster][0m
[36m(SingleAgentEnvRunner pid=64188)[0m [JSB][Init] enter BattleSpace=1 Type=1 ForceSide=1 Delta=0.0166667[32m [repeated 66x across cluster][0m
[36m(SingleAgentEnvRunner pid=64188)[0m [JSB][Init] registry size=1[32m [repeated 66x across cluster][0m
[36m(SingleAgentEnvRunner pid=64188)[0m [JSB][Init] before new AIP_FDMExec[32m [repeated 66x across cluster][0m
[36m(SingleAgentEnvRunner pid=64188)[0m [JSB][Init] after new AIP_FDMExec ptr=0000020F12900B70[32m [repeated 66x across cluster][0m
[36m(SingleAgentEnvRunner pid=64188)[0m [JSB][Init] before Init_FDM ptr=0000020F12900B70[32m [repeated 66x across cluster][0m
[36m(SingleAgentEnvRunner pid=64368)[0m [JSB][Init] after Init_FDM ptr=0000019D11F0E910[32m [repeated 65x across cluster][0m
[36m(SingleAgentEnvRunner pid=64368)[0m [JSB][Init] before Exec_FDM ptr=0000019D11F0E910[32m [repeated 65x across cluster][0m
[36m(SingleAgentEnvRunner pid=64368)[0m [JSB][Init] after Exec_FDM ptr=0000019D11F0E910[32m [repeated 65x across cluster][0m
[36m(SingleAgentEnvRunner pid=64368)[0m [JSB][Init] before InsertFighter BattleSpace=1 ptr=0000019D11F0E910[32m [repeated 65x across cluster][0m
[36m(SingleAgentEnvRunner pid=64368)[0m [JSB][Init] after InsertFighter FighterID=2[32m [repeated 65x across cluster][0m
[36m(SingleAgentEnvRunner pid=64188)[0m [JSB][Reset] fighter_count_after=0[32m [repeated 66x across cluster][0m
[36m(SingleAgentEnvRunner pid=64188)[0m [JSB][Reset] enter BattleSpace=1[32m [repeated 33x across cluster][0m
[36m(SingleAgentEnvRunner pid=64188)[0m [JSB][Reset] after lock found=1 size=1[32m [repeated 33x across cluster][0m
[36m(SingleAgentEnvRunner pid=64188)[0m total: 2[32m [repeated 33x across cluster][0m
[36m(SingleAgentEnvRunner pid=64188)[0m [JSB][Reset] exit after_size=1[32m [repeated 33x across cluster][0m
[36m(SingleAgentEnvRunner pid=64188)[0m runner:16/env:0	num_steps=[258] | total rewards=[2174.0475] | termination= [target destroyed][32m [repeated 12x across cluster][0m
[36m(SingleAgentEnvRunner pid=60068)[0m runner:5/env:0	num_steps=[750] | total rewards=[-1339.9370] | termination= [ownship altitude below min]
stage=35 | iter_in_stage=80 | total_iter=80 | reward_mean=1056.35 | win_rate=0.359 | crash_rate=0.031 | ep_wez_steps=23.7 | episodes_this_iter=62 | entropy=-3.579 | vf_loss=301.843
[36m(SingleAgentEnvRunner pid=63712)[0m runner:9/env:0	num_steps=[254] | total rewards=[539.9507] | termination= [ownship destroyed][32m [repeated 16x across cluster][0m
[36m(SingleAgentEnvRunner pid=65032)[0m [JSB][Init] enter BattleSpace=1 Type=1 ForceSide=2 Delta=0.0166667[32m [repeated 59x across cluster][0m
[36m(SingleAgentEnvRunner pid=65032)[0m [JSB][Init] registry size=1[32m [repeated 59x across cluster][0m
[36m(SingleAgentEnvRunner pid=65032)[0m [JSB][Init] before new AIP_FDMExec[32m [repeated 59x across cluster][0m
[36m(SingleAgentEnvRunner pid=65032)[0m [JSB][Init] after new AIP_FDMExec ptr=0000023C11BF86C0[32m [repeated 59x across cluster][0m
[36m(SingleAgentEnvRunner pid=65032)[0m [JSB][Init] before Init_FDM ptr=0000023C11BF86C0[32m [repeated 59x across cluster][0m
[36m(SingleAgentEnvRunner pid=65032)[0m [JSB][Init] after Init_FDM ptr=0000023C11BF9320[32m [repeated 59x across cluster][0m
[36m(SingleAgentEnvRunner pid=65032)[0m [JSB][Init] before Exec_FDM ptr=0000023C11BF9320[32m [repeated 59x across cluster][0m
[36m(SingleAgentEnvRunner pid=65032)[0m [JSB][Init] after Exec_FDM ptr=0000023C11BF9320[32m [repeated 59x across cluster][0m
[36m(SingleAgentEnvRunner pid=65032)[0m [JSB][Init] before InsertFighter BattleSpace=1 ptr=0000023C11BF9320[32m [repeated 59x across cluster][0m
[36m(SingleAgentEnvRunner pid=65032)[0m [JSB][Init] after InsertFighter FighterID=1[32m [repeated 59x across cluster][0m
[36m(SingleAgentEnvRunner pid=65032)[0m [JSB][Reset] fighter_count_after=0[32m [repeated 58x across cluster][0m
[36m(SingleAgentEnvRunner pid=65032)[0m [JSB][Reset] enter BattleSpace=1[32m [repeated 29x across cluster][0m
[36m(SingleAgentEnvRunner pid=65032)[0m [JSB][Reset] after lock found=1 size=1[32m [repeated 29x across cluster][0m
[36m(SingleAgentEnvRunner pid=65032)[0m total: 2[32m [repeated 29x across cluster][0m
[36m(SingleAgentEnvRunner pid=65032)[0m [JSB][Reset] exit after_size=1[32m [repeated 29x across cluster][0m
[36m(SingleAgentEnvRunner pid=65032)[0m runner:13/env:0	num_steps=[257] | total rewards=[2215.7719] | termination= [target destroyed][32m [repeated 12x across cluster][0m
[36m(SingleAgentEnvRunner pid=64368)[0m runner:6/env:0	num_steps=[252] | total rewards=[593.6839] | termination= [ownship destroyed][32m [repeated 20x across cluster][0m
[36m(SingleAgentEnvRunner pid=64368)[0m [JSB][Init] enter BattleSpace=1 Type=1 ForceSide=2 Delta=0.0166667[32m [repeated 62x across cluster][0m
[36m(SingleAgentEnvRunner pid=64368)[0m [JSB][Init] registry size=1[32m [repeated 62x across cluster][0m
[36m(SingleAgentEnvRunner pid=64368)[0m [JSB][Init] before new AIP_FDMExec[32m [repeated 62x across cluster][0m
[36m(SingleAgentEnvRunner pid=64368)[0m [JSB][Init] after new AIP_FDMExec ptr=0000019D11F0DCB0[32m [repeated 62x across cluster][0m
[36m(SingleAgentEnvRunner pid=64368)[0m [JSB][Init] before Init_FDM ptr=0000019D11F0DCB0[32m [repeated 62x across cluster][0m
[36m(SingleAgentEnvRunner pid=64368)[0m [JSB][Init] after Init_FDM ptr=0000019D11F0DCB0[32m [repeated 63x across cluster][0m
[36m(SingleAgentEnvRunner pid=64368)[0m [JSB][Init] before Exec_FDM ptr=0000019D11F0DCB0[32m [repeated 63x across cluster][0m
[36m(SingleAgentEnvRunner pid=64368)[0m [JSB][Init] after Exec_FDM ptr=0000019D11F0DCB0[32m [repeated 63x across cluster][0m
[36m(SingleAgentEnvRunner pid=64368)[0m [JSB][Init] before InsertFighter BattleSpace=1 ptr=0000019D11F0DCB0[32m [repeated 63x across cluster][0m
[36m(SingleAgentEnvRunner pid=64368)[0m [JSB][Init] after InsertFighter FighterID=2[32m [repeated 63x across cluster][0m
[36m(SingleAgentEnvRunner pid=64368)[0m [JSB][Reset] fighter_count_after=0[32m [repeated 62x across cluster][0m
[36m(SingleAgentEnvRunner pid=64368)[0m [JSB][Reset] enter BattleSpace=1[32m [repeated 31x across cluster][0m
[36m(SingleAgentEnvRunner pid=64368)[0m [JSB][Reset] after lock found=1 size=1[32m [repeated 31x across cluster][0m
[36m(SingleAgentEnvRunner pid=64368)[0m total: 2[32m [repeated 31x across cluster][0m
[36m(SingleAgentEnvRunner pid=64368)[0m [JSB][Reset] exit after_size=1[32m [repeated 31x across cluster][0m
[36m(SingleAgentEnvRunner pid=60068)[0m runner:5/env:0	num_steps=[435] | total rewards=[2172.8879] | termination= [target destroyed][32m [repeated 13x across cluster][0m
stage=35 | iter_in_stage=81 | total_iter=81 | reward_mean=1266.41 | win_rate=0.438 | crash_rate=0.000 | ep_wez_steps=24.1 | episodes_this_iter=62 | entropy=-3.589 | vf_loss=182.290
[36m(SingleAgentEnvRunner pid=65032)[0m runner:13/env:0	num_steps=[258] | total rewards=[534.8350] | termination= [ownship destroyed][32m [repeated 16x across cluster][0m
[36m(SingleAgentEnvRunner pid=65032)[0m [JSB][Init] enter BattleSpace=1 Type=1 ForceSide=1 Delta=0.0166667[32m [repeated 61x across cluster][0m
[36m(SingleAgentEnvRunner pid=65032)[0m [JSB][Init] registry size=1[32m [repeated 61x across cluster][0m
[36m(SingleAgentEnvRunner pid=65032)[0m [JSB][Init] before new AIP_FDMExec[32m [repeated 61x across cluster][0m
[36m(SingleAgentEnvRunner pid=65032)[0m [JSB][Init] after new AIP_FDMExec ptr=0000023C1201D1D0[32m [repeated 61x across cluster][0m
[36m(SingleAgentEnvRunner pid=65032)[0m [JSB][Init] before Init_FDM ptr=0000023C1201D1D0[32m [repeated 61x across cluster][0m
[36m(SingleAgentEnvRunner pid=63828)[0m [JSB][Init] after Init_FDM ptr=0000026D920280E0[32m [repeated 60x across cluster][0m
[36m(SingleAgentEnvRunner pid=63828)[0m [JSB][Init] before Exec_FDM ptr=0000026D920280E0[32m [repeated 60x across cluster][0m
[36m(SingleAgentEnvRunner pid=63828)[0m [JSB][Init] after Exec_FDM ptr=0000026D920280E0[32m [repeated 60x across cluster][0m
[36m(SingleAgentEnvRunner pid=63828)[0m [JSB][Init] before InsertFighter BattleSpace=1 ptr=0000026D920280E0[32m [repeated 60x across cluster][0m
[36m(SingleAgentEnvRunner pid=63828)[0m [JSB][Init] after InsertFighter FighterID=2[32m [repeated 60x across cluster][0m
[36m(SingleAgentEnvRunner pid=65032)[0m [JSB][Reset] fighter_count_after=0[32m [repeated 62x across cluster][0m
[36m(SingleAgentEnvRunner pid=65032)[0m [JSB][Reset] enter BattleSpace=1[32m [repeated 31x across cluster][0m
[36m(SingleAgentEnvRunner pid=65032)[0m [JSB][Reset] after lock found=1 size=1[32m [repeated 31x across cluster][0m
[36m(SingleAgentEnvRunner pid=65032)[0m total: 2[32m [repeated 31x across cluster][0m
[36m(SingleAgentEnvRunner pid=65032)[0m [JSB][Reset] exit after_size=1[32m [repeated 31x across cluster][0m
[36m(SingleAgentEnvRunner pid=63712)[0m runner:9/env:0	num_steps=[256] | total rewards=[2239.6224] | termination= [target destroyed][32m [repeated 13x across cluster][0m
