Time,Longitude,Latitude,Altitude,Roll (deg),Pitch (deg),Yaw (deg),Health
0.0,128.181615,37.914556,4571.9698248,0.5,0.091,270.059,1.0
0.1,128.181386,37.914556,4571.769266400001,2.731,0.937,270.248,1.0
0.2,128.181157,37.914556,4571.396496,6.584,2.101,270.504,1.0
0.3,128.180928,37.914556,4570.8899184,11.809,3.264,270.838,1.0
0.4,128.180698,37.914556,4570.2876336,18.149,4.384,271.29,1.0
0.5,128.180467,37.914556,4569.626827200001,25.327,5.531,271.93,1.0
0.6,128.180236,37.914556,4568.958096,32.722,6.778,272.829,1.0
0.7,128.180005,37.914557,4568.3664792,39.36,8.021,273.983,1.0
0.8,128.179774,37.91456,4567.874836800001,44.724,9.198,275.372,1.0
0.9,128.179543,37.914564,4567.5645504,47.464,10.291,276.875,1.0
1.0,128.179312,37.914571,4567.5020664,47.417,11.275,278.39,1.0
1.1,128.179082,37.914581,4567.692871200001,45.222,12.196,279.855,1.0
1.2,128.178853,37.914594,4568.125992,41.792,13.107,281.216,1.0
1.3,128.178624,37.914609,4568.7999048,37.926,14.044,282.427,1.0
1.4,128.178396,37.914627,4569.7240584,34.199,15.026,283.467,1.0
1.5,128.178168,37.914646,4570.9152168,30.937,16.053,284.339,1.0
1.6,128.177941,37.914668,4572.3944112,28.269,17.119,285.063,1.0
1.7,128.177716,37.914691,4574.186330400001,26.15,18.217,285.662,1.0
1.8,128.177491,37.914717,4576.326940800001,24.28,19.349,286.144,1.0
1.9,128.177268,37.914744,4578.867448800001,22.096,20.527,286.498,1.0
2.0,128.177047,37.914773,4581.8535744,19.179,21.764,286.726,1.0
2.1,128.176828,37.914803,4585.2868416,15.672,23.058,286.851,1.0
2.2,128.176611,37.914835,4589.1642024,11.772,24.407,286.864,1.0
2.3,128.176395,37.914867,4593.482304,7.659,25.801,286.741,1.0
2.4,128.176182,37.9149,4598.2365744,3.479,27.226,286.467,1.0
2.5,128.175971,37.914934,4603.4193936,-0.663,28.667,286.032,1.0
2.6,128.175762,37.914966,4609.0222272,-4.703,30.106,285.43,1.0
2.7,128.175555,37.914999,4615.0353216,-8.607,31.529,284.664,1.0
2.8,128.17535,37.91503,4621.446484800001,-12.376,32.92,283.737,1.0
2.9,128.175147,37.915061,4628.2435248,-16.028,34.267,282.656,1.0
3.0,128.174946,37.91509,4635.413335200001,-19.584,35.56,281.434,1.0
3.1,128.174748,37.915117,4642.9412856,-23.076,36.791,280.078,1.0
3.2,128.174551,37.915142,4650.8078688000005,-26.483,37.954,278.597,1.0
3.3,128.174356,37.915166,4658.9871768,-29.675,39.045,277.007,1.0
3.4,128.174163,37.915188,4667.452387200001,-32.494,40.065,275.338,1.0
3.5,128.173972,37.915207,4676.1794208,-34.801,41.02,273.625,1.0
3.6,128.173783,37.915225,4685.1563904,-36.598,41.913,271.892,1.0
3.7,128.173596,37.91524,4694.3842104,-38.106,42.749,270.15,1.0
3.8,128.173411,37.915252,4703.8589184,-39.525,43.539,268.408,1.0
3.9,128.173227,37.915263,4713.567408,-40.867,44.295,266.675,1.0
4.0,128.173046,37.915271,4723.497792,-42.119,45.025,264.953,1.0
4.1,128.172867,37.915276,4733.6421456,-43.33,45.73,263.242,1.0
4.2,128.17269,37.91528,4743.994068,-44.575,46.411,261.539,1.0
4.3,128.172516,37.91528,4754.5459392,-45.903,47.07,259.838,1.0
4.4,128.172344,37.915279,4765.2880056,-47.314,47.706,258.134,1.0
4.5,128.172174,37.915275,4776.208684800001,-48.762,48.319,256.421,1.0
4.6,128.172006,37.915268,4787.295784800001,-50.173,48.909,254.701,1.0
4.7,128.171841,37.91526,4798.538028000001,-51.472,49.473,252.974,1.0
4.8,128.171678,37.915249,4809.924746400001,-52.599,50.015,251.247,1.0
4.9,128.171517,37.915236,4821.4471008,-53.505,50.538,249.527,1.0
5.0,128.171358,37.915221,4833.0968616,-54.171,51.047,247.823,1.0
5.1,128.171202,37.915204,4844.8673232,-54.602,51.548,246.143,1.0
5.2,128.171048,37.915185,4856.7523896,-54.823,52.046,244.497,1.0
5.3,128.170896,37.915164,4868.7468792,-54.875,52.546,242.892,1.0
5.4,128.170746,37.915141,4880.8465248,-54.812,53.052,241.328,1.0
5.5,128.170599,37.915117,4893.047973600001,-54.702,53.566,239.805,1.0
5.6,128.170454,37.915091,4905.3478728,-54.608,54.09,238.318,1.0
5.7,128.170311,37.915063,4917.743784,-54.573,54.623,236.861,1.0
5.8,128.170171,37.915034,4930.2326592,-54.629,55.163,235.428,1.0
5.9,128.170033,37.915003,4942.8108408,-54.788,55.709,234.01,1.0
6.0,128.169898,37.914971,4955.4761952,-55.057,56.255,232.603,1.0
6.1,128.169765,37.914937,4968.2253696,-55.432,56.8,231.198,1.0
6.2,128.169635,37.914902,4981.055316,-55.896,57.34,229.791,1.0
6.3,128.169507,37.914866,4993.9629864,-56.429,57.871,228.375,1.0
6.4,128.169382,37.914829,5006.9444184,-57.006,58.392,226.949,1.0
6.5,128.169259,37.91479,5019.996868800001,-57.609,58.902,225.509,1.0
6.6,128.169139,37.914751,5033.1175944,-58.225,59.4,224.053,1.0
6.7,128.169021,37.91471,5046.3032424,-58.848,59.885,222.581,1.0
6.8,128.168907,37.914668,5059.551679200001,-59.479,60.358,221.09,1.0
6.9,128.168794,37.914625,5072.8601616,-60.123,60.819,219.579,1.0
7.0,128.168684,37.914582,5086.2256416,-60.785,61.27,218.047,1.0
7.1,128.168577,37.914537,5099.6465952,-61.475,61.71,216.492,1.0
7.2,128.168473,37.914492,5113.1199744000005,-62.204,62.139,214.913,1.0
7.3,128.168371,37.914446,5126.644255200001,-62.983,62.557,213.307,1.0
7.4,128.168272,37.914399,5140.2166944,-63.827,62.964,211.672,1.0
7.5,128.168176,37.914351,5153.8351584,-64.745,63.359,210.004,1.0
7.6,128.168082,37.914302,5167.4975136,-65.737,63.741,208.301,1.0
7.7,128.167992,37.914253,5181.200712,-66.802,64.108,206.562,1.0
7.8,128.167904,37.914203,5194.942620000001,-67.941,64.458,204.783,1.0
7.9,128.167818,37.914153,5208.7207992,-69.159,64.791,202.964,1.0
8.0,128.167736,37.914102,5222.532506400001,-70.46,65.103,201.103,1.0
8.1,128.167656,37.914051,5236.3749984,-71.849,65.394,199.198,1.0
8.2,128.16758,37.913999,5250.2467512,-73.347,65.662,197.248,1.0
8.3,128.167506,37.913946,5264.1450216,-74.98,65.902,195.249,1.0
8.4,128.167436,37.913893,5278.0670664,-76.761,66.114,193.2,1.0
8.5,128.167368,37.91384,5292.0098376000005,-78.694,66.293,191.098,1.0
8.6,128.167304,37.913786,5305.969982400001,-80.777,66.436,188.944,1.0
8.7,128.167243,37.913732,5319.944148,-83.005,66.537,186.739,1.0
8.8,128.167185,37.913677,5333.9277624,-85.365,66.594,184.488,1.0
8.9,128.16713,37.913622,5347.9168632,-87.831,66.602,182.199,1.0
9.0,128.167078,37.913567,5361.9062688,-90.357,66.559,179.88,1.0
9.1,128.16703,37.913511,5375.8911024,-92.893,66.463,177.545,1.0
9.2,128.166985,37.913455,5389.866487200001,-95.385,66.315,175.209,1.0
9.3,128.166943,37.913399,5403.827241600001,-97.784,66.115,172.887,1.0
9.4,128.166904,37.913342,5417.768488799999,-100.025,65.872,170.591,1.0
9.5,128.166868,37.913285,5431.6859616,-102.019,65.592,168.334,1.0
9.6,128.166835,37.913228,5445.5763072,-103.676,65.286,166.128,1.0
9.7,128.166804,37.91317,5459.4361728,-104.956,64.966,163.982,1.0
9.8,128.166777,37.913113,5473.262815200001,-105.865,64.642,161.901,1.0
9.9,128.166751,37.913054,5487.054710400001,-106.447,64.326,159.883,1.0
10.0,128.166729,37.912996,5500.809115200001,-106.781,64.025,157.924,1.0
10.1,128.166708,37.912938,5514.525115200001,-106.959,63.748,156.01,1.0
10.2,128.166691,37.912879,5528.201186400001,-107.056,63.497,154.134,1.0
10.3,128.166676,37.912821,5541.8367192000005,-107.135,63.272,152.285,1.0
10.4,128.166663,37.912762,5555.4301896,-107.265,63.071,150.457,1.0
10.5,128.166653,37.912704,5568.9806832,-107.513,62.889,148.644,1.0
10.6,128.166646,37.912646,5582.4872856,-107.942,62.72,146.84,1.0
10.7,128.166641,37.912588,5595.9475584,-108.63,62.556,145.043,1.0
10.8,128.166639,37.91253,5609.3587584,-109.695,62.383,143.25,1.0
10.9,128.16664,37.912472,5622.7175328,-111.244,62.188,141.458,1.0
11.0,128.166644,37.912415,5636.0211384,-113.258,61.956,139.665,1.0
11.1,128.166651,37.912359,5649.266832,-115.566,61.677,137.879,1.0
11.2,128.166661,37.912303,5662.4521752,-117.927,61.346,136.115,1.0
11.3,128.166673,37.912247,5675.574424800001,-120.129,60.961,134.392,1.0
11.4,128.166688,37.912191,5688.630837600001,-122.037,60.525,132.726,1.0
11.5,128.166706,37.912136,5701.6180608,-123.595,60.041,131.127,1.0
11.6,128.166726,37.912081,5714.5327416,-124.806,59.519,129.596,1.0
11.7,128.166749,37.912027,5727.371832000001,-125.709,58.966,128.13,1.0
11.8,128.166774,37.911973,5740.1319792,-126.368,58.39,126.721,1.0
11.9,128.166802,37.911919,5752.8107448,-126.848,57.799,125.359,1.0
12.0,128.166833,37.911866,5765.4053856,-127.212,57.198,124.037,1.0
12.1,128.166866,37.911813,5777.9140728,-127.512,56.592,122.746,1.0
12.2,128.166901,37.911761,5790.3340632,-127.79,55.983,121.479,1.0
12.3,128.166939,37.911709,5802.664137600001,-128.074,55.374,120.233,1.0
12.4,128.16698,37.911658,5814.9021624,-128.381,54.763,119.005,1.0
12.5,128.167023,37.911608,5827.046004,-128.719,54.152,117.794,1.0
12.6,128.167068,37.911558,5839.0947479999995,-129.09,53.538,116.601,1.0
12.7,128.167116,37.911509,5851.045956000001,-129.489,52.921,115.426,1.0
12.8,128.167166,37.91146,5862.898104,-129.905,52.3,114.269,1.0
12.9,128.167219,37.911412,5874.649668,-130.323,51.675,113.133,1.0
13.0,128.167273,37.911365,5886.2988192,-130.731,51.044,112.017,1.0
13.1,128.16733,37.911319,5897.8437288000005,-131.117,50.407,110.923,1.0
13.2,128.167389,37.911273,5909.2828728,-131.473,49.764,109.85,1.0
13.3,128.167451,37.911228,5920.6147272,-131.793,49.116,108.798,1.0
13.4,128.167514,37.911184,5931.8368536,-132.075,48.461,107.768,1.0
13.5,128.16758,37.91114,5942.948337600001,-132.317,47.802,106.756,1.0
13.6,128.167648,37.911098,5953.947350400001,-132.523,47.138,105.764,1.0
13.7,128.167717,37.911056,5964.831758400001,-132.694,46.47,104.789,1.0
13.8,128.167789,37.911015,5975.600647200001,-132.835,45.798,103.831,1.0
13.9,128.167863,37.910975,5986.252188,-132.95,45.123,102.887,1.0
14.0,128.167939,37.910936,5996.784856800001,-133.042,44.444,101.957,1.0
14.1,128.168017,37.910897,6007.1971296,-133.113,43.763,101.041,1.0
14.2,128.168097,37.91086,6017.4880920000005,-133.165,43.079,100.136,1.0
14.3,128.168178,37.910823,6027.655915200001,-133.199,42.393,99.243,1.0
14.4,128.168262,37.910788,6037.69938,-133.213,41.705,98.36,1.0
14.5,128.168347,37.910753,6047.6178768,-133.205,41.015,97.486,1.0
14.6,128.168434,37.910719,6057.4095768,-133.175,40.324,96.622,1.0
14.7,128.168523,37.910687,6067.073565600001,-133.121,39.631,95.766,1.0
14.8,128.168614,37.910655,6076.6089288,-133.043,38.938,94.918,1.0
14.9,128.168706,37.910624,6086.014447200001,-132.942,38.244,94.078,1.0
15.0,128.1688,37.910595,6095.288901600001,-132.818,37.55,93.245,1.0
15.1,128.168896,37.910566,6104.431377600001,-132.672,36.856,92.417,1.0
15.2,128.168993,37.910538,6113.4412656,-132.502,36.162,91.596,1.0
15.3,128.169092,37.910512,6122.3173464,-132.308,35.469,90.78,1.0
15.4,128.169192,37.910487,6131.0590104,-132.092,34.778,89.968,1.0
15.5,128.169294,37.910462,6139.6650384,-131.855,34.087,89.16,1.0
15.6,128.169397,37.910439,6148.1348208,-131.608,33.399,88.357,1.0
15.7,128.169502,37.910417,6156.465919200001,-131.377,32.711,87.557,1.0
15.8,128.169608,37.910397,6164.657419200001,-131.18,32.023,86.762,1.0
15.9,128.169716,37.910377,6172.7077968,-131.025,31.334,85.97,1.0
16.0,128.169825,37.910359,6180.616137600001,-130.912,30.643,85.181,1.0
16.1,128.169935,37.910341,6188.3812224,-130.832,29.949,84.397,1.0
16.2,128.170047,37.910326,6196.0027464,-130.77,29.251,83.616,1.0
16.3,128.17016,37.910311,6203.4804048000005,-130.698,28.549,82.839,1.0
16.4,128.170274,37.910297,6210.813283200001,-130.595,27.844,82.067,1.0
16.5,128.170389,37.910285,6218.0013816,-130.44,27.135,81.298,1.0
16.6,128.170506,37.910274,6225.0437856,-130.222,26.424,80.535,1.0
16.7,128.170623,37.910265,6231.9395808,-129.937,25.712,79.774,1.0
16.8,128.170742,37.910256,6238.6887672,-129.586,25.0,79.018,1.0
16.9,128.170862,37.910249,6245.2901256,-129.176,24.291,78.263,1.0
17.0,128.170983,37.910243,6251.7427416,-128.719,23.585,77.51,1.0
17.1,128.171104,37.910239,6258.046615200001,-128.225,22.884,76.757,1.0
17.2,128.171227,37.910236,6264.200527200001,-127.708,22.188,76.004,1.0
17.3,128.171351,37.910234,6270.2047824,-127.178,21.498,75.249,1.0
17.4,128.171475,37.910233,6276.0581616,-126.642,20.815,74.492,1.0
17.5,128.171601,37.910234,6281.760969600001,-126.106,20.139,73.732,1.0
17.6,128.171727,37.910237,6287.313206400001,-125.568,19.47,72.969,1.0
17.7,128.171854,37.91024,6292.7148720000005,-125.027,18.808,72.203,1.0
17.8,128.171981,37.910245,6297.965356800001,-124.48,18.154,71.433,1.0
17.9,128.17211,37.910252,6303.0655752,-123.92,17.507,70.659,1.0
18.0,128.172239,37.91026,6308.0149176,-123.345,16.868,69.882,1.0
18.1,128.172368,37.910269,6312.8139936,-122.748,16.238,69.102,1.0
18.2,128.172499,37.91028,6317.463108,-122.125,15.615,68.318,1.0
18.3,128.172629,37.910292,6321.961956000001,-121.476,15.002,67.531,1.0
18.4,128.17276,37.910306,6326.311452000001,-120.801,14.398,66.741,1.0
18.5,128.172892,37.910321,6330.5112912,-120.103,13.803,65.948,1.0
18.6,128.173024,37.910338,6334.5620832,-119.386,13.219,65.151,1.0
18.7,128.173156,37.910356,6338.464132800001,-118.655,12.646,64.352,1.0
18.8,128.173289,37.910375,6342.2177448,-117.915,12.082,63.549,1.0
18.9,128.173422,37.910397,6345.8235288000005,-117.171,11.53,62.743,1.0
19.0,128.173555,37.910419,6349.2817896,-116.427,10.989,61.934,1.0
19.1,128.173688,37.910443,6352.593746400001,-115.684,10.458,61.121,1.0
19.2,128.173822,37.910469,6355.7600088,-114.944,9.938,60.305,1.0
19.3,128.173955,37.910496,6358.780881600001,-114.205,9.429,59.486,1.0
19.4,128.174089,37.910525,6361.6578887999995,-113.466,8.93,58.664,1.0
19.5,128.174222,37.910555,6364.3913352,-112.728,8.441,57.839,1.0
19.6,128.174355,37.910587,6366.98244,-111.991,7.962,57.012,1.0
19.7,128.174489,37.91062,6369.4321176,-111.255,7.493,56.182,1.0
19.8,128.174622,37.910655,6371.7415872,-110.519,7.034,55.35,1.0
19.9,128.174755,37.910692,6373.9114584,-109.787,6.583,54.515,1.0
20.0,128.174888,37.91073,6375.9426456,-109.062,6.142,53.679,1.0
20.1,128.17502,37.91077,6377.8366728,-108.348,5.71,52.84,1.0
20.2,128.175152,37.910811,6379.5941496000005,-107.65,5.285,52.0,1.0
20.3,128.175284,37.910854,6381.2159904,-106.972,4.868,51.157,1.0
20.4,128.175415,37.910898,6382.703719200001,-106.318,4.458,50.312,1.0
20.5,128.175545,37.910944,6384.0579456000005,-105.684,4.054,49.465,1.0
20.6,128.175675,37.910992,6385.2801936,-105.068,3.656,48.615,1.0
20.7,128.175805,37.911041,6386.3713776,-104.466,3.263,47.764,1.0
20.8,128.175934,37.911092,6387.3330216,-103.87,2.875,46.91,1.0
20.9,128.176062,37.911144,6388.16604,-103.271,2.493,46.055,1.0
21.0,128.176189,37.911198,6388.871652000001,-102.659,2.117,45.197,1.0
21.1,128.176316,37.911253,6389.451686400001,-102.022,1.748,44.338,1.0
21.2,128.176441,37.91131,6389.9073624,-101.351,1.386,43.478,1.0
21.3,128.176566,37.911368,6390.240204000001,-100.639,1.033,42.616,1.0
21.4,128.17669,37.911428,6390.45204,-99.887,0.69,41.754,1.0
21.5,128.176813,37.911489,6390.5440896,-99.099,0.358,40.892,1.0
21.6,128.176935,37.911552,6390.5187912,-98.287,0.038,40.03,1.0
21.7,128.177056,37.911616,6390.377668800001,-97.466,-0.269,39.168,1.0
21.8,128.177176,37.911682,6390.122551200001,-96.648,-0.565,38.306,1.0
21.9,128.177295,37.911749,6389.756181600001,-95.848,-0.849,37.444,1.0
22.0,128.177412,37.911818,6389.279779200001,-95.077,-1.121,36.582,1.0
22.1,128.177528,37.911888,6388.696087200001,-94.343,-1.382,35.72,1.0
22.2,128.177643,37.911959,6388.006934399999,-93.651,-1.633,34.856,1.0
22.3,128.177757,37.912032,6387.2144544,-93.0,-1.875,33.992,1.0
22.4,128.177869,37.912106,6386.320476,-92.387,-2.109,33.127,1.0
22.5,128.17798,37.912182,6385.327132800001,-91.805,-2.336,32.26,1.0
22.6,128.178089,37.912259,6384.2359488,-91.243,-2.557,31.392,1.0
22.7,128.178197,37.912337,6383.0487528,-90.691,-2.773,30.523,1.0
22.8,128.178304,37.912417,6381.767373600001,-90.144,-2.985,29.653,1.0
22.9,128.178409,37.912497,6380.39364,-89.6,-3.194,28.782,1.0
23.0,128.178512,37.91258,6378.929076,-89.063,-3.401,27.911,1.0
23.1,128.178614,37.912663,6377.375815200001,-88.541,-3.606,27.039,1.0
23.2,128.178714,37.912748,6375.7353816,-88.038,-3.809,26.165,1.0
23.3,128.178812,37.912833,6374.0092992,-87.55,-4.01,25.29,1.0
23.4,128.178909,37.912921,6372.199092000001,-87.072,-4.207,24.413,1.0
23.5,128.179004,37.913009,6370.306284000001,-86.597,-4.401,23.534,1.0
23.6,128.179097,37.913098,6368.332704,-86.121,-4.592,22.653,1.0
23.7,128.179188,37.913189,6366.2795712,-85.642,-4.779,21.771,1.0
23.8,128.179278,37.913281,6364.149019200001,-85.161,-4.961,20.886,1.0
23.9,128.179366,37.913374,6361.9419624,-84.686,-5.139,20.001,1.0
24.0,128.179452,37.913468,6359.6608392,-84.223,-5.313,19.114,1.0
24.1,128.179536,37.913563,6357.306564,-83.782,-5.483,18.225,1.0
24.2,128.179618,37.913659,6354.8815752,-83.373,-5.65,17.334,1.0
24.3,128.179698,37.913756,6352.3867872,-83.004,-5.813,16.441,1.0
24.4,128.179776,37.913854,6349.824028800001,-82.685,-5.974,15.545,1.0
24.5,128.179852,37.913954,6347.1945192,-82.421,-6.134,14.646,1.0
24.6,128.179925,37.914054,6344.4994776,-82.22,-6.295,13.742,1.0
24.7,128.179997,37.914155,6341.740428,-82.085,-6.458,12.832,1.0
24.8,128.180067,37.914257,6338.9182848,-82.014,-6.625,11.916,1.0
24.9,128.180134,37.914359,6336.0333528,-82.007,-6.8,10.992,1.0
25.0,128.180199,37.914463,6333.086546400001,-82.057,-6.984,10.059,1.0
25.1,128.180262,37.914567,6330.078170400001,-82.148,-7.181,9.117,1.0
25.2,128.180323,37.914673,6327.007920000001,-82.259,-7.391,8.166,1.0
25.3,128.180381,37.914778,6323.8757952000005,-82.373,-7.617,7.206,1.0
25.4,128.180437,37.914885,6320.682100800001,-82.474,-7.86,6.237,1.0
25.5,128.18049,37.914992,6317.4262272000005,-82.552,-8.119,5.26,1.0
25.6,128.180542,37.915099,6314.1081744,-82.6,-8.396,4.275,1.0
25.7,128.180591,37.915208,6310.727942400001,-82.616,-8.689,3.285,1.0
25.8,128.180637,37.915316,6307.2855312,-82.603,-8.997,2.289,1.0
25.9,128.180681,37.915425,6303.780331200001,-82.57,-9.316,1.29,1.0
26.0,128.180723,37.915534,6300.212952000001,-82.527,-9.64,0.288,1.0
26.1,128.180763,37.915644,6296.582479200001,-82.484,-9.968,359.285,1.0
26.2,128.1808,37.915754,6292.8895224,-82.447,-10.296,358.281,1.0
26.3,128.180834,37.915864,6289.133472,-82.423,-10.624,357.277,1.0
26.4,128.180866,37.915975,6285.314328,-82.415,-10.95,356.273,1.0
26.5,128.180896,37.916086,6281.4317856,-82.424,-11.276,355.269,1.0
26.6,128.180923,37.916196,6277.4858448,-82.451,-11.6,354.265,1.0
26.7,128.180948,37.916307,6273.4755912,-82.494,-11.923,353.261,1.0
26.8,128.18097,37.916418,6269.401329599999,-82.553,-12.246,352.257,1.0
26.9,128.18099,37.91653,6265.2618408,-82.622,-12.57,351.251,1.0
27.0,128.181008,37.916641,6261.056820000001,-82.698,-12.895,350.245,1.0
27.1,128.181023,37.916752,6256.7853528,-82.777,-13.224,349.237,1.0
27.2,128.181035,37.916863,6252.446524800001,-82.857,-13.556,348.227,1.0
27.3,128.181046,37.916975,6248.0400312,-82.936,-13.891,347.216,1.0
27.4,128.181053,37.917086,6243.563738400001,-83.014,-14.23,346.202,1.0
27.5,128.181058,37.917197,6239.0161224,-83.091,-14.572,345.187,1.0
27.6,128.181061,37.917308,6234.3956592,-83.169,-14.917,344.17,1.0
27.7,128.181061,37.91742,6229.699910400001,-83.249,-15.264,343.152,1.0
27.8,128.181059,37.917531,6224.9282664,-83.333,-15.614,342.129,1.0
27.9,128.181054,37.917642,6220.078288799999,-83.422,-15.966,341.102,1.0
28.0,128.181046,37.917754,6215.1484536,-83.517,-16.32,340.069,1.0
28.1,128.181036,37.917865,6210.1375416,-83.621,-16.678,339.029,1.0
28.2,128.181023,37.917976,6205.0434192,-83.733,-17.039,337.98,1.0
28.3,128.181008,37.918087,6199.8648672,-83.857,-17.404,336.922,1.0
28.4,128.18099,37.918198,6194.6009712,-83.993,-17.773,335.854,1.0
28.5,128.180969,37.918309,6189.250512,-84.144,-18.145,334.774,1.0
28.6,128.180945,37.91842,6183.8125752,-84.31,-18.522,333.682,1.0
28.7,128.180919,37.91853,6178.286246400001,-84.491,-18.904,332.578,1.0
28.8,128.18089,37.918641,6172.670916,-84.688,-19.29,331.463,1.0
28.9,128.180859,37.918751,6166.964755200001,-84.901,-19.681,330.336,1.0
29.0,128.180825,37.91886,6161.1665448,-85.13,-20.076,329.2,1.0
29.1,128.180788,37.918969,6155.275065600001,-85.373,-20.476,328.054,1.0
29.2,128.180748,37.919078,6149.2887936,-85.63,-20.881,326.899,1.0
29.3,128.180705,37.919186,6143.206204800001,-85.898,-21.292,325.735,1.0
29.4,128.18066,37.919293,6137.025470400001,-86.175,-21.708,324.562,1.0
29.5,128.180612,37.9194,6130.7450664,-86.458,-22.13,323.381,1.0
29.6,128.180562,37.919507,6124.3634688,-86.745,-22.559,322.192,1.0
29.7,128.180508,37.919612,6117.8791536,-87.033,-22.994,320.994,1.0
29.8,128.180452,37.919717,6111.290292000001,-87.322,-23.435,319.787,1.0
29.9,128.180393,37.919821,6104.5947504000005,-87.611,-23.884,318.572,1.0
30.0,128.180332,37.919923,6097.7913096,-87.899,-24.339,317.348,1.0
30.1,128.180267,37.920025,6090.8781408,-88.186,-24.8,316.116,1.0
30.2,128.1802,37.920126,6083.853415200001,-88.474,-25.267,314.876,1.0
30.3,128.180131,37.920226,6076.7156088,-88.763,-25.74,313.628,1.0
30.4,128.180059,37.920325,6069.462892800001,-89.053,-26.219,312.371,1.0
30.5,128.179984,37.920423,6062.093438400001,-89.344,-26.704,311.107,1.0
30.6,128.179906,37.920519,6054.6054168,-89.636,-27.194,309.833,1.0
30.7,128.179827,37.920614,6046.9976088,-89.931,-27.69,308.551,1.0
30.8,128.179744,37.920707,6039.267576,-90.227,-28.193,307.259,1.0
30.9,128.179659,37.920799,6031.4140992,-90.525,-28.701,305.959,1.0
31.0,128.179572,37.92089,6023.4350448000005,-90.825,-29.215,304.648,1.0
31.1,128.179482,37.920979,6015.328584000001,-91.126,-29.735,303.327,1.0
31.2,128.179389,37.921066,6007.092888000001,-91.429,-30.261,301.996,1.0
31.3,128.179295,37.921152,5998.7264328,-91.733,-30.794,300.655,1.0
31.4,128.179198,37.921236,5990.2270848,-92.038,-31.333,299.302,1.0
31.5,128.179099,37.921318,5981.593015200001,-92.343,-31.879,297.938,1.0
31.6,128.178998,37.921398,5972.8223952,-92.649,-32.431,296.563,1.0
31.7,128.178894,37.921476,5963.913700800001,-92.955,-32.99,295.175,1.0
31.8,128.178789,37.921553,5954.8651032,-93.261,-33.555,293.776,1.0
31.9,128.178682,37.921627,5945.674164,-93.565,-34.127,292.363,1.0
32.0,128.178573,37.921699,5936.339968800001,-93.869,-34.705,290.938,1.0
32.1,128.178461,37.921769,5926.859774400001,-94.17,-35.291,289.499,1.0
32.2,128.178349,37.921836,5917.2320568000005,-94.47,-35.883,288.047,1.0
32.3,128.178234,37.921902,5907.454987200001,-94.768,-36.482,286.58,1.0
32.4,128.178118,37.921965,5897.5267368,-95.063,-37.087,285.098,1.0
32.5,128.178,37.922025,5887.4454768000005,-95.356,-37.7,283.602,1.0
32.6,128.177881,37.922083,5877.209378400001,-95.645,-38.318,282.089,1.0
32.7,128.177761,37.922139,5866.8166128,-95.931,-38.944,280.56,1.0
32.8,128.17764,37.922192,5856.265351200001,-96.213,-39.576,279.014,1.0
32.9,128.177517,37.922243,5845.554374400001,-96.49,-40.215,277.451,1.0
33.0,128.177393,37.92229,5834.681244,-96.763,-40.86,275.869,1.0
33.1,128.177269,37.922336,5823.6450456,-97.031,-41.511,274.268,1.0
33.2,128.177143,37.922378,5812.4436456,-97.293,-42.169,272.647,1.0
33.3,128.177017,37.922418,5801.075824800001,-97.549,-42.832,271.005,1.0
33.4,128.176891,37.922455,5789.5400592000005,-97.797,-43.502,269.342,1.0
33.5,128.176764,37.922489,5777.83452,-98.038,-44.178,267.657,1.0
33.6,128.176637,37.92252,5765.958292800001,-98.269,-44.859,265.947,1.0
33.7,128.176509,37.922548,5753.9101584,-98.491,-45.546,264.214,1.0
33.8,128.176382,37.922574,5741.688288,-98.701,-46.239,262.455,1.0
33.9,128.176255,37.922596,5729.292072,-98.899,-46.936,260.669,1.0
34.0,128.176128,37.922616,5716.7196816000005,-99.084,-47.638,258.855,1.0
34.1,128.176001,37.922633,5703.9705072,-99.254,-48.345,257.011,1.0
34.2,128.175875,37.922646,5691.04272,-99.408,-49.056,255.136,1.0
34.3,128.17575,37.922657,5677.9351008,-99.545,-49.77,253.227,1.0
34.4,128.175626,37.922665,5664.6467352,-99.663,-50.489,251.279,1.0
34.5,128.175502,37.922669,5651.176708800001,-99.763,-51.211,249.288,1.0
34.6,128.17538,37.922671,5637.5238024,-99.843,-51.937,247.251,1.0
34.7,128.17526,37.92267,5623.687711200001,-99.903,-52.665,245.162,1.0
34.8,128.175141,37.922665,5609.6678256,-99.942,-53.396,243.019,1.0
34.9,128.175024,37.922657,5595.4638408,-99.958,-54.13,240.816,1.0
35.0,128.174909,37.922647,5581.075756800001,-99.95,-54.865,238.549,1.0
35.1,128.174796,37.922633,5566.503573600001,-99.915,-55.603,236.215,1.0
35.2,128.174686,37.922617,5551.747596,-99.85,-56.342,233.809,1.0
35.3,128.174579,37.922597,5536.8056904000005,-99.018,-57.03,231.311,1.0
35.4,128.174473,37.922575,5521.682428800001,-95.764,-57.566,228.709,1.0
35.5,128.17437,37.922552,5506.3909176,-91.253,-58.004,226.074,1.0
35.6,128.174268,37.922525,5490.939996,-87.475,-58.397,223.466,1.0
35.7,128.17417,37.922496,5475.3400272,-84.639,-58.7,220.88,1.0
35.8,128.174075,37.922463,5459.6022888,-82.743,-58.91,218.275,1.0
35.9,128.173983,37.922427,5443.73562,-81.692,-59.049,215.625,1.0
36.0,128.173895,37.922388,5427.7452023999995,-81.336,-59.146,212.919,1.0
36.1,128.17381,37.922346,5411.6343888,-81.504,-59.232,210.151,1.0
36.2,128.173729,37.922301,5395.4047032,-82.019,-59.331,207.318,1.0
36.3,128.173652,37.922253,5379.0552312,-82.718,-59.462,204.415,1.0
36.4,128.173579,37.922203,5362.5792672,-82.676,-59.583,201.453,1.0
36.5,128.173509,37.922151,5345.9685816,-80.03,-59.597,198.477,1.0
36.6,128.173442,37.922098,5329.221955200001,-75.543,-59.529,195.553,1.0
36.7,128.173378,37.922042,5312.35158,-70.68,-59.387,192.763,1.0
36.8,128.173317,37.921985,5295.3827544000005,-67.072,-59.182,190.133,1.0
36.9,128.173261,37.921924,5278.342605600001,-64.795,-58.896,187.629,1.0
37.0,128.17321,37.921861,5261.2475928,-63.645,-58.56,185.155,1.0
37.1,128.173163,37.921796,5244.106860000001,-63.432,-58.191,182.668,1.0
37.2,128.173122,37.921728,5226.925284000001,-63.942,-57.808,180.149,1.0
37.3,128.173085,37.921658,5209.7031696,-64.949,-57.435,177.585,1.0
37.4,128.173054,37.921587,5192.433506400001,-65.914,-57.077,174.975,1.0
37.5,128.173026,37.921513,5175.091300800001,-65.499,-56.7,172.359,1.0
37.6,128.173001,37.921439,5157.6539976,-62.856,-56.282,169.802,1.0
37.7,128.17298,37.921363,5140.1307408,-58.87,-55.826,167.381,1.0
37.8,128.172963,37.921286,5122.5593256,-55.086,-55.328,165.143,1.0
37.9,128.172952,37.921208,5104.985472,-52.738,-54.775,163.063,1.0
38.0,128.172946,37.921127,5087.4332592,-51.762,-54.158,161.075,1.0
38.1,128.172946,37.921045,5069.9109167999995,-51.906,-53.501,159.103,1.0
38.2,128.172952,37.920962,5052.424236,-52.894,-52.831,157.096,1.0
38.3,128.172964,37.920877,5034.9689496,-54.232,-52.167,155.04,1.0
38.4,128.17298,37.920791,5017.5176255999995,-54.939,-51.505,152.949,1.0
38.5,128.173001,37.920705,5000.047404,-54.262,-50.849,150.862,1.0
38.6,128.173025,37.920618,4982.5460928,-51.961,-50.184,148.846,1.0
38.7,128.173054,37.920531,4965.0389904,-48.944,-49.51,146.949,1.0
38.8,128.173088,37.920443,4947.5858376,-46.681,-48.822,145.177,1.0
38.9,128.173129,37.920354,4930.2320496,-45.781,-48.098,143.495,1.0
39.0,128.173176,37.920265,4912.989208800001,-46.085,-47.333,141.84,1.0
39.1,128.173228,37.920175,4895.8582296,-47.263,-46.549,140.161,1.0
39.2,128.173287,37.920085,4878.8220432,-48.675,-45.761,138.443,1.0
39.3,128.17335,37.919996,4861.8562656,-49.542,-44.981,136.694,1.0
39.4,128.173419,37.919906,4844.938646400001,-49.238,-44.208,134.949,1.0
39.5,128.173491,37.919816,4828.0606512,-47.6,-43.434,133.255,1.0
39.6,128.173569,37.919727,4811.2545888,-45.4,-42.664,131.643,1.0
39.7,128.173652,37.919639,4794.5759328,-43.783,-41.891,130.109,1.0
39.8,128.173741,37.91955,4778.0664408,-43.323,-41.098,128.625,1.0
39.9,128.173836,37.919463,4761.7358664,-43.928,-40.279,127.152,1.0
40.0,128.173937,37.919377,4745.5701888,-45.1,-39.441,125.662,1.0
40.1,128.174043,37.919291,4729.5459384000005,-46.138,-38.596,124.153,1.0
40.2,128.174154,37.919206,4713.6353784,-46.355,-37.751,122.644,1.0
40.3,128.174269,37.919123,4697.824488,-45.44,-36.905,121.168,1.0
40.4,128.174389,37.91904,4682.1358224000005,-43.768,-36.065,119.749,1.0
40.5,128.174514,37.918959,4666.6154064,-42.184,-35.231,118.389,1.0
40.6,128.174644,37.918879,4651.3092648,-41.402,-34.39,117.072,1.0
40.7,128.17478,37.918801,4636.2372096,-41.575,-33.53,115.773,1.0
40.8,128.17492,37.918724,4621.391925600001,-42.395,-32.65,114.472,1.0
40.9,128.175066,37.91865,4606.7539056000005,-43.323,-31.76,113.159,1.0
41.0,128.175215,37.918577,4592.302728000001,-43.85,-30.871,111.841,1.0
41.1,128.175369,37.918506,4578.02742,-43.689,-29.988,110.533,1.0
41.2,128.175527,37.918437,4563.9359064,-42.884,-29.112,109.253,1.0
41.3,128.17569,37.918369,4550.0577528,-41.871,-28.244,108.008,1.0
41.4,128.175856,37.918304,4536.428011200001,-41.182,-27.379,106.792,1.0
41.5,128.176027,37.918242,4523.0692368,-41.088,-26.506,105.593,1.0
41.6,128.176202,37.918182,4509.9832584,-41.506,-25.621,104.396,1.0
41.7,128.176381,37.918125,4497.1572744000005,-42.115,-24.73,103.193,1.0
41.8,128.176564,37.91807,4484.5754352,-42.524,-23.838,101.986,1.0
41.9,128.176749,37.918017,4472.227987200001,-42.488,-22.95,100.787,1.0
42.0,128.176939,37.917967,4460.121636,-42.029,-22.067,99.606,1.0
42.1,128.177131,37.91792,4448.2780224,-41.419,-21.193,98.447,1.0
42.2,128.177326,37.917876,4436.7206160000005,-40.993,-20.324,97.307,1.0
42.3,128.177525,37.917834,4425.465876,-40.962,-19.454,96.176,1.0
42.4,128.177726,37.917796,4414.5177648,-41.331,-18.581,95.045,1.0
42.5,128.17793,37.917761,4403.8701864,-41.939,-17.706,93.908,1.0
42.6,128.178137,37.917728,4393.5124728,-42.569,-16.835,92.763,1.0
42.7,128.178346,37.917699,4383.4373088,-43.053,-15.973,91.612,1.0
42.8,128.178557,37.917673,4373.645304,-43.355,-15.122,90.457,1.0
42.9,128.17877,37.91765,4364.1452976,-43.581,-14.287,89.3,1.0
43.0,128.178985,37.917631,4354.950396,-43.914,-13.468,88.135,1.0
43.1,128.179201,37.917615,4346.0718768,-44.521,-12.666,86.953,1.0
43.2,128.17942,37.917602,4337.503644,-45.368,-11.881,85.749,1.0
43.3,128.179639,37.917593,4329.2258856,-46.14,-11.113,84.519,1.0
43.4,128.17986,37.917588,4321.2261048,-46.633,-10.372,83.265,1.0
43.5,128.180081,37.917586,4313.4957672,-46.782,-9.652,82.003,1.0
43.6,128.180303,37.917587,4306.0251192000005,-46.513,-8.936,80.756,1.0
43.7,128.180525,37.917591,4298.824219200001,-46.216,-8.237,79.52,1.0
43.8,128.180748,37.9176,4291.963476000001,-47.042,-7.58,78.274,1.0
43.9,128.180971,37.917613,4285.4508144,-48.892,-6.944,77.002,1.0
44.0,128.181193,37.917629,4279.2658128,-51.522,-6.345,75.675,1.0
44.1,128.181416,37.917651,4273.3825632,-54.696,-5.806,74.275,1.0
44.2,128.181638,37.917676,4267.7721096000005,-58.194,-5.35,72.794,1.0
44.3,128.18186,37.917707,4262.4036672,-61.849,-4.996,71.228,1.0
44.4,128.182082,37.917741,4257.236088,-65.383,-4.748,69.589,1.0
44.5,128.182302,37.91778,4252.2196896000005,-68.318,-4.6,67.896,1.0
44.6,128.182522,37.917823,4247.322468,-70.497,-4.545,66.174,1.0
44.7,128.18274,37.91787,4242.5236968,-71.923,-4.559,64.447,1.0
44.8,128.182958,37.917921,4237.8090504,-72.64,-4.611,62.737,1.0
44.9,128.183174,37.917976,4233.1742616,-72.846,-4.676,61.054,1.0
45.0,128.183389,37.918036,4228.6190256,-72.763,-4.733,59.404,1.0
45.1,128.183602,37.9181,4224.1442568,-72.58,-4.769,57.783,1.0
45.2,128.183813,37.918168,4219.7505648,-72.425,-4.78,56.187,1.0
45.3,128.184022,37.91824,4215.4376448,-72.363,-4.766,54.612,1.0
45.4,128.184229,37.918317,4211.2033632,-72.404,-4.73,53.053,1.0
45.5,128.184434,37.918398,4207.0452816,-72.527,-4.676,51.508,1.0
45.6,128.184636,37.918482,4202.960352,-72.704,-4.611,49.975,1.0
45.7,128.184836,37.918571,4198.9458312,-72.906,-4.538,48.452,1.0
45.8,128.185033,37.918664,4194.998976000001,-73.108,-4.461,46.939,1.0
45.9,128.185228,37.918761,4191.1167384,-73.295,-4.38,45.435,1.0
46.0,128.185419,37.918862,4187.2972896,-73.455,-4.298,43.94,1.0
46.1,128.185608,37.918966,4183.5381912,-73.578,-4.213,42.453,1.0
46.2,128.185794,37.919075,4179.8379192,-73.661,-4.124,40.975,1.0
46.3,128.185976,37.919187,4176.1952544000005,-73.706,-4.032,39.505,1.0
46.4,128.186155,37.919302,4172.6095872000005,-73.718,-3.936,38.042,1.0
46.5,128.18633,37.919421,4169.079698400001,-73.704,-3.834,36.588,1.0
46.6,128.186502,37.919544,4165.6061976,-73.672,-3.726,35.14,1.0
46.7,128.18667,37.919669,4162.18878,-73.635,-3.612,33.7,1.0
46.8,128.186835,37.919799,4158.828055200001,-73.607,-3.493,32.265,1.0
46.9,128.186995,37.919931,4155.523718400001,-73.593,-3.369,30.835,1.0
47.0,128.187152,37.920067,4152.2763792000005,-73.592,-3.241,29.41,1.0
47.1,128.187304,37.920205,4149.0851232,-73.595,-3.109,27.989,1.0
47.2,128.187452,37.920347,4145.9502552,-73.596,-2.973,26.572,1.0
47.3,128.187596,37.920492,4142.8714704,-73.584,-2.835,25.158,1.0
47.4,128.187736,37.920639,4139.8487688000005,-73.55,-2.693,23.748,1.0
47.5,128.187871,37.920789,4136.882150400001,-73.492,-2.547,22.342,1.0
47.6,128.188001,37.920942,4133.97192,-73.407,-2.398,20.941,1.0
47.7,128.188127,37.921097,4131.118992000001,-73.301,-2.243,19.543,1.0
47.8,128.188249,37.921255,4128.3245856,-73.181,-2.083,18.15,1.0
47.9,128.188365,37.921415,4125.5893104,-73.052,-1.917,16.761,1.0
48.0,128.188477,37.921578,4122.9143856,-72.924,-1.746,15.376,1.0
48.1,128.188583,37.921742,4120.30164,-72.813,-1.57,13.994,1.0
48.2,128.188685,37.921909,4117.7529024000005,-72.734,-1.389,12.615,1.0
48.3,128.188782,37.922078,4115.2690872,-72.709,-1.206,11.238,1.0
48.4,128.188873,37.922248,4112.8520232,-72.759,-1.023,9.86,1.0
48.5,128.188959,37.922421,4110.5029296,-72.903,-0.842,8.481,1.0
48.6,128.18904,37.922595,4108.2221112,-73.165,-0.668,7.097,1.0
48.7,128.189116,37.92277,4106.0092632000005,-73.563,-0.504,5.707,1.0
48.8,128.189185,37.922947,4103.8634712,-74.114,-0.357,4.308,1.0
48.9,128.189249,37.923126,4101.781992,-74.819,-0.231,2.898,1.0
49.0,128.189308,37.923306,4099.7599488000005,-75.672,-0.131,1.474,1.0
49.1,128.18936,37.923486,4097.7918552,-76.64,-0.062,0.035,1.0
49.2,128.189406,37.923668,4095.8700912000004,-77.69,-0.029,358.586,1.0
49.3,128.189447,37.923851,4093.9864272,-78.807,-0.04,357.143,1.0
49.4,128.189481,37.924034,4092.132024,-79.979,-0.096,355.716,1.0
49.5,128.18951,37.924219,4090.2962136,-81.195,-0.197,354.298,1.0
49.6,128.189532,37.924403,4088.4686328000003,-82.462,-0.342,352.88,1.0
49.7,128.189548,37.924588,4086.6383088000002,-83.789,-0.531,351.456,1.0
49.8,128.189558,37.924773,4084.7933544,-85.182,-0.764,350.024,1.0
49.9,128.189562,37.924959,4082.9206632,-86.658,-1.044,348.582,1.0
50.0,128.189559,37.925144,4081.0077384,-88.25,-1.374,347.134,1.0
50.1,128.189551,37.925329,4079.03934,-89.997,-1.759,345.681,1.0
50.2,128.189536,37.925514,4076.9999232000005,-91.93,-2.205,344.223,1.0
50.3,128.189514,37.925698,4074.8712,-94.074,-2.717,342.757,1.0
50.4,128.189487,37.925882,4072.6330536,-96.453,-3.305,341.285,1.0
50.5,128.189453,37.926064,4070.2632336,-99.091,-3.977,339.807,1.0
50.6,128.189413,37.926246,4067.7364416000005,-102.008,-4.743,338.325,1.0
50.7,128.189367,37.926427,4065.0258552000005,-105.198,-5.617,336.833,1.0
50.8,128.189315,37.926606,4062.101604,-108.677,-6.618,335.326,1.0
50.9,128.189256,37.926784,4058.9307696,-112.447,-7.767,333.795,1.0
51.0,128.189193,37.92696,4055.479824,-116.473,-9.073,332.262,1.0
51.1,128.189124,37.927134,4051.72164,-119.51,-10.463,330.748,1.0
51.2,128.189051,37.927308,4047.6799920000003,-118.842,-11.793,329.216,1.0
51.3,128.188974,37.92748,4043.4057816,-114.957,-12.989,327.693,1.0
51.4,128.188895,37.927653,4038.9364992,-109.635,-14.006,326.203,1.0
51.5,128.188812,37.927824,4034.2437984000003,-106.265,-14.869,324.781,1.0
51.6,128.188724,37.927993,4029.3008568,-104.91,-15.574,323.386,1.0
51.7,128.188629,37.928159,4024.089996,-105.277,-16.213,321.986,1.0
51.8,128.188529,37.928321,4018.608168,-107.008,-16.873,320.554,1.0
51.9,128.188423,37.928481,4012.8456192000003,-109.752,-17.611,319.091,1.0
52.0,128.188312,37.928637,4006.7825376,-113.205,-18.462,317.614,1.0
52.1,128.188196,37.928791,4000.4006352000006,-116.747,-19.425,316.134,1.0
52.2,128.188077,37.928941,3993.7124088,-118.538,-20.445,314.637,1.0
52.3,128.187954,37.92909,3986.7559584,-116.632,-21.437,313.106,1.0
52.4,128.187828,37.929238,3979.5675552000002,-111.945,-22.345,311.579,1.0
52.5,128.187699,37.929383,3972.1212912,-107.021,-23.136,310.097,1.0
52.6,128.187566,37.929525,3964.3979640000002,-104.273,-23.815,308.642,1.0
52.7,128.187427,37.929663,3956.3939160000004,-103.635,-24.393,307.151,1.0
52.8,128.187284,37.929796,3948.1179864,-104.732,-24.952,305.6,1.0
52.9,128.187137,37.929925,3939.5665176,-107.142,-25.567,304.0,1.0
53.0,128.186985,37.930049,3930.7285368000003,-110.002,-26.263,302.363,1.0
53.1,128.18683,37.93017,3921.6192840000003,-111.259,-26.993,300.68,1.0
53.2,128.186673,37.930289,3912.2707632,-109.574,-27.708,298.97,1.0
53.3,128.186514,37.930405,3902.6902896000006,-105.86,-28.372,297.282,1.0
53.4,128.186351,37.930517,3892.8671952,-101.841,-28.946,295.639,1.0
53.5,128.186185,37.930626,3882.8017848000004,-99.124,-29.433,294.014,1.0
53.6,128.186016,37.930729,3872.5047264,-98.261,-29.85,292.362,1.0
53.7,128.185843,37.930827,3861.9912600000002,-98.536,-30.222,290.653,1.0
53.8,128.185668,37.930921,3851.26992,-98.84,-30.57,288.894,1.0
53.9,128.18549,37.931011,3840.3492408,-98.267,-30.898,287.113,1.0
54.0,128.18531,37.931098,3829.2362328000004,-96.475,-31.193,285.334,1.0
54.1,128.185128,37.931181,3817.9391256000004,-93.742,-31.432,283.58,1.0
54.2,128.184943,37.93126,3806.470416,-90.632,-31.594,281.856,1.0
54.3,128.184756,37.931334,3794.8480872000005,-87.645,-31.666,280.153,1.0
54.4,128.184567,37.931404,3783.092256,-85.052,-31.648,278.46,1.0
54.5,128.184375,37.931469,3771.2221248,-82.824,-31.542,276.775,1.0
54.6,128.184181,37.93153,3759.2520192000006,-80.742,-31.358,275.1,1.0
54.7,128.183985,37.931586,3747.1956552,-78.554,-31.1,273.447,1.0
54.8,128.183787,37.931638,3735.0667488000004,-76.122,-30.773,271.828,1.0
54.9,128.183586,37.931686,3722.8814544,-73.423,-30.375,270.255,1.0
55.0,128.183384,37.93173,3710.6577552000003,-70.498,-29.902,268.736,1.0
55.1,128.18318,37.93177,3698.4151584,-67.428,-29.351,267.278,1.0
55.2,128.182973,37.931805,3686.1740856,-64.27,-28.718,265.887,1.0
55.3,128.182765,37.931836,3673.9540440000005,-61.048,-28.004,264.57,1.0
55.4,128.182555,37.931864,3661.7727120000004,-57.734,-27.207,263.334,1.0
55.5,128.182342,37.931887,3649.6459392,-54.262,-26.328,262.189,1.0
55.6,128.182128,37.931907,3637.5889656,-50.569,-25.369,261.146,1.0
55.7,128.181911,37.931923,3625.6161168000003,-46.611,-24.331,260.218,1.0
55.8,128.181693,37.931937,3613.7392800000002,-42.338,-23.216,259.42,1.0
55.9,128.181473,37.931947,3601.9675991999998,-37.704,-22.028,258.767,1.0
56.0,128.18125,37.931954,3590.3157048000003,-32.775,-20.776,258.273,1.0
56.1,128.181026,37.931959,3578.8073712000005,-27.797,-19.477,257.943,1.0
56.2,128.180799,37.931962,3567.4666776000004,-23.007,-18.151,257.786,1.0
56.3,128.180571,37.931962,3556.3143504000004,-18.517,-16.846,257.817,1.0
56.4,128.18034,37.93196,3545.3662392,-14.33,-15.606,258.029,1.0
56.5,128.180107,37.931956,3534.6336216,-10.39,-14.44,258.402,1.0
56.6,128.179871,37.931951,3524.1250320000004,-6.645,-13.337,258.95,1.0
56.7,128.179634,37.931945,3513.8465664000005,-3.005,-12.28,259.686,1.0
56.8,128.179394,37.931937,3503.804016,0.663,-11.26,260.609,1.0
56.9,128.179152,37.931929,3494.0010384,4.504,-10.301,261.711,1.0
57.0,128.178908,37.931921,3484.4638464000004,7.891,-9.409,262.878,1.0
57.1,128.178661,37.931912,3475.3216752000003,8.897,-8.517,263.792,1.0
57.2,128.178412,37.931903,3466.6869960000004,7.26,-7.575,264.298,1.0
57.3,128.17816,37.931895,3458.513784,5.512,-6.6,264.749,1.0
57.4,128.177906,37.931886,3450.6685368000003,5.948,-5.589,265.262,1.0
57.5,128.17765,37.931878,3443.0744448,8.368,-4.647,265.805,1.0
57.6,128.177393,37.931869,3435.7333368000004,12.337,-3.875,266.408,1.0
57.7,128.177134,37.931861,3428.6449079999998,17.493,-3.192,267.097,1.0
57.8,128.176873,37.931854,3421.8042816,23.512,-2.468,267.941,1.0
57.9,128.17661,37.931847,3415.2056664,30.157,-1.682,269.016,1.0
58.0,128.176346,37.931842,3408.8624736,36.82,-0.907,270.378,1.0
58.1,128.176081,37.931838,3402.843588,41.549,-0.1,271.906,1.0
58.2,128.175814,37.931838,3397.2422784000005,42.21,0.868,273.328,1.0
58.3,128.175546,37.931842,3392.1780264,39.264,1.893,274.65,1.0
58.4,128.175278,37.93185,3387.6618048,34.522,2.951,275.906,1.0
58.5,128.175009,37.931862,3383.6009544000003,31.07,4.036,277.108,1.0
58.6,128.174739,37.931875,3379.8869664000003,30.509,5.144,278.234,1.0
58.7,128.174468,37.93189,3376.4671104,32.413,6.229,279.309,1.0
58.8,128.174197,37.931907,3373.3511399999998,36.079,7.207,280.419,1.0
58.9,128.173926,37.931926,3370.5542952,40.712,8.048,281.611,1.0
59.0,128.173655,37.931949,3368.1116280000006,44.61,8.818,282.814,1.0
59.1,128.173385,37.931975,3366.102996,45.513,9.608,283.963,1.0
59.2,128.173116,37.932005,3364.5899688000004,43.372,10.419,285.096,1.0
59.3,128.172848,37.93204,3363.5189016,40.509,11.248,286.251,1.0
59.4,128.172581,37.932077,3362.8160328000004,38.968,12.103,287.396,1.0
59.5,128.172315,37.932117,3362.419488,39.608,12.964,288.518,1.0
59.6,128.172049,37.932159,3362.3064072,42.204,13.764,289.65,1.0
59.7,128.171785,37.932204,3362.471304,46.179,14.448,290.831,1.0
59.8,128.171522,37.932251,3362.9205792000002,50.493,15.033,292.048,1.0
59.9,128.171261,37.932302,3363.7045248,53.07,15.592,293.257,1.0
60.0,128.171004,37.932357,3364.8844056000003,52.462,16.191,294.45,1.0
60.1,128.170749,37.932417,3366.4809480000004,49.235,16.851,295.632,1.0
60.2,128.170497,37.932481,3368.4493464,45.974,17.532,296.847,1.0
60.3,128.170247,37.932547,3370.7066952,45.21,18.206,298.099,1.0
60.4,128.169999,37.932615,3373.194168,46.766,18.878,299.335,1.0
60.5,128.169752,37.932686,3375.9074976,50.098,19.487,300.556,1.0
60.6,128.169508,37.932759,3378.8509512,54.36,19.997,301.788,1.0
60.7,128.169267,37.932835,3382.0483032,57.989,20.439,303.026,1.0
60.8,128.169029,37.932915,3385.532472,59.284,20.891,304.258,1.0
60.9,128.168795,37.932999,3389.3446056000002,57.61,21.396,305.488,1.0
61.0,128.168565,37.933087,3393.4667208,54.981,21.895,306.773,1.0
61.1,128.168338,37.933178,3397.8265800000004,54.052,22.37,308.122,1.0
61.2,128.168114,37.933271,3402.3623088,55.173,22.84,309.478,1.0
61.3,128.167892,37.933366,3407.0787840000003,57.526,23.295,310.785,1.0
61.4,128.167674,37.933464,3412.0345272,59.019,23.753,312.025,1.0
61.5,128.16746,37.933565,3417.2831832,58.435,24.232,313.244,1.0
61.6,128.167251,37.93367,3422.8278,56.3,24.76,314.477,1.0
61.7,128.167048,37.933778,3428.6659392,53.381,25.381,315.697,1.0
61.8,128.166849,37.933889,3434.8198512,49.911,26.131,316.856,1.0
61.9,128.166655,37.934002,3441.3206256000003,45.928,27.018,317.933,1.0
62.0,128.166466,37.934118,3448.1984376,41.519,28.047,318.914,1.0
62.1,128.166283,37.934235,3455.4932160000003,36.566,29.232,319.762,1.0
62.2,128.166105,37.934353,3463.2424512,30.949,30.573,320.45,1.0
62.3,128.165933,37.934473,3471.4348656,25.281,32.047,320.985,1.0
62.4,128.165764,37.934592,3480.0558288,20.078,33.628,321.343,1.0
62.5,128.165599,37.934712,3489.1038168000005,15.452,35.285,321.503,1.0
62.6,128.165438,37.93483,3498.572124,11.434,36.984,321.477,1.0
62.7,128.16528,37.934948,3508.440024,8.214,38.694,321.302,1.0
62.8,128.165125,37.935065,3518.6745984000004,6.218,40.388,321.05,1.0
62.9,128.164973,37.93518,3529.2337848,5.859,42.041,320.793,1.0
63.0,128.164823,37.935295,3540.1377,6.525,43.633,320.526,1.0
63.1,128.164676,37.935407,3551.4515712,6.78,45.167,320.206,1.0
63.2,128.164534,37.935517,3563.2208136000004,5.651,46.676,319.838,1.0
63.3,128.164395,37.935625,3575.4323208,3.22,48.193,319.433,1.0
63.4,128.16426,37.935731,3588.0519552000005,-0.141,49.727,318.939,1.0
63.5,128.164128,37.935834,3601.0391784000003,-3.854,51.268,318.302,1.0
63.6,128.163999,37.935934,3614.3650344000002,-7.536,52.795,317.475,1.0
63.7,128.163872,37.936032,3628.0091016,-11.021,54.289,316.436,1.0
63.8,128.163748,37.936127,3641.9549208000003,-14.266,55.736,315.182,1.0
63.9,128.163626,37.936218,3656.1890808,-17.311,57.129,313.724,1.0
64.0,128.163506,37.936307,3670.6975608000002,-20.223,58.465,312.074,1.0
64.1,128.163388,37.936392,3685.4657304,-23.039,59.744,310.244,1.0
64.2,128.163272,37.936473,3700.4786544000003,-25.799,60.964,308.245,1.0
64.3,128.163158,37.936551,3715.7195688,-28.502,62.126,306.086,1.0
64.4,128.163046,37.936626,3731.1707952,-31.1,63.232,303.778,1.0
64.5,128.162935,37.936697,3746.8161792,-33.549,64.283,301.335,1.0
64.6,128.162826,37.936765,3762.6410904,-35.837,65.281,298.77,1.0
64.7,128.162719,37.936829,3778.634556,-38.031,66.226,296.096,1.0
64.8,128.162613,37.93689,3794.7916992,-40.381,67.12,293.305,1.0
64.9,128.16251,37.936946,3811.1061192000006,-43.13,67.964,290.377,1.0
65.0,128.162408,37.937,3827.5644048000004,-46.307,68.757,287.284,1.0
65.1,128.162308,37.937049,3844.15284,-49.841,69.492,284.002,1.0
65.2,128.16221,37.937095,3860.8580136,-53.66,70.156,280.514,1.0
65.3,128.162114,37.937137,3877.6683432,-57.736,70.739,276.815,1.0
65.4,128.16202,37.937176,3894.572856,-62.036,71.231,272.916,1.0
65.5,128.161927,37.937211,3911.5584456,-66.462,71.627,268.838,1.0
65.6,128.161836,37.937242,3928.6120056000004,-70.85,71.926,264.625,1.0
65.7,128.161746,37.93727,3945.7216488000004,-75.022,72.129,260.332,1.0
65.8,128.161658,37.937295,3962.8767072000005,-78.808,72.247,256.022,1.0
65.9,128.161571,37.937316,3980.0686464000005,-82.101,72.296,251.752,1.0
66.0,128.161486,37.937335,3997.2901512,-84.941,72.291,247.563,1.0
66.1,128.161403,37.937351,4014.53604,-87.484,72.247,243.475,1.0
66.2,128.161321,37.937363,4031.8008264,-89.929,72.173,239.483,1.0
66.3,128.161241,37.937372,4049.0793288,-92.434,72.073,235.572,1.0
66.4,128.161163,37.937378,4066.365756,-95.086,71.944,231.732,1.0
66.5,128.161087,37.937382,4083.6546216,-97.891,71.781,227.96,1.0
66.6,128.161012,37.937382,4100.9395248,-100.794,71.577,224.263,1.0
66.7,128.16094,37.937379,4118.2149792,-103.723,71.327,220.659,1.0
66.8,128.16087,37.937374,4135.4754984,-106.598,71.028,217.165,1.0
66.9,128.160802,37.937366,4152.7149864,-109.349,70.681,213.796,1.0
67.0,128.160736,37.937355,4169.928871200001,-111.907,70.29,210.559,1.0
67.1,128.160672,37.937342,4187.112276000001,-114.177,69.862,207.458,1.0
67.2,128.160609,37.937326,4204.2630672,-116.03,69.408,204.486,1.0
67.3,128.160549,37.937308,4221.377892,-117.381,68.942,201.645,1.0
67.4,128.160491,37.937288,4238.454616800001,-118.24,68.484,198.92,1.0
67.5,128.160434,37.937266,4255.490193600001,-118.724,68.054,196.282,1.0
67.6,128.160379,37.937241,4272.4824888,-119.001,67.666,193.698,1.0
67.7,128.160326,37.937215,4289.429064,-119.21,67.321,191.146,1.0
67.8,128.160275,37.937187,4306.3290048,-119.402,67.014,188.613,1.0
67.9,128.160226,37.937158,4323.18414,-119.465,66.742,186.12,1.0
68.0,128.160179,37.937126,4339.995384,-119.279,66.512,183.706,1.0
68.1,128.160134,37.937094,4356.7630416,-118.891,66.319,181.346,1.0
68.2,128.16009,37.93706,4373.486198400001,-118.447,66.153,178.985,1.0
68.3,128.160048,37.937025,4390.1645496,-118.074,66.006,176.595,1.0
68.4,128.160009,37.936988,4406.7977904,-117.826,65.88,174.19,1.0
68.5,128.159971,37.936951,4423.3859208,-117.72,65.774,171.787,1.0
68.6,128.159936,37.936912,4439.9280264,-117.766,65.685,169.397,1.0
68.7,128.159902,37.936873,4456.424412,-117.953,65.607,167.025,1.0
68.8,128.159871,37.936832,4472.8735536,-118.265,65.535,164.677,1.0
68.9,128.159842,37.936791,4489.2739272,-118.772,65.46,162.363,1.0
69.0,128.159816,37.936748,4505.6182176,-119.779,65.369,160.092,1.0
69.1,128.159793,37.936705,4521.899414400001,-121.495,65.243,157.857,1.0
69.2,128.159774,37.936661,4538.1150792,-123.714,65.066,155.639,1.0
69.3,128.159757,37.936616,4554.2646024000005,-126.096,64.822,153.454,1.0
69.4,128.159744,37.936571,4570.3455456,-128.364,64.508,151.337,1.0
69.5,128.159734,37.936525,4586.3542512,-130.346,64.125,149.312,1.0
69.6,128.159727,37.936478,4602.287366400001,-131.97,63.683,147.386,1.0
69.7,128.159723,37.93643,4618.140319200001,-133.234,63.191,145.554,1.0
69.8,128.159722,37.936382,4633.9091472,-134.185,62.661,143.801,1.0
69.9,128.159725,37.936333,4649.589888,-134.89,62.1,142.111,1.0
70.0,128.15973,37.936284,4665.178884,-135.424,61.516,140.47,1.0
70.1,128.159739,37.936234,4680.6721728,-135.86,60.913,138.866,1.0
70.2,128.159751,37.936184,4696.0664016,-136.267,60.294,137.293,1.0
70.3,128.159767,37.936134,4711.357608,-136.692,59.66,135.745,1.0
70.4,128.159786,37.936083,4726.542744,-137.155,59.01,134.222,1.0
70.5,128.159808,37.936032,4741.619676,-137.653,58.346,132.725,1.0
70.6,128.159833,37.93598,4756.585356,-138.167,57.666,131.257,1.0
70.7,128.159862,37.935929,4771.4376504,-138.675,56.971,129.821,1.0
70.8,128.159894,37.935877,4786.1732064,-139.158,56.263,128.419,1.0
70.9,128.159929,37.935826,4800.7898904,-139.601,55.542,127.054,1.0
71.0,128.159967,37.935774,4815.2846544,-139.989,54.809,125.724,1.0
71.1,128.160008,37.935723,4829.6553648,-140.311,54.067,124.428,1.0
71.2,128.160053,37.935671,4843.8992784,-140.562,53.317,123.166,1.0
71.3,128.1601,37.93562,4858.0139568,-140.746,52.561,121.933,1.0
71.4,128.160151,37.935568,4871.9966568,-140.869,51.801,120.728,1.0
71.5,128.160204,37.935517,4885.84494,-140.937,51.037,119.547,1.0
71.6,128.160261,37.935466,4899.5569776,-140.959,50.27,118.388,1.0
71.7,128.16032,37.935416,4913.1297216,-140.94,49.503,117.248,1.0
71.8,128.160383,37.935366,4926.561952800001,-140.887,48.735,116.126,1.0
71.9,128.160448,37.935316,4939.851232800001,-140.802,47.967,115.02,1.0
72.0,128.160516,37.935267,4952.9963424,-140.686,47.2,113.928,1.0
72.1,128.160587,37.935218,4965.995148,-140.542,46.434,112.85,1.0
72.2,128.160661,37.935169,4978.8461256,-140.371,45.669,111.784,1.0
72.3,128.160737,37.935121,4991.547446400001,-140.178,44.907,110.729,1.0
72.4,128.160817,37.935074,5004.0972816,-139.964,44.148,109.685,1.0
72.5,128.160899,37.935028,5016.4947168,-139.731,43.391,108.651,1.0
72.6,128.160983,37.934982,5028.7376184,-139.481,42.636,107.626,1.0
72.7,128.16107,37.934937,5040.8247672,-139.214,41.885,106.61,1.0
72.8,128.16116,37.934892,5052.7543344,-138.932,41.136,105.602,1.0
72.9,128.161252,37.934849,5064.5257104,-138.637,40.39,104.601,1.0
73.0,128.161347,37.934806,5076.1337136,-138.355,39.647,103.609,1.0
73.1,128.161444,37.934764,5087.571638400001,-138.17,38.902,102.627,1.0
73.2,128.161544,37.934724,5098.8318648,-138.137,38.15,101.654,1.0
73.3,128.161646,37.934684,5109.9104304,-138.267,37.387,100.691,1.0
73.4,128.161751,37.934646,5120.8042872000005,-138.527,36.609,99.739,1.0
73.5,128.161859,37.934609,5131.511911200001,-138.855,35.813,98.8,1.0
73.6,128.161968,37.934573,5142.033912,-139.185,34.999,97.877,1.0
73.7,128.16208,37.934538,5152.3699848,-139.458,34.168,96.973,1.0
73.8,128.162194,37.934504,5162.5183008,-139.638,33.322,96.088,1.0
73.9,128.16231,37.934471,5172.4767264,-139.71,32.464,95.222,1.0
74.0,128.162428,37.93444,5182.241908800001,-139.681,31.598,94.375,1.0
74.1,128.162548,37.93441,5191.8114096,-139.568,30.725,93.542,1.0
74.2,128.16267,37.934381,5201.1830952,-139.389,29.849,92.722,1.0
74.3,128.162794,37.934353,5210.3545272,-139.16,28.971,91.911,1.0
74.4,128.16292,37.934327,5219.3238768,-138.892,28.093,91.106,1.0
74.5,128.163047,37.934302,5228.090534399999,-138.581,27.216,90.305,1.0
74.6,128.163177,37.934278,5236.6535856,-138.22,26.343,89.506,1.0
74.7,128.163307,37.934256,5245.012116,-137.805,25.474,88.707,1.0
74.8,128.16344,37.934235,5253.1658208,-137.334,24.611,87.908,1.0
74.9,128.163574,37.934215,5261.1137856000005,-136.813,23.755,87.106,1.0
75.0,128.163709,37.934197,5268.8554008,-136.249,22.908,86.301,1.0
75.1,128.163846,37.93418,5276.3903616,-135.651,22.071,85.493,1.0
75.2,128.163984,37.934164,5283.718363200001,-135.024,21.243,84.68,1.0
75.3,128.164124,37.934151,5290.839405600001,-134.369,20.427,83.861,1.0
75.4,128.164264,37.934138,5297.7534888,-133.689,19.622,83.038,1.0
75.5,128.164406,37.934127,5304.4609176,-132.985,18.83,82.208,1.0
75.6,128.164549,37.934118,5310.961692000001,-132.263,18.05,81.373,1.0
75.7,128.164693,37.93411,5317.2564216,-131.528,17.282,80.532,1.0
75.8,128.164837,37.934103,5323.345106400001,-130.79,16.528,79.685,1.0
75.9,128.164983,37.934099,5329.228051200001,-130.058,15.785,78.834,1.0
76.0,128.165129,37.934095,5334.905865600001,-129.339,15.055,77.978,1.0
76.1,128.165276,37.934094,5340.3788544,-128.635,14.337,77.117,1.0
76.2,128.165424,37.934094,5345.648236800001,-127.947,13.629,76.253,1.0
76.3,128.165572,37.934095,5350.713708,-127.276,12.931,75.385,1.0
76.4,128.165721,37.934099,5355.576487200001,-126.62,12.242,74.515,1.0
76.5,128.16587,37.934104,5360.2374887999995,-125.976,11.562,73.642,1.0
76.6,128.166019,37.93411,5364.6970176,-125.343,10.89,72.768,1.0
76.7,128.166169,37.934119,5368.9562928000005,-124.717,10.224,71.891,1.0
76.8,128.166319,37.934129,5373.016533600001,-124.095,9.566,71.014,1.0
76.9,128.16647,37.93414,5376.8780448,-123.474,8.913,70.135,1.0
77.0,128.16662,37.934154,5380.5420456,-122.857,8.267,69.255,1.0
77.1,128.16677,37.934169,5384.009450400001,-122.248,7.625,68.374,1.0
77.2,128.166921,37.934186,5387.280259200001,-121.658,6.988,67.492,1.0
77.3,128.167071,37.934204,5390.3553864000005,-121.1,6.355,66.608,1.0
77.4,128.167221,37.934224,5393.235441600001,-120.584,5.723,65.724,1.0
77.5,128.167371,37.934246,5395.9207295999995,-120.115,5.093,64.84,1.0
77.6,128.167521,37.93427,5398.412469600001,-119.689,4.462,63.954,1.0
77.7,128.16767,37.934296,5400.7118808000005,-119.292,3.831,63.068,1.0
77.8,128.167819,37.934323,5402.8195728,-118.905,3.198,62.181,1.0
77.9,128.167968,37.934352,5404.737374400001,-118.508,2.563,61.294,1.0
78.0,128.168115,37.934382,5406.4662,-118.091,1.928,60.407,1.0
78.1,128.168263,37.934414,5408.0063544,-117.654,1.291,59.519,1.0
78.2,128.168409,37.934448,5409.3593616,-117.206,0.653,58.632,1.0
78.3,128.168555,37.934484,5410.5255264,-116.762,0.014,57.744,1.0
78.4,128.1687,37.934521,5411.5054584,-116.333,-0.624,56.855,1.0
78.5,128.168845,37.93456,5412.3003768,-115.931,-1.265,55.965,1.0
78.6,128.168988,37.9346,5412.9108912,-115.554,-1.908,55.074,1.0
78.7,128.16913,37.934642,5413.3391352,-115.184,-2.554,54.182,1.0
78.8,128.169272,37.934686,5413.586328,-114.802,-3.205,53.288,1.0
78.9,128.169412,37.934731,5413.6542984,-114.392,-3.861,52.395,1.0
79.0,128.169551,37.934778,5413.5448752,-113.924,-4.523,51.501,1.0
79.1,128.169689,37.934826,5413.261411200001,-113.336,-5.192,50.608,1.0
79.2,128.169826,37.934876,5412.807564000001,-112.58,-5.865,49.717,1.0
79.3,128.169962,37.934927,5412.1851624,-111.679,-6.532,48.826,1.0
79.4,128.170097,37.934979,5411.394511200001,-110.749,-7.188,47.934,1.0
79.5,128.17023,37.935033,5410.4350008,-109.949,-7.833,47.041,1.0
79.6,128.170361,37.935088,5409.307545600001,-109.389,-8.468,46.146,1.0
79.7,128.170492,37.935145,5408.01306,-109.088,-9.097,45.244,1.0
79.8,128.17062,37.935203,5406.553068,-109.022,-9.724,44.335,1.0
79.9,128.170747,37.935263,5404.9275696,-109.175,-10.356,43.418,1.0
80.0,128.170872,37.935324,5403.136564800001,-109.529,-11.0,42.496,1.0
80.1,128.170996,37.935386,5401.1785296,-110.055,-11.663,41.568,1.0
80.2,128.171118,37.93545,5399.0522448,-110.717,-12.352,40.638,1.0
80.3,128.171238,37.935515,5396.7561864,-111.477,-13.071,39.707,1.0
80.4,128.171356,37.935581,5394.2876112,-112.31,-13.824,38.778,1.0
80.5,128.171473,37.935649,5391.6446904,-113.19,-14.614,37.852,1.0
80.6,128.171587,37.935717,5388.8246808,-114.078,-15.441,36.93,1.0
80.7,128.1717,37.935787,5385.825144,-114.945,-16.305,36.013,1.0
80.8,128.171811,37.935858,5382.643641600001,-115.767,-17.204,35.101,1.0
80.9,128.17192,37.93593,5379.2771256,-116.529,-18.136,34.194,1.0
81.0,128.172028,37.936003,5375.7234624,-117.225,-19.098,33.291,1.0
81.1,128.172133,37.936077,5371.9799088,-117.85,-20.087,32.392,1.0
81.2,128.172237,37.936152,5368.0437216,-118.411,-21.1,31.497,1.0
81.3,128.172338,37.936228,5363.9127672,-118.915,-22.133,30.604,1.0
81.4,128.172438,37.936304,5359.583997600001,-119.374,-23.183,29.711,1.0
81.5,128.172536,37.936382,5355.055279200001,-119.798,-24.246,28.818,1.0
81.6,128.172632,37.936461,5350.324173600001,-120.2,-25.32,27.922,1.0
81.7,128.172726,37.93654,5345.387328000001,-120.591,-26.401,27.022,1.0
81.8,128.172817,37.93662,5340.2426088,-120.984,-27.488,26.117,1.0
81.9,128.172907,37.936701,5334.886968,-121.387,-28.581,25.207,1.0
82.0,128.172995,37.936782,5329.3176624,-121.81,-29.678,24.289,1.0
82.1,128.173081,37.936865,5323.5325584,-122.259,-30.78,23.363,1.0
82.2,128.173165,37.936947,5317.5313512,-122.688,-31.885,22.427,1.0
82.3,128.173247,37.937031,5311.3170887999995,-122.938,-32.988,21.474,1.0
82.4,128.173327,37.937115,5304.8928192,-122.877,-34.082,20.502,1.0
82.5,128.173405,37.937199,5298.2591520000005,-122.455,-35.158,19.51,1.0
82.6,128.173481,37.937284,5291.41182,-121.842,-36.217,18.503,1.0
82.7,128.173555,37.937369,5284.3383264,-121.419,-37.266,17.49,1.0
82.8,128.173627,37.937455,5277.037147200001,-121.22,-38.304,16.462,1.0
82.9,128.173696,37.937541,5269.5082824,-121.245,-39.332,15.409,1.0
83.0,128.173763,37.937628,5261.7511224,-121.484,-40.354,14.33,1.0
83.1,128.173827,37.937714,5253.764448,-121.913,-41.377,13.225,1.0
83.2,128.17389,37.937801,5245.54704,-122.504,-42.407,12.098,1.0
83.3,128.173949,37.937888,5237.097679200001,-123.225,-43.45,10.95,1.0
83.4,128.174007,37.937975,5228.4139272,-124.042,-44.512,9.787,1.0
83.5,128.174062,37.938062,5219.4945648,-124.926,-45.597,8.611,1.0
83.6,128.174114,37.938149,5210.3368488,-125.849,-46.708,7.426,1.0
83.7,128.174164,37.938236,5200.939255200001,-126.787,-47.846,6.233,1.0
83.8,128.174212,37.938322,5191.2996504,-127.723,-49.012,5.033,1.0
83.9,128.174257,37.938408,5181.4165104,-128.644,-50.205,3.826,1.0
84.0,128.174299,37.938493,5171.288006400001,-129.541,-51.425,2.613,1.0
84.1,128.17434,37.938578,5160.9126144,-130.41,-52.669,1.391,1.0
84.2,128.174378,37.938662,5150.289420000001,-131.249,-53.935,0.158,1.0
84.3,128.174413,37.938746,5139.4168992,-132.06,-55.221,358.913,1.0
84.4,128.174447,37.938828,5128.294442400001,-132.845,-56.524,357.652,1.0
84.5,128.174477,37.93891,5116.9220496,-133.606,-57.843,356.372,1.0
84.6,128.174506,37.93899,5105.298806400001,-134.348,-59.176,355.07,1.0
84.7,128.174533,37.93907,5093.4256272,-135.073,-60.52,353.742,1.0
84.8,128.174557,37.939148,5081.306779200001,-135.232,-61.857,352.34,1.0
84.9,128.174579,37.939224,5068.9596360000005,-133.657,-63.146,350.769,1.0
85.0,128.1746,37.9393,5056.389684000001,-131.157,-64.39,349.065,1.0
85.1,128.174619,37.939374,5043.5847312000005,-129.03,-65.595,347.28,1.0
85.2,128.174636,37.939447,5030.5386816,-127.352,-66.741,345.361,1.0
85.3,128.17465,37.939518,5017.254278400001,-126.103,-67.835,343.268,1.0
85.4,128.174662,37.939588,5003.736398399999,-125.232,-68.889,340.981,1.0
85.5,128.174671,37.939655,4989.989004,-124.664,-69.918,338.496,1.0
85.6,128.174679,37.939721,4976.015448,-124.309,-70.935,335.815,1.0
85.7,128.174684,37.939784,4961.819388,-124.064,-71.954,332.937,1.0
85.8,128.174687,37.939845,4947.4044816000005,-123.823,-72.984,329.855,1.0
85.9,128.174688,37.939904,4932.775605600001,-122.751,-73.993,326.457,1.0
86.0,128.174688,37.939961,4917.9428184,-119.229,-74.909,322.551,1.0
86.1,128.174687,37.940016,4902.9155688,-113.764,-75.722,318.166,1.0
86.2,128.174684,37.94007,4887.6969048,-106.917,-76.387,313.344,1.0
86.3,128.174679,37.940121,4872.2883504,-99.634,-76.9,308.215,1.0
86.4,128.174672,37.94017,4856.6914296,-93.268,-77.299,302.896,1.0
86.5,128.174664,37.940216,4840.9149816,-87.903,-77.558,297.368,1.0
86.6,128.174652,37.94026,4824.9678456,-83.473,-77.684,291.646,1.0
86.7,128.174639,37.9403,4808.8576416000005,-79.852,-77.7,285.776,1.0
86.8,128.174623,37.940337,4792.5907704,-76.858,-77.638,279.798,1.0
86.9,128.174605,37.940371,4776.173632800001,-74.244,-77.536,273.706,1.0
87.0,128.174586,37.940402,4759.6120200000005,-71.756,-77.421,267.464,1.0
87.1,128.174565,37.940429,4742.9108088,-68.503,-77.264,261.097,1.0
87.2,128.174543,37.940454,4726.0690848,-63.164,-76.987,254.8,1.0
87.3,128.174519,37.940476,4709.0880672,-56.714,-76.621,248.664,1.0
87.4,128.174495,37.940495,4691.9741568,-49.781,-76.172,242.874,1.0
87.5,128.17447,37.940512,4674.734668800001,-42.867,-75.635,237.552,1.0
87.6,128.174444,37.940526,4657.376004,-36.712,-75.01,232.738,1.0
87.7,128.174416,37.940536,4639.9194984000005,-32.427,-74.326,228.302,1.0
87.8,128.174387,37.940542,4622.3883168,-30.034,-73.569,224.19,1.0
87.9,128.174356,37.940543,4604.7952608000005,-29.319,-72.734,220.322,1.0
88.0,128.174324,37.940541,4587.1415496,-29.547,-71.813,216.815,1.0
88.1,128.174292,37.940535,4569.4061520000005,-29.028,-70.786,213.888,1.0
88.2,128.174259,37.940526,4551.5625504,-27.321,-69.677,211.553,1.0
88.3,128.174226,37.940515,4533.6009912,-24.79,-68.532,209.736,1.0
88.4,128.174193,37.940502,4515.5370192,-21.938,-67.393,208.382,1.0
88.5,128.174159,37.940486,4497.3855696,-19.092,-66.266,207.434,1.0
88.6,128.174125,37.940467,4479.1658448,-16.879,-65.154,206.777,1.0
88.7,128.17409,37.940444,4460.926308,-16.36,-64.065,206.227,1.0
88.8,128.174053,37.940416,4442.709936,-17.47,-62.979,205.663,1.0
88.9,128.174017,37.940384,4424.519472,-19.489,-61.868,204.992,1.0
89.0,128.173979,37.940348,4406.336932800001,-21.235,-60.728,204.206,1.0
89.1,128.173942,37.940309,4388.1236088000005,-21.371,-59.566,203.366,1.0
89.2,128.173904,37.940268,4369.850544000001,-19.403,-58.404,202.554,1.0
89.3,128.173865,37.940223,4351.5524856,-16.598,-57.28,201.818,1.0
89.4,128.173826,37.940175,4333.297404,-14.649,-56.194,201.174,1.0
89.5,128.173787,37.940121,4315.1508312,-14.438,-55.112,200.596,1.0
89.6,128.173747,37.940064,4297.1362368,-15.764,-53.993,200.021,1.0
89.7,128.173707,37.940001,4279.2475248,-17.965,-52.83,199.376,1.0
89.8,128.173666,37.939935,4261.4609208,-19.895,-51.632,198.643,1.0
89.9,128.173626,37.939865,4243.723084800001,-20.165,-50.41,197.871,1.0
90.0,128.173586,37.939793,4226.000184,-18.371,-49.188,197.124,1.0
90.1,128.173545,37.939717,4208.3379384,-15.759,-48.002,196.442,1.0
90.2,128.173505,37.939637,4190.814072,-13.843,-46.85,195.844,1.0
90.3,128.173465,37.939553,4173.4950312,-13.475,-45.698,195.308,1.0
90.4,128.173424,37.939464,4156.4055048,-14.57,-44.515,194.787,1.0
90.5,128.173384,37.939371,4139.536044,-16.533,-43.294,194.227,1.0
90.6,128.173344,37.939275,4122.856473600001,-18.366,-42.047,193.609,1.0
90.7,128.173305,37.939175,4106.3158920000005,-18.94,-40.787,192.961,1.0
90.8,128.173266,37.939072,4089.8807712000003,-17.807,-39.534,192.325,1.0
90.9,128.173227,37.938965,4073.5907352000004,-15.714,-38.313,191.738,1.0
91.0,128.173189,37.938856,4057.5046104,-13.665,-37.122,191.223,1.0
91.1,128.173151,37.938742,4041.6766512,-12.429,-35.935,190.777,1.0
91.2,128.173114,37.938625,4026.1312416000005,-12.174,-34.732,190.381,1.0
91.3,128.173077,37.938504,4010.8659432000004,-12.617,-33.502,190.006,1.0
91.4,128.173041,37.93838,3995.8673448,-13.301,-32.254,189.629,1.0
91.5,128.173005,37.938252,3981.1199016,-13.763,-30.999,189.244,1.0
91.6,128.17297,37.938122,3966.6132504,-13.688,-29.747,188.858,1.0
91.7,128.172935,37.937988,3952.3470864,-12.99,-28.507,188.487,1.0
91.8,128.172901,37.937852,3938.3329920000006,-11.789,-27.279,188.152,1.0
91.9,128.172868,37.937713,3924.5923032000005,-10.351,-26.064,187.865,1.0
92.0,128.172835,37.937571,3911.1445272,-8.936,-24.856,187.632,1.0
92.1,128.172802,37.937426,3897.997284,-7.626,-23.647,187.454,1.0
92.2,128.17277,37.937279,3885.1420392000005,-6.298,-22.435,187.335,1.0
92.3,128.172737,37.937129,3872.5516656,-4.487,-21.223,187.301,1.0
92.4,128.172705,37.936977,3860.1679464000003,-1.583,-20.019,187.383,1.0
92.5,128.172673,37.936824,3847.9588776,2.474,-18.856,187.592,1.0
92.6,128.172641,37.936668,3835.936956,7.153,-17.782,187.932,1.0
92.7,128.172608,37.936511,3824.1101064,11.917,-16.927,188.393,1.0
92.8,128.172574,37.936352,3812.4697944,16.382,-16.548,188.899,1.0
92.9,128.17254,37.936192,3800.9901120000004,20.364,-16.807,189.343,1.0
93.0,128.172505,37.936031,3789.6372264,23.97,-17.408,189.748,1.0
93.1,128.172469,37.935869,3778.3797432,27.442,-18.045,190.213,1.0
93.2,128.172432,37.935706,3767.1911448,30.973,-18.574,190.845,1.0
93.3,128.172394,37.935542,3756.0488760000003,34.75,-19.035,191.645,1.0
93.4,128.172356,37.935378,3744.9322104,38.933,-19.502,192.569,1.0
93.5,128.172316,37.935212,3733.8234696,43.63,-20.002,193.585,1.0
93.6,128.172275,37.935046,3722.7095472,48.874,-20.462,194.748,1.0
93.7,128.172234,37.934879,3711.5788608000003,54.67,-20.884,196.05,1.0
93.8,128.172191,37.934712,3700.4204376,61.03,-21.383,197.346,1.0
93.9,128.172146,37.934544,3689.2211712000003,67.915,-21.999,198.566,1.0
94.0,128.1721,37.934375,3677.9664312,75.337,-22.791,199.535,1.0
94.1,128.172053,37.934205,3666.6425016,83.284,-23.767,200.234,1.0
94.2,128.172003,37.934036,3655.2420672,89.908,-24.646,201.823,1.0
94.3,128.171951,37.933867,3643.7593368000003,92.132,-25.144,204.246,1.0
94.4,128.171893,37.933699,3632.1943103999997,90.563,-25.441,206.695,1.0
94.5,128.171829,37.933533,3620.5622280000002,85.788,-25.607,208.999,1.0
94.6,128.171757,37.93337,3608.9014944,78.507,-25.56,211.142,1.0
94.7,128.171678,37.933208,3597.2742888000002,69.426,-25.251,213.117,1.0
94.8,128.171592,37.933049,3585.7388280000005,59.967,-24.71,214.928,1.0
94.9,128.171501,37.93289,3574.3207152,51.914,-23.932,216.55,1.0
95.0,128.171404,37.932732,3563.0452488000005,45.948,-22.937,217.959,1.0
95.1,128.171302,37.932574,3551.9419944,42.102,-21.799,219.177,1.0
95.2,128.171195,37.932417,3541.0252776,40.399,-20.601,220.267,1.0
95.3,128.171084,37.93226,3530.295708,40.74,-19.406,221.288,1.0
95.4,128.170968,37.932103,3519.7965672,42.013,-18.237,222.242,1.0
95.5,128.170846,37.931948,3509.6171616,42.435,-17.088,223.137,1.0
95.6,128.170718,37.931794,3499.795896,41.492,-15.946,224.028,1.0
95.7,128.170585,37.931641,3490.3263696,39.63,-14.784,224.927,1.0
95.8,128.170446,37.931489,3481.2116304000006,37.352,-13.579,225.797,1.0
95.9,128.170302,37.931338,3472.4839872000002,34.635,-12.309,226.583,1.0
96.0,128.170152,37.931189,3464.2037904,31.054,-10.958,227.25,1.0
96.1,128.169998,37.93104,3456.4060920000006,26.621,-9.526,227.802,1.0
96.2,128.16984,37.930893,3449.0719943999998,22.301,-8.03,228.266,1.0
96.3,128.169678,37.930746,3442.1411472,19.589,-6.499,228.675,1.0
96.4,128.169513,37.9306,3435.5370456,19.466,-4.977,229.067,1.0
96.5,128.169346,37.930454,3429.2746248000003,21.351,-3.51,229.454,1.0
96.6,128.169175,37.930308,3423.4459344,23.486,-2.113,229.833,1.0
96.7,128.169001,37.930164,3418.1357088,24.428,-0.764,230.228,1.0
96.8,128.168824,37.930021,3413.3814384,23.708,0.582,230.638,1.0
96.9,128.168644,37.92988,3409.2206136,21.141,1.967,231.013,1.0
97.0,128.16846,37.92974,3405.6913344000004,16.789,3.411,231.3,1.0
97.1,128.168275,37.929601,3402.7698264,11.51,4.92,231.473,1.0
97.2,128.168088,37.929463,3400.3978728,6.698,6.48,231.529,1.0
97.3,128.167899,37.929325,3398.4943968,3.914,8.06,231.503,1.0
97.4,128.16771,37.929188,3396.9606432,4.189,9.626,231.457,1.0
97.5,128.16752,37.92905,3395.8036224,6.823,11.131,231.426,1.0
97.6,128.167329,37.928914,3395.1233088,9.852,12.552,231.429,1.0
97.7,128.167137,37.928778,3395.0196768,11.603,13.918,231.489,1.0
97.8,128.166945,37.928643,3395.5183296,11.759,15.275,231.615,1.0
97.9,128.166752,37.92851,3396.6052464000004,10.656,16.652,231.768,1.0
98.0,128.166559,37.928378,3398.2831704,8.473,18.055,231.88,1.0
98.1,128.166367,37.928248,3400.5691704,5.254,19.484,231.903,1.0
98.2,128.166174,37.928119,3403.4367288,1.521,20.939,231.824,1.0
98.3,128.165982,37.92799,3406.8251904,-1.655,22.411,231.654,1.0
98.4,128.165792,37.927862,3410.6623176,-3.231,23.883,231.424,1.0
98.5,128.165602,37.927735,3414.9048288,-2.933,25.33,231.17,1.0
98.6,128.165413,37.927608,3419.5883856,-1.526,26.73,230.919,1.0
98.7,128.165225,37.927482,3424.7733384000003,-0.191,28.086,230.693,1.0
98.8,128.165039,37.927357,3430.491996,0.36,29.428,230.507,1.0
98.9,128.164855,37.927234,3436.7333856,0.139,30.779,230.356,1.0
99.0,128.164672,37.927111,3443.4740376,-0.554,32.141,230.216,1.0
99.1,128.164492,37.92699,3450.6981024,-1.508,33.507,230.058,1.0
99.2,128.164313,37.926871,3458.3976552000004,-2.632,34.872,229.862,1.0
99.3,128.164137,37.926752,3466.5666,-3.896,36.231,229.617,1.0
99.4,128.163963,37.926635,3475.1960976,-5.254,37.586,229.318,1.0
99.5,128.163792,37.926519,3484.2718224,-6.603,38.935,228.963,1.0
99.6,128.163624,37.926404,3493.7779248,-7.824,40.277,228.556,1.0
99.7,128.163458,37.92629,3503.6991648,-8.827,41.608,228.101,1.0
99.8,128.163295,37.926178,3514.0236552,-9.594,42.927,227.606,1.0
99.9,128.163136,37.926067,3524.742252,-10.163,44.233,227.081,1.0
100.0,128.162979,37.925957,3535.8467256000004,-10.603,45.528,226.534,1.0
100.1,128.162826,37.925848,3547.3306752000003,-11.015,46.812,225.968,1.0
100.2,128.162676,37.92574,3559.1907480000004,-11.539,48.087,225.38,1.0
100.3,128.162529,37.925634,3571.4257248000004,-12.346,49.355,224.757,1.0
100.4,128.162387,37.92553,3584.033472,-13.602,50.616,224.075,1.0
100.5,128.162248,37.925427,3597.0045408,-15.346,51.871,223.312,1.0
100.6,128.162114,37.925325,3610.3200336,-17.425,53.12,222.447,1.0
100.7,128.161983,37.925225,3623.9555664000004,-19.577,54.355,221.465,1.0
100.8,128.161857,37.925126,3637.8855360000002,-21.523,55.57,220.365,1.0
100.9,128.161734,37.925029,3652.0846440000005,-22.971,56.761,219.167,1.0
101.0,128.161615,37.924932,3666.5278968,-23.67,57.929,217.909,1.0
101.1,128.161499,37.924837,3681.2058456000004,-23.697,59.072,216.627,1.0
101.2,128.161388,37.924743,3696.1261104,-23.549,60.19,215.341,1.0
101.3,128.161281,37.92465,3711.2969208000004,-23.751,61.294,214.051,1.0
101.4,128.161178,37.924559,3726.7137048000004,-24.541,62.397,212.735,1.0
101.5,128.161079,37.92447,3742.3642704000004,-25.891,63.502,211.356,1.0
101.6,128.160985,37.924383,3758.2336824000004,-27.663,64.599,209.871,1.0
101.7,128.160895,37.924297,3774.3076152,-29.721,65.678,208.242,1.0
101.8,128.160809,37.924212,3790.5726576,-31.969,66.728,206.438,1.0
101.9,128.160727,37.92413,3807.0172272,-34.364,67.74,204.438,1.0
102.0,128.160649,37.924049,3823.6309608,-36.917,68.71,202.224,1.0
102.1,128.160576,37.923969,3840.4034952,-39.681,69.633,199.778,1.0
102.2,128.160508,37.923891,3857.3241624000007,-42.682,70.505,197.082,1.0
102.3,128.160443,37.923815,3874.3804656,-45.903,71.324,194.122,1.0
102.4,128.160383,37.923741,3891.5602128,-49.316,72.082,190.889,1.0
102.5,128.160328,37.923668,3908.8512120000005,-52.886,72.774,187.383,1.0
102.6,128.160277,37.923597,3926.2421856,-56.573,73.397,183.612,1.0
102.7,128.160229,37.923527,3943.7212464000004,-60.315,73.948,179.598,1.0
102.8,128.160187,37.923459,3961.2780312,-64.025,74.427,175.373,1.0
102.9,128.160147,37.923392,3978.901872,-67.597,74.84,170.978,1.0
103.0,128.160112,37.923327,3996.5842344000002,-70.967,75.191,166.456,1.0
103.1,128.160081,37.923263,4014.3174984,-74.148,75.489,161.848,1.0
103.2,128.160053,37.923201,4032.0964824000002,-77.21,75.741,157.184,1.0
103.3,128.160028,37.92314,4049.9150904000003,-80.268,75.952,152.48,1.0
103.4,128.160008,37.923081,4067.7684456,-83.462,76.121,147.742,1.0
103.5,128.15999,37.923024,4085.6513664000004,-86.899,76.245,142.968,1.0
103.6,128.159976,37.922969,4103.5586712,-90.625,76.317,138.166,1.0
103.7,128.159966,37.922915,4121.4839592,-94.617,76.326,133.357,1.0
103.8,128.159959,37.922864,4139.4214392,-98.797,76.261,128.578,1.0
103.9,128.159955,37.922815,4157.3644056,-103.052,76.117,123.88,1.0
104.0,128.159955,37.922767,4175.306457600001,-107.269,75.89,119.317,1.0
104.1,128.159958,37.922722,4193.2414992,-111.327,75.581,114.937,1.0
104.2,128.159964,37.922678,4211.1637392,-115.052,75.2,110.767,1.0
104.3,128.159973,37.922636,4229.06952,-118.094,74.771,106.877,1.0
104.4,128.159984,37.922596,4246.956708,-119.923,74.356,103.464,1.0
104.5,128.159997,37.922558,4264.824388800001,-120.31,74.022,100.641,1.0
104.6,128.160012,37.92252,4282.6719528,-119.642,73.788,98.221,1.0
104.7,128.160029,37.922484,4300.4990952,-118.501,73.645,95.926,1.0
104.8,128.160048,37.922449,4318.306425600001,-117.436,73.575,93.541,1.0
104.9,128.160069,37.922416,4336.093029600001,-116.862,73.561,90.966,1.0
105.0,128.160091,37.922384,4353.8589072,-116.903,73.596,88.19,1.0
105.1,128.160115,37.922354,4371.6040584,-117.472,73.677,85.25,1.0
105.2,128.160141,37.922326,4389.3293976,-118.377,73.801,82.199,1.0
105.3,128.160167,37.922299,4407.0355344,-119.408,73.961,79.071,1.0
105.4,128.160195,37.922274,4424.7233832,-120.397,74.147,75.873,1.0
105.5,128.160223,37.92225,4442.3932488,-121.235,74.355,72.611,1.0
105.6,128.160253,37.922227,4460.0451312000005,-121.893,74.586,69.286,1.0
105.7,128.160283,37.922206,4477.67964,-122.399,74.838,65.859,1.0
105.8,128.160314,37.922187,4495.2946416,-123.375,75.072,62.521,1.0
105.9,128.160346,37.92217,4512.8785536,-126.205,75.211,59.719,1.0
106.0,128.160378,37.922157,4530.4124784000005,-130.648,75.238,57.165,1.0
106.1,128.160411,37.922146,4547.8851384,-135.47,75.163,54.532,1.0
106.2,128.160445,37.922139,4565.3099448,-139.016,75.042,51.553,1.0
106.3,128.16048,37.922133,4582.707014400001,-140.978,74.864,48.469,1.0
106.4,128.160515,37.922128,4600.0845768,-141.403,74.607,45.347,1.0
106.5,128.16055,37.922124,4617.4404984,-140.471,74.29,42.225,1.0
106.6,128.160585,37.922121,4634.7699024,-139.318,73.855,39.063,1.0
106.7,128.160621,37.922121,4652.0502336,-139.963,73.163,35.958,1.0
106.8,128.160656,37.922125,4669.252536,-142.09,72.296,33.157,1.0
106.9,128.160691,37.922132,4686.3463296,-145.402,71.298,30.738,1.0
107.0,128.160725,37.922144,4703.3148504,-149.625,70.169,28.698,1.0
107.1,128.16076,37.922159,4720.1440776,-154.448,68.919,27.061,1.0
107.2,128.160794,37.922179,4736.8199904,-159.564,67.573,25.853,1.0
107.3,128.160829,37.922202,4753.3383216,-164.039,66.2,24.99,1.0
107.4,128.160864,37.922228,4769.7292464,-166.116,64.9,24.277,1.0
107.5,128.1609,37.922257,4786.0287312,-165.94,63.655,23.687,1.0
107.6,128.160936,37.922286,4802.2669512,-163.919,62.449,23.121,1.0
107.7,128.160973,37.922318,4818.4393344,-160.591,61.311,22.483,1.0
107.8,128.161009,37.922351,4834.5236304,-156.729,60.266,21.726,1.0
107.9,128.161046,37.922386,4850.4960648,-153.496,59.274,20.835,1.0
108.0,128.161082,37.922424,4866.3096984,-152.415,58.259,19.855,1.0
108.1,128.161118,37.922466,4881.917287200001,-153.336,57.238,18.828,1.0
108.2,128.161153,37.922511,4897.2959712,-155.887,56.184,17.815,1.0
108.3,128.161188,37.92256,4912.4378256,-159.616,55.067,16.891,1.0
108.4,128.161222,37.922613,4927.3337064,-164.073,53.873,16.134,1.0
108.5,128.161257,37.922669,4941.9878808,-168.236,52.613,15.547,1.0
108.6,128.161291,37.922727,4956.4494216,-170.363,51.315,15.051,1.0
108.7,128.161325,37.922787,4970.770449600001,-170.478,49.999,14.654,1.0
108.8,128.16136,37.922849,4984.9741296,-169.083,48.681,14.316,1.0
108.9,128.161395,37.922913,4999.027848,-166.912,47.396,13.986,1.0
109.0,128.16143,37.922979,5012.905087200001,-164.546,46.169,13.619,1.0
109.1,128.161464,37.923048,5026.5814632,-162.663,44.992,13.205,1.0
109.2,128.161498,37.923119,5039.9938824,-162.2,43.843,12.782,1.0
109.3,128.161532,37.923193,5053.0996728,-163.07,42.696,12.347,1.0
109.4,128.161565,37.92327,5065.892738400001,-165.036,41.52,11.925,1.0
109.5,128.161598,37.92335,5078.3691168,-167.817,40.292,11.558,1.0
109.6,128.161631,37.923432,5090.541,-170.723,39.014,11.259,1.0
109.7,128.161663,37.923517,5102.4711768,-172.457,37.696,10.994,1.0
109.8,128.161696,37.923603,5114.2166448,-172.854,36.35,10.774,1.0
109.9,128.161729,37.923691,5125.7752704,-172.356,35.005,10.599,1.0
110.0,128.161762,37.923781,5137.1223648000005,-171.309,33.685,10.443,1.0
110.1,128.161794,37.923873,5148.2399448,-170.009,32.4,10.279,1.0
110.2,128.161827,37.923967,5159.115513600001,-168.676,31.148,10.086,1.0
110.3,128.161859,37.924062,5169.740232,-167.46,29.924,9.853,1.0
110.4,128.161891,37.92416,5180.1070896,-166.459,28.721,9.577,1.0
110.5,128.161923,37.924259,5190.1993224,-165.954,27.528,9.276,1.0
110.6,128.161955,37.924361,5199.967248,-166.502,26.328,8.988,1.0
110.7,128.161986,37.924464,5209.3983696000005,-167.977,25.107,8.722,1.0
110.8,128.162016,37.924569,5218.498783200001,-170.18,23.858,8.497,1.0
110.9,128.162047,37.924676,5227.285252799999,-172.418,22.582,8.311,1.0
111.0,128.162077,37.924785,5235.797097600001,-173.606,21.281,8.141,1.0
111.1,128.162107,37.924895,5244.0681504,-174.009,19.96,8.01,1.0
111.2,128.162137,37.925007,5252.074941600001,-173.925,18.636,7.916,1.0
111.3,128.162167,37.92512,5259.8007072,-173.596,17.321,7.847,1.0
111.4,128.162197,37.925234,5267.239351200001,-173.185,16.015,7.784,1.0
111.5,128.162226,37.92535,5274.3866064,-172.796,14.719,7.718,1.0
111.6,128.162256,37.925467,5281.237596000001,-172.49,13.43,7.641,1.0
111.7,128.162285,37.925586,5287.7886624,-172.297,12.147,7.552,1.0
111.8,128.162314,37.925706,5294.0373672,-172.222,10.868,7.451,1.0
111.9,128.162343,37.925827,5299.9806624,-172.259,9.591,7.342,1.0
112.0,128.162372,37.92595,5305.6164144,-172.39,8.314,7.227,1.0
112.1,128.162401,37.926073,5310.941879999999,-172.593,7.036,7.112,1.0
112.2,128.162429,37.926198,5315.9546208,-172.85,5.757,6.999,1.0
112.3,128.162457,37.926324,5320.6518936,-173.143,4.475,6.892,1.0
112.4,128.162485,37.926451,5325.030955200001,-173.457,3.19,6.792,1.0
112.5,128.162513,37.926579,5329.0890624,-173.782,1.901,6.702,1.0
112.6,128.16254,37.926708,5332.8240816,-174.108,0.61,6.621,1.0
112.7,128.162568,37.926837,5336.232660000001,-174.43,-0.684,6.551,1.0
112.8,128.162595,37.926968,5339.312664,-174.744,-1.982,6.49,1.0
112.9,128.162622,37.927099,5342.0616552,-175.046,-3.283,6.44,1.0
113.0,128.162648,37.927232,5344.4768904,-175.335,-4.587,6.398,1.0
113.1,128.162675,37.927364,5346.5565408,-175.609,-5.894,6.364,1.0
113.2,128.162701,37.927498,5348.298168,-175.868,-7.203,6.337,1.0
113.3,128.162728,37.927632,5349.6996384,-176.112,-8.514,6.316,1.0
113.4,128.162754,37.927767,5350.7591232,-176.339,-9.827,6.301,1.0
113.5,128.16278,37.927902,5351.474793599999,-176.55,-11.141,6.29,1.0
113.6,128.162805,37.928037,5351.8448208,-176.739,-12.457,6.283,1.0
113.7,128.162831,37.928173,5351.8679856,-176.901,-13.773,6.278,1.0
113.8,128.162856,37.92831,5351.542764000001,-177.034,-15.09,6.274,1.0
113.9,128.162882,37.928446,5350.8679368,-177.133,-16.406,6.27,1.0
114.0,128.162907,37.928583,5349.841675199999,-177.197,-17.722,6.266,1.0
114.1,128.162932,37.92872,5348.463369600001,-177.225,-19.038,6.258,1.0
114.2,128.162957,37.928858,5346.731496,-177.217,-20.352,6.247,1.0
114.3,128.162981,37.928995,5344.6448352,-177.171,-21.665,6.231,1.0
114.4,128.163006,37.929132,5342.202472800001,-177.088,-22.976,6.208,1.0
114.5,128.16303,37.929269,5339.4034944,-176.965,-24.286,6.178,1.0
114.6,128.163054,37.929407,5336.247290400001,-176.798,-25.594,6.137,1.0
114.7,128.163078,37.929544,5332.733556000001,-176.58,-26.899,6.085,1.0
114.8,128.163102,37.929681,5328.8619864,-176.301,-28.201,6.02,1.0
114.9,128.163125,37.929817,5324.6325816,-175.953,-29.5,5.939,1.0
115.0,128.163148,37.929954,5320.0429032,-175.56,-30.796,5.841,1.0
115.1,128.163171,37.930089,5315.08716,-175.223,-32.088,5.729,1.0
115.2,128.163194,37.930225,5309.759865600001,-175.049,-33.377,5.607,1.0
115.3,128.163216,37.93036,5304.0579720000005,-175.088,-34.668,5.48,1.0
115.4,128.163238,37.930494,5297.9817840000005,-175.315,-35.961,5.352,1.0
115.5,128.163259,37.930628,5291.5340448,-175.637,-37.259,5.227,1.0
115.6,128.16328,37.930761,5284.7190216,-175.931,-38.561,5.107,1.0
115.7,128.163301,37.930893,5277.5400672,-176.089,-39.866,4.994,1.0
115.8,128.163321,37.931024,5269.998705600001,-176.054,-41.17,4.884,1.0
115.9,128.163341,37.931155,5262.0934128,-175.837,-42.472,4.773,1.0
116.0,128.163361,37.931284,5253.8199216,-175.505,-43.771,4.657,1.0
116.1,128.16338,37.931412,5245.175184000001,-175.128,-45.066,4.528,1.0
116.2,128.163399,37.93154,5236.156456800001,-174.77,-46.36,4.383,1.0
116.3,128.163418,37.931666,5226.7628256,-174.472,-47.655,4.22,1.0
116.4,128.163436,37.93179,5216.9973384,-174.231,-48.951,4.037,1.0
116.5,128.163453,37.931914,5206.8639576,-173.999,-50.25,3.834,1.0
116.6,128.16347,37.932035,5196.3709128,-173.694,-51.551,3.607,1.0
116.7,128.163487,37.932156,5185.5276527999995,-173.188,-52.85,3.348,1.0
116.8,128.163502,37.932275,5174.341797600001,-172.388,-54.141,3.047,1.0
116.9,128.163518,37.932393,5162.8127376,-171.327,-55.419,2.695,1.0
117.0,128.163533,37.932509,5150.9322432,-170.191,-56.681,2.288,1.0
117.1,128.163547,37.932623,5138.690560800001,-169.214,-57.929,1.823,1.0
117.2,128.16356,37.932735,5126.0828136,-168.555,-59.173,1.302,1.0
117.3,128.163573,37.932845,5113.1126592,-168.204,-60.42,0.729,1.0
117.4,128.163584,37.932953,5099.7880224,-168.038,-61.676,0.11,1.0
117.5,128.163595,37.933059,5086.117742400001,-167.895,-62.942,359.456,1.0
117.6,128.163605,37.933163,5072.108524800001,-167.645,-64.215,358.771,1.0
117.7,128.163614,37.933264,5057.7655512,-167.215,-65.49,358.055,1.0
117.8,128.163623,37.933363,5043.0906504,-166.615,-66.763,357.299,1.0
117.9,128.16363,37.93346,5028.085651200001,-165.895,-68.032,356.489,1.0
118.0,128.163637,37.933554,5012.752687200001,-165.102,-69.299,355.605,1.0
118.1,128.163643,37.933645,4997.0945016000005,-164.282,-70.563,354.629,1.0
118.2,128.163648,37.933734,4981.1153616,-163.46,-71.826,353.542,1.0
118.3,128.163652,37.933819,4964.8204488,-162.63,-73.092,352.325,1.0
118.4,128.163655,37.933902,4948.2164688,-161.73,-74.36,350.956,1.0
118.5,128.163658,37.933981,4931.3107368,-160.661,-75.629,349.399,1.0
118.6,128.163659,37.934057,4914.1108728,-159.312,-76.896,347.602,1.0
118.7,128.16366,37.934131,4896.624192,-157.575,-78.157,345.486,1.0
118.8,128.16366,37.9342,4878.8580096000005,-155.323,-79.407,342.924,1.0
118.9,128.163659,37.934267,4860.8196408,-152.379,-80.638,339.728,1.0
119.0,128.163658,37.93433,4842.5173152,-148.48,-81.836,335.613,1.0
119.1,128.163656,37.93439,4823.958957600001,-143.218,-82.985,330.144,1.0
119.2,128.163653,37.934445,4805.1534072,-135.948,-84.05,322.652,1.0
119.3,128.163649,37.934498,4786.1101128,-125.692,-84.977,312.169,1.0
119.4,128.163644,37.934546,4766.8382184,-111.535,-85.676,297.717,1.0
119.5,128.163639,37.93459,4747.3486968,-94.087,-86.05,279.386,1.0
119.6,128.163633,37.93463,4727.655568800001,-76.196,-86.036,259.298,1.0
119.7,128.163627,37.934664,4707.773160000001,-60.207,-85.604,240.727,1.0
119.8,128.16362,37.934695,4687.706652,-46.854,-84.806,226.124,1.0
119.9,128.163613,37.934723,4667.4545208,-35.444,-83.746,215.975,1.0
120.0,128.163606,37.934749,4647.0149376,-25.332,-82.552,209.458,1.0
120.1,128.163598,37.934772,4626.3955224,-16.458,-81.322,205.668,1.0
120.2,128.16359,37.934792,4605.6115152,-9.561,-80.099,203.769,1.0
120.3,128.16358,37.934808,4584.6824232,-5.531,-78.878,203.036,1.0
120.4,128.163569,37.934818,4563.6368976,-4.786,-77.64,202.819,1.0
120.5,128.163556,37.934823,4542.5087712,-6.989,-76.367,202.594,1.0
120.6,128.163541,37.934822,4521.3129792,-10.946,-75.048,202.097,1.0
120.7,128.163525,37.934817,4500.0409872,-14.636,-73.678,201.404,1.0
120.8,128.163508,37.934807,4478.6723736,-16.186,-72.267,200.704,1.0
120.9,128.16349,37.934794,4457.203176000001,-15.577,-70.862,199.918,1.0
121.0,128.163472,37.934777,4435.6653984,-13.747,-69.52,198.926,1.0
121.1,128.163453,37.934755,4414.098360000001,-11.906,-68.245,197.603,1.0
121.2,128.163433,37.934727,4392.5374176000005,-11.038,-67.053,196.055,1.0
121.3,128.163413,37.934695,4370.9740368,-10.715,-65.956,194.844,1.0
121.4,128.163392,37.934658,4349.3713368,-9.573,-64.913,194.193,1.0
121.5,128.163371,37.934618,4327.7174304,-7.549,-63.987,193.791,1.0
121.6,128.16335,37.934573,4306.06962,-6.212,-63.234,193.413,1.0
121.7,128.163327,37.934524,4284.4489368,-5.838,-62.594,193.116,1.0
121.8,128.163304,37.934471,4262.8462368,-5.929,-62.003,192.894,1.0
121.9,128.163281,37.934413,4241.2651776,-6.337,-61.421,192.673,1.0
122.0,128.163257,37.934351,4219.7112456,-7.046,-60.821,192.42,1.0
122.1,128.163232,37.934286,4198.1896224,-8.047,-60.195,192.122,1.0
122.2,128.163207,37.934216,4176.7024416,-9.289,-59.54,191.774,1.0
122.3,128.163182,37.934142,4155.2503128,-10.658,-58.851,191.374,1.0
122.4,128.163157,37.934064,4133.8329312,-12.018,-58.128,190.922,1.0
122.5,128.163131,37.933983,4112.4487728,-13.251,-57.371,190.421,1.0
122.6,128.163106,37.933898,4091.0935704000003,-14.173,-56.588,189.893,1.0
122.7,128.163082,37.93381,4069.7658,-14.674,-55.793,189.355,1.0
122.8,128.163057,37.933718,4048.4685096000003,-14.737,-54.99,188.825,1.0
122.9,128.163033,37.933623,4027.2132816000003,-14.474,-54.184,188.3,1.0
123.0,128.16301,37.933525,4006.0205376,-14.178,-53.37,187.769,1.0
123.1,128.162986,37.933423,3984.9097848000006,-14.094,-52.534,187.225,1.0
123.2,128.162964,37.933317,3963.8944344,-14.317,-51.668,186.666,1.0
123.3,128.162942,37.933208,3942.9814968,-14.797,-50.776,186.1,1.0
123.4,128.162921,37.933095,3922.1731056000003,-15.323,-49.851,185.525,1.0
123.5,128.162901,37.932978,3901.4774904,-15.824,-48.891,184.932,1.0
123.6,128.162881,37.932858,3880.8983088,-16.17,-47.884,184.328,1.0
123.7,128.162863,37.932735,3860.4486672,-16.293,-46.811,183.698,0.9968468327978275
123.8,128.162846,37.932608,3840.1535592,-16.377,-45.639,183.021,0.9769841640502895
123.9,128.162829,37.932478,3820.0230432000003,-16.339,-44.331,182.317,0.9555028813376031
124.0,128.162815,37.932344,3800.0760168000006,-15.969,-42.865,181.582,0.9324036060977319
124.1,128.162801,37.932206,3780.3594192000005,-15.586,-41.217,180.788,0.9076870484839001
124.2,128.16279,37.932065,3760.9119600000004,-15.327,-39.441,179.985,0.9076870484839001
124.3,128.16278,37.93192,3741.7738728000004,-15.16,-37.704,179.224,0.9076870484839001
124.4,128.162772,37.93177,3723.0015456,-15.385,-36.038,178.476,0.9076870484839001
124.5,128.162766,37.931617,3704.6300304000006,-16.116,-34.428,177.738,0.9076870484839001
124.6,128.162762,37.931461,3686.6480496,-16.44,-32.841,177.066,0.9076870484839001
124.7,128.16276,37.931301,3669.0004344000004,-14.831,-31.257,176.53,0.9076870484839001
124.8,128.16276,37.931139,3651.6222624000006,-10.464,-29.677,176.22,0.9076870484839001
124.9,128.16276,37.930974,3634.5406608,-5.551,-28.17,175.951,0.9076870484839001
125.0,128.162762,37.930806,3617.883036,-4.733,-26.761,175.596,0.9076870484839001
125.1,128.162766,37.930633,3601.7972160000004,-7.644,-25.388,175.276,0.9076870484839001
125.2,128.162772,37.930457,3586.39872,-13.221,-24.038,174.829,0.9076870484839001
125.3,128.16278,37.930276,3571.6896816000003,-20.607,-22.711,174.131,0.9076870484839001
125.4,128.162793,37.930091,3557.6347440000004,-29.184,-21.452,173.108,0.9076870484839001
125.5,128.16281,37.929904,3544.1570976000003,-38.238,-20.31,171.767,0.9076870484839001
125.6,128.162833,37.929714,3531.1204967999997,-46.398,-19.313,170.157,0.9076870484839001
125.7,128.16286,37.929523,3518.4078984000002,-52.713,-18.5,168.325,0.9076870484839001
125.8,128.162893,37.92933,3505.9257288,-56.634,-17.855,166.36,0.9076870484839001
125.9,128.16293,37.929137,3493.6249152,-58.174,-17.334,164.359,0.9076870484839001
126.0,128.162972,37.928942,3481.5021048000003,-57.839,-16.879,162.401,0.9076870484839001
126.1,128.16302,37.928747,3469.5856440000002,-56.328,-16.43,160.538,0.9076870484839001
126.2,128.163074,37.928551,3457.9145472,-54.281,-15.932,158.792,0.9076870484839001
126.3,128.163134,37.928355,3446.5324008000002,-52.236,-15.368,157.151,0.9076870484839001
126.4,128.163202,37.928158,3435.4757808,-50.628,-14.738,155.592,0.9076870484839001
126.5,128.163276,37.927961,3424.7696808,-49.658,-14.047,154.093,0.9076870484839001
126.6,128.163357,37.927765,3414.4253784,-49.269,-13.307,152.634,0.9076870484839001
126.7,128.163445,37.927569,3404.4398256000004,-49.229,-12.529,151.202,0.9076870484839001
126.8,128.163539,37.927373,3394.8017448,-49.16,-11.72,149.794,0.9076870484839001
126.9,128.16364,37.927178,3385.5047352000006,-48.779,-10.889,148.411,0.9076870484839001
127.0,128.163747,37.926983,3376.554588,-48.069,-10.039,147.057,0.9076870484839001
127.1,128.16386,37.926789,3367.9656288,-47.192,-9.171,145.737,0.9076870484839001
127.2,128.16398,37.926596,3359.7558408,-46.343,-8.28,144.45,0.9076870484839001
127.3,128.164106,37.926405,3351.9544848000005,-46.007,-7.391,143.168,0.9076870484839001
127.4,128.164238,37.926215,3344.5908216,-46.711,-6.507,141.884,0.9076870484839001
127.5,128.164377,37.926026,3337.6398576,-47.823,-5.61,140.59,0.9076870484839001
127.6,128.164521,37.925839,3331.0842192000005,-48.937,-4.73,139.271,0.9076870484839001
127.7,128.164672,37.925654,3324.9132384,-49.925,-3.878,137.927,0.9076870484839001
127.8,128.164828,37.925472,3319.1202096,-50.776,-3.054,136.562,0.9076870484839001
127.9,128.16499,37.925291,3313.6999511999998,-51.514,-2.256,135.182,0.9076870484839001
128.0,128.165158,37.925113,3308.6478912000002,-52.162,-1.478,133.789,0.9076870484839001
128.1,128.165332,37.924938,3303.9591528,-52.737,-0.717,132.388,0.9076870484839001
128.2,128.165511,37.924766,3299.6300784000005,-53.244,0.029,130.981,0.9076870484839001
128.3,128.165695,37.924596,3295.6570103999998,-53.688,0.765,129.569,0.9076870484839001
128.4,128.165885,37.92443,3292.0362912,-54.082,1.491,128.154,0.9076870484839001
128.5,128.16608,37.924267,3288.7657872000004,-54.441,2.21,126.737,0.9076870484839001
128.6,128.16628,37.924108,3285.8436696,-54.786,2.921,125.318,0.9076870484839001
128.7,128.166485,37.923952,3283.2671952,-55.133,3.625,123.897,0.9076870484839001
128.8,128.166694,37.9238,3281.0339256,-55.488,4.323,122.474,0.9076870484839001
128.9,128.166908,37.923652,3279.1408128,-55.857,5.014,121.048,0.9076870484839001
129.0,128.167127,37.923508,3277.5854184000004,-56.251,5.698,119.618,0.9076870484839001
129.1,128.167349,37.923369,3276.3646943999997,-56.681,6.373,118.183,0.9076870484839001
129.2,128.167576,37.923233,3275.4749831999998,-57.158,7.037,116.742,0.9076870484839001
129.3,128.167807,37.923102,3274.9123224,-57.694,7.69,115.293,0.9076870484839001
129.4,128.168042,37.922975,3274.6724448,-58.299,8.328,113.835,0.9076870484839001
129.5,128.16828,37.922853,3274.7498640000003,-58.985,8.949,112.366,0.9076870484839001
129.6,128.168521,37.922736,3275.138484,-59.756,9.551,110.884,0.9076870484839001
129.7,128.168766,37.922624,3275.8300752,-60.592,10.131,109.388,0.9076870484839001
129.8,128.169014,37.922517,3276.8148840000003,-61.452,10.678,107.898,0.9076870484839001
129.9,128.169265,37.922415,3278.0843760000002,-62.346,11.161,106.457,0.9076870484839001
130.0,128.169518,37.922318,3279.6297120000004,-63.375,11.577,105.073,0.9076870484839001
130.1,128.169774,37.922226,3281.4390048,-64.626,11.942,103.707,0.9076870484839001
130.2,128.170033,37.92214,3283.4961000000003,-66.128,12.26,102.341,0.9076870484839001
130.3,128.170294,37.922059,3285.7833192000003,-67.902,12.524,100.97,0.9076870484839001
130.4,128.170556,37.921983,3288.279936,-69.967,12.725,99.593,0.9076870484839001
130.5,128.170821,37.921913,3290.9627856,-72.349,12.856,98.209,0.9076870484839001
130.6,128.171088,37.921848,3293.8062648,-75.106,12.901,96.823,0.9076870484839001
130.7,128.171356,37.921789,3296.7719688,-77.125,13.01,95.283,0.9076870484839001
130.8,128.171626,37.921734,3299.8202736000003,-75.829,13.277,93.438,0.9076870484839001
130.9,128.171897,37.921683,3302.9624568000004,-72.896,13.529,91.629,0.9076870484839001
131.0,128.172169,37.921638,3306.2399712,-70.663,13.698,90.064,0.9076870484839001
131.1,128.172442,37.921599,3309.7031088,-71.959,13.691,88.861,0.9076870484839001
131.2,128.172715,37.921567,3313.3607088,-76.251,13.639,87.705,0.9076870484839001
131.3,128.172989,37.921541,3317.1423624000004,-82.212,13.521,86.483,0.9076870484839001
131.4,128.173264,37.921522,3320.9703456,-87.515,13.405,85.013,0.9076870484839001
131.5,128.173538,37.921507,3324.7968048000002,-88.63,13.348,83.034,0.9076870484839001
131.6,128.173814,37.921496,3328.6122912,-86.204,13.272,81.062,0.9076870484839001
131.7,128.17409,37.921489,3332.4311304000003,-81.99,13.259,79.217,0.9076870484839001
131.8,128.174366,37.921487,3336.2862408,-77.258,13.39,77.508,0.9076870484839001
131.9,128.174642,37.92149,3340.2233424,-73.652,13.534,76.037,0.9076870484839001
132.0,128.174917,37.9215,3344.2957752,-73.957,13.564,74.873,0.9076870484839001
132.1,128.17519,37.921517,3348.5248752,-77.615,13.596,73.669,0.9076870484839001
132.2,128.175462,37.921541,3352.8554736000006,-83.364,13.56,72.358,0.9076870484839001
132.3,128.175732,37.921571,3357.2113704000003,-88.514,13.519,70.83,0.9076870484839001
132.4,128.176001,37.921606,3361.5489792000003,-89.446,13.511,68.997,0.9076870484839001
132.5,128.176269,37.921645,3365.8612896000004,-86.704,13.491,67.177,0.9076870484839001
132.6,128.176538,37.921687,3370.1617128,-81.393,13.576,65.451,0.9076870484839001
132.7,128.176805,37.921735,3374.4938352000004,-76.482,13.667,63.942,0.9076870484839001
132.8,128.177069,37.921787,3378.9109968,-75.75,13.712,62.642,0.9076870484839001
132.9,128.17733,37.921847,3383.4482496,-78.629,13.789,61.302,0.9076870484839001
133.0,128.177588,37.921913,3388.0793808,-84.181,13.777,59.86,0.9076870484839001
133.1,128.177841,37.921987,3392.7321528,-91.705,13.595,58.234,0.9076870484839001
133.2,128.178091,37.922066,3397.3169544,-98.926,13.299,56.424,0.9076870484839001
133.3,128.178338,37.922151,3401.787456,-101.388,12.943,54.559,0.9076870484839001
133.4,128.178583,37.922241,3406.1479248,-100.169,12.477,52.705,0.9076870484839001
133.5,128.178826,37.922334,3410.3943984000002,-97.84,11.977,50.933,0.9076870484839001
133.6,128.179065,37.922433,3414.5253528000003,-95.694,11.555,49.238,0.9076870484839001
133.7,128.179301,37.922537,3418.5532848000003,-93.921,11.237,47.578,0.9076870484839001
133.8,128.179533,37.922646,3422.4922152,-92.453,11.006,45.939,0.9076870484839001
133.9,128.179762,37.922759,3426.3540312,-91.413,10.826,44.316,0.9076870484839001
134.0,128.179985,37.922878,3430.1463528000004,-91.692,10.622,42.708,0.9076870484839001
134.1,128.180204,37.923003,3433.8603408000004,-93.88,10.374,41.102,0.9076870484839001
134.2,128.180417,37.923132,3437.4767928,-95.918,10.152,39.463,0.9076870484839001
134.3,128.180627,37.923266,3440.9957088,-95.841,9.934,37.797,0.9076870484839001
134.4,128.180832,37.923403,3444.4170888000003,-94.493,9.689,36.159,0.9076870484839001
134.5,128.181033,37.923545,3447.7442856,-93.021,9.449,34.566,0.9076870484839001
134.6,128.181228,37.923692,3450.9827856,-92.724,9.197,33.0,0.9076870484839001
134.7,128.181416,37.923843,3454.1280168000003,-94.179,8.925,31.432,0.9076870484839001
134.8,128.181599,37.923998,3457.1680920000003,-96.119,8.658,29.83,0.9076870484839001
134.9,128.181777,37.924157,3460.0987440000004,-96.777,8.4,28.196,0.9076870484839001
135.0,128.18195,37.924319,3462.9218016,-95.787,8.136,26.57,0.9076870484839001
135.1,128.182118,37.924485,3465.6378744,-94.238,7.868,24.989,0.9076870484839001
135.2,128.182279,37.924654,3468.2503152,-93.389,7.602,23.438,0.9076870484839001
135.3,128.182434,37.924827,3470.7612576000006,-93.826,7.339,21.89,0.9076870484839001
135.4,128.182582,37.925004,3473.1670440000003,-95.013,7.08,20.316,0.9076870484839001
135.5,128.182723,37.925183,3475.4624928000003,-95.879,6.825,18.717,0.9076870484839001
135.6,128.182859,37.925366,3477.6466896000006,-95.753,6.568,17.115,0.9076870484839001
135.7,128.182989,37.925551,3479.7202440000005,-94.772,6.315,15.533,0.9076870484839001
135.8,128.183113,37.925738,3481.6874232000005,-93.518,6.08,13.976,0.9076870484839001
135.9,128.18323,37.925928,3483.5552376,-92.536,5.871,12.432,0.9076870484839001
136.0,128.183341,37.926121,3485.3297832,-92.064,5.687,10.889,0.9076870484839001
136.1,128.183444,37.926315,3487.0165464000006,-91.945,5.527,9.335,0.9076870484839001
136.2,128.18354,37.926512,3488.617356,-91.809,5.387,7.773,0.9076870484839001
136.3,128.18363,37.926711,3490.1349552,-91.386,5.262,6.209,0.9076870484839001
136.4,128.183713,37.926911,3491.5742208,-90.71,5.15,4.654,0.9076870484839001
136.5,128.183789,37.927113,3492.9403344,-90.085,5.045,3.108,0.9076870484839001
136.6,128.183857,37.927316,3494.2384776000004,-89.704,4.954,1.565,0.9076870484839001
136.7,128.183919,37.927521,3495.472308,-89.38,4.883,0.018,0.9076870484839001
136.8,128.183974,37.927727,3496.6454832,-88.873,4.833,358.469,0.9076870484839001
136.9,128.184022,37.927934,3497.7631848000005,-88.094,4.804,356.925,0.9076870484839001
137.0,128.184063,37.928141,3498.8330328000006,-87.099,4.801,355.391,0.9076870484839001
137.1,128.184097,37.928349,3499.8641712000003,-85.991,4.829,353.868,0.9076870484839001
137.2,128.184123,37.928558,3500.8666584000002,-84.846,4.893,352.353,0.9076870484839001
137.3,128.184143,37.928768,3501.8511624000002,-83.701,4.995,350.847,0.9076870484839001
137.4,128.184156,37.928977,3502.828656,-82.565,5.135,349.349,0.9076870484839001
137.5,128.184162,37.929187,3503.8095024000004,-81.423,5.314,347.859,0.9076870484839001
137.6,128.184161,37.929396,3504.8049792,-80.254,5.531,346.379,0.9076870484839001
137.7,128.184154,37.929605,3505.8257544000003,-79.048,5.784,344.91,0.9076870484839001
137.8,128.184139,37.929814,3506.8831056000004,-77.79,6.076,343.454,0.9076870484839001
137.9,128.184118,37.930023,3507.9883104,-76.446,6.409,342.012,0.9076870484839001
138.0,128.18409,37.930231,3509.153256,-74.979,6.785,340.587,0.9076870484839001
138.1,128.184056,37.930438,3510.3904392000004,-73.382,7.207,339.183,0.9076870484839001
138.2,128.184015,37.930645,3511.7144904,-71.683,7.676,337.801,0.9076870484839001
138.3,128.183968,37.93085,3513.1403448,-69.907,8.194,336.446,0.9076870484839001
138.4,128.183915,37.931055,3514.6826328,-68.06,8.765,335.117,0.9076870484839001
138.5,128.183856,37.931258,3516.357204,-66.168,9.386,333.819,0.9076870484839001
138.6,128.183791,37.93146,3518.1811272,-64.291,10.047,332.568,0.9076870484839001
138.7,128.183721,37.93166,3520.1699472,-62.476,10.721,331.417,0.9076870484839001
138.8,128.183644,37.931859,3522.3376848000003,-60.754,11.381,330.4,0.9076870484839001
138.9,128.183563,37.932057,3524.6965320000004,-59.175,12.021,329.498,0.9076870484839001
139.0,128.183476,37.932253,3527.2592904,-57.823,12.638,328.685,0.9076870484839001
139.1,128.183384,37.932447,3530.0363232000004,-56.788,13.228,327.937,0.9076870484839001
139.2,128.183287,37.932639,3533.0306784000004,-56.059,13.785,327.243,0.9076870484839001
139.3,128.183186,37.932829,3536.2399176,-55.539,14.309,326.598,0.9076870484839001
139.4,128.18308,37.933018,3539.6594688000005,-55.121,14.797,325.997,0.9076870484839001
139.5,128.18297,37.933204,3543.2826264,-54.718,15.253,325.434,0.9076870484839001
139.6,128.182857,37.93339,3547.1020752000004,-54.244,15.684,324.901,0.9076870484839001
139.7,128.182739,37.933573,3551.112024,-53.653,16.092,324.396,0.9076870484839001
139.8,128.182618,37.933755,3555.30912,-52.965,16.481,323.913,0.9076870484839001
139.9,128.182493,37.933935,3559.69062,-52.218,16.861,323.441,0.9076870484839001
140.0,128.182366,37.934114,3564.255,-51.45,17.238,322.972,0.9076870484839001
140.1,128.182235,37.934291,3568.9986024000004,-50.668,17.611,322.512,0.9076870484839001
140.2,128.182101,37.934467,3573.9174648,-49.842,17.975,322.075,0.9076870484839001
140.3,128.181964,37.934641,3579.0057960000004,-48.914,18.311,321.691,0.9076870484839001
140.4,128.181825,37.934813,3584.2596336,-47.885,18.594,321.392,0.9076870484839001
140.5,128.181684,37.934985,3589.6838544,-46.935,18.819,321.163,0.9076870484839001
140.6,128.181539,37.935154,3595.2851640000003,-46.373,19.009,320.952,0.9076870484839001
140.7,128.181393,37.935323,3601.0608192000004,-46.323,19.197,320.721,0.9076870484839001
140.8,128.181244,37.93549,3606.992532,-46.555,19.407,320.465,0.9076870484839001
140.9,128.181093,37.935655,3613.0589664000004,-46.715,19.64,320.195,0.9076870484839001
141.0,128.180941,37.93582,3619.2470160000003,-46.605,19.886,319.916,0.9076870484839001
141.1,128.180786,37.935984,3625.5554616000004,-46.283,20.136,319.626,0.9076870484839001
141.2,128.18063,37.936147,3631.9864368000003,-45.889,20.388,319.321,0.9076870484839001
141.3,128.180472,37.936308,3638.5393320000003,-45.492,20.645,319.003,0.9076870484839001
141.4,128.180312,37.936469,3645.2123184,-45.094,20.908,318.674,0.9076870484839001
141.5,128.18015,37.936629,3652.0044816,-44.682,21.179,318.337,0.9076870484839001
141.6,128.179987,37.936787,3658.9155168,-44.259,21.456,317.99,0.9076870484839001
141.7,128.179822,37.936945,3665.9457288,-43.838,21.736,317.636,0.9076870484839001
141.8,128.179656,37.937102,3673.0954224,-43.412,22.016,317.278,0.9076870484839001
141.9,128.179488,37.937258,3680.363988,-42.975,22.289,316.917,0.9076870484839001
142.0,128.179319,37.937412,3687.750816,-42.508,22.554,316.556,0.9076870484839001
142.1,128.179149,37.937566,3695.2537728,-41.98,22.812,316.194,0.9076870484839001
142.2,128.178977,37.937719,3702.8722488000003,-41.367,23.071,315.83,0.9076870484839001
142.3,128.178803,37.937871,3710.6065488000004,-40.668,23.339,315.463,0.9076870484839001
142.4,128.178629,37.938022,3718.4603304,-39.927,23.619,315.087,0.9076870484839001
142.5,128.178453,37.938172,3726.4378608,-39.208,23.912,314.703,0.9076870484839001
142.6,128.178276,37.938321,3734.5418832,-38.525,24.217,314.313,0.9076870484839001
142.7,128.178098,37.938469,3742.7745312,-37.86,24.534,313.924,0.9076870484839001
142.8,128.177918,37.938616,3751.1391576000005,-37.213,24.859,313.534,0.9076870484839001
142.9,128.177738,37.938762,3759.6391152,-36.605,25.191,313.144,0.9076870484839001
143.0,128.177556,37.938907,3768.2774520000003,-36.04,25.53,312.753,0.9076870484839001
143.1,128.177374,37.93905,3777.057216,-35.526,25.877,312.359,0.9076870484839001
143.2,128.17719,37.939193,3785.9805408,-35.045,26.23,311.966,0.9076870484839001
143.3,128.177006,37.939334,3795.0483408,-34.578,26.587,311.574,0.9076870484839001
143.4,128.17682,37.939475,3804.2627496,-34.121,26.947,311.185,0.9076870484839001
143.5,128.176634,37.939614,3813.6252912000004,-33.68,27.31,310.797,0.9076870484839001
143.6,128.176447,37.939752,3823.1384040000003,-33.265,27.676,310.41,0.9076870484839001
143.7,128.176259,37.939888,3832.8045263999998,-32.897,28.044,310.023,0.9076870484839001
143.8,128.17607,37.940024,3842.6248776,-32.581,28.417,309.634,0.9076870484839001
143.9,128.175881,37.940158,3852.600372,-32.309,28.794,309.246,0.9076870484839001
144.0,128.17569,37.940291,3862.7328384,-32.09,29.176,308.857,0.9076870484839001
144.1,128.1755,37.940422,3873.0231912000004,-31.932,29.56,308.469,0.9076870484839001
144.2,128.175308,37.940553,3883.4732592,-31.859,29.944,308.078,0.9076870484839001
144.3,128.175116,37.940682,3894.0845664000003,-31.893,30.33,307.684,0.9076870484839001
144.4,128.174923,37.940809,3904.856808,-32.03,30.716,307.286,0.9076870484839001
144.5,128.17473,37.940936,3915.7890696,-32.252,31.1,306.886,0.9076870484839001
144.6,128.174536,37.94106,3926.8810464000003,-32.553,31.481,306.481,0.9076870484839001
144.7,128.174342,37.941184,3938.1312144000003,-32.938,31.857,306.072,0.9076870484839001
144.8,128.174147,37.941306,3949.5380496000002,-33.393,32.227,305.658,0.9076870484839001
144.9,128.173952,37.941426,3961.0994184,-33.915,32.592,305.237,0.9076870484839001
145.0,128.173757,37.941545,3972.811968,-34.484,32.953,304.809,0.9076870484839001
145.1,128.17356,37.941663,3984.6744792,-35.111,33.308,304.372,0.9076870484839001
145.2,128.173364,37.941779,3996.6857328000006,-35.834,33.655,303.925,0.9076870484839001
145.3,128.173167,37.941893,4008.8435952,-36.663,33.995,303.466,0.9076870484839001
145.4,128.172969,37.942006,4021.1437992,-37.571,34.331,302.995,0.9076870484839001
145.5,128.172771,37.942117,4033.5820776000005,-38.509,34.664,302.511,0.9076870484839001
145.6,128.172573,37.942227,4046.1541632000003,-39.452,34.996,302.01,0.9076870484839001
145.7,128.172374,37.942335,4058.8573128,-40.403,35.324,301.491,0.9076870484839001
145.8,128.172175,37.942442,4071.6881736000005,-41.347,35.65,300.957,0.9076870484839001
145.9,128.171975,37.942547,4084.6430880000003,-42.244,35.971,300.411,0.9076870484839001
146.0,128.171774,37.94265,4097.7180936,-43.068,36.288,299.852,0.9076870484839001
146.1,128.171573,37.942752,4110.9104472,-43.801,36.604,299.28,0.9076870484839001
146.2,128.171372,37.942852,4124.2186248,-44.452,36.92,298.691,0.9076870484839001
146.3,128.17117,37.94295,4137.6420168,-45.047,37.24,298.082,0.9076870484839001
146.4,128.170968,37.943047,4151.180928000001,-45.607,37.566,297.45,0.9076870484839001
146.5,128.170765,37.943141,4164.834748800001,-46.158,37.897,296.797,0.9076870484839001
146.6,128.170562,37.943234,4178.6034792,-46.702,38.233,296.123,0.9076870484839001
146.7,128.170358,37.943325,4192.485900000001,-47.231,38.573,295.432,0.9076870484839001
146.8,128.170154,37.943415,4206.4817064,-47.723,38.914,294.727,0.9076870484839001
146.9,128.16995,37.943502,4220.5915079999995,-48.208,39.251,294.011,0.9076870484839001
147.0,128.169745,37.943587,4234.8150000000005,-48.715,39.583,293.286,0.9076870484839001
147.1,128.16954,37.94367,4249.1521824,-49.252,39.911,292.551,0.9076870484839001
147.2,128.169335,37.943751,4263.6030552,-49.867,40.239,291.796,0.9076870484839001
147.3,128.16913,37.94383,4278.167923200001,-50.608,40.563,291.018,0.9076870484839001
147.4,128.168924,37.943907,4292.8449576,-51.475,40.884,290.222,0.9076870484839001
147.5,128.168718,37.943981,4307.63172,-52.454,41.2,289.404,0.9076870484839001
147.6,128.168512,37.944053,4322.5266864000005,-53.561,41.507,288.56,0.9076870484839001
147.7,128.168305,37.944123,4337.526504,-54.798,41.8,287.699,0.9076870484839001
147.8,128.168099,37.944191,4352.6269056,-56.131,42.076,286.827,0.9076870484839001
147.9,128.167892,37.944255,4367.823624,-57.523,42.331,285.947,0.9076870484839001
148.0,128.167686,37.944318,4383.1120872,-58.98,42.558,285.068,0.9076870484839001
148.1,128.167479,37.944378,4398.4871136,-60.492,42.763,284.182,0.9076870484839001
148.2,128.167271,37.944436,4413.942912,-62.056,42.961,283.255,0.9076870484839001
148.3,128.167064,37.944491,4429.473996000001,-63.647,43.16,282.259,0.9076870484839001
148.4,128.166857,37.944543,4445.0742696,-65.214,43.361,281.192,0.9076870484839001
148.5,128.166649,37.944594,4460.7367224,-66.618,43.561,280.077,0.9076870484839001
148.6,128.166441,37.944641,4476.455868,-67.706,43.755,278.932,0.9076870484839001
148.7,128.166233,37.944686,4492.2314016,-68.637,43.925,277.767,0.9076870484839001
148.8,128.166024,37.944729,4508.0642376,-69.848,44.057,276.583,0.9076870484839001
148.9,128.165816,37.944768,4523.951328,-71.6,44.162,275.374,0.9076870484839001
149.0,128.165608,37.944804,4539.8826144,-73.777,44.252,274.141,0.9076870484839001
149.1,128.1654,37.944836,4555.8477336000005,-76.176,44.328,272.88,0.9076870484839001
149.2,128.165192,37.944866,4571.8360176,-78.778,44.377,271.572,0.9076870484839001
149.3,128.164984,37.944893,4587.8361888,-81.682,44.387,270.202,0.9076870484839001
149.4,128.164776,37.944916,4603.8342264,-84.856,44.358,268.767,0.9076870484839001
149.5,128.164568,37.944936,4619.8161096,-87.886,44.301,267.287,0.9076870484839001
149.6,128.16436,37.944953,4635.7699512,-90.326,44.204,265.786,0.9076870484839001
149.7,128.164152,37.944967,4651.6847784,-92.385,44.038,264.283,0.9076870484839001
149.8,128.163944,37.944978,4667.5480944,-94.38,43.814,262.771,0.9076870484839001
149.9,128.163735,37.944985,4683.351060000001,-96.035,43.564,261.193,0.9076870484839001
150.0,128.163527,37.94499,4699.0869696,-97.033,43.294,259.521,0.9076870484839001
150.1,128.16332,37.944991,4714.748203200001,-97.302,43.006,257.767,0.9076870484839001
150.2,128.163112,37.94499,4730.325312,-97.137,42.698,255.942,0.9076870484839001
150.3,128.162905,37.944984,4745.8082376,-97.092,42.362,254.029,0.9076870484839001
150.4,128.162699,37.944974,4761.1869216,-97.667,41.982,252.018,0.9076870484839001
150.5,128.162495,37.94496,4776.4513056000005,-98.984,41.546,249.904,0.9076870484839001
150.6,128.162291,37.944941,4791.5913312,-100.748,41.052,247.698,0.9076870484839001
150.7,128.162089,37.944918,4806.5972448,-102.453,40.506,245.466,0.9076870484839001
150.8,128.161888,37.944891,4821.4592928,-103.729,39.926,243.308,0.9076870484839001
150.9,128.161689,37.944859,4836.163759200001,-104.706,39.323,241.271,0.9076870484839001
151.0,128.161492,37.944823,4850.696318400001,-105.701,38.7,239.347,0.9076870484839001
151.1,128.161297,37.944781,4865.04234,-107.013,38.052,237.517,0.9076870484839001
151.2,128.161104,37.944735,4879.1884128,-108.739,37.376,235.761,0.9076870484839001
151.3,128.160913,37.944685,4893.1263072,-110.609,36.672,234.06,0.9076870484839001
151.4,128.160725,37.94463,4906.8499272,-112.251,35.941,232.411,0.9076870484839001
151.5,128.160538,37.944571,4920.3492144,-113.534,35.179,230.823,0.9076870484839001
151.6,128.160354,37.944508,4933.6067952,-114.757,34.375,229.307,0.9076870484839001
151.7,128.160173,37.94444,4946.5979808,-116.466,33.515,227.866,0.9076870484839001
151.8,128.159994,37.944367,4959.3029592,-118.845,32.596,226.484,0.9076870484839001
151.9,128.159818,37.944291,4971.7199016,-121.191,31.634,225.129,0.9076870484839001
152.0,128.159644,37.944211,4983.871668,-122.144,30.671,223.774,0.9076870484839001
152.1,128.159472,37.944128,4995.7945296,-120.882,29.742,222.42,0.9076870484839001
152.2,128.159301,37.944042,5007.477818400001,-118.595,28.85,221.125,0.9076870484839001
152.3,128.159134,37.943953,5018.877338400001,-117.271,27.99,219.91,0.9076870484839001
152.4,128.15897,37.94386,5029.953160800001,-117.955,27.145,218.737,0.9076870484839001
152.5,128.158809,37.943762,5040.690960000001,-120.398,26.278,217.563,0.9076870484839001
152.6,128.158653,37.94366,5051.086164,-123.844,25.345,216.389,0.9076870484839001
152.7,128.158499,37.943556,5061.169252799999,-126.816,24.342,215.217,0.9076870484839001
152.8,128.158347,37.943449,5070.9691824,-128.365,23.278,214.072,0.9076870484839001
152.9,128.158197,37.943339,5080.495401600001,-128.337,22.191,212.976,0.9076870484839001
153.0,128.15805,37.943227,5089.7229168,-127.436,21.112,211.941,0.9076870484839001
153.1,128.157905,37.943113,5098.607532,-126.83,20.051,210.963,0.9076870484839001
153.2,128.157764,37.942995,5107.117243199999,-127.223,18.998,210.013,0.9076870484839001
153.3,128.157626,37.942874,5115.2453448,-128.609,17.93,209.066,0.9076870484839001
153.4,128.157492,37.942751,5123.0034192,-130.546,16.827,208.119,0.9076870484839001
153.5,128.15736,37.942625,5130.4100592,-132.398,15.681,207.184,0.9076870484839001
153.6,128.157231,37.942498,5137.475628,-133.764,14.496,206.278,0.9076870484839001
153.7,128.157105,37.942368,5144.203173600001,-134.502,13.287,205.408,0.9076870484839001
153.8,128.156981,37.942236,5150.5914768,-134.641,12.074,204.568,0.9076870484839001
153.9,128.156859,37.942103,5156.6344416,-134.348,10.872,203.75,0.9076870484839001
154.0,128.15674,37.941968,5162.3262768,-133.838,9.693,202.94,0.9076870484839001
154.1,128.156624,37.941831,5167.665763200001,-133.271,8.541,202.125,0.9076870484839001
154.2,128.156511,37.941692,5172.6446712,-133.068,7.403,201.308,0.9076870484839001
154.3,128.156401,37.941551,5177.206308,-134.07,6.253,200.515,0.9076870484839001
154.4,128.156294,37.941408,5181.3333,-136.128,5.067,199.737,0.9076870484839001
154.5,128.156191,37.941263,5185.0207704,-138.99,3.814,198.985,0.9076870484839001
154.6,128.156092,37.941117,5188.2717672,-141.502,2.501,198.25,0.9076870484839001
154.7,128.155994,37.94097,5191.152432,-141.394,1.169,197.479,0.9076870484839001
154.8,128.155898,37.940821,5193.7407936,-139.253,-0.167,196.693,0.9076870484839001
154.9,128.155804,37.940671,5196.0362424,-136.667,-1.467,195.91,0.9076870484839001
155.0,128.155713,37.940521,5197.9644072,-135.563,-2.715,195.153,0.9076870484839001
155.1,128.155626,37.940369,5199.4570128000005,-135.948,-3.91,194.394,0.9076870484839001
155.2,128.155541,37.940215,5200.5009528,-137.6,-5.106,193.629,0.9076870484839001
155.3,128.155461,37.940061,5201.0937888,-140.235,-6.351,192.877,0.9076870484839001
155.4,128.155384,37.939906,5201.229424800001,-143.569,-7.676,192.17,0.9076870484839001
155.5,128.15531,37.939751,5200.9118232,-146.468,-9.072,191.498,0.9076870484839001
155.6,128.155238,37.939595,5200.2077352,-146.71,-10.496,190.809,0.9076870484839001
155.7,128.155168,37.939438,5199.1997616,-144.523,-11.923,190.103,0.9076870484839001
155.8,128.155099,37.939281,5197.9342320000005,-141.294,-13.31,189.385,0.9076870484839001
155.9,128.155032,37.939123,5196.3407376000005,-139.549,-14.632,188.691,0.9076870484839001
156.0,128.154968,37.938965,5194.3360680000005,-139.367,-15.872,187.991,0.9076870484839001
156.1,128.154908,37.938807,5191.8635304,-140.557,-17.077,187.285,0.9076870484839001
156.2,128.154852,37.938649,5188.919772,-142.839,-18.31,186.583,0.9076870484839001
156.3,128.154798,37.938491,5185.503573600001,-145.925,-19.614,185.913,0.9076870484839001
156.4,128.154748,37.938333,5181.6112776,-149.557,-21.011,185.309,0.9076870484839001
156.5,128.154701,37.938176,5177.2486751999995,-152.632,-22.485,184.759,0.9076870484839001
156.6,128.154656,37.938019,5172.4812984,-152.938,-23.994,184.197,0.9076870484839001
156.7,128.154612,37.937862,5167.391138400001,-150.722,-25.511,183.613,0.9076870484839001
156.8,128.15457,37.937705,5162.0342784,-146.502,-26.963,182.963,0.9076870484839001
156.9,128.154528,37.937547,5156.3774952,-141.916,-28.3,182.247,0.9076870484839001
157.0,128.15449,37.937391,5150.354342400001,-139.344,-29.526,181.493,0.9076870484839001
157.1,128.154454,37.937235,5143.8968496,-138.797,-30.661,180.676,0.9076870484839001
157.2,128.154422,37.93708,5136.9763656000005,-139.977,-31.772,179.812,0.9076870484839001
157.3,128.154394,37.936926,5129.5974624,-142.499,-32.929,178.935,0.9076870484839001
157.4,128.15437,37.936774,5121.761359200001,-145.983,-34.172,178.097,0.9076870484839001
157.5,128.154349,37.936624,5113.4662272000005,-150.098,-35.526,177.348,0.9076870484839001
157.6,128.15433,37.936475,5104.7178576,-153.638,-36.973,176.681,0.9076870484839001
157.7,128.154313,37.936327,5095.5744672,-154.245,-38.472,176.018,0.9076870484839001
157.8,128.154297,37.93618,5086.106769600001,-152.166,-39.99,175.343,0.9076870484839001
157.9,128.154283,37.936033,5076.3583512000005,-148.0,-41.451,174.594,0.9076870484839001
158.0,128.15427,37.935887,5066.29416,-143.528,-42.802,173.771,0.9076870484839001
158.1,128.15426,37.935743,5055.8584176,-141.082,-44.047,172.892,0.9076870484839001
158.2,128.154252,37.935601,5044.9980888,-140.636,-45.21,171.924,0.9076870484839001
158.3,128.154249,37.935461,5033.7006768,-141.879,-46.362,170.89,0.9076870484839001
158.4,128.154248,37.935324,5021.974716,-144.427,-47.568,169.839,0.9076870484839001
158.5,128.15425,37.93519,5009.824473600001,-147.917,-48.863,168.838,0.9076870484839001
158.6,128.154255,37.935058,4997.2603128,-151.828,-50.263,167.938,0.9076870484839001
158.7,128.154261,37.934929,4984.3145424,-154.62,-51.743,167.105,0.9076870484839001
158.8,128.154269,37.934802,4971.0359304,-154.398,-53.254,166.247,0.9076870484839001
158.9,128.154277,37.934676,4957.470806400001,-151.54,-54.745,165.315,0.9076870484839001
159.0,128.154287,37.934551,4943.6008824,-147.371,-56.154,164.29,0.9076870484839001
159.1,128.154299,37.934429,4929.382572,-143.71,-57.461,163.179,0.9076870484839001
159.2,128.154313,37.93431,4914.7789944,-141.989,-58.699,161.973,0.9076870484839001
159.3,128.154329,37.934195,4899.783444000001,-142.048,-59.909,160.62,0.9076870484839001
159.4,128.154348,37.934084,4884.409941600001,-143.562,-61.15,159.157,0.9076870484839001
159.5,128.154369,37.933977,4868.6676312,-146.202,-62.459,157.669,0.9076870484839001
159.6,128.154391,37.933873,4852.569314400001,-149.011,-63.841,156.183,0.9076870484839001
159.7,128.154415,37.933773,4836.1552248,-149.972,-65.27,154.604,0.9076870484839001
159.8,128.15444,37.933675,4819.4652912,-148.557,-66.712,152.894,0.9076870484839001
159.9,128.154465,37.933579,4802.4985992,-145.545,-68.114,151.052,0.9076870484839001
160.0,128.154491,37.933487,4785.239604,-141.97,-69.431,149.033,0.9076870484839001
160.1,128.154518,37.933398,4767.677332800001,-138.919,-70.671,146.791,0.9076870484839001
160.2,128.154546,37.933314,4749.8047752,-137.146,-71.865,144.297,0.9076870484839001
160.3,128.154576,37.933234,4731.6295512,-136.607,-73.051,141.493,0.9076870484839001
160.4,128.154607,37.933159,4713.1729968,-136.476,-74.248,138.289,0.9076870484839001
160.5,128.154638,37.933088,4694.457057600001,-135.538,-75.441,134.586,0.9076870484839001
160.6,128.154669,37.93302,4675.4969736,-133.018,-76.603,130.317,0.9076870484839001
160.7,128.154701,37.932956,4656.2982312,-129.067,-77.709,125.481,0.9076870484839001
160.8,128.154733,37.932896,4636.8641832,-124.157,-78.737,120.0,0.9076870484839001
160.9,128.154765,37.932841,4617.2021448000005,-118.642,-79.67,113.694,0.9076870484839001
161.0,128.154796,37.932791,4597.3230888,-112.69,-80.49,106.365,0.9076870484839001
161.1,128.154828,37.932745,4577.2404264,-106.27,-81.182,97.854,0.9076870484839001
161.2,128.154859,37.932705,4556.9684832,-99.213,-81.722,88.085,0.9076870484839001
161.3,128.154889,37.932669,4536.5209752,-91.296,-82.076,77.146,0.9076870484839001
161.4,128.154918,37.932638,4515.9085704,-82.397,-82.207,65.403,0.9076870484839001
161.5,128.154945,37.932611,4495.1404128,-72.536,-82.104,53.46,0.9076870484839001
161.6,128.154972,37.932588,4474.221684,-61.782,-81.754,42.047,0.9076870484839001
161.7,128.154997,37.932569,4453.1542128,-50.376,-81.159,31.884,0.9076870484839001
161.8,128.155022,37.932552,4431.9410472,-39.09,-80.37,23.392,0.9076870484839001
161.9,128.155045,37.932539,4410.5895024,-28.656,-79.425,16.703,0.9076870484839001
162.0,128.155068,37.932531,4389.1111608,-19.83,-78.357,11.672,0.9076870484839001
162.1,128.15509,37.932526,4367.5221768,-13.389,-77.191,8.036,0.9076870484839001
162.2,128.15511,37.932527,4345.8350472,-9.578,-75.939,5.536,0.9076870484839001
162.3,128.155131,37.932532,4324.0674504,-8.61,-74.634,3.717,0.9076870484839001
162.4,128.15515,37.932544,4302.2480376,-10.353,-73.378,2.144,0.9076870484839001
162.5,128.155168,37.93256,4280.3710176,-13.302,-72.338,0.935,0.9076870484839001
162.6,128.155185,37.932581,4258.4403528,-16.817,-71.677,359.966,0.9076870484839001
162.7,128.155199,37.932608,4236.4914,-21.167,-71.369,358.801,0.9076870484839001
162.8,128.155211,37.93264,4214.542752,-26.375,-71.238,357.238,0.9076870484839001
162.9,128.15522,37.932676,4192.5919704,-32.472,-71.111,355.422,0.9076870484839001
