Time,Longitude,Latitude,Altitude,Roll (deg),Pitch (deg),Yaw (deg),Health
0.0,128.181615,37.914556,4571.9698248,0.5,0.091,270.059,1.0
0.1,128.181386,37.914556,4571.7674375999995,2.732,0.874,270.246,1.0
0.2,128.181157,37.914556,4571.3900952,6.585,1.944,270.496,1.0
0.3,128.180928,37.914556,4570.873764,11.81,3.035,270.822,1.0
0.4,128.180698,37.914556,4570.256848800001,18.158,4.126,271.268,1.0
0.5,128.180467,37.914556,4569.576535200001,25.359,5.271,271.904,1.0
0.6,128.180236,37.914556,4568.8831152,32.923,6.511,272.805,1.0
0.7,128.180005,37.914557,4568.2381584,40.118,7.691,273.945,1.0
0.8,128.179773,37.914559,4567.6645248,46.219,8.782,275.315,1.0
0.9,128.179542,37.914563,4567.2432912,49.605,9.821,276.847,1.0
1.0,128.179311,37.91457,4567.0537056,49.945,10.756,278.411,1.0
1.1,128.17908,37.914579,4567.112532,47.851,11.622,279.935,1.0
1.2,128.17885,37.914592,4567.40514,44.34,12.478,281.364,1.0
1.3,128.178621,37.914607,4567.9272624000005,40.313,13.367,282.643,1.0
1.4,128.178392,37.914625,4568.6877384,36.402,14.307,283.748,1.0
1.5,128.178164,37.914645,4569.701808,32.99,15.3,284.681,1.0
1.6,128.177936,37.914667,4570.9901976,30.243,16.337,285.461,1.0
1.7,128.17771,37.91469,4572.580339200001,28.101,17.41,286.114,1.0
1.8,128.177485,37.914716,4574.5078944,26.274,18.517,286.653,1.0
1.9,128.177261,37.914744,4576.8225456,24.183,19.672,287.068,1.0
2.0,128.177039,37.914774,4579.5776328,21.322,20.889,287.356,1.0
2.1,128.176819,37.914805,4582.778032800001,17.835,22.169,287.542,1.0
2.2,128.176601,37.914838,4586.4225264,13.922,23.509,287.618,1.0
2.3,128.176384,37.914872,4590.508675200001,9.772,24.9,287.562,1.0
2.4,128.17617,37.914907,4595.032516800001,5.541,26.329,287.357,1.0
2.5,128.175958,37.914942,4599.9879552,1.348,27.782,286.991,1.0
2.6,128.175748,37.914976,4605.366456,-2.724,29.239,286.46,1.0
2.7,128.17554,37.915011,4611.1597896,-6.647,30.685,285.764,1.0
2.8,128.175334,37.915045,4617.3585072000005,-10.436,32.104,284.905,1.0
2.9,128.17513,37.915077,4623.950112,-14.106,33.483,283.893,1.0
3.0,128.174928,37.915109,4630.922412000001,-17.679,34.812,282.735,1.0
3.1,128.174728,37.915139,4638.2613864,-21.172,36.081,281.443,1.0
3.2,128.17453,37.915167,4645.947528000001,-24.558,37.284,280.023,1.0
3.3,128.174334,37.915193,4653.954624,-27.705,38.417,278.492,1.0
3.4,128.17414,37.915218,4662.2582904,-30.485,39.48,276.879,1.0
3.5,128.173948,37.91524,4670.8365816000005,-32.798,40.479,275.22,1.0
3.6,128.173757,37.91526,4679.671819200001,-34.587,41.419,273.54,1.0
3.7,128.173568,37.915279,4688.7591264,-35.95,42.306,271.857,1.0
3.8,128.173381,37.915295,4698.1015512,-37.156,43.145,270.179,1.0
3.9,128.173197,37.915308,4707.6963504000005,-38.416,43.95,268.509,1.0
4.0,128.173014,37.915319,4717.5304176,-39.731,44.729,266.847,1.0
4.1,128.172834,37.915328,4727.590646400001,-41.06,45.486,265.189,1.0
4.2,128.172656,37.915335,4737.867588,-42.4,46.219,263.533,1.0
4.3,128.17248,37.915339,4748.3533176,-43.788,46.927,261.872,1.0
4.4,128.172306,37.91534,4759.038996,-45.241,47.609,260.202,1.0
4.5,128.172135,37.91534,4769.9145648,-46.739,48.263,258.519,1.0
4.6,128.171966,37.915337,4780.967832,-48.229,48.891,256.822,1.0
4.7,128.171799,37.915332,4792.1878248,-49.643,49.492,255.111,1.0
4.8,128.171635,37.915324,4803.5632656,-50.922,50.067,253.39,1.0
4.9,128.171472,37.915315,4815.0844008,-52.02,50.619,251.668,1.0
5.0,128.171312,37.915303,4826.7423912,-52.907,51.151,249.95,1.0
5.1,128.171155,37.915289,4838.529007200001,-53.568,51.671,248.247,1.0
5.2,128.170999,37.915273,4850.4381528,-54.01,52.182,246.566,1.0
5.3,128.170846,37.915255,4862.4631224,-54.262,52.691,244.918,1.0
5.4,128.170695,37.915236,4874.5987344000005,-54.362,53.201,243.307,1.0
5.5,128.170546,37.915214,4886.840112000001,-54.357,53.717,241.735,1.0
5.6,128.1704,37.915191,4899.1835976,-54.301,54.239,240.201,1.0
5.7,128.170256,37.915166,4911.6255336,-54.251,54.77,238.701,1.0
5.8,128.170114,37.915139,4924.1631768,-54.252,55.309,237.23,1.0
5.9,128.169975,37.915111,4936.7931744,-54.328,55.854,235.782,1.0
6.0,128.169838,37.915082,4949.5118688,-54.49,56.404,234.35,1.0
6.1,128.169704,37.915051,4962.315907200001,-54.735,56.956,232.929,1.0
6.2,128.169572,37.915019,4975.2022416,-55.059,57.506,231.513,1.0
6.3,128.169443,37.914985,4988.1681288,-55.46,58.051,230.097,1.0
6.4,128.169316,37.914951,5001.210520799999,-55.932,58.589,228.676,1.0
6.5,128.169191,37.914915,5014.3266744,-56.458,59.119,227.246,1.0
6.6,128.16907,37.914878,5027.512932000001,-57.024,59.639,225.803,1.0
6.7,128.16895,37.91484,5040.766550400001,-57.616,60.148,224.345,1.0
6.8,128.168834,37.9148,5054.084786400001,-58.225,60.645,222.869,1.0
6.9,128.16872,37.91476,5067.4648968,-58.848,61.131,221.375,1.0
7.0,128.168608,37.914719,5080.904138400001,-59.486,61.606,219.86,1.0
7.1,128.168499,37.914677,5094.4000728,-60.145,62.07,218.323,1.0
7.2,128.168393,37.914634,5107.9502616,-60.834,62.523,216.762,1.0
7.3,128.168289,37.91459,5121.5522664,-61.559,62.965,215.176,1.0
7.4,128.168188,37.914546,5135.2039536,-62.329,63.397,213.561,1.0
7.5,128.16809,37.914501,5148.9031896,-63.15,63.817,211.917,1.0
7.6,128.167994,37.914455,5162.6472312000005,-64.037,64.226,210.24,1.0
7.7,128.167901,37.914408,5176.4345544,-65.0,64.621,208.528,1.0
7.8,128.167811,37.914361,5190.262111200001,-66.036,65.003,206.778,1.0
7.9,128.167723,37.914313,5204.1271584,-67.143,65.37,204.987,1.0
8.0,128.167638,37.914264,5218.0275624,-68.323,65.72,203.154,1.0
8.1,128.167556,37.914215,5231.9608848,-69.584,66.051,201.278,1.0
8.2,128.167477,37.914166,5245.924992,-70.939,66.363,199.357,1.0
8.3,128.167401,37.914116,5259.9174456,-72.404,66.652,197.387,1.0
8.4,128.167328,37.914065,5273.9364168,-74.01,66.916,195.367,1.0
8.5,128.167257,37.914015,5287.9794672,-75.776,67.152,193.291,1.0
8.6,128.16719,37.913963,5302.0438536,-77.708,67.357,191.157,1.0
8.7,128.167125,37.913912,5316.126223200001,-79.807,67.526,188.964,1.0
8.8,128.167064,37.91386,5330.223223200001,-82.067,67.656,186.713,1.0
8.9,128.167006,37.913808,5344.331196,-84.477,67.741,184.409,1.0
9.0,128.166951,37.913755,5358.446179200001,-87.025,67.776,182.057,1.0
9.1,128.1669,37.913702,5372.563296,-89.687,67.759,179.665,1.0
9.2,128.166852,37.913649,5386.6779744000005,-92.409,67.686,177.247,1.0
9.3,128.166806,37.913596,5400.7847280000005,-95.128,67.555,174.818,1.0
9.4,128.166765,37.913542,5414.8783752,-97.78,67.368,172.396,1.0
9.5,128.166726,37.913488,5428.9540392,-100.29,67.129,169.997,1.0
9.6,128.16669,37.913433,5443.0074528,-102.558,66.847,167.638,1.0
9.7,128.166657,37.913379,5457.0343488,-104.478,66.531,165.337,1.0
9.8,128.166627,37.913324,5471.0313744000005,-105.997,66.196,163.108,1.0
9.9,128.166599,37.913269,5484.995786400001,-107.12,65.852,160.945,1.0
10.0,128.166574,37.913213,5498.925451200001,-107.874,65.51,158.85,1.0
10.1,128.166551,37.913158,5512.8182352,-108.314,65.18,156.82,1.0
10.2,128.166531,37.913102,5526.6726144,-108.507,64.87,154.847,1.0
10.3,128.166514,37.913046,5540.4876744,-108.531,64.583,152.923,1.0
10.4,128.166498,37.91299,5554.2625008,-108.465,64.324,151.038,1.0
10.5,128.166486,37.912935,5567.995569600001,-108.392,64.093,149.183,1.0
10.6,128.166475,37.912879,5581.686576,-108.382,63.888,147.349,1.0
10.7,128.166467,37.912823,5595.3343008,-108.505,63.708,145.527,1.0
10.8,128.166462,37.912768,5608.937524800001,-108.856,63.549,143.71,1.0
10.9,128.166459,37.912713,5622.4941144,-109.577,63.398,141.894,1.0
11.0,128.166459,37.912658,5636.000412,-110.823,63.239,140.075,1.0
11.1,128.166462,37.912604,5649.4539792000005,-112.64,63.056,138.25,1.0
11.2,128.166468,37.91255,5662.8523776,-114.887,62.834,136.42,1.0
11.3,128.166476,37.912496,5676.1931688,-117.315,62.564,134.6,1.0
11.4,128.166487,37.912444,5689.4739144000005,-119.681,62.239,132.81,1.0
11.5,128.166501,37.912391,5702.6918712,-121.815,61.859,131.072,1.0
11.6,128.166517,37.912339,5715.8439912,-123.625,61.428,129.399,1.0
11.7,128.166536,37.912287,5728.9269216,-125.086,60.95,127.797,1.0
11.8,128.166558,37.912236,5741.937919200001,-126.217,60.434,126.265,1.0
11.9,128.166582,37.912185,5754.8733264,-127.065,59.888,124.797,1.0
12.0,128.166608,37.912134,5767.7307048,-127.689,59.32,123.384,1.0
12.1,128.166637,37.912084,5780.507616,-128.151,58.738,122.018,1.0
12.2,128.166669,37.912035,5793.2016216,-128.506,58.145,120.688,1.0
12.3,128.166703,37.911986,5805.810588,-128.804,57.547,119.389,1.0
12.4,128.166739,37.911938,5818.3323816,-129.079,56.946,118.113,1.0
12.5,128.166778,37.91189,5830.765478400001,-129.358,56.344,116.858,1.0
12.6,128.16682,37.911843,5843.1080496,-129.66,55.74,115.62,1.0
12.7,128.166863,37.911796,5855.3582664,-129.99,55.134,114.401,1.0
12.8,128.166909,37.911751,5867.514300000001,-130.349,54.526,113.199,1.0
12.9,128.166958,37.911705,5879.5749312,-130.734,53.915,112.016,1.0
13.0,128.167008,37.911661,5891.5380264000005,-131.133,53.3,110.852,1.0
13.1,128.167061,37.911617,5903.4023664,-131.533,52.68,109.708,1.0
13.2,128.167116,37.911575,5915.1658176,-131.92,52.055,108.585,1.0
13.3,128.167173,37.911532,5926.8274656,-132.283,51.424,107.484,1.0
13.4,128.167232,37.911491,5938.3851768,-132.611,50.789,106.405,1.0
13.5,128.167294,37.911451,5949.837732,-132.902,50.148,105.347,1.0
13.6,128.167357,37.911411,5961.182997600001,-133.151,49.502,104.31,1.0
13.7,128.167423,37.911372,5972.4197544,-133.361,48.852,103.293,1.0
13.8,128.16749,37.911334,5983.546173600001,-133.534,48.198,102.295,1.0
13.9,128.16756,37.911297,5994.5607312,-133.676,47.54,101.314,1.0
14.0,128.167631,37.91126,6005.462208,-133.792,46.879,100.349,1.0
14.1,128.167705,37.911225,6016.2487752,-133.887,46.215,99.399,1.0
14.2,128.16778,37.911191,6026.9189088,-133.964,45.548,98.464,1.0
14.3,128.167857,37.911157,6037.4713896,-134.026,44.878,97.541,1.0
14.4,128.167936,37.911125,6047.9049984,-134.074,44.206,96.63,1.0
14.5,128.168017,37.911093,6058.218516,-134.104,43.531,95.731,1.0
14.6,128.1681,37.911062,6068.410723200001,-134.113,42.854,94.843,1.0
14.7,128.168184,37.911033,6078.480096,-134.1,42.175,93.965,1.0
14.8,128.16827,37.911004,6088.425720000001,-134.071,41.494,93.097,1.0
14.9,128.168358,37.910977,6098.244852000001,-134.061,40.81,92.239,1.0
15.0,128.168448,37.91095,6107.9353584,-134.099,40.122,91.392,1.0
15.1,128.168539,37.910925,6117.495105600001,-134.199,39.428,90.555,1.0
15.2,128.168632,37.9109,6126.922874400001,-134.36,38.727,89.728,1.0
15.3,128.168726,37.910877,6136.2168360000005,-134.571,38.018,88.912,1.0
15.4,128.168822,37.910855,6145.3757712,-134.815,37.299,88.107,1.0
15.5,128.16892,37.910834,6154.398156000001,-135.069,36.57,87.313,1.0
15.6,128.169019,37.910815,6163.283076,-135.311,35.829,86.532,1.0
15.7,128.169119,37.910796,6172.0290072,-135.52,35.078,85.763,1.0
15.8,128.169221,37.910779,6180.6347304,-135.684,34.317,85.007,1.0
15.9,128.169325,37.910762,6189.0984167999995,-135.792,33.547,84.263,1.0
16.0,128.169429,37.910747,6197.4188472000005,-135.844,32.769,83.53,1.0
16.1,128.169536,37.910733,6205.594497600001,-135.841,31.983,82.808,1.0
16.2,128.169643,37.91072,6213.6235392,-135.787,31.192,82.095,1.0
16.3,128.169752,37.910709,6221.5053624,-135.68,30.398,81.389,1.0
16.4,128.169862,37.910698,6229.2390528,-135.509,29.6,80.689,1.0
16.5,128.169973,37.910689,6236.8240008,-135.273,28.803,79.992,1.0
16.6,128.170086,37.910681,6244.258682400001,-134.977,28.007,79.298,1.0
16.7,128.170199,37.910674,6251.542792800001,-134.629,27.214,78.605,1.0
16.8,128.170314,37.910669,6258.6745032,-134.244,26.424,77.913,1.0
16.9,128.17043,37.910664,6265.653204,-133.836,25.64,77.219,1.0
17.0,128.170547,37.910661,6272.4779808,-133.417,24.861,76.523,1.0
17.1,128.170665,37.910659,6279.147309600001,-132.999,24.087,75.826,1.0
17.2,128.170784,37.910659,6285.6608856,-132.59,23.319,75.125,1.0
17.3,128.170904,37.910659,6292.0177944,-132.197,22.556,74.421,1.0
17.4,128.171025,37.910661,6298.2171216,-131.819,21.798,73.714,1.0
17.5,128.171147,37.910665,6304.2585624,-131.449,21.044,73.004,1.0
17.6,128.17127,37.910669,6310.141812,-131.078,20.294,72.292,1.0
17.7,128.171393,37.910675,6315.866870400001,-130.694,19.548,71.576,1.0
17.8,128.171517,37.910683,6321.433128000001,-130.284,18.806,70.857,1.0
17.9,128.171642,37.910691,6326.8405848,-129.837,18.069,70.136,1.0
18.0,128.171768,37.910701,6332.0892408,-129.344,17.337,69.412,1.0
18.1,128.171895,37.910712,6337.1784864,-128.803,16.612,68.686,1.0
18.2,128.172022,37.910725,6342.1086264000005,-128.213,15.894,67.956,1.0
18.3,128.172149,37.910739,6346.8790512000005,-127.578,15.183,67.223,1.0
18.4,128.172278,37.910754,6351.489760800001,-126.905,14.482,66.486,1.0
18.5,128.172407,37.910771,6355.9401456000005,-126.203,13.791,65.745,1.0
18.6,128.172536,37.910789,6360.2308152000005,-125.479,13.11,64.999,1.0
18.7,128.172666,37.910808,6364.3608552000005,-124.742,12.439,64.248,1.0
18.8,128.172796,37.910829,6368.33118,-123.996,11.78,63.491,1.0
18.9,128.172926,37.910851,6372.1417896,-123.241,11.132,62.729,1.0
19.0,128.173057,37.910875,6375.7929888,-122.475,10.496,61.96,1.0
19.1,128.173188,37.9109,6379.285692,-121.697,9.872,61.186,1.0
19.2,128.173319,37.910927,6382.6198992,-120.909,9.26,60.406,1.0
19.3,128.173451,37.910955,6385.796220000001,-120.113,8.661,59.62,1.0
19.4,128.173582,37.910984,6388.815264000001,-119.311,8.073,58.829,1.0
19.5,128.173714,37.911015,6391.6776408000005,-118.505,7.498,58.033,1.0
19.6,128.173846,37.911048,6394.384264800001,-117.697,6.935,57.233,1.0
19.7,128.173977,37.911082,6396.9354408,-116.885,6.385,56.427,1.0
19.8,128.174109,37.911117,6399.332083200001,-116.072,5.846,55.618,1.0
19.9,128.17424,37.911154,6401.5754112,-115.257,5.319,54.804,1.0
20.0,128.174372,37.911192,6403.6663392,-114.442,4.803,53.986,1.0
20.1,128.174503,37.911232,6405.6051720000005,-113.631,4.299,53.165,1.0
20.2,128.174634,37.911274,6407.393433600001,-112.829,3.805,52.34,1.0
20.3,128.174764,37.911316,6409.032038400001,-112.035,3.322,51.512,1.0
20.4,128.174895,37.911361,6410.5219008,-111.251,2.849,50.68,1.0
20.5,128.175024,37.911407,6411.86424,-110.476,2.386,49.845,1.0
20.6,128.175154,37.911454,6413.0602751999995,-109.705,1.933,49.007,1.0
20.7,128.175283,37.911503,6414.1115303999995,-108.934,1.488,48.167,1.0
20.8,128.175411,37.911553,6415.019224800001,-108.159,1.053,47.323,1.0
20.9,128.175539,37.911605,6415.7848824,-107.377,0.628,46.477,1.0
21.0,128.175666,37.911659,6416.409722400001,-106.586,0.211,45.628,1.0
21.1,128.175792,37.911713,6416.895573600001,-105.784,-0.194,44.778,1.0
21.2,128.175917,37.91177,6417.243960000001,-104.973,-0.591,43.925,1.0
21.3,128.176042,37.911828,6417.456405600001,-104.152,-0.977,43.071,1.0
21.4,128.176166,37.911887,6417.5347392,-103.32,-1.352,42.214,1.0
21.5,128.176289,37.911948,6417.4807896,-102.472,-1.716,41.357,1.0
21.6,128.176411,37.91201,6417.2969952,-101.604,-2.068,40.497,1.0
21.7,128.176533,37.912073,6416.98488,-100.714,-2.407,39.637,1.0
21.8,128.176653,37.912138,6416.546882400001,-99.801,-2.733,38.775,1.0
21.9,128.176772,37.912205,6415.9848312,-98.868,-3.045,37.913,1.0
22.0,128.17689,37.912273,6415.301469600001,-97.926,-3.342,37.051,1.0
22.1,128.177007,37.912342,6414.4989312,-96.984,-3.625,36.189,1.0
22.2,128.177123,37.912413,6413.5796544,-96.051,-3.894,35.327,1.0
22.3,128.177237,37.912485,6412.5460776,-95.134,-4.147,34.465,1.0
22.4,128.17735,37.912558,6411.400944,-94.238,-4.387,33.602,1.0
22.5,128.177462,37.912633,6410.1460824000005,-93.371,-4.613,32.74,1.0
22.6,128.177573,37.912709,6408.7848456,-92.536,-4.827,31.878,1.0
22.7,128.177682,37.912787,6407.3190624,-91.732,-5.028,31.015,1.0
22.8,128.17779,37.912865,6405.7517808,-90.957,-5.219,30.152,1.0
22.9,128.177896,37.912945,6404.0848295999995,-90.205,-5.399,29.289,1.0
23.0,128.178001,37.913027,6402.320952000001,-89.473,-5.569,28.425,1.0
23.1,128.178104,37.91311,6400.4622816,-88.756,-5.731,27.561,1.0
23.2,128.178206,37.913194,6398.511256800001,-88.05,-5.885,26.697,0.998317077129379
23.3,128.178306,37.913279,6396.4706208,-87.349,-6.031,25.833,0.9932338633274114
23.4,128.178405,37.913365,6394.341897600001,-86.644,-6.17,24.969,0.9847486003855428
23.5,128.178502,37.913453,6392.1281352,-85.929,-6.3,24.105,0.9728546688974093
23.6,128.178597,37.913542,6389.8314672,-85.203,-6.422,23.242,0.9575390432504483
23.7,128.17869,37.913632,6387.454332,-84.471,-6.537,22.379,0.9387843829141219
23.8,128.178782,37.913723,6384.999168,-83.741,-6.643,21.518,0.916593496603518
23.9,128.178872,37.913815,6382.4690232,-83.024,-6.741,20.657,0.8909523498342398
24.0,128.17896,37.913909,6379.8660312,-82.339,-6.832,19.798,0.8618430197124674
24.1,128.179046,37.914004,6377.1932400000005,-81.705,-6.916,18.938,0.8292619949425781
24.2,128.179131,37.914099,6374.453088000001,-81.146,-6.994,18.077,0.7932065952955586
24.3,128.179213,37.914196,6371.648318400001,-80.68,-7.068,17.214,0.7932065952955586
24.4,128.179293,37.914294,6368.7810648,-80.317,-7.14,16.348,0.7932065952955586
24.5,128.179372,37.914393,6365.853156000001,-80.057,-7.213,15.477,0.7932065952955586
24.6,128.179448,37.914493,6362.865811200001,-79.884,-7.287,14.599,0.7932065952955586
24.7,128.179522,37.914594,6359.8205544,-79.777,-7.366,13.714,0.7932065952955586
24.8,128.179594,37.914696,6356.7176904,-79.713,-7.45,12.821,0.7932065952955586
24.9,128.179664,37.914798,6353.558438400001,-79.667,-7.542,11.92,0.7828703206910174
25.0,128.179732,37.914902,6350.343408,-79.623,-7.642,11.01,0.7188105349849869
25.1,128.179798,37.915007,6347.0735136,-79.576,-7.751,10.092,0.6512497324138184
25.2,128.179861,37.915112,6343.749669600001,-79.528,-7.872,9.166,0.5801962070085405
25.3,128.179922,37.915218,6340.3724856,-79.493,-8.003,8.231,0.5056576250928388
25.4,128.179981,37.915325,6336.9434856,-79.487,-8.146,7.289,0.42765945159748625
25.5,128.180037,37.915433,6333.4626696000005,-79.513,-8.301,6.338,0.4143247430939169
25.6,128.180091,37.915541,6329.930647200001,-79.556,-8.468,5.377,0.4143247430939169
25.7,128.180143,37.91565,6326.3477232000005,-79.6,-8.651,4.408,0.4143247430939169
25.8,128.180192,37.91576,6322.713897600001,-79.633,-8.851,3.428,0.4143247430939169
25.9,128.180239,37.91587,6319.0294752,-79.648,-9.07,2.439,0.4143247430939169
26.0,128.180284,37.91598,6315.2947608,-79.642,-9.305,1.443,0.4143247430939169
26.1,128.180325,37.916091,6311.5097544,-79.621,-9.556,0.44,0.4143247430939169
26.2,128.180365,37.916202,6307.674151200001,-79.593,-9.816,359.432,0.4143247430939169
26.3,128.180402,37.916314,6303.787951200001,-79.567,-10.082,358.422,0.4143247430939169
26.4,128.180437,37.916426,6299.8511544,-79.552,-10.351,357.411,0.4143247430939169
26.5,128.180469,37.916538,6295.8628464,-79.551,-10.622,356.399,0.4143247430939169
26.6,128.180499,37.91665,6291.8227224,-79.568,-10.895,355.388,0.4143247430939169
26.7,128.180526,37.916763,6287.7304776,-79.604,-11.169,354.378,0.4143247430939169
26.8,128.18055,37.916875,6283.5848928000005,-79.66,-11.445,353.369,0.4143247430939169
26.9,128.180573,37.916989,6279.3841391999995,-79.736,-11.723,352.362,0.4143247430939169
27.0,128.180592,37.917102,6275.126388000001,-79.833,-12.004,351.357,0.4143247430939169
27.1,128.180609,37.917215,6270.809810400001,-79.951,-12.287,350.354,0.4143247430939169
27.2,128.180624,37.917329,6266.4328824,-80.088,-12.574,349.349,0.4143247430939169
27.3,128.180636,37.917444,6261.9937752,-80.243,-12.864,348.342,0.4143247430939169
27.4,128.180645,37.917558,6257.4909648,-80.414,-13.16,347.33,0.4143247430939169
27.5,128.180652,37.917673,6252.9226224,-80.601,-13.461,346.311,0.4143247430939169
27.6,128.180656,37.917788,6248.286919200001,-80.802,-13.767,345.284,0.4143247430939169
27.7,128.180657,37.917903,6243.5823312,-81.019,-14.08,344.247,0.4143247430939169
27.8,128.180656,37.918019,6238.8076392,-81.252,-14.398,343.2,0.4143247430939169
27.9,128.180652,37.918134,6233.961319200001,-81.501,-14.721,342.141,0.4143247430939169
28.0,128.180645,37.91825,6229.041847200001,-81.767,-15.048,341.07,0.4143247430939169
28.1,128.180635,37.918366,6224.0476992,-82.05,-15.381,339.989,0.4143247430939169
28.2,128.180623,37.918482,6218.977656000001,-82.346,-15.719,338.896,0.4143247430939169
28.3,128.180608,37.918598,6213.829584000001,-82.656,-16.063,337.793,0.4143247430939169
28.4,128.180589,37.918714,6208.602873600001,-82.975,-16.413,336.68,0.4143247430939169
28.5,128.180569,37.91883,6203.2953912,-83.301,-16.771,335.556,0.4143247430939169
28.6,128.180545,37.918946,6197.9062224,-83.631,-17.136,334.423,0.4143247430939169
28.7,128.180518,37.919061,6192.433233600001,-83.964,-17.511,333.281,0.4143247430939169
28.8,128.180489,37.919177,6186.8752056,-84.299,-17.892,332.13,0.4143247430939169
28.9,128.180456,37.919292,6181.230004800001,-84.636,-18.282,330.972,0.4143247430939169
29.0,128.180421,37.919406,6175.4958024,-84.975,-18.679,329.807,0.4143247430939169
29.1,128.180383,37.919521,6169.671074400001,-85.315,-19.084,328.634,0.4143247430939169
29.2,128.180342,37.919634,6163.7533824,-85.657,-19.496,327.455,0.4143247430939169
29.3,128.180298,37.919748,6157.740897600001,-86.0,-19.916,326.269,0.4143247430939169
29.4,128.180251,37.91986,6151.6317912,-86.345,-20.343,325.076,0.4143247430939169
29.5,128.180201,37.919972,6145.4242343999995,-86.691,-20.777,323.875,0.4143247430939169
29.6,128.180149,37.920084,6139.1160936,-87.041,-21.218,322.669,0.4143247430939169
29.7,128.180093,37.920194,6132.7052352,-87.395,-21.666,321.456,0.4143247430939169
29.8,128.180035,37.920304,6126.1898304,-87.753,-22.121,320.236,0.4143247430939169
29.9,128.179973,37.920413,6119.5677456,-88.115,-22.583,319.011,0.4143247430939169
30.0,128.179909,37.920521,6112.836847200001,-88.482,-23.052,317.778,0.4143247430939169
30.1,128.179842,37.920628,6105.995306400001,-88.853,-23.528,316.538,0.4143247430939169
30.2,128.179772,37.920734,6099.0406848,-89.228,-24.011,315.292,0.4143247430939169
30.3,128.179699,37.920839,6091.9708488,-89.607,-24.503,314.038,0.4143247430939169
30.4,128.179624,37.920942,6084.783969600001,-89.988,-25.002,312.776,0.4143247430939169
30.5,128.179545,37.921045,6077.477304,-90.372,-25.509,311.507,0.4143247430939169
30.6,128.179465,37.921146,6070.0487184,-90.758,-26.024,310.229,0.4143247430939169
30.7,128.179381,37.921245,6062.496384000001,-91.146,-26.547,308.943,0.4143247430939169
30.8,128.179295,37.921343,6054.8175576,-91.536,-27.079,307.649,0.4143247430939169
30.9,128.179206,37.92144,6047.0101056,-91.927,-27.618,306.345,0.4143247430939169
31.0,128.179114,37.921535,6039.0718944,-92.319,-28.167,305.033,0.4143247430939169
31.1,128.17902,37.921628,6031.0001808,-92.712,-28.723,303.711,0.4143247430939169
31.2,128.178923,37.92172,6022.793136,-93.106,-29.289,302.379,0.4143247430939169
31.3,128.178825,37.92181,6014.4483216,-93.5,-29.862,301.038,0.4143247430939169
31.4,128.178723,37.921898,6005.9632992,-93.894,-30.445,299.686,0.4143247430939169
31.5,128.17862,37.921984,5997.3353256,-94.289,-31.036,298.324,0.4143247430939169
31.6,128.178514,37.922068,5988.562876800001,-94.684,-31.635,296.951,0.4143247430939169
31.7,128.178406,37.92215,5979.6429048,-95.078,-32.244,295.567,0.4143247430939169
31.8,128.178296,37.92223,5970.5735808,-95.472,-32.861,294.172,0.4143247430939169
31.9,128.178184,37.922307,5961.351856800001,-95.865,-33.487,292.764,0.4143247430939169
32.0,128.178069,37.922383,5951.9755992,-96.257,-34.121,291.345,0.4143247430939169
32.1,128.177954,37.922456,5942.442674400001,-96.648,-34.765,289.913,0.4143247430939169
32.2,128.177836,37.922527,5932.7503392,-97.039,-35.417,288.468,0.4143247430939169
32.3,128.177716,37.922595,5922.896460000001,-97.428,-36.079,287.009,0.4143247430939169
32.4,128.177595,37.922661,5912.8782936,-97.815,-36.749,285.536,0.4143247430939169
32.5,128.177473,37.922725,5902.6937064,-98.201,-37.428,284.048,0.4143247430939169
32.6,128.177349,37.922786,5892.340260000001,-98.585,-38.116,282.545,0.4143247430939169
32.7,128.177224,37.922844,5881.8158207999995,-98.966,-38.813,281.026,0.4143247430939169
32.8,128.177098,37.922899,5871.1182552,-99.345,-39.518,279.49,0.4143247430939169
32.9,128.17697,37.922952,5860.2454296,-99.721,-40.232,277.937,0.4143247430939169
33.0,128.176842,37.923002,5849.195515200001,-100.092,-40.954,276.365,0.4143247430939169
33.1,128.176713,37.92305,5837.9660736000005,-100.458,-41.685,274.774,0.4143247430939169
33.2,128.176583,37.923094,5826.555276,-100.818,-42.424,273.163,0.4143247430939169
33.3,128.176452,37.923136,5814.9609887999995,-101.17,-43.172,271.532,0.4143247430939169
33.4,128.176322,37.923175,5803.181383200001,-101.514,-43.929,269.878,0.4143247430939169
33.5,128.17619,37.923211,5791.2143256,-101.849,-44.694,268.202,0.4143247430939169
33.6,128.176059,37.923244,5779.0573776,-102.173,-45.467,266.501,0.4143247430939169
33.7,128.175928,37.923274,5766.7087104,-102.486,-46.248,264.772,0.4143247430939169
33.8,128.175797,37.9233,5754.1658856,-102.789,-47.037,263.012,0.4143247430939169
33.9,128.175666,37.923324,5741.4270744000005,-103.08,-47.834,261.218,0.4143247430939169
34.0,128.175536,37.923345,5728.490448,-103.361,-48.64,259.386,0.4143247430939169
34.1,128.175407,37.923362,5715.3544824,-103.631,-49.454,257.512,0.4143247430939169
34.2,128.175278,37.923376,5702.0176536,-103.891,-50.276,255.593,0.4143247430939169
34.3,128.17515,37.923387,5688.478742400001,-104.139,-51.107,253.624,0.4143247430939169
34.4,128.175024,37.923395,5674.7365296,-104.375,-51.946,251.602,0.4143247430939169
34.5,128.1749,37.923399,5660.788576800001,-103.877,-52.741,249.501,0.4143247430939169
34.6,128.174776,37.923401,5646.642504,-101.085,-53.397,247.295,0.4143247430939169
34.7,128.174654,37.923401,5632.313551200001,-97.092,-53.97,245.045,0.4143247430939169
34.8,128.174532,37.923397,5617.8056808,-93.771,-54.513,242.811,0.4143247430939169
34.9,128.174413,37.923391,5603.123464800001,-91.327,-54.974,240.573,0.4143247430939169
35.0,128.174296,37.92338,5588.276656800001,-89.762,-55.351,238.294,0.4143247430939169
35.1,128.174181,37.923366,5573.2731816000005,-88.989,-55.667,235.951,0.4143247430939169
35.2,128.174068,37.923348,5558.117916,-88.871,-55.952,233.538,0.4143247430939169
35.3,128.173957,37.923327,5542.8136032,-89.248,-56.236,231.056,0.4143247430939169
35.4,128.173849,37.923302,5527.3602432,-89.955,-56.543,228.504,0.4143247430939169
35.5,128.173744,37.923274,5511.7572264,-90.842,-56.89,225.882,0.4143247430939169
35.6,128.173642,37.923243,5495.9987616,-91.004,-57.231,223.189,0.4143247430939169
35.7,128.173543,37.923209,5480.0802768,-88.526,-57.467,220.442,0.4143247430939169
35.8,128.173445,37.923173,5464.005124800001,-83.857,-57.605,217.706,0.4143247430939169
35.9,128.173349,37.923136,5447.7812304,-78.08,-57.627,215.079,0.4143247430939169
36.0,128.173255,37.923096,5431.4265768000005,-72.627,-57.535,212.62,0.4143247430939169
36.1,128.173164,37.923052,5414.9710344,-68.862,-57.359,210.297,0.4143247430939169
36.2,128.173077,37.923005,5398.4414256,-66.782,-57.093,208.048,0.4143247430939169
36.3,128.172993,37.922954,5381.850856800001,-66.165,-56.761,205.809,0.4143247430939169
36.4,128.172913,37.9229,5365.205424000001,-66.701,-56.403,203.538,0.4143247430939169
36.5,128.172836,37.922843,5348.507870400001,-68.05,-56.059,201.207,0.4143247430939169
36.6,128.172763,37.922782,5331.756672,-69.881,-55.765,198.798,0.4143247430939169
36.7,128.172695,37.922718,5314.9478664,-71.917,-55.54,196.3,0.4143247430939169
36.8,128.17263,37.922652,5298.068956800001,-73.274,-55.359,193.726,0.4143247430939169
36.9,128.17257,37.922583,5281.0955592,-72.161,-55.156,191.126,0.4143247430939169
37.0,128.172512,37.922513,5264.0130432,-68.539,-54.899,188.568,0.4143247430939169
37.1,128.172456,37.922441,5246.833600800001,-63.779,-54.585,186.142,0.4143247430939169
37.2,128.172405,37.922366,5229.5880168,-59.309,-54.192,183.902,0.4143247430939169
37.3,128.172358,37.922289,5212.3198776,-56.469,-53.718,181.828,0.4143247430939169
37.4,128.172316,37.922209,5195.057224800001,-55.187,-53.17,179.849,0.4143247430939169
37.5,128.172279,37.922127,5177.8140792,-55.168,-52.584,177.873,0.4143247430939169
37.6,128.172247,37.922041,5160.5971464,-56.131,-51.99,175.859,0.4143247430939169
37.7,128.172221,37.921954,5143.4076456,-57.801,-51.411,173.788,0.4143247430939169
37.8,128.172199,37.921864,5126.234604,-59.688,-50.861,171.656,0.4143247430939169
37.9,128.172182,37.921773,5109.048456,-60.634,-50.322,169.489,0.4143247430939169
38.0,128.172169,37.92168,5091.815064,-59.366,-49.77,167.342,0.4143247430939169
38.1,128.172159,37.921586,5074.5143112000005,-55.648,-49.184,165.299,0.4143247430939169
38.2,128.172152,37.921491,5057.1803352,-51.288,-48.58,163.415,0.4143247430939169
38.3,128.172151,37.921394,5039.8747056,-48.446,-47.954,161.693,0.4143247430939169
38.4,128.172155,37.921295,5022.654724800001,-47.283,-47.277,160.097,0.4143247430939169
38.5,128.172165,37.921195,5005.5395952,-47.556,-46.552,158.536,0.4143247430939169
38.6,128.172181,37.921093,4988.5341936,-48.93,-45.807,156.94,0.4143247430939169
38.7,128.172203,37.920989,4971.6333384,-50.993,-45.072,155.269,0.4143247430939169
38.8,128.17223,37.920885,4954.8147792,-52.896,-44.355,153.529,0.4143247430939169
38.9,128.172262,37.920779,4938.0355392,-53.457,-43.647,151.751,0.4143247430939169
39.0,128.172299,37.920673,4921.2663576,-52.081,-42.94,149.993,0.4143247430939169
39.1,128.172339,37.920566,4904.516378400001,-49.293,-42.229,148.319,0.4143247430939169
39.2,128.172385,37.920459,4887.8547912,-46.842,-41.527,146.741,0.4143247430939169
39.3,128.172437,37.920351,4871.3462136,-45.751,-40.814,145.234,0.4143247430939169
39.4,128.172495,37.920243,4855.0104576,-45.987,-40.064,143.752,0.4143247430939169
39.5,128.17256,37.920134,4838.8426464,-47.191,-39.288,142.252,0.4143247430939169
39.6,128.17263,37.920025,4822.8187008,-48.667,-38.501,140.72,0.4143247430939169
39.7,128.172705,37.919916,4806.912408,-49.675,-37.718,139.162,0.4143247430939169
39.8,128.172786,37.919808,4791.0987744,-49.595,-36.937,137.608,0.4143247430939169
39.9,128.172871,37.919699,4775.367132,-48.219,-36.153,136.097,0.4143247430939169
40.0,128.17296,37.919591,4759.747046400001,-46.134,-35.372,134.652,0.4143247430939169
40.1,128.173056,37.919483,4744.2936864,-44.404,-34.595,133.268,0.4143247430939169
40.2,128.173157,37.919375,4729.054905600001,-43.762,-33.805,131.924,0.4143247430939169
40.3,128.173264,37.919269,4714.0438104,-44.209,-32.99,130.59,0.4143247430939169
40.4,128.173377,37.919163,4699.243941600001,-45.237,-32.152,129.248,0.4143247430939169
40.5,128.173495,37.919058,4684.6278672,-46.121,-31.302,127.895,0.4143247430939169
40.6,128.173618,37.918954,4670.1675456,-46.21,-30.446,126.549,0.4143247430939169
40.7,128.173745,37.918851,4655.853223200001,-45.283,-29.59,125.233,0.4143247430939169
40.8,128.173877,37.918749,4641.713856,-43.765,-28.742,123.963,0.4143247430939169
40.9,128.174014,37.918648,4627.796688,-42.466,-27.9,122.734,0.4143247430939169
41.0,128.174156,37.918549,4614.1422576,-41.974,-27.053,121.533,0.4143247430939169
41.1,128.174304,37.918451,4600.763061600001,-42.332,-26.189,120.339,0.4143247430939169
41.2,128.174456,37.918355,4587.6435552,-43.137,-25.307,119.14,0.4143247430939169
41.3,128.174613,37.918261,4574.757830400001,-43.775,-24.413,117.938,0.4143247430939169
41.4,128.174774,37.918168,4562.0808936,-43.694,-23.514,116.747,0.4143247430939169
41.5,128.174939,37.918077,4549.603905600001,-42.688,-22.611,115.588,0.4143247430939169
41.6,128.175108,37.917987,4537.3558224,-41.165,-21.713,114.473,0.4143247430939169
41.7,128.175282,37.917899,4525.3854120000005,-39.892,-20.821,113.396,0.4143247430939169
41.8,128.17546,37.917814,4513.7304696,-39.402,-19.924,112.344,0.4143247430939169
41.9,128.175641,37.917731,4502.3980056,-39.683,-19.008,111.303,0.4143247430939169
42.0,128.175827,37.91765,4491.3679032,-40.297,-18.074,110.262,0.4143247430939169
42.1,128.176017,37.917571,4480.61334,-40.677,-17.128,109.223,0.4143247430939169
42.2,128.17621,37.917494,4470.1172472,-40.459,-16.18,108.194,0.4143247430939169
42.3,128.176406,37.91742,4459.88694,-39.679,-15.237,107.187,0.4143247430939169
42.4,128.176605,37.917347,4449.946802400001,-38.662,-14.3,106.208,0.4143247430939169
42.5,128.176808,37.917277,4440.3251807999995,-37.803,-13.362,105.255,0.4143247430939169
42.6,128.177014,37.91721,4431.042192000001,-37.351,-12.416,104.323,0.4143247430939169
42.7,128.177223,37.917145,4422.1027128,-37.314,-11.458,103.404,0.4143247430939169
42.8,128.177435,37.917083,4413.4988184,-37.5,-10.489,102.489,0.4143247430939169
42.9,128.177649,37.917023,4405.218012,-37.638,-9.514,101.578,0.3788533099733611
43.0,128.177866,37.916965,4397.2535880000005,-37.54,-8.538,100.674,0.3214633195166658
43.1,128.178086,37.91691,4389.6101184,-37.207,-7.565,99.778,0.2697962389221617
43.2,128.178307,37.916858,4382.3052816,-36.825,-6.598,98.891,0.2697962389221617
43.3,128.178531,37.916808,4375.3604136,-36.665,-5.638,98.007,0.2697962389221617
43.4,128.178756,37.916761,4368.7910592,-36.911,-4.683,97.114,0.2697962389221617
43.5,128.178984,37.916717,4362.6020952,-37.576,-3.738,96.197,0.2697962389221617
43.6,128.179212,37.916676,4356.7724904,-38.341,-2.796,95.259,0.2697962389221617
43.7,128.179442,37.916638,4351.2479904,-38.395,-1.837,94.331,0.2697962389221617
43.8,128.179673,37.916602,4345.98318,-37.126,-0.855,93.451,0.2697962389221617
43.9,128.179905,37.916568,4340.9750112,-34.601,0.137,92.639,0.2697962389221617
44.0,128.180138,37.916536,4336.276214400001,-31.657,1.11,91.886,0.2697962389221617
44.1,128.180372,37.916507,4331.9428728,-29.548,2.051,91.152,0.2697962389221617
44.2,128.180605,37.916481,4328.0725224,-29.78,2.976,90.412,0.2697962389221617
44.3,128.180839,37.916458,4324.7032632,-32.087,3.908,89.647,0.2697962389221617
44.4,128.181074,37.916438,4321.8131496000005,-35.936,4.829,88.795,0.2697962389221617
44.5,128.181309,37.916421,4319.3707872,-40.771,5.7,87.805,0.2697962389221617
44.6,128.181544,37.916408,4317.3386856,-46.115,6.481,86.655,0.2697962389221617
44.7,128.181779,37.916399,4315.6735632,-51.602,7.142,85.342,0.2697962389221617
44.8,128.182014,37.916393,4314.3284808,-56.98,7.659,83.873,0.2697962389221617
44.9,128.182248,37.916393,4313.2564992,-62.116,8.015,82.265,0.2697962389221617
45.0,128.182482,37.916396,4312.4024496,-66.813,8.206,80.547,0.2697962389221617
45.1,128.182716,37.916404,4311.705372,-70.523,8.257,78.762,0.2697962389221617
45.2,128.18295,37.916415,4311.1152792,-72.717,8.197,76.952,0.2697962389221617
45.3,128.183183,37.91643,4310.6129688,-73.43,8.054,75.159,0.2697962389221617
45.4,128.183416,37.916449,4310.2078896,-73.419,7.845,73.405,0.2697962389221617
45.5,128.183648,37.916473,4309.904613600001,-73.204,7.619,71.695,0.2697962389221617
45.6,128.18388,37.916501,4309.7016168,-73.067,7.435,70.03,0.2697962389221617
45.7,128.18411,37.916533,4309.5940224000005,-73.139,7.341,68.412,0.2697962389221617
45.8,128.184339,37.91657,4309.5769536,-73.36,7.322,66.833,0.2697962389221617
45.9,128.184567,37.916611,4309.646143200001,-73.619,7.335,65.279,0.2697962389221617
46.0,128.184793,37.916656,4309.797324,-73.869,7.363,63.745,0.2697962389221617
46.1,128.185018,37.916706,4310.0268384,-74.092,7.4,62.228,0.2697962389221617
46.2,128.185241,37.91676,4310.3313336,-74.284,7.445,60.728,0.2697962389221617
46.3,128.185463,37.916817,4310.7083712,-74.456,7.495,59.243,0.2697962389221617
46.4,128.185682,37.916879,4311.155208,-74.619,7.551,57.771,0.2697962389221617
46.5,128.1859,37.916945,4311.6700152,-74.778,7.612,56.312,0.2697962389221617
46.6,128.186115,37.917015,4312.2497448,-74.934,7.677,54.864,0.2697962389221617
46.7,128.186328,37.917089,4312.892568,-75.086,7.746,53.425,0.2697962389221617
46.8,128.186539,37.917167,4313.5963512,-75.237,7.818,51.995,0.2697962389221617
46.9,128.186747,37.917248,4314.359875200001,-75.392,7.892,50.573,0.2697962389221617
47.0,128.186953,37.917334,4315.1807016,-75.557,7.967,49.157,0.2697962389221617
47.1,128.187156,37.917423,4316.0576112,-75.736,8.042,47.747,0.2697962389221617
47.2,128.187356,37.917516,4316.98908,-75.937,8.116,46.342,0.2697962389221617
47.3,128.187553,37.917612,4317.9726696,-76.163,8.188,44.941,0.2697962389221617
47.4,128.187747,37.917712,4319.006856,-76.421,8.256,43.542,0.2697962389221617
47.5,128.187938,37.917816,4320.0898104,-76.715,8.32,42.145,0.2697962389221617
47.6,128.188126,37.917923,4321.2190944,-77.047,8.376,40.749,0.2697962389221617
47.7,128.18831,37.918034,4322.3922696,-77.424,8.424,39.353,0.2697962389221617
47.8,128.188491,37.918148,4323.6065928,-77.855,8.462,37.955,0.2697962389221617
47.9,128.188667,37.918265,4324.859016,-78.344,8.487,36.555,0.2697962389221617
48.0,128.188841,37.918386,4326.1455768000005,-78.888,8.497,35.151,0.2697962389221617
48.1,128.18901,37.918509,4327.4626176,-79.481,8.491,33.744,0.2697962389221617
48.2,128.189175,37.918636,4328.804956800001,-80.11,8.467,32.333,0.2697962389221617
48.3,128.189336,37.918766,4330.1677176,-80.764,8.424,30.917,0.2697962389221617
48.4,128.189493,37.918899,4331.5460232000005,-81.445,8.36,29.498,0.2697962389221617
48.5,128.189646,37.919035,4332.934387200001,-82.163,8.274,28.074,0.2697962389221617
48.6,128.189794,37.919174,4334.3273232,-82.939,8.164,26.645,0.2697962389221617
48.7,128.189937,37.919316,4335.7187352,-83.8,8.028,25.211,0.2697962389221617
48.8,128.190076,37.91946,4337.1019176,-84.775,7.862,23.771,0.2697962389221617
48.9,128.19021,37.919607,4338.4686408,-85.873,7.662,22.324,0.2697962389221617
49.0,128.190339,37.919757,4339.8100656,-87.1,7.425,20.87,0.2697962389221617
49.1,128.190463,37.919909,4341.115524,-88.469,7.144,19.408,0.2697962389221617
49.2,128.190581,37.920063,4342.3734336,-89.998,6.813,17.939,0.2697962389221617
49.3,128.190694,37.92022,4343.5700784,-91.697,6.427,16.463,0.2697962389221617
49.4,128.190802,37.920379,4344.6902184,-93.57,5.978,14.983,0.2697962389221617
49.5,128.190904,37.92054,4345.716784800001,-95.592,5.462,13.498,0.2697962389221617
49.6,128.191001,37.920704,4346.6317944,-97.721,4.874,12.014,0.2697962389221617
49.7,128.191092,37.920869,4347.4160448,-99.906,4.211,10.534,0.2697962389221617
49.8,128.191178,37.921036,4348.0506384,-102.071,3.473,9.063,0.2697962389221617
49.9,128.191258,37.921204,4348.5178968,-104.121,2.665,7.605,0.2697962389221617
50.0,128.191332,37.921374,4348.8013608,-105.981,1.792,6.165,0.2697962389221617
50.1,128.191402,37.921545,4348.8845712,-107.626,0.864,4.747,0.2697962389221617
50.2,128.191465,37.921718,4348.7525928000005,-109.083,-0.109,3.353,0.2697962389221617
50.3,128.191524,37.921892,4348.3904904,-110.412,-1.122,1.978,0.2697962389221617
50.4,128.191577,37.922067,4347.7839384,-111.689,-2.169,0.622,0.2697962389221617
50.5,128.191625,37.922242,4346.9189160000005,-112.984,-3.247,359.285,0.2697962389221617
50.6,128.191667,37.922419,4345.7814024,-114.357,-4.357,357.965,0.2697962389221617
50.7,128.191704,37.922595,4344.3567672,-115.853,-5.501,356.663,0.2697962389221617
50.8,128.191735,37.922773,4342.630075200001,-117.507,-6.685,355.38,0.2697962389221617
50.9,128.191761,37.92295,4340.585172,-119.35,-7.915,354.12,0.2697962389221617
51.0,128.191782,37.923128,4338.204684,-121.411,-9.198,352.886,0.2697962389221617
51.1,128.191797,37.923305,4335.4697136,-123.713,-10.543,351.684,0.2697962389221617
51.2,128.191807,37.923482,4332.3610584,-126.272,-11.956,350.52,0.2697962389221617
51.3,128.191812,37.923659,4328.8582968,-129.098,-13.444,349.404,0.2697962389221617
51.4,128.191812,37.923835,4324.9425312,-132.179,-15.015,348.347,0.2697962389221617
51.5,128.191808,37.92401,4320.596388,-135.471,-16.675,347.355,0.2697962389221617
51.6,128.191799,37.924184,4315.811332800001,-137.869,-18.375,346.384,0.2697962389221617
51.7,128.191788,37.924357,4310.6419248,-136.892,-20.006,345.342,0.2697962389221617
51.8,128.191773,37.924531,4305.1640592,-132.931,-21.521,344.24,0.2697962389221617
51.9,128.191757,37.924704,4299.4286376,-127.623,-22.896,343.11,0.2697962389221617
52.0,128.191738,37.924877,4293.3832344,-124.12,-24.163,342.017,0.2697962389221617
52.1,128.191714,37.925049,4286.9650608,-122.607,-25.283,340.889,0.2697962389221617
52.2,128.191686,37.925218,4280.13114,-122.871,-26.329,339.713,0.2697962389221617
52.3,128.191652,37.925386,4272.8790336,-124.576,-27.386,338.493,0.2697962389221617
52.4,128.191613,37.925551,4265.2066079999995,-127.363,-28.515,337.259,0.2697962389221617
52.5,128.19157,37.925714,4257.1047192000005,-130.904,-29.755,336.048,0.2697962389221617
52.6,128.191523,37.925875,4248.5617848,-134.933,-31.127,334.899,0.2697962389221617
52.7,128.191472,37.926032,4239.5729280000005,-138.126,-32.593,333.786,0.2697962389221617
52.8,128.191418,37.926188,4230.1878312,-137.815,-34.062,332.618,0.2697962389221617
52.9,128.191362,37.926343,4220.4747696,-134.384,-35.475,331.379,0.2697962389221617
53.0,128.191305,37.926497,4210.4691,-129.636,-36.797,330.11,0.2697962389221617
53.1,128.191245,37.926649,4200.1187016,-126.619,-38.037,328.863,0.2697962389221617
53.2,128.191181,37.926798,4189.3717584,-125.58,-39.173,327.565,0.2697962389221617
53.3,128.191113,37.926944,4178.2020576,-126.259,-40.271,326.203,0.2697962389221617
53.4,128.191042,37.927085,4166.6138664,-128.291,-41.408,324.793,0.2697962389221617
53.5,128.190967,37.927223,4154.6080992,-131.322,-42.633,323.377,0.2697962389221617
53.6,128.19089,37.927357,4142.1874992,-134.735,-43.963,321.985,0.2697962389221617
53.7,128.19081,37.927488,4129.3840704,-136.714,-45.343,320.563,0.2697962389221617
53.8,128.190729,37.927617,4116.248409600001,-135.364,-46.688,319.041,0.2697962389221617
53.9,128.190647,37.927744,4102.8113016,-131.747,-47.972,317.459,0.2697962389221617
54.0,128.190563,37.927868,4089.0258072,-128.198,-49.173,315.867,0.2697962389221617
54.1,128.190477,37.927988,4074.8498640000003,-126.457,-50.308,314.239,0.2697962389221617
54.2,128.190388,37.928102,4060.2764616000004,-126.373,-51.403,312.503,0.2697962389221617
54.3,128.190297,37.928213,4045.3184016,-127.619,-52.523,310.669,0.2697962389221617
54.4,128.190205,37.928318,4029.9811704000003,-129.865,-53.718,308.787,0.2697962389221617
54.5,128.190112,37.928418,4014.275436,-132.121,-54.985,306.855,0.2697962389221617
54.6,128.190018,37.928516,3998.2423464000003,-132.565,-56.277,304.822,0.2697962389221617
54.7,128.189923,37.92861,3981.9059808,-131.055,-57.567,302.716,0.2697962389221617
54.8,128.189828,37.9287,3965.2480511999997,-128.714,-58.826,300.57,0.2697962389221617
54.9,128.189733,37.928786,3948.258804,-126.411,-60.029,298.336,0.2697962389221617
55.0,128.189637,37.928867,3930.9394584,-124.637,-61.18,295.96,0.2697962389221617
55.1,128.189542,37.928943,3913.3006824000004,-123.432,-62.291,293.407,0.2697962389221617
55.2,128.189446,37.929015,3895.3561920000006,-122.589,-63.376,290.668,0.2697962389221617
55.3,128.189351,37.929081,3877.120008,-121.784,-64.445,287.745,0.2697962389221617
55.4,128.189256,37.929144,3858.6046272000003,-120.71,-65.495,284.641,0.2697962389221617
55.5,128.189163,37.929201,3839.8198032000005,-119.15,-66.519,281.35,0.2697962389221617
55.6,128.18907,37.929254,3820.7758992,-117.002,-67.5,277.856,0.2697962389221617
55.7,128.188978,37.929303,3801.4820592,-114.271,-68.421,274.139,0.2697962389221617
55.8,128.188888,37.929347,3781.9474272,-111.078,-69.266,270.182,0.2697962389221617
55.9,128.188799,37.929387,3762.1832808,-107.554,-70.019,265.97,0.2697962389221617
56.0,128.188712,37.929421,3742.2030312,-103.78,-70.668,261.496,0.2697962389221617
56.1,128.188626,37.929451,3722.0203944,-99.806,-71.204,256.775,0.2697962389221617
56.2,128.188543,37.929476,3701.6493912,-95.658,-71.62,251.839,0.2697962389221617
56.3,128.188461,37.929497,3681.104652,-91.421,-71.914,246.738,0.2697962389221617
56.4,128.188382,37.929512,3660.3998928,-87.208,-72.087,241.523,0.2697962389221617
56.5,128.188306,37.929523,3639.5494392000005,-83.118,-72.142,236.249,0.2697962389221617
56.6,128.188232,37.929528,3618.5670072000003,-79.171,-72.082,230.967,0.2697962389221617
56.7,128.18816,37.929529,3597.466008,-75.297,-71.909,225.734,0.2697962389221617
56.8,128.188092,37.929525,3576.2580239999998,-71.397,-71.626,220.611,0.2697962389221617
56.9,128.188026,37.929517,3554.9549424,-67.387,-71.233,215.666,0.2697962389221617
57.0,128.187964,37.929504,3533.5671264,-63.195,-70.724,210.972,0.2697962389221617
57.1,128.187904,37.929487,3512.1055488000006,-58.788,-70.099,206.596,0.2697962389221617
57.2,128.187848,37.929466,3490.5884976,-54.509,-69.385,202.548,0.2697962389221617
57.3,128.187795,37.929439,3469.0415760000005,-50.964,-68.605,198.78,0.2697962389221617
57.4,128.187746,37.929408,3447.4852056000004,-48.391,-67.761,195.241,0.2697962389221617
57.5,128.187701,37.929372,3425.9291399999997,-46.551,-66.85,191.9,0.2697962389221617
57.6,128.187659,37.929332,3404.3788656,-44.978,-65.883,188.749,0.2697962389221617
57.7,128.187621,37.929287,3382.8401736000005,-43.323,-64.874,185.786,0.2697962389221617
57.8,128.187587,37.929238,3361.3258656000003,-41.508,-63.835,183.007,0.2697962389221617
57.9,128.187557,37.929185,3339.856668,-39.739,-62.776,180.395,0.2697962389221617
58.0,128.187532,37.929127,3318.4566600000003,-38.334,-61.701,177.916,0.2697962389221617
58.1,128.187511,37.929066,3297.1483968,-37.496,-60.61,175.537,0.2697962389221617
58.2,128.187495,37.929,3275.9501664000004,-37.261,-59.504,173.223,0.2697962389221617
58.3,128.187483,37.92893,3254.8775136,-37.574,-58.393,170.941,0.2697962389221617
58.4,128.187478,37.928856,3233.9459832,-38.375,-57.287,168.659,0.2697962389221617
58.5,128.187477,37.928778,3213.1610616000003,-39.464,-56.189,166.367,0.2697962389221617
58.6,128.187482,37.928697,3192.516348,-40.297,-55.096,164.084,0.2697962389221617
58.7,128.187492,37.928614,3171.9993456,-40.03,-53.988,161.875,0.2697962389221617
58.8,128.187507,37.928529,3151.5792696,-37.79,-52.835,159.848,0.2697962389221617
58.9,128.187525,37.928441,3131.2491096000003,-33.58,-51.628,158.119,0.2697962389221617
59.0,128.187547,37.928351,3111.0366024,-28.837,-50.435,156.59,0.2697962389221617
59.1,128.187575,37.928259,3091.0383696,-26.915,-49.304,155.128,0.2697962389221617
59.2,128.187609,37.928163,3071.3400600000004,-27.74,-48.161,153.784,0.2697962389221617
59.3,128.187649,37.928064,3051.9657528000002,-30.592,-47.0,152.396,0.2697962389221617
59.4,128.187697,37.927962,3032.9075232000005,-34.787,-45.845,150.849,0.2697962389221617
59.5,128.187752,37.927857,3014.1495216,-39.796,-44.744,149.09,0.2697962389221617
59.6,128.187814,37.927751,2995.6698024,-45.237,-43.739,147.096,0.2697962389221617
59.7,128.187884,37.927644,2977.4320944,-50.772,-42.86,144.876,0.2697962389221617
59.8,128.18796,37.927537,2959.3824480000003,-55.745,-42.107,142.465,0.2697962389221617
59.9,128.188043,37.927429,2941.4583792,-59.192,-41.457,139.926,0.2697962389221617
60.0,128.188131,37.927323,2923.605024,-60.398,-40.883,137.358,0.2697962389221617
60.1,128.188224,37.927216,2905.7970840000003,-59.357,-40.346,134.868,0.2697962389221617
60.2,128.188323,37.927111,2888.050104,-56.675,-39.791,132.519,0.2697962389221617
60.3,128.188428,37.927006,2870.4162048000003,-53.748,-39.209,130.32,0.2697962389221617
60.4,128.18854,37.926903,2852.9648807999997,-51.973,-38.587,128.242,0.2697962389221617
60.5,128.18866,37.926802,2835.7083239999997,-51.11,-37.885,126.252,0.2697962389221617
60.6,128.188786,37.926702,2818.6459248,-50.734,-37.129,124.314,0.2697962389221617
60.7,128.188919,37.926604,2801.7813408,-50.639,-36.346,122.411,0.2697962389221617
60.8,128.189058,37.926508,2785.1179248000003,-50.719,-35.553,120.534,0.2697962389221617
60.9,128.189204,37.926414,2768.6602488000003,-50.909,-34.757,118.676,0.2697962389221617
61.0,128.189356,37.926323,2752.4113608,-51.165,-33.964,116.835,0.2697962389221617
61.1,128.189515,37.926235,2736.3749184000003,-51.463,-33.177,115.008,0.2697962389221617
61.2,128.189679,37.926149,2720.5542744,-51.787,-32.397,113.192,0.2697962389221617
61.3,128.189849,37.926066,2704.9527816,-52.131,-31.626,111.386,0.2697962389221617
61.4,128.190025,37.925986,2689.5728784000003,-52.484,-30.863,109.59,0.2697962389221617
61.5,128.190207,37.92591,2674.4170032,-52.835,-30.11,107.803,0.2697962389221617
61.6,128.190394,37.925837,2659.4869848000003,-53.17,-29.365,106.026,0.2697962389221617
61.7,128.190586,37.925768,2644.7840424,-53.471,-28.627,104.259,0.2697962389221617
61.8,128.190783,37.925703,2630.3097000000002,-53.723,-27.896,102.503,0.2697962389221617
61.9,128.190985,37.925642,2616.066396,-53.916,-27.17,100.759,0.2697962389221617
62.0,128.191191,37.925585,2602.0562640000003,-54.049,-26.447,99.03,0.2697962389221617
62.1,128.191402,37.925533,2588.282352,-54.121,-25.725,97.315,0.2697962389221617
62.2,128.191616,37.925485,2574.7486224,-54.153,-25.004,95.616,0.2697962389221617
62.3,128.191835,37.925441,2561.4608664,-54.19,-24.284,93.932,0.2697962389221617
62.4,128.192058,37.925402,2548.4254848000005,-54.293,-23.565,92.26,0.2697962389221617
62.5,128.192284,37.925369,2535.6467448,-54.485,-22.847,90.597,0.2697962389221617
62.6,128.192514,37.92534,2523.1270848000004,-54.762,-22.133,88.941,0.2697962389221617
62.7,128.192746,37.925316,2510.8689432,-55.125,-21.425,87.288,0.2697962389221617
62.8,128.192981,37.925297,2498.8744536,-55.583,-20.728,85.636,0.2697962389221617
62.9,128.193219,37.925284,2487.1439208,-56.137,-20.044,83.981,0.2697962389221617
63.0,128.19346,37.925276,2475.6767352,-56.785,-19.376,82.321,0.2697962389221617
63.1,128.193702,37.925273,2464.4710680000003,-57.52,-18.728,80.654,0.2697962389221617
63.2,128.193946,37.925276,2453.5244808,-58.338,-18.102,78.976,0.2697962389221617
63.3,128.194191,37.925285,2442.8327064,-59.236,-17.501,77.288,0.2697962389221617
63.4,128.194438,37.9253,2432.390868,-60.209,-16.928,75.586,0.2697962389221617
63.5,128.194686,37.92532,2422.1928696,-61.256,-16.386,73.87,0.2697962389221617
63.6,128.194934,37.925346,2412.2307864,-62.366,-15.878,72.14,0.2697962389221617
63.7,128.195182,37.925378,2402.4954744,-63.514,-15.405,70.394,0.2697962389221617
63.8,128.19543,37.925417,2392.9759608,-64.66,-14.967,68.634,0.2697962389221617
63.9,128.195678,37.92546,2383.6496904,-64.656,-14.467,66.909,0.2697962389221617
64.0,128.195926,37.925509,2374.488012,-62.787,-13.976,65.186,0.2697962389221617
64.1,128.196173,37.925564,2365.557372,-63.065,-13.584,63.466,0.2697962389221617
64.2,128.196418,37.925626,2356.8806304,-64.649,-13.163,61.772,0.2697962389221617
64.3,128.196662,37.925694,2348.4297456,-66.695,-12.767,60.042,0.2697962389221617
64.4,128.196904,37.925767,2340.167532,-67.662,-12.321,58.317,0.2697962389221617
64.5,128.197145,37.925845,2332.0372968,-64.921,-11.766,56.636,0.2697962389221617
64.6,128.197384,37.925929,2324.0652528,-61.71,-11.292,54.969,0.2697962389221617
64.7,128.197621,37.926018,2316.3471072,-62.021,-10.887,53.331,0.2697962389221617
64.8,128.197854,37.926113,2308.9337616000003,-64.989,-10.467,51.703,0.2697962389221617
64.9,128.198084,37.926215,2301.7709616,-68.952,-10.092,50.008,0.2697962389221617
65.0,128.198311,37.926323,2294.7907368,-71.744,-9.707,48.274,0.2697962389221617
65.1,128.198534,37.926436,2287.9223736,-70.09,-9.227,46.554,0.2697962389221617
65.2,128.198756,37.926552,2281.1518512000002,-65.509,-8.723,44.885,0.2697962389221617
65.3,128.198974,37.926673,2274.5550648000003,-61.326,-8.246,43.292,0.2697962389221617
65.4,128.199188,37.9268,2268.2356464,-61.078,-7.799,41.731,0.2697962389221617
65.5,128.199397,37.926933,2262.2637,-64.153,-7.34,40.162,0.2697962389221617
65.6,128.199599,37.927072,2256.6060024000003,-69.619,-6.974,38.49,0.2697962389221617
65.7,128.199795,37.927216,2251.1732472,-74.919,-6.644,36.738,0.2697962389221617
65.8,128.199986,37.927366,2245.8651552,-75.286,-6.272,34.939,0.2697962389221617
65.9,128.200174,37.927518,2240.632044,-71.624,-5.889,33.139,0.2697962389221617
66.0,128.200357,37.927675,2235.4912872,-66.107,-5.434,31.442,0.2697962389221617
66.1,128.200536,37.927835,2230.520304,-61.656,-4.902,29.872,0.2697962389221617
66.2,128.20071,37.928,2225.826384,-61.417,-4.343,28.361,0.2697962389221617
66.3,128.200875,37.92817,2221.479936,-64.561,-3.798,26.829,0.2697962389221617
66.4,128.201033,37.928344,2217.4449936,-70.169,-3.345,25.195,0.2697962389221617
66.5,128.201183,37.928522,2213.6331648,-75.606,-2.943,23.474,0.2697962389221617
66.6,128.201327,37.928704,2209.9459992,-76.06,-2.544,21.685,0.2697962389221617
66.7,128.201466,37.928889,2206.3399104,-73.261,-2.203,19.878,0.2697962389221617
66.8,128.201599,37.929077,2202.8411112,-69.596,-1.827,18.154,0.2697962389221617
66.9,128.201726,37.929267,2199.5038560000003,-66.983,-1.412,16.511,0.2697962389221617
67.0,128.201845,37.929461,2196.4092216,-67.52,-0.991,14.906,0.2697962389221617
67.1,128.201956,37.929658,2193.5895168,-71.048,-0.615,13.264,0.2697962389221617
67.2,128.202057,37.929857,2190.9782952,-75.002,-0.22,11.564,0.2697962389221617
67.3,128.202152,37.930059,2188.4917368,-75.171,0.199,9.815,0.2697962389221617
67.4,128.202241,37.930263,2186.0944848,-72.537,0.574,8.057,0.2697962389221617
67.5,128.202323,37.930468,2183.824944,-69.505,0.962,6.374,0.2697962389221617
67.6,128.202398,37.930675,2181.7443792,-68.155,1.36,4.75,0.2697962389221617
67.7,128.202464,37.930884,2179.912836,-70.005,1.732,3.124,0.2697962389221617
67.8,128.202521,37.931095,2178.2949576,-73.368,2.113,1.461,0.2697962389221617
67.9,128.202571,37.931306,2176.8096672,-75.219,2.509,359.755,0.2697962389221617
68.0,128.202615,37.931519,2175.4115496,-74.114,2.894,358.043,0.2697962389221617
68.1,128.202653,37.931732,2174.124684,-71.545,3.257,356.384,0.2697962389221617
68.2,128.202683,37.931947,2173.0014960000003,-69.51,3.629,354.787,0.2697962389221617
68.3,128.202705,37.932161,2172.0895344,-69.286,4.022,353.212,0.2697962389221617
68.4,128.202718,37.932376,2171.3881896000003,-70.518,4.444,351.622,0.2697962389221617
68.5,128.202723,37.932591,2170.8581424000004,-71.651,4.891,350.007,0.2697962389221617
68.6,128.202722,37.932805,2170.4661696000003,-71.477,5.347,348.386,0.2697962389221617
68.7,128.202714,37.93302,2170.2159288000003,-70.126,5.8,346.789,0.2697962389221617
68.8,128.202699,37.933235,2170.139424,-68.626,6.256,345.227,0.2697962389221617
68.9,128.202675,37.933448,2170.2695736,-67.86,6.732,343.688,0.2697962389221617
69.0,128.202645,37.933661,2170.6097304,-67.76,7.244,342.152,0.2697962389221617
69.1,128.202607,37.933873,2171.146788,-67.688,7.787,340.613,0.2697962389221617
69.2,128.202562,37.934084,2171.8700784000002,-67.115,8.355,339.082,0.2697962389221617
69.3,128.20251,37.934293,2172.7786872,-65.824,8.952,337.576,0.2697962389221617
69.4,128.202453,37.934502,2173.8869400000003,-63.983,9.585,336.11,0.2697962389221617
69.5,128.202388,37.934709,2175.214344,-61.869,10.27,334.69,0.2697962389221617
69.6,128.202318,37.934915,2176.7819304,-59.686,11.018,333.318,0.2697962389221617
69.7,128.202241,37.935119,2178.6058536,-57.488,11.834,331.995,0.2697962389221617
69.8,128.202159,37.935321,2180.6964768,-55.191,12.72,330.727,0.2697962389221617
69.9,128.202071,37.935521,2183.0629440000002,-52.653,13.677,329.52,0.2697962389221617
70.0,128.201978,37.93572,2185.7153136,-49.782,14.704,328.386,0.2697962389221617
70.1,128.201881,37.935917,2188.6648632,-46.539,15.805,327.339,0.2697962389221617
70.2,128.201779,37.936112,2191.9213464,-42.888,16.983,326.396,0.2697962389221617
70.3,128.201673,37.936305,2195.4929928,-38.798,18.239,325.576,0.2697962389221617
70.4,128.201564,37.936497,2199.3874224,-34.276,19.57,324.9,0.2697962389221617
70.5,128.201452,37.936687,2203.6055496,-29.264,20.949,324.412,0.2697962389221617
70.6,128.201337,37.936876,2208.1385352,-23.692,22.245,324.2,0.2697962389221617
70.7,128.201221,37.937064,2212.9781496,-17.615,23.334,324.305,0.2697962389221617
70.8,128.201103,37.937251,2218.1207352,-11.205,24.244,324.67,0.2697962389221617
70.9,128.200984,37.937436,2223.5531856000002,-4.476,25.012,325.287,0.2697962389221617
71.0,128.200864,37.937622,2229.2544696,2.628,25.644,326.234,0.2697962389221617
71.1,128.200743,37.937807,2235.1992888,10.274,26.077,327.564,0.2697962389221617
71.2,128.200623,37.937992,2241.380328,18.206,26.222,329.209,0.2697962389221617
71.3,128.200503,37.938176,2247.8591568,24.348,26.179,330.805,0.2697962389221617
71.4,128.200386,37.938361,2254.7211192,26.16,26.224,331.86,0.2697962389221617
71.5,128.200271,37.938545,2262.0177264000004,25.895,26.477,332.49,0.2697962389221617
71.6,128.200159,37.938729,2269.6230960000003,27.019,26.822,333.183,0.2697962389221617
71.7,128.200047,37.938913,2277.3866568000003,31.345,27.118,334.019,0.2697962389221617
71.8,128.199935,37.939098,2285.2251984,38.291,27.345,334.959,0.2697962389221617
71.9,128.199824,37.939283,2293.1320152000003,47.329,27.548,336.05,0.2697962389221617
72.0,128.199713,37.939469,2301.1153368,57.601,27.668,337.313,0.2697962389221617
72.1,128.199604,37.939655,2309.2099104000004,67.176,27.724,338.662,0.2697962389221617
72.2,128.199498,37.939843,2317.4136024,75.241,27.589,340.056,0.2697962389221617
72.3,128.199395,37.940031,2325.6809976,82.433,27.303,341.551,0.2697962389221617
72.4,128.199296,37.940221,2333.9944176000004,86.863,27.015,343.11,0.2697962389221617
72.5,128.199203,37.940412,2342.3340504000003,87.407,26.717,344.562,0.2697962389221617
72.6,128.199116,37.940604,2350.6873992,85.756,26.406,345.992,0.2697962389221617
72.7,128.199034,37.940797,2359.0599504,82.791,26.184,347.517,0.2697962389221617
72.8,128.198957,37.940991,2367.4632864,80.343,26.025,349.214,0.2697962389221617
72.9,128.198885,37.941186,2375.8971024,80.131,25.896,351.14,0.2697962389221617
73.0,128.198816,37.941382,2384.3519496,82.33,25.775,353.195,0.2697962389221617
73.1,128.198751,37.941578,2392.8250848000002,84.843,25.701,355.275,0.2697962389221617
73.2,128.198693,37.941775,2401.3168128,85.695,25.649,357.418,0.2697962389221617
73.3,128.198642,37.941972,2409.8173800000004,86.117,25.519,359.638,0.2697962389221617
73.4,128.198596,37.94217,2418.3094128000002,87.534,25.318,1.794,0.2697962389221617
73.5,128.198556,37.942367,2426.7807192,89.448,25.095,3.838,0.2697962389221617
73.6,128.198523,37.942565,2435.2172784,91.333,24.832,5.785,0.2697962389221617
73.7,128.198495,37.942762,2443.60446,93.228,24.505,7.657,0.2697962389221617
73.8,128.198473,37.942959,2451.927024,95.269,24.112,9.459,0.2697962389221617
73.9,128.198458,37.943156,2460.1660728,96.96,23.692,11.195,0.2697962389221617
74.0,128.19845,37.943352,2468.302404,97.317,23.292,12.884,0.2697962389221617
74.1,128.198449,37.943547,2476.3287024,96.151,22.916,14.552,0.2697962389221617
74.2,128.198455,37.943742,2484.258684,95.098,22.511,16.206,0.2697962389221617
74.3,128.198467,37.943936,2492.104236,95.851,22.066,17.833,0.2697962389221617
74.4,128.198483,37.944129,2499.8580432000003,97.943,21.607,19.401,0.2697962389221617
74.5,128.198505,37.944321,2507.4984648,99.7,21.167,20.908,0.2697962389221617
74.6,128.198535,37.944512,2514.997764,99.663,20.757,22.387,0.2697962389221617
74.7,128.198572,37.944702,2522.3556360000002,98.177,20.351,23.877,0.2697962389221617
74.8,128.198615,37.94489,2529.5934168000003,97.126,19.895,25.378,0.2697962389221617
74.9,128.198663,37.945077,2536.7278704,98.233,19.373,26.864,0.2697962389221617
75.0,128.198715,37.945263,2543.7568632,101.116,18.809,28.294,0.2697962389221617
75.1,128.198771,37.945448,2550.666984,105.136,18.162,29.636,0.2697962389221617
75.2,128.198832,37.945632,2557.4301912,108.273,17.52,30.923,0.2697962389221617
75.3,128.198899,37.945815,2563.9964976,106.853,17.005,32.211,0.2697962389221617
75.4,128.198973,37.945996,2570.3363375999998,101.681,16.579,33.51,0.2697962389221617
75.5,128.199056,37.946173,2576.4765336,95.049,16.246,34.855,0.2697962389221617
75.6,128.199145,37.946348,2582.4926760000003,90.531,15.98,36.285,0.2697962389221617
75.7,128.19924,37.94652,2588.4249984000003,87.921,15.889,37.785,0.2697962389221617
75.8,128.199341,37.94669,2594.299104,85.512,15.961,39.292,0.2697962389221617
75.9,128.199449,37.946857,2600.1369384,83.453,16.112,40.811,0.2697962389221617
76.0,128.199561,37.947021,2605.9543512,81.998,16.326,42.347,0.2697962389221617
76.1,128.199679,37.947182,2611.7650584,81.032,16.587,43.887,0.2697962389221617
76.2,128.199803,37.94734,2617.5800328000005,80.351,16.878,45.427,0.2697962389221617
76.3,128.199932,37.947495,2623.4068944,79.824,17.184,46.97,0.2697962389221617
76.4,128.200065,37.947646,2629.25052,79.447,17.495,48.517,0.2697962389221617
76.5,128.200203,37.947794,2635.1142624000004,79.274,17.8,50.065,0.2697962389221617
76.6,128.200346,37.947939,2640.9987312,79.386,18.089,51.612,0.2697962389221617
76.7,128.200493,37.948081,2646.9024024,79.864,18.351,53.155,0.2697962389221617
76.8,128.200644,37.948219,2652.8222280000005,80.719,18.574,54.69,0.2697962389221617
76.9,128.200799,37.948355,2658.7530263999997,81.92,18.744,56.214,0.2697962389221617
77.0,128.200958,37.948487,2664.6877872000005,83.418,18.85,57.727,0.2697962389221617
77.1,128.201121,37.948616,2670.6185855999997,85.141,18.884,59.226,0.2697962389221617
77.2,128.201287,37.948742,2676.5353632,87.013,18.839,60.709,0.2697962389221617
77.3,128.201456,37.948865,2682.4277568,88.96,18.714,62.174,0.2697962389221617
77.4,128.20163,37.948985,2688.2854032000005,90.959,18.507,63.619,0.2697962389221617
77.5,128.201806,37.949102,2694.0973296,93.043,18.216,65.038,0.2697962389221617
77.6,128.201986,37.949216,2699.852868,95.247,17.843,66.427,0.2697962389221617
77.7,128.202169,37.949328,2705.540436,97.582,17.387,67.78,0.2697962389221617
77.8,128.202355,37.949437,2711.148756,100.037,16.848,69.091,0.2697962389221617
77.9,128.202544,37.949543,2716.6662456000004,102.597,16.227,70.356,0.2697962389221617
78.0,128.202736,37.949647,2722.0797984000005,105.24,15.526,71.571,0.2697962389221617
78.1,128.202931,37.949748,2727.3650304000003,106.66,14.844,72.761,0.2697962389221617
78.2,128.203129,37.949845,2732.4774408000003,104.013,14.309,73.97,0.2697962389221617
78.3,128.203331,37.949937,2737.399656,98.147,13.911,75.206,0.2697962389221617
78.4,128.203537,37.950022,2742.1725192000004,91.589,13.624,76.485,0.2697962389221617
78.5,128.203746,37.950103,2746.8624768,88.393,13.388,77.734,0.2697962389221617
78.6,128.203957,37.95018,2751.4899504000005,88.478,13.243,78.939,0.2697962389221617
78.7,128.20417,37.950255,2756.0540256000004,91.205,13.1,80.299,0.2697962389221617
78.8,128.204385,37.950328,2760.5476920000006,95.733,12.855,81.722,0.2697962389221617
78.9,128.204603,37.950397,2764.9569288,101.192,12.442,83.07,0.2697962389221617
79.0,128.204822,37.950464,2769.251256,105.478,11.912,84.339,0.2697962389221617
79.1,128.205044,37.950527,2773.3803816,105.242,11.376,85.572,0.2697962389221617
79.2,128.205268,37.950584,2777.3074248000003,101.239,10.865,86.811,0.2697962389221617
79.3,128.205494,37.950635,2781.04092,94.662,10.489,88.109,0.2697962389221617
79.4,128.205721,37.950679,2784.6497520000003,87.984,10.268,89.497,0.2697962389221617
79.5,128.205951,37.950718,2788.1936616000003,85.094,10.161,90.929,0.2697962389221617
79.6,128.206181,37.950754,2791.6842312,85.653,10.145,92.338,0.2697962389221617
79.7,128.206413,37.950786,2795.1144504000004,88.873,10.109,93.763,0.2697962389221617
79.8,128.206646,37.950816,2798.4766992,93.875,9.945,95.173,0.2697962389221617
79.9,128.20688,37.950844,2801.7563472,99.777,9.585,96.535,0.2697962389221617
80.0,128.207116,37.950868,2804.925048,104.492,9.082,97.82,0.2697962389221617
80.1,128.207352,37.950888,2807.933424,104.585,8.553,99.064,0.2697962389221617
80.2,128.207589,37.950902,2810.7445944,100.786,8.032,100.304,0.2697962389221617
80.3,128.207826,37.950909,2813.3640456000003,94.304,7.644,101.595,0.2697962389221617
80.4,128.208062,37.95091,2815.8591384,87.617,7.411,102.972,0.2697962389221617
80.5,128.208299,37.950906,2818.2883944,84.639,7.292,104.439,0.2697962389221617
80.6,128.208535,37.950898,2820.6627864,85.09,7.284,105.944,0.2697962389221617
80.7,128.208773,37.950886,2822.9746944,88.17,7.258,107.422,0.2697962389221617
80.8,128.20901,37.950872,2825.2168032000004,93.003,7.105,108.841,0.2697962389221617
80.9,128.209248,37.950855,2827.3711296,97.806,6.816,110.187,0.2697962389221617
81.0,128.209485,37.950834,2829.4026215999997,99.612,6.457,111.471,0.2697962389221617
81.1,128.209722,37.950806,2831.2786656,97.515,6.087,112.75,0.2697962389221617
81.2,128.209956,37.950773,2833.0004808,92.437,5.789,114.072,0.2697962389221617
81.3,128.210189,37.950732,2834.6198832,86.464,5.611,115.471,0.2697962389221617
81.4,128.210419,37.950687,2836.1856408000003,82.994,5.539,116.948,0.2697962389221617
81.5,128.210649,37.950638,2837.7075072000002,82.872,5.562,118.465,0.2697962389221617
81.6,128.210879,37.950586,2839.175424,85.457,5.587,119.966,0.2697962389221617
81.7,128.211108,37.950531,2840.5832952,89.388,5.533,121.398,0.2697962389221617
81.8,128.211335,37.950471,2841.9207576000003,91.857,5.421,122.754,0.2697962389221617
81.9,128.211561,37.950407,2843.1734856,90.843,5.295,124.087,0.2697962389221617
82.0,128.211782,37.950336,2844.3500136000002,86.995,5.2,125.45,0.2697962389221617
82.1,128.212001,37.95026,2845.4835648,82.377,5.178,126.876,0.2697962389221617
82.2,128.212217,37.95018,2846.5939512,79.583,5.236,128.35,0.2697962389221617
82.3,128.212432,37.950097,2847.6735528000004,79.752,5.35,129.831,0.2697962389221617
82.4,128.212645,37.950011,2848.723284,81.98,5.467,131.264,0.2697962389221617
82.5,128.212857,37.94992,2849.7559464000005,83.898,5.565,132.627,0.2697962389221617
82.6,128.213064,37.949825,2850.7797696,83.65,5.653,133.967,0.2697962389221617
82.7,128.213267,37.949725,2851.806336,81.163,5.759,135.335,0.2697962389221617
82.8,128.213466,37.94962,2852.8475328000004,77.823,5.916,136.754,0.2697962389221617
82.9,128.213661,37.949512,2853.9106752000002,75.232,6.142,138.202,0.2697962389221617
83.0,128.213854,37.9494,2854.9933248,74.356,6.423,139.646,0.2697962389221617
83.1,128.214044,37.949285,2856.1024920000004,74.919,6.728,141.057,0.2697962389221617
83.2,128.214231,37.949166,2857.2573792000003,75.681,7.037,142.428,0.2697962389221617
83.3,128.214413,37.949043,2858.478408,75.398,7.35,143.779,0.2697962389221617
83.4,128.21459,37.948917,2859.7826472,73.712,7.687,145.142,0.2697962389221617
83.5,128.214763,37.948786,2861.1783264,71.134,8.076,146.529,0.2697962389221617
83.6,128.21493,37.948652,2862.6706272,68.532,8.533,147.928,0.2697962389221617
83.7,128.215094,37.948516,2864.2607688000003,66.65,9.056,149.318,0.2697962389221617
83.8,128.215254,37.948376,2865.9560664,65.708,9.625,150.683,0.2697962389221617
83.9,128.215409,37.948234,2867.777856,65.274,10.224,152.014,0.2697962389221617
84.0,128.21556,37.948088,2869.7557032000004,64.541,10.852,153.317,0.2697962389221617
84.1,128.215705,37.94794,2871.920088,62.917,11.519,154.607,0.2697962389221617
84.2,128.215844,37.94779,2874.2892984000005,60.424,12.246,155.892,0.2697962389221617
84.3,128.215978,37.947637,2876.8666872000003,57.607,13.047,157.171,0.2697962389221617
84.4,128.216107,37.947482,2879.6519496,55.1,13.922,158.428,0.2697962389221617
84.5,128.216231,37.947325,2882.65362,53.181,14.861,159.645,0.2697962389221617
84.6,128.216351,37.947166,2885.9000448,51.586,15.857,160.81,0.2697962389221617
84.7,128.216465,37.947006,2889.4326768,49.688,16.916,161.918,0.2697962389221617
84.8,128.216574,37.946845,2893.2963216,46.947,18.053,162.967,0.2697962389221617
84.9,128.216677,37.946683,2897.5257263999997,43.24,19.289,163.952,0.2697962389221617
85.0,128.216774,37.94652,2902.1343024000003,38.862,20.638,164.858,0.2697962389221617
85.1,128.216866,37.946357,2907.1223544,34.298,22.097,165.663,0.2697962389221617
85.2,128.216955,37.946194,2912.4874440000003,29.999,23.649,166.348,0.2697962389221617
85.3,128.217039,37.946032,2918.2426776,26.095,25.272,166.896,0.2697962389221617
85.4,128.21712,37.94587,2924.4258504000004,22.24,26.953,167.282,0.2697962389221617
85.5,128.217197,37.945709,2931.0704904,18.045,28.684,167.495,0.2697962389221617
85.6,128.21727,37.94555,2938.1784264,13.558,30.456,167.543,0.2697962389221617
85.7,128.217342,37.945392,2945.7469152,8.849,32.256,167.409,0.2697962389221617
85.8,128.217411,37.945237,2953.7698608,3.983,34.07,167.075,0.2697962389221617
85.9,128.217478,37.945084,2962.2381192000003,-0.992,35.882,166.519,0.2697962389221617
86.0,128.217544,37.944933,2971.1388888,-6.054,37.672,165.724,0.2697962389221617
86.1,128.21761,37.944785,2980.4560152,-11.192,39.414,164.678,0.2697962389221617
86.2,128.217676,37.94464,2990.1696864,-16.401,41.085,163.373,0.2697962389221617
86.3,128.217741,37.944499,3000.2573472,-21.69,42.665,161.807,0.2697962389221617
86.4,128.217808,37.94436,3010.6921752000003,-27.072,44.129,159.971,0.2697962389221617
86.5,128.217875,37.944225,3021.4443,-32.557,45.452,157.859,0.2697962389221617
86.6,128.217944,37.944094,3032.4774504,-38.156,46.611,155.479,0.2697962389221617
86.7,128.218015,37.943967,3043.7553552000004,-43.872,47.584,152.854,0.2697962389221617
86.8,128.218088,37.943843,3055.2426576000003,-49.697,48.352,150.023,0.2697962389221617
86.9,128.218163,37.943724,3066.9043056000005,-55.616,48.905,147.032,0.2697962389221617
87.0,128.21824,37.943608,3078.7049424,-61.607,49.239,143.938,0.2697962389221617
87.1,128.218321,37.943497,3090.6086016,-67.637,49.355,140.795,0.2697962389221617
87.2,128.218404,37.943389,3102.5735256000003,-73.349,49.273,137.663,0.2697962389221617
87.3,128.21849,37.943284,3114.5518608,-77.57,49.068,134.625,0.2697962389221617
87.4,128.218578,37.943181,3126.5173944,-79.91,48.814,131.751,0.2697962389221617
87.5,128.218668,37.943082,3138.4737840000003,-81.928,48.508,129.059,0.2697962389221617
87.6,128.218762,37.942987,3150.4185912000003,-84.408,48.165,126.516,0.2697962389221617
87.7,128.218859,37.942896,3162.3381,-87.499,47.779,124.057,0.2697962389221617
87.8,128.218959,37.942809,3174.2140224,-91.111,47.321,121.652,0.2697962389221617
87.9,128.219063,37.942725,3186.0280704,-95.12,46.766,119.297,0.2697962389221617
88.0,128.21917,37.942646,3197.7586032000004,-99.398,46.095,117.006,0.2697962389221617
88.1,128.219279,37.94257,3209.3858088,-103.678,45.302,114.795,0.2697962389221617
88.2,128.219392,37.942497,3220.8971904,-107.4,44.402,112.678,0.2697962389221617
88.3,128.219507,37.942427,3232.2872616000004,-110.18,43.42,110.676,0.2697962389221617
88.4,128.219625,37.942359,3243.5529744,-111.801,42.394,108.796,0.2697962389221617
88.5,128.219745,37.942293,3254.698596,-112.116,41.374,107.028,0.2697962389221617
88.6,128.219867,37.94223,3265.7256504,-111.305,40.405,105.36,0.2697962389221617
88.7,128.219991,37.942168,3276.6316992,-109.757,39.52,103.773,0.2697962389221617
88.8,128.220118,37.942109,3287.4167423999997,-107.892,38.739,102.24,0.2697962389221617
88.9,128.220247,37.942053,3298.0826088,-106.037,38.068,100.735,0.2697962389221617
89.0,128.220378,37.941999,3308.6335656,-104.413,37.5,99.241,0.2697962389221617
89.1,128.220511,37.941948,3319.072356,-103.524,37.003,97.755,0.2697962389221617
89.2,128.220645,37.941901,3329.3840448,-104.329,36.518,96.286,0.2697962389221617
89.3,128.220783,37.941858,3339.5512584,-106.607,36.011,94.813,0.2697962389221617
89.4,128.220922,37.941819,3349.5605856,-110.004,35.432,93.326,0.2697962389221617
89.5,128.221063,37.941784,3359.3952624000003,-114.123,34.737,91.845,0.2697962389221617
89.6,128.221206,37.941752,3369.0427920000006,-117.798,33.937,90.378,0.2697962389221617
89.7,128.221351,37.941723,3378.5248152,-119.096,33.085,88.913,0.2697962389221617
89.8,128.221497,37.941696,3387.8800416000004,-118.204,32.205,87.478,0.2697962389221617
89.9,128.221644,37.94167,3397.1200536,-116.386,31.327,86.112,0.2697962389221617
90.0,128.221793,37.941646,3406.2046176,-115.704,30.459,84.85,0.2697962389221617
90.1,128.221943,37.941626,3415.090452,-116.233,29.625,83.65,0.2697962389221617
90.2,128.222094,37.94161,3423.7489056000004,-117.834,28.793,82.472,0.2697962389221617
90.3,128.222247,37.941598,3432.1696152,-120.298,27.914,81.296,0.2697962389221617
90.4,128.2224,37.941589,3440.340084,-123.386,26.952,80.13,0.2697962389221617
90.5,128.222555,37.941584,3448.2453768,-126.878,25.884,78.996,0.2697962389221617
90.6,128.222711,37.941582,3455.8684248,-130.587,24.695,77.918,0.2697962389221617
90.7,128.222869,37.941583,3463.2025224,-133.658,23.412,76.888,0.2697962389221617
90.8,128.223027,37.941586,3470.2936944,-134.356,22.1,75.861,0.2697962389221617
90.9,128.223186,37.941591,3477.2044248,-132.913,20.796,74.838,0.2697962389221617
91.0,128.223346,37.941598,3483.9840912000004,-129.7,19.575,73.806,0.2697962389221617
91.1,128.223507,37.941605,3490.6241592,-125.82,18.472,72.792,0.2697962389221617
91.2,128.223668,37.941614,3497.0682408000002,-123.34,17.454,71.836,0.2697962389221617
91.3,128.22383,37.941626,3503.2611672,-122.389,16.531,70.898,0.2697962389221617
91.4,128.223993,37.941642,3509.1611808,-122.84,15.661,69.95,0.2697962389221617
91.5,128.224155,37.941661,3514.7609664,-124.454,14.781,68.977,0.2697962389221617
91.6,128.224317,37.941683,3520.0553424,-126.95,13.842,67.989,0.2697962389221617
91.7,128.224479,37.941709,3525.03486,-130.055,12.811,67.009,0.2697962389221617
91.8,128.224641,37.941738,3529.687632,-133.535,11.667,66.065,0.2697962389221617
91.9,128.224802,37.941769,3534.000552,-137.203,10.399,65.181,0.2697962389221617
92.0,128.224964,37.941803,3537.9595992,-140.925,9.009,64.375,0.2697962389221617
92.1,128.225125,37.94184,3541.5516672,-144.613,7.502,63.662,0.2697962389221617
92.2,128.225286,37.941879,3544.7782800000004,-147.551,5.915,63.017,0.2697962389221617
92.3,128.225447,37.941919,3547.7022263999997,-148.179,4.314,62.372,0.2697962389221617
92.4,128.225609,37.941961,3550.4006208,-146.711,2.735,61.712,0.2697962389221617
92.5,128.225772,37.942004,3552.9335088000003,-143.44,1.235,61.022,0.2697962389221617
92.6,128.225935,37.942048,3555.2868696,-139.408,-0.143,60.305,0.2697962389221617
92.7,128.226098,37.942093,3557.3857224000003,-136.606,-1.408,59.59,0.2697962389221617
92.8,128.22626,37.94214,3559.1544768,-135.136,-2.564,58.856,0.2697962389221617
92.9,128.226421,37.94219,3560.5376592000002,-134.903,-3.657,58.091,0.2697962389221617
93.0,128.226581,37.942243,3561.5310024,-135.727,-4.746,57.29,0.2697962389221617
93.1,128.226739,37.942297,3562.1375544,-137.392,-5.877,56.466,0.2697962389221617
93.2,128.226897,37.942354,3562.3557912,-139.683,-7.08,55.644,0.2697962389221617
93.3,128.227052,37.942413,3562.1820552000004,-142.409,-8.372,54.849,0.2697962389221617
93.4,128.227206,37.942474,3561.6111648,-145.414,-9.764,54.105,0.2697962389221617
93.5,128.227359,37.942536,3560.6364144000004,-148.577,-11.255,53.432,0.2697962389221617
93.6,128.22751,37.9426,3559.2514032000004,-151.828,-12.838,52.84,0.2697962389221617
93.7,128.227659,37.942666,3557.4607032000004,-154.808,-14.493,52.315,0.2697962389221617
93.8,128.227808,37.942732,3555.3286272,-156.392,-16.189,51.824,0.2697962389221617
93.9,128.227957,37.942799,3552.9325943999997,-155.746,-17.876,51.338,0.2697962389221617
94.0,128.228106,37.942867,3550.3207632,-153.329,-19.51,50.844,0.2697962389221617
94.1,128.228255,37.942936,3547.4212008000004,-150.545,-21.056,50.347,0.2697962389221617
94.2,128.228402,37.943006,3544.1467344000002,-148.733,-22.516,49.839,0.2697962389221617
94.3,128.228547,37.943077,3540.4345752000004,-147.956,-23.912,49.282,0.2697962389221617
94.4,128.22869,37.943149,3536.2831992,-148.135,-25.289,48.667,0.2697962389221617
94.5,128.22883,37.943222,3531.7002264,-149.138,-26.687,48.01,0.2697962389221617
94.6,128.228968,37.943295,3526.689924,-150.815,-28.129,47.341,0.2697962389221617
94.7,128.229103,37.94337,3521.2535112,-153.023,-29.628,46.692,0.2697962389221617
94.8,128.229236,37.943445,3515.3900736000005,-155.634,-31.193,46.092,0.2697962389221617
94.9,128.229367,37.94352,3509.0980872000005,-158.547,-32.823,45.569,0.2697962389221617
95.0,128.229495,37.943596,3502.3818192000003,-161.634,-34.523,45.143,0.2697962389221617
95.1,128.229621,37.943672,3495.260472,-164.562,-36.284,44.819,0.2697962389221617
95.2,128.229745,37.943747,3487.7733648,-166.821,-38.082,44.591,0.2697962389221617
95.3,128.229868,37.943823,3479.9503680000003,-168.106,-39.881,44.445,0.2697962389221617
95.4,128.22999,37.943898,3471.79392,-168.444,-41.651,44.36,0.2697962389221617
95.5,128.23011,37.943973,3463.279332,-168.19,-43.376,44.308,0.2697962389221617
95.6,128.230228,37.944047,3454.3770384,-167.837,-45.056,44.264,0.2697962389221617
95.7,128.230344,37.944121,3445.0650936,-167.797,-46.705,44.208,0.2697962389221617
95.8,128.230457,37.944194,3435.3377064,-168.27,-48.341,44.135,0.2697962389221617
95.9,128.230567,37.944266,3425.2009728000003,-169.255,-49.979,44.051,0.2697962389221617
96.0,128.230675,37.944337,3414.6676944,-170.636,-51.628,43.976,0.2697962389221617
96.1,128.23078,37.944406,3403.753416,-172.236,-53.289,43.934,0.2697962389221617
96.2,128.230883,37.944475,3392.4730728000004,-173.868,-54.958,43.95,0.2697962389221617
96.3,128.230984,37.944542,3380.8400760000004,-175.376,-56.627,44.037,0.2697962389221617
96.4,128.231082,37.944608,3368.8657032000006,-176.648,-58.287,44.201,0.2697962389221617
96.5,128.231178,37.944673,3356.5584888000003,-177.631,-59.931,44.438,0.2697962389221617
96.6,128.231272,37.944736,3343.9214807999997,-178.394,-61.553,44.739,0.2697962389221617
96.7,128.231364,37.944798,3330.9531552000003,-179.107,-63.152,45.1,0.2697962389221617
96.8,128.231452,37.944858,3317.6501592000004,179.97,-64.732,45.529,0.2697962389221617
96.9,128.231538,37.944915,3304.0103592,178.564,-66.302,46.057,0.2697962389221617
97.0,128.231621,37.944971,3290.0358888,176.477,-67.869,46.744,0.2697962389221617
97.1,128.2317,37.945024,3275.7349776,173.623,-69.439,47.676,0.2697962389221617
97.2,128.231777,37.945074,3261.1170744,169.915,-71.009,48.972,0.2697962389221617
97.3,128.23185,37.945121,3246.1919328000004,165.213,-72.566,50.794,0.2697962389221617
97.4,128.231921,37.945165,3230.9708304000005,159.338,-74.087,53.344,0.2697962389221617
97.5,128.231988,37.945206,3215.4687024,152.118,-75.54,56.871,0.2697962389221617
97.6,128.232053,37.945243,3199.6992648,143.547,-76.813,61.485,0.2697962389221617
97.7,128.232116,37.945276,3183.6765384,134.264,-77.695,66.618,0.2697962389221617
97.8,128.232177,37.945306,3167.414544,125.208,-78.129,71.364,0.2697962389221617
97.9,128.232237,37.945333,3150.9285216,116.675,-78.235,75.414,0.2697962389221617
98.0,128.232295,37.945356,3134.23554,108.461,-78.142,78.928,0.2697962389221617
98.1,128.232353,37.945375,3117.352668,100.263,-77.923,82.143,0.2697962389221617
98.2,128.23241,37.945391,3100.2960600000006,91.892,-77.612,85.188,0.2697962389221617
98.3,128.232468,37.945405,3083.0827848000004,83.304,-77.223,88.076,0.2697962389221617
98.4,128.232526,37.945415,3065.7289968,74.567,-76.761,90.73,0.2697962389221617
98.5,128.232585,37.945422,3048.249936,65.748,-76.232,93.085,0.2697962389221617
98.6,128.232644,37.945427,3030.6599280000005,56.824,-75.636,95.179,0.2697962389221617
98.7,128.232705,37.945429,3012.973908,47.737,-74.951,97.091,0.2697962389221617
98.8,128.232768,37.945429,2995.2074208000004,38.512,-74.144,98.832,0.2697962389221617
98.9,128.232833,37.945427,2977.3747920000005,29.392,-73.235,100.199,0.2697962389221617
99.0,128.2329,37.945423,2959.4900423999998,20.611,-72.331,100.976,0.2697962389221617
99.1,128.23297,37.945418,2941.5650592,12.121,-71.455,101.225,0.2697962389221617
99.2,128.233042,37.945412,2923.61112,3.761,-70.513,101.106,0.2697962389221617
99.3,128.233117,37.945405,2905.6379784000005,-4.507,-69.439,100.651,0.2697962389221617
99.4,128.233195,37.945397,2887.6566072,-12.595,-68.142,99.791,0.2697962389221617
99.5,128.233276,37.94539,2869.6648728,-19.946,-66.621,98.475,0.2697962389221617
99.6,128.23336,37.945383,2851.60974,-24.894,-64.967,96.84,0.2697962389221617
99.7,128.233445,37.945375,2833.4317728,-26.03,-63.303,95.158,0.2697962389221617
99.8,128.233531,37.945368,2815.0806792,-24.207,-61.86,93.77,0.2697962389221617
99.9,128.233617,37.945361,2796.5616408,-20.166,-60.733,92.828,0.2697962389221617
100.0,128.233704,37.945354,2777.8962984000004,-14.466,-59.807,92.283,0.2697962389221617
100.1,128.233792,37.945347,2759.1078168000004,-7.555,-58.816,92.033,0.2697962389221617
100.2,128.233882,37.94534,2740.238868,-0.427,-57.349,91.996,0.2697962389221617
100.3,128.233976,37.945333,2721.3909504000003,4.792,-55.531,92.213,0.2697962389221617
100.4,128.234075,37.945325,2702.6597712000003,7.032,-53.744,92.591,0.2697962389221617
100.5,128.234179,37.945317,2684.1453048000003,5.715,-52.014,92.942,0.2697962389221617
100.6,128.234291,37.945308,2665.9011960000003,1.599,-50.309,93.176,0.2697962389221617
100.7,128.234409,37.945299,2647.9490855999998,-4.367,-48.614,93.144,0.2697962389221617
100.8,128.234533,37.94529,2630.2904976,-11.004,-46.942,92.782,0.2697962389221617
100.9,128.234662,37.945282,2612.856852,-16.317,-45.306,92.138,0.2697962389221617
101.0,128.234796,37.945275,2595.5759112,-18.78,-43.719,91.3,0.2697962389221617
101.1,128.234932,37.945268,2578.4019552000004,-18.0,-42.193,90.412,0.2697962389221617
101.2,128.235072,37.945262,2561.324316,-14.46,-40.733,89.643,0.2697962389221617
101.3,128.235215,37.945257,2544.412488,-9.888,-39.35,89.07,0.2697962389221617
101.4,128.235363,37.945253,2527.7838192000004,-6.751,-38.027,88.64,0.2697962389221617
101.5,128.235516,37.945249,2511.5651064,-6.902,-36.716,88.259,0.2697962389221617
101.6,128.235675,37.945247,2495.8179192000002,-9.66,-35.372,87.878,0.2697962389221617
101.7,128.23584,37.945246,2480.4828216,-13.468,-33.979,87.419,0.2697962389221617
101.8,128.236008,37.945246,2465.4848328000003,-16.549,-32.563,86.854,0.2697962389221617
101.9,128.23618,37.945248,2450.7541536000003,-17.394,-31.149,86.239,0.2697962389221617
102.0,128.236355,37.94525,2436.1987344000004,-15.073,-29.745,85.681,0.2697962389221617
102.1,128.236532,37.945254,2421.8554560000002,-11.271,-28.398,85.218,0.2697962389221617
102.2,128.236713,37.945258,2407.8812904,-8.873,-27.121,84.819,0.2697962389221617
102.3,128.236899,37.945264,2394.4225416,-9.232,-25.858,84.446,0.2697962389221617
102.4,128.237089,37.945272,2381.5048128000003,-11.813,-24.553,84.058,0.2697962389221617
102.5,128.237282,37.945281,2369.0512944,-14.825,-23.194,83.619,0.2697962389221617
102.6,128.237479,37.945291,2356.9489056,-16.525,-21.81,83.112,0.2697962389221617
102.7,128.237678,37.945303,2345.1827112,-16.898,-20.451,82.55,0.2697962389221617
102.8,128.23788,37.945317,2333.7886776,-16.456,-19.127,81.981,0.2697962389221617
102.9,128.238084,37.945332,2322.8222784,-15.997,-17.83,81.412,0.2697962389221617
103.0,128.238292,37.945349,2312.33472,-16.164,-16.54,80.841,0.2697962389221617
103.1,128.238502,37.945368,2302.341852,-17.07,-15.239,80.258,0.2697962389221617
103.2,128.238714,37.945389,2292.8336160000003,-18.47,-13.926,79.646,0.2697962389221617
103.3,128.238928,37.945412,2283.787152,-19.957,-12.609,78.992,0.2697962389221617
103.4,128.239144,37.945437,2275.1838672000003,-21.211,-11.301,78.296,0.2697962389221617
103.5,128.239362,37.945464,2267.0240664000003,-22.169,-10.01,77.562,0.2697962389221617
103.6,128.239581,37.945493,2259.3214656,-22.99,-8.738,76.797,0.2697962389221617
103.7,128.239802,37.945525,2252.0946576,-23.909,-7.484,76.002,0.2697962389221617
103.8,128.240023,37.945559,2245.3616256,-25.138,-6.242,75.171,0.2697962389221617
103.9,128.240245,37.945596,2239.132428,-26.797,-5.014,74.292,0.2697962389221617
104.0,128.240468,37.945635,2233.4116368,-28.914,-3.803,73.349,0.2697962389221617
104.1,128.240691,37.945678,2228.1968136,-31.464,-2.619,72.328,0.2697962389221617
104.2,128.240914,37.945724,2223.4818624,-34.411,-1.474,71.213,0.2697962389221617
104.3,128.241137,37.945773,2219.2542864,-37.708,-0.382,69.994,0.2697962389221617
104.4,128.241358,37.945825,2215.493664,-41.282,0.641,68.663,0.2697962389221617
104.5,128.241579,37.945882,2212.1658576,-44.977,1.587,67.223,0.2697962389221617
104.6,128.241799,37.945942,2209.223928,-48.484,2.447,65.684,0.2697962389221617
104.7,128.242017,37.946005,2206.6245936,-51.531,3.216,64.065,0.2697962389221617
104.8,128.242233,37.946073,2204.3270112,-53.862,3.903,62.395,0.2697962389221617
104.9,128.242448,37.946144,2202.2967384,-55.28,4.526,60.704,0.2697962389221617
105.0,128.242661,37.946219,2200.524936,-55.955,5.101,59.021,0.2697962389221617
105.1,128.242872,37.946297,2199.0152616,-56.202,5.65,57.363,0.2697962389221617
105.2,128.243081,37.946379,2197.7698488,-56.274,6.192,55.736,0.2697962389221617
105.3,128.243287,37.946465,2196.7886976,-56.305,6.74,54.138,0.2697962389221617
105.4,128.24349,37.946555,2196.073332,-56.414,7.297,52.566,0.2697962389221617
105.5,128.243691,37.946648,2195.623752,-56.7,7.861,51.013,0.2697962389221617
105.6,128.243888,37.946746,2195.437824,-57.202,8.426,49.472,0.2697962389221617
105.7,128.244082,37.946846,2195.5082328,-57.885,8.987,47.934,0.2697962389221617
105.8,128.244272,37.94695,2195.8243104000003,-58.647,9.538,46.396,0.2697962389221617
105.9,128.24446,37.947058,2196.3732552,-59.372,10.076,44.857,0.2697962389221617
106.0,128.244643,37.947169,2197.1456184000003,-59.974,10.599,43.32,0.2697962389221617
106.1,128.244823,37.947282,2198.1331704,-60.424,11.108,41.789,0.2697962389221617
106.2,128.245,37.947399,2199.331644,-60.743,11.608,40.265,0.2697962389221617
106.3,128.245172,37.947519,2200.7376864000003,-60.979,12.102,38.752,0.2697962389221617
106.4,128.24534,37.947642,2202.3488592000003,-61.174,12.594,37.248,0.2697962389221617
106.5,128.245505,37.947768,2204.1627240000003,-61.364,13.084,35.753,0.2697962389221617
106.6,128.245665,37.947897,2206.1771472,-61.578,13.574,34.265,0.2697962389221617
106.7,128.24582,37.948028,2208.3893856000004,-61.834,14.063,32.782,0.2697962389221617
106.8,128.245971,37.948161,2210.7960864,-62.138,14.548,31.302,0.2697962389221617
106.9,128.246118,37.948298,2213.3945064,-62.494,15.028,29.823,0.2697962389221617
107.0,128.24626,37.948436,2216.1815976000003,-62.923,15.501,28.343,0.2697962389221617
107.1,128.246397,37.948577,2219.1546168,-63.441,15.962,26.86,0.2697962389221617
107.2,128.246529,37.94872,2222.3092968,-64.05,16.41,25.37,0.2697962389221617
107.3,128.246657,37.948865,2225.6416752,-64.766,16.84,23.87,0.2697962389221617
107.4,128.246779,37.949012,2229.1483992000003,-65.653,17.249,22.357,0.2697962389221617
107.5,128.246896,37.94916,2232.8224584000004,-66.7,17.635,20.827,0.2697962389221617
107.6,128.247007,37.949311,2236.6540992,-67.867,17.994,19.278,0.2697962389221617
107.7,128.247113,37.949463,2240.6332632,-69.105,18.32,17.709,0.2697962389221617
107.8,128.247214,37.949617,2244.7501968,-70.398,18.61,16.12,0.2697962389221617
107.9,128.247308,37.949772,2248.9951464,-71.757,18.863,14.512,0.2697962389221617
108.0,128.247397,37.949929,2253.3571392000003,-73.202,19.075,12.885,0.2697962389221617
108.1,128.24748,37.950087,2257.8252024000003,-74.756,19.245,11.239,0.2697962389221617
108.2,128.247558,37.950246,2262.3871440000003,-76.46,19.37,9.572,0.2697962389221617
108.3,128.247628,37.950406,2267.0283335999998,-78.312,19.446,7.885,0.2697962389221617
108.4,128.247693,37.950568,2271.729264,-80.156,19.473,6.177,0.2697962389221617
108.5,128.247752,37.95073,2276.4701232,-81.691,19.453,4.457,0.2697962389221617
108.6,128.247806,37.950893,2281.2356712,-82.746,19.393,2.736,0.2697962389221617
108.7,128.247854,37.951056,2286.0161544000002,-83.281,19.31,1.028,0.2697962389221617
108.8,128.247896,37.95122,2290.8070008,-83.361,19.221,359.34,0.2697962389221617
108.9,128.247933,37.951385,2295.6060768,-83.126,19.138,357.675,0.2697962389221617
109.0,128.247964,37.95155,2300.4139920000002,-82.713,19.075,356.032,0.2697962389221617
109.1,128.24799,37.951715,2305.2325752,-82.208,19.041,354.409,0.2697962389221617
109.2,128.24801,37.951881,2310.0636552,-81.658,19.038,352.803,0.2697962389221617
109.3,128.248024,37.952046,2314.9090608,-81.077,19.069,351.214,0.2697962389221617
109.4,128.248033,37.952211,2319.7718400000003,-80.451,19.133,349.642,0.2697962389221617
109.5,128.248037,37.952376,2324.6541264,-79.756,19.229,348.087,0.2697962389221617
109.6,128.248036,37.95254,2329.5589680000003,-78.98,19.359,346.552,0.2697962389221617
109.7,128.248029,37.952705,2334.490632,-78.114,19.523,345.037,0.2697962389221617
109.8,128.248017,37.952868,2339.4530808,-77.144,19.723,343.544,0.2697962389221617
109.9,128.248001,37.953031,2344.4502768,-76.051,19.961,342.075,0.2697962389221617
110.0,128.247979,37.953193,2349.4874016000003,-74.821,20.24,340.632,0.2697962389221617
110.1,128.247954,37.953355,2354.5702464,-73.459,20.563,339.219,0.2697962389221617
110.2,128.247923,37.953515,2359.7046024,-71.973,20.931,337.838,0.2697962389221617
110.3,128.247889,37.953675,2364.8971752,-70.369,21.347,336.492,0.2697962389221617
110.4,128.24785,37.953833,2370.153756,-68.644,21.813,335.184,0.2697962389221617
110.5,128.247807,37.953991,2375.4804408,-66.794,22.33,333.917,0.2697962389221617
110.6,128.24776,37.954147,2380.8836304,-64.819,22.899,332.696,0.2697962389221617
110.7,128.24771,37.954302,2386.3685064,-62.716,23.52,331.526,0.2697962389221617
110.8,128.247657,37.954456,2391.9399456,-60.482,24.194,330.411,0.2697962389221617
110.9,128.2476,37.954609,2397.6028248000002,-58.108,24.92,329.358,0.2697962389221617
111.0,128.24754,37.954761,2403.360192,-55.592,25.697,328.374,0.2697962389221617
111.1,128.247478,37.954911,2409.2160096000002,-52.949,26.524,327.465,0.2697962389221617
111.2,128.247413,37.95506,2415.1724112,-50.186,27.395,326.639,0.2697962389221617
111.3,128.247346,37.955209,2421.2284824,-47.29,28.304,325.903,0.2697962389221617
111.4,128.247277,37.955356,2427.3820896,-44.255,29.244,325.266,0.2697962389221617
111.5,128.247206,37.955502,2433.6353664000003,-41.137,30.21,324.731,0.2697962389221617
111.6,128.247133,37.955647,2439.9965424,-38.09,31.192,324.3,0.2697962389221617
111.7,128.247059,37.95579,2446.4738472,-35.24,32.187,323.968,0.2697962389221617
111.8,128.246983,37.955933,2453.0742912,-32.657,33.19,323.725,0.2697962389221617
111.9,128.246906,37.956074,2459.8039704000003,-30.358,34.193,323.56,0.2697962389221617
112.0,128.246828,37.956214,2466.6677616,-28.318,35.189,323.46,0.2697962389221617
112.1,128.246749,37.956353,2473.6690176,-26.487,36.172,323.413,0.2697962389221617
112.2,128.246669,37.956491,2480.8107864000003,-24.8,37.137,323.41,0.2697962389221617
112.3,128.246588,37.956627,2488.0936776000003,-23.195,38.084,323.442,0.2697962389221617
112.4,128.246506,37.956762,2495.5176912,-21.615,39.011,323.506,0.2697962389221617
112.5,128.246425,37.956895,2503.0825224,-20.019,39.92,323.6,0.2697962389221617
112.6,128.246342,37.957027,2510.7875616,-18.379,40.811,323.727,0.2697962389221617
112.7,128.24626,37.957158,2518.6312848000002,-16.675,41.67,323.894,0.2697962389221617
112.8,128.246177,37.957287,2526.6115584,-14.89,42.445,324.126,0.2697962389221617
112.9,128.246094,37.957415,2534.7262488000006,-13.015,43.089,324.441,0.2697962389221617
113.0,128.246011,37.957542,2542.9716984,-11.058,43.64,324.824,0.2697962389221617
113.1,128.245928,37.957667,2551.3454688,-9.032,44.189,325.248,0.2697962389221617
113.2,128.245846,37.957792,2559.8463408000002,-6.939,44.777,325.703,0.2697962389221617
113.3,128.245763,37.957915,2568.4737048,-4.779,45.4,326.195,0.2697962389221617
113.4,128.245681,37.958037,2577.2266464000004,-2.559,46.054,326.727,0.2697962389221617
113.5,128.245599,37.958158,2586.1042512,-0.291,46.736,327.307,0.2697962389221617
113.6,128.245518,37.958278,2595.1056048,2.01,47.46,327.936,0.2697962389221617
113.7,128.245437,37.958397,2604.2297928,4.332,48.244,328.622,0.2697962389221617
113.8,128.245357,37.958516,2613.4777296,6.653,49.067,329.368,0.2697962389221617
113.9,128.245278,37.958633,2622.8494152,8.948,49.869,330.169,0.2697962389221617
114.0,128.245199,37.958749,2632.3445447999998,11.192,50.627,331.022,0.2697962389221617
114.1,128.245122,37.958864,2641.9615943999997,13.375,51.342,331.925,0.2697962389221617
114.2,128.245046,37.958978,2651.7066600000003,15.418,52.013,332.868,0.2697962389221617
114.3,128.244971,37.959091,2661.5971151999997,17.083,52.65,333.839,0.2697962389221617
114.4,128.244898,37.959203,2671.6482,18.214,53.268,334.829,0.2697962389221617
114.5,128.244826,37.959314,2681.8669248,18.837,53.887,335.827,0.2697962389221617
114.6,128.244757,37.959422,2692.2590808,19.012,54.522,336.813,0.2697962389221617
114.7,128.24469,37.95953,2702.8347264,18.758,55.183,337.766,0.2697962389221617
114.8,128.244625,37.959636,2713.6036152,18.109,55.884,338.67,0.2697962389221617
114.9,128.244562,37.959739,2724.5596511999997,17.287,56.636,339.523,0.2697962389221617
115.0,128.244502,37.959842,2735.6833272,16.692,57.439,340.33,0.2697962389221617
115.1,128.244443,37.959943,2746.9563552000004,16.661,58.279,341.102,0.2697962389221617
115.2,128.244385,37.960042,2758.3674576000003,17.307,59.135,341.856,0.2697962389221617
115.3,128.24433,37.96014,2769.9114528000005,18.58,59.989,342.622,0.2697962389221617
115.4,128.244276,37.960236,2781.5874264,20.32,60.828,343.434,0.2697962389221617
115.5,128.244224,37.96033,2793.4002552,22.247,61.647,344.321,0.2697962389221617
115.6,128.244175,37.960423,2805.354816,24.063,62.45,345.305,0.2697962389221617
115.7,128.244127,37.960514,2817.4492800000003,25.648,63.247,346.403,0.2697962389221617
115.8,128.244082,37.960604,2829.6726744,27.079,64.042,347.629,0.2697962389221617
115.9,128.244039,37.960691,2842.0112832,28.539,64.833,348.979,0.2697962389221617
116.0,128.243997,37.960777,2854.4516952,30.222,65.61,350.449,0.2697962389221617
116.1,128.243958,37.960862,2866.9814136,32.293,66.359,352.033,0.2697962389221617
116.2,128.24392,37.960946,2879.5876368000004,34.884,67.066,353.736,0.2697962389221617
116.3,128.243884,37.961028,2892.257868,38.082,67.713,355.566,0.2697962389221617
116.4,128.243849,37.96111,2904.9814392000003,41.894,68.283,357.527,0.2697962389221617
116.5,128.243816,37.96119,2917.7510352000004,46.21,68.761,359.615,0.2697962389221617
116.6,128.243784,37.96127,2930.5629984,50.844,69.134,1.82,0.2697962389221617
116.7,128.243753,37.961349,2943.4158048000004,55.572,69.398,4.125,0.2697962389221617
116.8,128.243724,37.961427,2956.3076256000004,60.209,69.553,6.512,0.2697962389221617
116.9,128.243697,37.961505,2969.235108,64.62,69.603,8.955,0.2697962389221617
117.0,128.243671,37.961581,2982.1964232000005,68.716,69.557,11.418,0.2697962389221617
117.1,128.243647,37.961657,2995.1888280000003,72.457,69.426,13.865,0.2697962389221617
117.2,128.243625,37.961733,3008.2101888,75.845,69.224,16.26,0.2697962389221617
117.3,128.243604,37.961808,3021.2580672,78.914,68.965,18.579,0.2697962389221617
117.4,128.243586,37.961882,3034.3300248,81.718,68.662,20.807,0.2697962389221617
117.5,128.243569,37.961955,3047.4230136,84.323,68.326,22.936,0.2697962389221617
117.6,128.243554,37.962028,3060.5339856,86.791,67.965,24.968,0.2697962389221617
117.7,128.243541,37.9621,3073.6598928,89.179,67.584,26.906,0.2697962389221617
117.8,128.24353,37.962172,3086.7970776,91.529,67.185,28.758,0.2697962389221617
117.9,128.24352,37.962244,3099.9418824000004,93.867,66.769,30.528,0.2697962389221617
118.0,128.243513,37.962314,3113.0909544,96.207,66.334,32.222,0.2697962389221617
118.1,128.243508,37.962385,3126.2415504,98.547,65.88,33.843,0.2697962389221617
118.2,128.243504,37.962454,3139.3900128,100.879,65.403,35.392,0.2697962389221617
118.3,128.243503,37.962524,3152.5339032,103.186,64.901,36.872,0.2697962389221617
118.4,128.243503,37.962593,3165.6695640000003,105.452,64.374,38.282,0.2697962389221617
118.5,128.243506,37.962661,3178.7939472,107.659,63.82,39.623,0.2697962389221617
118.6,128.24351,37.962729,3191.9043096000005,109.796,63.239,40.894,0.2697962389221617
118.7,128.243517,37.962797,3204.9972984000005,111.851,62.632,42.098,0.2697962389221617
118.8,128.243525,37.962864,3218.0689512,113.807,62.002,43.234,0.2697962389221617
118.9,128.243536,37.962931,3231.114696,115.608,61.35,44.309,0.2697962389221617
119.0,128.243549,37.962998,3244.1305704,117.211,60.68,45.33,0.2697962389221617
119.1,128.243565,37.963064,3257.1113928,118.615,59.994,46.309,0.2697962389221617
119.2,128.243582,37.963129,3270.0535056000003,119.849,59.292,47.257,0.2697962389221617
119.3,128.243602,37.963195,3282.9529464,120.956,58.58,48.181,0.2697962389221617
119.4,128.243625,37.96326,3295.8060576000003,121.977,57.858,49.084,0.2697962389221617
119.5,128.24365,37.963325,3308.6088768,122.945,57.131,49.971,0.2697962389221617
119.6,128.243677,37.963389,3321.3574416,123.89,56.398,50.844,0.2697962389221617
119.7,128.243706,37.963453,3334.0480944,124.833,55.66,51.703,0.2697962389221617
119.8,128.243739,37.963517,3346.6768728,125.786,54.917,52.547,0.2697962389221617
119.9,128.243773,37.96358,3359.240424,126.757,54.166,53.377,0.2697962389221617
120.0,128.24381,37.963643,3371.7344808,127.744,53.407,54.19,0.2697962389221617
120.1,128.24385,37.963705,3384.1550807999997,128.739,52.638,54.985,0.2697962389221617
120.2,128.243892,37.963767,3396.4979568000003,129.724,51.858,55.762,0.2697962389221617
120.3,128.243936,37.963829,3408.758232,130.683,51.067,56.521,0.2697962389221617
120.4,128.243984,37.963891,3420.9322488000003,131.606,50.263,57.262,0.2697962389221617
120.5,128.244033,37.963952,3433.0154352000004,132.489,49.446,57.986,0.2697962389221617
120.6,128.244085,37.964013,3444.9955992,132.888,48.632,58.716,0.2697962389221617
120.7,128.244141,37.964073,3456.8340312,131.783,47.852,59.498,0.2697962389221617
120.8,128.244201,37.964132,3468.5087856,129.981,47.075,60.326,0.2697962389221617
120.9,128.244264,37.96419,3480.0518664,129.166,46.257,61.204,0.2697962389221617
121.0,128.244329,37.964248,3491.4977160000003,129.402,45.414,62.148,0.2697962389221617
121.1,128.244397,37.964305,3502.8487728,130.348,44.57,63.121,0.2697962389221617
121.2,128.244467,37.964362,3514.0949784000004,131.716,43.73,64.079,0.2697962389221617
121.3,128.244539,37.964419,3525.2277984,133.27,42.886,64.995,0.2697962389221617
121.4,128.244614,37.964474,3536.2390032000003,134.836,42.03,65.856,0.2697962389221617
121.5,128.244691,37.96453,3547.1212776,136.301,41.155,66.661,0.2697962389221617
121.6,128.244772,37.964584,3557.8627344,137.446,40.26,67.419,0.2697962389221617
121.7,128.244855,37.964638,3568.4304552000003,137.746,39.36,68.159,0.2697962389221617
121.8,128.244941,37.964691,3578.8046280000003,136.956,38.458,68.913,0.2697962389221617
121.9,128.245031,37.964743,3588.992568,135.597,37.545,69.696,0.2697962389221617
122.0,128.245123,37.964794,3599.0217072000005,134.594,36.607,70.503,0.2697962389221617
122.1,128.245217,37.964844,3608.9103336000003,134.392,35.657,71.328,0.2697962389221617
122.2,128.245314,37.964894,3618.6529608,134.817,34.71,72.161,0.2697962389221617
122.3,128.245413,37.964942,3628.2422736000003,135.655,33.771,72.988,0.2697962389221617
122.4,128.245515,37.96499,3637.6712616000004,136.724,32.83,73.793,0.2697962389221617
122.5,128.245619,37.965038,3646.9320000000002,137.852,31.882,74.567,0.2697962389221617
122.6,128.245725,37.965084,3656.0138208000003,138.805,30.923,75.311,0.2697962389221617
122.7,128.245834,37.965129,3664.9020936,139.306,29.954,76.035,0.2697962389221617
122.8,128.245945,37.965173,3673.5861504000004,139.226,28.977,76.751,0.2697962389221617
122.9,128.246059,37.965216,3682.0650768,138.656,27.992,77.47,0.2697962389221617
123.0,128.246175,37.965258,3690.3455784000002,137.867,26.999,78.198,0.2697962389221617
123.1,128.246293,37.965299,3698.4367991999998,137.177,26.002,78.937,0.2697962389221617
123.2,128.246414,37.96534,3706.34514,136.811,25.006,79.684,0.2697962389221617
123.3,128.246536,37.965379,3714.0696864,136.813,24.015,80.434,0.2697962389221617
123.4,128.246661,37.965417,3721.6055616000003,137.103,23.031,81.18,0.2697962389221617
123.5,128.246787,37.965454,3728.9454504000005,137.544,22.051,81.917,0.2697962389221617
123.6,128.246916,37.96549,3736.0823424,137.994,21.072,82.643,0.2697962389221617
123.7,128.247047,37.965525,3743.0092272,138.337,20.089,83.357,0.2697962389221617
123.8,128.247179,37.965558,3749.7206184,138.503,19.099,84.061,0.2697962389221617
123.9,128.247314,37.965591,3756.2131632,138.468,18.103,84.758,0.2697962389221617
124.0,128.24745,37.965622,3762.4841184,138.246,17.102,85.455,0.2697962389221617
124.1,128.247588,37.965652,3768.5337888000004,137.907,16.096,86.153,0.2697962389221617
124.2,128.247728,37.96568,3774.3646128,137.563,15.087,86.853,0.2697962389221617
124.3,128.24787,37.965708,3779.9778096000005,137.301,14.078,87.557,0.2697962389221617
124.4,128.248013,37.965734,3785.3724647999998,137.155,13.07,88.263,0.2697962389221617
124.5,128.248158,37.965759,3790.5467496,137.132,12.063,88.968,0.2697962389221617
124.6,128.248305,37.965782,3795.49914,137.226,11.057,89.669,0.2697962389221617
124.7,128.248453,37.965805,3800.226588,137.406,10.049,90.364,0.2697962389221617
124.8,128.248602,37.965826,3804.7251312,137.629,9.038,91.052,0.2697962389221617
124.9,128.248753,37.965846,3808.991112,137.848,8.023,91.731,0.2697962389221617
125.0,128.248906,37.965864,3813.0208728000002,138.032,7.002,92.402,0.2697962389221617
125.1,128.249059,37.965881,3816.81228,138.168,5.974,93.065,0.2697962389221617
125.2,128.249214,37.965896,3820.3628952,138.265,4.94,93.721,0.2697962389221617
125.3,128.249371,37.965911,3823.671804,138.346,3.899,94.372,0.2697962389221617
125.4,128.249528,37.965924,3826.7374824000003,138.441,2.851,95.016,0.2697962389221617
125.5,128.249687,37.965935,3829.5593208000005,138.585,1.797,95.655,0.2697962389221617
125.6,128.249846,37.965945,3832.1367096000004,138.81,0.737,96.286,0.2697962389221617
125.7,128.250007,37.965954,3834.4687344000004,139.141,-0.329,96.907,0.2697962389221617
125.8,128.250169,37.965961,3836.5529568,139.581,-1.403,97.517,0.2697962389221617
125.9,128.250332,37.965967,3838.3866336,140.117,-2.486,98.113,0.2697962389221617
126.0,128.250495,37.965972,3839.9676312,140.737,-3.58,98.692,0.2697962389221617
126.1,128.25066,37.965976,3841.2925968,141.429,-4.685,99.253,0.2697962389221617
126.2,128.250825,37.965978,3842.3584824000004,142.177,-5.804,99.794,0.2697962389221617
126.3,128.250991,37.965979,3843.1613256000005,142.956,-6.936,100.315,0.2697962389221617
126.4,128.251158,37.965978,3843.6953352000005,143.713,-8.081,100.815,0.2697962389221617
126.5,128.251326,37.965976,3843.9531960000004,144.384,-9.238,101.297,0.2697962389221617
126.6,128.251494,37.965973,3843.9297264,144.926,-10.401,101.762,0.2697962389221617
126.7,128.251662,37.965969,3843.6203544,145.321,-11.524,102.184,0.2697962389221617
126.8,128.251831,37.965963,3843.0211176000003,145.539,-12.524,102.512,0.2697962389221617
126.9,128.252001,37.965956,3842.1326256,145.575,-13.377,102.737,0.2697962389221617
127.0,128.25217,37.965947,3840.9588408,145.493,-14.097,102.874,0.2697962389221617
127.1,128.25234,37.965938,3839.5000680000003,145.226,-14.685,102.935,0.2697962389221617
127.2,128.25251,37.965927,3837.7480776,144.533,-15.084,102.898,0.2697962389221617
127.3,128.252681,37.965915,3835.7025648,143.112,-15.212,102.712,0.2697962389221617
127.4,128.252851,37.965902,3833.3556048,140.572,-15.054,102.371,0.2697962389221617
127.5,128.253021,37.965887,3830.7242664000005,137.015,-14.696,101.901,0.2697962389221617
127.6,128.253191,37.965871,3827.8365912000004,132.581,-14.225,101.336,0.2697962389221617
127.7,128.253362,37.965854,3824.7224496,127.389,-13.705,100.693,0.2697962389221617
127.8,128.253533,37.965835,3821.4098832,121.552,-13.181,99.964,0.2697962389221617
127.9,128.253704,37.965816,3817.9235808,115.162,-12.706,99.164,0.2697962389221617
128.0,128.253875,37.965796,3814.285488,108.289,-12.335,98.332,0.2697962389221617
128.1,128.254046,37.965774,3810.5154168000004,100.949,-12.109,97.541,0.2697962389221617
128.2,128.254218,37.965752,3806.6301312,93.124,-12.041,96.877,0.2697962389221617
128.3,128.25439,37.96573,3802.6448712000006,84.824,-12.113,96.387,0.2697962389221617
128.4,128.254563,37.965706,3798.573048,76.093,-12.283,96.1,0.2697962389221617
128.5,128.254735,37.965682,3794.4305112,66.995,-12.49,96.035,0.2697962389221617
128.6,128.254908,37.965657,3790.2358536,57.599,-12.657,96.204,0.2697962389221617
128.7,128.255082,37.965631,3786.0125448,47.971,-12.702,96.6,0.2697962389221617
128.8,128.255256,37.965604,3781.7907600000003,38.179,-12.533,97.199,0.2697962389221617
128.9,128.25543,37.965577,3777.6076848000002,28.301,-12.057,97.946,0.2697962389221617
129.0,128.255605,37.965548,3773.5047720000002,18.394,-11.21,98.736,0.2697962389221617
129.1,128.255781,37.965519,3769.5246936000003,8.49,-10.025,99.415,0.2697962389221617
129.2,128.255957,37.965489,3765.7082928,-1.361,-8.596,99.851,0.2697962389221617
129.3,128.256135,37.96546,3762.0881832,-11.096,-7.032,99.961,0.2697962389221617
129.4,128.256313,37.96543,3758.6863104,-20.618,-5.432,99.706,0.2697962389221617
129.5,128.256492,37.965402,3755.5118184000003,-29.809,-3.884,99.087,0.2697962389221617
129.6,128.256673,37.965375,3752.5576968,-38.549,-2.49,98.138,0.2697962389221617
129.7,128.256854,37.96535,3749.8044384,-46.736,-1.333,96.927,0.2697962389221617
129.8,128.257036,37.965327,3747.2246112000003,-54.306,-0.468,95.538,0.2697962389221617
129.9,128.257219,37.965307,3744.7859064,-61.238,0.088,94.047,0.2697962389221617
130.0,128.257402,37.965289,3742.4529672,-67.567,0.36,92.494,0.2697962389221617
130.1,128.257587,37.965274,3740.1913512,-73.367,0.381,90.901,0.2697962389221617
130.2,128.257771,37.965262,3737.9611296000003,-77.973,0.216,89.298,0.2697962389221617
130.3,128.257957,37.965252,3735.7126200000002,-79.827,-0.022,87.723,0.2697962389221617
130.4,128.258142,37.965243,3733.4144280000005,-78.987,-0.282,86.286,0.2697962389221617
130.5,128.258329,37.965234,3731.0491800000004,-75.844,-0.524,85.016,0.2697962389221617
130.6,128.258515,37.965226,3728.6177904,-70.801,-0.683,83.894,0.2697962389221617
130.7,128.258702,37.965219,3726.129708,-64.254,-0.671,82.85,0.2697962389221617
130.8,128.25889,37.965213,3723.5998680000002,-56.658,-0.38,81.757,0.2697962389221617
130.9,128.259077,37.965207,3721.0483872000004,-48.544,0.23,80.666,0.2697962389221617
131.0,128.259265,37.965203,3718.5094032000006,-40.825,1.053,79.752,0.2697962389221617
131.1,128.259452,37.965201,3716.0780136000003,-35.16,1.971,79.03,0.2697962389221617
131.2,128.25964,37.965201,3713.8636416000004,-32.779,2.924,78.432,0.2697962389221617
131.3,128.259827,37.965203,3711.9501072000003,-33.348,3.911,77.909,0.2697962389221617
131.4,128.260013,37.965208,3710.3453352000006,-36.236,4.911,77.374,0.2697962389221617
131.5,128.260199,37.965216,3709.0340856,-40.745,5.874,76.75,0.2697962389221617
131.6,128.260384,37.965226,3707.9928888000004,-46.215,6.749,75.986,0.2697962389221617
131.7,128.260568,37.965239,3707.1930936000003,-52.079,7.492,75.06,0.2697962389221617
131.8,128.260751,37.965256,3706.601172,-57.889,8.074,73.966,0.2697962389221617
131.9,128.260933,37.965276,3706.1793288,-63.337,8.478,72.705,0.2697962389221617
132.0,128.261114,37.965299,3705.8912928,-68.26,8.699,71.299,0.2697962389221617
132.1,128.261293,37.965325,3705.7029264,-72.616,8.737,69.778,0.2697962389221617
132.2,128.261472,37.965355,3705.5840544000002,-76.449,8.601,68.17,0.2697962389221617
132.3,128.261649,37.965388,3705.5066352000003,-79.833,8.307,66.506,0.2697962389221617
132.4,128.261825,37.965425,3705.4478088,-82.817,7.85,64.807,0.2697962389221617
132.5,128.261999,37.965465,3705.3841056000006,-85.367,7.23,63.092,0.2697962389221617
132.6,128.262172,37.965509,3705.2935800000005,-87.281,6.474,61.382,0.2697962389221617
132.7,128.262344,37.965555,3705.1594680000003,-88.426,5.624,59.698,0.2697962389221617
132.8,128.262515,37.965604,3704.9707968,-88.834,4.732,58.056,0.2697962389221617
132.9,128.262684,37.965656,3704.7208608,-88.661,3.854,56.466,0.2697962389221617
133.0,128.262853,37.965711,3704.4056976,-88.138,3.039,54.929,0.2697962389221617
133.1,128.263019,37.965768,3704.0237832,-87.511,2.331,53.439,0.2697962389221617
133.2,128.263185,37.965829,3703.5742032000003,-86.97,1.761,51.991,0.2697962389221617
133.3,128.263348,37.965893,3703.0590912000002,-86.838,1.334,50.578,0.2697962389221617
133.4,128.26351,37.96596,3702.4839336,-87.609,0.972,49.192,0.2697962389221617
133.5,128.263669,37.966031,3701.8450728000003,-89.127,0.623,47.807,0.2697962389221617
133.6,128.263825,37.966105,3701.1318408,-91.207,0.243,46.404,0.2697962389221617
133.7,128.263978,37.966182,3700.329912,-93.679,-0.196,44.981,0.2697962389221617
133.8,128.264129,37.966263,3699.4231320000004,-96.397,-0.722,43.541,0.2697962389221617
133.9,128.264277,37.966347,3698.3926032000004,-99.242,-1.346,42.091,0.2697962389221617
134.0,128.264422,37.966434,3697.2206472000003,-101.369,-2.042,40.63,0.2697962389221617
134.1,128.264565,37.966523,3695.9090928,-101.062,-2.74,39.15,0.2697962389221617
134.2,128.264707,37.966615,3694.4704368000002,-99.312,-3.443,37.679,0.2697962389221617
134.3,128.264846,37.966708,3692.8961448,-98.21,-4.159,36.259,0.2697962389221617
134.4,128.264982,37.966805,3691.1746344000003,-97.884,-4.845,34.88,0.2697962389221617
134.5,128.265115,37.966905,3689.3040768,-98.304,-5.505,33.507,0.2697962389221617
134.6,128.265243,37.967007,3687.2811192000004,-99.38,-6.162,32.121,0.2697962389221617
134.7,128.265368,37.967112,3685.0981416000004,-100.994,-6.843,30.718,0.2697962389221617
134.8,128.26549,37.967219,3682.7447807999997,-103.018,-7.572,29.3,0.2697962389221617
134.9,128.265607,37.967329,3680.2073208,-105.336,-8.368,27.876,0.2697962389221617
135.0,128.265721,37.967442,3677.4711312,-107.848,-9.247,26.453,0.2697962389221617
135.1,128.265831,37.967556,3674.5194480000005,-110.473,-10.218,25.04,0.2697962389221617
135.2,128.265937,37.967672,3671.3361168000006,-113.153,-11.283,23.644,0.2697962389221617
135.3,128.266039,37.96779,3667.9092504000005,-115.049,-12.412,22.254,0.2697962389221617
135.4,128.266138,37.96791,3664.2617088,-114.309,-13.527,20.84,0.2697962389221617
135.5,128.266236,37.96803,3660.4322016,-111.347,-14.59,19.42,0.2697962389221617
135.6,128.266332,37.968152,3656.4301776,-107.59,-15.564,18.025,0.2697962389221617
135.7,128.266424,37.968276,3652.2291192000002,-105.012,-16.445,16.686,0.2697962389221617
135.8,128.266513,37.968401,3647.8092144,-103.716,-17.214,15.375,0.2697962389221617
135.9,128.266596,37.968527,3643.1686344000004,-103.599,-17.911,14.052,0.2697962389221617
136.0,128.266675,37.968655,3638.3101224,-104.473,-18.586,12.692,0.2697962389221617
136.1,128.266749,37.968784,3633.2306304000003,-106.124,-19.284,11.293,0.2697962389221617
136.2,128.266818,37.968914,3627.921624,-108.342,-20.043,9.868,0.2697962389221617
136.3,128.266882,37.969045,3622.371216,-110.941,-20.889,8.428,0.2697962389221617
136.4,128.266941,37.969177,3616.5653856,-113.771,-21.839,6.988,0.2697962389221617
136.5,128.266996,37.96931,3610.488588,-116.719,-22.904,5.561,0.2697962389221617
136.6,128.267046,37.969442,3604.1313744,-118.856,-24.049,4.132,0.2697962389221617
136.7,128.267094,37.969576,3597.5205671999997,-118.185,-25.195,2.664,0.2697962389221617
136.8,128.267138,37.969709,3590.6991432,-115.081,-26.3,1.174,0.2697962389221617
136.9,128.267181,37.969843,3583.6802088,-111.078,-27.321,359.695,0.2697962389221617
137.0,128.26722,37.969978,3576.4335888,-108.371,-28.25,358.264,0.2697962389221617
137.1,128.267255,37.970112,3568.93368,-107.049,-29.067,356.85,0.2697962389221617
137.2,128.267284,37.970246,3561.1771296,-106.971,-29.815,355.411,0.2697962389221617
137.3,128.267307,37.97038,3553.1672904,-107.91,-30.552,353.921,0.2697962389221617
137.4,128.267326,37.970514,3544.903248,-109.628,-31.323,352.384,0.2697962389221617
137.5,128.267339,37.970647,3536.3779920000006,-111.899,-32.164,350.812,0.2697962389221617
137.6,128.267347,37.970778,3527.5823784000004,-114.535,-33.102,349.224,0.2697962389221617
137.7,128.267351,37.970909,3518.5066536,-116.49,-34.098,347.605,0.2697962389221617
137.8,128.267351,37.97104,3509.1727632,-115.599,-35.058,345.908,0.2697962389221617
137.9,128.267348,37.97117,3499.6188072000004,-112.249,-35.957,344.16,0.2697962389221617
138.0,128.267343,37.971299,3489.8578920000004,-108.058,-36.79,342.426,0.2697962389221617
138.1,128.267335,37.971428,3479.8708152,-105.249,-37.579,340.76,0.2697962389221617
138.2,128.267321,37.971556,3469.6426416000004,-103.919,-38.278,339.112,0.2697962389221617
138.3,128.267302,37.971682,3459.1752,-103.884,-38.922,337.429,0.2697962389221617
138.4,128.267278,37.971806,3448.4733671999998,-104.88,-39.565,335.68,0.2697962389221617
138.5,128.267248,37.971928,3437.5356192000004,-106.638,-40.253,333.87,0.2697962389221617
138.6,128.267214,37.972047,3426.3564696,-108.923,-41.015,332.01,0.2697962389221617
138.7,128.267175,37.972165,3414.9270792,-110.854,-41.833,330.097,0.2697962389221617
138.8,128.267133,37.972281,3403.2596399999998,-110.511,-42.64,328.106,0.2697962389221617
138.9,128.267088,37.972396,3391.3791456000004,-107.337,-43.38,326.05,0.2697962389221617
139.0,128.267041,37.97251,3379.3014456,-102.737,-44.032,324.003,0.2697962389221617
139.1,128.266991,37.972622,3367.0152624,-99.092,-44.584,322.027,0.2697962389221617
139.2,128.266936,37.972732,3354.5193768,-97.1,-45.034,320.097,0.2697962389221617
139.3,128.266876,37.972838,3341.8244568,-96.543,-45.432,318.146,0.2697962389221617
139.4,128.266812,37.972942,3328.9405608,-97.11,-45.829,316.118,0.2697962389221617
139.5,128.266742,37.973042,3315.8682984,-98.507,-46.263,314.004,0.2697962389221617
139.6,128.266669,37.973139,3302.6030976,-100.465,-46.764,311.812,0.2697962389221617
139.7,128.266591,37.973232,3289.1367288,-102.543,-47.349,309.551,0.2697962389221617
139.8,128.266511,37.973322,3275.4637056000006,-103.26,-47.968,307.213,0.2697962389221617
139.9,128.266428,37.97341,3261.5919528000004,-101.047,-48.555,304.807,0.2697962389221617
140.0,128.266342,37.973496,3247.5303096000002,-97.226,-49.094,302.401,0.2697962389221617
140.1,128.266254,37.973579,3233.2806048,-93.586,-49.549,300.053,0.2697962389221617
140.2,128.266162,37.973657,3218.8544208000003,-91.418,-49.915,297.739,0.2697962389221617
140.3,128.266067,37.973732,3204.2654736000004,-90.591,-50.204,295.389,0.2697962389221617
140.4,128.265968,37.973802,3189.5229072,-90.821,-50.462,292.962,0.2697962389221617
140.5,128.265865,37.973867,3174.6288552000005,-91.812,-50.737,290.448,0.2697962389221617
140.6,128.26576,37.973928,3159.5799647999997,-92.934,-51.048,287.849,0.2697962389221617
140.7,128.265653,37.973985,3144.3707496,-93.223,-51.39,285.178,0.2697962389221617
140.8,128.265545,37.974039,3128.9984664000003,-92.191,-51.739,282.473,0.2697962389221617
140.9,128.265434,37.97409,3113.4652488000006,-89.895,-52.06,279.778,0.2697962389221617
141.0,128.265322,37.974137,3097.7802408000002,-87.071,-52.325,277.125,0.2697962389221617
141.1,128.265208,37.974179,3081.9580728,-84.435,-52.512,274.508,0.2697962389221617
141.2,128.265092,37.974217,3066.0155088,-82.484,-52.623,271.903,0.2697962389221617
141.3,128.264975,37.974249,3049.964436,-81.158,-52.662,269.28,0.2697962389221617
141.4,128.264856,37.974277,3033.8103408,-80.136,-52.647,266.63,0.2697962389221617
141.5,128.264736,37.974301,3017.5559664,-79.049,-52.59,263.964,0.2697962389221617
141.6,128.264615,37.97432,3001.2043608,-77.625,-52.494,261.303,0.2697962389221617
141.7,128.264493,37.974335,2984.7594864000002,-75.719,-52.352,258.67,0.2697962389221617
141.8,128.264371,37.974345,2968.2295728000004,-73.336,-52.152,256.092,0.2697962389221617
141.9,128.264247,37.974351,2951.6295552,-70.786,-51.887,253.585,0.2697962389221617
142.0,128.264123,37.974353,2934.9795504000003,-68.46,-51.554,251.15,0.2697962389221617
142.1,128.263998,37.974349,2918.2966272000003,-66.568,-51.155,248.774,0.2697962389221617
142.2,128.263873,37.974341,2901.5917584,-65.055,-50.697,246.442,0.2697962389221617
142.3,128.263748,37.974328,2884.8707352000006,-63.698,-50.187,244.15,0.2697962389221617
142.4,128.263622,37.97431,2868.1366056000006,-62.243,-49.634,241.905,0.2697962389221617
142.5,128.263496,37.974288,2851.394856,-60.513,-49.038,239.722,0.2697962389221617
142.6,128.26337,37.974261,2834.6546304000003,-58.488,-48.403,237.614,0.2697962389221617
142.7,128.263244,37.97423,2817.935436,-56.377,-47.73,235.59,0.2697962389221617
142.8,128.263118,37.974194,2801.2607424,-54.512,-47.021,233.644,0.2697962389221617
142.9,128.262993,37.974153,2784.6473136,-53.006,-46.273,231.76,0.2697962389221617
143.0,128.262867,37.974107,2768.1079511999997,-51.807,-45.491,229.925,0.2697962389221617
143.1,128.262742,37.974057,2751.6554568,-50.892,-44.688,228.125,0.2697962389221617
143.2,128.262618,37.974002,2735.2916592,-50.06,-43.862,226.36,0.2697962389221617
143.3,128.262494,37.973942,2719.0080239999998,-48.865,-43.0,224.651,0.2697962389221617
143.4,128.26237,37.973879,2702.7868728000003,-46.733,-42.077,223.049,0.2697962389221617
143.5,128.262247,37.973811,2686.6364352000005,-43.693,-41.098,221.591,0.2697962389221617
143.6,128.262125,37.97374,2670.6170616000004,-41.317,-40.128,220.223,0.2697962389221617
143.7,128.262003,37.973662,2654.8208016,-41.503,-39.317,218.981,0.2697962389221617
143.8,128.261883,37.97358,2639.2915464000002,-44.067,-38.939,218.175,0.2697962389221617
143.9,128.261764,37.973492,2623.9966824000003,-48.605,-39.161,218.01,0.2697962389221617
144.0,128.261647,37.973399,2608.883784,-54.569,-39.698,218.2,0.2697962389221617
144.1,128.261532,37.973302,2593.8995112000002,-61.515,-40.23,218.343,0.2697962389221617
144.2,128.261419,37.973202,2578.9902192000004,-69.258,-40.7,218.337,0.2697962389221617
144.3,128.261309,37.973099,2564.1092736000005,-77.695,-41.115,218.201,0.2697962389221617
144.4,128.261202,37.972993,2549.2133928,-86.726,-41.499,217.956,0.2697962389221617
144.5,128.261097,37.972885,2534.2650864,-96.171,-41.874,217.479,0.2697962389221617
144.6,128.260995,37.972776,2519.2332647999997,-105.926,-42.316,216.662,0.2697962389221617
144.7,128.260897,37.972666,2504.0895816,-115.865,-42.951,215.378,0.2697962389221617
144.8,128.260801,37.972555,2488.7986800000003,-125.767,-43.964,213.518,0.2697962389221617
144.9,128.26071,37.972443,2473.3160592,-135.4,-45.539,211.13,0.2697962389221617
145.0,128.260622,37.972332,2457.5895984,-144.715,-47.676,208.583,0.2697962389221617
145.1,128.260539,37.972223,2441.5702248000002,-153.906,-50.215,206.321,0.2697962389221617
145.2,128.260459,37.972114,2425.2164856000004,-163.286,-52.924,204.702,0.2697962389221617
145.3,128.260384,37.972009,2408.4994248000003,-173.068,-55.72,203.89,0.2697962389221617
145.4,128.260312,37.971907,2391.4086792,176.583,-58.587,204.014,0.2697962389221617
145.5,128.260242,37.971809,2373.9506496,165.456,-61.299,205.303,0.2697962389221617
145.6,128.260174,37.971716,2356.1521584,153.645,-63.738,207.872,0.2697962389221617
145.7,128.260106,37.971627,2338.0455144000002,141.249,-65.792,211.789,0.2697962389221617
145.8,128.260038,37.971544,2319.6578448,127.726,-67.345,217.05,0.2697962389221617
145.9,128.259968,37.971466,2301.03426,113.277,-68.3,223.421,0.2697962389221617
146.0,128.259896,37.971393,2282.2253568,98.377,-68.583,230.399,0.2697962389221617
146.1,128.259821,37.971325,2263.2841704,83.674,-68.178,237.301,0.2697962389221617
146.2,128.259742,37.971262,2244.2616024000004,69.976,-67.16,243.505,0.2697962389221617
146.3,128.259659,37.971203,2225.1924,58.551,-65.714,248.709,0.2697962389221617
146.4,128.259572,37.971146,2206.0701624000003,50.878,-64.073,252.812,0.2697962389221617
146.5,128.259483,37.971092,2186.8772112,47.533,-62.461,255.843,0.2697962389221617
146.6,128.25939,37.971039,2167.6019640000004,47.935,-61.014,258.225,0.2697962389221617
146.7,128.259294,37.970989,2148.2697192,50.334,-59.719,260.365,0.2697962389221617
146.8,128.259194,37.970942,2128.9268064,52.101,-58.486,262.516,0.2697962389221617
146.9,128.259088,37.970899,2109.6308328,51.317,-57.28,264.704,0.2697962389221617
147.0,128.258977,37.970862,2090.3961240000003,48.669,-56.099,266.871,0.2697962389221617
147.1,128.258862,37.970828,2071.213536,45.467,-54.885,268.968,0.2697962389221617
147.2,128.258741,37.970798,2052.0867264000003,42.493,-53.62,270.917,0.2697962389221617
147.3,128.258616,37.970773,2033.0303256,40.014,-52.315,272.695,0.2697962389221617
147.4,128.258487,37.97075,2014.0638408,38.063,-50.984,274.322,0.2697962389221617
147.5,128.258353,37.970732,1995.2061696,36.575,-49.64,275.826,0.2697962389221617
147.6,128.258214,37.970717,1976.4774288,35.445,-48.294,277.234,0.2697962389221617
147.7,128.258071,37.970706,1957.893468,34.598,-46.951,278.572,0.2697962389221617
147.8,128.257923,37.970699,1939.4664792,34.039,-45.618,279.862,0.2697962389221617
147.9,128.257772,37.970696,1921.2065208000001,33.793,-44.3,281.12,0.2697962389221617
148.0,128.257616,37.970696,1903.120908,33.883,-43.004,282.361,0.2697962389221617
148.1,128.257456,37.9707,1885.2160416,34.32,-41.737,283.598,0.2697962389221617
148.2,128.257292,37.970708,1867.4955792,35.099,-40.506,284.847,0.2697962389221617
148.3,128.257125,37.970719,1849.9622640000002,36.208,-39.318,286.118,0.2697962389221617
148.4,128.256955,37.970735,1832.6148768,37.631,-38.182,287.423,0.2697962389221617
148.5,128.256782,37.970754,1815.4525032000001,39.339,-37.101,288.768,0.2697962389221617
148.6,128.256605,37.970778,1798.4754480000001,41.203,-36.079,290.153,0.2697962389221617
148.7,128.256426,37.970805,1781.6809680000001,43.14,-35.118,291.584,0.2697962389221617
148.8,128.256245,37.970837,1765.0635768,45.118,-34.22,293.062,0.2697962389221617
148.9,128.256062,37.970873,1748.6165687999999,47.126,-33.385,294.587,0.2697962389221617
149.0,128.255877,37.970913,1732.3323240000002,49.169,-32.617,296.156,0.2697962389221617
149.1,128.255691,37.970958,1716.1892016000002,51.513,-31.907,297.759,0.2697962389221617
149.2,128.255503,37.971007,1700.1777528000002,53.999,-31.229,299.359,0.2697962389221617
149.3,128.255315,37.971062,1684.3382112,55.493,-30.609,300.974,0.2697962389221617
149.4,128.255125,37.971121,1668.6657,56.261,-30.03,302.639,0.2697962389221617
149.5,128.254936,37.971186,1653.1678392000001,56.38,-29.45,304.309,0.2697962389221617
149.6,128.254747,37.971257,1637.8775472,55.402,-28.826,305.944,0.2697962389221617
149.7,128.254558,37.971334,1622.825304,53.31,-28.142,307.541,0.2697962389221617
149.8,128.25437,37.971416,1608.0172056000001,50.862,-27.383,309.098,0.2697962389221617
149.9,128.254182,37.971505,1593.4700160000002,48.529,-26.541,310.586,0.2697962389221617
150.0,128.253995,37.971599,1579.2084240000002,46.429,-25.62,311.995,0.2697962389221617
150.1,128.253809,37.971698,1565.2574232000002,44.561,-24.631,313.333,0.2697962389221617
150.2,128.253623,37.971804,1551.6407880000002,42.901,-23.583,314.608,0.2697962389221617
150.3,128.253438,37.971914,1538.3798544,41.432,-22.483,315.829,0.2697962389221617
150.4,128.253255,37.97203,1525.4944344,40.135,-21.339,317.003,0.2697962389221617
150.5,128.253072,37.972151,1513.0025112,38.992,-20.158,318.136,0.2697962389221617
150.6,128.252891,37.972277,1500.9214584000001,37.982,-18.945,319.233,0.2697962389221617
150.7,128.252711,37.972408,1489.2674304,37.088,-17.705,320.298,0.2697962389221617
150.8,128.252532,37.972544,1478.0547528000002,36.305,-16.442,321.336,0.2697962389221617
150.9,128.252356,37.972685,1467.2962272,35.638,-15.161,322.352,0.2697962389221617
151.0,128.25218,37.97283,1457.0046552,35.087,-13.866,323.348,0.2697962389221617
151.1,128.252007,37.97298,1447.1913144,34.645,-12.559,324.329,0.2697962389221617
151.2,128.251835,37.973134,1437.866568,34.308,-11.244,325.299,0.2697962389221617
151.3,128.251666,37.973292,1429.0407792,34.065,-9.924,326.259,0.2697962389221617
151.4,128.251499,37.973454,1420.7237016000001,33.898,-8.6,327.214,0.2697962389221617
151.5,128.251334,37.97362,1412.9253936000002,33.775,-7.274,328.165,0.2697962389221617
151.6,128.251172,37.97379,1405.6549992000002,33.67,-5.946,329.114,0.2697962389221617
151.7,128.251012,37.973963,1398.9210528,33.565,-4.616,330.061,0.2697962389221617
151.8,128.250856,37.97414,1392.7320888000002,33.444,-3.283,331.006,0.2697962389221617
151.9,128.250702,37.97432,1387.0987752,33.263,-1.946,331.945,0.2697962389221617
152.0,128.250552,37.974504,1382.0439720000002,32.825,-0.597,332.868,0.2697962389221617
152.1,128.250405,37.97469,1377.6057792,31.659,0.781,333.752,0.2697962389221617
152.2,128.250262,37.97488,1373.7875496,30.042,2.177,334.632,0.2697962389221617
152.3,128.250122,37.975071,1370.5039392,30.237,3.56,335.579,0.2697962389221617
152.4,128.249985,37.975265,1367.6720424000002,33.262,4.913,336.558,0.2697962389221617
152.5,128.249851,37.975461,1365.3781176000002,35.283,6.26,337.456,0.2697962389221617
152.6,128.249722,37.97566,1363.7733456,32.678,7.629,338.288,0.2697962389221617
152.7,128.249598,37.97586,1362.9397176000002,27.325,9.043,339.08,0.2697962389221617
152.8,128.249479,37.976062,1362.8135304,22.984,10.517,339.888,0.2697962389221617
152.9,128.249362,37.976265,1363.2381168,23.788,11.964,340.734,0.2697962389221617
153.0,128.249247,37.976469,1364.0540664000002,28.585,13.359,341.657,0.2697962389221617
153.1,128.249135,37.976674,1365.258636,35.083,14.685,342.67,0.2697962389221617
153.2,128.249028,37.97688,1366.9941672000002,38.906,15.926,343.66,0.2697962389221617
153.3,128.248926,37.977088,1369.399344,37.447,17.166,344.64,0.2697962389221617
153.4,128.248832,37.977295,1372.5957816,32.051,18.471,345.577,0.2697962389221617
153.5,128.248743,37.977503,1376.5898808000002,25.576,19.888,346.465,0.2697962389221617
153.6,128.24866,37.97771,1381.2441767999999,22.702,21.396,347.349,0.2697962389221617
153.7,128.248579,37.977917,1386.3913344000002,24.743,22.931,348.278,0.2697962389221617
153.8,128.2485,37.978124,1391.9048616000002,30.426,24.379,349.305,0.2697962389221617
153.9,128.248425,37.978331,1397.8469376,36.097,25.719,350.324,0.2697962389221617
154.0,128.248356,37.978538,1404.353808,37.245,26.978,351.359,0.2697962389221617
154.1,128.248293,37.978743,1411.5507456,33.934,28.264,352.362,0.2697962389221617
154.2,128.248237,37.978946,1419.4990152000003,27.522,29.659,353.265,0.2697962389221617
154.3,128.248185,37.979147,1428.128208,21.765,31.144,354.177,0.2697962389221617
154.4,128.248138,37.979347,1437.2935439999999,21.59,32.696,355.102,0.2697962389221617
154.5,128.248093,37.979545,1446.8450616000002,25.805,34.238,356.073,0.2697962389221617
154.6,128.24805,37.979743,1456.7467944,32.184,35.656,357.14,0.2697962389221617
154.7,128.248012,37.979939,1467.1218816,36.41,36.95,358.23,0.2697962389221617
154.8,128.24798,37.980132,1478.0791368000002,35.748,38.199,359.367,0.2697962389221617
154.9,128.247954,37.980321,1489.6944552,31.291,39.499,0.489,0.2697962389221617
155.0,128.247934,37.980506,1501.9486344000002,25.96,40.901,1.6,0.2697962389221617
155.1,128.247918,37.980688,1514.7188400000002,24.431,42.397,2.729,0.2697962389221617
155.2,128.247904,37.980867,1527.8700456000001,27.468,43.913,3.934,0.2697962389221617
155.3,128.247894,37.981045,1541.332452,33.047,45.348,5.225,0.2697962389221617
155.4,128.247887,37.98122,1555.1926224,37.043,46.673,6.527,0.2697962389221617
155.5,128.247885,37.98139,1569.5352912,36.779,47.944,7.876,0.2697962389221617
155.6,128.247888,37.981556,1584.3973392000003,33.314,49.247,9.247,0.2697962389221617
155.7,128.247896,37.981717,1599.6973848,30.414,50.607,10.727,0.2697962389221617
155.8,128.247907,37.981875,1615.3314912,31.466,51.998,12.294,0.2697962389221617
155.9,128.24792,37.98203,1631.2268112,35.929,53.339,13.971,0.2697962389221617
156.0,128.247936,37.982182,1647.4177872,40.78,54.577,15.684,0.2697962389221617
156.1,128.247956,37.982329,1663.9592832,43.106,55.743,17.445,0.2697962389221617
156.2,128.247981,37.982471,1680.8726352,42.455,56.898,19.3,0.2697962389221617
156.3,128.24801,37.982608,1698.1203528000003,40.776,58.076,21.307,0.2697962389221617
156.4,128.248042,37.98274,1715.6286744000001,40.783,59.273,23.469,0.26796829826332225
156.5,128.248077,37.982869,1733.3558424000003,43.107,60.444,25.745,0.26404274290539587
156.6,128.248114,37.982994,1751.3027712,46.703,61.54,28.105,0.2558446100169597
156.7,128.248154,37.983114,1769.4810432000002,49.99,62.559,30.569,0.24200368609567632
156.8,128.248197,37.983229,1787.8863912000002,52.22,63.522,33.198,0.2118083395548028
156.9,128.248243,37.983339,1806.4990032,53.581,64.451,36.029,0.17648827908605785
157.0,128.248293,37.983443,1825.2951048000002,54.654,65.359,39.055,0.14490226267831707
157.1,128.248345,37.983542,1844.2539696000001,55.905,66.245,42.251,0.12849736057579927
157.2,128.248399,37.983637,1863.359748,57.545,67.104,45.606,0.11652242337910977
157.3,128.248455,37.983726,1882.5968952,59.675,67.92,49.135,0.10966936362925377
157.4,128.248514,37.98381,1901.9483424000002,62.433,68.673,52.865,0.08939458641540532
157.5,128.248573,37.983889,1921.3954968,66.091,69.328,56.824,0.023155168079240524
157.6,128.248635,37.983964,1940.9206800000002,70.707,69.866,60.983,-0.02346541613590085
