Time,Longitude,Latitude,Altitude,Roll (deg),Pitch (deg),Yaw (deg),Health
0.0,128.181521,37.919931,4601.8204128,9.516,2.077,85.062,1.0
0.1,128.181749,37.919947,4602.3343056,11.787,3.046,85.389,1.0
0.2,128.181978,37.919963,4602.6954936,15.682,4.59,85.908,1.0
0.3,128.182208,37.919979,4602.9545736,20.951,6.264,86.581,1.0
0.4,128.18244,37.919995,4603.1633616,27.301,7.915,87.45,1.0
0.5,128.182672,37.920011,4603.382208,33.394,9.564,88.528,1.0
0.6,128.182905,37.920026,4603.7318136,36.688,11.168,89.719,1.0
0.7,128.183138,37.920038,4604.3301360000005,37.0,12.621,90.941,1.0
0.8,128.183371,37.920048,4605.2737968,34.747,13.976,92.127,1.0
0.9,128.183603,37.920055,4606.5944952,30.467,15.302,93.202,1.0
1.0,128.183834,37.92006,4608.312348,24.756,16.652,94.1,1.0
1.1,128.184065,37.920062,4610.4502152000005,18.169,18.053,94.767,1.0
1.2,128.184295,37.920063,4613.0026104,11.5,19.508,95.184,1.0
1.3,128.184523,37.920063,4615.923204,6.107,20.999,95.377,1.0
1.4,128.184751,37.920062,4619.1549984,2.873,22.5,95.371,1.0
1.5,128.184978,37.920061,4622.752248000001,0.711,23.977,95.162,1.0
1.6,128.185203,37.92006,4626.793896,-1.402,25.417,94.796,1.0
1.7,128.185427,37.920058,4631.29884,-3.791,26.834,94.315,1.0
1.8,128.185648,37.920057,4636.2573264,-6.43,28.238,93.72,1.0
1.9,128.185868,37.920056,4641.6571632000005,-9.276,29.625,92.995,1.0
2.0,128.186085,37.920056,4647.4855488,-12.298,30.987,92.138,1.0
2.1,128.186299,37.920056,4653.7269384,-15.463,32.317,91.162,1.0
2.2,128.186512,37.920058,4660.3618248,-18.672,33.605,90.072,1.0
2.3,128.186722,37.920061,4667.3716152,-21.824,34.844,88.872,1.0
2.4,128.186929,37.920065,4674.7364976,-24.84,36.024,87.567,1.0
2.5,128.187134,37.920071,4682.435136,-27.624,37.144,86.169,1.0
2.6,128.187337,37.920078,4690.449852,-30.114,38.199,84.693,1.0
2.7,128.187537,37.920087,4698.768148800001,-32.334,39.187,83.16,1.0
2.8,128.187735,37.920098,4707.3781392,-34.32,40.101,81.599,1.0
2.9,128.187931,37.920111,4716.26946,-36.131,40.948,80.023,1.0
3.0,128.188123,37.920126,4725.4384536,-37.95,41.738,78.433,1.0
3.1,128.188313,37.920144,4734.8845104,-40.031,42.482,76.814,1.0
3.2,128.188499,37.920163,4744.60062,-42.54,43.191,75.143,1.0
3.3,128.188683,37.920185,4754.5742856,-45.558,43.872,73.381,1.0
3.4,128.188863,37.92021,4764.7878288,-49.034,44.516,71.504,1.0
3.5,128.18904,37.920237,4775.222352,-52.866,45.092,69.524,1.0
3.6,128.189213,37.920267,4785.8543856,-56.909,45.577,67.45,1.0
3.7,128.189384,37.920299,4796.6519256,-60.717,45.968,65.304,1.0
3.8,128.189552,37.920334,4807.5735192,-63.577,46.278,63.123,1.0
3.9,128.189719,37.920371,4818.5950872,-65.212,46.519,60.955,1.0
4.0,128.189883,37.92041,4829.7074856,-65.679,46.724,58.853,1.0
4.1,128.190044,37.920452,4840.9094952000005,-65.227,46.947,56.861,1.0
4.2,128.190204,37.920495,4852.2035544,-64.151,47.231,55.003,1.0
4.3,128.190361,37.920541,4863.5957592,-62.767,47.575,53.264,1.0
4.4,128.190515,37.920589,4875.092205600001,-61.382,47.982,51.628,1.0
4.5,128.190666,37.920638,4886.6974656,-60.219,48.449,50.076,1.0
4.6,128.190815,37.92069,4898.4121488,-59.389,48.968,48.589,1.0
4.7,128.19096,37.920743,4910.235645600001,-58.912,49.528,47.149,1.0
4.8,128.191103,37.920798,4922.1655176,-58.756,50.114,45.738,1.0
4.9,128.191242,37.920854,4934.1996312,-58.859,50.713,44.345,1.0
5.0,128.191379,37.920912,4946.3346336,-59.153,51.314,42.957,1.0
5.1,128.191513,37.920971,4958.5680864000005,-59.575,51.909,41.568,1.0
5.2,128.191643,37.921032,4970.896332,-60.075,52.493,40.171,1.0
5.3,128.191771,37.921093,4983.3172368000005,-60.622,53.061,38.761,1.0
5.4,128.191895,37.921156,4995.8283624,-61.203,53.612,37.335,1.0
5.5,128.192017,37.92122,5008.4272704,-61.811,54.147,35.889,1.0
5.6,128.192135,37.921285,5021.1112176,-62.439,54.666,34.42,1.0
5.7,128.19225,37.921352,5033.876851200001,-63.074,55.17,32.927,1.0
5.8,128.192362,37.921419,5046.7205136,-63.696,55.661,31.41,1.0
5.9,128.19247,37.921487,5059.6382424,-64.277,56.14,29.87,1.0
6.0,128.192576,37.921556,5072.62638,-64.786,56.609,28.31,1.0
6.1,128.192678,37.921625,5085.6806592,-65.198,57.07,26.734,1.0
6.2,128.192777,37.921696,5098.7974224,-65.497,57.526,25.149,1.0
6.3,128.192873,37.921767,5111.9733168,-65.673,57.98,23.56,1.0
6.4,128.192967,37.921838,5125.2049896,-65.724,58.438,21.974,1.0
6.5,128.193057,37.92191,5138.4900024,-65.654,58.904,20.398,1.0
6.6,128.193144,37.921983,5151.827440800001,-65.513,59.379,18.834,1.0
6.7,128.193228,37.922056,5165.218828800001,-65.439,59.861,17.278,1.0
6.8,128.193309,37.922129,5178.6690432,-65.655,60.346,15.715,1.0
6.9,128.193386,37.922203,5192.1799128,-66.307,60.829,14.119,1.0
7.0,128.19346,37.922276,5205.74778,-67.35,61.307,12.468,1.0
7.1,128.19353,37.92235,5219.367768,-68.662,61.773,10.749,1.0
7.2,128.193598,37.922423,5233.035304800001,-70.138,62.214,8.959,1.0
7.3,128.193661,37.922497,5246.7470376,-71.715,62.624,7.099,1.0
7.4,128.193722,37.922571,5260.4986992,-73.338,62.998,5.172,1.0
7.5,128.193779,37.922644,5274.2854128,-74.928,63.335,3.184,1.0
7.6,128.193833,37.922718,5288.102606400001,-76.414,63.635,1.145,1.0
7.7,128.193884,37.922791,5301.9454032,-77.741,63.903,359.068,1.0
7.8,128.193932,37.922865,5315.8104504,-78.872,64.144,356.966,1.0
7.9,128.193977,37.922938,5329.693176,-79.792,64.364,354.851,1.0
8.0,128.194018,37.923011,5343.591446400001,-80.51,64.57,352.735,1.0
8.1,128.194057,37.923083,5357.502518400001,-81.061,64.769,350.624,1.0
8.2,128.194093,37.923155,5371.4245632,-81.498,64.967,348.523,1.0
8.3,128.194126,37.923227,5385.354837600001,-81.859,65.168,346.432,1.0
8.4,128.194157,37.923299,5399.294256000001,-82.543,65.36,344.346,1.0
8.5,128.194183,37.923369,5413.2486096,-84.474,65.514,342.246,1.0
8.6,128.194206,37.923439,5427.218508,-87.568,65.625,340.082,1.0
8.7,128.194224,37.923508,5441.193588000001,-90.998,65.693,337.86,1.0
8.8,128.194239,37.923576,5455.1628768,-93.072,65.749,335.656,1.0
8.9,128.194251,37.923644,5469.1205832000005,-93.843,65.778,333.411,1.0
9.0,128.194262,37.923711,5483.063964,-93.445,65.793,331.177,1.0
9.1,128.194271,37.923779,5496.991800000001,-92.671,65.797,328.977,1.0
9.2,128.194278,37.923845,5510.906224800001,-93.12,65.769,326.774,1.0
9.3,128.194281,37.923911,5524.8081528,-94.788,65.726,324.595,1.0
9.4,128.194281,37.923975,5538.694536,-97.568,65.657,322.404,1.0
9.5,128.194277,37.924038,5552.5577544,-101.252,65.531,320.154,1.0
9.6,128.19427,37.9241,5566.390492800001,-105.408,65.323,317.843,1.0
9.7,128.194259,37.92416,5580.185436,-109.362,65.025,315.501,1.0
9.8,128.194246,37.92422,5593.9422792000005,-112.069,64.677,313.252,1.0
9.9,128.194231,37.92428,5607.664070400001,-112.979,64.338,311.307,1.0
10.0,128.194214,37.924339,5621.3498952,-112.312,64.024,309.613,1.0
10.1,128.194195,37.924398,5634.997620000001,-110.779,63.728,308.022,1.0
10.2,128.194175,37.924456,5648.602368,-109.828,63.401,306.3,1.0
10.3,128.194151,37.924512,5662.1571288000005,-109.992,63.062,304.515,1.0
10.4,128.194124,37.924568,5675.656416,-111.245,62.715,302.681,1.0
10.5,128.194095,37.924622,5689.0974864,-113.386,62.346,300.803,1.0
10.6,128.194062,37.924674,5702.4775968,-116.088,61.938,298.907,1.0
10.7,128.194027,37.924726,5715.7933944,-119.053,61.475,297.031,1.0
10.8,128.193989,37.924776,5729.0409168,-121.991,60.949,295.211,1.0
10.9,128.193949,37.924826,5742.21864,-124.562,60.365,293.469,1.0
11.0,128.193907,37.924874,5755.3244304,-126.434,59.736,291.814,1.0
11.1,128.193862,37.924922,5768.3604216,-127.233,59.087,290.235,1.0
11.2,128.193816,37.924968,5781.3266136,-126.98,58.439,288.732,1.0
11.3,128.193767,37.925014,5794.212947999999,-126.405,57.797,287.322,1.0
11.4,128.193716,37.925059,5807.0093664,-126.096,57.164,285.99,1.0
11.5,128.193662,37.925102,5819.711296800001,-126.211,56.542,284.698,1.0
11.6,128.193606,37.925144,5832.3163008,-126.787,55.925,283.423,1.0
11.7,128.193547,37.925184,5844.8231592,-127.76,55.303,282.159,1.0
11.8,128.193486,37.925224,5857.2309576,-129.002,54.666,280.908,1.0
11.9,128.193423,37.925262,5869.5372576,-130.369,54.01,279.678,1.0
12.0,128.193358,37.925298,5881.7411448,-131.73,53.329,278.48,1.0
12.1,128.193291,37.925334,5893.8395712,-132.981,52.622,277.321,1.0
12.2,128.193221,37.925368,5905.8304032,-134.063,51.891,276.207,1.0
12.3,128.19315,37.925401,5917.710592800001,-134.954,51.136,275.14,1.0
12.4,128.193076,37.925433,5929.4767872,-135.657,50.364,274.118,1.0
12.5,128.193001,37.925464,5941.126243199999,-136.183,49.577,273.136,1.0
12.6,128.192923,37.925494,5952.6565224000005,-136.555,48.781,272.188,1.0
12.7,128.192844,37.925522,5964.0642720000005,-136.815,47.978,271.268,1.0
12.8,128.192762,37.925549,5975.346444,-137.01,47.171,270.373,1.0
12.9,128.192679,37.925575,5986.499990400001,-137.189,46.362,269.498,1.0
13.0,128.192594,37.925599,5997.5224728,-137.386,45.551,268.639,1.0
13.1,128.192507,37.925622,6008.411148,-137.621,44.737,267.794,1.0
13.2,128.192418,37.925644,6019.1638824,-137.907,43.92,266.963,1.0
13.3,128.192327,37.925665,6029.777932800001,-138.244,43.097,266.144,1.0
13.4,128.192235,37.925684,6040.251165600001,-138.632,42.268,265.34,1.0
13.5,128.19214,37.925702,6050.5808376,-139.063,41.431,264.55,1.0
13.6,128.192045,37.925718,6060.765120000001,-139.527,40.584,263.776,1.0
13.7,128.191947,37.925734,6070.8012696000005,-140.004,39.726,263.019,1.0
13.8,128.191848,37.925748,6080.6880672,-140.463,38.857,262.279,1.0
13.9,128.191747,37.92576,6090.4242936,-140.858,37.979,261.555,1.0
14.0,128.191645,37.925772,6100.0093392,-141.145,37.093,260.847,1.0
14.1,128.191541,37.925782,6109.4419848,-141.291,36.202,260.151,1.0
14.2,128.191436,37.925791,6118.721011200001,-141.298,35.308,259.467,1.0
14.3,128.191329,37.925799,6127.843370400001,-141.193,34.415,258.793,1.0
14.4,128.191221,37.925805,6136.806624000001,-141.011,33.524,258.127,1.0
14.5,128.191112,37.92581,6145.6098576,-140.767,32.636,257.464,1.0
14.6,128.191001,37.925814,6154.2515472000005,-140.47,31.755,256.803,1.0
14.7,128.190889,37.925816,6162.7310832,-140.127,30.88,256.141,1.0
14.8,128.190776,37.925818,6171.0475512,-139.744,30.014,255.476,1.0
14.9,128.190661,37.925818,6179.200036800001,-139.329,29.156,254.807,1.0
15.0,128.190546,37.925816,6187.1873208,-138.889,28.308,254.133,1.0
15.1,128.190429,37.925814,6195.0087936,-138.434,27.47,253.453,1.0
15.2,128.190311,37.925809,6202.6638456,-137.968,26.641,252.767,1.0
15.3,128.190192,37.925804,6210.1518672,-137.496,25.822,252.075,1.0
15.4,128.190072,37.925797,6217.4722488,-137.016,25.012,251.377,1.0
15.5,128.189951,37.925789,6224.6243808,-136.525,24.211,250.674,1.0
15.6,128.189829,37.92578,6231.6079584,-136.019,23.42,249.964,1.0
15.7,128.189706,37.925769,6238.4232864000005,-135.49,22.637,249.249,1.0
15.8,128.189583,37.925757,6245.070060000001,-134.934,21.864,248.528,1.0
15.9,128.189458,37.925744,6251.5476696000005,-134.345,21.1,247.802,1.0
16.0,128.189333,37.925729,6257.856420000001,-133.72,20.346,247.07,1.0
16.1,128.189207,37.925712,6263.9963112000005,-133.057,19.603,246.333,1.0
16.2,128.189081,37.925695,6269.9673432,-132.359,18.87,245.591,1.0
16.3,128.188953,37.925676,6275.7692112,-131.627,18.149,244.842,1.0
16.4,128.188826,37.925655,6281.401915200001,-130.865,17.44,244.088,1.0
16.5,128.188697,37.925633,6286.865760000001,-130.081,16.743,243.328,1.0
16.6,128.188568,37.92561,6292.159831200001,-129.298,16.07,242.578,1.0
16.7,128.188439,37.925585,6297.2829096000005,-128.565,15.458,241.889,1.0
16.8,128.188309,37.925558,6302.2343856,-127.92,14.927,241.293,1.0
16.9,128.188179,37.925531,6307.0173072,-127.351,14.461,240.773,1.0
17.0,128.188049,37.925501,6311.6347224,-126.822,14.04,240.305,1.0
17.1,128.187918,37.925471,6316.0905936,-126.293,13.645,239.867,1.0
17.2,128.187787,37.925438,6320.3873592,-125.73,13.262,239.441,1.0
17.3,128.187656,37.925405,6324.5280672,-125.107,12.881,239.016,1.0
17.4,128.187524,37.92537,6328.515156,-124.408,12.496,238.581,1.0
17.5,128.187392,37.925334,6332.3507592000005,-123.628,12.101,238.131,1.0
17.6,128.18726,37.925297,6336.0367056000005,-122.766,11.695,237.659,1.0
17.7,128.187128,37.925258,6339.575128800001,-121.828,11.278,237.162,1.0
17.8,128.186995,37.925218,6342.967248,-120.817,10.851,236.64,1.0
17.9,128.186862,37.925177,6346.2145872,-119.743,10.418,236.092,1.0
18.0,128.18673,37.925134,6349.318670400001,-118.623,9.979,235.518,1.0
18.1,128.186597,37.92509,6352.2801072,-117.48,9.539,234.919,1.0
18.2,128.186464,37.925045,6355.1001168,-116.332,9.099,234.296,1.0
18.3,128.186331,37.924998,6357.779613600001,-115.195,8.662,233.649,1.0
18.4,128.186198,37.92495,6360.3204264000005,-114.078,8.229,232.981,1.0
18.5,128.186066,37.924901,6362.723164800001,-112.986,7.803,232.293,1.0
18.6,128.185933,37.92485,6364.9896576,-111.919,7.385,231.588,1.0
18.7,128.185801,37.924798,6367.121124,-110.873,6.976,230.867,1.0
18.8,128.185668,37.924744,6369.1187832000005,-109.841,6.577,230.134,1.0
18.9,128.185536,37.924689,6370.9841592,-108.821,6.189,229.387,1.0
19.0,128.185405,37.924633,6372.7190808000005,-107.81,5.811,228.627,1.0
19.1,128.185273,37.924575,6374.3244624,-106.805,5.443,227.854,1.0
19.2,128.185142,37.924516,6375.801828000001,-105.806,5.084,227.067,1.0
19.3,128.185011,37.924455,6377.152396800001,-104.815,4.735,226.265,1.0
19.4,128.184881,37.924393,6378.3783023999995,-103.834,4.395,225.448,1.0
19.5,128.184752,37.924329,6379.4804592,-102.864,4.065,224.616,1.0
19.6,128.184623,37.924264,6380.461000800001,-101.904,3.745,223.769,1.0
19.7,128.184494,37.924197,6381.3211464000005,-100.953,3.436,222.909,1.0
19.8,128.184366,37.924129,6382.0630296,-100.006,3.137,222.035,1.0
19.9,128.184239,37.924059,6382.688479200001,-99.057,2.851,221.147,1.0
20.0,128.184113,37.923988,6383.199628800001,-98.098,2.577,220.248,1.0
20.1,128.183987,37.923915,6383.5983072,-97.112,2.317,219.338,1.0
20.2,128.183863,37.92384,6383.8869528,-96.086,2.073,218.42,1.0
20.3,128.183739,37.923764,6384.068004,-95.008,1.847,217.494,1.0
20.4,128.183616,37.923687,6384.1445088,-93.869,1.639,216.563,1.0
20.5,128.183494,37.923608,6384.1186008,-92.663,1.454,215.63,1.0
20.6,128.183373,37.923527,6383.994242400001,-91.379,1.293,214.698,1.0
20.7,128.183254,37.923445,6383.7741768000005,-90.008,1.159,213.773,1.0
20.8,128.183135,37.923361,6383.4626712,-88.537,1.055,212.862,1.0
20.9,128.183018,37.923276,6383.0633832,-86.967,0.982,211.974,1.0
21.0,128.182901,37.923189,6382.5811896,-85.311,0.943,211.115,1.0
21.1,128.182786,37.923101,6382.0209672,-83.602,0.937,210.289,1.0
21.2,128.182673,37.923012,6381.387592800001,-81.877,0.963,209.492,1.0
21.3,128.18256,37.92292,6380.6868576,-80.189,1.021,208.72,1.0
21.4,128.182449,37.922827,6379.9251624,-78.615,1.109,207.966,1.0
21.5,128.18234,37.922733,6379.1092128,-77.277,1.221,207.217,1.0
21.6,128.182232,37.922637,6378.2469336,-76.342,1.351,206.457,1.0
21.7,128.182126,37.92254,6377.3453352,-75.939,1.49,205.682,1.0
21.8,128.182021,37.922441,6376.407770400001,-76.064,1.625,204.897,1.0
21.9,128.181919,37.92234,6375.4357632,-76.654,1.744,204.105,1.0
22.0,128.181819,37.922238,6374.4277896,-77.563,1.833,203.319,1.0
22.1,128.18172,37.922134,6373.3801920000005,-78.594,1.884,202.55,1.0
22.2,128.181623,37.922029,6372.2893128000005,-79.537,1.893,201.805,1.0
22.3,128.181528,37.921923,6371.1508848,-80.161,1.863,201.087,1.0
22.4,128.181435,37.921815,6369.9606408,-80.259,1.807,200.379,1.0
22.5,128.181343,37.921706,6368.718276,-79.744,1.736,199.656,1.0
22.6,128.181252,37.921595,6367.424704800001,-78.646,1.666,198.901,1.0
22.7,128.181164,37.921483,6366.0829752,-77.037,1.607,198.121,1.0
22.8,128.181077,37.92137,6364.698268800001,-75.024,1.568,197.348,1.0
22.9,128.180992,37.921256,6363.2763768,-72.755,1.559,196.596,1.0
23.0,128.180908,37.921141,6361.825833600001,-70.426,1.588,195.865,1.0
23.1,128.180827,37.921024,6360.3570024,-68.283,1.659,195.148,1.0
23.2,128.180747,37.920906,6358.881770400001,-66.612,1.768,194.434,1.0
23.3,128.18067,37.920786,6357.412024800001,-65.658,1.908,193.713,1.0
23.4,128.180595,37.920666,6355.953556800001,-65.447,2.067,192.979,1.0
23.5,128.180522,37.920544,6354.5051472000005,-65.774,2.218,192.237,1.0
23.6,128.180451,37.920421,6353.0661864,-66.485,2.337,191.489,1.0
23.7,128.180383,37.920297,6351.6394176,-67.654,2.409,190.733,1.0
23.8,128.180317,37.920172,6350.21844,-69.06,2.443,189.955,1.0
23.9,128.180253,37.920045,6348.7898424,-70.238,2.446,189.168,1.0
24.0,128.180191,37.919918,6347.3469192,-71.017,2.419,188.372,1.0
24.1,128.180131,37.91979,6345.887232,-71.328,2.366,187.568,1.0
24.2,128.180073,37.91966,6344.403770400001,-70.908,2.307,186.753,1.0
24.3,128.180017,37.91953,6342.8974488,-69.851,2.256,185.917,1.0
24.4,128.179963,37.919399,6341.382288000001,-68.746,2.22,185.023,1.0
24.5,128.179912,37.919267,6339.867432,-67.887,2.212,184.066,1.0
24.6,128.179863,37.919134,6338.3541000000005,-67.214,2.245,183.065,1.0
24.7,128.179816,37.919,6336.8511312,-66.982,2.31,182.021,1.0
24.8,128.179772,37.918866,6335.365536,-67.368,2.399,180.93,1.0
24.9,128.179732,37.918731,6333.8967048,-68.306,2.496,179.804,1.0
25.0,128.179694,37.918595,6332.4431136,-69.693,2.578,178.662,1.0
25.1,128.179659,37.918459,6331.0001904,-71.406,2.627,177.512,1.0
25.2,128.179627,37.918322,6329.5624488,-73.321,2.626,176.358,1.0
25.3,128.179598,37.918185,6328.122573600001,-75.318,2.566,175.201,1.0
25.4,128.179572,37.918047,6326.6732496,-77.293,2.438,174.041,1.0
25.5,128.179549,37.917909,6325.205942400001,-79.162,2.241,172.877,1.0
25.6,128.17953,37.917771,6323.712727200001,-80.865,1.977,171.707,1.0
25.7,128.179513,37.917633,6322.185984000001,-82.365,1.65,170.534,1.0
25.8,128.1795,37.917495,6320.6180928,-83.651,1.267,169.36,1.0
25.9,128.179489,37.917357,6319.0029576,-84.73,0.836,168.188,1.0
26.0,128.179482,37.917219,6317.335092,-85.623,0.367,167.022,1.0
26.1,128.179478,37.917081,6315.6087048,-86.276,-0.122,165.865,1.0
26.2,128.179477,37.916944,6313.8186144,-86.55,-0.613,164.719,1.0
26.3,128.179479,37.916806,6311.9636016,-86.562,-1.098,163.59,1.0
26.4,128.179484,37.91667,6310.042752000001,-86.499,-1.574,162.482,1.0
26.5,128.179493,37.916533,6308.055456000001,-86.498,-2.037,161.392,1.0
26.6,128.179504,37.916397,6305.9998848,-86.555,-2.482,160.315,1.0
26.7,128.179518,37.916261,6303.875124000001,-86.593,-2.909,159.245,1.0
26.8,128.179536,37.916125,6301.6793448,-86.495,-3.315,158.183,1.0
26.9,128.179556,37.91599,6299.4110232,-86.094,-3.693,157.128,1.0
27.0,128.179579,37.915856,6297.0729024,-85.823,-4.055,156.085,1.0
27.1,128.179606,37.915721,6294.665592,-85.8,-4.407,155.051,1.0
27.2,128.179635,37.915588,6292.1890920000005,-86.02,-4.754,154.019,1.0
27.3,128.179668,37.915455,6289.6412688,-86.46,-5.102,152.983,1.0
27.4,128.179704,37.915322,6287.0199888,-87.084,-5.456,151.941,1.0
27.5,128.179743,37.91519,6284.322204,-87.851,-5.824,150.891,1.0
27.6,128.179785,37.915059,6281.544256800001,-88.718,-6.212,149.833,1.0
27.7,128.17983,37.914928,6278.6815752,-89.643,-6.624,148.766,1.0
27.8,128.179879,37.914798,6275.729892,-90.589,-7.063,147.691,1.0
27.9,128.17993,37.914669,6272.6840256,-91.524,-7.531,146.608,1.0
28.0,128.179985,37.914541,6269.539404,-92.423,-8.027,145.519,1.0
28.1,128.180042,37.914413,6266.291760000001,-93.269,-8.552,144.423,1.0
28.2,128.180103,37.914287,6262.935912,-94.054,-9.104,143.323,1.0
28.3,128.180166,37.914161,6259.4685072,-94.776,-9.679,142.218,1.0
28.4,128.180233,37.914036,6255.8849736,-95.437,-10.273,141.111,1.0
28.5,128.180302,37.913912,6252.1813488,-96.046,-10.883,140.001,1.0
28.6,128.180375,37.913789,6248.3539752,-96.609,-11.505,138.889,1.0
28.7,128.18045,37.913668,6244.399195200001,-97.135,-12.137,137.775,1.0
28.8,128.180528,37.913548,6240.313960800001,-97.629,-12.779,136.659,1.0
28.9,128.18061,37.913428,6236.094919200001,-98.103,-13.427,135.54,1.0
29.0,128.180693,37.913311,6231.7390224,-98.569,-14.078,134.418,1.0
29.1,128.18078,37.913194,6227.2432224,-99.036,-14.724,133.291,1.0
29.2,128.180869,37.913079,6222.6050808,-99.502,-15.369,132.16,1.0
29.3,128.180961,37.912965,6217.8215496,-99.957,-16.018,131.026,1.0
29.4,128.181056,37.912853,6212.889276,-100.394,-16.675,129.89,1.0
29.5,128.181153,37.912743,6207.8055168,-100.81,-17.344,128.752,1.0
29.6,128.181253,37.912634,6202.567528800001,-101.205,-18.023,127.613,1.0
29.7,128.181356,37.912527,6197.1719592,-101.584,-18.713,126.47,1.0
29.8,128.18146,37.912421,6191.6163696,-101.952,-19.412,125.323,1.0
29.9,128.181568,37.912317,6185.897712,-102.313,-20.121,124.173,1.0
30.0,128.181677,37.912215,6180.013548,-102.674,-20.837,123.017,1.0
30.1,128.181789,37.912115,6173.9611343999995,-103.038,-21.561,121.856,1.0
30.2,128.181904,37.912017,6167.737728,-103.41,-22.293,120.69,1.0
30.3,128.18202,37.91192,6161.3405856,-103.793,-23.032,119.517,1.0
30.4,128.182139,37.911826,6154.7666592000005,-104.187,-23.779,118.338,1.0
30.5,128.182259,37.911734,6148.013510400001,-104.593,-24.533,117.152,1.0
30.6,128.182382,37.911644,6141.078396000001,-105.011,-25.297,115.959,1.0
30.7,128.182507,37.911556,6133.9579632,-105.44,-26.069,114.76,1.0
30.8,128.182633,37.91147,6126.650078400001,-105.878,-26.851,113.553,1.0
30.9,128.182762,37.911386,6119.151084000001,-106.323,-27.644,112.338,1.0
31.0,128.182892,37.911305,6111.4582368,-106.774,-28.447,111.116,1.0
31.1,128.183023,37.911226,6103.5687935999995,-107.231,-29.261,109.886,1.0
31.2,128.183156,37.91115,6095.4794016000005,-107.694,-30.084,108.646,1.0
31.3,128.183291,37.911076,6087.186708,-108.174,-30.906,107.393,1.0
31.4,128.183427,37.911004,6078.6870552,-108.673,-31.721,106.125,1.0
31.5,128.183564,37.910935,6069.9780048,-109.17,-32.537,104.843,1.0
31.6,128.183703,37.910868,6061.056204,-109.647,-33.361,103.551,1.0
31.7,128.183842,37.910804,6051.9189096,-110.092,-34.196,102.247,1.0
31.8,128.183982,37.910742,6042.563988000001,-110.5,-35.045,100.933,1.0
31.9,128.184124,37.910683,6032.9883912000005,-110.871,-35.907,99.606,1.0
32.0,128.184266,37.910627,6023.1902904,-111.206,-36.78,98.267,1.0
32.1,128.184409,37.910574,6013.1666376,-111.51,-37.664,96.913,1.0
32.2,128.184552,37.910523,6002.9162136,-111.788,-38.557,95.544,1.0
32.3,128.184695,37.910475,5992.441152000001,-111.745,-39.44,94.146,1.0
32.4,128.184839,37.910429,5981.7554736,-110.672,-40.275,92.698,1.0
32.5,128.184983,37.910386,5970.859178400001,-108.934,-41.07,91.225,1.0
32.6,128.185128,37.910345,5959.7373312,-107.478,-41.841,89.755,1.0
32.7,128.185272,37.910308,5948.390236800001,-106.398,-42.573,88.264,1.0
32.8,128.185416,37.910274,5936.8206384000005,-105.71,-43.267,86.736,1.0
32.9,128.18556,37.910243,5925.030060000001,-105.392,-43.936,85.165,1.0
33.0,128.185704,37.910215,5913.0197208,-105.395,-44.593,83.549,1.0
33.1,128.185848,37.910191,5900.7890112000005,-105.656,-45.252,81.888,1.0
33.2,128.185991,37.91017,5888.3370168,-106.105,-45.927,80.185,1.0
33.3,128.186133,37.910153,5875.661604,-106.674,-46.628,78.44,1.0
33.4,128.186274,37.910138,5862.76704,-106.825,-47.334,76.637,1.0
33.5,128.186414,37.910127,5849.674051200001,-105.566,-47.997,74.754,1.0
33.6,128.186554,37.910118,5836.3899528,-103.377,-48.623,72.827,1.0
33.7,128.186692,37.910112,5822.916268800001,-100.657,-49.186,70.884,1.0
33.8,128.186829,37.910109,5809.249341600001,-97.936,-49.684,68.94,1.0
33.9,128.186965,37.910109,5795.380332000001,-95.933,-50.132,66.999,1.0
34.0,128.1871,37.910114,5781.317164800001,-94.671,-50.522,65.021,1.0
34.1,128.187232,37.910122,5767.0671552,-94.073,-50.869,62.984,1.0
34.2,128.187363,37.910134,5752.6345704000005,-94.017,-51.199,60.882,1.0
34.3,128.187492,37.91015,5738.0209343999995,-94.366,-51.536,58.717,1.0
34.4,128.187618,37.91017,5723.2274664,-94.981,-51.9,56.491,1.0
34.5,128.187743,37.910192,5708.260872,-95.245,-52.276,54.196,1.0
34.6,128.187865,37.910218,5693.1370008,-94.269,-52.636,51.83,1.0
34.7,128.187984,37.910247,5677.86012,-92.862,-53.0,49.434,1.0
34.8,128.188101,37.910278,5662.435106400001,-91.189,-53.343,47.027,1.0
34.9,128.188216,37.910313,5646.8674464000005,-89.29,-53.641,44.614,1.0
35.0,128.188328,37.91035,5631.1638456,-87.146,-53.879,42.206,1.0
35.1,128.188437,37.910391,5615.3310096000005,-84.749,-54.045,39.813,1.0
35.2,128.188543,37.910434,5599.377777600001,-82.213,-54.136,37.448,1.0
35.3,128.188646,37.91048,5583.3105504000005,-79.978,-54.164,35.117,1.0
35.4,128.188746,37.910529,5567.136033600001,-78.552,-54.147,32.806,1.0
35.5,128.188842,37.910582,5550.8578848,-77.855,-54.095,30.484,1.0
35.6,128.188934,37.910638,5534.4812856,-77.746,-54.024,28.124,1.0
35.7,128.189022,37.910698,5518.0150752,-77.896,-53.945,25.712,1.0
35.8,128.189107,37.91076,5501.4601680000005,-77.289,-53.837,23.26,1.0
35.9,128.189189,37.910824,5484.812296800001,-75.122,-53.682,20.816,1.0
36.0,128.189267,37.91089,5468.080910400001,-72.211,-53.494,18.429,1.0
36.1,128.189342,37.910959,5451.282468,-69.318,-53.263,16.128,1.0
36.2,128.189413,37.911031,5434.4431824,-67.406,-52.997,13.904,1.0
36.3,128.189479,37.911106,5417.5734168,-66.452,-52.685,11.722,1.0
36.4,128.18954,37.911183,5400.679572,-66.295,-52.34,9.537,1.0
36.5,128.189596,37.911263,5383.7695728,-66.743,-51.986,7.32,1.0
36.6,128.189648,37.911346,5366.8461624,-67.236,-51.628,5.063,1.0
36.7,128.189695,37.91143,5349.8892240000005,-66.659,-51.244,2.796,1.0
36.8,128.189739,37.911516,5332.8893088,-64.835,-50.839,0.563,1.0
36.9,128.18978,37.911604,5315.8625712,-62.293,-50.415,358.414,1.0
37.0,128.189815,37.911694,5298.8318712,-59.811,-49.968,356.363,1.0
37.1,128.189845,37.911786,5281.826164800001,-58.096,-49.489,354.391,1.0
37.2,128.18987,37.91188,5264.8649592,-57.369,-48.976,352.46,1.0
37.3,128.189889,37.911976,5247.9546552,-57.496,-48.433,350.532,1.0
37.4,128.189903,37.912074,5231.093424000001,-58.149,-47.878,348.585,1.0
37.5,128.189912,37.912173,5214.2635872,-58.541,-47.307,346.624,1.0
37.6,128.189917,37.912274,5197.445637600001,-57.978,-46.721,344.676,1.0
37.7,128.189917,37.912375,5180.6450616,-56.543,-46.131,342.771,1.0
37.8,128.189913,37.912478,5163.8813664,-54.648,-45.533,340.937,1.0
37.9,128.189903,37.912582,5147.178936,-52.816,-44.918,339.178,1.0
38.0,128.189888,37.912687,5130.5652024,-51.576,-44.282,337.478,1.0
38.1,128.189867,37.912794,5114.0645496,-51.25,-43.626,335.807,1.0
38.2,128.189841,37.912901,5097.6800256,-51.689,-42.951,334.136,1.0
38.3,128.189808,37.913009,5081.3951712,-52.291,-42.257,332.459,1.0
38.4,128.189771,37.913117,5065.190784,-52.44,-41.551,330.782,1.0
38.5,128.189729,37.913226,5049.0647303999995,-51.966,-40.848,329.123,1.0
38.6,128.189682,37.913335,5033.028288,-51.027,-40.149,327.497,1.0
38.7,128.18963,37.913445,5017.100049600001,-49.928,-39.449,325.915,1.0
38.8,128.189573,37.913555,5001.299522400001,-48.988,-38.74,324.374,1.0
38.9,128.189509,37.913665,4985.642556,-48.412,-38.016,322.866,1.0
39.0,128.189441,37.913775,4970.1370752,-48.213,-37.275,321.378,1.0
39.1,128.189367,37.913884,4954.7827752,-48.254,-36.52,319.903,1.0
39.2,128.189287,37.913994,4939.575998400001,-48.318,-35.756,318.438,1.0
39.3,128.189203,37.914103,4924.514916,-48.239,-34.987,316.985,1.0
39.4,128.189113,37.914212,4909.601661600001,-47.954,-34.218,315.549,1.0
39.5,128.189019,37.91432,4894.8429408,-47.5,-33.447,314.135,1.0
39.6,128.188919,37.914428,4880.249116800001,-46.985,-32.673,312.745,1.0
39.7,128.188814,37.914535,4865.8314672,-46.536,-31.894,311.38,1.0
39.8,128.188704,37.914641,4851.5997456000005,-46.242,-31.109,310.034,1.0
39.9,128.188589,37.914746,4837.5594384000005,-46.124,-30.316,308.704,1.0
40.0,128.188469,37.91485,4823.713288800001,-46.14,-29.517,307.383,1.0
40.1,128.188343,37.914953,4810.0616016,-46.214,-28.714,306.07,1.0
40.2,128.188213,37.915054,4796.6034624,-46.253,-27.908,304.765,1.0
40.3,128.188078,37.915155,4783.3379568,-46.167,-27.1,303.47,1.0
40.4,128.187938,37.915254,4770.2684376,-45.932,-26.29,302.189,1.0
40.5,128.187794,37.915351,4757.4040488,-45.627,-25.48,300.924,1.0
40.6,128.187645,37.915447,4744.7572872,-45.39,-24.668,299.673,1.0
40.7,128.187491,37.915541,4732.3382112,-45.328,-23.854,298.432,1.0
40.8,128.187332,37.915633,4720.152612000001,-45.471,-23.038,297.196,1.0
40.9,128.187169,37.915723,4708.202928000001,-45.778,-22.22,295.958,1.0
41.0,128.187001,37.915812,4696.48794,-46.175,-21.404,294.716,1.0
41.1,128.186829,37.915898,4685.0131344,-46.659,-20.596,293.465,1.0
41.2,128.186652,37.915981,4673.793446400001,-47.454,-19.81,292.191,1.0
41.3,128.18647,37.916062,4662.8401536,-48.752,-19.049,290.883,1.0
41.4,128.186285,37.916141,4652.1267384,-50.077,-18.294,289.548,1.0
41.5,128.186096,37.916216,4641.617234400001,-50.803,-17.542,288.196,1.0
41.6,128.185902,37.91629,4631.3238336,-51.115,-16.819,286.831,1.0
41.7,128.185705,37.916359,4621.2803688,-51.686,-16.138,285.449,1.0
41.8,128.185504,37.916426,4611.5063472,-52.915,-15.491,284.039,1.0
41.9,128.1853,37.916489,4601.983176000001,-54.582,-14.864,282.595,1.0
42.0,128.185092,37.916548,4592.6858616,-56.279,-14.262,281.114,1.0
42.1,128.184881,37.916604,4583.5967256,-57.79,-13.698,279.597,1.0
42.2,128.184667,37.916656,4574.705709600001,-59.018,-13.188,278.062,1.0
42.3,128.18445,37.916704,4566.0128136,-60.13,-12.745,276.527,1.0
42.4,128.184231,37.916748,4557.507979200001,-61.14,-12.344,274.971,1.0
42.5,128.184009,37.916788,4549.1845008,-61.984,-12.041,273.455,1.0
42.6,128.183785,37.916824,4541.052132000001,-63.232,-12.031,272.273,1.0
42.7,128.183559,37.916855,4533.093804,-65.42,-12.464,271.86,1.0
42.8,128.183332,37.916882,4525.2708072000005,-68.615,-13.072,271.77,1.0
42.9,128.183103,37.916905,4517.5438224,-72.792,-13.639,271.504,1.0
43.0,128.182873,37.916924,4509.8732256,-77.926,-14.151,270.934,1.0
43.1,128.182642,37.91694,4502.217259200001,-83.984,-14.664,270.085,1.0
43.2,128.18241,37.916952,4494.5338608,-90.865,-15.219,268.871,1.0
43.3,128.182179,37.91696,4486.7800536,-98.416,-15.877,267.355,1.0
43.4,128.181947,37.916965,4478.9134704,-106.307,-16.736,265.673,1.0
43.5,128.181715,37.916967,4470.899364,-113.6,-17.893,263.669,1.0
43.6,128.181485,37.916967,4462.701768,-119.961,-19.358,261.581,1.0
43.7,128.181255,37.916963,4454.2621608,-126.05,-21.11,259.597,1.0
43.8,128.181026,37.916956,4445.5268976,-132.182,-23.115,257.765,1.0
43.9,128.180799,37.916946,4436.4728136,-137.545,-25.322,256.053,1.0
44.0,128.180573,37.916934,4427.117892,-140.713,-27.553,254.536,1.0
44.1,128.180348,37.916921,4417.4880408,-141.107,-29.707,253.21,1.0
44.2,128.180124,37.916905,4407.5546088,-139.35,-31.706,252.026,1.0
44.3,128.179902,37.916888,4397.3413704,-135.71,-33.491,250.878,1.0
44.4,128.179682,37.916869,4386.7766976,-133.206,-35.111,249.769,1.0
44.5,128.179466,37.916846,4375.7798184,-132.513,-36.572,248.614,1.0
44.6,128.179254,37.91682,4364.3089752000005,-133.374,-37.96,247.407,1.0
44.7,128.179046,37.916791,4352.364777600001,-135.452,-39.396,246.208,1.0
44.8,128.178842,37.916758,4339.947835200001,-138.507,-40.929,245.057,1.0
44.9,128.178644,37.916723,4327.0621104,-141.983,-42.547,243.953,1.0
45.0,128.178448,37.916686,4313.748446400001,-144.723,-44.224,242.886,1.0
45.1,128.178257,37.916647,4300.0114152,-146.629,-45.953,241.895,1.0
45.2,128.17807,37.916606,4285.8296808,-148.215,-47.717,241.0,1.0
45.3,128.177888,37.916564,4271.1901368,-149.874,-49.505,240.18,1.0
45.4,128.17771,37.916521,4256.0906496,-151.773,-51.313,239.421,1.0
45.5,128.177537,37.916477,4240.5342672,-153.925,-53.141,238.722,1.0
45.6,128.17737,37.916433,4224.5283048,-156.28,-54.991,238.098,1.0
45.7,128.177207,37.916388,4208.080077600001,-158.786,-56.861,237.572,1.0
45.8,128.17705,37.916344,4191.1975104,-161.404,-58.748,237.166,1.0
45.9,128.176898,37.916299,4173.8903568000005,-164.107,-60.647,236.902,1.0
46.0,128.176751,37.916255,4156.167456,-166.885,-62.551,236.807,1.0
46.1,128.176609,37.916212,4138.0403904,-169.728,-64.454,236.904,1.0
46.2,128.176472,37.91617,4119.5219616,-172.606,-66.348,237.22,1.0
46.3,128.17634,37.91613,4100.6255808,-175.472,-68.225,237.782,1.0
46.4,128.176214,37.916091,4081.366488,-178.268,-70.077,238.616,1.0
46.5,128.176092,37.916054,4061.7596184000004,179.054,-71.895,239.751,1.0
46.6,128.175975,37.916019,4041.8196024000003,176.518,-73.672,241.224,1.0
46.7,128.175863,37.915985,4021.5604608,174.106,-75.402,243.074,1.0
46.8,128.175756,37.915954,4000.9953,171.746,-77.08,245.349,1.0
46.9,128.175654,37.915925,3980.1363120000005,169.285,-78.705,248.129,1.0
47.0,128.175557,37.915899,3958.9935552,166.352,-80.273,251.594,1.0
47.1,128.175465,37.915875,3937.5773928000003,162.287,-81.779,256.097,1.0
47.2,128.175379,37.915853,3915.9003216,156.159,-83.208,262.302,1.0
47.3,128.1753,37.915834,3893.9788008000005,146.569,-84.519,271.466,1.0
47.4,128.175226,37.915819,3871.8329472,131.32,-85.613,285.656,1.0
47.5,128.175158,37.915806,3849.4874496,107.764,-86.26,307.068,1.0
47.6,128.175098,37.915797,3826.9691304000003,78.878,-86.118,332.149,1.0
47.7,128.175044,37.915792,3804.3042024,54.587,-85.187,351.22,1.0
47.8,128.174996,37.915791,3781.5069912000004,37.655,-83.828,2.805,1.0
47.9,128.174953,37.915794,3758.5717056000003,27.516,-82.245,9.415,1.0
48.0,128.174914,37.9158,3735.502308,22.148,-80.547,12.669,1.0
48.1,128.174878,37.915811,3712.305504,20.122,-78.841,14.335,1.0
48.2,128.174846,37.915824,3688.9925712000004,20.368,-77.165,15.268,1.0
48.3,128.174818,37.915841,3665.5808832,21.869,-75.548,15.956,1.0
48.4,128.174794,37.915863,3642.088728,23.692,-74.01,16.771,1.0
48.5,128.174774,37.915888,3618.5301264,25.177,-72.573,18.013,1.0
48.6,128.174758,37.915916,3594.9139176,26.126,-71.259,19.817,1.0
48.7,128.174747,37.915948,3571.2471120000005,26.805,-70.072,22.067,1.0
48.8,128.17474,37.915984,3547.5376344,27.637,-68.986,24.496,1.0
48.9,128.174738,37.916022,3523.797372,28.801,-67.967,26.882,1.0
49.0,128.174741,37.916064,3500.039736,30.126,-66.984,29.157,1.0
49.1,128.174749,37.916108,3476.2766136,31.319,-66.03,31.397,1.0
49.2,128.174763,37.916154,3452.5180632,32.221,-65.106,33.671,1.0
49.3,128.174782,37.916203,3428.7732288,32.853,-64.199,35.971,1.0
49.4,128.174808,37.916255,3405.0536928,32.484,-63.108,38.143,1.0
49.5,128.174841,37.916308,3381.4170624000003,28.949,-61.724,40.0,1.0
49.6,128.174883,37.916365,3357.925212,23.032,-60.279,41.564,1.0
49.7,128.174931,37.916424,3334.5830184,17.382,-58.879,43.02,1.0
49.8,128.174986,37.916486,3311.3545152,15.587,-57.558,44.452,1.0
49.9,128.175046,37.91655,3288.202212,17.007,-56.185,45.69,1.0
50.0,128.175111,37.916616,3265.176096,19.415,-54.811,46.845,1.0
50.1,128.175182,37.916684,3242.3121336,20.913,-53.387,47.855,1.0
50.2,128.175261,37.916754,3219.692316,18.968,-51.88,48.599,1.0
50.3,128.175349,37.916828,3197.3952816,14.233,-50.345,49.217,1.0
50.4,128.175444,37.916904,3175.4057904,9.542,-48.783,49.911,1.0
50.5,128.175544,37.916982,3153.6631872000003,8.816,-47.202,50.707,1.0
50.6,128.175649,37.917062,3132.121752,11.077,-45.623,51.369,1.0
50.7,128.17576,37.917144,3110.8509792,14.021,-44.108,52.022,1.0
50.8,128.175877,37.917229,3089.8938456,15.888,-42.611,52.594,1.0
50.9,128.176001,37.917315,3069.3475824,14.163,-41.097,52.961,1.0
51.0,128.176133,37.917403,3049.2880848000004,9.706,-39.557,53.247,1.0
51.1,128.176272,37.917494,3029.712,3.863,-37.958,53.355,1.0
51.2,128.176418,37.917588,3010.6860792,-2.079,-36.321,53.391,1.0
51.3,128.176568,37.917685,2992.1204064,-3.417,-34.627,53.474,1.0
51.4,128.176722,37.917784,2973.9125688000004,-1.177,-32.914,53.449,1.0
51.5,128.17688,37.917885,2956.0848168,2.166,-31.254,53.444,1.0
51.6,128.177042,37.917988,2938.6950624000006,5.523,-29.669,53.587,1.0
51.7,128.177208,37.918093,2921.7838440000005,7.658,-28.126,53.755,1.0
51.8,128.17738,37.9182,2905.4779584,6.021,-26.59,53.834,1.0
51.9,128.177558,37.918309,2889.8871336,1.29,-25.038,53.824,1.0
52.0,128.177741,37.91842,2874.9997872000004,-3.89,-23.427,53.807,1.0
52.1,128.177927,37.918534,2860.6872936000004,-4.554,-21.749,53.841,1.0
52.2,128.178115,37.918649,2846.8286472,-1.931,-20.058,53.79,1.0
52.3,128.178307,37.918766,2833.4607287999997,1.272,-18.42,53.76,1.0
52.4,128.178502,37.918885,2820.6539472,3.172,-16.835,53.745,1.0
52.5,128.178701,37.919006,2808.5536920000004,1.368,-15.277,53.655,1.0
52.6,128.178904,37.919128,2797.2590232000002,-3.433,-13.708,53.479,1.0
52.7,128.179109,37.919252,2786.698008,-8.334,-12.081,53.308,1.0
52.8,128.179316,37.919378,2776.7121504,-8.658,-10.397,53.171,1.0
52.9,128.179524,37.919506,2767.1911128,-5.697,-8.725,52.977,1.0
53.0,128.179735,37.919634,2758.2141432000003,-2.216,-7.122,52.813,1.0
53.1,128.179947,37.919765,2749.8809112,-0.356,-5.572,52.676,1.0
53.2,128.180161,37.919896,2742.3368064,-2.191,-4.041,52.485,1.0
53.3,128.180376,37.920029,2735.6574192000003,-6.997,-2.496,52.209,1.0
53.4,128.180592,37.920163,2729.7616728000003,-12.403,-0.898,51.881,1.0
53.5,128.180809,37.920299,2724.4743072,-14.544,0.749,51.524,1.0
53.6,128.181025,37.920435,2719.640484,-12.536,2.402,51.161,1.0
53.7,128.181242,37.920574,2715.2891592,-8.502,3.99,50.819,1.0
53.8,128.181459,37.920713,2711.5507872000003,-5.464,5.499,50.507,1.0
53.9,128.181676,37.920852,2708.5814256000003,-6.273,6.97,50.179,1.0
54.0,128.181892,37.920993,2706.4886688,-10.244,8.446,49.808,1.0
54.1,128.182107,37.921135,2705.2210056000004,-16.152,9.953,49.302,1.0
54.2,128.182321,37.921277,2704.6251216,-20.883,11.392,48.777,1.0
54.3,128.182533,37.921421,2704.5275856,-20.928,12.679,48.308,1.0
54.4,128.182744,37.921566,2704.8503688,-18.113,13.895,47.786,1.0
54.5,128.182953,37.921712,2705.6952744,-14.918,15.105,47.286,1.0
54.6,128.183161,37.921858,2707.1491704,-13.318,16.424,46.774,1.0
54.7,128.183367,37.922005,2709.3428160000003,-15.191,17.877,46.183,1.0
54.8,128.183569,37.922152,2712.3185784,-19.865,19.291,45.523,1.0
54.9,128.183768,37.9223,2715.98898,-24.714,20.458,44.943,1.0
55.0,128.183964,37.922449,2720.1708360000002,-25.485,21.454,44.479,1.0
55.1,128.184158,37.922598,2724.727596,-23.171,22.476,43.94,1.0
55.2,128.18435,37.922748,2729.6994936,-20.543,23.561,43.319,1.0
55.3,128.18454,37.922899,2735.2124112,-19.957,24.831,42.592,1.0
55.4,128.184725,37.923049,2741.3827824000005,-22.665,26.25,41.732,1.0
55.5,128.184906,37.9232,2748.1917096,-27.377,27.585,40.848,1.0
55.6,128.185083,37.923351,2755.4816112000003,-30.785,28.729,40.08,1.0
55.7,128.185259,37.923503,2763.1089263999997,-30.71,29.78,39.358,1.0
55.8,128.185431,37.923655,2771.0666448,-28.854,30.823,38.547,1.0
55.9,128.1856,37.923808,2779.4629704,-28.079,31.902,37.61,1.0
56.0,128.185764,37.92396,2788.4064120000003,-30.297,33.092,36.512,1.0
56.1,128.185923,37.924113,2797.9073328000004,-34.64,34.354,35.291,1.0
56.2,128.186077,37.924265,2807.8325352000006,-38.467,35.572,34.048,1.0
56.3,128.186227,37.924418,2818.084788,-40.369,36.702,32.763,1.0
56.4,128.186374,37.924572,2828.6686632,-40.908,37.769,31.395,1.0
56.5,128.186515,37.924725,2839.6286616,-41.713,38.824,29.87,1.0
56.6,128.18665,37.924879,2851.0223904,-44.298,39.888,28.152,1.0
56.7,128.186779,37.925032,2862.8248559999997,-47.864,40.945,26.347,1.0
56.8,128.186903,37.925186,2874.939132,-50.136,41.988,24.504,1.0
56.9,128.187022,37.92534,2887.3405296,-51.0,42.95,22.606,1.0
57.0,128.187134,37.925494,2900.0695872000006,-52.361,43.796,20.629,1.0
57.1,128.18724,37.925647,2913.1546512,-55.467,44.549,18.584,1.0
57.2,128.187338,37.925801,2926.5481728,-59.278,45.264,16.461,1.0
57.3,128.18743,37.925954,2940.1861440000002,-62.347,45.93,14.245,1.0
57.4,128.187515,37.926107,2954.0478384000003,-64.606,46.496,11.956,1.0
57.5,128.187594,37.92626,2968.1338656000003,-66.884,46.952,9.62,1.0
57.6,128.187666,37.926412,2982.4262424,-69.429,47.327,7.242,1.0
57.7,128.18773,37.926564,2996.9039376,-72.179,47.619,4.815,1.0
57.8,128.187787,37.926716,3011.5501872000004,-75.545,47.752,2.319,1.0
57.9,128.187836,37.926867,3026.3457888000003,-80.399,47.675,359.755,1.0
58.0,128.187876,37.927018,3041.2413647999997,-86.533,47.423,357.142,1.0
58.1,128.187908,37.927168,3056.1783936,-93.324,46.971,354.512,1.0
58.2,128.187932,37.927319,3071.1001824000004,-100.124,46.282,351.927,1.0
58.3,128.187949,37.927469,3085.9512576,-106.41,45.357,349.443,1.0
58.4,128.18796,37.92762,3100.696872,-111.2,44.255,347.101,1.0
58.5,128.187965,37.927771,3115.316604,-114.123,43.046,344.944,1.0
58.6,128.187965,37.927922,3129.7949088,-115.257,41.824,342.952,1.0
58.7,128.187959,37.928074,3144.1159368000003,-115.566,40.64,341.093,1.0
58.8,128.187946,37.928226,3158.2214712000005,-117.103,39.491,339.351,1.0
58.9,128.187925,37.928378,3172.073412,-119.638,38.36,337.661,1.0
59.0,128.187898,37.92853,3185.6912664,-121.893,37.214,335.988,1.0
59.1,128.187864,37.928682,3199.0631472,-123.627,35.987,334.407,1.0
59.2,128.187824,37.928835,3212.1671088000003,-125.014,34.709,332.919,1.0
59.3,128.187778,37.928987,3224.9778528,-126.636,33.443,331.471,1.0
59.4,128.187724,37.929139,3237.4295424,-129.416,32.115,330.121,1.0
59.5,128.187663,37.929291,3249.4913928,-133.178,30.704,328.854,1.0
59.6,128.187596,37.929443,3261.1362768,-137.653,29.175,327.69,1.0
59.7,128.187522,37.929595,3272.334324,-142.596,27.499,326.661,1.0
59.8,128.187443,37.929747,3283.0535304000005,-147.834,25.666,325.798,1.0
59.9,128.187358,37.929899,3293.2625016,-153.249,23.688,325.127,1.0
60.0,128.187269,37.930051,3302.9338056000006,-158.759,21.586,324.668,1.0
60.1,128.187175,37.930204,3312.0582984000002,-164.059,19.375,324.464,1.0
60.2,128.187079,37.930357,3320.6628024,-168.409,17.094,324.517,1.0
60.3,128.18698,37.930512,3328.7793216,-171.494,14.819,324.746,1.0
60.4,128.186878,37.930666,3336.3654888,-173.862,12.597,325.129,1.0
60.5,128.186775,37.930822,3343.3819848000003,-175.964,10.438,325.63,1.0
60.6,128.18667,37.930978,3349.808388,-178.058,8.338,326.199,1.0
60.7,128.186563,37.931136,3355.648356,179.851,6.294,326.78,1.0
60.8,128.186455,37.931293,3360.9241392000004,178.01,4.304,327.33,1.0
60.9,128.186347,37.931452,3365.6570736000003,176.726,2.372,327.876,1.0
61.0,128.186238,37.931611,3369.8462448,175.988,0.505,328.427,1.0
61.1,128.186129,37.931771,3373.4773272,175.582,-1.305,328.972,1.0
61.2,128.186019,37.931932,3376.5341664000002,175.268,-3.074,329.497,1.0
61.3,128.185909,37.932093,3379.0054848000004,174.864,-4.816,330.003,1.0
61.4,128.185799,37.932254,3380.8861008000003,174.273,-6.538,330.491,1.0
61.5,128.18569,37.932416,3382.1790624000005,173.503,-8.244,330.97,1.0
61.6,128.185581,37.932577,3382.885284,172.564,-9.936,331.451,1.0
61.7,128.185472,37.932739,3383.0053752000003,171.457,-11.614,331.944,1.0
61.8,128.185364,37.932902,3382.5375072,170.165,-13.277,332.46,1.0
61.9,128.185257,37.933064,3381.4804608,168.661,-14.924,333.01,1.0
62.0,128.185151,37.933226,3379.8333216,166.924,-16.555,333.605,1.0
62.1,128.185046,37.933388,3377.5982232,164.957,-18.168,334.256,1.0
62.2,128.184943,37.933549,3374.7800424,162.786,-19.76,334.971,1.0
62.3,128.184842,37.933711,3371.3860944,160.455,-21.327,335.761,1.0
62.4,128.184743,37.933872,3367.4258280000004,158.01,-22.864,336.631,1.0
62.5,128.184646,37.934033,3362.9077776000004,155.479,-24.365,337.585,1.0
62.6,128.184552,37.934194,3357.8389536,152.85,-25.826,338.626,1.0
62.7,128.18446,37.934355,3352.2236232000005,150.058,-27.247,339.747,1.0
62.8,128.184372,37.934515,3346.0657488000006,146.996,-28.626,340.948,1.0
62.9,128.184287,37.934675,3339.3717312,143.581,-29.961,342.237,1.0
63.0,128.184206,37.934834,3332.154372,139.791,-31.235,343.638,1.0
63.1,128.184129,37.934993,3324.429216,135.617,-32.426,345.179,1.0
63.2,128.184057,37.935151,3316.2127224,130.976,-33.513,346.874,1.0
63.3,128.18399,37.935308,3307.5225695999998,125.68,-34.471,348.737,1.0
63.4,128.183929,37.935466,3298.3877136,119.618,-35.274,350.784,1.0
63.5,128.183874,37.935622,3288.8547888000003,112.953,-35.893,353.009,1.0
63.6,128.183824,37.935779,3278.9753064,105.858,-36.291,355.387,1.0
63.7,128.183782,37.935935,3268.8035208,98.488,-36.434,357.872,1.0
63.8,128.183745,37.936091,3258.3964296000004,90.979,-36.3,0.406,1.0
63.9,128.183716,37.936247,3247.8134688000005,83.47,-35.881,2.924,1.0
64.0,128.183692,37.936404,3237.1113312,76.165,-35.184,5.359,1.0
64.1,128.183676,37.936561,3226.3451856,69.231,-34.227,7.648,1.0
64.2,128.183665,37.936719,3215.5729440000005,62.61,-33.028,9.741,1.0
64.3,128.183661,37.936878,3204.8543472,56.146,-31.593,11.593,1.0
64.4,128.183664,37.937038,3194.2470024000004,49.807,-29.948,13.184,1.0
64.5,128.183672,37.937199,3183.7935816,43.795,-28.165,14.533,1.0
64.6,128.183685,37.937361,3173.4943896000004,39.008,-26.394,15.608,1.0
64.7,128.183702,37.937524,3163.3305288,35.978,-24.826,16.355,1.0
64.8,128.183722,37.937688,3153.3096192000003,34.568,-23.48,16.897,1.0
64.9,128.183746,37.937854,3143.3941704000003,35.263,-22.375,17.344,1.0
65.0,128.183773,37.938021,3133.5661992,37.696,-21.402,17.783,1.0
65.1,128.183803,37.938189,3123.9201936000004,40.009,-20.413,18.313,1.0
65.2,128.183838,37.938357,3114.4744416000003,41.743,-19.412,18.982,1.0
65.3,128.183877,37.938527,3105.2158368000005,43.092,-18.399,19.789,1.0
65.4,128.183921,37.938697,3096.1513896000006,44.029,-17.374,20.701,1.0
65.5,128.183969,37.938868,3087.2966448,44.404,-16.333,21.695,1.0
65.6,128.184022,37.93904,3078.6799488000006,43.953,-15.253,22.756,1.0
65.7,128.184079,37.939212,3070.3229424,42.633,-14.122,23.868,1.0
65.8,128.184142,37.939384,3062.2164816,41.048,-12.975,24.984,1.0
65.9,128.184208,37.939557,3054.3468504,39.847,-11.855,26.049,1.0
66.0,128.184279,37.93973,3046.7125248,39.322,-10.775,27.05,1.0
66.1,128.184354,37.939904,3039.3199056000003,39.472,-9.736,28.008,1.0
66.2,128.184433,37.940078,3032.1784416000005,40.148,-8.727,28.959,1.0
66.3,128.184517,37.940252,3025.2951432,41.162,-7.736,29.938,1.0
66.4,128.184604,37.940425,3018.6751920000006,42.358,-6.769,30.957,1.0
66.5,128.184696,37.940599,3012.3207216,43.603,-5.852,32.001,1.0
66.6,128.184793,37.940772,3006.2235024,44.9,-4.991,33.074,1.0
66.7,128.184893,37.940946,3000.3606744,46.498,-4.195,34.184,1.0
66.8,128.184997,37.941118,2994.7069392000003,48.638,-3.477,35.333,1.0
66.9,128.185106,37.941291,2989.2510192000004,51.22,-2.848,36.518,1.0
67.0,128.185218,37.941462,2983.9987056000004,53.832,-2.306,37.732,1.0
67.1,128.185335,37.941633,2978.9661528,55.741,-1.829,38.965,1.0
67.2,128.185457,37.941802,2974.1786592000003,56.337,-1.384,40.21,1.0
67.3,128.185584,37.941969,2969.6261664000003,56.002,-0.954,41.481,1.0
67.4,128.185716,37.942136,2965.2690504,55.83,-0.532,42.775,1.0
67.5,128.185851,37.942301,2961.0902424,56.343,-0.122,44.058,1.0
67.6,128.185991,37.942464,2957.0857800000003,57.54,0.245,45.293,1.0
67.7,128.186135,37.942626,2953.2632832,59.039,0.518,46.409,1.0
67.8,128.186283,37.942787,2949.6270192,60.372,0.687,47.396,1.0
67.9,128.186435,37.942945,2946.1626624000005,61.536,0.805,48.356,1.0
68.0,128.186592,37.943102,2942.853144,62.686,0.899,49.338,1.0
68.1,128.186753,37.943256,2939.686272,63.909,0.977,50.346,1.0
68.2,128.186918,37.943409,2936.6516831999998,65.208,1.042,51.381,1.0
68.3,128.187086,37.94356,2933.7402336,66.552,1.092,52.442,1.0
68.4,128.187259,37.943708,2930.9421696,67.927,1.12,53.524,1.0
68.5,128.187436,37.943854,2928.2474328000003,69.319,1.124,54.619,1.0
68.6,128.187616,37.943998,2925.6447456,70.756,1.098,55.721,1.0
68.7,128.1878,37.94414,2923.1194776,72.342,1.028,56.815,1.0
68.8,128.187988,37.94428,2920.656084,74.196,0.908,57.885,1.0
68.9,128.188179,37.944417,2918.2399344,76.335,0.735,58.928,1.0
69.0,128.188373,37.944552,2915.8560936000003,78.749,0.503,59.943,1.0
69.1,128.188571,37.944684,2913.4877976000002,81.407,0.21,60.933,1.0
69.2,128.188772,37.944815,2911.1182824,84.255,-0.144,61.904,1.0
69.3,128.188976,37.944942,2908.7301744,87.25,-0.562,62.875,1.0
69.4,128.189183,37.945068,2906.3051856,90.344,-1.043,63.863,1.0
69.5,128.189393,37.945191,2903.825028,93.491,-1.597,64.868,1.0
69.6,128.189606,37.945311,2901.2701944,96.709,-2.229,65.889,1.0
69.7,128.189822,37.945429,2898.6205680000003,100.022,-2.944,66.926,1.0
69.8,128.19004,37.945544,2895.8554224,103.441,-3.747,67.979,1.0
69.9,128.190261,37.945656,2892.9518976,106.939,-4.643,69.052,1.0
70.0,128.190485,37.945766,2889.8853048,110.436,-5.635,70.141,1.0
70.1,128.190711,37.945873,2886.6202872000003,112.82,-6.627,71.272,1.0
70.2,128.19094,37.945975,2883.0913127999997,111.829,-7.591,72.607,1.0
70.3,128.191172,37.946071,2879.2462608,107.418,-8.545,74.268,1.0
70.4,128.191407,37.946162,2875.1308512,102.185,-9.41,75.774,1.0
70.5,128.191645,37.946249,2870.8161024,100.366,-10.183,76.911,1.0
70.6,128.191884,37.946332,2866.3355424,101.438,-10.871,78.108,1.0
70.7,128.192126,37.946412,2861.6833800000004,103.866,-11.531,79.36,1.0
70.8,128.192369,37.946488,2856.8376696,106.609,-12.241,80.642,1.0
70.9,128.192614,37.94656,2851.7694552000003,108.786,-12.995,81.958,1.0
71.0,128.19286,37.946627,2846.431188,108.711,-13.746,83.423,1.0
71.1,128.193109,37.946688,2840.783244,105.057,-14.443,85.118,1.0
71.2,128.193358,37.946742,2834.8649424,100.572,-15.127,86.713,1.0
71.3,128.193609,37.946792,2828.737548,99.273,-15.788,88.156,1.0
71.4,128.193861,37.946838,2822.4254448,100.311,-16.372,89.688,1.0
71.5,128.194113,37.946879,2815.9158312,101.915,-16.939,91.301,1.0
71.6,128.194366,37.946915,2809.1901144000003,103.172,-17.53,92.937,1.0
71.7,128.19462,37.946946,2802.2236056000006,103.064,-18.106,94.604,1.0
71.8,128.194874,37.946971,2795.0065512,101.183,-18.653,96.294,1.0
71.9,128.195128,37.94699,2787.5633352000004,98.801,-19.181,98.002,1.0
72.0,128.195382,37.947004,2779.9198656,97.12,-19.669,99.721,1.0
72.1,128.195635,37.947013,2772.0880296,96.418,-20.1,101.431,1.0
72.2,128.195889,37.947017,2764.069656,96.057,-20.478,103.12,1.0
72.3,128.196142,37.947015,2755.865964,95.673,-20.832,104.797,1.0
72.4,128.196394,37.947008,2747.479392,95.158,-21.171,106.474,1.0
72.5,128.196645,37.946995,2738.9132928,94.488,-21.492,108.155,1.0
72.6,128.196894,37.946976,2730.172848,93.689,-21.792,109.842,1.0
72.7,128.197143,37.946952,2721.2647632,92.811,-22.067,111.537,1.0
72.8,128.19739,37.946922,2712.1951344000004,91.892,-22.314,113.238,1.0
72.9,128.197635,37.946886,2702.9721912,90.974,-22.532,114.945,1.0
73.0,128.197879,37.946845,2693.6032488000005,90.099,-22.724,116.658,1.0
73.1,128.198121,37.946798,2684.0962320000003,89.329,-22.891,118.376,1.0
73.2,128.19836,37.946746,2674.4581512,88.711,-23.039,120.096,0.9751979561522681
73.3,128.198597,37.946688,2664.6947976,88.177,-23.167,121.817,0.9342366604964023
73.4,128.198832,37.946625,2654.8122672,87.602,-23.274,123.539,0.8888211841328216
73.5,128.199064,37.946556,2644.8172656,86.731,-23.347,125.264,0.8560977131771147
73.6,128.199292,37.946481,2634.7222896000003,85.248,-23.367,126.994,0.8560977131771147
73.7,128.199517,37.946401,2624.5425792,83.246,-23.332,128.737,0.8560977131771147
73.8,128.199739,37.946315,2614.2942888000002,81.247,-23.245,130.491,0.8560977131771147
73.9,128.199957,37.946223,2603.9944872000005,79.505,-23.095,132.237,0.8560977131771147
74.0,128.200172,37.946126,2593.6623768,77.825,-22.88,133.967,0.8560977131771147
74.1,128.200383,37.946024,2583.3150264,76.223,-22.618,135.688,0.8560977131771147
74.2,128.20059,37.945916,2572.9670664000005,74.821,-22.317,137.399,0.8560977131771147
74.3,128.200794,37.945804,2562.6312984,73.715,-21.985,139.097,0.8560977131771147
74.4,128.200993,37.945686,2552.3247912,72.724,-21.613,140.775,0.8560977131771147
74.5,128.201188,37.945563,2542.0694904,71.441,-21.198,142.435,0.8560977131771147
74.6,128.201378,37.945434,2531.8839888,69.812,-20.733,144.082,0.8560977131771147
74.7,128.201563,37.945301,2521.7972424,67.587,-20.181,145.7,0.8560977131771147
74.8,128.201742,37.945162,2511.8558856,64.221,-19.518,147.275,0.8560977131771147
74.9,128.201916,37.945018,2502.100152,59.921,-18.732,148.805,0.8560977131771147
75.0,128.202085,37.944869,2492.5635696000004,55.304,-17.807,150.272,0.8560977131771147
75.1,128.202249,37.944716,2483.2750944,50.943,-16.748,151.655,0.8560977131771147
75.2,128.202408,37.944558,2474.2645968,47.268,-15.534,152.905,0.8560977131771147
75.3,128.202563,37.944396,2465.5963896000003,43.708,-14.166,153.986,0.8560977131771147
75.4,128.202714,37.94423,2457.3436248000003,39.471,-12.695,154.935,0.8560977131771147
75.5,128.20286,37.94406,2449.5568992000003,34.468,-11.123,155.754,0.8560977131771147
75.6,128.203002,37.943887,2442.2688264000003,29.017,-9.449,156.422,0.8560977131771147
75.7,128.20314,37.94371,2435.51964,23.249,-7.679,156.905,0.8560977131771147
75.8,128.203276,37.943531,2429.3547552,17.103,-5.827,157.173,0.8560977131771147
75.9,128.20341,37.943349,2423.8131864,10.486,-3.908,157.204,0.8560977131771147
76.0,128.203542,37.943165,2418.9123072,3.478,-1.939,156.98,0.8560977131771147
76.1,128.203673,37.94298,2414.6466312000002,-3.733,0.049,156.479,0.8560977131771147
76.2,128.203805,37.942794,2410.9774488000003,-10.63,2.012,155.716,0.8560977131771147
76.3,128.203938,37.942607,2407.8358752000004,-16.223,3.909,154.747,0.8560977131771147
76.4,128.204071,37.94242,2405.1350424,-19.463,5.707,153.651,0.8560977131771147
76.5,128.204206,37.942232,2402.8228296,-19.772,7.388,152.544,0.8560977131771147
76.6,128.204343,37.942045,2400.8839968,-17.176,8.982,151.533,0.8560977131771147
76.7,128.20448,37.941858,2399.4395496,-13.437,10.49,150.66,0.8560977131771147
76.8,128.204619,37.941671,2398.6318296,-10.669,11.943,149.912,0.8560977131771147
76.9,128.204759,37.941485,2398.5461808,-9.853,13.396,149.28,0.8560977131771147
77.0,128.2049,37.9413,2399.1771168,-10.844,14.875,148.663,0.8560977131771147
77.1,128.205042,37.941116,2400.5862072,-14.199,16.354,147.969,0.8560977131771147
77.2,128.205184,37.940935,2402.6545800000004,-18.008,17.856,147.225,0.8560977131771147
77.3,128.205328,37.940755,2405.3182272,-21.344,19.334,146.364,0.8560977131771147
77.4,128.205473,37.940577,2408.5484976000002,-23.409,20.788,145.461,0.8560977131771147
77.5,128.205619,37.9404,2412.2634000000003,-23.453,22.213,144.515,0.8560977131771147
77.6,128.205767,37.940226,2416.5744912,-24.498,23.542,143.454,0.8560977131771147
77.7,128.205916,37.940055,2421.5540088000002,-27.594,24.823,142.325,0.8560977131771147
77.8,128.206067,37.939888,2427.1348968,-31.597,26.095,141.112,0.8560977131771147
77.9,128.20622,37.939724,2433.2464416,-34.879,27.377,139.864,0.8560977131771147
78.0,128.206374,37.939562,2439.7889736,-35.735,28.658,138.591,0.8560977131771147
78.1,128.206531,37.939403,2446.777428,-35.856,29.869,137.262,0.8560977131771147
78.2,128.206689,37.939248,2454.2209488000003,-35.742,31.063,135.967,0.8560977131771147
78.3,128.206848,37.939097,2462.1402624,-36.277,32.195,134.61,0.8560977131771147
78.4,128.207009,37.93895,2470.6069968,-39.166,33.228,133.119,0.8560977131771147
78.5,128.207172,37.938807,2479.5775656,-43.428,34.238,131.544,0.8560977131771147
78.6,128.207337,37.938669,2488.9730256,-47.101,35.275,129.932,0.8560977131771147
78.7,128.207503,37.938535,2498.6973648,-48.101,36.338,128.305,0.8560977131771147
78.8,128.207671,37.938405,2508.7496688,-47.978,37.324,126.627,0.8560977131771147
78.9,128.20784,37.938278,2519.1479208,-47.515,38.278,124.977,0.8560977131771147
79.0,128.208011,37.938156,2529.910104,-47.722,39.16,123.276,0.8560977131771147
79.1,128.208183,37.93804,2541.0895584,-50.358,39.921,121.451,0.8560977131771147
79.2,128.208356,37.93793,2552.6554992,-54.768,40.642,119.534,0.8560977131771147
79.3,128.20853,37.937824,2564.5308120000004,-58.579,41.406,117.574,0.8560977131771147
79.4,128.208705,37.937723,2576.6365536,-59.138,42.226,115.607,0.8560977131771147
79.5,128.208881,37.937626,2588.9553504,-58.083,42.983,113.617,0.8560977131771147
79.6,128.209059,37.937533,2601.5164632,-57.282,43.672,111.654,0.8560977131771147
79.7,128.209236,37.937446,2614.3729272,-59.104,44.276,109.674,0.8560977131771147
79.8,128.209414,37.937366,2627.5308384,-63.177,44.836,107.631,0.8560977131771147
79.9,128.209593,37.937291,2640.9338088,-68.517,45.315,105.441,0.8560977131771147
80.0,128.209772,37.937223,2654.5224024000004,-73.037,45.745,103.14,0.8560977131771147
80.1,128.209952,37.937158,2668.2396215999997,-73.855,46.173,100.78,0.8560977131771147
80.2,128.210132,37.937098,2682.0747984000004,-73.031,46.509,98.412,0.8560977131771147
80.3,128.210313,37.937043,2696.0498784000006,-72.742,46.779,96.113,0.8560977131771147
80.4,128.210493,37.936994,2710.187112,-74.793,46.982,93.837,0.8560977131771147
80.5,128.210673,37.936952,2724.4706496,-78.897,47.132,91.515,0.8560977131771147
80.6,128.210853,37.936917,2738.8602576000003,-84.547,47.156,89.091,0.8560977131771147
80.7,128.211033,37.936888,2753.3029008000003,-89.773,47.084,86.587,0.8560977131771147
80.8,128.211212,37.936864,2767.763832,-90.86,47.0,84.026,0.8560977131771147
80.9,128.211392,37.936844,2782.2409176,-88.485,46.896,81.491,0.8560977131771147
81.0,128.211572,37.936827,2796.744216,-85.38,46.798,79.089,0.8560977131771147
81.1,128.211752,37.936815,2811.2883576000004,-85.03,46.706,76.846,0.8560977131771147
81.2,128.21193,37.93681,2825.8773048000003,-87.273,46.645,74.671,0.8560977131771147
81.3,128.212106,37.936811,2840.4912456,-91.514,46.526,72.461,0.8560977131771147
81.4,128.212281,37.936818,2855.0957375999997,-96.699,46.284,70.189,0.8560977131771147
81.5,128.212454,37.93683,2869.6566432,-101.843,45.875,67.9,0.8560977131771147
81.6,128.212627,37.936848,2884.1459208,-106.093,45.313,65.645,0.8560977131771147
81.7,128.212799,37.93687,2898.5577792,-107.942,44.681,63.431,0.8560977131771147
81.8,128.212971,37.936895,2912.9053248,-106.416,44.063,61.278,0.8560977131771147
81.9,128.213142,37.936924,2927.1778896000005,-104.203,43.454,59.263,0.8560977131771147
82.0,128.213311,37.936959,2941.3513944,-104.17,42.868,57.368,0.8560977131771147
82.1,128.213479,37.936999,2955.3959688000004,-106.21,42.299,55.506,0.8560977131771147
82.2,128.213643,37.937046,2969.2924104,-109.815,41.667,53.629,0.8560977131771147
82.3,128.213806,37.937098,2983.0245648,-114.084,40.921,51.751,0.8560977131771147
82.4,128.213967,37.937155,2996.575668,-118.24,40.037,49.919,0.8560977131771147
82.5,128.214126,37.937217,3009.9356616,-121.578,39.035,48.161,0.8560977131771147
82.6,128.214284,37.937282,3023.10546,-123.382,37.958,46.484,0.8560977131771147
82.7,128.214441,37.937352,3036.088416,-123.461,36.856,44.884,0.8560977131771147
82.8,128.214597,37.937426,3048.842772,-123.221,35.751,43.379,0.8560977131771147
82.9,128.21475,37.937504,3061.3173216,-123.888,34.65,41.937,0.8560977131771147
83.0,128.214901,37.937588,3073.4937768,-125.523,33.535,40.517,0.8560977131771147
83.1,128.21505,37.937677,3085.3690896000003,-127.74,32.374,39.116,0.8560977131771147
83.2,128.215197,37.93777,3096.9365544,-130.164,31.15,37.76,0.8560977131771147
83.3,128.215341,37.937867,3108.1897704000003,-132.483,29.858,36.465,0.8560977131771147
83.4,128.215484,37.937968,3119.129652,-134.329,28.513,35.235,0.8560977131771147
83.5,128.215625,37.938072,3129.7507127999997,-135.527,27.132,34.069,0.8560977131771147
83.6,128.215764,37.93818,3140.0246064000003,-136.425,25.73,32.967,0.8560977131771147
83.7,128.215901,37.938292,3149.9299968,-137.272,24.317,31.911,0.8560977131771147
83.8,128.216036,37.938408,3159.4537776,-138.171,22.892,30.888,0.8560977131771147
83.9,128.216169,37.938527,3168.5846712000002,-139.149,21.454,29.896,0.8560977131771147
84.0,128.216299,37.93865,3177.3135336,-140.188,20.0,28.933,0.8560977131771147
84.1,128.216428,37.938776,3185.6303064,-141.269,18.528,28.001,0.8560977131771147
84.2,128.216554,37.938905,3193.5194448,-142.433,17.034,27.104,0.8560977131771147
84.3,128.216678,37.939037,3200.9544312,-143.868,15.512,26.251,0.8560977131771147
84.4,128.216799,37.939173,3207.9157584,-145.686,13.953,25.444,0.8560977131771147
84.5,128.216919,37.939311,3214.4214096,-147.44,12.356,24.675,0.8560977131771147
84.6,128.217036,37.939451,3220.5027792,-148.545,10.734,23.939,0.8560977131771147
84.7,128.217152,37.939594,3226.1787648,-148.733,9.114,23.229,0.8560977131771147
84.8,128.217266,37.939739,3231.4332120000004,-148.194,7.521,22.534,0.8560977131771147
84.9,128.217378,37.939886,3236.2194864000003,-147.724,5.959,21.851,0.8560977131771147
85.0,128.217487,37.940036,3240.469008,-148.144,4.412,21.179,0.8560977131771147
85.1,128.217594,37.940187,3244.1915304000004,-149.202,2.854,20.504,0.8560977131771147
85.2,128.217698,37.940341,3247.4154000000003,-150.381,1.273,19.833,0.8560977131771147
85.3,128.2178,37.940496,3250.1561616000004,-151.334,-0.329,19.181,0.8560977131771147
85.4,128.2179,37.940653,3252.4232640000005,-151.865,-1.94,18.55,0.8560977131771147
85.5,128.217998,37.940811,3254.2148784000005,-151.954,-3.546,17.935,0.8560977131771147
85.6,128.218094,37.940971,3255.5124120000005,-151.818,-5.14,17.327,0.8560977131771147
85.7,128.218187,37.941132,3256.3045872000002,-151.645,-6.718,16.716,0.8560977131771147
85.8,128.218278,37.941294,3256.5959760000005,-151.424,-8.283,16.092,0.8560977131771147
85.9,128.218367,37.941457,3256.3957224,-151.058,-9.832,15.448,0.8560977131771147
86.0,128.218453,37.94162,3255.7157136,-150.428,-11.361,14.78,0.8560977131771147
86.1,128.218537,37.941785,3254.5708848000004,-149.394,-12.859,14.079,0.8560977131771147
86.2,128.218619,37.941951,3252.9792192000004,-147.822,-14.323,13.346,0.8560977131771147
86.3,128.218699,37.942117,3250.9550424,-145.663,-15.751,12.589,0.8099969539176147
86.4,128.218776,37.942284,3248.4931728,-143.172,-17.13,11.798,0.7373254311821951
86.5,128.21885,37.942451,3245.5661784000004,-141.068,-18.453,10.955,0.6735709494637364
86.6,128.21892,37.942619,3242.140836,-139.984,-19.738,10.064,0.6735709494637364
86.7,128.218987,37.942786,3238.2326904,-139.741,-21.012,9.12,0.6735709494637364
86.8,128.21905,37.942954,3233.8801464000003,-139.694,-22.286,8.133,0.6735709494637364
86.9,128.21911,37.943121,3229.0963103999998,-139.556,-23.56,7.13,0.6735709494637364
87.0,128.219167,37.943289,3223.9019088,-138.843,-24.814,6.1,0.6735709494637364
87.1,128.219222,37.943456,3218.3667408,-136.642,-26.015,5.008,0.6735709494637364
87.2,128.219274,37.943623,3212.5045224,-133.296,-27.135,3.869,0.6735709494637364
87.3,128.219323,37.943789,3206.2622184,-130.127,-28.155,2.696,0.6735709494637364
87.4,128.219367,37.943955,3199.6312944,-128.053,-29.1,1.47,0.6735709494637364
87.5,128.219407,37.94412,3192.5562768,-128.286,-30.029,0.221,0.6735709494637364
87.6,128.219441,37.944284,3184.9914456,-130.742,-31.004,358.965,0.6735709494637364
87.7,128.219469,37.944447,3176.9310096000004,-134.769,-32.1,357.73,0.6735709494637364
87.8,128.219493,37.944607,3168.36552,-139.778,-33.359,356.565,0.6735709494637364
87.9,128.219511,37.944766,3159.2849184,-145.314,-34.8,355.529,0.6735709494637364
88.0,128.219526,37.944922,3149.6794511999997,-151.059,-36.439,354.685,0.6735709494637364
88.1,128.219538,37.945076,3139.542108,-156.849,-38.263,354.056,0.6735709494637364
88.2,128.219547,37.945227,3128.883252,-161.603,-40.225,353.616,0.6735709494637364
88.3,128.219554,37.945376,3117.7845696,-163.258,-42.256,353.29,0.6735709494637364
88.4,128.21956,37.945524,3106.3186032000003,-162.404,-44.262,353.046,0.6735709494637364
88.5,128.219565,37.94567,3094.4551776000003,-160.845,-46.166,352.833,0.6735709494637364
88.6,128.219568,37.945813,3082.1098632,-160.839,-47.977,352.613,0.6735709494637364
88.7,128.219569,37.945952,3069.2317583999998,-162.317,-49.743,352.343,0.6735709494637364
88.8,128.219568,37.946087,3055.8364079999997,-165.002,-51.524,352.054,0.6735709494637364
88.9,128.219566,37.946219,3041.9460624000003,-168.501,-53.352,351.814,0.6735709494637364
89.0,128.219563,37.946346,3027.5768760000005,-172.569,-55.233,351.728,0.6735709494637364
89.1,128.21956,37.94647,3012.7416504000003,-177.124,-57.159,351.902,0.6735709494637364
89.2,128.219556,37.946589,2997.4525776,177.801,-59.115,352.435,0.6735709494637364
89.3,128.219554,37.946704,2981.724288,172.1,-61.078,353.422,0.6735709494637364
89.4,128.219552,37.946814,2965.5765936000003,165.659,-63.019,354.974,0.6735709494637364
89.5,128.219552,37.94692,2949.0448512,159.825,-64.907,357.145,0.6735709494637364
89.6,128.219554,37.947023,2932.1976408,156.688,-66.703,359.926,0.6735709494637364
89.7,128.219557,37.947123,2915.0553840000002,154.22,-68.344,3.178,0.6735709494637364
89.8,128.219562,37.947219,2897.601012,151.024,-69.818,6.737,0.6735709494637364
89.9,128.219569,37.94731,2879.8168464000005,145.855,-71.153,10.679,0.6735709494637364
90.0,128.21958,37.947395,2861.7178224,138.682,-72.367,15.215,0.6735709494637364
90.1,128.219593,37.947476,2843.3316768,129.737,-73.415,20.581,0.6735709494637364
90.2,128.219609,37.947553,2824.6931568,119.825,-74.226,26.827,0.6735709494637364
90.3,128.219629,37.947626,2805.8278656,109.182,-74.706,33.793,0.6735709494637364
90.4,128.219653,37.947694,2786.7699408000003,97.424,-74.793,41.152,0.6735709494637364
90.5,128.219682,37.947758,2767.5577872000003,85.113,-74.464,48.489,0.6735709494637364
90.6,128.219715,37.947817,2748.2224944,73.101,-73.719,55.307,0.6735709494637364
90.7,128.219754,37.947873,2728.7838744,62.443,-72.647,61.263,0.6735709494637364
90.8,128.219797,37.947927,2709.255948,53.64,-71.343,66.219,0.6735709494637364
90.9,128.219845,37.947977,2689.6630992,46.497,-69.843,70.126,0.6735709494637364
91.0,128.219899,37.948025,2670.0272736,40.595,-68.215,73.161,0.6735709494637364
91.1,128.219959,37.948071,2650.371636,35.582,-66.508,75.517,0.6735709494637364
91.2,128.220025,37.948114,2630.7159984000004,31.251,-64.754,77.357,0.6735709494637364
91.3,128.220096,37.948156,2611.0731624000005,27.71,-62.979,78.812,0.6735709494637364
91.4,128.220174,37.948195,2591.4562344,25.01,-61.208,79.972,0.6735709494637364
91.5,128.220257,37.948233,2571.8816736000003,23.076,-59.458,80.921,0.6735709494637364
91.6,128.220346,37.94827,2552.3650248,21.843,-57.737,81.743,0.6735709494637364
91.7,128.22044,37.948305,2532.9193944,21.269,-56.06,82.499,0.6735709494637364
91.8,128.22054,37.948339,2513.5560600000003,21.315,-54.444,83.233,0.6735709494637364
91.9,128.220646,37.948371,2494.2844704,21.93,-52.899,83.982,0.6735709494637364
92.0,128.220757,37.948402,2475.1119408,23.038,-51.435,84.774,0.6735709494637364
92.1,128.220873,37.948431,2456.0451768,24.552,-50.058,85.629,0.6735709494637364
92.2,128.220994,37.948458,2437.0853976000003,26.426,-48.769,86.561,0.6735709494637364
92.3,128.22112,37.948484,2418.231384,28.61,-47.571,87.579,0.6735709494637364
92.4,128.221251,37.948508,2399.4822216000002,31.028,-46.466,88.68,0.6735709494637364
92.5,128.221386,37.948529,2380.83852,33.528,-45.454,89.861,0.6735709494637364
92.6,128.221526,37.948548,2362.3152144,34.952,-44.381,91.032,0.6735709494637364
92.7,128.221672,37.948564,2344.0074024,32.74,-43.14,92.111,0.6735709494637364
92.8,128.221823,37.948576,2325.9830544,28.301,-41.865,93.144,0.6735709494637364
92.9,128.22198,37.948585,2308.2272352,24.212,-40.554,94.187,0.6735709494637364
93.0,128.222141,37.948592,2290.6561248000003,23.623,-39.307,95.245,0.6735709494637364
93.1,128.222306,37.948597,2273.180112,26.169,-38.195,96.2,0.6735709494637364
93.2,128.222474,37.9486,2255.8351632,30.31,-37.207,97.151,0.6735709494637364
93.3,128.222646,37.948601,2238.6718752,33.488,-36.153,98.097,0.6735709494637364
93.4,128.222823,37.948597,2221.7999760000002,32.293,-34.907,99.009,0.6735709494637364
93.5,128.223005,37.94859,2205.3413856,27.625,-33.63,99.884,0.6735709494637364
93.6,128.223192,37.948578,2189.2985424000003,21.673,-32.266,100.649,0.6735709494637364
93.7,128.223384,37.948564,2173.6565112000003,16.791,-30.882,101.344,0.6735709494637364
93.8,128.223579,37.948547,2158.3113552,16.128,-29.602,102.033,0.6735709494637364
93.9,128.223777,37.948529,2143.1469456,19.092,-28.454,102.658,0.6735709494637364
94.0,128.223979,37.948508,2128.2135744,23.854,-27.44,103.291,0.6735709494637364
94.1,128.224184,37.948485,2113.583784,27.552,-26.325,103.932,0.6735709494637364
94.2,128.224392,37.948458,2099.3862,26.816,-24.943,104.592,0.6735709494637364
94.3,128.224605,37.948427,2085.7470096,22.597,-23.538,105.248,0.6735709494637364
94.4,128.224821,37.948393,2072.6418288,17.12,-22.06,105.816,0.6735709494637364
94.5,128.225041,37.948356,2060.0682192,11.59,-20.5,106.19,0.6735709494637364
94.6,128.225264,37.948316,2048.0246568000002,7.486,-18.954,106.497,0.6735709494637364
94.7,128.225491,37.948274,2036.3785536000003,7.855,-17.532,106.857,0.6735709494637364
94.8,128.225719,37.948232,2025.0061607999999,11.836,-16.258,107.211,0.6735709494637364
94.9,128.22595,37.948188,2013.9845928,17.211,-15.131,107.617,0.6735709494637364
95.0,128.226183,37.948141,2003.3873064,21.315,-13.905,108.049,0.6735709494637364
95.1,128.226419,37.948091,1993.3627392000003,20.917,-12.426,108.489,0.6735709494637364
95.2,128.226657,37.948038,1984.0349448000002,17.038,-10.93,108.939,0.6735709494637364
95.3,128.226898,37.947982,1975.3542408,11.919,-9.372,109.311,0.6735709494637364
95.4,128.22714,37.947924,1967.2806984,7.893,-7.779,109.663,0.6735709494637364
95.5,128.227384,37.947865,1959.6664896,8.268,-6.299,110.066,0.6735709494637364
95.6,128.22763,37.947804,1952.3787216,12.185,-5.042,110.455,0.6735709494637364
95.7,128.227877,37.947742,1945.5063960000002,16.172,-3.742,110.808,0.6735709494637364
95.8,128.228126,37.947678,1939.2345264,15.844,-2.248,111.117,0.6735709494637364
95.9,128.228375,37.947611,1933.716732,12.19,-0.742,111.377,0.6735709494637364
96.0,128.228625,37.947542,1928.9524032,6.973,0.819,111.536,0.6735709494637364
96.1,128.228876,37.947472,1924.9330056000001,2.184,2.428,111.677,0.6735709494637364
96.2,128.229128,37.947401,1921.4826696000002,2.134,3.963,111.888,0.6735709494637364
96.3,128.22938,37.94733,1918.4252208000003,6.02,5.303,112.096,0.6735709494637364
96.4,128.229633,37.947257,1915.7819952,11.614,6.578,112.374,0.6735709494637364
96.5,128.229886,37.947184,1913.6724744000003,15.767,7.964,112.698,0.6735709494637364
96.6,128.230138,37.947108,1912.2554592000001,15.394,9.476,113.001,0.6735709494637364
96.7,128.230389,37.947031,1911.6367152000003,11.687,11.009,113.285,0.6735709494637364
96.8,128.23064,37.946953,1911.742176,6.82,12.6,113.49,0.6735709494637364
96.9,128.230889,37.946874,1912.530084,2.571,14.224,113.648,0.6735709494637364
97.0,128.231138,37.946794,1913.837676,1.734,15.808,113.834,0.6735709494637364
97.1,128.231388,37.946715,1915.5125520000001,4.846,17.181,114.048,0.6735709494637364
97.2,128.231636,37.946634,1917.6299976,8.53,18.492,114.198,0.6735709494637364
97.3,128.231883,37.946554,1920.3780744000003,8.113,19.997,114.314,0.6735709494637364
97.4,128.232128,37.946473,1923.9131448000003,4.361,21.504,114.378,0.6735709494637364
97.5,128.232371,37.946392,1928.198328,-0.12,23.061,114.406,0.6735709494637364
97.6,128.232612,37.946311,1933.0501344000002,-1.835,24.527,114.46,0.6735709494637364
97.7,128.232852,37.946231,1938.3338424,0.241,25.919,114.51,0.6735709494637364
97.8,128.23309,37.946151,1944.1405872,2.605,27.495,114.448,0.6735709494637364
97.9,128.233326,37.946071,1950.6230736,2.351,29.041,114.308,0.6735709494637364
98.0,128.233559,37.945993,1957.8428712,-0.559,30.598,114.1,0.6735709494637364
98.1,128.233788,37.945915,1965.7493832000002,-5.057,32.193,113.793,0.6735709494637364
98.2,128.234014,37.945839,1974.2648856000003,-9.71,33.807,113.324,0.6735709494637364
98.3,128.234238,37.945765,1983.3796248,-14.371,35.393,112.618,0.6735709494637364
98.4,128.234458,37.945693,1993.0929912000001,-19.4,36.93,111.662,0.6735709494637364
98.5,128.234676,37.945625,2003.3568264000003,-24.509,38.415,110.475,0.6735709494637364
98.6,128.234892,37.945559,2014.1040744000002,-28.972,39.838,109.08,0.6735709494637364
98.7,128.235106,37.945496,2025.2877960000003,-32.441,41.179,107.504,0.6735709494637364
98.8,128.235317,37.945437,2036.8878744000003,-35.078,42.431,105.792,0.6735709494637364
98.9,128.235527,37.945381,2048.8893744,-37.095,43.607,103.991,0.6735709494637364
99.0,128.235735,37.945329,2061.2773607999998,-38.607,44.727,102.136,0.6735709494637364
99.1,128.235941,37.945281,2074.0405560000004,-39.768,45.804,100.249,0.6735709494637364
99.2,128.236144,37.945236,2087.1701208000004,-40.769,46.847,98.34,0.6735709494637364
99.3,128.236344,37.945196,2100.6623976,-41.868,47.862,96.407,0.6735709494637364
99.4,128.236542,37.94516,2114.5115952,-43.34,48.85,94.434,0.6735709494637364
99.5,128.236736,37.945128,2128.7015592000002,-45.232,49.81,92.401,0.6735709494637364
99.6,128.236928,37.9451,2143.207296,-47.339,50.735,90.294,0.6735709494637364
99.7,128.237117,37.945077,2158.0035072,-49.431,51.615,88.106,0.6735709494637364
99.8,128.237302,37.945057,2173.0697712,-51.37,52.447,85.848,0.6735709494637364
99.9,128.237485,37.945042,2188.3878,-53.108,53.235,83.533,0.6735709494637364
100.0,128.237665,37.94503,2203.9429632,-54.647,53.983,81.173,0.6632477634359653
100.1,128.237841,37.945023,2219.7203256,-55.998,54.7,78.778,0.6632477634359653
100.2,128.238014,37.945019,2235.7076952,-57.192,55.391,76.355,0.6632477634359653
100.3,128.238184,37.945019,2251.894404,-58.319,56.06,73.906,0.6632477634359653
100.4,128.23835,37.945023,2268.2716128,-59.51,56.708,71.428,0.6632477634359653
100.5,128.238512,37.945031,2284.8292632,-60.878,57.334,68.913,0.6632477634359653
100.6,128.23867,37.945043,2301.555468,-62.495,57.934,66.35,0.6632477634359653
100.7,128.238824,37.945058,2318.4362064,-64.342,58.501,63.731,0.6632477634359653
100.8,128.238974,37.945077,2335.4568480000003,-66.311,59.029,61.051,0.6632477634359653
100.9,128.23912,37.945099,2352.6030672,-68.35,59.511,58.314,0.6632477634359653
101.0,128.239262,37.945125,2369.8617576,-70.462,59.942,55.525,0.6632477634359653
101.1,128.239399,37.945154,2387.219508,-72.632,60.323,52.687,0.6632477634359653
101.2,128.239533,37.945186,2404.6592496,-74.588,60.666,49.813,0.6632477634359653
101.3,128.239662,37.945221,2422.1626944,-75.636,60.998,46.926,0.6632477634359653
101.4,128.239788,37.945258,2439.7158216000003,-75.44,61.336,44.065,0.6632477634359653
101.5,128.239911,37.945298,2457.32046,-74.69,61.689,41.278,0.6632477634359653
101.6,128.240029,37.94534,2474.9817912000003,-74.208,62.072,38.551,0.6632477634359653
101.7,128.240142,37.945385,2492.7010344,-74.408,62.489,35.833,0.6632477634359653
101.8,128.240251,37.945432,2510.4742272000003,-75.27,62.927,33.083,0.6632477634359653
101.9,128.240355,37.94548,2528.2964928,-76.617,63.361,30.289,0.6632477634359653
102.0,128.240455,37.945531,2546.1623448,-78.278,63.769,27.45,0.6632477634359653
102.1,128.24055,37.945583,2564.0662967999997,-80.112,64.138,24.572,0.6632477634359653
102.2,128.240641,37.945637,2582.0025576000003,-82.02,64.461,21.661,0.6632477634359653
102.3,128.240727,37.945692,2599.9662504000003,-83.962,64.733,18.725,0.6632477634359653
102.4,128.240809,37.945749,2617.9518888000002,-85.939,64.954,15.768,0.6632477634359653
102.5,128.240885,37.945807,2635.9542912,-87.96,65.124,12.794,0.6632477634359653
102.6,128.240957,37.945867,2653.9679712,-90.882,65.194,9.81,0.6632477634359653
102.7,128.241022,37.945928,2671.9801272,-96.544,65.096,6.858,0.6632477634359653
102.8,128.24108,37.94599,2689.9578408,-104.207,64.816,3.942,0.6632477634359653
102.9,128.24113,37.946055,2707.8663647999997,-111.7,64.345,1.022,0.6632477634359653
103.0,128.241174,37.946122,2725.7017368,-115.575,63.72,358.089,0.6632477634359653
103.1,128.241216,37.946191,2743.4828544,-116.15,62.974,355.25,0.6632477634359653
103.2,128.241253,37.94626,2761.2145944,-115.508,62.184,352.596,0.6632477634359653
103.3,128.241287,37.946331,2778.8597712000005,-117.069,61.383,350.194,0.6632477634359653
103.4,128.241313,37.946404,2796.3741888,-120.726,60.58,347.955,0.6632477634359653
103.5,128.241333,37.946478,2813.7151752,-125.918,59.688,345.853,0.6632477634359653
103.6,128.241346,37.946555,2830.8528600000004,-132.046,58.632,343.911,0.6632477634359653
103.7,128.241352,37.946634,2847.7592016,-138.574,57.381,342.207,0.6632477634359653
103.8,128.241353,37.946715,2864.4067680000003,-145.099,55.937,340.814,0.6632477634359653
103.9,128.241348,37.946799,2880.7693464000004,-151.378,54.319,339.767,0.6632477634359653
104.0,128.241338,37.946885,2896.8216384,-157.29,52.541,339.062,0.6632477634359653
104.1,128.241324,37.946974,2912.5401744,-162.785,50.633,338.684,0.6632477634359653
104.2,128.241307,37.947067,2927.9036184,-167.871,48.628,338.612,0.6632477634359653
104.3,128.241286,37.947162,2942.9137992,-172.067,46.564,338.779,0.6632477634359653
104.4,128.241262,37.947259,2957.6441736,-174.375,44.492,339.092,0.6632477634359653
104.5,128.241237,37.94736,2972.0999232000004,-175.289,42.467,339.512,0.6632477634359653
104.6,128.241209,37.947463,2986.2194784000003,-175.816,40.521,339.988,0.6632477634359653
104.7,128.24118,37.947569,2999.9059128,-177.05,38.635,340.498,0.6632477634359653
104.8,128.241148,37.947678,3013.1342328000005,-179.015,36.768,341.023,0.6632477634359653
104.9,128.241115,37.94779,3025.8968184,178.396,34.895,341.59,0.6632477634359653
105.0,128.24108,37.947905,3038.1863544000003,175.316,33.014,342.23,0.6632477634359653
105.1,128.241044,37.948023,3049.9970496,171.866,31.131,342.972,0.6632477634359653
105.2,128.241008,37.948144,3061.325856,168.142,29.257,343.829,0.6632477634359653
105.3,128.240972,37.948267,3072.1901472,164.708,27.401,344.785,0.6632477634359653
105.4,128.240935,37.948393,3082.6807536,162.584,25.577,345.801,0.6632477634359653
105.5,128.240899,37.948521,3092.807124,161.33,23.826,346.861,0.6632477634359653
105.6,128.240863,37.948651,3102.5399976000003,160.48,22.155,347.917,0.6632477634359653
105.7,128.240829,37.948783,3111.8589528,159.699,20.544,348.931,0.6632477634359653
105.8,128.240795,37.948918,3120.7521024000002,158.801,18.974,349.893,0.6632477634359653
105.9,128.240762,37.949054,3129.2148744,157.763,17.432,350.821,0.6632477634359653
106.0,128.24073,37.949193,3137.2436112,156.593,15.915,351.739,0.6632477634359653
106.1,128.2407,37.949333,3144.836484,155.301,14.42,352.659,0.6632477634359653
106.2,128.240671,37.949476,3151.9941024,153.902,12.947,353.593,0.6632477634359653
106.3,128.240644,37.94962,3158.7189048,152.434,11.496,354.545,0.6632477634359653
106.4,128.240618,37.949766,3165.006624,150.876,10.072,355.524,0.6632477634359653
106.5,128.240595,37.949913,3170.8478112000003,149.131,8.676,356.536,0.6632477634359653
106.6,128.240574,37.950062,3176.2336272000002,147.095,7.313,357.59,0.6632477634359653
106.7,128.240555,37.950212,3181.1591952,144.697,5.986,358.699,0.6632477634359653
106.8,128.24054,37.950363,3185.6220768,141.884,4.698,359.876,0.6632477634359653
106.9,128.240527,37.950516,3189.6274536,138.652,3.458,1.136,0.6632477634359653
107.0,128.240518,37.950669,3193.1902608,135.091,2.281,2.489,0.6632477634359653
107.1,128.240512,37.950823,3196.3287864000004,131.288,1.184,3.939,0.6632477634359653
107.2,128.24051,37.950977,3199.0625376,127.311,0.182,5.484,0.6632477634359653
107.3,128.240511,37.951132,3201.4155936,123.234,-0.707,7.116,0.6632477634359653
107.4,128.240517,37.951288,3203.4169104,119.161,-1.478,8.822,0.6632477634359653
107.5,128.240527,37.951443,3205.0954440000005,115.206,-2.125,10.583,0.6632477634359653
107.6,128.240542,37.951599,3206.4804552000005,111.455,-2.648,12.376,0.6632477634359653
107.7,128.24056,37.951754,3207.6002904,108.02,-3.059,14.179,0.6632477634359653
107.8,128.240583,37.95191,3208.4778096000005,104.928,-3.365,15.972,0.6632477634359653
107.9,128.24061,37.952065,3209.1331296000003,102.167,-3.574,17.744,0.6632477634359653
108.0,128.240642,37.95222,3209.5863672,99.748,-3.702,19.487,0.6632477634359653
108.1,128.240678,37.952374,3209.8536768,97.643,-3.765,21.201,0.6632477634359653
108.2,128.240719,37.952528,3209.9466408000003,95.646,-3.772,22.881,0.6632477634359653
108.3,128.240765,37.952682,3209.8780608,93.492,-3.729,24.532,0.6632477634359653
108.4,128.240815,37.952834,3209.6653103999997,91.219,-3.642,26.163,0.6632477634359653
108.5,128.24087,37.952986,3209.3275920000005,89.403,-3.529,27.776,0.6632477634359653
108.6,128.240929,37.953138,3208.8777072000003,89.038,-3.43,29.346,0.6632477634359653
108.7,128.24099,37.953289,3208.3187040000003,90.44,-3.379,30.805,0.6632477634359653
108.8,128.241055,37.95344,3207.6484488000006,92.936,-3.399,32.141,0.6632477634359653
108.9,128.241123,37.953591,3206.8577976,95.524,-3.511,33.425,0.6632477634359653
109.0,128.241195,37.95374,3205.9339488000005,97.476,-3.727,34.717,0.6632477634359653
109.1,128.241271,37.953889,3204.8686728000002,98.69,-4.044,36.004,0.6632477634359653
109.2,128.241351,37.954037,3203.6598360000003,99.379,-4.442,37.28,0.6632477634359653
109.3,128.241435,37.954184,3202.3080480000003,99.866,-4.899,38.539,0.6632477634359653
109.4,128.241522,37.95433,3200.8139184,100.402,-5.397,39.773,0.6632477634359653
109.5,128.241612,37.954475,3199.1756184,101.093,-5.925,40.974,0.6632477634359653
109.6,128.241705,37.95462,3197.3907096000003,101.952,-6.479,42.137,0.6632477634359653
109.7,128.241802,37.954763,3195.4543152,102.93,-7.061,43.263,0.6632477634359653
109.8,128.241901,37.954906,3193.3624728,103.959,-7.672,44.353,0.6632477634359653
109.9,128.242004,37.955048,3191.1087816,104.961,-8.313,45.411,0.6632477634359653
110.0,128.24211,37.955188,3188.6871456000003,105.864,-8.983,46.442,0.6632477634359653
110.1,128.242219,37.955328,3186.092688,106.65,-9.678,47.452,0.6632477634359653
110.2,128.24233,37.955466,3183.322056,107.357,-10.395,48.444,0.6632477634359653
110.3,128.242445,37.955603,3180.3718968,108.056,-11.131,49.421,0.6632477634359653
110.4,128.242563,37.955739,3177.2388576000003,108.787,-11.882,50.383,0.6632477634359653
110.5,128.242683,37.955874,3173.9180616000003,109.555,-12.648,51.328,0.6632477634359653
110.6,128.242806,37.956007,3170.4043272000004,110.346,-13.428,52.258,0.6632477634359653
110.7,128.242932,37.956139,3166.6924728000004,111.133,-14.221,53.174,0.6632477634359653
110.8,128.243061,37.95627,3162.7776215999997,111.903,-15.029,54.08,0.6632477634359653
110.9,128.243192,37.956399,3158.6548967999997,112.665,-15.852,54.975,0.6632477634359653
111.0,128.243326,37.956527,3154.3206408,113.443,-16.69,55.863,0.6632477634359653
111.1,128.243462,37.956653,3149.771196,114.264,-17.544,56.741,0.6632477634359653
111.2,128.243601,37.956778,3145.0029048,115.149,-18.413,57.609,0.6632477634359653
111.3,128.243742,37.956901,3140.0118048000004,116.113,-19.3,58.465,0.6632477634359653
111.4,128.243885,37.957022,3134.7945432,117.169,-20.206,59.308,0.6632477634359653
111.5,128.244031,37.957142,3129.3456336,118.304,-21.132,60.135,0.6632477634359653
111.6,128.244178,37.95726,3123.6595896000003,119.481,-22.079,60.945,0.6632477634359653
111.7,128.244328,37.957377,3117.7284864000003,120.649,-23.049,61.738,0.6632477634359653
111.8,128.24448,37.957491,3111.5456184000004,121.775,-24.04,62.516,0.6632477634359653
111.9,128.244633,37.957604,3105.1048896,122.867,-25.053,63.281,0.6632477634359653
112.0,128.244788,37.957716,3098.3968511999997,123.894,-26.083,64.034,0.6632477634359653
112.1,128.244946,37.957825,3091.4096160000004,124.778,-27.124,64.779,0.6632477634359653
112.2,128.245104,37.957932,3084.1297728,125.438,-28.173,65.525,0.6632477634359653
112.3,128.245265,37.958037,3076.5436056000003,125.811,-29.224,66.285,0.6632477634359653
112.4,128.245427,37.95814,3068.6352647999997,125.819,-30.269,67.071,0.6632477634359653
112.5,128.245591,37.958239,3060.3861576000004,125.313,-31.296,67.902,0.6632477634359653
112.6,128.245756,37.958336,3051.7792152,124.166,-32.294,68.799,0.6632477634359653
112.7,128.245923,37.95843,3042.8190096000003,122.596,-33.262,69.782,0.6632477634359653
112.8,128.246091,37.95852,3033.5155992,120.944,-34.189,70.86,0.6632477634359653
112.9,128.24626,37.958608,3023.865936,119.167,-35.059,72.032,0.6632477634359653
113.0,128.24643,37.958691,3013.8675816,117.098,-35.864,73.3,0.6632477634359653
113.1,128.246601,37.95877,3003.5226696,114.569,-36.584,74.683,0.6632477634359653
113.2,128.246773,37.958845,2992.8436968,111.55,-37.207,76.189,0.6632477634359653
113.3,128.246947,37.958916,2981.8574856,108.319,-37.765,77.796,0.6632477634359653
113.4,128.247121,37.958983,2970.5920776000003,105.436,-38.25,79.493,0.6632477634359653
113.5,128.247296,37.959046,2959.062408,103.022,-38.632,81.259,0.6632477634359653
113.6,128.247472,37.959104,2947.27122,100.266,-38.886,83.073,0.6632477634359653
113.7,128.247649,37.959157,2935.2349728000004,96.731,-39.026,84.94,0.6632477634359653
113.8,128.247827,37.959204,2922.9841464000006,92.68,-39.062,86.865,0.6632477634359653
113.9,128.248006,37.959247,2910.5492208,88.37,-38.973,88.829,0.6632477634359653
114.0,128.248186,37.959285,2897.9600664000004,84.013,-38.753,90.805,0.6632477634359653
114.1,128.248367,37.959318,2885.2404576000004,80.343,-38.429,92.707,0.6632477634359653
114.2,128.24855,37.959347,2872.4053296,78.093,-38.056,94.431,0.6632477634359653
114.3,128.248733,37.959372,2859.4623024,77.355,-37.658,96.092,0.6632477634359653
114.4,128.248918,37.959393,2846.4296640000002,76.87,-37.216,97.823,0.6632477634359653
114.5,128.249103,37.959409,2833.335456,75.437,-36.736,99.61,0.6632477634359653
114.6,128.249289,37.95942,2820.1973568000003,73.065,-36.228,101.404,0.6632477634359653
114.7,128.249477,37.959425,2807.0266440000005,70.304,-35.678,103.183,0.6632477634359653
114.8,128.249665,37.959426,2793.8324616,67.769,-35.086,104.897,0.6632477634359653
114.9,128.249854,37.959422,2780.6270016,65.742,-34.465,106.496,0.6632477634359653
115.0,128.250043,37.959414,2767.4312952,64.06,-33.817,108.001,0.6632477634359653
115.1,128.250234,37.959401,2754.2718600000003,62.309,-33.13,109.45,0.6632477634359653
115.2,128.250425,37.959383,2741.1788712000002,60.09,-32.386,110.873,0.6632477634359653
115.3,128.250617,37.959359,2728.1919528000003,56.781,-31.541,112.294,0.6632477634359653
115.4,128.250809,37.959329,2715.3982776000003,51.471,-30.568,113.693,0.6632477634359653
115.5,128.251002,37.959293,2702.8563672,44.738,-29.454,115.0,0.6632477634359653
115.6,128.251195,37.959252,2690.6134656,37.298,-28.135,116.122,0.6632477634359653
115.7,128.25139,37.959206,2678.6909088,30.052,-26.646,116.983,0.6632477634359653
115.8,128.251586,37.959156,2667.0762,24.06,-25.12,117.53,0.6632477634359653
115.9,128.251784,37.959102,2655.7608048,19.628,-23.652,117.792,0.6632477634359653
116.0,128.251983,37.959046,2644.8075120000003,15.852,-22.2,117.851,0.6632477634359653
116.1,128.252184,37.958986,2634.299532,11.672,-20.695,117.767,0.6632477634359653
116.2,128.252387,37.958924,2624.2804512,6.714,-19.128,117.554,0.6632477634359653
116.3,128.252593,37.95886,2614.7551464000003,1.145,-17.507,117.199,0.6632477634359653
116.4,128.2528,37.958795,2605.7117304000003,-4.683,-15.835,116.679,0.6632477634359653
116.5,128.25301,37.958728,2597.1422784000006,-10.511,-14.103,115.966,0.6632477634359653
116.6,128.253223,37.958661,2589.0403896000003,-16.174,-12.309,115.037,0.6632477634359653
116.7,128.253438,37.958594,2581.3953960000003,-21.526,-10.482,113.883,0.6632477634359653
116.8,128.253656,37.958528,2574.1874856,-26.33,-8.715,112.54,0.6632477634359653
116.9,128.253876,37.958463,2567.3873976,-30.284,-7.094,111.077,0.6632477634359653
117.0,128.254099,37.9584,2560.9719672,-33.227,-5.63,109.543,0.6632477634359653
117.1,128.254324,37.958338,2554.9244304000003,-34.844,-4.29,108.008,0.6632477634359653
117.2,128.254552,37.958277,2549.1713304000004,-34.242,-3.023,106.553,0.6632477634359653
117.3,128.254782,37.958218,2543.7151056000002,-31.679,-1.801,105.225,0.6632477634359653
117.4,128.255015,37.958161,2538.6542064,-28.685,-0.616,104.036,0.6632477634359653
117.5,128.255249,37.958106,2534.1023232000002,-26.879,0.556,102.961,0.6632477634359653
117.6,128.255486,37.958054,2530.1304744,-27.014,1.745,101.948,0.6632477634359653
117.7,128.255724,37.958004,2526.7462800000003,-28.893,2.958,100.938,0.6632477634359653
117.8,128.255964,37.957957,2523.8951807999997,-31.638,4.182,99.887,0.6632477634359653
117.9,128.256205,37.957913,2521.517436,-34.36,5.386,98.771,0.6632477634359653
118.0,128.256448,37.957872,2519.5639728,-36.416,6.548,97.598,0.6632477634359653
118.1,128.256691,37.957833,2518.0058352000005,-37.536,7.664,96.389,0.6632477634359653
118.2,128.256936,37.957797,2516.8378416000005,-37.821,8.74,95.175,0.6632477634359653
118.3,128.257181,37.957764,2516.0673072000004,-37.542,9.792,93.98,0.6632477634359653
118.4,128.257427,37.957734,2515.7045952,-36.975,10.837,92.818,0.6632477634359653
118.5,128.257674,37.957708,2515.7570208,-36.322,11.889,91.696,0.6632477634359653
118.6,128.25792,37.957684,2516.2294608,-35.71,12.953,90.611,0.6632477634359653
118.7,128.258167,37.957664,2517.12222,-35.181,14.032,89.56,0.6632477634359653
118.8,128.258414,37.957646,2518.4349936000003,-34.746,15.123,88.539,0.6632477634359653
118.9,128.258661,37.957632,2520.1683912000003,-34.423,16.224,87.541,0.6632477634359653
119.0,128.258907,37.95762,2522.3208888000004,-34.203,17.332,86.561,0.6632477634359653
119.1,128.259153,37.957612,2524.8894384,-34.06,18.444,85.595,0.6632477634359653
119.2,128.259398,37.957606,2527.8712968,-33.969,19.558,84.638,0.6632477634359653
119.3,128.259642,37.957603,2531.2640256000004,-33.914,20.672,83.688,0.6632477634359653
119.4,128.259885,37.957603,2535.064272,-33.88,21.785,82.743,0.6632477634359653
119.5,128.260127,37.957606,2539.2695976,-33.862,22.896,81.801,0.6632477634359653
119.6,128.260367,37.957611,2543.8967664,-34.617,23.976,80.812,0.6632477634359653
119.7,128.260606,37.95762,2549.0018616,-36.69,25.03,79.792,0.6632477634359653
119.8,128.260842,37.957632,2554.4870424,-37.415,26.129,78.774,0.6632477634359653
119.9,128.261078,37.957647,2560.3236576000004,-37.456,27.212,77.716,0.6632477634359653
120.0,128.261311,37.957664,2566.524204,-37.241,28.289,76.678,0.6632477634359653
120.1,128.261542,37.957684,2573.0929488000006,-36.939,29.37,75.663,0.6632477634359653
120.2,128.261771,37.957707,2580.0460464000003,-37.349,30.41,74.594,0.6632477634359653
120.3,128.261997,37.957733,2587.4569536,-40.071,31.362,73.401,0.6632477634359653
120.4,128.262219,37.957762,2595.2884848000003,-43.125,32.355,72.199,0.6632477634359653
120.5,128.262439,37.957795,2603.4309120000003,-44.112,33.411,70.987,0.6632477634359653
120.6,128.262656,37.957829,2611.8677760000005,-44.1,34.425,69.708,0.6632477634359653
120.7,128.26287,37.957867,2620.6219368,-43.807,35.404,68.429,0.6632477634359653
120.8,128.263081,37.957907,2629.6976616,-43.506,36.379,67.162,0.6632477634359653
120.9,128.26329,37.95795,2639.0912928000002,-43.254,37.363,65.907,0.6632477634359653
121.0,128.263495,37.957996,2648.7973440000005,-43.048,38.356,64.659,0.6632477634359653
121.1,128.263696,37.958044,2658.82374,-43.546,39.303,63.342,0.6632477634359653
121.2,128.263893,37.958095,2669.2299168000004,-46.304,40.141,61.881,0.6632477634359653
121.3,128.264084,37.958149,2680.0055112,-49.611,41.007,60.39,0.6632477634359653
121.4,128.264271,37.958206,2691.0569496,-50.386,41.962,58.877,0.6632477634359653
121.5,128.264455,37.958265,2702.3205288,-49.72,42.9,57.28,0.6632477634359653
121.6,128.264636,37.958326,2713.8117936000003,-48.523,43.821,55.71,0.6632477634359653
121.7,128.264813,37.958389,2725.5600048,-48.103,44.685,54.134,0.6632477634359653
121.8,128.264984,37.958454,2737.6200264,-50.153,45.462,52.48,0.6632477634359653
121.9,128.265149,37.958522,2749.9985640000004,-54.346,46.214,50.751,0.6632477634359653
122.0,128.265309,37.958593,2762.6428872,-58.728,46.972,48.908,0.6632477634359653
122.1,128.265463,37.958666,2775.4749672,-60.437,47.742,46.951,0.6632477634359653
122.2,128.265615,37.958741,2788.4573136,-60.788,48.441,44.887,0.6632477634359653
122.3,128.265762,37.958817,2801.5957176,-60.451,49.101,42.841,0.6632477634359653
122.4,128.265905,37.958896,2814.8953608,-59.837,49.758,40.855,0.6632477634359653
122.5,128.266044,37.958976,2828.367216,-59.713,50.408,38.904,0.6632477634359653
122.6,128.266176,37.959058,2842.04664,-61.392,51.009,36.935,0.6632477634359653
122.7,128.266302,37.959142,2855.9369856,-65.074,51.543,34.865,0.6632477634359653
122.8,128.266421,37.959228,2869.9986288,-69.398,52.039,32.651,0.6632477634359653
122.9,128.266535,37.959315,2884.1757912000003,-71.589,52.525,30.305,0.6632477634359653
123.0,128.266645,37.959404,2898.4322016,-71.124,52.983,27.883,0.6632477634359653
123.1,128.266753,37.959494,2912.7657264,-69.629,53.411,25.508,0.6632477634359653
123.2,128.266855,37.959585,2927.2095888000003,-69.755,53.796,23.248,0.6632477634359653
123.3,128.266951,37.959677,2941.7875632,-72.116,54.142,21.033,0.6632477634359653
123.4,128.267039,37.959771,2956.4895912,-76.358,54.427,18.736,0.6632477634359653
123.5,128.267121,37.959866,2971.2797064,-81.257,54.632,16.289,0.6632477634359653
123.6,128.267198,37.959961,2986.1182848000003,-84.303,54.784,13.704,0.6632477634359653
123.7,128.267271,37.960058,3000.9873432,-84.299,54.902,11.061,0.6632477634359653
123.8,128.267341,37.960156,3015.8838336,-82.617,54.995,8.483,0.6632477634359653
123.9,128.267407,37.960254,3030.8202528,-82.195,55.063,6.076,0.6632477634359653
124.0,128.267467,37.960353,3045.8072688,-83.972,55.121,3.798,0.6632477634359653
124.1,128.26752,37.960452,3060.838176,-87.539,55.14,1.531,0.6632477634359653
124.2,128.267567,37.960552,3075.8885904,-91.704,55.089,359.175,0.6632477634359653
124.3,128.267609,37.960653,3090.9393096000003,-95.062,54.953,356.73,0.6632477634359653
124.4,128.267646,37.960754,3105.9802752,-97.146,54.727,354.278,0.6632477634359653
124.5,128.267679,37.960855,3121.0017336,-98.401,54.431,351.893,0.6632477634359653
124.6,128.267706,37.960957,3135.9930168000005,-99.413,54.095,349.58,0.6632477634359653
124.7,128.267727,37.961059,3150.9443712,-100.674,53.73,347.316,0.6632477634359653
124.8,128.267743,37.961161,3165.8457384000003,-102.331,53.337,345.074,0.6632477634359653
124.9,128.267753,37.961264,3180.6888888000003,-104.288,52.905,342.844,0.6632477634359653
125.0,128.267757,37.961367,3195.465288,-106.334,52.426,340.633,0.6632477634359653
125.1,128.267756,37.961469,3210.167316,-108.259,51.898,338.458,0.6632477634359653
125.2,128.26775,37.961572,3224.7882672,-109.915,51.324,336.332,0.6632477634359653
125.3,128.267739,37.961675,3239.3208264,-111.236,50.715,334.262,0.6632477634359653
125.4,128.267723,37.961778,3253.7573736000004,-112.267,50.081,332.254,0.6632477634359653
125.5,128.267702,37.96188,3268.0902888,-113.127,49.43,330.302,0.6632477634359653
125.6,128.267676,37.961982,3282.3110376,-113.938,48.766,328.4,0.6632477634359653
125.7,128.267645,37.962084,3296.4132192000006,-114.78,48.091,326.54,0.6632477634359653
125.8,128.267609,37.962186,3310.3901280000005,-115.675,47.403,324.717,0.6632477634359653
125.9,128.267568,37.962287,3324.2378016,-116.577,46.701,322.928,0.6632477634359653
126.0,128.267522,37.962387,3337.9519728,-117.417,45.984,321.175,0.6632477634359653
126.1,128.267472,37.962487,3351.5280696,-118.153,45.253,319.46,0.6632477634359653
126.2,128.267417,37.962586,3364.96152,-118.786,44.511,317.782,0.6632477634359653
126.3,128.267357,37.962685,3378.2465328000003,-119.336,43.761,316.142,0.6632477634359653
126.4,128.267292,37.962782,3391.3788408,-119.82,43.004,314.535,0.6632477634359653
126.5,128.267224,37.962879,3404.353872,-120.259,42.242,312.959,0.6632477634359653
126.6,128.26715,37.962975,3417.16614,-120.679,41.476,311.412,0.6632477634359653
126.7,128.267072,37.96307,3429.8107680000003,-121.109,40.703,309.893,0.6632477634359653
126.8,128.26699,37.963163,3442.2807456,-121.599,39.921,308.401,0.6632477634359653
126.9,128.266904,37.963256,3454.5724152,-122.142,39.128,306.934,0.6632477634359653
127.0,128.266813,37.963347,3466.6812048,-122.707,38.321,305.491,0.6632477634359653
127.1,128.266718,37.963437,3478.6025424,-123.271,37.501,304.074,0.6632477634359653
127.2,128.266618,37.963525,3490.3309416,-123.831,36.666,302.683,0.6632477634359653
127.3,128.266515,37.963612,3501.8600016,-124.405,35.815,301.319,0.6632477634359653
127.4,128.266408,37.963698,3513.1821024,-125.019,34.945,299.981,0.6632477634359653
127.5,128.266296,37.963782,3524.2902336,-125.697,34.056,298.67,0.6632477634359653
127.6,128.266181,37.963864,3535.1752512,-126.463,33.144,297.386,0.6632477634359653
127.7,128.266061,37.963944,3545.8267920000003,-127.367,32.203,296.13,0.6632477634359653
127.8,128.265938,37.964023,3556.2329688000004,-128.457,31.229,294.904,0.6632477634359653
127.9,128.26581,37.964099,3566.3852472,-129.711,30.215,293.709,0.6632477634359653
128.0,128.265679,37.964174,3576.277836,-131.029,29.159,292.546,0.6632477634359653
128.1,128.265545,37.964247,3585.9067728,-132.307,28.061,291.417,0.6631301312775145
128.2,128.265406,37.964319,3595.2687048000003,-133.438,26.925,290.323,0.6629126943696856
128.3,128.265265,37.964388,3604.3599744,-134.349,25.76,289.264,0.6629126943696856
128.4,128.26512,37.964456,3613.1726568000004,-135.047,24.571,288.239,0.6629126943696856
128.5,128.264972,37.964522,3621.700656,-135.565,23.368,287.243,0.6629126943696856
128.6,128.264821,37.964586,3629.9415336,-135.897,22.155,286.268,0.6629126943696856
128.7,128.264667,37.964649,3637.8986424,-135.97,20.943,285.307,0.6629126943696856
128.8,128.26451,37.964709,3645.5808216,-135.661,19.741,284.352,0.6629126943696856
128.9,128.264351,37.964769,3653.0002632,-134.836,18.565,283.392,0.6629126943696856
129.0,128.264189,37.964826,3660.1682448,-133.415,17.43,282.424,0.6629126943696856
129.1,128.264025,37.964883,3667.0899480000003,-131.442,16.343,281.454,0.6629126943696856
129.2,128.263859,37.964937,3673.7537904,-129.216,15.301,280.49,0.6629126943696856
129.3,128.26369,37.964989,3680.135388,-127.443,14.304,279.526,0.6629126943696856
129.4,128.263518,37.965038,3686.196336,-126.777,13.335,278.553,0.6629126943696856
129.5,128.263345,37.965085,3691.940292,-127.048,12.371,277.553,0.6629126943696856
129.6,128.263169,37.965129,3697.3876776,-127.761,11.393,276.527,0.6629126943696856
129.7,128.262991,37.965171,3702.5631816,-128.302,10.398,275.487,0.6629126943696856
129.8,128.262812,37.965211,3707.4917976,-128.204,9.398,274.444,0.6629126943696856
129.9,128.262632,37.965249,3712.1765736,-127.404,8.412,273.413,0.6629126943696856
130.0,128.26245,37.965285,3716.6007456,-126.213,7.456,272.399,0.6629126943696856
130.1,128.262267,37.965319,3720.7445016,-125.076,6.534,271.398,0.6629126943696856
130.2,128.262083,37.96535,3724.5910776,-124.358,5.639,270.397,0.6629126943696856
130.3,128.261897,37.965379,3728.1285864,-124.264,4.754,269.39,0.6512801997462624
130.4,128.26171,37.965404,3731.3518464000003,-124.799,3.858,268.374,0.5920617142860919
130.5,128.261523,37.965426,3734.2626864000003,-125.775,2.933,267.353,0.520980411705636
130.6,128.261335,37.965446,3736.8614112,-126.978,1.967,266.334,0.5036302280574266
130.7,128.261146,37.965463,3739.1519832,-128.179,0.954,265.327,0.5036302280574266
130.8,128.260957,37.965477,3741.1447656,-129.074,-0.1,264.333,0.5036302280574266
130.9,128.260768,37.965489,3742.840368,-129.573,-1.185,263.359,0.5036302280574266
131.0,128.260579,37.965499,3744.2448864000003,-129.544,-2.282,262.4,0.5036302280574266
131.1,128.260389,37.965507,3745.373256,-128.817,-3.37,261.444,0.5036302280574266
131.2,128.2602,37.965512,3746.2026168,-127.953,-4.441,260.502,0.5036302280574266
131.3,128.260012,37.965515,3746.7101088,-127.054,-5.478,259.557,0.5036302280574266
131.4,128.259823,37.965516,3746.9359656,-125.384,-6.459,258.569,0.5036302280574266
131.5,128.259635,37.965514,3746.8838448,-123.377,-7.381,257.55,0.5036302280574266
131.6,128.259446,37.96551,3746.5961136,-120.952,-8.242,256.488,0.5036302280574266
131.7,128.259258,37.965504,3746.0352816,-120.006,-9.076,255.439,0.5036302280574266
131.8,128.259071,37.965495,3745.1495328000005,-120.616,-9.888,254.402,0.5036302280574266
131.9,128.258885,37.965482,3743.9181408,-122.482,-10.725,253.364,0.5036302280574266
132.0,128.2587,37.965465,3742.335924,-125.263,-11.636,252.322,0.5036302280574266
132.1,128.258517,37.965445,3740.3931288,-128.647,-12.658,251.293,0.5036302280574266
132.2,128.258334,37.965423,3738.0778680000003,-132.378,-13.812,250.301,0.5036302280574266
132.3,128.258153,37.965397,3735.3761208,-136.272,-15.105,249.368,0.5036302280574266
132.4,128.257973,37.965369,3732.2869728,-139.884,-16.53,248.502,0.5036302280574266
132.5,128.257794,37.965339,3728.8594967999998,-142.438,-18.062,247.696,0.5036302280574266
132.6,128.257616,37.965307,3725.0946072,-144.07,-19.669,246.963,0.5036302280574266
132.7,128.257439,37.965274,3720.9676152,-145.079,-21.313,246.299,0.5036302280574266
132.8,128.257264,37.965239,3716.450784,-145.855,-22.972,245.686,0.5036302280574266
132.9,128.25709,37.965202,3711.5243016,-146.703,-24.635,245.104,0.5036302280574266
133.0,128.256919,37.965164,3706.1768904,-147.797,-26.304,244.542,0.5036302280574266
133.1,128.256749,37.965124,3700.4039784000006,-149.203,-27.985,243.993,0.5036302280574266
133.2,128.256582,37.965082,3694.2046511999997,-150.899,-29.685,243.463,0.5036302280574266
133.3,128.256417,37.96504,3687.5801280000005,-152.83,-31.411,242.959,0.5036302280574266
133.4,128.256254,37.964996,3680.5322376,-154.927,-33.166,242.495,0.5036302280574266
133.5,128.256093,37.964951,3673.0628088000003,-157.124,-34.949,242.085,0.5036302280574266
133.6,128.255935,37.964906,3665.1754992,-159.357,-36.754,241.741,0.5036302280574266
133.7,128.25578,37.96486,3656.8724424,-161.577,-38.575,241.471,0.5036302280574266
133.8,128.255627,37.964814,3648.1572960000003,-163.756,-40.406,241.283,0.5036302280574266
133.9,128.255476,37.964768,3639.0334128,-165.873,-42.239,241.18,0.5036302280574266
134.0,128.255329,37.964722,3629.5053648,-167.909,-44.065,241.164,0.5036302280574266
134.1,128.255183,37.964675,3619.5786384000003,-169.847,-45.88,241.234,0.5036302280574266
134.2,128.255041,37.964629,3609.2608536,-171.661,-47.676,241.387,0.5036302280574266
134.3,128.254901,37.964584,3598.5599352000004,-173.313,-49.448,241.617,0.5036302280574266
134.4,128.254763,37.964539,3587.4859416000004,-174.754,-51.195,241.914,0.5036302280574266
134.5,128.254628,37.964494,3576.0474072,-175.943,-52.914,242.267,0.5036302280574266
134.6,128.254496,37.96445,3564.2516472,-176.869,-54.603,242.661,0.5036302280574266
134.7,128.254366,37.964407,3552.1035384,-177.572,-56.259,243.083,0.5036302280574266
134.8,128.254239,37.964365,3539.6085672,-178.096,-57.883,243.518,0.5036302280574266
134.9,128.254115,37.964324,3526.7722200000003,-178.477,-59.477,243.952,0.5036302280574266
135.0,128.253993,37.964283,3513.6012024,-178.745,-61.044,244.374,0.5036302280574266
135.1,128.253875,37.964244,3500.1019152,-178.928,-62.586,244.775,0.5036302280574266
135.2,128.25376,37.964205,3486.2801496,-179.056,-64.106,245.151,0.5036302280574266
135.3,128.253647,37.964168,3472.1432208,-179.15,-65.605,245.497,0.5036302280574266
135.4,128.253538,37.964131,3457.6981392000002,-179.226,-67.087,245.814,0.5036302280574266
135.5,128.253432,37.964096,3442.9528296000003,-179.301,-68.554,246.103,0.5036302280574266
135.6,128.253329,37.964062,3427.9143024,-179.383,-70.005,246.367,0.5036302280574266
135.7,128.25323,37.964028,3412.5910920000006,-179.471,-71.444,246.608,0.5036302280574266
135.8,128.253134,37.963996,3396.9911232000004,-179.553,-72.871,246.831,0.5036302280574266
135.9,128.253041,37.963965,3381.1226256000004,-179.619,-74.286,247.037,0.5036302280574266
136.0,128.252952,37.963936,3364.9865136000003,179.684,-75.688,247.352,0.5036302280574266
136.1,128.252869,37.963908,3348.5599272,176.878,-77.071,248.053,0.5036302280574266
136.2,128.25279,37.963882,3331.8462192000006,173.305,-78.464,249.059,0.5036302280574266
136.3,128.252716,37.963857,3314.8834896000003,171.148,-79.903,250.36,0.5036302280574266
136.4,128.252645,37.963834,3297.6927696,168.846,-81.358,252.475,0.5036302280574266
136.5,128.252578,37.963813,3280.2801552000005,165.775,-82.782,255.593,0.5036302280574266
136.6,128.252515,37.963793,3262.6535712000004,161.184,-84.154,260.184,0.5036302280574266
136.7,128.252456,37.963776,3244.8218568,153.73,-85.453,267.409,0.5036302280574266
136.8,128.252402,37.96376,3226.7962896000004,140.243,-86.607,280.11,0.5036302280574266
136.9,128.252353,37.963746,3208.5887568000003,114.777,-87.398,303.639,0.5036302280574266
137.0,128.252309,37.963736,3190.2141936000003,78.563,-87.403,336.517,0.5036302280574266
137.1,128.252272,37.963728,3171.6780864,50.291,-86.544,0.746,0.5036302280574266
137.2,128.252238,37.963722,3152.9749488,34.686,-85.241,13.268,0.5036302280574266
137.3,128.252207,37.963719,3134.1038664000002,27.061,-83.774,19.938,0.5036302280574266
137.4,128.25218,37.963718,3115.0739832,23.891,-82.257,23.516,0.5036302280574266
137.5,128.252156,37.96372,3095.9008440000002,22.976,-80.752,25.542,0.5036302280574266
137.6,128.252135,37.963723,3076.599384,22.838,-79.278,26.938,0.5036302280574266
137.7,128.252119,37.96373,3057.1827096,22.581,-77.842,28.224,0.5036302280574266
137.8,128.252107,37.963739,3037.6633176,21.747,-76.449,29.655,0.5036302280574266
137.9,128.252098,37.963751,3018.0534000000002,20.195,-75.105,31.323,0.5036302280574266
138.0,128.252094,37.963766,2998.3660632,17.982,-73.804,33.205,0.5036302280574266
138.1,128.252093,37.963783,2978.6171568,15.294,-72.531,35.211,0.5036302280574266
138.2,128.252097,37.963803,2958.82314,12.412,-71.261,37.211,0.5036302280574266
138.3,128.252105,37.963826,2939.0016912,9.666,-69.975,39.057,0.5036302280574266
138.4,128.252118,37.963852,2919.1707936000003,7.433,-68.655,40.551,0.5036302280574266
138.5,128.252135,37.963881,2899.3496496000002,5.994,-67.293,41.514,0.5036302280574266
138.6,128.252157,37.963913,2879.5583760000004,5.268,-65.895,41.953,0.5036302280574266
138.7,128.252183,37.963948,2859.8131272,4.813,-64.471,42.124,0.5036302280574266
138.8,128.252214,37.963986,2840.1267048000004,4.341,-63.03,42.236,0.5036302280574266
138.9,128.252249,37.964028,2820.5103864000002,3.865,-61.577,42.329,0.5036302280574266
139.0,128.252289,37.964073,2800.976364,3.437,-60.118,42.406,0.5036302280574266
139.1,128.252333,37.96412,2781.537744,3.083,-58.656,42.468,0.5036302280574266
139.2,128.252381,37.964171,2762.2082424,2.806,-57.194,42.52,0.5036302280574266
139.3,128.252433,37.964225,2743.0015752000004,2.599,-55.733,42.566,0.5036302280574266
139.4,128.25249,37.964282,2723.9311536,2.458,-54.275,42.61,0.5036302280574266
139.5,128.25255,37.964342,2705.0106936,2.378,-52.82,42.658,0.5036302280574266
139.6,128.252615,37.964405,2686.2529968,2.355,-51.369,42.711,0.5036302280574266
139.7,128.252683,37.964471,2667.6714744,2.381,-49.922,42.772,0.5036302280574266
139.8,128.252756,37.96454,2649.2795376,2.445,-48.479,42.843,0.5036302280574266
139.9,128.252832,37.964612,2631.089988,2.542,-47.041,42.925,0.5036302280574266
140.0,128.252913,37.964687,2613.1345248000002,2.3,-45.608,42.983,0.5036302280574266
140.1,128.252998,37.964765,2595.4887384,0.893,-44.18,42.974,0.5036302280574266
140.2,128.253087,37.964846,2578.1562864,-0.983,-42.724,42.933,0.5036302280574266
140.3,128.253179,37.964931,2561.0481672,-1.672,-41.225,42.885,0.5036302280574266
140.4,128.253275,37.965018,2544.1643808,-1.269,-39.732,42.808,0.5036302280574266
140.5,128.253374,37.965107,2527.5594864,-0.549,-38.274,42.728,0.5036302280574266
140.6,128.253476,37.9652,2511.2935296,-0.66,-36.838,42.62,0.5036302280574266
140.7,128.253583,37.965296,2495.4521592,-2.511,-35.406,42.461,0.5036302280574266
140.8,128.253693,37.965395,2480.0024568000003,-4.572,-33.934,42.293,0.5036302280574266
140.9,128.253805,37.965497,2464.8310368,-4.943,-32.42,42.127,0.5036302280574266
141.0,128.25392,37.965601,2449.9190016000002,-3.699,-30.917,41.959,0.5036302280574266
141.1,128.254038,37.965708,2435.3462088,-2.471,-29.468,41.784,0.5036302280574266
141.2,128.254158,37.965818,2421.2568288,-3.141,-28.059,41.582,0.5036302280574266
141.3,128.254282,37.965931,2407.685304,-5.435,-26.631,41.36,0.5036302280574266
141.4,128.254408,37.966046,2394.5365368000002,-7.328,-25.145,41.128,0.5036302280574266
141.5,128.254537,37.966165,2381.6986656,-7.186,-23.628,40.896,0.5036302280574266
141.6,128.254666,37.966285,2369.1735192,-5.437,-22.139,40.671,0.5036302280574266
141.7,128.254798,37.966408,2357.082408,-4.292,-20.714,40.439,0.5036302280574266
141.8,128.254933,37.966533,2345.5682832,-5.391,-19.317,40.191,0.5036302280574266
141.9,128.255069,37.966662,2334.6360216000003,-7.902,-17.887,39.931,0.5036302280574266
142.0,128.255207,37.966792,2324.1505968,-9.359,-16.393,39.671,0.5036302280574266
142.1,128.255346,37.966925,2313.9836880000003,-8.285,-14.875,39.419,0.5036302280574266
142.2,128.255487,37.96706,2304.1737000000003,-5.897,-13.404,39.185,0.5036302280574266
142.3,128.255629,37.967196,2294.8632792,-4.596,-12.0,38.964,0.5036302280574266
142.4,128.255772,37.967336,2286.2023872,-5.912,-10.617,38.736,0.5036302280574266
142.5,128.255917,37.967477,2278.2208944000004,-8.767,-9.195,38.49,0.5036302280574266
142.6,128.256062,37.967621,2270.7590856,-10.08,-7.691,38.25,0.5036302280574266
142.7,128.256209,37.967766,2263.6666944000003,-8.776,-6.152,38.0,0.5036302280574266
142.8,128.256356,37.967913,2256.9842592,-6.689,-4.661,37.746,0.5036302280574266
142.9,128.256503,37.968061,2250.8745432,-6.177,-3.237,37.491,0.5036302280574266
143.0,128.256651,37.968211,2245.4454456000003,-7.987,-1.825,37.228,0.5036302280574266
143.1,128.2568,37.968363,2240.5750464000002,-9.588,-0.354,36.991,0.5036302280574266
143.2,128.256948,37.968516,2236.1161272,-9.124,1.153,36.756,0.5036302280574266
143.3,128.257097,37.96867,2232.0973392,-7.527,2.626,36.517,0.5036302280574266
143.4,128.257246,37.968826,2228.6268864000003,-6.574,4.046,36.277,0.5036302280574266
143.5,128.257395,37.968982,2225.7824928,-7.175,5.452,36.047,0.5036302280574266
143.6,128.257544,37.96914,2223.4937496000002,-7.874,6.893,35.848,0.5036302280574266
143.7,128.257693,37.969298,2221.6707408,-7.477,8.356,35.662,0.5036302280574266
143.8,128.257841,37.969457,2220.3576624,-6.674,9.793,35.467,0.5036302280574266
143.9,128.257989,37.969617,2219.6173032,-6.343,11.204,35.269,0.5036302280574266
144.0,128.258136,37.969777,2219.4240600000003,-6.183,12.621,35.059,0.5036302280574266
144.1,128.258283,37.969937,2219.7431856000003,-5.746,14.043,34.834,0.5036302280574266
144.2,128.25843,37.970098,2220.5576112,-4.92,15.46,34.628,0.4878204082984009
144.3,128.258576,37.970259,2221.8539256,-3.685,16.868,34.465,0.4652750087378916
144.4,128.258721,37.970419,2223.6086592,-1.912,18.265,34.364,0.4118874072603766
144.5,128.258866,37.97058,2225.7995616000003,0.451,19.645,34.346,0.379742462691608
144.6,128.25901,37.97074,2228.4555888,1.958,20.999,34.333,0.37292043947158815
144.7,128.259154,37.970899,2231.7199968,-0.237,22.324,34.242,0.37292043947158815
144.8,128.259296,37.971057,2235.665328,-4.212,23.655,34.135,0.37292043947158815
144.9,128.259437,37.971214,2240.1355248,-6.403,25.048,34.011,0.37292043947158815
145.0,128.259577,37.971371,2244.9848928,-5.397,26.472,33.868,0.37292043947158815
145.1,128.259715,37.971527,2250.2487888,-3.23,27.852,33.705,0.37292043947158815
145.2,128.259852,37.971681,2256.0055464,-1.454,29.186,33.592,0.37292043947158815
145.3,128.259988,37.971835,2262.2655288,-0.443,30.519,33.548,0.37292043947158815
145.4,128.260123,37.971987,2268.9897216,0.222,31.867,33.574,0.37292043947158815
145.5,128.260256,37.972138,2276.1445968000003,1.011,33.22,33.647,0.37292043947158815
145.6,128.260387,37.972287,2283.784104,0.476,34.553,33.661,0.37292043947158815
145.7,128.260517,37.972434,2292.0109608,-3.168,35.877,33.526,0.37292043947158815
145.8,128.260643,37.972578,2300.8766784,-9.14,37.213,33.214,0.37292043947158815
145.9,128.260766,37.972719,2310.3419376,-16.574,38.572,32.613,0.37292043947158815
146.0,128.260884,37.972858,2320.3570560000003,-24.791,39.907,31.634,0.37292043947158815
146.1,128.260997,37.972996,2330.8607688,-33.275,41.157,30.233,0.37292043947158815
146.2,128.261105,37.973132,2341.7747424000004,-41.361,42.279,28.424,0.37292043947158815
146.3,128.261208,37.973269,2353.0075368000003,-47.989,43.256,26.268,0.37292043947158815
146.4,128.261306,37.973405,2364.4802088,-52.331,44.07,23.882,0.37292043947158815
146.5,128.261401,37.973541,2376.153744,-54.133,44.746,21.439,0.37292043947158815
146.6,128.261492,37.973677,2387.9973576,-53.049,45.383,19.093,0.37292043947158815
146.7,128.26158,37.973813,2400.0119640000003,-49.653,46.048,16.94,0.37292043947158815
146.8,128.261663,37.973949,2412.242064,-46.417,46.737,14.991,0.37292043947158815
146.9,128.261741,37.974084,2424.7553232,-46.181,47.446,13.168,0.37292043947158815
147.0,128.261811,37.974217,2437.593804,-48.678,48.187,11.376,0.37292043947158815
147.1,128.261876,37.974349,2450.7142248,-52.988,48.929,9.462,0.37292043947158815
147.2,128.261934,37.974479,2464.0723896,-58.277,49.596,7.357,0.37292043947158815
147.3,128.261985,37.974607,2477.632332,-64.129,50.119,5.05,0.37292043947158815
147.4,128.26203,37.974735,2491.357476,-70.342,50.457,2.562,0.37292043947158815
147.5,128.262068,37.974862,2505.2075879999998,-76.816,50.581,359.93,0.37292043947158815
147.6,128.262098,37.974987,2519.1396912,-83.521,50.475,357.197,0.37292043947158815
147.7,128.262122,37.975113,2533.1077608,-90.401,50.128,354.4,0.37292043947158815
147.8,128.262139,37.975238,2547.0651624,-97.339,49.533,351.602,0.37292043947158815
147.9,128.262148,37.975363,2560.9689192000005,-103.373,48.764,348.848,0.37292043947158815
148.0,128.262153,37.975488,2574.8111064,-106.811,47.91,346.168,0.37292043947158815
148.1,128.262152,37.975614,2588.584104,-108.411,46.968,343.675,0.37292043947158815
148.2,128.262146,37.97574,2602.2656616000004,-109.124,46.019,341.397,0.37292043947158815
148.3,128.262135,37.975866,2615.8390152,-109.761,45.08,339.285,0.37292043947158815
148.4,128.262116,37.975991,2629.2639312,-111.523,44.106,337.312,0.37292043947158815
148.5,128.26209,37.976117,2642.5160256000004,-114.392,43.084,335.403,0.37292043947158815
148.6,128.262057,37.976242,2655.5709144,-118.198,41.989,333.526,0.37292043947158815
148.7,128.262017,37.976367,2668.4072616000003,-122.533,40.774,331.712,0.37292043947158815
148.8,128.261971,37.976492,2681.0171424,-126.643,39.423,330.001,0.37292043947158815
148.9,128.261921,37.976617,2693.4014712000003,-129.162,38.014,328.372,0.37292043947158815
149.0,128.261866,37.976743,2705.6071872,-128.139,36.668,326.763,0.37292043947158815
149.1,128.261808,37.976869,2717.6809248,-125.345,35.393,325.258,0.37292043947158815
149.2,128.261745,37.976994,2729.5598952,-124.267,34.209,323.915,0.37292043947158815
149.3,128.261677,37.97712,2741.1675936,-124.895,33.136,322.657,0.37292043947158815
149.4,128.261603,37.977244,2752.4784168000006,-126.559,32.088,321.397,0.37292043947158815
149.5,128.261523,37.977368,2763.4993752,-128.636,30.995,320.119,0.37292043947158815
149.6,128.261437,37.977491,2774.2258968,-130.768,29.828,318.855,0.37292043947158815
149.7,128.261347,37.977614,2784.6415224,-132.871,28.584,317.63,0.37292043947158815
149.8,128.261251,37.977736,2794.7179056000004,-135.089,27.268,316.466,0.37292043947158815
149.9,128.26115,37.977857,2804.425176,-137.597,25.879,315.372,0.37292043947158815
150.0,128.261044,37.977978,2813.7447408000003,-140.35,24.407,314.346,0.37292043947158815
150.1,128.260933,37.978097,2822.6805624000003,-142.187,22.938,313.388,0.37292043947158815
150.2,128.260819,37.978217,2831.3158512,-140.794,21.576,312.455,0.37292043947158815
150.3,128.260702,37.978337,2839.7182728000002,-137.871,20.199,311.5,0.37292043947158815
150.4,128.260581,37.978455,2847.8030928,-136.719,18.807,310.547,0.37292043947158815
150.5,128.260455,37.978573,2855.4636312,-137.336,17.469,309.588,0.37292043947158815
150.6,128.260324,37.978689,2862.6550824,-139.375,16.126,308.637,0.37292043947158815
150.7,128.260189,37.978804,2869.3899432000003,-142.25,14.716,307.706,0.37292043947158815
150.8,128.260049,37.978917,2875.6749192,-145.401,13.206,306.822,0.37292043947158815
150.9,128.259906,37.979029,2881.519764,-147.575,11.696,306.016,0.37292043947158815
151.0,128.259761,37.979141,2887.0210991999998,-146.493,10.347,305.287,0.37292043947158815
151.1,128.259612,37.979252,2892.288348,-142.692,9.114,304.58,0.37292043947158815
151.2,128.259462,37.979364,2897.3227296,-138.201,7.926,303.82,0.37292043947158815
151.3,128.259309,37.979474,2902.0132968,-136.075,6.665,302.925,0.37292043947158815
151.4,128.259152,37.979582,2906.254284,-136.192,5.444,301.963,0.37292043947158815
151.5,128.258991,37.979688,2909.9856456,-138.094,4.218,300.983,0.37292043947158815
151.6,128.258826,37.979791,2913.2095152,-141.217,2.914,300.021,0.37292043947158815
151.7,128.258659,37.979892,2915.9414376,-144.838,1.49,299.104,0.37292043947158815
151.8,128.258488,37.979991,2918.1774504000005,-148.519,-0.061,298.27,0.37292043947158815
151.9,128.258315,37.980089,2919.9184680000003,-151.936,-1.727,297.536,0.37292043947158815
152.0,128.25814,37.980185,2921.1952752,-153.856,-3.459,296.859,0.37292043947158815
152.1,128.257963,37.98028,2922.1020552000004,-152.382,-5.183,296.168,0.37292043947158815
152.2,128.257785,37.980374,2922.7122648,-149.024,-6.836,295.482,0.37292043947158815
152.3,128.257605,37.980468,2922.9192239999998,-146.825,-8.376,294.815,0.37292043947158815
152.4,128.257423,37.980559,2922.5979647999998,-146.472,-9.817,294.136,0.37292043947158815
152.5,128.257239,37.980647,2921.6747256000003,-147.713,-11.238,293.443,0.37292043947158815
152.6,128.257053,37.980733,2920.1492016,-150.207,-12.716,292.754,0.37292043947158815
152.7,128.256866,37.980816,2918.030232,-153.557,-14.298,292.096,0.37292043947158815
152.8,128.256679,37.980897,2915.3437248,-156.999,-15.995,291.489,0.37292043947158815
152.9,128.256491,37.980976,2912.1768528000002,-158.772,-17.773,290.91,0.37292043947158815
153.0,128.256302,37.981054,2908.633248,-157.616,-19.559,290.336,0.37292043947158815
153.1,128.256112,37.981132,2904.7080336,-155.097,-21.273,289.778,0.37292043947158815
153.2,128.255922,37.981207,2900.2744128,-153.387,-22.885,289.221,0.37292043947158815
153.3,128.255733,37.98128,2895.22662,-153.438,-24.433,288.644,0.37292043947158815
153.4,128.255544,37.981349,2889.551244,-155.017,-25.996,288.044,0.37292043947158815
153.5,128.255355,37.981417,2883.2592576,-157.79,-27.639,287.456,0.37292043947158815
153.6,128.255167,37.981481,2876.3866272,-160.771,-29.38,286.899,0.37292043947158815
153.7,128.25498,37.981545,2869.041252,-162.189,-31.193,286.364,0.37292043947158815
153.8,128.254793,37.981606,2861.2892736000003,-161.733,-33.007,285.861,0.37292043947158815
153.9,128.254608,37.981667,2853.0825336,-160.383,-34.75,285.383,0.37292043947158815
154.0,128.254423,37.981725,2844.361596,-159.188,-36.42,284.887,0.37292043947158815
154.1,128.254241,37.981781,2835.0892752,-158.8,-38.049,284.352,0.37292043947158815
154.2,128.25406,37.981835,2825.2622184,-159.289,-39.674,283.778,0.37292043947158815
154.3,128.253881,37.981887,2814.9112104,-160.182,-41.323,283.174,0.37292043947158815
154.4,128.253705,37.981936,2804.070084,-160.915,-42.996,282.559,0.37292043947158815
154.5,128.25353,37.981984,2792.7562128,-161.203,-44.674,281.948,0.37292043947158815
154.6,128.253357,37.98203,2780.96472,-161.179,-46.342,281.341,0.37292043947158815
154.7,128.253187,37.982074,2768.6803656,-161.233,-47.999,280.732,0.37292043947158815
154.8,128.25302,37.982115,2755.8933960000004,-161.674,-49.657,280.118,0.37292043947158815
154.9,128.252857,37.982155,2742.6144792,-162.467,-51.329,279.498,0.37292043947158815
155.0,128.252696,37.982192,2728.8634272,-163.343,-53.023,278.878,0.37292043947158815
155.1,128.252539,37.982228,2714.6621856,-163.975,-54.732,278.261,0.37292043947158815
155.2,128.252386,37.982261,2700.0214224,-164.252,-56.439,277.65,0.37292043947158815
155.3,128.252236,37.982293,2684.935956,-164.452,-58.14,277.05,0.37292043947158815
155.4,128.25209,37.982323,2669.3963375999997,-165.07,-59.839,276.472,0.37292043947158815
155.5,128.25195,37.982351,2653.4019576000005,-166.407,-61.556,275.935,0.37292043947158815
155.6,128.251814,37.982377,2636.9647032000003,-168.476,-63.298,275.482,0.37292043947158815
155.7,128.251684,37.982402,2620.1037768,-171.084,-64.983,275.209,0.37292043947158815
155.8,128.251559,37.982425,2602.8389904,-174.058,-66.533,275.212,0.37292043947158815
155.9,128.251439,37.982447,2585.1834504000003,-177.369,-67.943,275.528,0.37292043947158815
156.0,128.251324,37.982468,2567.1557496,178.846,-69.012,276.169,0.37292043947158815
156.1,128.251214,37.982488,2548.7900256000003,174.898,-69.43,276.973,0.37292043947158815
156.2,128.251109,37.982508,2530.1106624000004,170.689,-69.679,277.928,0.37292043947158815
156.3,128.251008,37.982528,2511.11004,164.799,-69.871,279.123,0.37292043947158815
156.4,128.250913,37.982548,2491.8122376,157.451,-69.977,280.391,0.37292043947158815
156.5,128.250821,37.982569,2472.2523072000004,148.751,-70.091,281.82,0.37292043947158815
156.6,128.250734,37.982591,2452.4616432000003,138.635,-70.343,283.661,0.37292043947158815
156.7,128.25065,37.982614,2432.4679824,127.376,-70.602,285.82,0.37292043947158815
156.8,128.250569,37.982638,2412.296928,115.324,-70.757,288.078,0.37292043947158815
156.9,128.250491,37.982665,2391.9756072,102.721,-70.774,290.261,0.37292043947158815
157.0,128.250415,37.982694,2371.5311472,89.504,-70.673,292.509,0.37292043947158815
157.1,128.25034,37.982725,2350.99098,75.376,-70.418,295.254,0.37292043947158815
157.2,128.250266,37.982759,2330.3846712,60.218,-69.845,298.799,0.37292043947158815
157.3,128.250192,37.982796,2309.7466632,44.302,-68.633,303.113,0.37292043947158815
157.4,128.250117,37.982837,2289.1290768,28.083,-66.174,307.979,0.37292043947158815
157.5,128.25004,37.982882,2268.582204,14.24,-63.285,310.788,0.37292043947158815
157.6,128.249961,37.982931,2248.1371344000004,4.271,-60.478,311.936,0.37292043947158815
